W,L,VG,VD,ID,gds
5,5,0.0,0.0,5.89259238649618e-14,4.47427458984496e-13
5,5,0.0,0.05,8.241243975441016e-14,4.845377086642623e-13
5,5,0.0,0.1,1.0664705409177025e-13,4.780974842612341e-13
5,5,0.0,0.15,1.2964736848101598e-13,4.373218049790825e-13
5,5,0.0,0.2,1.5004171546264598e-13,3.762483096642145e-13
5,5,0.0,0.25,1.6715363305650097e-13,3.0792596260034374e-13
5,5,0.0,0.3,1.8087089388747978e-13,2.416595820056865e-13
5,5,0.0,0.35,1.9144342418373174e-13,1.827179402444499e-13
5,5,0.0,0.4,1.99301371325959e-13,1.3323178041263535e-13
5,5,0.0,0.45,2.0492700948223746e-13,9.333624712805299e-14
5,5,0.0,0.5,2.0877974880734203e-13,6.211293279564087e-14
5,5,0.0,0.55,2.112605399441888e-13,3.82227589446909e-14
5,5,0.0,0.6,2.127009403674716e-13,2.027218180061236e-14
5,5,0.0,0.65,2.1336552636266434e-13,6.99446419380049e-15
5,5,0.0,0.7,2.134603088225954e-13,-2.680988716065891e-15
5,5,0.0,0.75,2.1314293751612408e-13,-9.61960740635564e-15
5,5,0.0,0.8,2.125325498766604e-13,-1.4500902384810363e-14
5,5,0.0,0.85,2.1171834856259404e-13,-1.7847935339138624e-14
5,5,0.0,0.9,2.10766654622139e-13,-2.0057804044164084e-14
5,5,0.0,0.95,2.0972650388857407e-13,-2.1429024115502485e-14
5,5,0.0,1.0,2.086339844215171e-13,-2.21844155944284e-14
5,5,0.0,1.05,2.0751554479374773e-13,-2.2489436894099097e-14
5,5,0.0,1.1,2.0639048938007515e-13,-2.2466479094147473e-14
5,5,0.0,1.15,2.0527284561600599e-13,-2.220581067428352e-14
5,5,0.0,1.2,2.0417275342195166e-13,-2.1773853838532995e-14
5,5,0.0,1.25,2.0309749488337136e-13,-2.1219388607496756e-14
5,5,0.0,1.3,2.0205225509986902e-13,-2.057817482553099e-14
5,5,0.0,1.35,2.0104068320184e-13,-1.9876380342660207e-14
5,5,0.0,1.4,2.0006530538523047e-13,-1.9133115694398182e-14
5,5,0.0,1.45,1.991278286580676e-13,-1.8362303918457738e-14
5,5,0.0,1.5,1.982293640312053e-13,-1.7574057681067704e-14
5,5,0.0,1.55,1.973705904136518e-13,-1.6775692376191854e-14
5,5,0.0,1.6,1.9655187490409527e-13,-1.5972470827198097e-14
5,5,0.0,1.65,1.957733610394742e-13,-1.5168150394217566e-14
5,5,0.0,1.7,1.95035033507125e-13,-1.4365384765040528e-14
5,5,0.0,1.75,1.943367655741434e-13,-1.3566018953437226e-14
5,5,0.0,1.8,1.9367835382868647e-13,-1.2771305854019588e-14
5,5,0.0,1.85,1.9305954360758928e-13,-1.1982065195041188e-14
5,5,0.0,1.9,1.9248004758798251e-13,-1.1198800200929023e-14
5,5,0.0,1.95,1.9193955936185209e-13,-1.0421783208850633e-14
5,5,0.0,2.0,1.9143776332884536e-13,-9.651118494409796e-15
5,5,0.0,2.05,1.9097434188758904e-13,-8.886788366030589e-15
5,5,0.0,2.1,1.905489806451696e-13,-8.128686975731116e-15
5,5,0.0,2.15,1.90161372173134e-13,-7.376645110891835e-15
5,5,0.0,2.2,1.89811218697975e-13,-6.630448363365641e-15
5,5,0.0,2.25,1.894982340110051e-13,-5.8898504350566276e-15
5,5,0.0,2.3,1.8922214480682264e-13,-5.154582871539845e-15
5,5,0.0,2.35,1.889826916040628e-13,-4.424362172062119e-15
5,5,0.0,2.4,1.887796293613007e-13,-3.6988949723947596e-15
5,5,0.0,2.45,1.8861272787101266e-13,-2.9778818121063697e-15
5,5,0.0,2.5,1.884817719925093e-13,-2.2610198620499456e-15
5,5,0.0,2.55,1.8838656176856365e-13,-1.5480048881945565e-15
5,5,0.0,2.6,1.8832691245858566e-13,-8.385326547179494e-16
5,5,0.0,2.65,1.8830265451246773e-13,-1.3229991548899906e-16
5,5,0.0,2.7,1.8831363350278604e-13,5.709948964081628e-16
5,5,0.0,2.75,1.8835971002834993e-13,1.27165120052004e-15
5,5,0.0,2.8,1.884407595986161e-13,1.9699659629574718e-15
5,5,0.0,2.85,1.8855667250589736e-13,2.6662335088354075e-15
5,5,0.0,2.9,1.8870735369048712e-13,3.360745421160591e-15
5,5,0.0,2.95,1.8889272260237469e-13,4.053790502581566e-15
5,5,0.0,3.0,1.891127130622449e-13,4.745654782675834e-15
5,5,0.0,3.05,1.8936727312371269e-13,5.436621557989883e-15
5,5,0.0,3.1,1.896563649381856e-13,6.126971455481887e-15
5,5,0.0,3.15,1.8997996462330639e-13,6.816982512443881e-15
5,5,0.0,3.2,1.903380621357355e-13,7.506930267860264e-15
5,5,0.0,3.25,1.9073066114867124e-13,8.197087861453705e-15
5,5,0.0,3.3,1.91157778934474e-13,8.88772613770533e-15
5,5,0.0,3.35,1.9161944625257764e-13,9.579113752834329e-15
5,5,0.0,3.4,1.9211570724277535e-13,1.0271517283283797e-14
5,5,0.0,3.45,1.9264661932395473e-13,1.0965201334621902e-14
5,5,0.0,3.5,1.9321225309828112e-13,1.1660428650107965e-14
5,5,0.0,3.55,1.938126922607616e-13,1.2357460218324138e-14
5,5,0.0,3.6,1.944480335141864e-13,1.3056555379503253e-14
5,5,0.0,3.65,1.9511838648933701e-13,1.3757971930230138e-14
5,5,0.0,3.7,1.9582387367037803e-13,1.446196622633271e-14
5,5,0.0,3.75,1.9656463032534957e-13,1.51687932838061e-14
5,5,0.0,3.8,1.9734080444166704e-13,1.587870687768856e-14
5,5,0.0,3.85,1.9815255666648847e-13,1.6591959638810558e-14
5,5,0.0,3.9,1.99000060251887e-13,1.7308803148392567e-14
5,5,0.0,3.95,1.9988350100468482e-13,1.802948803046351e-14
5,5,0.0,4.0,2.008030772408582e-13,1.8754264042097466e-14
5,5,0.0,4.05,2.0175899974440742e-13,1.9483380161468505e-14
5,5,0.0,4.1,2.0275149173055945e-13,2.0217084673735418e-14
5,5,0.0,4.15,2.037807888132214e-13,2.0955625254766187e-14
5,5,0.0,4.2,2.0484713897656707e-13,2.1699249052729654e-14
5,5,0.0,4.25,2.059508025506477e-13,2.2448202767553176e-14
5,5,0.0,4.3,2.0709205219091758e-13,2.3202732728295647e-14
5,5,0.0,4.35,2.0827117286159062e-13,2.3963084968429123e-14
5,5,0.0,4.4,2.094884618226866e-13,2.4729505299067923e-14
5,5,0.0,4.45,2.1074422862071682e-13,2.5502239380164464e-14
5,5,0.0,4.5,2.120387950828521e-13,2.6281532789687573e-14
5,5,0.0,4.55,2.1337249531451777e-13,2.7067631090807845e-14
5,5,0.0,4.6,2.1474567570028957e-13,2.7860779897114008e-14
5,5,0.0,4.65,2.1615869490800645e-13,2.8661224935872545e-14
5,5,0.0,4.7,2.1761192389599115e-13,2.946921210935834e-14
5,5,0.0,4.75,2.1910574592330286e-13,3.028498755426758e-14
5,5,0.0,4.8,2.2064055656289427e-13,3.1108797699233686e-14
5,5,0.0,4.85,2.2221676371760745e-13,3.194088932046842e-14
5,5,0.0,4.9,2.238347876389187e-13,3.278150959553477e-14
5,5,0.0,4.95,2.2549506094829323e-13,3.363090615527484e-14
5,5,0.0,5.0,2.271980286611213e-13,3.4489327133901983e-14
5,5,1.0,0.0,1.0962630620939132e-13,1.0721705196514705e-12
5,5,1.0,0.05,1.695462121102132e-13,1.3076051189068114e-12
5,5,1.0,0.1,2.383284036555423e-13,1.4211294885371752e-12
5,5,1.0,0.15,3.094362289786141e-13,1.402561582632108e-12
5,5,1.0,0.2,3.7681933082198676e-13,1.2785915824909151e-12
5,5,1.0,0.25,4.362506505636725e-13,1.0918162629131825e-12
5,5,1.0,0.3,4.856314992668289e-13,8.824637786142359e-13
5,5,1.0,0.35,5.246095625905755e-13,6.794324571930294e-13
5,5,1.0,0.4,5.53959006243318e-13,4.991281444422853e-13
5,5,1.0,0.45,5.750148306421993e-13,3.4816608391057316e-13
5,5,1.0,0.5,5.892726695950865e-13,2.2692187078745376e-13
5,5,1.0,0.55,5.981544640778865e-13,1.324845292155739e-13
5,5,1.0,0.6,6.028977831110532e-13,6.064406180452486e-14
5,5,1.0,0.65,6.045225417098318e-13,7.0389919512071805e-15
5,5,1.0,0.7,6.038394344282315e-13,-3.227941703554938e-14
5,5,1.0,0.75,6.014769451453341e-13,-6.063519959629283e-14
5,5,1.0,0.8,5.979136971870315e-13,-8.070445714388911e-14
5,5,1.0,0.85,5.935094631598592e-13,-9.457960314468021e-14
5,5,1.0,0.9,5.885320262003728e-13,-1.0386438363344183e-13
5,5,1.0,0.95,5.831791596260861e-13,-1.0977096659966231e-13
5,5,1.0,1.0,5.775959855743548e-13,-1.1320647435855001e-13
5,5,1.0,1.05,5.718883672495483e-13,-1.1484486677886826e-13
5,5,1.0,1.1,5.661330773128056e-13,-1.151842140807071e-13
5,5,1.0,1.15,5.603854327608882e-13,-1.1459112569243152e-13
5,5,1.0,1.2,5.546849823149738e-13,-1.1333460423659913e-13
5,5,1.0,1.25,5.490597191055039e-13,-1.1161152548205768e-13
5,5,1.0,1.3,5.435291882718015e-13,-1.0956565036597647e-13
5,5,1.0,1.35,5.38106772543541e-13,-1.0730172400229047e-13
5,5,1.0,1.4,5.328013695722526e-13,-1.0489588541795913e-13
5,5,1.0,1.45,5.276186208838796e-13,-1.0240332917300157e-13
5,5,1.0,1.5,5.225618111974274e-13,-9.98639315857443e-14
5,5,1.0,1.55,5.176325258780657e-13,-9.730637557570994e-14
5,5,1.0,1.6,5.128311311710847e-13,-9.475117125903804e-14
5,5,1.0,1.65,5.081571247135221e-13,-9.221286607746164e-14
5,5,1.0,1.7,5.036093911578007e-13,-8.970166096585798e-14
5,5,1.0,1.75,4.991863884227406e-13,-8.722459168337236e-14
5,5,1.0,1.8,4.948862832447851e-13,-8.478639203509293e-14
5,5,1.0,1.85,4.907070496862643e-13,-8.239012449280663e-14
5,5,1.0,1.9,4.866465405849235e-13,-8.00376407940268e-14
5,5,1.0,1.95,4.827025392419615e-13,-7.77299182874098e-14
5,5,1.0,2.0,4.788727966811828e-13,-7.54673054827921e-14
5,5,1.0,2.05,4.751550583758244e-13,-7.324970125811743e-14
5,5,1.0,2.1,4.715470832902114e-13,-7.107668559086617e-14
5,5,1.0,2.15,4.680466573165677e-13,-6.894761486896751e-14
5,5,1.0,2.2,4.646516026270913e-13,-6.686169131974858e-14
5,5,1.0,2.25,4.613597840521229e-13,-6.4818013526474e-14
5,5,1.0,2.3,4.581691132959777e-13,-6.281561312519064e-14
5,5,1.0,2.35,4.550775515835571e-13,-6.0853481403565e-14
5,5,1.0,2.4,4.5208311117115813e-13,-5.89305885217695e-14
5,5,1.0,2.45,4.491838560379542e-13,-5.704589734355602e-14
5,5,1.0,2.5,4.46377901989526e-13,-5.5198373330964545e-14
5,5,1.0,2.55,4.436634163422551e-13,-5.338699156529108e-14
5,5,1.0,2.6,4.410386173118409e-13,-5.1610741671274605e-14
5,5,1.0,2.65,4.3850177319582464e-13,-4.986863121268263e-14
5,5,1.0,2.7,4.3605120141564745e-13,-4.815968797484097e-14
5,5,1.0,2.75,4.336852674658939e-13,-4.648296143797821e-14
5,5,1.0,2.8,4.3140238380529553e-13,-4.483752366364438e-14
5,5,1.0,2.85,4.2920100871464336e-13,-4.322246975677819e-14
5,5,1.0,2.9,4.270796451396136e-13,-4.1636918022234195e-14
5,5,1.0,2.95,4.250368395315766e-13,-4.008000990270035e-14
5,5,1.0,3.0,4.230711806955963e-13,-3.8550909761519735e-14
5,5,1.0,3.05,4.2118129865215374e-13,-3.7048804556748074e-14
5,5,1.0,3.1,4.1936586351719466e-13,-3.557290344037061e-14
5,5,1.0,3.15,4.176235844035392e-13,-3.412243730731965e-14
5,5,1.0,3.2,4.159532083456931e-13,-3.269665831226982e-14
5,5,1.0,3.25,4.1435351924939157e-13,-3.1294839367255354e-14
5,5,1.0,3.3,4.1282333686647236e-13,-2.9916273629569715e-14
5,5,1.0,3.35,4.113615157955266e-13,-2.856027398675888e-14
5,5,1.0,3.4,4.099669445081958e-13,-2.7226172543579033e-14
5,5,1.0,3.45,4.0863854440105065e-13,-2.5913320114408108e-14
5,5,1.0,3.5,4.073752688726271e-13,-2.462108572354797e-14
5,5,1.0,3.55,4.061761024252351e-13,-2.3348856115098265e-14
5,5,1.0,3.6,4.050400597909872e-13,-2.2096035273532955e-14
5,5,1.0,3.65,4.0396618508155024e-13,-2.0862043955714384e-14
5,5,1.0,3.7,4.029535509609527e-13,-1.964631923479405e-14
5,5,1.0,3.75,4.0200125784094334e-13,-1.8448314056204074e-14
5,5,1.0,3.8,4.011084330982073e-13,-1.7267496805822792e-14
5,5,1.0,3.85,4.00274230312893e-13,-1.6103350890285047e-14
5,5,1.0,3.9,3.9949782852783067e-13,-1.495537432929218e-14
5,5,1.0,3.95,3.9877843152779263e-13,-1.382307935977702e-14
5,5,1.0,4.0,3.981152671383047e-13,-1.2705992051685544e-14
5,5,1.0,4.05,3.9750758654337245e-13,-1.1603651935155215e-14
5,5,1.0,4.1,3.9695466362153716e-13,-1.05156116388036e-14
5,5,1.0,4.15,3.964557942997779e-13,-9.441436538897708e-15
5,5,1.0,4.2,3.960102959246905e-13,-8.380704419085834e-15
5,5,1.0,4.25,3.9561750665038274e-13,-7.333005140443861e-15
5,5,1.0,4.3,3.952767848426743e-13,-6.297940321552209e-15
5,5,1.0,4.35,3.9498750849899225e-13,-5.275123028300058e-15
5,5,1.0,4.4,3.9474907468357386e-13,-4.2641774731953066e-15
5,5,1.0,4.45,3.9456089897744805e-13,-3.2647387238497084e-15
5,5,1.0,4.5,3.9442241494280827e-13,-2.2764524204364906e-15
5,5,1.0,4.55,3.943330736012309e-13,-1.2989745017935416e-15
5,5,1.0,4.6,3.942923429254455e-13,-3.3197093998261753e-16
5,5,1.0,4.65,3.942997073441138e-13,6.248825169920855e-16
5,5,1.0,4.7,3.9435466725931093e-13,1.571900594517607e-15
5,5,1.0,4.75,3.944567385762782e-13,2.509388733025861e-15
5,5,1.0,4.8,3.9460545224502677e-13,3.4376433221713718e-15
5,5,1.0,4.85,3.948003538135481e-13,4.356951927768511e-15
5,5,1.0,4.9,3.950410029921052e-13,5.267593511720107e-15
5,5,1.0,4.95,3.953269732284247e-13,6.169838645131582e-15
5,5,1.0,5.0,3.9565785129332544e-13,7.063949714844056e-15
5,5,2.0,0.0,4.043095560479458e-12,5.0028683270252795e-11
5,5,2.0,0.05,7.0699914286137795e-12,7.080330860839531e-11
5,5,2.0,0.1,1.105419842190224e-11,8.747354229671971e-11
5,5,2.0,0.15,1.5681226374900224e-11,9.608380349276178e-11
5,5,2.0,0.2,2.0509883731413085e-11,9.562448929802847e-11
5,5,2.0,0.25,2.5118895453204003e-11,8.771881997471642e-11
5,5,2.0,0.3,2.920545612093373e-11,7.522968354067867e-11
5,5,2.0,0.35,3.2612619039653375e-11,6.095887876107576e-11
5,5,2.0,0.4,3.53065069075524e-11,4.6968010633149046e-11
5,5,2.0,0.45,3.7334466668995654e-11,3.445661922166306e-11
5,5,2.0,0.5,3.878551711112324e-11,2.393131784332134e-11
5,5,2.0,0.55,3.976177635183797e-11,1.5448915514930503e-11
5,5,2.0,0.6,4.0361426900990015e-11,8.824539822628574e-12
5,5,2.0,0.65,4.0670468809780434e-11,3.774110425355864e-12
5,5,2.0,0.7,4.076005657376259e-11,-2.238567979130413e-15
5,5,2.0,0.75,4.068688984745096e-11,-2.77843584338112e-12
5,5,2.0,0.8,4.049499452067574e-11,-4.786230154290759e-12
5,5,2.0,0.85,4.0217932008440764e-11,-6.212753911238751e-12
5,5,2.0,0.9,3.9880945009717025e-11,-7.204587341887892e-12
5,5,2.0,0.95,3.9502828503880356e-11,-7.874196286024544e-12
5,5,2.0,1.0,3.9097466423152576e-11,-8.306633845219203e-12
5,5,2.0,1.05,3.8675047896495614e-11,-8.565563391579173e-12
5,5,2.0,1.1,3.8243006760650746e-11,-8.698284257422259e-12
5,5,2.0,1.15,3.7806735374674365e-11,-8.739746122371747e-12
5,5,2.0,1.2,3.7370120718596214e-11,-8.715667669051517e-12
5,5,2.0,1.25,3.693594373225076e-11,-8.644914793419632e-12
5,5,2.0,1.3,3.650617503805597e-11,-8.541291139442546e-12
5,5,2.0,1.35,3.6082193004509355e-11,-8.414874143500565e-12
5,5,2.0,1.4,3.5664944048168324e-11,-8.273005619920366e-12
5,5,2.0,1.45,3.525506020749638e-11,-8.121022868426585e-12
5,5,2.0,1.5,3.485294523289215e-11,-7.962796503406061e-12
5,5,2.0,1.55,3.445883754354937e-11,-7.801125165192778e-12
5,5,2.0,1.6,3.407285622148253e-11,-7.638024703544564e-12
5,5,2.0,1.65,3.369503458545883e-11,-7.474939786545535e-12
5,5,2.0,1.7,3.332534468059482e-11,-7.312898608090251e-12
5,5,2.0,1.75,3.296371512849369e-11,-7.1526259231668244e-12
5,5,2.0,1.8,3.2610044127437834e-11,-6.994625598251278e-12
5,5,2.0,1.85,3.226420891122912e-11,-6.839240878380187e-12
5,5,2.0,1.9,3.1926072622928924e-11,-6.686698374879042e-12
5,5,2.0,1.95,3.159548930198281e-11,-6.537140164466912e-12
5,5,2.0,2.0,3.127230749474908e-11,-6.390647208362654e-12
5,5,2.0,2.05,3.095637286077892e-11,-6.247256435000082e-12
5,5,2.0,2.1,3.0647530046647294e-11,-6.106973197579117e-12
5,5,2.0,2.15,3.034562402572603e-11,-5.969780355673636e-12
5,5,2.0,2.2,3.0050501048706366e-11,-5.835644892724316e-12
5,5,2.0,2.25,2.976200931056796e-11,-5.7045227349545164e-12
5,5,2.0,2.3,2.947999941113924e-11,-5.576362257460607e-12
5,5,2.0,2.35,2.920432466556802e-11,-5.451106832034096e-12
5,5,2.0,2.4,2.893484130580198e-11,-5.328696675516218e-12
5,5,2.0,2.45,2.8671408603084112e-11,-5.209070187606536e-12
5,5,2.0,2.5,2.841388893336025e-11,-5.092164916050872e-12
5,5,2.0,2.55,2.8162147801584925e-11,-4.9779182499103305e-12
5,5,2.0,2.6,2.7916053836579745e-11,-4.866267914438841e-12
5,5,2.0,2.65,2.7675478764958192e-11,-4.757152321271436e-12
5,5,2.0,2.7,2.7440297370316e-11,-4.650510813136217e-12
5,5,2.0,2.75,2.7210387442207585e-11,-4.546283831734053e-12
5,5,2.0,2.8,2.6985629718200535e-11,-4.4444130297119715e-12
5,5,2.0,2.85,2.6765907821401477e-11,-4.344841342009895e-12
5,5,2.0,2.9,2.655110819519049e-11,-4.247513027750705e-12
5,5,2.0,2.95,2.6341120036421703e-11,-4.152373690825718e-12
5,5,2.0,3.0,2.6135835228001233e-11,-4.059370285137155e-12
5,5,2.0,3.05,2.5935148271490797e-11,-3.968451108847549e-12
5,5,2.0,3.1,2.5738956220207765e-11,-3.879565790814761e-12
5,5,2.0,3.15,2.5547158613146465e-11,-3.792665271530662e-12
5,5,2.0,3.2,2.535965740995651e-11,-3.7077017802597764e-12
5,5,2.0,3.25,2.517635692713047e-11,-3.6246288096064655e-12
5,5,2.0,3.3,2.4997163775509074e-11,-3.54340108841496e-12
5,5,2.0,3.35,2.4821986799170064e-11,-3.463974553650893e-12
5,5,2.0,3.4,2.4650737015735756e-11,-3.3863063217417495e-12
5,5,2.0,3.45,2.4483327558121284e-11,-3.3103546597170504e-12
5,5,2.0,3.5,2.431967361772625e-11,-3.236078956397225e-12
5,5,2.0,3.55,2.415969238906099e-11,-3.1634396938065784e-12
5,5,2.0,3.6,2.4003303015793057e-11,-3.092398418935855e-12
5,5,2.0,3.65,2.385042653819713e-11,-3.0229177159435683e-12
5,5,2.0,3.7,2.3700985841979917e-11,-2.9549611788562623e-12
5,5,2.0,3.75,2.3554905608458956e-11,-2.8884933848073994e-12
5,5,2.0,3.8,2.341211226606517e-11,-2.8234798678414662e-12
5,5,2.0,3.85,2.3272533943137886e-11,-2.7598870932993352e-12
5,5,2.0,3.9,2.3136100421991063e-11,-2.6976824327903564e-12
5,5,2.0,3.95,2.3002743094210875e-11,-2.636834139754592e-12
5,5,2.0,4.0,2.2872394917164392e-11,-2.5773113256126238e-12
5,5,2.0,4.05,2.274499037168363e-11,-2.5190839364971603e-12
5,5,2.0,4.1,2.2620465420900552e-11,-2.462122730559175e-12
5,5,2.0,4.15,2.2498757470200938e-11,-2.4063992558407363e-12
5,5,2.0,4.2,2.2379805328271988e-11,-2.3518858287034318e-12
5,5,2.0,4.25,2.2263549169213862e-11,-2.2985555128021266e-12
5,5,2.0,4.3,2.214993049568964e-11,-2.246382098593278e-12
5,5,2.0,4.35,2.2038892103086662e-11,-2.195340083366968e-12
5,5,2.0,4.4,2.1930378044663298e-11,-2.1454046517896404e-12
5,5,2.0,4.45,2.1824333597656287e-11,-2.096551656947616e-12
5,5,2.0,4.5,2.1720705230323337e-11,-2.0487576018791165e-12
5,5,2.0,4.55,2.1619440569896738e-11,-2.0019996215833995e-12
5,5,2.0,4.6,2.1520488371426743e-11,-1.9562554654960015e-12
5,5,2.0,4.65,2.1423798487486387e-11,-1.9115034804181878e-12
5,5,2.0,4.7,2.1329321838722704e-11,-1.8677225938907654e-12
5,5,2.0,4.75,2.1237010385224918e-11,-1.8248922980004484e-12
5,5,2.0,4.8,2.1146817098694154e-11,-1.7829926336083264e-12
5,5,2.0,4.85,2.1058695935389164e-11,-1.7420041749903142e-12
5,5,2.0,4.9,2.0972601809833267e-11,-1.7019080148793376e-12
5,5,2.0,4.95,2.0888490569254565e-11,-1.662685749897974e-12
5,5,2.0,5.0,2.080631896875002e-11,-1.6243194663742989e-12
5,5,3.0,0.0,1.8726316464601462e-10,2.8507490074807075e-09
5,5,3.0,0.05,3.766792653940695e-10,4.796581699727516e-09
5,5,3.0,0.1,6.703113419271348e-10,6.939168134257281e-09
5,5,3.0,0.15,1.065046771488663e-09,8.75230525788414e-09
5,5,3.0,0.2,1.5326508635316387e-09,9.80229712842953e-09
5,5,3.0,0.25,2.0298700376373144e-09,9.937678506811264e-09
5,5,3.0,0.3,2.5131965983265273e-09,9.284624479671674e-09
5,5,3.0,0.35,2.949751680977361e-09,8.116848959119256e-09
5,5,3.0,0.4,3.3211045623354374e-09,6.720019970244942e-09
5,5,3.0,0.45,3.621650021742697e-09,5.313995322898821e-09
5,5,3.0,0.5,3.8546311504547354e-09,4.0331550036920464e-09
5,5,3.0,0.55,4.028115444835173e-09,2.9397005836496253e-09
5,5,3.0,0.6,4.151964181547353e-09,2.0471394064902707e-09
5,5,3.0,0.65,4.235953086346516e-09,1.341617758496065e-09
5,5,3.0,0.7,4.288810323721673e-09,7.970743930960668e-10
5,5,3.0,0.75,4.317857476874854e-09,3.844175257640981e-10
5,5,3.0,0.8,4.328992495856093e-09,7.631824939717645e-11
5,5,3.0,0.85,4.326837302224456e-09,-1.5075522960310861e-10
5,5,3.0,0.9,4.314944433431144e-09,-3.160459675254447e-10
5,5,3.0,0.95,4.296006793473293e-09,-4.3477634120943494e-10
5,5,3.0,1.0,4.272044990875239e-09,-5.187218906710765e-10
5,5,3.0,1.05,4.24456364584663e-09,-5.768515853283824e-10
5,5,3.0,1.1,4.214676542188141e-09,-6.159221982865036e-10
5,5,3.0,1.15,4.183204190627555e-09,-6.409840556286653e-10
5,5,3.0,1.2,4.1507485224666575e-09,-6.557905403248189e-10
5,5,3.0,1.25,4.117749360882417e-09,-6.631195261721825e-10
5,5,3.0,1.3,4.084526738344025e-09,-6.650205561603815e-10
5,5,3.0,1.35,4.051312407227248e-09,-6.630022701863626e-10
5,5,3.0,1.4,4.018273196510845e-09,-6.581731383442836e-10
5,5,3.0,1.45,3.98552826739417e-09,-6.513464003373366e-10
5,5,3.0,1.5,3.9531618309536835e-09,-6.431179260391016e-10
5,5,3.0,1.55,3.9212325048844474e-09,-6.339237779110872e-10
5,5,3.0,1.6,3.889780188738978e-09,-6.240826569029798e-10
5,5,3.0,1.65,3.8588311110509e-09,-6.138271430781891e-10
5,5,3.0,1.7,3.8284015318570376e-09,-6.033266580233962e-10
5,5,3.0,1.75,3.79850045739513e-09,-5.927043262689631e-10
5,5,3.0,1.8,3.76913162968856e-09,-5.820493481643788e-10
5,5,3.0,1.85,3.740294984175934e-09,-5.714260746433869e-10
5,5,3.0,1.9,3.7119877172490842e-09,-5.608806607694038e-10
5,5,3.0,1.95,3.684205067813743e-09,-5.504459429405067e-10
5,5,3.0,2.0,3.656940889236909e-09,-5.401450134531955e-10
5,5,3.0,2.05,3.63018806767481e-09,-5.299938400926145e-10
5,5,3.0,2.1,3.603938827824784e-09,-5.200031857650531e-10
5,5,3.0,2.15,3.578184956183504e-09,-5.101800151522657e-10
5,5,3.0,2.2,3.552917963856408e-09,-5.005285254428108e-10
5,5,3.0,2.25,3.5281292050741815e-09,-4.910509015842131e-10
5,5,3.0,2.3,3.5038099632542575e-09,-4.817478696593682e-10
5,5,3.0,2.35,3.4799515132834364e-09,-4.726191023199194e-10
5,5,3.0,2.4,3.4565451663797756e-09,-4.636635157948313e-10
5,5,3.0,2.45,3.4335823021932044e-09,-4.5487948743131534e-10
5,5,3.0,2.5,3.4110543915605925e-09,-4.462650149864583e-10
5,5,3.0,2.55,3.3889530124193444e-09,-4.378178332191514e-10
5,5,3.0,2.6,3.3672698607135867e-09,-4.2953549917764993e-10
5,5,3.0,2.65,3.345996757640259e-09,-4.2141545453473003e-10
5,5,3.0,2.7,3.3251256542202874e-09,-4.1345507109222375e-10
5,5,3.0,2.75,3.3046486339195644e-09,-4.0565168394285516e-10
5,5,3.0,2.8,3.2845579138492797e-09,-3.9800261557868877e-10
5,5,3.0,2.85,3.264845844935891e-09,-3.9050519335937993e-10
5,5,3.0,2.9,3.2455049113454264e-09,-3.831567621082891e-10
5,5,3.0,2.95,3.226527729372156e-09,-3.759546931345149e-10
5,5,3.0,3.0,3.2079070459449706e-09,-3.6889639063184624e-10
5,5,3.0,3.05,3.189635736864438e-09,-3.6197929615333166e-10
5,5,3.0,3.1,3.1717068048532955e-09,-3.5520089167332425e-10
5,5,3.0,3.15,3.1541133774811032e-09,-3.485587016133292e-10
5,5,3.0,3.2,3.1368487050074305e-09,-3.4205029410731185e-10
5,5,3.0,3.25,3.119906158176758e-09,-3.3567328170962e-10
5,5,3.0,3.3,3.10327922598829e-09,-3.294253216940043e-10
5,5,3.0,3.35,3.0869615134591495e-09,-3.2330411605347804e-10
5,5,3.0,3.4,3.0709467393929904e-09,-3.1730741128140224e-10
5,5,3.0,3.45,3.055228734163852e-09,-3.1143299799292374e-10
5,5,3.0,3.5,3.03980143752218e-09,-3.056787104305531e-10
5,5,3.0,3.55,3.024658896427401e-09,-3.000424258858854e-10
5,5,3.0,3.6,3.0097952629114426e-09,-2.9452206406135776e-10
5,5,3.0,3.65,2.9952047919748654e-09,-2.891155863893319e-10
5,5,3.0,3.7,2.9808818395181686e-09,-2.8382099532180096e-10
5,5,3.0,3.75,2.9668208603088903e-09,-2.786363336000543e-10
5,5,3.0,3.8,2.953016405985822e-09,-2.735596835117737e-10
5,5,3.0,3.85,2.9394631231002146e-09,-2.68589166140673e-10
5,5,3.0,3.9,2.9261557511950626e-09,-2.6372294061283807e-10
5,5,3.0,3.95,2.9130891209215956e-09,-2.5895920334283394e-10
5,5,3.0,4.0,2.9002581521938558e-09,-2.5429618728162346e-10
5,5,3.0,4.05,2.8876578523804456e-09,-2.497321611684337e-10
5,5,3.0,4.1,2.8752833145338734e-09,-2.452654287875275e-10
5,5,3.0,4.15,2.8631297156566068e-09,-2.408943282312362e-10
5,5,3.0,4.2,2.851192315004088e-09,-2.3661723116982785e-10
5,5,3.0,4.25,2.8394664524238133e-09,-2.324325421289661e-10
5,5,3.0,4.3,2.8279475467305256e-09,-2.2833869777531378e-10
5,5,3.0,4.35,2.816631094116879e-09,-2.2433416621055268e-10
5,5,3.0,4.4,2.8055126665990286e-09,-2.204174462741925e-10
5,5,3.0,4.45,2.7945879104971107e-09,-2.1658706685561562e-10
5,5,3.0,4.5,2.7838525449497675e-09,-2.1284158621529408e-10
5,5,3.0,4.55,2.773302360462171e-09,-2.091795913154791e-10
5,5,3.0,4.6,2.7629332174876882e-09,-2.0559969716065137e-10
5,5,3.0,4.65,2.7527410450419407e-09,-2.0210054614761314e-10
5,5,3.0,4.7,2.7427218393492543e-09,-1.986808074255008e-10
5,5,3.0,4.75,2.732871662520839e-09,-1.953391762657101e-10
5,5,3.0,4.8,2.723186641264255e-09,-1.9207437344181213e-10
5,5,3.0,4.85,2.713662965623482e-09,-1.8888514461954574e-10
5,5,3.0,4.9,2.7042968877494705e-09,-1.8577025975683215e-10
5,5,3.0,4.95,2.695084720700307e-09,-1.8272851251402856e-10
5,5,3.0,5.0,2.68602283727056e-09,-1.7975871967412542e-10
5,5,4.0,0.0,1.854126600633511e-09,3.3270437667553716e-08
5,5,4.0,0.05,4.293362053521693e-09,6.69589980928342e-08
5,5,4.0,0.1,8.799379183369339e-09,1.1532723124735725e-07
5,5,4.0,0.15,1.5945909926320423e-08,1.7068557387716118e-07
5,5,4.0,0.2,2.5766127870775004e-08,2.1998461664788566e-07
5,5,4.0,0.25,3.764297755770678e-08,2.5144410604949293e-07
5,5,4.0,0.3,5.05233777821068e-08,2.5993127614403795e-07
5,5,4.0,0.35,6.32863450692023e-08,2.4757764052709273e-07
5,5,4.0,0.4,7.504082052305175e-08,2.2082534972593626e-07
5,5,4.0,0.45,8.525061187283058e-08,1.8692405836638927e-07
5,5,4.0,0.5,9.371286803753907e-08,1.517277039586836e-07
5,5,4.0,0.55,1.0046545445738559e-07,1.189920573423792e-07
5,5,4.0,0.6,1.0568517066836251e-07,9.059850917486158e-08
5,5,4.0,0.65,1.0960749648448347e-07,6.711128281273292e-08
5,5,4.0,0.7,1.1247478303115702e-07,4.832136148557176e-08
5,5,4.0,0.75,1.1450831668123308e-07,3.364899664797508e-08
5,5,4.0,0.8,1.158966590737697e-07,2.2396143591051167e-08
5,5,4.0,0.85,1.1679356008363008e-07,1.3883928179309408e-08
5,5,4.0,0.9,1.1732072219727132e-07,7.515399029343385e-09
5,5,4.0,0.95,1.1757251591012841e-07,2.7951617207098797e-09
5,5,4.0,1.0,1.1762105566427366e-07,-6.731324779780285e-10
5,5,4.0,1.05,1.1752087074442335e-07,-3.198949340806132e-09
5,5,4.0,1.1,1.1731287692178808e-07,-5.019892091510427e-09
5,5,4.0,1.15,1.1702760003415124e-07,-6.316246120132406e-09
5,5,4.0,1.2,1.1668771581984183e-07,-7.223658036174196e-09
5,5,4.0,1.25,1.1631001160803587e-07,-7.84357094661335e-09
5,5,4.0,1.3,1.1590688080234375e-07,-8.251516131439722e-09
5,5,4.0,1.35,1.1548745047871629e-07,-8.5035520247955e-09
5,5,4.0,1.4,1.150584263233147e-07,-8.641187291315278e-09
5,5,4.0,1.45,1.1462472263689187e-07,-8.695104390841094e-09
5,5,4.0,1.5,1.1418993040060147e-07,-8.687954440811434e-09
5,5,4.0,1.55,1.137566641267778e-07,-8.63644356997278e-09
5,5,4.0,1.6,1.1332681840197888e-07,-8.552884254819972e-09
5,5,4.0,1.65,1.1290175737642943e-07,-8.446345557869188e-09
5,5,4.0,1.7,1.1248245458797473e-07,-8.323504214504913e-09
5,5,4.0,1.75,1.120695960650076e-07,-8.18927343083703e-09
5,5,4.0,1.8,1.1166365631392541e-07,-8.047266949285017e-09
5,5,4.0,1.85,1.1126495430265496e-07,-7.900141272740703e-09
5,5,4.0,1.9,1.1087369469639152e-07,-7.749847897575311e-09
5,5,4.0,1.95,1.1048999822577993e-07,-7.597819147431506e-09
5,5,4.0,2.0,1.1011392404943886e-07,-7.445105050692528e-09
5,5,4.0,2.05,1.0974548622038425e-07,-7.2924741411152016e-09
5,5,4.0,2.1,1.093846658106291e-07,-7.140487682500817e-09
5,5,4.0,2.15,1.0903141983877304e-07,-6.989554321133238e-09
5,5,4.0,2.2,1.0868568784361146e-07,-6.8399703263882246e-09
5,5,4.0,2.25,1.0834739672451305e-07,-6.691949220446039e-09
5,5,4.0,2.3,1.0801646430556012e-07,-6.545643596034806e-09
5,5,4.0,2.35,1.0769280195990693e-07,-6.401161182952142e-09
5,5,4.0,2.4,1.0737631654206194e-07,-6.2585766804957486e-09
5,5,4.0,2.45,1.0706691181044943e-07,-6.117940472624037e-09
5,5,4.0,2.5,1.0676448947451314e-07,-5.979285047988904e-09
5,5,4.0,2.55,1.0646894996522125e-07,-5.842629730046342e-09
5,5,4.0,2.6,1.0618019300175775e-07,-5.707984162781933e-09
5,5,4.0,2.65,1.058981180080026e-07,-5.575350880019194e-09
5,5,4.0,2.7,1.0562262441828277e-07,-5.44472719979268e-09
5,5,4.0,2.75,1.0535361190145894e-07,-5.316106621555767e-09
5,5,4.0,2.8,1.0509098052478326e-07,-5.189479857126508e-09
5,5,4.0,2.85,1.0483463087329157e-07,-5.064835591751671e-09
5,5,4.0,2.9,1.0458446413636837e-07,-4.942161046271962e-09
5,5,4.0,2.95,1.0434038217005985e-07,-4.821442392658467e-09
5,5,4.0,3.0,1.0410228754144749e-07,-4.7026650614184946e-09
5,5,4.0,3.05,1.0387008355974478e-07,-4.585813969235156e-09
5,5,4.0,3.1,1.0364367429755988e-07,-4.4708736877260255e-09
5,5,4.0,3.15,1.0342296460486186e-07,-4.357828568719195e-09
5,5,4.0,3.2,1.0320786011752901e-07,-4.246662837386877e-09
5,5,4.0,3.25,1.029982672618612e-07,-4.1373606615961905e-09
5,5,4.0,3.3,1.0279409325609085e-07,-4.0299062036419995e-09
5,5,4.0,3.35,1.0259524610964547e-07,-3.924283658905499e-09
5,5,4.0,3.4,1.0240163462073711e-07,-3.820477284792406e-09
5,5,4.0,3.45,1.0221316837269293e-07,-3.718471422426593e-09
5,5,4.0,3.5,1.0202975772934284e-07,-3.6182505129163617e-09
5,5,4.0,3.55,1.0185131382969944e-07,-3.519799109562283e-09
5,5,4.0,3.6,1.016777485821117e-07,-3.4231018869829942e-09
5,5,4.0,3.65,1.0150897465801648e-07,-3.3281436479176286e-09
5,5,4.0,3.7,1.0134490548540622e-07,-3.234909328241686e-09
5,5,4.0,3.75,1.0118545524206865e-07,-3.1433840006056124e-09
5,5,4.0,3.8,1.010305388486898e-07,-3.0535528770084236e-09
5,5,4.0,3.85,1.0088007196182883e-07,-2.9654013105167914e-09
5,5,4.0,3.9,1.0073397096684539e-07,-2.8789147963173975e-09
5,5,4.0,3.95,1.0059215297077432e-07,-2.794078972221969e-09
5,5,4.0,4.0,1.0045453579519259e-07,-2.7108796187198698e-09
5,5,4.0,4.05,1.0032103796909061e-07,-2.6293026586616882e-09
5,5,4.0,4.1,1.0019157872177081e-07,-2.549334156625479e-09
5,5,4.0,4.15,1.0006607797578203e-07,-2.4709603180108656e-09
5,5,4.0,4.2,9.994445633990507e-08,-2.394167487900938e-09
5,5,4.0,4.25,9.982663510220232e-08,-2.3189421497165638e-09
5,5,4.0,4.3,9.971253622313941e-08,-2.2452709236888177e-09
5,5,4.0,4.35,9.960208232878303e-08,-2.1731405651692483e-09
5,5,4.0,4.4,9.9495196704093e-08,-2.1025379627921354e-09
5,5,4.0,4.45,9.939180328630679e-08,-2.0334501365083003e-09
5,5,4.0,4.5,9.929182665842505e-08,-1.965864235497386e-09
5,5,4.0,4.55,9.919519204280174e-08,-1.8997675359746196e-09
5,5,4.0,4.6,9.910182529485479e-08,-1.8351474388983185e-09
5,5,4.0,4.65,9.901165289688229e-08,-1.7719914675913728e-09
5,5,4.0,4.7,9.892460195201076e-08,-1.7102872652823939e-09
5,5,4.0,4.75,9.884060017825776e-08,-1.6500225925746412e-09
5,5,4.0,4.8,9.875957590273238e-08,-1.591185324854499e-09
5,5,4.0,4.85,9.868145805595811e-08,-1.5337634496397456e-09
5,5,4.0,4.9,9.860617616633682e-08,-1.4777450638807428e-09
5,5,4.0,4.95,9.853366035474322e-08,-1.423118371218755e-09
5,5,4.0,5.0,9.846384132926089e-08,-1.3698716792037894e-09
5,5,5.0,0.0,3.5374399208980834e-09,7.110191498228842e-08
5,5,5.0,0.05,9.248774231076524e-09,1.6872119201174557e-07
5,5,5.0,0.1,2.1758502052668313e-08,3.4653325750927965e-07
5,5,5.0,0.15,4.534544006426923e-08,6.094137417124365e-07
5,5,5.0,0.2,8.352023710700134e-08,9.202688321365427e-07
5,5,5.0,0.25,1.3699349240892805e-07,1.2084690083150109e-06
5,5,5.0,0.3,2.028197343159483e-07,1.4050855326669723e-06
5,5,5.0,0.35,2.7537202180337585e-07,1.4753716797555053e-06
5,5,5.0,0.4,3.483457593053573e-07,1.4258965679628479e-06
5,5,5.0,0.45,4.16517682799412e-07,1.2899838613069156e-06
5,5,5.0,0.5,4.765800079409532e-07,1.1079732336095063e-06
5,5,5.0,0.55,5.271191157453826e-07,9.138089870336463e-07
5,5,5.0,0.6,5.681411698369392e-07,7.300970538212783e-07
5,5,5.0,0.65,6.005063264574398e-07,5.687773340173598e-07
5,5,5.0,0.7,6.254644769807675e-07,4.3403861616412793e-07
5,5,5.0,0.75,6.443459347876261e-07,3.2536941731151956e-07
5,5,5.0,0.8,6.583884498987193e-07,2.3989622598040516e-07
5,5,5.0,0.85,6.686599897544821e-07,1.738903581936751e-07
5,5,5.0,0.9,6.760393919921264e-07,1.2361298491346111e-07
5,5,5.0,0.95,6.812273698189484e-07,8.571891592198127e-08
5,5,5.0,1.0,6.847705603305231e-07,5.739975744900435e-08
5,5,5.0,1.05,6.870888882433959e-07,3.638939394085694e-08
5,5,5.0,1.1,6.885013995817923e-07,2.0906550284115254e-08
5,5,5.0,1.15,6.892485665473371e-07,9.575955816240585e-09
5,5,5.0,1.2,6.895105821032908e-07,1.3490703260938916e-09
5,5,5.0,1.25,6.894218878953176e-07,-4.566421589503205e-09
5,5,5.0,1.3,6.890824658667113e-07,-8.765388718023954e-09
5,5,5.0,1.35,6.885664860214404e-07,-1.1692388098846713e-08
5,5,5.0,1.4,6.879288612104918e-07,-1.3678528441455046e-08
5,5,5.0,1.45,6.872101790549827e-07,-1.4969818591066896e-08
5,5,5.0,1.5,6.864403932303684e-07,-1.5748715051736752e-08
5,5,5.0,1.55,6.85641575658111e-07,-1.615036599934359e-08
5,5,5.0,1.6,6.848299628357975e-07,-1.6274785458752322e-08
5,5,5.0,1.65,6.840174742779043e-07,-1.619593884296161e-08
5,5,5.0,1.7,6.832128375994655e-07,-1.5968502752595757e-08
5,5,5.0,1.75,6.824224212610535e-07,-1.5632883234784822e-08
5,5,5.0,1.8,6.816508504664015e-07,-1.5218935175606266e-08
5,5,5.0,1.85,6.809014624331384e-07,-1.474871578385504e-08
5,5,5.0,1.9,6.801766428013869e-07,-1.423852128152125e-08
5,5,5.0,1.95,6.794780741495345e-07,-1.3700392479540523e-08
5,5,5.0,2.0,6.788069195516102e-07,-1.314322725536644e-08
5,5,5.0,2.05,6.781639581438825e-07,-1.2573602316999926e-08
5,5,5.0,2.1,6.775496852455236e-07,-1.1996380095909116e-08
5,5,5.0,2.15,6.769643863034252e-07,-1.1415156890651872e-08
5,5,5.0,2.2,6.764081915088855e-07,-1.0832593758990817e-08
5,5,5.0,2.25,6.75881116143654e-07,-1.0250660825913414e-08
5,5,5.0,2.3,6.753830903894225e-07,-9.670817662539727e-09
5,5,5.0,2.35,6.749139813579271e-07,-9.094146467211956e-09
5,5,5.0,2.4,6.744736093770775e-07,-8.521450402810404e-09
5,5,5.0,2.45,6.740617600357919e-07,-7.953326211329196e-09
5,5,5.0,2.5,6.73678193096749e-07,-7.39021783899793e-09
5,5,5.0,2.55,6.733226490961574e-07,-6.832456042539664e-09
5,5,5.0,2.6,6.729948542349168e-07,-6.280287645722764e-09
5,5,5.0,2.65,6.726945240076839e-07,-5.733897154715885e-09
5,5,5.0,2.7,6.724213658993261e-07,-5.193422731562033e-09
5,5,5.0,2.75,6.721750813921135e-07,-4.658968001859681e-09
5,5,5.0,2.8,6.719553674632724e-07,-4.130610786064728e-09
5,5,5.0,2.85,6.717619177056861e-07,-3.608409558957797e-09
5,5,5.0,2.9,6.715944231696593e-07,-3.0924082310253357e-09
5,5,5.0,2.95,6.714525729981729e-07,-2.5826396903149967e-09
5,5,5.0,3.0,6.713360549090997e-07,-2.0791284284161475e-09
5,5,5.0,3.05,6.712445555638587e-07,-1.5818924897235971e-09
5,5,5.0,3.1,6.711777608518079e-07,-1.0909449203882833e-09
5,5,5.0,3.15,6.711353561118301e-07,-6.062948474403823e-10
5,5,5.0,3.2,6.711170263071862e-07,-1.2794828428920124e-10
5,5,5.0,3.25,6.711224561653904e-07,3.440912662858939e-10
5,5,5.0,3.3,6.711513302919004e-07,8.098223590560016e-10
5,5,5.0,3.35,6.712033332640325e-07,1.2692452644516994e-09
5,5,5.0,3.4,6.712781497099687e-07,1.7223617090929297e-09
5,5,5.0,3.45,6.713754643763994e-07,2.1691746776303724e-09
5,5,5.0,3.5,6.714949621874168e-07,2.6096882601711975e-09
5,5,5.0,3.55,6.71636328296765e-07,3.0439075337299597e-09
5,5,5.0,3.6,6.717992481347032e-07,3.4718384691332254e-09
5,5,5.0,3.65,6.719834074508004e-07,3.893487857028545e-09
5,5,5.0,3.7,6.721884923534007e-07,4.308863248315594e-09
5,5,5.0,3.75,6.724141893463592e-07,4.717972905492745e-09
5,5,5.0,3.8,6.726601853635905e-07,5.1208257623753175e-09
5,5,5.0,3.85,6.729261678017731e-07,5.517431390217889e-09
5,5,5.0,3.9,6.732118245514707e-07,5.907799968850475e-09
5,5,5.0,3.95,6.735168440269233e-07,6.2919422617622585e-09
5,5,5.0,4.0,6.738409151946689e-07,6.669869594287275e-09
5,5,5.0,4.05,6.741837276011797e-07,7.041593834355173e-09
5,5,5.0,4.1,6.74544971399504e-07,7.407127375321321e-09
5,5,5.0,4.15,6.749243373751724e-07,7.766483120531758e-09
5,5,5.0,4.2,6.753215169713519e-07,8.119674469365634e-09
5,5,5.0,4.25,6.757362023132882e-07,8.466715304534572e-09
5,5,5.0,4.3,6.761680862322309e-07,8.807619980535214e-09
5,5,5.0,4.35,6.766168622886955e-07,9.14240331303411e-09
5,5,5.0,4.4,6.770822247953413e-07,9.471080569166054e-09
5,5,5.0,4.45,6.775638688392656e-07,9.79366745862603e-09
5,5,5.0,4.5,6.780614903039274e-07,1.0110180125492605e-08
5,5,5.0,4.55,6.78574785890718e-07,1.0420635140695331e-08
5,5,5.0,4.6,6.791034531400861e-07,1.0725049495134295e-08
5,5,5.0,4.65,6.796471904524022e-07,1.1023440593340766e-08
5,5,5.0,4.7,6.802056971084701e-07,1.1315826247681494e-08
5,5,5.0,4.75,6.807786732897969e-07,1.1602224673056677e-08
5,5,5.0,4.8,6.81365820098613e-07,1.1882654482028997e-08
5,5,5.0,4.85,6.819668395776102e-07,1.2157134680415385e-08
5,5,5.0,4.9,6.825814347295168e-07,1.2425684663252675e-08
5,5,5.0,4.95,6.832093095364754e-07,1.2688324211113296e-08
5,5,5.0,5.0,6.838501689792119e-07,1.2945073486796582e-08
10,5,0.0,0.0,1.6406947341367203e-13,1.2469987714293613e-12
10,5,0.0,0.05,2.295123237899773e-13,1.3496516349531577e-12
10,5,0.0,0.1,2.9697554473323615e-13,1.329910951984677e-12
10,5,0.0,0.15,3.6088912308488537e-13,1.213747140193112e-12
10,5,0.0,0.2,4.1740539361711534e-13,1.0407591473644616e-12
10,5,0.0,0.25,4.646375751383595e-13,8.477415827913194e-13
10,5,0.0,0.3,5.022888731779035e-13,6.60890260336747e-13
10,5,0.0,0.35,5.310806736070578e-13,4.949861140818353e-13
10,5,0.0,0.4,5.522383323291939e-13,3.559482917329907e-13
10,5,0.0,0.45,5.671298123686975e-13,2.4407427399779287e-13
10,5,0.0,0.5,5.770547983644733e-13,1.5670671390829084e-13
10,5,0.0,0.55,5.831452220463892e-13,9.002095710338233e-14
10,5,0.0,0.6,5.863353474273119e-13,4.005598638116232e-14
10,5,0.0,0.65,5.873693463341945e-13,3.2219527624571413e-15
10,5,0.0,0.7,5.868256111075222e-13,-2.350819050416253e-14
10,5,0.0,0.75,5.851459281191003e-13,-4.257658378797104e-14
10,5,0.0,0.8,5.826635015621914e-13,-5.589727315495589e-14
10,5,0.0,0.85,5.796272846376007e-13,-6.494110470910917e-14
10,5,0.0,0.9,5.762219386671052e-13,-7.082286457045619e-14
10,5,0.0,0.95,5.725836374412866e-13,-7.43792155406202e-14
10,5,0.0,1.0,5.688122936492105e-13,-7.623364455191537e-14
10,5,0.0,1.05,5.649808682382565e-13,-7.684836657078924e-14
10,5,0.0,1.1,5.611423804697944e-13,-7.656470898840902e-14
10,5,0.0,1.15,5.573351452545022e-13,-7.56339753962671e-14
10,5,0.0,1.2,5.535866641337574e-13,-7.424074417163017e-14
10,5,0.0,1.25,5.499165043486334e-13,-7.252030481693663e-14
10,5,0.0,1.3,5.463384229439517e-13,-7.057162730404301e-14
10,5,0.0,1.35,5.428619305562863e-13,-6.846696667605094e-14
10,5,0.0,1.4,5.394934409066514e-13,-6.625895358655214e-14
10,5,0.0,1.45,5.362371147867982e-13,-6.398581711449651e-14
10,5,0.0,1.5,5.330954791939619e-13,-6.167522567924747e-14
10,5,0.0,1.55,5.300698812017391e-13,-5.934710848679798e-14
10,5,0.0,1.6,5.271608204807818e-13,-5.701572644545664e-14
10,5,0.0,1.65,5.243681927745407e-13,-5.469119135657179e-14
10,5,0.0,1.7,5.216914680656404e-13,-5.2380579943890384e-14
10,5,0.0,1.75,5.191298208568595e-13,-5.0088750562887933e-14
10,5,0.0,1.8,5.166822253500512e-13,-4.78189418312314e-14
10,5,0.0,1.85,5.143475248976329e-13,-4.557321135104791e-14
10,5,0.0,1.9,5.121244826002801e-13,-4.335275719791271e-14
10,5,0.0,1.95,5.100118180896331e-13,-4.115815347027593e-14
10,5,0.0,2.0,5.08008234189901e-13,-3.898952284097275e-14
10,5,0.0,2.05,5.061124361660411e-13,-3.684666292703296e-14
10,5,0.0,2.1,5.04323145543628e-13,-3.4729138803405586e-14
10,5,0.0,2.15,5.026391099555647e-13,-3.263635069486395e-14
10,5,0.0,2.2,5.010591100827404e-13,-3.056758346819227e-14
10,5,0.0,2.25,4.995819644708902e-13,-2.8522042779180685e-14
10,5,0.0,2.3,4.982065327974079e-13,-2.6498881433569935e-14
10,5,0.0,2.35,4.969317180087544e-13,-2.449721857165508e-14
10,5,0.0,2.4,4.957564676370349e-13,-2.2516153590468414e-14
10,5,0.0,2.45,4.946797745218539e-13,-2.0554776207293947e-14
10,5,0.0,2.5,4.937006771034101e-13,-1.8612173694354525e-14
10,5,0.0,2.55,4.928182594083752e-13,-1.6687436040241556e-14
10,5,0.0,2.6,4.920316508176025e-13,-1.477965959248254e-14
10,5,0.0,2.65,4.913400256809995e-13,-1.2887949588220746e-14
10,5,0.0,2.7,4.907426028271995e-13,-1.1011421871684991e-14
10,5,0.0,2.75,4.902386450030442e-13,-9.149204017647256e-15
10,5,0.0,2.8,4.898274582682554e-13,-7.30043602191219e-15
10,5,0.0,2.85,4.895083913638757e-13,-5.4642706769724455e-15
10,5,0.0,2.9,4.892808350679538e-13,-3.63987371957178e-15
10,5,0.0,2.95,4.891442215481696e-13,-1.8264238139329866e-15
10,5,0.0,3.0,4.890980237184017e-13,-2.311241731931618e-17
10,5,0.0,3.05,4.89141754604247e-13,1.7708564377164189e-15
10,5,0.0,3.1,4.89274966720941e-13,3.556266419262154e-15
10,5,0.0,3.15,4.894972514661517e-13,5.333889211736138e-15
10,5,0.0,3.2,4.898082385292724e-13,7.1044848577888794e-15
10,5,0.0,3.25,4.902075953182099e-13,8.868802116614274e-15
10,5,0.0,3.3,4.9069502640439e-13,1.062757883143473e-14
10,5,0.0,3.35,4.912702729862485e-13,1.2381542300919173e-14
10,5,0.0,3.4,4.919331123712725e-13,1.4131409650756348e-14
10,5,0.0,3.45,4.926833574765996e-13,1.587788820263113e-14
10,5,0.0,3.5,4.935208563479805e-13,1.7621675838663335e-14
10,5,0.0,3.55,4.944454916967393e-13,1.936346135989281e-14
10,5,0.0,3.6,4.954571804545727e-13,2.110392483786911e-14
10,5,0.0,3.65,4.965558733457119e-13,2.2843737958676345e-14
10,5,0.0,3.7,4.977415544760586e-13,2.458356435895413e-14
10,5,0.0,3.75,4.990142409389576e-13,2.6324059953645583e-14
10,5,0.0,3.8,5.003739824371446e-13,2.8065873255340516e-14
10,5,0.0,3.85,5.018208609203987e-13,2.98096456851061e-14
10,5,0.0,3.9,5.03354990238595e-13,3.155601187486633e-14
10,5,0.0,3.95,5.049765158096122e-13,3.330559996131418e-14
10,5,0.0,4.0,5.066856143017494e-13,3.5059031871485176e-14
10,5,0.0,4.05,5.08482493330212e-13,3.681692360005655e-14
10,5,0.0,4.1,5.103673911672548e-13,3.857988547850046e-14
10,5,0.0,4.15,5.123405764655769e-13,4.0348522436232925e-14
10,5,0.0,4.2,5.144023479945981e-13,4.212343425384205e-14
10,5,0.0,4.25,5.165530343891731e-13,4.3905215808602695e-14
10,5,0.0,4.3,5.18792993910405e-13,4.5694457312342235e-14
10,5,0.0,4.35,5.211226142181744e-13,4.749174454185167e-14
10,5,0.0,4.4,5.235423121549838e-13,4.9297659061922836e-14
10,5,0.0,4.45,5.260525335407913e-13,5.111277844122426e-14
10,5,0.0,4.5,5.286537529784415e-13,5.293767646103998e-14
10,5,0.0,4.55,5.313464736693828e-13,5.477292331711601e-14
10,5,0.0,4.6,5.3413122723929e-13,5.661908581465114e-14
10,5,0.0,4.65,5.370085735732685e-13,5.847672755658848e-14
10,5,0.0,4.7,5.399791006603109e-13,6.034640912535506e-14
10,5,0.0,4.75,5.430434244466903e-13,6.222868825810143e-14
10,5,0.0,4.8,5.462021886979321e-13,6.412412001561695e-14
10,5,0.0,4.85,5.494560648690899e-13,6.603325694499192e-14
10,5,0.0,4.9,5.528057519830164e-13,6.795664923615135e-14
10,5,0.0,4.95,5.562519765162685e-13,6.989484487234591e-14
10,5,0.0,5.0,5.597954922924226e-13,7.184838977472613e-14
10,5,1.0,0.0,4.2680370187516445e-13,4.189085494095027e-12
10,5,1.0,0.05,6.611407798403007e-13,5.118030399052307e-12
10,5,1.0,0.1,9.305465915013238e-13,5.569628657536022e-12
10,5,1.0,0.15,1.2093539149971988e-12,5.501332524903861e-12
10,5,1.0,0.2,1.4737060685415736e-12,5.01666755917312e-12
10,5,1.0,0.25,1.7068778194560847e-12,4.282979564242517e-12
10,5,1.0,0.3,1.9005265335205983e-12,3.4590351659828523e-12
10,5,1.0,0.35,2.0532116504673866e-12,2.659209052094844e-12
10,5,1.0,0.4,2.167955986117527e-12,1.9485949961680886e-12
10,5,1.0,0.45,2.250010840686799e-12,1.3535497307944986e-12
10,5,1.0,0.5,2.305271142618358e-12,8.756967009062094e-13
10,5,1.0,0.55,2.339345941167293e-12,5.036105380675104e-13
10,5,1.0,0.6,2.3571185563254695e-12,2.206944255470321e-13
10,5,1.0,0.65,2.3626136396102127e-12,9.733111155124735e-15
10,5,1.0,0.7,2.359029815643124e-12,-1.4486630360871522e-13
10,5,1.0,0.75,2.3488461435226393e-12,-2.5623106233534816e-13
10,5,1.0,0.8,2.3339498749206913e-12,-3.3492858307547205e-13
10,5,1.0,0.85,2.3157589864278766e-12,-3.892196655626749e-13
10,5,1.0,0.9,2.2953283304780467e-12,-4.254340347345694e-13
10,5,1.0,0.95,2.2734364863688976e-12,-4.483542736963255e-13
10,5,1.0,1.0,2.250654336889808e-12,-4.615580287704251e-13
10,5,1.0,1.05,2.227397960194784e-12,-4.677022409486144e-13
10,5,1.0,1.1,2.203968775760544e-12,-4.687495500836582e-13
10,5,1.0,1.15,2.1805836766165335e-12,-4.661438712009716e-13
10,5,1.0,1.2,2.157397466649304e-12,-4.609441335134708e-13
10,5,1.0,1.25,2.134519473177342e-12,-4.5392490007195613e-13
10,5,1.0,1.3,2.112025796391405e-12,-4.456514159481815e-13
10,5,1.0,1.35,2.089968314584711e-12,-4.3653523990742077e-13
10,5,1.0,1.4,2.06838128983664e-12,-4.268753017094813e-13
10,5,1.0,1.45,2.0472862055931127e-12,-4.1688810752284423e-13
10,5,1.0,1.5,2.026695304955903e-12,-4.067299112573046e-13
10,5,1.0,1.55,2.0066141760490335e-12,-3.9651296218927144e-13
10,5,1.0,1.6,1.9870436394727285e-12,-3.863173976556478e-13
10,5,1.0,1.65,1.9679811251240695e-12,-3.7619994082166216e-13
10,5,1.0,1.7,1.949421675675825e-12,-3.662002580300705e-13
10,5,1.0,1.75,1.931358677232046e-12,-3.563456034976812e-13
10,5,1.0,1.8,1.913784390689881e-12,-3.4665421165813153e-13
10,5,1.0,1.85,1.896690337561519e-12,-3.3713777419596605e-13
10,5,1.0,1.9,1.880067579536565e-12,-3.2780324832875633e-13
10,5,1.0,1.95,1.8639069204815705e-12,-3.186541765801599e-13
10,5,1.0,2.0,1.848199051837134e-12,-3.0969164974941e-13
10,5,1.0,2.05,1.8329346567221255e-12,-3.009150092894932e-13
10,5,1.0,2.1,1.818104483925732e-12,-2.9232235936522535e-13
10,5,1.0,2.15,1.8036993999532925e-12,-2.839109399128287e-13
10,5,1.0,2.2,1.7897104250896937e-12,-2.756773981812933e-13
10,5,1.0,2.25,1.7761287578363926e-12,-2.676179861293057e-13
10,5,1.0,2.3,1.762945790903002e-12,-2.5972870367080284e-13
10,5,1.0,2.35,1.7501531210771514e-12,-2.520054023730678e-13
10,5,1.0,2.4,1.7377425546690283e-12,-2.444438602760062e-13
10,5,1.0,2.45,1.7257061097697996e-12,-2.370398356269141e-13
10,5,1.0,2.5,1.7140360162281092e-12,-2.2978910522616024e-13
10,5,1.0,2.55,1.70272471400479e-12,-2.2268749154557056e-13
10,5,1.0,2.6,1.6917648503869893e-12,-2.157308816612979e-13
10,5,1.0,2.65,1.681149276412633e-12,-2.0891524022437573e-13
10,5,1.0,2.7,1.67087104276053e-12,-2.022366180939685e-13
10,5,1.0,2.75,1.6609233952917634e-12,-1.9569115782119e-13
10,5,1.0,2.8,1.651299770377018e-12,-1.8927509685175284e-13
10,5,1.0,2.85,1.6419937901071104e-12,-1.8298476908216865e-13
10,5,1.0,2.9,1.6329992574570243e-12,-1.7681660523319642e-13
10,5,1.0,2.95,1.6243101514534961e-12,-1.7076713237938913e-13
10,5,1.0,3.0,1.6159206223819433e-12,-1.6483297288228732e-13
10,5,1.0,3.05,1.6078249870577047e-12,-1.5901084290772117e-13
10,5,1.0,3.1,1.6000177241791278e-12,-1.5329755065897667e-13
10,5,1.0,3.15,1.5924934697738553e-12,-1.4768999442173586e-13
10,5,1.0,3.2,1.585247012746225e-12,-1.4218516049043314e-13
10,5,1.0,3.25,1.5782732905301782e-12,-1.3678012102670956e-13
10,5,1.0,3.3,1.5715673848501084e-12,-1.3147203188629584e-13
10,5,1.0,3.35,1.5651245175907052e-12,-1.2625813044078107e-13
10,5,1.0,3.4,1.5589400467752946e-12,-1.2113573341293908e-13
10,5,1.0,3.45,1.5530094626519106e-12,-1.1610223473889559e-13
10,5,1.0,3.5,1.5473283838852945e-12,-1.1115510346643476e-13
10,5,1.0,3.55,1.541892553853035e-12,-1.0629188169576515e-13
10,5,1.0,3.6,1.5366978370434036e-12,-1.0151018256695835e-13
10,5,1.0,3.65,1.5317402155526796e-12,-9.680768829669225e-14
10,5,1.0,3.7,1.5270157856793495e-12,-9.218214826581107e-14
10,5,1.0,3.75,1.5225207546126431e-12,-8.763137715847269e-14
10,5,1.0,3.8,1.5182514372127752e-12,-8.315325315283573e-14
10,5,1.0,3.85,1.5142042528804293e-12,-7.874571616312294e-14
10,5,1.0,3.9,1.5103757225128957e-12,-7.440676613236443e-14
10,5,1.0,3.95,1.5067624655441738e-12,-7.013446137493483e-14
10,5,1.0,4.0,1.503361197066891e-12,-6.592691696807637e-14
10,5,1.0,4.05,1.5001687250333576e-12,-6.178230319108596e-14
10,5,1.0,4.1,1.4971819475335088e-12,-5.769884401124532e-14
10,5,1.0,4.15,1.4943978501473827e-12,-5.3674815615171673e-14
10,5,1.0,4.2,1.491813503370019e-12,-4.970854498446543e-14
10,5,1.0,4.25,1.4894260601063073e-12,-4.579840851439312e-14
10,5,1.0,4.3,1.4872327532340618e-12,-4.194283067445455e-14
10,5,1.0,4.35,1.4852308932329033e-12,-3.81402827095916e-14
10,5,1.0,4.4,1.4834178658771037e-12,-3.4389281380938314e-14
10,5,1.0,4.45,1.481791129990538e-12,-3.06883877448435e-14
10,5,1.0,4.5,1.480348215261583e-12,-2.7036205969149044e-14
10,5,1.0,4.55,1.4790867201164457e-12,-2.3431382185581678e-14
10,5,1.0,4.6,1.4780043096488686e-12,-1.98726033770666e-14
10,5,1.0,4.65,1.4770987136047404e-12,-1.635859629909117e-14
10,5,1.0,4.7,1.4763677244196928e-12,-1.2888126433915983e-14
10,5,1.0,4.75,1.4758091953082933e-12,-9.459996976761813e-15
10,5,1.0,4.8,1.4754210384030167e-12,-6.0730478528194425e-15
10,5,1.0,4.85,1.4752012229417756e-12,-2.7261547643499635e-15
10,5,1.0,4.9,1.4751477735022606e-12,5.817717333115508e-16
10,5,1.0,4.95,1.4752587682817738e-12,3.851787127502025e-15
10,5,1.0,5.0,1.4755323374211814e-12,7.084913816819399e-15
10,5,2.0,0.0,1.515287794053094e-11,1.8852629245642055e-10
10,5,2.0,0.05,2.6584715072562673e-11,2.6792951689746954e-10
10,5,2.0,0.1,4.1692892267438125e-11,3.323336095697993e-10
10,5,2.0,0.15,5.930633878073886e-11,3.664377776832414e-10
10,5,2.0,0.2,7.775581086250624e-11,3.6604432673291727e-10
10,5,2.0,0.25,9.543156345970841e-11,3.3705798180629215e-10
10,5,2.0,0.3,1.1116496839816023e-10,2.9025900590463067e-10
10,5,2.0,0.35,1.243402105349845e-10,2.363242357103855e-10
10,5,2.0,0.4,1.348124342477914e-10,1.8317878750076947e-10
10,5,2.0,0.45,1.4275036222807304e-10,1.3548044044377987e-10
10,5,2.0,0.5,1.4848566343226146e-10,9.523607606036028e-11
10,5,2.0,0.55,1.524032562553181e-10,6.27186108572062e-11
10,5,2.0,0.6,1.5487538565125344e-10,3.726062031322177e-11
10,5,2.0,0.65,1.5622932883862123e-10,1.780154015819681e-11
10,5,2.0,0.7,1.5673661213397268e-10,3.21026229776245e-12
10,5,2.0,0.75,1.5661408084658812e-10,-7.552036384553963e-12
10,5,2.0,0.8,1.5603043138335156e-10,-1.536726883881426e-11
10,5,2.0,0.85,1.5511448693293013e-10,-2.0949370511407762e-11
10,5,2.0,0.9,1.539633018747464e-10,-2.4858694423914794e-11
10,5,2.0,0.95,1.5264926137825945e-10,-2.7525913301912222e-11
10,5,2.0,1.0,1.5122593064745812e-10,-2.927721821587335e-11
10,5,2.0,1.05,1.4973269531612955e-10,-3.0357106020877246e-11
10,5,2.0,1.1,1.4819835276833963e-10,-3.0947466669748365e-11
10,5,2.0,1.15,1.466438450933994e-10,-3.1182871237438504e-11
10,5,2.0,1.2,1.4508431453318157e-10,-3.116247381410429e-11
10,5,2.0,1.25,1.4353063655902983e-10,-3.0959103403779616e-11
10,5,2.0,1.3,1.4199055653446492e-10,-3.0626119433633336e-11
10,5,2.0,1.35,1.4046952884647834e-10,-3.020253401498792e-11
10,5,2.0,1.4,1.389713344532504e-10,-2.971681444420005e-11
10,5,2.0,1.45,1.3749853432280045e-10,-2.9189692915615495e-11
10,5,2.0,1.5,1.3605280181251456e-10,-2.8636235734228533e-11
10,5,2.0,1.55,1.3463516600219754e-10,-2.8067363525607747e-11
10,5,2.0,1.6,1.3324618966331344e-10,-2.7490966169910054e-11
10,5,2.0,1.65,1.3188609931984027e-10,-2.6912719484668802e-11
10,5,2.0,1.7,1.3055488023225588e-10,-2.6336682906132585e-11
10,5,2.0,1.75,1.2925234571905758e-10,-2.5765736617651478e-11
10,5,2.0,1.8,1.2797818771373297e-10,-2.5201901108557193e-11
10,5,2.0,1.85,1.267320136063032e-10,-2.4646570708728783e-11
10,5,2.0,1.9,1.2551337306277943e-10,-2.4100684215428402e-11
10,5,2.0,1.95,1.2432177752289744e-10,-2.3564849534663506e-11
10,5,2.0,2.0,1.2315671434979855e-10,-2.3039434715638585e-11
10,5,2.0,2.05,1.220176570739646e-10,-2.2524634428586545e-11
10,5,2.0,2.1,1.209040727852369e-10,-2.202051850058039e-11
10,5,2.0,2.15,1.1981542744287858e-10,-2.1527067342688086e-11
10,5,2.0,2.2,1.1875118966620856e-10,-2.104419779983959e-11
10,5,2.0,2.25,1.1771083341682454e-10,-2.05717820033135e-11
10,5,2.0,2.3,1.1669383987267553e-10,-2.0109661110639808e-11
10,5,2.0,2.35,1.1569969871341658e-10,-1.9657655309933008e-11
10,5,2.0,2.4,1.1472790897734475e-10,-1.9215571094714062e-11
10,5,2.0,2.45,1.1377797960705058e-10,-1.8783206544342572e-11
10,5,2.0,2.5,1.1284942976938902e-10,-1.8360355147217427e-11
10,5,2.0,2.55,1.1194178901229417e-10,-1.7946808559322088e-11
10,5,2.0,2.6,1.1105459730412474e-10,-1.754235858503395e-11
10,5,2.0,2.65,1.1018740498891308e-10,-1.714679858991383e-11
10,5,2.0,2.7,1.0933977268188801e-10,-1.6759924498800967e-11
10,5,2.0,2.75,1.0851127112305476e-10,-1.6381535491294344e-11
10,5,2.0,2.8,1.0770148100179958e-10,-1.6011434476577395e-11
10,5,2.0,2.85,1.069099927619978e-10,-1.564942840752152e-11
10,5,2.0,2.9,1.0613640639448012e-10,-1.529532847788297e-11
10,5,2.0,2.95,1.0538033122188534e-10,-1.494895023464815e-11
10,5,2.0,3.0,1.0464138567950861e-10,-1.4610113628964853e-11
10,5,2.0,3.05,1.0391919709476862e-10,-1.4278643022802775e-11
10,5,2.0,3.1,1.0321340146718564e-10,-1.3954367163866224e-11
10,5,2.0,3.15,1.025236432502074e-10,-1.363711913793875e-11
10,5,2.0,3.2,1.0184957513583688e-10,-1.33267363053374e-11
10,5,2.0,3.25,1.0119085784273441e-10,-1.302306022638853e-11
10,5,2.0,3.3,1.005471599082365e-10,-1.2725936579479744e-11
10,5,2.0,3.35,9.99181574846127e-11,-1.2435215074306486e-11
10,5,2.0,3.4,9.930353413972706e-11,-1.2150749362198996e-11
10,5,2.0,3.45,9.870298066223509e-11,-1.187239694491638e-11
10,5,2.0,3.5,9.811619487135206e-11,-1.1600019082904108e-11
10,5,2.0,3.55,9.754288143121668e-11,-1.1333480703738216e-11
10,5,2.0,3.6,9.698275166980353e-11,-1.1072650311268044e-11
10,5,2.0,3.65,9.643552340236055e-11,-1.0817399895835593e-11
10,5,2.0,3.7,9.59009207593025e-11,-1.0567604845822414e-11
10,5,2.0,3.75,9.537867401848925e-11,-1.0323143860709154e-11
10,5,2.0,3.8,9.486851944180829e-11,-1.0083898865766924e-11
10,5,2.0,3.85,9.437019911598436e-11,-9.849754928458093e-12
10,5,2.0,3.9,9.388346079752604e-11,-9.620600176594468e-12
10,5,2.0,3.95,9.340805776171134e-11,-9.396325718276143e-12
10,5,2.0,4.0,9.29437486555406e-11,-9.176825563617876e-12
10,5,2.0,4.05,9.249029735455572e-11,-8.961996548259814e-12
10,5,2.0,4.1,9.204747282344001e-11,-8.75173825864779e-12
10,5,2.0,4.15,9.161504898030551e-11,-8.54595295906245e-12
10,5,2.0,4.2,9.119280456459462e-11,-8.344545520373815e-12
10,5,2.0,4.25,9.07805230084933e-11,-8.147423350494626e-12
10,5,2.0,4.3,9.037799231178181e-11,-7.954496326498474e-12
10,5,2.0,4.35,8.998500492004414e-11,-7.765676728377547e-12
10,5,2.0,4.4,8.96013576061397e-11,-7.580879174401401e-12
10,5,2.0,4.45,8.922685135487334e-11,-7.400020558047151e-12
10,5,2.0,4.5,8.886129125078453e-11,-7.223019986468532e-12
10,5,2.0,4.55,8.850448636896384e-11,-7.049798720468923e-12
10,5,2.0,4.6,8.815624966884504e-11,-6.880280115944764e-12
10,5,2.0,4.65,8.781639789088142e-11,-6.714389566768625e-12
10,5,2.0,4.7,8.748475145604781e-11,-6.552054449077923e-12
10,5,2.0,4.75,8.716113436808995e-11,-6.3932040669371674e-12
10,5,2.0,4.8,8.6845374118458e-11,-6.237769599344165e-12
10,5,2.0,4.85,8.653730159386039e-11,-6.085684048543058e-12
10,5,2.0,4.9,8.623675098636312e-11,-5.9368821896230944e-12
10,5,2.0,4.95,8.594355970598478e-11,-5.791300521364305e-12
10,5,2.0,5.0,8.565756829571212e-11,-5.648877218303383e-12
10,5,3.0,0.0,4.961049739126664e-10,7.593999916116539e-09
10,5,3.0,0.05,1.002129262521497e-09,1.2845025528878028e-08
10,5,3.0,0.1,1.790665314811434e-09,1.868077359264674e-08
10,5,3.0,0.15,2.856192454521246e-09,2.3684192980468056e-08
10,5,3.0,0.2,4.124868100199571e-09,2.6662086131891694e-08
10,5,3.0,0.25,5.480823035195299e-09,2.7171956974207697e-08
10,5,3.0,0.3,6.805927896097938e-09,2.552741223923128e-08
10,5,3.0,0.35,8.009754432060642e-09,2.2455064713151617e-08
10,5,3.0,0.4,9.040606584403799e-09,1.872670032006972e-08
10,5,3.0,0.45,9.881643631946509e-09,1.494350367779208e-08
10,5,3.0,0.5,1.0540358564471028e-08,1.1477775198717271e-08
10,5,3.0,0.55,1.1037725206947445e-08,8.505869029766056e-09
10,5,3.0,0.6,1.1399929223424337e-08,6.070525847490872e-09
10,5,3.0,0.65,1.165318424803757e-08,4.1384807393002324e-09
10,5,3.0,0.7,1.1821038085206159e-08,2.6418179330421184e-09
10,5,3.0,0.75,1.1923331707703798e-08,1.503257936731675e-09
10,5,3.0,0.8,1.1976105322544663e-08,6.495277716984096e-10
10,5,3.0,0.85,1.1991967500329465e-08,1.7164589761549836e-11
10,5,3.0,0.9,1.1980636566169395e-08,-4.4595006634832123e-10
10,5,3.0,0.95,1.1949498650671222e-08,-7.811855018864299e-10
10,5,3.0,1.0,1.190411022041665e-08,-1.0206363054571156e-09
10,5,3.0,1.05,1.1848619645143248e-08,-1.1888105216761423e-09
10,5,3.0,1.1,1.1786106103042955e-08,-1.3042149093001261e-09
10,5,3.0,1.15,1.171884464058811e-08,-1.3807131165657352e-09
10,5,3.0,1.2,1.1648509666546164e-08,-1.4286306877083847e-09
10,5,3.0,1.25,1.1576329183738873e-08,-1.455625646705609e-09
10,5,3.0,1.3,1.1503200627977085e-08,-1.4673600225235344e-09
10,5,3.0,1.35,1.1429777309318574e-08,-1.4680104048666314e-09
10,5,3.0,1.4,1.1356532616146617e-08,-1.460652224323736e-09
10,5,3.0,1.45,1.1283807542121228e-08,-1.4475469314084109e-09
10,5,3.0,1.5,1.1211845782010084e-08,-1.430355517201628e-09
10,5,3.0,1.55,1.1140819601897996e-08,-1.4102966858124105e-09
10,5,3.0,1.6,1.1070848884311052e-08,-1.388263715344532e-09
10,5,3.0,1.65,1.1002015135679284e-08,-1.364910631747238e-09
10,5,3.0,1.7,1.0934371781581981e-08,-1.3407156660434173e-09
10,5,3.0,1.75,1.0867951729727546e-08,-1.3160279369858047e-09
10,5,3.0,1.8,1.0802772923645237e-08,-1.2911017691280774e-09
10,5,3.0,1.85,1.0738842419646933e-08,-1.2661219086898789e-09
10,5,3.0,1.9,1.0676159378923577e-08,-1.2412220450241786e-09
10,5,3.0,1.95,1.0614717262883023e-08,-1.2164984117879946e-09
10,5,3.0,2.0,1.0554505443436548e-08,-1.1920197734223545e-09
10,5,3.0,2.05,1.049551038373889e-08,-1.1678347569377033e-09
10,5,3.0,2.1,1.0437716503576049e-08,-1.1439772344459387e-09
10,5,3.0,2.15,1.038110681324339e-08,-1.120470274604194e-09
10,5,3.0,2.2,1.0325663377466916e-08,-1.097329043465129e-09
10,5,3.0,2.25,1.0271367654555994e-08,-1.0745629340801892e-09
10,5,3.0,2.3,1.0218200743957427e-08,-1.0521771299226317e-09
10,5,3.0,2.35,1.0166143566563984e-08,-1.0301737526564636e-09
10,5,3.0,2.4,1.011517699565735e-08,-1.0085527047416462e-09
10,5,3.0,2.45,1.0065281951608162e-08,-9.873122879798517e-10
10,5,3.0,2.5,1.0016439469974571e-08,-9.664496575353457e-10
10,5,3.0,2.55,9.968630750075322e-09,-9.459611551362658e-10
10,5,3.0,2.6,9.921837189234294e-09,-9.258425535402494e-10
10,5,3.0,2.65,9.876040406515455e-09,-9.060892358230177e-10
10,5,3.0,2.7,9.831222258752298e-09,-8.866963267855696e-10
10,5,3.0,2.75,9.78736485092995e-09,-8.676587891824323e-10
10,5,3.0,2.8,9.744450542437215e-09,-8.489714940986227e-10
10,5,3.0,2.85,9.702461950297251e-09,-8.306292723271151e-10
10,5,3.0,2.9,9.66138195019804e-09,-8.126269517791792e-10
10,5,3.0,2.95,9.621193675920846e-09,-7.949593846250689e-10
10,5,3.0,3.0,9.581880517611121e-09,-7.776214668822334e-10
10,5,3.0,3.05,9.543426119215445e-09,-7.606081524466869e-10
10,5,3.0,3.1,9.505814375324464e-09,-7.439144630361209e-10
10,5,3.0,3.15,9.469029427597792e-09,-7.2753549512249e-10
10,5,3.0,3.2,9.43305566090078e-09,-7.114664246482997e-10
10,5,3.0,3.25,9.397877699247694e-09,-6.957025101093719e-10
10,5,3.0,3.3,9.363480401622929e-09,-6.802390944343416e-10
10,5,3.0,3.35,9.329848857731563e-09,-6.650716059762882e-10
10,5,3.0,3.4,9.296968383717412e-09,-6.501955588495754e-10
10,5,3.0,3.45,9.264824517876254e-09,-6.356065527834276e-10
10,5,3.0,3.5,9.233403016387517e-09,-6.213002726191394e-10
10,5,3.0,3.55,9.202689849075848e-09,-6.072724875436956e-10
10,5,3.0,3.6,9.172671195217824e-09,-5.935190501298097e-10
10,5,3.0,3.65,9.143333439399327e-09,-5.800358952324164e-10
10,5,3.0,3.7,9.114663167431493e-09,-5.668190387807858e-10
10,5,3.0,3.75,9.08664716232876e-09,-5.538645764934059e-10
10,5,3.0,3.8,9.059272400352818e-09,-5.411686825376269e-10
10,5,3.0,3.85,9.032526047124235e-09,-5.287276081490818e-10
10,5,3.0,3.9,9.0063954538047e-09,-5.16537680223235e-10
10,5,3.0,3.95,8.98086815334917e-09,-5.045952998879878e-10
10,5,3.0,4.0,8.955931856830383e-09,-4.928969410638856e-10
10,5,3.0,4.05,8.931574449835311e-09,-4.81439149017801e-10
10,5,3.0,4.1,8.90778398893427e-09,-4.702185389134323e-10
10,5,3.0,4.15,8.88454869822197e-09,-4.5923179436235915e-10
10,5,3.0,4.2,8.861856965931669e-09,-4.484756659782147e-10
10,5,3.0,4.25,8.83969734112079e-09,-4.379469699354927e-10
10,5,3.0,4.3,8.818058530428933e-09,-4.2764258653545863e-10
10,5,3.0,4.35,8.79692939490723e-09,-4.175594587798382e-10
10,5,3.0,4.4,8.776298946918731e-09,-4.0769459095389924e-10
10,5,3.0,4.45,8.75615634710943e-09,-3.9804504721962077e-10
10,5,3.0,4.5,8.736490901449514e-09,-3.886079502202625e-10
10,5,3.0,4.55,8.717292058343765e-09,-3.7938047969646417e-10
10,5,3.0,4.6,8.698549405811023e-09,-3.703598711150007e-10
10,5,3.0,4.65,8.680252668732115e-09,-3.6154341431094985e-10
10,5,3.0,4.7,8.662391706164738e-09,-3.529284521428677e-10
10,5,3.0,4.75,8.644956508725985e-09,-3.4451237916276696e-10
10,5,3.0,4.8,8.627937196040443e-09,-3.3629264030032613e-10
10,5,3.0,4.85,8.61132401425377e-09,-3.282667295621152e-10
10,5,3.0,4.9,8.595107333611404e-09,-3.2043218874629077e-10
10,5,3.0,4.95,8.57927764610033e-09,-3.1278660617282164e-10
10,5,3.0,5.0,8.563825563154732e-09,-3.0532761542968346e-10
10,5,4.0,0.0,3.2336645280653506e-09,5.8284944133726085e-08
10,5,4.0,0.05,7.519184187581946e-09,1.1791555609116233e-07
10,5,4.0,0.1,1.5477679840945505e-08,2.0419265971424215e-07
10,5,4.0,0.15,2.816753072406497e-08,3.038463069827897e-07
10,5,4.0,0.2,4.569783035611684e-08,3.937021358525547e-07
10,5,4.0,0.25,6.70112192663745e-08,4.5239390532727725e-07
10,5,4.0,0.3,9.024781107536794e-08,4.7018373319068896e-07
10,5,4.0,0.35,1.1339853891237872e-07,4.5037775776649187e-07
10,5,4.0,0.4,1.3484566632288943e-07,4.042214724228879e-07
10,5,4.0,0.45,1.5359835637574256e-07,3.4463551575197015e-07
10,5,4.0,0.5,1.6926368156061858e-07,2.821873985268729e-07
10,5,4.0,0.55,1.8188574849319272e-07,2.237443012150331e-07
10,5,4.0,0.6,1.9176467004522115e-07,1.7281542127974867e-07
10,5,4.0,0.65,1.9931201165825624e-07,1.305236408432394e-07
10,5,4.0,0.7,2.0495643945157953e-07,9.657419485072592e-08
10,5,4.0,0.75,2.090921320581095e-07,6.997985282584159e-08
10,5,4.0,0.8,2.1205665025171398e-07,4.952023046063315e-08
10,5,4.0,0.85,2.1412631052214103e-07,3.399482076255009e-08
10,5,4.0,0.9,2.1552055357766324e-07,2.234072386895384e-08
10,5,4.0,0.95,2.1641003402461682e-07,1.3671577311670125e-08
10,5,4.0,1.0,2.1692551035290957e-07,7.2755350043753304e-09
10,5,4.0,1.05,2.1716610852116317e-07,2.5950246572747315e-09
10,5,4.0,1.1,2.172063933000465e-07,-7.992457384334133e-10
10,5,4.0,1.15,2.1710213427673976e-07,-3.2338364392176728e-09
10,5,4.0,1.2,2.1689486552173749e-07,-4.955034122708398e-09
10,5,4.0,1.25,2.166154182483933e-07,-6.147440050926922e-09
10,5,4.0,1.3,2.1628661947409853e-07,-6.948802719916753e-09
10,5,4.0,1.35,2.1592533325394446e-07,-7.461576150431362e-09
10,5,4.0,1.4,2.1554399378996166e-07,-7.761783293531311e-09
10,5,4.0,1.45,2.1515175108142593e-07,-7.90573762878264e-09
10,5,4.0,1.5,2.1475532390832904e-07,-7.93510060528448e-09
10,5,4.0,1.55,2.1435963322934152e-07,-7.88066564173474e-09
10,5,4.0,1.6,2.1396827161824594e-07,-7.765177919200823e-09
10,5,4.0,1.65,2.1358385069725468e-07,-7.60542953187082e-09
10,5,4.0,1.7,2.1320825801619905e-07,-7.413812928786759e-09
10,5,4.0,1.75,2.1284284684233416e-07,-7.1994709448404295e-09
10,5,4.0,1.8,2.1248857631067185e-07,-6.96914724060311e-09
10,5,4.0,1.85,2.1214611488090795e-07,-6.7278146966447234e-09
10,5,4.0,1.9,2.1181591668919567e-07,-6.479139474233757e-09
10,5,4.0,1.95,2.114982778871208e-07,-6.22582358147765e-09
10,5,4.0,2.0,2.1119337820942643e-07,-5.969857683945548e-09
10,5,4.0,2.05,2.1090131164170536e-07,-5.712707642857308e-09
10,5,4.0,2.1,2.106221090459047e-07,-5.455452138323453e-09
10,5,4.0,2.15,2.1035575485265993e-07,-5.1988841983907816e-09
10,5,4.0,2.2,2.1010219937661662e-07,-4.9435860988510675e-09
10,5,4.0,2.25,2.0986136790273792e-07,-4.689984618920748e-09
10,5,4.0,2.3,2.096331673904165e-07,-4.4383918064947845e-09
10,5,4.0,2.35,2.0941749142008772e-07,-4.18903505484375e-09
10,5,4.0,2.4,2.092142238430773e-07,-3.942079295101026e-09
10,5,4.0,2.45,2.090232414746013e-07,-3.6976433729597515e-09
10,5,4.0,2.5,2.0884441608059615e-07,-3.4558121351668663e-09
10,5,4.0,2.55,2.0867761584336412e-07,-3.2166453510366982e-09
10,5,4.0,2.6,2.0852270644247007e-07,-2.980184298910408e-09
10,5,4.0,2.65,2.0837955185157567e-07,-2.746456629735604e-09
10,5,4.0,2.7,2.0824801492546282e-07,-2.515479959294971e-09
10,5,4.0,2.75,2.0812795783211251e-07,-2.287264522196939e-09
10,5,4.0,2.8,2.0801924237025788e-07,-2.0618151333458714e-09
10,5,4.0,2.85,2.0792173020229198e-07,-1.8391326381892113e-09
10,5,4.0,2.9,2.0783528302457725e-07,-1.6192149854913817e-09
10,5,4.0,2.95,2.0775976269143618e-07,-1.4020580213341624e-09
10,5,4.0,3.0,2.0769503130485196e-07,-1.1876560771820367e-09
10,5,4.0,3.05,2.076409512787582e-07,-9.760024057400723e-10
10,5,4.0,3.1,2.075973853844955e-07,-7.670895043052803e-10
10,5,4.0,3.15,2.0756419678227732e-07,-5.609093548691291e-10
10,5,4.0,3.2,2.0754124904227824e-07,-3.574536025999925e-10
10,5,4.0,3.25,2.0752840615798927e-07,-1.567136886736339e-10
10,5,4.0,3.3,2.075255325538193e-07,4.1319050771442016e-11
10,5,4.0,3.35,2.0753249308842288e-07,2.36653310839591e-10
10,5,4.0,3.4,2.0754915305480528e-07,4.2929776280673673e-10
10,5,4.0,3.45,2.075753781780618e-07,6.192610130300148e-10
10,5,4.0,3.5,2.0761103461132545e-07,8.065515723031391e-10
10,5,4.0,3.55,2.0765598893039187e-07,9.911778330791967e-10
10,5,4.0,3.6,2.077101081273615e-07,1.1731480526052205e-09
10,5,4.0,3.65,2.0777325960354618e-07,1.3524703405758274e-09
10,5,4.0,3.7,2.078453111618705e-07,1.52915265021123e-09
10,5,4.0,3.75,2.0792613099886405e-07,1.7032027720046656e-09
10,5,4.0,3.8,2.080155876964267e-07,1.87462832952656e-09
10,5,4.0,3.85,2.0811355021340923e-07,2.043436776871311e-09
10,5,4.0,3.9,2.0821988787709508e-07,2.2096353973982366e-09
10,5,4.0,3.95,2.083344703746696e-07,2.373231303534944e-09
10,5,4.0,4.0,2.084571677446723e-07,2.534231437450152e-09
10,5,4.0,4.05,2.0858785036852598e-07,2.6926425724567186e-09
10,5,4.0,4.1,2.0872638896213574e-07,2.8484713150333006e-09
10,5,4.0,4.15,2.0887265456761455e-07,3.001724107380165e-09
10,5,4.0,4.2,2.09026518545141e-07,3.1524072304482295e-09
10,5,4.0,4.25,2.091878525649765e-07,3.3005268073791457e-09
10,5,4.0,4.3,2.0935652859967746e-07,3.4460888073225697e-09
10,5,4.0,4.35,2.0953241891649506e-07,3.5890990495874135e-09
10,5,4.0,4.4,2.0971539606998666e-07,3.729563208102854e-09
10,5,4.0,4.45,2.099053328948721e-07,3.86748681616272e-09
10,5,4.0,4.5,2.101021024991293e-07,4.002875271425404e-09
10,5,4.0,4.55,2.1030557825732594e-07,4.135733841161251e-09
10,5,4.0,4.6,2.1051563380425725e-07,4.266067667711779e-09
10,5,4.0,4.65,2.1073214302882562e-07,4.39388177416475e-09
10,5,4.0,4.7,2.1095498006822668e-07,4.519181070214893e-09
10,5,4.0,4.75,2.1118401930243476e-07,4.641970358196698e-09
10,5,4.0,4.8,2.1141913534898484e-07,4.762254339288017e-09
10,5,4.0,4.85,2.1166020305807033e-07,4.880037619855447e-09
10,5,4.0,4.9,2.1190709750797355e-07,4.995324717940474e-09
10,5,4.0,4.95,2.1215969400080475e-07,5.108120069870156e-09
10,5,4.0,5.0,2.124178680585851e-07,5.2184280369784615e-09
10,5,5.0,0.0,4.3418183226175756e-09,8.754566303507344e-08
10,5,5.0,0.05,1.1391682888854451e-08,2.086748043277331e-07
10,5,5.0,0.1,2.6906274291928113e-08,4.3072222454864463e-07
10,5,5.0,0.15,5.630614553951964e-08,7.613848308480169e-07
10,5,5.0,0.2,1.0413265050659226e-07,1.1557084650539034e-06
10,5,5.0,0.25,1.714652195281608e-07,1.5253558729444429e-06
10,5,5.0,0.3,2.5476555838388426e-07,1.7823945427729243e-06
10,5,5.0,0.35,3.470319419273112e-07,1.8809309783950996e-06
10,5,5.0,0.4,4.4030289617825863e-07,1.827297477652277e-06
10,5,5.0,0.45,5.279028164270628e-07,1.6624177414250545e-06
10,5,5.0,0.5,6.055399235461973e-07,1.4369572289101365e-06
10,5,5.0,0.55,6.713166278037953e-07,1.1940838772021685e-06
10,5,5.0,0.6,7.251504664838512e-07,9.628803578039695e-07
10,5,5.0,0.65,7.680649063372184e-07,7.589616675843638e-07
10,5,5.0,0.7,8.016000598596587e-07,5.880504484705828e-07
10,5,5.0,0.75,8.274160550369296e-07,4.498066607218768e-07
10,5,5.0,0.8,8.470685462577581e-07,3.407966874699434e-07
10,5,5.0,0.85,8.619063525931261e-07,2.564243501648666e-07
10,5,5.0,0.9,8.730435825881205e-07,1.920247793641887e-07
10,5,5.0,0.95,8.813712873687586e-07,1.433952101777592e-07
10,5,5.0,1.0,8.875864706021117e-07,1.0699043452664236e-07
10,5,5.0,1.05,8.922258859824566e-07,7.993931902880704e-08
10,5,5.0,1.1,8.956982849834828e-07,5.997819759390807e-08
10,5,5.0,1.15,8.983124385930325e-07,4.535477389204207e-08
10,5,5.0,1.2,9.003002251734982e-07,3.472989352010165e-08
10,5,5.0,1.25,9.018350295584047e-07,2.7089423381915176e-08
10,5,5.0,1.3,9.030460855748048e-07,2.1670374435727527e-08
10,5,5.0,1.35,9.040294886222206e-07,1.7901412878552077e-08
10,5,5.0,1.4,9.048565623699152e-07,1.5356180501373684e-08
10,5,5.0,1.45,9.05580167613226e-07,1.3717296409116543e-08
10,5,5.0,1.5,9.062394338005178e-07,1.2748926791076887e-08
10,5,5.0,1.55,9.068632937728162e-07,1.2276059093422069e-08
10,5,5.0,1.6,9.074731169701594e-07,1.2168935879875226e-08
10,5,5.0,1.65,9.080846670137112e-07,1.2331414358753864e-08
10,5,5.0,1.7,9.087095548448055e-07,1.2692288744884435e-08
10,5,5.0,1.75,9.09356316244429e-07,1.3198835991663611e-08
10,5,5.0,1.8,9.100312102046857e-07,1.3812023126410796e-08
10,5,5.0,1.85,9.107388101410258e-07,1.4502952671187316e-08
10,5,5.0,1.9,9.114824415273802e-07,1.5250228591879238e-08
10,5,5.0,1.95,9.122645057612727e-07,1.6038005598710663e-08
10,5,5.0,2.0,9.130867197933372e-07,1.6854545155294556e-08
10,5,5.0,2.05,9.139502934114805e-07,1.7691146906659083e-08
10,5,5.0,2.1,9.148560603940429e-07,1.8541358090185387e-08
10,5,5.0,2.15,9.158045755347902e-07,1.9400388695458065e-08
10,5,5.0,2.2,9.167961864227603e-07,2.0264678864011848e-08
10,5,5.0,2.25,9.178310865490502e-07,2.1131578913170555e-08
10,5,5.0,2.3,9.189093546018542e-07,2.1999112665776787e-08
10,5,5.0,2.35,9.200309835457753e-07,2.2865802394335045e-08
10,5,5.0,2.4,9.211959021446752e-07,2.3730539334271896e-08
10,5,5.0,2.45,9.224039908950831e-07,2.4592487898597334e-08
10,5,5.0,2.5,9.236550938247273e-07,2.5451014817288305e-08
10,5,5.0,2.55,9.249490272319926e-07,2.6305636710642316e-08
10,5,5.0,2.6,9.26285586162045e-07,2.715598129653313e-08
10,5,5.0,2.65,9.276645492080328e-07,2.800175868207587e-08
10,5,5.0,2.7,9.290856820727398e-07,2.8842740114460742e-08
10,5,5.0,2.75,9.305487402126341e-07,2.9678742249714704e-08
10,5,5.0,2.8,9.320534708025348e-07,3.050961550351994e-08
10,5,5.0,2.85,9.335996141971047e-07,3.133523542229175e-08
10,5,5.0,2.9,9.351869050195402e-07,3.21554962889994e-08
10,5,5.0,2.95,9.368150729740233e-07,3.297030638286787e-08
10,5,5.0,3.0,9.384838434532747e-07,3.377958446316006e-08
10,5,5.0,3.05,9.401929379940104e-07,3.4583257159194554e-08
10,5,5.0,3.1,9.419420746196574e-07,3.538125703140704e-08
10,5,5.0,3.15,9.437309680990248e-07,3.6173521129428474e-08
10,5,5.0,3.2,9.455593301426773e-07,3.695998991850411e-08
10,5,5.0,3.25,9.474268695526287e-07,3.7740606478922686e-08
10,5,5.0,3.3,9.49333292337511e-07,3.851531590803208e-08
10,5,5.0,3.35,9.512783018016713e-07,3.928406487258495e-08
10,5,5.0,3.4,9.532615986148307e-07,4.004680127289291e-08
10,5,5.0,3.45,9.552828808671416e-07,4.080347399009246e-08
10,5,5.0,3.5,9.573418441132831e-07,4.1554032695431705e-08
10,5,5.0,3.55,9.594381814081369e-07,4.229842770587716e-08
10,5,5.0,3.6,9.615715833362587e-07,4.303660987441206e-08
10,5,5.0,3.65,9.637417380364245e-07,4.376853050639472e-08
10,5,5.0,3.7,9.659483312226615e-07,4.449414129569245e-08
10,5,5.0,3.75,9.681910462023376e-07,4.52133942756928e-08
10,5,5.0,3.8,9.704695638921776e-07,4.59262417818567e-08
10,5,5.0,3.85,9.72783562832634e-07,4.66326364230295e-08
10,5,5.0,3.9,9.75132719200945e-07,4.733253105968393e-08
10,5,5.0,3.95,9.77516706823337e-07,4.802587878758801e-08
10,5,5.0,4.0,9.799351971864237e-07,4.871263292579902e-08
10,5,5.0,4.05,9.823878594481971e-07,4.939274700821437e-08
10,5,5.0,4.1,9.848743604485862e-07,5.0066174778035796e-08
10,5,5.0,4.15,9.873943647198316e-07,5.0732870184649715e-08
10,5,5.0,4.2,9.899475344967892e-07,5.139278738263921e-08
10,5,5.0,4.25,9.925335297271841e-07,5.2045880732612325e-08
10,5,5.0,4.3,9.951520080819564e-07,5.2692104803581063e-08
10,5,5.0,4.35,9.978026249657923e-07,5.3331414376865706e-08
10,5,5.0,4.4,1.0004850335278688e-06,5.396376445122157e-08
10,5,5.0,4.45,1.003198884672843e-06,5.4589110249181405e-08
10,5,5.0,4.5,1.0059438270722759e-06,5.520740722452404e-08
10,5,5.0,4.55,1.0087195071763447e-06,5.5818611070712094e-08
10,5,5.0,4.6,1.0115255692260859e-06,5.642267773031434e-08
10,5,5.0,4.65,1.0143616552661463e-06,5.70195634053277e-08
10,5,5.0,4.7,1.0172274051579341e-06,5.760922456829414e-08
10,5,5.0,4.75,1.0201224565935237e-06,5.81916179742509e-08
10,5,5.0,4.8,1.0230464451100772e-06,5.87667006734031e-08
10,5,5.0,4.85,1.0259990041048872e-06,5.933443002448462e-08
10,5,5.0,4.9,1.028979764851226e-06,5.989476370880022e-08
10,5,5.0,4.95,1.031988356514768e-06,6.044765974484867e-08
10,5,5.0,5.0,1.0350244061708765e-06,6.099307650356996e-08
10,10,0.0,0.0,6.594146744438994e-13,5.362517572276241e-12
10,10,0.0,0.05,9.449805625421058e-13,5.967036248336467e-12
10,10,0.0,0.1,1.246612223924317e-12,6.0071649984151596e-12
10,10,0.0,0.15,1.5376705739783433e-12,5.568582710289048e-12
10,10,0.0,0.2,1.7983737833367357e-12,4.824147577289705e-12
10,10,0.0,0.25,2.0179562697324984e-12,3.9503896052613504e-12
10,10,0.0,0.3,2.193516007639467e-12,3.08096665307805e-12
10,10,0.0,0.35,2.3274853734057148e-12,2.295991969835271e-12
10,10,0.0,0.4,2.4251342065560843e-12,1.6311842361079596e-12
10,10,0.0,0.45,2.492719159059825e-12,1.0927736762845575e-12
10,10,0.0,0.5,2.5363547841328597e-12,6.707378231266871e-13
10,10,0.0,0.55,2.561449569613041e-12,3.4806134707201924e-13
10,10,0.0,0.6,2.5725079818691093e-12,1.0626042915750435e-13
10,10,0.0,0.65,2.5731366800565714e-12,-7.178917503081843e-14
10,10,0.0,0.7,2.566146517883292e-12,-2.0069843253890435e-13
10,10,0.0,0.75,2.553686657948684e-12,-2.9233341134826275e-13
10,10,0.0,0.8,2.5373776570076965e-12,-3.5602787206987235e-13
10,10,0.0,0.85,2.518428837752361e-12,-3.989665828575085e-13
10,10,0.0,0.9,2.497735378119104e-12,-4.2659741128522574e-13
10,10,0.0,0.95,2.475955537225977e-12,-4.4300723553299567e-13
10,10,0.0,1.0,2.453570531196384e-12,-4.5123833802751854e-13
10,10,0.0,1.05,2.4309301584806346e-12,-4.5354258398281257e-13
10,10,0.0,1.1,2.408287149352998e-12,-4.5157970171828265e-13
10,10,0.0,1.15,2.3858228066551374e-12,-4.465689671461378e-13
10,10,0.0,1.2,2.3636660294295573e-12,-4.394037004471641e-13
10,10,0.0,1.25,2.3419073652814943e-12,-4.307368875652529e-13
10,10,0.0,1.3,2.320609357570803e-12,-4.210447859651963e-13
10,10,0.0,1.35,2.299814146674269e-12,-4.1067395272925135e-13
10,10,0.0,1.4,2.2795490444446616e-12,-3.9987589810426684e-13
10,10,0.0,1.45,2.2598306170018566e-12,-3.8883255869004713e-13
10,10,0.0,1.5,2.2406676719830973e-12,-3.7767498978441314e-13
10,10,0.0,1.55,2.222063442381402e-12,-3.6649706491159073e-13
10,10,0.0,1.6,2.2040171818274867e-12,-3.553655073044853e-13
10,10,0.0,1.65,2.1865253290364327e-12,-3.4432723089100354e-13
10,10,0.0,1.7,2.169582357040809e-12,-3.3341471002633393e-13
10,10,0.0,1.75,2.1531813918899464e-12,-3.226499060649443e-13
10,10,0.0,1.8,2.137314662793553e-12,-3.1204713794932076e-13
10,10,0.0,1.85,2.121973829051108e-12,-3.0161518038562673e-13
10,10,0.0,1.9,2.10715021692998e-12,-2.9135879714753566e-13
10,10,0.0,1.95,2.092834990742346e-12,-2.812798613326447e-13
10,10,0.0,2.0,2.079019275853013e-12,-2.713781736041131e-13
10,10,0.0,2.05,2.065694246583549e-12,-2.616520596036955e-13
10,10,0.0,2.1,2.0528511884927395e-12,-2.5209880589452683e-13
10,10,0.0,2.15,2.040481541965406e-12,-2.4271497783221157e-13
10,10,0.0,2.2,2.028576932178611e-12,-2.3349665109550777e-13
10,10,0.0,2.25,2.017129189152112e-12,-2.244395800789038e-13
10,10,0.0,2.3,2.006130360593338e-12,-2.1553932011494979e-13
10,10,0.0,2.35,1.9955727195193655e-12,-2.0679131593585418e-13
10,10,0.0,2.4,1.9854487681050884e-12,-1.981909654521043e-13
10,10,0.0,2.45,1.9757512388169275e-12,-1.8973366548847687e-13
10,10,0.0,2.5,1.9664730936066984e-12,-1.8141484433678912e-13
10,10,0.0,2.55,1.9576075217310428e-12,-1.7322998468062547e-13
10,10,0.0,2.6,1.9491479366094315e-12,-1.651746394942498e-13
10,10,0.0,2.65,1.941087972022209e-12,-1.572444428204341e-13
10,10,0.0,2.7,1.933421477867658e-12,-1.4943511682112121e-13
10,10,0.0,2.75,1.9261425156378866e-12,-1.4174247612159027e-13
10,10,0.0,2.8,1.919245353729246e-12,-1.3416243019499315e-13
10,10,0.0,2.85,1.912724462670545e-12,-1.2669098433413428e-13
10,10,0.0,2.9,1.906574510329681e-12,-1.193242396105369e-13
10,10,0.0,2.95,1.900790357141157e-12,-1.1205839211352558e-13
10,10,0.0,3.0,1.895367051385087e-12,-1.0488973168346403e-13
10,10,0.0,3.05,1.8902998245389458e-12,-9.781464029539567e-14
10,10,0.0,3.1,1.8855840867162674e-12,-9.082959020744991e-14
10,10,0.0,3.15,1.8812154222021146e-12,-8.393114195711294e-14
10,10,0.0,3.2,1.8771895850912567e-12,-7.711594226600144e-14
10,10,0.0,3.25,1.8735024950323126e-12,-7.038072189700393e-14
10,10,0.0,3.3,1.8701502330797134e-12,-6.372229349561421e-14
10,10,0.0,3.35,1.8671290376534527e-12,-5.713754943820725e-14
10,10,0.0,3.4,1.864435300605801e-12,-5.062345970361853e-14
10,10,0.0,3.45,1.862065563393715e-12,-4.4177069779480174e-14
10,10,0.0,3.5,1.8600165133549348e-12,-3.779549861129155e-14
10,10,0.0,3.55,1.8582849800852658e-12,-3.147593659968483e-14
10,10,0.0,3.6,1.856867931914837e-12,-2.521564364948432e-14
10,10,0.0,3.65,1.8557624724806207e-12,-1.9011947272584817e-14
10,10,0.0,3.7,1.8549658373922853e-12,-1.2862240746091193e-14
10,10,0.0,3.75,1.8544753909888145e-12,-6.763981325943307e-15
10,10,0.0,3.8,1.854288623183165e-12,-7.14688516130544e-16
10,10,0.0,3.85,1.8544031463918346e-12,5.2880576069202356e-15
10,10,0.0,3.9,1.854816692547152e-12,1.1246618015561559e-14
10,10,0.0,3.95,1.8555271101890155e-12,1.7163296298609193e-14
10,10,0.0,4.0,1.8565323616338103e-12,2.3040340176356694e-14
10,10,0.0,4.05,1.8578305202179132e-12,2.8879942964232444e-14
10,10,0.0,4.1,1.8594197676128175e-12,3.46842449860419e-14
10,10,0.0,4.15,1.8612983912099673e-12,4.0455334938169965e-14
10,10,0.0,4.2,1.8634647815724715e-12,4.619525120572043e-14
10,10,0.0,4.25,1.86591742995142e-12,5.190598313201431e-14
10,10,0.0,4.3,1.8686549258646406e-12,5.758947224247301e-14
10,10,0.0,4.35,1.8716759547354616e-12,6.324761342424955e-14
10,10,0.0,4.4,1.8749792955893487e-12,6.888225606257288e-14
10,10,0.0,4.45,1.8785638188063747e-12,7.449520513512701e-14
10,10,0.0,4.5,1.882428483927348e-12,8.008822226559396e-14
10,10,0.0,4.55,1.886572337511599e-12,8.566302673740949e-14
10,10,0.0,4.6,1.8909945110445426e-12,9.122129646882208e-14
10,10,0.0,4.65,1.895694218892939e-12,9.676466895047147e-14
10,10,0.0,4.7,1.900670756306295e-12,1.0229474214636277e-13
10,10,0.0,4.75,1.905923497462215e-12,1.0781307535938625e-13
10,10,0.0,4.8,1.911451893554321e-12,1.1332119006239765e-13
10,10,0.0,4.85,1.917255470920783e-12,1.1882057069574283e-13
10,10,0.0,4.9,1.923333829212012e-12,1.243126654323711e-13
10,10,0.0,4.95,1.929686639595735e-12,1.297988869113141e-13
10,10,0.0,5.0,1.9363136429979544e-12,1.3528061294058175e-13
10,10,1.0,0.0,5.701958498178756e-12,5.987028203140386e-11
10,10,1.0,0.05,9.120812114371142e-12,7.604519228786286e-11
10,10,1.0,0.1,1.3193692184453404e-11,8.554389656323039e-11
10,10,1.0,0.15,1.7537339266070425e-11,8.686076475990831e-11
10,10,1.0,0.2,2.175995275474394e-11,8.103545616841994e-11
10,10,1.0,0.25,2.556251902993093e-11,7.05109300380223e-11
10,10,1.0,0.3,2.8776384924678892e-11,5.7885083411493525e-11
10,10,1.0,0.35,3.1350059038651166e-11,4.517392894361392e-11
10,10,1.0,0.4,3.3313333103217384e-11,3.361360126065202e-11
10,10,1.0,0.45,3.4740369053397896e-11,2.377539031644232e-11
10,10,1.0,0.5,3.5721734151715064e-11,1.5780733990405067e-11
10,10,1.0,0.55,3.6347043288088455e-11,9.498626840010906e-12
10,10,1.0,0.6,3.669610405153902e-11,4.686220368455829e-12
10,10,1.0,0.65,3.68356546833754e-11,1.0738535970209569e-12
10,10,1.0,0.7,3.6819264392911654e-11,-1.5907640128971035e-12
10,10,1.0,0.75,3.6688744622634024e-11,-3.5240382332043636e-12
10,10,1.0,0.8,3.647609052102328e-11,-4.902259882739654e-12
10,10,1.0,0.85,3.620543647216027e-11,-5.864347217408442e-12
10,10,1.0,0.9,3.589479303946569e-11,-6.517341138055481e-12
10,10,1.0,0.95,3.555748933200909e-11,-6.942444263554358e-12
10,10,1.0,1.0,3.520332280512602e-11,-7.200580315378538e-12
10,10,1.0,1.05,3.483945182432056e-11,-7.33709520237255e-12
10,10,1.0,1.1,3.4471076200750756e-11,-7.385543440246961e-12
10,10,1.0,1.15,3.4101949627431705e-11,-7.370646072528615e-12
10,10,1.0,1.2,3.373476214894312e-11,-7.31055509775543e-12
10,10,1.0,1.25,3.337142383238015e-11,-7.218563168674269e-12
10,10,1.0,1.3,3.3013274206419846e-11,-7.104382035621752e-12
10,10,1.0,1.35,3.266123638401653e-11,-6.975091988927842e-12
10,10,1.0,1.4,3.2315930205063904e-11,-6.835843525084496e-12
10,10,1.0,1.45,3.197775514697353e-11,-6.690374080311283e-12
10,10,1.0,1.5,3.16469509994182e-11,-6.541387612158757e-12
10,10,1.0,1.55,3.1323642219995725e-11,-6.39083292575615e-12
10,10,1.0,1.6,3.10078703318372e-11,-6.240107488963652e-12
10,10,1.0,1.65,3.069961756857946e-11,-6.090206544568504e-12
10,10,1.0,1.7,3.0398824118003136e-11,-5.941832128768749e-12
10,10,1.0,1.75,3.010540068666746e-11,-5.79547273839635e-12
10,10,1.0,1.8,2.9819237645873556e-11,-5.651461528972521e-12
10,10,1.0,1.85,2.954021168056129e-11,-5.5100188180557696e-12
10,10,1.0,1.9,2.9268190614731436e-11,-5.371283119672636e-12
10,10,1.0,1.95,2.9003036905567422e-11,-5.2353337999383095e-12
10,10,1.0,2.0,2.8744610165777445e-11,-5.102207612328798e-12
10,10,1.0,2.05,2.8492768976775304e-11,-4.971910762681434e-12
10,10,1.0,2.1,2.824737218450133e-11,-4.844427709234106e-12
10,10,1.0,2.15,2.800827981797558e-11,-4.71972757803813e-12
10,10,1.0,2.2,2.777535373289557e-11,-4.59776883668494e-12
10,10,1.0,2.25,2.7548458055016903e-11,-4.478502695915843e-12
10,10,1.0,2.3,2.7327459477893053e-11,-4.361875582074871e-12
10,10,1.0,2.35,2.71122274548481e-11,-4.2478309309106795e-12
10,10,1.0,2.4,2.6902634314299424e-11,-4.1363104857191485e-12
10,10,1.0,2.45,2.6698555319692232e-11,-4.0272552335136345e-12
10,10,1.0,2.5,2.6499868689583225e-11,-3.9206060768961374e-12
10,10,1.0,2.55,2.6306455589204227e-11,-3.816304313007227e-12
10,10,1.0,2.6,2.6118200101782116e-11,-3.714291971708872e-12
10,10,1.0,2.65,2.5934989185652238e-11,-3.6145120511246575e-12
10,10,1.0,2.7,2.575671262156079e-11,-3.516908678399623e-12
10,10,1.0,2.75,2.5583262953364507e-11,-3.4214272160481705e-12
10,10,1.0,2.8,2.541453542445071e-11,-3.328014328776243e-12
10,10,1.0,2.85,2.5250427911573095e-11,-3.2366180216647618e-12
10,10,1.0,2.9,2.5090840857322193e-11,-3.1471876576667876e-12
10,10,1.0,2.95,2.493567720211543e-11,-3.0596739602330868e-12
10,10,1.0,3.0,2.4784842316333445e-11,-2.974029005316313e-12
10,10,1.0,3.05,2.4638243933057717e-11,-2.8902062058524328e-12
10,10,1.0,3.1,2.4495792081722795e-11,-2.808160290989969e-12
10,10,1.0,3.15,2.435739902290191e-11,-2.7278472817146822e-12
10,10,1.0,3.2,2.4222979184377766e-11,-2.6492244640761442e-12
10,10,1.0,3.25,2.4092449098590965e-11,-2.5722503608909026e-12
10,10,1.0,3.3,2.3965727341528607e-11,-2.4968847025572443e-12
10,10,1.0,3.35,2.3842734473086057e-11,-2.4230883974426304e-12
10,10,1.0,3.4,2.3723392978908523e-11,-2.3508235021731035e-12
10,10,1.0,3.45,2.3607627213721204e-11,-2.2800531920639512e-12
10,10,1.0,3.5,2.3495363346126336e-11,-2.2107417318574805e-12
10,10,1.0,3.55,2.338652930485514e-11,-2.142854446888189e-12
10,10,1.0,3.6,2.3281054726448267e-11,-2.0763576947539807e-12
10,10,1.0,3.65,2.317887090434033e-11,-2.0112188375504383e-12
10,10,1.0,3.7,2.3079910739315606e-11,-1.9474062147007345e-12
10,10,1.0,3.75,2.298410869130819e-11,-1.8848891164017653e-12
10,10,1.0,3.8,2.2891400732515154e-11,-1.8236377576987824e-12
10,10,1.0,3.85,2.2801724301787726e-11,-1.7636232531875958e-12
10,10,1.0,3.9,2.271501826027439e-11,-1.7048175923450873e-12
10,10,1.0,3.95,2.263122284827992e-11,-1.6471936154783834e-12
10,10,1.0,4.0,2.2550279643312268e-11,-1.5907249902860618e-12
10,10,1.0,4.05,2.2472131519287225e-11,-1.5353861890166607e-12
10,10,1.0,4.1,2.2396722606858746e-11,-1.4811524662159556e-12
10,10,1.0,4.15,2.2323998254849217e-11,-1.427999837046369e-12
10,10,1.0,4.2,2.2253904992748682e-11,-1.3759050561650806e-12
10,10,1.0,4.25,2.218639049425664e-11,-1.3248455971483678e-12
10,10,1.0,4.3,2.2121403541839376e-11,-1.274799632445634e-12
10,10,1.0,4.35,2.2058893992277087e-11,-1.2257460138494168e-12
10,10,1.0,4.4,2.1998812743174053e-11,-1.1776642534680523e-12
10,10,1.0,4.45,2.1941111700408326e-11,-1.1305345051850324e-12
10,10,1.0,4.5,2.1885743746497247e-11,-1.0843375465930624e-12
10,10,1.0,4.55,2.18326627098531e-11,-1.0390547613879274e-12
10,10,1.0,4.6,2.1781823334909375e-11,-9.946681222088965e-13
10,10,1.0,4.65,2.173318125309302e-11,-9.511601739133806e-13
10,10,1.0,4.7,2.1686692954623762e-11,-9.08514017272315e-13
10,10,1.0,4.75,2.164231576111649e-11,-8.667132930738405e-13
10,10,1.0,4.8,2.1600007798970396e-11,-8.257421666237889e-13
10,10,1.0,4.85,2.1559727973521295e-11,-7.855853126304998e-13
10,10,1.0,4.9,2.1521435943943542e-11,-7.462279004628954e-13
10,10,1.0,4.95,2.1485092098876167e-11,-7.07655579770048e-13
10,10,1.0,5.0,2.1450657532761806e-11,-6.698544664526407e-13
10,10,2.0,0.0,2.2413662661440132e-10,2.9731353858920832e-09
10,10,2.0,0.05,4.092673791230055e-10,4.439149282563699e-09
10,10,2.0,0.1,6.656074897281493e-10,5.759418552935089e-09
10,10,2.0,0.15,9.77261602091147e-10,6.609284935151065e-09
10,10,2.0,0.2,1.3160898492068787e-09,6.8394931150923785e-09
10,10,2.0,0.25,1.6516620707052798e-09,6.5009054309588195e-09
10,10,2.0,0.3,1.959579359277725e-09,5.766938502078335e-09
10,10,2.0,0.35,2.225105861356966e-09,4.8365524512890826e-09
10,10,2.0,0.4,2.4426926656458057e-09,3.871618696965843e-09
10,10,2.0,0.45,2.6134555628449403e-09,2.9761834841436833e-09
10,10,2.0,0.5,2.7423548732718295e-09,2.2021609188448234e-09
10,10,2.0,0.55,2.8359602530498524e-09,1.5647553195582772e-09
10,10,2.0,0.6,2.9010078805446213e-09,1.0576750871775426e-09
10,10,2.0,0.65,2.9436262535927806e-09,6.644119219964592e-10
10,10,2.0,0.7,2.969017726213916e-09,3.652980919114809e-10
10,10,2.0,0.75,2.9814070139263216e-09,1.4132521431722106e-10
10,10,2.0,0.8,2.984123793568247e-09,-2.4136162984536345e-11
10,10,2.0,0.85,2.979738093193839e-09,-1.4482166262933575e-10
10,10,2.0,0.9,2.9702042077475623e-09,-2.3167089612235308e-10
10,10,2.0,0.95,2.9569921070124894e-09,-2.9318724072505375e-10
10,10,2.0,1.0,2.9411984907289527e-09,-3.3587040275110327e-10
10,10,2.0,1.05,2.9236364433411416e-09,-3.64630160497764e-10
10,10,2.0,1.1,2.9049057208719137e-09,-3.831440677449038e-10
10,10,2.0,1.15,2.8854467805786074e-09,-3.941499198370377e-10
10,10,2.0,1.2,2.865581753196582e-09,-3.9967680831428053e-10
10,10,2.0,1.25,2.8455452176790513e-09,-4.012236055257955e-10
10,10,2.0,1.3,2.825507159482626e-09,-3.998947536033731e-10
10,10,2.0,1.35,2.8055900140308282e-09,-3.9650248119053915e-10
10,10,2.0,1.4,2.7858812745276744e-09,-3.916431737923858e-10
10,10,2.0,1.45,2.7664427946226464e-09,-3.857541288210564e-10
10,10,2.0,1.5,2.747317639573542e-09,-3.791555717026758e-10
10,10,2.0,1.55,2.7285351250672463e-09,-3.720816747054007e-10
10,10,2.0,1.6,2.7101145193982697e-09,-3.6470341129536084e-10
10,10,2.0,1.65,2.6920677615322244e-09,-3.571453708689773e-10
10,10,2.0,1.7,2.6744014554948932e-09,-3.494981172418526e-10
10,10,2.0,1.75,2.657118333070387e-09,-3.4182726527457047e-10
10,10,2.0,1.8,2.640218326102396e-09,-3.3418014374205397e-10
10,10,2.0,1.85,2.623699352268555e-09,-3.265906846083068e-10
10,10,2.0,1.9,2.607557890624328e-09,-3.190830099578211e-10
10,10,2.0,1.95,2.5917894029275626e-09,-3.1167406306246557e-10
10,10,2.0,2.0,2.5763886418471735e-09,-3.043755381016058e-10
10,10,2.0,2.05,2.5613498762113746e-09,-2.971952953847868e-10
10,10,2.0,2.1,2.5466670554160033e-09,-2.9013839919010746e-10
10,10,2.0,2.15,2.5323339292179942e-09,-2.8320787880643097e-10
10,10,2.0,2.2,2.518344134813628e-09,-2.7640528655845585e-10
10,10,2.0,2.25,2.504691259930486e-09,-2.6973110692543267e-10
10,10,2.0,2.3,2.4913688883346568e-09,-2.6318505643640037e-10
10,10,2.0,2.35,2.4783706324496024e-09,-2.567663034451672e-10
10,10,2.0,2.4,2.4656901565313495e-09,-2.5047362912872927e-10
10,10,2.0,2.45,2.453321192927351e-09,-2.4430554536384694e-10
10,10,2.0,2.5,2.4412575532733025e-09,-2.3826038096423917e-10
10,10,2.0,2.55,2.429493135988333e-09,-2.3233634470139165e-10
10,10,2.0,2.6,2.4180219310670456e-09,-2.2653157128846507e-10
10,10,2.0,2.65,2.4068380229011158e-09,-2.2084415486092404e-10
10,10,2.0,2.7,2.3959355916678574e-09,-2.1527217328092757e-10
10,10,2.0,2.75,2.3853089136808907e-09,-2.0981370570675075e-10
10,10,2.0,2.8,2.3749523609919832e-09,-2.0446684521912537e-10
10,10,2.0,2.85,2.364860400457212e-09,-1.9922970782005294e-10
10,10,2.0,2.9,2.3550275924229523e-09,-1.9410043876933188e-10
10,10,2.0,2.95,2.345448589146526e-09,-1.890772169682517e-10
10,10,2.0,3.0,2.3361181330351814e-09,-1.8415825791061916e-10
10,10,2.0,3.05,2.3270310547653283e-09,-1.7934181558393067e-10
10,10,2.0,3.1,2.318182271326744e-09,-1.7462618360127913e-10
10,10,2.0,3.15,2.309566784025097e-09,-1.7000969577035413e-10
10,10,2.0,3.2,2.3011796764668638e-09,-1.6549072625137694e-10
10,10,2.0,3.25,2.2930161125440873e-09,-1.6106768941512813e-10
10,10,2.0,3.3,2.285071334432124e-09,-1.5673903948308941e-10
10,10,2.0,3.35,2.2773406606096085e-09,-1.5250327001004267e-10
10,10,2.0,3.4,2.2698194839069664e-09,-1.483589132531008e-10
10,10,2.0,3.45,2.2625032695889238e-09,-1.4430453946003688e-10
10,10,2.0,3.5,2.2553875534739634e-09,-1.403387561007299e-10
10,10,2.0,3.55,2.248467940093312e-09,-1.3646020705936058e-10
10,10,2.0,3.6,2.2417401008909527e-09,-1.3266757180039903e-10
10,10,2.0,3.65,2.235199772465824e-09,-1.2895956451789245e-10
10,10,2.0,3.7,2.2288427548568278e-09,-1.2533493327511825e-10
10,10,2.0,3.75,2.2226649098710272e-09,-1.2179245913981136e-10
10,10,2.0,3.8,2.2166621594549916e-09,-1.1833095531871766e-10
10,10,2.0,3.85,2.210830484109437e-09,-1.1494926629443112e-10
10,10,2.0,3.9,2.2051659213470353e-09,-1.1164626696648221e-10
10,10,2.0,3.95,2.1996645641927447e-09,-1.0842086179827755e-10
10,10,2.0,4.0,2.194322559727009e-09,-1.0527198397094824e-10
10,10,2.0,4.05,2.1891361076706623e-09,-1.0219859454516558e-10
10,10,2.0,4.1,2.1841014590118805e-09,-9.919968163122063e-11
10,10,2.0,4.15,2.1792149146741488e-09,-9.627425956818843e-11
10,10,2.0,4.2,2.1744728242252725e-09,-9.34213681122204e-11
10,10,2.0,4.25,2.16987158462654e-09,-9.064007163445099e-11
10,10,2.0,4.3,2.165407639021772e-09,-8.792945832854724e-11
10,10,2.0,4.35,2.1610774755659555e-09,-8.528863942822381e-11
10,10,2.0,4.4,2.1568776262924484e-09,-8.271674843464856e-11
10,10,2.0,4.45,2.152804666018783e-09,-8.021294035399095e-11
10,10,2.0,4.5,2.1488552112902912e-09,-7.777639094509545e-11
10,10,2.0,4.55,2.145025919360977e-09,-7.540629597735476e-11
10,10,2.0,4.6,2.1413134872113665e-09,-7.310187049891462e-11
10,10,2.0,4.65,2.137714650602752e-09,-7.086234811509032e-11
10,10,2.0,4.7,2.1342261831669577e-09,-6.868698027720483e-11
10,10,2.0,4.75,2.1308448955318015e-09,-6.657503558184067e-11
10,10,2.0,4.8,2.127567634480985e-09,-6.45257990803926e-11
10,10,2.0,4.85,2.124391282148482e-09,-6.253857159930927e-11
10,10,2.0,4.9,2.121312755246541e-09,-6.061266907061396e-11
10,10,2.0,4.95,2.118329004326893e-09,-5.874742187316549e-11
10,10,2.0,5.0,2.115437013074723e-09,-5.694217418438992e-11
10,10,3.0,0.0,3.070652559582145e-09,4.962656267860056e-08
10,10,3.0,0.05,6.476758715015812e-09,8.860854342746874e-08
10,10,3.0,0.1,1.2070843569772778e-08,1.3574710339091294e-07
10,10,3.0,0.15,2.0012865061677407e-08,1.8055886622250599e-07
10,10,3.0,0.2,2.990473463558626e-08,2.1223166982050592e-07
10,10,3.0,0.25,4.091447447074221e-08,2.248393150223016e-07
10,10,3.0,0.3,5.207611363557387e-08,2.1884316118351734e-07
10,10,3.0,0.35,6.256870582694848e-08,1.9908193288581197e-07
10,10,3.0,0.4,7.185834238890397e-08,1.717290430892329e-07
10,10,3.0,0.45,7.97049394632926e-08,1.421153104411056e-07
10,10,3.0,0.5,8.609350674507626e-08,1.1386276228658943e-07
10,10,3.0,0.55,9.114724011273683e-08,8.89305895654687e-08
10,10,3.0,0.6,9.505444580457887e-08,6.804641911390347e-08
10,10,3.0,0.65,9.801904113977591e-08,5.117938079380172e-08
10,10,3.0,0.7,1.0023242106836695e-07,3.791009591214702e-08
10,10,3.0,0.75,1.0186057653125786e-07,2.7672310586644012e-08
10,10,3.0,0.8,1.0304054332148327e-07,1.9890054916658432e-08
10,10,3.0,0.85,1.0388180978388414e-07,1.4044264665432193e-08
10,10,3.0,0.9,1.0446990376910721e-07,9.697337246093823e-09
10,10,3.0,0.95,1.048705820616428e-07,6.495244894622135e-09
10,10,3.0,1.0,1.0513382782509743e-07,4.1592363768026035e-09
10,10,3.0,1.05,1.0529732126917834e-07,2.4738586524043357e-09
10,10,3.0,1.1,1.0538929561219746e-07,1.274725905756032e-09
10,10,3.0,1.15,1.0543080962786264e-07,4.375633635657048e-10
10,10,3.0,1.2,1.0543751623755304e-07,-1.3096252674664282e-10
10,10,3.0,1.25,1.0542101813647339e-07,-5.006147528739126e-10
10,10,3.0,1.3,1.053898958861143e-07,-7.233586092119088e-10
10,10,3.0,1.35,1.0535048174301099e-07,-8.378051982486562e-10
10,10,3.0,1.4,1.053074389641747e-07,-8.725908843719535e-10
10,10,3.0,1.45,1.0526419379986847e-07,-8.489259007614158e-10
10,10,3.0,1.5,1.0522325672682025e-07,-7.825048653282599e-10
10,10,3.0,1.55,1.051864608324175e-07,-6.849328064638167e-10
10,10,3.0,1.6,1.0515513845607452e-07,-5.647862622547608e-10
10,10,3.0,1.65,1.0513025193974956e-07,-4.2840107291291296e-10
10,10,3.0,1.7,1.051124903353096e-07,-2.804563181558444e-10
10,10,3.0,1.75,1.0510234089272284e-07,-1.2440664883517078e-10
10,10,3.0,1.8,1.051001418844292e-07,3.719789095220493e-11
10,10,3.0,1.85,1.051061216270001e-07,2.0247540985716031e-10
10,10,3.0,1.9,1.0512042730012186e-07,3.7003742234148737e-10
10,10,3.0,1.95,1.0514314622654787e-07,5.388597402440437e-10
10,10,3.0,2.0,1.0517432158244593e-07,7.081871000482622e-10
10,10,3.0,2.05,1.0521396399371345e-07,8.774627179417131e-10
10,10,3.0,2.1,1.0526206009361433e-07,1.046276259733488e-09
10,10,3.0,2.15,1.053185788361042e-07,1.2143254121669714e-09
10,10,3.0,2.2,1.0538347615150639e-07,1.3813874994433372e-09
10,10,3.0,2.25,1.0545669837784572e-07,1.5472985182820108e-09
10,10,3.0,2.3,1.0553818478780183e-07,1.7119376516692873e-09
10,10,3.0,2.35,1.0562786944761177e-07,1.8752158288180084e-09
10,10,3.0,2.4,1.0572568258244491e-07,2.037067273560804e-09
10,10,3.0,2.45,1.058315515771663e-07,2.1974432600902986e-09
10,10,3.0,2.5,1.0594540170770672e-07,2.3563074992575344e-09
10,10,3.0,2.55,1.0606715667337125e-07,2.513632729496322e-09
10,10,3.0,2.6,1.0619673898207424e-07,2.6693981978052844e-09
10,10,3.0,2.65,1.0633407022689609e-07,2.8235877984678492e-09
10,10,3.0,2.7,1.0647907128233092e-07,2.9761886979077325e-09
10,10,3.0,2.75,1.0663166244122218e-07,3.1271903189284727e-09
10,10,3.0,2.8,1.0679176350788354e-07,3.276583590698356e-09
10,10,3.0,2.85,1.0695929385887693e-07,3.4243603952876617e-09
10,10,3.0,2.9,1.0713417247994417e-07,3.570513159660316e-09
10,10,3.0,2.95,1.0731631798535501e-07,3.7150345553268065e-09
10,10,3.0,3.0,1.0750564862433528e-07,3.857917277759685e-09
10,10,3.0,3.05,1.0770208227802041e-07,3.999153884930335e-09
10,10,3.0,3.1,1.079055364494796e-07,4.138736679720333e-09
10,10,3.0,3.15,1.0811592824872341e-07,4.276657624931126e-09
10,10,3.0,3.2,1.083331743740935e-07,4.412908282556443e-09
10,10,3.0,3.25,1.0855719109109175e-07,4.547479771153505e-09
10,10,3.0,3.3,1.0878789420943197e-07,4.6803627367514975e-09
10,10,3.0,3.35,1.0902519905890608e-07,4.8115473339271685e-09
10,10,3.0,3.4,1.0926902046449863e-07,4.941023214551078e-09
10,10,3.0,3.45,1.095192727210962e-07,5.068779522352521e-09
10,10,3.0,3.5,1.0977586956804514e-07,5.19480489194543e-09
10,10,3.0,3.55,1.1003872416373265e-07,5.319087451284602e-09
10,10,3.0,3.6,1.1030774906038482e-07,5.441614826822239e-09
10,10,3.0,3.65,1.1058285617915847e-07,5.562374150784473e-09
10,10,3.0,3.7,1.1086395678565103e-07,5.6813520701700956e-09
10,10,3.0,3.75,1.111509614658934e-07,5.798534757153044e-09
10,10,3.0,3.8,1.1144378010289219e-07,5.9139079206610564e-09
10,10,3.0,3.85,1.1174232185378141e-07,6.027456818957758e-09
10,10,3.0,3.9,1.1204649512761989e-07,6.139166273094747e-09
10,10,3.0,3.95,1.1235620756388267e-07,6.249020681139452e-09
10,10,3.0,4.0,1.1267136601168402e-07,6.35700403309986e-09
10,10,3.0,4.05,1.1299187650975893e-07,6.4630999264869206e-09
10,10,3.0,4.1,1.1331764426724194e-07,6.567291582470238e-09
10,10,3.0,4.15,1.1364857364526558e-07,6.669561862590762e-09
10,10,3.0,4.2,1.139845681394031e-07,6.769893285995293e-09
10,10,3.0,4.25,1.1432553036299846e-07,6.868268047174482e-09
10,10,3.0,4.3,1.1467136203137861e-07,6.964668034177165e-09
10,10,3.0,4.35,1.1502196394700103e-07,7.059074847279599e-09
10,10,3.0,4.4,1.1537723598554027e-07,7.151469818099368e-09
10,10,3.0,4.45,1.1573707708293993e-07,7.2418340291268935e-09
10,10,3.0,4.5,1.1610138522346005e-07,7.330148333670904e-09
10,10,3.0,4.55,1.1647005742871153e-07,7.416393376187455e-09
10,10,3.0,4.6,1.1684298974774315e-07,7.500549612987074e-09
10,10,3.0,4.65,1.1722007724815047e-07,7.582597333305486e-09
10,10,3.0,4.7,1.1760121400826122e-07,7.662516680711267e-09
10,10,3.0,4.75,1.1798629311039019e-07,7.740287674848411e-09
10,10,3.0,4.8,1.1837520663519868e-07,7.81589023348619e-09
10,10,3.0,4.85,1.1876784565714923e-07,7.889304194866236e-09
10,10,3.0,4.9,1.1916410024110527e-07,7.960509340329226e-09
10,10,3.0,4.95,1.195638594400458e-07,8.029485417199108e-09
10,10,3.0,5.0,1.1996701129394933e-07,8.096212161916595e-09
10,10,4.0,0.0,6.206566343909788e-09,1.1650662306625021e-07
10,10,4.0,0.05,1.502413326187896e-08,2.4832454401813795e-07
10,10,4.0,0.1,3.2286688231304054e-08,4.538316400031423e-07
10,10,4.0,0.15,6.12954038181143e-08,7.114275239314405e-07
10,10,4.0,0.2,1.0340392254478928e-07,9.672472428640328e-07
10,10,4.0,0.25,1.5696468716206091e-07,1.1605951173431135e-06
10,10,4.0,0.3,2.1777280967541467e-07,1.2537488519011402e-06
10,10,4.0,0.35,2.806027943191969e-07,1.2435922874099096e-06
10,10,4.0,0.4,3.407872924028504e-07,1.1530587366209258e-06
10,10,4.0,0.45,3.951170945389283e-07,1.0149032302257312e-06
10,10,4.0,0.5,4.419866497640092e-07,8.589803128360356e-07
10,10,4.0,0.55,4.810777770902813e-07,7.065050426959024e-07
10,10,4.0,0.6,5.129009763202325e-07,5.696239827990411e-07
10,10,4.0,0.65,5.383880008244598e-07,4.534647623975497e-07
10,10,4.0,0.7,5.586046301703935e-07,3.586581973767475e-07
10,10,4.0,0.75,5.745803262100773e-07,2.834101968299908e-07
10,10,4.0,0.8,5.872247582554953e-07,2.2490367394561783e-07
10,10,4.0,0.85,5.972993221819206e-07,1.8012324793993338e-07
10,10,4.0,0.9,6.054190802847165e-07,1.4627637198653393e-07
10,10,4.0,0.95,6.120689977040739e-07,1.2096644859328986e-07
10,10,4.0,1.0,6.176250426371378e-07,1.02229053733099e-07
10,10,4.0,1.05,6.223752056208251e-07,8.850130341366459e-08
10,10,4.0,1.1,6.265382013975988e-07,7.85646264754051e-08
10,10,4.0,1.15,6.302791146399532e-07,7.148215307877522e-08
10,10,4.0,1.2,6.337220043961822e-07,6.654070824678907e-08
10,10,4.0,1.25,6.369598113943913e-07,6.320124192473813e-08
10,10,4.0,1.3,6.400620162321541e-07,6.105839449320504e-08
10,10,4.0,1.35,6.43080490557502e-07,5.980846606902559e-08
10,10,4.0,1.4,6.460539309749322e-07,5.922453088711262e-08
10,10,4.0,1.45,6.490111992549308e-07,5.9137358352069215e-08
10,10,4.0,1.5,6.5197382798693e-07,5.9420921346847794e-08
10,10,4.0,1.55,6.549578944426941e-07,5.99814612970248e-08
10,10,4.0,1.6,6.579754188469839e-07,6.074927595557687e-08
10,10,4.0,1.65,6.610354060859984e-07,6.167257292311197e-08
10,10,4.0,1.7,6.641446208740011e-07,6.271288056432612e-08
10,10,4.0,1.75,6.673081640919144e-07,6.38416277742137e-08
10,10,4.0,1.8,6.705299010348668e-07,6.503759813403774e-08
10,10,4.0,1.85,6.738127794790207e-07,6.628503664488565e-08
10,10,4.0,1.9,6.771590658371059e-07,6.75722426714333e-08
10,10,4.0,1.95,6.805705204521003e-07,6.889052470114593e-08
10,10,4.0,2.0,6.840485276863431e-07,7.023342411548272e-08
10,10,4.0,2.05,6.875941924435745e-07,7.159613884964422e-08
10,10,4.0,2.1,6.912084117693677e-07,7.297509551495732e-08
10,10,4.0,2.15,6.948919279501696e-07,7.436763175598872e-08
10,10,4.0,2.2,6.986453678774631e-07,7.577176044213628e-08
10,10,4.0,2.25,7.024692722154906e-07,7.718599460315355e-08
10,10,4.0,2.3,7.063641169988011e-07,7.860921745078e-08
10,10,4.0,2.35,7.103303296089766e-07,8.004058586397736e-08
10,10,4.0,2.4,7.143683005773636e-07,8.147945871174661e-08
10,10,4.0,2.45,7.184783922876911e-07,8.292534361159231e-08
10,10,4.0,2.5,7.22660945375703e-07,8.437785737263914e-08
10,10,4.0,2.55,7.26916283417527e-07,8.58366965974423e-08
10,10,4.0,2.6,7.312447163459584e-07,8.73016158256658e-08
10,10,4.0,2.65,7.356465429209209e-07,8.877241127751722e-08
10,10,4.0,2.7,7.401220524961967e-07,9.024890875529612e-08
10,10,4.0,2.75,7.446715262621962e-07,9.17309546331417e-08
10,10,4.0,2.8,7.492952380985033e-07,9.321840914063674e-08
10,10,4.0,2.85,7.53993455135199e-07,9.471114135057836e-08
10,10,4.0,2.9,7.587664380968785e-07,9.620902543323419e-08
10,10,4.0,2.95,7.636144414840536e-07,9.771193785193437e-08
10,10,4.0,3.0,7.685377136326799e-07,9.921975525879717e-08
10,10,4.0,3.05,7.735364966821527e-07,1.0073235291125684e-07
10,10,4.0,3.1,7.786110264743071e-07,1.0224960347645293e-07
10,10,4.0,3.15,7.837615324001806e-07,1.0377137612455524e-07
10,10,4.0,3.2,7.889882372071416e-07,1.0529753583771855e-07
10,10,4.0,3.25,7.942913567756327e-07,1.0682794288014775e-07
10,10,4.0,3.3,7.996710998726233e-07,1.0836245238883797e-07
10,10,4.0,3.35,8.051276678869671e-07,1.0990091405493022e-07
10,10,4.0,3.4,8.106612545506013e-07,1.1144317187338271e-07
10,10,4.0,3.45,8.162720456485489e-07,1.1298906394442499e-07
10,10,4.0,3.5,8.219602187201285e-07,1.1453842231453995e-07
10,10,4.0,3.55,8.277259427528855e-07,1.1609107284781606e-07
10,10,4.0,3.6,8.335693778707828e-07,1.1764683512096698e-07
10,10,4.0,3.65,8.394906750176073e-07,1.1920552233704685e-07
10,10,4.0,3.7,8.45489975636451e-07,1.207669412540983e-07
10,10,4.0,3.75,8.515674113459093e-07,1.223308921261e-07
10,10,4.0,3.8,8.577231036136597e-07,1.2389716865416708e-07
10,10,4.0,3.85,8.639571634277437e-07,1.2546555794648547e-07
10,10,4.0,3.9,8.702696909661246e-07,1.2703584048605935e-07
10,10,4.0,3.95,8.766607752647148e-07,1.2860779010528073e-07
10,10,4.0,4.0,8.831304938844112e-07,1.301811739669699e-07
10,10,4.0,4.05,8.896789125771764e-07,1.3175575255133394e-07
10,10,4.0,4.1,8.963060849518041e-07,1.3333127964866082e-07
10,10,4.0,4.15,9.030120521392864e-07,1.3490750235748613e-07
10,10,4.0,4.2,9.097968424582995e-07,1.3648416108818973e-07
10,10,4.0,4.25,9.166604710810227e-07,1.3806098957185703e-07
10,10,4.0,4.3,9.23602939699493e-07,1.3963771487441656e-07
10,10,4.0,4.35,9.306242361927924e-07,1.4121405741604303e-07
10,10,4.0,4.4,9.377243342953946e-07,1.427897309957832e-07
10,10,4.0,4.45,9.44903193266776e-07,1.4436444282144384e-07
10,10,4.0,4.5,9.521607575627826e-07,1.4593789354475625e-07
10,10,4.0,4.55,9.594969565087433e-07,1.4750977730187292e-07
10,10,4.0,4.6,9.669117039748689e-07,1.490797817591472e-07
10,10,4.0,4.65,9.744048980539928e-07,1.5064758816430968e-07
10,10,4.0,4.7,9.81976420742036e-07,1.522128714030454e-07
10,10,4.0,4.75,9.896261376214112e-07,1.5377530006094946e-07
10,10,4.0,4.8,9.973538975477471e-07,1.5533453649096718e-07
10,10,4.0,4.85,1.0051595323399796e-06,1.5689023688628425e-07
10,10,4.0,4.9,1.0130428564743299e-06,1.5844205135871282e-07
10,10,4.0,4.95,1.0210036667823237e-06,1.599896240225799e-07
10,10,4.0,5.0,1.029041742153116e-06,1.6153259308411736e-07
10,10,5.0,0.0,2.932705287837645e-09,6.063908238239331e-08
10,10,5.0,0.05,7.936463610400998e-09,1.5102251083698045e-07
10,10,5.0,0.1,1.9483894724818117e-08,3.2788090232730474e-07
10,10,5.0,0.15,4.2520623375406196e-08,6.109289770103894e-07
10,10,5.0,0.2,8.197258273751523e-08,9.759308979645058e-07
10,10,5.0,0.25,1.402785459682418e-07,1.350257056598395e-06
10,10,5.0,0.3,2.1566683928101204e-07,1.6457560606491182e-06
10,10,5.0,0.35,3.0251412669163587e-07,1.8026218005146574e-06
10,10,5.0,0.4,3.934154639345393e-07,1.8100492622161003e-06
10,10,5.0,0.45,4.815010411345654e-07,1.696939952394959e-06
10,10,5.0,0.5,5.618671925594385e-07,1.5091765903955499e-06
10,10,5.0,0.55,6.319091160551702e-07,1.290417438854972e-06
10,10,5.0,0.6,6.909334882891e-07,1.0726818436607164e-06
10,10,5.0,0.65,7.395165846179161e-07,8.749529233294271e-07
10,10,5.0,0.7,7.789085741588496e-07,7.057857488599208e-07
10,10,5.0,0.75,8.106015284127821e-07,5.668776784303313e-07
10,10,5.0,0.8,8.360663275636165e-07,4.5611556051869076e-07
10,10,5.0,0.85,8.566188664153272e-07,3.696884898290769e-07
10,10,5.0,0.9,8.733699652004515e-07,3.0335817387095763e-07
10,10,5.0,0.95,8.872226729227554e-07,2.531256081779633e-07
10,10,5.0,1.0,8.988926277734397e-07,2.1551966885144077e-07
10,10,5.0,1.05,9.089369727710895e-07,1.8767296472776384e-07
10,10,5.0,1.1,9.177840598692644e-07,1.672910119750186e-07
10,10,5.0,1.15,9.257603067075433e-07,1.525766759407486e-07
10,10,5.0,1.2,9.331128921654185e-07,1.4214310078642943e-07
10,10,5.0,1.25,9.400281697547586e-07,1.3493119670304857e-07
10,10,5.0,1.3,9.46646218143839e-07,1.3013820890200325e-07
10,10,5.0,1.35,9.530721364147964e-07,1.271589506364357e-07
10,10,5.0,1.4,9.593847048219469e-07,1.2553896119027543e-07
10,10,5.0,1.45,9.656429679641293e-07,1.2493793827871703e-07
10,10,5.0,1.5,9.718912077568205e-07,1.251015934315207e-07
10,10,5.0,1.55,9.781626832995478e-07,1.258402034937803e-07
10,10,5.0,1.6,9.844824343382345e-07,1.2701237922970408e-07
10,10,5.0,1.65,9.908693778795195e-07,1.285128434079156e-07
10,10,5.0,1.7,9.973378735278542e-07,1.3026326105132257e-07
10,10,5.0,1.75,1.003898890741564e-06,1.322053775060982e-07
10,10,5.0,1.8,1.0105608784772045e-06,1.3429589313499906e-07
10,10,5.0,1.85,1.0173304126931063e-06,1.365026403017592e-07
10,10,5.0,1.9,1.0242126782369722e-06,1.388017345084608e-07
10,10,5.0,1.95,1.0312118273611575e-06,1.4117545291817457e-07
10,10,5.0,2.0,1.0383312463881763e-06,1.4361065530178455e-07
10,10,5.0,2.05,1.0455737540220246e-06,1.4609760910411213e-07
10,10,5.0,2.1,1.0529417488044763e-06,1.4862911539011785e-07
10,10,5.0,2.15,1.0604373187418235e-06,1.511998587020342e-07
10,10,5.0,2.2,1.0680623227941274e-06,1.5380592349499052e-07
10,10,5.0,2.25,1.0758184514362445e-06,1.564444344722251e-07
10,10,5.0,2.3,1.0837072716528298e-06,1.5911328906337037e-07
10,10,5.0,2.35,1.091730260354712e-06,1.6181095842353159e-07
10,10,5.0,2.4,1.0998888291817632e-06,1.6453633938503034e-07
10,10,5.0,2.45,1.1081843428973628e-06,1.6728864429803822e-07
10,10,5.0,2.5,1.116618133013999e-06,1.7006731904619247e-07
10,10,5.0,2.55,1.125191507869158e-06,1.728719820146175e-07
10,10,5.0,2.6,1.1339057600585435e-06,1.7570237864003082e-07
10,10,5.0,2.65,1.1427621719005713e-06,1.785583475497565e-07
10,10,5.0,2.7,1.1517620194342135e-06,1.8143979532042228e-07
10,10,5.0,2.75,1.1609065753226518e-06,1.8434667764826605e-07
10,10,5.0,2.8,1.170197110940785e-06,1.8727898528911383e-07
10,10,5.0,2.85,1.1796348978527156e-06,1.9023673354670926e-07
10,10,5.0,2.9,1.18922120883286e-06,1.9321995440123077e-07
10,10,5.0,2.95,1.1989573185451574e-06,1.9622869060233912e-07
10,10,5.0,3.0,1.2088445039651802e-06,1.9926299122418757e-07
10,10,5.0,3.05,1.2188840446084278e-06,2.0232290830862555e-07
10,10,5.0,3.1,1.2290772226123362e-06,2.0540849431839603e-07
10,10,5.0,3.15,1.2394253227063961e-06,2.085198001934383e-07
10,10,5.0,3.2,1.24992963209715e-06,2.1165687385635604e-07
10,10,5.0,3.25,1.2605914402870865e-06,2.1481975905245165e-07
10,10,5.0,3.3,1.2714120388421359e-06,2.180084944392095e-07
10,10,5.0,3.35,1.2823927211184889e-06,2.212231128616449e-07
10,10,5.0,3.4,1.2935347819568368e-06,2.2446364076652734e-07
10,10,5.0,3.45,1.3048395173500163e-06,2.2773009772027775e-07
10,10,5.0,3.5,1.3163082240886121e-06,2.3102249600441862e-07
10,10,5.0,3.55,1.32794219938787e-06,2.3434084026932084e-07
10,10,5.0,3.6,1.3397427404983917e-06,2.376851272315868e-07
10,10,5.0,3.65,1.3517111443025797e-06,2.4105534540460966e-07
10,10,5.0,3.7,1.3638487068982948e-06,2.4445147485417756e-07
10,10,5.0,3.75,1.3761567231707585e-06,2.4787348697329703e-07
10,10,5.0,3.8,1.38863648635365e-06,2.51321344271914e-07
10,10,5.0,3.85,1.4012892875798917e-06,2.547950001782465e-07
10,10,5.0,3.9,1.4141164154228038e-06,2.582943988493625e-07
10,10,5.0,3.95,1.4271191554279964e-06,2.6181947498938615e-07
10,10,5.0,4.0,1.44029878963627e-06,2.653701536738654e-07
10,10,5.0,4.05,1.4536565960979452e-06,2.689463501796345e-07
10,10,5.0,4.1,1.467193848378746e-06,2.725479698192904e-07
10,10,5.0,4.15,1.480911815057599e-06,2.7617490778005035e-07
10,10,5.0,4.2,1.4948117592163153e-06,2.7982704896647303e-07
10,10,5.0,4.25,1.5088949379216938e-06,2.835042678470744e-07
10,10,5.0,4.3,1.5231626016999364e-06,2.872064283045213e-07
10,10,5.0,4.35,1.5376159940036542e-06,2.909333834894916e-07
10,10,5.0,4.4,1.5522563506717263e-06,2.946849756781063e-07
10,10,5.0,4.45,1.5670848993820919e-06,2.984610361330534e-07
10,10,5.0,4.5,1.5821028590976455e-06,3.022613849683569e-07
10,10,5.0,4.55,1.5973114395055093e-06,3.06085831017957e-07
10,10,5.0,4.6,1.6127118404498564e-06,3.099341717080616e-07
10,10,5.0,4.65,1.6283052513583795e-06,3.138061929335783e-07
10,10,5.0,4.7,1.6440928506627374e-06,3.177016689384664e-07
10,10,5.0,4.75,1.660075805213101e-06,3.216203622003699e-07
10,10,5.0,4.8,1.6762552696870487e-06,3.2556202331943666e-07
10,10,5.0,4.85,1.6926323859929885e-06,3.295263909116284e-07
10,10,5.0,4.9,1.7092082826683641e-06,3.3351319150647155e-07
10,10,5.0,4.95,1.7259840742729213e-06,3.375221394495218e-07
10,10,5.0,5.0,1.7429608607771311e-06,3.4155293680950906e-07
20,5,0.0,0.0,1.0512203284091532e-12,7.980185869971703e-12
20,5,0.0,0.05,1.4693895753536803e-12,8.608809196154585e-12
20,5,0.0,0.1,1.898661172454372e-12,8.438593949303552e-12
20,5,0.0,0.15,2.3027813385259584e-12,7.643137551462034e-12
20,5,0.0,0.2,2.656936987038973e-12,6.484476726546715e-12
20,5,0.0,0.25,2.949250740717136e-12,5.204560643049871e-12
20,5,0.0,0.3,3.178263164998669e-12,3.974242072705119e-12
20,5,0.0,0.35,3.349118196572452e-12,2.888561497078999e-12
20,5,0.0,0.4,3.4701608685354627e-12,1.9841714514495662e-12
20,5,0.0,0.45,3.55056663062806e-12,1.2610516409336836e-12
20,5,0.0,0.5,3.5989744133532817e-12,7.002148008431671e-13
20,5,0.0,0.55,3.6228563101697584e-12,2.7546672378397555e-13
20,5,0.0,0.6,3.6283426241257006e-12,-3.988994464539349e-14
20,5,0.0,0.65,3.620288897626894e-12,-2.6981748829598506e-13
20,5,0.0,0.7,3.602448131096058e-12,-4.343753864593589e-13
20,5,0.0,0.75,3.577670787333779e-12,-5.496487802247021e-13
20,5,0.0,0.8,3.5480940545245463e-12,-6.281757198003992e-13
20,5,0.0,0.85,3.5153045925219347e-12,-6.795417930102525e-13
20,5,0.0,0.9,3.4804710570722474e-12,-7.10976335589126e-13
20,5,0.0,0.95,3.444448391471165e-12,-7.278787815643946e-13
20,5,0.0,1.0,3.407858065407417e-12,-7.34253338825607e-13
20,5,0.0,1.05,3.3711488598187243e-12,-7.330538959653555e-13
20,5,0.0,1.1,3.3346424181128007e-12,-7.264507523549333e-13
20,5,0.0,1.15,3.2985671198713353e-12,-7.160333584958653e-13
20,5,0.0,1.2,3.2630831319912385e-12,-7.029625913466138e-13
20,5,0.0,1.25,3.2283008612803848e-12,-6.88084172042641e-13
20,5,0.0,1.3,3.194294507021628e-12,-6.720126405910642e-13
20,5,0.0,1.35,3.1611119932902934e-12,-6.55193267007598e-13
20,5,0.0,1.4,3.1287822362959752e-12,-6.379475568692721e-13
20,5,0.0,1.45,3.0973204550802e-12,-6.205066253957212e-13
20,5,0.0,1.5,3.066732048328488e-12,-6.030356358489384e-13
20,5,0.0,1.55,3.037015421800994e-12,-5.856516746348781e-13
20,5,0.0,1.6,3.008164048518185e-12,-5.684368152776987e-13
20,5,0.0,1.65,2.9801679683701222e-12,-5.51447660671114e-13
20,5,0.0,1.7,2.9530148783533265e-12,-5.347223100101664e-13
20,5,0.0,1.75,2.9266909239672998e-12,-5.182854437687049e-13
20,5,0.0,1.8,2.901181272525685e-12,-5.021520340453157e-13
20,5,0.0,1.85,2.876470527357331e-12,-4.863300511393428e-13
20,5,0.0,1.9,2.852543025958746e-12,-4.708224372970807e-13
20,5,0.0,1.95,2.8293830535339247e-12,-4.556285454888753e-13
20,5,0.0,2.0,2.8069749948692008e-12,-4.4074518767369567e-13
20,5,0.0,2.05,2.7853034412947527e-12,-4.2616739800404504e-13
20,5,0.0,2.1,2.7643532649605225e-12,-4.1188898794788447e-13
20,5,0.0,2.15,2.744109669351989e-12,-3.9790294951769144e-13
20,5,0.0,2.2,2.7245582225615944e-12,-3.8420174762657307e-13
20,5,0.0,2.25,2.7056848780716922e-12,-3.707775315185474e-13
20,5,0.0,2.3,2.687475986519647e-12,-3.5762228713888154e-13
20,5,0.0,2.35,2.669918300978313e-12,-3.4472794641198476e-13
20,5,0.0,2.4,2.652998977599906e-12,-3.320864650878708e-13
20,5,0.0,2.45,2.636705572970132e-12,-3.1968987767491596e-13
20,5,0.0,2.5,2.621026039155503e-12,-3.075303356806182e-13
20,5,0.0,2.55,2.6059487171579315e-12,-2.956001337057645e-13
20,5,0.0,2.6,2.5914623292973068e-12,-2.838917267128992e-13
20,5,0.0,2.65,2.5775559708991962e-12,-2.72397740895125e-13
20,5,0.0,2.7,2.5642191015608378e-12,-2.6111097991790423e-13
20,5,0.0,2.75,2.551441536193227e-12,-2.5002442782846243e-13
20,5,0.0,2.8,2.5392134359805936e-12,-2.391312495784386e-13
20,5,0.0,2.85,2.527525299358598e-12,-2.2842478985029657e-13
20,5,0.0,2.9,2.516367953082873e-12,-2.1789857069079353e-13
20,5,0.0,2.95,2.5057325434377657e-12,-2.075462883192501e-13
20,5,0.0,3.0,2.495610527619547e-12,-1.9736180937753426e-13
20,5,0.0,3.05,2.4859936653169826e-12,-1.8733916681667528e-13
20,5,0.0,3.1,2.476874010503637e-12,-1.7747255556071158e-13
20,5,0.0,3.15,2.468243903450146e-12,-1.6775632805018033e-13
20,5,0.0,3.2,2.4600959629611274e-12,-1.581849897383723e-13
20,5,0.0,3.25,2.452423078836907e-12,-1.4875319459325043e-13
20,5,0.0,3.3,2.4452184045594917e-12,-1.3945574064208949e-13
20,5,0.0,3.35,2.4384753501996563e-12,-1.302875655852089e-13
20,5,0.0,3.4,2.432187575541036e-12,-1.2124374249686314e-13
20,5,0.0,3.45,2.426348983416941e-12,-1.123194756253515e-13
20,5,0.0,3.5,2.4209537132544354e-12,-1.0351009630016613e-13
20,5,0.0,3.55,2.4159961348202305e-12,-9.481105895101099e-14
20,5,0.0,3.6,2.4114708421628237e-12,-8.621793724097115e-14
20,5,0.0,3.65,2.4073726477451953e-12,-7.772642031477045e-14
20,5,0.0,3.7,2.40369657676199e-12,-6.933230916161426e-14
20,5,0.0,3.75,2.4004378616359277e-12,-6.103151309150819e-14
20,5,0.0,3.8,2.397591936687573e-12,-5.2820046323318984e-14
20,5,0.0,3.85,2.395154432972811e-12,-4.469402468226108e-14
20,5,0.0,3.9,2.3931211732829113e-12,-3.664966240452588e-14
20,5,0.0,3.95,2.391488167301662e-12,-2.868326904629515e-14
20,5,0.0,4.0,2.3902516069144956e-12,-2.0791246494538244e-14
20,5,0.0,4.05,2.3894078616647624e-12,-1.2970086076807911e-14
20,5,0.0,4.1,2.388953474351668e-12,-5.2163657671455636e-15
20,5,0.0,4.15,2.388885156766104e-12,2.4732525144457156e-15
20,5,0.0,4.2,2.38919978555881e-12,1.010202551197348e-14
20,5,0.0,4.25,2.3898943982371466e-12,1.7673131155258697e-14
20,5,0.0,4.3,2.3909661892854303e-12,2.5189670996480204e-14
20,5,0.0,4.35,2.392412506405427e-12,3.2654672563852194e-14
20,5,0.0,4.4,2.3942308468721676e-12,4.0071091634989445e-14
20,5,0.0,4.45,2.396418854001811e-12,4.744181443241576e-14
20,5,0.0,4.5,2.398974313726983e-12,5.4769659743654904e-14
20,5,0.0,4.55,2.4018951512766266e-12,6.205738096809664e-14
20,5,0.0,4.6,2.4051794279562948e-12,6.930766809287299e-14
20,5,0.0,4.65,2.408825338025434e-12,7.652314960012278e-14
20,5,0.0,4.7,2.4128312056684646e-12,8.370639430749519e-14
20,5,0.0,4.75,2.4171954820561992e-12,9.085991314413076e-14
20,5,0.0,4.8,2.4219167424945593e-12,9.798616086395146e-14
20,5,0.0,4.85,2.4269936836572453e-12,1.0508753769833693e-13
20,5,0.0,4.9,2.4324251208998854e-12,1.1216639094992607e-13
20,5,0.0,4.95,2.4382099856520983e-12,1.192250165294699e-13
20,5,0.0,5.0,2.444347322885231e-12,1.2626566043727741e-13
20,5,1.0,0.0,7.87310447429197e-12,7.767448905132343e-11
20,5,1.0,0.05,1.2223292469595327e-11,9.50974853363109e-11
20,5,1.0,0.1,1.7231965838052443e-11,1.0358505515402617e-10
20,5,1.0,0.15,2.24169496171127e-11,1.0227876837218154e-10
20,5,1.0,0.2,2.732800147722608e-11,9.310189364458602e-11
20,5,1.0,0.25,3.164871281148153e-11,7.92113863395416e-11
20,5,1.0,0.3,3.5221242595099636e-11,6.361666840963713e-11
20,5,1.0,0.35,3.8018710821602126e-11,4.848949463783395e-11
20,5,1.0,0.4,4.0098989018775637e-11,3.506537054340556e-11
20,5,1.0,0.45,4.156219209168569e-11,2.3842432181957805e-11
20,5,1.0,0.5,4.252050810240609e-11,1.484809529611162e-11
20,5,1.0,0.55,4.308052193556217e-11,7.8619828936427e-12
20,5,1.0,0.6,4.333488140485502e-11,2.5661832055136848e-12
20,5,1.0,0.65,4.335981358948668e-11,-1.3680590137446338e-12
20,5,1.0,0.7,4.3215789147625805e-11,-4.2378462057381765e-12
20,5,1.0,0.75,4.294958191302373e-11,-6.29279722288001e-12
20,5,1.0,0.8,4.259672284691868e-11,-7.733465913246155e-12
20,5,1.0,0.85,4.2183844970209155e-11,-8.716328929948388e-12
20,5,1.0,0.9,4.173070932014652e-11,-9.361052732764945e-12
20,5,1.0,0.95,4.12518587261566e-11,-9.75787707868386e-12
20,5,1.0,1.0,4.0757920832841046e-11,-9.974171339202399e-12
20,5,1.0,1.05,4.0256611050242634e-11,-1.0059864483810235e-11
20,5,1.0,1.1,3.9753492298727384e-11,-1.0051759701087363e-11
20,5,1.0,1.15,3.9252544127815633e-11,-9.976872895347625e-12
20,5,1.0,1.2,3.875658566859556e-11,-9.854970295252512e-12
20,5,1.0,1.25,3.826758817358341e-11,-9.700473755744488e-12
20,5,1.0,1.3,3.778690501613115e-11,-9.523879018327933e-12
20,5,1.0,1.35,3.7315440438040736e-11,-9.332804975371242e-12
20,5,1.0,1.4,3.685377308140878e-11,-9.132766541263959e-12
20,5,1.0,1.45,3.6402246267965866e-11,-8.927742142750531e-12
20,5,1.0,1.5,3.596103389017669e-11,-8.720589459599941e-12
20,5,1.0,1.55,3.553018845029319e-11,-8.513349495747244e-12
20,5,1.0,1.6,3.510967605020994e-11,-8.307468713454507e-12
20,5,1.0,1.65,3.4699401852511174e-11,-8.103961171570161e-12
20,5,1.0,1.7,3.429922858848348e-11,-7.903526798754095e-12
20,5,1.0,1.75,3.390898999533661e-11,-7.7066376291966e-12
20,5,1.0,1.8,3.3528500556847564e-11,-7.513600656463534e-12
20,5,1.0,1.85,3.3157562550110333e-11,-7.324603631216953e-12
20,5,1.0,1.9,3.279597112968239e-11,-7.139748421408913e-12
20,5,1.0,1.95,3.244351798233591e-11,-6.9590753048617496e-12
20,5,1.0,2.0,3.2099993941118176e-11,-6.782580651968021e-12
20,5,1.0,2.05,3.1765190842066483e-11,-6.610229790452709e-12
20,5,1.0,2.1,3.143890283009288e-11,-6.4419663584893096e-12
20,5,1.0,2.15,3.112092726457116e-11,-6.277719098346388e-12
20,5,1.0,2.2,3.081106533432766e-11,-6.117406784605676e-12
20,5,1.0,2.25,3.050912246200184e-11,-5.9609417928471355e-12
20,5,1.0,2.3,3.0214908556044263e-11,-5.8082326775760736e-12
20,5,1.0,2.35,2.992823815281779e-11,-5.6591860282299714e-12
20,5,1.0,2.4,2.964893047973971e-11,-5.5137077992662386e-12
20,5,1.0,2.45,2.937680946200007e-11,-5.371704257242658e-12
20,5,1.0,2.5,2.91117036892636e-11,-5.233082649101145e-12
20,5,1.0,2.55,2.885344635429869e-11,-5.0977516676516254e-12
20,5,1.0,2.6,2.8601875172209514e-11,-4.965621769682523e-12
20,5,1.0,2.65,2.8356832286582368e-11,-4.8366053871193e-12
20,5,1.0,2.7,2.8118164167112196e-11,-4.710617060715316e-12
20,5,1.0,2.75,2.788572150202359e-11,-4.5875735177783696e-12
20,5,1.0,2.8,2.7659359087663182e-11,-4.467393709609111e-12
20,5,1.0,2.85,2.7438935716986416e-11,-4.3499988200883614e-12
20,5,1.0,2.9,2.7224314068154474e-11,-4.235312253741594e-12
20,5,1.0,2.95,2.7015360594112356e-11,-4.123259609352792e-12
20,5,1.0,3.0,2.6811945413751326e-11,-4.013768643546413e-12
20,5,1.0,3.05,2.661394220507599e-11,-3.9067692275495244e-12
20,5,1.0,3.1,2.6421228100651488e-11,-3.802193299468556e-12
20,5,1.0,3.15,2.6233683585513915e-11,-3.699974813773353e-12
20,5,1.0,3.2,2.6051192397650397e-11,-3.600049689207432e-12
20,5,1.0,3.25,2.5873641431102998e-11,-3.502355756008321e-12
20,5,1.0,3.3,2.570092064171515e-11,-3.4068327030654383e-12
20,5,1.0,3.35,2.5532922955515117e-11,-3.313422025465036e-12
20,5,1.0,3.4,2.536954417970074e-11,-3.222066972736889e-12
20,5,1.0,3.45,2.5210682916193394e-11,-3.1327124980202088e-12
20,5,1.0,3.5,2.505624047770723e-11,-3.0453052082988043e-12
20,5,1.0,3.55,2.4906120806275287e-11,-2.959793315798424e-12
20,5,1.0,3.6,2.476023039417848e-11,-2.8761265906089654e-12
20,5,1.0,3.65,2.461847820721024e-11,-2.794256314561459e-12
20,5,1.0,3.7,2.4480775610215426e-11,-2.714135236373407e-12
20,5,1.0,3.75,2.434703629484217e-11,-2.6357175280626037e-12
20,5,1.0,3.8,2.4217176209439187e-11,-2.558958742615705e-12
20,5,1.0,3.85,2.409111349104031e-11,-2.4838157728967614e-12
20,5,1.0,3.9,2.396876839937325e-11,-2.4102468117703358e-12
20,5,1.0,3.95,2.385006325283026e-11,-2.3382113134143738e-12
20,5,1.0,4.0,2.3734922366345866e-11,-2.267669955794463e-12
20,5,1.0,4.05,2.362327199112268e-11,-2.1985846042693606e-12
20,5,1.0,4.1,2.3515040256147562e-11,-2.130918276297554e-12
20,5,1.0,4.15,2.3410157111447307e-11,-2.064635107214993e-12
20,5,1.0,4.2,2.3308554273028723e-11,-1.9997003170524077e-12
20,5,1.0,4.25,2.3210165169451624e-11,-1.9360801783616746e-12
20,5,1.0,4.3,2.3114924889987125e-11,-1.8737419850231676e-12
20,5,1.0,4.35,2.3022770134311653e-11,-1.812654022001682e-12
20,5,1.0,4.4,2.2933639163688215e-11,-1.752785536024763e-12
20,5,1.0,4.45,2.2847471753593767e-11,-1.6941067071536313e-12
20,5,1.0,4.5,2.27642091477454e-11,-1.6365886212198056e-12
20,5,1.0,4.55,2.2683794013482006e-11,-1.5802032431001627e-12
20,5,1.0,4.6,2.2606170398464862e-11,-1.5249233908048273e-12
20,5,1.0,4.65,2.253128368865064e-11,-1.4707227103520932e-12
20,5,1.0,4.7,2.2459080567504563e-11,-1.4175756514055574e-12
20,5,1.0,4.75,2.2389508976410907e-11,-1.3654574436498652e-12
20,5,1.0,4.8,2.2322518076248155e-11,-1.3143440738810378e-12
20,5,1.0,4.85,2.2258058210091073e-11,-1.2642122637894211e-12
20,5,1.0,4.9,2.2196080867008552e-11,-1.2150394484132621e-12
20,5,1.0,4.95,2.2136538646919913e-11,-1.1668037552403697e-12
20,5,1.0,5.0,2.2079385226482675e-11,-1.119483983938692e-12
20,5,2.0,0.0,3.483132259798857e-10,4.378303039013193e-09
20,5,2.0,0.05,6.14918018720613e-10,6.271359778746124e-09
20,5,2.0,0.1,9.699234989623375e-10,7.836599192950337e-09
20,5,2.0,0.15,1.3867403375068427e-09,8.700991547887544e-09
20,5,2.0,0.2,1.826282081242942e-09,8.749476914166294e-09
20,5,2.0,0.25,2.2501521908420386e-09,8.109844538214056e-09
20,5,2.0,0.3,2.6299710993740854e-09,7.032345841890672e-09
20,5,2.0,0.35,2.9503525189471164e-09,5.770501747550053e-09
20,5,2.0,0.4,3.20718018612461e-09,4.515524669745233e-09
20,5,2.0,0.45,3.4039615069739436e-09,3.3817996695627896e-09
20,5,2.0,0.5,3.548253476415914e-09,2.4202863882635535e-09
20,5,2.0,0.55,3.649021139482554e-09,1.6398846824790312e-09
20,5,2.0,0.6,3.7150276729719023e-09,1.0263153291784987e-09
20,5,2.0,0.65,3.7540296570134316e-09,5.553095101619189e-10
20,5,2.0,0.7,3.772493654996071e-09,2.0047857083975384e-10
20,5,2.0,0.75,3.775603802488581e-09,-6.265117689023207e-11
20,5,2.0,0.8,3.767406246300533e-09,-2.549858277297026e-10
20,5,2.0,0.85,3.750999789702423e-09,-3.9352506816766574e-10
20,5,2.0,0.9,3.7287254682975065e-09,-4.916581802053657e-10
20,5,2.0,0.95,3.7023340223516498e-09,-5.597056845844551e-10
20,5,2.0,1.0,3.6731246407359337e-09,-6.055041113048169e-10
20,5,2.0,1.05,3.64205548040901e-09,-6.349408051771441e-10
20,5,2.0,1.1,3.609829477037615e-09,-6.524049687231473e-10
20,5,2.0,1.15,3.5769598228112623e-09,-6.611506547079863e-10
20,5,2.0,1.2,3.543819328545245e-09,-6.635803907240054e-10
20,5,2.0,1.25,3.5106773194160723e-09,-6.614624833899012e-10
20,5,2.0,1.3,3.4777270443735014e-09,-6.560952850053191e-10
20,5,2.0,1.35,3.4451059486069495e-09,-6.484302036169638e-10
20,5,2.0,1.4,3.4129106195155876e-09,-6.391632048613138e-10
20,5,2.0,1.45,3.381207780044353e-09,-6.288025514774243e-10
20,5,2.0,1.5,3.3500423609044574e-09,-6.177187791707791e-10
20,5,2.0,1.55,3.3194434203767574e-09,-6.06181475748217e-10
20,5,2.0,1.6,3.2894284814890315e-09,-5.943862999374651e-10
20,5,2.0,1.65,3.2600067073096135e-09,-5.824748045500148e-10
20,5,2.0,1.7,3.2311812241835657e-09,-5.70548966955525e-10
20,5,2.0,1.75,3.202950820612542e-09,-5.58681833015263e-10
20,5,2.0,1.8,3.1753111888849655e-09,-5.469253104180489e-10
20,5,2.0,1.85,3.14825583196892e-09,-5.353158729908975e-10
20,5,2.0,1.9,3.1217767254235828e-09,-5.238787349933732e-10
20,5,2.0,1.95,3.0958648000534896e-09,-5.12630905269392e-10
20,5,2.0,2.0,3.070510293415887e-09,-5.015834215489028e-10
20,5,2.0,2.05,3.04570300539161e-09,-4.907429847894435e-10
20,5,2.0,2.1,3.021432483584567e-09,-4.801131545126318e-10
20,5,2.0,2.15,2.9976881574021593e-09,-4.696952229244877e-10
20,5,2.0,2.2,2.97445943461076e-09,-4.594888540055133e-10
20,5,2.0,2.25,2.951735770459788e-09,-4.4949255062835695e-10
20,5,2.0,2.3,2.9295067167588644e-09,-4.397039958378441e-10
20,5,2.0,2.35,2.90776195631319e-09,-4.3012030204782246e-10
20,5,2.0,2.4,2.8864913266708106e-09,-4.2073819285131457e-10
20,5,2.0,2.45,2.865684836076595e-09,-4.1155413551535085e-10
20,5,2.0,2.5,2.8453326737504934e-09,-4.025644373843324e-10
20,5,2.0,2.55,2.8254252160403245e-09,-3.937653158696201e-10
20,5,2.0,2.6,2.805953029583447e-09,-3.851529491087048e-10
20,5,2.0,2.65,2.7869068723074374e-09,-3.767235124787689e-10
20,5,2.0,2.7,2.768277692877387e-09,-3.6847320476016966e-10
20,5,2.0,2.75,2.75005662903413e-09,-3.6039826672879925e-10
20,5,2.0,2.8,2.7322350051483834e-09,-3.5249499421206886e-10
20,5,2.0,2.85,2.7148043292286498e-09,-3.4475974709867577e-10
20,5,2.0,2.9,2.6977562895562794e-09,-3.3718895539329776e-10
20,5,2.0,2.95,2.681082751074672e-09,-3.2977912311549325e-10
20,5,2.0,3.0,2.6647757516246806e-09,-3.2252683062851806e-10
20,5,2.0,3.05,2.6488274980937266e-09,-3.1542873582661003e-10
20,5,2.0,3.1,2.633230362527351e-09,-3.0848157449525934e-10
20,5,2.0,3.15,2.6179768782384703e-09,-3.016821600745081e-10
20,5,2.0,3.2,2.6030597359398133e-09,-2.9502738299386543e-10
20,5,2.0,3.25,2.588471779917532e-09,-2.885142097024498e-10
20,5,2.0,3.3,2.5742060042591496e-09,-2.8213968148485004e-10
20,5,2.0,3.35,2.5602555491446976e-09,-2.7590091312878463e-10
20,5,2.0,3.4,2.546613697206821e-09,-2.697950914931468e-10
20,5,2.0,3.45,2.5332738699645077e-09,-2.6381947401189364e-10
20,5,2.0,3.5,2.5202296243326377e-09,-2.5797138715958785e-10
20,5,2.0,3.55,2.507474649208672e-09,-2.5224822489751556e-10
20,5,2.0,3.6,2.4950027621373467e-09,-2.4664744711409597e-10
20,5,2.0,3.65,2.4828079060531793e-09,-2.411665780695684e-10
20,5,2.0,3.7,2.4708841461006604e-09,-2.358032048522041e-10
20,5,2.0,3.75,2.459225666530918e-09,-2.3055497585106634e-10
20,5,2.0,3.8,2.4478267676746246e-09,-2.2541959924914982e-10
20,5,2.0,3.85,2.4366818629893608e-09,-2.2039484153930289e-10
20,5,2.0,3.9,2.4257854761808764e-09,-2.15478526064937e-10
20,5,2.0,3.95,2.415132238396281e-09,-2.1066853158636902e-10
20,5,2.0,4.0,2.4047168854887087e-09,-2.059627908738214e-10
20,5,2.0,4.05,2.3945342553512896e-09,-2.0135928932744065e-10
20,5,2.0,4.1,2.3845792853196686e-09,-1.9685606362428452e-10
20,5,2.0,4.15,2.3748470096413622e-09,-1.924512003926793e-10
20,5,2.0,4.2,2.3653325570108455e-09,-1.8814283491345592e-10
20,5,2.0,4.25,2.3560311481687443e-09,-1.839291498481319e-10
20,5,2.0,4.3,2.3469380935641423e-09,-1.7980837399356697e-10
20,5,2.0,4.35,2.338048791078289e-09,-1.7577878106287258e-10
20,5,2.0,4.4,2.329358723808837e-09,-1.7183868849226378e-10
20,5,2.0,4.45,2.320863457912863e-09,-1.679864562732707e-10
20,5,2.0,4.5,2.3125586405079384e-09,-1.64220485810101e-10
20,5,2.0,4.55,2.30443999762939e-09,-1.6053921880171857e-10
20,5,2.0,4.6,2.2965033322430423e-09,-1.5694113614801333e-10
20,5,2.0,4.65,2.2887445223120918e-09,-1.5342475687997242e-10
20,5,2.0,4.7,2.2811595189167387e-09,-1.4998863711312434e-10
20,5,2.0,4.75,2.2737443444256367e-09,-1.466313690239652e-10
20,5,2.0,4.8,2.2664950907180426e-09,-1.4335157984895595e-10
20,5,2.0,4.85,2.259407917455269e-09,-1.401479309056722e-10
20,5,2.0,4.9,2.2524790504007957e-09,-1.3701911663553888e-10
20,5,2.0,4.95,2.2457047797873844e-09,-1.3396386366798886e-10
20,5,2.0,5.0,2.23908145873079e-09,-1.3098092990541867e-10
20,5,3.0,0.0,6.476685704293363e-09,1.0025015144107807e-07
20,5,3.0,0.05,1.319592488201757e-08,1.7140261184269416e-07
20,5,3.0,0.1,2.377834939885823e-08,2.519635369608168e-07
20,5,3.0,0.15,3.822948175099658e-08,3.228455287106663e-07
20,5,3.0,0.2,5.5615962748114713e-08,3.6727205185580223e-07
20,5,3.0,0.25,7.439408509593497e-08,3.7831067380033825e-07
20,5,3.0,0.3,9.294526290719619e-08,3.5944421317990146e-07
20,5,3.0,0.35,1.0999780769968008e-07,3.2015909338092657e-07
20,5,3.0,0.4,1.247965771254062e-07,2.709189099691753e-07
20,5,3.0,0.45,1.3706482358174586e-07,2.2007969905774278e-07
20,5,3.0,0.5,1.468679477846919e-07,1.7295356195970087e-07
20,5,3.0,0.55,1.5446691450684e-07,1.3216949075961205e-07
20,5,3.0,0.6,1.6020383366041266e-07,9.84862035921104e-08
20,5,3.0,0.65,1.6442862801033433e-07,7.157212940001235e-08
20,5,3.0,0.7,1.674597886739329e-07,5.057786789343873e-08
20,5,3.0,0.75,1.6956821618668957e-07,3.4493184158249513e-08
20,5,3.0,0.8,1.7097456761986895e-07,2.234036666527013e-08
20,5,3.0,0.85,1.7185340670193426e-07,1.3261790855393524e-08
20,5,3.0,0.9,1.723400577143645e-07,6.546674217158911e-09
20,5,3.0,0.95,1.7253792426873157e-07,1.626735748485572e-09
20,5,3.0,1.0,1.7252520086176044e-07,-1.9415990275897343e-09
20,5,3.0,1.05,1.7236056977313093e-07,-4.498883648377923e-09
20,5,3.0,1.1,1.7208782080333148e-07,-6.303551779314836e-09
20,5,3.0,1.15,1.717394896184054e-07,-7.550097788703632e-09
20,5,3.0,1.2,1.7133966757918968e-07,-8.384023674136881e-09
20,5,3.0,1.25,1.7090614255901683e-07,-8.913709480406697e-09
20,5,3.0,1.3,1.7045201458088383e-07,-9.219629787856706e-09
20,5,3.0,1.35,1.6998690686358831e-07,-9.361400741676665e-09
20,5,3.0,1.4,1.6951786917968104e-07,-9.383111143842878e-09
20,5,3.0,1.45,1.6905004933046804e-07,-9.31732515855908e-09
20,5,3.0,1.5,1.685871909893207e-07,-9.188071501563417e-09
20,5,3.0,1.55,1.6813200213026458e-07,-9.013067119755777e-09
20,5,3.0,1.6,1.676864273190074e-07,-8.805366788134921e-09
20,5,3.0,1.65,1.6725184875830458e-07,-8.574584366591681e-09
20,5,3.0,1.7,1.6682923462609152e-07,-8.327795625444272e-09
20,5,3.0,1.75,1.664192484697767e-07,-8.070204969865236e-09
20,5,3.0,1.8,1.6602232985184796e-07,-7.805637439702622e-09
20,5,3.0,1.85,1.6563875378641776e-07,-7.536901582972019e-09
20,5,3.0,1.9,1.6526867453592228e-07,-7.266056995280959e-09
20,5,3.0,1.95,1.6491215787833682e-07,-6.994611523275486e-09
20,5,3.0,2.0,1.6456920487665472e-07,-6.723666600853943e-09
20,5,3.0,2.05,1.6423976938596822e-07,-6.454024350350165e-09
20,5,3.0,2.1,1.6392377094574542e-07,-6.186266504306009e-09
20,5,3.0,2.15,1.636211042715579e-07,-5.920812561834744e-09
20,5,3.0,2.2,1.6333164624091505e-07,-5.657962644171065e-09
20,5,3.0,2.25,1.6305526103253093e-07,-5.397929076322826e-09
20,5,3.0,2.3,1.6279180390470442e-07,-5.140859661915154e-09
20,5,3.0,2.35,1.625411239707695e-07,-4.886854837262703e-09
20,5,3.0,2.4,1.623030662353163e-07,-4.63598031518688e-09
20,5,3.0,2.45,1.6207747308553897e-07,-4.388276405125773e-09
20,5,3.0,2.5,1.6186418538093045e-07,-4.143764883723014e-09
20,5,3.0,2.55,1.6166304324686212e-07,-3.902454059988492e-09
20,5,3.0,2.6,1.61473886649878e-07,-3.6643425096165464e-09
20,5,3.0,2.65,1.6129655581203714e-07,-3.4294218281775197e-09
20,5,3.0,2.7,1.611308915065973e-07,-3.197678660894137e-09
20,5,3.0,2.75,1.6097673526623653e-07,-2.9690961989400103e-09
20,5,3.0,2.8,1.6083392952677416e-07,-2.7436552822499475e-09
20,5,3.0,2.85,1.6070231772339114e-07,-2.521335212037362e-09
20,5,3.0,2.9,1.6058174435184579e-07,-2.3021143491013412e-09
20,5,3.0,2.95,1.6047205500392494e-07,-2.0859705539866046e-09
20,5,3.0,3.0,1.6037309638396033e-07,-1.872881510389179e-09
20,5,3.0,3.05,1.6028471631142809e-07,-1.6628249622738122e-09
20,5,3.0,3.1,1.602067637133837e-07,-1.4557788872233188e-09
20,5,3.0,3.15,1.6013908860945048e-07,-1.2517216226003044e-09
20,5,3.0,3.2,1.6008154209143223e-07,-1.0506319567729047e-09
20,5,3.0,3.25,1.6003397629902924e-07,-8.524891944333356e-10
20,5,3.0,3.3,1.5999624439280847e-07,-6.572732026904978e-10
20,5,3.0,3.35,1.5996820052523627e-07,-4.6496444284584427e-10
20,5,3.0,3.4,1.5994969981039869e-07,-2.755439915067849e-10
20,5,3.0,3.45,1.599405982928801e-07,-8.899355371585182e-11
20,5,3.0,3.5,1.5994075291614521e-07,9.470452991605696e-11
20,5,3.0,3.55,1.599500214906779e-07,2.755672805893005e-10
20,5,3.0,3.6,1.5996826266207162e-07,4.53611082138118e-10
20,5,3.0,3.65,1.5999533587925355e-07,6.288516844663233e-10
20,5,3.0,3.7,1.6003110136290124e-07,8.013042090124889e-10
20,5,3.0,3.75,1.6007542007419947e-07,9.709831557867743e-10
20,5,3.0,3.8,1.601281536839663e-07,1.1379024116515792e-09
20,5,3.0,3.85,1.6018916454222864e-07,1.3020752595973559e-09
20,5,3.0,3.9,1.6025831564827122e-07,1.4635143888161817e-09
20,5,3.0,3.95,1.6033547062121761e-07,1.6222319054407642e-09
20,5,3.0,4.0,1.6042049367115576e-07,1.7782393438428049e-09
20,5,3.0,4.05,1.6051324957084193e-07,1.9315476783914576e-09
20,5,3.0,4.1,1.6061360362800524e-07,2.082167335627428e-09
20,5,3.0,4.15,1.607214216582609e-07,2.230108206787362e-09
20,5,3.0,4.2,1.6083656995867766e-07,2.3753796606490136e-09
20,5,3.0,4.25,1.6095891528197008e-07,2.517990556650967e-09
20,5,3.0,4.3,1.6108832481137136e-07,2.657949258275887e-09
20,5,3.0,4.35,1.6122466613617084e-07,2.7952636466591722e-09
20,5,3.0,4.4,1.6136780722794592e-07,2.9299411344190703e-09
20,5,3.0,4.45,1.6151761641748204e-07,3.0619886796736628e-09
20,5,3.0,4.5,1.616739623724052e-07,3.1914128002441344e-09
20,5,3.0,4.55,1.61836714075522e-07,3.318219588024522e-09
20,5,3.0,4.6,1.6200574080388934e-07,3.4424147235000136e-09
20,5,3.0,4.65,1.6218091210860772e-07,3.564003490414512e-09
20,5,3.0,4.7,1.6236209779535596e-07,3.6829907905646748e-09
20,5,3.0,4.75,1.6254916790565986e-07,3.79938115870776e-09
20,5,3.0,4.8,1.6274199269892605e-07,3.913178777592656e-09
20,5,3.0,4.85,1.6294044263520805e-07,4.024387493073753e-09
20,5,3.0,4.9,1.6314438835874945e-07,4.1330108293257355e-09
20,5,3.0,4.95,1.6335370068227984e-07,4.2390520041299755e-09
20,5,3.0,5.0,1.635682505720706e-07,4.34251394423821e-09
20,5,4.0,0.0,1.766797622782137e-08,3.2143933176926575e-07
20,5,4.0,0.05,4.1445433344999974e-08,6.574254984076696e-07
20,5,4.0,0.1,8.60913411851479e-08,1.1514116167950716e-06
20,5,4.0,0.15,1.580832391009498e-07,1.7329423749862787e-06
20,5,4.0,0.2,2.586558755297921e-07,2.2708926820148803e-06
20,5,4.0,0.25,3.8230175730208143e-07,2.6389399363686396e-06
20,5,4.0,0.3,5.186274043922698e-07,2.774323756281627e-06
20,5,4.0,0.35,6.560412505975583e-07,2.689773330519197e-06
20,5,4.0,0.4,7.849519488146451e-07,2.4464132485615174e-06
20,5,4.0,0.45,8.992701165871147e-07,2.1178492017102917e-06
20,5,4.0,0.5,9.963604120833553e-07,1.7659718496413477e-06
20,5,4.0,0.55,1.0761782750108484e-06,1.4320939655874777e-06
20,5,4.0,0.6,1.1402438108174645e-06,1.1381873085473363e-06
20,5,4.0,0.65,1.190799371078601e-06,8.921425070555305e-07
20,5,4.0,0.7,1.23024663992161e-06,6.932736433523732e-07
20,5,4.0,0.75,1.2608299058695683e-06,5.365459716918327e-07
20,5,4.0,0.8,1.2844927685389753e-06,4.153109513720434e-07
20,5,4.0,0.85,1.302840158159221e-06,3.2284969243381836e-07
20,5,4.0,0.9,1.3171560363181134e-06,2.531188909769864e-07
20,5,4.0,0.95,1.3284454203283867e-06,2.0102317156308728e-07
20,5,4.0,1.0,1.3374829969431511e-06,1.6243524767767377e-07
20,5,4.0,1.05,1.3448594022689441e-06,1.3409919932325744e-07
20,5,4.0,1.1,1.3510214113300637e-06,1.1349251284106253e-07
20,5,4.0,1.15,1.356305055923132e-06,9.86854404926285e-08
20,5,4.0,1.2,1.3609620319470982e-06,8.821491090832294e-08
20,5,4.0,1.25,1.3651803019850731e-06,8.097879841583741e-08
20,5,4.0,1.3,1.369099930845266e-06,7.615073030801954e-08
20,5,4.0,1.35,1.372825130422816e-06,7.311317793603907e-08
20,5,4.0,1.4,1.3764333534588581e-06,7.140580313155714e-08
20,5,4.0,1.45,1.379982122746595e-06,7.068605231724931e-08
20,5,4.0,1.5,1.3835141400216714e-06,7.069934432936224e-08
20,5,4.0,1.55,1.3870610972637786e-06,7.125665013074453e-08
20,5,4.0,1.6,1.3906465142432565e-06,7.221770354178993e-08
20,5,4.0,1.65,1.3942878480087699e-06,7.347846745865338e-08
20,5,4.0,1.7,1.397998059462879e-06,7.49617978106021e-08
20,5,4.0,1.75,1.4017867758663356e-06,7.661050064225438e-08
20,5,4.0,1.8,1.405661153023583e-06,7.838217490203759e-08
20,5,4.0,1.85,1.409626514484845e-06,8.024538486121036e-08
20,5,4.0,1.9,1.413686825303901e-06,8.217682104972489e-08
20,5,4.0,1.95,1.4178450431053644e-06,8.415919529225284e-08
20,5,4.0,2.0,1.4221033781989685e-06,8.617968047343574e-08
20,5,4.0,2.05,1.4264634862843328e-06,8.822875428318214e-08
20,5,4.0,2.1,1.430926611203148e-06,9.029934244080251e-08
20,5,4.0,2.15,1.4354936906781594e-06,9.238618386831178e-08
20,5,4.0,2.2,1.4401654346272738e-06,9.448536032431173e-08
20,5,4.0,2.25,1.4449423831577987e-06,9.659394788646698e-08
20,5,4.0,2.3,1.4498249495041483e-06,9.870975870567642e-08
20,5,4.0,2.35,1.4548134518087956e-06,1.0083114963635314e-07
20,5,4.0,2.4,1.459908136634877e-06,1.0295688041089312e-07
20,5,4.0,2.45,1.465109196351293e-06,1.0508600851889103e-07
20,5,4.0,2.5,1.4704167819752677e-06,1.0721781128037008e-07
20,5,4.0,2.55,1.4758310126475876e-06,1.0935172806764441e-07
20,5,4.0,2.6,1.4813519826106983e-06,1.1148731745668997e-07
20,5,4.0,2.65,1.486979766334804e-06,1.1362422544200966e-07
20,5,4.0,2.7,1.4927144222698377e-06,1.1576216185033279e-07
20,5,4.0,2.75,1.4985559955777498e-06,1.1790088283145793e-07
20,5,4.0,2.8,1.504504520107364e-06,1.2004017785366576e-07
20,5,4.0,2.85,1.510560019806801e-06,1.2217986003884792e-07
20,5,4.0,2.9,1.5167225097176553e-06,1.243197589740887e-07
20,5,4.0,2.95,1.522991996657831e-06,1.2645971535985057e-07
20,5,4.0,3.0,1.5293684796726446e-06,1.2859957702074953e-07
20,5,4.0,3.05,1.5358519503129752e-06,1.307391959275084e-07
20,5,4.0,3.1,1.5424423927842078e-06,1.3287842596962272e-07
20,5,4.0,3.15,1.5491397839984065e-06,1.3501712128560912e-07
20,5,4.0,3.2,1.5559440935539729e-06,1.3715513500790324e-07
20,5,4.0,3.25,1.5628552836604591e-06,1.3929231831604982e-07
20,5,4.0,3.3,1.5698733090222855e-06,1.4142851971972336e-07
20,5,4.0,3.35,1.576998116690954e-06,1.4356358451316057e-07
20,5,4.0,3.4,1.5842296458933278e-06,1.4569735435776427e-07
20,5,4.0,3.45,1.5915678278416988e-06,1.478296669607704e-07
20,5,4.0,3.5,1.5990125855295604e-06,1.4996035582629604e-07
20,5,4.0,3.55,1.6065638335163547e-06,1.520892500609969e-07
20,5,4.0,3.6,1.6142214777036815e-06,1.5421617422133734e-07
20,5,4.0,3.65,1.6219854151046444e-06,1.563409481927074e-07
20,5,4.0,3.7,1.6298555336077978e-06,1.5846338709325887e-07
20,5,4.0,3.75,1.637831711736762e-06,1.60583301197027e-07
20,5,4.0,3.8,1.645913818406447e-06,1.627004958724364e-07
20,5,4.0,3.85,1.6541017126765248e-06,1.6481477153323064e-07
20,5,4.0,3.9,1.6623952435026511e-06,1.6692592359964597e-07
20,5,4.0,3.95,1.6707942494860025e-06,1.6903374246817639e-07
20,5,4.0,4.0,1.6792985586214918e-06,1.711380134887682e-07
20,5,4.0,4.05,1.6879079880450212e-06,1.7323851694853672e-07
20,5,4.0,4.1,1.696622343780051e-06,1.7533502806127987e-07
20,5,4.0,4.15,1.705441420483774e-06,1.774273169624591e-07
20,5,4.0,4.2,1.7143650011932131e-06,1.7951514870899967e-07
20,5,4.0,4.25,1.723392857071293e-06,1.8159828328395578e-07
20,5,4.0,4.3,1.7325247471535129e-06,1.8367647560553214e-07
20,5,4.0,4.35,1.7417604180948721e-06,1.8574947554058498e-07
20,5,4.0,4.4,1.7510996039178102e-06,1.8781702792219983e-07
20,5,4.0,4.45,1.7605420257609827e-06,1.8987887257151318e-07
20,5,4.0,4.5,1.7700873916294102e-06,1.919347443235399e-07
20,5,4.0,4.55,1.7797353961457682e-06,1.9398437305698753e-07
20,5,4.0,4.6,1.7894857203034627e-06,1.960274837280718e-07
20,5,4.0,4.65,1.7993380312214109e-06,1.9806379640818546e-07
20,5,4.0,4.7,1.8092919819008896e-06,2.0009302632554283e-07
20,5,4.0,4.75,1.819347210984405e-06,2.021148839105447e-07
20,5,4.0,4.8,1.829503342517053e-06,2.0412907484509572e-07
20,5,4.0,4.85,1.8397599857104353e-06,2.0613530011567735e-07
20,5,4.0,4.9,1.8501167347092323e-06,2.081332560701374e-07
20,5,4.0,4.95,1.8605731683608476e-06,2.1012263447834365e-07
20,5,4.0,5.0,1.8711288499880412e-06,2.1210312259642464e-07
20,5,5.0,0.0,1.0329584396787707e-08,2.0965706559342888e-07
20,5,5.0,0.05,2.7301246386632192e-08,5.044210975943585e-07
20,5,5.0,0.1,6.501891130224889e-08,1.0519510274124273e-06
20,5,5.0,0.15,1.372445366089236e-07,1.8796205452570864e-06
20,5,5.0,0.2,2.55997973146121e-07,2.8840552560354402e-06
20,5,5.0,0.25,4.249677974865274e-07,3.847290580592451e-06
20,5,5.0,0.3,6.362101857430736e-07,4.54320897181038e-06
20,5,5.0,0.35,8.726498760296085e-07,4.845503629957481e-06
20,5,5.0,0.4,1.1142378207917258e-06,4.759553363871812e-06
20,5,5.0,0.45,1.343732111418608e-06,4.382104187415552e-06
20,5,5.0,0.5,1.549701056545912e-06,3.839184530921392e-06
20,5,5.0,0.55,1.7267514809750686e-06,3.241105981078703e-06
20,5,5.0,0.6,1.8741807235226187e-06,2.664012815612643e-06
20,5,5.0,0.65,1.994221110077645e-06,2.1501698657479873e-06
20,5,5.0,0.7,2.0905405691690752e-06,1.7163756582423005e-06
20,5,5.0,0.75,2.167211300408876e-06,1.363469595023202e-06
20,5,5.0,0.8,2.2281114038643783e-06,1.0838916793568697e-06
20,5,5.0,0.85,2.276640358302081e-06,8.666966872054033e-07
20,5,5.0,0.9,2.315629702418938e-06,7.00455114231889e-07
20,5,5.0,0.95,2.3473598435994303e-06,5.747051608455777e-07
20,5,5.0,1.0,2.373625483025113e-06,4.805264830458477e-07
20,5,5.0,1.05,2.395816446315601e-06,4.106354567336561e-07
20,5,5.0,1.1,2.4149967562591754e-06,3.59250780658991e-07
20,5,5.0,1.15,2.4319743620681143e-06,3.218710491749638e-07
20,5,5.0,1.2,2.4473591840885444e-06,2.950381105257652e-07
20,5,5.0,1.25,2.461609739359742e-06,2.761204278459494e-07
20,5,5.0,1.3,2.47506972749021e-06,2.631290928046456e-07
20,5,5.0,1.35,2.4879962840352457e-06,2.545682710666297e-07
20,5,5.0,1.4,2.500581557404072e-06,2.493169691554634e-07
20,5,5.0,1.45,2.512969057373963e-06,2.4653727857271017e-07
20,5,5.0,1.5,2.525265972252068e-06,2.456040687262904e-07
20,5,5.0,1.55,2.537552410989381e-06,2.4605159384804787e-07
20,5,5.0,1.6,2.549888317496197e-06,2.4753320158488187e-07
20,5,5.0,1.65,2.5623186323853164e-06,2.4979106661050775e-07
20,5,5.0,1.7,2.5748771403817965e-06,2.526335295488081e-07
20,5,5.0,1.75,2.5875893348404948e-06,2.559181704861904e-07
20,5,5.0,1.8,2.600474548736536e-06,2.5953918765841763e-07
20,5,5.0,1.85,2.6135475390406536e-06,2.634179980337706e-07
20,5,5.0,1.9,2.626819664200011e-06,2.6749624360695513e-07
20,5,5.0,1.95,2.640299758963751e-06,2.71730591018214e-07
20,5,5.0,2.0,2.653994784212049e-06,2.760888664058886e-07
20,5,5.0,2.05,2.6679103095839377e-06,2.8054718356334394e-07
20,5,5.0,2.1,2.6820508718871987e-06,2.8508781057930814e-07
20,5,5.0,2.15,2.696420241237981e-06,2.89697585273431e-07
20,5,5.0,2.2,2.711021618669385e-06,2.9436673833874084e-07
20,5,5.0,2.25,2.725857782842522e-06,2.9908801931251114e-07
20,5,5.0,2.3,2.7409311989571872e-06,3.0385604744597865e-07
20,5,5.0,2.35,2.756244099587922e-06,3.0866682958408285e-07
20,5,5.0,2.4,2.771798544668205e-06,3.1351740206156984e-07
20,5,5.0,2.45,2.787596465985541e-06,3.1840556468920356e-07
20,5,5.0,2.5,2.8036397001702623e-06,3.233296831227007e-07
20,5,5.0,2.55,2.8199300131350973e-06,3.2828854201217275e-07
20,5,5.0,2.6,2.8364691181617798e-06,3.332812358617679e-07
20,5,5.0,2.65,2.8532586892651304e-06,3.3830708789501354e-07
20,5,5.0,2.7,2.870300371046595e-06,3.43365589719889e-07
20,5,5.0,2.75,2.8875957859359396e-06,3.4845635644283634e-07
20,5,5.0,2.8,2.905146539489934e-06,3.5357909325801604e-07
20,5,5.0,2.85,2.922954224244244e-06,3.587335705615594e-07
20,5,5.0,2.9,2.941020422487004e-06,3.639196053988119e-07
20,5,5.0,2.95,2.959346708228178e-06,3.691370476174061e-07
20,5,5.0,3.0,2.9779346485687147e-06,3.743857695171674e-07
20,5,5.0,3.05,2.996785804619758e-06,3.7966565809895567e-07
20,5,5.0,3.1,3.0159017320855844e-06,3.8497660924536684e-07
20,5,5.0,3.15,3.0352839815927894e-06,3.903185233380123e-07
20,5,5.0,3.2,3.0549340988287247e-06,3.95691301943053e-07
20,5,5.0,3.25,3.0748536245346865e-06,4.0109484529160163e-07
20,5,5.0,3.3,3.095044094389058e-06,4.065290503519694e-07
20,5,5.0,3.35,3.1155070388053377e-06,4.119938093425406e-07
20,5,5.0,3.4,3.136243982664448e-06,4.174890085732516e-07
20,5,5.0,3.45,3.1572564449956654e-06,4.2301452753241186e-07
20,5,5.0,3.5,3.178545938616627e-06,4.2857023815678087e-07
20,5,5.0,3.55,3.2001139697404515e-06,4.3415600423904734e-07
20,5,5.0,3.6,3.22196203755586e-06,4.397716809384048e-07
20,5,5.0,3.65,3.2440916337850556e-06,4.4541711436903054e-07
20,5,5.0,3.7,3.266504242222293e-06,4.5109214124737765e-07
20,5,5.0,3.75,3.289201338256295e-06,4.567965885844803e-07
20,5,5.0,3.8,3.312184388377951e-06,4.625302734128181e-07
20,5,5.0,3.85,3.3354548496750557e-06,4.682930025400241e-07
20,5,5.0,3.9,3.35901416931547e-06,4.7408457232376064e-07
20,5,5.0,3.95,3.3828637840193777e-06,4.799047684635351e-07
20,5,5.0,4.0,3.4070051195213223e-06,4.85753365806344e-07
20,5,5.0,4.05,3.4314395900231495e-06,4.916301281637645e-07
20,5,5.0,4.1,3.4561685976376696e-06,4.97534808139019e-07
20,5,5.0,4.15,3.4811935318242378e-06,5.034671469625445e-07
20,5,5.0,4.2,3.506515768816239e-06,5.094268743352565e-07
20,5,5.0,4.25,3.5321366710405197e-06,5.154137082789125e-07
20,5,5.0,4.3,3.5580575865302917e-06,5.214273549931363e-07
20,5,5.0,4.35,3.584279848330096e-06,5.274675087185422e-07
20,5,5.0,4.4,3.610804773894943e-06,5.335338516061674e-07
20,5,5.0,4.45,3.637633664482528e-06,5.396260535926436e-07
20,5,5.0,4.5,3.6647678045394877e-06,5.457437722812966e-07
20,5,5.0,4.55,3.692208461081931e-06,5.518866528291156e-07
20,5,5.0,4.6,3.719956883070459e-06,5.580543278393352e-07
20,5,5.0,4.65,3.7480143007798075e-06,5.642464172600489e-07
20,5,5.0,4.7,3.776381925163734e-06,5.704625282885962e-07
20,5,5.0,4.75,3.8050609472152625e-06,5.767022552817275e-07
20,5,5.0,4.8,3.834052537322431e-06,5.829651796719426e-07
20,5,5.0,4.85,3.8633578446202036e-06,5.892508698896745e-07
20,5,5.0,4.9,3.892977996338427e-06,5.955588812915494e-07
20,5,5.0,4.95,3.922914097146708e-06,6.018887560949399e-07
20,5,5.0,5.0,3.953167228495631e-06,6.082400233185839e-07
20,10,0.0,0.0,2.7087131444786525e-12,2.2070047885907217e-11
20,10,0.0,0.05,3.883517507754829e-12,2.453247335338806e-11
20,10,0.0,0.1,5.122153724083801e-12,2.4631714299545194e-11
20,10,0.0,0.15,6.313120526744727e-12,2.272902902760408e-11
20,10,0.0,0.2,7.373858946488248e-12,1.9554245677601446e-11
20,10,0.0,0.25,8.259866344027857e-12,1.5852012993021085e-11
20,10,0.0,0.3,8.959769181424354e-12,1.218441388166431e-11
20,10,0.0,0.35,9.484568957707913e-12,8.886147929663576e-12
20,10,0.0,0.4,9.85705416111309e-12,6.10399578315304e-12
20,10,0.0,0.45,1.0103983149100804e-11,3.860531691024579e-12
20,10,0.0,0.5,1.0251345184523599e-11,2.110448287884052e-12
20,10,0.0,0.55,1.0322020349476793e-11,7.797715576282728e-13
20,10,0.0,0.6,1.0334985159332819e-11,-2.1089713665461097e-13
20,10,0.0,0.65,1.0305373555292093e-11,-9.3460798893484e-13
20,10,0.0,0.7,1.0244933484087487e-11,-1.4533690334613827e-12
20,10,0.0,0.75,1.0162610754524642e-11,-1.817319654163566e-12
20,10,0.0,0.8,1.0065121884024802e-11,-2.0657429063843768e-12
20,10,0.0,0.85,9.957455755934816e-12,-2.2287638871239536e-12
20,10,0.0,0.9,9.843286374841935e-12,-2.329141614790744e-12
20,10,0.0,0.95,9.72529969993625e-12,-2.383887638243296e-12
20,10,0.0,1.0,9.605446026193985e-12,-2.405619289895739e-12
20,10,0.0,1.05,9.485131573790265e-12,-2.403641132171336e-12
20,10,0.0,1.1,9.365362208147965e-12,-2.3847847881616457e-12
20,10,0.0,1.15,9.246850345806217e-12,-2.354048813787078e-12
20,10,0.0,1.2,9.130093997068956e-12,-2.3150798752966987e-12
20,10,0.0,1.25,9.0154349526219e-12,-2.2705312855529214e-12
20,10,0.0,1.3,8.903101480665652e-12,-2.2223284250031663e-12
20,10,0.0,1.35,8.793239584100479e-12,-2.171864318582258e-12
20,10,0.0,1.4,8.685935842236418e-12,-2.1201432672175715e-12
20,10,0.0,1.45,8.581234079628534e-12,-2.0678860775945046e-12
20,10,0.0,1.5,8.479147516354831e-12,-2.0156070242141906e-12
20,10,0.0,1.55,8.379667615609103e-12,-1.96367006726012e-12
20,10,0.0,1.6,8.282770519891901e-12,-1.912329880793196e-12
20,10,0.0,1.65,8.18842172791702e-12,-1.861761775896276e-12
20,10,0.0,1.7,8.096579488725647e-12,-1.8120835139837014e-12
20,10,0.0,1.75,8.007197260846363e-12,-1.763371202208827e-12
20,10,0.0,1.8,7.920225490258675e-12,-1.7156708727512614e-12
20,10,0.0,1.85,7.835612892199737e-12,-1.669006915330273e-12
20,10,0.0,1.9,7.753307371705318e-12,-1.6233882160029063e-12
20,10,0.0,1.95,7.673256681203975e-12,-1.5788126242828444e-12
20,10,0.0,2.0,7.595408886813562e-12,-1.5352702020172042e-12
20,10,0.0,2.05,7.519712695558007e-12,-1.4927455845038415e-12
20,10,0.0,2.1,7.446117681551813e-12,-1.4512196946937325e-12
20,10,0.0,2.15,7.37457443888067e-12,-1.4106709859965601e-12
20,10,0.0,2.2,7.305034681380581e-12,-1.3710763416015892e-12
20,10,0.0,2.25,7.237451304037836e-12,-1.3324117235404812e-12
20,10,0.0,2.3,7.171778416733276e-12,-1.2946526394413158e-12
20,10,0.0,2.35,7.1079713581438165e-12,-1.2577744765065374e-12
20,10,0.0,2.4,7.045986695489423e-12,-1.2217527388249233e-12
20,10,0.0,2.45,6.98578221426575e-12,-1.1865632143446951e-12
20,10,0.0,2.5,6.9273169009750895e-12,-1.1521820907049148e-12
20,10,0.0,2.55,6.870550921043395e-12,-1.1185860339237007e-12
20,10,0.0,2.6,6.81544559351258e-12,-1.0857522401510005e-12
20,10,0.0,2.65,6.761963363658934e-12,-1.0536584679302776e-12
20,10,0.0,2.7,6.7100677743689685e-12,-1.0222830563972473e-12
20,10,0.0,2.75,6.65972343687199e-12,-9.916049333726868e-13
20,10,0.0,2.8,6.610896001259018e-12,-9.616036162349963e-13
20,10,0.0,2.85,6.563552127093201e-12,-9.322592076733406e-13
20,10,0.0,2.9,6.517659454327862e-12,-9.035523878526409e-13
20,10,0.0,2.95,6.473186574681928e-12,-8.754644041038671e-13
20,10,0.0,3.0,6.4301030035754805e-12,-8.479770589488065e-13
20,10,0.0,3.05,6.3883791526930874e-12,-8.210726970466457e-13
20,10,0.0,3.1,6.347986303217555e-12,-7.947341914874901e-13
20,10,0.0,3.15,6.308896579758628e-12,-7.689449297389626e-13
20,10,0.0,3.2,6.271082924988969e-12,-7.436887994671646e-13
20,10,0.0,3.25,6.2345190749876265e-12,-7.189501743879235e-13
20,10,0.0,3.3,6.19917953528888e-12,-6.947139002608466e-13
20,10,0.0,3.35,6.1650395576257965e-12,-6.709652811032593e-13
20,10,0.0,3.4,6.1320751173561006e-12,-6.476900656775284e-13
20,10,0.0,3.45,6.100262891556672e-12,-6.248744342875167e-13
20,10,0.0,3.5,6.069580237769493e-12,-6.025049859066083e-13
20,10,0.0,3.55,6.040005173382793e-12,-5.805687256511307e-13
20,10,0.0,3.6,6.011516355629834e-12,-5.590530526052001e-13
20,10,0.0,3.65,5.984093062187527e-12,-5.37945747999289e-13
20,10,0.0,3.7,5.957715172357203e-12,-5.172349637405054e-13
20,10,0.0,3.75,5.932363148810373e-12,-4.969092112904999e-13
20,10,0.0,3.8,5.908018019881984e-12,-4.769573508851195e-13
20,10,0.0,3.85,5.8846613623940115e-12,-4.573685810889281e-13
20,10,0.0,3.9,5.862275284993575e-12,-4.3813242867637223e-13
20,10,0.0,3.95,5.840842411988568e-12,-4.192387388316557e-13
20,10,0.0,4.0,5.820345867665716e-12,-4.0067766565841416e-13
20,10,0.0,4.05,5.8007692610758015e-12,-3.8243966299078043e-13
20,10,0.0,4.1,5.782096671270528e-12,-3.645154754963164e-13
20,10,0.0,4.15,5.764312632977321e-12,-3.4689613006311715e-13
20,10,0.0,4.2,5.7474021226980225e-12,-3.295729274612405e-13
20,10,0.0,4.25,5.731350545217645e-12,-3.1253743427108345e-13
20,10,0.0,4.3,5.716143720510174e-12,-2.9578147506928094e-13
20,10,0.0,4.35,5.701767871029103e-12,-2.792971248649851e-13
20,10,0.0,4.4,5.688209609369512e-12,-2.630767017774793e-13
20,10,0.0,4.45,5.675455926291004e-12,-2.471127599483792e-13
20,10,0.0,4.5,5.663494179088953e-12,-2.313980826800877e-13
20,10,0.0,4.55,5.6523120803033624e-12,-2.1592567579346303e-13
20,10,0.0,4.6,5.641897686754661e-12,-2.0068876119754742e-13
20,10,0.0,4.65,5.632239388895829e-12,-1.856807706642059e-13
20,10,0.0,4.7,5.623325900470421e-12,-1.7089533980118258e-13
20,10,0.0,4.75,5.615146248467898e-12,-1.5632630221688914e-13
20,10,0.0,4.8,5.607689763365269e-12,-1.4196768387022411e-13
20,10,0.0,4.85,5.600946069647145e-12,-1.2781369760014596e-13
20,10,0.0,4.9,5.594905076594943e-12,-1.1385873782777563e-13
20,10,0.0,4.95,5.589556969336741e-12,-1.0009737542638163e-13
20,10,0.0,5.0,5.5848922001494395e-12,-8.652435275277027e-14
20,10,1.0,0.0,6.089228447146238e-11,6.43441050394861e-10
20,10,1.0,0.05,9.770276933570281e-11,8.200320078088062e-10
20,10,1.0,0.1,1.4167955472091487e-10,9.246495560635697e-10
20,10,1.0,0.15,1.886649078839592e-10,9.40089007094857e-10
20,10,1.0,0.2,2.343735388457555e-10,8.771586871605804e-10
20,10,1.0,0.25,2.755160761126291e-10,7.623854802091939e-10
20,10,1.0,0.3,3.102268131249055e-10,6.242617243879604e-10
20,10,1.0,0.35,3.379284518216099e-10,4.850115769560597e-10
20,10,1.0,0.4,3.589412342007313e-10,3.583090504058613e-10
20,10,1.0,0.45,3.7407692222879276e-10,2.504958263294806e-10
20,10,1.0,0.5,3.843299083409134e-10,1.6293758294571967e-10
20,10,1.0,0.55,3.9068505326337946e-10,9.420285398310463e-11
20,10,1.0,0.6,3.9401951638484873e-10,4.1619323500120266e-11
20,10,1.0,0.65,3.9506653401322723e-10,2.2161733606965812e-12
20,10,1.0,0.7,3.9441425099006214e-10,-2.678612681965028e-11
20,10,1.0,0.75,3.925212992930661e-10,-4.777069226118686e-11
20,10,1.0,0.8,3.897382467337844e-10,-6.267749819922597e-11
20,10,1.0,0.85,3.863291938171158e-10,-7.303390546651232e-11
20,10,1.0,0.9,3.8249094343265627e-10,-8.001561093518885e-11
20,10,1.0,0.95,3.783689056993376e-10,-8.451353529893165e-11
20,10,1.0,1.0,3.740697643225059e-10,-8.719532471196641e-11
20,10,1.0,1.05,3.6967129881812e-10,-8.855729756218101e-11
20,10,1.0,1.1,3.652298651318777e-10,-8.896623602457347e-11
20,10,1.0,1.15,3.607860219442968e-10,-8.869199522042233e-11
20,10,1.0,1.2,3.563687249872135e-10,-8.793243753620661e-11
20,10,1.0,1.25,3.5199843407650747e-10,-8.683223608613673e-11
20,10,1.0,1.3,3.476894042052299e-10,-8.549691809440932e-11
20,10,1.0,1.35,3.434513693546851e-10,-8.400328145494017e-11
20,10,1.0,1.4,3.392907769690708e-10,-8.240708329467388e-11
20,10,1.0,1.45,3.3521169135730237e-10,-8.074869498924552e-11
20,10,1.0,1.5,3.3121645389780856e-10,-7.905725092147722e-11
20,10,1.0,1.55,3.273061649876815e-10,-7.735368660976523e-11
20,10,1.0,1.6,3.2348103554192475e-10,-7.56529605853114e-11
20,10,1.0,1.65,3.1974064313630263e-10,-7.396567777305797e-11
20,10,1.0,1.7,3.1608411850332066e-10,-7.22992747754156e-11
20,10,1.0,1.75,3.125102811895421e-10,-7.065888485385815e-11
20,10,1.0,1.8,3.0901773811935524e-10,-6.904796892880668e-11
20,10,1.0,1.85,3.056049551030251e-10,-6.746877575578498e-11
20,10,1.0,1.9,3.022703086160138e-10,-6.592267743808714e-11
20,10,1.0,1.95,2.990121231957736e-10,-6.441041398682081e-11
20,10,1.0,2.0,2.958286983562829e-10,-6.293227153453538e-11
20,10,1.0,2.05,2.927183278652436e-10,-6.148821215648653e-11
20,10,1.0,2.1,2.8967931345891167e-10,-6.00779683968778e-11
20,10,1.0,2.15,2.8670997450799166e-10,-5.870111205327012e-11
20,10,1.0,2.2,2.8380865473827295e-10,-5.7357104186745476e-11
20,10,1.0,2.25,2.8097372681108637e-10,-5.604533143966764e-11
20,10,1.0,2.3,2.782035953506066e-10,-5.476513236750032e-11
20,10,1.0,2.35,2.75496698846207e-10,-5.35158164882361e-11
20,10,1.0,2.4,2.7285151074207386e-10,-5.2296678021496794e-11
20,10,1.0,2.45,2.702665399417345e-10,-5.110700575602461e-11
20,10,1.0,2.5,2.6774033089349524e-10,-4.9946090095162894e-11
20,10,1.0,2.55,2.6527146337770047e-10,-4.8813228046178e-11
20,10,1.0,2.6,2.628585520839538e-10,-4.770772671229157e-11
20,10,1.0,2.65,2.605002460424005e-10,-4.6628905695211106e-11
20,10,1.0,2.7,2.5819522795574543e-10,-4.557609870580095e-11
20,10,1.0,2.75,2.5594221346586766e-10,-4.4548654600100085e-11
20,10,1.0,2.8,2.537399503796046e-10,-4.3545937999216836e-11
20,10,1.0,2.85,2.515872178714438e-10,-4.256732960877402e-11
20,10,1.0,2.9,2.494828256759663e-10,-4.161222632232454e-11
20,10,1.0,2.95,2.474256132791841e-10,-4.068004117033136e-11
20,10,1.0,3.0,2.454144491153264e-10,-3.9770203159609504e-11
20,10,1.0,3.05,2.4344822977369067e-10,-3.888215703596572e-11
20,10,1.0,3.1,2.415258792187739e-10,-3.8015362993902406e-11
20,10,1.0,3.15,2.3964634802586044e-10,-3.716929635070989e-11
20,10,1.0,3.2,2.3780861263354035e-10,-3.6343447197573175e-11
20,10,1.0,3.25,2.3601167461403273e-10,-3.55373200368369e-11
20,10,1.0,3.3,2.342545599618509e-10,-3.4750433412020234e-11
20,10,1.0,3.35,2.3253631840107836e-10,-3.398231953536927e-11
20,10,1.0,3.4,2.3085602271120212e-10,-3.323252391633561e-11
20,10,1.0,3.45,2.2921276807149037e-10,-3.2500604993432656e-11
20,10,1.0,3.5,2.2760567142363162e-10,-3.1786133771144656e-11
20,10,1.0,3.55,2.2603387085239307e-10,-3.108869346310221e-11
20,10,1.0,3.6,2.244965249839327e-10,-3.0407879142299705e-11
20,10,1.0,3.65,2.229928124014195e-10,-2.9743297398885596e-11
20,10,1.0,3.7,2.215219310775694e-10,-2.9094566005847306e-11
20,10,1.0,3.75,2.2008309782368932e-10,-2.8461313592747668e-11
20,10,1.0,3.8,2.1867554775484458e-10,-2.784317932759463e-11
20,10,1.0,3.85,2.172985337707039e-10,-2.72398126068234e-11
20,10,1.0,3.9,2.1595132605172336e-10,-2.66508727533336e-11
20,10,1.0,3.95,2.146332115701849e-10,-2.6076028722464294e-11
20,10,1.0,4.0,2.1334349361577639e-10,-2.551495881579183e-11
20,10,1.0,4.05,2.1208149133526842e-10,-2.4967350402593193e-11
20,10,1.0,4.1,2.1084653928593545e-10,-2.4432899648812842e-11
20,10,1.0,4.15,2.0963798700234585e-10,-2.3911311253371085e-11
20,10,1.0,4.2,2.0845519857616147e-10,-2.3402298191630806e-11
20,10,1.0,4.25,2.072975522485745e-10,-2.2905581465862027e-11
20,10,1.0,4.3,2.0616444001506158e-10,-2.2420889862511026e-11
20,10,1.0,4.35,2.0505526724210667e-10,-2.1947959716117718e-11
20,10,1.0,4.4,2.0396945229555914e-10,-2.1486534679701703e-11
20,10,1.0,4.45,2.0290642618031947e-10,-2.1036365501440113e-11
20,10,1.0,4.5,2.0186563219104422e-10,-2.0597209807496254e-11
20,10,1.0,4.55,2.0084652557353924e-10,-2.0168831890800405e-11
20,10,1.0,4.6,1.9984857319658455e-10,-1.9751002505659334e-11
20,10,1.0,4.65,1.988712532338857e-10,-1.9343498668013916e-11
20,10,1.0,4.7,1.9791405485586767e-10,-1.8946103461215016e-11
20,10,1.0,4.75,1.9697647793104943e-10,-1.8558605847147238e-11
20,10,1.0,4.8,1.960580327367265e-10,-1.818080048257616e-11
20,10,1.0,4.85,1.9515823967871676e-10,-1.78124875405779e-11
20,10,1.0,4.9,1.9427662901990407e-10,-1.7453472536901128e-11
20,10,1.0,4.95,1.9341274061734442e-10,-1.7103566161146326e-11
20,10,1.0,5.0,1.9256612366769663e-10,-1.676258411263143e-11
20,10,2.0,0.0,3.3200080053650936e-09,4.442796524365256e-08
20,10,2.0,0.05,6.097029774929647e-09,6.680732256632496e-08
20,10,2.0,0.1,9.968328308489554e-09,8.725045560265419e-08
20,10,2.0,0.15,1.4704392653923211e-08,1.007283129181311e-07
20,10,2.0,0.2,1.9882703244912855e-08,1.0480806025315774e-07
20,10,2.0,0.25,2.5038090519083242e-08,1.0012695052425668e-07
20,10,2.0,0.3,2.97921079371077e-08,8.926110777832572e-08
20,10,2.0,0.35,3.391198261449894e-08,7.524174337806925e-08
20,10,2.0,0.4,3.730593346638728e-08,6.057073034619485e-08
20,10,2.0,0.45,3.9985805628049644e-08,4.6877472389904236e-08
20,10,2.0,0.5,4.202410459731827e-08,3.4990685350318e-08
20,10,2.0,0.55,4.351947012748056e-08,2.5168656040748076e-08
20,10,2.0,0.6,4.4574142971798305e-08,1.7331813825012886e-08
20,10,2.0,0.65,4.5281715545309746e-08,1.1237241869606821e-08
20,10,2.0,0.7,4.572196492216645e-08,6.588900801516539e-09
20,10,2.0,0.75,4.5959874037370586e-08,3.09789453242116e-09
20,10,2.0,0.8,4.604678263573723e-08,5.100681307203295e-10
20,10,2.0,0.85,4.602239810096184e-08,-1.3852936733167096e-09
20,10,2.0,0.9,4.591696883916283e-08,-2.7564774461817045e-09
20,10,2.0,0.95,4.575328470773144e-08,-3.7345778401651115e-09
20,10,2.0,1.0,4.554837582920102e-08,-4.419980708029003e-09
20,10,2.0,1.05,4.531488863854826e-08,-4.888634764541661e-09
20,10,2.0,1.1,4.506216737994152e-08,-5.197507512720538e-09
20,10,2.0,1.15,4.4797087124250865e-08,-5.3890641071021745e-09
20,10,2.0,1.2,4.4524686531420725e-08,-5.494816012460264e-09
20,10,2.0,1.25,4.424864381961246e-08,-5.538068410716278e-09
20,10,2.0,1.3,4.397163230757817e-08,-5.536014222150781e-09
20,10,2.0,1.35,4.36955846742904e-08,-5.5013128626908204e-09
20,10,2.0,1.4,4.342188866343736e-08,-5.443271419790503e-09
20,10,2.0,1.45,4.315153163842092e-08,-5.368723541616145e-09
20,10,2.0,1.5,4.288520715324857e-08,-5.28268083241568e-09
20,10,2.0,1.55,4.262339341127384e-08,-5.18881427205378e-09
20,10,2.0,1.6,4.236641096871599e-08,-5.08980928658592e-09
20,10,2.0,1.65,4.211446514149646e-08,-4.987627245044603e-09
20,10,2.0,1.7,4.186767715258645e-08,-4.883697839381051e-09
20,10,2.0,1.75,4.162610699901217e-08,-4.7790605097638865e-09
20,10,2.0,1.8,4.1389770233317655e-08,-4.6744683563570854e-09
20,10,2.0,1.85,4.115865027451835e-08,-4.570464460140187e-09
20,10,2.0,1.9,4.0932707435983934e-08,-4.467437924787693e-09
20,10,2.0,1.95,4.0711885542798413e-08,-4.365665020993286e-09
20,10,2.0,2.0,4.0496116779465544e-08,-4.265339390136717e-09
20,10,2.0,2.05,4.028532523859202e-08,-4.166594214912768e-09
20,10,2.0,2.1,4.007942951605489e-08,-4.069518492550641e-09
20,10,2.0,2.15,3.987834460630415e-08,-3.974168978769233e-09
20,10,2.0,2.2,3.968198328400934e-08,-3.880578953696678e-09
20,10,2.0,2.25,3.949025710873402e-08,-3.78876465481726e-09
20,10,2.0,2.3,3.930307715297779e-08,-3.6987299972348842e-09
20,10,2.0,2.35,3.912035452726209e-08,-3.6104700365471186e-09
20,10,2.0,2.4,3.894200075633443e-08,-3.523973508528068e-09
20,10,2.0,2.45,3.87679280462071e-08,-3.4392246909363338e-09
20,10,2.0,2.5,3.859804947119092e-08,-3.356204767539678e-09
20,10,2.0,2.55,3.843227910233376e-08,-3.2748928265673593e-09
20,10,2.0,2.6,3.8270532092996226e-08,-3.1952665906653868e-09
20,10,2.0,2.65,3.811272473311246e-08,-3.117302949635223e-09
20,10,2.0,2.7,3.795877448061856e-08,-3.040978348301981e-09
20,10,2.0,2.75,3.7808599976291365e-08,-2.9662690679551286e-09
20,10,2.0,2.8,3.766212104656242e-08,-2.893151429604025e-09
20,10,2.0,2.85,3.751925869768478e-08,-2.821601939790518e-09
20,10,2.0,2.9,3.7379935103715376e-08,-2.751597394200255e-09
20,10,2.0,2.95,3.7244073590133485e-08,-2.68311495027296e-09
20,10,2.0,3.0,3.711159861442438e-08,-2.6161321770385626e-09
20,10,2.0,3.05,3.6982435744614914e-08,-2.550627088234794e-09
20,10,2.0,3.1,3.685651163647164e-08,-2.4865781631454453e-09
20,10,2.0,3.15,3.673375400989606e-08,-2.4239643584352774e-09
20,10,2.0,3.2,3.661409162490232e-08,-2.362765113383605e-09
20,10,2.0,3.25,3.649745425745855e-08,-2.3029603502836235e-09
20,10,2.0,3.3,3.6383772675401676e-08,-2.2445304713129657e-09
20,10,2.0,3.35,3.627297861457823e-08,-2.1874563528293182e-09
20,10,2.0,3.4,3.6165004755315645e-08,-2.1317193377986686e-09
20,10,2.0,3.45,3.605978469931204e-08,-2.0773012268742695e-09
20,10,2.0,3.5,3.5957252946995133e-08,-2.0241842685102268e-09
20,10,2.0,3.55,3.585734487539378e-08,-1.972351148392217e-09
20,10,2.0,3.6,3.5759996716551257e-08,-1.9217849783919305e-09
20,10,2.0,3.65,3.5665145536498524e-08,-1.8724692852016355e-09
20,10,2.0,3.7,3.55727292148029e-08,-1.8243879987619045e-09
20,10,2.0,3.75,3.548268642469584e-08,-1.77752544056723e-09
20,10,2.0,3.8,3.5394956613791546e-08,-1.731866311911549e-09
20,10,2.0,3.85,3.530947998538795e-08,-1.6873956821224364e-09
20,10,2.0,3.9,3.5226197480362496e-08,-1.6440989768176097e-09
20,10,2.0,3.95,3.514505075964632e-08,-1.6019619662109238e-09
20,10,2.0,4.0,3.506598218728878e-08,-1.5609707534876376e-09
20,10,2.0,4.05,3.49889348140949e-08,-1.5211117632643803e-09
20,10,2.0,4.1,3.4913852361843e-08,-1.482371730146831e-09
20,10,2.0,4.15,3.484067920806729e-08,-1.4447376873916476e-09
20,10,2.0,4.2,3.4769360371406564e-08,-1.4081969556838457e-09
20,10,2.0,4.25,3.469984149751197e-08,-1.3727371320327267e-09
20,10,2.0,4.3,3.4632068845504474e-08,-1.33834607879305e-09
20,10,2.0,4.35,3.4565989274980584e-08,-1.305011912814785e-09
20,10,2.0,4.4,3.450155023355448e-08,-1.27272299472571e-09
20,10,2.0,4.45,3.443869974493628e-08,-1.2414679183506084e-09
20,10,2.0,4.5,3.437738639753254e-08,-1.2112355002687597e-09
20,10,2.0,4.55,3.431755933356627e-08,-1.1820147695140416e-09
20,10,2.0,4.6,3.425916823871036e-08,-1.1537949574186954e-09
20,10,2.0,4.65,3.4202163332221085e-08,-1.1265654876055482e-09
20,10,2.0,4.7,3.414649535757343e-08,-1.1003159661278288e-09
20,10,2.0,4.75,3.409211557358038e-08,-1.075036171762807e-09
20,10,2.0,4.8,3.4038975745998176e-08,-1.0507160464585526e-09
20,10,2.0,4.85,3.398702813960187e-08,-1.0273456859366854e-09
20,10,2.0,4.9,3.393622551072914e-08,-1.004915330455484e-09
20,10,2.0,4.95,3.388652110028065e-08,-9.834153557325844e-10
20,10,2.0,5.0,3.3837868627170934e-08,-9.628362640313247e-10
20,10,3.0,0.0,3.720744378306003e-08,6.063318723073928e-07
20,10,3.0,0.05,7.901754233869254e-08,1.0918800832331873e-06
20,10,3.0,0.1,1.4826398107811054e-07,1.6868945110410396e-06
20,10,3.0,0.15,2.473786304458026e-07,2.2619141755313884e-06
20,10,3.0,0.2,3.7178756184500607e-07,2.679034078811265e-06
20,10,3.0,0.25,5.11279821635751e-07,2.8589004048978673e-06
20,10,3.0,0.3,6.537084093005895e-07,2.8025682756340163e-06
20,10,3.0,0.35,7.885589059709088e-07,2.5681514068025963e-06
20,10,3.0,0.4,9.088465305948939e-07,2.2327347517648498e-06
20,10,3.0,0.45,1.0112928128321103e-06,1.8641973935769584e-06
20,10,3.0,0.5,1.0955078856121057e-06,1.5094392808840903e-06
20,10,3.0,0.55,1.1629074030026815e-06,1.194393588595092e-06
20,10,3.0,0.6,1.2157837061168205e-06,9.292124733513825e-07
20,10,3.0,0.65,1.2566672690426463e-06,7.141833200036657e-07
20,10,3.0,0.7,1.2879578203678921e-06,5.444384592540109e-07
20,10,3.0,0.75,1.3117508267747478e-06,4.1307167033231575e-07
20,10,3.0,0.8,1.3297850380349756e-06,3.1293144888933123e-07
20,10,3.0,0.85,1.3434553741761801e-06,2.3750934294559305e-07
20,10,3.0,0.9,1.3538553107520183e-06,1.812824927929369e-07
20,10,3.0,0.95,1.3618281892982876e-06,1.3976113768657687e-07
20,10,3.0,1.0,1.3680169256885793e-06,1.0939642566667236e-07
20,10,3.0,1.05,1.3729075510655373e-06,8.743634200859938e-08
20,10,3.0,1.1,1.3768652583689863e-06,7.177506598267939e-08
20,10,3.0,1.15,1.380163216881234e-06,6.081640231728297e-08
20,10,3.0,1.2,1.3830050804006707e-06,5.335861346495365e-08
20,10,3.0,1.25,1.3855422945944666e-06,4.850134651936374e-08
20,10,3.0,1.3,1.3878872597269933e-06,4.557242823577184e-08
20,10,3.0,1.35,1.3901232635608343e-06,4.407132043697409e-08
20,10,3.0,1.4,1.3923119352437932e-06,4.362598521313983e-08
20,10,3.0,1.45,1.3944988164429888e-06,4.396026634850341e-08
20,10,3.0,1.5,1.3967175131995394e-06,4.486937605903227e-08
20,10,3.0,1.55,1.3989927835683183e-06,4.62015549054462e-08
20,10,3.0,1.6,1.4013428303283963e-06,4.784439426422645e-08
20,10,3.0,1.65,1.403781001546844e-06,4.971465959908297e-08
20,10,3.0,1.7,1.4063170509270646e-06,5.1750731123379125e-08
20,10,3.0,1.75,1.408958071359378e-06,5.3906995406129246e-08
20,10,3.0,1.8,1.411709186119529e-06,5.614968797188669e-08
20,10,3.0,1.85,1.4145740604709096e-06,5.845381335384378e-08
20,10,3.0,1.9,1.4175552802433273e-06,6.080086431392359e-08
20,10,3.0,1.95,1.4206546319190632e-06,6.317713333948002e-08
20,10,3.0,2.0,1.423873309809191e-06,6.557246283637417e-08
20,10,3.0,2.05,1.4272120692663477e-06,6.797932013376335e-08
20,10,3.0,2.1,1.4306713399594014e-06,7.039211291680749e-08
20,10,3.0,2.15,1.4342513095910965e-06,7.280668259540873e-08
20,10,3.0,2.2,1.4379519857408354e-06,7.521992934739654e-08
20,10,3.0,2.25,1.4417732415177098e-06,7.762953459751172e-08
20,10,3.0,2.3,1.4457148492302227e-06,8.003375559633074e-08
20,10,3.0,2.35,1.4497765051856725e-06,8.24312733523996e-08
20,10,3.0,2.4,1.4539578479226243e-06,8.48210800474242e-08
20,10,3.0,2.45,1.4582584715813444e-06,8.720239567200273e-08
20,10,3.0,2.5,1.4626779356736204e-06,8.957460628885976e-08
20,10,3.0,2.55,1.4672157721861016e-06,9.193721830522846e-08
20,10,3.0,2.6,1.4718714907083978e-06,9.428982459704399e-08
20,10,3.0,2.65,1.4766445820976863e-06,9.663207940845298e-08
20,10,3.0,2.7,1.481534521058864e-06,9.896367974981856e-08
20,10,3.0,2.75,1.4865407679210529e-06,1.0128435160920896e-07
20,10,3.0,2.8,1.4916627698180612e-06,1.0359383972997713e-07
20,10,3.0,2.85,1.4968999614273957e-06,1.0589190003126706e-07
20,10,3.0,2.9,1.5022517653814099e-06,1.0817829398788461e-07
20,10,3.0,2.95,1.5077175924358292e-06,1.1045278446360807e-07
20,10,3.0,3.0,1.5132968414580977e-06,1.1271513262308726e-07
20,10,3.0,3.05,1.518988899282365e-06,1.1496509564520205e-07
20,10,3.0,3.1,1.5247931404658979e-06,1.172024250320671e-07
20,10,3.0,3.15,1.5307089269723286e-06,1.1942686536192367e-07
20,10,3.0,3.2,1.5367356078015089e-06,1.2163815337298153e-07
20,10,3.0,3.25,1.5428725185798065e-06,1.238360172948509e-07
20,10,3.0,3.3,1.549118981121994e-06,1.2602017636580128e-07
20,10,3.0,3.35,1.5554743029725977e-06,1.2819034048998556e-07
20,10,3.0,3.4,1.5619377769328599e-06,1.3034621000079456e-07
20,10,3.0,3.45,1.568508680578026e-06,1.3248747550516245e-07
20,10,3.0,3.5,1.5751862757685363e-06,1.3461381779031675e-07
20,10,3.0,3.55,1.581969808157612e-06,1.3672490777908021e-07
20,10,3.0,3.6,1.5888585066978478e-06,1.3882040652364687e-07
20,10,3.0,3.65,1.5958515831481192e-06,1.4089996523021458e-07
20,10,3.0,3.7,1.6029482315824756e-06,1.4296322530884685e-07
20,10,3.0,3.75,1.6101476279019826e-06,1.4500981844455685e-07
20,10,3.0,3.8,1.6174489293506557e-06,1.4703936668641184e-07
20,10,3.0,3.85,1.6248512740362405e-06,1.490514825524781e-07
20,10,3.0,3.9,1.6323537804565695e-06,1.5104576914886535e-07
20,10,3.0,3.95,1.639955547032149e-06,1.5302182030172334e-07
20,10,3.0,4.0,1.6476556516458322e-06,1.5497922070117343e-07
20,10,3.0,4.05,1.655453151189751e-06,1.5691754605648897e-07
20,10,3.0,4.1,1.6633470811204653e-06,1.5883636326210595e-07
20,10,3.0,4.15,1.6713364550224491e-06,1.60735230573986e-07
20,10,3.0,4.2,1.679420264180946e-06,1.6261369779604296e-07
20,10,3.0,4.25,1.6875974771641596e-06,1.6447130647647924e-07
20,10,3.0,4.3,1.6958670394155632e-06,1.6630759011375907e-07
20,10,3.0,4.35,1.7042278728567796e-06,1.68122074372112e-07
20,10,3.0,4.4,1.7126788755014692e-06,1.6991427730645927e-07
20,10,3.0,4.45,1.7212189210806365e-06,1.7168370959660905e-07
20,10,3.0,4.5,1.729846858680013e-06,1.7342987479064142e-07
20,10,3.0,4.55,1.738561512389603e-06,1.7515226955737378e-07
20,10,3.0,4.6,1.7473616809663489e-06,1.7685038394784277e-07
20,10,3.0,4.65,1.7562461375098776e-06,1.785237016655862e-07
20,10,3.0,4.7,1.7652136291521613e-06,1.8017170034583355e-07
20,10,3.0,4.75,1.7742628767611283e-06,1.8179385184319711e-07
20,10,3.0,4.8,1.7833925746591478e-06,1.833896225280712e-07
20,10,3.0,4.85,1.7926013903562855e-06,1.8495847359134332e-07
20,10,3.0,4.9,1.8018879642991886e-06,1.8649986135743362e-07
20,10,3.0,4.95,1.8112509096357353e-06,1.8801323760547876e-07
20,10,3.0,5.0,1.8206888119959728e-06,1.894980498985028e-07
20,10,4.0,0.0,4.753934070113276e-08,8.982116348293018e-07
20,10,4.0,0.05,1.158341736264956e-07,1.930485421981436e-06
20,10,4.0,0.1,2.5067962090450833e-07,3.5591050263628865e-06
20,10,4.0,0.15,4.792466661464403e-07,5.6280147067690635e-06
20,10,4.0,0.2,8.138430435020401e-07,7.716116911175931e-06
20,10,4.0,0.25,1.2428894182680575e-06,9.332508907298047e-06
20,10,4.0,0.3,1.7337572708092053e-06,1.0158632472247423e-05
20,10,4.0,0.35,2.2447467208526356e-06,1.0151823262408794e-05
20,10,4.0,0.4,2.7378857141831308e-06,9.48452851428701e-06
20,10,4.0,0.45,3.1865237967882254e-06,8.415851375820393e-06
20,10,4.0,0.5,3.5768445078716155e-06,7.187188053560518e-06
20,10,4.0,0.55,3.9055266967006695e-06,5.973074936634532e-06
20,10,4.0,0.6,4.176126796109085e-06,4.8755325526498035e-06
20,10,4.0,0.65,4.395791279340452e-06,3.9394471861755906e-06
20,10,4.0,0.7,4.572902101291197e-06,3.1725385674139276e-06
20,10,4.0,0.75,4.715657688108271e-06,2.5621041011296917e-06
20,10,4.0,0.8,4.831360790865491e-06,2.0865100698945856e-06
20,10,4.0,0.85,4.926159885161974e-06,1.7220448535668744e-06
20,10,4.0,0.9,5.005045250635985e-06,1.4464825570695994e-06
20,10,4.0,0.95,5.071967573215188e-06,1.240600904007022e-06
20,10,4.0,1.0,5.130000826656193e-06,1.088555320860659e-06
20,10,4.0,1.05,5.181507810840473e-06,9.776840017516493e-07
20,10,4.0,1.1,5.228289058015733e-06,8.980779433454853e-07
20,10,4.0,1.15,5.271708309401763e-06,8.420941376845798e-07
20,10,4.0,1.2,5.312794144421321e-06,8.038974961774116e-07
20,10,4.0,1.25,5.352320206738245e-06,7.790657331671021e-07
20,10,4.0,1.3,5.390867443702867e-06,7.64264974484857e-07
20,10,4.0,1.35,5.428871812898997e-06,7.569915118224147e-07
20,10,4.0,1.4,5.466660539146416e-06,7.553703502749459e-07
20,10,4.0,1.45,5.504479502812498e-06,7.580002235522951e-07
20,10,4.0,1.5,5.542513838517304e-06,7.638355071507216e-07
20,10,4.0,1.55,5.5809033785586635e-06,7.720968598333854e-07
20,10,4.0,1.6,5.619754204871933e-06,7.822039350932702e-07
20,10,4.0,1.65,5.659147275846893e-06,7.937248900481362e-07
20,10,4.0,1.7,5.699144861018998e-06,8.063385947763333e-07
20,10,4.0,1.75,5.739795336550949e-06,8.198063992436586e-07
20,10,4.0,1.8,5.781136756886751e-06,8.339510683905985e-07
20,10,4.0,1.85,5.823199513731615e-06,8.48641080214477e-07
20,10,4.0,1.9,5.866008314946872e-06,8.637789292274656e-07
20,10,4.0,1.95,5.909583656959518e-06,8.792924175658566e-07
20,10,4.0,2.0,5.953942920117359e-06,8.951281726048413e-07
20,10,4.0,2.05,5.999101183414905e-06,9.112468227821594e-07
20,10,4.0,2.1,6.045071830387974e-06,9.276194078346192e-07
20,10,4.0,2.15,6.091866999615595e-06,9.442247076823091e-07
20,10,4.0,2.2,6.139497919595066e-06,9.610472548309295e-07
20,10,4.0,2.25,6.187975157576141e-06,9.780758552817606e-07
20,10,4.0,2.3,6.237308804362719e-06,9.953024877232393e-07
20,10,4.0,2.35,6.287508611456122e-06,1.012721484120808e-06
20,10,4.0,2.4,6.338584092718261e-06,1.0303289196354798e-06
20,10,4.0,2.45,6.390544599615908e-06,1.0481221582637462e-06
20,10,4.0,2.5,6.443399376784942e-06,1.0660995143241493e-06
20,10,4.0,2.55,6.497157602930664e-06,1.0842600001310403e-06
20,10,4.0,2.6,6.551828420792784e-06,1.1026031377927556e-06
20,10,4.0,2.65,6.607420958952602e-06,1.1211288187229465e-06
20,10,4.0,2.7,6.663944347546532e-06,1.1398371986554651e-06
20,10,4.0,2.75,6.721407729423418e-06,1.158728619079416e-06
20,10,4.0,2.8,6.779820267889878e-06,1.1778035483365814e-06
20,10,4.0,2.85,6.839191151892951e-06,1.1970625373518828e-06
20,10,4.0,2.9,6.899529599276896e-06,1.216506186255652e-06
20,10,4.0,2.95,6.960844858582112e-06,1.236135119112525e-06
20,10,4.0,3.0,7.023146209739209e-06,1.2559499646842376e-06
20,10,4.0,3.05,7.086442963919755e-06,1.2759513416849067e-06
20,10,4.0,3.1,7.150744462736301e-06,1.2961398473794259e-06
20,10,4.0,3.15,7.216060076938517e-06,1.3165160486713113e-06
20,10,4.0,3.2,7.2823992047121e-06,1.3370804750438309e-06
20,10,4.0,3.25,7.349771269660558e-06,1.3578336128806634e-06
20,10,4.0,3.3,7.418185718530482e-06,1.378775900814279e-06
20,10,4.0,3.35,7.487652018724044e-06,1.3999077258390712e-06
20,10,4.0,3.4,7.558179655632084e-06,1.4212294199953784e-06
20,10,4.0,3.45,7.629778129812615e-06,1.4427412574779888e-06
20,10,4.0,3.5,7.702456954033162e-06,1.4644434520622594e-06
20,10,4.0,3.55,7.77622565019025e-06,1.486336154767433e-06
20,10,4.0,3.6,7.851093746117467e-06,1.5084194516977554e-06
20,10,4.0,3.65,7.927070772288135e-06,1.530693362017077e-06
20,10,4.0,3.7,8.004166258419965e-06,1.5531578360249101e-06
20,10,4.0,3.75,8.08238972998552e-06,1.575812753309693e-06
20,10,4.0,3.8,8.16175070463161e-06,1.5986579209613528e-06
20,10,4.0,3.85,8.242258688510796e-06,1.62169307183104e-06
20,10,4.0,3.9,8.323923172526647e-06,1.644917862827919e-06
20,10,4.0,3.95,8.406753628494666e-06,1.6683318732470538e-06
20,10,4.0,4.0,8.490759505220523e-06,1.691934603123192e-06
20,10,4.0,4.05,8.575950224496298e-06,1.7157254716078485e-06
20,10,4.0,4.1,8.662335177015972e-06,1.7397038153670012e-06
20,10,4.0,4.15,8.74992371821176e-06,1.7638688869989013e-06
20,10,4.0,4.2,8.838725164011624e-06,1.7882198534705169e-06
20,10,4.0,4.25,8.928748786518628e-06,1.8127557945733562e-06
20,10,4.0,4.3,9.020003809614423e-06,1.8374757013984545e-06
20,10,4.0,4.35,9.112499404486212e-06,1.8623784748310772e-06
20,10,4.0,4.4,9.206244685079306e-06,1.8874629240657233e-06
20,10,4.0,4.45,9.301248703475984e-06,1.912727765142799e-06
20,10,4.0,4.5,9.397520445201699e-06,1.93817161950739e-06
20,10,4.0,4.55,9.495068824459539e-06,1.963793012591316e-06
20,10,4.0,4.6,9.593902679294823e-06,1.9895903724201027e-06
20,10,4.0,4.65,9.694030766690435e-06,2.0155620282455253e-06
20,10,4.0,4.7,9.795461757594641e-06,2.041706209205028e-06
20,10,4.0,4.75,9.898204231882126e-06,2.068021043009781e-06
20,10,4.0,4.8,1.0002266673250853e-05,2.094504554662228e-06
20,10,4.0,4.85,1.0107657464054926e-05,2.121154665204527e-06
20,10,4.0,4.9,1.0214384880076268e-05,2.1479691904997434e-06
20,10,4.0,4.95,1.0322457085235583e-05,2.1749458400460443e-06
20,10,4.0,5.0,1.0431882126245123e-05,2.202082215826945e-06
20,10,5.0,0.0,1.2607594609163943e-08,2.618148804047874e-07
20,10,5.0,0.05,3.429694469783716e-08,6.566557910088798e-07
20,10,5.0,0.1,8.473227935377279e-08,1.4372194932523509e-06
20,10,5.0,0.15,1.861863209111245e-07,2.7009175330970575e-06
20,10,5.0,0.2,3.6141075144432186e-07,4.351573466212523e-06
20,10,5.0,0.25,6.225281814246875e-07,6.0703130718036325e-06
20,10,5.0,0.3,9.628266582737099e-07,7.456557633130385e-06
20,10,5.0,0.35,1.35780275274356e-06,8.227863580086907e-06
20,10,5.0,0.4,1.7742072573116663e-06,8.32121405196285e-06
20,10,5.0,0.45,2.1805971623751378e-06,7.857628293791071e-06
20,10,5.0,0.5,2.5540957241441616e-06,7.041203908337068e-06
20,10,5.0,0.55,2.882178745050459e-06,6.070616292659863e-06
20,10,5.0,0.6,3.161091442661489e-06,5.094046752418933e-06
20,10,5.0,0.65,3.3930025167393405e-06,4.201015060685492e-06
20,10,5.0,0.7,3.583298401881318e-06,3.433258783240524e-06
20,10,5.0,0.75,3.7385902367201697e-06,2.800629989152933e-06
20,10,5.0,0.8,3.865481723681742e-06,2.2949603264864564e-06
20,10,5.0,0.85,3.969929373014619e-06,1.8998100312334811e-06
20,10,5.0,0.9,4.056991253865662e-06,1.5964059310910845e-06
20,10,5.0,0.95,4.130798764923461e-06,1.366808392114422e-06
20,10,5.0,1.0,4.194639117756214e-06,1.1953227967954316e-06
20,10,5.0,1.05,4.25108084660956e-06,1.0689114304848008e-06
20,10,5.0,1.1,4.302105610541193e-06,9.770959757354516e-07
20,10,5.0,1.15,4.349228733056197e-06,9.116397935922116e-07
20,10,5.0,1.2,4.393601817876659e-06,8.661668738872692e-07
20,10,5.0,1.25,4.436096450712182e-06,8.357946265107552e-07
20,10,5.0,1.3,4.477370622490809e-06,8.168129059028147e-07
20,10,5.0,1.35,4.5179204759695e-06,8.064182062943805e-07
20,10,5.0,1.4,4.558120106958734e-06,8.025007482450597e-07
20,10,5.0,1.45,4.598251903585651e-06,8.034776038390454e-07
20,10,5.0,1.5,4.638529525277139e-06,8.081638244105974e-07
20,10,5.0,1.55,4.679115227205567e-06,8.156739344675675e-07
20,10,5.0,1.6,4.7201328784300394e-06,8.253471817554264e-07
20,10,5.0,1.65,4.761677720803515e-06,8.366911078809958e-07
20,10,5.0,1.7,4.803823672071642e-06,8.49339107820946e-07
20,10,5.0,1.75,4.846628784458335e-06,8.630185961428533e-07
20,10,5.0,1.8,4.890139321066665e-06,8.775271753614115e-07
20,10,5.0,1.85,4.934392798265071e-06,8.927148197912916e-07
20,10,5.0,1.9,4.9794202554500155e-06,9.084705697848708e-07
20,10,5.0,1.95,5.025247947991029e-06,9.247126015316008e-07
20,10,5.0,2.0,5.071898609799767e-06,9.413808197333376e-07
20,10,5.0,2.05,5.1193923949197564e-06,9.584313340531547e-07
20,10,5.0,2.1,5.167747579793116e-06,9.758323411763378e-07
20,10,5.0,2.15,5.216981087118452e-06,9.93561055194253e-07
20,10,5.0,2.2,5.26710887672267e-06,1.0116014195841789e-06
20,10,5.0,2.25,5.31814623731011e-06,1.0299424017954533e-06
20,10,5.0,2.3,5.3701080043270024e-06,1.0485767220552063e-06
20,10,5.0,2.35,5.423008722752396e-06,1.0674999057742456e-06
20,10,5.0,2.4,5.476862768833395e-06,1.0867095771070474e-06
20,10,5.0,2.45,5.531684441210883e-06,1.106204932223734e-06
20,10,5.0,2.5,5.587488029221091e-06,1.1259863465091737e-06
20,10,5.0,2.55,5.644287864174138e-06,1.1460550815718077e-06
20,10,5.0,2.6,5.7020983579341264e-06,1.166413066639025e-06
20,10,5.0,2.65,5.76093403202229e-06,1.1870627353934505e-06
20,10,5.0,2.7,5.820809539646042e-06,1.2080069041325922e-06
20,10,5.0,2.75,5.881739682443462e-06,1.2292486807284765e-06
20,10,5.0,2.8,5.9437394232775735e-06,1.250791396545919e-06
20,10,5.0,2.85,6.006823896075862e-06,1.2726385554728e-06
20,10,5.0,2.9,6.0710084134550285e-06,1.2947937957053226e-06
20,10,5.0,2.95,6.136308472685112e-06,1.3172608610392334e-06
20,10,5.0,3.0,6.202739760402883e-06,1.3400435792444972e-06
20,10,5.0,3.05,6.270318156383564e-06,1.3631458457179387e-06
20,10,5.0,3.1,6.339059736597325e-06,1.386571611066139e-06
20,10,5.0,3.15,6.408980775722274e-06,1.4103248716144288e-06
20,10,5.0,3.2,6.480097749239496e-06,1.434409662092311e-06
20,10,5.0,3.25,6.552427335205319e-06,1.458830049936956e-06
20,10,5.0,3.3,6.6259864157698015e-06,1.4835901307963902e-06
20,10,5.0,3.35,6.700792078494094e-06,1.5086940249224877e-06
20,10,5.0,3.4,6.776861617504273e-06,1.534145874220351e-06
20,10,5.0,3.45,6.854212534511026e-06,1.559949839781399e-06
20,10,5.0,3.5,6.932862539714455e-06,1.5861100997701487e-06
20,10,5.0,3.55,7.01282955261067e-06,1.6126308475678545e-06
20,10,5.0,3.6,7.0941317027101935e-06,1.6395162901014199e-06
20,10,5.0,3.65,7.176787330176096e-06,1.6667706463027134e-06
20,10,5.0,3.7,7.260814986387949e-06,1.6943981456581168e-06
20,10,5.0,3.75,7.346233434434289e-06,1.722403026818467e-06
20,10,5.0,3.8,7.433061649537258e-06,1.7507895362460647e-06
20,10,5.0,3.85,7.5213188194095236e-06,1.7795619268820972e-06
20,10,5.0,3.9,7.611024344545101e-06,1.80872445682171e-06
20,10,5.0,3.95,7.702197838444076e-06,1.8382813879870763e-06
20,10,5.0,4.0,7.794859127770473e-06,1.8682369847912233e-06
20,10,5.0,4.05,7.889028252443208e-06,1.898595512786919e-06
20,10,5.0,4.1,7.984725465658685e-06,1.9293612372970854e-06
20,10,5.0,4.15,8.081971233844848e-06,1.9605384220227275e-06
20,10,5.0,4.2,8.18078623654468e-06,1.992131327626822e-06
20,10,5.0,4.25,8.281191366228518e-06,2.0241442102919052e-06
20,10,5.0,4.3,8.383207728032908e-06,2.056581320249404e-06
20,10,5.0,4.35,8.486856639426357e-06,2.0894469002811033e-06
20,10,5.0,4.4,8.59215962979813e-06,2.122745184190117e-06
20,10,5.0,4.45,8.699138439971136e-06,2.156480395241927e-06
20,10,5.0,4.5,8.807815021634624e-06,2.1906567445745025e-06
20,10,5.0,4.55,8.918211536698314e-06,2.2252784295771124e-06
20,10,5.0,4.6,9.030350356562885e-06,2.2603496322373867e-06
20,10,5.0,4.65,9.144254061308472e-06,2.295874517456589e-06
20,10,5.0,4.7,9.259945438797557e-06,2.3318572313331042e-06
20,10,5.0,4.75,9.377447483690844e-06,2.368301899412913e-06
20,10,5.0,4.8,9.496783396375824e-06,2.4052126249085838e-06
20,10,5.0,4.85,9.617976581804217e-06,2.442593486885011e-06
20,10,5.0,4.9,9.74105064823909e-06,2.4804485384134233e-06
20,10,5.0,4.95,9.866029405907908e-06,2.5187818046921987e-06
20,10,5.0,5.0,9.992936865561909e-06,2.557597281135692e-06
20,15,0.0,0.0,3.6491449305149876e-12,3.1990160404683626e-11
20,15,0.0,0.05,5.383220732287871e-12,3.681390095677416e-11
20,15,0.0,0.1,7.270120400952762e-12,3.8054934656232564e-11
20,15,0.0,0.15,9.13296698139789e-12,3.59764087826067e-11
20,15,0.0,0.2,1.0829176347074866e-11,3.158738476874751e-11
20,15,0.0,0.25,1.2272939683589886e-11,2.6064144166448323e-11
20,15,0.0,0.3,1.3432903107962325e-11,2.0367487722285296e-11
20,15,0.0,0.35,1.43172312352659e-11,1.51127569959251e-11
20,15,0.0,0.4,1.4956706200197662e-11,1.0602371539634653e-11
20,15,0.0,0.45,1.539132045515446e-11,6.918966810944333e-12
20,15,0.0,0.5,1.566166880230026e-11,4.017645821700702e-12
20,15,0.0,0.55,1.580439054452401e-11,1.7941666400315722e-12
20,15,0.0,0.6,1.5850357999471695e-11,1.2727440850084346e-13
20,15,0.0,0.65,1.5824457330218415e-11,-1.098714643378884e-12
20,15,0.0,0.7,1.5746154121330794e-11,-1.984030736738507e-12
20,15,0.0,0.75,1.5630354200117928e-11,-2.6107709822169396e-12
20,15,0.0,0.8,1.5488297058249305e-11,-3.043813887303699e-12
20,15,0.0,0.85,1.5328360180558516e-11,-3.3332130130794693e-12
20,15,0.0,0.9,1.5156731597288317e-11,-3.5169466405382945e-12
20,15,0.0,0.95,1.4977947945352285e-11,-3.623492746180211e-12
20,15,0.0,1.0,1.4795312851167356e-11,-3.674024374056857e-12
20,15,0.0,1.05,1.461121607662419e-11,-3.6841851834612906e-12
20,15,0.0,1.1,1.4427373755457107e-11,-3.665479160944729e-12
20,15,0.0,1.15,1.4245007545044737e-11,-3.6263351476657897e-12
20,15,0.0,1.2,1.4064977334840122e-11,-3.5729103871390962e-12
20,15,0.0,1.25,1.3887879078348498e-11,-3.509690900631971e-12
20,15,0.0,1.3,1.371411666176583e-11,-3.4399368276927703e-12
20,15,0.0,1.35,1.354395456370703e-11,-3.366011065454998e-12
20,15,0.0,1.4,1.337755636604355e-11,-3.2896208915438974e-12
20,15,0.0,1.45,1.3215012876058211e-11,-3.211995137836949e-12
20,15,0.0,1.5,1.3056362638262475e-11,-3.134013856902055e-12
20,15,0.0,1.55,1.2901606880361604e-11,-3.0563030888122626e-12
20,15,0.0,1.6,1.2750720393438201e-11,-2.979304052797315e-12
20,15,0.0,1.65,1.2603659444670139e-11,-2.90332362962464e-12
20,15,0.0,1.7,1.2460367525544564e-11,-2.8285711743796753e-12
20,15,0.0,1.75,1.2320779521978573e-11,-2.7551853505092753e-12
20,15,0.0,1.8,1.2184824734296495e-11,-2.683253683843131e-12
20,15,0.0,1.85,1.2052429059205214e-11,-2.6128268076168435e-12
20,15,0.0,1.9,1.1923516561373818e-11,-2.5439288369120186e-12
20,15,0.0,1.95,1.1798010600538037e-11,-2.4765649216690714e-12
20,15,0.0,2.0,1.1675834635069634e-11,-2.4107267432408082e-12
20,15,0.0,2.05,1.1556912790163111e-11,-2.346396512123333e-12
20,15,0.0,2.1,1.1441170254880962e-11,-2.2835498733112496e-12
20,15,0.0,2.15,1.132853355488303e-11,-2.2221580155162527e-12
20,15,0.0,2.2,1.1218930734963677e-11,-2.1621892001612833e-12
20,15,0.0,2.25,1.11122914762677e-11,-2.1036098675260735e-12
20,15,0.0,2.3,1.1008547166307446e-11,-2.0463854347591285e-12
20,15,0.0,2.35,1.0907630934987638e-11,-1.9904808693854134e-12
20,15,0.0,2.4,1.080947766625966e-11,-1.9358610992794494e-12
20,15,0.0,2.45,1.0714023992410405e-11,-1.8824913035605524e-12
20,15,0.0,2.5,1.0621208276088272e-11,-1.8303371168288926e-12
20,15,0.0,2.55,1.0530970583776133e-11,-1.7793647703843036e-12
20,15,0.0,2.6,1.0443252653408364e-11,-1.7295411876706434e-12
20,15,0.0,2.65,1.0357997858091094e-11,-1.680834046522512e-12
20,15,0.0,2.7,1.0275151167342003e-11,-1.6332118173871926e-12
20,15,0.0,2.75,1.0194659106876943e-11,-1.5866437842110547e-12
20,15,0.0,2.8,1.0116469717680474e-11,-1.541100052870412e-12
20,15,0.0,2.85,1.0040532514889869e-11,-1.4965515507027204e-12
20,15,0.0,2.9,9.96679844687006e-12,-1.4529700197311695e-12
20,15,0.0,2.95,9.895219854743509e-12,-1.4103280054708804e-12
20,15,0.0,3.0,9.825750432561218e-12,-1.3685988426911718e-12
20,15,0.0,3.05,9.758345188240419e-12,-1.3277566391334615e-12
20,15,0.0,3.1,9.692960405351744e-12,-1.2877762579100332e-12
20,15,0.0,3.15,9.629553605807956e-12,-1.2486332991094375e-12
20,15,0.0,3.2,9.568083513484557e-12,-1.2103040809876474e-12
20,15,0.0,3.25,9.508510018784608e-12,-1.1727656210181603e-12
20,15,0.0,3.3,9.450794144151161e-12,-1.1359956169959295e-12
20,15,0.0,3.35,9.394898010519692e-12,-1.0999724283336328e-12
20,15,0.0,3.4,9.340784804698834e-12,-1.064675057646627e-12
20,15,0.0,3.45,9.28841874766348e-12,-1.0300831326943137e-12
20,15,0.0,3.5,9.237765063740931e-12,-9.961768887212996e-13
20,15,0.0,3.55,9.188789950668673e-12,-9.629371512281543e-13
20,15,0.0,3.6,9.14146055050338e-12,-9.30345319188316e-13
20,15,0.0,3.65,9.095744921357602e-12,-8.983833487200364e-13
20,15,0.0,3.7,9.051612009940798e-12,-8.670337372159185e-13
20,15,0.0,3.75,9.009031624882914e-12,-8.362795079285306e-13
20,15,0.0,3.8,8.967974410817616e-12,-8.061041950070487e-13
20,15,0.0,3.85,8.928411823201882e-12,-7.764918289781047e-13
20,15,0.0,3.9,8.890316103851522e-12,-7.47426922662417e-13
20,15,0.0,3.95,8.853660257169171e-12,-7.188944575176081e-13
20,15,0.0,4.0,8.818418027045195e-12,-6.908798703968196e-13
20,15,0.0,4.05,8.784563874411044e-12,-6.633690407130036e-13
20,15,0.0,4.1,8.752072955423326e-12,-6.363482779977243e-13
20,15,0.0,4.15,8.720921100261002e-12,-6.098043098434101e-13
20,15,0.0,4.2,8.691084792516254e-12,-5.837242702187494e-13
20,15,0.0,4.25,8.66254114916003e-12,-5.580956881458139e-13
20,15,0.0,4.3,8.635267901064878e-12,-5.329064767285084e-13
20,15,0.0,4.35,8.609243374068693e-12,-5.081449225219661e-13
20,15,0.0,4.4,8.584446470560276e-12,-4.837996752321181e-13
20,15,0.0,4.45,8.56085665157305e-12,-4.598597377357762e-13
20,15,0.0,4.5,8.538453919369464e-12,-4.3631445641125325e-13
20,15,0.0,4.55,8.517218800501118e-12,-4.1315351176939153e-13
20,15,0.0,4.6,8.49713232933073e-12,-3.903669093765076e-13
20,15,0.0,4.65,8.478176031999828e-12,-3.679449710588135e-13
20,15,0.0,4.7,8.46033191083049e-12,-3.4587832638049535e-13
20,15,0.0,4.75,8.443582429145596e-12,-3.241579043859226e-13
20,15,0.0,4.8,8.427910496496088e-12,-3.0277492559761825e-13
20,15,0.0,4.85,8.413299454281729e-12,-2.8172089426211663e-13
20,15,0.0,4.9,8.399733061754121e-12,-2.6098759083488123e-13
20,15,0.0,4.95,8.387195482388959e-12,-2.4056706469696896e-13
20,15,0.0,5.0,8.375671270617192e-12,-2.2045162709556408e-13
20,15,1.0,0.0,1.4666579301078875e-10,1.657687886048806e-09
20,15,1.0,0.05,2.4367630508754907e-10,2.204730014401679e-09
20,15,1.0,0.1,3.642469643187621e-10,2.5806003576838284e-09
20,15,1.0,0.15,4.975648439189915e-10,2.7091887734393148e-09
20,15,1.0,0.2,6.311429763490004e-10,2.5983724717152298e-09
20,15,1.0,0.25,7.544943608912711e-10,2.313592904407906e-09
20,15,1.0,0.3,8.609822259470456e-10,1.93712489906723e-09
20,15,1.0,0.35,9.478597021463813e-10,1.5389956173220235e-09
20,15,1.0,0.4,1.015309068478608e-09,1.1657379219533545e-09
20,15,1.0,0.45,1.0652590144119324e-09,8.414692349245317e-10
20,15,1.0,0.5,1.1004084997660142e-09,5.740330354105477e-10
20,15,1.0,0.55,1.1235802588318426e-09,3.615221369589941e-10
20,15,1.0,0.6,1.137365794509416e-09,1.9726921229558807e-10
20,15,1.0,0.65,1.143973895221956e-09,7.302852227515488e-11
20,15,1.0,0.7,1.1452003361909751e-09,-1.9276318788642078e-11
20,15,1.0,0.75,1.1424594175142911e-09,-8.67500064696592e-11
20,15,1.0,0.8,1.136840529544676e-09,-1.3527168571840652e-10
20,15,1.0,0.85,1.129169509639168e-09,-1.695226731723632e-10
20,15,1.0,0.9,1.1200650740011063e-09,-1.9313623699679792e-10
20,15,1.0,0.95,1.1099866223721657e-09,-2.0888291746187574e-10
20,15,1.0,1.0,1.099272828937204e-09,-2.1884927701923884e-10
20,15,1.0,1.05,1.0881718532783165e-09,-2.2459281306983538e-10
20,15,1.0,1.1,1.0768645103673784e-09,-2.2726859100059032e-10
20,15,1.0,1.15,1.065481790800467e-09,-2.2772912567397e-10
20,15,1.0,1.2,1.0541179777231585e-09,-2.266013490529962e-10
20,15,1.0,1.25,1.0428403977434068e-09,-2.243449922381622e-10
20,15,1.0,1.3,1.031696632749499e-09,-2.212963873361309e-10
20,15,1.0,1.35,1.0207198341508838e-09,-2.1770107731695457e-10
20,15,1.0,1.4,1.0099326283114468e-09,-2.1373796015671463e-10
20,15,1.0,1.45,9.993499809791699e-10,-2.0953709448425963e-10
20,15,1.0,1.5,9.889812950995885e-10,-2.051927934563201e-10
20,15,1.0,1.55,9.788319454556358e-10,-2.007732339953474e-10
20,15,1.0,1.6,9.689044003152495e-10,-1.9632749836620392e-10
20,15,1.0,1.65,9.591990406018366e-10,-1.9189072874228386e-10
20,15,1.0,1.7,9.497147577295775e-10,-1.8748789759710137e-10
20,15,1.0,1.75,9.404493895833991e-10,-1.8313656413381994e-10
20,15,1.0,1.8,9.314000381938107e-10,-1.788488886571058e-10
20,15,1.0,1.85,9.22563300967648e-10,-1.746331042404393e-10
20,15,1.0,1.9,9.139354387710194e-10,-1.7049459166747547e-10
20,15,1.0,1.95,9.055124978916937e-10,-1.664366644485672e-10
20,15,1.0,2.0,8.972903983230597e-10,-1.624611420024116e-10
20,15,1.0,2.05,8.892649974602066e-10,-1.5856876807696302e-10
20,15,1.0,2.1,8.814321358490803e-10,-1.547595161124144e-10
20,15,1.0,2.15,8.737876698401432e-10,-1.510328120126418e-10
20,15,1.0,2.2,8.663274946905908e-10,-1.4738769658109465e-10
20,15,1.0,2.25,8.590475607044243e-10,-1.4382294387859576e-10
20,15,1.0,2.3,8.519438843016034e-10,-1.403371473793383e-10
20,15,1.0,2.35,8.450125553983449e-10,-1.3692878260094345e-10
20,15,1.0,2.4,8.382497421080114e-10,-1.3359625254723027e-10
20,15,1.0,2.45,8.316516935001949e-10,-1.3033792059495728e-10
20,15,1.0,2.5,8.252147409566801e-10,-1.2715213420873823e-10
20,15,1.0,2.55,8.189352985179917e-10,-1.240372419573071e-10
20,15,1.0,2.6,8.128098625076781e-10,-1.209916056386913e-10
20,15,1.0,2.65,8.068350106443956e-10,-1.1801360883563037e-10
20,15,1.0,2.7,8.010074007946209e-10,-1.1510166286691481e-10
20,15,1.0,2.75,7.953237694778578e-10,-1.1225421084101109e-10
20,15,1.0,2.8,7.897809302054224e-10,-1.094697303280122e-10
20,15,1.0,2.85,7.843757717121491e-10,-1.0674673502755109e-10
20,15,1.0,2.9,7.791052561238231e-10,-1.0408377570857823e-10
20,15,1.0,2.95,7.739664170916004e-10,-1.0147944062282106e-10
20,15,1.0,3.0,7.689563579155661e-10,-9.893235553946637e-11
20,15,1.0,3.05,7.640722496739183e-10,-9.644118350884886e-11
20,15,1.0,3.1,7.593113293689186e-10,-9.400462443395512e-11
20,15,1.0,3.15,7.546708980978539e-10,-9.16214145072826e-11
20,15,1.0,3.2,7.501483192546863e-10,-8.929032555501943e-11
20,15,1.0,3.25,7.457410167660577e-10,-8.701016431920323e-11
20,15,1.0,3.3,7.414464733643585e-10,-8.47797717000758e-11
20,15,1.0,3.35,7.37262228899249e-10,-8.259802197492448e-11
20,15,1.0,3.4,7.331858786886028e-10,-8.046382200501575e-11
20,15,1.0,3.45,7.292150719092297e-10,-7.83761104392014e-11
20,15,1.0,3.5,7.253475100273494e-10,-7.633385692021139e-11
20,15,1.0,3.55,7.215809452686151e-10,-7.433606129795156e-11
20,15,1.0,3.6,7.179131791271968e-10,-7.23817528528607e-11
20,15,1.0,3.65,7.143420609134408e-10,-7.046998953148614e-11
20,15,1.0,3.7,7.108654863393912e-10,-6.85998571955831e-11
20,15,1.0,3.75,7.074813961414765e-10,-6.677046888578565e-11
20,15,1.0,3.8,7.041877747397108e-10,-6.49809641003254e-11
20,15,1.0,3.85,7.009826489324596e-10,-6.323050808912038e-11
20,15,1.0,3.9,6.978640866262485e-10,-6.151829116334805e-11
20,15,1.0,3.95,6.948301955995956e-10,-5.984352802040537e-11
20,15,1.0,4.0,6.918791223002555e-10,-5.8205457084203387e-11
20,15,1.0,4.05,6.890090506751063e-10,-5.660333986050286e-11
20,15,1.0,4.1,6.86218201031832e-10,-5.503646030709037e-11
20,15,1.0,4.15,6.835048289317775e-10,-5.3504124218437596e-11
20,15,1.0,4.2,6.80867224113212e-10,-5.200565862460038e-11
20,15,1.0,4.25,6.783037094442538e-10,-5.054041120394826e-11
20,15,1.0,4.3,6.758126399048886e-10,-4.91077497094275e-11
20,15,1.0,4.35,6.733924015972947e-10,-4.7707061408000574e-11
20,15,1.0,4.4,6.710414107838878e-10,-4.6337752532889215e-11
20,15,1.0,4.45,6.687581129524437e-10,-4.4999247748316694e-11
20,15,1.0,4.5,6.665409819076754e-10,-4.369098962636395e-11
20,15,1.0,4.55,6.643885188886701e-10,-4.2412438135615955e-11
20,15,1.0,4.6,6.622992517116214e-10,-4.1163070141287255e-11
20,15,1.0,4.65,6.602717339372383e-10,-3.9942378916454826e-11
20,15,1.0,4.7,6.583045440623596e-10,-3.874987366410997e-11
20,15,1.0,4.75,6.563962847351942e-10,-3.758507904970956e-11
20,15,1.0,4.8,6.545455819936634e-10,-3.6447534743927507e-11
20,15,1.0,4.85,6.527510845263625e-10,-3.533679497527981e-11
20,15,1.0,4.9,6.510114629556503e-10,-3.425242809237756e-11
20,15,1.0,4.95,6.493254091423989e-10,-3.319401613549846e-11
20,15,1.0,5.0,6.476916355119336e-10,-3.216115441719719e-11
20,15,2.0,0.0,6.833218915063911e-09,9.686859978205351e-08
20,15,2.0,0.05,1.3047587716464029e-08,1.5283123836245214e-07
20,15,2.0,0.1,2.2113476365187807e-08,2.085541937748734e-07
20,15,2.0,0.15,3.366621101199545e-08,2.5025787249041326e-07
20,15,2.0,0.2,4.675552080501364e-08,2.6922348035713937e-07
20,15,2.0,0.25,6.019335652903057e-08,2.6468692356617173e-07
20,15,2.0,0.3,7.291999908112445e-08,2.419699485119251e-07
20,15,2.0,0.35,8.421497981464592e-08,2.0870001421638296e-07
20,15,2.0,0.4,9.37308008504913e-08,1.7180443708126515e-07
20,15,2.0,0.45,1.01417416948367e-07,1.361548337660986e-07
20,15,2.0,0.5,1.0741343070129939e-07,1.0447900233795655e-07
20,15,2.0,0.55,1.1195019178795901e-07,7.786165512632036e-08
20,15,2.0,0.6,1.1528500001037862e-07,5.635109597679818e-08
20,15,2.0,0.65,1.1766226440480196e-07,3.9451695115954695e-08
20,15,2.0,0.7,1.1929517869463017e-07,2.6452350032923334e-08
20,15,2.0,0.75,1.203601725559671e-07,1.6615865432069747e-08
20,15,2.0,0.8,1.2099825848634932e-07,9.27253417402454e-09
20,15,2.0,0.85,1.213194764929926e-07,3.855881745029581e-09
20,15,2.0,0.9,1.2140825907578818e-07,-9.274820603576171e-11
20,15,2.0,0.95,1.213286082199603e-07,-2.9342375886903272e-09
20,15,2.0,1.0,1.2112860965909255e-07,-4.947057037519379e-09
20,15,2.0,1.05,1.2084415193774916e-07,-6.343181873826693e-09
20,15,2.0,1.1,1.2050188410094696e-07,-7.282419773394282e-09
20,15,2.0,1.15,1.2012151382629748e-07,-7.884416867047528e-09
20,15,2.0,1.2,1.1971756496657634e-07,-8.23830186271565e-09
20,15,2.0,1.25,1.193007068552814e-07,-8.410226581015833e-09
20,15,2.0,1.3,1.1887875185487948e-07,-8.449156303932842e-09
20,15,2.0,1.35,1.1845739975157518e-07,-8.391261258877956e-09
20,15,2.0,1.4,1.1804079099910759e-07,-8.263218271618958e-09
20,15,2.0,1.45,1.1763191669735814e-07,-8.084677723570643e-09
20,15,2.0,1.5,1.1723292176338109e-07,-7.87009868023538e-09
20,15,2.0,1.55,1.1684532877717006e-07,-7.63010967050821e-09
20,15,2.0,1.6,1.1647020307407848e-07,-7.3725154183933216e-09
20,15,2.0,1.65,1.1610827440626371e-07,-7.103040419183801e-09
20,15,2.0,1.7,1.1576002654476981e-07,-6.82587750318902e-09
20,15,2.0,1.75,1.1542576324014322e-07,-6.544092195352089e-09
20,15,2.0,1.8,1.151056567614544e-07,-6.259920605808066e-09
20,15,2.0,1.85,1.1479978360345067e-07,-5.974988798232988e-09
20,15,2.0,1.9,1.1450815074551008e-07,-5.690474291907144e-09
20,15,2.0,1.95,1.1423071495528148e-07,-5.407224942522107e-09
20,15,2.0,2.0,1.1396739697279835e-07,-5.125846441736659e-09
20,15,2.0,2.05,1.1371809192656956e-07,-4.846766716653017e-09
20,15,2.0,2.1,1.1348267697642346e-07,-4.570283327399656e-09
20,15,2.0,2.15,1.132610169152589e-07,-4.296598351977752e-09
20,15,2.0,2.2,1.1305296826850599e-07,-4.025844062366298e-09
20,15,2.0,2.25,1.1285838228786575e-07,-3.7581018232939e-09
20,15,2.0,2.3,1.1267710713117717e-07,-3.493416002858319e-09
20,15,2.0,2.35,1.1250898944321197e-07,-3.2318042115879803e-09
20,15,2.0,2.4,1.1235387549554249e-07,-2.973264838771018e-09
20,15,2.0,2.45,1.1221161200185726e-07,-2.71778259906037e-09
20,15,2.0,2.5,1.1208204669444786e-07,-2.465332614088556e-09
20,15,2.0,2.55,1.1196502872494818e-07,-2.2158834153257892e-09
20,15,2.0,2.6,1.1186040893581195e-07,-1.96939915249593e-09
20,15,2.0,2.65,1.1176804003672995e-07,-1.7258412168572786e-09
20,15,2.0,2.7,1.1168777671121934e-07,-1.4851694334537343e-09
20,15,2.0,2.75,1.1161947567193769e-07,-1.2473429358236129e-09
20,15,2.0,2.8,1.1156299567840225e-07,-1.012320806733046e-09
20,15,2.0,2.85,1.1151819752721164e-07,-7.800625464864519e-10
20,15,2.0,2.9,1.114849440221848e-07,-5.50528414165284e-10
20,15,2.0,2.95,1.1146309992990034e-07,-3.2367967518792345e-10
20,15,2.0,3.0,1.1145253192467133e-07,-9.947877981175368e-11
20,15,2.0,3.05,1.1145310852592935e-07,1.2211050929379424e-10
20,15,2.0,3.1,1.1146470003022623e-07,3.411230270348738e-10
20,15,2.0,3.15,1.1148717843945146e-07,5.575921435956454e-10
20,15,2.0,3.2,1.1152041738647871e-07,7.715497225918922e-10
20,15,2.0,3.25,1.1156429205911805e-07,9.830260943311851e-10
20,15,2.0,3.3,1.1161867912301264e-07,1.1920500402343684e-09
20,15,2.0,3.35,1.1168345664399488e-07,1.3986487855126487e-09
20,15,2.0,3.4,1.1175850401021335e-07,1.6028479979608123e-09
20,15,2.0,3.45,1.1184370185433272e-07,1.8046717912928867e-09
20,15,2.0,3.5,1.1193893197598497e-07,2.0041427318546453e-09
20,15,2.0,3.55,1.1204407726462446e-07,2.2012818478671262e-09
20,15,2.0,3.6,1.1215902162289134e-07,2.396108640570922e-09
20,15,2.0,3.65,1.1228364989057446e-07,2.5886410968084152e-09
20,15,2.0,3.7,1.124178477692258e-07,2.778895702721311e-09
20,15,2.0,3.75,1.1256150174749153e-07,2.966887458302061e-09
20,15,2.0,3.8,1.1271449902717766e-07,3.152629892638139e-09
20,15,2.0,3.85,1.1287672745009939e-07,3.3361350797120237e-09
20,15,2.0,3.9,1.1304807542573615e-07,3.5174136546689106e-09
20,15,2.0,3.95,1.1322843185969506e-07,3.696474830493689e-09
20,15,2.0,4.0,1.1341768608303512e-07,3.873326415047734e-09
20,15,2.0,4.05,1.1361572778244129e-07,4.0479748284435826e-09
20,15,2.0,4.1,1.138224469312795e-07,4.220425120735171e-09
20,15,2.0,4.15,1.1403773372153766e-07,4.390680989918753e-09
20,15,2.0,4.2,1.1426147849668779e-07,4.5587448002438795e-09
20,15,2.0,4.25,1.1449357168545397e-07,4.7246176008266246e-09
20,15,2.0,4.3,1.1473390373653282e-07,4.888299144582712e-09
20,15,2.0,4.35,1.1498236505426283e-07,5.049787907478431e-09
20,15,2.0,4.4,1.1523884593526348e-07,5.209081108111535e-09
20,15,2.0,4.45,1.1550323650606424e-07,5.366174727635614e-09
20,15,2.0,4.5,1.1577542666173955e-07,5.5210635300325506e-09
20,15,2.0,4.55,1.1605530600555971e-07,5.673741082749311e-09
20,15,2.0,4.6,1.1634276378969346e-07,5.824199777711109e-09
20,15,2.0,4.65,1.1663768885695984e-07,5.9724308527198274e-09
20,15,2.0,4.7,1.1693996958367399e-07,6.118424413254701e-09
20,15,2.0,4.75,1.1724949382357222e-07,6.2621694546780814e-09
20,15,2.0,4.8,1.1756614885287925e-07,6.40365388487275e-09
20,15,2.0,4.85,1.1788982131650767e-07,6.542864547307967e-09
20,15,2.0,4.9,1.1822039717542255e-07,6.679787244550433e-09
20,15,2.0,4.95,1.1855776165518921e-07,6.814406762235783e-09
20,15,2.0,5.0,1.1890179919574361e-07,6.946706893501822e-09
20,15,3.0,0.0,4.817576578562372e-08,8.210020723524495e-07
20,15,3.0,0.05,1.0632524278583206e-07,1.5522177405926284e-06
20,15,3.0,0.1,2.073237363420208e-07,2.514033323965425e-06
20,15,3.0,0.15,3.584897665644114e-07,3.519572663445554e-06
20,15,3.0,0.2,5.559693437744353e-07,4.328966015136763e-06
20,15,3.0,0.25,7.851738477351291e-07,4.770394164338753e-06
20,15,3.0,0.3,1.0261497358472831e-06,4.804197770731533e-06
20,15,3.0,0.35,1.2599876175641177e-06,4.5033029685485024e-06
20,15,3.0,0.4,1.4729764638607248e-06,3.9919671130791464e-06
20,15,3.0,0.45,1.6577136365890823e-06,3.391258470596024e-06
20,15,3.0,0.5,1.8121328883318805e-06,2.7911351061718616e-06
20,15,3.0,0.55,1.9377503333881656e-06,2.2454160920960985e-06
20,15,3.0,0.6,2.0380001311185977e-06,1.778594606010853e-06
20,15,3.0,0.65,2.1170150193808626e-06,1.3957364455572685e-06
20,15,3.0,0.7,2.178879466525632e-06,1.0910679324347762e-06
20,15,3.0,0.75,2.2272485836887807e-06,8.539714838774558e-07
20,15,3.0,0.8,2.2652049318843826e-06,6.72600493118511e-07
20,15,3.0,0.85,2.295250221118397e-06,5.357766817058175e-07
20,15,3.0,0.9,2.319362581124521e-06,4.3380956538911603e-07
20,15,3.0,0.95,2.3390780642081205e-06,3.5870981108359783e-07
20,15,3.0,1.0,2.355574277590278e-06,3.040995992048721e-07
20,15,3.0,1.05,2.3697458447996853e-06,2.6499683430925285e-07
20,15,3.0,1.1,2.3822680162569268e-06,2.3756774024905374e-07
20,15,3.0,1.15,2.3936481358937346e-06,2.1889329839964803e-07
20,15,3.0,1.2,2.404266192277091e-06,2.0676776011969546e-07
20,15,3.0,1.25,2.4144062026145956e-06,1.9953344279262647e-07
20,15,3.0,1.3,2.4242802026920613e-06,1.9594948999585558e-07
20,15,3.0,1.35,2.434046425225682e-06,1.9508975903110658e-07
20,15,3.0,1.4,2.44382298897189e-06,1.962644892619819e-07
20,15,3.0,1.45,2.4536981612828865e-06,1.989608035172976e-07
20,15,3.0,1.5,2.463738027111784e-06,2.0279782910465902e-07
20,15,3.0,1.55,2.4739922066467557e-06,2.0749301449294145e-07
20,15,3.0,1.6,2.48449811100365e-06,2.1283693896647995e-07
20,15,3.0,1.65,2.4952841060063072e-06,2.1867452214487914e-07
20,15,3.0,1.7,2.5063718622209545e-06,2.2489103322332433e-07
20,15,3.0,1.75,2.517778099504055e-06,2.3140168761753435e-07
20,15,3.0,1.8,2.529515881529476e-06,2.381439183494933e-07
20,15,3.0,1.85,2.541595576106178e-06,2.4507163820115097e-07
20,15,3.0,1.9,2.5540255674288914e-06,2.521509817100558e-07
20,15,3.0,1.95,2.5668127842671224e-06,2.5935714623421524e-07
20,15,3.0,2.0,2.5799630916143732e-06,2.6667204878329357e-07
20,15,3.0,2.05,2.593481581061541e-06,2.7408258808439465e-07
20,15,3.0,2.1,2.6073727860548403e-06,2.815793555590452e-07
20,15,3.0,2.15,2.6216408414393355e-06,2.89155679207442e-07
20,15,3.0,2.2,2.636289601675377e-06,2.968069143493256e-07
20,15,3.0,2.25,2.651322728395741e-06,3.0452991740674364e-07
20,15,3.0,2.3,2.6667437552140417e-06,3.123226554110748e-07
20,15,3.0,2.35,2.6825561356496677e-06,3.2018391615180336e-07
20,15,3.0,2.4,2.698763278518737e-06,3.281130929567748e-07
20,15,3.0,2.45,2.7153685740167e-06,3.361100248193687e-07
20,15,3.0,2.5,2.732375412884515e-06,3.441748775740547e-07
20,15,3.0,2.55,2.7497872004324485e-06,3.5230805551751923e-07
20,15,3.0,2.6,2.767607366737625e-06,3.6051013561326324e-07
20,15,3.0,2.65,2.7858393739916715e-06,3.687818184481513e-07
20,15,3.0,2.7,2.804486721721947e-06,3.7712389161596533e-07
20,15,3.0,2.75,2.823552950424163e-06,3.855372023196039e-07
20,15,3.0,2.8,2.8430416440042246e-06,3.9402263681146536e-07
20,15,3.0,2.85,2.8629564313256265e-06,4.0258110490607975e-07
20,15,3.0,2.9,2.883300987080921e-06,4.1121352825428313e-07
20,15,3.0,2.95,2.9040790321500837e-06,4.1992083140608174e-07
20,15,3.0,3.0,2.9252943335664925e-06,4.287039349407497e-07
20,15,3.0,3.05,2.9469507041792883e-06,4.3756375012745374e-07
20,15,3.0,3.1,2.969052002078733e-06,4.4650117471920324e-07
20,15,3.0,3.15,2.99160212983335e-06,4.555170895842184e-07
20,15,3.0,3.2,3.014605033574488e-06,4.6461235595557264e-07
20,15,3.0,3.25,3.0380647019556767e-06,4.73787813136081e-07
20,15,3.0,3.3,3.061985165005989e-06,4.83044276537555e-07
20,15,3.0,3.35,3.0863704928916054e-06,4.923825359645429e-07
20,15,3.0,3.4,3.1112247945963835e-06,5.018033540757538e-07
20,15,3.0,3.45,3.1365522165289065e-06,5.113074649739074e-07
20,15,3.0,3.5,3.16235694106132e-06,5.208955728871907e-07
20,15,3.0,3.55,3.1886431850041557e-06,5.305683509148317e-07
20,15,3.0,3.6,3.2154151980193416e-06,5.403264398172045e-07
20,15,3.0,3.65,3.242677260973741e-06,5.501704468349361e-07
20,15,3.0,3.7,3.2704336842339804e-06,5.601009445265565e-07
20,15,3.0,3.75,3.2986888059035574e-06,5.701184696163617e-07
20,15,3.0,3.8,3.327446990002477e-06,5.80223521846677e-07
20,15,3.0,3.85,3.3567126245892715e-06,5.904165628302489e-07
20,15,3.0,3.9,3.386490119826068e-06,6.00698014899935e-07
20,15,3.0,3.95,3.41678390598545e-06,6.110682599531958e-07
20,15,3.0,4.0,3.447598431399877e-06,6.215276382904156e-07
20,15,3.0,4.05,3.478938160352527e-06,6.320764474458242e-07
20,15,3.0,4.1,3.510807570909676e-06,6.427149410106963e-07
20,15,3.0,4.15,3.543211152693899e-06,6.534433274485417e-07
20,15,3.0,4.2,3.5761534045978605e-06,6.642617689024552e-07
20,15,3.0,4.25,3.609638832438515e-06,6.751703799947177e-07
20,15,3.0,4.3,3.64367194655061e-06,6.861692266190205e-07
20,15,3.0,4.35,3.6782572593202404e-06,6.97258324726135e-07
20,15,3.0,4.4,3.7133992826568444e-06,7.084376391029657e-07
20,15,3.0,4.45,3.7491025254047225e-06,7.1970708214641e-07
20,15,3.0,4.5,3.785371490692651e-06,7.310665126322029e-07
20,15,3.0,4.55,3.822210673221826e-06,7.425157344798701e-07
20,15,3.0,4.6,3.859624556492269e-06,7.540544955144587e-07
20,15,3.0,4.65,3.897617609967098e-06,7.656824862261016e-07
20,15,3.0,4.7,3.936194286174619e-06,7.773993385282873e-07
20,15,3.0,4.75,3.9753590177485924e-06,7.892046245158746e-07
20,15,3.0,4.8,4.015116214406187e-06,8.010978552238405e-07
20,15,3.0,4.85,4.055470259863896e-06,8.130784793878738e-07
20,15,3.0,4.9,4.096425508691878e-06,8.251458822079757e-07
20,15,3.0,4.95,4.137986283106151e-06,8.372993841161154e-07
20,15,3.0,5.0,4.1801568696995835e-06,8.495382395492617e-07
20,15,4.0,0.0,4.33985486271756e-08,8.455930860718071e-07
20,15,4.0,0.05,1.0930798711641439e-07,1.9004566890600438e-06
20,15,4.0,0.1,2.455803336781667e-07,3.6742934896182016e-06
20,15,4.0,0.15,4.875783061534243e-07,6.0857121603375715e-06
20,15,4.0,0.2,8.57716748766007e-07,8.704509813676342e-06
20,15,4.0,0.25,1.3512821460410003e-06,1.0923389545176418e-05
20,15,4.0,0.3,1.9352350850563034e-06,1.226473340491178e-05
20,15,4.0,0.35,2.5603538452402108e-06,1.2572493179630219e-05
20,15,4.0,0.4,3.1775768196303e-06,1.1990892178376305e-05
20,15,4.0,0.45,3.7496006017932057e-06,1.0818822158138113e-05
20,15,4.0,0.5,4.254827315000758e-06,9.366280789655568e-06
20,15,4.0,0.55,4.6856143397564946e-06,7.873752030668062e-06
20,15,4.0,0.6,5.044088587508267e-06,6.4918004059474994e-06
20,15,4.0,0.65,5.337899578571361e-06,5.29441919310899e-06
20,15,4.0,0.7,5.57697937644422e-06,4.302977531497086e-06
20,15,4.0,0.75,5.771483918914798e-06,3.5082684510490927e-06
20,15,4.0,0.8,5.930690311347089e-06,2.886466360146474e-06
20,15,4.0,0.85,6.062536512514292e-06,2.4090572225757744e-06
20,15,4.0,0.9,6.173537546173203e-06,2.0482527278365747e-06
20,15,4.0,0.95,6.268893490849393e-06,1.7794883276459117e-06
20,15,4.0,1.0,6.352675984995204e-06,1.5822340318109652e-06
20,15,4.0,1.05,6.428030763872833e-06,1.4399294767369413e-06
20,15,4.0,1.1,6.4973656945239e-06,1.3395283650033207e-06
20,15,4.0,1.15,6.5625121502245405e-06,1.2709187459020817e-06
20,15,4.0,1.2,6.624857261828993e-06,1.2263523317067529e-06
20,15,4.0,1.25,6.685449164549784e-06,1.1999404485036931e-06
20,15,4.0,1.3,6.745079126586774e-06,1.1872342174616081e-06
20,15,4.0,1.35,6.804344777744681e-06,1.1848871494654518e-06
20,15,4.0,1.4,6.863698328313477e-06,1.190390184352093e-06
20,15,4.0,1.45,6.923483094776589e-06,1.2018668508548228e-06
20,15,4.0,1.5,6.983961035220858e-06,1.2179166136020094e-06
20,15,4.0,1.55,7.045333435872974e-06,1.2374959832608874e-06
20,15,4.0,1.6,7.1077564140179635e-06,1.2598287759574323e-06
20,15,4.0,1.65,7.1713525158890435e-06,1.2843386385768952e-06
20,15,4.0,1.7,7.23621938255575e-06,1.3105984572447796e-06
20,15,4.0,1.75,7.302436219664106e-06,1.3382925007051522e-06
20,15,4.0,1.8,7.3700686250340465e-06,1.3671881336657347e-06
20,15,4.0,1.85,7.439172189871411e-06,1.3971147024473366e-06
20,15,4.0,1.9,7.509795184886167e-06,1.4279477856428647e-06
20,15,4.0,1.95,7.581980564007266e-06,1.459597452380907e-06
20,15,4.0,2.0,7.655767459425446e-06,1.491999511307937e-06
20,15,4.0,2.05,7.731192297568634e-06,1.5251089899061083e-06
20,15,4.0,2.1,7.80828963263902e-06,1.558895276310237e-06
20,15,4.0,2.15,7.887092769729437e-06,1.593338499973467e-06
20,15,4.0,2.2,7.967634231177539e-06,1.628426835308292e-06
20,15,4.0,2.25,8.04994610613397e-06,1.6641544928925753e-06
20,15,4.0,2.3,8.134060313122444e-06,1.7005202228480074e-06
20,15,4.0,2.35,8.22000879777399e-06,1.737526199736681e-06
20,15,4.0,2.4,8.307823682260062e-06,1.7751771916584933e-06
20,15,4.0,2.45,8.397537378731734e-06,1.8134799410638217e-06
20,15,4.0,2.5,8.489182675936469e-06,1.8524427032928202e-06
20,15,4.0,2.55,8.582792805843348e-06,1.8920749026253046e-06
20,15,4.0,2.6,8.678401495366883e-06,1.9323868758840435e-06
20,15,4.0,2.65,8.776043006981428e-06,1.9733896812733547e-06
20,15,4.0,2.7,8.875752171052775e-06,2.0150949558236404e-06
20,15,4.0,2.75,8.977564411991286e-06,2.0575148090507496e-06
20,15,4.0,2.8,9.081515769795291e-06,2.100661743595118e-06
20,15,4.0,2.85,9.187642918154255e-06,2.1445485959566913e-06
20,15,4.0,2.9,9.295983179980367e-06,2.1891884921940446e-06
20,15,4.0,2.95,9.406574541017571e-06,2.2345948147611597e-06
20,15,4.0,3.0,9.519455662010185e-06,2.2807811776273643e-06
20,15,4.0,3.05,9.634665889787881e-06,2.327761407552455e-06
20,15,4.0,3.1,9.752245267535362e-06,2.3755495299276107e-06
20,15,4.0,3.15,9.872234544442558e-06,2.4241597579968024e-06
20,15,4.0,3.2,9.994675184880824e-06,2.4736064845727613e-06
20,15,4.0,3.25,1.0119609377213897e-05,2.5239042755868507e-06
20,15,4.0,3.3,1.0247080042321392e-05,2.575067864977629e-06
20,15,4.0,3.35,1.0377130841892218e-05,2.6271121505482264e-06
20,15,4.0,3.4,1.0509806186528751e-05,2.680052190516002e-06
20,15,4.0,3.45,1.0645151243692174e-05,2.7339032005461803e-06
20,15,4.0,3.5,1.0783211945507663e-05,2.7886805511138255e-06
20,15,4.0,3.55,1.0924034996443397e-05,2.8443997650765626e-06
20,15,4.0,3.6,1.1067667880872099e-05,2.9010765153695064e-06
20,15,4.0,3.65,1.1214158870517744e-05,2.958726622754899e-06
20,15,4.0,3.7,1.1363557031791859e-05,3.0173660535760283e-06
20,15,4.0,3.75,1.1515912233014973e-05,3.077010917475263e-06
20,15,4.0,3.8,1.1671275151523575e-05,3.1376774650472673e-06
20,15,4.0,3.85,1.1829697280657218e-05,3.199382085402231e-06
20,15,4.0,3.9,1.1991230936620849e-05,3.2621413036223753e-06
20,15,4.0,3.95,1.2155929265217765e-05,3.32597177809517e-06
20,15,4.0,4.0,1.232384624844523e-05,3.3908902977123495e-06
20,15,4.0,4.05,1.2495036710946413e-05,3.4569137789243083e-06
20,15,4.0,4.1,1.266955632631202e-05,3.524059262641354e-06
20,15,4.0,4.15,1.2847461623222048e-05,3.592343910974637e-06
20,15,4.0,4.2,1.3028809991421105e-05,3.6617850038103837e-06
20,15,4.0,4.25,1.3213659687517883e-05,3.732399935211722e-06
20,15,4.0,4.3,1.3402069840600342e-05,3.8042062096425413e-06
20,15,4.0,4.35,1.3594100457657543e-05,3.877221438008848e-06
20,15,4.0,4.4,1.3789812428799087e-05,3.9514633335129395e-06
20,15,4.0,4.45,1.398926753226183e-05,4.0269497073156895e-06
20,15,4.0,4.5,1.4192528439196097e-05,4.1036984640033845e-06
20,15,4.0,4.55,1.4399658718218327e-05,4.18172759685436e-06
20,15,4.0,4.6,1.4610722839724465e-05,4.26105518290196e-06
20,15,4.0,4.65,1.4825786179948556e-05,4.341699377789599e-06
20,15,4.0,4.7,1.5044915024761417e-05,4.423678410414736e-06
20,15,4.0,4.75,1.5268176573194278e-05,4.50701057735734e-06
20,15,4.0,4.8,1.5495638940679296e-05,4.5917142370898646e-06
20,15,4.0,4.85,1.572737116199462e-05,4.67780780396438e-06
20,15,4.0,4.9,1.5963443193903983e-05,4.765309741975044e-06
20,15,4.0,4.95,1.6203925917477043e-05,4.854238558289801e-06
20,15,4.0,5.0,1.6448891140082336e-05,4.944612796550891e-06
20,15,5.0,0.0,9.437321319079244e-09,1.9923320885354224e-07
20,15,5.0,0.05,2.627409744748183e-08,5.179967869591934e-07
20,15,5.0,0.1,6.704357361680836e-08,1.184706399960755e-06
20,15,5.0,0.15,1.5288518291451776e-07,2.3342141560666193e-06
20,15,5.0,0.2,3.0821064287077484e-07,3.939674150799723e-06
20,15,5.0,0.25,5.501133588737522e-07,5.735491755745865e-06
20,15,5.0,0.3,8.780821994972113e-07,7.313070074648228e-06
20,15,5.0,0.35,1.2718972829627594e-06,8.326914760502243e-06
20,15,5.0,0.4,1.6989857567510183e-06,8.640930977997454e-06
20,15,5.0,0.45,2.1255183749546173e-06,8.33057954127484e-06
20,15,5.0,0.5,2.5248665504657696e-06,7.5900178336437255e-06
20,15,5.0,0.55,2.880916654071296e-06,6.631663039125841e-06
20,15,5.0,0.6,3.187275880918372e-06,5.625780000776633e-06
20,15,5.0,0.65,3.4445643681725223e-06,4.682268656096997e-06
20,15,5.0,0.7,3.6575041888746383e-06,3.857592806721518e-06
20,15,5.0,0.75,3.8326291268620165e-06,3.1705137347262554e-06
20,15,5.0,0.8,3.976792830983047e-06,2.6173157931073177e-06
20,15,5.0,0.85,4.096346146309562e-06,2.1831246937165323e-06
20,15,5.0,0.9,4.196774577270421e-06,1.8490998408094377e-06
20,15,5.0,0.95,4.282611133295436e-06,1.5964452405804402e-06
20,15,5.0,1.0,4.357493178546556e-06,1.4083258648390149e-06
20,15,5.0,1.05,4.424281287983764e-06,1.27055081085276e-06
20,15,5.0,1.1,4.485194038799879e-06,1.1716029231974057e-06
20,15,5.0,1.15,4.541935649884997e-06,1.1023666660951299e-06
20,15,5.0,1.2,4.5958067979961e-06,1.055750488612085e-06
20,15,5.0,1.25,4.647796139513943e-06,1.0263037765242073e-06
20,15,5.0,1.3,4.698653555556269e-06,1.0098732491681402e-06
20,15,5.0,1.35,4.748947558789118e-06,1.0033140065822174e-06
20,15,5.0,1.4,4.799109647462548e-06,1.0042557447286659e-06
20,15,5.0,1.45,4.849468233277629e-06,1.0109182482327664e-06
20,15,5.0,1.5,4.900274410653841e-06,1.021968183875294e-06
20,15,5.0,1.55,4.951721430626691e-06,1.0364092231698774e-06
20,15,5.0,1.6,5.003959364290883e-06,1.0534984170613451e-06
20,15,5.0,1.65,5.057106115739216e-06,1.0726829158534826e-06
20,15,5.0,1.7,5.111255678365251e-06,1.093552281505937e-06
20,15,5.0,1.75,5.166484316868139e-06,1.1158026565651017e-06
20,15,5.0,1.8,5.222855192364206e-06,1.1392098990770587e-06
20,15,5.0,1.85,5.280421821085121e-06,1.1636094707086259e-06
20,15,5.0,1.9,5.3392306603500816e-06,1.1888813969487114e-06
20,15,5.0,1.95,5.39932304216402e-06,1.2149390289927894e-06
20,15,5.0,2.0,5.46073661948097e-06,1.241720650957491e-06
20,15,5.0,2.05,5.523506448589706e-06,1.2691832144523958e-06
20,15,5.0,2.1,5.5876657998928685e-06,1.2972976625555944e-06
20,15,5.0,2.15,5.653246766000406e-06,1.3260454406852223e-06
20,15,5.0,2.2,5.720280718595352e-06,1.355415893501924e-06
20,15,5.0,2.25,5.788798652482662e-06,1.3854043231072602e-06
20,15,5.0,2.3,5.858831445486287e-06,1.4160105407509282e-06
20,15,5.0,2.35,5.930410055587054e-06,1.4472377868137305e-06
20,15,5.0,2.4,6.003565671265603e-06,1.4790919256156542e-06
20,15,5.0,2.45,6.078329826961791e-06,1.5115808453195639e-06
20,15,5.0,2.5,6.154734492543348e-06,1.544714010905888e-06
20,15,5.0,2.55,6.232812143418028e-06,1.5785021314002868e-06
20,15,5.0,2.6,6.312595816243256e-06,1.6129569123913398e-06
20,15,5.0,2.65,6.394119153931027e-06,1.648090872225646e-06
20,15,5.0,2.7,6.477416442709186e-06,1.6839172057518372e-06
20,15,5.0,2.75,6.562522643300505e-06,1.7204496835754964e-06
20,15,5.0,2.8,6.649473417759984e-06,1.7577025778405138e-06
20,15,5.0,2.85,6.738305153120872e-06,1.795690607828977e-06
20,15,5.0,2.9,6.829054982708752e-06,1.8344289003715082e-06
20,15,5.0,2.95,6.921760805766007e-06,1.8739329613284548e-06
20,15,5.0,3.0,7.0164613058681116e-06,1.9142186553489113e-06
20,15,5.0,3.05,7.113195968489063e-06,1.9553021918213066e-06
20,15,5.0,3.1,7.2120050979868085e-06,1.997200115456655e-06
20,15,5.0,3.15,7.312929834207903e-06,2.0399293003396553e-06
20,15,5.0,3.2,7.416012168863096e-06,2.083506946577188e-06
20,15,5.0,3.25,7.5212949617865846e-06,2.1279505788926726e-06
20,15,5.0,3.3,7.628821957162602e-06,2.1732780466797475e-06
20,15,5.0,3.35,7.73863779978387e-06,2.219507525150525e-06
20,15,5.0,3.4,7.850788051388842e-06,2.266657517305706e-06
20,15,5.0,3.45,7.965319207113591e-06,2.3147468565220723e-06
20,15,5.0,3.5,8.082278712085032e-06,2.3637947096034423e-06
20,15,5.0,3.55,8.201714978176344e-06,2.4138205801807354e-06
20,15,5.0,3.6,8.323677400938724e-06,2.4648443123737045e-06
20,15,5.0,3.65,8.448216376721644e-06,2.516886094648819e-06
20,15,5.0,3.7,8.57538331998951e-06,2.569966463824446e-06
20,15,5.0,3.75,8.705230680842345e-06,2.6241063091850487e-06
20,15,5.0,3.8,8.837811962743025e-06,2.679326876675577e-06
20,15,5.0,3.85,8.973181740456828e-06,2.7356497731545333e-06
20,15,5.0,3.9,9.111395678204058e-06,2.793096970687398e-06
20,15,5.0,3.95,9.252510548028606e-06,2.851690810867739e-06
20,15,5.0,4.0,9.396584248382482e-06,2.911454009154582e-06
20,15,5.0,4.05,9.543675822927828e-06,2.9724096592169007e-06
20,15,5.0,4.1,9.693845479555928e-06,3.0345812372788027e-06
20,15,5.0,4.15,9.847154609623643e-06,3.0979926064578275e-06
20,15,5.0,4.2,1.0003665807406174e-05,3.1626680210915776e-06
20,15,5.0,4.25,1.0163442889765993e-05,3.228632131047553e-06
20,15,5.0,4.3,1.0326550916036609e-05,3.295909986011386e-06
20,15,5.0,4.35,1.0493056208119943e-05,3.364527039749521e-06
20,15,5.0,4.4,1.066302637079656e-05,3.4345091543416286e-06
20,15,5.0,4.45,1.0836530312246659e-05,3.505882604379542e-06
20,15,5.0,4.5,1.1013638264779265e-05,3.5786740811275183e-06
20,15,5.0,4.55,1.1194421805769529e-05,3.6529106966413903e-06
20,15,5.0,4.6,1.1378953878799882e-05,3.7286199878412604e-06
20,15,5.0,4.65,1.1567308815004728e-05,3.8058299205343602e-06
20,15,5.0,4.7,1.1759562354613268e-05,3.884568893383746e-06
20,15,5.0,4.75,1.1955791668691414e-05,3.964865741819128e-06
20,15,5.0,4.8,1.2156075381075551e-05,4.046749741884815e-06
20,15,5.0,4.85,1.23604935904987e-05,4.130250614020826e-06
20,15,5.0,4.9,1.2569127892903492e-05,4.215398526773366e-06
20,15,5.0,4.95,1.2782061403938106e-05,4.302224100428239e-06
20,15,5.0,5.0,1.2999378781632853e-05,4.390758410565322e-06
20,20,0.0,0.0,3.2438426668229133e-12,3.037895639033973e-11
20,20,0.0,0.05,4.9192064564059896e-12,3.611785475711703e-11
20,20,0.0,0.1,6.7961613631209166e-12,3.833334703549913e-11
20,20,0.0,0.15,8.692658986945773e-12,3.6987793214033176e-11
20,20,0.0,0.2,1.045020522771184e-11,3.296813431108628e-11
20,20,0.0,0.25,1.1965174908890423e-11,2.748470367011347e-11
20,20,0.0,0.3,1.3192284448789118e-11,2.1605631869425413e-11
20,20,0.0,0.35,1.4131456509911643e-11,1.6057969581334464e-11
20,20,0.0,0.4,1.4810175981930886e-11,1.1227512027855848e-11
20,20,0.0,0.45,1.526844907061351e-11,7.246495780258601e-12
20,20,0.0,0.5,1.5548656690373127e-11,4.092916234385285e-12
20,20,0.0,0.55,1.5689904294588522e-11,1.6683714347067297e-12
20,20,0.0,0.6,1.5725566898992662e-11,-1.5167443383751303e-13
20,20,0.0,0.65,1.5682755927936018e-11,-1.4900564781769037e-12
20,20,0.0,0.7,1.5582773995781784e-11,-2.4550328524316092e-12
20,20,0.0,0.75,1.5441973542253138e-11,-3.136135445641194e-12
20,20,0.0,0.8,1.5272696893711684e-11,-3.6045133658414735e-12
20,20,0.0,0.85,1.5084142598564866e-11,-3.915227604146511e-12
20,20,0.0,0.9,1.4883098761289986e-11,-4.1101172715279715e-12
20,20,0.0,0.95,1.4674533757934757e-11,-4.220566884968982e-12
20,20,0.0,1.0,1.4462057301660311e-11,-4.269900838252916e-12
20,20,0.0,1.05,1.4248272813334894e-11,-4.275335398879852e-12
20,20,0.0,1.1,1.4035042841280822e-11,-4.249513136259352e-12
20,20,0.0,1.15,1.382368695574508e-11,-4.201680869704208e-12
20,20,0.0,1.2,1.3615128226742128e-11,-4.1385795663246045e-12
20,20,0.0,1.25,1.3410001076575516e-11,-4.065109183721765e-12
20,20,0.0,1.3,1.3208730389390931e-11,-3.984821487296605e-12
20,20,0.0,1.35,1.3011589374793414e-11,-3.900283312531141e-12
20,20,0.0,1.4,1.2818741802367982e-11,-3.813343256075488e-12
20,20,0.0,1.45,1.2630272778660395e-11,-3.725326902118645e-12
20,20,0.0,1.5,1.2446211145661145e-11,-3.63717943567085e-12
20,20,0.0,1.55,1.226654576341232e-11,-3.549569664429181e-12
20,20,0.0,1.6,1.209123733414983e-11,-3.4629658090249635e-12
20,20,0.0,1.65,1.1920226979309188e-11,-3.3776906796172405e-12
20,20,0.0,1.7,1.1753442453256846e-11,-3.2939618216074404e-12
20,20,0.0,1.75,1.159080263792068e-11,-3.2119207118124497e-12
20,20,0.0,1.8,1.1432220787424761e-11,-3.1316539836068843e-12
20,20,0.0,1.85,1.1277606864142758e-11,-3.053208852015638e-12
20,20,0.0,1.9,1.1126869214560151e-11,-2.9766043197725596e-12
20,20,0.0,1.95,1.097991576560844e-11,-2.901839315020874e-12
20,20,0.0,2.0,1.0836654872851874e-11,-2.8288985977873223e-12
20,20,0.0,2.05,1.0696995916060187e-11,-2.757757044097645e-12
20,20,0.0,2.1,1.0560849711629571e-11,-2.6883827505096243e-12
20,20,0.0,2.15,1.0428128792354121e-11,-2.6207392810300012e-12
20,20,0.0,2.2,1.0298747591265551e-11,-2.554787290533849e-12
20,20,0.0,2.25,1.0172622556235739e-11,-2.4904856949261563e-12
20,20,0.0,2.3,1.0049672214743753e-11,-2.4277925118443923e-12
20,20,0.0,2.35,9.929817202912415e-12,-2.3666654619340116e-12
20,20,0.0,2.4,9.81298026906006e-12,-2.30706239617911e-12
20,20,0.0,2.45,9.699086259213251e-12,-2.2489415969151042e-12
20,20,0.0,2.5,9.588062089981662e-12,-2.1922619871723704e-12
20,20,0.0,2.55,9.479836712717524e-12,-2.1369832735534816e-12
20,20,0.0,2.6,9.374341071798406e-12,-2.083066040981777e-12
20,20,0.0,2.65,9.271508059090299e-12,-2.030471812662095e-12
20,20,0.0,2.7,9.171272466072817e-12,-1.9791630849586176e-12
20,20,0.0,2.75,9.07357093469733e-12,-1.929103344250725e-12
20,20,0.0,2.8,8.97834190774155e-12,-1.8802570709022917e-12
20,20,0.0,2.85,8.885525579208151e-12,-1.8325897340787816e-12
20,20,0.0,2.9,8.795063845153206e-12,-1.7860677801265997e-12
20,20,0.0,2.95,8.706900255213757e-12,-1.7406586164861654e-12
20,20,0.0,3.0,8.620979965020909e-12,-1.696330592569858e-12
20,20,0.0,3.05,8.53724968962283e-12,-1.653052978642765e-12
20,20,0.0,3.1,8.455657657997308e-12,-1.6107959434557423e-12
20,20,0.0,3.15,8.376153568702123e-12,-1.569530531173511e-12
20,20,0.0,3.2,8.298688546688628e-12,-1.5292286379872144e-12
20,20,0.0,3.25,8.223215101286023e-12,-1.4898629886898044e-12
20,20,0.0,3.3,8.149687085353925e-12,-1.4514071134138176e-12
20,20,0.0,3.35,8.078059655591205e-12,-1.413835324669918e-12
20,20,0.0,3.4,8.008289233982485e-12,-1.3771226947839304e-12
20,20,0.0,3.45,7.940333470362199e-12,-1.3412450337981952e-12
20,20,0.0,3.5,7.874151206070932e-12,-1.306178867880573e-12
20,20,0.0,3.55,7.80970243867718e-12,-1.2719014182677233e-12
20,20,0.0,3.6,7.7469482877394e-12,-1.2383905807585599e-12
20,20,0.0,3.65,7.685850961578915e-12,-1.2056249057644717e-12
20,20,0.0,3.7,7.626373725036315e-12,-1.1735835789160293e-12
20,20,0.0,3.75,7.568480868183633e-12,-1.1422464022234597e-12
20,20,0.0,3.8,7.512137675965443e-12,-1.1115937757832288e-12
20,20,0.0,3.85,7.457310398740118e-12,-1.0816066800219663e-12
20,20,0.0,3.9,7.403966223696654e-12,-1.0522666584669543e-12
20,20,0.0,3.95,7.352073247119349e-12,-1.0235558010316228e-12
20,20,0.0,4.0,7.301600447475779e-12,-9.95456727804041e-13
20,20,0.0,4.05,7.252517659303696e-12,-9.679525733254837e-13
20,20,0.0,4.1,7.204795547870691e-12,-9.410269713463618e-13
20,20,0.0,4.15,7.158405584585508e-12,-9.146640400471813e-13
20,20,0.0,4.2,7.1133200231366705e-12,-8.88848367710862e-13
20,20,0.0,4.25,7.069511876336078e-12,-8.635649988344755e-13
20,20,0.0,4.3,7.02695489364678e-12,-8.387994206678308e-13
20,20,0.0,4.35,6.985623539373223e-12,-8.145375501662781e-13
20,20,0.0,4.4,6.945492971493658e-12,-7.907657213460867e-13
20,20,0.0,4.45,6.906539021115146e-12,-7.674706730304074e-13
20,20,0.0,4.5,6.868738172531535e-12,-7.446395369744166e-13
20,20,0.0,4.55,6.832067543866048e-12,-7.222598263584211e-13
20,20,0.0,4.6,6.796504868280438e-12,-7.00319424637622e-13
20,20,0.0,4.65,6.7620284757324514e-12,-6.788065747383596e-13
20,20,0.0,4.7,6.728617275265601e-12,-6.577098685899817e-13
20,20,0.0,4.75,6.696250737813866e-12,-6.370182369823008e-13
20,20,0.0,4.8,6.664908879505495e-12,-6.167209397389287e-13
20,20,0.0,4.85,6.6345722454506506e-12,-5.968075561963757e-13
20,20,0.0,4.9,6.605221893997811e-12,-5.772679759802357e-13
20,20,0.0,4.95,6.576839381443529e-12,-5.580923900684064e-13
20,20,0.0,5.0,6.549406747182623e-12,-5.392712821335627e-13
20,20,1.0,0.0,1.8046765764133015e-10,2.1648744108313692e-09
20,20,1.0,0.05,3.098923324504638e-10,2.9962288637153074e-09
20,20,1.0,0.1,4.767352330489056e-10,3.6288307590789983e-09
20,20,1.0,0.15,6.669772575042947e-10,3.917998931094115e-09
20,20,1.0,0.2,8.623935330701497e-10,3.842146175517397e-09
20,20,1.0,0.25,1.0463940389859861e-09,3.4797327532605772e-09
20,20,1.0,0.3,1.2075892391071635e-09,2.9502552485025825e-09
20,20,1.0,0.35,1.3405001983280382e-09,2.3644509456155076e-09
20,20,1.0,0.4,1.4444220920074725e-09,1.8007185218877672e-09
20,20,1.0,0.45,1.5216837246511478e-09,1.3027890710216102e-09
20,20,1.0,0.5,1.5760896006014153e-09,8.876230416795439e-10
20,20,1.0,0.55,1.6118319539000145e-09,5.553328993095247e-10
20,20,1.0,0.6,1.632862174060263e-09,2.9729798580328964e-10
20,20,1.0,0.65,1.642600139895129e-09,1.0156419332878553e-10
20,20,1.0,0.7,1.6438527831004175e-09,-4.407318824047349e-11
20,20,1.0,0.75,1.6388440179790627e-09,-1.505774699763702e-10
20,20,1.0,0.8,1.6292932041746561e-09,-2.271302433455781e-10
20,20,1.0,0.85,1.6165065450804773e-09,-2.8109555384515716e-10
20,20,1.0,0.9,1.601463678696793e-09,-3.182140313889794e-10
20,20,1.0,0.95,1.5848921777383524e-09,-3.4287453484637567e-10
20,20,1.0,1.0,1.5673282305354648e-09,-3.5838695963417595e-10
20,20,1.0,1.05,1.5491643985114564e-09,-3.6722325077955895e-10
20,20,1.0,1.1,1.5306863579795128e-09,-3.7121650515409706e-10
20,20,1.0,1.15,1.5121007304077346e-09,-3.71718975814115e-10
20,20,1.0,1.2,1.4935559339900035e-09,-3.6972426263286e-10
20,20,1.0,1.25,1.4751576858949813e-09,-3.659601795557238e-10
20,20,1.0,1.3,1.4569804635700638e-09,-3.609584934101033e-10
20,20,1.0,1.35,1.4390759443908299e-09,-3.551068540366545e-10
20,20,1.0,1.4,1.4214792020662542e-09,-3.4868723173001483e-10
20,20,1.0,1.45,1.4042132462370349e-09,-3.419042454084156e-10
20,20,1.0,1.5,1.3872923429153316e-09,-3.3490597566751247e-10
20,20,1.0,1.55,1.3707244401975133e-09,-3.2779922223794256e-10
20,20,1.0,1.6,1.3545129386071891e-09,-3.206606707870664e-10
20,20,1.0,1.65,1.338657982058255e-09,-3.135450563368933e-10
20,20,1.0,1.7,1.3231573985158796e-09,-3.0649112611247985e-10
20,20,1.0,1.75,1.3080073848615907e-09,-2.995259924149559e-10
20,20,1.0,1.8,1.2932030050677222e-09,-2.9266830884233473e-10
20,20,1.0,1.85,1.2787385521684575e-09,-2.8593058718753345e-10
20,20,1.0,1.9,1.2646078108892008e-09,-2.7932088708318493e-10
20,20,1.0,1.95,1.2508042478364262e-09,-2.728440479477468e-10
20,20,1.0,2.0,1.2373211488759002e-09,-2.665025870291187e-10
20,20,1.0,2.05,1.224151718017364e-09,-2.602973538912157e-10
20,20,1.0,2.1,1.2112891482492189e-09,-2.542280072566074e-10
20,20,1.0,2.15,1.198726671940268e-09,-2.4829336228444704e-10
20,20,1.0,2.2,1.1864575963640185e-09,-2.4249164335037526e-10
20,20,1.0,2.25,1.1744753283976438e-09,-2.3682066790357273e-10
20,20,1.0,2.3,1.1627733913507881e-09,-2.312779800535565e-10
20,20,1.0,2.35,1.1513454360797463e-09,-2.2586094749114388e-10
20,20,1.0,2.4,1.1401852479594237e-09,-2.2056683166680824e-10
20,20,1.0,2.45,1.129286750859415e-09,-2.1539283846475806e-10
20,20,1.0,2.5,1.118644008960796e-09,-2.1033615465366476e-10
20,20,1.0,2.55,1.1082512270231654e-09,-2.0539397396669433e-10
20,20,1.0,2.6,1.0981027495467383e-09,-2.0056351562231046e-10
20,20,1.0,2.65,1.0881930591531953e-09,-1.958420373372486e-10
20,20,1.0,2.7,1.078516774421632e-09,-1.9122684432905502e-10
20,20,1.0,2.75,1.0690686473510173e-09,-1.8671529540100998e-10
20,20,1.0,2.8,1.0598435605743525e-09,-1.8230480690709903e-10
20,20,1.0,2.85,1.0508365244149788e-09,-1.7799285517941604e-10
20,20,1.0,2.9,1.0420426738509294e-09,-1.737769778430539e-10
20,20,1.0,2.95,1.0334572654346307e-09,-1.696547743287953e-10
20,20,1.0,3.0,1.0250756742021827e-09,-1.6562390581011853e-10
20,20,1.0,3.05,1.016893390596612e-09,-1.616820947297983e-10
20,20,1.0,3.1,1.008906017422505e-09,-1.5782712403673874e-10
20,20,1.0,3.15,1.0011092668441132e-09,-1.5405683622098768e-10
20,20,1.0,3.2,9.934989574354455e-10,-1.5036913221100251e-10
20,20,1.0,3.25,9.860710112878198e-10,-1.467619701798859e-10
20,20,1.0,3.3,9.788214511787532e-10,-1.432333642945182e-10
20,20,1.0,3.35,9.717463978043154e-10,-1.3978138343223047e-10
20,20,1.0,3.4,9.64842067075934e-10,-1.36404149882779e-10
20,20,1.0,3.45,9.581047674823492e-10,-1.3309983804858438e-10
20,20,1.0,3.5,9.51530897516298e-10,-1.298666731523662e-10
20,20,1.0,3.55,9.451169431655573e-10,-1.2670292995878062e-10
20,20,1.0,3.6,9.388594754674003e-10,-1.2360693151462594e-10
20,20,1.0,3.65,9.327551481255489e-10,-1.2057704791087477e-10
20,20,1.0,3.7,9.268006951884213e-10,-1.1761169506864456e-10
20,20,1.0,3.75,9.209929287874354e-10,-1.1470933355053642e-10
20,20,1.0,3.8,9.15328736934133e-10,-1.118684673981333e-10
20,20,1.0,3.85,9.098050813746809e-10,-1.0908764299616466e-10
20,20,1.0,3.9,9.044189955006511e-10,-1.0636544796347755e-10
20,20,1.0,3.95,8.991675823143883e-10,-1.0370051007068453e-10
20,20,1.0,4.0,8.940480124479586e-10,-1.0109149618433902e-10
20,20,1.0,4.05,8.890575222342247e-10,-9.853711123730465e-11
20,20,1.0,4.1,8.841934118287019e-10,-9.603609722485151e-11
20,20,1.0,4.15,8.794530433810284e-10,-9.358723222611517e-11
20,20,1.0,4.2,8.748338392547046e-10,-9.118932945027618e-11
20,20,1.0,4.25,8.703332802939506e-10,-8.884123630710991e-11
20,20,1.0,4.3,8.659489041363823e-10,-8.654183350119163e-11
20,20,1.0,4.35,8.616783035704572e-10,-8.429003414930921e-11
20,20,1.0,4.4,8.575191249364573e-10,-8.208478292050377e-11
20,20,1.0,4.45,8.534690665699021e-10,-7.992505519816636e-11
20,20,1.0,4.5,8.495258772863456e-10,-7.780985626361756e-11
20,20,1.0,4.55,8.45687354906419e-10,-7.573822050066917e-11
20,20,1.0,4.6,8.419513448202129e-10,-7.370921062058085e-11
20,20,1.0,4.65,8.383157385898259e-10,-7.172191690688106e-11
20,20,1.0,4.7,8.347784725892656e-10,-6.977545647951901e-11
20,20,1.0,4.75,8.313375266805741e-10,-6.786897257784337e-11
20,20,1.0,4.8,8.279909229254588e-10,-6.600163386185136e-11
20,20,1.0,4.85,8.247367243313403e-10,-6.417263373126739e-11
20,20,1.0,4.9,8.215730336310007e-10,-6.238118966187091e-11
20,20,1.0,4.95,8.184979920950508e-10,-6.062654255866726e-11
20,20,1.0,5.0,8.155097783762933e-10,-5.890795612538033e-11
20,20,2.0,0.0,5.9479997511843775e-09,8.862316504547238e-08
20,20,2.0,0.05,1.1772219305652218e-08,1.4615345755672113e-07
20,20,2.0,0.1,2.0631925454683347e-08,2.0764259713885755e-07
20,20,2.0,0.15,3.2347989463534975e-08,2.579569645879914e-07
20,20,2.0,0.2,4.6043656084916365e-08,2.855356908792678e-07
20,20,2.0,0.25,6.04640220816638e-08,2.8712631200163453e-07
20,20,2.0,0.3,7.439268371849543e-08,2.670209573365957e-07
20,20,2.0,0.35,8.693739791640414e-08,2.3318406092803512e-07
20,20,2.0,0.4,9.761594983039449e-08,1.93565902543622e-07
20,20,2.0,0.45,1.062983493007451e-07,1.5412626186856535e-07
20,20,2.0,0.5,1.130920098844269e-07,1.1842639077205263e-07
20,20,2.0,0.55,1.1823061535331438e-07,8.806118483449657e-08
20,20,2.0,0.6,1.2199230263381433e-07,6.332319296896168e-08
20,20,2.0,0.65,1.2464976054143333e-07,4.3784963924250406e-08
20,20,2.0,0.7,1.264451419786992e-07,2.8705426393221018e-08
20,20,2.0,0.75,1.275810536390079e-07,1.727303451581323e-08
20,20,2.0,0.8,1.282205609982033e-07,8.731308868539628e-09
20,20,2.0,0.85,1.2849147613485883e-07,2.4311195518595823e-09
20,20,2.0,0.9,1.2849213422862101e-07,-2.157672660857234e-09
20,20,2.0,0.95,1.2829719018350892e-07,-5.4544247884365545e-09
20,20,2.0,1.0,1.2796277221266367e-07,-7.783787138506201e-09
20,20,2.0,1.05,1.2753077442924867e-07,-9.393357029690933e-09
20,20,2.0,1.1,1.2703229312068213e-07,-1.0469977177279393e-08
20,20,2.0,1.15,1.2649030737153715e-07,-1.1153577045550678e-08
20,20,2.0,1.2,1.2592173392725485e-07,-1.154837735448333e-08
20,20,2.0,1.25,1.253389833370858e-07,-1.1731690995884707e-08
20,20,2.0,1.3,1.2475112833917345e-07,-1.1760699487816015e-08
20,20,2.0,1.35,1.2416477574630022e-07,-1.1677599940190243e-08
20,20,2.0,1.4,1.2358471421325952e-07,-1.1513477262792063e-08
20,20,2.0,1.45,1.23014393967028e-07,-1.129119772256912e-08
20,20,2.0,1.5,1.224562812737122e-07,-1.1027560778972023e-08
20,20,2.0,1.55,1.2191211991379992e-07,-1.0734893791194446e-08
20,20,2.0,1.6,1.2138312382828177e-07,-1.04222309015369e-08
20,20,2.0,1.65,1.20870118928704e-07,-1.0096182964563955e-08
20,20,2.0,1.7,1.2037364741807398e-07,-9.761578670772608e-09
20,20,2.0,1.75,1.1989404449544702e-07,-9.421936616482e-09
20,20,2.0,1.8,1.1943149473269769e-07,-9.079812676489647e-09
20,20,2.0,1.85,1.1898607349633843e-07,-8.737055507266827e-09
20,20,2.0,1.9,1.185577773711507e-07,-8.39499442309674e-09
20,20,2.0,1.95,1.1814654649739311e-07,-8.0545775195273e-09
20,20,2.0,2.0,1.1775228096336e-07,-7.716473208608045e-09
20,20,2.0,2.05,1.1737485282810484e-07,-7.381144853912787e-09
20,20,2.0,2.1,1.1701411493209772e-07,-7.048905631163513e-09
20,20,2.0,2.15,1.1666990734684471e-07,-6.719958853737167e-09
20,20,2.0,2.2,1.1634206208900259e-07,-6.394427614425628e-09
20,20,2.0,2.25,1.1603040655879656e-07,-6.072376574151568e-09
20,20,2.0,2.3,1.1573476604069725e-07,-5.7538279780560915e-09
20,20,2.0,2.35,1.154549655148238e-07,-5.4387734279457805e-09
20,20,2.0,2.4,1.1519083096171206e-07,-5.1271825348129355e-09
20,20,2.0,2.45,1.1494219029473906e-07,-4.819009277402634e-09
20,20,2.0,2.5,1.1470887401894979e-07,-4.5141966739286755e-09
20,20,2.0,2.55,1.14490715688893e-07,-4.212680213269313e-09
20,20,2.0,2.6,1.1428755221887863e-07,-3.914390373776713e-09
20,20,2.0,2.65,1.1409922408492245e-07,-3.6192544709747394e-09
20,20,2.0,2.7,1.1392557544728597e-07,-3.3271980115940973e-09
20,20,2.0,2.75,1.1376645421485231e-07,-3.0381456844330608e-09
20,20,2.0,2.8,1.1362171206698025e-07,-2.7520220840529025e-09
20,20,2.0,2.85,1.1349120444433667e-07,-2.4687522379230887e-09
20,20,2.0,2.9,1.1337479051717976e-07,-2.1882619889856975e-09
20,20,2.0,2.95,1.1327233313729468e-07,-1.910478271880507e-09
20,20,2.0,3.0,1.1318369877818556e-07,-1.6353293109761122e-09
20,20,2.0,3.05,1.131087574668675e-07,-1.362744760926651e-09
20,20,2.0,3.1,1.130473827097453e-07,-1.0926558050094264e-09
20,20,2.0,3.15,1.1299945141438956e-07,-8.249952224716684e-10
20,20,2.0,3.2,1.1296484380853888e-07,-5.596974331645508e-10
20,20,2.0,3.25,1.1294344335731487e-07,-2.9669852555426334e-10
20,20,2.0,3.3,1.129351366793449e-07,-3.593627259535181e-11
20,20,2.0,3.35,1.1293981346234219e-07,2.2264986122152276e-10
20,20,2.0,3.4,1.129573663784759e-07,4.791187192180793e-10
20,20,2.0,3.45,1.1298769099985255e-07,7.335274564706258e-10
20,20,2.0,3.5,1.1303068571427362e-07,9.859315470349543e-10
20,20,2.0,3.55,1.1308625164140966e-07,1.2363847934689364e-09
20,20,2.0,3.6,1.1315429254950351e-07,1.4849393379438116e-09
20,20,2.0,3.65,1.1323471477264603e-07,1.731645674417586e-09
20,20,2.0,3.7,1.133274271286895e-07,1.976552661476181e-09
20,20,2.0,3.75,1.1343234083780481e-07,2.219707535568564e-09
20,20,2.0,3.8,1.1354936944171263e-07,2.461155924420491e-09
20,20,2.0,3.85,1.1367842872357918e-07,2.7009418604819386e-09
20,20,2.0,3.9,1.1381943662859288e-07,2.9391077942924446e-09
20,20,2.0,3.95,1.1397231318519917e-07,3.1756946076953134e-09
20,20,2.0,4.0,1.1413698042698327e-07,3.4107416268359868e-09
20,20,2.0,4.05,1.143133623152147e-07,3.644286634917075e-09
20,20,2.0,4.1,1.145013846620125e-07,3.876365884673451e-09
20,20,2.0,4.15,1.1470097505412166e-07,4.107014110564495e-09
20,20,2.0,4.2,1.1491206277730394e-07,4.336264540664889e-09
20,20,2.0,4.25,1.1513457874130401e-07,4.5641489082555726e-09
20,20,2.0,4.3,1.1536845540540164e-07,4.790697463120447e-09
20,20,2.0,4.35,1.1561362670450458e-07,5.015938982543057e-09
20,20,2.0,4.4,1.1587002797579589e-07,5.239900782022693e-09
20,20,2.0,4.45,1.1613759588591015e-07,5.462608725707257e-09
20,20,2.0,4.5,1.164162683586149e-07,5.684087236561414e-09
20,20,2.0,4.55,1.1670598450300324e-07,5.9043593062829925e-09
20,20,2.0,4.6,1.1700668454217692e-07,6.1234465049681854e-09
20,20,2.0,4.65,1.1731830974239518e-07,6.3413689905549446e-09
20,20,2.0,4.7,1.1764080234270572e-07,6.55814551804984e-09
20,20,2.0,4.75,1.1797410548502076e-07,6.7737934485514805e-09
20,20,2.0,4.8,1.1831816314464351e-07,6.988328758094835e-09
20,20,2.0,4.85,1.1867292006123389e-07,7.201766046320214e-09
20,20,2.0,4.9,1.1903832167020414e-07,7.414118544995132e-09
20,20,2.0,4.95,1.1941431403452997e-07,7.625398126394768e-09
20,20,2.0,5.0,1.1980084377698606e-07,7.835615311566486e-09
20,20,3.0,0.0,2.547149140735029e-08,4.5058811436301243e-07
20,20,3.0,0.05,5.817315039425196e-08,8.903668177730467e-07
20,20,3.0,0.1,1.1749830617097696e-07,1.5060811426828416e-06
20,20,3.0,0.15,2.1001340208943426e-07,2.193586078667944e-06
20,20,3.0,0.2,3.3534159799417084e-07,2.7911176772568406e-06
20,20,3.0,0.25,4.852906395807299e-07,3.16165772248859e-06
20,20,3.0,0.3,6.467941557405165e-07,3.252411995812076e-06
20,20,3.0,0.35,8.063846789515213e-07,3.0959156949165822e-06
20,20,3.0,0.4,9.53595187117048e-07,2.772121541294367e-06
20,20,3.0,0.45,1.0822588135986547e-06,2.36737100572542e-06
20,20,3.0,0.5,1.1901357255973606e-06,1.949950917392506e-06
20,20,3.0,0.55,1.277775168786411e-06,1.5630666057078182e-06
20,20,3.0,0.6,1.3473155714702154e-06,1.228070924471966e-06
20,20,3.0,0.65,1.4015550078469798e-06,9.511530750066296e-07
20,20,3.0,0.7,1.4433569776123357e-06,7.296679646842252e-07
20,20,3.0,0.75,1.475332087024894e-06,5.567608173463981e-07
20,20,3.0,0.8,1.4997061464588217e-06,4.2425017644724807e-07
20,20,3.0,0.85,1.5182974495904562e-06,3.2419389593171664e-07
20,20,3.0,0.9,1.532549300948655e-06,2.496037099808578e-07
20,20,3.0,0.95,1.5435847683075237e-06,1.9466909428520672e-07
20,20,3.0,1.0,1.55226555162171e-06,1.5472873419100013e-07
20,20,3.0,1.05,1.5592462284743887e-06,1.2613147685067629e-07
20,20,3.0,1.1,1.5650204924698694e-06,1.0606407093722126e-07
20,20,3.0,1.15,1.5699587984545779e-06,9.238380501100493e-08
20,20,3.0,1.2,1.5743381265455694e-06,8.347209432972017e-08
20,20,3.0,1.25,1.578365057958799e-06,7.811352626492357e-08
20,20,3.0,1.3,1.582193425375613e-06,7.539937659183509e-08
20,20,3.0,1.35,1.5859376859368645e-06,7.465238139953949e-08
20,20,3.0,1.4,1.5896829853341092e-06,7.536898061156704e-08
20,20,3.0,1.45,1.5934926952503253e-06,7.717544784798235e-08
20,20,3.0,1.5,1.59741403894201e-06,7.979481865118123e-08
20,20,3.0,1.55,1.6014822794572024e-06,8.302209283413421e-08
20,20,3.0,1.6,1.605723832186771e-06,8.670571234090942e-08
20,20,3.0,1.65,1.6101585750834616e-06,9.073376466622491e-08
20,20,3.0,1.7,1.6148015618434812e-06,9.50237265423559e-08
20,20,3.0,1.75,1.619664291569114e-06,9.951485021800207e-08
20,20,3.0,1.8,1.624755649353602e-06,1.0416251710384094e-07
20,20,3.0,1.85,1.6300826029072022e-06,1.0893405334333618e-07
20,20,3.0,1.9,1.635650718432727e-06,1.1380563027003241e-07
20,20,3.0,1.95,1.6414645426347733e-06,1.187599691931206e-07
20,20,3.0,2.0,1.6475278856107319e-06,1.237846421165353e-07
20,20,3.0,2.05,1.6538440303627942e-06,1.2887081379371638e-07
20,20,3.0,2.1,1.660415887990424e-06,1.340123105317862e-07
20,20,3.0,2.15,1.667246112672384e-06,1.392049308672439e-07
20,20,3.0,2.2,1.6743371868823328e-06,1.4444593526725597e-07
20,20,3.0,2.25,1.681691484568098e-06,1.497336683363661e-07
20,20,3.0,2.3,1.6893113180158446e-06,1.5506727909805383e-07
20,20,3.0,2.35,1.697198972634073e-06,1.6044651387106697e-07
20,20,3.0,2.4,1.7053567327920408e-06,1.6587156288372143e-07
20,20,3.0,2.45,1.7137869010333534e-06,1.7134294667129332e-07
20,20,3.0,2.5,1.7224918123825747e-06,1.7686143192804208e-07
20,20,3.0,2.55,1.7314738450168974e-06,1.8242796916931028e-07
20,20,3.0,2.6,1.7407354282448794e-06,1.880436465446494e-07
20,20,3.0,2.65,1.7502790484899783e-06,1.9370965561243582e-07
20,20,3.0,2.7,1.7601072537950891e-06,1.994272659739366e-07
20,20,3.0,2.75,1.7702226572313359e-06,2.0519780646957513e-07
20,20,3.0,2.8,1.7806279394939762e-06,2.11022651235949e-07
20,20,3.0,2.85,1.7913258508959187e-06,2.1690320936344168e-07
20,20,3.0,2.9,1.8023192129139063e-06,2.2284091722038658e-07
20,20,3.0,2.95,1.813610919402978e-06,2.2883723275215313e-07
20,20,3.0,3.0,1.8252039375639544e-06,2.3489363124206388e-07
20,20,3.0,3.05,1.8371013087276943e-06,2.4101160215415587e-07
20,20,3.0,3.1,1.8493061490022999e-06,2.4719264677588053e-07
20,20,3.0,3.15,1.8618216498180252e-06,2.5343827645162e-07
20,20,3.0,3.2,1.8746510783952665e-06,2.5975001125199825e-07
20,20,3.0,3.25,1.8877977781545722e-06,2.6612937896395164e-07
20,20,3.0,3.3,1.9012651690821439e-06,2.7257791431596714e-07
20,20,3.0,3.35,1.9150567480613636e-06,2.7909715837514964e-07
20,20,3.0,3.4,1.9291760891772002e-06,2.85688658068985e-07
20,20,3.0,3.45,1.943626843999307e-06,2.9235396579659735e-07
20,20,3.0,3.5,1.9584127418471533e-06,2.990946391035458e-07
20,20,3.0,3.55,1.973537590040261e-06,3.0591224040064583e-07
20,20,3.0,3.6,1.989005274135017e-06,3.1280833671226096e-07
20,20,3.0,3.65,2.0048197581494994e-06,3.1978449944333253e-07
20,20,3.0,3.7,2.0209850847768786e-06,3.2684230415692506e-07
20,20,3.0,3.75,2.037505375587888e-06,3.339833303562446e-07
20,20,3.0,3.8,2.054384831222405e-06,3.4120916126647804e-07
20,20,3.0,3.85,2.0716277315699876e-06,3.4852138361303135e-07
20,20,3.0,3.9,2.089238435939245e-06,3.5592158739344533e-07
20,20,3.0,3.95,2.107221383215547e-06,3.63411365641008e-07
20,20,3.0,4.0,2.125581092006779e-06,3.709923141784646e-07
20,20,3.0,4.05,2.144322160776237e-06,3.7866603136056233e-07
20,20,3.0,4.1,2.163449267962761e-06,3.864341178045402e-07
20,20,3.0,4.15,2.1829671720867273e-06,3.94298176107679e-07
20,20,3.0,4.2,2.2028807118417755e-06,4.022598105513811e-07
20,20,3.0,4.25,2.223194806171226e-06,4.103206267911127e-07
20,20,3.0,4.3,2.2439144543288554e-06,4.184822315319266e-07
20,20,3.0,4.35,2.2650447359228247e-06,4.2674623218908774e-07
20,20,3.0,4.4,2.2865908109425467e-06,4.351142365334745e-07
20,20,3.0,4.45,2.3085579197671147e-06,4.43587852321459e-07
20,20,3.0,4.5,2.3309513831551304e-06,4.521686869090714e-07
20,20,3.0,4.55,2.3537766022145914e-06,4.6085834685013123e-07
20,20,3.0,4.6,2.3770390583525083e-06,4.696584374781992e-07
20,20,3.0,4.65,2.4007443132030044e-06,4.785705624720276e-07
20,20,3.0,4.7,2.4248980085334455e-06,4.875963234045654e-07
20,20,3.0,4.75,2.4495058661274707e-06,4.967373192750018e-07
20,20,3.0,4.8,2.474573687644242e-06,5.059951460240761e-07
20,20,3.0,4.85,2.500107354453125e-06,5.153713960321919e-07
20,20,3.0,4.9,2.5261128274427038e-06,5.248676576003804e-07
20,20,3.0,4.95,2.5525961468034507e-06,5.344855144139382e-07
20,20,3.0,5.0,2.5795634317832893e-06,5.442265449886155e-07
20,20,4.0,0.0,1.7418447063717624e-08,3.475097795280889e-07
20,20,4.0,0.05,4.5099576171632e-08,8.122008147189867e-07
20,20,4.0,0.1,1.0474404561989311e-07,1.6394935757424022e-06
20,20,4.0,0.15,2.1528361578208587e-07,2.8340714159743546e-06
20,20,4.0,0.2,3.9134185161447e-07,4.215172097578356e-06
20,20,4.0,0.25,6.346721982349371e-07,5.46954337012724e-06
20,20,4.0,0.3,9.312855797470742e-07,6.308986520085206e-06
20,20,4.0,0.35,1.2563389982901157e-06,6.600675605319796e-06
20,20,4.0,0.4,1.5828462783005549e-06,6.385532237497106e-06
20,20,4.0,0.45,1.8888878767725797e-06,5.810774181248084e-06
20,20,4.0,0.5,2.160797042948058e-06,5.047274451272433e-06
20,20,4.0,0.55,2.392849354294376e-06,4.236124913665891e-06
20,20,4.0,0.6,2.5851898528879674e-06,3.4702916524845853e-06
20,20,4.0,0.65,2.7414642369916962e-06,2.7985444640941256e-06
20,20,4.0,0.7,2.866905931303382e-06,2.237869270415416e-06
20,20,4.0,0.75,2.9670707507770726e-06,1.7860620148924504e-06
20,20,4.0,0.8,3.047130937323074e-06,1.43127672177125e-06
20,20,4.0,0.85,3.1115594301829667e-06,1.158156495197958e-06
20,20,4.0,0.9,3.1640496109512e-06,9.512745348145364e-07
20,20,4.0,0.95,3.2075588835599426e-06,7.967873155017762e-07
20,20,4.0,1.0,3.244405936675929e-06,6.830304894208554e-07
20,20,4.0,1.05,3.27638215322282e-06,6.005535256856929e-07
20,20,4.0,1.1,3.3048573354991064e-06,5.418951280733176e-07
20,20,4.0,1.15,3.330871437004325e-06,5.012679690038199e-07
20,20,4.0,1.2,3.3552101715189883e-06,4.742385350236657e-07
20,20,4.0,1.25,3.3784653555328605e-06,4.574403659587944e-07
20,20,4.0,1.3,3.4010820483655464e-06,4.4833353173645257e-07
20,20,4.0,1.35,3.4233948436054923e-06,4.450106545320854e-07
20,20,4.0,1.4,3.445655524274499e-06,4.460443634182698e-07
20,20,4.0,1.45,3.4680539848484228e-06,4.5036934426371103e-07
20,20,4.0,1.5,3.4907339779057575e-06,4.5719219741812146e-07
20,20,4.0,1.55,3.513804921918596e-06,4.659231096230833e-07
20,20,4.0,1.6,3.5373507321425482e-06,4.761243618166663e-07
20,20,4.0,1.65,3.5614364128092314e-06,4.874716857051221e-07
20,20,4.0,1.7,3.586112971764704e-06,4.997253494250239e-07
20,20,4.0,1.75,3.6114210812563206e-06,5.127085691191334e-07
20,20,4.0,1.8,3.637393803273971e-06,5.262914149458964e-07
20,20,4.0,1.85,3.66405861790645e-06,5.403788261897767e-07
20,20,4.0,1.9,3.691438932867147e-06,5.549016931737708e-07
20,20,4.0,1.95,3.7195552070563973e-06,5.698102247431238e-07
20,20,4.0,2.0,3.7484257871299514e-06,5.850690173561408e-07
20,20,4.0,2.05,3.7780675307296228e-06,6.006533901212811e-07
20,20,4.0,2.1,3.808496271161771e-06,6.165466612086212e-07
20,20,4.0,2.15,3.8397271642542426e-06,6.327381240609069e-07
20,20,4.0,2.2,3.8717749476698555e-06,6.492215437256006e-07
20,20,4.0,2.25,3.904654135177124e-06,6.659940397258368e-07
20,20,4.0,2.3,3.938379162600427e-06,6.830552561891962e-07
20,20,4.0,2.35,3.9729644978779905e-06,7.004067454584916e-07
20,20,4.0,2.4,4.008424724462252e-06,7.18051510367098e-07
20,20,4.0,2.45,4.044774604928192e-06,7.359936644485998e-07
20,20,4.0,2.5,4.082029129891903e-06,7.542381798167284e-07
20,20,4.0,2.55,4.1202035560333525e-06,7.727907002277701e-07
20,20,4.0,2.6,4.159313436043373e-06,7.916574026126879e-07
20,20,4.0,2.65,4.199374642592974e-06,8.10844894659024e-07
20,20,4.0,2.7,4.240403387885573e-06,8.303601392097234e-07
20,20,4.0,2.75,4.282416239951861e-06,8.502103986155677e-07
20,20,4.0,2.8,4.3254301365524105e-06,8.704031939385082e-07
20,20,4.0,2.85,4.369462397330045e-06,8.909462752108035e-07
20,20,4.0,2.9,4.414530734691166e-06,9.118475999278624e-07
20,20,4.0,2.95,4.460653263772838e-06,9.331153176757199e-07
20,20,4.0,3.0,4.507848511760748e-06,9.54757759331089e-07
20,20,4.0,3.05,4.55613542675691e-06,9.767834296717349e-07
20,20,4.0,3.1,4.605533386344416e-06,9.992010025326873e-07
20,20,4.0,3.15,4.656062205959983e-06,1.0220193178640179e-06
20,20,4.0,3.2,4.707742147156579e-06,1.0452473802110824e-06
20,20,4.0,3.25,4.760593925818128e-06,1.068894358260476e-06
20,20,4.0,3.3,4.8146387203720316e-06,1.0929695851851665e-06
20,20,4.0,3.35,4.869898180035325e-06,1.117482559591579e-06
20,20,4.0,3.4,4.926394433119576e-06,1.1424429469202786e-06
20,20,4.0,3.45,4.984150095414942e-06,1.1678605811903958e-06
20,20,4.0,3.5,5.0431882786683694e-06,1.1937454670056546e-06
20,20,4.0,3.55,5.1035325991672065e-06,1.2201077817608217e-06
20,20,4.0,3.6,5.1652071864372085e-06,1.2469578780024744e-06
20,20,4.0,3.65,5.228236692061814e-06,1.274306285910041e-06
20,20,4.0,3.7,5.29264629862753e-06,1.3021637158712481e-06
20,20,4.0,3.75,5.358461728800798e-06,1.3305410611330936e-06
20,20,4.0,3.8,5.425709254538185e-06,1.3594494005133152e-06
20,20,4.0,3.85,5.494415706433771e-06,1.3889000011617814e-06
20,20,4.0,3.9,5.5646084832058066e-06,1.4189043213635226e-06
20,20,4.0,3.95,5.636315561324259e-06,1.4494740133767138e-06
20,20,4.0,4.0,5.709565504781052e-06,1.4806209263011356e-06
20,20,4.0,4.05,5.784387475004278e-06,1.5123571089730236e-06
20,20,4.0,4.1,5.860811240918111e-06,1.5446948128835477e-06
20,20,4.0,4.15,5.938867189148856e-06,1.57764649511827e-06
20,20,4.0,4.2,6.018586334378499e-06,1.61122482131591e-06
20,20,4.0,4.25,6.100000329846791e-06,1.645442668644466e-06
20,20,4.0,4.3,6.18314147800242e-06,1.6803131287936474e-06
20,20,4.0,4.35,6.268042741304264e-06,1.7158495109821004e-06
20,20,4.0,4.4,6.354737753173234e-06,1.7520653449784387e-06
20,20,4.0,4.45,6.4432608290955215e-06,1.7889743841348713e-06
20,20,4.0,4.5,6.533646977878131e-06,1.8265906084329696e-06
20,20,4.0,4.55,6.625931913056352e-06,1.8649282275399212e-06
20,20,4.0,4.6,6.720152064454889e-06,1.9040016838749247e-06
20,20,4.0,4.65,6.816344589902343e-06,1.943825655684455e-06
20,20,4.0,4.7,6.914547387099448e-06,1.9844150601258352e-06
20,20,4.0,4.75,7.014799105641954e-06,2.0257850563578097e-06
20,20,4.0,4.8,7.117139159198122e-06,2.0679510486374124e-06
20,20,4.0,4.85,7.22160773784112e-06,2.110928689422287e-06
20,20,4.0,4.9,7.328245820536835e-06,2.1547338824772753e-06
20,20,4.0,4.95,7.437095187786704e-06,2.1993827859842004e-06
20,20,4.0,5.0,7.548198434426514e-06,2.244891815654184e-06
20,20,5.0,0.0,3.793137687144102e-09,8.082536437660815e-08
20,20,5.0,0.05,1.0733310217348053e-08,2.163511484947885e-07
20,20,5.0,0.1,2.8126934387097835e-08,5.141256452677997e-07
20,20,5.0,0.15,6.627210343844345e-08,1.057248296576219e-06
20,20,5.0,0.2,1.38296842952984e-07,1.8624762487592098e-06
20,20,5.0,0.25,2.5512901052111997e-07,2.820489762858524e-06
20,20,5.0,0.3,4.193745117397458e-07,3.720372018315448e-06
20,20,5.0,0.35,6.226687067785383e-07,4.354090854735879e-06
20,20,5.0,0.4,8.484732066866177e-07,4.613549822058079e-06
20,20,5.0,0.45,1.0779812792724408e-06,4.513208237913074e-06
20,20,5.0,0.5,1.2953742549919638e-06,4.148354920952919e-06
20,20,5.0,0.55,1.4903900864102121e-06,3.6372246323036673e-06
20,20,5.0,0.6,1.6583637322361467e-06,3.080966378105602e-06
20,20,5.0,0.65,1.7988968287443691e-06,2.5482488287394984e-06
20,20,5.0,0.7,1.914217798427466e-06,2.076512201868668e-06
20,20,5.0,0.75,2.007811307500409e-06,1.6801034763117671e-06
20,20,5.0,0.8,2.0834884303385423e-06,1.3590742045462808e-06
20,20,5.0,0.85,2.1448536789683356e-06,1.1060525323570626e-06
20,20,5.0,0.9,2.195055798638578e-06,9.107518846425151e-07
20,20,5.0,0.95,2.236713374678411e-06,7.625563913300912e-07
20,20,5.0,1.0,2.271934616233282e-06,6.518014267893517e-07
20,20,5.0,1.05,2.3023797036240337e-06,5.702689464259847e-07
20,20,5.0,1.1,2.3293360927570695e-06,5.112578109956866e-07
20,20,5.0,1.15,2.3537915835410977e-06,4.6945185870871117e-07
20,20,5.0,1.2,2.376498514228834e-06,4.4071189817204063e-07
20,20,5.0,1.25,2.39802710568542e-06,4.2185705550222956e-07
20,20,5.0,1.3,2.418808283503129e-06,4.1046558619526764e-07
20,20,5.0,1.35,2.4391672806138356e-06,4.0470608977994606e-07
20,20,5.0,1.4,2.4593495998893333e-06,4.0320043928134466e-07
20,20,5.0,1.45,2.4795408583840044e-06,4.0491543572028734e-07
20,20,5.0,1.5,2.4998818398441266e-06,4.0907869839830067e-07
20,20,5.0,1.55,2.520479850717175e-06,4.15114173715127e-07
20,20,5.0,1.6,2.5414172543006226e-06,4.2259311380695875e-07
20,20,5.0,1.65,2.562757866581452e-06,4.3119704279856547e-07
20,20,5.0,1.7,2.58455174024293e-06,4.406899019746977e-07
20,20,5.0,1.75,2.6068387382601783e-06,4.5089716480514333e-07
20,20,5.0,1.8,2.6296512009881423e-06,4.6169021322070717e-07
20,20,5.0,1.85,2.653015935658673e-06,4.729746686858276e-07
20,20,5.0,1.9,2.6769557000993343e-06,4.846816870802753e-07
20,20,5.0,1.95,2.7014903092929326e-06,4.967614699392812e-07
20,20,5.0,2.0,2.726637460887035e-06,5.091784305617537e-07
20,20,5.0,2.05,2.7524133513739434e-06,5.219075944059697e-07
20,20,5.0,2.1,2.7788331364143667e-06,5.349319193887504e-07
20,20,5.0,2.15,2.8059112751475824e-06,5.482403014317211e-07
20,20,5.0,2.2,2.8336617881619865e-06,5.61826090287272e-07
20,20,5.0,2.25,2.8620984512211146e-06,5.756859852772151e-07
20,20,5.0,2.3,2.891234941194619e-06,5.898192138561113e-07
20,20,5.0,2.35,2.9210849464395564e-06,6.042269207177647e-07
20,20,5.0,2.4,2.9516622507477638e-06,6.189117136420601e-07
20,20,5.0,2.45,2.98298079764637e-06,6.338773260385604e-07
20,20,5.0,2.5,3.015054740104351e-06,6.491283663837617e-07
20,20,5.0,2.55,3.0478984794080494e-06,6.646701323714712e-07
20,20,5.0,2.6,3.0815266960084774e-06,6.805084732668456e-07
20,20,5.0,2.65,3.1159543744279695e-06,6.966496881754198e-07
20,20,5.0,2.7,3.1511968237825128e-06,7.131004510789564e-07
20,20,5.0,2.75,3.1872696950786206e-06,7.298677558274543e-07
20,20,5.0,2.8,3.2241889961505083e-06,7.469588760158649e-07
20,20,5.0,2.85,3.261971104882217e-06,7.643813359692365e-07
20,20,5.0,2.9,3.3006327811963617e-06,7.821428900236312e-07
20,20,5.0,2.95,3.3401911781694284e-06,8.002515080078438e-07
20,20,5.0,3.0,3.38066385254287e-06,8.1871536536554e-07
20,20,5.0,3.05,3.422068774831394e-06,8.375428367551127e-07
20,20,5.0,3.1,3.4644243391795207e-06,8.56742492261207e-07
20,20,5.0,3.15,3.507749373080307e-06,8.763230955726165e-07
20,20,5.0,3.2,3.55206314704173e-06,8.962936036456886e-07
20,20,5.0,3.25,3.5973853842658184e-06,9.166631674952945e-07
20,20,5.0,3.3,3.64373627038963e-06,9.374411338465005e-07
20,20,5.0,3.35,3.6911364633263926e-06,9.586370474482685e-07
20,20,5.0,3.4,3.7396071032353004e-06,9.802606539014775e-07
20,20,5.0,3.45,3.7891698226435037e-06,1.0023219028913473e-06
20,20,5.0,3.5,3.83984675673797e-06,1.0248309517423935e-06
20,20,5.0,3.55,3.8916605538420565e-06,1.0477981692355793e-06
20,20,5.0,3.6,3.944634386088045e-06,1.0712341396425125e-06
20,20,5.0,3.65,3.998791960296744e-06,1.0951496669438309e-06
20,20,5.0,3.7,4.0541575290715155e-06,1.1195557792072156e-06
20,20,5.0,3.75,4.1107559021151524e-06,1.1444637331072283e-06
20,20,5.0,3.8,4.168612457776089e-06,1.169885018574406e-06
20,20,5.0,3.85,4.227753154829691e-06,1.195831363563664e-06
20,20,5.0,3.9,4.288204544501145e-06,1.2223147389362183e-06
20,20,5.0,3.95,4.349993782735143e-06,1.2493473634501646e-06
20,20,5.0,4.0,4.413148642717593e-06,1.2769417088568696e-06
20,20,5.0,4.05,4.477697527655053e-06,1.3051105051013931e-06
20,20,5.0,4.1,4.543669483816352e-06,1.3338667456260287e-06
20,20,5.0,4.15,4.611094213842302e-06,1.3632236927768443e-06
20,20,5.0,4.2,4.6800020903282454e-06,1.3931948833133895e-06
20,20,5.0,4.25,4.750424169684463e-06,1.4237941340219358e-06
20,20,5.0,4.3,4.822392206280159e-06,1.455035547433637e-06
20,20,5.0,4.35,4.8959386668759315e-06,1.486933517648592e-06
20,20,5.0,4.4,4.971096745349765e-06,1.5195027362666834e-06
20,20,5.0,4.45,5.0479003777229515e-06,1.5527581984272866e-06
20,20,5.0,4.5,5.126384257489861e-06,1.5867152089589731e-06
20,20,5.0,4.55,5.20658385125889e-06,1.6213893886409224e-06
20,20,5.0,4.6,5.28853541470887e-06,1.6567966805779788e-06
20,20,5.0,4.65,5.372276008866649e-06,1.6929533566904453e-06
20,20,5.0,4.7,5.457843516713118e-06,1.729876024321318e-06
20,20,5.0,4.75,5.545276660121735e-06,1.7675816329622816e-06
20,20,5.0,4.8,5.634615017136564e-06,1.8060874811000909e-06
20,20,5.0,4.85,5.72589903959586e-06,1.8454112231861066e-06
20,20,5.0,4.9,5.8191700711071205e-06,1.8855708767299067e-06
20,20,5.0,4.95,5.914470365379799e-06,1.9265848295198087e-06
20,20,5.0,5.0,6.011843104922844e-06,1.9684718469718585e-06
40,5,0.0,0.0,5.966284456530502e-12,4.5515683656005457e-11
40,5,0.0,0.05,8.349901709622743e-12,4.901833722398552e-11
40,5,0.0,0.1,1.0788938193246503e-11,4.781567644756555e-11
40,5,0.0,0.15,1.3069898985717531e-11,4.2935906124620825e-11
40,5,0.0,0.2,1.5047404067320278e-11,3.594309742876935e-11
40,5,0.0,0.25,1.6653320227857213e-11,2.8281510830246274e-11
40,5,0.0,0.3,1.78815848634613e-11,2.096595534014947e-11
40,5,0.0,0.35,1.8765167006745e-11,1.4553719894298253e-11
40,5,0.0,0.4,1.935557354401308e-11,9.251329210614377e-12
40,5,0.0,0.45,1.9708658743256147e-11,5.0469200179759034e-12
40,5,0.0,0.5,1.9876536806271503e-11,1.8175657414206021e-12
40,5,0.0,0.55,1.9903943872577085e-11,-6.000107945184416e-13
40,5,0.0,0.6,1.9827324270422342e-11,-2.369617519048294e-12
40,5,0.0,0.65,1.967534220826551e-11,-3.636771394965076e-12
40,5,0.0,0.7,1.9469993883578964e-11,-4.522288345264159e-12
40,5,0.0,0.75,1.9227858967459118e-11,-5.122342768391984e-12
40,5,0.0,0.8,1.896126645534594e-11,-5.5113899732649135e-12
40,5,0.0,0.85,1.8679286467800048e-11,-5.745976776301407e-12
40,5,0.0,0.9,1.8388530951306597e-11,-5.8684711644692454e-12
40,5,0.0,0.95,1.8093779077645463e-11,-5.910308243673738e-12
40,5,0.0,1.0,1.7798455090964747e-11,-5.894642969796712e-12
40,5,0.0,1.05,1.750498793318485e-11,-5.8384370473055636e-12
40,5,0.0,1.1,1.7215079034892755e-11,-5.754060665832054e-12
40,5,0.0,1.15,1.6929900216131173e-11,-5.65050155800139e-12
40,5,0.0,1.2,1.6650239138184258e-11,-5.534267178773336e-12
40,5,0.0,1.25,1.6376605778694782e-11,-5.410052448844101e-12
40,5,0.0,1.3,1.6109310142192214e-11,-5.281231129508148e-12
40,5,0.0,1.35,1.584851884755831e-11,-5.15021591445867e-12
40,5,0.0,1.4,1.559429625917996e-11,-5.018721525445106e-12
40,5,0.0,1.45,1.534663433741841e-11,-4.887956523096787e-12
40,5,0.0,1.5,1.510547427133865e-11,-4.758762926884495e-12
40,5,0.0,1.55,1.4870722133165108e-11,-4.631717727275947e-12
40,5,0.0,1.6,1.464226018804901e-11,-4.507206626913129e-12
40,5,0.0,1.65,1.4419955048794877e-11,-4.3854775716886965e-12
40,5,0.0,1.7,1.4203663540875742e-11,-4.266679588456976e-12
40,5,0.0,1.75,1.3993236906640314e-11,-4.1508909475314665e-12
40,5,0.0,1.8,1.3788523805524682e-11,-4.03813957298412e-12
40,5,0.0,1.85,1.3589372441940632e-11,-3.9284178252465094e-12
40,5,0.0,1.9,1.339563206159391e-11,-3.82169319923041e-12
40,5,0.0,1.95,1.3207153990948939e-11,-3.717916058499291e-12
40,5,0.0,2.0,1.3023792346618415e-11,-3.6170252189156973e-12
40,5,0.0,2.05,1.2845404506656834e-11,-3.5189519721648086e-12
40,5,0.0,2.1,1.2671851410480504e-11,-3.4236229776556347e-12
40,5,0.0,2.15,1.2502997735806019e-11,-3.3309623337885794e-12
40,5,0.0,2.2,1.2338711987693754e-11,-3.240893054303472e-12
40,5,0.0,2.25,1.2178866525130586e-11,-3.1533381135321357e-12
40,5,0.0,2.3,1.202333754357326e-11,-3.0682211794673455e-12
40,5,0.0,2.35,1.1872005026790421e-11,-2.985467120961904e-12
40,5,0.0,2.4,1.1724752677645573e-11,-2.9050023517140426e-12
40,5,0.0,2.45,1.158146783478466e-11,-2.8267550565168842e-12
40,5,0.0,2.5,1.1442041380246354e-11,-2.750655332783266e-12
40,5,0.0,2.55,1.1306367641598982e-11,-2.6766352713003506e-12
40,5,0.0,2.6,1.1174344291186563e-11,-2.604628993595867e-12
40,5,0.0,2.65,1.1045872244320027e-11,-2.5345726585210174e-12
40,5,0.0,2.7,1.0920855557712944e-11,-2.466404447186532e-12
40,5,0.0,2.75,1.0799201329069192e-11,-2.4000645328700714e-12
40,5,0.0,2.8,1.0680819598448917e-11,-2.3354950406810077e-12
40,5,0.0,2.85,1.0565623251831813e-11,-2.2726400004394953e-12
40,5,0.0,2.9,1.0453527927153612e-11,-2.2114452952619623e-12
40,5,0.0,2.95,1.0344451922982043e-11,-2.151858607641164e-12
40,5,0.0,3.0,1.0238316109923063e-11,-2.093829364301389e-12
40,5,0.0,3.05,1.0135043844796474e-11,-2.0373086807386806e-12
40,5,0.0,3.1,1.003456088757794e-11,-1.9822493060869697e-12
40,5,0.0,3.15,9.93679532107992e-12,-1.9286055687580948e-12
40,5,0.0,3.2,9.8416774733253e-12,-1.8763333231608575e-12
40,5,0.0,3.25,9.749139842552277e-12,-1.8253898977029603e-12
40,5,0.0,3.3,9.65911702478574e-12,-1.7757340442077787e-12
40,5,0.0,3.35,9.571545643899992e-12,-1.7273258888216732e-12
40,5,0.0,3.4,9.486364284098032e-12,-1.68012688445302e-12
40,5,0.0,3.45,9.403513424730216e-12,-1.6340997647546406e-12
40,5,0.0,3.5,9.322935377375602e-12,-1.5892084996441179e-12
40,5,0.0,3.55,9.244574225108902e-12,-1.5454182523411018e-12
40,5,0.0,3.6,9.168375763878191e-12,-1.5026953378934247e-12
40,5,0.0,3.65,9.09428744592052e-12,-1.4610071831566881e-12
40,5,0.0,3.7,9.022258325141878e-12,-1.4203222881877488e-12
40,5,0.0,3.75,8.952239004393942e-12,-1.3806101890110185e-12
40,5,0.0,3.8,8.884181584578946e-12,-1.3418414217144126e-12
40,5,0.0,3.85,8.818039615516676e-12,-1.303987487831493e-12
40,5,0.0,3.9,8.753768048512049e-12,-1.2670208209667227e-12
40,5,0.0,3.95,8.691323190560734e-12,-1.230914754620856e-12
40,5,0.0,4.0,8.630662660134329e-12,-1.1956434911744501e-12
40,5,0.0,4.05,8.571745344488935e-12,-1.161182071988617e-12
40,5,0.0,4.1,8.514531358440472e-12,-1.127506348582663e-12
40,5,0.0,4.15,8.45898200455587e-12,-1.094592954849841e-12
40,5,0.0,4.2,8.405059734708198e-12,-1.0624192802739204e-12
40,5,0.0,4.25,8.35272811294652e-12,-1.0309634441095873e-12
40,5,0.0,4.3,8.301951779632983e-12,-1.0002042704919506e-12
40,5,0.0,4.35,8.252696416803172e-12,-9.701212644407093e-13
40,5,0.0,4.4,8.20492871470289e-12,-9.40694588726544e-13
40,5,0.0,4.45,8.15861633946229e-12,-9.119050415678186e-13
40,5,0.0,4.5,8.113727901863715e-12,-8.837340351271112e-13
40,5,0.0,4.55,8.070232927166443e-12,-8.561635747782285e-13
40,5,0.0,4.6,8.028101825948842e-12,-8.291762391153705e-13
40,5,0.0,4.65,7.987305865931927e-12,-8.027551606769253e-13
40,5,0.0,4.7,7.947817144749905e-12,-7.768840073578057e-13
40,5,0.0,4.75,7.909608563633192e-12,-7.51546964484988e-13
40,5,0.0,4.8,7.872653801971367e-12,-7.267287175313721e-13
40,5,0.0,4.85,7.836927292725219e-12,-7.024144354454695e-13
40,5,0.0,4.9,7.802404198657552e-12,-6.785897545729556e-13
40,5,0.0,4.95,7.769060389353132e-12,-6.55240763149429e-13
40,5,0.0,5.0,7.736872419000306e-12,-6.323539863428348e-13
40,5,1.0,0.0,2.7257031357745534e-10,2.726502126651645e-09
40,5,1.0,0.05,4.2584204886864066e-10,3.3613466378635196e-09
40,5,1.0,0.1,6.03360287103597e-10,3.6797251234877668e-09
40,5,1.0,0.15,7.878534428748208e-10,3.6440434063574745e-09
40,5,1.0,0.2,9.629287844428576e-10,3.319771124112962e-09
40,5,1.0,0.25,1.1169138182346054e-09,2.820270446719781e-09
40,5,1.0,0.3,1.2438875019705348e-09,2.2555867074882322e-09
40,5,1.0,0.35,1.3427437950332224e-09,1.7059985605881625e-09
40,5,1.0,0.4,1.4155223188478082e-09,1.2175919849087764e-09
40,5,1.0,0.45,1.4658463794230544e-09,8.092127402893421e-10
40,5,1.0,0.5,1.4978046233074557e-09,4.821977149582714e-10
40,5,1.0,0.55,1.5152919195742455e-09,2.286156950071562e-10
40,5,1.0,0.6,1.5216967105089986e-09,3.685644333601246e-11
40,5,1.0,0.65,1.5198063603502035e-09,-1.0513292066648331e-10
40,5,1.0,0.7,1.5118301715828697e-09,-2.0825697006709035e-10
40,5,1.0,0.75,1.4994747182656507e-09,-2.816766152844149e-10
40,5,1.0,0.8,1.4840340999569355e-09,-3.32746467960673e-10
40,5,1.0,0.85,1.466476291970355e-09,-3.671979400171148e-10
40,5,1.0,0.9,1.4475177362295632e-09,-3.894076695869127e-10
40,5,1.0,0.95,1.427684177310887e-09,-4.026704456641071e-10
40,5,1.0,1.0,1.4073585360425623e-09,-4.0944141683821574e-10
40,5,1.0,1.05,1.3868177032767952e-09,-4.115364638129297e-10
40,5,1.0,1.1,1.3662603650969845e-09,-4.102911865997083e-10
40,5,1.0,1.15,1.345827809082796e-09,-4.0668372461413036e-10
40,5,1.0,1.2,1.3256193576674395e-09,-4.014279505739096e-10
40,5,1.0,1.25,1.3057037500902782e-09,-3.950433149145026e-10
40,5,1.0,1.3,1.2861275013025202e-09,-3.879067376330482e-10
40,5,1.0,1.35,1.266921021837853e-09,-3.8029092424569226e-10
40,5,1.0,1.4,1.2481030880994777e-09,-3.723925323421158e-10
40,5,1.0,1.45,1.229684101958688e-09,-3.6435281110287324e-10
40,5,1.0,1.5,1.2116684642275253e-09,-3.5627269034945547e-10
40,5,1.0,1.55,1.1940563008488231e-09,-3.482237933293359e-10
40,5,1.0,1.6,1.1768447169527125e-09,-3.4025646464973346e-10
40,5,1.0,1.65,1.1600287068974873e-09,-3.3240561714345353e-10
40,5,1.0,1.7,1.1436018138414487e-09,-3.2469498740299454e-10
40,5,1.0,1.75,1.1275566070612247e-09,-3.1714023150790315e-10
40,5,1.0,1.8,1.1118850267155302e-09,-3.097511760950492e-10
40,5,1.0,1.85,1.0965786322383506e-09,-3.0253345461330095e-10
40,5,1.0,1.9,1.0816287806953856e-09,-2.954896962253544e-10
40,5,1.0,1.95,1.067026754261754e-09,-2.886203892864336e-10
40,5,1.0,2.0,1.0527638507565524e-09,-2.819245081362235e-10
40,5,1.0,2.05,1.0388314473689724e-09,-2.7539996776302773e-10
40,5,1.0,2.1,1.0252210449463918e-09,-2.690439533004995e-10
40,5,1.0,2.15,1.0119242982035623e-09,-2.6285315851206776e-10
40,5,1.0,2.2,9.989330357495443e-10,-2.5682395810364916e-10
40,5,1.0,2.25,9.862392727655813e-10,-2.5095253193079914e-10
40,5,1.0,2.3,9.738352183930977e-10,-2.45234954239829e-10
40,5,1.0,2.35,9.617132793286275e-10,-2.3966725749967864e-10
40,5,1.0,2.4,9.498660607132493e-10,-2.3424547777596995e-10
40,5,1.0,2.45,9.38286365106089e-10,-2.2896568670367458e-10
40,5,1.0,2.5,9.269671901153553e-10,-2.2382401373680342e-10
40,5,1.0,2.55,9.159017251024817e-10,-2.18816661350917e-10
40,5,1.0,2.6,9.050833472605146e-10,-2.1393991514517562e-10
40,5,1.0,2.65,8.945056172845795e-10,-2.0919015025993884e-10
40,5,1.0,2.7,8.84162274791392e-10,-2.0456383514003153e-10
40,5,1.0,2.75,8.740472336009046e-10,-2.0005753339273966e-10
40,5,1.0,2.8,8.641545769610387e-10,-1.9566790428533395e-10
40,5,1.0,2.85,8.544785527729842e-10,-1.9139170227789359e-10
40,5,1.0,2.9,8.450135688578171e-10,-1.8722577587909502e-10
40,5,1.0,2.95,8.357541882928146e-10,-1.8316706603369768e-10
40,5,1.0,3.0,8.266951248368057e-10,-1.7921260419302663e-10
40,5,1.0,3.05,8.17831238457591e-10,-1.7535951017800065e-10
40,5,1.0,3.1,8.091575309696992e-10,-1.7160498991388983e-10
40,5,1.0,3.15,8.006691417873592e-10,-1.6794633309370146e-10
40,5,1.0,3.2,7.923613437952675e-10,-1.6438091081112395e-10
40,5,1.0,3.25,7.842295393377864e-10,-1.6090617319215623e-10
40,5,1.0,3.3,7.76269256326146e-10,-1.5751964704598349e-10
40,5,1.0,3.35,7.684761444624022e-10,-1.5421893354959985e-10
40,5,1.0,3.4,7.60845971577958e-10,-1.510017059759772e-10
40,5,1.0,3.45,7.533746200845781e-10,-1.4786570747252482e-10
40,5,1.0,3.5,7.460580835350646e-10,-1.4480874889404402e-10
40,5,1.0,3.55,7.388924632908596e-10,-1.4182870669275252e-10
40,5,1.0,3.6,7.318739652937265e-10,-1.3892352086675194e-10
40,5,1.0,3.65,7.249988969385257e-10,-1.3609119296735806e-10
40,5,1.0,3.7,7.18263664044121e-10,-1.3332978416510323e-10
40,5,1.0,3.75,7.116647679195623e-10,-1.3063741337385015e-10
40,5,1.0,3.8,7.051988025226627e-10,-1.280122554320098e-10
40,5,1.0,3.85,6.988624517079994e-10,-1.254525393397893e-10
40,5,1.0,3.9,6.926524865618395e-10,-1.229565465511489e-10
40,5,1.0,3.95,6.8656576282094e-10,-1.205226093190698e-10
40,5,1.0,4.0,6.805992183729637e-10,-1.1814910909281884e-10
40,5,1.0,4.05,6.747498708356382e-10,-1.1583447496558955e-10
40,5,1.0,4.1,6.690148152123502e-10,-1.1357718217122601e-10
40,5,1.0,4.15,6.633912216216978e-10,-1.1137575062846905e-10
40,5,1.0,4.2,6.578763330986871e-10,-1.0922874353135496e-10
40,5,1.0,4.25,6.524674634652736e-10,-1.0713476598431547e-10
40,5,1.0,4.3,6.471619952680367e-10,-1.0509246368064367e-10
40,5,1.0,4.35,6.419573777809258e-10,-1.0310052162293873e-10
40,5,1.0,4.4,6.368511250709081e-10,-1.0115766288423707e-10
40,5,1.0,4.45,6.318408141246161e-10,-9.926264740854258e-11
40,5,1.0,4.5,6.269240830339871e-10,-9.741427084953287e-11
40,5,1.0,4.55,6.220986292390084e-10,-9.561136344619592e-11
40,5,1.0,4.6,6.173622078258638e-10,-9.38527889342618e-11
40,5,1.0,4.65,6.127126298785392e-10,-9.21374434922715e-11
40,5,1.0,4.7,6.081477608823619e-10,-9.046425472118516e-11
40,5,1.0,4.75,6.036655191776944e-10,-8.883218065646868e-11
40,5,1.0,4.8,5.99263874462249e-10,-8.724020881161275e-11
40,5,1.0,4.85,5.949408463404687e-10,-8.568735525208002e-11
40,5,1.0,4.9,5.906945029184827e-10,-8.417266369872568e-11
40,5,1.0,4.95,5.865229594431069e-10,-8.269520465972844e-11
40,5,1.0,5.0,5.824243769836488e-10,-8.125407459012499e-11
40,5,2.0,0.0,2.3869142727713963e-08,3.0571277670505113e-07
40,5,2.0,0.05,4.262879436728425e-08,4.4424755330142095e-07
40,5,2.0,0.1,6.79541923286411e-08,5.626068581697791e-07
40,5,2.0,0.15,9.8068866087608e-08,6.323880202924022e-07
40,5,2.0,0.2,1.3019945199770945e-07,6.431937371720998e-07
40,5,2.0,0.25,1.6152775521732314e-07,6.026965620845569e-07
40,5,2.0,0.3,1.899051887506987e-07,5.283801951522342e-07
40,5,2.0,0.35,2.1411273815471621e-07,4.3872763372313733e-07
40,5,2.0,0.4,2.3376455032000808e-07,3.480790066351457e-07
40,5,2.0,0.45,2.4905391299029806e-07,2.652681394152926e-07
40,5,2.0,0.5,2.6049277247409844e-07,1.9443638385875548e-07
40,5,2.0,0.55,2.687140963118279e-07,1.3653897581351648e-07
40,5,2.0,0.6,2.7434855164169353e-07,9.072894578590069e-08
40,5,2.0,0.65,2.779608796765852e-07,5.5346345673417106e-08
40,5,2.0,0.7,2.8002572693179353e-07,2.85204071281078e-08
40,5,2.0,0.75,2.809259712158092e-07,8.485946507130032e-09
40,5,2.0,0.8,2.809619587045948e-07,-6.280914780069161e-09
40,5,2.0,0.85,2.8036472246547095e-07,-1.7028486808300236e-08
40,5,2.0,0.9,2.79309495183467e-07,-2.4745497543659773e-08
40,5,2.0,0.95,2.779278213653452e-07,-3.019753546974681e-08
40,5,2.0,1.0,2.7631768553444464e-07,-3.396817480044734e-08
40,5,2.0,1.05,2.745516339412608e-07,-3.6497338581588175e-08
40,5,2.0,1.1,2.726831130429436e-07,-3.811403082036134e-08
40,5,2.0,1.15,2.7075132650414893e-07,-3.906288670672217e-08
40,5,2.0,1.2,2.687849099933127e-07,-3.952503929316003e-08
40,5,2.0,1.25,2.66804686698587e-07,-3.963418134499444e-08
40,5,2.0,1.3,2.6482572033478756e-07,-3.9488754212019214e-08
40,5,2.0,1.35,2.628588377063687e-07,-3.916110625685214e-08
40,5,2.0,1.4,2.609117541176245e-07,-3.8704326067570033e-08
40,5,2.0,1.45,2.5898990321091436e-07,-3.815731523129657e-08
40,5,2.0,1.5,2.570970477792604e-07,-3.7548540619338586e-08
40,5,2.0,1.55,2.5523572877948643e-07,-3.6898802691894735e-08
40,5,2.0,1.6,2.5340759508799434e-07,-3.6223274018957445e-08
40,5,2.0,1.65,2.5161364549764377e-07,-3.5532998372793385e-08
40,5,2.0,1.7,2.4985440620972104e-07,-3.483599206471259e-08
40,5,2.0,1.75,2.4813006095259225e-07,-3.413805250382469e-08
40,5,2.0,1.8,2.464405463293175e-07,-3.344335151981788e-08
40,5,2.0,1.85,2.447856216545097e-07,-3.27548705963487e-08
40,5,2.0,1.9,2.431649200799851e-07,-3.2074720062014456e-08
40,5,2.0,1.95,2.415779859991411e-07,-3.140437313984511e-08
40,5,2.0,2.0,2.400243023906594e-07,-3.07448375459686e-08
40,5,2.0,2.05,2.385033107863627e-07,-3.009678128961825e-08
40,5,2.0,2.1,2.3701442583198092e-07,-2.946062489019603e-08
40,5,2.0,2.15,2.3555704588445995e-07,-2.8836608970245744e-08
40,5,2.0,2.2,2.3413056070428033e-07,-2.822484379353205e-08
40,5,2.0,2.25,2.327343570189566e-07,-2.7625345564745147e-08
40,5,2.0,2.3,2.3136782252671574e-07,-2.7038063022070552e-08
40,5,2.0,2.35,2.300303487577171e-07,-2.646289691166202e-08
40,5,2.0,2.4,2.2872133309876697e-07,-2.5899714242207445e-08
40,5,2.0,2.45,2.2744018020593845e-07,-2.5348358711387924e-08
40,5,2.0,2.5,2.261863029696948e-07,-2.4808658324792584e-08
40,5,2.0,2.55,2.2495912315319217e-07,-2.4280430955690166e-08
40,5,2.0,2.6,2.2375807179229863e-07,-2.3763488394518422e-08
40,5,2.0,2.65,2.2258258942226278e-07,-2.3257639290644106e-08
40,5,2.0,2.7,2.214321261786379e-07,-2.2762691281699813e-08
40,5,2.0,2.75,2.2030614180743913e-07,-2.2278452527112138e-08
40,5,2.0,2.8,2.192041056100694e-07,-2.180473280474261e-08
40,5,2.0,2.85,2.1812549634186004e-07,-2.134134428726397e-08
40,5,2.0,2.9,2.1706980207795365e-07,-2.0888102083835143e-08
40,5,2.0,2.95,2.160365200566304e-07,-2.0444824609881952e-08
40,5,2.0,3.0,2.150251565074419e-07,-2.0011333831062727e-08
40,5,2.0,3.05,2.1403522646958024e-07,-1.958745541527526e-08
40,5,2.0,3.1,2.130662536044072e-07,-1.9173018817511935e-08
40,5,2.0,3.15,2.121177700050189e-07,-1.8767857315820298e-08
40,5,2.0,3.2,2.1118931600497532e-07,-1.837180801174345e-08
40,5,2.0,3.25,2.1028043998764405e-07,-1.798471180507133e-08
40,5,2.0,3.3,2.0939069819732666e-07,-1.760641335012325e-08
40,5,2.0,3.35,2.0851965455291908e-07,-1.7236760998847066e-08
40,5,2.0,3.4,2.076668804646365e-07,-1.6875606734646325e-08
40,5,2.0,3.45,2.068319546542358e-07,-1.6522806099762908e-08
40,5,2.0,3.5,2.060144629789921e-07,-1.617821811833208e-08
40,5,2.0,3.55,2.0521399825958457e-07,-1.584170521663728e-08
40,5,2.0,3.6,2.044301601120138e-07,-1.5513133141685733e-08
40,5,2.0,3.65,2.0366255478363185e-07,-1.519237087894038e-08
40,5,2.0,3.7,2.0291079499326808e-07,-1.4879290569793538e-08
40,5,2.0,3.75,2.0217449977550536e-07,-1.4573767429247168e-08
40,5,2.0,3.8,2.0145329432903837e-07,-1.4275679664092816e-08
40,5,2.0,3.85,2.0074680986911913e-07,-1.3984908391836228e-08
40,5,2.0,3.9,2.000546834840322e-07,-1.3701337560538525e-08
40,5,2.0,3.95,1.993765579955442e-07,-1.342485386967977e-08
40,5,2.0,4.0,1.9871208182328534e-07,-1.315534669213436e-08
40,5,2.0,4.05,1.9806090885301784e-07,-1.289270799732233e-08
40,5,2.0,4.1,1.9742269830869605e-07,-1.26368322755681e-08
40,5,2.0,4.15,1.9679711462828283e-07,-1.2387616463690101e-08
40,5,2.0,4.2,1.961838273432704e-07,-1.2144959871850725e-08
40,5,2.0,4.25,1.9558251096180817e-07,-1.1908764111653202e-08
40,5,2.0,4.3,1.9499284485540584e-07,-1.1678933025503467e-08
40,5,2.0,4.35,1.94414513149124e-07,-1.1455372617228808e-08
40,5,2.0,4.4,1.9384720461522568e-07,-1.1237990983946113e-08
40,5,2.0,4.45,1.932906125701756e-07,-1.1026698249181565e-08
40,5,2.0,4.5,1.927444347749797e-07,-1.0821406497219962e-08
40,5,2.0,4.55,1.9220837333874827e-07,-1.062202970868638e-08
40,5,2.0,4.6,1.9168213462547408e-07,-1.0428483697341903e-08
40,5,2.0,4.65,1.9116542916393002e-07,-1.0240686048085415e-08
40,5,2.0,4.7,1.9065797156062844e-07,-1.005855605615332e-08
40,5,2.0,4.75,1.9015948041581194e-07,-9.882014667498558e-09
40,5,2.0,4.8,1.8966967824237326e-07,-9.710984420347717e-09
40,5,2.0,4.85,1.8918829138768686e-07,-9.545389387911072e-09
40,5,2.0,4.9,1.8871504995826034e-07,-9.385155122256084e-09
40,5,2.0,4.95,1.8824968774717751e-07,-9.230208599304059e-09
40,5,2.0,5.0,1.8779194216425154e-07,-9.080478164970318e-09
40,5,3.0,0.0,3.6977278195535166e-07,5.823142389027054e-06
40,5,3.0,0.05,7.636857693318587e-07,1.0126096828210171e-05
40,5,3.0,0.1,1.3944459479190016e-06,1.5134077509144225e-05
40,5,3.0,0.15,2.2696763878948806e-06,1.9699883587701496e-05
40,5,3.0,0.2,3.3387881511163497e-06,2.2747793696508494e-05
40,5,3.0,0.25,4.5103002029672315e-06,2.376945477604563e-05
40,5,3.0,0.3,5.684100374737818e-06,2.2906763097966294e-05
40,5,3.0,0.35,6.778629020253086e-06,2.0705808585794677e-05
40,5,3.0,0.4,7.74310588872576e-06,1.780609057587779e-05
40,5,3.0,0.45,8.55651932157305e-06,1.4736874491390293e-05
40,5,3.0,0.5,9.219865476588143e-06,1.184631200373275e-05
40,5,3.0,0.55,9.747216861291042e-06,9.315744644547585e-06
40,5,3.0,0.6,1.015850421153123e-05,7.206685019308119e-06
40,5,3.0,0.65,1.0474754246214879e-05,5.508617845831379e-06
40,5,3.0,0.7,1.0715449740885477e-05,4.1751934363246726e-06
40,5,3.0,0.75,1.0897366531094573e-05,3.14737930743285e-06
40,5,3.0,0.8,1.1034297221393645e-05,2.3663648093185408e-06
40,5,3.0,0.85,1.1137237024047835e-05,1.7796813546484533e-06
40,5,3.0,0.9,1.1214766173724196e-05,1.3433339503965688e-06
40,5,3.0,0.95,1.1273480317227285e-05,1.02183440119437e-06
40,5,3.0,1.0,1.1318395192478415e-05,7.872810279087196e-07
40,5,3.0,1.05,1.1353295448324095e-05,6.181189762403228e-07
40,5,3.0,1.1,1.1381020600027321e-05,4.979003115185118e-07
40,5,3.0,1.15,1.1403692139218615e-05,4.1418348327394396e-07
40,5,3.0,1.2,1.1422890147380854e-05,3.576164311803817e-07
40,5,3.0,1.25,1.143978866751293e-05,3.212012571004055e-07
40,5,3.0,1.3,1.1455258417168697e-05,2.9971884126923177e-07
40,5,3.0,1.35,1.1469944161816963e-05,2.8928601131323284e-07
40,5,3.0,1.4,1.148432269924494e-05,2.8701861279438295e-07
40,5,3.0,1.45,1.1498746151906946e-05,2.907772170970603e-07
40,5,3.0,1.5,1.1513474202801593e-05,2.989762996804805e-07
40,5,3.0,1.55,1.1528698051761172e-05,3.1044163690225015e-07
40,5,3.0,1.6,1.1544558193565317e-05,3.243040538237102e-07
40,5,3.0,1.65,1.1561157597726427e-05,3.399204266142105e-07
40,5,3.0,1.7,1.1578571472114977e-05,3.568150393493353e-07
40,5,3.0,1.75,1.1596854492043074e-05,3.746360990454235e-07
40,5,3.0,1.8,1.161604615069143e-05,3.931235162827671e-07
40,5,3.0,1.85,1.1636174717968102e-05,4.120850461247852e-07
40,5,3.0,1.9,1.165726016908732e-05,4.313786267635553e-07
40,5,3.0,1.95,1.1679316350594356e-05,4.508993092771115e-07
40,5,3.0,2.0,1.1702352582112538e-05,4.7056958657400764e-07
40,5,3.0,2.05,1.1726374840583297e-05,4.903322381305954e-07
40,5,3.0,2.1,1.1751386635614719e-05,5.101450362567043e-07
40,5,3.0,2.15,1.177738965630083e-05,5.299768295662568e-07
40,5,3.0,2.2,1.1804384248961414e-05,5.498046452493935e-07
40,5,3.0,2.25,1.1832369769782396e-05,5.696115449855523e-07
40,5,3.0,2.3,1.1861344844888136e-05,5.893850383491175e-07
40,5,3.0,2.35,1.1891307561911376e-05,6.091159086215973e-07
40,5,3.0,2.4,1.1922255610862838e-05,6.287973436959023e-07
40,5,3.0,2.45,1.1954186387474002e-05,6.484242927001712e-07
40,5,3.0,2.5,1.1987097068753154e-05,6.679929896294519e-07
40,5,3.0,2.55,1.2020984667968725e-05,6.875006005562139e-07
40,5,3.0,2.6,1.2055846074393884e-05,7.069449622958228e-07
40,5,3.0,2.65,1.2091678081760787e-05,7.26324388758554e-07
40,5,3.0,2.7,1.2128477408348419e-05,7.456375274057765e-07
40,5,3.0,2.75,1.2166240710866126e-05,7.648832528005917e-07
40,5,3.0,2.8,1.2204964593736895e-05,7.840605876254582e-07
40,5,3.0,2.85,1.2244645614963829e-05,8.031686440423546e-07
40,5,3.0,2.9,1.2285280289461918e-05,8.222065801244431e-07
40,5,3.0,2.95,1.2326865090503398e-05,8.41173567455612e-07
40,5,3.0,3.0,1.236939644976074e-05,8.600687670096232e-07
40,5,3.0,3.05,1.2412870756304726e-05,8.788913111715682e-07
40,5,3.0,3.1,1.245728435482338e-05,8.976402903169387e-07
40,5,3.0,3.15,1.2502633543258238e-05,9.16314742778156e-07
40,5,3.0,3.2,1.2548914570005627e-05,9.349136473297735e-07
40,5,3.0,3.25,1.2596123630790995e-05,9.534359175499094e-07
40,5,3.0,3.3,1.2644256865297857e-05,9.718803975828066e-07
40,5,3.0,3.35,1.2693310353613147e-05,9.90245858949828e-07
40,5,3.0,3.4,1.274328011253275e-05,1.0085309981476526e-06
40,5,3.0,3.45,1.2794162091763041e-05,1.0267344348420819e-06
40,5,3.0,3.5,1.2845952170043867e-05,1.0448547105127135e-06
40,5,3.0,3.55,1.2898646151213018e-05,1.0628902874442807e-06
40,5,3.0,3.6,1.2952239760226549e-05,1.0808395479850554e-06
40,5,3.0,3.65,1.3006728639148037e-05,1.0987007940162856e-06
40,5,3.0,3.7,1.3062108343115517e-05,1.1164722465875661e-06
40,5,3.0,3.75,1.3118374336294054e-05,1.1341520456892494e-06
40,5,3.0,3.8,1.31755219878187e-05,1.15173825013636e-06
40,5,3.0,3.85,1.3233546567735563e-05,1.1692288375489359e-06
40,5,3.0,3.9,1.3292443242942733e-05,1.1866217044145171e-06
40,5,3.0,3.95,1.3352207073137509e-05,1.2039146662252657e-06
40,5,3.0,4.0,1.3412833006770785e-05,1.2211054576819471e-06
40,5,3.0,4.05,1.3474315877014019e-05,1.2381917329609035e-06
40,5,3.0,4.1,1.3536650397741271e-05,1.2551710660397705e-06
40,5,3.0,4.15,1.3599831159528174e-05,1.2720409510807297e-06
40,5,3.0,4.2,1.3663852625672249e-05,1.288798802868254e-06
40,5,3.0,4.25,1.3728709128235958e-05,1.3054419573021594e-06
40,5,3.0,4.3,1.3794394864115796e-05,1.3219676719432086e-06
40,5,3.0,4.35,1.386090389114017e-05,1.3383731266131357e-06
40,5,3.0,4.4,1.3928230124198922e-05,1.3546554240471937e-06
40,5,3.0,4.45,1.3996367331405683e-05,1.370811590600293e-06
40,5,3.0,4.5,1.40653091302981e-05,1.3868385770068856e-06
40,5,3.0,4.55,1.4135048984077072e-05,1.4027332591942935e-06
40,5,3.0,4.6,1.4205580197887546e-05,1.418492439150232e-06
40,5,3.0,4.65,1.4276895915144447e-05,1.4341128458449824e-06
40,5,3.0,4.7,1.4348989113905978e-05,1.449591136207898e-06
40,5,3.0,4.75,1.4421852603297228e-05,1.4649238961599391e-06
40,5,3.0,4.8,1.4495479019986677e-05,1.480107641700829e-06
40,5,3.0,4.85,1.4569860824718388e-05,1.4951388200525998e-06
40,5,3.0,4.9,1.4644990298903062e-05,1.5100138108595719e-06
40,5,3.0,4.95,1.4720859541270158e-05,1.5247289274444894e-06
40,5,3.0,5.0,1.4797460464584421e-05,1.539280418122042e-06
40,5,4.0,0.0,6.432672433565022e-07,1.1858425946752032e-05
40,5,4.0,0.05,1.5283782116018551e-06,2.465023959942035e-05
40,5,4.0,0.1,3.2178005632920438e-06,4.390250622814946e-05
40,5,4.0,0.15,5.987206694246532e-06,6.717282980520879e-05
40,5,4.0,0.2,9.918034532064129e-06,8.94162576260019e-05
40,5,4.0,0.25,1.4824004899551333e-05,0.00010545593296143307
40,5,4.0,0.3,2.0310869424413045e-05,0.0001124377502306274
40,5,4.0,0.35,2.591832402733924e-05,0.00011052285079735724
40,5,4.0,0.4,3.1251764119581346e-05,0.00010194420327688958
40,5,4.0,0.45,3.605001673231374e-05,8.958701456877207e-05
40,5,4.0,0.5,4.018991323494404e-05,7.596893063433308e-05
40,5,4.0,0.55,4.3655265300478365e-05,6.282578153875919e-05
40,5,4.0,0.6,4.6496792666275435e-05,5.112135356815958e-05
40,5,4.0,0.65,4.879798113249566e-05,4.123985465082269e-05
40,5,4.0,0.7,5.065161175836534e-05,3.320223242753806e-05
40,5,4.0,0.75,5.214613324942332e-05,2.6837950470025517e-05
40,5,4.0,0.8,5.3359165565490234e-05,2.1898938520132252e-05
40,5,4.0,0.85,5.435544170400447e-05,1.81255993445532e-05
40,5,4.0,0.9,5.518716675332031e-05,1.5279935666793784e-05
40,5,4.0,0.95,5.5895488588813375e-05,1.3158725717945882e-05
40,5,4.0,1.0,5.651232510136298e-05,1.159580591802714e-05
40,5,4.0,1.05,5.7062156657257306e-05,1.0459105515349807e-05
40,5,4.0,1.1,5.7563609938018364e-05,9.6456521103452e-06
40,5,4.0,1.15,5.803077864123544e-05,9.076230477713933e-06
40,5,4.0,1.2,5.84742860420075e-05,8.690478375000936e-06
40,5,4.0,1.25,5.890212002773976e-05,8.442712367550475e-06
40,5,4.0,1.3,5.932027891677907e-05,8.298528513304689e-06
40,5,4.0,1.35,5.973326539902184e-05,8.232110437320339e-06
40,5,4.0,1.4,6.01444613452496e-05,8.224136909284919e-06
40,5,4.0,1.45,6.0556410616515196e-05,8.260176070039445e-06
40,5,4.0,1.5,6.0971031590236974e-05,8.32946411273554e-06
40,5,4.0,1.55,6.138977640170556e-05,8.423982262834481e-06
40,5,4.0,1.6,6.181375000777462e-05,8.537762370985615e-06
40,5,4.0,1.65,6.224379907383316e-05,8.666366207177031e-06
40,5,4.0,1.7,6.268057825948018e-05,8.806495929035541e-06
40,5,4.0,1.75,6.312459961104902e-05,8.95570317632695e-06
40,5,4.0,1.8,6.357626934597246e-05,9.11217208661163e-06
40,5,4.0,1.85,6.403591523695706e-05,9.274557589739967e-06
40,5,4.0,1.9,6.450380699294168e-05,9.441864972708078e-06
40,5,4.0,1.95,6.498017142532281e-05,9.613360220100567e-06
40,5,4.0,2.0,6.546520373256222e-05,9.788503284807108e-06
40,5,4.0,2.05,6.595907589617043e-05,9.966898433469049e-06
40,5,4.0,2.1,6.646194292730662e-05,1.0148257301117582e-05
40,5,4.0,2.15,6.697394751417821e-05,1.0332371402956623e-05
40,5,4.0,2.2,6.749522347958383e-05,1.0519091682069856e-05
40,5,4.0,2.25,6.80258983531373e-05,1.0708313291126121e-05
40,5,4.0,2.3,6.856609528470396e-05,1.0899964267390424e-05
40,5,4.0,2.35,6.911593446754813e-05,1.1093997103703708e-05
40,5,4.0,2.4,6.967553419654004e-05,1.1290382473583624e-05
40,5,4.0,2.45,7.02450116546465e-05,1.1489104558662016e-05
40,5,4.0,2.5,7.082448349705829e-05,1.1690157568068092e-05
40,5,4.0,2.55,7.14140662845475e-05,1.1893543144495979e-05
40,5,4.0,2.6,7.201387680442854e-05,1.2099268429909284e-05
40,5,4.0,2.65,7.262403230767998e-05,1.2307344621988775e-05
40,5,4.0,2.7,7.324465068346157e-05,1.2517785895681546e-05
40,5,4.0,2.75,7.387585058683743e-05,1.2730608596384492e-05
40,5,4.0,2.8,7.451775153145831e-05,1.2945830635214221e-05
40,5,4.0,2.85,7.517047395594755e-05,1.3163471034624455e-05
40,5,4.0,2.9,7.58341392705058e-05,1.3383549585861646e-05
40,5,4.0,2.95,7.650886988857187e-05,1.360608658960868e-05
40,5,4.0,3.0,7.719478924713188e-05,1.3831102658481322e-05
40,5,4.0,3.05,7.789202181836709e-05,1.4058618565512864e-05
40,5,4.0,3.1,7.860069311461617e-05,1.4288655126803618e-05
40,5,4.0,3.15,7.932092968814046e-05,1.4521233109539601e-05
40,5,4.0,3.2,8.005285912678081e-05,1.4756373158834318e-05
40,5,4.0,3.25,8.079661004632544e-05,1.4994095738511112e-05
40,5,4.0,3.3,8.155231208018287e-05,1.523442108219871e-05
40,5,4.0,3.35,8.232009586681759e-05,1.5477369152036834e-05
40,5,4.0,3.4,8.310009303525997e-05,1.5722959602972763e-05
40,5,4.0,3.45,8.389243618894003e-05,1.597121175115385e-05
40,5,4.0,3.5,8.469725888802741e-05,1.6222144545299187e-05
40,5,4.0,3.55,8.551469563038298e-05,1.6475776540216587e-05
40,5,4.0,3.6,8.634488183124007e-05,1.673212587184418e-05
40,5,4.0,3.65,8.718795380165771e-05,1.6991210233364436e-05
40,5,4.0,3.7,8.804404872580014e-05,1.725304685203689e-05
40,5,4.0,3.75,8.891330463707558e-05,1.7517652466504025e-05
40,5,4.0,3.8,8.979586039313702e-05,1.778504330437574e-05
40,5,4.0,3.85,9.069185564978322e-05,1.805523505995978e-05
40,5,4.0,3.9,9.160143083372873e-05,1.8328242872024095e-05
40,5,4.0,3.95,9.252472711427565e-05,1.860408130152728e-05
40,5,4.0,4.0,9.346188637386488e-05,1.8882764309256838e-05
40,5,4.0,4.05,9.441305117749886e-05,1.9164305233331945e-05
40,5,4.0,4.1,9.537836474105464e-05,1.9448716766552464e-05
40,5,4.0,4.15,9.63579708984352e-05,1.973601093356312e-05
40,5,4.0,4.2,9.735201406759586e-05,2.002619906783359e-05
40,5,4.0,4.25,9.836063921540104e-05,2.0319291788433218e-05
40,5,4.0,4.3,9.938399182132175e-05,2.061529897661057e-05
40,5,4.0,4.35,0.00010042221783995478,2.0914229752164657e-05
40,5,4.0,4.4,0.00010147546366235318,2.1216092449620186e-05
40,5,4.0,4.45,0.00010254387607616472,2.1520894594204634e-05
40,5,4.0,4.5,0.00010362760222456412,2.182864287763493e-05
40,5,4.0,4.55,0.00010472678956396227,2.2139343133718348e-05
40,5,4.0,4.6,0.00010584158582050515,2.245300031377981e-05
40,5,4.0,4.65,0.00010697213894532601,2.276961846191813e-05
40,5,4.0,4.7,0.00010811859706856368,2.3089200690108055e-05
40,5,4.0,4.75,0.00010928110845213044,2.3411749153150224e-05
40,5,4.0,4.8,0.00011045982144122703,2.373726502348996e-05
40,5,4.0,4.85,0.00011165488441458814,2.406574846590361e-05
40,5,4.0,4.9,0.00011286644573346796,2.4397198612080524e-05
40,5,4.0,4.95,0.00011409465368934634,2.473161353509942e-05
40,5,4.0,5.0,0.00011533965645035636,2.5068990223821114e-05
40,5,5.0,0.0,2.2238659908744704e-07,4.5535842846315555e-06
40,5,5.0,0.05,5.93863364369533e-07,1.1108620432616882e-05
40,5,5.0,0.1,1.4317475799146894e-06,2.3532119124825677e-05
40,5,5.0,0.15,3.0619197225403503e-06,4.2737672561219134e-05
40,5,5.0,0.2,5.785499035505069e-06,6.663543455134645e-05
40,5,5.0,0.25,9.721133883379955e-06,9.025527585025085e-05
40,5,5.0,0.3,1.4713670662026575e-05,0.00010811334440991851
40,5,5.0,0.35,2.0378879127126792e-05,0.00011686782042453312
40,5,5.0,0.4,2.6243644065761867e-05,0.00011629299818390183
40,5,5.0,0.45,3.188693643308698e-05,0.00010847026546420557
40,5,5.0,0.5,3.7018986067319123e-05,9.633478933158801e-05
40,5,5.0,0.55,4.14934459711406e-05,8.255363102174722e-05
40,5,5.0,0.6,4.527901355686057e-05,6.902473229509344e-05
40,5,5.0,0.65,4.841870014393055e-05,5.684181896495546e-05
40,5,5.0,0.7,5.099369155954054e-05,4.6475497530139894e-05
40,5,5.0,0.75,5.309780346426739e-05,3.799536202615132e-05
40,5,5.0,0.8,5.482223528381813e-05,3.1252745565659224e-05
40,5,5.0,0.85,5.6247999879168515e-05,2.6004896217638737e-05
40,5,5.0,0.9,5.744323873668737e-05,2.198854496593345e-05
40,5,5.0,0.95,5.8463263895065e-05,1.8957929492821048e-05
40,5,5.0,1.0,5.935190257858304e-05,1.6700834833414847e-05
40,5,5.0,1.05,6.01433052124681e-05,1.504238797162948e-05
40,5,5.0,1.1,6.086377185420669e-05,1.3842781461435234e-05
40,5,5.0,1.15,6.153339169200482e-05,1.2992504741624856e-05
40,5,5.0,1.2,6.21674240022102e-05,1.2406989392481823e-05
40,5,5.0,1.25,6.277741716776214e-05,1.2021582470106092e-05
40,5,5.0,1.3,6.337209290063943e-05,1.1787212444138611e-05
40,5,5.0,1.35,6.395803312747545e-05,1.166682900026308e-05
40,5,5.0,1.4,6.4540207300525e-05,1.1632565790701396e-05
40,5,5.0,1.45,6.512237383640963e-05,1.1663524106292845e-05
40,5,5.0,1.5,6.570738391149409e-05,1.1744065081150863e-05
40,5,5.0,1.55,6.629741038124325e-05,1.1862506247876057e-05
40,5,5.0,1.6,6.689411974679256e-05,1.2010133412290362e-05
40,5,5.0,1.65,6.749880105155939e-05,1.2180455183908468e-05
40,5,5.0,1.7,6.811246234158643e-05,1.2368642527420705e-05
40,5,5.0,1.75,6.873590277091263e-05,1.257110847131427e-05
40,5,5.0,1.8,6.936976645933788e-05,1.278519349409214e-05
40,5,5.0,1.85,7.00145826996927e-05,1.3008930323967912e-05
40,5,5.0,1.9,7.067079596505102e-05,1.3240868271269247e-05
40,5,5.0,1.95,7.133878830019724e-05,1.347994211209944e-05
40,5,5.0,2.0,7.201889603015092e-05,1.3725374270132223e-05
40,5,5.0,2.05,7.271142222964937e-05,1.3976601863496927e-05
40,5,5.0,2.1,7.341664603149733e-05,1.4233222307654397e-05
40,5,5.0,2.15,7.413482957799058e-05,1.4494952759827725e-05
40,5,5.0,2.2,7.486622321520268e-05,1.4761599885195608e-05
40,5,5.0,2.25,7.561106937738453e-05,1.5033037318560575e-05
40,5,5.0,2.3,7.636960549486749e-05,1.5309188862723826e-05
40,5,5.0,2.35,7.714206617402428e-05,1.5590015963084348e-05
40,5,5.0,2.4,7.792868483453827e-05,1.5875508369682305e-05
40,5,5.0,2.45,7.872969494208653e-05,1.6165677175148044e-05
40,5,5.0,2.5,7.954533093934522e-05,1.6460549623639422e-05
40,5,5.0,2.55,8.037582895207601e-05,1.6760165239931607e-05
40,5,5.0,2.6,8.122142732745837e-05,1.7064572942610437e-05
40,5,5.0,2.65,8.208236704732751e-05,1.7373828890888938e-05
40,5,5.0,2.7,8.29588920480891e-05,1.7687994878348634e-05
40,5,5.0,2.75,8.3851249471019e-05,1.800713713441141e-05
40,5,5.0,2.8,8.475968986059956e-05,1.8331325429776542e-05
40,5,5.0,2.85,8.568446732407443e-05,1.8660632408469397e-05
40,5,5.0,2.9,8.662583966203479e-05,1.899513308879484e-05
40,5,5.0,2.95,8.758406847735299e-05,1.9334904490192e-05
40,5,5.0,3.0,8.855941926792247e-05,1.9680025353894434e-05
40,5,5.0,3.05,8.9552161507257e-05,2.0030575933465767e-05
40,5,5.0,3.1,9.056256871598962e-05,2.0386637837355745e-05
40,5,5.0,3.15,9.159091852650607e-05,2.0748293910159453e-05
40,5,5.0,3.2,9.263749274240215e-05,2.1115628142623125e-05
40,5,5.0,3.25,9.370257739399807e-05,2.1488725602994503e-05
40,5,5.0,3.3,9.478646279083588e-05,2.1867672384159925e-05
40,5,5.0,3.35,9.58894435718381e-05,2.225255556243744e-05
40,5,5.0,3.4,9.701181875363651e-05,2.2643463164930667e-05
40,5,5.0,3.45,9.815389177742553e-05,2.30404841431316e-05
40,5,5.0,3.5,9.931597055462009e-05,2.3443708351039465e-05
40,5,5.0,3.55,0.00010049836751150635,2.3853226526506988e-05
40,5,5.0,3.6,0.00010170139963301186,2.426913027483232e-05
40,5,5.0,3.65,0.0001029253885057025,2.4691512053874848e-05
40,5,5.0,3.7,0.00010417066036006149,2.5120465160144266e-05
40,5,5.0,3.75,0.00010543754611208348,2.5556083715445946e-05
40,5,5.0,3.8,0.00010672638140421201,2.5998462653774047e-05
40,5,5.0,3.85,0.00010803750664562528,2.6447697708205463e-05
40,5,5.0,3.9,0.00010937126705185346,2.6903885397621867e-05
40,5,5.0,3.95,0.00011072801268373462,2.736712301311335e-05
40,5,5.0,4.0,0.00011210809848567386,2.7837508603952656e-05
40,5,5.0,4.05,0.00011351188432319564,2.8315140963060725e-05
40,5,5.0,4.1,0.00011493973501974737,2.8800119611888623e-05
40,5,5.0,4.15,0.00011639202039272982,2.9292544784660055e-05
40,5,5.0,4.2,0.00011786911528874348,2.9792517411937834e-05
40,5,5.0,4.25,0.00011937139961796118,3.030013910345897e-05
40,5,5.0,4.3,0.00012089925838765327,3.0815512130223546e-05
40,5,5.0,4.35,0.0001224530817347836,3.1338739405795344e-05
40,5,5.0,4.4,0.000124033264957655,3.186992446679482e-05
40,5,5.0,4.45,0.0001256402085465528,3.240917145255409e-05
40,5,5.0,4.5,0.00012727431821335993,3.2956585083925543e-05
40,5,5.0,4.55,0.00012893600492007846,3.3512270641204746e-05
40,5,5.0,4.6,0.00013062568490623957,3.407633394116681e-05
40,5,5.0,4.65,0.0001323437797151258,3.4648881313182715e-05
40,5,5.0,4.7,0.00013409071621878823,3.5230019574410276e-05
40,5,5.0,4.75,0.00013586692664179848,3.581985600403165e-05
40,5,5.0,4.8,0.0001376728485836791,3.6418498316528194e-05
40,5,5.0,4.85,0.0001395089250399896,3.7026054633976e-05
40,5,5.0,4.9,0.00014137560442198193,3.764263345733711e-05
40,5,5.0,4.95,0.0001432733405748138,3.8268343636745815e-05
40,5,5.0,5.0,0.00014520259279424098,3.8903294340761606e-05
40,10,0.0,0.0,9.997655891407151e-12,8.254104575897093e-11
40,10,0.0,0.05,1.4402335917375347e-11,9.21688301257361e-11
40,10,0.0,0.1,1.9062307602272153e-11,9.27614412778085e-11
40,10,0.0,0.15,2.3548434711382322e-11,8.560088855212674e-11
40,10,0.0,0.2,2.753939479827808e-11,7.346106841915487e-11
40,10,0.0,0.25,3.086001581572874e-11,5.922432522054483e-11
40,10,0.0,0.3,3.3464000623779984e-11,4.508733792289765e-11
40,10,0.0,0.35,3.539276979189406e-11,3.236672889000569e-11
40,10,0.0,0.4,3.6734239155635935e-11,2.1643929800124587e-11
40,10,0.0,0.45,3.7592151449974987e-11,1.3011812098616422e-11
40,10,0.0,0.5,3.8067408088925774e-11,6.2954354356263905e-12
40,10,0.0,0.55,3.8248828359101624e-11,1.2065190341145267e-12
40,10,0.0,0.6,3.8210003943552993e-11,-2.5648236099121053e-12
40,10,0.0,0.65,3.800953015577803e-11,-5.303613945047155e-12
40,10,0.0,0.7,3.769279766748765e-11,-7.251518236691792e-12
40,10,0.0,0.75,3.729428435044437e-11,-8.603634217317897e-12
40,10,0.0,0.8,3.6839801445769526e-11,-9.51252364544966e-12
40,10,0.0,0.85,3.6348457439346614e-11,-1.00949306516924e-11
40,10,0.0,0.9,3.583427084855251e-11,-1.0438847788134088e-11
40,10,0.0,0.95,3.530744462257957e-11,-1.060988236469662e-11
40,10,0.0,1.0,3.477534805517424e-11,-1.0656566070776212e-11
40,10,0.0,1.05,3.4243260452868756e-11,-1.0614587868864225e-11
40,10,0.0,1.1,3.371492765527584e-11,-1.0510073198208503e-11
40,10,0.0,1.15,3.319297497839824e-11,-1.0362076307773792e-11
40,10,0.0,1.2,3.2679211756802297e-11,-1.0184449839105458e-11
40,10,0.0,1.25,3.217485494698157e-11,-9.98723442384871e-12
40,10,0.0,1.3,3.168069276896814e-11,-9.77768480194046e-12
40,10,0.0,1.35,3.1197204174308973e-11,-9.561024002160882e-12
40,10,0.0,1.4,3.072464590186238e-11,-9.340995790705351e-12
40,10,0.0,1.45,3.026311582006713e-11,-9.120268365731725e-12
40,10,0.0,1.5,2.9812598956132634e-11,-8.900728833027942e-12
40,10,0.0,1.55,2.937300090425102e-11,-8.68369773690963e-12
40,10,0.0,1.6,2.894417204350534e-11,-8.470085203094534e-12
40,10,0.0,1.65,2.8525925069096698e-11,-8.260504504898279e-12
40,10,0.0,1.7,2.8118047661510995e-11,-8.05535461727883e-12
40,10,0.0,1.75,2.772031162211201e-11,-7.854880200034125e-12
40,10,0.0,1.8,2.7332479441780803e-11,-7.65921516286315e-12
40,10,0.0,1.85,2.6954309005584556e-11,-7.468414292335219e-12
40,10,0.0,1.9,2.658555694457022e-11,-7.28247620056603e-12
40,10,0.0,1.95,2.622598100618707e-11,-7.1013599663804476e-12
40,10,0.0,2.0,2.5875341713332702e-11,-6.924997192632122e-12
40,10,0.0,2.05,2.5533403508229718e-11,-6.753300732627823e-12
40,10,0.0,2.1,2.5199935523704814e-11,-6.5861709963378596e-12
40,10,0.0,2.15,2.4874712085449996e-11,-6.423500498273716e-12
40,10,0.0,2.2,2.4557513020522257e-11,-6.265177128091566e-12
40,10,0.0,2.25,2.4248123826738216e-11,-6.111086493561403e-12
40,10,0.0,2.3,2.3946335742654886e-11,-5.961113590046936e-12
40,10,0.0,2.35,2.36519457469468e-11,-5.815143981227788e-12
40,10,0.0,2.4,2.336475650808592e-11,-5.673064625360935e-12
40,10,0.0,2.45,2.3084576299470202e-11,-5.534764444702024e-12
40,10,0.0,2.5,2.2811218890980994e-11,-5.400134709064713e-12
40,10,0.0,2.55,2.2544503424900772e-11,-5.269069285111356e-12
40,10,0.0,2.6,2.2284254281917793e-11,-5.1414647888824374e-12
40,10,0.0,2.65,2.203030094133735e-11,-5.0172206688259755e-12
40,10,0.0,2.7,2.1782477838455133e-11,-4.896239239137982e-12
40,10,0.0,2.75,2.1540624221194968e-11,-4.7784256778029316e-12
40,10,0.0,2.8,2.1304584007505297e-11,-4.6636879997840626e-12
40,10,0.0,2.85,2.1074205644551546e-11,-4.551937012941193e-12
40,10,0.0,2.9,2.0849341970428848e-11,-4.443086262172487e-12
40,10,0.0,2.95,2.062985007887579e-11,-4.3370519657522935e-12
40,10,0.0,3.0,2.041559118730437e-11,-4.233752946738014e-12
40,10,0.0,3.05,2.0206430508339048e-11,-4.133110561512284e-12
40,10,0.0,3.1,2.0002237124968467e-11,-4.035048626943621e-12
40,10,0.0,3.15,1.980288386934949e-11,-3.939493347222516e-12
40,10,0.0,3.2,1.9608247205264743e-11,-3.846373241123471e-12
40,10,0.0,3.25,1.9418207114190763e-11,-3.755619070215219e-12
40,10,0.0,3.3,1.9232646984927158e-11,-3.667163768382094e-12
40,10,0.0,3.35,1.905145350671112e-11,-3.5809423729000684e-12
40,10,0.0,3.4,1.8874516565735137e-11,-3.496891957223671e-12
40,10,0.0,3.45,1.870172914498104e-11,-3.4149515655826915e-12
40,10,0.0,3.5,1.8532987227277197e-11,-3.3350621494374285e-12
40,10,0.0,3.55,1.8368189701487302e-11,-3.2571665058155264e-12
40,10,0.0,3.6,1.8207238271733225e-11,-3.18120921752467e-12
40,10,0.0,3.65,1.8050037369563522e-11,-3.1071365952256812e-12
40,10,0.0,3.7,1.78964940689692e-11,-3.0348966213329217e-12
40,10,0.0,3.75,1.7746518004161646e-11,-2.964438895707816e-12
40,10,0.0,3.8,1.7600021290022323e-11,-2.8957145831006595e-12
40,10,0.0,3.85,1.7456918445135125e-11,-2.8286763622957623e-12
40,10,0.0,3.9,1.7317126317322952e-11,-2.7632783769133558e-12
40,10,0.0,3.95,1.7180564011600857e-11,-2.6994761878180614e-12
40,10,0.0,4.0,1.7047152820472025e-11,-2.6372267270868323e-12
40,10,0.0,4.05,1.691681615648629e-11,-2.5764882534874854e-12
40,10,0.0,4.1,1.6789479486987742e-11,-2.5172203094190958e-12
40,10,0.0,4.15,1.6665070270980003e-11,-2.4593836792688122e-12
40,10,0.0,4.2,1.65435178980397e-11,-2.4029403491387495e-12
40,10,0.0,4.25,1.6424753629209677e-11,-2.3478534678970675e-12
40,10,0.0,4.3,1.630871053980708e-11,-2.2940873095116126e-12
40,10,0.0,4.35,1.6195323464085364e-11,-2.241607236621767e-12
40,10,0.0,4.4,1.6084528941684834e-11,-2.1903796653089608e-12
40,10,0.0,4.45,1.59762651658186e-11,-2.1403720310256344e-12
40,10,0.0,4.5,1.5870471933130884e-11,-2.091552755642677e-12
40,10,0.0,4.55,1.576709059517873e-11,-2.043891215580534e-12
40,10,0.0,4.6,1.566606401147831e-11,-1.9973577109851405e-12
40,10,0.0,4.65,1.556733650406865e-11,-1.9519234359158356e-12
40,10,0.0,4.7,1.5470853813540712e-11,-1.9075604495098703e-12
40,10,0.0,4.75,1.5376563056484612e-11,-1.8642416480915593e-12
40,10,0.0,4.8,1.528441268430854e-11,-1.8219407381943275e-12
40,10,0.0,4.85,1.5194352443384e-11,-1.7806322104648394e-12
40,10,0.0,4.9,1.510633333647512e-11,-1.7402913144199512e-12
40,10,0.0,4.95,1.5020307585409255e-11,-1.7008940340278352e-12
40,10,0.0,5.0,1.493622859494704e-11,-1.6624170640850049e-12
40,10,1.0,0.0,6.796152917474831e-10,7.3099358696336455e-09
40,10,1.0,0.05,1.1002330867653126e-09,9.418113592137235e-09
40,10,1.0,0.1,1.6078116806749549e-09,1.0720436287193311e-08
40,10,1.0,0.15,2.1548217354215707e-09,1.0987266891503877e-08
40,10,1.0,0.2,2.690886611628213e-09,1.0321620874303907e-08
40,10,1.0,0.25,3.1764301073463014e-09,9.023597560413048e-09
40,10,1.0,0.3,3.5883216413458135e-09,7.427528382183409e-09
40,10,1.0,0.35,3.918715164743718e-09,5.799916293915048e-09
40,10,1.0,0.4,4.170625271905664e-09,4.308064483521682e-09
40,10,1.0,0.45,4.353151648708981e-09,3.032018755414325e-09
40,10,1.0,0.5,4.47777284872812e-09,1.991598821748343e-09
40,10,1.0,0.55,4.556003407135968e-09,1.1721983242479539e-09
40,10,1.0,0.6,4.598173426150944e-09,5.435243957297377e-10
40,10,1.0,0.65,4.612958644201084e-09,7.109415690292944e-11
40,10,1.0,0.7,4.607340803978813e-09,-2.77701651010375e-10
40,10,1.0,0.75,4.58677731134336e-09,-5.309925910536824e-10
40,10,1.0,0.8,4.555447438060147e-09,-7.117671965669448e-10
40,10,1.0,0.85,4.516504424140918e-09,-8.381732264319387e-10
40,10,1.0,0.9,4.472301113529349e-09,-9.242071445127815e-10
40,10,1.0,0.95,4.4245780837374995e-09,-9.804906453783949e-10
40,10,1.0,1.0,4.374613950831333e-09,-1.0149925325711802e-09
40,10,1.0,1.05,4.323342184647972e-09,-1.0336421304523904e-09
40,10,1.0,1.1,4.271440219390045e-09,-1.0408246377016763e-09
40,10,1.0,1.15,4.219396556685491e-09,-1.0397686236442466e-09
40,10,1.0,1.2,4.167560836783632e-09,-1.0328428583361153e-09
40,10,1.0,1.25,4.116180957582292e-09,-1.0217804560425096e-09
40,10,1.0,1.3,4.065430462482376e-09,-1.0078464467812623e-09
40,10,1.0,1.35,4.015428679054472e-09,-9.919621697025447e-10
40,10,1.0,1.4,3.966255490103141e-09,-9.747971473585897e-10
40,10,1.0,1.45,3.917962147578031e-09,-9.568366952418069e-10
40,10,1.0,1.5,3.870579178285971e-09,-9.384315444625524e-10
40,10,1.0,1.55,3.8241221571323575e-09,-9.198341936836946e-10
40,10,1.0,1.6,3.778595919258783e-09,-9.012255028279844e-10
40,10,1.0,1.65,3.7339976307035255e-09,-8.827341287568149e-10
40,10,1.0,1.7,3.6903190251268385e-09,-8.644507194053862e-10
40,10,1.0,1.75,3.6475480316613943e-09,-8.46438274527629e-10
40,10,1.0,1.8,3.6056699584122544e-09,-8.287397053860479e-10
40,10,1.0,1.85,3.56466835178523e-09,-8.113833489892816e-10
40,10,1.0,1.9,3.524525619385985e-09,-7.943869892959303e-10
40,10,1.0,1.95,3.4852234805243852e-09,-7.77760788928245e-10
40,10,1.0,2.0,3.4467432910477893e-09,-7.615094260190061e-10
40,10,1.0,2.05,3.409066276588959e-09,-7.45633651210834e-10
40,10,1.0,2.1,3.372173699093246e-09,-7.301314216912842e-10
40,10,1.0,2.15,3.3360469747618172e-09,-7.149987267126885e-10
40,10,1.0,2.2,3.3006677566400464e-09,-7.00230188081311e-10
40,10,1.0,2.25,3.2660179915002916e-09,-6.858194965125752e-10
40,10,1.0,2.3,3.2320799580568536e-09,-6.717597282724466e-10
40,10,1.0,2.35,3.198836291646243e-09,-6.580435745075062e-10
40,10,1.0,2.4,3.166269999116636e-09,-6.446635069018849e-10
40,10,1.0,2.45,3.134364466655919e-09,-6.316118969055774e-10
40,10,1.0,2.5,3.1031034625492746e-09,-6.188811011163471e-10
40,10,1.0,2.55,3.0724711363165713e-09,-6.064635219955107e-10
40,10,1.0,2.6,3.04245201528703e-09,-5.943516506165132e-10
40,10,1.0,2.65,3.0130309993806533e-09,-5.825380963351833e-10
40,10,1.0,2.7,2.984193354656509e-09,-5.710156069488784e-10
40,10,1.0,2.75,2.9559247060350714e-09,-5.597770819486657e-10
40,10,1.0,2.8,2.928211029489635e-09,-5.488155807643551e-10
40,10,1.0,2.85,2.9010386439211482e-09,-5.38124327389232e-10
40,10,1.0,2.9,2.8743942028703983e-09,-5.276967123965367e-10
40,10,1.0,2.95,2.8482646861788353e-09,-5.175262930856187e-10
40,10,1.0,3.0,2.8226373916773033e-09,-5.076067922966264e-10
40,10,1.0,3.05,2.797499926958805e-09,-4.97932096286031e-10
40,10,1.0,3.1,2.7728402012749444e-09,-4.884962519491737e-10
40,10,1.0,3.15,2.748646417582957e-09,-4.792934635981598e-10
40,10,1.0,3.2,2.7249070647619067e-09,-4.703180894464832e-10
40,10,1.0,3.25,2.701610910009403e-09,-4.6156463791034097e-10
40,10,1.0,3.3,2.678746991426193e-09,-4.5302776380633253e-10
40,10,1.0,3.35,2.656304610792449e-09,-4.447022645030107e-10
40,10,1.0,3.4,2.634273326536354e-09,-4.3658307606757316e-10
40,10,1.0,3.45,2.612642946895098e-09,-4.2866526943744274e-10
40,10,1.0,3.5,2.591403523266188e-09,-4.209440466374237e-10
40,10,1.0,3.55,2.570545343746423e-09,-4.1341473705713255e-10
40,10,1.0,3.6,2.55005892685519e-09,-4.060727937989411e-10
40,10,1.0,3.65,2.529935015438634e-09,-3.9891379010290866e-10
40,10,1.0,3.7,2.5101645707503656e-09,-3.9193341585312547e-10
40,10,1.0,3.75,2.4907387667049592e-09,-3.8512747416795274e-10
40,10,1.0,3.8,2.4716489842996164e-09,-3.78491878075518e-10
40,10,1.0,3.85,2.4528868062000454e-09,-3.7202264727459916e-10
40,10,1.0,3.9,2.4344440114861685e-09,-3.6571590498074035e-10
40,10,1.0,3.95,2.4163125705532796e-09,-3.595678748567525e-10
40,10,1.0,4.0,2.398484640164783e-09,-3.5357487802637976e-10
40,10,1.0,4.05,2.3809525586520306e-09,-3.4773333016994456e-10
40,10,1.0,4.1,2.3637088412574528e-09,-3.4203973870022745e-10
40,10,1.0,4.15,2.3467461756168497e-09,-3.3649070001721917e-10
40,10,1.0,4.2,2.3300574173771453e-09,-3.310828968397604e-10
40,10,1.0,4.25,2.3136355859454844e-09,-3.2581309561263485e-10
40,10,1.0,4.3,2.297473860366276e-09,-3.206781439872111e-10
40,10,1.0,4.35,2.2815655753223348e-09,-3.156749683738908e-10
40,10,1.0,4.4,2.265904217256636e-09,-3.108005715648087e-10
40,10,1.0,4.45,2.2504834206112577e-09,-3.0605203042486275e-10
40,10,1.0,4.5,2.2352969641800865e-09,-3.01426493649547e-10
40,10,1.0,4.55,2.220338767571921e-09,-2.9692117958792527e-10
40,10,1.0,4.6,2.2056028877809554e-09,-2.9253337412908543e-10
40,10,1.0,4.65,2.1910835158612872e-09,-2.882604286504684e-10
40,10,1.0,4.7,2.176774973702529e-09,-2.840997580266941e-10
40,10,1.0,4.75,2.162671710903545e-09,-2.800488386970774e-10
40,10,1.0,4.8,2.1487683017412525e-09,-2.7610520679071113e-10
40,10,1.0,4.85,2.1350594422319122e-09,-2.722664563073023e-10
40,10,1.0,4.9,2.12153994728194e-09,-2.685302373527042e-10
40,10,1.0,4.95,2.1082047479254584e-09,-2.6489425442749603e-10
40,10,1.0,5.0,2.0950488886464946e-09,-2.6135626476744983e-10
40,10,2.0,0.0,4.149721272252537e-08,5.653243683726336e-07
40,10,2.0,0.05,7.711436198219791e-08,8.626833040826327e-07
40,10,2.0,0.1,1.2747028609826447e-07,1.142296251197167e-06
40,10,2.0,0.15,1.898851613983049e-07,1.3355658107915083e-06
40,10,2.0,0.2,2.5895483255039706e-07,1.4059789310198063e-06
40,10,2.0,0.25,3.2849509140803106e-07,1.3580535632389007e-06
40,10,2.0,0.3,3.9331882402631684e-07,1.2238789593146825e-06
40,10,2.0,0.35,4.5011558714035197e-07,1.0434252566498436e-06
40,10,2.0,0.4,4.974637735062001e-07,8.50718879816499e-07
40,10,2.0,0.45,5.353690039585451e-07,6.685377386002548e-07
40,10,2.0,0.5,5.646979664630407e-07,5.089202988329548e-07
40,10,2.0,0.55,5.867095698201377e-07,3.7605963114624064e-07
40,10,2.0,0.6,6.027417025720288e-07,2.693894698348961e-07
40,10,2.0,0.65,6.140363199936e-07,1.8596189572734105e-07
40,10,2.0,0.7,6.216619505225249e-07,1.2197981916234473e-07
40,10,2.0,0.75,6.264949816273961e-07,7.3653299152762e-08
40,10,2.0,0.8,6.292316044043388e-07,3.760517659665208e-08
40,10,2.0,0.85,6.304127603896979e-07,1.10114259092304e-08
40,10,2.0,0.9,6.304522164239143e-07,-8.397665580235804e-09
40,10,2.0,0.95,6.296628937466176e-07,-2.2399086224271774e-08
40,10,2.0,1.0,6.282794795848447e-07,-3.235927962398706e-08
40,10,2.0,1.05,6.264768846526577e-07,-3.931583329245905e-08
40,10,2.0,1.1,6.243848343349206e-07,-4.404958415600854e-08
40,10,2.0,1.15,6.220991600836947e-07,-4.7144368307410425e-08
40,10,2.0,1.2,6.196904102349892e-07,-4.903468147107284e-08
40,10,2.0,1.25,6.17210349521207e-07,-5.00427716505401e-08
40,10,2.0,1.3,6.146968292670634e-07,-5.0407032112947165e-08
40,10,2.0,1.35,6.121774176491384e-07,-5.0303486902507616e-08
40,10,2.0,1.4,6.096720954987448e-07,-4.986191831047836e-08
40,10,2.0,1.45,6.07195252716414e-07,-4.917790289145428e-08
40,10,2.0,1.5,6.047571638140831e-07,-4.8321756916789316e-08
40,10,2.0,1.55,6.023650769119241e-07,-4.734516505988187e-08
40,10,2.0,1.6,6.000240166095489e-07,-4.6286081779998605e-08
40,10,2.0,1.65,5.977373754547362e-07,-4.517234989616488e-08
40,10,2.0,1.7,5.955073494258668e-07,-4.402436912636511e-08
40,10,2.0,1.75,5.93335258427185e-07,-4.285706246030756e-08
40,10,2.0,1.8,5.912217820770033e-07,-4.1681324316464915e-08
40,10,2.0,1.85,5.89167133124685e-07,-4.050508663994783e-08
40,10,2.0,1.9,5.871711849576716e-07,-3.933410353108557e-08
40,10,2.0,1.95,5.852335653224975e-07,-3.817252861735545e-08
40,10,2.0,2.0,5.833537251857461e-07,-3.7023339867917305e-08
40,10,2.0,2.05,5.815309893042232e-07,-3.5888652139652386e-08
40,10,2.0,2.1,5.797645933385032e-07,-3.47699471155601e-08
40,10,2.0,2.15,5.780537110666036e-07,-3.366824246474196e-08
40,10,2.0,2.2,5.763974743146121e-07,-3.258421628615159e-08
40,10,2.0,2.25,5.747949875296763e-07,-3.151829865319206e-08
40,10,2.0,2.3,5.73245338411745e-07,-3.04707389526486e-08
40,10,2.0,2.35,5.717476056463925e-07,-2.9441655413213793e-08
40,10,2.0,2.4,5.703008645055571e-07,-2.8431071528397047e-08
40,10,2.0,2.45,5.689041908805478e-07,-2.7438942834979718e-08
40,10,2.0,2.5,5.675566641626533e-07,-2.6465176593537058e-08
40,10,2.0,2.55,5.662573692769437e-07,-2.5509646244639862e-08
40,10,2.0,2.6,5.650053980943551e-07,-2.4572202019442584e-08
40,10,2.0,2.65,5.637998503876076e-07,-2.365267871919977e-08
40,10,2.0,2.7,5.626398344528843e-07,-2.2750901410425137e-08
40,10,2.0,2.75,5.615244674871443e-07,-2.1866689585238115e-08
40,10,2.0,2.8,5.604528757870187e-07,-2.0999860191496525e-08
40,10,2.0,2.85,5.594241948181685e-07,-2.015022983050087e-08
40,10,2.0,2.9,5.584375691907741e-07,-1.9317616341596464e-08
40,10,2.0,2.95,5.574921525677468e-07,-1.8501839935110283e-08
40,10,2.0,3.0,5.565871075249494e-07,-1.770272399253993e-08
40,10,2.0,3.05,5.557216053779186e-07,-1.6920095621606294e-08
40,10,2.0,3.1,5.548948259855396e-07,-1.6153786030643976e-08
40,10,2.0,3.15,5.541059575385122e-07,-1.540363076991403e-08
40,10,2.0,3.2,5.533541963383211e-07,-1.4669469874824655e-08
40,10,2.0,3.25,5.526387465709566e-07,-1.3951147936895028e-08
40,10,2.0,3.3,5.519588200784531e-07,-1.3248514121496772e-08
40,10,2.0,3.35,5.513136361306325e-07,-1.2561422146397295e-08
40,10,2.0,3.4,5.507024211986055e-07,-1.1889730231464936e-08
40,10,2.0,3.45,5.501244087313926e-07,-1.1233301027161404e-08
40,10,2.0,3.5,5.495788389365063e-07,-1.059200152748443e-08
40,10,2.0,3.55,5.49064958565214e-07,-9.965702971504921e-09
40,10,2.0,3.6,5.485820207029099e-07,-9.354280736594148e-09
40,10,2.0,3.65,5.481292845649948e-07,-8.7576142256083e-09
40,10,2.0,3.7,5.477060152985362e-07,-8.175586749734772e-09
40,10,2.0,3.75,5.473114837898153e-07,-7.608085408255828e-09
40,10,2.0,3.8,5.469449664780201e-07,-7.05500096614349e-09
40,10,2.0,3.85,5.466057451749949e-07,-6.516227730219948e-09
40,10,2.0,3.9,5.462931068913243e-07,-5.9916634243650006e-09
40,10,2.0,3.95,5.460063436685563e-07,-5.4812090642090125e-09
40,10,2.0,4.0,5.45744752417801e-07,-4.984768831577401e-09
40,10,2.0,4.05,5.455076347645185e-07,-4.502249948945111e-09
40,10,2.0,4.1,5.452942968996598e-07,-4.0335625540482875e-09
40,10,2.0,4.15,5.451040494370022e-07,-3.5786195748318107e-09
40,10,2.0,4.2,5.4493620727677e-07,-3.137336604827003e-09
40,10,2.0,4.25,5.447900894754571e-07,-2.709631779037525e-09
40,10,2.0,4.3,5.446650191218561e-07,-2.2954256504397508e-09
40,10,2.0,4.35,5.445603232192025e-07,-1.894641067165346e-09
40,10,2.0,4.4,5.444753325735024e-07,-1.5072030503836555e-09
40,10,2.0,4.45,5.444093816879087e-07,-1.1330386729825599e-09
40,10,2.0,4.5,5.44361808663155e-07,-7.720769390887402e-10
40,10,2.0,4.55,5.443319551039518e-07,-4.242486644435371e-10
40,10,2.0,4.6,5.443191660314508e-07,-8.94863577144462e-11
40,10,2.0,4.65,5.443227898014613e-07,2.3227589724044548e-10
40,10,2.0,4.7,5.443421780286882e-07,5.41102558091623e-10
40,10,2.0,4.75,5.443766855166404e-07,8.370567397272304e-10
40,10,2.0,4.8,5.444256701934037e-07,1.1202003288512371e-09
40,10,2.0,4.85,5.444884930530686e-07,1.3905940974507668e-09
40,10,2.0,4.9,5.445645181027947e-07,1.6482978151084687e-09
40,10,2.0,4.95,5.446531123154697e-07,1.8933703601043633e-09
40,10,2.0,5.0,5.447536455879158e-07,2.12586982928062e-09
40,10,3.0,0.0,3.375773817752564e-07,5.575690330597378e-06
40,10,3.0,0.05,7.250559039896843e-07,1.0184001767155112e-05
40,10,3.0,0.1,1.3757601224440403e-06,1.5952357020054764e-05
40,10,3.0,0.15,2.319470145352348e-06,2.1666037604792614e-05
40,10,3.0,0.2,3.5183829611131056e-06,2.596025681750885e-05
40,10,3.0,0.25,4.877314827326529e-06,2.7991687912127557e-05
40,10,3.0,0.3,6.278470039954462e-06,2.7698363027892396e-05
40,10,3.0,0.35,7.61701867322534e-06,2.5603911961006188e-05
40,10,3.0,0.4,8.82125488375175e-06,2.2450092397703563e-05
40,10,3.0,0.45,9.855708172391308e-06,1.8910039488043454e-05
40,10,3.0,0.5,1.0713875961111906e-05,1.5459964437228662e-05
40,10,3.0,0.55,1.140780680188034e-05,1.2370721399359888e-05
40,10,3.0,0.6,1.1958894040580734e-05,9.754922383188016e-06
40,10,3.0,0.65,1.2391413888120834e-05,7.624277417159078e-06
40,10,3.0,0.7,1.2728713793863633e-05,5.936456867812523e-06
40,10,3.0,0.75,1.2991361616603184e-05,4.626661520981884e-06
40,10,3.0,0.8,1.3196530520407568e-05,3.626101258603404e-06
40,10,3.0,0.85,1.3358063461217645e-05,2.871361215947086e-06
40,10,3.0,0.9,1.3486853907731924e-05,2.3081924514481008e-06
40,10,3.0,0.95,1.3591331227201067e-05,1.8922417456860721e-06
40,10,3.0,1.0,1.3677940534065662e-05,1.5882987788713097e-06
40,10,3.0,1.05,1.3751567709729911e-05,1.368963966216396e-06
40,10,3.0,1.1,1.3815893820325716e-05,1.2132099824642629e-06
40,10,3.0,1.15,1.387367990509839e-05,1.1050576865049058e-06
40,10,3.0,1.2,1.3926990331314232e-05,1.0324493327057359e-06
40,10,3.0,1.25,1.3977365103817773e-05,9.863322971456892e-07
40,10,3.0,1.3,1.4025951277827686e-05,9.599350770050409e-07
40,10,3.0,1.35,1.407360237088888e-05,9.482060230019928e-07
40,10,3.0,1.4,1.4120953131266179e-05,9.47383880862501e-07
40,10,3.0,1.45,1.416847553732348e-05,9.546721823370048e-07
40,10,3.0,1.5,1.4216520613113945e-05,9.67993972021198e-07
40,10,3.0,1.55,1.4265349584672623e-05,9.85807906265258e-07
40,10,3.0,1.6,1.4315157057612676e-05,1.0069708281111622e-06
40,10,3.0,1.65,1.436608823965094e-05,1.0306353199688766e-06
40,10,3.0,1.7,1.4418251727632989e-05,1.0561734639004084e-06
40,10,3.0,1.75,1.4471728995797172e-05,1.083120175836426e-06
40,10,3.0,1.8,1.4526581433304416e-05,1.1111311256354363e-06
40,10,3.0,1.85,1.4582855562429297e-05,1.139951508073486e-06
40,10,3.0,1.9,1.4640586906849537e-05,1.1693928766734358e-06
40,10,3.0,1.95,1.469980285870597e-05,1.1993159636088141e-06
40,10,3.0,2.0,1.4760524803216249e-05,1.2296179412002685e-06
40,10,3.0,2.05,1.4822769692817382e-05,1.2602229776628897e-06
40,10,3.0,2.1,1.488655121320171e-05,1.2910752354699735e-06
40,10,3.0,2.15,1.4951880646797647e-05,1.3221336805460982e-06
40,10,3.0,2.2,1.5018767511939567e-05,1.3533682337770023e-06
40,10,3.0,2.25,1.5087220035727153e-05,1.384756917494021e-06
40,10,3.0,2.3,1.5157245503566204e-05,1.416283739463608e-06
40,10,3.0,2.35,1.5228850517255139e-05,1.4479371235501435e-06
40,10,3.0,2.4,1.5302041185241954e-05,1.4797087456164103e-06
40,10,3.0,2.45,1.5376823262559385e-05,1.511592669836317e-06
40,10,3.0,2.5,1.5453202253421584e-05,1.5435847077265358e-06
40,10,3.0,2.55,1.553118348610615e-05,1.5756819423124687e-06
40,10,3.0,2.6,1.5610772167257253e-05,1.6078823747413814e-06
40,10,3.0,2.65,1.569197342090334e-05,1.6401846617020475e-06
40,10,3.0,2.7,1.5774792316113477e-05,1.672587920191578e-06
40,10,3.0,2.75,1.5859233886201976e-05,1.7050915822380094e-06
40,10,3.0,2.8,1.5945303141641913e-05,1.7376952866826914e-06
40,10,3.0,2.85,1.6033005078290223e-05,1.7703987984591474e-06
40,10,3.0,2.9,1.612234468211116e-05,1.8032019482773366e-06
40,10,3.0,2.95,1.62133269312819e-05,1.8361045874531087e-06
40,10,3.0,3.0,1.630595679633442e-05,1.869106553981536e-06
40,10,3.0,3.05,1.6400239238820248e-05,1.9022076469599066e-06
40,10,3.0,3.1,1.649617920885904e-05,1.9354076072140964e-06
40,10,3.0,3.15,1.6593781641839726e-05,1.968706102534828e-06
40,10,3.0,3.2,1.6693051454472604e-05,2.002102716342219e-06
40,10,3.0,3.25,1.679399354034225e-05,2.0355969389022563e-06
40,10,3.0,3.3,1.689661276507107e-05,2.069188160443704e-06
40,10,3.0,3.35,1.7000913961176076e-05,2.102875665693905e-06
40,10,3.0,3.4,1.710690192267911e-05,2.13665862947397e-06
40,10,3.0,3.45,1.7214581399518866e-05,2.1705361130888443e-06
40,10,3.0,3.5,1.7323957091797685e-05,2.2045070613141797e-06
40,10,3.0,3.55,1.7435033643889295e-05,2.238570299834687e-06
40,10,3.0,3.6,1.7547815638427566e-05,2.2727245330255798e-06
40,10,3.0,3.65,1.7662307590190932e-05,2.3069683419956965e-06
40,10,3.0,3.7,1.7778513939895275e-05,2.3413001828351033e-06
40,10,3.0,3.75,1.789643904790144e-05,2.375718385020675e-06
40,10,3.0,3.8,1.801608718784836e-05,2.4102211499504173e-06
40,10,3.0,3.85,1.813746254021406e-05,2.4448065495791645e-06
40,10,3.0,3.9,1.826056918581175e-05,2.4794725251413735e-06
40,10,3.0,3.95,1.8385411099222766e-05,2.5142168859464663e-06
40,10,3.0,4.0,1.8511992142172305e-05,2.5490373082378624e-06
40,10,3.0,4.05,1.864031605684794e-05,2.583931334109557e-06
40,10,3.0,4.1,1.8770386459167173e-05,2.618896370474973e-06
40,10,3.0,4.15,1.8902206831992515e-05,2.6539296880856065e-06
40,10,3.0,4.2,1.9035780518300836e-05,2.689028420596599e-06
40,10,3.0,4.25,1.9171110714305423e-05,2.724189563678361e-06
40,10,3.0,4.3,1.930820046253636e-05,2.7594099741734475e-06
40,10,3.0,4.35,1.9447052644878052e-05,2.7946863692986923e-06
40,10,3.0,4.4,1.958766997556908e-05,2.8300153258918334e-06
40,10,3.0,4.45,1.9730054994166247e-05,2.8653932797045163e-06
40,10,3.0,4.5,1.9874210058472386e-05,2.9008165247397406e-06
40,10,3.0,4.55,2.0020137337433968e-05,2.9362812126372705e-06
40,10,3.0,4.6,2.0167838804008628e-05,2.9717833521055503e-06
40,10,3.0,4.65,2.031731622800495e-05,3.0073188084023364e-06
40,10,3.0,4.7,2.0468571168898444e-05,3.0428833028633243e-06
40,10,3.0,4.75,2.0621604968624317e-05,3.0784724124824028e-06
40,10,3.0,4.8,2.077641874435126e-05,3.1140815695411456e-06
40,10,3.0,4.85,2.0933013381237434e-05,3.149706061291356e-06
40,10,3.0,4.9,2.1091389525172173e-05,3.185341029690278e-06
40,10,3.0,4.95,2.1251547575505643e-05,3.220981471189341e-06
40,10,3.0,5.0,2.141348767777018e-05,3.2566222365788615e-06
40,10,4.0,0.0,3.684758242736195e-07,7.0182344576206735e-06
40,10,4.0,0.05,9.055015075908503e-07,1.5257603720683026e-05
40,10,4.0,0.1,1.97834229601796e-06,2.8470024447177223e-05
40,10,4.0,0.15,3.818280749816037e-06,4.5544861535398553e-05
40,10,4.0,0.2,6.541279523577327e-06,6.309953159274266e-05
40,10,4.0,0.25,1.0066594616675798e-05,7.700483955186787e-05
40,10,4.0,0.3,1.4132573989392523e-05,8.444146597196307e-05
40,10,4.0,0.35,1.8393040882751318e-05,8.488074150658275e-05
40,10,4.0,0.4,2.252589328291114e-05,7.966055387728999e-05
40,10,4.0,0.45,2.6300578300273024e-05,7.092400213411283e-05
40,10,4.0,0.5,2.9594116054119726e-05,6.0717200487418484e-05
40,10,4.0,0.55,3.2373215693794304e-05,5.054439199074385e-05
40,10,4.0,0.6,3.466429759555388e-05,4.129967952625175e-05
40,10,4.0,0.65,3.652557538141042e-05,3.3387849733342884e-05
40,10,4.0,0.7,3.802676673158382e-05,2.6891271117916834e-05
40,10,4.0,0.75,3.9236712335708847e-05,2.1712766173449844e-05
40,10,4.0,0.8,4.021706278758799e-05,1.7674854738962033e-05
40,10,4.0,0.85,4.1019900299722226e-05,1.4579524569208208e-05
40,10,4.0,0.9,4.1687592075091045e-05,1.2239660626933975e-05
40,10,4.0,0.95,4.2253732103679414e-05,1.0492699557601824e-05
40,10,4.0,1.0,4.2744489183038596e-05,9.20426847080606e-06
40,10,4.0,1.05,4.317999522666198e-05,8.26679188294764e-06
40,10,4.0,1.1,4.357560213735116e-05,7.595980948877466e-06
40,10,4.0,1.15,4.394294481868198e-05,7.126769832289757e-06
40,10,4.0,1.2,4.429080413041525e-05,6.8094576159387605e-06
40,10,4.0,1.25,4.4625789125720654e-05,6.606364853381596e-06
40,10,4.0,1.3,4.495286686564874e-05,6.489080962008862e-06
40,10,4.0,1.35,4.527576880343184e-05,6.43626904353254e-06
40,10,4.0,1.4,4.559729978601431e-05,6.431951492647051e-06
40,10,4.0,1.45,4.5919571551892124e-05,6.464190034107911e-06
40,10,4.0,1.5,4.624417838833614e-05,6.524079484181935e-06
40,10,4.0,1.55,4.657232885165044e-05,6.604986041512621e-06
40,10,4.0,1.6,4.6904944311808047e-05,6.701973569939948e-06
40,10,4.0,1.65,4.724273255463505e-05,6.811373031704511e-06
40,10,4.0,1.7,4.758624268949098e-05,6.9304601913975355e-06
40,10,4.0,1.75,4.7935906076545764e-05,7.057214815867838e-06
40,10,4.0,1.8,4.8292066815823176e-05,7.190141004678665e-06
40,10,4.0,1.85,4.865500445166816e-05,7.3281332608597394e-06
40,10,4.0,1.9,4.9024950876418454e-05,7.470376725071638e-06
40,10,4.0,1.95,4.940210291402283e-05,7.616272893608518e-06
40,10,4.0,2.0,4.9786631687614584e-05,7.76538432837753e-06
40,10,4.0,2.05,5.017868959356569e-05,7.917393511595473e-06
40,10,4.0,2.1,5.0578415494454945e-05,8.072072230365416e-06
40,10,4.0,2.15,5.0985938586818666e-05,8.229258797723676e-06
40,10,4.0,2.2,5.140138128289121e-05,8.388841104541381e-06
40,10,4.0,2.25,5.1824861358739594e-05,8.550744009461907e-06
40,10,4.0,2.3,5.2256493556535745e-05,8.714919956042947e-06
40,10,4.0,2.35,5.2696390780672576e-05,8.88134199069394e-06
40,10,4.0,2.4,5.3144664991613585e-05,9.04999856662511e-06
40,10,4.0,2.45,5.3601427874804026e-05,9.220889676520768e-06
40,10,4.0,2.5,5.4066791342136446e-05,9.394023973768366e-06
40,10,4.0,2.55,5.454086790877678e-05,9.569416629213716e-06
40,10,4.0,2.6,5.502377097717989e-05,9.747087735207991e-06
40,10,4.0,2.65,5.551561505199229e-05,9.927061116918028e-06
40,10,4.0,2.7,5.601651590346879e-05,1.0109363446713627e-05
40,10,4.0,2.75,5.65265906925239e-05,1.0294023584114808e-05
40,10,4.0,2.8,5.704595806718362e-05,1.0481072083612266e-05
40,10,4.0,2.85,5.757473823770939e-05,1.0670540827441402e-05
40,10,4.0,2.9,5.811305303579447e-05,1.0862462751346472e-05
40,10,4.0,2.95,5.866102596186597e-05,1.1056871639565938e-05
40,10,4.0,3.0,5.921878222348963e-05,1.1253801971327265e-05
40,10,4.0,3.05,5.978644876710226e-05,1.1453288805670107e-05
40,10,4.0,3.1,6.036415430473284e-05,1.1655367694783901e-05
40,10,4.0,3.15,6.095202933694898e-05,1.1860074618550578e-05
40,10,4.0,3.2,6.155020617294153e-05,1.2067445934845643e-05
40,10,4.0,3.25,6.215881894843445e-05,1.2277518341541457e-05
40,10,4.0,3.3,6.277800364191896e-05,1.2490328847192308e-05
40,10,4.0,3.35,6.340789808959271e-05,1.2705914748145972e-05
40,10,4.0,3.4,6.40486419992804e-05,1.2924313610402518e-05
40,10,4.0,3.45,6.470037696353668e-05,1.3145563254968078e-05
40,10,4.0,3.5,6.536324647208512e-05,1.3369701745768975e-05
40,10,4.0,3.55,6.603739592370367e-05,1.3596767379428024e-05
40,10,4.0,3.6,6.672297263762959e-05,1.3826798676379784e-05
40,10,4.0,3.65,6.742012586455229e-05,1.4059834372936986e-05
40,10,4.0,3.7,6.812900679721992e-05,1.4295913414015307e-05
40,10,4.0,3.75,6.884976858069875e-05,1.4535074946294788e-05
40,10,4.0,3.8,6.958256632229593e-05,1.4777358311656815e-05
40,10,4.0,3.85,7.03275571011588e-05,1.502280304076963e-05
40,10,4.0,3.9,7.108489997755599e-05,1.5271448846728285e-05
40,10,4.0,3.95,7.18547560018371e-05,1.5523335618679045e-05
40,10,4.0,4.0,7.263728822307907e-05,1.5778503415370703e-05
40,10,4.0,4.05,7.343266169739638e-05,1.6036992458592214e-05
40,10,4.0,4.1,7.424104349593276e-05,1.629884312646382e-05
40,10,4.0,4.15,7.506260271250082e-05,1.6564095946552677e-05
40,10,4.0,4.2,7.589751047088195e-05,1.6832791588794744e-05
40,10,4.0,4.25,7.674593993176236e-05,1.710497085820615e-05
40,10,4.0,4.3,7.760806629929847e-05,1.7380674687362744e-05
40,10,4.0,4.35,7.848406682730538e-05,1.7659944128648208e-05
40,10,4.0,4.4,7.937412082504435e-05,1.7942820346247115e-05
40,10,4.0,4.45,8.027840966261068e-05,1.822934460788091e-05
40,10,4.0,4.5,8.119711677589715e-05,1.8519558276275987e-05
40,10,4.0,4.55,8.21304276711235e-05,1.8813502800357025e-05
40,10,4.0,4.6,8.307852992892396e-05,1.9111219706153993e-05
40,10,4.0,4.65,8.404161320796434e-05,1.9412750587421982e-05
40,10,4.0,4.7,8.501986924809412e-05,1.9718137095963027e-05
40,10,4.0,4.75,8.601349187299221e-05,2.002742093163969e-05
40,10,4.0,4.8,8.702267699232266e-05,2.0340643832084873e-05
40,10,4.0,4.85,8.804762260335145e-05,2.065784756208647e-05
40,10,4.0,4.9,8.908852879203749e-05,2.0979073902653542e-05
40,10,4.0,4.95,9.014559773356215e-05,2.1304364639750843e-05
40,10,4.0,5.0,9.12190336922867e-05,2.1633761552695272e-05
40,10,5.0,0.0,1.080366748579377e-07,2.2505673322789895e-06
40,10,5.0,0.05,2.9529494595620346e-07,5.689625992945802e-06
40,10,5.0,0.1,7.34677652463652e-07,1.2575633699400895e-05
40,10,5.0,0.15,1.6275309519806175e-06,2.3881029793622353e-05
40,10,5.0,0.2,3.1853293735552406e-06,3.8862161260767416e-05
40,10,5.0,0.25,5.5283766247765736e-06,5.4688947117580966e-05
40,10,5.0,0.3,8.60595753150345e-06,6.765687879695837e-05
40,10,5.0,0.35,1.2199921169573825e-05,7.504908053577684e-05
40,10,5.0,0.4,1.6005150340703388e-05,7.615934695772903e-05
40,10,5.0,0.45,1.9728114467918344e-05,7.203208161306042e-05
40,10,5.0,0.5,2.3152314852689e-05,6.453994748423777e-05
40,10,5.0,0.55,2.6157298866814225e-05,5.5542534376538046e-05
40,10,5.0,0.6,2.870518693635889e-05,4.644328881221636e-05
40,10,5.0,0.65,3.081445383713469e-05,3.809838958742872e-05
40,10,5.0,0.7,3.253450712700414e-05,3.091233274223403e-05
40,10,5.0,0.75,3.3926772212156395e-05,2.498578521473869e-05
40,10,5.0,0.8,3.50529165942002e-05,2.024657343413581e-05
40,10,5.0,0.85,3.596869301787503e-05,1.654249979980175e-05
40,10,5.0,0.9,3.6721490274028945e-05,1.369815347953374e-05
40,10,5.0,0.95,3.735002163962952e-05,1.1545335014154148e-05
40,10,5.0,1.0,3.788507926615546e-05,9.936694353525682e-06
40,10,5.0,1.05,3.835070642524021e-05,8.749784413020577e-06
40,10,5.0,1.1,3.8765435029214e-05,7.886218943317127e-06
40,10,5.0,1.15,3.914341948643092e-05,7.26870642022913e-06
40,10,5.0,1.2,3.9495402422824455e-05,6.837465414030395e-06
40,10,5.0,1.25,3.982950224550114e-05,6.546762697364798e-06
40,10,5.0,1.3,4.015183775882924e-05,6.361885757752434e-06
40,10,5.0,1.35,4.046701436020612e-05,6.256636351673836e-06
40,10,5.0,1.4,4.077849762828357e-05,6.211324141217641e-06
40,10,5.0,1.45,4.108889778488057e-05,6.211195591725429e-06
40,10,5.0,1.5,4.140018489518918e-05,6.245221937410413e-06
40,10,5.0,1.55,4.171385091641803e-05,6.305173807368891e-06
40,10,5.0,1.6,4.203103131602082e-05,6.384919874863023e-06
40,10,5.0,1.65,4.2352596128074025e-05,6.479898070616199e-06
40,10,5.0,1.7,4.267921801097932e-05,6.586718397166955e-06
40,10,5.0,1.75,4.3011423053785e-05,6.702865399058444e-06
40,10,5.0,1.8,4.334962867226863e-05,6.8264757194294215e-06
40,10,5.0,1.85,4.369417185970964e-05,6.956172027226023e-06
40,10,5.0,1.9,4.404533024027174e-05,7.090939154548865e-06
40,10,5.0,1.95,4.4403337756265164e-05,7.230031781825183e-06
40,10,5.0,2.0,4.476839635706443e-05,7.372905670198619e-06
40,10,5.0,2.05,4.5140684710074736e-05,7.519166452698004e-06
40,10,5.0,2.1,4.552036469440242e-05,7.668531509872619e-06
40,10,5.0,2.15,4.5907586243901425e-05,7.820801591142074e-06
40,10,5.0,2.2,4.630249096160373e-05,7.975839692763081e-06
40,10,5.0,2.25,4.670521481974968e-05,8.133555337935668e-06
40,10,5.0,2.3,4.7115890179278406e-05,8.29389287800223e-06
40,10,5.0,2.35,4.7534647302886784e-05,8.456822786581644e-06
40,10,5.0,2.4,4.796161549121786e-05,8.622335181334498e-06
40,10,5.0,2.45,4.839692393863187e-05,8.790435003784762e-06
40,10,5.0,2.5,4.884070238033094e-05,8.961138433311532e-06
40,10,5.0,2.55,4.929308158428695e-05,9.134470219855862e-06
40,10,5.0,2.6,4.9754193727736915e-05,9.310461700577734e-06
40,10,5.0,2.65,5.022417268787156e-05,9.489149325737143e-06
40,10,5.0,2.7,5.070315426875765e-05,9.670573563757643e-06
40,10,5.0,2.75,5.1191276380925766e-05,9.854778088674235e-06
40,10,5.0,2.8,5.168867918583933e-05,1.0041809177906583e-05
40,10,5.0,2.85,5.219550521436584e-05,1.0231715266719635e-05
40,10,5.0,2.9,5.27118994660321e-05,1.0424546619426237e-05
40,10,5.0,2.95,5.3238009494118823e-05,1.0620355087597507e-05
40,10,5.0,3.0,5.377398548037168e-05,1.081919393313283e-05
40,10,5.0,3.05,5.4319980302123866e-05,1.1021117699690883e-05
40,10,5.0,3.1,5.487614959395061e-05,1.1226182120208394e-05
40,10,5.0,3.15,5.544265180539028e-05,1.1434444051339155e-05
40,10,5.0,3.2,5.601964825592835e-05,1.1645961428011245e-05
40,10,5.0,3.25,5.660730318809218e-05,1.1860793233006583e-05
40,10,5.0,3.3,5.7205783819326954e-05,1.2078999477791985e-05
40,10,5.0,3.35,5.781526039312896e-05,1.2300641191767837e-05
40,10,5.0,3.4,5.8435906229808926e-05,1.2525780417836874e-05
40,10,5.0,3.45,5.9067897777160755e-05,1.2754480212724757e-05
40,10,5.0,3.5,5.971141466123355e-05,1.298680465088162e-05
40,10,5.0,3.55,6.036663973737598e-05,1.322281883108991e-05
40,10,5.0,3.6,6.103375914166022e-05,1.346258888513235e-05
40,10,5.0,3.65,6.17129623427843e-05,1.3706181988029471e-05
40,10,5.0,3.7,6.240444219451357e-05,1.3953666369484605e-05
40,10,5.0,3.75,6.310839498872163e-05,1.4205111326266248e-05
40,10,5.0,3.8,6.382502050906976e-05,1.4460587235322439e-05
40,10,5.0,3.85,6.455452208535596e-05,1.4720165567475143e-05
40,10,5.0,3.9,6.529710664855977e-05,1.4983918901581147e-05
40,10,5.0,3.95,6.605298478660573e-05,1.5251920939071771e-05
40,10,5.0,4.0,6.682237080086398e-05,1.5524246518806713e-05
40,10,5.0,4.05,6.760548276339851e-05,1.5800971632190556e-05
40,10,5.0,4.1,6.840254257497478e-05,1.6082173438519273e-05
40,10,5.0,4.15,6.921377602384523e-05,1.6367930280518743e-05
40,10,5.0,4.2,7.003941284531091e-05,1.665832170005936e-05
40,10,5.0,4.25,7.087968678207424e-05,1.6953428454025373e-05
40,10,5.0,4.3,7.173483564539311e-05,1.7253332530324283e-05
40,10,5.0,4.35,7.260510137702803e-05,1.755811716402327e-05
40,10,5.0,4.4,7.349073011201542e-05,1.7867866853605217e-05
40,10,5.0,4.45,7.439197224223756e-05,1.8182667377328713e-05
40,10,5.0,4.5,7.530908248082923e-05,1.850260580969302e-05
40,10,5.0,4.55,7.624231992740039e-05,1.8827770537990013e-05
40,10,5.0,4.6,7.719194813409145e-05,1.915825127894553e-05
40,10,5.0,4.65,7.815823517246346e-05,1.9494139095435104e-05
40,10,5.0,4.7,7.914145370122467e-05,1.983552641327294e-05
40,10,5.0,4.75,8.014188103479765e-05,2.018250703806541e-05
40,10,5.0,4.8,8.11597992127334e-05,2.05351761721189e-05
40,10,5.0,4.85,8.219549506996898e-05,2.0893630431402647e-05
40,10,5.0,4.9,8.32492603079341e-05,2.1257967862550684e-05
40,10,5.0,4.95,8.432139156651261e-05,2.162828795990229e-05
40,10,5.0,5.0,8.541219049685596e-05,2.2004691682571978e-05
40,15,0.0,0.0,9.637936845889114e-12,8.584782590300347e-11
40,15,0.0,0.05,1.4309458685335155e-11,9.951215418369837e-11
40,15,0.0,0.1,1.9424761236600536e-11,1.0343007165028922e-10
40,15,0.0,0.15,2.4497791513903136e-11,9.814073564689277e-11
40,15,0.0,0.2,2.912994777790599e-11,8.633392973975176e-11
40,15,0.0,0.25,3.307689922444214e-11,7.124866176224763e-11
40,15,0.0,0.3,3.624556054970388e-11,5.5574842119037615e-11
40,15,0.0,0.35,3.8654154940062956e-11,4.1057556402775704e-11
40,15,0.0,0.4,4.0385461460518924e-11,2.856834971824521e-11
40,15,0.0,0.45,4.1549169352607184e-11,1.8358084542299756e-11
40,15,0.0,0.5,4.225746439163057e-11,1.0314078096310553e-11
40,15,0.0,0.55,4.261197412120609e-11,4.152412784885528e-12
40,15,0.0,0.6,4.269848711615722e-11,-4.61770158088517e-13
40,15,0.0,0.65,4.258621055065527e-11,-3.84966090245096e-12
40,15,0.0,0.7,4.232928118725398e-11,-6.290229535377031e-12
40,15,0.0,0.75,4.1969136980425033e-11,-8.012222416760804e-12
40,15,0.0,0.8,4.153699847351077e-11,-9.196462132661328e-12
40,15,0.0,0.85,4.105611004719296e-11,-9.982423883001656e-12
40,15,0.0,0.9,4.05436165609171e-11,-1.0475877505583638e-11
40,15,0.0,0.95,4.0012065364054165e-11,-1.0756072337042697e-11
40,15,0.0,1.0,3.947057407775223e-11,-1.0881872426018266e-11
40,15,0.0,1.05,3.892572096746542e-11,-1.089672084015185e-11
40,15,0.0,1.1,3.838221469407216e-11,-1.0832524744302612e-11
40,15,0.0,1.15,3.78433933317379e-11,-1.0712629980124403e-11
40,15,0.0,1.2,3.731159365195886e-11,-1.0554064812961068e-11
40,15,0.0,1.25,3.6788423061000406e-11,-1.0369214913509088e-11
40,15,0.0,1.3,3.627495913543805e-11,-1.0167064598251123e-11
40,15,0.0,1.35,3.577189564571118e-11,-9.954111835926949e-12
40,15,0.0,1.4,3.527964920668119e-11,-9.735040228102846e-12
40,15,0.0,1.45,3.479843705198225e-11,-9.513211174020997e-12
40,15,0.0,1.5,3.432833367992696e-11,-9.291023631220807e-12
40,15,0.0,1.55,3.386931206597476e-11,-9.070176719724846e-12
40,15,0.0,1.6,3.342127361547759e-11,-8.851861211040905e-12
40,15,0.0,1.65,3.298406990899638e-11,-8.636899055805175e-12
40,15,0.0,1.7,3.2557518468972075e-11,-8.425844993190267e-12
40,15,0.0,1.75,3.214141417343854e-11,-8.219060514665049e-12
40,15,0.0,1.8,3.173553750168874e-11,-8.016767684301279e-12
40,15,0.0,1.85,3.133966047504873e-11,-7.819088288235174e-12
40,15,0.0,1.9,3.095355092133464e-11,-7.626072302143528e-12
40,15,0.0,1.95,3.057697552061241e-11,-7.43771858251111e-12
40,15,0.0,2.0,3.020970196537822e-11,-7.253989897682089e-12
40,15,0.0,2.05,2.985150047762285e-11,-7.074823839206145e-12
40,15,0.0,2.1,2.950214485925141e-11,-6.900140734876022e-12
40,15,0.0,2.15,2.91614132042859e-11,-6.729849379703405e-12
40,15,0.0,2.2,2.8829088366316216e-11,-6.563851178974758e-12
40,15,0.0,2.25,2.850495824921496e-11,-6.402043135862397e-12
40,15,0.0,2.3,2.8188815970598314e-11,-6.244319998409368e-12
40,15,0.0,2.35,2.7880459934032914e-11,-6.090575795074624e-12
40,15,0.0,2.4,2.7579693836173023e-11,-5.940704925701227e-12
40,15,0.0,2.45,2.728632662785197e-11,-5.7946029293950485e-12
40,15,0.0,2.5,2.7000172442960814e-11,-5.652167017783193e-12
40,15,0.0,2.55,2.6721050505144997e-11,-5.513296438068597e-12
40,15,0.0,2.6,2.64487850195984e-11,-5.3778927127930035e-12
40,15,0.0,2.65,2.618320505521536e-11,-5.2458597904693614e-12
40,15,0.0,2.7,2.592414442090839e-11,-5.11710413195683e-12
40,15,0.0,2.75,2.56714415388226e-11,-4.991534750688874e-12
40,15,0.0,2.8,2.5424939316411657e-11,-4.869063219935865e-12
40,15,0.0,2.85,2.5184485018766513e-11,-4.749603656692783e-12
40,15,0.0,2.9,2.4949930142185097e-11,-4.6330726891672985e-12
40,15,0.0,2.95,2.4721130289670714e-11,-4.519389412935669e-12
40,15,0.0,3.0,2.4497945048823717e-11,-4.408475339445217e-12
40,15,0.0,3.05,2.4280237872444366e-11,-4.3002543395281056e-12
40,15,0.0,3.1,2.4067875962043773e-11,-4.194652583854555e-12
40,15,0.0,3.15,2.3860730154375684e-11,-4.0915984817138696e-12
40,15,0.0,3.2,2.3658674811054558e-11,-3.991022619122449e-12
40,15,0.0,3.25,2.3461587711263765e-11,-3.89285769696744e-12
40,15,0.0,3.3,2.3269349947550258e-11,-3.797038469693404e-12
40,15,0.0,3.35,2.3081845824660983e-11,-3.703501684880826e-12
40,15,0.0,3.4,2.2898962761372764e-11,-3.6121860239614003e-12
40,15,0.0,3.45,2.2720591195255653e-11,-3.5230320442308476e-12
40,15,0.0,3.5,2.2546624490300295e-11,-3.435982122263834e-12
40,15,0.0,3.55,2.2376958847337992e-11,-3.350980398792669e-12
40,15,0.0,3.6,2.2211493217179552e-11,-3.26797272508359e-12
40,15,0.0,3.65,2.205012921639871e-11,-3.1869066108177354e-12
40,15,0.0,3.7,2.189277104568164e-11,-3.1077311734744738e-12
40,15,0.0,3.75,2.1739325410672555e-11,-3.030397089198316e-12
40,15,0.0,3.8,2.1589701445238626e-11,-2.9548565451270934e-12
40,15,0.0,3.85,2.1443810637080395e-11,-2.88106319315072e-12
40,15,0.0,3.9,2.1301566755623204e-11,-2.8089721050685717e-12
40,15,0.0,3.95,2.116288578211279e-11,-2.7385397291099693e-12
40,15,0.0,4.0,2.1027685841853664e-11,-2.6697238477810543e-12
40,15,0.0,4.05,2.089588713852201e-11,-2.60248353700109e-12
40,15,0.0,4.1,2.0767411890490885e-11,-2.5367791264916816e-12
40,15,0.0,4.15,2.0642184269104045e-11,-2.4725721613796306e-12
40,15,0.0,4.2,2.0520130338842225e-11,-2.4098253649797447e-12
40,15,0.0,4.25,2.040117799931887e-11,-2.348502602717873e-12
40,15,0.0,4.3,2.0285256929054603e-11,-2.288568847162125e-12
40,15,0.0,4.35,2.0172298530971754e-11,-2.229990144125494e-12
40,15,0.0,4.4,2.0062235879556972e-11,-2.1727335798057984e-12
40,15,0.0,4.45,1.995500366964364e-11,-2.116767248932141e-12
40,15,0.0,4.5,1.9850538166759998e-11,-2.0620602238831526e-12
40,15,0.0,4.55,1.974877715900029e-11,-2.0085825247479835e-12
40,15,0.0,4.6,1.9649659910368472e-11,-1.9563050902981676e-12
40,15,0.0,4.65,1.955312711555022e-11,-1.905199749841819e-12
40,15,0.0,4.7,1.9459120856073336e-11,-1.8552391959317153e-12
40,15,0.0,4.75,1.9367584557809677e-11,-1.8063969578986494e-12
40,15,0.0,4.8,1.927846294978165e-11,-1.7586473761841112e-12
40,15,0.0,4.85,1.919170202423166e-11,-1.7119655774460222e-12
40,15,0.0,4.9,1.910724899791874e-11,-1.666327450412105e-12
40,15,0.0,4.95,1.902505227460336e-11,-1.6217096224569456e-12
40,15,0.0,5.0,1.894506140868561e-11,-1.5780894368780342e-12
40,15,1.0,0.0,8.183041709696787e-10,9.419601831824022e-09
40,15,1.0,0.05,1.3731758846336158e-09,1.2683192507556297e-08
40,15,1.0,0.1,2.070798399545778e-09,1.500996920875949e-08
40,15,1.0,0.15,2.8501334894585813e-09,1.5912074638580357e-08
40,15,1.0,0.2,3.6381319945057774e-09,1.5393975418464667e-08
40,15,1.0,0.25,4.371807483921019e-09,1.3816092118731423e-08
40,15,1.0,0.3,5.010100178924278e-09,1.1657289057881245e-08
40,15,1.0,0.35,5.534915277287339e-09,9.336442724754993e-09
40,15,1.0,0.4,5.945864594405916e-09,7.1382618281193406e-09
40,15,1.0,0.45,6.25337377345214e-09,5.214733528754284e-09
40,15,1.0,0.5,6.472840881260536e-09,3.6194167985687068e-09
40,15,1.0,0.55,6.620692531404911e-09,2.345765062431375e-09
40,15,1.0,0.6,6.712172811957315e-09,1.3571171545814274e-09
40,15,1.0,0.65,6.760364821780389e-09,6.061319592940994e-10
40,15,1.0,0.7,6.775957786695916e-09,4.56425023479023e-11
40,15,1.0,0.75,6.767401927824358e-09,-3.6623519533387477e-10
40,15,1.0,0.8,6.7412260441044454e-09,-6.643705918898914e-10
40,15,1.0,0.85,6.702392393122398e-09,-8.766479479889146e-10
40,15,1.0,0.9,6.654627516157949e-09,-1.024779028850793e-09
40,15,1.0,0.95,6.600704691788345e-09,-1.1253628787290026e-09
40,15,1.0,1.0,6.542673136801568e-09,-1.190927577254665e-09
40,15,1.0,1.05,6.482038109106797e-09,-1.2308420976800437e-09
40,15,1.0,1.1,6.4198994321961756e-09,-1.2520663476540848e-09
40,15,1.0,1.15,6.3570564832344784e-09,-1.2597453123139504e-09
40,15,1.0,1.2,6.294086946171724e-09,-1.2576683615789953e-09
40,15,1.0,1.25,6.231405453051955e-09,-1.2486185229603415e-09
40,15,1.0,1.3,6.169307019730589e-09,-1.234635067672092e-09
40,15,1.0,1.35,6.107999096176521e-09,-1.217209344232133e-09
40,15,1.0,1.4,6.047625150108914e-09,-1.1974299946098356e-09
40,15,1.0,1.45,5.988281985309826e-09,-1.176090194514865e-09
40,15,1.0,1.5,5.930032439939401e-09,-1.1537666150301199e-09
40,15,1.0,1.55,5.872914686758955e-09,-1.13087743865681e-09
40,15,1.0,1.6,5.816949038571711e-09,-1.1077249204502933e-09
40,15,1.0,1.65,5.762142924479665e-09,-1.0845265768708912e-09
40,15,1.0,1.7,5.708494526243853e-09,-1.0614380229856876e-09
40,15,1.0,1.75,5.655995433817276e-09,-1.0385696849958227e-09
40,15,1.0,1.8,5.604632583242503e-09,-1.015999025752255e-09
40,15,1.0,1.85,5.5543896696614675e-09,-9.937794853568816e-10
40,15,1.0,1.9,5.5052481765124894e-09,-9.719470180743586e-10
40,15,1.0,1.95,5.457188124126682e-09,-9.50524870957861e-10
40,15,1.0,2.0,5.41018861321485e-09,-9.295270765725314e-10
40,15,1.0,2.05,5.364228218450081e-09,-9.089610054087723e-10
40,15,1.0,2.1,5.319285272514501e-09,-8.888292307448948e-10
40,15,1.0,2.15,5.2753380701254585e-09,-8.691308907876924e-10
40,15,1.0,2.2,5.232365013622553e-09,-8.498626832322016e-10
40,15,1.0,2.25,5.1903447158967904e-09,-8.310195910477427e-10
40,15,1.0,2.3,5.149256072199085e-09,-8.125954117321744e-10
40,15,1.0,2.35,5.109078309266034e-09,-7.945831428550274e-10
40,15,1.0,2.4,5.0697910179328625e-09,-7.76975262512506e-10
40,15,1.0,2.45,5.031374173744407e-09,-7.597639329381811e-10
40,15,1.0,2.5,4.993808148863811e-09,-7.429411479239463e-10
40,15,1.0,2.55,4.957073717690523e-09,-7.264988391589769e-10
40,15,1.0,2.6,4.921152057951364e-09,-7.104289525364509e-10
40,15,1.0,2.65,4.886024748553719e-09,-6.947235025116827e-10
40,15,1.0,2.7,4.85167376514259e-09,-6.793746104261667e-10
40,15,1.0,2.75,4.8180814740493135e-09,-6.64374531123713e-10
40,15,1.0,2.8,4.785230625134552e-09,-6.497156710258378e-10
40,15,1.0,2.85,4.753104343890903e-09,-6.353905999826253e-10
40,15,1.0,2.9,4.72168612307264e-09,-6.213920585950776e-10
40,15,1.0,2.95,4.690959814045495e-09,-6.077129622493681e-10
40,15,1.0,3.0,4.660909617997979e-09,-5.943464027713409e-10
40,15,1.0,3.05,4.6315200771145005e-09,-5.812856483652669e-10
40,15,1.0,3.1,4.6027760657848276e-09,-5.685241423234553e-10
40,15,1.0,3.15,4.574662781900387e-09,-5.560555008616067e-10
40,15,1.0,3.2,4.547165738275729e-09,-5.438735103402229e-10
40,15,1.0,3.25,4.520270754219789e-09,-5.319721240620937e-10
40,15,1.0,3.3,4.4939639472749234e-09,-5.203454587839348e-10
40,15,1.0,3.35,4.46823172513575e-09,-5.089877910438299e-10
40,15,1.0,3.4,4.443060777753869e-09,-4.97893553377868e-10
40,15,1.0,3.45,4.418438069634229e-09,-4.870573304791088e-10
40,15,1.0,3.5,4.394350832323591e-09,-4.76473855338087e-10
40,15,1.0,3.55,4.3707865570919534e-09,-4.661380053922386e-10
40,15,1.0,3.6,4.347732987806073e-09,-4.5604479870442355e-10
40,15,1.0,3.65,4.3251781139926596e-09,-4.461893901845005e-10
40,15,1.0,3.7,4.30311016408955e-09,-4.36567067864187e-10
40,15,1.0,3.75,4.281517598881366e-09,-4.271732492314972e-10
40,15,1.0,3.8,4.260389105117174e-09,-4.180034776297339e-10
40,15,1.0,3.85,4.2397135893061345e-09,-4.0905341872361687e-10
40,15,1.0,3.9,4.219480171688647e-09,-4.0031885703437936e-10
40,15,1.0,3.95,4.199678180378353e-09,-3.91795692544321e-10
40,15,1.0,4.0,4.180297145672737e-09,-3.834799373714862e-10
40,15,1.0,4.05,4.161326794528014e-09,-3.7536771251352907e-10
40,15,1.0,4.1,4.14275704519498e-09,-3.6745524466061607e-10
40,15,1.0,4.15,4.124578002012772e-09,-3.597388630762905e-10
40,15,1.0,4.2,4.106779950356746e-09,-3.5221499654521344e-10
40,15,1.0,4.25,4.08935335173739e-09,-3.4488017038687897e-10
40,15,1.0,4.3,4.072288839046726e-09,-3.377310035338438e-10
40,15,1.0,4.35,4.055577211949653e-09,-3.307642056734186e-10
40,15,1.0,4.4,4.0392094324160985e-09,-3.2397657445135545e-10
40,15,1.0,4.45,4.023176620391891e-09,-3.1736499273658517e-10
40,15,1.0,4.5,4.0074700496047525e-09,-3.109264259453802e-10
40,15,1.0,4.55,3.99208114350248e-09,-3.046579194238553e-10
40,15,1.0,4.6,3.9770014713208635e-09,-2.9855659588773807e-10
40,15,1.0,4.65,3.962222744277866e-09,-2.926196529178035e-10
40,15,1.0,4.7,3.947736811891959e-09,-2.868443605103038e-10
40,15,1.0,4.75,3.933535658421481e-09,-2.812280586806947e-10
40,15,1.0,4.8,3.919611399422414e-09,-2.7576815512011487e-10
40,15,1.0,4.85,3.905956278422144e-09,-2.704621229029452e-10
40,15,1.0,4.9,3.892562663706637e-09,-2.6530749824503497e-10
40,15,1.0,4.95,3.879423045218258e-09,-2.6030187831089214e-10
40,15,1.0,5.0,3.8665300315621755e-09,-2.554429190695401e-10
40,15,2.0,0.0,3.214199981193253e-08,4.634250703571056e-07
40,15,2.0,0.05,6.211212891482009e-08,7.421024943769269e-07
40,15,2.0,0.1,1.0646376078774311e-07,1.0269992340250464e-06
40,15,2.0,0.15,1.637399434911623e-07,1.2484069358899848e-06
40,15,2.0,0.2,2.2943415397381704e-07,1.359019634237581e-06
40,15,2.0,0.25,2.976447666013483e-07,1.3509123612649518e-06
40,15,2.0,0.3,3.629402625264059e-07,1.2481272204550138e-06
40,15,2.0,0.35,4.215060231682377e-07,1.0881438425749133e-06
40,15,2.0,0.4,4.7139490486959864e-07,9.062228308343502e-07
40,15,2.0,0.45,5.121934642548014e-07,7.278408593891977e-07
40,15,2.0,0.5,5.444881678725225e-07,5.677252201479357e-07
40,15,2.0,0.55,5.693777234209019e-07,4.3213405761570104e-07
40,15,2.0,0.6,5.88125087705606e-07,3.2185875698938725e-07
40,15,2.0,0.65,6.019501654608491e-07,2.3473900560456078e-07
40,15,2.0,0.7,6.119283641504218e-07,1.6737607357612153e-07
40,15,2.0,0.75,6.189563905529255e-07,1.1614075463818685e-07
40,15,2.0,0.8,6.237551526635323e-07,7.768512757884049e-08
40,15,2.0,0.85,6.268899396469563e-07,4.9149581103659034e-08
40,15,2.0,0.9,6.28796314025333e-07,2.8202576744658552e-08
40,15,2.0,0.95,6.298057018225546e-07,1.299968589331798e-08
40,15,2.0,1.0,6.301680054431702e-07,2.111375671841876e-09
40,15,2.0,1.05,6.300703969533622e-07,-5.554657868101157e-09
40,15,2.0,1.1,6.296523597619941e-07,-1.082467356761824e-08
40,15,2.0,1.15,6.290174347798128e-07,-1.4319188808865731e-08
40,15,2.0,1.2,6.282422408882422e-07,-1.6501786603327717e-08
40,15,2.0,1.25,6.273833219926343e-07,-1.7717494983626007e-08
40,15,2.0,1.3,6.264823016867642e-07,-1.822239379466362e-08
40,15,2.0,1.35,6.255697410581782e-07,-1.820615591002327e-08
40,15,2.0,1.4,6.246680137107685e-07,-1.780905191108182e-08
40,15,2.0,1.45,6.237934418301937e-07,-1.7134694675339563e-08
40,15,2.0,1.5,6.229578797189291e-07,-1.6259546657388807e-08
40,15,2.0,1.55,6.221698858459865e-07,-1.523998844002814e-08
40,15,2.0,1.6,6.214355893330353e-07,-1.4117561449991979e-08
40,15,2.0,1.65,6.20759330002865e-07,-1.2922849719778945e-08
40,15,2.0,1.7,6.201441308756339e-07,-1.1678350419876486e-08
40,15,2.0,1.75,6.195920468164391e-07,-1.0400594725573782e-08
40,15,2.0,1.8,6.19104421707158e-07,-9.101713833779104e-09
40,15,2.0,1.85,6.186820780882313e-07,-7.790594797502135e-09
40,15,2.0,1.9,6.183254569656368e-07,-6.473733376272567e-09
40,15,2.0,1.95,6.180347208497841e-07,-5.155863214178575e-09
40,15,2.0,2.0,6.178098296706913e-07,-3.840419960567592e-09
40,15,2.0,2.05,6.176505966855493e-07,-2.5298836193142275e-09
40,15,2.0,2.1,6.175567296281881e-07,-1.2260310750227937e-09
40,15,2.0,2.15,6.175278609723146e-07,6.987763197863798e-11
40,15,2.0,2.2,6.175635701645634e-07,1.3569618944364552e-09
40,15,2.0,2.25,6.17663399933606e-07,2.634619166976801e-09
40,15,2.0,2.3,6.178268682289021e-07,3.902450177755808e-09
40,15,2.0,2.35,6.180534769350943e-07,5.160203748615816e-09
40,15,2.0,2.4,6.183427182073261e-07,6.4077360804000344e-09
40,15,2.0,2.45,6.18694079051163e-07,7.644980710179381e-09
40,15,2.0,2.5,6.191070446071143e-07,8.871926342724581e-09
40,15,2.0,2.55,6.195811004794089e-07,1.0088600492599455e-08
40,15,2.0,2.6,6.201157343594853e-07,1.1295057414626798e-08
40,15,2.0,2.65,6.207104371291091e-07,1.2491369199634854e-08
40,15,2.0,2.7,6.213647035796633e-07,1.3677619206992817e-08
40,15,2.0,2.75,6.220780328484127e-07,1.4853897222401918e-08
40,15,2.0,2.8,6.228499286460226e-07,1.6020295889768746e-08
40,15,2.0,2.85,6.236798993304854e-07,1.7176908084207525e-08
40,15,2.0,2.9,6.24567457867891e-07,1.8323824980217936e-08
40,15,2.0,2.95,6.255121217101258e-07,1.9461134633728268e-08
40,15,2.0,3.0,6.265134126116242e-07,2.0588920943938537e-08
40,15,2.0,3.05,6.275708564015965e-07,2.1707262896079286e-08
40,15,2.0,3.1,6.286839827238871e-07,2.2816234012067115e-08
40,15,2.0,3.15,6.298523247533395e-07,2.3915901955078477e-08
40,15,2.0,3.2,6.310754188954254e-07,2.50063282482587e-08
40,15,2.0,3.25,6.323528044740444e-07,2.6087568078133346e-08
40,15,2.0,3.3,6.336840234110947e-07,2.715967016098685e-08
40,15,2.0,3.35,6.350686199006808e-07,2.82226766562029e-08
40,15,2.0,3.4,6.365061400797935e-07,2.9276623114712435e-08
40,15,2.0,3.45,6.37996131697186e-07,3.0321538453795423e-08
40,15,2.0,3.5,6.395381437815072e-07,3.135744495181528e-08
40,15,2.0,3.55,6.411317263095137e-07,3.238435825813624e-08
40,15,2.0,3.6,6.427764298751468e-07,3.340228741470064e-08
40,15,2.0,3.65,6.44471805359873e-07,3.441123488669801e-08
40,15,2.0,3.7,6.462174036047869e-07,3.541119660047952e-08
40,15,2.0,3.75,6.480127750847205e-07,3.6402161987253374e-08
40,15,2.0,3.8,6.49857469584692e-07,3.738411403163112e-08
40,15,2.0,3.85,6.517510358788704e-07,3.835702932425496e-08
40,15,2.0,3.9,6.536930214122871e-07,3.932087811797367e-08
40,15,2.0,3.95,6.556829719853794e-07,4.02756243872124e-08
40,15,2.0,4.0,6.577204314416537e-07,4.1221225890260934e-08
40,15,2.0,4.05,6.59804941358472e-07,4.2157634234296495e-08
40,15,2.0,4.1,6.619360407411734e-07,4.3084794943028884e-08
40,15,2.0,4.15,6.641132657206622e-07,4.400264752688257e-08
40,15,2.0,4.2,6.663361492545367e-07,4.491112555568586e-08
40,15,2.0,4.25,6.686042208319337e-07,4.581015673383939e-08
40,15,2.0,4.3,6.709170061821905e-07,4.66996629779605e-08
40,15,2.0,4.35,6.732740269874381e-07,4.7579560497038336e-08
40,15,2.0,4.4,6.756748005992897e-07,4.844975987506331e-08
40,15,2.0,4.45,6.781188397596904e-07,4.931016615624967e-08
40,15,2.0,4.5,6.806056523261465e-07,5.016067893278502e-08
40,15,2.0,4.55,6.831347410013248e-07,5.1001192435192045e-08
40,15,2.0,4.6,6.85705603067333e-07,5.1831595625354906e-08
40,15,2.0,4.65,6.883177301246304e-07,5.265177229217391e-08
40,15,2.0,4.7,6.909706078358345e-07,5.3461601149963836e-08
40,15,2.0,4.75,6.936637156745277e-07,5.4260955939565494e-08
40,15,2.0,4.8,6.963965266791569e-07,5.504970553224073e-08
40,15,2.0,4.85,6.991685072121961e-07,5.582771403636288e-08
40,15,2.0,4.9,7.019791167247562e-07,5.659484090693338e-08
40,15,2.0,4.95,7.048278075266926e-07,5.735094105794127e-08
40,15,2.0,5.0,7.077140245624251e-07,5.8095864977618365e-08
40,15,3.0,0.0,1.4455914110458157e-07,2.4940251318498387e-06
40,15,3.0,0.05,3.225587464534931e-07,4.781091053896744e-06
40,15,3.0,0.1,6.359786640493436e-07,7.850489065761988e-06
40,15,3.0,0.15,1.1112729649047701e-06,1.1132252432951596e-05
40,15,3.0,0.2,1.7397119315399742e-06,1.385156424076515e-05
40,15,3.0,0.25,2.477012323433137e-06,1.5421042496654745e-05
40,15,3.0,0.3,3.2596133753624674e-06,1.5671497558992745e-05
40,15,3.0,0.35,4.025529296679194e-06,1.481002570560057e-05
40,15,3.0,0.4,4.728615963297345e-06,1.322828545720016e-05
40,15,3.0,0.45,5.342995182268691e-06,1.1321318022156341e-05
40,15,3.0,0.5,5.8604027082710225e-06,9.389611554088426e-06
40,15,3.0,0.55,6.284667494249189e-06,7.617306795771378e-06
40,15,3.0,0.6,6.626280299216721e-06,6.091655261417919e-06
40,15,3.0,0.65,6.898327739072387e-06,4.834479872692601e-06
40,15,3.0,0.7,7.113954566059425e-06,3.830338408623017e-06
40,15,3.0,0.75,7.285036590159996e-06,3.0465546214583497e-06
40,15,3.0,0.8,7.421654186193223e-06,2.4454875742180726e-06
40,15,3.0,0.85,7.532027234368243e-06,1.991092393085022e-06
40,15,3.0,0.9,7.6226795468694395e-06,1.6518477547481952e-06
40,15,3.0,0.95,7.69869258968095e-06,1.4016122920042893e-06
40,15,3.0,1.0,7.763972422878985e-06,1.2194270955256854e-06
40,15,3.0,1.05,7.821493595849847e-06,1.0888645704674647e-06
40,15,3.0,1.1,7.873506327837597e-06,9.972485742426186e-07
40,15,3.0,1.15,7.921705028091178e-06,9.349048971742241e-07
40,15,3.0,1.2,7.967361602382166e-06,8.945082045868429e-07
40,15,3.0,1.25,8.011428948184847e-06,8.705431094861102e-07
40,15,3.0,1.3,8.0546202725264e-06,8.58874059220253e-07
40,15,3.0,1.35,8.097469329781302e-06,8.564094937692349e-07
40,15,3.0,1.4,8.140375873730366e-06,8.608434790264256e-07
40,15,3.0,1.45,8.18363979420587e-06,8.704589841551744e-07
40,15,3.0,1.5,8.227486669775913e-06,8.839791833195885e-07
40,15,3.0,1.55,8.272086848992314e-06,9.004556407674117e-07
40,15,3.0,1.6,8.31756967451689e-06,9.191845435319369e-07
40,15,3.0,1.65,8.364034073387586e-06,9.396441142337076e-07
40,15,3.0,1.7,8.411556434856799e-06,9.614479386191172e-07
40,15,3.0,1.75,8.46019646692036e-06,9.843102088963432e-07
40,15,3.0,1.8,8.510001548334763e-06,1.0080198659472256e-06
40,15,3.0,1.85,8.561009961713444e-06,1.032421375140034e-06
40,15,3.0,1.9,8.613253294950483e-06,1.0574004406198843e-06
40,15,3.0,1.95,8.666758224715637e-06,1.0828733926953131e-06
40,15,3.0,2.0,8.721547840945375e-06,1.1087793053829452e-06
40,15,3.0,2.05,8.777642630430114e-06,1.1350741423307583e-06
40,15,3.0,2.1,8.835061207225246e-06,1.1617264092808262e-06
40,15,3.0,2.15,8.893820855040755e-06,1.1887139252776787e-06
40,15,3.0,2.2,8.953937929985493e-06,1.2160214245587598e-06
40,15,3.0,2.25,9.015428159591351e-06,1.2436387752087566e-06
40,15,3.0,2.3,9.078306864783772e-06,1.271559655745295e-06
40,15,3.0,2.35,9.142589124604216e-06,1.2997805717158538e-06
40,15,3.0,2.4,9.20828989838644e-06,1.32830012476322e-06
40,15,3.0,2.45,9.275424116305191e-06,1.3571184691669469e-06
40,15,3.0,2.5,9.344006746404625e-06,1.3862369076106137e-06
40,15,3.0,2.55,9.414052844128433e-06,1.4156575903474622e-06
40,15,3.0,2.6,9.485577588823139e-06,1.445383291164644e-06
40,15,3.0,2.65,9.558596310536071e-06,1.4754172403901787e-06
40,15,3.0,2.7,9.633124509575314e-06,1.5057630002726301e-06
40,15,3.0,2.75,9.709177870665214e-06,1.5364243718360133e-06
40,15,3.0,2.8,9.786772273056904e-06,1.5674053251151395e-06
40,15,3.0,2.85,9.865923797607268e-06,1.598709946758215e-06
40,15,3.0,2.9,9.946648731575769e-06,1.630342400527548e-06
40,15,3.0,2.95,1.0028963571698209e-05,1.6623068973788284e-06
40,15,3.0,3.0,1.0112885025950457e-05,1.694607672650689e-06
40,15,3.0,3.05,1.0198430014310692e-05,1.7272489685307412e-06
40,15,3.0,3.1,1.028561566874711e-05,1.7602350204342415e-06
40,15,3.0,3.15,1.0374459332601158e-05,1.7935700462822562e-06
40,15,3.0,3.2,1.0464978559490355e-05,1.8272582379249728e-06
40,15,3.0,3.25,1.0557191111824936e-05,1.8613037541502428e-06
40,15,3.0,3.3,1.0651114959004481e-05,1.8957107148604233e-06
40,15,3.0,3.35,1.0746768275346785e-05,1.9304831961071577e-06
40,15,3.0,3.4,1.084416943778417e-05,1.96562522575412e-06
40,15,3.0,3.45,1.094333702335628e-05,2.001140779596152e-06
40,15,3.0,3.5,1.1044289806516002e-05,2.0370337778066373e-06
40,15,3.0,3.55,1.1147046756264811e-05,2.0733080816194705e-06
40,15,3.0,3.6,1.1251627033126525e-05,2.1099674901740603e-06
40,15,3.0,3.65,1.1358049985965842e-05,2.1470157374719847e-06
40,15,3.0,3.7,1.146633514865708e-05,2.1844564894054734e-06
40,15,3.0,3.75,1.1576502236605686e-05,2.222293340830004e-06
40,15,3.0,3.8,1.1688571143122914e-05,2.260529812658934e-06
40,15,3.0,3.85,1.1802561935657077e-05,2.2991693489651103e-06
40,15,3.0,3.9,1.1918494851878672e-05,2.3382153140774935e-06
40,15,3.0,3.95,1.2036390295620358e-05,2.377670989664512e-06
40,15,3.0,4.0,1.2156268832670131e-05,2.4175395717985448e-06
40,15,3.0,4.05,1.2278151186418722e-05,2.45782416799686e-06
40,15,3.0,4.1,1.2402058233356414e-05,2.4985277942360805e-06
40,15,3.0,4.15,1.2528010998420962e-05,2.5396533719386264e-06
40,15,3.0,4.2,1.2656030650194377e-05,2.5812037249293115e-06
40,15,3.0,4.25,1.2786138495945582e-05,2.6231815763622207e-06
40,15,3.0,4.3,1.2918355976520282e-05,2.6655895456172503e-06
40,15,3.0,4.35,1.305270466107341e-05,2.7084301451664332e-06
40,15,3.0,4.4,1.3189206241644785e-05,2.751705777411006e-06
40,15,3.0,4.45,1.3327882527576439e-05,2.795418731489441e-06
40,15,3.0,4.5,1.3468755439768472e-05,2.839571180057333e-06
40,15,3.0,4.55,1.3611847004774024e-05,2.8841651760403198e-06
40,15,3.0,4.6,1.3757179348731578e-05,2.9292026493614497e-06
40,15,3.0,4.65,1.390477469113154e-05,2.9746854036431824e-06
40,15,3.0,4.7,1.4054655338419137e-05,3.020615112886375e-06
40,15,3.0,4.75,1.4206843677429259e-05,3.066993318127336e-06
40,15,3.0,4.8,1.4361362168654597e-05,3.113821424074252e-06
40,15,3.0,4.85,1.4518233339344538e-05,3.1611006957242756e-06
40,15,3.0,4.9,1.4677479776434834e-05,3.2088322549638252e-06
40,15,3.0,4.95,1.4839124119306724e-05,3.2570170771524946e-06
40,15,3.0,5.0,1.5003189052374602e-05,3.305655987693197e-06
40,15,4.0,0.0,1.0578887379840264e-07,2.075688498485065e-06
40,15,4.0,0.05,2.6855994408508306e-07,4.716199692693705e-06
40,15,4.0,0.1,6.089512940653282e-07,9.226590985235351e-06
40,15,4.0,0.15,1.220513945798382e-06,1.5460682284727977e-05
40,15,4.0,0.2,2.1662586955223895e-06,2.234987519904924e-05
40,15,4.0,0.25,3.439752270468914e-06,2.8304905750315084e-05
40,15,4.0,0.3,4.958909573064121e-06,3.201975403506901e-05
40,15,4.0,0.35,6.595945658487673e-06,3.30161462312742e-05
40,15,4.0,0.4,8.220505922295161e-06,3.1625997014218455e-05
40,15,4.0,0.45,9.731600323928352e-06,2.8620139818156995e-05
40,15,4.0,0.5,1.10694200784798e-05,2.4821830056234404e-05
40,15,4.0,0.55,1.2211543701945854e-05,2.0880885911246282e-05
40,15,4.0,0.6,1.3162131773216306e-05,1.7210363862066016e-05
40,15,4.0,0.65,1.3940621147977968e-05,1.4017557642731802e-05
40,15,4.0,0.7,1.4572962218190788e-05,1.1366493730978122e-05
40,15,4.0,0.75,1.5085984412677573e-05,9.236964522007023e-06
40,15,4.0,0.8,1.5504338558107614e-05,7.567818846088082e-06
40,15,4.0,0.85,1.5849189857049722e-05,6.284158418198215e-06
40,15,4.0,0.9,1.6137946353563125e-05,5.31230715997001e-06
40,15,4.0,0.95,1.6384520544430695e-05,4.586816334015964e-06
40,15,4.0,1.0,1.6599813793067488e-05,4.05282880408371e-06
40,15,4.0,1.05,1.6792251102097016e-05,3.666015371309705e-06
40,15,4.0,1.1,1.6968281175979117e-05,3.3914140151940772e-06
40,15,4.0,1.15,1.7132807241343602e-05,3.201907178924747e-06
40,15,4.0,1.2,1.7289540919284374e-05,3.0767071344986245e-06
40,15,4.0,1.25,1.7441284229719152e-05,3.000011447249122e-06
40,15,4.0,1.3,1.759014983690217e-05,2.959879970335425e-06
40,15,4.0,1.35,1.7737730693580887e-05,2.947330784078239e-06
40,15,4.0,1.4,1.7885229446098886e-05,2.955629529025165e-06
40,15,4.0,1.45,1.803355646670492e-05,2.9797396635057448e-06
40,15,4.0,1.5,1.818340375380912e-05,3.015901906470577e-06
40,15,4.0,1.55,1.8335300443992696e-05,3.061315015722872e-06
40,15,4.0,1.6,1.8489654405694034e-05,3.11389482987586e-06
40,15,4.0,1.65,1.864678334803408e-05,3.1720931102340452e-06
40,15,4.0,1.7,1.8806938058240744e-05,3.2347617315923857e-06
40,15,4.0,1.75,1.897031974421956e-05,3.3010510793999483e-06
40,15,4.0,1.8,1.913709297029252e-05,3.3703341498512497e-06
40,15,4.0,1.85,1.930739530266518e-05,3.4421499103241523e-06
40,15,4.0,1.9,1.948134450048137e-05,3.5161610640024747e-06
40,15,4.0,1.95,1.9659043877131847e-05,3.5921225717309273e-06
40,15,4.0,2.0,1.9840586298092324e-05,3.6698581994713348e-06
40,15,4.0,2.05,2.002605716303644e-05,3.7492430491772673e-06
40,15,4.0,2.1,2.021553663142094e-05,3.8301905484057485e-06
40,15,4.0,2.15,2.04091012846595e-05,3.912642761426737e-06
40,15,4.0,2.2,2.060682536873209e-05,3.996563174156275e-06
40,15,4.0,2.25,2.080878172435628e-05,4.081931321355409e-06
40,15,4.0,2.3,2.1015042484498485e-05,4.168738785703437e-06
40,15,4.0,2.35,2.1225679598631437e-05,4.256986218452092e-06
40,15,4.0,2.4,2.1440765227977482e-05,4.346681120838886e-06
40,15,4.0,2.45,2.166037204467866e-05,4.4378361920524204e-06
40,15,4.0,2.5,2.1884573459433893e-05,4.530468099158482e-06
40,15,4.0,2.55,2.211344379587316e-05,4.624596561316249e-06
40,15,4.0,2.6,2.2347058425282825e-05,4.720243668114875e-06
40,15,4.0,2.65,2.2585493871822258e-05,4.817433372324281e-06
40,15,4.0,2.7,2.28288278957848e-05,4.91619111259451e-06
40,15,4.0,2.75,2.3077139560533228e-05,5.016543532981684e-06
40,15,4.0,2.8,2.3330509287305035e-05,5.118518274628741e-06
40,15,4.0,2.85,2.3589018901009227e-05,5.2221438212185014e-06
40,15,4.0,2.9,2.385275166934916e-05,5.327449384502028e-06
40,15,4.0,2.95,2.4121792337002942e-05,5.434464819695141e-06
40,15,4.0,3.0,2.439622715615936e-05,5.5432205631361375e-06
40,15,4.0,3.05,2.4676143914370823e-05,5.653747586532516e-06
40,15,4.0,3.1,2.4961631960441822e-05,5.7660773635688215e-06
40,15,4.0,3.15,2.525278222889094e-05,5.880241845724979e-06
40,15,4.0,3.2,2.5549687263383304e-05,5.996273444948705e-06
40,15,4.0,3.25,2.5852441239429288e-05,6.1142050214339555e-06
40,15,4.0,3.3,2.616113998657336e-05,6.234069875191225e-06
40,15,4.0,3.35,2.6475881010234065e-05,6.355901740436e-06
40,15,4.0,3.4,2.6796763513318486e-05,6.479734782063454e-06
40,15,4.0,3.45,2.7123888417702406e-05,6.605603593667564e-06
40,15,4.0,3.5,2.745735838563795e-05,6.733543196693513e-06
40,15,4.0,3.55,2.7797277841145363e-05,6.8635890404218434e-06
40,15,4.0,3.6,2.8143752991415058e-05,6.995777002554676e-06
40,15,4.0,3.65,2.849689184825413e-05,7.130143390234583e-06
40,15,4.0,3.7,2.885680424958917e-05,7.266724941364788e-06
40,15,4.0,3.75,2.9223601881043446e-05,7.405558826138055e-06
40,15,4.0,3.8,2.9597398297590826e-05,7.546682648699252e-06
40,15,4.0,3.85,2.9978308945297506e-05,7.690134448885452e-06
40,15,4.0,3.9,3.0366451183151004e-05,7.835952704005335e-06
40,15,4.0,3.95,3.0761944304977894e-05,7.984176330621411e-06
40,15,4.0,4.0,3.11649095614517e-05,8.134844686314415e-06
40,15,4.0,4.05,3.1575470182185654e-05,8.28799757140711e-06
40,15,4.0,4.1,3.199375139791358e-05,8.443675230635549e-06
40,15,4.0,4.15,3.2419880462748915e-05,8.60191835475291e-06
40,15,4.0,4.2,3.285398667652589e-05,8.762768082058878e-06
40,15,4.0,4.25,3.329620140721243e-05,8.926265999842797e-06
40,15,4.0,4.3,3.37466581133945e-05,9.092454145737838e-06
40,15,4.0,4.35,3.420549236682403e-05,9.261375008976714e-06
40,15,4.0,4.4,3.467284187502883e-05,9.433071531545326e-06
40,15,4.0,4.45,3.514884650397745e-05,9.60758710922958e-06
40,15,4.0,4.5,3.563364830079256e-05,9.784965592549813e-06
40,15,4.0,4.55,3.6127391516507624e-05,9.965251287579888e-06
40,15,4.0,4.6,3.663022262886395e-05,1.014848895664521e-05
40,15,4.0,4.65,3.714229036513784e-05,1.0334723818898301e-05
40,15,4.0,4.7,3.766374572499318e-05,1.0524001550765112e-05
40,15,4.0,4.75,3.819474200335405e-05,1.0716368286260203e-05
40,15,4.0,4.8,3.873543481328822e-05,1.0911870617167092e-05
40,15,4.0,4.85,3.928598210889973e-05,1.111055559307838e-05
40,15,4.0,4.9,3.9846544208213965e-05,1.1312470721293375e-05
40,15,4.0,4.95,4.041728381605962e-05,1.1517663966568067e-05
40,15,4.0,5.0,4.099836604693159e-05,1.1726183750716187e-05
40,15,5.0,0.0,2.6789392302113093e-08,5.666100395834488e-07
40,15,5.0,0.05,7.485134740485314e-08,1.4832716194840555e-06
40,15,5.0,0.1,1.921799101858723e-07,3.4231915171028422e-06
40,15,5.0,0.15,4.4159474296428043e-07,6.812464918388502e-06
40,15,5.0,0.2,8.973639744066869e-07,1.1611248402768465e-05
40,15,5.0,0.25,1.6137073217270908e-06,1.7051874000382582e-05
40,15,5.0,0.3,2.5925162826505164e-06,2.1896351231456546e-05
40,15,5.0,0.35,3.774961394959795e-06,2.506091432354529e-05
40,15,5.0,0.4,5.062602389812902e-06,2.608842886543823e-05
40,15,5.0,0.45,6.351341917293433e-06,2.51810315457223e-05
40,15,5.0,0.5,7.558187408472744e-06,2.2924316980116925e-05
40,15,5.0,0.55,8.632293631408355e-06,1.9974116130323977e-05
40,15,5.0,0.6,9.55301607233734e-06,1.6862431930301722e-05
40,15,5.0,0.65,1.0321711026323795e-05,1.3935537722265408e-05
40,15,5.0,0.7,1.0952705944129702e-05,1.1372869858570862e-05
40,15,5.0,0.75,1.1466120624424965e-05,9.235242519042335e-06
40,15,5.0,0.8,1.1883161879414214e-05,7.512387213469479e-06
40,15,5.0,0.85,1.2223516434245555e-05,6.158572683174475e-06
40,15,5.0,0.9,1.2504195018983517e-05,5.115335421846787e-06
40,15,5.0,0.95,1.2739247867059324e-05,4.324188616069472e-06
40,15,5.0,1.0,1.2939936941370959e-05,3.7327079661589938e-06
40,15,5.0,1.05,1.311510536230068e-05,3.2967110555803617e-06
40,15,5.0,1.1,1.3271598042828847e-05,2.980365071030641e-06
40,15,5.0,1.15,1.3414660340668823e-05,2.755337906292142e-06
40,15,5.0,1.2,1.3548284066678821e-05,2.5996147329177082e-06
40,15,5.0,1.25,1.3675493006784826e-05,2.496297078615794e-06
40,15,5.0,1.3,1.3798571157977861e-05,2.432526243819338e-06
40,15,5.0,1.35,1.3919241364202032e-05,2.398578928834231e-06
40,15,5.0,1.4,1.4038803124866558e-05,2.3871365007170835e-06
40,15,5.0,1.45,1.4158237837506316e-05,2.3927091397077394e-06
40,15,5.0,1.5,1.4278288596285908e-05,2.411189593581927e-06
40,15,5.0,1.55,1.4399520388893617e-05,2.4395113537391583e-06
40,15,5.0,1.6,1.4522365340404916e-05,2.475388942529315e-06
40,15,5.0,1.65,1.4647156629233425e-05,2.5171217270759972e-06
40,15,5.0,1.7,1.4774153863883461e-05,2.563446334209261e-06
40,15,5.0,1.75,1.490356204554985e-05,2.6134259570183525e-06
40,15,5.0,1.8,1.5035545725091447e-05,2.666367509078568e-06
40,15,5.0,1.85,1.5170239566137651e-05,2.721759715926252e-06
40,15,5.0,1.9,1.5307756224080204e-05,2.779226903249889e-06
40,15,5.0,1.95,1.5448192222284773e-05,2.838494528838552e-06
40,15,5.0,2.0,1.5591632334902247e-05,2.899363487931211e-06
40,15,5.0,2.05,1.573815285661857e-05,2.961690966074359e-06
40,15,5.0,2.1,1.5887824043083704e-05,3.0253761747495844e-06
40,15,5.0,2.15,1.6040711933560548e-05,3.090349726465796e-06
40,15,5.0,2.2,1.6196879713445236e-05,3.1565657216819437e-06
40,15,5.0,2.25,1.6356388734115363e-05,3.223995855936412e-06
40,15,5.0,2.3,1.651929927759748e-05,3.2926250317655068e-06
40,15,5.0,2.35,1.6685671131225867e-05,3.3624480914367296e-06
40,15,5.0,2.4,1.6855564020829668e-05,3.4334673844971657e-06
40,15,5.0,2.45,1.702903793860815e-05,3.5056909571405815e-06
40,15,5.0,2.5,1.7206153392617765e-05,3.5791312047732613e-06
40,15,5.0,2.55,1.7386971597940133e-05,3.6538038696516873e-06
40,15,5.0,2.6,1.757155462447268e-05,3.729727295621522e-06
40,15,5.0,2.65,1.775996551248057e-05,3.806921874437648e-06
40,15,5.0,2.7,1.7952268364208097e-05,3.88540963486711e-06
40,15,5.0,2.75,1.814852841773783e-05,3.965213938223045e-06
40,15,5.0,2.8,1.8348812107704785e-05,4.04635925324996e-06
40,15,5.0,2.85,1.8553187116308193e-05,4.128870990185699e-06
40,15,5.0,2.9,1.876172241718303e-05,4.212775378965943e-06
40,15,5.0,2.95,1.8974488314046034e-05,4.298099380369343e-06
40,15,5.0,3.0,1.9191556475542437e-05,4.384870621754548e-06
40,15,5.0,3.05,1.941299996736228e-05,4.473117351164685e-06
40,15,5.0,3.1,1.9638893282421083e-05,4.562868405162485e-06
40,15,5.0,3.15,1.986931236970149e-05,4.6541531869358135e-06
40,15,5.0,3.2,2.0104334662202538e-05,4.747001652097592e-06
40,15,5.0,3.25,2.0344039104328317e-05,4.841444300254013e-06
40,15,5.0,3.3,2.0588506178970223e-05,4.937512170911882e-06
40,15,5.0,3.35,2.0837817934470534e-05,5.035236842652542e-06
40,15,5.0,3.4,2.1092058011606306e-05,5.134650434776695e-06
40,15,5.0,3.45,2.135131167070861e-05,5.235785610825919e-06
40,15,5.0,3.5,2.161566581899158e-05,5.338675583536183e-06
40,15,5.0,3.55,2.188520903816076e-05,5.443354120895496e-06
40,15,5.0,3.6,2.216003161234452e-05,5.549855553055768e-06
40,15,5.0,3.65,2.2440225556390363e-05,5.6582147799190534e-06
40,15,5.0,3.7,2.272588464455203e-05,5.768467279258894e-06
40,15,5.0,3.75,2.301710443959675e-05,5.880649115275985e-06
40,15,5.0,3.8,2.331398232234719e-05,5.994796947513167e-06
40,15,5.0,3.85,2.3616617521678834e-05,6.110948040071969e-06
40,15,5.0,3.9,2.392511114498252e-05,6.2291402710908446e-06
40,15,5.0,3.95,2.423956620910835e-05,6.349412142453236e-06
40,15,5.0,4.0,2.4560087671801566e-05,6.471802789703768e-06
40,15,5.0,4.05,2.4886782463635445e-05,6.596351992154747e-06
40,15,5.0,4.1,2.5219759520457446e-05,6.723100183172701e-06
40,15,5.0,4.15,2.5559129816351784e-05,6.852088460633464e-06
40,15,5.0,4.2,2.5905006397130428e-05,6.983358597544153e-06
40,15,5.0,4.25,2.6257504414358467e-05,7.116953052822427e-06
40,15,5.0,4.3,2.6616741159921502e-05,7.252914982234338e-06
40,15,5.0,4.35,2.6982836101146312e-05,7.391288249487516e-06
40,15,5.0,4.4,2.7355910916476755e-05,7.53211743747751e-06
40,15,5.0,4.45,2.7736089531718773e-05,7.675447859688808e-06
40,15,5.0,4.5,2.8123498156857817e-05,7.82132557174986e-06
40,15,5.0,4.55,2.8518265323457304e-05,7.969797383140988e-06
40,15,5.0,4.6,2.8920521922648533e-05,8.120910869057989e-06
40,15,5.0,4.65,2.9330401243715332e-05,8.274714382430272e-06
40,15,5.0,4.7,2.9748039013284042e-05,8.431257066095862e-06
40,15,5.0,4.75,3.017357343512834e-05,8.590588865132042e-06
40,15,5.0,4.8,3.060714523059058e-05,8.752760539345589e-06
40,15,5.0,4.85,3.1048897679635485e-05,8.917823675920285e-06
40,15,5.0,4.9,3.1498976662537576e-05,9.085830702225608e-06
40,15,5.0,4.95,3.195753070221431e-05,9.256834898785143e-06
40,15,5.0,5.0,3.2424711007211745e-05,9.430890412408383e-06
40,20,0.0,0.0,7.31488093938019e-12,6.955632934155133e-11
40,20,0.0,0.05,1.1166228823943185e-11,8.331877216578456e-11
40,20,0.0,0.1,1.5509228823346925e-11,8.893412953191066e-11
40,20,0.0,0.15,1.9918233735317625e-11,8.614289714317009e-11
40,20,0.0,0.2,2.401614657267875e-11,7.693588101298835e-11
40,20,0.0,0.25,2.755234974017994e-11,6.414817064536556e-11
40,20,0.0,0.3,3.0414223780488874e-11,5.0327711834377775e-11
40,20,0.0,0.35,3.259764431587691e-11,3.723077829857473e-11
40,20,0.0,0.4,3.416543979745217e-11,2.5801708164712253e-11
40,20,0.0,0.45,3.5211377036654635e-11,1.6374090810013296e-11
40,20,0.0,0.5,3.5835618913993915e-11,8.906702515893422e-12
40,20,0.0,0.55,3.61309394555208e-11,3.170876327771554e-12
40,20,0.0,0.6,3.6176658818136996e-11,-1.1275930051539311e-12
40,20,0.0,0.65,3.6037251928856544e-11,-4.2805409824292774e-12
40,20,0.0,0.7,3.5763374320725315e-11,-6.5457918873835586e-12
40,20,0.0,0.75,3.539388597425735e-11,-8.13677134507474e-12
40,20,0.0,0.8,3.49580865603718e-11,-9.223103444438123e-12
40,20,0.0,0.85,3.447778195142687e-11,-9.936004858041245e-12
40,20,0.0,0.9,3.3969035557035314e-11,-1.0375108769189255e-11
40,20,0.0,0.95,3.344357936776317e-11,-1.0615078050639606e-11
40,20,0.0,1.0,3.2909914934354464e-11,-1.0711334769046864e-11
40,20,0.0,1.05,3.2374154220241214e-11,-1.0704731850682329e-11
40,20,0.0,1.1,3.184065238657934e-11,-1.0625224022064993e-11
40,20,0.0,1.15,3.131247908229847e-11,-1.0494683908121035e-11
40,20,0.0,1.2,3.0791766866037463e-11,-1.0329027517092549e-11
40,20,0.0,1.25,3.0279967419415194e-11,-1.013980047996365e-11
40,20,0.0,1.3,2.9778039220816955e-11,-9.935352467847198e-12
40,20,0.0,1.35,2.9286584618613524e-11,-9.721701782200117e-12
40,20,0.0,1.4,2.88059497290701e-11,-9.503169263564066e-12
40,20,0.0,1.45,2.8336297117861835e-11,-9.282841700966455e-12
40,20,0.0,1.5,2.7877658606670282e-11,-9.062909879275567e-12
40,20,0.0,1.55,2.7429973592665874e-11,-8.844914796314245e-12
40,20,0.0,1.6,2.6993116822232215e-11,-8.629926792837876e-12
40,20,0.0,1.65,2.6566918495542686e-11,-8.418675766022109e-12
40,20,0.0,1.7,2.615117879800701e-11,-8.211645764745134e-12
40,20,0.0,1.75,2.574567838403527e-11,-8.009143675182724e-12
40,20,0.0,1.8,2.5350185922393307e-11,-7.811349072011656e-12
40,20,0.0,1.85,2.4964463509302258e-11,-7.618350385031084e-12
40,20,0.0,1.9,2.4588270534923885e-11,-7.430171126213666e-12
40,20,0.0,1.95,2.4221366428547317e-11,-7.2467888989339656e-12
40,20,0.0,2.0,2.3863512591307596e-11,-7.0681491666194825e-12
40,20,0.0,2.05,2.3514473740655044e-11,-6.894175216833936e-12
40,20,0.0,2.1,2.3174018829346377e-11,-6.7247753635396615e-12
40,20,0.0,2.15,2.2841921657111083e-11,-6.559848144660787e-12
40,20,0.0,2.2,2.2517961260756083e-11,-6.399286064663972e-12
40,20,0.0,2.25,2.220192214494504e-11,-6.2429782812813134e-12
40,20,0.0,2.3,2.1893594398815667e-11,-6.090812526181159e-12
40,20,0.0,2.35,2.1592773731197613e-11,-5.942676470019133e-12
40,20,0.0,2.4,2.1299261448187003e-11,-5.798458684681029e-12
40,20,0.0,2.45,2.101286439029532e-11,-5.658049313686858e-12
40,20,0.0,2.5,2.073339484164617e-11,-5.521340531353758e-12
40,20,0.0,2.55,2.046067042023546e-11,-5.388226849245709e-12
40,20,0.0,2.6,2.0194513955776176e-11,-5.258605312421354e-12
40,20,0.0,2.65,1.9934753359822406e-11,-5.132375616352694e-12
40,20,0.0,2.7,1.9681221491548732e-11,-5.009440166929738e-12
40,20,0.0,2.75,1.9433756021603338e-11,-4.889704099829742e-12
40,20,0.0,2.8,1.919219929575589e-11,-4.773075271061745e-12
40,20,0.0,2.85,1.895639819955248e-11,-4.659464227255284e-12
40,20,0.0,2.9,1.8726204024830636e-11,-4.548784161908997e-12
40,20,0.0,2.95,1.850147233867733e-11,-4.440950862095031e-12
40,20,0.0,3.0,1.828206285521729e-11,-4.335882648875908e-12
40,20,0.0,3.05,1.8067839310490248e-11,-4.233500313782074e-12
40,20,0.0,3.1,1.7858669340565333e-11,-4.1337270530425116e-12
40,20,0.0,3.15,1.7654424362972827e-11,-4.036488400780335e-12
40,20,0.0,3.2,1.7454979461486394e-11,-3.941712162040731e-12
40,20,0.0,3.25,1.7260213274240905e-11,-3.849328346263271e-12
40,20,0.0,3.3,1.7070007885159873e-11,-3.75926910163022e-12
40,20,0.0,3.35,1.6884248718635327e-11,-3.671468650586048e-12
40,20,0.0,3.4,1.670282443739782e-11,-3.585863226731023e-12
40,20,0.0,3.45,1.6525626843506103e-11,-3.502391013217519e-12
40,20,0.0,3.5,1.635255078237613e-11,-3.420992082730952e-12
40,20,0.0,3.55,1.6183494049771125e-11,-3.3416083390990865e-12
40,20,0.0,3.6,1.601835730166995e-11,-3.264183460546053e-12
40,20,0.0,3.65,1.5857043966931924e-11,-3.188662844593047e-12
40,20,0.0,3.7,1.5699460162674838e-11,-3.114993554588747e-12
40,20,0.0,3.75,1.5545514612287176e-11,-3.043124267847894e-12
40,20,0.0,3.8,1.539511856599377e-11,-2.9730052253678705e-12
40,20,0.0,3.85,1.5248185723895634e-11,-2.9045881830883837e-12
40,20,0.0,3.9,1.5104632161410612e-11,-2.8378263646587873e-12
40,20,0.0,3.95,1.4964376257037718e-11,-2.772674415672232e-12
40,20,0.0,4.0,1.4827338622374073e-11,-2.7090883593295625e-12
40,20,0.0,4.05,1.46934420343146e-11,-2.647025553490403e-12
40,20,0.0,4.1,1.4562611369363952e-11,-2.5864446490732082e-12
40,20,0.0,4.15,1.443477353999644e-11,-2.527305549764227e-12
40,20,0.0,4.2,1.4309857432998406e-11,-2.469569372995443e-12
40,20,0.0,4.25,1.4187793849731037e-11,-2.4131984121546296e-12
40,20,0.0,4.3,1.4068515448251562e-11,-2.3581560999880167e-12
40,20,0.0,4.35,1.395195668723726e-11,-2.304406973160694e-12
40,20,0.0,4.4,1.3838053771651131e-11,-2.2519166379374013e-12
40,20,0.0,4.45,1.3726744600097467e-11,-2.2006517369491354e-12
40,20,0.0,4.5,1.3617968713812584e-11,-2.1505799170123295e-12
40,20,0.0,4.55,1.3511667247238433e-11,-2.1016697979658883e-12
40,20,0.0,4.6,1.3407782880130563e-11,-2.0538909424957492e-12
40,20,0.0,4.65,1.3306259791149246e-11,-2.0072138269138096e-12
40,20,0.0,4.7,1.3207043612890246e-11,-1.9616098128624296e-12
40,20,0.0,4.75,1.311008138830648e-11,-1.917051119914226e-12
40,20,0.0,4.8,1.3015321528478547e-11,-1.873510799038507e-12
40,20,0.0,4.85,1.2922713771690621e-11,-1.8309627069066625e-12
40,20,0.0,4.9,1.2832209143770832e-11,-1.7893814810100862e-12
40,20,0.0,4.95,1.2743759919656115e-11,-1.7487425155634924e-12
40,20,0.0,5.0,1.2657319586141781e-11,-1.709021938169496e-12
40,20,1.0,0.0,7.066465888421598e-10,8.626727542921293e-09
40,20,1.0,0.05,1.2258771193447564e-09,1.209116668907247e-08
40,20,1.0,0.1,1.9032120751577304e-09,1.4811813137661456e-08
40,20,1.0,0.15,2.6837879316221165e-09,1.6154364891628683e-08
40,20,1.0,0.2,3.493186310395322e-09,1.5984122083585683e-08
40,20,1.0,0.25,4.2617784804501405e-09,1.4594750173773113e-08
40,20,1.0,0.3,4.940436713287652e-09,1.2470710104964352e-08
40,20,1.0,0.35,5.504401386375928e-09,1.0075154241297565e-08
40,20,1.0,0.4,5.949100610710567e-09,7.743554447237146e-09
40,20,1.0,0.45,6.283087330858383e-09,5.667975761448694e-09
40,20,1.0,0.5,6.521516668620487e-09,3.927116015605235e-09
40,20,1.0,0.55,6.681498120997225e-09,2.5269695052082148e-09
40,20,1.0,0.6,6.779357456924244e-09,1.434978003578763e-09
40,20,1.0,0.65,6.8293326349455515e-09,6.031484379664995e-10
40,20,1.0,0.7,6.843171881259692e-09,-1.853697126738751e-11
40,20,1.0,0.75,6.830220379602808e-09,-4.754899959579718e-10
40,20,1.0,0.8,6.797726141816506e-09,-8.059957321468055e-10
40,20,1.0,0.85,6.75121037564355e-09,-1.0409021159303594e-09
40,20,1.0,0.9,6.694823958470407e-09,-1.204339053138047e-09
40,20,1.0,0.95,6.631656833158554e-09,-1.3148041990850743e-09
40,20,1.0,1.0,6.563991438764095e-09,-1.3862787057052532e-09
40,20,1.0,1.05,6.493502963964223e-09,-1.429224127193432e-09
40,20,1.0,1.1,6.4214138743375525e-09,-1.4514115964344216e-09
40,20,1.0,1.15,6.348611239587523e-09,-1.4585828862857793e-09
40,20,1.0,1.2,6.275734813720472e-09,-1.4549633590455756e-09
40,20,1.0,1.25,6.2032426299409775e-09,-1.4436528372129637e-09
40,20,1.0,1.3,6.131459569811693e-09,-1.4269197505460904e-09
40,20,1.0,1.35,6.060613176458459e-09,-1.4064205598480806e-09
40,20,1.0,1.4,5.990859982111934e-09,-1.38336242118054e-09
40,20,1.0,1.45,5.92230481948216e-09,-1.3586232345629856e-09
40,20,1.0,1.5,5.855014963454916e-09,-1.3328399568789805e-09
40,20,1.0,1.55,5.789030474182681e-09,-1.3064734178390217e-09
40,20,1.0,1.6,5.724371754586056e-09,-1.2798558110680954e-09
40,20,1.0,1.65,5.661045068068911e-09,-1.2532254491903881e-09
40,20,1.0,1.7,5.59904656412054e-09,-1.2267521763863925e-09
40,20,1.0,1.75,5.538365213238056e-09,-1.2005559382578964e-09
40,20,1.0,1.8,5.4789849450296876e-09,-1.1747203454467334e-09
40,20,1.0,1.85,5.42088620440657e-09,-1.1493025774317503e-09
40,20,1.0,1.9,5.36404708292942e-09,-1.124340612258564e-09
40,20,1.0,1.95,5.30844414005028e-09,-1.0998585031698443e-09
40,20,1.0,2.0,5.254052998042684e-09,-1.0758702290665758e-09
40,20,1.0,2.05,5.200848771802595e-09,-1.0523825037271032e-09
40,20,1.0,2.1,5.1488063781870436e-09,-1.029396824882257e-09
40,20,1.0,2.15,5.0979007574985645e-09,-1.006910968379617e-09
40,20,1.0,2.2,5.048107030918152e-09,-9.849200772617432e-10
40,20,1.0,2.25,4.9994006112651644e-09,-9.634174551270962e-10
40,20,1.0,2.3,4.951757279768174e-09,-9.423951436098793e-10
40,20,1.0,2.35,4.9051532381084325e-09,-9.21844342258365e-10
40,20,1.0,2.4,4.859565142496367e-09,-9.017557133570037e-10
40,20,1.0,2.45,4.814970124716821e-09,-8.82119602754414e-10
40,20,1.0,2.5,4.7713458037458985e-09,-8.629261993757979e-10
40,20,1.0,2.55,4.728670290569911e-09,-8.441656499806177e-10
40,20,1.0,2.6,4.6869221881256396e-09,-8.258281412588222e-10
40,20,1.0,2.65,4.646080587762791e-09,-8.079039580983126e-10
40,20,1.0,2.7,4.606125063250401e-09,-7.903835244748578e-10
40,20,1.0,2.75,4.567035663072111e-09,-7.732574316770375e-10
40,20,1.0,2.8,4.528792901552834e-09,-7.565164573089429e-10
40,20,1.0,2.85,4.491377749211834e-09,-7.40151577586119e-10
40,20,1.0,2.9,4.4547716226293934e-09,-7.241539747620779e-10
40,20,1.0,2.95,4.418956374034955e-09,-7.085150410282287e-10
40,20,1.0,3.0,4.383914280767553e-09,-6.932263798684063e-10
40,20,1.0,3.05,4.349628034716403e-09,-6.782798055843677e-10
40,20,1.0,3.1,4.316080731820172e-09,-6.63667341516226e-10
40,20,1.0,3.15,4.283255861679369e-09,-6.493812173395661e-10
40,20,1.0,3.2,4.251137297320968e-09,-6.354138657188815e-10
40,20,1.0,3.25,4.219709285142216e-09,-6.217579185206693e-10
40,20,1.0,3.3,4.188956435051384e-09,-6.084062027344459e-10
40,20,1.0,3.35,4.158863710817989e-09,-5.953517362102104e-10
40,20,1.0,3.4,4.129416420638134e-09,-5.825877232902042e-10
40,20,1.0,3.45,4.1006002079206015e-09,-5.701075503924633e-10
40,20,1.0,3.5,4.072401042293571e-09,-5.579047815869252e-10
40,20,1.0,3.55,4.044805210832233e-09,-5.459731541938297e-10
40,20,1.0,3.6,4.017799309505252e-09,-5.343065744252103e-10
40,20,1.0,3.65,3.9913702348383225e-09,-5.228991130847525e-10
40,20,1.0,3.7,3.965505175790363e-09,-5.117450013360984e-10
40,20,1.0,3.75,3.9401916058398835e-09,-5.008386265467017e-10
40,20,1.0,3.8,3.9154172752770775e-09,-4.901745282118731e-10
40,20,1.0,3.85,3.891170203697383e-09,-4.797473939620018e-10
40,20,1.0,3.9,3.8674386726931194e-09,-4.695520556542609e-10
40,20,1.0,3.95,3.844211218737825e-09,-4.595834855496563e-10
40,20,1.0,4.0,3.8214766262599e-09,-4.4983679257513385e-10
40,20,1.0,4.05,3.799223920901066e-09,-4.4030721867058306e-10
40,20,1.0,4.1,3.777442362955274e-09,-4.309901352192719e-10
40,20,1.0,4.15,3.756121440984014e-09,-4.2188103956098007e-10
40,20,1.0,4.2,3.73525086560401e-09,-4.12975551586457e-10
40,20,1.0,4.25,3.7148205634431598e-09,-4.042694104114381e-10
40,20,1.0,4.3,3.694820671260653e-09,-3.9575847112893154e-10
40,20,1.0,4.35,3.6752415302279948e-09,-3.874387016382485e-10
40,20,1.0,4.4,3.656073680366085e-09,-3.793061795487405e-10
40,20,1.0,4.45,3.637307855135764e-09,-3.7135708915707614e-10
40,20,1.0,4.5,3.6189349761775623e-09,-3.63587718496056e-10
40,20,1.0,4.55,3.600946148196968e-09,-3.559944564534832e-10
40,20,1.0,4.6,3.583332653992652e-09,-3.4857378995944323e-10
40,20,1.0,4.65,3.5660859496229103e-09,-3.4132230124025515e-10
40,20,1.0,4.7,3.549197659708349e-09,-3.342366651377633e-10
40,20,1.0,4.75,3.532659572866773e-09,-3.273136464920623e-10
40,20,1.0,4.8,3.51646363727735e-09,-3.2055009758652233e-10
40,20,1.0,4.85,3.5006019563710843e-09,-3.139429556531202e-10
40,20,1.0,4.9,3.485066784644599e-09,-3.0748924043709125e-10
40,20,1.0,4.95,3.469850523593985e-09,-3.0118605181909916e-10
40,20,1.0,5.0,3.45494571776644e-09,-2.95030567493689e-10
40,20,2.0,0.0,1.7778629383299092e-08,2.691334688435662e-07
40,20,2.0,0.05,3.5609226765262985e-08,4.504833356804976e-07
40,20,2.0,0.1,6.312519739126966e-08,6.491498679013313e-07
40,20,2.0,0.15,1.0000638931180578e-07,8.170912168395307e-07
40,20,2.0,0.2,1.4365725061928996e-07,9.153465413942785e-07
40,20,2.0,0.25,1.9014408623230647e-07,9.306571769134812e-07
40,20,2.0,0.3,2.35526223450635e-07,8.745942556275043e-07
40,20,2.0,0.35,2.768239017229952e-07,7.717631300880555e-07
40,20,2.0,0.4,3.1235313241798524e-07,6.477505642839809e-07
40,20,2.0,0.45,3.415789296382987e-07,5.222720759691231e-07
40,20,2.0,0.5,3.647615772364432e-07,4.0745097359014786e-07
40,20,2.0,0.55,3.825991313039461e-07,3.0899232469632697e-07
40,20,2.0,0.6,3.9595743855772607e-07,2.2825154654662953e-07
40,20,2.0,0.65,4.0570165703969256e-07,1.6411776024082003e-07
40,20,2.0,0.7,4.126089194322386e-07,1.1435770814001671e-07
40,20,2.0,0.75,4.1733463840496845e-07,7.643559996631022e-08
40,20,2.0,0.8,4.2040951092525825e-07,4.794655515398395e-08
40,20,2.0,0.85,4.2225154498952247e-07,2.6805157486613488e-08
40,20,2.0,0.9,4.2318369689040333e-07,1.1295774943143173e-08
40,20,2.0,0.95,4.2345207627003147e-07,5.375695069899032e-11
40,20,2.0,1.0,4.2324237098253285e-07,-7.98207987783404e-09
40,20,2.0,1.05,4.226936558740704e-07,-1.3624115027255254e-08
40,20,2.0,1.1,4.2190952040736737e-07,-1.7487426113005263e-08
40,20,2.0,1.15,4.209667936854537e-07,-2.0034044285483647e-08
40,20,2.0,1.2,4.1992226061404426e-07,-2.1609063062086855e-08
40,20,2.0,1.25,4.188177661115058e-07,-2.2469167281091038e-08
40,20,2.0,1.3,4.1768405948550925e-07,-2.2804701307979372e-08
40,20,2.0,1.35,4.1654367140579975e-07,-2.2756495235144523e-08
40,20,2.0,1.4,4.1541305701054224e-07,-2.242856596075057e-08
40,20,2.0,1.45,4.143041870448512e-07,-2.1897636560343673e-08
40,20,2.0,1.5,4.132257263589345e-07,-2.122023487840125e-08
40,20,2.0,1.55,4.121839052635459e-07,-2.0437967701732992e-08
40,20,2.0,1.6,4.1118316298204517e-07,-1.9581429159663086e-08
40,20,2.0,1.65,4.10226622375601e-07,-1.8673091577942518e-08
40,20,2.0,1.7,4.093164399537267e-07,-1.7729440823996984e-08
40,20,2.0,1.75,4.0845406380812793e-07,-1.6762552082449008e-08
40,20,2.0,1.8,4.0764042362167196e-07,-1.5781251916102904e-08
40,20,2.0,1.85,4.068760705976681e-07,-1.4791974835687981e-08
40,20,2.0,1.9,4.0616128048055114e-07,-1.3799394493354132e-08
40,20,2.0,1.95,4.054961293819932e-07,-1.2806888708638799e-08
40,20,2.0,2.0,4.048805495727968e-07,-1.1816882033035421e-08
40,20,2.0,2.05,4.043143705168862e-07,-1.0831098088873793e-08
40,20,2.0,2.1,4.037973490345241e-07,-9.850745444217644e-09
40,20,2.0,2.15,4.033291914579425e-07,-8.87665453226831e-09
40,20,2.0,2.2,4.029095698882691e-07,-7.909378512728174e-09
40,20,2.0,2.25,4.02538134107234e-07,-6.949267574595919e-09
40,20,2.0,2.3,4.0221452028756137e-07,-5.9965236763559374e-09
40,20,2.0,2.35,4.0193835734503885e-07,-5.051240875863282e-09
40,20,2.0,2.4,4.017092715529278e-07,-4.113435044327263e-09
40,20,2.0,2.45,4.0152688987613405e-07,-3.183065758994688e-09
40,20,2.0,2.5,4.0139084236219887e-07,-2.2600524329125932e-09
40,20,2.0,2.55,4.013007638372951e-07,-1.3442861979305686e-09
40,20,2.0,2.6,4.012562950903322e-07,-4.3563865794656377e-10
40,20,2.0,2.65,4.0125708367999476e-07,4.660316646910894e-10
40,20,2.0,2.7,4.0130278446410287e-07,1.3608745832442923e-09
40,20,2.0,2.75,4.013930599246391e-07,2.249044754245301e-09
40,20,2.0,2.8,4.015275803424136e-07,3.1306991094281476e-09
40,20,2.0,2.85,4.017060238612353e-07,4.005994969146394e-09
40,20,2.0,2.9,4.019280764709525e-07,4.875088658326222e-09
40,20,2.0,2.95,4.0219343193103155e-07,5.738134492992369e-09
40,20,2.0,3.0,4.0250179165063083e-07,6.595284040061748e-09
40,20,2.0,3.05,4.0285286453694864e-07,7.446685578666465e-09
40,20,2.0,3.1,4.0324636682058113e-07,8.29248371004841e-09
40,20,2.0,3.15,4.036820218641954e-07,9.132819077003919e-09
40,20,2.0,3.2,4.0415955995933853e-07,9.967828164066487e-09
40,20,2.0,3.25,4.0467871811481426e-07,1.0797643157190972e-08
40,20,2.0,3.3,4.052392398391507e-07,1.1622391847218588e-08
40,20,2.0,3.35,4.0584087491917435e-07,1.244219756561844e-08
40,20,2.0,3.4,4.0648337919589135e-07,1.3257179143893947e-08
40,20,2.0,3.45,4.0716651433888567e-07,1.4067450890417085e-08
40,20,2.0,3.5,4.0789004761983885e-07,1.4873122580003284e-08
40,20,2.0,3.55,4.0865375168579196e-07,1.5674299452836107e-08
40,20,2.0,3.6,4.094574043325413e-07,1.6471082220174385e-08
40,20,2.0,3.65,4.1030078827843716e-07,1.7263567075028093e-08
40,20,2.0,3.7,4.111836909388115e-07,1.805184570640153e-08
40,20,2.0,3.75,4.121059042011991e-07,1.8836005316127104e-08
40,20,2.0,3.8,4.1306722420142514e-07,1.961612863752566e-08
40,20,2.0,3.85,4.1406745110068466e-07,2.03922939554022e-08
40,20,2.0,3.9,4.151063888636386e-07,2.116457512694594e-08
40,20,2.0,3.95,4.1618384503756166e-07,2.193304160328615e-08
40,20,2.0,4.0,4.172996305325866e-07,2.269775845149474e-08
40,20,2.0,4.05,4.1845355940307517e-07,2.3458786376912105e-08
40,20,2.0,4.1,4.196454486300689e-07,2.4216181745690525e-08
40,20,2.0,4.15,4.2087511790491364e-07,2.4969996607506714e-08
40,20,2.0,4.2,4.221423894140086e-07,2.572027871840957e-08
40,20,2.0,4.25,4.234470876246926e-07,2.6467071563795156e-08
40,20,2.0,4.3,4.2478903907227556e-07,2.7210414381498365e-08
40,20,2.0,4.35,4.261680721482702e-07,2.7950342185021548e-08
40,20,2.0,4.4,4.275840168897348e-07,2.868688578691883e-08
40,20,2.0,4.45,4.290367047698278e-07,2.9420071822354584e-08
40,20,2.0,4.5,4.305259684895191e-07,3.014992277287647e-08
40,20,2.0,4.55,4.320516417705124e-07,3.087645699043285e-08
40,20,2.0,4.6,4.336135591493877e-07,3.1599688721659006e-08
40,20,2.0,4.65,4.3521155577292425e-07,3.2319628132498976e-08
40,20,2.0,4.7,4.3684546719470854e-07,3.303628133316991e-08
40,20,2.0,4.75,4.385151291729617e-07,3.37496504035335e-08
40,20,2.0,4.8,4.402203774696897e-07,3.445973341891182e-08
40,20,2.0,4.85,4.41961047651085e-07,3.516652447638154e-08
40,20,2.0,4.9,4.437369748893049e-07,3.58700137216037e-08
40,20,2.0,4.95,4.455479937655695e-07,3.657018737620931e-08
40,20,2.0,5.0,4.473939380746561e-07,3.726702776582705e-08
40,20,3.0,0.0,4.7975942270615e-08,8.586312232045474e-07
40,20,3.0,0.05,1.1077513028051976e-07,1.7205621214210656e-06
40,20,3.0,0.1,2.263045903479326e-07,2.9518258662876984e-06
40,20,3.0,0.15,4.089458069779134e-07,4.357562294349464e-06
40,20,3.0,0.2,6.595379401826245e-07,5.613265888614939e-06
40,20,3.0,0.25,9.628387601838097e-07,6.428975469765715e-06
40,20,3.0,0.3,1.2929022239361174e-06,6.6789553395471035e-06
40,20,3.0,0.35,1.6221037956576912e-06,6.414617807554092e-06
40,20,3.0,0.4,1.9283854041134372e-06,5.7920785134647164e-06
40,20,3.0,0.45,2.1982977468460735e-06,4.987447031191239e-06
40,20,3.0,0.5,2.4265071842270046e-06,4.1436765914055705e-06
40,20,3.0,0.55,2.6135829078004108e-06,3.353421018496476e-06
40,20,3.0,0.6,2.763549490629116e-06,2.6641135117399036e-06
40,20,3.0,0.65,2.8819435189733353e-06,2.0911409742159637e-06
40,20,3.0,0.7,2.9745462466417705e-06,1.6308304225193775e-06
40,20,3.0,0.75,3.0466885734857437e-06,1.270144286497334e-06
40,20,3.0,0.8,3.102949949251805e-06,9.928277359386647e-07
40,20,3.0,0.85,3.1470919374216706e-06,7.828100356185951e-07
40,20,3.0,0.9,3.182113130344295e-06,6.258025828257547e-07
40,20,3.0,0.95,3.210355017778228e-06,5.098426188297701e-07
40,20,3.0,1.0,3.2336196170629224e-06,4.2528510958592764e-07
40,20,3.0,1.05,3.2532795409434263e-06,3.6454569258405765e-07
40,20,3.0,1.1,3.2703726795514953e-06,3.2176187488103254e-07
40,20,3.0,1.15,3.2856797661395044e-06,2.9245635103206164e-07
40,20,3.0,1.2,3.2997859865451406e-06,2.7323890775850814e-07
40,20,3.0,1.25,3.313128917833112e-06,2.615582785781793e-07
40,20,3.0,1.3,3.3260353058597466e-06,2.5550313265898757e-07
40,20,3.0,1.35,3.338749002055624e-06,2.5364626832870867e-07
40,20,3.0,1.4,3.3514520358647166e-06,2.549245962922231e-07
40,20,3.0,1.45,3.364280429689792e-06,2.58547724241384e-07
40,20,3.0,1.5,3.3773360252464315e-06,2.6392887517080573e-07
40,20,3.0,1.55,3.390695304318681e-06,2.706329758611526e-07
40,20,3.0,1.6,3.40441595553083e-06,2.78337804677941e-07
40,20,3.0,1.65,3.4185417566202367e-06,2.8680499731564436e-07
40,20,3.0,1.7,3.4331062009297515e-06,2.958584540821305e-07
40,20,3.0,1.75,3.4481351893890627e-06,3.053682831238447e-07
40,20,3.0,1.8,3.4636490279434573e-06,3.1523887284934915e-07
40,20,3.0,1.85,3.4796639092353936e-06,3.2540003820942606e-07
40,20,3.0,1.9,3.4961930115503087e-06,3.358004519972099e-07
40,20,3.0,1.95,3.513247313854466e-06,3.464027730760584e-07
40,20,3.0,2.0,3.5308362002907718e-06,3.571800339221592e-07
40,20,3.0,2.05,3.548967908566684e-06,3.681129622776882e-07
40,20,3.0,2.1,3.56764986260322e-06,3.791879954730258e-07
40,20,3.0,2.15,3.586888919378168e-06,3.90395808282015e-07
40,20,3.0,2.2,3.6066915521530508e-06,4.017302214612394e-07
40,20,3.0,2.25,3.6270639865335918e-06,4.1318739247890716e-07
40,20,3.0,2.3,3.6480123015563568e-06,4.247652154238444e-07
40,20,3.0,2.35,3.6695425048408714e-06,4.364628759795944e-07
40,20,3.0,2.4,3.691660588507293e-06,4.482805213559726e-07
40,20,3.0,2.45,3.7143725708275734e-06,4.6021901545029055e-07
40,20,3.0,2.5,3.737684527293213e-06,4.7227975720408185e-07
40,20,3.0,2.55,3.7616026138306316e-06,4.844645458218534e-07
40,20,3.0,2.6,3.786133084189502e-06,4.967754807430544e-07
40,20,3.0,2.65,3.8112823030063435e-06,5.092148873899619e-07
40,20,3.0,2.7,3.837056755656945e-06,5.217852620343031e-07
40,20,3.0,2.75,3.863463055724482e-06,5.344892308461571e-07
40,20,3.0,2.8,3.89050795069604e-06,5.473295194632674e-07
40,20,3.0,2.85,3.918198326342487e-06,5.603089303648774e-07
40,20,3.0,2.9,3.946541210119154e-06,5.734303260348088e-07
40,20,3.0,2.95,3.975543773836863e-06,5.866966164186345e-07
40,20,3.0,3.0,4.005213335789895e-06,6.001107495651551e-07
40,20,3.0,3.05,4.035557362477713e-06,6.136757046286718e-07
40,20,3.0,3.1,4.066583470022788e-06,6.273944866204458e-07
40,20,3.0,3.15,4.098299425360034e-06,6.412701224553886e-07
40,20,3.0,3.2,4.130713147253594e-06,6.55305657956821e-07
40,20,3.0,3.25,4.16383270718264e-06,6.695041555688479e-07
40,20,3.0,3.3,4.197666330126456e-06,6.838686925901058e-07
40,20,3.0,3.35,4.232222395271116e-06,6.984023597908045e-07
40,20,3.0,3.4,4.267509436654488e-06,7.131082603101228e-07
40,20,3.0,3.45,4.303536143761656e-06,7.279895087574845e-07
40,20,3.0,3.5,4.340311362078933e-06,7.430492304609207e-07
40,20,3.0,3.55,4.377844093613374e-06,7.582905608201844e-07
40,20,3.0,3.6,4.416143497381854e-06,7.73716644732989e-07
40,20,3.0,3.65,4.455218889872401e-06,7.893306360709676e-07
40,20,3.0,3.7,4.4950797454808285e-06,8.051356971878601e-07
40,20,3.0,3.75,4.535735696922704e-06,8.211349984467908e-07
40,20,3.0,3.8,4.577196535622428e-06,8.373317177569822e-07
40,20,3.0,3.85,4.619472212078795e-06,8.537290401123563e-07
40,20,3.0,3.9,4.662572836207893e-06,8.703301571270219e-07
40,20,3.0,3.95,4.706508677662031e-06,8.871382665628538e-07
40,20,3.0,4.0,4.751290166125435e-06,9.041565718469271e-07
40,20,3.0,4.05,4.79692789158487e-06,9.213882815756512e-07
40,20,3.0,4.1,4.843432604575698e-06,9.38836609004583e-07
40,20,3.0,4.15,4.890815216401476e-06,9.565047715220202e-07
40,20,3.0,4.2,4.939086799327314e-06,9.743959901057828e-07
40,20,3.0,4.25,4.988258586745266e-06,9.925134887623255e-07
40,20,3.0,4.3,5.038341973311349e-06,1.010860493947326e-06
40,20,3.0,4.35,5.089348515053224e-06,1.029440233967996e-06
40,20,3.0,4.4,5.141289929447424e-06,1.0482559383659312e-06
40,20,3.0,4.45,5.194178095465153e-06,1.0673108372811613e-06
40,20,3.0,4.5,5.248025053585941e-06,1.0866081607963781e-06
40,20,3.0,4.55,5.3028430057780755e-06,1.106151138262158e-06
40,20,3.0,4.6,5.358644315444627e-06,1.1259429976021366e-06
40,20,3.0,4.65,5.4154415073341585e-06,1.1459869645989299e-06
40,20,3.0,4.7,5.47324726741591e-06,1.166286262160442e-06
40,20,3.0,4.75,5.532074442716751e-06,1.186844109566448e-06
40,20,3.0,4.8,5.591936041120816e-06,1.207663721695938e-06
40,20,3.0,4.85,5.652845231129842e-06,1.2287483082348472e-06
40,20,3.0,4.9,5.714815341582959e-06,1.2501010728645534e-06
40,20,3.0,4.95,5.7778598613361715e-06,1.2717252124312956e-06
40,20,3.0,5.0,5.841992438899149e-06,1.2936239160963251e-06
40,20,4.0,0.0,2.515031808542282e-08,5.052376696716985e-07
40,20,4.0,0.05,6.564991475256988e-08,1.1943106561674451e-06
40,20,4.0,0.1,1.539726724944016e-07,2.4415742093901993e-06
40,20,4.0,0.15,3.1975451432516785e-07,4.2751801305185475e-06
40,20,4.0,0.2,5.870858441485805e-07,6.436219913191417e-06
40,20,4.0,0.25,9.607913441385086e-07,8.44287938132886e-06
40,20,4.0,0.3,1.4209148479281654e-06,9.830557909452944e-06
40,20,4.0,0.35,1.929493885180032e-06,1.0366856877901015e-05
40,20,4.0,0.4,2.444038642204206e-06,1.0095457488633655e-05
40,20,4.0,0.45,2.929244163448718e-06,9.23767940590135e-06
40,20,4.0,0.5,3.362529745230566e-06,8.061663892712702e-06
40,20,4.0,0.55,3.7339255130221394e-06,6.793919913289619e-06
40,20,4.0,0.6,4.042967894645156e-06,5.5865475632043895e-06
40,20,4.0,0.65,4.2949774132970905e-06,4.521288314741491e-06
40,20,4.0,0.7,4.497986559858e-06,3.6283873139935467e-06
40,20,4.0,0.75,4.6606752224137445e-06,2.90651368526207e-06
40,20,4.0,0.8,4.7911995364672945e-06,2.3381479201122207e-06
40,20,4.0,0.85,4.896653626066953e-06,1.8995940673710641e-06
40,20,4.0,0.9,4.98291808815948e-06,1.5666722772104702e-06
40,20,4.0,0.95,5.054714826286309e-06,1.3175039879976352e-06
40,20,4.0,1.0,5.115753604711461e-06,1.1335598517288767e-06
40,20,4.0,1.05,5.168905042642838e-06,9.997748422487127e-07
40,20,4.0,1.1,5.216366863649321e-06,9.042249200275337e-07
40,20,4.0,1.15,5.259809148510751e-06,8.376435126914942e-07
40,20,4.0,1.2,5.300494587419098e-06,7.929209754208951e-07
40,20,4.0,1.25,5.339374743056548e-06,7.646520555153105e-07
40,20,4.0,1.3,5.377165418937797e-06,7.487542259820884e-07
40,20,4.0,1.35,5.414404780738972e-06,7.421587581913158e-07
40,20,4.0,1.4,5.451497705658117e-06,7.425671542246622e-07
40,20,4.0,1.45,5.488749370689597e-06,7.482624553577911e-07
40,20,4.0,1.5,5.526390555406174e-06,7.57964820459482e-07
40,20,4.0,1.55,5.5645966303339765e-06,7.707219217092357e-07
40,20,4.0,1.6,5.6035017677530055e-06,7.858262632351279e-07
40,20,4.0,1.65,5.6432095562887145e-06,8.027530773449384e-07
40,20,4.0,1.7,5.683800918510657e-06,8.211138209006634e-07
40,20,4.0,1.75,5.725340011262207e-06,8.406214302771244e-07
40,20,4.0,1.8,5.7678786199983434e-06,8.61064402878055e-07
40,20,4.0,1.85,5.811459430350351e-06,8.822874847577652e-07
40,20,4.0,1.9,5.8561184634259715e-06,9.041772920403013e-07
40,20,4.0,1.95,5.901886888663301e-06,9.266516116101865e-07
40,20,4.0,2.0,5.9487923736021395e-06,9.496514426093405e-07
40,20,4.0,2.05,5.996860089243453e-06,9.731350781243047e-07
40,20,4.0,2.1,6.04611345930923e-06,9.970737047678244e-07
40,20,4.0,2.15,6.096574719096082e-06,1.0214481311877718e-06
40,20,4.0,2.2,6.1482653327753935e-06,1.0462463560366092e-06
40,20,4.0,2.25,6.201206305465465e-06,1.0714617600848683e-06
40,20,4.0,2.3,6.2554184170826624e-06,1.0970917623696319e-06
40,20,4.0,2.35,6.310922398050187e-06,1.1231368213437481e-06
40,20,4.0,2.4,6.367739061793619e-06,1.1495996925386724e-06
40,20,4.0,2.45,6.425889405122722e-06,1.1764848769640877e-06
40,20,4.0,2.5,6.485394684754707e-06,1.2037982113487245e-06
40,20,4.0,2.55,6.546276476116154e-06,1.2315465638735612e-06
40,20,4.0,2.6,6.608556718989974e-06,1.259737608374909e-06
40,20,4.0,2.65,6.672257753404185e-06,1.2883796569246459e-06
40,20,4.0,2.7,6.737402348288779e-06,1.3174815358479144e-06
40,20,4.0,2.75,6.804013724781172e-06,1.3470524940670323e-06
40,20,4.0,2.8,6.872115575580396e-06,1.3771021355083256e-06
40,20,4.0,2.85,6.941732081391134e-06,1.4076403694239278e-06
40,20,4.0,2.9,7.012887925233813e-06,1.4386773740559857e-06
40,20,4.0,2.95,7.085608305198737e-06,1.4702235702402246e-06
40,20,4.0,3.0,7.159918946074504e-06,1.5022896024160986e-06
40,20,4.0,3.05,7.2358461101718384e-06,1.5348863251597938e-06
40,20,4.0,3.1,7.313416607581435e-06,1.5680247938360614e-06
40,20,4.0,3.15,7.3926578060465555e-06,1.6017162583257724e-06
40,20,4.0,3.2,7.473597640580109e-06,1.6359721590504065e-06
40,20,4.0,3.25,7.5562646229299166e-06,1.6708041247151788e-06
40,20,4.0,3.3,7.640687850963596e-06,1.7062239713392315e-06
40,20,4.0,3.35,7.726897018030862e-06,1.7422437022521257e-06
40,20,4.0,3.4,7.814922422344487e-06,1.7788755088167269e-06
40,20,4.0,3.45,7.904794976411786e-06,1.8161317717010413e-06
40,20,4.0,3.5,7.99654621654044e-06,1.8540250625655654e-06
40,20,4.0,3.55,8.090208312437172e-06,1.8925681460680516e-06
40,20,4.0,3.6,8.185814076913121e-06,1.931773982111443e-06
40,20,4.0,3.65,8.283396975705836e-06,1.971655728280142e-06
40,20,4.0,3.7,8.382991137427997e-06,2.012226742424354e-06
40,20,4.0,3.75,8.484631363647185e-06,2.05350058536152e-06
40,20,4.0,3.8,8.588353139104449e-06,2.095491023672902e-06
40,20,4.0,3.85,8.694192642073487e-06,2.138212032577749e-06
40,20,4.0,3.9,8.802186754866146e-06,2.181677798873471e-06
40,20,4.0,3.95,8.912373074485966e-06,2.2259027239322804e-06
40,20,4.0,4.0,9.024789923432756e-06,2.270901426747282e-06
40,20,4.0,4.05,9.139476360660688e-06,2.316688747023596e-06
40,20,4.0,4.1,9.256472192692476e-06,2.363279748310686e-06
40,20,4.0,4.15,9.375817984890144e-06,2.4106897211730407e-06
40,20,4.0,4.2,9.497555072886122e-06,2.4589341863978946e-06
40,20,4.0,4.25,9.621725574175373e-06,2.5080288982384757e-06
40,20,4.0,4.3,9.748372399870175e-06,2.557989847691593e-06
40,20,4.0,4.35,9.877539266620349e-06,2.608833265810119e-06
40,20,4.0,4.4,1.0009270708699442e-05,2.6605756270487787e-06
40,20,4.0,4.45,1.0143612090258847e-05,2.7132336526440045e-06
40,20,4.0,4.5,1.0280609617752691e-05,2.766824314028219e-06
40,20,4.0,4.55,1.0420310352533208e-05,2.8213648362773374e-06
40,20,4.0,4.6,1.05627622236201e-05,2.876872701593654e-06
40,20,4.0,4.65,1.0708014040644413e-05,2.9333656528224547e-06
40,20,4.0,4.7,1.0856115506969487e-05,2.9908616970047755e-06
40,20,4.0,4.75,1.1007117232990371e-05,3.0493791089647807e-06
40,20,4.0,4.8,1.1161070749613293e-05,3.1089364349335877e-06
40,20,4.0,4.85,1.1318028521917308e-05,3.169552496209255e-06
40,20,4.0,4.9,1.1478043963000118e-05,3.2312463928542355e-06
40,20,4.0,4.95,1.1641171448009238e-05,3.294037507429456e-06
40,20,4.0,5.0,1.1807466328361255e-05,3.3579455087670717e-06
40,20,5.0,0.0,5.50524127903117e-09,1.1755766761591815e-07
40,20,5.0,0.05,1.564049211051987e-08,3.17019436474433e-07
40,20,5.0,0.1,4.1269589155177405e-08,7.60942661788762e-07
40,20,5.0,0.15,9.808624551738543e-08,1.5828086329049258e-06
40,20,5.0,0.2,2.0660762074802797e-07,2.821014542681247e-06
40,20,5.0,0.25,3.846215633366921e-07,4.3189995826899135e-06
40,20,5.0,0.3,6.374258826131484e-07,5.751797600785604e-06
40,20,5.0,0.35,9.530516515432019e-07,6.785147917467813e-06
40,20,5.0,0.4,1.3060891558974164e-06,7.234364269303251e-06
40,20,5.0,0.45,1.6668453444114221e-06,7.10958902351164e-06
40,20,5.0,0.5,2.0098639618976623e-06,6.555043379776102e-06
40,20,5.0,0.55,2.3183109675214767e-06,5.757211809699304e-06
40,20,5.0,0.6,2.5842721163932656e-06,4.8788018857578714e-06
40,20,5.0,0.65,2.8067449683533853e-06,4.031912487941563e-06
40,20,5.0,0.7,2.9890451757219543e-06,3.278680046083274e-06
40,20,5.0,0.75,3.1365976521353806e-06,2.643759809090933e-06
40,20,5.0,0.8,3.255419472128924e-06,2.128342760592617e-06
40,20,5.0,0.85,3.3512403363852285e-06,1.7212768732951865e-06
40,20,5.0,0.9,3.4290845064367135e-06,1.4064364106097197e-06
40,20,5.0,0.95,3.4931395730949146e-06,1.1669840412302653e-06
40,20,5.0,1.0,3.5467811546594652e-06,9.875045031082523e-07
40,20,5.0,1.05,3.592669058282942e-06,8.548485400597165e-07
40,20,5.0,1.1,3.6328661302159605e-06,7.582740138318273e-07
40,20,5.0,1.15,3.668954577466763e-06,6.892494224968516e-07
40,20,5.0,1.2,3.7021386028044265e-06,6.411277551387266e-07
40,20,5.0,1.25,3.733329896345552e-06,6.087991193985522e-07
40,20,5.0,1.3,3.763216357755956e-06,5.883724717403607e-07
40,20,5.0,1.35,3.7923160634971296e-06,5.76905115860625e-07
40,20,5.0,1.4,3.821018979006397e-06,5.721826591791164e-07
40,20,5.0,1.45,3.849618843990004e-06,5.725449188449992e-07
40,20,5.0,1.5,3.878337356133172e-06,5.767507048478794e-07
40,20,5.0,1.55,3.907342411556944e-06,5.838741223406188e-07
40,20,5.0,1.6,3.936761807856705e-06,5.932257489798388e-07
40,20,5.0,1.65,3.96669350910747e-06,6.042930961962489e-07
40,20,5.0,1.7,3.997213319831418e-06,6.166958383751572e-07
40,20,5.0,1.75,4.028380613767867e-06,6.301522553607459e-07
40,20,5.0,1.8,4.0602426063413e-06,6.444541379823038e-07
40,20,5.0,1.85,4.092837539008401e-06,6.594480533984865e-07
40,20,5.0,1.9,4.126197051736981e-06,6.750213750110439e-07
40,20,5.0,1.95,4.160347950345916e-06,6.910918739576462e-07
40,20,5.0,2.0,4.19531352311595e-06,7.075999687334791e-07
40,20,5.0,2.05,4.231114521847755e-06,7.245029564478527e-07
40,20,5.0,2.1,4.2677698931972485e-06,7.417707202332747e-07
40,20,5.0,2.15,4.305297324206803e-06,7.593825356749366e-07
40,20,5.0,2.2,4.343713649612252e-06,7.773246951886845e-07
40,20,5.0,2.25,4.383035156333208e-06,7.95588741024226e-07
40,20,5.0,2.3,4.423277811491204e-06,8.141701510833893e-07
40,20,5.0,2.35,4.464457433555133e-06,8.330673616149857e-07
40,20,5.0,2.4,4.506589821195204e-06,8.522810405344862e-07
40,20,5.0,2.45,4.549690850694585e-06,8.718135472098173e-07
40,20,5.0,2.5,4.593776549988676e-06,8.916685309900237e-07
40,20,5.0,2.55,4.638863155339464e-06,9.118506329798638e-07
40,20,5.0,2.6,4.684967155114075e-06,9.32365264655577e-07
40,20,5.0,2.65,4.7321053239937e-06,9.532184436791502e-07
40,20,5.0,2.7,4.78029475009087e-06,9.744166722979392e-07
40,20,5.0,2.75,4.829552856817819e-06,9.959668474566632e-07
40,20,5.0,2.8,4.8798974208805695e-06,1.0178761945314493e-06
40,20,5.0,2.85,4.931346587420242e-06,1.0401522186644572e-06
40,20,5.0,2.9,4.983918883066419e-06,1.06280266921796e-06
40,20,5.0,2.95,5.037633227468621e-06,1.0858355140121762e-06
40,20,5.0,3.0,5.092508943731669e-06,1.1092589208634723e-06
40,20,5.0,3.05,5.148565768070585e-06,1.133081244573935e-06
40,20,5.0,3.1,5.205823858922098e-06,1.1573110179960616e-06
40,20,5.0,3.15,5.264303805688819e-06,1.1819569461471378e-06
40,20,5.0,3.2,5.324026637249477e-06,1.2070279026101924e-06
40,20,5.0,3.25,5.3850138303339585e-06,1.2325329276531073e-06
40,20,5.0,3.3,5.447287317838084e-06,1.2584812276423657e-06
40,20,5.0,3.35,5.510869497135182e-06,1.2848821754369521e-06
40,20,5.0,3.4,5.575783238426011e-06,1.3117453115268526e-06
40,20,5.0,3.45,5.642051893161378e-06,1.3390803457427784e-06
40,20,5.0,3.5,5.709699302561098e-06,1.3668971594061993e-06
40,20,5.0,3.55,5.778749806249705e-06,1.3952058078240665e-06
40,20,5.0,3.6,5.849228251023868e-06,1.4240165230560818e-06
40,20,5.0,3.65,5.921159999763982e-06,1.4533397169018646e-06
40,20,5.0,3.7,5.994570940499311e-06,1.483185984068345e-06
40,20,5.0,3.75,6.069487495636349e-06,1.5135661054888737e-06
40,20,5.0,3.8,6.145936631355244e-06,1.5444910517726927e-06
40,20,5.0,3.85,6.22394586718275e-06,1.5759719867690922e-06
40,20,5.0,3.9,6.303543285745165e-06,1.6080202712356455e-06
40,20,5.0,3.95,6.384757542707641e-06,1.6406474666018385e-06
40,20,5.0,4.0,6.467617876903794e-06,1.6738653388233813e-06
40,20,5.0,4.05,6.55215412065996e-06,1.7076858623228124e-06
40,20,5.0,4.1,6.638396710318939e-06,1.7421212240142508e-06
40,20,5.0,4.15,6.726376696967128e-06,1.7771838274112292e-06
40,20,5.0,4.2,6.816125757368529e-06,1.812886296816589e-06
40,20,5.0,4.25,6.907676205110896e-06,1.8492414815946938e-06
40,20,5.0,4.3,7.00106100196728e-06,1.8862624605263135e-06
40,20,5.0,4.35,7.096313769477603e-06,1.923962546247066e-06
40,20,5.0,4.4,7.193468800753754e-06,1.9623552897703536e-06
40,20,5.0,4.45,7.292561072513724e-06,2.001454485096227e-06
40,20,5.0,4.5,7.393626257347876e-06,2.0412741739073435e-06
40,20,5.0,4.55,7.496700736222084e-06,2.0818286503537198e-06
40,20,5.0,4.6,7.601821611222962e-06,2.1231324659281096e-06
40,20,5.0,4.65,7.709026718548532e-06,2.165200434433238e-06
40,20,5.0,4.7,7.81835464174999e-06,2.2080476370434466e-06
40,20,5.0,4.75,7.929844725228691e-06,2.251689427461843e-06
40,20,5.0,4.8,8.043537087993806e-06,2.2961414371756613e-06
40,20,5.0,4.85,8.159472637684635e-06,2.341419580811056e-06
40,20,5.0,4.9,8.277693084863893e-06,2.3875400615903192e-06
40,20,5.0,4.95,8.398240957585825e-06,2.434519376892561e-06
40,20,5.0,5.0,8.52115961624543e-06,2.4823743239209233e-06
80,5,0.0,0.0,2.16422335430317e-11,1.7148931266932409e-10
80,5,0.0,0.05,3.0699268661490596e-11,1.8769865708407547e-10
80,5,0.0,0.1,4.0102522237293494e-11,1.8552296138798392e-10
80,5,0.0,0.15,4.900025961074742e-11,1.6835168959475183e-10
80,5,0.0,0.2,5.678670358856084e-11,1.421097431371608e-10
80,5,0.0,0.25,6.315703047986762e-11,1.1255859599474327e-10
80,5,0.0,0.3,6.805839298454547e-11,8.389493015827115e-11
80,5,0.0,0.35,7.160205185758922e-11,5.85147895768068e-11
80,5,0.0,0.4,7.398115914397631e-11,3.738172636079162e-11
80,5,0.0,0.45,7.541203965412259e-11,2.054211959745472e-11
80,5,0.0,0.5,7.609976913124295e-11,7.56065157032243e-12
80,5,0.0,0.55,7.622203211382585e-11,-2.1854391778927354e-12
80,5,0.0,0.6,7.592442858460113e-11,-9.336982684413339e-12
80,5,0.0,0.65,7.532191366079092e-11,-1.4470487440991817e-11
80,5,0.0,0.7,7.450292361224346e-11,-1.8068099345369684e-11
80,5,0.0,0.75,7.353422825057578e-11,-2.0515351516935e-11
80,5,0.0,0.8,7.246553279195593e-11,-2.211155876534346e-11
80,5,0.0,0.85,7.133342951620036e-11,-2.308444792438264e-11
80,5,0.0,0.9,7.016460551844303e-11,-2.3604828671666906e-11
80,5,0.0,0.95,6.89783565876533e-11,-2.379950949832285e-11
80,5,0.0,1.0,6.778851197001764e-11,-2.376192099457013e-11
80,5,0.0,1.05,6.66048847507583e-11,-2.3560505151869224e-11
80,5,0.0,1.1,6.543435261495024e-11,-2.324516937229128e-11
80,5,0.0,1.15,6.42816567879173e-11,-2.2852165089685633e-11
80,5,0.0,1.2,6.314998925171895e-11,-2.2407731018816125e-11
80,5,0.0,1.25,6.20414225303402e-11,-2.1930790703603308e-11
80,5,0.0,1.3,6.095722326495336e-11,-2.143493772984602e-11
80,5,0.0,1.35,5.989808045371027e-11,-2.0929890340154252e-11
80,5,0.0,1.4,5.886427126280116e-11,-2.0422553910687758e-11
80,5,0.0,1.45,5.785578129061572e-11,-1.9917795228811196e-11
80,5,0.0,1.5,5.687239166742039e-11,-1.9419005803307243e-11
80,5,0.0,1.55,5.591374204172603e-11,-1.8928511183036267e-11
80,5,0.0,1.6,5.497937605327767e-11,-1.844786810279709e-11
80,5,0.0,1.65,5.406877409676623e-11,-1.7978080038560697e-11
80,5,0.0,1.7,5.3181376868738034e-11,-1.7519753478638094e-11
80,5,0.0,1.75,5.231660223441429e-11,-1.707321115085828e-11
80,5,0.0,1.8,5.1473857255749726e-11,-1.6638574013515492e-11
80,5,0.0,1.85,5.0652546716688725e-11,-1.6215820587217492e-11
80,5,0.0,1.9,4.985207911461935e-11,-1.5804829854011207e-11
80,5,0.0,1.95,4.907187082067623e-11,-1.5405412241702924e-11
80,5,0.0,2.0,4.831134891832304e-11,-1.5017331970674778e-11
80,5,0.0,2.05,4.7569953089497125e-11,-1.4640323140134806e-11
80,5,0.0,2.1,4.6847136815937696e-11,-1.4274101277556501e-11
80,5,0.0,2.15,4.614236808962191e-11,-1.3918371601316312e-11
80,5,0.0,2.2,4.545512977277342e-11,-1.3572834902984703e-11
80,5,0.0,2.25,4.4784919709152326e-11,-1.3237191706596932e-11
80,5,0.0,2.3,4.413125066022062e-11,-1.2911145181580364e-11
80,5,0.0,2.35,4.3493650119395266e-11,-1.259440315500632e-11
80,5,0.0,2.4,4.2871660042826305e-11,-1.2286679473832385e-11
80,5,0.0,2.45,4.226483652440765e-11,-1.198769489889489e-11
80,5,0.0,2.5,4.1672749434966644e-11,-1.1697177662435088e-11
80,5,0.0,2.55,4.109498203993451e-11,-1.1414863784679388e-11
80,5,0.0,2.6,4.053113060572797e-11,-1.1140497218702233e-11
80,5,0.0,2.65,3.9980804002103894e-11,-1.0873829873709447e-11
80,5,0.0,2.7,3.944362330560618e-11,-1.0614621553035431e-11
80,5,0.0,2.75,3.891922140768527e-11,-1.0362639833102631e-11
80,5,0.0,2.8,3.840724262993616e-11,-1.0117659902298122e-11
80,5,0.0,2.85,3.790734234810153e-11,-9.879464373434713e-12
80,5,0.0,2.9,3.741918662590115e-11,-9.647843079623814e-12
80,5,0.0,2.95,3.6942451859330735e-11,-9.422592860606018e-12
80,5,0.0,3.0,3.647682443177402e-11,-9.203517344563179e-12
80,5,0.0,3.05,3.602200038006191e-11,-8.990426728975418e-12
80,5,0.0,3.1,3.5577685071458566e-11,-8.783137563024483e-12
80,5,0.0,3.15,3.514359289144866e-11,-8.581472533277377e-12
80,5,0.0,3.2,3.471944694213785e-11,-8.385260253833583e-12
80,5,0.0,3.25,3.4304978751011965e-11,-8.19433506171062e-12
80,5,0.0,3.3,3.38999279897886e-11,-8.008536817965389e-12
80,5,0.0,3.35,3.350404220306278e-11,-7.827710714834304e-12
80,5,0.0,3.4,3.3117076546440614e-11,-7.651707089030193e-12
80,5,0.0,3.45,3.2738793533853245e-11,-7.480381241228953e-12
80,5,0.0,3.5,3.236896279374625e-11,-7.313593261707486e-12
80,5,0.0,3.55,3.200736083382862e-11,-7.151207862038796e-12
80,5,0.0,3.6,3.165377081409318e-11,-6.993094212719962e-12
80,5,0.0,3.65,3.130798232780968e-11,-6.839125786582735e-12
80,5,0.0,3.7,3.0969791190203945e-11,-6.6891802078224484e-12
80,5,0.0,3.75,3.063899923455101e-11,-6.543139106473756e-12
80,5,0.0,3.8,3.031541411541153e-11,-6.400887978153894e-12
80,5,0.0,3.85,2.999884911875096e-11,-6.262316048899464e-12
80,5,0.0,3.9,2.968912297869704e-11,-6.127316144915658e-12
80,5,0.0,3.95,2.9386059700686914e-11,-5.995784567066546e-12
80,5,0.0,4.0,2.9089488390776392e-11,-5.8676209699349725e-12
80,5,0.0,4.05,2.879924309088759e-11,-5.742728245285105e-12
80,5,0.0,4.1,2.8515162619771466e-11,-5.621012409766168e-12
80,5,0.0,4.15,2.8237090419487753e-11,-5.502382496702305e-12
80,5,0.0,4.2,2.7964874407193608e-11,-5.386750451813917e-12
80,5,0.0,4.25,2.7698366832051203e-11,-5.274031032727812e-12
80,5,0.0,4.3,2.7437424137068933e-11,-5.164141712131888e-12
80,5,0.0,4.35,2.718190682569613e-11,-5.057002584440119e-12
80,5,0.0,4.4,2.693167933299831e-11,-4.952536275835529e-12
80,5,0.0,4.45,2.668660990125206e-11,-4.8506678575662735e-12
80,5,0.0,4.5,2.644657045979102e-11,-4.75132476237097e-12
80,5,0.0,4.55,2.621143650895962e-11,-4.654436703918372e-12
80,5,0.0,4.6,2.5981087008020047e-11,-4.559935599148035e-12
80,5,0.0,4.65,2.5755404266869953e-11,-4.467755493402569e-12
80,5,0.0,4.7,2.5534273841439933e-11,-4.377832488248241e-12
80,5,0.0,4.75,2.531758443263144e-11,-4.290104671884421e-12
80,5,0.0,4.8,2.5105227788673205e-11,-4.2045120520425e-12
80,5,0.0,4.85,2.4897098610771467e-11,-4.120996491284566e-12
80,5,0.0,4.9,2.4693094461938965e-11,-4.0395016446111514e-12
80,5,0.0,4.95,2.4493115678884602e-11,-3.959972899291068e-12
80,5,0.0,5.0,2.4297065286861e-11,-3.882357316833508e-12
80,5,1.0,0.0,4.092945770702173e-09,4.272549956142276e-08
80,5,1.0,0.05,6.5281277870595964e-09,5.4073924407743596e-08
80,5,1.0,0.1,9.419458863836184e-09,6.06346333119428e-08
80,5,1.0,0.15,1.2493856811716089e-08,6.139444895530982e-08
80,5,1.0,0.2,1.5474633790268998e-08,5.7130286019062365e-08
80,5,1.0,0.25,1.8152227456990212e-08,4.9587905548025195e-08
80,5,1.0,0.3,2.040964368298246e-08,4.0603055413193766e-08
80,5,1.0,0.35,2.2212391882122944e-08,3.1590465189390035e-08
80,5,1.0,0.4,2.3582853208223558e-08,2.3411843190997917e-08
80,5,1.0,0.45,2.4574215066485768e-08,1.646114947910651e-08
80,5,1.0,0.5,2.5250847954805545e-08,1.0817564967269706e-08
80,5,1.0,0.55,2.5676188808950857e-08,6.384605073055662e-09
80,5,1.0,0.6,2.5906600341912257e-08,2.988679459072862e-09
80,5,1.0,0.65,2.5989143275027265e-08,4.384456024786824e-10
80,5,1.0,0.7,2.596155145206469e-08,-1.444501530507539e-09
80,5,1.0,0.75,2.5853253063248613e-08,-2.812885156262227e-09
80,5,1.0,0.8,2.568675339293394e-08,-3.7909536252789984e-09
80,5,1.0,0.85,2.5479020180895168e-08,-4.476522346826302e-09
80,5,1.0,0.9,2.524271081284241e-08,-4.944906333074517e-09
80,5,1.0,0.95,2.4987189713358494e-08,-5.253206885279075e-09
80,5,1.0,1.0,2.4719338471002848e-08,-5.4442438354744915e-09
80,5,1.0,1.05,2.4444184206034414e-08,-5.5498741069181975e-09
80,5,1.0,1.1,2.416537836240998e-08,-5.593661197496193e-09
80,5,1.0,1.15,2.3885557040865757e-08,-5.592958692159492e-09
80,5,1.0,1.2,2.36066098165501e-08,-5.560504209704756e-09
80,5,1.0,1.25,2.3329879030163835e-08,-5.505622215813661e-09
80,5,1.0,1.3,2.3056306867101133e-08,-5.435123018077373e-09
80,5,1.0,1.35,2.278654354627867e-08,-5.353970128357516e-09
80,5,1.0,1.4,2.2521026709596867e-08,-5.265773267526206e-09
80,5,1.0,1.45,2.2260039573660202e-08,-5.173151291441918e-09
80,5,1.0,1.5,2.2003753467141768e-08,-5.077998683922843e-09
80,5,1.0,1.55,2.1752258913191612e-08,-4.9816808821446096e-09
80,5,1.0,1.6,2.1505588321525675e-08,-4.885177250573177e-09
80,5,1.0,1.65,2.126373254193097e-08,-4.789185634585936e-09
80,5,1.0,1.7,2.1026652930324515e-08,-4.694198765060888e-09
80,5,1.0,1.75,2.0794290136352608e-08,-4.600560064097432e-09
80,5,1.0,1.8,2.056657049686905e-08,-4.508504389824485e-09
80,5,1.0,1.85,2.0343410681676364e-08,-4.41818777602942e-09
80,5,1.0,1.9,2.0124721063750658e-08,-4.329709133538663e-09
80,5,1.0,1.95,1.9910408158817502e-08,-4.243126082090561e-09
80,5,1.0,2.0,1.9700376386068586e-08,-4.158466497107172e-09
80,5,1.0,2.05,1.9494529333837518e-08,-4.075736928461323e-09
80,5,1.0,2.1,1.929277066440818e-08,-3.99492873604853e-09
80,5,1.0,2.15,1.9095004755887326e-08,-3.9160225588873566e-09
80,5,1.0,2.2,1.890113715262345e-08,-3.838991567920723e-09
80,5,1.0,2.25,1.8711074876342476e-08,-3.763803831112248e-09
80,5,1.0,2.3,1.8524726636072156e-08,-3.690424030685023e-09
80,5,1.0,2.35,1.8342002964645166e-08,-3.6188147075794345e-09
80,5,1.0,2.4,1.8162816302055204e-08,-3.5489371609327753e-09
80,5,1.0,2.45,1.7987081040461987e-08,-3.4807520958776592e-09
80,5,1.0,2.5,1.7814713541636028e-08,-3.4142200877737183e-09
80,5,1.0,2.55,1.7645632134714585e-08,-3.3493019126008436e-09
80,5,1.0,2.6,1.747975710000341e-08,-3.2859587798259037e-09
80,5,1.0,2.65,1.7317010643006313e-08,-3.2241524942540245e-09
80,5,1.0,2.7,1.715731686171974e-08,-3.1638455662233166e-09
80,5,1.0,2.75,1.7000601709408026e-08,-3.1050012842804374e-09
80,5,1.0,2.8,1.6846792954459236e-08,-3.0475837606566736e-09
80,5,1.0,2.85,1.669582013848727e-08,-2.9915579570810152e-09
80,5,1.0,2.9,1.654761453351548e-08,-2.936889696430713e-09
80,5,1.0,2.95,1.6402109098846384e-08,-2.883545664233742e-09
80,5,1.0,3.0,1.6259238438047198e-08,-2.8314934029520277e-09
80,5,1.0,3.05,1.6118938756354974e-08,-2.7807013011803852e-09
80,5,1.0,3.1,1.5981147818716884e-08,-2.7311385793178407e-09
80,5,1.0,3.15,1.584580490860951e-08,-2.6827752728432017e-09
80,5,1.0,3.2,1.5712850787737086e-08,-2.635582214017353e-09
80,5,1.0,3.25,1.5582227656671705e-08,-2.589531012611236e-09
80,5,1.0,3.3,1.5453879116470913e-08,-2.5445940360885177e-09
80,5,1.0,3.35,1.5327750131294924e-08,-2.500744389557067e-09
80,5,1.0,3.4,1.5203786992024794e-08,-2.4579558957100358e-09
80,5,1.0,3.45,1.5081937280882986e-08,-2.4162030749168945e-09
80,5,1.0,3.5,1.4962149837041485e-08,-2.3754611255754405e-09
80,5,1.0,3.55,1.4844374723204713e-08,-2.3357059048029042e-09
80,5,1.0,3.6,1.4728563193148263e-08,-2.2969139095187152e-09
80,5,1.0,3.65,1.4614667660192694e-08,-2.2590622579530535e-09
80,5,1.0,3.7,1.4502641666591389e-08,-2.2221286716043186e-09
80,5,1.0,3.75,1.4392439853808197e-08,-2.1860914576544145e-09
80,5,1.0,3.8,1.4284017933663387e-08,-2.150929491850586e-09
80,5,1.0,3.85,1.4177332660323827e-08,-2.1166222018503778e-09
80,5,1.0,3.9,1.4072341803114183e-08,-2.0831495510290363e-09
80,5,1.0,3.95,1.3969004120125781e-08,-2.0504920227413182e-09
80,5,1.0,4.0,1.3867279332602497e-08,-2.018630605031938e-09
80,5,1.0,4.05,1.3767128100079043e-08,-1.9875467757843873e-09
80,5,1.0,4.1,1.3668511996251068e-08,-1.9572224882988565e-09
80,5,1.0,4.15,1.3571393485556592e-08,-1.9276401572901647e-09
80,5,1.0,4.2,1.3475735900446639e-08,-1.8987826452938237e-09
80,5,1.0,4.25,1.3381503419325446e-08,-1.8706332494710217e-09
80,5,1.0,4.3,1.3288661045141066e-08,-1.8431756888010047e-09
80,5,1.0,4.35,1.3197174584607262e-08,-1.8163940916516785e-09
80,5,1.0,4.4,1.3107010628036486e-08,-1.7902729837170386e-09
80,5,1.0,4.45,1.3018136529767891e-08,-1.7647972763117775e-09
80,5,1.0,4.5,1.293052038917199e-08,-1.7399522550135244e-09
80,5,1.0,4.55,1.2844131032213587e-08,-1.7157235686419646e-09
80,5,1.0,4.6,1.2758937993559595e-08,-1.6920972185668492e-09
80,5,1.0,4.65,1.26749114992108e-08,-1.6690595483341487e-09
80,5,1.0,4.7,1.2592022449646874e-08,-1.6465972336024912e-09
80,5,1.0,4.75,1.251024240346581e-08,-1.6246972723806204e-09
80,5,1.0,4.8,1.242954356150427e-08,-1.6033469755569334e-09
80,5,1.0,4.85,1.2349898751424241e-08,-1.5825339577137296e-09
80,5,1.0,4.9,1.2271281412752713e-08,-1.5622461282172527e-09
80,5,1.0,4.95,1.2193665582359258e-08,-1.542471682576319e-09
80,5,1.0,5.0,1.2117025880359442e-08,-1.5231990940609028e-09
80,5,2.0,0.0,2.429126355498087e-07,3.2391288575765343e-06
80,5,2.0,0.05,4.4513869357354014e-07,4.861084508646044e-06
80,5,2.0,0.1,7.267452403379688e-07,6.347204229579636e-06
80,5,2.0,0.15,1.0715666343628635e-06,7.3425271751939794e-06
80,5,2.0,0.2,1.4498305347333593e-06,7.67543231440381e-06
80,5,2.0,0.25,1.8287090040263813e-06,7.388861609554365e-06
80,5,2.0,0.3,2.18134775911277e-06,6.661066902032838e-06
80,5,2.0,0.35,2.4909976042781116e-06,5.702808004819041e-06
80,5,2.0,0.4,2.7507404650892365e-06,4.68915730858731e-06
80,5,2.0,0.45,2.9609427415311276e-06,3.735387795810016e-06
80,5,2.0,0.5,3.1262983742401748e-06,2.901442449153949e-06
80,5,2.0,0.55,3.253432926279163e-06,2.207474518926197e-06
80,5,2.0,0.6,3.3493227521835442e-06,1.6497454193365164e-06
80,5,2.0,0.65,3.4204205108134616e-06,1.212674443657281e-06
80,5,2.0,0.7,3.472272230939576e-06,8.765389424469855e-07
80,5,2.0,0.75,3.509428972841312e-06,6.217544563971887e-07
80,5,2.0,0.8,3.5355114338094668e-06,4.30892945442022e-07
80,5,2.0,0.85,3.55333905208873e-06,2.893744888864651e-07
80,5,2.0,0.9,3.5650742734010084e-06,1.8546410333443574e-07
80,5,2.0,0.95,3.5723576509776194e-06,1.0995529839284401e-07
80,5,2.0,1.0,3.576423940721412e-06,5.5750966576279133e-08
80,5,2.0,1.05,3.578197022305729e-06,1.7447027033466063e-08
80,5,2.0,1.1,3.5783651037985632e-06,-9.035553588488608e-09
80,5,2.0,1.15,3.5774390700377102e-06,-2.6756325079185827e-08
80,5,2.0,1.2,3.5757971059039427e-06,-3.79997150542857e-08
80,5,2.0,1.25,3.5737184801681414e-06,-4.446574685202335e-08
80,5,2.0,1.3,3.571408939974415e-06,-4.741646723003685e-08
80,5,2.0,1.35,3.569019701228716e-06,-4.77870992047317e-08
80,5,2.0,1.4,3.566661597281852e-06,-4.626974515713886e-08
80,5,2.0,1.45,3.5644155920549063e-06,-4.337606057278493e-08
80,5,2.0,1.5,3.5623405765958318e-06,-3.9483990116818716e-08
80,5,2.0,1.55,3.5604791428787683e-06,-3.487251633709347e-08
80,5,2.0,1.6,3.5588618552699263e-06,-2.9747440785939607e-08
80,5,2.0,1.65,3.5575104082238436e-06,-2.4260482570835238e-08
80,5,2.0,1.7,3.556439959358237e-06,-1.852341097137383e-08
80,5,2.0,1.75,3.5556608525626285e-06,-1.261849518860792e-08
80,5,2.0,1.8,3.555179890218605e-06,-6.6062267215607266e-09
80,5,2.0,1.85,3.5550012722769004e-06,-5.310240531521603e-10
80,5,2.0,1.9,3.5551272892663693e-06,5.5745542441979935e-09
80,5,2.0,1.95,3.5555588335886256e-06,1.1686698492374097e-08
80,5,2.0,2.0,3.5562957766385037e-06,1.778805091096908e-08
80,5,2.0,2.05,3.5573372468611356e-06,2.3866009729206965e-08
80,5,2.0,2.1,3.558681834670306e-06,2.991147711984708e-08
80,5,2.0,2.15,3.560327743368979e-06,3.591793479872774e-08
80,5,2.0,2.2,3.562272900202286e-06,4.1880761526210215e-08
80,5,2.0,2.25,3.564515037976383e-06,4.779672919579343e-08
80,5,2.0,2.3,3.567051754943695e-06,5.3663630770785044e-08
80,5,2.0,2.35,3.569880558641985e-06,5.948000556711739e-08
80,5,2.0,2.4,3.5729988978850605e-06,6.524493641342149e-08
80,5,2.0,2.45,3.576404186005027e-06,7.095789988697261e-08
80,5,2.0,2.5,3.580093817636226e-06,7.661865574500406e-08
80,5,2.0,2.55,3.584065180730393e-06,8.222716530384523e-08
80,5,2.0,2.6,3.588315665052491e-06,8.778353119917172e-08
80,5,2.0,2.65,3.592842668079373e-06,9.328795294032105e-08
80,5,2.0,2.7,3.597643598982267e-06,9.87406941324145e-08
80,5,2.0,2.75,3.602715881197163e-06,1.0414205831931348e-07
80,5,2.0,2.8,3.608056953954198e-06,1.0949237119641992e-07
80,5,2.0,2.85,3.613664273041546e-06,1.1479196753073873e-07
80,5,2.0,2.9,3.6195353110065257e-06,1.2004118156037172e-07
80,5,2.0,2.95,3.625667556944351e-06,1.252403399654609e-07
80,5,2.0,3.0,3.6320585159851094e-06,1.3038975674057118e-07
80,5,2.0,3.05,3.6387057085616696e-06,1.354897294727543e-07
80,5,2.0,3.1,3.645606669518344e-06,1.4054053665935628e-07
80,5,2.0,3.15,3.6527589471058497e-06,1.4554243579499806e-07
80,5,2.0,3.2,3.6601601018957214e-06,1.50495662027497e-07
80,5,2.0,3.25,3.667807705638145e-06,1.554004272351792e-07
80,5,2.0,3.3,3.675699340082261e-06,1.6025691941608643e-07
80,5,2.0,3.35,3.6838325957718625e-06,1.650653023085689e-07
80,5,2.0,3.4,3.69220507082647e-06,1.698257151832792e-07
80,5,2.0,3.45,3.700814369715589e-06,1.745382727626174e-07
80,5,2.0,3.5,3.7096581020312162e-06,1.7920306523502032e-07
80,5,2.0,3.55,3.718733881263139e-06,1.8382015833988473e-07
80,5,2.0,3.6,3.728039323579613e-06,1.8838959350542828e-07
80,5,2.0,3.65,3.7375720466162262e-06,1.9291138802642182e-07
80,5,2.0,3.7,3.7473296682741678e-06,1.973855352718242e-07
80,5,2.0,3.75,3.757309805529739e-06,2.0181200491553954e-07
80,5,2.0,3.8,3.7675100732557027e-06,2.0619074318473473e-07
80,5,2.0,3.85,3.7779280830553826e-06,2.1052167312209235e-07
80,5,2.0,3.9,3.788561442110454e-06,2.1480469485906108e-07
80,5,2.0,3.95,3.799407752042102e-06,2.1903968589795038e-07
80,5,2.0,4.0,3.8104646077869197e-06,2.2322650140160464e-07
80,5,2.0,4.05,3.82172959648739e-06,2.2736497448941925e-07
80,5,2.0,4.1,3.833200296397163e-06,2.3145491653901375e-07
80,5,2.0,4.15,3.844874275801437e-06,2.3549611749291204e-07
80,5,2.0,4.2,3.85674909195339e-06,2.394883461700301e-07
80,5,2.0,4.25,3.868822290025398e-06,2.434313505816018e-07
80,5,2.0,4.3,3.881091402077058e-06,2.4732485825155525e-07
80,5,2.0,4.35,3.893553946038578e-06,2.5116857654097396e-07
80,5,2.0,4.4,3.906207424711103e-06,2.5496219297696723e-07
80,5,2.0,4.45,3.919049324783122e-06,2.5870537558578715e-07
80,5,2.0,4.5,3.932077115864036e-06,2.623977732302086e-07
80,5,2.0,4.55,3.945288249534338e-06,2.66039015951176e-07
80,5,2.0,4.6,3.958680158413285e-06,2.6962871531415955e-07
80,5,2.0,4.65,3.972250255243666e-06,2.7316646475969685e-07
80,5,2.0,4.7,3.985995931994798e-06,2.766518399588353e-07
80,5,2.0,4.75,3.9999145589826015e-06,2.8008439917309793e-07
80,5,2.0,4.8,4.014003484008582e-06,2.8346368361934143e-07
80,5,2.0,4.85,4.028260031516491e-06,2.8678921783949966e-07
80,5,2.0,4.9,4.042681501768307e-06,2.9006051007528475e-07
80,5,2.0,4.95,4.057265170038315e-06,2.9327705264808083e-07
80,5,2.0,5.0,4.072008285826925e-06,2.964383223439598e-07
80,5,3.0,0.0,1.1415997619918399e-06,1.8544455998415518e-05
80,5,3.0,0.05,2.4177518903520452e-06,3.32742051210113e-05
80,5,3.0,0.1,4.524774881599843e-06,5.1272026048568264e-05
80,5,3.0,0.15,7.535305237584979e-06,6.868381934534628e-05
80,5,3.0,0.2,1.1314590807057865e-05,8.144599387356738e-05
80,5,3.0,0.25,1.55622316499016e-05,8.723179418403213e-05
80,5,3.0,0.3,1.992091873682041e-05,8.606321424329467e-05
80,5,3.0,0.35,2.4080375322213074e-05,7.962095027119172e-05
80,5,3.0,0.4,2.7832562913232673e-05,7.014097105859317e-05
80,5,3.0,0.45,3.107716331424809e-05,5.9601083416126566e-05
80,5,3.0,0.5,3.3798311714506424e-05,4.937895075129876e-05
80,5,3.0,0.55,3.6033506540079086e-05,4.024839951860648e-05
80,5,3.0,0.6,3.784676798831987e-05,3.2525341135071984e-05
80,5,3.0,0.65,3.9310024267197e-05,2.6236356205983818e-05
80,5,3.0,0.7,4.049221468841447e-05,2.1254070873270387e-05
80,5,3.0,0.75,4.145403272587234e-05,1.7387610945536167e-05
80,5,3.0,0.8,4.224620232738729e-05,1.44353352401169e-05
80,5,3.0,0.85,4.290969181928695e-05,1.2211516748961054e-05
80,5,3.0,0.9,4.347682831130197e-05,1.0557131402148977e-05
80,5,3.0,0.95,4.3972709712519864e-05,9.34192379805731e-06
80,5,3.0,1.0,4.4416600073894976e-05,8.462238943185565e-06
80,5,3.0,1.05,4.482316722484416e-05,7.837190442146822e-06
80,5,3.0,1.1,4.520351715237752e-05,7.404514889238479e-06
80,5,3.0,1.15,4.556602745455942e-05,7.116745708248073e-06
80,5,3.0,1.2,4.5917003011597435e-05,6.937947168826814e-06
80,5,3.0,1.25,4.626118347161636e-05,6.8410499043943785e-06
80,5,3.0,1.3,4.660213161687918e-05,6.805738367565837e-06
80,5,3.0,1.35,4.694252819912842e-05,6.816807364426807e-06
80,5,3.0,1.4,4.7284394492061525e-05,6.862900030490919e-06
80,5,3.0,1.45,4.762925959288364e-05,6.93554749765278e-06
80,5,3.0,1.5,4.7978285817744845e-05,7.028442834907067e-06
80,5,3.0,1.55,4.833236248778435e-05,7.136894641699642e-06
80,5,3.0,1.6,4.86921759668119e-05,7.257417205185486e-06
80,5,3.0,1.65,4.905826190751904e-05,7.387423824626551e-06
80,5,3.0,1.7,4.943104419628723e-05,7.524997728275696e-06
80,5,3.0,1.75,4.981086396818452e-05,7.668721162215809e-06
80,5,3.0,1.8,5.019800121694931e-05,7.817547991439877e-06
80,5,3.0,1.85,5.059269088693032e-05,7.970708794148557e-06
80,5,3.0,1.9,5.0995134855253594e-05,8.127640192047419e-06
80,5,3.0,1.95,5.1405510854176384e-05,8.287932242567876e-06
80,5,3.0,2.0,5.182397911587513e-05,8.451289283837528e-06
80,5,3.0,2.05,5.225068732217229e-05,8.617500795336914e-06
80,5,3.0,2.1,5.268577429283024e-05,8.786419713303314e-06
80,5,3.0,2.15,5.312937273512754e-05,8.95794629378553e-06
80,5,3.0,2.2,5.358161129486352e-05,9.132016103720122e-06
80,5,3.0,2.25,5.4042616087485615e-05,9.308591083530762e-06
80,5,3.0,2.3,5.4512511842290085e-05,9.487652895121263e-06
80,5,3.0,2.35,5.4991422758629416e-05,9.669197970371599e-06
80,5,3.0,2.4,5.547947314772947e-05,9.853233824973822e-06
80,5,3.0,2.45,5.5976787914901435e-05,1.0039776313854051e-05
80,5,3.0,2.5,5.64834929228976e-05,1.022884758729794e-05
80,5,3.0,2.55,5.699971526675835e-05,1.0420474568554998e-05
80,5,3.0,2.6,5.752558348271101e-05,1.0614687819549968e-05
80,5,3.0,2.65,5.806122770793791e-05,1.0811520695462732e-05
80,5,3.0,2.7,5.860677980370699e-05,1.1011008714306876e-05
80,5,3.0,2.75,5.916237345118525e-05,1.121318908653709e-05
80,5,3.0,2.8,5.972814422684886e-05,1.141810036375751e-05
80,5,3.0,2.85,6.030422966265953e-05,1.1625782176065814e-05
80,5,3.0,2.9,6.0890769294833404e-05,1.183627503534965e-05
80,5,3.0,2.95,6.148790470406676e-05,1.2049620187642e-05
80,5,3.0,3.0,6.20957795493331e-05,1.2265859501956226e-05
80,5,3.0,3.05,6.271453959683257e-05,1.2485035386229293e-05
80,5,3.0,3.1,6.33443327452684e-05,1.2707190723388434e-05
80,5,3.0,3.15,6.398530904831942e-05,1.2932368822344536e-05
80,5,3.0,3.2,6.463762073494962e-05,1.316061338002754e-05
80,5,3.0,3.25,6.530142222803447e-05,1.3391968451579116e-05
80,5,3.0,3.3,6.597687016165574e-05,1.3626478426538652e-05
80,5,3.0,3.35,6.666412339732121e-05,1.3864188009419002e-05
80,5,3.0,3.4,6.736334303929264e-05,1.4105142203469709e-05
80,5,3.0,3.45,6.807469244917016e-05,1.4349386296723678e-05
80,5,3.0,3.5,6.87983372598145e-05,1.4596965849665358e-05
80,5,3.0,3.55,6.953444538868712e-05,1.4847926684008546e-05
80,5,3.0,3.6,7.028318705064623e-05,1.5102314872209881e-05
80,5,3.0,3.65,7.104473477023057e-05,1.536017672743475e-05
80,5,3.0,3.7,7.18192633934516e-05,1.5621558793761193e-05
80,5,3.0,3.75,7.260695009909525e-05,1.588650783645681e-05
80,5,3.0,3.8,7.34079744095362e-05,1.615507083220929e-05
80,5,3.0,3.85,7.422251820106407e-05,1.6427294959212535e-05
80,5,3.0,3.9,7.505076571370382e-05,1.670322758703698e-05
80,5,3.0,3.95,7.589290356052887e-05,1.6982916266229435e-05
80,5,3.0,4.0,7.674912073644087e-05,1.72664087175893e-05
80,5,3.0,4.05,7.761960862640809e-05,1.7553752821095402e-05
80,5,3.0,4.1,7.850456101313931e-05,1.784499660444647e-05
80,5,3.0,4.15,7.94041740841746e-05,1.8140188231193615e-05
80,5,3.0,4.2,8.0318646438372e-05,1.8439375988442055e-05
80,5,3.0,4.25,8.124817909177143e-05,1.8742608274106497e-05
80,5,3.0,4.3,8.219297548280181e-05,1.904993358370063e-05
80,5,3.0,4.35,8.315324147682517e-05,1.9361400496649848e-05
80,5,3.0,4.4,8.412918536997773e-05,1.9677057662109904e-05
80,5,3.0,4.45,8.512101789229226e-05,1.9996953784281324e-05
80,5,3.0,4.5,8.612895221007163e-05,2.0321137607206257e-05
80,5,3.0,4.55,8.715320392749042e-05,2.0649657899036588e-05
80,5,3.0,4.6,8.819399108739565e-05,2.0982563435762307e-05
80,5,3.0,4.65,8.92515341712793e-05,2.131990298439018e-05
80,5,3.0,4.7,9.032605609840111e-05,2.166172528555702e-05
80,5,3.0,4.75,9.14177822240176e-05,2.2008079035575187e-05
80,5,3.0,4.8,9.252694033670953e-05,2.2359012867892262e-05
80,5,3.0,4.85,9.36537606547595e-05,2.2714575333959598e-05
80,5,3.0,4.9,9.479847582156411e-05,2.3074814883497275e-05
80,5,3.0,4.95,9.596132090004041e-05,2.3439779844145803e-05
80,5,3.0,5.0,9.714253336599902e-05,2.380951840049351e-05
80,5,4.0,0.0,7.493579854586796e-07,1.409750618271879e-05
80,5,4.0,0.05,1.8172379999684797e-06,3.009463417276459e-05
80,5,4.0,0.1,3.911249282678298e-06,5.509701200540838e-05
80,5,4.0,0.15,7.437296928484193e-06,8.657624830267437e-05
80,5,4.0,0.2,1.2570211187870533e-05,0.00011810411291929293
80,5,4.0,0.25,1.9125015127125796e-05,0.00014237035918769712
80,5,4.0,0.3,2.660667192321178e-05,0.00015474990460324697
80,5,4.0,0.35,3.4391567414851795e-05,0.00015473122566235978
80,5,4.0,0.4,4.1916296210703274e-05,0.00014494133978091287
80,5,4.0,0.45,4.878730999948582e-05,0.0001292345936238404
80,5,4.0,0.5,5.4801097208870605e-05,0.00011117260003058571
80,5,4.0,0.55,5.9908694581969926e-05,9.3321394044677e-05
80,5,4.0,0.6,6.416219994431855e-05,7.717990538570788e-05
80,5,4.0,0.65,6.766650383119677e-05,6.340963520669149e-05
80,5,4.0,0.7,7.054479689986014e-05,5.212770707895181e-05
80,5,4.0,0.75,7.29177727886946e-05,4.315155075719884e-05
80,5,4.0,0.8,7.489315513301034e-05,3.616671777576836e-05
80,5,4.0,0.85,7.656185186908084e-05,3.082712842036627e-05
80,5,4.0,0.9,7.799784084109413e-05,2.68074150722522e-05
80,5,4.0,0.95,7.925986107213195e-05,2.38254273515083e-05
80,5,4.0,1.0,8.03937668948217e-05,2.164799691253363e-05
80,5,4.0,1.05,8.143493430371822e-05,2.0088323262041055e-05
80,5,4.0,1.1,8.241043419958432e-05,1.8999854299437316e-05
80,5,4.0,1.15,8.334086983851094e-05,1.8269274460641887e-05
80,5,4.0,1.2,8.424186964653711e-05,1.7809865383926883e-05
80,5,4.0,1.25,8.512526911401979e-05,1.755575353112348e-05
80,5,4.0,1.3,8.60000303494695e-05,1.745717001076429e-05
80,5,4.0,1.35,8.687294892835539e-05,1.7476664473113017e-05
80,5,4.0,1.4,8.774919263074109e-05,1.758614251096964e-05
80,5,4.0,1.45,8.863270956844087e-05,1.7764579669144402e-05
80,5,4.0,1.5,8.9526536028685e-05,1.799627466683065e-05
80,5,4.0,1.55,9.043302795598726e-05,1.826952383121018e-05
80,5,4.0,1.6,9.135403462988279e-05,1.8575620124514995e-05
80,5,4.0,1.65,9.2291028771047e-05,1.8908099956669023e-05
80,5,4.0,1.7,9.32452039038765e-05,1.926217789249157e-05
80,5,4.0,1.75,9.421754716673371e-05,1.963432316192021e-05
80,5,4.0,1.8,9.520889374106706e-05,2.0021942823534373e-05
80,5,4.0,1.85,9.621996753521099e-05,2.0423144947847667e-05
80,5,4.0,1.9,9.725141159788653e-05,2.083656173201915e-05
80,5,4.0,1.95,9.830381086244454e-05,2.1261217444058018e-05
80,5,4.0,2.0,9.937770916652949e-05,2.1696429870058505e-05
80,5,4.0,2.05,0.00010047362200008287,2.2141736784006934e-05
80,5,4.0,2.1,0.00010159204606659665,2.2596841098282973e-05
80,5,4.0,2.15,0.0001027334664674106,2.306156995634637e-05
80,5,4.0,2.2,0.00010389836211342014,2.3535844229243765e-05
80,5,4.0,2.25,0.00010508720981514092,2.4019655774847783e-05
80,5,4.0,2.3,0.00010630048738758481,2.4513050489007564e-05
80,5,4.0,2.35,0.00010753867602100106,2.5016115678240667e-05
80,5,4.0,2.4,0.00010880226210479119,2.552897065704189e-05
80,5,4.0,2.45,0.00011009173864438119,2.6051759751551864e-05
80,5,4.0,2.5,0.00011140760637536809,2.6584647099174824e-05
80,5,4.0,2.55,0.00011275037465277373,2.7127812788788266e-05
80,5,4.0,2.6,0.00011412056217357235,2.7681450001842052e-05
80,5,4.0,2.65,0.00011551869757584739,2.8245762900897046e-05
80,5,4.0,2.7,0.0001169453199470189,2.8820965076500453e-05
80,5,4.0,2.75,0.00011840097926535055,2.9407278411293336e-05
80,5,4.0,2.8,0.00011988623679283768,3.000493225604311e-05
80,5,4.0,2.85,0.00012140166543301045,3.0614162839020536e-05
80,5,4.0,2.9,0.00012294785006378294,3.1235212850062386e-05
80,5,4.0,2.95,0.00012452538785293472,3.186833115553767e-05
80,5,4.0,3.0,0.00012613488856191716,3.251377261153441e-05
80,5,4.0,3.05,0.0001277769748422469,3.317179795086386e-05
80,5,4.0,3.1,0.00012945228252770645,3.384267372568175e-05
80,5,4.0,3.15,0.0001311614609247767,3.452667229210006e-05
80,5,4.0,3.2,0.00013290517310313028,3.522407182666672e-05
80,5,4.0,3.25,0.0001346840961875864,3.593515636710897e-05
80,5,4.0,3.3,0.00013649892165258022,3.6660215871693843e-05
80,5,4.0,3.35,0.00013835035561998954,3.739954629298255e-05
80,5,4.0,3.4,0.00014023911916092506,3.815344966281424e-05
80,5,4.0,3.45,0.00014216594860201186,3.892223418618613e-05
80,5,4.0,3.5,0.00014413159583654393,3.9706214342259594e-05
80,5,4.0,3.55,0.00014613682864084488,4.0505710991198214e-05
80,5,4.0,3.6,0.00014818243099608825,4.132105148584797e-05
80,5,4.0,3.65,0.00015026920341581077,4.215256978755471e-05
80,5,4.0,3.7,0.00015239796327930956,4.300060658556702e-05
80,5,4.0,3.75,0.00015456954517109145,4.386550941962667e-05
80,5,4.0,3.8,0.00015678480122652163,4.4747632805457933e-05
80,5,4.0,3.85,0.00015904460148381298,4.5647338362928e-05
80,5,4.0,3.9,0.00016134983424249375,4.65649949467252e-05
80,5,4.0,3.95,0.00016370140642846498,4.750097877943656e-05
80,5,4.0,4.0,0.00016610024396577298,4.845567358693382e-05
80,5,4.0,4.05,0.0001685472921551954,4.942947073600843e-05
80,5,4.0,4.1,0.00017104351605979186,5.042276937422122e-05
80,5,4.0,4.15,0.00017358990089746154,5.1435976571908583e-05
80,5,4.0,4.2,0.00017618745244069893,5.2469507466357376e-05
80,5,4.0,4.25,0.00017883719742357388,5.352378540810303e-05
80,5,4.0,4.3,0.00018154018395610613,5.4599242109357204e-05
80,5,4.0,4.35,0.00018429748194609408,5.5696317794550614e-05
80,5,4.0,4.4,0.00018711018352854822,5.6815461352990286e-05
80,5,4.0,4.45,0.00018997940350277604,5.7957130493618394e-05
80,5,4.0,4.5,0.0001929062797772951,5.912179190187682e-05
80,5,4.0,4.55,0.0001958919738226075,6.030992139867715e-05
80,5,4.0,4.6,0.0001989376711320069,6.152200410146035e-05
80,5,4.0,4.65,0.00020204458169045917,6.275853458734759e-05
80,5,4.0,4.7,0.0002052139404517215,6.4020017058389e-05
80,5,4.0,4.75,0.00020844700782375584,6.530696550888045e-05
80,5,4.0,4.8,0.0002117450701625705,6.661990389476152e-05
80,5,4.0,4.85,0.0002151094402745793,6.795936630507749e-05
80,5,4.0,4.9,0.00021854145792759045,6.932589713549989e-05
80,5,4.0,4.95,0.0002220424903705069,7.072005126387655e-05
80,5,4.0,5.0,0.0002256139328618815,7.21423942278319e-05
80,5,5.0,0.0,1.6700121150660048e-07,3.4536092537145416e-06
80,5,5.0,0.05,4.5180428788770635e-07,8.591063035816895e-06
80,5,5.0,0.1,1.108093687016558e-06,1.8621077064589573e-05
80,5,5.0,0.15,2.415167717560512e-06,3.4637645513739176e-05
80,5,5.0,0.2,4.650259586264021e-06,5.525823201622316e-05
80,5,5.0,0.25,7.950186827625414e-06,7.639980005821789e-05
80,5,5.0,0.3,1.2215773792844767e-05,9.313308784123102e-05
80,5,5.0,0.35,1.713283051522204e-05,0.00010212500790112568
80,5,5.0,0.4,2.228796087867441e-05,0.0001027744680031417
80,5,5.0,0.45,2.7297486488104714e-05,9.668667384643193e-05
80,5,5.0,0.5,3.1886919710692464e-05,8.6409895762783e-05
80,5,5.0,0.55,3.590949802210588e-05,7.437119078001539e-05
80,5,5.0,0.6,3.9324822427625675e-05,6.235462082871874e-05
80,5,5.0,0.65,4.216336115713538e-05,5.1422674547381124e-05
80,5,5.0,0.7,4.449344287456167e-05,4.2059332577966745e-05
80,5,5.0,0.75,4.63972572704066e-05,3.436687244965758e-05
80,5,5.0,0.8,4.795617882757519e-05,2.8234319886795124e-05
80,5,5.0,0.85,4.9243248577735086e-05,2.3454613156929973e-05
80,5,5.0,0.9,5.032030614957912e-05,1.979534869789106e-05
80,5,5.0,0.95,5.1237767989816514e-05,1.703614882476574e-05
80,5,5.0,1.0,5.203570398167684e-05,1.498504586316957e-05
80,5,5.0,1.05,5.2745405910456984e-05,1.3483000533007235e-05
80,5,5.0,1.1,5.339101326200978e-05,1.2402425123861767e-05
80,5,5.0,1.15,5.399099091657279e-05,1.1643154846105202e-05
80,5,5.0,1.2,5.4559382682826004e-05,1.1127724521613149e-05
80,5,5.0,1.25,5.510683153672821e-05,1.0796856904855075e-05
80,5,5.0,1.3,5.564138809235014e-05,1.0605537176464695e-05
80,5,5.0,1.35,5.61691398365413e-05,1.0519771083770904e-05
80,5,5.0,1.4,5.669469480520614e-05,1.0513992726953128e-05
80,5,5.0,1.45,5.722155012976878e-05,1.0569035247779113e-05
80,5,5.0,1.5,5.7752371114160106e-05,1.0670564910042802e-05
80,5,5.0,1.55,5.828920162310669e-05,1.080788481740953e-05
80,5,5.0,1.6,5.8833622183649095e-05,1.0973027474029238e-05
80,5,5.0,1.65,5.938686852573917e-05,1.1160069923958965e-05
80,5,5.0,1.7,5.99499203202013e-05,1.1364618752036309e-05
80,5,5.0,1.75,6.052356753536854e-05,1.1583423830998696e-05
80,5,5.0,1.8,6.110846002355423e-05,1.1814089176999861e-05
80,5,5.0,1.85,6.17051445621842e-05,1.2054856794739517e-05
80,5,5.0,1.9,6.231409252109964e-05,1.230444524619631e-05
80,5,5.0,1.95,6.293572053167487e-05,1.2561929174191535e-05
80,5,5.0,2.0,6.357040593453813e-05,1.2826649436828202e-05
80,5,5.0,2.05,6.421849833328321e-05,1.3098146100517154e-05
80,5,5.0,2.1,6.48803282450917e-05,1.3376108491700723e-05
80,5,5.0,2.15,6.555621358759005e-05,1.3660337973444056e-05
80,5,5.0,2.2,6.62464645533594e-05,1.395072021139755e-05
80,5,5.0,2.25,6.695138728327064e-05,1.424720451510508e-05
80,5,5.0,2.3,6.767128664520307e-05,1.4549788454292431e-05
80,5,5.0,2.35,6.840646834669858e-05,1.4858506407829213e-05
80,5,5.0,2.4,6.915724055194994e-05,1.5173421044733298e-05
80,5,5.0,2.45,6.99239151301615e-05,1.5494616991387866e-05
80,5,5.0,2.5,7.07068086300163e-05,1.5822196129066498e-05
80,5,5.0,2.55,7.15062430509072e-05,1.6156274107440148e-05
80,5,5.0,2.6,7.232254646362445e-05,1.6496977765250685e-05
80,5,5.0,2.65,7.315605351982189e-05,1.6844443227948437e-05
80,5,5.0,2.7,7.400710587962242e-05,1.7198814510729873e-05
80,5,5.0,2.75,7.487605257926094e-05,1.756024249904475e-05
80,5,5.0,2.8,7.576325035515327e-05,1.792888421122312e-05
80,5,5.0,2.85,7.666906393662632e-05,1.830490227212982e-05
80,5,5.0,2.9,7.759386631646381e-05,1.868846454483295e-05
80,5,5.0,2.95,7.853803900615199e-05,1.907974388077436e-05
80,5,5.0,3.0,7.950197228095239e-05,1.9478917958967752e-05
80,5,5.0,3.05,8.048606541869726e-05,1.9886169192261024e-05
80,5,5.0,3.1,8.149072693522265e-05,2.03016846842854e-05
80,5,5.0,3.15,8.251637481865248e-05,2.072565622488213e-05
80,5,5.0,3.2,8.356343676422548e-05,2.1158280314920682e-05
80,5,5.0,3.25,8.463235041094525e-05,2.1599758213722243e-05
80,5,5.0,3.3,8.572356358106702e-05,2.2050296004060022e-05
80,5,5.0,3.35,8.683753452318817e-05,2.251010467098392e-05
80,5,5.0,3.4,8.797473215956755e-05,2.2979400191680966e-05
80,5,5.0,3.45,8.913563633816832e-05,2.3458403634320464e-05
80,5,5.0,3.5,9.032073808983998e-05,2.3947341264350278e-05
80,5,5.0,3.55,9.153053989096716e-05,2.4446444657125596e-05
80,5,5.0,3.6,9.2765555931904e-05,2.495595081605225e-05
80,5,5.0,3.65,9.402631239142958e-05,2.547610229564154e-05
80,5,5.0,3.7,9.531334771747148e-05,2.6007147329051584e-05
80,5,5.0,3.75,9.66272129143205e-05,2.6549339959815594e-05
80,5,5.0,3.8,9.796847183652129e-05,2.710294017753945e-05
80,5,5.0,3.85,9.933770148964967e-05,2.766821405744524e-05
80,5,5.0,3.9,0.00010073549233816267,2.824543390366365e-05
80,5,5.0,3.95,0.00010216244862049643,2.883487839623693e-05
80,5,5.0,4.0,0.00010361918867162571,2.943683274182456e-05
80,5,5.0,4.05,0.00010510634525322617,3.0051588828108194e-05
80,5,5.0,4.1,0.00010662456589167247,3.0679445381935294e-05
80,5,5.0,4.15,0.00010817451322402846,3.1320708131239876e-05
80,5,5.0,4.2,0.00010975686535222492,3.197568997078312e-05
80,5,5.0,4.25,0.00011137231620562625,3.264471113178471e-05
80,5,5.0,4.3,0.000113021575912178,3.3328099355507223e-05
80,5,5.0,4.35,0.00011470537117833192,3.4026190070857513e-05
80,5,5.0,4.4,0.00011642444567795337,3.4739326576096475e-05
80,5,5.0,4.45,0.00011817956045041719,3.5467860224717336e-05
80,5,5.0,4.5,0.0001199714943081077,3.621215061559452e-05
80,5,5.0,4.55,0.00012180104425352829,3.697256578746801e-05
80,5,5.0,4.6,0.0001236690259062511,3.774948241787159e-05
80,5,5.0,4.65,0.00012557627393992583,3.8543286026579456e-05
80,5,5.0,4.7,0.0001275236425295699,3.935437118366475e-05
80,5,5.0,4.75,0.0001295120058093845,4.018314172227407e-05
80,5,5.0,4.8,0.00013154225834132854,4.103001095620233e-05
80,5,5.0,4.85,0.00013361531559469256,4.189540190237399e-05
80,5,5.0,4.9,0.00013573211443691714,4.277974750831576e-05
80,5,5.0,4.95,0.00013789361363591957,4.368349088474788e-05
80,5,5.0,5.0,0.00014010079437418106,4.460708554336589e-05
80,10,0.0,0.0,2.967956142145265e-11,2.534764422102586e-10
80,10,0.0,0.05,4.3313091784425486e-11,2.872961556610196e-10
80,10,0.0,0.1,5.7926527707958514e-11,2.9248526833595705e-10
80,10,0.0,0.15,7.213275749009524e-11,2.721248465273591e-10
80,10,0.0,0.2,8.485449761673465e-11,2.34713403675341e-10
80,10,0.0,0.25,9.547694551745916e-11,1.8959818758379075e-10
80,10,0.0,0.3,1.0381029066273728e-10,1.4414273716282094e-10
80,10,0.0,0.35,1.0996266967587529e-10,1.0289141955931366e-10
80,10,0.0,0.4,1.1420539638991917e-10,6.794281780673689e-11
80,10,0.0,0.45,1.168697294011394e-10,3.973069918191332e-11
80,10,0.0,0.5,1.182826297627285e-10,1.7755595557777143e-11
80,10,0.0,0.55,1.1873413488144258e-10,1.1087589445068378e-12
80,10,0.0,0.6,1.1846557157666202e-10,-1.12114076215941e-11
80,10,0.0,0.65,1.176695040923209e-10,-2.0136197498013985e-11
80,10,0.0,0.7,1.164952229594772e-10,-2.6459584765931365e-11
80,10,0.0,0.75,1.1505611149553665e-10,-3.082433406685912e-11
80,10,0.0,0.8,1.1343698056255269e-10,-3.3733683526605754e-11
80,10,0.0,0.85,1.117005276272914e-10,-3.557280716371028e-11
80,10,0.0,0.9,1.0989265972373463e-10,-3.66318847885814e-11
80,10,0.0,0.95,1.0804670622798565e-10,-3.712706966706174e-11
80,10,0.0,1.0,1.0618666618348664e-10,-3.721804669765798e-11
80,10,0.0,1.05,1.0432966699799698e-10,-3.702205513988034e-11
80,10,0.0,1.1,1.0248780294791965e-10,-3.662475779203824e-11
80,10,0.0,1.15,1.006694978148338e-10,-3.608850006831592e-11
80,10,0.0,1.2,9.888050841784073e-11,-3.545850080451252e-11
80,10,0.0,1.25,9.712466026330557e-11,-3.476744865454481e-11
80,10,0.0,1.3,9.540438498059204e-11,-3.4038891659188365e-11
80,10,0.0,1.35,9.37211119426482e-11,-3.328972474038899e-11
80,10,0.0,1.4,9.20755530652423e-11,-3.2532008809113475e-11
80,10,0.0,1.45,9.046790958678978e-11,-3.177429770805025e-11
80,10,0.0,1.5,8.889802198977048e-11,-3.102260435737969e-11
80,10,0.0,1.55,8.736547855157694e-11,-3.0281103250285526e-11
80,10,0.0,1.6,8.586969382949193e-11,-2.955264072952256e-11
80,10,0.0,1.65,8.440996531482337e-11,-2.8839105354414566e-11
80,10,0.0,1.7,8.29855142466686e-11,-2.814169655289013e-11
80,10,0.0,1.75,8.159551493853939e-11,-2.746111938861295e-11
80,10,0.0,1.8,8.023911577907749e-11,-2.6797725690888534e-11
80,10,0.0,1.85,7.891545420126114e-11,-2.6151616262789113e-11
80,10,0.0,1.9,7.76236672847957e-11,-2.552271485426283e-11
80,10,0.0,1.95,7.63628991991705e-11,-2.491082165720742e-11
80,10,0.0,2.0,7.513230636305111e-11,-2.431565195096303e-11
80,10,0.0,2.05,7.393106095496698e-11,-2.3736863981280495e-11
80,10,0.0,2.1,7.275835323562094e-11,-2.3174079034329235e-11
80,10,0.0,2.15,7.161339301549734e-11,-2.2626895853710913e-11
80,10,0.0,2.2,7.049541050959412e-11,-2.20949009582902e-11
80,10,0.0,2.25,6.940365675448484e-11,-2.1577675990658456e-11
80,10,0.0,2.3,6.833740371459398e-11,-2.107480291562438e-11
80,10,0.0,2.35,6.729594416953639e-11,-2.058586766302748e-11
80,10,0.0,2.4,6.627859144895487e-11,-2.0110462645891746e-11
80,10,0.0,2.45,6.528467906285063e-11,-1.964818846652069e-11
80,10,0.0,2.5,6.431356026204837e-11,-1.919865503724377e-11
80,10,0.0,2.55,6.336460755371865e-11,-1.876148228021324e-11
80,10,0.0,2.6,6.243721218988288e-11,-1.8336300525445832e-11
80,10,0.0,2.65,6.153078364170101e-11,-1.7922750693508393e-11
80,10,0.0,2.7,6.064474906866283e-11,-1.7520484325450564e-11
80,10,0.0,2.75,5.977855278913336e-11,-1.7129163505316033e-11
80,10,0.0,2.8,5.893165575674625e-11,-1.6748460708036102e-11
80,10,0.0,2.85,5.8103535045764966e-11,-1.637805859641559e-11
80,10,0.0,2.9,5.7293683347497545e-11,-1.6017649784319913e-11
80,10,0.0,2.95,5.650160847913163e-11,-1.566693657838586e-11
80,10,0.0,3.0,5.572683290582899e-11,-1.5325630707100707e-11
80,10,0.0,3.05,5.4968893276550376e-11,-1.49934530435803e-11
80,10,0.0,3.1,5.422733997380036e-11,-1.4670133326544577e-11
80,10,0.0,3.15,5.350173667729512e-11,-1.4355409882661972e-11
80,10,0.0,3.2,5.27916599414411e-11,-1.404902935248354e-11
80,10,0.0,3.25,5.2096698786383916e-11,-1.375074642148481e-11
80,10,0.0,3.3,5.141645430236075e-11,-1.3460323557234304e-11
80,10,0.0,3.35,5.075053926702983e-11,-1.3177530753352377e-11
80,10,0.0,3.4,5.00985777754146e-11,-1.2902145280648791e-11
80,10,0.0,3.45,4.946020488211426e-11,-1.2633951445659485e-11
80,10,0.0,3.5,4.883506625540068e-11,-1.2372740356658124e-11
80,10,0.0,3.55,4.8222817842821655e-11,-1.211830969712055e-11
80,10,0.0,3.6,4.76231255479517e-11,-1.1870463506571211e-11
80,10,0.0,3.65,4.703566491791926e-11,-1.1629011968675539e-11
80,10,0.0,3.7,4.646012084134653e-11,-1.1393771206422122e-11
80,10,0.0,3.75,4.58961872563595e-11,-1.1164563084218883e-11
80,10,0.0,3.8,4.534356686832669e-11,-1.0941215016708467e-11
80,10,0.0,3.85,4.4801970876988146e-11,-1.0723559784106207e-11
80,10,0.0,3.9,4.427111871266237e-11,-1.0511435353859771e-11
80,10,0.0,3.95,4.3750737781215565e-11,-1.0304684708428663e-11
80,10,0.0,4.0,4.324056321749032e-11,-1.0103155678981638e-11
80,10,0.0,4.05,4.274033764691363e-11,-9.906700784821113e-12
80,10,0.0,4.1,4.2249810954982146e-11,-9.715177078332459e-12
80,10,0.0,4.15,4.176874006437768e-11,-9.528445995279697e-12
80,10,0.0,4.2,4.129688871943088e-11,-9.346373210257806e-12
80,10,0.0,4.25,4.0834027277689496e-11,-9.168828497127315e-12
80,10,0.0,4.3,4.037993250834363e-11,-8.995685594256036e-12
80,10,0.0,4.35,3.993438739727354e-11,-8.826822074404149e-12
80,10,0.0,4.4,3.9497180958487095e-11,-8.662119219087564e-12
80,10,0.0,4.45,3.9068108051734325e-11,-8.501461897266083e-12
80,10,0.0,4.5,3.864696920607961e-11,-8.344738448203408e-12
80,10,0.0,4.55,3.823357044923115e-11,-8.191840568354537e-12
80,10,0.0,4.6,3.78277231424291e-11,-8.042663202137651e-12
80,10,0.0,4.65,3.7429243820697464e-11,-7.897104436456786e-12
80,10,0.0,4.7,3.703795403828315e-11,-7.755065398841339e-12
80,10,0.0,4.75,3.66536802190973e-11,-7.616450159078602e-12
80,10,0.0,4.8,3.627625351199109e-11,-7.481165634212803e-12
80,10,0.0,4.85,3.590550965069993e-11,-7.34912149679683e-12
80,10,0.0,4.9,3.554128881829702e-11,-7.220230086280289e-12
80,10,0.0,4.95,3.5183435515999034e-11,-7.094406323422406e-12
80,10,0.0,5.0,3.483179843618061e-11,-6.971567627628193e-12
80,10,1.0,0.0,5.6769490976879455e-09,6.333353347427399e-08
80,10,1.0,0.05,9.366736252281758e-09,8.352935456705831e-08
80,10,1.0,0.1,1.3917392851835377e-08,9.706690013555578e-08
80,10,1.0,0.15,1.8916399518989534e-08,1.0129419869928595e-07
80,10,1.0,0.2,2.389822134091527e-08,9.667610186948801e-08
80,10,1.0,0.25,2.8478386049228935e-08,8.573635915678964e-08
80,10,1.0,0.3,3.241796471074103e-08,7.154352794903168e-08
80,10,1.0,0.35,3.5621847491080295e-08,5.6665980555387314e-08
80,10,1.0,0.4,3.810168766553028e-08,4.2787780574708707e-08
80,10,1.0,0.45,3.993191359520573e-08,3.07671567904853e-08
80,10,1.0,0.5,4.121398655770296e-08,2.0870088088306982e-08
80,10,1.0,0.55,4.205298435703678e-08,1.301137788402505e-08
80,10,1.0,0.6,4.254488540479792e-08,6.936739912952274e-09
80,10,1.0,0.65,4.27712476906152e-08,2.3378854728468405e-09
80,10,1.0,0.7,4.279825521095359e-08,-1.0847807530824516e-09
80,10,1.0,0.75,4.2677972135764166e-08,-3.5937315978078252e-09
80,10,1.0,0.8,4.2450474466039975e-08,-5.405641907909687e-09
80,10,1.0,0.85,4.21461325309643e-08,-6.6927833832489685e-09
80,10,1.0,0.9,4.1787698364933696e-08,-7.588733000037457e-09
80,10,1.0,0.95,4.1392068555500293e-08,-8.195288335324003e-09
80,10,1.0,1.0,4.097170474112869e-08,-8.589087242573604e-09
80,10,1.0,1.05,4.0535744398816024e-08,-8.827323333411215e-09
80,10,1.0,1.1,4.00908521444913e-08,-8.95240827410726e-09
80,10,1.0,1.15,3.9641863160375555e-08,-8.995644541243896e-09
80,10,1.0,1.2,3.919226477250536e-08,-8.980053421777974e-09
80,10,1.0,1.25,3.874455438241401e-08,-8.922519100537969e-09
80,10,1.0,1.3,3.8300504164479936e-08,-8.835396813634663e-09
80,10,1.0,1.35,3.786135610164575e-08,-8.727709878392182e-09
80,10,1.0,1.4,3.742796531015263e-08,-8.60603586777545e-09
80,10,1.0,1.45,3.7000905157229625e-08,-8.475160091658866e-09
80,10,1.0,1.5,3.658054424413685e-08,-8.338556125005771e-09
80,10,1.0,1.55,3.616710272201177e-08,-8.198738434888343e-09
80,10,1.0,1.6,3.5760693452716244e-08,-8.057520766222638e-09
80,10,1.0,1.65,3.536135207090919e-08,-7.916205269601656e-09
80,10,1.0,1.7,3.496905892542199e-08,-7.775720827676666e-09
80,10,1.0,1.75,3.458375508290302e-08,-7.636724168837043e-09
80,10,1.0,1.8,3.42053539920044e-08,-7.499673748739276e-09
80,10,1.0,1.85,3.383374997730316e-08,-7.36488371727872e-09
80,10,1.0,1.9,3.3468824417767234e-08,-7.232563329412327e-09
80,10,1.0,1.95,3.3110450234470335e-08,-7.102845720064611e-09
80,10,1.0,2.0,3.275849514395113e-08,-6.975808909343274e-09
80,10,1.0,2.05,3.241282401060961e-08,-6.8514911327432016e-09
80,10,1.0,2.1,3.2073300541622614e-08,-6.729902026687559e-09
80,10,1.0,2.15,3.1739788502217696e-08,-6.611030787246584e-09
80,10,1.0,2.2,3.1412152581154155e-08,-6.4948521184509365e-09
80,10,1.0,2.25,3.109025900125869e-08,-6.381330566436797e-09
80,10,1.0,2.3,3.0773975944262294e-08,-6.270423674848585e-09
80,10,1.0,2.35,3.046317384051017e-08,-6.16208427948509e-09
80,10,1.0,2.4,3.0157725560477935e-08,-6.056262174419723e-09
80,10,1.0,2.45,2.9857506535052174e-08,-5.95290531919812e-09
80,10,1.0,2.5,2.9562394824266803e-08,-5.851960710991746e-09
80,10,1.0,2.55,2.927227114886834e-08,-5.753375012189137e-09
80,10,1.0,2.6,2.898701889519274e-08,-5.657094999513338e-09
80,10,1.0,2.65,2.8706524101017994e-08,-5.5630678829516935e-09
80,10,1.0,2.7,2.843067542796238e-08,-5.471241529764212e-09
80,10,1.0,2.75,2.8159364124506923e-08,-5.381564619340432e-09
80,10,1.0,2.8,2.789248398259699e-08,-5.293986747729334e-09
80,10,1.0,2.85,2.7629931289980827e-08,-5.2084584955947785e-09
80,10,1.0,2.9,2.737160477985087e-08,-5.1249314696483305e-09
80,10,1.0,2.95,2.7117405578917126e-08,-5.043358324893971e-09
80,10,1.0,3.0,2.6867237154733134e-08,-4.963692773051586e-09
80,10,1.0,3.05,2.6621005262862797e-08,-4.885889581072822e-09
80,10,1.0,3.1,2.637861789430817e-08,-4.80990456260769e-09
80,10,1.0,3.15,2.6139985223493938e-08,-4.735694564509478e-09
80,10,1.0,3.2,2.5905019557019675e-08,-4.663217449899274e-09
80,10,1.0,3.25,2.5673635283319658e-08,-4.59243207889855e-09
80,10,1.0,3.3,2.5445748823327553e-08,-4.523298287837922e-09
80,10,1.0,3.35,2.522127858220773e-08,-4.45577686752839e-09
80,10,1.0,3.4,2.50001449021836e-08,-4.389829541019071e-09
80,10,1.0,3.45,2.4782270016488158e-08,-4.325418941151602e-09
80,10,1.0,3.5,2.45675780044351e-08,-4.262508588128556e-09
80,10,1.0,3.55,2.4355994747607867e-08,-4.20106286725803e-09
80,10,1.0,3.6,2.414744788715563e-08,-4.141047006983035e-09
80,10,1.0,3.65,2.3941866782177974e-08,-4.082427057276681e-09
80,10,1.0,3.7,2.373918246917978e-08,-4.025169868455427e-09
80,10,1.0,3.75,2.3539327622574085e-08,-3.969243070446736e-09
80,10,1.0,3.8,2.3342236516211115e-08,-3.9146150525347795e-09
80,10,1.0,3.85,2.314784498590437e-08,-3.861254943596699e-09
80,10,1.0,3.9,2.2956090392937935e-08,-3.809132592836069e-09
80,10,1.0,3.95,2.2766911588518015e-08,-3.758218551014815e-09
80,10,1.0,4.0,2.258024887915631e-08,-3.708484052181918e-09
80,10,1.0,4.05,2.2396043992950798e-08,-3.659900995893882e-09
80,10,1.0,4.1,2.2214240046745882e-08,-3.61244192992019e-09
80,10,1.0,4.15,2.2034781514142638e-08,-3.5660800334252628e-09
80,10,1.0,4.2,2.1857614194341376e-08,-3.5207891006197915e-09
80,10,1.0,4.25,2.1682685181787424e-08,-3.4765435248700073e-09
80,10,1.0,4.3,2.150994283660126e-08,-3.4333182832557797e-09
80,10,1.0,4.35,2.1339336755770727e-08,-3.3910889215683864e-09
80,10,1.0,4.4,2.1170817745080256e-08,-3.3498315397358763e-09
80,10,1.0,4.45,2.1004337791760016e-08,-3.309522777667051e-09
80,10,1.0,4.5,2.0839850037833344e-08,-3.270139801504249e-09
80,10,1.0,4.55,2.0677308754138423e-08,-3.231660290272131e-09
80,10,1.0,4.6,2.0516669315012183e-08,-3.1940624229167258e-09
80,10,1.0,4.65,2.0357888173608184e-08,-3.157324865719806e-09
80,10,1.0,4.7,2.0200922837838175e-08,-3.1214267600828215e-09
80,10,1.0,4.75,2.004573184691383e-08,-3.0863477106683046e-09
80,10,1.0,4.8,1.9892274748472268e-08,-3.052067773890256e-09
80,10,1.0,4.85,1.97405120762697e-08,-3.018567446743986e-09
80,10,1.0,4.9,1.9590405328424636e-08,-2.9858276559653022e-09
80,10,1.0,4.95,1.944191694619504e-08,-2.9538297475118583e-09
80,10,1.0,5.0,1.9295010293273596e-08,-2.9225554763559046e-09
80,10,2.0,0.0,2.055159203385492e-07,2.8939946422878675e-06
80,10,2.0,0.05,3.9061140424284147e-07,4.540922279925001e-06
80,10,2.0,0.1,6.593447979516145e-07,6.1703846847231215e-06
80,10,2.0,0.15,1.000646235778115e-06,7.385253597719834e-06
80,10,2.0,0.2,1.3867241385070452e-06,7.939596289308132e-06
80,10,2.0,0.25,1.7832164857041822e-06,7.816501708344816e-06
80,10,2.0,0.3,2.1596368969286404e-06,7.171152161921889e-06
80,10,2.0,0.35,2.495290118935411e-06,6.222396571313847e-06
80,10,2.0,0.4,2.78015084190006e-06,5.167994434093311e-06
80,10,2.0,0.45,3.012679711199306e-06,4.146910769575428e-06
80,10,2.0,0.5,3.1967242332650755e-06,3.2372050470268225e-06
80,10,2.0,0.55,3.338796445086492e-06,2.4703062467350555e-06
80,10,2.0,0.6,3.4461758523765686e-06,1.84816783432563e-06
80,10,2.0,0.65,3.5258023175023833e-06,1.3571817461528246e-06
80,10,2.0,0.7,3.5837490313875097e-06,9.774772828404567e-07
80,10,2.0,0.75,3.6250578416966855e-06,6.883071320553524e-07
80,10,2.0,0.8,3.653771353302062e-06,4.707320178901098e-07
80,10,2.0,0.85,3.673054522056424e-06,3.0866762707520736e-07
80,10,2.0,0.9,3.685343913906478e-06,1.890433468826334e-07
80,10,2.0,0.95,3.692492896556015e-06,1.015391571485208e-07
80,10,2.0,1.0,3.695898948711701e-06,3.8164853849478405e-08
80,10,2.0,1.05,3.6966090182641885e-06,-7.18197435786758e-09
80,10,2.0,1.1,3.695403647125335e-06,-3.9117025843403004e-08
80,10,2.0,1.15,3.692862578961207e-06,-6.110731928973438e-08
80,10,2.0,1.2,3.689415110799912e-06,-7.574401628147566e-08
80,10,2.0,1.25,3.6853783054650654e-06,-8.495663032134367e-08
80,10,2.0,1.3,3.680985761994304e-06,-9.017815110940649e-08
80,10,2.0,1.35,3.6764091542368436e-06,-9.247073180851022e-08
80,10,2.0,1.4,3.6717742894756945e-06,-9.262051277749625e-08
80,10,2.0,1.45,3.667173045862101e-06,-9.120871054991461e-08
80,10,2.0,1.5,3.662672227238739e-06,-8.866467236183477e-08
80,10,2.0,1.55,3.6583201211423704e-06,-8.530534245777843e-08
80,10,2.0,1.6,3.654151350263259e-06,-8.136455128859752e-08
80,10,2.0,1.65,3.6501904585067e-06,-7.701471499810254e-08
80,10,2.0,1.7,3.6464545601369124e-06,-7.238289221625099e-08
80,10,2.0,1.75,3.642955295943825e-06,-6.756265502866956e-08
80,10,2.0,1.8,3.6397002772458235e-06,-6.26228598294977e-08
80,10,2.0,1.85,3.6366941515640963e-06,-5.7614124808016825e-08
80,10,2.0,1.9,3.63393938893613e-06,-5.257361227745518e-08
80,10,2.0,1.95,3.6314368619972757e-06,-4.7528558749315864e-08
80,10,2.0,2.0,3.629186273843796e-06,-4.2498880313708906e-08
80,10,2.0,2.05,3.6271864735544853e-06,-3.749909539402185e-08
80,10,2.0,2.1,3.6254356888070516e-06,-3.253974366650945e-08
80,10,2.0,2.15,3.623931697314753e-06,-2.7628433148778697e-08
80,10,2.0,2.2,3.6226719531148995e-06,-2.2770612892389296e-08
80,10,2.0,2.25,3.6216536795413186e-06,-1.7970143186962298e-08
80,10,2.0,2.3,3.6208739376108862e-06,-1.3229716337922974e-08
80,10,2.0,2.35,3.6203296762676243e-06,-8.551167172082392e-09
80,10,2.0,2.4,3.6200177692388053e-06,-3.935702161918989e-09
80,10,2.0,2.45,3.6199350420121313e-06,6.159315135066635e-10
80,10,2.0,2.5,3.6200782915245116e-06,5.103321239721071e-09
80,10,2.0,2.55,3.62044430047347e-06,9.52629696208769e-09
80,10,2.0,2.6,3.621029847663165e-06,1.3884863337879692e-08
80,10,2.0,2.65,3.621831715425925e-06,1.8179149722806114e-08
80,10,2.0,2.7,3.622846694889119e-06,2.2409373325035062e-08
80,10,2.0,2.75,3.6240715896553264e-06,2.6575812082439902e-08
80,10,2.0,2.8,3.625503218314408e-06,3.0678784719873824e-08
80,10,2.0,2.85,3.627138416098159e-06,3.4718636109323854e-08
80,10,2.0,2.9,3.6289740359054327e-06,3.869572654684242e-08
80,10,2.0,2.95,3.6310069488675183e-06,4.261042392285868e-08
80,10,2.0,3.0,3.633234044577861e-06,4.64630980297925e-08
80,10,2.0,3.05,3.63565223107863e-06,5.025411644918399e-08
80,10,2.0,3.1,3.6382584346724537e-06,5.398384160554661e-08
80,10,2.0,3.15,3.641049599609369e-06,5.765262868269612e-08
80,10,2.0,3.2,3.644022687686415e-06,6.126082417740507e-08
80,10,2.0,3.25,3.6471746777870693e-06,6.48087649238903e-08
80,10,2.0,3.3,3.6505025653813113e-06,6.82967774666082e-08
80,10,2.0,3.35,3.6540033620010742e-06,7.172517769008368e-08
80,10,2.0,3.4,3.6576740947018146e-06,7.509427063874905e-08
80,10,2.0,3.45,3.6615118055191524e-06,7.840435047718169e-08
80,10,2.0,3.5,3.6655135509261087e-06,8.165570055369878e-08
80,10,2.0,3.55,3.669676401295518e-06,8.484859354032778e-08
80,10,2.0,3.6,3.673997440370859e-06,8.798329162864199e-08
80,10,2.0,3.65,3.678473764748084e-06,9.10600467669587e-08
80,10,2.0,3.7,3.683102483369981e-06,9.407910092726087e-08
80,10,2.0,3.75,3.6878807170344464e-06,9.704068639391167e-08
80,10,2.0,3.8,3.692805597917868e-06,9.994502606785431e-08
80,10,2.0,3.85,3.697874269113426e-06,1.0279233378188166e-07
80,10,2.0,3.9,3.7030838841861594e-06,1.0558281462315188e-07
80,10,2.0,3.95,3.708431606743517e-06,1.0831666526079451e-07
80,10,2.0,4.0,3.713914610022837e-06,1.1099407427633899e-07
80,10,2.0,4.05,3.719530076495326e-06,1.1361522249565538e-07
80,10,2.0,4.1,3.725275197486432e-06,1.1618028332101578e-07
80,10,2.0,4.15,3.731147172813132e-06,1.1868942306278827e-07
80,10,2.0,4.2,3.7371432104373913e-06,1.2114280126962367e-07
80,10,2.0,4.25,3.7432605261365086e-06,1.235405710569783e-07
80,10,2.0,4.3,3.74949634318947e-06,1.258828794331498e-07
80,10,2.0,4.35,3.7558478920797365e-06,1.2816986762284708e-07
80,10,2.0,4.4,3.7623124102141806e-06,1.3040167138775504e-07
80,10,2.0,4.45,3.76888714165769e-06,1.3257842134376327e-07
80,10,2.0,4.5,3.7755693368839763e-06,1.3470024327493762e-07
80,10,2.0,4.55,3.782356252541505e-06,1.3676725844375726e-07
80,10,2.0,4.6,3.7892451512352766e-06,1.3877958389763697e-07
80,10,2.0,4.65,3.7962333013236083e-06,1.407373327713536e-07
80,10,2.0,4.7,3.803317976729931e-06,1.4264061458550304e-07
80,10,2.0,4.75,3.8104964567695515e-06,1.4448953554077193e-07
80,10,2.0,4.8,3.8177660259907465e-06,1.4628419880763635e-07
80,10,2.0,4.85,3.825123974030618e-06,1.4802470481186074e-07
80,10,2.0,4.9,3.832567595484807e-06,1.497111515152711e-07
80,10,2.0,4.95,3.8400941897911236e-06,1.5134363469189365e-07
80,10,2.0,5.0,3.8477010611270956e-06,1.5292224819938602e-07
80,10,3.0,0.0,5.777526928336674e-07,9.782853013423913e-06
80,10,3.0,0.05,1.2677621172287432e-06,1.83565880341665e-05
80,10,3.0,0.1,2.4574958210534107e-06,2.9519165862241943e-05
80,10,3.0,0.15,4.22656389202908e-06,4.107503463670588e-05
80,10,3.0,0.2,6.5254196153066055e-06,5.028720487204373e-05
80,10,3.0,0.25,9.183524902539894e-06,5.5248544015073065e-05
80,10,3.0,0.3,1.1972152275120337e-05,5.5566210880152556e-05
80,10,3.0,0.35,1.4676858236968919e-05,5.210449715826597e-05
80,10,3.0,0.4,1.7143324240547658e-05,4.628298929174031e-05
80,10,3.0,0.45,1.9288822445957393e-05,3.946843573115329e-05
80,10,3.0,0.5,2.10906716026149e-05,3.2670029877669285e-05
80,10,3.0,0.55,2.2566302250141193e-05,2.6489183243241266e-05
80,10,3.0,0.6,2.375454832574436e-05,2.1198689679879697e-05
80,10,3.0,0.65,2.470200544076194e-05,1.685434368181077e-05
80,10,3.0,0.7,2.545469460237576e-05,1.339101839104623e-05
80,10,3.0,0.75,2.605381112131329e-05,1.0689540388531175e-05
80,10,3.0,0.8,2.653412572098563e-05,8.616980514577905e-06
80,10,3.0,0.85,2.692388953109122e-05,7.047820456026591e-06
80,10,3.0,0.9,2.7245471375361586e-05,5.87312276408066e-06
80,10,3.0,0.95,2.7516267082661772e-05,5.00294764413806e-06
80,10,3.0,1.0,2.7749634298563622e-05,4.3653846171658755e-06
80,10,3.0,1.05,2.7955737474766336e-05,3.904166454334071e-06
80,10,3.0,1.1,2.8142261442914673e-05,3.5759197497279404e-06
80,10,3.0,1.15,2.831498981621509e-05,3.347561354460193e-06
80,10,3.0,1.2,2.8478261561973948e-05,3.194046739731313e-06
80,10,3.0,1.25,2.8635325017687232e-05,3.0965196579699734e-06
80,10,3.0,1.3,2.8788609005309106e-05,3.040839067033687e-06
80,10,3.0,1.35,2.8939928649579258e-05,3.0164306181586615e-06
80,10,3.0,1.4,2.909064065465036e-05,3.015403841365325e-06
80,10,3.0,1.45,2.9241759926178848e-05,3.031880257855144e-06
80,10,3.0,1.5,2.9394046878595014e-05,3.0614856006944354e-06
80,10,3.0,1.55,2.9548072643667915e-05,3.100967981376266e-06
80,10,3.0,1.6,2.9704267691720565e-05,3.14791179793084e-06
80,10,3.0,1.65,2.9862958040905376e-05,3.2005239354876134e-06
80,10,3.0,1.7,3.0024392199662835e-05,3.2574742916122394e-06
80,10,3.0,1.75,3.018876120169203e-05,3.3177769837234964e-06
80,10,3.0,1.8,3.035621349804723e-05,3.380701946298881e-06
80,10,3.0,1.85,3.052686602335698e-05,3.4457091887708806e-06
80,10,3.0,1.9,3.0700812417553005e-05,3.5123999289843135e-06
80,10,3.0,1.95,3.0878129133637965e-05,3.5804802823943613e-06
80,10,3.0,2.0,3.105887997482128e-05,3.6497342868673935e-06
80,10,3.0,2.05,3.124311946492193e-05,3.7200038656309166e-06
80,10,3.0,2.1,3.143089535216322e-05,3.7911739449919465e-06
80,10,3.0,2.15,3.1622250469314956e-05,3.863161401058763e-06
80,10,3.0,2.2,3.181722411578944e-05,3.935906850311407e-06
80,10,3.0,2.25,3.20158530846804e-05,4.009368552193715e-06
80,10,3.0,2.3,3.221817242608367e-05,4.083517880177624e-06
80,10,3.0,2.35,3.242421601453682e-05,4.15833595765298e-06
80,10,3.0,2.4,3.2634016970946126e-05,4.233811158891419e-06
80,10,3.0,2.45,3.284760797642453e-05,4.309937252505704e-06
80,10,3.0,2.5,3.306502150581934e-05,4.386712022117732e-06
80,10,3.0,2.55,3.3286290001573854e-05,4.464136241496438e-06
80,10,3.0,2.6,3.351144600325697e-05,4.542212913016034e-06
80,10,3.0,2.65,3.374052224414575e-05,4.6209467017369195e-06
80,10,3.0,2.7,3.397355172332559e-05,4.700343514831022e-06
80,10,3.0,2.75,3.421056775959651e-05,4.780410189004961e-06
80,10,3.0,2.8,3.445160403185429e-05,4.861154258177681e-06
80,10,3.0,2.85,3.469669460942073e-05,4.942583780803225e-06
80,10,3.0,2.9,3.494587397490409e-05,5.024707211523856e-06
80,10,3.0,2.95,3.519917704150547e-05,5.107533305778538e-06
80,10,3.0,3.0,3.545663916619885e-05,5.191071048908798e-06
80,10,3.0,3.05,3.5718296159844234e-05,5.2753296034797044e-06
80,10,3.0,3.1,3.5984184295021816e-05,5.360318270146495e-06
80,10,3.0,3.15,3.6254340312173565e-05,5.446046458592128e-06
80,10,3.0,3.2,3.6528801424490444e-05,5.5325236659585005e-06
80,10,3.0,3.25,3.680760532186228e-05,5.619759460850344e-06
80,10,3.0,3.3,3.709079017414284e-05,5.707763471484633e-06
80,10,3.0,3.35,3.737839463389938e-05,5.79654537692509e-06
80,10,3.0,3.4,3.7670457838783904e-05,5.8861149006121445e-06
80,10,3.0,3.45,3.796701941362879e-05,5.9764818056002815e-06
80,10,3.0,3.5,3.8268119472333766e-05,6.06765589106671e-06
80,10,3.0,3.55,3.857379861960531e-05,6.159646989764076e-06
80,10,3.0,3.6,3.888409795258863e-05,6.252464966177725e-06
80,10,3.0,3.65,3.919905906241667e-05,6.346119715202663e-06
80,10,3.0,3.7,3.9518724035709056e-05,6.440621161210216e-06
80,10,3.0,3.75,3.984313545602529e-05,6.535979257399297e-06
80,10,3.0,3.8,4.017233640529647e-05,6.632203985360757e-06
80,10,3.0,3.85,4.050637046523678e-05,6.72930535479641e-06
80,10,3.0,3.9,4.0845281718745804e-05,6.827293403350808e-06
80,10,3.0,3.95,4.118911475130002e-05,6.926178196525039e-06
80,10,3.0,4.0,4.153791465234818e-05,7.025969827646505e-06
80,10,3.0,4.05,4.189172701670109e-05,7.126678417879264e-06
80,10,3.0,4.1,4.225059794592354e-05,7.228314116258371e-06
80,10,3.0,4.15,4.261457404973002e-05,7.330887099738669e-06
80,10,3.0,4.2,4.298370244738223e-05,7.434407573250778e-06
80,10,3.0,4.25,4.335803076908911e-05,7.538885769754267e-06
80,10,3.0,4.3,4.373760715740895e-05,7.64433195028781e-06
80,10,3.0,4.35,4.4122480268655305e-05,7.750756404005913e-06
80,10,3.0,4.4,4.4512699274302115e-05,7.858169448205348e-06
80,10,3.0,4.45,4.490831386239218e-05,7.966581428332267e-06
80,10,3.0,4.5,4.530937423894503e-05,8.076002717970216e-06
80,10,3.0,4.55,4.57159311293604e-05,8.186443718807652e-06
80,10,3.0,4.6,4.612803577982574e-05,8.297914860579888e-06
80,10,3.0,4.65,4.6545739958713486e-05,8.41042660098513e-06
80,10,3.0,4.7,4.696909595797846e-05,8.523989425574115e-06
80,10,3.0,4.75,4.7398156594546455e-05,8.638613847607487e-06
80,10,3.0,4.8,4.783297521169496e-05,8.754310407883516e-06
80,10,3.0,4.85,4.827360568042595e-05,8.871089674531517e-06
80,10,3.0,4.9,4.87201024008263e-05,8.988962242770052e-06
80,10,3.0,4.95,4.91725203034153e-05,9.10793873462947e-06
80,10,3.0,5.0,4.963091485047718e-05,9.22802979863425e-06
80,10,4.0,0.0,2.7070682594939925e-07,5.2375182031033375e-06
80,10,4.0,0.05,6.766029967822143e-07,1.1650088976293039e-05
80,10,4.0,0.1,1.5068509262761128e-06,2.2274151230753642e-05
80,10,4.0,0.15,2.965056120193513e-06,3.648600006629706e-05
80,10,4.0,0.2,5.171829905997439e-06,5.164701985833894e-05
80,10,4.0,0.25,8.085851065220467e-06,6.420673739967337e-05
80,10,4.0,0.3,1.150346374260805e-05,7.149350328872754e-05
80,10,4.0,0.35,1.5133682937569674e-05,7.274878545610432e-05
80,10,4.0,0.4,1.869319161331436e-05,6.892226982612775e-05
80,10,4.0,0.45,2.1970952300965682e-05,6.179700032046045e-05
80,10,4.0,0.5,2.4848110289097123e-05,5.316913442769766e-05
80,10,4.0,0.55,2.7285917506286133e-05,4.44061044604365e-05
80,10,4.0,0.6,2.9300724680382353e-05,3.634850231876671e-05
80,10,4.0,0.65,3.0939379851791666e-05,2.939780612974638e-05
80,10,4.0,0.7,3.226078290452994e-05,2.3658256441446785e-05
80,10,4.0,0.75,3.332433623282904e-05,1.9064047831447898e-05
80,10,4.0,0.8,3.418386863699113e-05,1.5470010683597744e-05
80,10,4.0,0.85,3.488518907835146e-05,1.2707355844831095e-05
80,10,4.0,0.9,3.5465741787284165e-05,1.0613653597714835e-05
80,10,4.0,0.95,3.59553142570676e-05,9.046358020488985e-06
80,10,4.0,1.0,3.637716197533442e-05,7.886908501318169e-06
80,10,4.0,1.05,3.6749202788688894e-05,7.040002752340203e-06
80,10,4.0,1.1,3.708511394743523e-05,6.430763741758911e-06
80,10,4.0,1.15,3.739526758642344e-05,6.0012822844130464e-06
80,10,4.0,1.2,3.768749403952664e-05,5.7072666951938015e-06
80,10,4.0,1.25,3.7967687326489124e-05,5.515108467070465e-06
80,10,4.0,1.3,3.824027642918108e-05,5.3994513301722365e-06
80,10,4.0,1.35,3.8508587337363164e-05,5.341244877114592e-06
80,10,4.0,1.4,3.87751186326091e-05,5.32622047683182e-06
80,10,4.0,1.45,3.9041749888665284e-05,5.34371573759086e-06
80,10,4.0,1.5,3.930989852786257e-05,5.38577727095809e-06
80,10,4.0,1.55,3.9580637483400524e-05,5.446480926366806e-06
80,10,4.0,1.6,3.9854783246422176e-05,5.5214195026476854e-06
80,10,4.0,1.65,4.0132961636983606e-05,5.607318138561304e-06
80,10,4.0,1.7,4.0415656873888364e-05,5.701746350410236e-06
80,10,4.0,1.75,4.070324815257169e-05,5.802902856362445e-06
80,10,4.0,1.8,4.0996036895251514e-05,5.909455018393859e-06
80,10,4.0,1.85,4.129426704456169e-05,6.020419160771479e-06
80,10,4.0,1.9,4.1598140173635574e-05,6.135071423318022e-06
80,10,4.0,1.95,4.19078267361439e-05,6.252881393210483e-06
80,10,4.0,2.0,4.222347444311758e-05,6.3734627127751515e-06
80,10,4.0,2.05,4.254521450174892e-05,6.496536330166332e-06
80,10,4.0,2.1,4.287316626357471e-05,6.621903161344493e-06
80,10,4.0,2.15,4.3207440689458715e-05,6.749423755483052e-06
80,10,4.0,2.2,4.354814293452025e-05,6.879003170890344e-06
80,10,4.0,2.25,4.3895374278534596e-05,7.010579727019609e-06
80,10,4.0,2.3,4.424923356956026e-05,7.1441166397077916e-06
80,10,4.0,2.35,4.460981830558775e-05,7.279595801055314e-06
80,10,4.0,2.4,4.497722544703022e-05,7.417013154597145e-06
80,10,4.0,2.45,4.5351552029097415e-05,7.556375257174633e-06
80,10,4.0,2.5,4.5732895625422196e-05,7.69769672363684e-06
80,10,4.0,2.55,4.612135470115036e-05,7.840998328357475e-06
80,10,4.0,2.6,4.6517028883924714e-05,7.986305595480107e-06
80,10,4.0,2.65,4.692001917392268e-05,8.133647752854937e-06
80,10,4.0,2.7,4.733042810868618e-05,8.283056956667928e-06
80,10,4.0,2.75,4.7748359894475405e-05,8.434567717576635e-06
80,10,4.0,2.8,4.8173920512856845e-05,8.588216476882347e-06
80,10,4.0,2.85,4.860721780903301e-05,8.744041294443425e-06
80,10,4.0,2.9,4.9048361566755115e-05,8.902081619839299e-06
80,10,4.0,2.95,4.949746357341269e-05,9.062378125575627e-06
80,10,4.0,3.0,4.995463767800388e-05,9.224972586561775e-06
80,10,4.0,3.05,5.041999984398164e-05,9.389907794106858e-06
80,10,4.0,3.1,5.0893668198474195e-05,9.557227495702552e-06
80,10,4.0,3.15,5.1375763079005164e-05,9.726976354082814e-06
80,10,4.0,3.2,5.1866407078535974e-05,9.89919992071978e-06
80,10,4.0,3.25,5.236572508947651e-05,1.0073944620152784e-05
80,10,4.0,3.3,5.2873844347119376e-05,1.02512577424647e-05
80,10,4.0,3.35,5.339089447286027e-05,1.0431187441912264e-05
80,10,4.0,3.4,5.391700751747257e-05,1.0613782740224086e-05
80,10,4.0,3.45,5.445231800464017e-05,1.0799093533457625e-05
80,10,4.0,3.5,5.499696297490278e-05,1.0987170601597433e-05
80,10,4.0,3.55,5.555108203013765e-05,1.1178065620280542e-05
80,10,4.0,3.6,5.6114817378671554e-05,1.1371831174195771e-05
80,10,4.0,3.65,5.6688313881096865e-05,1.1568520771820076e-05
80,10,4.0,3.7,5.7271719096852215e-05,1.176818886124257e-05
80,10,4.0,3.75,5.786518333161745e-05,1.1970890846889216e-05
80,10,4.0,3.8,5.8468859685564886e-05,1.2176683107015718e-05
80,10,4.0,3.85,5.908290410250269e-05,1.2385623011865817e-05
80,10,4.0,3.9,5.970747541994099e-05,1.2597768942422044e-05
80,10,4.0,3.95,6.034273542010717e-05,1.2813180309696916e-05
80,10,4.0,4.0,6.0988848881942196e-05,1.303191757452584e-05
80,10,4.0,4.05,6.164598363409457e-05,1.3254042267835754e-05
80,10,4.0,4.1,6.231431060894505e-05,1.3479617011369634e-05
80,10,4.0,4.15,6.299400389766844e-05,1.370870553885602e-05
80,10,4.0,4.2,6.368524080637659e-05,1.3941372717616765e-05
80,10,4.0,4.25,6.438820191334605e-05,1.4177684570606722e-05
80,10,4.0,4.3,6.510307112735816e-05,1.4417708298886781e-05
80,10,4.0,4.35,6.583003574717711e-05,1.4661512304529234e-05
80,10,4.0,4.4,6.656928652218078e-05,1.490916621396029e-05
80,10,4.0,4.45,6.732101771417206e-05,1.5160740901738111e-05
80,10,4.0,4.5,6.808542716038833e-05,1.5416308514779265e-05
80,10,4.0,4.55,6.886271633773588e-05,1.567594249702818e-05
80,10,4.0,4.6,6.965309042826446e-05,1.593971761458519e-05
80,10,4.0,4.65,7.045675838591679e-05,1.62077099812924e-05
80,10,4.0,4.7,7.127393300456226e-05,1.647999708478717e-05
80,10,4.0,4.75,7.210483098734863e-05,1.6756657813029285e-05
80,10,4.0,4.8,7.294967301739092e-05,1.7037772481306663e-05
80,10,4.0,4.85,7.380868382982418e-05,1.7323422859731226e-05
80,10,4.0,4.9,7.468209228524192e-05,1.761369220122776e-05
80,10,4.0,4.95,7.557013144454637e-05,1.790866527002564e-05
80,10,4.0,5.0,7.64730386452364e-05,1.8208428370659683e-05
80,10,5.0,0.0,5.0626512103287466e-08,1.0615147670971509e-06
80,10,5.0,0.05,1.397516796549085e-07,2.7280290741536007e-06
80,10,5.0,0.1,3.5283120177568046e-07,6.15444749551937e-06
80,10,5.0,0.15,7.951464103175246e-07,1.1947975502918463e-05
80,10,5.0,0.2,1.5837283299347133e-06,1.9864541030537308e-05
80,10,5.0,0.25,2.7939026598607435e-06,2.8496597841635676e-05
80,10,5.0,0.3,4.411384201669753e-06,3.582402096569762e-05
80,10,5.0,0.35,6.327102399605157e-06,4.023826847692056e-05
80,10,5.0,0.4,8.377087115036923e-06,4.12005743620489e-05
80,10,5.0,0.45,1.0397231171903178e-05,3.9184556940977965e-05
80,10,5.0,0.5,1.2262577614082678e-05,3.5191041256226126e-05
80,10,5.0,0.55,1.3900897340040328e-05,3.0262627118932063e-05
80,10,5.0,0.6,1.5286927470353037e-05,2.5208881043848795e-05
80,10,5.0,0.65,1.6428276360682927e-05,2.053584465264263e-05
80,10,5.0,0.7,1.7351076076266882e-05,1.6490777705154243e-05
80,10,5.0,0.75,1.808903606707184e-05,1.3143288205918647e-05
80,10,5.0,0.8,1.8676502457144985e-05,1.0460108947906166e-05
80,10,5.0,0.85,1.9144758200372276e-05,8.359155757880893e-06
80,10,5.0,0.9,1.9520496961211728e-05,6.7430742573435515e-06
80,10,5.0,0.95,1.9825566478964147e-05,5.5174405525617205e-06
80,10,5.0,1.0,2.007735432619524e-05,4.5990787503007364e-06
80,10,5.0,1.05,2.0289432849809284e-05,3.918683234291488e-06
80,10,5.0,1.1,2.0472252923873702e-05,3.420503670702433e-06
80,10,5.0,1.15,2.0633784554656505e-05,3.0607353339106874e-06
80,10,5.0,1.2,2.0780064465257772e-05,2.8055124772328387e-06
80,10,5.0,1.25,2.0915643350780644e-05,2.6289500029388596e-06
80,10,5.0,1.3,2.104394072673109e-05,2.5114231727767622e-06
80,10,5.0,1.35,2.116752104016297e-05,2.4381407025501856e-06
80,10,5.0,1.4,2.1288305652703753e-05,2.398001964900621e-06
80,10,5.0,1.45,2.140773406296689e-05,2.3827023748952067e-06
80,10,5.0,1.5,2.1526885703955104e-05,2.386043792138373e-06
80,10,5.0,1.55,2.164657151525566e-05,2.4034086242953948e-06
80,10,5.0,1.6,2.1767402553096377e-05,2.431361794215398e-06
80,10,5.0,1.65,2.1889841268387543e-05,2.467351104057012e-06
80,10,5.0,1.7,2.2014239762813688e-05,2.5094825443723168e-06
80,10,5.0,1.75,2.214086829372817e-05,2.5563522728650657e-06
80,10,5.0,1.8,2.2269936494612337e-05,2.6069212229853683e-06
80,10,5.0,1.85,2.2401609163244778e-05,2.6604216621916975e-06
80,10,5.0,1.9,2.2536018003852013e-05,2.716287631645181e-06
80,10,5.0,1.95,2.2673270358430218e-05,2.7741032023103302e-06
80,10,5.0,2.0,2.281345569899337e-05,2.8335640044129723e-06
80,10,5.0,2.05,2.2956650455426898e-05,2.8944486359101468e-06
80,10,5.0,2.1,2.3102921606511138e-05,2.9565974185298966e-06
80,10,5.0,2.15,2.3252329352045934e-05,3.0198966159592803e-06
80,10,5.0,2.2,2.340492910237709e-05,3.084266711235391e-06
80,10,5.0,2.25,2.3560772960923103e-05,3.1496537000942712e-06
80,10,5.0,2.3,2.3719910830152028e-05,3.216022624873973e-06
80,10,5.0,2.35,2.3882391237923165e-05,3.2833527728167252e-06
80,10,5.0,2.4,2.404826195618226e-05,3.351634110757687e-06
80,10,5.0,2.45,2.421757046548719e-05,3.4208646382760705e-06
80,10,5.0,2.5,2.4390364305096014e-05,3.4910484231733755e-06
80,10,5.0,2.55,2.4566691338125515e-05,3.5621941438927566e-06
80,10,5.0,2.6,2.4746599953716285e-05,3.6343140086163114e-06
80,10,5.0,2.65,2.4930139222493235e-05,3.7074229542841282e-06
80,10,5.0,2.7,2.5117359017437653e-05,3.781538053666307e-06
80,10,5.0,2.75,2.5308310109169384e-05,3.856678077098292e-06
80,10,5.0,2.8,2.5503044242331844e-05,3.932863169220553e-06
80,10,5.0,2.85,2.5701614198058153e-05,4.010114611252014e-06
80,10,5.0,2.9,2.5904073846221948e-05,4.0884546469082225e-06
80,10,5.0,2.95,2.6110478190222678e-05,4.167906355691758e-06
80,10,5.0,3.0,2.6320883406364826e-05,4.248493561468319e-06
80,10,5.0,3.05,2.6535346879353396e-05,4.330240767343061e-06
80,10,5.0,3.1,2.675392723504751e-05,4.4131731101624554e-06
80,10,5.0,3.15,2.6976684371324528e-05,4.497316329677431e-06
80,10,5.0,3.2,2.7203679487689517e-05,4.5826967486822866e-06
80,10,5.0,3.25,2.743497511410691e-05,4.669341261386707e-06
80,10,5.0,3.3,2.7670635139412555e-05,4.757277327986501e-06
80,10,5.0,3.35,2.7910724839578867e-05,4.8465329739200965e-06
80,10,5.0,3.4,2.8155310906033365e-05,4.9371367926855065e-06
80,10,5.0,3.45,2.8404461474190354e-05,5.029117951385332e-06
80,10,5.0,3.5,2.8658246152315354e-05,5.122506198380869e-06
80,10,5.0,3.55,2.8916736050814725e-05,5.217331872596436e-06
80,10,5.0,3.6,2.9180003812023297e-05,5.313625914134138e-06
80,10,5.0,3.65,2.94481236405521e-05,5.4114198759492205e-06
80,10,5.0,3.7,2.9721171334240814e-05,5.510745936400867e-06
80,10,5.0,3.75,2.9999224315757706e-05,5.611636912543084e-06
80,10,5.0,3.8,3.0282361664880585e-05,5.714126274056509e-06
80,10,5.0,3.85,3.057066415148762e-05,5.81824815775096e-06
80,10,5.0,3.9,3.086421426928715e-05,5.924037382585238e-06
80,10,5.0,3.95,3.116309627031222e-05,6.031529465170688e-06
80,10,5.0,4.0,3.146739620019843e-05,6.1407606357329505e-06
80,10,5.0,4.05,3.177720193427416e-05,6.251767854515882e-06
80,10,5.0,4.1,3.2092603214480966e-05,6.364588828618127e-06
80,10,5.0,4.15,3.2413691687144196e-05,6.47926202925777e-06
80,10,5.0,4.2,3.274056094162175e-05,6.59582670946498e-06
80,10,5.0,4.25,3.3073306549844625e-05,6.714322922201511e-06
80,10,5.0,4.3,3.341202610677616e-05,6.834791538915573e-06
80,10,5.0,4.35,3.375681927180834e-05,6.957274268531867e-06
80,10,5.0,4.4,3.4107787811121335e-05,7.081813676889251e-06
80,10,5.0,4.45,3.44650356410223e-05,7.20845320662977e-06
80,10,5.0,4.5,3.482866887229395e-05,7.337237197550129e-06
80,10,5.0,4.55,3.519879585557133e-05,7.46821090742374e-06
80,10,5.0,4.6,3.557552722776939e-05,7.601420533304108e-06
80,10,5.0,4.65,3.595897595959091e-05,7.736913233319233e-06
80,10,5.0,4.7,3.6349257404136126e-05,7.874737148969779e-06
80,10,5.0,4.75,3.6746489346637935e-05,8.014941427938849e-06
80,10,5.0,4.8,3.715079205535375e-05,8.157576247429878e-06
80,10,5.0,4.85,3.7562288333634336e-05,8.302692838040838e-06
80,10,5.0,4.9,3.798110357320405e-05,8.45034350818852e-06
80,10,5.0,4.95,3.840736580867223e-05,8.60058166909683e-06
80,10,5.0,5.0,3.884120577331155e-05,8.75346186036011e-06
80,15,0.0,0.0,3.344445575733364e-11,3.079068510034769e-10
80,15,0.0,0.05,5.034169704015448e-11,3.6264069063343085e-10
80,15,0.0,0.1,6.910563300470803e-11,3.816463210216893e-10
80,15,0.0,0.15,8.791423284670997e-11,3.6543020227576087e-10
80,15,0.0,0.2,1.052161881826838e-10,3.2335136758949305e-10
80,15,0.0,0.25,1.200222187787298e-10,2.6757581941733244e-10
80,15,0.0,0.3,1.3192237013635835e-10,2.0859242679773778e-10
80,15,0.0,0.35,1.4094665670610523e-10,1.5340518254094788e-10
80,15,0.0,0.4,1.4738793295690729e-10,1.0563837860979451e-10
80,15,0.0,0.45,1.516542723741547e-10,6.645009724865242e-11
80,15,0.0,0.5,1.5417099455402287e-10,3.552224613956626e-11
80,15,0.0,0.55,1.553270656604508e-10,1.18217189198728e-11
80,15,0.0,0.6,1.5545253702310078e-10,-5.9148635713230385e-12
80,15,0.0,0.65,1.5481440421567139e-10,-1.8916493771117402e-11
80,15,0.0,0.7,1.53621781415831e-10,-2.8257993706197137e-11
80,15,0.0,0.75,1.5203476286795378e-10,-3.4823810105084525e-11
80,15,0.0,0.8,1.5017390066424543e-10,-3.93142671119541e-11
80,15,0.0,0.85,1.4812884517284452e-10,-4.226983402665931e-11
80,15,0.0,0.9,1.4596561247906802e-10,-4.410027183881248e-11
80,15,0.0,0.95,1.4373241346845644e-10,-4.5112359877069037e-11
80,15,0.0,1.0,1.414641893470727e-10,-4.553369755521061e-11
80,15,0.0,1.05,1.391860694961572e-10,-4.553201063228577e-11
80,15,0.0,1.1,1.3691597086852865e-10,-4.523027416029395e-11
80,15,0.0,1.15,1.346665327534308e-10,-4.4718291259249174e-11
80,15,0.0,1.2,1.3244654666399877e-10,-4.4061421942786755e-11
80,15,0.0,1.25,1.3026200768534119e-10,-4.33070928609868e-11
80,15,0.0,1.3,1.2811688459956093e-10,-4.2489615218653463e-11
80,15,0.0,1.35,1.2601368244413533e-10,-4.163373118054243e-11
80,15,0.0,1.4,1.2395385258339533e-10,-4.0757214117632454e-11
80,15,0.0,1.45,1.2193809113427725e-10,-3.987276972765613e-11
80,15,0.0,1.5,1.1996655584839258e-10,-3.898942314766082e-11
80,15,0.0,1.55,1.1803902354200924e-10,-3.811352951628507e-11
80,15,0.0,1.6,1.1615500423674588e-10,-3.7249509396567635e-11
80,15,0.0,1.65,1.1431382380989783e-10,-3.640038353229997e-11
80,15,0.0,1.7,1.125146837538952e-10,-3.5568161448365766e-11
80,15,0.0,1.75,1.1075670430532976e-10,-3.475412369939486e-11
80,15,0.0,1.8,1.0903895549754092e-10,-3.3959026783100964e-11
80,15,0.0,1.85,1.073604794473816e-10,-3.3183251844759847e-11
80,15,0.0,1.9,1.057203062820542e-10,-3.242691254159117e-11
80,15,0.0,1.95,1.0411746545385149e-10,-3.1689933240508155e-11
80,15,0.0,2.0,1.0255099371233674e-10,-3.097210566930203e-11
80,15,0.0,2.05,1.0101994065597372e-10,-3.0273129920728076e-11
80,15,0.0,2.1,9.952337253271996e-11,-2.959264409489053e-11
80,15,0.0,2.15,9.806037477571344e-11,-2.8930245692556066e-11
80,15,0.0,2.2,9.663005362698514e-11,-2.8285507020107867e-11
80,15,0.0,2.25,9.5231537105382e-11,-2.765798624807524e-11
80,15,0.0,2.3,9.386397550461506e-11,-2.7047235315787256e-11
80,15,0.0,2.35,9.252654155632539e-11,-2.6452805548329365e-11
80,15,0.0,2.4,9.121843035599342e-11,-2.5874251614952545e-11
80,15,0.0,2.45,8.993885912257018e-11,-2.531113428591915e-11
80,15,0.0,2.5,8.868706684318707e-11,-2.4763022319742737e-11
80,15,0.0,2.55,8.746231384006254e-11,-2.4229493721926883e-11
80,15,0.0,2.6,8.626388128642329e-11,-2.371013655034268e-11
80,15,0.0,2.65,8.509107069076488e-11,-2.320454939442767e-11
80,15,0.0,2.7,8.394320336331842e-11,-2.271234162056824e-11
80,15,0.0,2.75,8.28196198746563e-11,-2.2233133450706575e-11
80,15,0.0,2.8,8.171967951349319e-11,-2.1766555922826048e-11
80,15,0.0,2.85,8.064275974865614e-11,-2.1312250768597447e-11
80,15,0.0,2.9,7.958825569869762e-11,-2.086987023375104e-11
80,15,0.0,2.95,7.855557961152018e-11,-2.043907685968598e-11
80,15,0.0,3.0,7.754416035560289e-11,-2.0019543239678226e-11
80,15,0.0,3.05,7.655344292384894e-11,-1.961095175934315e-11
80,15,0.0,3.1,7.558288795065358e-11,-1.9212994328276753e-11
80,15,0.0,3.15,7.46319712424987e-11,-1.8825372107836252e-11
80,15,0.0,3.2,7.370018332218765e-11,-1.844779523859827e-11
80,15,0.0,3.25,7.278702898665217e-11,-1.8079982569982385e-11
80,15,0.0,3.3,7.189202687819407e-11,-1.7721661393782304e-11
80,15,0.0,3.35,7.10147090689231e-11,-1.7372567182797922e-11
80,15,0.0,3.4,7.015462065811948e-11,-1.7032443335363732e-11
80,15,0.0,3.45,6.931131938220966e-11,-1.670104092628974e-11
80,15,0.0,3.5,6.848437523703347e-11,-1.6378118464517828e-11
80,15,0.0,3.55,6.767337011204824e-11,-1.6063441657653542e-11
80,15,0.0,3.6,6.687789743613984e-11,-1.5756783183421892e-11
80,15,0.0,3.65,6.609756183468802e-11,-1.5457922468033757e-11
80,15,0.0,3.7,6.533197879753845e-11,-1.5166645471371134e-11
80,15,0.0,3.75,6.45807743575496e-11,-1.488274447889706e-11
80,15,0.0,3.8,6.384358477938009e-11,-1.460601790013629e-11
80,15,0.0,3.85,6.312005625818786e-11,-1.4336270073584061e-11
80,15,0.0,3.9,6.240984462792827e-11,-1.407331107787097e-11
80,15,0.0,3.95,6.171261507894202e-11,-1.3816956549018865e-11
80,15,0.0,4.0,6.102804188452895e-11,-1.3567027503609816e-11
80,15,0.0,4.05,6.035580813622429e-11,-1.332335016769902e-11
80,15,0.0,4.1,5.969560548748067e-11,-1.3085755811291551e-11
80,15,0.0,4.15,5.904713390549954e-11,-1.2854080588223478e-11
80,15,0.0,4.2,5.841010143093336e-11,-1.2628165381269316e-11
80,15,0.0,4.25,5.77842239452027e-11,-1.2407855652318405e-11
80,15,0.0,4.3,5.716922494518501e-11,-1.2193001297456936e-11
80,15,0.0,4.35,5.6564835325029825e-11,-1.1983456506803238e-11
80,15,0.0,4.4,5.5970793164862254e-11,-1.177907962893994e-11
80,15,0.0,4.45,5.5386843526157615e-11,-1.1579733039801335e-11
80,15,0.0,4.5,5.4812738253561e-11,-1.1385283015868439e-11
80,15,0.0,4.55,5.424823578294356e-11,-1.1195599611536249e-11
80,15,0.0,4.6,5.369310095548774e-11,-1.1010556540515168e-11
80,15,0.0,4.65,5.314710483760475e-11,-1.0830031061141863e-11
80,15,0.0,4.7,5.26100245464926e-11,-1.06539038654672e-11
80,15,0.0,4.75,5.208164308114485e-11,-1.0482058972003424e-11
80,15,0.0,4.8,5.156174915863597e-11,-1.0314383622008738e-11
80,15,0.0,4.85,5.105013705550465e-11,-1.0150768179198013e-11
80,15,0.0,4.9,5.054660645407161e-11,-9.99110603276661e-12
80,15,0.0,4.95,5.005096229351839e-11,-9.835293503618011e-12
80,15,0.0,5.0,4.956301462558562e-11,-9.683229753695369e-12
80,15,1.0,0.0,6.186530076283472e-09,7.373483569542801e-08
80,15,1.0,0.05,1.0585731332761729e-08,1.0168160016037744e-07
80,15,1.0,0.1,1.624134669377809e-08,1.2291566935455778e-07
80,15,1.0,0.15,2.268447131418191e-08,1.3272700220721407e-07
80,15,1.0,0.2,2.9311022174750567e-08,1.3046960907630686e-07
80,15,1.0,0.25,3.5573035452982035e-08,1.1875020334287045e-07
80,15,1.0,0.3,4.109391720212871e-08,1.0148951947441327e-07
80,15,1.0,0.35,4.5690647699516494e-08,8.231051621836923e-08
80,15,1.0,0.4,4.9336453629259845e-08,6.378183782163879e-08
80,15,1.0,0.45,5.210419423824707e-08,4.7345733817846194e-08
80,15,1.0,0.5,5.4115728041473717e-08,3.357362668553445e-08
80,15,1.0,0.55,5.5506459110217454e-08,2.2486416320801937e-08
80,15,1.0,0.6,5.6404722090454257e-08,1.3816892452167294e-08
80,15,1.0,0.65,5.6922113539810323e-08,7.185083399007092e-09
80,15,1.0,0.7,5.7150637858076834e-08,2.1990889607054134e-09
80,15,1.0,0.75,5.716351396413997e-08,-1.4954849732239665e-09
80,15,1.0,0.8,5.7017607071277053e-08,-4.197037446056973e-09
80,15,1.0,0.85,5.6756323479058445e-08,-6.1460460486076316e-09
80,15,1.0,0.9,5.641238212710689e-08,-7.530817890126345e-09
80,15,1.0,0.95,5.6010216371314236e-08,-8.495943609908767e-09
80,15,1.0,1.0,5.556794158737138e-08,-9.15093284728042e-09
80,15,1.0,1.05,5.5098911579318705e-08,-9.577918879763849e-09
80,15,1.0,1.1,5.461292156382301e-08,-9.838069316470821e-09
80,15,1.0,1.15,5.411712338506334e-08,-9.976703563153501e-09
80,15,1.0,1.2,5.361671413198725e-08,-1.0027270872511445e-08
80,15,1.0,1.25,5.3115450203258196e-08,-1.0014388094871367e-08
80,15,1.0,1.3,5.2616028906988906e-08,-9.95613105938401e-09
80,15,1.0,1.35,5.21203705766645e-08,-9.865748096748323e-09
80,15,1.0,1.4,5.16298265219198e-08,-9.752933573034035e-09
80,15,1.0,1.45,5.11453319800553e-08,-9.624770242036538e-09
80,15,1.0,1.5,5.066751843581119e-08,-9.486424322292882e-09
80,15,1.0,1.55,5.019679600584447e-08,-9.341657005058851e-09
80,15,1.0,1.6,4.973341381218163e-08,-9.193200247104865e-09
80,15,1.0,1.65,4.927750419444776e-08,-9.043032524677895e-09
80,15,1.0,1.7,4.8829115068275415e-08,-8.892581004245444e-09
80,15,1.0,1.75,4.838823359571504e-08,-8.74286967284245e-09
80,15,1.0,1.8,4.795480349140143e-08,-8.594627824525335e-09
80,15,1.0,1.85,4.752873766846858e-08,-8.44836948719675e-09
80,15,1.0,1.9,4.7109927472930784e-08,-8.304451560177927e-09
80,15,1.0,1.95,4.6698249421166846e-08,-8.163116361224603e-09
80,15,1.0,2.0,4.629357011021695e-08,-8.024522759298582e-09
80,15,1.0,2.05,4.589574979116678e-08,-7.888768952125e-09
80,15,1.0,2.1,4.550464496448085e-08,-7.755909128406257e-09
80,15,1.0,2.15,4.5120110259925545e-08,-7.62596565437184e-09
80,15,1.0,2.2,4.4741999793307217e-08,-7.498937984782663e-09
80,15,1.0,2.25,4.437016814070615e-08,-7.3748091767257525e-09
80,15,1.0,2.3,4.4004471033155877e-08,-7.2535506489914136e-09
80,15,1.0,2.35,4.364476584712247e-08,-7.135125657447915e-09
80,15,1.0,2.4,4.329091194593109e-08,-7.019491830685215e-09
80,15,1.0,2.45,4.294277091249269e-08,-6.906603017890557e-09
80,15,1.0,2.5,4.260020670287786e-08,-6.7964106333680104e-09
80,15,1.0,2.55,4.22630857423535e-08,-6.688864632686071e-09
80,15,1.0,2.6,4.1931276979696275e-08,-6.5839142192583325e-09
80,15,1.0,2.65,4.160465191137139e-08,-6.481508353691172e-09
80,15,1.0,2.7,4.128308458403205e-08,-6.381596118849298e-09
80,15,1.0,2.75,4.096645158154662e-08,-6.284126979415798e-09
80,15,1.0,2.8,4.0654632001070945e-08,-6.189050964330118e-09
80,15,1.0,2.85,4.0347507421485557e-08,-6.096318792898274e-09
80,15,1.0,2.9,4.004496186660526e-08,-6.005881959790195e-09
80,15,1.0,2.95,3.974688176493083e-08,-5.91769279008271e-09
80,15,1.0,3.0,3.945315590721841e-08,-5.8317044725050754e-09
80,15,1.0,3.05,3.9163675402807754e-08,-5.747871076873623e-09
80,15,1.0,3.1,3.8878333635375636e-08,-5.666147560089884e-09
80,15,1.0,3.15,3.8597026218609416e-08,-5.58648976391546e-09
80,15,1.0,3.2,3.831965095214577e-08,-5.50885440686831e-09
80,15,1.0,3.25,3.8046107778025504e-08,-5.433199071964829e-09
80,15,1.0,3.3,3.777629873783641e-08,-5.3594821915621085e-09
80,15,1.0,3.35,3.751012793067017e-08,-5.287663030227532e-09
80,15,1.0,3.4,3.724750147196502e-08,-5.2177016663052056e-09
80,15,1.0,3.45,3.69883274532985e-08,-5.14955897267448e-09
80,15,1.0,3.5,3.67325159031501e-08,-5.0831965970595265e-09
80,15,1.0,3.55,3.647997874865568e-08,-5.0185769421531465e-09
80,15,1.0,3.6,3.623062977835727e-08,-4.955663145744069e-09
80,15,1.0,3.65,3.598438460594047e-08,-4.894419060987951e-09
80,15,1.0,3.7,3.57411606349563e-08,-4.834809236920618e-09
80,15,1.0,3.75,3.5500877024506654e-08,-4.7767988992861555e-09
80,15,1.0,3.8,3.526345465588162e-08,-4.720353931731577e-09
80,15,1.0,3.85,3.502881610012471e-08,-4.665440857401487e-09
80,15,1.0,3.9,3.479688558651193e-08,-4.6120268209613015e-09
80,15,1.0,3.95,3.4567588971912374e-08,-4.560079571060795e-09
80,15,1.0,4.0,3.434085371102124e-08,-4.509567443254703e-09
80,15,1.0,4.05,3.4116608827429436e-08,-4.460459343378775e-09
80,15,1.0,4.1,3.389478488551762e-08,-4.412724731392009e-09
80,15,1.0,4.15,3.3675313963142906e-08,-4.366333605678935e-09
80,15,1.0,4.2,3.345812962510137e-08,-4.321256487815273e-09
80,15,1.0,4.25,3.3243166897338646e-08,-4.2774644077907195e-09
80,15,1.0,4.3,3.303036224189022e-08,-4.2349288896881415e-09
80,15,1.0,4.35,3.281965353252525e-08,-4.193621937812546e-09
80,15,1.0,4.4,3.2610980031072405e-08,-4.15351602326622e-09
80,15,1.0,4.45,3.240428236440627e-08,-4.114584070964003e-09
80,15,1.0,4.5,3.2199502502073906e-08,-4.076799447083701e-09
80,15,1.0,4.55,3.199658373453409e-08,-4.040135946944127e-09
80,15,1.0,4.6,3.179547065199661e-08,-4.004567783306918e-09
80,15,1.0,4.65,3.159610912383277e-08,-3.970069575093906e-09
80,15,1.0,4.7,3.1398446278540343e-08,-3.936616336514845e-09
80,15,1.0,4.75,3.1202430484245045e-08,-3.904183466598479e-09
80,15,1.0,4.8,3.1008011329709774e-08,-3.8727467391196075e-09
80,15,1.0,4.85,3.0815139605842674e-08,-3.842282292918094e-09
80,15,1.0,4.9,3.062376728767895e-08,-3.812766622599221e-09
80,15,1.0,4.95,3.043384751681512e-08,-3.7841765696120505e-09
80,15,1.0,5.0,3.024533458428341e-08,-3.756489313696262e-09
80,15,2.0,0.0,1.4692028956656595e-07,2.1841352650852648e-06
80,15,2.0,0.05,2.902979104751365e-07,3.595079348828185e-06
80,15,2.0,0.1,5.081381024568856e-07,5.104973522658288e-06
80,15,2.0,0.15,7.963498122391797e-07,6.351384976662174e-06
80,15,2.0,0.2,1.134159633450314e-06,7.057929399182342e-06
80,15,2.0,0.25,1.4917131468000797e-06,7.14492739481158e-06
80,15,2.0,0.3,1.8399201780569883e-06,6.71085795587809e-06
80,15,2.0,0.35,2.1572158062686236e-06,5.941658198099012e-06
80,15,2.0,0.4,2.431647287684417e-06,5.024471048948348e-06
80,15,2.0,0.45,2.6595908583400985e-06,4.101032397098361e-06
80,15,2.0,0.5,2.8431078996523275e-06,3.2574821209360054e-06
80,15,2.0,0.55,2.987355144064905e-06,2.533875225518367e-06
80,15,2.0,0.6,3.098656079793539e-06,1.9393437377841623e-06
80,15,2.0,0.65,3.1833065391272017e-06,1.4655854013493927e-06
80,15,2.0,0.7,3.2469584490155748e-06,1.096397328833238e-06
80,15,2.0,0.75,3.2943832871668047e-06,8.13468568454329e-07
80,15,2.0,0.8,3.3294523120439914e-06,5.994400647567039e-07
80,15,2.0,0.85,3.3552229069901366e-06,4.3923833079996786e-07
80,15,2.0,0.9,3.374064699433959e-06,3.204344076588742e-07
80,15,2.0,0.95,3.387789857382815e-06,2.3311388807899238e-07
80,15,2.0,1.0,3.397770909225027e-06,1.6954228063843058e-07
80,15,2.0,1.05,3.405040083946823e-06,1.2377792299317707e-07
80,15,2.0,1.1,3.410369624227559e-06,9.130571341520193e-08
80,15,2.0,1.15,3.4143349790321098e-06,6.872110347897347e-08
80,15,2.0,1.2,3.417363624162943e-06,5.347123125497155e-08
80,15,2.0,1.25,3.4197723044687296e-06,4.3649578746644913e-08
80,15,2.0,1.3,3.421795190828183e-06,3.783649672907799e-08
80,15,2.0,1.35,3.423605032872776e-06,3.497712409330774e-08
80,15,2.0,1.4,3.4253289770733133e-06,3.42888678057703e-08
80,15,2.0,1.45,3.427060356415043e-06,3.519178277443725e-08
80,15,2.0,1.5,3.42886745650373e-06,3.725644941190654e-08
80,15,2.0,1.55,3.430800022181347e-06,4.016509371571721e-08
80,15,2.0,1.6,3.432894080945664e-06,4.368266188488224e-08
80,15,2.0,1.65,3.4351755153266082e-06,4.76353417854091e-08
80,15,2.0,1.7,3.437662706942462e-06,5.189463598540261e-08
80,15,2.0,1.75,3.440368492520875e-06,5.636556309403652e-08
80,15,2.0,1.8,3.443301610405684e-06,6.097792348579164e-08
80,15,2.0,1.85,3.4464677699763882e-06,6.567983672273511e-08
80,15,2.0,1.9,3.449870442105298e-06,7.043296147110575e-08
80,15,2.0,1.95,3.4535114433033853e-06,7.520896070580758e-08
80,15,2.0,2.0,3.4573913673135486e-06,7.99868881810781e-08
80,15,2.0,2.05,3.4615099039165026e-06,8.475125623927118e-08
80,15,2.0,2.1,3.4658660743549264e-06,8.949060741007717e-08
80,15,2.0,2.15,3.470458405116913e-06,9.419645847061056e-08
80,15,2.0,2.2,3.4752850561523672e-06,9.88625198524524e-08
80,15,2.0,2.25,3.480343915404344e-06,1.034841185979815e-07
80,15,2.0,2.3,3.4856326684390223e-06,1.0805777179025084e-07
80,15,2.0,2.35,3.4911488496682188e-06,1.1258087122407656e-07
80,15,2.0,2.4,3.496889879964653e-06,1.1705145031914088e-07
80,15,2.0,2.45,3.5028530942193907e-06,1.2146801183982118e-07
80,15,2.0,2.5,3.509035761466085e-06,1.2582940057685496e-07
80,15,2.0,2.55,3.515435099511866e-06,1.3013470927844418e-07
80,15,2.0,2.6,3.522048285510684e-06,1.3438320917168665e-07
80,15,2.0,2.65,3.5288724635401795e-06,1.385742986731692e-07
80,15,2.0,2.7,3.5359047499673316e-06,1.4270746555552508e-07
80,15,2.0,2.75,3.543142237183873e-06,1.467822590705555e-07
80,15,2.0,2.8,3.5505819961411414e-06,1.5079826944065012e-07
80,15,2.0,2.85,3.55822107800307e-06,1.5475511280508866e-07
80,15,2.0,2.9,3.5660565151519323e-06,1.5865242020546695e-07
80,15,2.0,2.95,3.5740853217224228e-06,1.6248982956345075e-07
80,15,2.0,3.0,3.5823044937926264e-06,1.662669798759881e-07
80,15,2.0,3.05,3.590711009327902e-06,1.6998350705555722e-07
80,15,2.0,3.1,3.599301827948643e-06,1.736390409909536e-07
80,15,2.0,3.15,3.6080738905754024e-06,1.772332035151519e-07
80,15,2.0,3.2,3.617024118989364e-06,1.8076560704784224e-07
80,15,2.0,3.25,3.6261494153388328e-06,1.842358537410958e-07
80,15,2.0,3.3,3.6354466616123164e-06,1.876435350002177e-07
80,15,2.0,3.35,3.644912719095395e-06,1.9098823128631295e-07
80,15,2.0,3.4,3.6545444278228817e-06,1.9426951212983174e-07
80,15,2.0,3.45,3.664338606036346e-06,1.9748693630414714e-07
80,15,2.0,3.5,3.674292049652963e-06,2.0064005211995877e-07
80,15,2.0,3.55,3.6844015317516574e-06,2.0372839781252564e-07
80,15,2.0,3.6,3.6946638020808562e-06,2.0675150200021024e-07
80,15,2.0,3.65,3.705075586589942e-06,2.0970888419853758e-07
80,15,2.0,3.7,3.7156335869881543e-06,2.1260005537804682e-07
80,15,2.0,3.75,3.726334480331824e-06,2.1542451855703246e-07
80,15,2.0,3.8,3.7371749186423384e-06,2.1818176942235532e-07
80,15,2.0,3.85,3.7481515285554756e-06,2.2087129697356292e-07
80,15,2.0,3.9,3.7592609110036807e-06,2.234925841859976e-07
80,15,2.0,3.95,3.7704996409315064e-06,2.260451086904185e-07
80,15,2.0,4.0,3.78186426704611e-06,2.2852834346641654e-07
80,15,2.0,4.05,3.793351311601731e-06,2.3094175754784836e-07
80,15,2.0,4.1,3.8049572702207726e-06,2.3328481673877386e-07
80,15,2.0,4.15,3.816678611750085e-06,2.355569843387659e-07
80,15,2.0,4.2,3.82851177815417e-06,2.3775772187624415e-07
80,15,2.0,4.25,3.840453184445113e-06,2.3988648984901245e-07
80,15,2.0,4.3,3.852499218649654e-06,2.419427484712797e-07
80,15,2.0,4.35,3.8646462418137816e-06,2.439259584261311e-07
80,15,2.0,4.4,3.8768905880451946e-06,2.458355816228508e-07
80,15,2.0,4.45,3.889228564593516e-06,2.4767108195838855e-07
80,15,2.0,4.5,3.901656451968858e-06,2.494319260821674e-07
80,15,2.0,4.55,3.914170504098632e-06,2.5111758416375324e-07
80,15,2.0,4.6,3.926766948522713e-06,2.527275306624844e-07
80,15,2.0,4.65,3.939441986627294e-06,2.542612450985659e-07
80,15,2.0,4.7,3.952191793917077e-06,2.557182128248998e-07
80,15,2.0,4.75,3.96501252032647e-06,2.5709792579893205e-07
80,15,2.0,4.8,3.977900290568791e-06,2.5839988335386796e-07
80,15,2.0,4.85,3.990851204524543e-06,2.5962359296872315e-07
80,15,2.0,4.9,4.003861337667846e-06,2.6076857103619555e-07
80,15,2.0,4.95,4.016926741531133e-06,2.618343436280429e-07
80,15,2.0,5.0,4.030043444208359e-06,2.6282044725690017e-07
80,15,3.0,0.0,2.842041293096542e-07,5.0166352844015276e-06
80,15,3.0,0.05,6.475345149952284e-07,9.875887874441787e-06
80,15,3.0,0.1,1.304321505708736e-06,1.6649443134562227e-05
80,15,3.0,0.15,2.3257609734353017e-06,2.4197591508084808e-05
80,15,3.0,0.2,3.7077607601861506e-06,3.0777213736086454e-05
80,15,3.0,0.25,5.36239086447664e-06,3.492428373971154e-05
80,15,3.0,0.3,7.149740790739059e-06,3.607627749678093e-05
80,15,3.0,0.35,8.925517472852856e-06,3.457488268954749e-05
80,15,3.0,0.4,1.0577032374997749e-05,3.126319274261419e-05
80,15,3.0,0.45,1.2036998413632608e-05,2.7054203203181978e-05
80,15,3.0,0.5,1.3279749792767788e-05,2.267388925131695e-05
80,15,3.0,0.55,1.430939413954972e-05,1.858620150008689e-05
80,15,3.0,0.6,1.5147239407014865e-05,1.5025352026971974e-05
80,15,3.0,0.65,1.5821986024727345e-05,1.2064819247763319e-05
80,15,3.0,0.7,1.6363395299406776e-05,9.68325647067304e-06
80,15,3.0,0.75,1.6798842259288973e-05,7.813061465328036e-06
80,15,3.0,0.8,1.7151835302019612e-05,6.370973070755593e-06
80,15,3.0,0.85,1.7441701807773935e-05,5.274943230486869e-06
80,15,3.0,0.9,1.7683875128223028e-05,4.452047334160892e-06
80,15,3.0,0.95,1.7890433509979894e-05,3.84116570969582e-06
80,15,3.0,1.0,1.8070696594215878e-05,3.3929276822539472e-06
80,15,3.0,1.05,1.823178355738428e-05,3.068418002111656e-06
80,15,3.0,1.1,1.837909392062632e-05,2.8374743520581853e-06
80,15,3.0,1.15,1.8516702294953803e-05,2.676992984705196e-06
80,15,3.0,1.2,1.8647672736320945e-05,2.5694249811375634e-06
80,15,3.0,1.25,1.8774304046482863e-05,2.5015209779704294e-06
80,15,3.0,1.3,1.8898318532504516e-05,2.463321387325562e-06
80,15,3.0,1.35,1.9021005840227678e-05,2.4473633201384895e-06
80,15,3.0,1.4,1.914333179281024e-05,2.4480676846104427e-06
80,15,3.0,1.45,1.9266020337785643e-05,2.4612707932712978e-06
80,15,3.0,1.5,1.9389615024794256e-05,2.4838692155533385e-06
80,15,3.0,1.55,1.9514525006849958e-05,2.513552003417448e-06
80,15,3.0,1.6,1.964105939630195e-05,2.548599606333544e-06
80,15,3.0,1.65,1.976945288852898e-05,2.587733304210835e-06
80,15,3.0,1.7,1.989988485402223e-05,2.6300027025184334e-06
80,15,3.0,1.75,2.0032493553698396e-05,2.6747017943354957e-06
80,15,3.0,1.8,2.0167386717716493e-05,2.7213064032716805e-06
80,15,3.0,1.85,2.03046494151436e-05,2.7694275968226476e-06
80,15,3.0,1.9,2.0444349906645697e-05,2.8187770116476394e-06
80,15,3.0,1.95,2.0586543996218246e-05,2.869141054463634e-06
80,15,3.0,2.0,2.0731278266283695e-05,2.920361711335749e-06
80,15,3.0,2.05,2.0878592482254253e-05,2.972322274767105e-06
80,15,3.0,2.1,2.1028521379409897e-05,3.0249367291885243e-06
80,15,3.0,2.15,2.1181095990428902e-05,3.0781418573322164e-06
80,15,3.0,2.2,2.1336344631311306e-05,3.1318913699251132e-06
80,15,3.0,2.25,2.149429363325627e-05,3.1861515398491854e-06
80,15,3.0,2.3,2.165496788558952e-05,3.2408979549288273e-06
80,15,3.0,2.35,2.1818391238152085e-05,3.2961131024600397e-06
80,15,3.0,2.4,2.1984586799135966e-05,3.3517845721854525e-06
80,15,3.0,2.45,2.2153577155135373e-05,3.407903719141575e-06
80,15,3.0,2.5,2.2325384533308143e-05,3.4644646684830533e-06
80,15,3.0,2.55,2.2500030920452195e-05,3.521463574632926e-06
80,15,3.0,2.6,2.2677538149999264e-05,3.578898069590509e-06
80,15,3.0,2.65,2.2857927965117042e-05,3.6367668519398015e-06
80,15,3.0,2.7,2.304122206400532e-05,3.6950693805259315e-06
80,15,3.0,2.75,2.322744213191995e-05,3.753805646005988e-06
80,15,3.0,2.8,2.341660986329238e-05,3.81297600034591e-06
80,15,3.0,2.85,2.360874697645838e-05,3.872581029443322e-06
80,15,3.0,2.9,2.380387522285573e-05,3.932621457850981e-06
80,15,3.0,2.95,2.4002016392089066e-05,3.993098077402931e-06
80,15,3.0,3.0,2.4203192313889597e-05,4.05401169364097e-06
80,15,3.0,3.05,2.440742485774581e-05,4.115363085504649e-06
80,15,3.0,3.1,2.461473593077719e-05,4.17715297490772e-06
80,15,3.0,3.15,2.4825147474280733e-05,4.239382003689592e-06
80,15,3.0,3.2,2.5038681459267992e-05,4.302050716071886e-06
80,15,3.0,3.25,2.5255359881235003e-05,4.365159545231099e-06
80,15,3.0,3.3,2.5475204754339117e-05,4.42870880295068e-06
80,15,3.0,3.35,2.569823810512078e-05,4.4926986715846706e-06
80,15,3.0,3.4,2.5924481965868255e-05,4.557129197758553e-06
80,15,3.0,3.45,2.615395836770126e-05,4.622000287383971e-06
80,15,3.0,3.5,2.6386689333432987e-05,4.687311701668264e-06
80,15,3.0,3.55,2.662269687025069e-05,4.753063053884068e-06
80,15,3.0,3.6,2.6862002962250106e-05,4.81925380672571e-06
80,15,3.0,3.65,2.7104629562851775e-05,4.885883270120872e-06
80,15,3.0,3.7,2.735059858711389e-05,4.952950599401545e-06
80,15,3.0,3.75,2.7599931903964052e-05,5.020454793764074e-06
80,15,3.0,3.8,2.785265132835908e-05,5.088394694964659e-06
80,15,3.0,3.85,2.8108778613383226e-05,5.1567689862107395e-06
80,15,3.0,3.9,2.8368335442298443e-05,5.225576191222355e-06
80,15,3.0,3.95,2.8631343420548086e-05,5.294814673438616e-06
80,15,3.0,4.0,2.889782406772704e-05,5.364482635357672e-06
80,15,3.0,4.05,2.916779880951929e-05,5.434578117996855e-06
80,15,3.0,4.1,2.944128896961407e-05,5.505099000465907e-06
80,15,3.0,4.15,2.9718315761601486e-05,5.576042999647794e-06
80,15,3.0,4.2,2.999890028085517e-05,5.647407669982038e-06
80,15,3.0,4.25,3.0283063496407264e-05,5.719190403349837e-06
80,15,3.0,4.3,3.057082624281925e-05,5.791388429057747e-06
80,15,3.0,4.35,3.086220921205583e-05,5.863998813919156e-06
80,15,3.0,4.4,3.115723294536208e-05,5.9370184624330154e-06
80,15,3.0,4.45,3.145591782515741e-05,6.0104441170603985e-06
80,15,3.0,4.5,3.175828406693957e-05,6.0842723585965494e-06
80,15,3.0,4.55,3.2064351711214606e-05,6.158499606641636e-06
80,15,3.0,4.6,3.2374140615450624e-05,6.233122120168119e-06
80,15,3.0,4.65,3.268767044606171e-05,6.308135998184707e-06
80,15,3.0,4.7,3.300496067042868e-05,6.383537180499887e-06
80,15,3.0,4.75,3.332603054896179e-05,6.459321448582485e-06
80,15,3.0,4.8,3.365089912720473e-05,6.5354844265199e-06
80,15,3.0,4.85,3.3979585227993725e-05,6.61202158207582e-06
80,15,3.0,4.9,3.431210744366819e-05,6.688928227845167e-06
80,15,3.0,4.95,3.4648484128344473e-05,6.766199522508952e-06
80,15,3.0,5.0,3.498873339025306e-05,6.843830472185884e-06
80,15,4.0,0.0,1.0869326546185681e-07,2.163470864012928e-06
80,15,4.0,0.05,2.8049393848590795e-07,5.028054732273561e-06
80,15,4.0,0.1,6.484009414897029e-07,1.0083449529223192e-05
80,15,4.0,0.15,1.3258461712042274e-06,1.7318659129481104e-05
80,15,4.0,0.2,2.3984283393081186e-06,2.561553636284387e-05
80,15,4.0,0.25,3.8737369440086965e-06,3.3099932164202885e-05
80,15,4.0,0.3,5.666184704120226e-06,3.8084417226248284e-05
80,15,4.0,0.35,7.62737322855662e-06,3.981657322342409e-05
80,15,4.0,0.4,9.597716815160991e-06,3.856171957390065e-05
80,15,4.0,0.45,1.1448302310404955e-05,3.519570927805017e-05
80,15,4.0,0.5,1.309894587298896e-05,3.072235214910634e-05
80,15,4.0,0.55,1.4515993288288098e-05,2.5966437617641094e-05
80,15,4.0,0.6,1.5700071340649255e-05,2.1470676330610985e-05
80,15,4.0,0.65,1.6672253312354344e-05,1.752031218459954e-05
80,15,4.0,0.7,1.7462926028028062e-05,1.4215710581734677e-05
80,15,4.0,0.75,1.8104427072321092e-05,1.1545472335291448e-05
80,15,4.0,0.8,1.8626926324869242e-05,9.441785574287007e-06
80,15,4.0,0.85,1.905657059810963e-05,7.816011023259783e-06
80,15,4.0,0.9,1.9414996875044637e-05,6.578723884995019e-06
80,15,4.0,0.95,1.971956875906035e-05,5.6494111504700004e-06
80,15,4.0,1.0,1.9983929704334705e-05,4.96003212753782e-06
80,15,4.0,1.05,2.021864305409184e-05,4.455303790841717e-06
80,15,4.0,1.1,2.0431802736060713e-05,4.091458843135481e-06
80,15,4.0,1.15,2.0629565274444676e-05,3.834456309848211e-06
80,15,4.0,1.2,2.081658980525094e-05,3.658146957479646e-06
80,15,4.0,1.25,2.099639034299094e-05,3.5426204496913675e-06
80,15,4.0,1.3,2.1171611781804237e-05,3.472812860682687e-06
80,15,4.0,1.35,2.134424297310553e-05,3.4373794477352792e-06
80,15,4.0,1.4,2.151577953464492e-05,3.427805211481609e-06
80,15,4.0,1.45,2.1687347341668446e-05,3.43771502319366e-06
80,15,4.0,1.5,2.1859795705053335e-05,3.462344838237402e-06
80,15,4.0,1.55,2.2033767412199465e-05,3.498139739853449e-06
80,15,4.0,1.6,2.2209751232663557e-05,3.542450195834369e-06
80,15,4.0,1.65,2.238812120135508e-05,3.5933035028277856e-06
80,15,4.0,1.7,2.2569165967622383e-05,3.649232331140073e-06
80,15,4.0,1.75,2.2753110700343915e-05,3.7091463875227972e-06
80,15,4.0,1.8,2.29401334255052e-05,3.772236504813563e-06
80,15,4.0,1.85,2.3130377205384197e-05,3.837903046715003e-06
80,15,4.0,1.9,2.3323959214850022e-05,3.905702506677978e-06
80,15,4.0,1.95,2.3520977503958994e-05,3.975307700062e-06
80,15,4.0,2.0,2.3721516036151637e-05,4.046478101121825e-06
80,15,4.0,2.05,2.39256484416746e-05,4.119037745339585e-06
80,15,4.0,2.1,2.4133440813990583e-05,4.192858770427459e-06
80,15,4.0,2.15,2.4344953793409232e-05,4.267849158423844e-06
80,15,4.0,2.2,2.456024411989129e-05,4.343943607035157e-06
80,15,4.0,2.25,2.4779365790541443e-05,4.421096731474834e-06
80,15,4.0,2.3,2.500237092270784e-05,4.499278001777364e-06
80,15,4.0,2.35,2.52293103978406e-05,4.578467972436749e-06
80,15,4.0,2.4,2.546023434207164e-05,4.65865547437294e-06
80,15,4.0,2.45,2.569519248518654e-05,4.73983552351294e-06
80,15,4.0,2.5,2.5934234429022455e-05,4.82200776303824e-06
80,15,4.0,2.55,2.617740984840083e-05,4.905175303078439e-06
80,15,4.0,2.6,2.6424768641807846e-05,4.989343856426154e-06
80,15,4.0,2.65,2.667636104464573e-05,5.0745210947493005e-06
80,15,4.0,2.7,2.693223771459847e-05,5.1607161690614015e-06
80,15,4.0,2.75,2.7192449796233747e-05,5.2479393525677295e-06
80,15,4.0,2.8,2.7457048970136707e-05,5.336201774696418e-06
80,15,4.0,2.85,2.772608749052643e-05,5.425515223080103e-06
80,15,4.0,2.9,2.799961821430237e-05,5.515891996185965e-06
80,15,4.0,2.95,2.8277694623708895e-05,5.607344793700247e-06
80,15,4.0,3.0,2.856037084426007e-05,5.699886635064201e-06
80,15,4.0,3.05,2.8847701659140058e-05,5.793530799007419e-06
80,15,4.0,3.1,2.9139742520990585e-05,5.8882907787450225e-06
80,15,4.0,3.15,2.9436549561767293e-05,5.98418024886842e-06
80,15,4.0,3.2,2.9738179601166654e-05,6.081213040966088e-06
80,15,4.0,3.25,3.004469015400585e-05,6.179403125771484e-06
80,15,4.0,3.3,3.0356139436839332e-05,6.278764600192489e-06
80,15,4.0,3.35,3.0672586374020385e-05,6.379311677995974e-06
80,15,4.0,3.4,3.0994090603371006e-05,6.481058683237305e-06
80,15,4.0,3.45,3.132071248157495e-05,6.584020045750927e-06
80,15,4.0,3.5,3.165251308938869e-05,6.688210298197672e-06
80,15,4.0,3.55,3.19895542367332e-05,6.793644074290412e-06
80,15,4.0,3.6,3.2331898467721133e-05,6.900336107915426e-06
80,15,4.0,3.65,3.267960906565896e-05,7.0083012329425864e-06
80,15,4.0,3.7,3.303275005805251e-05,7.117554383565584e-06
80,15,4.0,3.75,3.339138622164002e-05,7.22811059505958e-06
80,15,4.0,3.8,3.375558308747283e-05,7.339985004866956e-06
80,15,4.0,3.85,3.41254069460563e-05,7.45319285395096e-06
80,15,4.0,3.9,3.450092485256412e-05,7.567749488365772e-06
80,15,4.0,3.95,3.488220463213632e-05,7.683670361012844e-06
80,15,4.0,4.0,3.526931488526878e-05,7.800971033553888e-06
80,15,4.0,4.05,3.5662324993301644e-05,7.91966717846433e-06
80,15,4.0,4.1,3.6061305124015144e-05,8.039774581212808e-06
80,15,4.0,4.15,3.646632623733423e-05,8.161309142556337e-06
80,15,4.0,4.2,3.687746009115469e-05,8.284286880946035e-06
80,15,4.0,4.25,3.729477924728903e-05,8.408723935036485e-06
80,15,4.0,4.3,3.7718357077541574e-05,8.534636566297214e-06
80,15,4.0,4.35,3.8148267769916986e-05,8.662041161723318e-06
80,15,4.0,4.4,3.858458633496586e-05,8.790954236644763e-06
80,15,4.0,4.45,3.902738861227441e-05,8.921392437633721e-06
80,15,4.0,4.5,3.94767512771011e-05,9.053372545509878e-06
80,15,4.0,4.55,3.993275184716489e-05,9.18691147844362e-06
80,15,4.0,4.6,4.039546868959506e-05,9.322026295159538e-06
80,15,4.0,4.65,4.086498102803888e-05,9.458734198238152e-06
80,15,4.0,4.7,4.134136894993867e-05,9.597052537520371e-06
80,15,4.0,4.75,4.18247134139851e-05,9.73699881361248e-06
80,15,4.0,4.8,4.2315096257742016e-05,9.878590681495265e-06
80,15,4.0,4.85,4.2812600205458986e-05,1.0021845954237212e-05
80,15,4.0,4.9,4.331730887607068e-05,1.0166782606813194e-05
80,15,4.0,4.95,4.382930679138999e-05,1.0313418780030664e-05
80,15,4.0,5.0,4.434867938449924e-05,1.0461772784563446e-05
80,15,5.0,0.0,1.8987683632732592e-08,4.0388946396794495e-07
80,15,5.0,0.05,5.3551480042008475e-08,1.0744649503252115e-06
80,15,5.0,0.1,1.395353132642001e-07,2.532103031394851e-06
80,15,5.0,0.15,3.264170797529351e-07,5.157738802097846e-06
80,15,5.0,0.2,6.759204182043988e-07,8.998183909079833e-06
80,15,5.0,0.25,1.237577784117891e-06,1.3502342874867083e-05
80,15,5.0,0.3,2.0204422937306415e-06,1.7665730481633872e-05
80,15,5.0,0.35,2.9822309355445114e-06,2.053183701601128e-05
80,15,5.0,0.4,4.0438359277684365e-06,2.1630746454374255e-05
80,15,5.0,0.45,5.117298883867742e-06,2.1061489291441335e-05
80,15,5.0,0.5,6.129819333654775e-06,1.9284945637918025e-05
80,15,5.0,0.55,7.034953247500797e-06,1.6854577346093153e-05
80,15,5.0,0.6,7.812233617982309e-06,1.4236186617989969e-05
80,15,5.0,0.65,8.460724059257206e-06,1.1742001394920424e-05
80,15,5.0,0.7,8.991357427626085e-06,9.539719442118862e-06
80,15,5.0,0.75,9.420631336187325e-06,7.691442693003643e-06
80,15,5.0,0.8,9.766375752438534e-06,6.194547945934144e-06
80,15,5.0,0.85,1.0045351725936614e-05,5.013200490915698e-06
80,15,5.0,0.9,1.0272146017368504e-05,4.09885430874042e-06
80,15,5.0,0.95,1.0458857816829758e-05,3.401917115805687e-06
80,15,5.0,1.0,1.0615208638006896e-05,2.8774695410776237e-06
80,15,5.0,1.05,1.0748840886575907e-05,2.487428450425681e-06
80,15,5.0,1.1,1.0865671393024442e-05,2.2007976382004303e-06
80,15,5.0,1.15,1.0970231783702893e-05,1.993016631940106e-06
80,15,5.0,1.2,1.1065966298328544e-05,1.8449774233571951e-06
80,15,5.0,1.25,1.1155478668841e-05,1.7420030399442684e-06
80,15,5.0,1.3,1.124072998894973e-05,1.672922043456026e-06
80,15,5.0,1.35,1.1323193813917e-05,1.6292866173651473e-06
80,15,5.0,1.4,1.1403975900697536e-05,1.604738725234095e-06
80,15,5.0,1.45,1.1483905672682363e-05,1.5945096888032775e-06
80,15,5.0,1.5,1.1563605561616994e-05,1.595032017475457e-06
80,15,5.0,1.55,1.1643543294938403e-05,1.6036419497955319e-06
80,15,5.0,1.6,1.1724071170420167e-05,1.6183534466575971e-06
80,15,5.0,1.65,1.1805455474129507e-05,1.6376875124901852e-06
80,15,5.0,1.7,1.1887898470989072e-05,1.6605438594682508e-06
80,15,5.0,1.75,1.1971554819374968e-05,1.6861047119338569e-06
80,15,5.0,1.8,1.2056543810937277e-05,1.7137628646785174e-06
80,15,5.0,1.85,1.2142958490791754e-05,1.743067967541017e-06
80,15,5.0,1.9,1.2230872449807079e-05,1.7736864656476746e-06
80,15,5.0,1.95,1.2320344881524153e-05,1.8053717487049276e-06
80,15,5.0,2.0,1.2411424346345101e-05,1.8379419207716053e-06
80,15,5.0,2.05,1.25041515732083e-05,1.8712632519372718e-06
80,15,5.0,2.1,1.2598561544865847e-05,1.9052378631223416e-06
80,15,5.0,2.15,1.2694685050071302e-05,1.939794562867667e-06
80,15,5.0,2.2,1.2792549839142021e-05,1.974882030195601e-06
80,15,5.0,2.25,1.2892181484456548e-05,2.0104637432352943e-06
80,15,5.0,2.3,1.2993604021452624e-05,2.0465142066985607e-06
80,15,5.0,2.35,1.3096840426344938e-05,2.0830161456096225e-06
80,15,5.0,2.4,1.3201912972383596e-05,2.119958417829416e-06
80,15,5.0,2.45,1.3308843495765062e-05,2.157334461288579e-06
80,15,5.0,2.5,1.341765359433868e-05,2.195141138996301e-06
80,15,5.0,2.55,1.3528364776325915e-05,2.2333778799749853e-06
80,15,5.0,2.6,1.3640998571860894e-05,2.272046040361281e-06
80,15,5.0,2.65,1.3755576616883745e-05,2.3111484283241838e-06
80,15,5.0,2.7,1.3872120716476315e-05,2.3506889508822366e-06
80,15,5.0,2.75,1.3990652892918935e-05,2.3906723514391853e-06
80,15,5.0,2.8,1.4111195422394098e-05,2.4311040148397254e-06
80,15,5.0,2.85,1.4233770863262389e-05,2.4719898226874138e-06
80,15,5.0,2.9,1.4358402078084373e-05,2.5133360460828693e-06
80,15,5.0,2.95,1.448511225101116e-05,2.5551492662273433e-06
80,15,5.0,3.0,1.4613924901749055e-05,2.5974363157802474e-06
80,15,5.0,3.05,1.4744863896997388e-05,2.640204235679742e-06
80,15,5.0,3.1,1.4877953460030526e-05,2.6834602434868844e-06
80,15,5.0,3.15,1.5013218178920734e-05,2.7272117103217195e-06
80,15,5.0,3.2,1.5150683013777678e-05,2.7714661442094734e-06
80,15,5.0,3.25,1.5290373303278972e-05,2.8162311782122695e-06
80,15,5.0,3.3,1.5432314770702668e-05,2.861514562136904e-06
80,15,5.0,3.35,1.5576533529614007e-05,2.9073241569182647e-06
80,15,5.0,3.4,1.5723056089324413e-05,2.953667931008801e-06
80,15,5.0,3.45,1.587190936020989e-05,3.000553958274434e-06
80,15,5.0,3.5,1.6023120658952074e-05,3.0479904170255814e-06
80,15,5.0,3.55,1.617671771375635e-05,3.095985589907526e-06
80,15,5.0,3.6,1.6332728669578214e-05,3.1445478644437852e-06
80,15,5.0,3.65,1.6491182093392826e-05,3.1936857340798906e-06
80,15,5.0,3.7,1.6652106979523844e-05,3.243407799613472e-06
80,15,5.0,3.75,1.6815532755055357e-05,3.29372277092693e-06
80,15,5.0,3.8,1.6981489285332274e-05,3.344639468958921e-06
80,15,5.0,3.85,1.7150006879568316e-05,3.396166827869028e-06
80,15,5.0,3.9,1.7321116296563368e-05,3.4483138973611685e-06
80,15,5.0,3.95,1.7494848750542256e-05,3.501089845139939e-06
80,15,5.0,4.0,1.7671235917118358e-05,3.5545039594814807e-06
80,15,5.0,4.05,1.7850309939388496e-05,3.608565651906104e-06
80,15,5.0,4.1,1.8032103434164228e-05,3.6632844599411093e-06
80,15,5.0,4.15,1.8216649498342563e-05,3.718670049968588e-06
80,15,5.0,4.2,1.840398171542212e-05,3.774732220151972e-06
80,15,5.0,4.25,1.8594134162166313e-05,3.8314809034388795e-06
80,15,5.0,4.3,1.8787141415419524e-05,3.88892617063704e-06
80,15,5.0,4.35,1.8983038559078593e-05,3.94707823356271e-06
80,15,5.0,4.4,1.91818611912234e-05,4.005947448261384e-06
80,15,5.0,4.45,1.938364543140997e-05,4.065544318298805e-06
80,15,5.0,4.5,1.958842792813067e-05,4.1258794981243975e-06
80,15,5.0,4.55,1.9796245866444027e-05,4.1869637965073146e-06
80,15,5.0,4.6,2.0007136975777732e-05,4.248808180043823e-06
80,15,5.0,4.65,2.022113953790935e-05,4.311423776740432e-06
80,15,5.0,4.7,2.0438292395128437e-05,4.374821879670677e-06
80,15,5.0,4.75,2.065863495858238e-05,4.4390139507077276e-06
80,15,5.0,4.8,2.0882207216811023e-05,4.504011624335131e-06
80,15,5.0,4.85,2.1109049744475158e-05,4.5698267115354755e-06
80,15,5.0,4.9,2.1339203711279145e-05,4.636471203758818e-06
80,15,5.0,4.95,2.1572710891096118e-05,4.703957276972829e-06
80,15,5.0,5.0,2.1809613671295943e-05,4.772297295794908e-06
80,20,0.0,0.0,2.9226306245806664e-11,2.875121273438301e-10
80,20,0.0,0.05,4.5300429704879293e-11,3.507333092126707e-10
80,20,0.0,0.1,6.372691757916541e-11,3.8003896603547814e-10
80,20,0.0,0.15,8.26844657272852e-11,3.725182378547215e-10
80,20,0.0,0.2,1.0048853234764062e-10,3.35731145486747e-10
80,20,0.0,0.25,1.1597198567034421e-10,2.817728389525833e-10
80,20,0.0,0.3,1.2857147893556747e-10,2.2203592881698938e-10
80,20,0.0,0.35,1.3821666327983692e-10,1.6464028960897742e-10
80,20,0.0,0.4,1.451516006262373e-10,1.1411652413129517e-10
80,20,0.0,0.45,1.4977278773480494e-10,7.220339737365573e-11
80,20,0.0,0.5,1.525156151878231e-10,3.888176750330262e-11
80,20,0.0,0.55,1.5378890831742855e-10,1.3226452213308948e-11
80,20,0.0,0.6,1.539449598053331e-10,-6.0268046314303595e-12
80,20,0.0,0.65,1.5327149355542152e-10,-2.0159161295277324e-11
80,20,0.0,0.7,1.519952171698028e-10,-3.0314533570973085e-11
80,20,0.0,0.75,1.5029033826984175e-10,-3.7445507413574475e-11
80,20,0.0,0.8,1.482883155814829e-10,-4.231181205793775e-11
80,20,0.0,0.85,1.4608700836699224e-10,-4.550233342866841e-11
80,20,0.0,0.9,1.4375848976255294e-10,-4.746468440013551e-11
80,20,0.0,0.95,1.413553689237465e-10,-4.8534431523816606e-11
80,20,0.0,1.0,1.3891573593575355e-10,-4.896065206748866e-11
80,20,0.0,1.05,1.364669433290351e-10,-4.8926876267049133e-11
80,20,0.0,1.1,1.3402845349860801e-10,-4.8567589123700735e-11
80,20,0.0,1.15,1.3161395958558668e-10,-4.7980908351555644e-11
80,20,0.0,1.2,1.292329530011297e-10,-4.723815979370125e-11
80,20,0.0,1.25,1.2689187550008813e-10,-4.6391024613982723e-11
80,20,0.0,1.3,1.2459496245654142e-10,-4.5476829795281335e-11
80,20,0.0,1.35,1.223448582417883e-10,-4.452244108394906e-11
80,20,0.0,1.4,1.2014306426560526e-10,-4.354711535637837e-11
80,20,0.0,1.45,1.1799026459900966e-10,-4.256458411089048e-11
80,20,0.0,1.5,1.1588656227747896e-10,-4.1584571932782925e-11
80,20,0.0,1.55,1.1383165056055204e-10,-4.0613901354870195e-11
80,20,0.0,1.6,1.1182493689298498e-10,-3.965729580620081e-11
80,20,0.0,1.65,1.098656325074489e-10,-3.8717962625274145e-11
80,20,0.0,1.7,1.0795281708838538e-10,-3.7798016088848665e-11
80,20,0.0,1.75,1.060854853453493e-10,-3.689878418711775e-11
80,20,0.0,1.8,1.0426258047044061e-10,-3.602103098547236e-11
80,20,0.0,1.85,1.0248301809090353e-10,-3.5165117724789e-11
80,20,0.0,1.9,1.0074570333715636e-10,-3.433111947896993e-11
80,20,0.0,1.95,9.904954292684217e-11,-3.351890957951875e-11
80,20,0.0,2.0,9.739345364323066e-11,-3.27282206670014e-11
80,20,0.0,2.05,9.577636820737525e-11,-3.195868879643012e-11
80,20,0.0,2.1,9.419723926855814e-11,-3.120988525786868e-11
80,20,0.0,2.15,9.265504203823595e-11,-3.0481339492561903e-11
80,20,0.0,2.2,9.114877594815913e-11,-2.977255555574507e-11
80,20,0.0,2.25,8.967746560852165e-11,-2.9083023903535873e-11
80,20,0.0,2.3,8.824016126597973e-11,-2.841222979271301e-11
80,20,0.0,2.35,8.683593890629922e-11,-2.7759659227960753e-11
80,20,0.0,2.4,8.546390010639821e-11,-2.7124803134277824e-11
80,20,0.0,2.45,8.41231717115869e-11,-2.6507160245986427e-11
80,20,0.0,2.5,8.281290539279382e-11,-2.5906239068734177e-11
80,20,0.0,2.55,8.1532277123311e-11,-2.5321559172901364e-11
80,20,0.0,2.6,8.02804866035651e-11,-2.4752652005813973e-11
80,20,0.0,2.65,7.905675665438991e-11,-2.4199061358610495e-11
80,20,0.0,2.7,7.786033259346965e-11,-2.3660343586259674e-11
80,20,0.0,2.75,7.669048160542699e-11,-2.313606765208769e-11
80,20,0.0,2.8,7.554649211295648e-11,-2.2625815048512952e-11
80,20,0.0,2.85,7.442767315421356e-11,-2.2129179631416488e-11
80,20,0.0,2.9,7.333335377006429e-11,-2.1645767395207652e-11
80,20,0.0,2.95,7.226288240364323e-11,-2.11751962081441e-11
80,20,0.0,3.0,7.121562631383423e-11,-2.0717095522001406e-11
80,20,0.0,3.05,7.019097100369459e-11,-2.027110606623547e-11
80,20,0.0,3.1,6.918831966440124e-11,-1.9836879533914067e-11
80,20,0.0,3.15,6.820709263499166e-11,-1.9414078264606062e-11
80,20,0.0,3.2,6.724672687796145e-11,-1.9002374927911106e-11
80,20,0.0,3.25,6.630667547061043e-11,-1.860145221021756e-11
80,20,0.0,3.3,6.538640711193232e-11,-1.8211002506484328e-11
80,20,0.0,3.35,6.448540564476537e-11,-1.783072761826653e-11
80,20,0.0,3.4,6.360316959286223e-11,-1.7460338458794982e-11
80,20,0.0,3.45,6.273921171252663e-11,-1.7099554765617856e-11
80,20,0.0,3.5,6.189305855841815e-11,-1.6748104821096342e-11
80,20,0.0,3.55,6.106425006312787e-11,-1.640572518089444e-11
80,20,0.0,3.6,6.02523391301396e-11,-1.607216041049611e-11
80,20,0.0,3.65,5.945689123975502e-11,-1.574716282969432e-11
80,20,0.0,3.7,5.86774840676058e-11,-1.543049226495723e-11
80,20,0.0,3.75,5.791370711534526e-11,-1.5121915809524984e-11
80,20,0.0,3.8,5.7165161353152736e-11,-1.4821207591075606e-11
80,20,0.0,3.85,5.643145887366365e-11,-1.4528148546772433e-11
80,20,0.0,3.9,5.571222255696938e-11,-1.4242526205507047e-11
80,20,0.0,3.95,5.500708574632949e-11,-1.396413447713197e-11
80,20,0.0,4.0,5.431569193424844e-11,-1.3692773448488146e-11
80,20,0.0,4.05,5.3637694458592714e-11,-1.3428249186023095e-11
80,20,0.0,4.1,5.297275620840562e-11,-1.3170373544800579e-11
80,20,0.0,4.15,5.232054933912404e-11,-1.2918963983708925e-11
80,20,0.0,4.2,5.168075499688452e-11,-1.2673843386670471e-11
80,20,0.0,4.25,5.105306305161453e-11,-1.2434839889666907e-11
80,20,0.0,4.3,5.043717183864003e-11,-1.2201786713396162e-11
80,20,0.0,4.35,4.983278790851807e-11,-1.1974522001380624e-11
80,20,0.0,4.4,4.923962578483213e-11,-1.1752888663353493e-11
80,20,0.0,4.45,4.8657407729691024e-11,-1.1536734223753612e-11
80,20,0.0,4.5,4.808586351667681e-11,-1.1325910675163683e-11
80,20,0.0,4.55,4.752473021100221e-11,-1.1120274336534136e-11
80,20,0.0,4.6,4.697375195664118e-11,-1.0919685716036789e-11
80,20,0.0,4.65,4.64326797701995e-11,-1.0724009378398213e-11
80,20,0.0,4.7,4.590127134131744e-11,-1.0533113816567898e-11
80,20,0.0,4.75,4.537929083937509e-11,-1.0346871327580457e-11
80,20,0.0,4.8,4.4866508726309856e-11,-1.0165157892477503e-11
80,20,0.0,4.85,4.436270157533404e-11,-9.987853060151975e-12
80,20,0.0,4.9,4.38676518953678e-11,-9.814839834994013e-12
80,20,0.0,4.95,4.3381147960995985e-11,-9.646004568208384e-12
80,20,0.0,5.0,4.2902983647770054e-11,-9.481236852689679e-12
80,20,1.0,0.0,4.7162283632872485e-09,5.9587467467692765e-08
80,20,1.0,0.05,8.351930387053972e-09,8.566879108820061e-08
80,20,1.0,0.1,1.3209626137515022e-08,1.0738952027739571e-07
80,20,1.0,0.15,1.892916216959688e-08,1.1953596050307622e-07
80,20,1.0,0.2,2.4973637401884744e-08,1.204261328941817e-07
80,20,1.0,0.25,3.0811512914408054e-08,1.1175786127105361e-07
80,20,1.0,0.3,3.604735854587982e-08,9.69648585552628e-08
80,20,1.0,0.35,4.0464962898863436e-08,7.955847047905484e-08
80,20,1.0,0.4,4.400465757613089e-08,6.220229669518137e-08
80,20,1.0,0.45,4.6713221528585045e-08,4.64980871620246e-08
80,20,1.0,0.5,4.86943140964152e-08,3.3165352798776566e-08
80,20,1.0,0.55,5.007165635741885e-08,2.2336094941005865e-08
80,20,1.0,0.6,5.096650363605417e-08,1.3817240604649893e-08
80,20,1.0,0.65,5.1486332793612745e-08,7.274711532789491e-09
80,20,1.0,0.7,5.1720814935155334e-08,2.343579948595912e-09
80,20,1.0,0.75,5.1741866916126826e-08,-1.3152762350109898e-09
80,20,1.0,0.8,5.160562831974065e-08,-3.991836871111444e-09
80,20,1.0,0.85,5.135509486169676e-08,-5.9220185612683185e-09
80,20,1.0,0.9,5.102274485890589e-08,-7.291675209784336e-09
80,20,1.0,0.95,5.063286260937942e-08,-8.244069219200917e-09
80,20,1.0,1.0,5.020346449532236e-08,-8.887972237379476e-09
80,20,1.0,1.05,4.97478337235031e-08,-9.305086408826706e-09
80,20,1.0,1.1,4.927571204253204e-08,-9.556308277014904e-09
80,20,1.0,1.15,4.8794209029697786e-08,-9.686771703208294e-09
80,20,1.0,1.2,4.83084874721426e-08,-9.729788619589477e-09
80,20,1.0,1.25,4.782227553823658e-08,-9.709868204498165e-09
80,20,1.0,1.3,4.733824715582001e-08,-9.644998852315065e-09
80,20,1.0,1.35,4.685830325440465e-08,-9.548356652461798e-09
80,20,1.0,1.4,4.638377903704902e-08,-9.429575915106213e-09
80,20,1.0,1.45,4.591559637680472e-08,-9.295689460510379e-09
80,20,1.0,1.5,4.545437567180391e-08,-9.151822092966051e-09
80,20,1.0,1.55,4.500051783826583e-08,-9.001700763235151e-09
80,20,1.0,1.6,4.455426435508011e-08,-8.848029195213937e-09
80,20,1.0,1.65,4.411574120163864e-08,-8.692762624566466e-09
80,20,1.0,1.7,4.368499098910274e-08,-8.53730909266911e-09
80,20,1.0,1.75,4.326199644424963e-08,-8.382676829522267e-09
80,20,1.0,1.8,4.284669756341537e-08,-8.229582111760984e-09
80,20,1.0,1.85,4.24390041348864e-08,-8.078528167926504e-09
80,20,1.0,1.9,4.2038804873437995e-08,-7.929862888220392e-09
80,20,1.0,1.95,4.164597407729658e-08,-7.783821024168384e-09
80,20,1.0,2.0,4.12603764735373e-08,-7.640555041850828e-09
80,20,1.0,2.05,4.088187073909742e-08,-7.50015767619661e-09
80,20,1.0,2.1,4.0510312053704685e-08,-7.3626784160261e-09
80,20,1.0,2.15,4.014555394529083e-08,-7.228135550766736e-09
80,20,1.0,2.2,3.978744961843393e-08,-7.0965249715914014e-09
80,20,1.0,2.25,3.943585290516889e-08,-6.967826599201641e-09
80,20,1.0,2.3,3.9090618940056355e-08,-6.8420090760499976e-09
80,20,1.0,2.35,3.8751604634022e-08,-6.719033189383807e-09
80,20,1.0,2.4,3.8418669001457504e-08,-6.598854366140582e-09
80,20,1.0,2.45,3.8091673380426034e-08,-6.48142448909143e-09
80,20,1.0,2.5,3.777048157511849e-08,-6.3666932166128455e-09
80,20,1.0,2.55,3.7454959941868136e-08,-6.254608939478586e-09
80,20,1.0,2.6,3.714497743430473e-08,-6.145119472233425e-09
80,20,1.0,2.65,3.684040561904667e-08,-6.0381725505150875e-09
80,20,1.0,2.7,3.6541118670255915e-08,-5.933716186529135e-09
80,20,1.0,2.75,3.624699334914948e-08,-5.83169892087323e-09
80,20,1.0,2.8,3.595790897290612e-08,-5.732069998650727e-09
80,20,1.0,2.85,3.567374737622489e-08,-5.634779490324297e-09
80,20,1.0,2.9,3.539439286790206e-08,-5.539778372271201e-09
80,20,1.0,2.95,3.511973218415099e-08,-5.447018577987817e-09
80,20,1.0,3.0,3.484965443992301e-08,-5.3564530279571916e-09
80,20,1.0,3.05,3.458405107914523e-08,-5.268035644046329e-09
80,20,1.0,3.1,3.432281582453113e-08,-5.181721352719732e-09
80,20,1.0,3.15,3.4065844627442705e-08,-5.097466080215365e-09
80,20,1.0,3.2,3.381303561814663e-08,-5.015226741978109e-09
80,20,1.0,3.25,3.356428905670517e-08,-4.934961228031735e-09
80,20,1.0,3.3,3.331950728467368e-08,-4.856628385521805e-09
80,20,1.0,3.35,3.307859467772377e-08,-4.780187999325271e-09
80,20,1.0,3.4,3.284145759926797e-08,-4.705600771386172e-09
80,20,1.0,3.45,3.260800435514054e-08,-4.6328282992553115e-09
80,20,1.0,3.5,3.237814514936443e-08,-4.561833054184869e-09
80,20,1.0,3.55,3.215179204101763e-08,-4.492578359030694e-09
80,20,1.0,3.6,3.192885890220562e-08,-4.425028366148931e-09
80,20,1.0,3.65,3.17092613771367e-08,-4.35914803541891e-09
80,20,1.0,3.7,3.149291684229163e-08,-4.29490311248934e-09
80,20,1.0,3.75,3.127974436767134e-08,-4.232260107316097e-09
80,20,1.0,3.8,3.106966467911299e-08,-4.171186273041865e-09
80,20,1.0,3.85,3.0862600121649067e-08,-4.111649585248248e-09
80,20,1.0,3.9,3.065847462389764e-08,-4.053618721607816e-09
80,20,1.0,3.95,3.0457213663456705e-08,-3.997063041947408e-09
80,20,1.0,4.0,3.0258744233286344e-08,-3.941952568734978e-09
80,20,1.0,4.05,3.0062994809055895e-08,-3.888257967994042e-09
80,20,1.0,4.1,2.9869895317434244e-08,-3.8359505306485525e-09
80,20,1.0,4.15,2.9679377105301636e-08,-3.785002154296623e-09
80,20,1.0,4.2,2.9491372909864325e-08,-3.7353853254143174e-09
80,20,1.0,4.25,2.9305816829644223e-08,-3.687073101984379e-09
80,20,1.0,4.3,2.9122644296331338e-08,-3.640039096545985e-09
80,20,1.0,4.35,2.894179204747016e-08,-3.5942574596639304e-09
80,20,1.0,4.4,2.8763198099962452e-08,-3.549702863809511e-09
80,20,1.0,4.45,2.8586801724366813e-08,-3.506350487649881e-09
80,20,1.0,4.5,2.8412543419974196e-08,-3.4641760007406566e-09
80,20,1.0,4.55,2.8240364890636046e-08,-3.423155548615309e-09
80,20,1.0,4.6,2.8070209021331456e-08,-3.3832657382676167e-09
80,20,1.0,4.65,2.790201985544853e-08,-3.3444836240206793e-09
80,20,1.0,4.7,2.7735742572762833e-08,-3.3067866937776134e-09
80,20,1.0,4.75,2.7571323468095182e-08,-3.270152855647863e-09
80,20,1.0,4.8,2.740870993062689e-08,-3.2345604249450493e-09
80,20,1.0,4.85,2.7247850423857876e-08,-3.1999881115498047e-09
80,20,1.0,4.9,2.708869446618644e-08,-3.1664150076335246e-09
80,20,1.0,4.95,2.6931192612093612e-08,-3.1338205757358826e-09
80,20,1.0,5.0,2.6775296433916667e-08,-3.1021846371939032e-09
80,20,2.0,0.0,7.509489906352872e-08,1.1706745062691982e-06
80,20,2.0,0.05,1.538577885363166e-07,2.015598659365481e-06
80,20,2.0,0.1,2.787637660802357e-07,2.9836232329873407e-06
80,20,2.0,0.15,4.5049584673607506e-07,3.84904057401021e-06
80,20,2.0,0.2,6.584898343494954e-07,4.407976140962655e-06
80,20,2.0,0.25,8.846192879932543e-07,4.570888089399463e-06
80,20,2.0,0.3,1.1095275705682856e-06,4.373237205654584e-06
80,20,2.0,0.35,1.3177594709994794e-06,3.9249478312201175e-06
80,20,2.0,0.4,1.4999324517188912e-06,3.3503728780754836e-06
80,20,2.0,0.45,1.6523942585089685e-06,2.7503946108846002e-06
80,20,2.0,0.5,1.7756525280049295e-06,2.1901632446523597e-06
80,20,2.0,0.55,1.8726363851655043e-06,1.7027268094437978e-06
80,20,2.0,0.6,1.9473184661243824e-06,1.2984491644069735e-06
80,20,2.0,0.65,2.0038198482475837e-06,9.742775013089406e-07
80,20,2.0,0.7,2.0459228577105607e-06,7.206399190747338e-07
80,20,2.0,0.75,2.0768635645851494e-06,5.257982679850081e-07
80,20,2.0,0.8,2.099289933789887e-06,3.7823883088372834e-07
80,20,2.0,0.85,2.1153048305566335e-06,2.6778031511436613e-07
80,20,2.0,0.9,2.126543938164931e-06,1.8593649919392908e-07
80,20,2.0,0.95,2.1342609850130353e-06,1.2589232585324677e-07
80,20,2.0,1.0,2.1394068290729684e-06,8.230850375254093e-08
80,20,2.0,1.05,2.1426970878700904e-06,5.107245132695795e-08
80,20,2.0,1.1,2.144667277592229e-06,2.905404809949171e-08
80,20,2.0,1.15,2.1457164246652973e-06,1.389109952295616e-08
80,20,2.0,1.2,2.1461408678269144e-06,3.811800072417314e-09
80,20,2.0,1.25,2.1461600941323537e-06,-2.506958860451335e-09
80,20,2.0,1.3,2.1459362936796447e-06,-6.050044264103983e-09
80,20,2.0,1.35,2.1455890573372604e-06,-7.548828100097478e-09
80,20,2.0,1.4,2.1452063687301755e-06,-7.545495935431942e-09
80,20,2.0,1.45,2.1448527952073765e-06,-6.441468552353259e-09
80,20,2.0,1.5,2.144575575648621e-06,-4.533659754089943e-09
80,20,2.0,1.55,2.1444091365866638e-06,-2.0415181758814578e-09
80,20,2.0,1.6,2.1443784378229876e-06,8.728620944988656e-10
80,20,2.0,1.65,2.1445014484566182e-06,4.0898163835532935e-09
80,20,2.0,1.7,2.1447909780298218e-06,7.521049159224443e-09
80,20,2.0,1.75,2.1452560300379475e-06,1.110144652246601e-08
80,20,2.0,1.8,2.1459028019981436e-06,1.4783019868808335e-08
80,20,2.0,1.85,2.1467354241453266e-06,1.8530428350198164e-08
80,20,2.0,1.9,2.1477565049272095e-06,2.2317669762979726e-08
80,20,2.0,1.95,2.148967533732191e-06,2.6125635542984143e-08
80,20,2.0,2.0,2.1503691781387325e-06,2.994030449434736e-08
80,20,2.0,2.05,2.151961503245196e-06,3.375140850099431e-08
80,20,2.0,2.1,2.153744133441852e-06,3.755144692674275e-08
80,20,2.0,2.15,2.1557163716666058e-06,4.1334958583027024e-08
80,20,2.0,2.2,2.1578772872551005e-06,4.509798394259525e-08
80,20,2.0,2.25,2.1602257805914996e-06,4.8837667870249995e-08
80,20,2.0,2.3,2.1627606306214947e-06,5.2551966142247e-08
80,20,2.0,2.35,2.1654805297043027e-06,5.623942862878808e-08
80,20,2.0,2.4,2.168384109110947e-06,5.98990391070904e-08
80,20,2.0,2.45,2.171469957611856e-06,6.35300969101639e-08
80,20,2.0,2.5,2.1747366349584197e-06,6.713212948447381e-08
80,20,2.0,2.55,2.1781826815922356e-06,7.070482778599409e-08
80,20,2.0,2.6,2.1818066255673035e-06,7.424799855321385e-08
80,20,2.0,2.65,2.185606987413283e-06,7.776152905354855e-08
80,20,2.0,2.7,2.1895822834783186e-06,8.124536104967354e-08
80,20,2.0,2.75,2.1937310281490314e-06,8.469947158238424e-08
80,20,2.0,2.8,2.1980517352421368e-06,8.812385879358342e-08
80,20,2.0,2.85,2.202542918784761e-06,9.151853147742039e-08
80,20,2.0,2.9,2.207203093345249e-06,9.48835013891798e-08
80,20,2.0,2.95,2.212030774032452e-06,9.821877759531593e-08
80,20,2.0,3.0,2.2170244762525238e-06,1.0152436233477743e-07
80,20,2.0,3.05,2.222182715288093e-06,1.0480024799968306e-07
80,20,2.0,3.1,2.227504005748132e-06,1.08046414946022e-07
80,20,2.0,3.15,2.2329868609246794e-06,1.1126282992017183e-07
80,20,2.0,3.2,2.2386297920829043e-06,1.1444944494293569e-07
80,20,2.0,3.25,2.2444313077040375e-06,1.1760619653410585e-07
80,20,2.0,3.3,2.2503899126964944e-06,1.207330051909655e-07
80,20,2.0,3.35,2.256504107585821e-06,1.2382977505682482e-07
80,20,2.0,3.4,2.262772387691584e-06,1.268963937321394e-07
80,20,2.0,3.45,2.26919324229803e-06,1.299327321933746e-07
80,20,2.0,3.5,2.275765153822445e-06,1.3293864479370884e-07
80,20,2.0,3.55,2.2824865969854168e-06,1.3591396932637921e-07
80,20,2.0,3.6,2.2893560379854433e-06,1.3885852713672797e-07
80,20,2.0,3.65,2.296371933680131e-06,1.4177212327233113e-07
80,20,2.0,3.7,2.303532730775766e-06,1.4465454666362749e-07
80,20,2.0,3.75,2.310836865026457e-06,1.475055703293435e-07
80,20,2.0,3.8,2.318282760444082e-06,1.5032495160248665e-07
80,20,2.0,3.85,2.325868828520094e-06,1.5311243237390057e-07
80,20,2.0,3.9,2.3335934674598475e-06,1.5586773935096483e-07
80,20,2.0,3.95,2.341455061430041e-06,1.5859058433001446e-07
80,20,2.0,4.0,2.34945197982034e-06,1.6128066448092739e-07
80,20,2.0,4.05,2.357582576519433e-06,1.6393766264328448e-07
80,20,2.0,4.1,2.3658451892060825e-06,1.665612476333068e-07
80,20,2.0,4.15,2.374238138655828e-06,1.6915107456098863e-07
80,20,2.0,4.2,2.3827597280638992e-06,1.7170678515731358e-07
80,20,2.0,4.25,2.3914082423845747e-06,1.7422800811100914e-07
80,20,2.0,4.3,2.4001819476877075e-06,1.7671435941486526e-07
80,20,2.0,4.35,2.409079090532751e-06,1.7916544272133272e-07
80,20,2.0,4.4,2.4180978973609217e-06,1.8158084970728678e-07
80,20,2.0,4.45,2.4272365739056254e-06,1.8396016044795328e-07
80,20,2.0,4.5,2.4364933046219205e-06,1.8630294379968717e-07
80,20,2.0,4.55,2.4458662521353937e-06,1.8860875779182078e-07
80,20,2.0,4.6,2.455353556710739e-06,1.908771500272134e-07
80,20,2.0,4.65,2.4649533357405985e-06,1.9310765809150745e-07
80,20,2.0,4.7,2.4746636832552312e-06,1.9529980997116687e-07
80,20,2.0,4.75,2.4844826694530638e-06,1.974531244798614e-07
80,20,2.0,4.8,2.494408340252921e-06,1.9956711169338375e-07
80,20,2.0,4.85,2.5044387168681973e-06,2.0164127339282398e-07
80,20,2.0,4.9,2.514571795403351e-06,2.0367510351594294e-07
80,20,2.0,4.95,2.5248055464732436e-06,2.0566808861654272e-07
80,20,2.0,5.0,2.5351379148455034e-06,2.0761970833172767e-07
80,20,3.0,0.0,1.0713606868969434e-07,1.9597147367254864e-06
80,20,3.0,0.05,2.5262941880238866e-07,4.034629045737157e-06
80,20,3.0,0.1,5.27652308922606e-07,7.1150639821748546e-06
80,20,3.0,0.15,9.741663995727642e-07,1.0782728445432358e-05
80,20,3.0,0.2,1.602177811180696e-06,1.422602826985953e-05
80,20,3.0,0.25,2.379412848997684e-06,1.664215036703635e-05
80,20,3.0,0.3,3.242027414863732e-06,1.7613229518249874e-05
80,20,3.0,0.35,4.117410298953886e-06,1.7195411736846773e-05
80,20,3.0,0.4,4.9445309661713435e-06,1.575794665581034e-05
80,20,3.0,0.45,5.683888221135575e-06,1.3758844494344254e-05
80,20,3.0,0.5,6.317653090015073e-06,1.158953790810005e-05
80,20,3.0,0.55,6.844494147462462e-06,9.515223816764916e-06
80,20,3.0,0.6,7.273208262909512e-06,7.679893975523744e-06
80,20,3.0,0.65,7.617405400028484e-06,6.1380691061938e-06
80,20,3.0,0.7,7.891910231236551e-06,4.889034541138178e-06
80,20,3.0,0.75,8.11070666072434e-06,3.903529059727293e-06
80,20,3.0,0.8,8.285983251263147e-06,3.1412137447791983e-06
80,20,3.0,0.85,8.427855006816011e-06,2.5606558327674535e-06
80,20,3.0,0.9,8.544448034115143e-06,2.1242460956509215e-06
80,20,3.0,0.95,8.64214693221879e-06,1.800076125085209e-06
80,20,3.0,1.0,8.72589046805535e-06,1.5621765159969867e-06
80,20,3.0,1.05,8.799457092889477e-06,1.3899801282464152e-06
80,20,3.0,1.1,8.865714996963441e-06,1.267498333900966e-06
80,20,3.0,1.15,8.926829394261379e-06,1.182462139821733e-06
80,20,3.0,1.2,8.984428572356009e-06,1.1255432119449885e-06
80,20,3.0,1.25,9.03973394307286e-06,1.0896958068415725e-06
80,20,3.0,1.3,9.093660341703372e-06,1.0696236437116828e-06
80,20,3.0,1.35,9.14689255346461e-06,1.061359376119083e-06
80,20,3.0,1.4,9.199943258531077e-06,1.0619387475478363e-06
80,20,3.0,1.45,9.25319666893073e-06,1.0691511934623417e-06
80,20,3.0,1.5,9.306941261796643e-06,1.0813505919431682e-06
80,20,3.0,1.55,9.361394264181524e-06,1.097312532550145e-06
80,20,3.0,1.6,9.416719930646569e-06,1.1161271394923477e-06
80,20,3.0,1.65,9.47304316722615e-06,1.1371188454835564e-06
80,20,3.0,1.7,9.530459675936026e-06,1.159786475129981e-06
80,20,3.0,1.75,9.589043502788266e-06,1.1837585691459937e-06
80,20,3.0,1.8,9.648852650910094e-06,1.2087601113086398e-06
80,20,3.0,1.85,9.709933253212316e-06,1.234587768154814e-06
80,20,3.0,1.9,9.772322673451139e-06,1.261091474017529e-06
80,20,3.0,1.95,9.836051810462086e-06,1.2881607405908947e-06
80,20,3.0,2.0,9.901146810075278e-06,1.315714481460031e-06
80,20,3.0,2.05,9.967630336823039e-06,1.3436934502711781e-06
80,20,3.0,2.1,1.0035522518522627e-05,1.372054621615256e-06
80,20,3.0,2.15,1.0104841647778647e-05,1.4007670155720883e-06
80,20,3.0,2.2,1.0175604702854206e-05,1.4298085948997098e-06
80,20,3.0,2.25,1.0247827734310825e-05,1.4591639591387086e-06
80,20,3.0,2.3,1.0321526151885292e-05,1.4888226307600774e-06
80,20,3.0,2.35,1.0396714937214663e-05,1.5187777811578378e-06
80,20,3.0,2.4,1.0473408801434384e-05,1.5490252834231404e-06
80,20,3.0,2.45,1.0551622301784343e-05,1.5795630079131661e-06
80,20,3.0,2.5,1.0631369927727396e-05,1.6103902982258398e-06
80,20,3.0,2.55,1.0712666164382819e-05,1.6415075812316224e-06
80,20,3.0,2.6,1.0795525539075348e-05,1.6729160767300469e-06
80,20,3.0,2.65,1.0879962655309693e-05,1.7046175811489265e-06
80,20,3.0,2.7,1.096599221737344e-05,1.7366143062759608e-06
80,20,3.0,2.75,1.1053629047949803e-05,1.7689087588986125e-06
80,20,3.0,2.8,1.1142888100510168e-05,1.801503650853781e-06
80,20,3.0,2.85,1.1233784467802224e-05,1.8344018316854618e-06
80,20,3.0,2.9,1.1326333387411852e-05,1.8676062381106575e-06
80,20,3.0,2.95,1.1420550245126516e-05,1.9011198559821318e-06
80,20,3.0,3.0,1.1516450576639407e-05,1.9349456915433256e-06
80,20,3.0,3.05,1.1614050067999232e-05,1.9690867495925415e-06
80,20,3.0,3.1,1.171336455510179e-05,2.003546016783585e-06
80,20,3.0,3.15,1.1814410022446721e-05,2.038326448746245e-06
80,20,3.0,3.2,1.191720260132604e-05,2.0734309600469904e-06
80,20,3.0,3.25,1.2021758567564132e-05,2.1088624162599187e-06
80,20,3.0,3.3,1.2128094338904577e-05,2.144623627608234e-06
80,20,3.0,3.35,1.223622647210793e-05,2.1807173437717644e-06
80,20,3.0,3.4,1.2346171659813698e-05,2.217146249562233e-06
80,20,3.0,3.45,1.2457946727202262e-05,2.2539129612428863e-06
80,20,3.0,3.5,1.2571568628486186e-05,2.2910200233278243e-06
80,20,3.0,3.55,1.2687054443250002e-05,2.328469905738259e-06
80,20,3.0,3.6,1.280442137265541e-05,2.366265001224276e-06
80,20,3.0,3.65,1.2923686735522484e-05,2.404407622984899e-06
80,20,3.0,3.7,1.3044867964295371e-05,2.4429000024369857e-06
80,20,3.0,3.75,1.3167982600900612e-05,2.4817442870952037e-06
80,20,3.0,3.8,1.3293048292500205e-05,2.52094253853767e-06
80,20,3.0,3.85,1.3420082787145185e-05,2.5604967304352878e-06
80,20,3.0,3.9,1.3549103929332968e-05,2.6004087466330875e-06
80,20,3.0,3.95,1.368012965546788e-05,2.640680379270994e-06
80,20,3.0,4.0,1.381317798923021e-05,2.681313326937712e-06
80,20,3.0,4.05,1.3948267036853112e-05,2.7223091928531524e-06
80,20,3.0,4.1,1.408541498230882e-05,2.7636694830751223e-06
80,20,3.0,4.15,1.4224640082407124e-05,2.8053956047288392e-06
80,20,3.0,4.2,1.4365960661803306e-05,2.84748886425743e-06
80,20,3.0,4.25,1.4509395107922494e-05,2.889950465694565e-06
80,20,3.0,4.3,1.4654961865795223e-05,2.932781508956556e-06
80,20,3.0,4.35,1.4802679432810194e-05,2.97598298815761e-06
80,20,3.0,4.4,1.4952566353381517e-05,3.0195557899461573e-06
80,20,3.0,4.45,1.5104641213535029e-05,3.0635006918652493e-06
80,20,3.0,4.5,1.5258922635412994e-05,3.1078183607373496e-06
80,20,3.0,4.55,1.5415429271696474e-05,3.1525093510741006e-06
80,20,3.0,4.6,1.557417979995279e-05,3.197574103514729e-06
80,20,3.0,4.65,1.573519291690202e-05,3.243012943291522e-06
80,20,3.0,4.7,1.5898487332608708e-05,3.2888260787258006e-06
80,20,3.0,4.75,1.606408176460098e-05,3.335013599756235e-06
80,20,3.0,4.8,1.623199493191361e-05,3.381575476499236e-06
80,20,3.0,4.85,1.640224554906227e-05,3.428511557844213e-06
80,20,3.0,4.9,1.657485231994848e-05,3.475821570085852e-06
80,20,3.0,4.95,1.674983393169486e-05,3.5235051155929695e-06
80,20,3.0,5.0,1.692720904841842e-05,3.571561671517691e-06
80,20,4.0,0.0,3.539570982076229e-08,7.208018859923955e-07
80,20,4.0,0.05,9.39150429508817e-08,1.743309162546633e-06
80,20,4.0,0.1,2.2469983091569731e-07,3.657306320177246e-06
80,20,4.0,0.15,4.76666452679334e-07,6.575905770512921e-06
80,20,4.0,0.2,8.935293463179038e-07,1.015337984006423e-05
80,20,4.0,0.25,1.490307985500347e-06,1.3627434197447128e-05
80,20,4.0,0.3,2.240837944044467e-06,1.618804089304604e-05
80,20,4.0,0.35,3.0857936930226446e-06,1.736625051429252e-05
80,20,4.0,0.4,3.954198765752951e-06,1.7159978939591322e-05
80,20,4.0,0.45,4.784163957377561e-06,1.5899527709606398e-05
80,20,4.0,0.5,5.534009556633266e-06,1.4028499464973585e-05
80,20,4.0,0.55,6.183477006389779e-06,1.1941031699320696e-05
80,20,4.0,0.6,6.729165949475904e-06,9.91264404294063e-06
80,20,4.0,0.65,7.1783674252309635e-06,8.098761041190947e-06
80,20,4.0,0.7,7.543715961749363e-06,6.563412782259629e-06
80,20,4.0,0.75,7.839469317867338e-06,5.312707562088667e-06
80,20,4.0,0.8,8.079323602179483e-06,4.321817018063884e-06
80,20,4.0,0.85,8.275354108377913e-06,3.553055875867166e-06
80,20,4.0,0.9,8.437663195400305e-06,2.9664498614826767e-06
80,20,4.0,0.95,8.574417022381438e-06,2.525101540860494e-06
80,20,4.0,1.0,8.692063840586764e-06,2.197375768084848e-06
80,20,4.0,1.05,8.795613066927344e-06,1.957335294757995e-06
80,20,4.0,1.1,8.888912006322505e-06,1.7843240817323515e-06
80,20,4.0,1.15,8.974891760000381e-06,1.6622132312838577e-06
80,20,4.0,1.2,9.055773002399428e-06,1.5785805478676862e-06
80,20,4.0,1.25,9.133231937025936e-06,1.5239513306608555e-06
80,20,4.0,1.3,9.208530946841176e-06,1.4911493020522131e-06
80,20,4.0,1.35,9.282619778531147e-06,1.474766504034512e-06
80,20,4.0,1.4,9.35621301800447e-06,1.4707426591362637e-06
80,20,4.0,1.45,9.429848936369633e-06,1.4760377138226651e-06
80,20,4.0,1.5,9.50393392969586e-06,1.4883802392274205e-06
80,20,4.0,1.55,9.5787759411114e-06,1.5060758791268094e-06
80,20,4.0,1.6,9.654609522211928e-06,1.5278624580310541e-06
80,20,4.0,1.65,9.731614585145366e-06,1.552800891039261e-06
80,20,4.0,1.7,9.809930412330942e-06,1.5801933224976927e-06
80,20,4.0,1.75,9.889666111798813e-06,1.609521844356684e-06
80,20,4.0,1.8,9.970908414018317e-06,1.640402699557523e-06
80,20,4.0,1.85,1.0053727483218919e-05,1.6725520997717485e-06
80,20,4.0,1.9,1.0138181247395485e-05,1.7057607343275952e-06
80,20,4.0,1.95,1.0224318623982649e-05,1.739874772148982e-06
80,20,4.0,2.0,1.0312181922662858e-05,1.7747817087779403e-06
80,20,4.0,2.05,1.0401808635254601e-05,1.81039982577834e-06
80,20,4.0,2.1,1.0493232769160195e-05,1.8466703418751696e-06
80,20,4.0,2.15,1.0586485840953138e-05,1.883551569019961e-06
80,20,4.0,2.2,1.0681597616924434e-05,1.9210145614217048e-06
80,20,4.0,2.25,1.0778596665234569e-05,1.959039876132309e-06
80,20,4.0,2.3,1.0877510767797517e-05,1.997615161140004e-06
80,20,4.0,2.35,1.0978367227727748e-05,2.0367333594892826e-06
80,20,4.0,2.4,1.1081193099020117e-05,2.0763913719924226e-06
80,20,4.0,2.45,1.1186015358320067e-05,2.116589061344827e-06
80,20,4.0,2.5,1.1292861033566006e-05,2.1573285104159617e-06
80,20,4.0,2.55,1.1401757300508984e-05,2.198613469786566e-06
80,20,4.0,2.6,1.1512731555306242e-05,2.2404489462004182e-06
80,20,4.0,2.65,1.162581146928788e-05,2.2828408959511814e-06
80,20,4.0,2.7,1.1741025030443377e-05,2.3257959964186457e-06
80,20,4.0,2.75,1.1858400575011728e-05,2.369321475811079e-06
80,20,4.0,2.8,1.1977966811694116e-05,2.4134249862634957e-06
80,20,4.0,2.85,1.2099752840370744e-05,2.45811450923403e-06
80,20,4.0,2.9,1.2223788166716557e-05,2.5033982849623062e-06
80,20,4.0,2.95,1.235010271376096e-05,2.5492847598556504e-06
80,20,4.0,3.0,1.2478726831167538e-05,2.5957825472339184e-06
80,20,4.0,3.05,1.2609691302810712e-05,2.6429003980290127e-06
80,20,4.0,3.1,1.2743027353083438e-05,2.6906471789022522e-06
80,20,4.0,3.15,1.287876665225469e-05,2.7390318558910613e-06
80,20,4.0,3.2,1.3016941321117698e-05,2.7880634821760536e-06
80,20,4.0,3.25,1.3157583935107217e-05,2.8377511889188814e-06
80,20,4.0,3.3,1.3300727528018486e-05,2.888104178390067e-06
80,20,4.0,3.35,1.3446405595427408e-05,2.9391317188026133e-06
80,20,4.0,3.4,1.3594652097885973e-05,2.99084314041765e-06
80,20,4.0,3.45,1.374550146394708e-05,3.043247832598707e-06
80,20,4.0,3.5,1.3898988593061686e-05,3.0963552415725632e-06
80,20,4.0,3.55,1.405514885837733e-05,3.1501748687179848e-06
80,20,4.0,3.6,1.4214018109460645e-05,3.2047162692473603e-06
80,20,4.0,3.65,1.4375632674963321e-05,3.259989051182409e-06
80,20,4.0,3.7,1.4540029365240879e-05,3.3160028745498753e-06
80,20,4.0,3.75,1.470724547493702e-05,3.3727674507409023e-06
80,20,4.0,3.8,1.4877318785537988e-05,3.430292541994669e-06
80,20,4.0,3.85,1.5050287567904222e-05,3.488587960975213e-06
80,20,4.0,3.9,1.5226190584782219e-05,3.547663570418328e-06
80,20,4.0,3.95,1.5405067093301335e-05,3.607529282833609e-06
80,20,4.0,4.0,1.5586956847454852e-05,3.668195060248125e-06
80,20,4.0,4.05,1.577190010057084e-05,3.729670913983218e-06
80,20,4.0,4.1,1.5959937607771775e-05,3.7919669044587303e-06
80,20,4.0,4.15,1.6151110628424432e-05,3.855093141018733e-06
80,20,4.0,4.2,1.6345460928583208e-05,3.919059781777622e-06
80,20,4.0,4.25,1.6543030783424357e-05,3.983877033482173e-06
80,20,4.0,4.3,1.6743862979674604e-05,4.0495551513896e-06
80,20,4.0,4.35,1.694800081803419e-05,4.116104439160996e-06
80,20,4.0,4.4,1.7155488115594572e-05,4.1835352487684755e-06
80,20,4.0,4.45,1.7366369208251597e-05,4.251857980417587e-06
80,20,4.0,4.5,1.7580688953116495e-05,4.321083082483857e-06
80,20,4.0,4.55,1.779849273092194e-05,4.39122105146469e-06
80,20,4.0,4.6,1.8019826448427852e-05,4.462282431946893e-06
80,20,4.0,4.65,1.824473654082597e-05,4.534277816590501e-06
80,20,4.0,4.7,1.8473269974141886e-05,4.6072178461287535e-06
80,20,4.0,4.75,1.8705474247640756e-05,4.681113209387515e-06
80,20,4.0,4.8,1.8941397396231757e-05,4.755974643321151e-06
80,20,4.0,4.85,1.918108799287626e-05,4.831812933069144e-06
80,20,4.0,4.9,1.9424595150998703e-05,4.90863891203238e-06
80,20,4.0,4.95,1.967196852690214e-05,4.9864634619705405e-06
80,20,4.0,5.0,1.992325832218891e-05,5.065297513121182e-06
80,20,5.0,0.0,5.966875321319723e-09,1.2808501855628903e-07
80,20,5.0,0.05,1.710773547207059e-08,3.510170487039041e-07
80,20,5.0,0.1,4.5828983623493135e-08,8.609921819380865e-07
80,20,5.0,0.15,1.1100895546416766e-07,1.8360112251839966e-06
80,20,5.0,0.2,2.3868023790405407e-07,3.3574325724299834e-06
80,20,5.0,0.25,4.5338630992265765e-07,5.268081389009442e-06
80,20,5.0,0.3,7.65425163639636e-07,7.173084956539894e-06
80,20,5.0,0.35,1.1630544803371678e-06,8.625877114879191e-06
80,20,5.0,0.4,1.6156622405426047e-06,9.34672055949081e-06
80,20,5.0,0.45,2.0849716947260957e-06,9.308866241182215e-06
80,20,5.0,0.5,2.536612073098243e-06,8.677112575184316e-06
80,20,5.0,0.55,2.9467701991289526e-06,7.689712779595963e-06
80,20,5.0,0.6,3.3033355400072993e-06,6.565213396184794e-06
80,20,5.0,0.65,3.603649827418198e-06,5.45994574076397e-06
80,20,5.0,0.7,3.851185886800249e-06,4.464302684046421e-06
80,20,5.0,0.75,4.0525756741499905e-06,3.6173049542765635e-06
80,20,5.0,0.8,4.2155014003600675e-06,2.9248267005407435e-06
80,20,5.0,0.85,4.347434632175065e-06,2.374683166221482e-06
80,20,5.0,0.9,4.4550099127308896e-06,1.9469065381232265e-06
80,20,5.0,0.95,4.543802810648048e-06,1.6198368435727297e-06
80,20,5.0,1.0,4.618333657422506e-06,1.3732671399480892e-06
80,20,5.0,1.05,4.682178929688742e-06,1.189766426120287e-06
80,20,5.0,1.1,4.738120727931043e-06,1.0549885255633579e-06
80,20,5.0,1.15,4.788297542423327e-06,9.574795420127706e-07
80,20,5.0,1.2,4.834339379329294e-06,8.882806107854522e-07
80,20,5.0,1.25,4.877481398625771e-06,8.40483636964636e-07
80,20,5.0,1.3,4.918655849214712e-06,8.08815337238375e-07
80,20,5.0,1.35,4.95856459543899e-06,7.892793673301601e-07
80,20,5.0,1.4,4.9977353647535e-06,7.788629269451973e-07
80,20,5.0,1.45,5.036564856795129e-06,7.753033797290178e-07
80,20,5.0,1.5,5.075351507772192e-06,7.769062776693999e-07
80,20,5.0,1.55,5.114320244481051e-06,7.824053876167542e-07
80,20,5.0,1.6,5.1536411064782965e-06,7.908560445675446e-07
80,20,5.0,1.65,5.1934432122360754e-06,8.015544422870533e-07
80,20,5.0,1.7,5.2338252102029325e-06,8.139768463730774e-07
80,20,5.0,1.75,5.274863087048021e-06,8.277339700723583e-07
80,20,5.0,1.8,5.316615994799004e-06,8.425368157496365e-07
80,20,5.0,1.85,5.359130596073736e-06,8.581711463593595e-07
80,20,5.0,1.9,5.402444302518859e-06,8.744784310584926e-07
80,20,5.0,1.95,5.446587687523572e-06,8.913416360842462e-07
80,20,5.0,2.0,5.491586283378536e-06,9.086746356334495e-07
80,20,5.0,2.05,5.5374619198063495e-06,9.264143240103474e-07
80,20,5.0,2.1,5.584233720912061e-06,9.445147417253635e-07
80,20,5.0,2.15,5.631918847791755e-06,9.629427021937571e-07
80,20,5.0,2.2,5.680533051787654e-06,9.816745360675462e-07
80,20,5.0,2.25,5.730091086786436e-06,1.000693667738417e-06
80,20,5.0,2.3,5.780607016590228e-06,1.0199888113523104e-06
80,20,5.0,2.35,5.832094444184439e-06,1.0395526279761588e-06
80,20,5.0,2.4,5.884566682866532e-06,1.0593807260212941e-06
80,20,5.0,2.45,5.938036884097845e-06,1.0794709171689435e-06
80,20,5.0,2.5,5.992518133139115e-06,1.0998226624832447e-06
80,20,5.0,2.55,6.048023520706246e-06,1.1204366601011157e-06
80,20,5.0,2.6,6.104566196773305e-06,1.1413145383201192e-06
80,20,5.0,2.65,6.162159411089369e-06,1.1624586271577066e-06
80,20,5.0,2.7,6.220816543805124e-06,1.1838717883388894e-06
80,20,5.0,2.75,6.2805511287398894e-06,1.2055572887943621e-06
80,20,5.0,2.8,6.341376871173655e-06,1.2275187065625351e-06
80,20,5.0,2.85,6.403307661566864e-06,1.249759860827712e-06
80,20,5.0,2.9,6.4663575862541375e-06,1.2722847599384273e-06
80,20,5.0,2.95,6.5305409358896365e-06,1.29509756282136e-06
80,20,5.0,3.0,6.595872212225219e-06,1.3182025503783312e-06
80,20,5.0,3.05,6.662366133653533e-06,1.34160410432294e-06
80,20,5.0,3.1,6.730037639838364e-06,1.3653066915642024e-06
80,20,5.0,3.15,6.798901895672501e-06,1.3893148527260437e-06
80,20,5.0,3.2,6.8689742947425675e-06,1.4136331937524436e-06
80,20,5.0,3.25,6.940270462434586e-06,1.4382663798149926e-06
80,20,5.0,3.3,7.012806258779782e-06,1.4632191309402067e-06
80,20,5.0,3.35,7.086597781115352e-06,1.4884962189212325e-06
80,20,5.0,3.4,7.1616613666166055e-06,1.5141024651913305e-06
80,20,5.0,3.45,7.2380135947408065e-06,1.540042739416638e-06
80,20,5.0,3.5,7.3156712896153724e-06,1.56632195862962e-06
80,20,5.0,3.55,7.394651522393229e-06,1.5929450867686484e-06
80,20,5.0,3.6,7.474971613593152e-06,1.6199171345239871e-06
80,20,5.0,3.65,7.556649135438496e-06,1.64724315941652e-06
80,20,5.0,3.7,7.639701914204239e-06,1.6749282660531376e-06
80,20,5.0,3.75,7.724148032580888e-06,1.7029776065183375e-06
80,20,5.0,3.8,7.810005832060475e-06,1.7313963808710587e-06
80,20,5.0,3.85,7.897293915349004e-06,1.7601898377244073e-06
80,20,5.0,3.9,7.986031148810422e-06,1.7893632748909325e-06
80,20,5.0,3.95,8.07623666494372e-06,1.8189220400816935e-06
80,20,5.0,4.0,8.167929864896348e-06,1.848871531649452e-06
80,20,5.0,4.05,8.26113042101557e-06,1.8792171993693904e-06
80,20,5.0,4.1,8.355858279439824e-06,1.9099645452524984e-06
80,20,5.0,4.15,8.452133662731683e-06,1.941119124388023e-06
80,20,5.0,4.2,8.54997707255297e-06,1.972686545812393e-06
80,20,5.0,4.25,8.649409292384708e-06,2.0046724734031776e-06
80,20,5.0,4.3,8.750451390291816e-06,2.037082626796044e-06
80,20,5.0,4.35,8.853124721734576e-06,2.0699227823251253e-06
80,20,5.0,4.4,8.95745093242722e-06,2.1031987739849644e-06
80,20,5.0,4.45,9.063451961246055e-06,2.136916494415142e-06
80,20,5.0,4.5,9.171150043186115e-06,2.17108189590629e-06
80,20,5.0,4.55,9.28056771236958e-06,2.205700991428385e-06
80,20,5.0,4.6,9.391727805106235e-06,2.2407798556813936e-06
80,20,5.0,4.65,9.504653463006143e-06,2.2763246261678153e-06
80,20,5.0,4.7,9.619368136147453e-06,2.312341504288577e-06
80,20,5.0,4.75,9.73589558629916e-06,2.348836756461484e-06
80,20,5.0,4.8,9.854259890200031e-06,2.385816715263272e-06
80,20,5.0,4.85,9.9744854428962e-06,2.4232877805956085e-06
80,20,5.0,4.9,1.0096596961136645e-05,2.461256420875032e-06
80,20,5.0,4.95,1.0220619486829175e-05,2.499729174247758e-06
80,20,5.0,5.0,1.0346578390558042e-05,2.538712649829419e-06
160,5,0.0,0.0,3.9164888029235336e-11,3.3903946293225045e-10
160,5,0.0,0.05,5.7481929748871204e-11,3.876826914639e-10
160,5,0.0,0.1,7.729576688884087e-11,3.9852065836783883e-10
160,5,0.0,0.15,9.675526391713896e-11,3.748883341422789e-10
160,5,0.0,0.2,1.1439024997722115e-10,3.2763360539342614e-10
160,5,0.0,0.25,1.2933184919956462e-10,2.690810732422271e-10
160,5,0.0,0.3,1.4127759249213742e-10,2.0915459218740272e-10
160,5,0.0,0.35,1.5033084894856757e-10,1.541302659453909e-10
160,5,0.0,0.4,1.5682404540839485e-10,1.070366888693591e-10
160,5,0.0,0.45,1.611802729656797e-10,6.864638161844948e-11
160,5,0.0,0.5,1.6382533099383734e-10,3.843624661942518e-11
160,5,0.0,0.55,1.651417000140899e-10,1.5289689690188447e-11
160,5,0.0,0.6,1.654506838322637e-10,-2.071085374436751e-12
160,5,0.0,0.65,1.6501075073434622e-10,-1.4856496596359247e-11
160,5,0.0,0.7,1.6402377330033369e-10,-2.4111053150849033e-11
160,5,0.0,0.75,1.626441698071479e-10,-3.068808795871569e-11
160,5,0.0,0.8,1.609882847682494e-10,-3.5260747084824155e-11
160,5,0.0,0.85,1.5914278782874527e-10,-3.834766806589147e-11
160,5,0.0,0.9,1.5717167398019193e-10,-4.034195873273921e-11
160,5,0.0,0.95,1.5512185203237454e-10,-4.15381391567166e-11
160,5,0.0,1.0,1.530274834884822e-10,-4.2155022040364315e-11
160,5,0.0,1.05,1.509132884679188e-10,-4.2354172562402644e-11
160,5,0.0,1.1,1.4879703192328648e-10,-4.225433275745887e-11
160,5,0.0,1.15,1.4669137622363395e-10,-4.1942457194735095e-11
160,5,0.0,1.2,1.4460525249814988e-10,-4.148203521648286e-11
160,5,0.0,1.25,1.4254487090843675e-10,-4.091930403950759e-11
160,5,0.0,1.3,1.4051446232415636e-10,-4.0287854255969515e-11
160,5,0.0,1.35,1.3851682141020737e-10,-3.961202628882231e-11
160,5,0.0,1.4,1.365537035295509e-10,-3.890940599520925e-11
160,5,0.0,1.45,1.3462611437792442e-10,-3.819265347196608e-11
160,5,0.0,1.5,1.3273452108746635e-10,-3.747084063269518e-11
160,5,0.0,1.55,1.3087900593366123e-10,-3.675042812480417e-11
160,5,0.0,1.6,1.2905937814347045e-10,-3.60359780973196e-11
160,5,0.0,1.65,1.2727525514535084e-10,-3.53306738458055e-11
160,5,0.0,1.7,1.2552612154716468e-10,-3.46366984420375e-11
160,5,0.0,1.75,1.2381137188955304e-10,-3.395551049049504e-11
160,5,0.0,1.8,1.2213034158514584e-10,-3.328804488583524e-11
160,5,0.0,1.85,1.204823292581823e-10,-3.263485891800615e-11
160,5,0.0,1.9,1.188666128266918e-10,-3.199623856473241e-11
160,5,0.0,1.95,1.1728246103318863e-10,-3.137227578827223e-11
160,5,0.0,2.0,1.1572914166625624e-10,-3.076292471788569e-11
160,5,0.0,2.05,1.1420592737762415e-10,-3.016804245900533e-11
160,5,0.0,2.1,1.127120997533855e-10,-2.958741871025334e-11
160,5,0.0,2.15,1.1124695211880037e-10,-2.9020797233022028e-11
160,5,0.0,2.2,1.0980979142571976e-10,-2.8467891390721176e-11
160,5,0.0,2.25,1.0839993947665509e-10,-2.7928395372043636e-11
160,5,0.0,2.3,1.0701673367034348e-10,-2.7401992273759065e-11
160,5,0.0,2.35,1.0565952740332335e-10,-2.6888359898965314e-11
160,5,0.0,2.4,1.0432769022532356e-10,-2.6387174894082918e-11
160,5,0.0,2.45,1.0302060781959469e-10,-2.5898115678426532e-11
160,5,0.0,2.5,1.0173768185985533e-10,-2.5420864496847527e-11
160,5,0.0,2.55,1.0047832978136058e-10,-2.495510883608737e-11
160,5,0.0,2.6,9.924198449330378e-11,-2.4500542380069415e-11
160,5,0.0,2.65,9.802809405223782e-11,-2.405686563170485e-11
160,5,0.0,2.7,9.683612131074552e-11,-2.3623786294080624e-11
160,5,0.0,2.75,9.566554355162829e-11,-2.320101947862761e-11
160,5,0.0,2.8,9.45158521149419e-11,-2.27882877894558e-11
160,5,0.0,2.85,9.338655202315456e-11,-2.2385321319610995e-11
160,5,0.0,2.9,9.227716160812158e-11,-2.1991857585265673e-11
160,5,0.0,2.95,9.118721214251869e-11,-2.1607641416719956e-11
160,5,0.0,3.0,9.011624747748761e-11,-2.1232424819900642e-11
160,5,0.0,3.05,8.90638236877462e-11,-2.0865966818285318e-11
160,5,0.0,3.1,8.802950872493538e-11,-2.0508033282416694e-11
160,5,0.0,3.15,8.701288207968133e-11,-2.0158396752162433e-11
160,5,0.0,3.2,8.601353445266236e-11,-1.9816836255441873e-11
160,5,0.0,3.25,8.50310674347511e-11,-1.9483137126046035e-11
160,5,0.0,3.3,8.406509319626432e-11,-1.9157090822434672e-11
160,5,0.0,3.35,8.311523418521328e-11,-1.8838494748819634e-11
160,5,0.0,3.4,8.218112283442221e-11,-1.8527152079432526e-11
160,5,0.0,3.45,8.126240127734392e-11,-1.822287158658868e-11
160,5,0.0,3.5,8.035872107236893e-11,-1.792546747294557e-11
160,5,0.0,3.55,7.94697429354059e-11,-1.7634759208186512e-11
160,5,0.0,3.6,7.859513648052146e-11,-1.7350571370266127e-11
160,5,0.0,3.65,7.773457996839969e-11,-1.707273349126767e-11
160,5,0.0,3.7,7.688776006239079e-11,-1.6801079907857953e-11
160,5,0.0,3.75,7.605437159192605e-11,-1.6535449616302924e-11
160,5,0.0,3.8,7.52341173230746e-11,-1.627568613196427e-11
160,5,0.0,3.85,7.442670773599867e-11,-1.6021637353183935e-11
160,5,0.0,3.9,7.363186080912896e-11,-1.577315542945523e-11
160,5,0.0,3.95,7.2849301809808e-11,-1.5530096633762037e-11
160,5,0.0,4.0,7.20787630912262e-11,-1.5292321238976232e-11
160,5,0.0,4.05,7.13199838954348e-11,-1.5059693398184392e-11
160,5,0.0,4.1,7.057271016224592e-11,-1.4832081028833165e-11
160,5,0.0,4.15,6.983669434383566e-11,-1.4609355700565528e-11
160,5,0.0,4.2,6.911169522486083e-11,-1.4391392526638e-11
160,5,0.0,4.25,6.839747774792393e-11,-1.4178070058799352e-11
160,5,0.0,4.3,6.769381284420301e-11,-1.3969270185518362e-11
160,5,0.0,4.35,6.700047726909708e-11,-1.3764878033454547e-11
160,5,0.0,4.4,6.631725344270768e-11,-1.3564781872059235e-11
160,5,0.0,4.45,6.564392929502683e-11,-1.3368873021209695e-11
160,5,0.0,4.5,6.498029811566036e-11,-1.3177045761771516e-11
160,5,0.0,4.55,6.432615840795557e-11,-1.2989197248995585e-11
160,5,0.0,4.6,6.368131374739179e-11,-1.2805227428652244e-11
160,5,0.0,4.65,6.304557264409345e-11,-1.2625038955814112e-11
160,5,0.0,4.7,6.241874840934257e-11,-1.2448537116198376e-11
160,5,0.0,4.75,6.180065902596164e-11,-1.2275629749983356e-11
160,5,0.0,4.8,6.119112702244502e-11,-1.2106227178017687e-11
160,5,0.0,4.85,6.058997935072139e-11,-1.1940242130342422e-11
160,5,0.0,4.9,5.999704726743511e-11,-1.177758967694938e-11
160,5,0.0,4.95,5.941216621863367e-11,-1.1618187160699542e-11
160,5,0.0,5.0,5.883517572775843e-11,-1.1461954132334103e-11
160,5,1.0,0.0,1.1053977240669465e-08,1.2416661997130245e-07
160,5,1.0,0.05,1.830670297581262e-08,1.6457747510900166e-07
160,5,1.0,0.1,2.7295950967884947e-08,1.9221669078930542e-07
160,5,1.0,0.15,3.722108832650979e-08,2.016381805361445e-07
160,5,1.0,0.2,4.716521326778256e-08,1.935276014799158e-07
160,5,1.0,0.25,5.636152469739253e-08,1.7271231953202212e-07
160,5,1.0,0.3,6.432537144978167e-08,1.45196570564682e-07
160,5,1.0,0.35,7.085537443325731e-08,1.1607186118333865e-07
160,5,1.0,0.4,7.596302299001984e-08,8.871966109159186e-08
160,5,1.0,0.45,7.978682718952788e-08,6.489741246675855e-08
160,5,1.0,0.5,8.252163448711114e-08,4.518431324484606e-08
160,5,1.0,0.55,8.437179449176842e-08,2.9452345129914683e-08
160,5,1.0,0.6,8.552536153489583e-08,1.72264396098626e-08
160,5,1.0,0.65,8.61429944837153e-08,7.914487613848284e-09
160,5,1.0,0.7,8.635563031608857e-08,9.341705244191352e-10
160,5,1.0,0.75,8.626665809297098e-08,-4.228360721399988e-09
160,5,1.0,0.8,8.595593614095933e-08,-7.9994789993189e-09
160,5,1.0,0.85,8.548418540456059e-08,-1.0719557461919937e-08
160,5,1.0,0.9,8.489704935127362e-08,-1.2653421307064992e-08
160,5,1.0,0.95,8.422854552394502e-08,-1.4003503640011517e-08
160,5,1.0,1.0,8.350386034963212e-08,-1.4922629928831612e-08
160,5,1.0,1.05,8.274154310635189e-08,-1.552515139434513e-08
160,5,1.0,1.1,8.19551929109816e-08,-1.5896080339401984e-08
160,5,1.0,1.15,8.115473748808977e-08,-1.609831884494808e-08
160,5,1.0,1.2,8.034739281113206e-08,-1.6178245260567015e-08
160,5,1.0,1.25,7.953837811480387e-08,-1.616996306285104e-08
160,5,1.0,1.3,7.873144589632648e-08,-1.6098496652922515e-08
160,5,1.0,1.35,7.79292733099352e-08,-1.59821762844411e-08
160,5,1.0,1.4,7.713375041495656e-08,-1.5834407898543107e-08
160,5,1.0,1.45,7.634619203509694e-08,-1.566498120165246e-08
160,5,1.0,1.5,7.556749324193686e-08,-1.5481033633518453e-08
160,5,1.0,1.55,7.479824333737505e-08,-1.5287759239920716e-08
160,5,1.0,1.6,7.403880934108266e-08,-1.5088929150598124e-08
160,5,1.0,1.65,7.32893971001515e-08,-1.4887273301709106e-08
160,5,1.0,1.7,7.255009599340143e-08,-1.468476016476619e-08
160,5,1.0,1.75,7.18209116173273e-08,-1.4482801611667589e-08
160,5,1.0,1.8,7.110178967209572e-08,-1.4282402886149385e-08
160,5,1.0,1.85,7.039263340655802e-08,-1.4084272354927499e-08
160,5,1.0,1.9,6.969331635024604e-08,-1.3888901805417803e-08
160,5,1.0,1.95,6.900369159749399e-08,-1.369662518290803e-08
160,5,1.0,2.0,6.83235985696539e-08,-1.35076615491809e-08
160,5,1.0,2.05,6.765286793302026e-08,-1.3322146496181564e-08
160,5,1.0,2.1,6.699132516820687e-08,-1.3140155113458844e-08
160,5,1.0,2.15,6.633879315365056e-08,-1.2961718776936003e-08
160,5,1.0,2.2,6.569509402855359e-08,-1.2786837418047567e-08
160,5,1.0,2.25,6.506005052931127e-08,-1.2615488486947091e-08
160,5,1.0,2.3,6.443348694138082e-08,-1.2447633497624943e-08
160,5,1.0,2.35,6.381522977041076e-08,-1.2283222804391217e-08
160,5,1.0,2.4,6.32051082085705e-08,-1.2122199084792218e-08
160,5,1.0,2.45,6.260295445161256e-08,-1.1964499876459854e-08
160,5,1.0,2.5,6.200860390729593e-08,-1.1810059422096466e-08
160,5,1.0,2.55,6.142189532485922e-08,-1.1658810008539258e-08
160,5,1.0,2.6,6.084267086727887e-08,-1.1510682935939018e-08
160,5,1.0,2.65,6.027077614217291e-08,-1.1365609216556647e-08
160,5,1.0,2.7,5.970606020296672e-08,-1.1223520075975419e-08
160,5,1.0,2.75,5.914837552879376e-08,-1.1084347309990825e-08
160,5,1.0,2.8,5.859757798932283e-08,-1.0948023536133123e-08
160,5,1.0,2.85,5.8053526799035136e-08,-1.0814482368329731e-08
160,5,1.0,2.9,5.751608446423722e-08,-1.0683658535556792e-08
160,5,1.0,2.95,5.698511672522117e-08,-1.0555487959732256e-08
160,5,1.0,3.0,5.646049249530119e-08,-1.0429907804009667e-08
160,5,1.0,3.05,5.594208379800956e-08,-1.0306856499630746e-08
160,5,1.0,3.1,5.5429765703348745e-08,-1.0186273757302244e-08
160,5,1.0,3.15,5.4923416263777854e-08,-1.0068100567461476e-08
160,5,1.0,3.2,5.44229164503855e-08,-9.9522791926138e-09
160,5,1.0,3.25,5.3928150089601686e-08,-9.838753154072952e-09
160,5,1.0,3.3,5.343900380066898e-08,-9.727467214800867e-09
160,5,1.0,3.35,5.295536693405389e-08,-9.618367359587094e-09
160,5,1.0,3.4,5.247713151087989e-08,-9.511400773467036e-09
160,5,1.0,3.45,5.200419216348683e-08,-9.406515819035764e-09
160,5,1.0,3.5,5.153644607712893e-08,-9.303662013132713e-09
160,5,1.0,3.55,5.1073792932855025e-08,-9.202790003239523e-09
160,5,1.0,3.6,5.0616134851565445e-08,-9.103851543834996e-09
160,5,1.0,3.65,5.0163376339253005e-08,-9.006799472889205e-09
160,5,1.0,3.7,4.971542423340862e-08,-8.91158768861319e-09
160,5,1.0,3.75,4.927218765058484e-08,-8.818171126558134e-09
160,5,1.0,3.8,4.8833577935094125e-08,-8.72650573711814e-09
160,5,1.0,3.85,4.839950860881562e-08,-8.636548463477966e-09
160,5,1.0,3.9,4.796989532210373e-08,-8.548257220030085e-09
160,5,1.0,3.95,4.754465580575103e-08,-8.461590871274148e-09
160,5,1.0,4.0,4.712370982400345e-08,-8.376509211207148e-09
160,5,1.0,4.05,4.6706979128590155e-08,-8.292972943201675e-09
160,5,1.0,4.1,4.6294387413747304e-08,-8.21094366037288e-09
160,5,1.0,4.15,4.588586027221173e-08,-8.130383826425137e-09
160,5,1.0,4.2,4.548132515215999e-08,-8.051256756971927e-09
160,5,1.0,4.25,4.5080711315071145e-08,-7.973526601319397e-09
160,5,1.0,4.3,4.468394979448762e-08,-7.897158324701986e-09
160,5,1.0,4.35,4.429097335565387e-08,-7.822117690963015e-09
160,5,1.0,4.4,4.3901716456009134e-08,-7.748371245662931e-09
160,5,1.0,4.45,4.351611520651612e-08,-7.675886299609689e-09
160,5,1.0,4.5,4.313410733380154e-08,-7.604630912796766e-09
160,5,1.0,4.55,4.275563214308966e-08,-7.534573878737553e-09
160,5,1.0,4.6,4.238063048191008e-08,-7.465684709186126e-09
160,5,1.0,4.65,4.200904470456043e-08,-7.397933619231689e-09
160,5,1.0,4.7,4.164081863730373e-08,-7.331291512756692e-09
160,5,1.0,4.75,4.127589754428589e-08,-7.265729968247983e-09
160,5,1.0,4.8,4.091422809415194e-08,-7.201221224949632e-09
160,5,1.0,4.85,4.0555758327348e-08,-7.137738169348092e-09
160,5,1.0,4.9,4.0200437624091506e-08,-7.075254321979708e-09
160,5,1.0,4.95,3.984821667298943e-08,-7.013743824548704e-09
160,5,1.0,5.0,3.949904744029731e-08,-6.953181427349491e-09
160,5,2.0,0.0,5.669580062318664e-07,8.017182543417564e-06
160,5,2.0,0.05,1.0807188310986727e-06,1.2624891176942681e-05
160,5,2.0,0.1,1.829237627983605e-06,1.721485205833339e-05
160,5,2.0,0.15,2.783081781276298e-06,2.067279156729751e-05
160,5,2.0,0.2,3.865550337447715e-06,2.2295722284812932e-05
160,5,2.0,0.25,4.980716896606943e-06,2.2019216690429503e-05
160,5,2.0,0.3,6.042761117838897e-06,2.0265893953152236e-05
160,5,2.0,0.35,6.992870803579214e-06,1.764408147128234e-05
160,5,2.0,0.4,7.802039441675467e-06,1.4708675920783988e-05
160,5,2.0,0.45,8.465159058107805e-06,1.1852669155011133e-05
160,5,2.0,0.5,8.992418981661685e-06,9.299024811524275e-06
160,5,2.0,0.55,9.4016759274848e-06,7.139501886626473e-06
160,5,2.0,0.6,9.713098885431744e-06,5.382332129370805e-06
160,5,2.0,0.65,9.946019808016393e-06,3.991237714102633e-06
160,5,2.0,0.7,1.0117416038101501e-05,2.911677304743143e-06
160,5,2.0,0.75,1.0241418478940114e-05,2.0861490894515887e-06
160,5,2.0,0.8,1.0329380932768375e-05,1.4618895968283092e-06
160,5,2.0,0.85,1.0390207836038388e-05,9.939361760556554e-07
160,5,2.0,0.9,1.043076487247492e-05,6.456587260957984e-07
160,5,2.0,0.95,1.045628169829988e-05,3.880776492073294e-07
160,5,2.0,1.0,1.047070673371356e-05,1.987180320316869e-07
160,5,2.0,1.05,1.0477001721410913e-05,6.038993113818081e-08
160,5,2.0,1.1,1.0477377488490288e-05,-3.992558563375471e-08
160,5,2.0,1.15,1.0473478170516835e-05,-1.1201911505309848e-07
160,5,2.0,1.2,1.0466522828269794e-05,-1.6321594796909001e-07
160,5,2.0,1.25,1.045741307564424e-05,-1.9897651587490362e-07
160,5,2.0,1.3,1.044681421668379e-05,-2.2336010332061059e-07
160,5,2.0,1.35,1.0435216058085916e-05,-2.3937836800011273e-07
160,5,2.0,1.4,1.0422978297792203e-05,-2.4926242165191615e-07
160,5,2.0,1.45,1.0410364298807954e-05,-2.54663309569589e-07
160,5,2.0,1.5,1.0397566164906777e-05,-2.56801801213517e-07
160,5,2.0,1.55,1.0384723328363564e-05,-2.565799337577717e-07
160,5,2.0,1.6,1.0371936312225845e-05,-2.5466387281352765e-07
160,5,2.0,1.65,1.0359276911141451e-05,-2.515453572838859e-07
160,5,2.0,1.7,1.0346795718100118e-05,-2.475872048869859e-07
160,5,2.0,1.75,1.0334527686502944e-05,-2.430569816904699e-07
160,5,2.0,1.8,1.0322496239064874e-05,-2.3815189734530383e-07
160,5,2.0,1.85,1.0310716302509148e-05,-2.33017203618709e-07
160,5,2.0,1.9,1.0299196548521454e-05,-2.277597868535771e-07
160,5,2.0,1.95,1.0287941048378794e-05,-2.2245820729660564e-07
160,5,2.0,2.0,1.0276950494557594e-05,-2.1717011279831276e-07
160,5,2.0,2.05,1.0266223102592988e-05,-2.1193771290781488e-07
160,5,2.0,2.1,1.0255755276852917e-05,-2.067918204701955e-07
160,5,2.0,2.15,1.0245542102010394e-05,-2.0175483541973922e-07
160,5,2.0,2.2,1.0235577705839182e-05,-1.968429475377523e-07
160,5,2.0,2.25,1.0225855527015374e-05,-1.920677625685276e-07
160,5,2.0,2.3,1.0216368512793057e-05,-1.8743750261460584e-07
160,5,2.0,2.35,1.0207109264914603e-05,-1.8295789224026994e-07
160,5,2.0,2.4,1.0198070147310015e-05,-1.7863281254628941e-07
160,5,2.0,2.45,1.0189243365589818e-05,-1.7446478394850885e-07
160,5,2.0,2.5,1.0180621025721995e-05,-1.7045532249366295e-07
160,5,2.0,2.55,1.0172195177343473e-05,-1.6660520281067336e-07
160,5,2.0,2.6,1.0163957845735344e-05,-1.629146521331162e-07
160,5,2.0,2.65,1.0155901055433168e-05,-1.5938349343003035e-07
160,5,2.0,2.7,1.0148016847667076e-05,-1.5601125096539046e-07
160,5,2.0,2.75,1.0140297293253086e-05,-1.527972281163101e-07
160,5,2.0,2.8,1.013273450213124e-05,-1.4974056471182978e-07
160,5,2.0,2.85,1.0125320630433303e-05,-1.4684027925088376e-07
160,5,2.0,2.9,1.011804788573297e-05,-1.4409529995830398e-07
160,5,2.0,2.95,1.0110908530960631e-05,-1.4150448760054674e-07
160,5,2.0,3.0,1.0103894887335529e-05,-1.3906665221998205e-07
160,5,2.0,3.05,1.0096999336580014e-05,-1.367805653806133e-07
160,5,2.0,3.1,1.009021432260871e-05,-1.346449691029571e-07
160,5,2.0,3.15,1.0083532352834058e-05,-1.3265858235698626e-07
160,5,2.0,3.2,1.0076945999195652e-05,-1.3082010575505566e-07
160,5,2.0,3.25,1.0070447898988894e-05,-1.291282249190092e-07
160,5,2.0,3.3,1.0064030755551235e-05,-1.2758161287242618e-07
160,5,2.0,3.35,1.0057687338848042e-05,-1.2617893171573974e-07
160,5,2.0,3.4,1.0051410485987692e-05,-1.2491883377628922e-07
160,5,2.0,3.45,1.0045193101690036e-05,-1.2379996237419743e-07
160,5,2.0,3.5,1.0039028158723447e-05,-1.2282095230882434e-07
160,5,2.0,3.55,1.0032908698322992e-05,-1.2198043014224257e-07
160,5,2.0,3.6,1.0026827830598705e-05,-1.212770143378808e-07
160,5,2.0,3.65,1.0020778734938737e-05,-1.2070931529551183e-07
160,5,2.0,3.7,1.001475466041361e-05,-1.2027593531448095e-07
160,5,2.0,3.75,1.0008748926183108e-05,-1.199754685076312e-07
160,5,2.0,3.8,1.0002754921908455e-05,-1.1980650068385284e-07
160,5,2.0,3.85,9.996766108170704e-06,-1.1976760921091428e-07
160,5,2.0,3.9,9.990776016896973e-06,-1.1985736286877118e-07
160,5,2.0,3.95,9.984778251792693e-06,-1.2007432169986674e-07
160,5,2.0,4.0,9.978766488783061e-06,-1.2041703686145724e-07
160,5,2.0,4.05,9.972734476460439e-06,-1.2088405048399276e-07
160,5,2.0,4.1,9.966676036538953e-06,-1.2147389553858403e-07
160,5,2.0,4.15,9.960585064316013e-06,-1.2218509571500413e-07
160,5,2.0,4.2,9.954455529138554e-06,-1.2301616531209174e-07
160,5,2.0,4.25,9.948281474875656e-06,-1.23965609141955e-07
160,5,2.0,4.3,9.942057020394392e-06,-1.2503192244828789e-07
160,5,2.0,4.35,9.935776360040685e-06,-1.2621359083967164e-07
160,5,2.0,4.4,9.929433764121548e-06,-1.275090902381692e-07
160,5,2.0,4.45,9.923023579391313e-06,-1.289168868435592e-07
160,5,2.0,4.5,9.916540229537406e-06,-1.3043543711349973e-07
160,5,2.0,4.55,9.909978215668261e-06,-1.320631877591486e-07
160,5,2.0,4.6,9.903332116800234e-06,-1.3379857575725427e-07
160,5,2.0,4.65,9.896596590343487e-06,-1.3564002837776138e-07
160,5,2.0,4.7,9.889766372586627e-06,-1.375859632274126e-07
160,5,2.0,4.75,9.88283627917824e-06,-1.3963478830904047e-07
160,5,2.0,4.8,9.875801205605451e-06,-1.4178490209686982e-07
160,5,2.0,4.85,9.868656127667666e-06,-1.4403469362667333e-07
160,5,2.0,4.9,9.861396101946862e-06,-1.463825426020184e-07
160,5,2.0,4.95,9.854016266270206e-06,-1.488268195152459e-07
160,5,2.0,5.0,9.846511840167828e-06,-1.513658857835641e-07
160,5,3.0,0.0,1.8323620841278337e-06,3.11534862185417e-05
160,5,3.0,0.05,4.034857269369959e-06,5.870636774983345e-05
160,5,3.0,0.1,7.848594497887396e-06,9.481211606130202e-05
160,5,3.0,0.15,1.354339571358359e-05,0.0001324887770734658
160,5,3.0,0.2,2.0974436042718384e-05,0.00016287936184578836
160,5,3.0,0.25,2.9602049932698335e-05,0.00017968874461761565
160,5,3.0,0.3,3.8690609150299345e-05,0.00018147872034531416
160,5,3.0,0.35,4.754304719803619e-05,0.00017091658185434526
160,5,3.0,0.4,5.5652096401124695e-05,0.00015253608418655128
160,5,3.0,0.45,6.274072779494452e-05,0.00013075904338559447
160,5,3.0,0.5,6.872710655045487e-05,0.00010888308336103076
160,5,3.0,0.55,7.36611209556559e-05,8.889631374667497e-05
160,5,3.0,0.6,7.766397224533203e-05,7.172015922641126e-05
160,5,3.0,0.65,8.088370703593954e-05,5.7565263705223506e-05
160,5,3.0,0.7,8.346778562976535e-05,4.624185306423766e-05
160,5,3.0,0.75,8.554890301738868e-05,3.7377657839822646e-05
160,5,3.0,0.8,8.723948512588946e-05,3.0550310678541775e-05
160,5,3.0,0.85,8.863114903373452e-05,2.5357654224576915e-05
160,5,3.0,0.9,8.979661329689087e-05,2.144880717048409e-05
160,5,3.0,0.95,9.079254749092936e-05,1.8532961353278432e-05
160,5,3.0,1.0,9.166254436843555e-05,1.6376891445268867e-05
160,5,3.0,1.05,9.243982712975363e-05,1.4797636026679802e-05
160,5,3.0,1.1,9.314954718728089e-05,1.3653839491565e-05
160,5,3.0,1.15,9.381065362177174e-05,1.283746023460765e-05
160,5,3.0,1.2,9.443737328612155e-05,1.2266551882159361e-05
160,5,3.0,1.25,9.50403613413798e-05,1.1879303767659253e-05
160,5,3.0,1.3,9.562758431500477e-05,1.1629279791788386e-05
160,5,3.0,1.35,9.620499181611797e-05,1.1481695637129379e-05
160,5,3.0,1.4,9.677702422771693e-05,1.1410550172047406e-05
160,5,3.0,1.45,9.734699466273549e-05,1.1396437478275801e-05
160,5,3.0,1.5,9.791737536639261e-05,1.1424890020496241e-05
160,5,3.0,1.55,9.849001194926973e-05,1.1485130488640307e-05
160,5,3.0,1.6,9.906628335422309e-05,1.1569135006973415e-05
160,5,3.0,1.65,9.964722114963252e-05,1.1670931930275073e-05
160,5,3.0,1.7,0.00010023359840763906,1.1786078007376636e-05
160,5,3.0,1.75,0.00010082599587698222,1.1911267603194863e-05
160,5,3.0,1.8,0.00010142485122654357,1.204404148146879e-05
160,5,3.0,1.85,0.00010203049567748846,1.2182569943927197e-05
160,5,3.0,1.9,0.00010264318124658751,1.232549142672087e-05
160,5,3.0,1.95,0.00010326310100305067,1.2471792417797066e-05
160,5,3.0,2.0,0.00010389040412816391,1.26207181404648e-05
160,5,3.0,2.05,0.00010452520710968061,1.2771706132743871e-05
160,5,3.0,2.1,0.00010516760206195432,1.29243368593021e-05
160,5,3.0,2.15,0.00010581766290898392,1.3078296991031461e-05
160,5,3.0,2.2,0.00010647544997852863,1.3233352104294956e-05
160,5,3.0,2.25,0.00010714101341492744,1.3389326383864312e-05
160,5,3.0,2.3,0.00010781439571364926,1.354608753284222e-05
160,5,3.0,2.35,0.00010849563360290514,1.3703535553660583e-05
160,5,3.0,2.4,0.00010918475943979485,1.3861594406926068e-05
160,5,3.0,2.45,0.00010988180224553087,1.4020205809752397e-05
160,5,3.0,2.5,0.00011058678847229722,1.4179324624671061e-05
160,5,3.0,2.55,0.00011129974257058355,1.4338915431081318e-05
160,5,3.0,2.6,0.0001120206874081498,1.4498949975909107e-05
160,5,3.0,2.65,0.0001127496445786731,1.4659405277971894e-05
160,5,3.0,2.7,0.00011348663462837289,1.4820262218423978e-05
160,5,3.0,2.75,0.00011423167722162737,1.4981504492646291e-05
160,5,3.0,2.8,0.00011498479126123963,1.5143117830924241e-05
160,5,3.0,2.85,0.0001157459949749888,1.53050894190336e-05
160,5,3.0,2.9,0.0001165153059770968,1.546740746750544e-05
160,5,3.0,2.95,0.00011729274131107596,1.5630060891489656e-05
160,5,3.0,3.0,0.00011807831747871105,1.5793039072899487e-05
160,5,3.0,3.05,0.00011887205045877007,1.5956331683769874e-05
160,5,3.0,3.1,0.00011967395571806457,1.6119928555180194e-05
160,5,3.0,3.15,0.00012048404821685303,1.628381958008905e-05
160,5,3.0,3.2,0.00012130234241004926,1.644799464141637e-05
160,5,3.0,3.25,0.00012212885224532238,1.6612443558938063e-05
160,5,3.0,3.3,0.00012296359115891172,1.677715605019527e-05
160,5,3.0,3.35,0.0001238065720697671,1.6942121701857716e-05
160,5,3.0,3.4,0.00012465780737244694,1.710732994888462e-05
160,5,3.0,3.45,0.00012551730892914714,1.7272770059518447e-05
160,5,3.0,3.5,0.00012638508806107651,1.7438431124635203e-05
160,5,3.0,3.55,0.00012726115553939347,1.7604302050363907e-05
160,5,3.0,3.6,0.00012814552157583794,1.7770371553164044e-05
160,5,3.0,3.65,0.00012903819581316383,1.7936628156749573e-05
160,5,3.0,3.7,0.00012993918731545615,1.8103060190418902e-05
160,5,3.0,3.75,0.00013084850455838686,1.826965578844079e-05
160,5,3.0,3.8,0.0001317661554194713,1.84364028902671e-05
160,5,3.0,3.85,0.00013269214716834154,1.860328924136157e-05
160,5,3.0,3.9,0.00013362648645708089,1.877030239453047e-05
160,5,3.0,3.95,0.00013456917931063138,1.8937429711628834e-05
160,5,3.0,4.0,0.00013552023111729585,1.910465836558158e-05
160,5,3.0,4.05,0.0001364796466193443,1.9271975342653236e-05
160,5,3.0,4.1,0.00013744742990374817,1.943936744492476e-05
160,5,3.0,4.15,0.00013842358439303205,1.9606821292945648e-05
160,5,3.0,4.2,0.00013940811283626712,1.9774323328531437e-05
160,5,3.0,4.25,0.0001404010173002078,1.994185981769702e-05
160,5,3.0,4.3,0.0001414022991605773,2.0109416853702032e-05
160,5,3.0,4.35,0.0001424119590935113,2.027698036020476e-05
160,5,3.0,4.4,0.00014342999706715273,2.0444536094507358e-05
160,5,3.0,4.45,0.00014445641233341898,2.061206965089643e-05
160,5,3.0,4.5,0.0001454912034199419,2.077956646406443e-05
160,5,3.0,4.55,0.00014653436812216646,2.0947011812607646e-05
160,5,3.0,4.6,0.00014758590349564274,2.111439082260905e-05
160,5,3.0,4.65,0.0001486458058484857,2.1281688471279276e-05
160,5,3.0,4.7,0.00014971407073402753,2.1448889590681808e-05
160,5,3.0,4.75,0.0001507906929436547,2.16159788715151e-05
160,5,3.0,4.8,0.0001518756664998311,2.1782940866961627e-05
160,5,3.0,4.85,0.00015296898464932607,2.194975999660022e-05
160,5,3.0,4.9,0.00015407063985662967,2.2116420550378338e-05
160,5,3.0,4.95,0.0001551806237975721,2.2282906692641216e-05
160,5,3.0,5.0,0.00015629892735314789,2.244920246621794e-05
160,5,4.0,0.0,7.555719205581508e-07,1.4677489066455845e-05
160,5,4.0,0.05,1.8961541437683914e-06,3.280747730034522e-05
160,5,4.0,0.1,4.240819003278309e-06,6.304885204409127e-05
160,5,4.0,0.15,8.380124486562093e-06,0.00010382104275081503
160,5,4.0,0.2,1.4677105469504987e-05,0.00014774190446098547
160,5,4.0,0.25,2.3035995311098556e-05,0.0001846518939358976
160,5,4.0,0.3,3.289179922282939e-05,0.00020672856273425407
160,5,4.0,0.35,4.341847348166619e-05,0.00021155514264465123
160,5,4.0,0.4,5.3800470852989404e-05,0.00020165279223536753
160,5,4.0,0.45,6.342174414531328e-05,0.00018202932073040954
160,5,4.0,0.5,7.19276981050516e-05,0.00015782030625847266
160,5,4.0,0.55,7.919422828804794e-05,0.00013298673835962692
160,5,4.0,0.6,8.525785051801313e-05,0.00010999932375306855
160,5,4.0,0.65,9.02455748638201e-05,9.006819627552387e-05
160,5,4.0,0.7,9.432165586516984e-05,7.353995474301868e-05
160,5,4.0,0.75,9.765383955985997e-05,6.026029511504411e-05
160,5,4.0,0.8,0.00010039530652331165,4.98356418620016e-05
160,5,4.0,0.85,0.0001026771402668659,4.179576504333298e-05
160,5,4.0,0.9,0.00010460696107116076,3.568244127266725e-05
160,5,4.0,0.95,0.00010627070143245874,3.109040325003101e-05
160,5,4.0,1.0,0.000107735669923154,2.7680676136013307e-05
160,5,4.0,1.05,0.00010905388036646209,2.5179563295306965e-05
160,5,4.0,1.1,0.0001102651454517141,2.33712130157804e-05
160,5,4.0,1.15,0.00011139973451998201,2.208812905879538e-05
160,5,4.0,1.2,0.00011248055415357032,2.1201811092812904e-05
160,5,4.0,1.25,0.0001135248855172502,2.0614474621884684e-05
160,5,4.0,1.3,0.00011454574165780678,2.025214428766829e-05
160,5,4.0,1.35,0.00011555291365300271,2.005909509781085e-05
160,5,4.0,1.4,0.00011655376931027664,1.999348118079188e-05
160,5,4.0,1.45,0.00011755385883135891,2.0023951898171968e-05
160,5,4.0,1.5,0.00011855737186847136,2.012706066250377e-05
160,5,4.0,1.55,0.00011956748122655957,2.028529595439476e-05
160,5,4.0,1.6,0.00012058660066847794,2.048559332369852e-05
160,5,4.0,1.65,0.00012161657793509005,2.071821531057126e-05
160,5,4.0,1.7,0.0001226588390688385,2.0975910717221303e-05
160,5,4.0,1.75,0.0001237144962238327,2.1253284862078165e-05
160,5,4.0,1.8,0.00012478442814611285,2.154632857532374e-05
160,5,4.0,1.85,0.00012586934022433435,2.1852066302447023e-05
160,5,4.0,1.9,0.00012696980928306767,2.21682934003544e-05
160,5,4.0,1.95,0.00012808631698912356,2.249338012829025e-05
160,5,4.0,2.0,0.00012921927476346683,2.282612545883419e-05
160,5,4.0,2.05,0.00013036904235866172,2.316564807608422e-05
160,5,4.0,2.1,0.000131535941713647,2.351130511670901e-05
160,5,4.0,2.15,0.00013272026728805688,2.3862631600358226e-05
160,5,4.0,2.2,0.0001339222937725459,2.4219295285264684e-05
160,5,4.0,2.25,0.00013514228184341513,2.4581063022312528e-05
160,5,4.0,2.3,0.00013638048245968388,2.4947775679484545e-05
160,5,4.0,2.35,0.000137637140073881,2.5319329453870583e-05
160,5,4.0,2.4,0.0001389124950332757,2.5695661944198396e-05
160,5,4.0,2.45,0.00014020678537777267,2.6076741771308218e-05
160,5,4.0,2.5,0.0001415202481881745,2.646256084286805e-05
160,5,4.0,2.55,0.00014285312059935624,2.68531285888937e-05
160,5,4.0,2.6,0.00014420564056373577,2.7248467666193657e-05
160,5,4.0,2.65,0.00014557804742867513,2.764861075773594e-05
160,5,4.0,2.7,0.0001469705823752616,2.8053598188189328e-05
160,5,4.0,2.75,0.0001483834887538132,2.8463476147917418e-05
160,5,4.0,2.8,0.00014981701234247487,2.8878295370583823e-05
160,5,4.0,2.85,0.0001512714015485749,2.929811014897496e-05
160,5,4.0,2.9,0.00015274690756737392,2.9722977603012625e-05
160,5,4.0,2.95,0.00015424378450915133,3.0152957135839785e-05
160,5,4.0,3.0,0.00015576228950277645,3.058811003017693e-05
160,5,4.0,3.05,0.00015730268278183151,3.102849914931491e-05
160,5,4.0,3.1,0.00015886522775784086,3.147418871616414e-05
160,5,4.0,3.15,0.00016045019108397684,3.192524415057496e-05
160,5,4.0,3.2,0.0001620578427117682,3.2381731950122746e-05
160,5,4.0,3.25,0.00016368845594270297,3.2843719603382684e-05
160,5,4.0,3.3,0.00016534230747613024,3.3311275527450424e-05
160,5,4.0,3.35,0.0001670196774545101,3.3784469023600245e-05
160,5,4.0,3.4,0.0001687208495068071,3.4263370246502504e-05
160,5,4.0,3.45,0.00017044611079060828,3.4748050183608246e-05
160,5,4.0,3.5,0.0001721957520334072,3.523858064214436e-05
160,5,4.0,3.55,0.00017397006757339264,3.573503424183186e-05
160,5,4.0,3.6,0.00017576935539997994,3.623748441191996e-05
160,5,4.0,3.65,0.00017759391719429014,3.6746005391465754e-05
160,5,4.0,3.7,0.0001794440583696923,3.726067223209646e-05
160,5,4.0,3.75,0.00018132008811254092,3.778156080264542e-05
160,5,4.0,3.8,0.00018322231942319504,3.830874779524176e-05
160,5,4.0,3.85,0.0001851510691573442,3.8842310732520605e-05
160,5,4.0,3.9,0.00018710665806774145,3.938232797571242e-05
160,5,4.0,3.95,0.00018908941084634824,3.992887873343242e-05
160,5,4.0,4.0,0.00019109965616693502,4.048204307103763e-05
160,5,4.0,4.05,0.00019313772672816188,4.1041901920442725e-05
160,5,4.0,4.1,0.00019520395929716056,4.160853709033706e-05
160,5,4.0,4.15,0.00019729869475363797,4.218203127673204e-05
160,5,4.0,4.2,0.0001994222781345072,4.276246807380496e-05
160,5,4.0,4.25,0.0002015750586790774,4.33499319850164e-05
160,5,4.0,4.3,0.0002037573898747945,4.394450843446761e-05
160,5,4.0,4.35,0.00020596962950357418,4.454628377849039e-05
160,5,4.0,4.4,0.00020821213968869496,4.515534531745527e-05
160,5,4.0,4.45,0.0002104852869423051,4.577178130779391e-05
160,5,4.0,4.5,0.00021278944221353303,4.639568097422231e-05
160,5,4.0,4.55,0.00021512498093720096,4.702713452217497e-05
160,5,4.0,4.6,0.00021749228308319405,4.766623315043302e-05
160,5,4.0,4.65,0.0002198917332064315,4.831306906395799e-05
160,5,4.0,4.7,0.00022232372049750716,4.896773548692052e-05
160,5,4.0,4.75,0.00022478863883397865,4.9630326675937566e-05
160,5,4.0,4.8,0.0002272868868323221,5.030093793350518e-05
160,5,4.0,4.85,0.00022981886790057597,5.0979665621637046e-05
160,5,4.0,4.9,0.00023238499029164803,5.166660717571084e-05
160,5,4.0,4.95,0.00023498566715734518,5.236186111851705e-05
160,5,4.0,5.0,0.0002376213166030989,5.306552707452255e-05
160,5,5.0,0.0,1.0502410291683741e-07,2.2100228242934434e-06
160,5,5.0,0.05,2.9108433397300165e-07,5.706948148307189e-06
160,5,5.0,0.1,7.381666497834237e-07,1.2943343501258489e-05
160,5,5.0,0.15,1.6712830985869893e-06,2.5269351971479622e-05
160,5,5.0,0.2,3.344329732377446e-06,4.2256895117960944e-05
160,5,5.0,0.25,5.9267247401388345e-06,6.0978364031706686e-05
160,5,5.0,0.3,9.398670736584752e-06,7.71203118300648e-05
160,5,5.0,0.35,1.3535733080949302e-05,8.716291795294004e-05
160,5,5.0,0.4,1.7990856344444302e-05,8.983586653628696e-05
160,5,5.0,0.45,2.241108536519469e-05,8.60537015691489e-05
160,5,5.0,0.5,2.6523438069566187e-05,7.790666584450171e-05
160,5,5.0,0.55,3.0166371377348235e-05,6.761925574897098e-05
160,5,5.0,0.6,3.3279283504373756e-05,5.6944750143715423e-05
160,5,5.0,0.65,3.587327358848554e-05,4.699710749440969e-05
160,5,5.0,0.7,3.800064356433019e-05,3.8335632214158464e-05
160,5,5.0,0.75,3.973128404068359e-05,3.113360932190657e-05
160,5,5.0,0.8,4.113749119044809e-05,2.5337282042861845e-05
160,5,5.0,0.85,4.2285721330556334e-05,2.0782388126505712e-05
160,5,5.0,0.9,4.323305864131958e-05,1.7267398609804035e-05
160,5,5.0,0.95,4.402647254293749e-05,1.4593871602409163e-05
160,5,5.0,1.0,4.4703513468866664e-05,1.2585377098327573e-05
160,5,5.0,1.05,4.52936116777285e-05,1.1093922706612778e-05
160,5,5.0,1.1,4.581951436184473e-05,9.999829707511093e-06
160,5,5.0,1.15,4.629863130933885e-05,9.208640710667209e-06
160,5,5.0,1.2,4.674419545133738e-05,8.647039992506304e-06
160,5,5.0,1.25,4.7166216982307185e-05,8.258785854187593e-06
160,5,5.0,1.3,4.757224432223153e-05,8.001094266296216e-06
160,5,5.0,1.35,4.796795886912144e-05,7.841614772048073e-06
160,5,5.0,1.4,4.835763342152381e-05,7.755993528805809e-06
160,5,5.0,1.45,4.874448208652287e-05,7.725955944576867e-06
160,5,5.0,1.5,4.913092551124119e-05,7.737822280678993e-06
160,5,5.0,1.55,4.951879093016017e-05,7.78137122833949e-06
160,5,5.0,1.6,4.990946250741092e-05,7.84897671712457e-06
160,5,5.0,1.65,5.03039940316308e-05,7.934955937024146e-06
160,5,5.0,1.7,5.070319323311019e-05,8.035078877774041e-06
160,5,5.0,1.75,5.1107684784661996e-05,8.14620044637198e-06
160,5,5.0,1.8,5.15179573306255e-05,8.265985108886483e-06
160,5,5.0,1.85,5.193439857017208e-05,8.392701100409682e-06
160,5,5.0,1.9,5.235732141789773e-05,8.52506679630397e-06
160,5,5.0,1.95,5.27869835059752e-05,8.662136114231022e-06
160,5,5.0,2.0,5.322360172091971e-05,8.80321307916303e-06
160,5,5.0,2.05,5.366736303931215e-05,8.947788155463331e-06
160,5,5.0,2.1,5.411843260582095e-05,9.095490813565543e-06
160,5,5.0,2.15,5.457695975690956e-05,9.246054198512426e-06
160,5,5.0,2.2,5.5043082514454445e-05,9.399288816316118e-06
160,5,5.0,2.25,5.551693093986938e-05,9.55506293834753e-06
160,5,5.0,2.3,5.599862963967598e-05,9.713288009657573e-06
160,5,5.0,2.35,5.6488299639233746e-05,9.873907784109204e-06
160,5,5.0,2.4,5.698605978601892e-05,1.0036890235025647e-05
160,5,5.0,2.45,5.749202780264097e-05,1.0202221532841848e-05
160,5,5.0,2.5,5.8006321079118154e-05,1.0369901562147977e-05
160,5,5.0,2.55,5.852905727107323e-05,1.0539940585226856e-05
160,5,5.0,2.6,5.9060354753498116e-05,1.0712356759508615e-05
160,5,5.0,2.65,5.960033296707151e-05,1.0887174291088073e-05
160,5,5.0,2.7,6.014911268458233e-05,1.1064422062059687e-05
160,5,5.0,2.75,6.070681621797626e-05,1.124413261085638e-05
160,5,5.0,2.8,6.127356758131082e-05,1.1426341375611153e-05
160,5,5.0,2.85,6.184949262102752e-05,1.1611086133532587e-05
160,5,5.0,2.9,6.243471912201877e-05,1.1798406586376349e-05
160,5,5.0,2.95,6.302937689582142e-05,1.1988344054838697e-05
160,5,5.0,3.0,6.363359785566972e-05,1.2180941254176152e-05
160,5,5.0,3.05,6.424751608190563e-05,1.2376242130421182e-05
160,5,5.0,3.1,6.487126788039527e-05,1.2574291741827001e-05
160,5,5.0,3.15,6.550499183589862e-05,1.2775136174084096e-05
160,5,5.0,3.2,6.614882886186343e-05,1.297882248078997e-05
160,5,5.0,3.25,6.68029222477335e-05,1.3185398642800058e-05
160,5,5.0,3.3,6.746741770460133e-05,1.3394913541742043e-05
160,5,5.0,3.35,6.814246340981237e-05,1.3607416944150006e-05
160,5,5.0,3.4,6.882821005098127e-05,1.3822959493599735e-05
160,5,5.0,3.45,6.952481086978215e-05,1.4041592708884853e-05
160,5,5.0,3.5,7.0232421705755e-05,1.4263368986774724e-05
160,5,5.0,3.55,7.095120104035658e-05,1.448834160827057e-05
160,5,5.0,3.6,7.168131004137618e-05,1.4716564747547808e-05
160,5,5.0,3.65,7.242291260787172e-05,1.4948093482994347e-05
160,5,5.0,3.7,7.317617541568326e-05,1.5182983809882723e-05
160,5,5.0,3.75,7.39412679636274e-05,1.5421292654359127e-05
160,5,5.0,3.8,7.471836262041164e-05,1.5663077888497768e-05
160,5,5.0,3.85,7.550763467232694e-05,1.5908398346239e-05
160,5,5.0,3.9,7.630926237175084e-05,1.6157313840075826e-05
160,5,5.0,3.95,7.712342698651295e-05,1.6409885178402143e-05
160,5,5.0,4.0,7.795031285012934e-05,1.6666174183432935e-05
160,5,5.0,4.05,7.879010741295902e-05,1.6926243709665492e-05
160,5,5.0,4.1,7.964300129428338e-05,1.719015766282762e-05
160,5,5.0,4.15,8.050918833535717e-05,1.7457981019302264e-05
160,5,5.0,4.2,8.138886565343343e-05,1.7729779846000936e-05
160,5,5.0,4.25,8.228223369679543e-05,1.8005621320681917e-05
160,5,5.0,4.3,8.318949630081756e-05,1.828557375270703e-05
160,5,5.0,4.35,8.411086074507158e-05,1.856970660422805e-05
160,5,5.0,4.4,8.504653781150984e-05,1.885809051181792e-05
160,5,5.0,4.45,8.599674184372878e-05,1.9150797308529652e-05
160,5,5.0,4.5,8.696169080735912e-05,1.9447900046407882e-05
160,5,5.0,4.55,8.794160635158567e-05,1.9749473019440223e-05
160,5,5.0,4.6,8.893671387182896e-05,2.0055591786971054e-05
160,5,5.0,4.65,8.994724257360446e-05,2.0366333197570176e-05
160,5,5.0,4.7,9.097342553759512e-05,2.0681775413376745e-05
160,5,5.0,4.75,9.201549978594658e-05,2.1001997934921182e-05
160,5,5.0,4.8,9.307370634981463e-05,2.132708162642971e-05
160,5,5.0,4.85,9.414829033819757e-05,2.1657108741632743e-05
160,5,5.0,4.9,9.52395010080643e-05,2.1992162950074975e-05
160,5,5.0,4.95,9.634759183581272e-05,2.2332329363941654e-05
160,5,5.0,5.0,9.747282059008563e-05,2.267769456541638e-05
160,10,0.0,0.0,5.748262515376589e-11,5.331356861164246e-10
160,10,0.0,0.05,8.681036109817541e-11,6.308604578803942e-10
160,10,0.0,0.1,1.1953182325462131e-10,6.671439305729456e-10
160,10,0.0,0.15,1.5249390115221008e-10,6.4211273191457e-10
160,10,0.0,0.2,1.829805626751294e-10,5.714891666365286e-10
160,10,0.0,0.25,2.0923352672301734e-10,4.761992729031418e-10
160,10,0.0,0.3,2.3049736434587413e-10,3.745108403523783e-10
160,10,0.0,0.35,2.467870096413174e-10,2.7876631022206606e-10
160,10,0.0,0.4,2.5858377836928015e-10,1.9546488160873246e-10
160,10,0.0,0.45,2.665787789926383e-10,1.2679512086674564e-10
160,10,0.0,0.5,2.7150082383120206e-10,7.233648677400188e-11
160,10,0.0,0.55,2.74021061744578e-10,3.0382941317007374e-11
160,10,0.0,0.6,2.7471182536471566e-10,-1.2059932524783533e-12
160,10,0.0,0.65,2.7403797181074853e-10,-2.453540328538585e-11
160,10,0.0,0.7,2.723648750863529e-10,-4.145842465816249e-11
160,10,0.0,0.75,2.6997319156343975e-10,-5.350711298184675e-11
160,10,0.0,0.8,2.670749558380781e-10,-6.189908160488101e-11
160,10,0.0,0.85,2.638283927432218e-10,-6.757696853069155e-11
160,10,0.0,0.9,2.6035045028380885e-10,-7.125744752848784e-11
160,10,0.0,0.95,2.567268961220828e-10,-7.347847444836113e-11
160,10,0.0,1.0,2.530202010152148e-10,-7.464015510018996e-11
160,10,0.0,1.05,2.4927556697089164e-10,-7.503806766978282e-11
160,10,0.0,1.1,2.4552547076450856e-10,-7.488946898439501e-11
160,10,0.0,1.15,2.417930538751527e-10,-7.435342484512911e-11
160,10,0.0,1.2,2.380946334583423e-10,-7.354602839874924e-11
160,10,0.0,1.25,2.3444155254523123e-10,-7.255177824097808e-11
160,10,0.0,1.3,2.3084153815724414e-10,-7.143201892080919e-11
160,10,0.0,1.35,2.2729969540832385e-10,-7.023116731032833e-11
160,10,0.0,1.4,2.2381923362601225e-10,-6.898128717505399e-11
160,10,0.0,1.45,2.2040199587189754e-10,-6.770544035835746e-11
160,10,0.0,1.5,2.170488445915116e-10,-6.642013655273871e-11
160,10,0.0,1.55,2.137599421737075e-10,-6.513712135612786e-11
160,10,0.0,1.6,2.1053495484924858e-10,-6.386467987194409e-11
160,10,0.0,1.65,2.0737320072246535e-10,-6.26085863135174e-11
160,10,0.0,1.7,2.042737571196055e-10,-6.13727953022931e-11
160,10,0.0,1.75,2.0123553832752448e-10,-6.015994487256798e-11
160,10,0.0,1.8,1.9825735179208e-10,-5.89717223178372e-11
160,10,0.0,1.85,1.9533793865257494e-10,-5.780913017836808e-11
160,10,0.0,1.9,1.9247600288984396e-10,-5.6672679552816286e-11
160,10,0.0,1.95,1.8967023220069538e-10,-5.556253053090487e-11
160,10,0.0,2.0,1.8691931286332833e-10,-5.447859415871716e-11
160,10,0.0,2.05,1.842219402410332e-10,-5.342060642438971e-11
160,10,0.0,2.1,1.8157682612229705e-10,-5.238818189492357e-11
160,10,0.0,2.15,1.7898270376860767e-10,-5.138085255537987e-11
160,10,0.0,2.2,1.764383313035587e-10,-5.03980958886063e-11
160,10,0.0,2.25,1.739424939039028e-10,-4.94393551328128e-11
160,10,0.0,2.3,1.7149400512740153e-10,-4.8504053853581666e-11
160,10,0.0,2.35,1.6909170762085632e-10,-4.7591606384419585e-11
160,10,0.0,2.4,1.6673447338513909e-10,-4.67014252662934e-11
160,10,0.0,2.45,1.6442120372560236e-10,-4.583292650842288e-11
160,10,0.0,2.5,1.6215082898109896e-10,-4.498553326843982e-11
160,10,0.0,2.55,1.599223080991486e-10,-4.4158678386958734e-11
160,10,0.0,2.6,1.5773462810624524e-10,-4.335180609299843e-11
160,10,0.0,2.65,1.5558680350866412e-10,-4.2564373110356076e-11
160,10,0.0,2.7,1.534778756493352e-10,-4.1795849332292736e-11
160,10,0.0,2.75,1.5140691203917708e-10,-4.104571818618723e-11
160,10,0.0,2.8,1.4937300567603902e-10,-4.031347677656749e-11
160,10,0.0,2.85,1.4737527436064996e-10,-3.9598635870759264e-11
160,10,0.0,2.9,1.4541286001622782e-10,-3.890071977378389e-11
160,10,0.0,2.95,1.4348492801638216e-10,-3.8219266126333435e-11
160,10,0.0,3.0,1.4159066652451193e-10,-3.755382565032754e-11
160,10,0.0,3.05,1.3972928584685998e-10,-3.690396185978588e-11
160,10,0.0,3.1,1.3790001780061223e-10,-3.626925074980842e-11
160,10,0.0,3.15,1.3610211509789834e-10,-3.5649280472872414e-11
160,10,0.0,3.2,1.3433485074615877e-10,-3.5043651009048804e-11
160,10,0.0,3.25,1.3259751746503788e-10,-3.44519738348321e-11
160,10,0.0,3.3,1.3088942711980934e-10,-3.38738715939156e-11
160,10,0.0,3.35,1.2920991017117102e-10,-3.330897777223475e-11
160,10,0.0,3.4,1.2755831514112075e-10,-3.27569363788699e-11
160,10,0.0,3.45,1.2593400809464677e-10,-3.221740163389567e-11
160,10,0.0,3.5,1.2433637213682082e-10,-3.169003766385235e-11
160,10,0.0,3.55,1.2276480692491642e-10,-3.1174518205274024e-11
160,10,0.0,3.6,1.2121872819515198e-10,-3.06705263164843e-11
160,10,0.0,3.65,1.1969756730363844e-10,-3.0177754097755367e-11
160,10,0.0,3.7,1.1820077078109069e-10,-2.969590241979067e-11
160,10,0.0,3.75,1.1672779990093195e-10,-2.922468066047035e-11
160,10,0.0,3.8,1.1527813026034729e-10,-2.8763806449698513e-11
160,10,0.0,3.85,1.1385125137388838e-10,-2.8313005422197363e-11
160,10,0.0,3.9,1.124466662792565e-10,-2.7872010978047286e-11
160,10,0.0,3.95,1.11063891154862e-10,-2.7440564050778363e-11
160,10,0.0,4.0,1.0970245494879615e-10,-2.7018412882786568e-11
160,10,0.0,4.05,1.0836189901885436e-10,-2.6605312807869332e-11
160,10,0.0,4.1,1.0704177678325695e-10,-2.6201026040655392e-11
160,10,0.0,4.15,1.0574165338173332e-10,-2.5805321472720006e-11
160,10,0.0,4.2,1.04461105346639e-10,-2.5417974475166414e-11
160,10,0.0,4.25,1.0319972028377669e-10,-2.5038766707469894e-11
160,10,0.0,4.3,1.0195709656263819e-10,-2.4667485932378453e-11
160,10,0.0,4.35,1.0073284301574283e-10,-2.430392583667203e-11
160,10,0.0,4.4,9.952657864679485e-11,-2.394788585758398e-11
160,10,0.0,4.45,9.83379323473914e-11,-2.3599171014706377e-11
160,10,0.0,4.5,9.716654262199221e-11,-2.3257591747185815e-11
160,10,0.0,4.55,9.601205732090462e-11,-2.2922963756041953e-11
160,10,0.0,4.6,9.487413338103468e-11,-2.259510785143429e-11
160,10,0.0,4.65,9.375243657413996e-11,-2.2273849804714258e-11
160,10,0.0,4.7,9.264664126237707e-11,-2.195902020509939e-11
160,10,0.0,4.75,9.155643016089833e-11,-2.1650454320823414e-11
160,10,0.0,4.8,9.048149410727978e-11,-2.1347991964598454e-11
160,10,0.0,4.85,8.942153183757258e-11,-2.1051477363264063e-11
160,10,0.0,4.9,8.837624976877485e-11,-2.0760759031465395e-11
160,10,0.0,4.95,8.734536178751411e-11,-2.0475689649236782e-11
160,10,0.0,5.0,8.632858904476215e-11,-2.019612594336161e-11
160,10,1.0,0.0,1.2707784027716661e-08,1.51562188192221e-07
160,10,1.0,0.05,2.17511195291797e-08,2.090257167036598e-07
160,10,1.0,0.1,3.3375376511818845e-08,2.5257218925607187e-07
160,10,1.0,0.15,4.660882518918719e-08,2.72452524565235e-07
160,10,1.0,0.2,6.020027013347615e-08,2.673453806187609e-07
160,10,1.0,0.25,7.301594042584692e-08,2.4267940948585145e-07
160,10,1.0,0.3,8.42785461339157e-08,2.0660456675574882e-07
160,10,1.0,0.35,9.361290626238953e-08,1.6664112789946945e-07
160,10,1.0,0.4,1.0096786736665784e-07,1.2810950242571658e-07
160,10,1.0,0.45,1.0649832152883936e-07,9.398513973398219e-08
160,10,1.0,0.5,1.1045989682448402e-07,6.543428783767524e-08
160,10,1.0,0.55,1.1313538688810119e-07,4.2482595511527495e-08
160,10,1.0,0.6,1.1479211783461169e-07,2.4561552503982805e-08
160,10,1.0,0.65,1.1566208370499107e-07,1.0872716261348124e-08
160,10,1.0,0.7,1.1593621689291184e-07,5.964586013533149e-10
160,10,1.0,0.75,1.1576622078807938e-07,-7.00625875947561e-09
160,10,1.0,0.8,1.15269733384001e-07,-1.2556327527921513e-08
160,10,1.0,0.85,1.1453641423112326e-07,-1.655317172098675e-08
160,10,1.0,0.9,1.1363374602954639e-07,-1.9387189957210904e-08
160,10,1.0,0.95,1.1261204742166948e-07,-2.1357653425295825e-08
160,10,1.0,1.0,1.1150857026952329e-07,-2.269085849559082e-08
160,10,1.0,1.05,1.1035073436149605e-07,-2.3556258591913637e-08
160,10,1.0,1.1,1.0915862316899374e-07,-2.4079849481357104e-08
160,10,1.0,1.15,1.0794687941529213e-07,-2.4354830546964406e-08
160,10,1.0,1.2,1.0672612901662126e-07,-2.444987629340716e-08
160,10,1.0,1.25,1.055040423886213e-07,-2.4415441561228376e-08
160,10,1.0,1.3,1.0428612102540041e-07,-2.428850964011407e-08
160,10,1.0,1.35,1.0307627809069152e-07,-2.4096137248150998e-08
160,10,1.0,1.4,1.0187726568992808e-07,-2.3858085082435984e-08
160,10,1.0,1.45,1.0069098862333887e-07,-2.358876123650636e-08
160,10,1.0,1.5,9.951873440666505e-08,-2.329865240235896e-08
160,10,1.0,1.55,9.836134169981e-08,-2.2995375421200615e-08
160,10,1.0,1.6,9.72193235199652e-08,-2.2684448591049384e-08
160,10,1.0,1.65,9.609295730974719e-08,-2.2369856722696142e-08
160,10,1.0,1.7,9.49823507343733e-08,-2.2054464725709317e-08
160,10,1.0,1.75,9.388748971982183e-08,-2.1740320129195508e-08
160,10,1.0,1.8,9.280827350414384e-08,-2.1428874256085164e-08
160,10,1.0,1.85,9.174454019575301e-08,-2.1121143866354815e-08
160,10,1.0,1.9,9.06960853947541e-08,-2.0817829259842193e-08
160,10,1.0,1.95,8.966267574642772e-08,-2.0519400547521857e-08
160,10,1.0,2.0,8.864405879310595e-08,-2.0226160658368273e-08
160,10,1.0,2.05,8.763997012289669e-08,-1.9938291346772966e-08
160,10,1.0,2.1,8.665013854473637e-08,-1.9655886780206975e-08
160,10,1.0,2.15,8.567428982274968e-08,-1.9378978053974333e-08
160,10,1.0,2.2,8.47121493592024e-08,-1.9107551078471283e-08
160,10,1.0,2.25,8.376344411045625e-08,-1.8841559625513648e-08
160,10,1.0,2.3,8.282790394361373e-08,-1.8580934838848976e-08
160,10,1.0,2.35,8.190526258557361e-08,-1.832559216220485e-08
160,10,1.0,2.4,8.09952582753113e-08,-1.8075436381285467e-08
160,10,1.0,2.45,8.009763420028423e-08,-1.7830365288395795e-08
160,10,1.0,2.5,7.921213877607172e-08,-1.759027234127943e-08
160,10,1.0,2.55,7.833852581239042e-08,-1.7355048587607747e-08
160,10,1.0,2.6,7.747655459699117e-08,-1.7124584053381544e-08
160,10,1.0,2.65,7.662598992043156e-08,-1.6898768740104127e-08
160,10,1.0,2.7,7.578660205849132e-08,-1.667749333650844e-08
160,10,1.0,2.75,7.495816672449056e-08,-1.6460649722152774e-08
160,10,1.0,2.8,7.414046500041329e-08,-1.6248131319333108e-08
160,10,1.0,2.85,7.333328325334142e-08,-1.603983333455816e-08
160,10,1.0,2.9,7.253641304193258e-08,-1.5835652919718405e-08
160,10,1.0,2.95,7.17496510163755e-08,-1.5635489274954016e-08
160,10,1.0,3.0,7.097279881430926e-08,-1.5439243709285797e-08
160,10,1.0,3.05,7.020566295452167e-08,-1.5246819670752655e-08
160,10,1.0,3.1,6.944805472971676e-08,-1.5058122754616548e-08
160,10,1.0,3.15,6.869979009928186e-08,-1.4873060695886232e-08
160,10,1.0,3.2,6.796068958273243e-08,-1.469154335072497e-08
160,10,1.0,3.25,6.723057815428163e-08,-1.451348267005947e-08
160,10,1.0,3.3,6.650928513887901e-08,-1.4338792667817078e-08
160,10,1.0,3.35,6.579664410993839e-08,-1.4167389385549863e-08
160,10,1.0,3.4,6.509249278888404e-08,-1.3999190854720775e-08
160,10,1.0,3.45,6.439667294663308e-08,-1.383411705758592e-08
160,10,1.0,3.5,6.370903030705014e-08,-1.3672089887337422e-08
160,10,1.0,3.55,6.302941445240156e-08,-1.3513033107987616e-08
160,10,1.0,3.6,6.235767873081807e-08,-1.3356872314341766e-08
160,10,1.0,3.65,6.169368016574718e-08,-1.3203534892301112e-08
160,10,1.0,3.7,6.103727936738314e-08,-1.3052949979668888e-08
160,10,1.0,3.75,6.038834044603577e-08,-1.2905048427574596e-08
160,10,1.0,3.8,5.974673092741709e-08,-1.2759762762597598e-08
160,10,1.0,3.85,5.9112321669798284e-08,-1.2617027149641827e-08
160,10,1.0,3.9,5.8484986783007725e-08,-1.2476777355586954e-08
160,10,1.0,3.95,5.786460354922078e-08,-1.233895071373738e-08
160,10,1.0,4.0,5.7251052345512916e-08,-1.2203486089071589e-08
160,10,1.0,4.05,5.6644216568129195e-08,-1.2070323844287272e-08
160,10,1.0,4.1,5.6043982558428026e-08,-1.1939405806637088e-08
160,10,1.0,4.15,5.545023953046744e-08,-1.1810675235541218e-08
160,10,1.0,4.2,5.48628795001926e-08,-1.1684076790963783e-08
160,10,1.0,4.25,5.4281797216179836e-08,-1.1559556502534107e-08
160,10,1.0,4.3,5.370689009191197e-08,-1.143706173939753e-08
160,10,1.0,4.35,5.3138058139543206e-08,-1.1316541180777193e-08
160,10,1.0,4.4,5.2575203905112615e-08,-1.1197944787227434e-08
160,10,1.0,4.45,5.201823240518629e-08,-1.1081223772560985e-08
160,10,1.0,4.5,5.146705106488026e-08,-1.096633057642987e-08
160,10,1.0,4.55,5.092156965724077e-08,-1.0853218837544289e-08
160,10,1.0,4.6,5.038170024394918e-08,-1.0741843367508131e-08
160,10,1.0,4.65,4.9847357117317624e-08,-1.0632160125254724e-08
160,10,1.0,4.7,4.931845674354918e-08,-1.0524126192067322e-08
160,10,1.0,4.75,4.879491770723594e-08,-1.041769974716261e-08
160,10,1.0,4.8,4.8276660657057566e-08,-1.0312840043825556e-08
160,10,1.0,4.85,4.776360825266466e-08,-1.0209507386075629e-08
160,10,1.0,4.9,4.725568511271641e-08,-1.010766310585157e-08
160,10,1.0,4.95,4.675281776404187e-08,-1.0007269540696895e-08
160,10,1.0,5.0,4.62549345919081e-08,-9.908290011933041e-09
160,10,2.0,0.0,4.5873624362498805e-07,6.81173638733299e-06
160,10,2.0,0.05,9.05604201907482e-07,1.1198001534986097e-05
160,10,2.0,0.1,1.5835336706505737e-06,1.587283439663952e-05
160,10,2.0,0.15,2.4785759012625468e-06,1.969937603247117e-05
160,10,2.0,0.2,3.5246167286959665e-06,2.1817249918371318e-05
160,10,2.0,0.25,4.6275220216931375e-06,2.1987943072189427e-05
160,10,2.0,0.3,5.696155762009795e-06,2.053217408649047e-05
160,10,2.0,0.35,6.663500407019577e-06,1.8041442661945394e-05
160,10,2.0,0.4,7.492978584792991e-06,1.510606118197829e-05
160,10,2.0,0.45,8.174193470904609e-06,1.2169768873875005e-05
160,10,2.0,0.5,8.714471126567293e-06,9.49951746441487e-06
160,10,2.0,0.55,9.13065910229385e-06,7.216906556635121e-06
160,10,2.0,0.6,9.443065488841545e-06,5.346774042640914e-06
160,10,2.0,0.65,9.671738070415656e-06,3.859985127902604e-06
160,10,2.0,0.7,9.834570816917196e-06,2.7034432669146307e-06
160,10,2.0,0.75,9.946601271976403e-06,1.8181736067387374e-06
160,10,2.0,0.8,1.0019981453486192e-05,1.1487649009174778e-06
160,10,2.0,0.85,1.0064273518248294e-05,6.473930791918039e-07
160,10,2.0,0.9,1.0086862761708677e-05,2.748123912402915e-07
160,10,2.0,0.95,1.0093377781506676e-05,-1.5492366566421405e-10
160,10,2.0,1.0,1.0088067135066372e-05,-2.0174130779153634e-07
160,10,2.0,1.05,1.0074115000663976e-05,-3.48497370041414e-07
160,10,2.0,1.1,1.005389515318504e-05,-4.5447253731413547e-07
160,10,2.0,1.15,1.0029169975758246e-05,-5.302257595510333e-07
160,10,2.0,1.2,1.0001243637413016e-05,-5.836487113246557e-07
160,10,2.0,1.25,9.971078536459826e-06,-6.206157376890321e-07
160,10,2.0,1.3,9.939383044537843e-06,-6.454865739728831e-07
160,10,2.0,1.35,9.906677210306061e-06,-6.61489766530502e-07
160,10,2.0,1.4,9.87334173644478e-06,-6.710122473661697e-07
160,10,2.0,1.45,9.839654368335183e-06,-6.758165131121355e-07
160,10,2.0,1.5,9.805816865305856e-06,-6.772026953803318e-07
160,10,2.0,1.55,9.771974956834695e-06,-6.761290702348572e-07
160,10,2.0,1.6,9.738233089474075e-06,-6.733014301646549e-07
160,10,2.0,1.65,9.704665314173737e-06,-6.692392378285388e-07
160,10,2.0,1.7,9.671323318682555e-06,-6.64324525688903e-07
160,10,2.0,1.75,9.638242350711825e-06,-6.588380053031e-07
160,10,2.0,1.8,9.60544558413068e-06,-6.529857122458772e-07
160,10,2.0,1.85,9.572947336585978e-06,-6.469186568992294e-07
160,10,2.0,1.9,9.540755440202032e-06,-6.40747311502758e-07
160,10,2.0,1.95,9.508872987996634e-06,-6.345522874553381e-07
160,10,2.0,2.0,9.477299620228063e-06,-6.283922032199425e-07
160,10,2.0,2.05,9.446032471751634e-06,-6.223094812481737e-07
160,10,2.0,2.1,9.415066869623825e-06,-6.163346186411327e-07
160,10,2.0,2.15,9.384396846718192e-06,-6.10489333187273e-07
160,10,2.0,2.2,9.354015519807955e-06,-6.047888808242953e-07
160,10,2.0,2.25,9.3239153678106e-06,-5.992437626893864e-07
160,10,2.0,2.3,9.294088436494072e-06,-5.938609824998971e-07
160,10,2.0,2.35,9.264526489016461e-06,-5.886449726899487e-07
160,10,2.0,2.4,9.235221116568957e-06,-5.835982765404124e-07
160,10,2.0,2.45,9.206163819634271e-06,-5.787220505668266e-07
160,10,2.0,2.5,9.177346067604895e-06,-5.740164345041808e-07
160,10,2.0,2.55,9.148759342463361e-06,-5.694808237576789e-07
160,10,2.0,2.6,9.120395170728337e-06,-5.651140700072574e-07
160,10,2.0,2.65,9.092245146761012e-06,-5.609146288867754e-07
160,10,2.0,2.7,9.064300949710688e-06,-5.568806686765312e-07
160,10,2.0,2.75,9.036554355781612e-06,-5.530101502774459e-07
160,10,2.0,2.8,9.008997247056004e-06,-5.493008860308278e-07
160,10,2.0,2.85,8.981621617785355e-06,-5.45750582957154e-07
160,10,2.0,2.9,8.954419578822084e-06,-5.423568745187767e-07
160,10,2.0,2.95,8.927383360684466e-06,-5.391173439316199e-07
160,10,2.0,3.0,8.900505315619232e-06,-5.360295412548122e-07
160,10,2.0,3.05,8.873777918930781e-06,-5.330909958998391e-07
160,10,2.0,3.1,8.847193769772981e-06,-5.302992257689942e-07
160,10,2.0,3.15,8.82074559154935e-06,-5.276517439151669e-07
160,10,2.0,3.2,8.794426232028072e-06,-5.251460633792671e-07
160,10,2.0,3.25,8.768228663250706e-06,-5.22779700689709e-07
160,10,2.0,3.3,8.7421459812905e-06,-5.205501783800855e-07
160,10,2.0,3.35,8.716171405905732e-06,-5.184550267887549e-07
160,10,2.0,3.4,8.690298280114937e-06,-5.164917853327963e-07
160,10,2.0,3.45,8.664520069719654e-06,-5.146580033999657e-07
160,10,2.0,3.5,8.638830362789475e-06,-5.129512409633241e-07
160,10,2.0,3.55,8.613222869121755e-06,-5.11369068995889e-07
160,10,2.0,3.6,8.587691419684325e-06,-5.099090697427424e-07
160,10,2.0,3.65,8.562229966047224e-06,-5.085688368917213e-07
160,10,2.0,3.7,8.536832579807727e-06,-5.07345975674737e-07
160,10,2.0,3.75,8.511493452011767e-06,-5.062381029211624e-07
160,10,2.0,3.8,8.486206892573475e-06,-5.052428470809198e-07
160,10,2.0,3.85,8.460967329693657e-06,-5.043578482289447e-07
160,10,2.0,3.9,8.43576930927896e-06,-5.035807580599947e-07
160,10,2.0,3.95,8.410607494360893e-06,-5.029092398806768e-07
160,10,2.0,4.0,8.385476664515618e-06,-5.023409686027294e-07
160,10,2.0,4.05,8.360371715283548e-06,-5.01873630741526e-07
160,10,2.0,4.1,8.335287657588937e-06,-5.015049244220308e-07
160,10,2.0,4.15,8.31021961715962e-06,-5.012325593938843e-07
160,10,2.0,4.2,8.285162833944627e-06,-5.010542570563411e-07
160,10,2.0,4.25,8.260112661530914e-06,-5.009677504947775e-07
160,10,2.0,4.3,8.235064566558371e-06,-5.009707845281834e-07
160,10,2.0,4.35,8.21001412813125e-06,-5.010611157684872e-07
160,10,2.0,4.4,8.184957037226782e-06,-5.012365126915597e-07
160,10,2.0,4.45,8.15988909610031e-06,-5.014947557199376e-07
160,10,2.0,4.5,8.134806217685382e-06,-5.01833637317006e-07
160,10,2.0,4.55,8.10970442498914e-06,-5.022509620923532e-07
160,10,2.0,4.6,8.08457985048218e-06,-5.027445469185137e-07
160,10,2.0,4.65,8.059428735482368e-06,-5.033122210577929e-07
160,10,2.0,4.7,8.034247429531712e-06,-5.039518263001071e-07
160,10,2.0,4.75,8.009032389766707e-06,-5.046612171102139e-07
160,10,2.0,4.8,7.983780180280234e-06,-5.054382607849937e-07
160,10,2.0,4.85,7.958487471476133e-06,-5.062808376195043e-07
160,10,2.0,4.9,7.933151039415214e-06,-5.071868410822221e-07
160,10,2.0,4.95,7.907767765151262e-06,-5.081541779981023e-07
160,10,2.0,5.0,7.882334634059283e-06,-5.091807687400959e-07
160,10,3.0,0.0,1.1385869202055145e-06,2.008709889539761e-05
160,10,3.0,0.05,2.593124859883497e-06,3.95299483619924e-05
160,10,3.0,0.1,5.221257498169904e-06,6.660275001968465e-05
160,10,3.0,0.15,9.305259633054042e-06,9.669758638301273e-05
160,10,3.0,0.2,1.4823563366744795e-05,0.00012278909799488593
160,10,3.0,0.25,2.1417277853558377e-05,0.0001390006841267917
160,10,3.0,0.3,2.8519814475332778e-05,0.00014311174497519318
160,10,3.0,0.35,3.5549510827040134e-05,0.00013655311878655024
160,10,3.0,0.4,4.205454797218784e-05,0.00012276510482721767
160,10,3.0,0.45,4.776769363671029e-05,0.00010544852145032572
160,10,3.0,0.5,5.258999296797161e-05,8.753018644033043e-05
160,10,3.0,0.55,5.654216664529788e-05,7.08675698774091e-05
160,10,3.0,0.6,5.971346738647901e-05,5.638652322398999e-05
160,10,3.0,0.65,6.22220146279325e-05,4.436488379468571e-05
160,10,3.0,0.7,6.418934860080478e-05,3.4701024934814994e-05
160,10,3.0,0.75,6.57267034758506e-05,2.711058328714941e-05
160,10,3.0,0.8,6.692922510658292e-05,2.1249633333408547e-05
160,10,3.0,0.85,6.787486683269213e-05,1.678206366219025e-05
160,10,3.0,0.9,6.86256740592256e-05,1.3410727049172345e-05
160,10,3.0,0.95,6.92300490246814e-05,1.0887589438908933e-05
160,10,3.0,1.0,6.972521798722972e-05,9.012981528018699e-06
160,10,3.0,1.05,7.013952117864016e-05,7.63000056437538e-06
160,10,3.0,1.1,7.049437488873395e-05,6.61738106973656e-06
160,10,3.0,1.15,7.080587565803195e-05,5.882488208528926e-06
160,10,3.0,1.2,7.108607330066087e-05,5.355144385249833e-06
160,10,3.0,1.25,7.134396117025772e-05,4.9825021778894844e-06
160,10,3.0,1.3,7.158623595209708e-05,4.72493664850198e-06
160,10,3.0,1.35,7.181787501054405e-05,4.5528303391702815e-06
160,10,3.0,1.4,7.204257208725363e-05,4.4440963992101714e-06
160,10,3.0,1.45,7.226306447692756e-05,4.3822911925901835e-06
160,10,3.0,1.5,7.248137783147826e-05,4.355187192875049e-06
160,10,3.0,1.55,7.269900885455259e-05,4.3536998712462015e-06
160,10,3.0,1.6,7.291706138630033e-05,4.3710839809050186e-06
160,10,3.0,1.65,7.313634763000555e-05,4.402333342629737e-06
160,10,3.0,1.7,7.335746337404365e-05,4.443733542644166e-06
160,10,3.0,1.75,7.358084384897064e-05,4.492529093100843e-06
160,10,3.0,1.8,7.38068051831317e-05,4.546676037959778e-06
160,10,3.0,1.85,7.40355751581622e-05,4.604658215898114e-06
160,10,3.0,1.9,7.426731601994644e-05,4.665350879187872e-06
160,10,3.0,1.95,7.45021413938477e-05,4.727919504815912e-06
160,10,3.0,2.0,7.474012882622067e-05,4.791744738617523e-06
160,10,3.0,2.05,7.498132908208886e-05,4.8563667346530095e-06
160,10,3.0,2.1,7.522577303739716e-05,4.921443883629069e-06
160,10,3.0,2.15,7.547347678776384e-05,4.9867222134257866e-06
160,10,3.0,2.2,7.572444543495301e-05,5.052012703449478e-06
160,10,3.0,2.25,7.597867589305863e-05,5.117174466679812e-06
160,10,3.0,2.3,7.623615896796583e-05,5.182102281972835e-06
160,10,3.0,2.35,7.649688089806813e-05,5.246717351444548e-06
160,10,3.0,2.4,7.676082449560798e-05,5.3109604487416664e-06
160,10,3.0,2.45,7.702796999194232e-05,5.374786839760944e-06
160,10,3.0,2.5,7.7298295663332e-05,5.438162517370345e-06
160,10,3.0,2.55,7.757177829404253e-05,5.501061410280495e-06
160,10,3.0,2.6,7.78483935188277e-05,5.5634633141289174e-06
160,10,3.0,2.65,7.812811607603243e-05,5.625352358024297e-06
160,10,3.0,2.7,7.841091999443869e-05,5.686715868097716e-06
160,10,3.0,2.75,7.869677873101212e-05,5.747543525416891e-06
160,10,3.0,2.8,7.898566527227433e-05,5.807826742180842e-06
160,10,3.0,2.85,7.927755220873461e-05,5.867558199768942e-06
160,10,3.0,2.9,7.9572411789372e-05,5.926731506818063e-06
160,10,3.0,2.95,7.987021596135604e-05,5.98534094631841e-06
160,10,3.0,3.0,8.017093639886001e-05,6.043381288725623e-06
160,10,3.0,3.05,8.047454452380762e-05,6.100847654041038e-06
160,10,3.0,3.1,8.078101152068398e-05,6.157735410210502e-06
160,10,3.0,3.15,8.109030834696496e-05,6.214040098463742e-06
160,10,3.0,3.2,8.140240574035213e-05,6.269757378645948e-06
160,10,3.0,3.25,8.171727422364518e-05,6.324882989371621e-06
160,10,3.0,3.3,8.203488410792498e-05,6.379412719183383e-06
160,10,3.0,3.35,8.235520549450357e-05,6.433342385874695e-06
160,10,3.0,3.4,8.26782082759981e-05,6.4866678218667054e-06
160,10,3.0,3.45,8.300386213679567e-05,6.5393848640838475e-06
160,10,3.0,3.5,8.333213655309172e-05,6.591489347163634e-06
160,10,3.0,3.55,8.366300079266535e-05,6.6429770991423505e-06
160,10,3.0,3.6,8.399642391447591e-05,6.693843938976058e-06
160,10,3.0,3.65,8.433237476817916e-05,6.744085675427714e-06
160,10,3.0,3.7,8.467082199360873e-05,6.793698106959108e-06
160,10,3.0,3.75,8.501173402027835e-05,6.84267702237785e-06
160,10,3.0,3.8,8.535507906692099e-05,6.891018202031179e-06
160,10,3.0,3.85,8.570082514111213e-05,6.9387174194156585e-06
160,10,3.0,3.9,8.604894003896893e-05,6.985770443085362e-06
160,10,3.0,3.95,8.639939134495512e-05,7.0321730387792856e-06
160,10,3.0,4.0,8.675214643179987e-05,7.077920971714535e-06
160,10,3.0,4.05,8.710717246052979e-05,7.123010008992059e-06
160,10,3.0,4.1,8.746443638062559e-05,7.1674359220862236e-06
160,10,3.0,4.15,8.782390493030334e-05,7.211194489394442e-06
160,10,3.0,4.2,8.818554463692689e-05,7.254281498819619e-06
160,10,3.0,4.25,8.854932181754612e-05,7.296692750383115e-06
160,10,3.0,4.3,8.891520257956961e-05,7.338424058845046e-06
160,10,3.0,4.35,8.928315282157039e-05,7.379471256330684e-06
160,10,3.0,4.4,8.965313823421028e-05,7.419830194956917e-06
160,10,3.0,4.45,9.002512430131592e-05,7.459496749447861e-06
160,10,3.0,4.5,9.039907630106957e-05,7.4984668197392475e-06
160,10,3.0,4.55,9.077495930733136e-05,7.536736333571034e-06
160,10,3.0,4.6,9.115273819110228e-05,7.574301249056594e-06
160,10,3.0,4.65,9.153237762209622e-05,7.611157557238106e-06
160,10,3.0,4.7,9.19138420704581e-05,7.647301284613794e-06
160,10,3.0,4.75,9.229709580859606e-05,7.68272849564702e-06
160,10,3.0,4.8,9.268210291314261e-05,7.71743529524627e-06
160,10,3.0,4.85,9.306882726703502e-05,7.751417831217729e-06
160,10,3.0,4.9,9.345723256172916e-05,7.784672296696046e-06
160,10,3.0,4.95,9.384728229951658e-05,7.817194932538042e-06
160,10,3.0,5.0,9.423893979597596e-05,7.848982029692164e-06
160,10,4.0,0.0,4.0897164655175676e-07,8.13811058692664e-06
160,10,4.0,0.05,1.055297814219758e-06,1.891819000481629e-05
160,10,4.0,0.1,2.4398068861307405e-06,3.795121257283731e-05
160,10,4.0,0.15,4.989790981362626e-06,6.519272935089383e-05
160,10,4.0,0.2,9.027050427130877e-06,9.640616934470986e-05
160,10,4.0,0.25,1.4577755809335283e-05,0.0001244882381728135
160,10,4.0,0.3,2.131498691492779e-05,0.00014304756302522593
160,10,4.0,0.35,2.867427879761148e-05,0.0001492497623467724
160,10,4.0,0.4,3.604996241981143e-05,0.00014412965002937524
160,10,4.0,0.45,4.295415685338003e-05,0.00013103691712962876
160,10,4.0,0.5,4.908496848189083e-05,0.00011379667602331417
160,10,4.0,0.55,5.431755452576245e-05,9.554233423650164e-05
160,10,4.0,0.6,5.8657080096051933e-05,7.832732010905706e-05
160,10,4.0,0.65,6.218585459796367e-05,6.32230352416415e-05
160,10,4.0,0.7,6.50209374787068e-05,5.059819510269823e-05
160,10,4.0,0.75,6.728620812968844e-05,4.039864924691608e-05
160,10,4.0,0.8,6.909682991539837e-05,3.235843580093844e-05
160,10,4.0,0.85,7.055232834614575e-05,2.6134943572355626e-05
160,10,4.0,0.9,7.173485642877511e-05,2.1384650605973844e-05
160,10,4.0,0.95,7.271018409228968e-05,1.779946138825642e-05
160,10,4.0,1.0,7.35298664708131e-05,1.5119767050187776e-05
160,10,4.0,1.05,7.423372079750827e-05,1.3135152777647479e-05
160,10,4.0,1.1,7.485217543896555e-05,1.1679399820183054e-05
160,10,4.0,1.15,7.540830819087993e-05,1.062349170789093e-05
160,10,4.0,1.2,7.591952700365117e-05,9.868514375770948e-06
160,10,4.0,1.25,7.639891209920105e-05,9.339294517731446e-06
160,10,4.0,1.3,7.685626511458939e-05,8.97906028569643e-06
160,10,4.0,1.35,7.729891733183523e-05,8.74513193744822e-06
160,10,4.0,1.4,7.773234597187713e-05,8.605530155955057e-06
160,10,4.0,1.45,7.81606407245762e-05,8.536351367618438e-06
160,10,4.0,1.5,7.858685506839449e-05,8.519760201593514e-06
160,10,4.0,1.55,7.901326983514945e-05,8.542466561620281e-06
160,10,4.0,1.6,7.944159040019518e-05,8.594577082071754e-06
160,10,4.0,1.65,7.98730939211572e-05,8.66873257579804e-06
160,10,4.0,1.7,8.030873912072542e-05,8.75946222990882e-06
160,10,4.0,1.75,8.074924805673556e-05,8.86270114859751e-06
160,10,4.0,1.8,8.119516698176615e-05,8.97543050213156e-06
160,10,4.0,1.85,8.164691161525865e-05,9.095409434396553e-06
160,10,4.0,1.9,8.210480080768573e-05,9.220975497840676e-06
160,10,4.0,1.95,8.256908156648344e-05,9.350896188127018e-06
160,10,4.0,2.0,8.30399476569893e-05,9.484258540889892e-06
160,10,4.0,2.05,8.351755342628092e-05,9.620387056904705e-06
160,10,4.0,2.1,8.400202407602939e-05,9.758782699199541e-06
160,10,4.0,2.15,8.449346329624352e-05,9.899077558125285e-06
160,10,4.0,2.2,8.499195893780222e-05,1.0041001163023902e-05
160,10,4.0,2.25,8.549758722766088e-05,1.018435544961242e-05
160,10,4.0,2.3,8.601041590116943e-05,1.0328996159486295e-05
160,10,4.0,2.35,8.653050652976713e-05,1.0474819019006566e-05
160,10,4.0,2.4,8.705791625077666e-05,1.0621749469380546e-05
160,10,4.0,2.45,8.759269905294166e-05,1.076973503532569e-05
160,10,4.0,2.5,8.813490673182011e-05,1.0918739654249112e-05
160,10,4.0,2.55,8.868458959986475e-05,1.106873946216183e-05
160,10,4.0,2.6,8.92417970141963e-05,1.1219719662033717e-05
160,10,4.0,2.65,8.980657776889027e-05,1.1371672196500786e-05
160,10,4.0,2.7,9.037898038658728e-05,1.1524594018299015e-05
160,10,4.0,2.75,9.095905333527754e-05,1.1678485804919363e-05
160,10,4.0,2.8,9.15468451894782e-05,1.1833351003392943e-05
160,10,4.0,2.85,9.214240475008496e-05,1.1989195120459429e-05
160,10,4.0,2.9,9.274578113352358e-05,1.2146025195112317e-05
160,10,4.0,2.95,9.335702383807834e-05,1.2303849406722312e-05
160,10,4.0,3.0,9.397618279327444e-05,1.2462676783942785e-05
160,10,4.0,3.05,9.460330839666899e-05,1.2622516988537862e-05
160,10,4.0,3.1,9.523845154129676e-05,1.2783380154920468e-05
160,10,4.0,3.15,9.588166363617824e-05,1.2945276771110086e-05
160,10,4.0,3.2,9.653299662168441e-05,1.3108217590488493e-05
160,10,4.0,3.25,9.719250298108694e-05,1.3272213566465335e-05
160,10,4.0,3.3,9.786023574929605e-05,1.3437275804177162e-05
160,10,4.0,3.35,9.853624851950443e-05,1.3603415524860534e-05
160,10,4.0,3.4,9.922059544831109e-05,1.3770644039652374e-05
160,10,4.0,3.45,9.991333125970453e-05,1.3938972730404472e-05
160,10,4.0,3.5,0.00010061451124823526,1.4108413035720913e-05
160,10,4.0,3.55,0.00010132419128158545,1.4278976440878336e-05
160,10,4.0,3.6,0.00010204242780271424,1.4450674470644622e-05
160,10,4.0,3.65,0.00010276927783169665,1.4623518684247634e-05
160,10,4.0,3.7,0.00010350479896735844,1.4797520671955682e-05
160,10,4.0,3.75,0.00010424904938876409,1.49726920528522e-05
160,10,4.0,3.8,0.00010500208785662429,1.5149044473507007e-05
160,10,4.0,3.85,0.00010576397371465183,1.532658960731313e-05
160,10,4.0,3.9,0.00010653476689089453,1.550533915432541e-05
160,10,4.0,3.95,0.00010731452789907138,1.5685304841470175e-05
160,10,4.0,4.0,0.00010810331783993308,1.5866498423041436e-05
160,10,4.0,4.05,0.00010890119840263927,1.604893168139976e-05
160,10,4.0,4.1,0.0001097082318661912,1.623261642784154e-05
160,10,4.0,4.15,0.00011052448110089515,1.6417564503579063e-05
160,10,4.0,4.2,0.00011135000956989026,1.660378778082037e-05
160,10,4.0,4.25,0.0001121848813307228,1.679129816391752e-05
160,10,4.0,4.3,0.00011302916103698769,1.6980107590568782e-05
160,10,4.0,4.35,0.00011388291394002353,1.717022803306703e-05
160,10,4.0,4.4,0.00011474620589067398,1.736167149957687e-05
160,10,4.0,4.45,0.00011561910334111532,1.7554450035445953e-05
160,10,4.0,4.5,0.00011650167334675023,1.7748575724534385e-05
160,10,4.0,4.55,0.00011739398356816138,1.794406069056333e-05
160,10,4.0,4.6,0.00011829610227314776,1.814091709848156e-05
160,10,4.0,4.65,0.00011920809833881005,1.8339157155843076e-05
160,10,4.0,4.7,0.00012013004125372311,1.8538793114200187e-05
160,10,4.0,4.75,0.0001210620011201695,1.8739837270504482e-05
160,10,4.0,4.8,0.00012200404865644214,1.894230196851999e-05
160,10,4.0,4.85,0.00012295625519922305,1.9146199600246927e-05
160,10,4.0,4.9,0.00012391869270602827,1.935154260734872e-05
160,10,4.0,4.95,0.00012489143375773117,1.955834348259647e-05
160,10,4.0,5.0,0.00012587455156114902,1.9766614771315147e-05
160,10,5.0,0.0,5.48097918297631e-08,1.1650758910578627e-06
160,10,5.0,0.05,1.545130052573163e-07,3.099587529855356e-06
160,10,5.0,0.1,4.0260669736571025e-07,7.307360081879093e-06
160,10,5.0,0.15,9.420777158322241e-07,1.4892133117891006e-05
160,10,5.0,0.2,1.95144772365468e-06,2.5991079878324057e-05
160,10,5.0,0.25,3.5739205199005186e-06,3.900509337782272e-05
160,10,5.0,0.3,5.835120658932222e-06,5.1014598976924026e-05
160,10,5.0,0.35,8.611412441490468e-06,5.923823886536184e-05
160,10,5.0,0.4,1.1672145237689474e-05,6.231286484716355e-05
160,10,5.0,0.45,1.4761224072837321e-05,6.053464466882008e-05
160,10,5.0,0.5,1.7667106680438516e-05,5.525385014684142e-05
160,10,5.0,0.55,2.025535536280248e-05,4.8087755115730444e-05
160,10,5.0,0.6,2.2467359839700483e-05,4.039443340523292e-05
160,10,5.0,0.65,2.43013764441818e-05,3.3081375020580735e-05
160,10,5.0,0.7,2.57900840539223e-05,2.6633261444092362e-05
160,10,5.0,0.75,2.6982164493981946e-05,2.1226717304505144e-05
160,10,5.0,0.8,2.792997440523179e-05,1.6850226328456803e-05
160,10,5.0,0.85,2.868258184205903e-05,1.3396315809688725e-05
160,10,5.0,0.9,2.928258831674889e-05,1.0721336193725597e-05
160,10,5.0,0.95,2.976525658215482e-05,8.679336652766864e-06
160,10,5.0,1.0,3.0158864075370393e-05,7.1385613605704125e-06
160,10,5.0,1.05,3.04855976349803e-05,5.9875881647574684e-06
160,10,5.0,1.1,3.0762600773381877e-05,5.135921966981488e-06
160,10,5.0,1.15,3.100297657710683e-05,4.51199347460828e-06
160,10,5.0,1.2,3.121666220104388e-05,4.0602205149867944e-06
160,10,5.0,1.25,3.1411151884718454e-05,3.7379822376984073e-06
160,10,5.0,1.3,3.159207515758291e-05,3.5128906625790377e-06
160,10,5.0,1.35,3.176364916850358e-05,3.3604931564683127e-06
160,10,5.0,1.4,3.192902725097188e-05,3.2624148161707515e-06
160,10,5.0,1.45,3.209056471055271e-05,3.2048950993948056e-06
160,10,5.0,1.5,3.225001998141269e-05,3.1776549533700272e-06
160,10,5.0,1.55,3.2408706053446386e-05,3.173030282290222e-06
160,10,5.0,1.6,3.256760402381119e-05,3.185314717365912e-06
160,10,5.0,1.65,3.2727448008484206e-05,3.2102641263158443e-06
160,10,5.0,1.7,3.288878850888113e-05,3.244724670429505e-06
160,10,5.0,1.75,3.305203963098025e-05,3.286354472715068e-06
160,10,5.0,1.8,3.32175142346781e-05,3.3334158062919554e-06
160,10,5.0,1.85,3.3385450078842956e-05,3.3846201885412178e-06
160,10,5.0,1.9,3.355602925841508e-05,3.439013048028276e-06
160,10,5.0,1.95,3.3729392649311524e-05,3.4958879275687206e-06
160,10,5.0,2.0,3.390565064074559e-05,3.554722698033398e-06
160,10,5.0,2.05,3.408489110799912e-05,3.6151321564362297e-06
160,10,5.0,2.1,3.42671853347787e-05,3.676832810282167e-06
160,10,5.0,2.15,3.4452592412445964e-05,3.739616720581465e-06
160,10,5.0,2.2,3.4641162507995466e-05,3.803332075916771e-06
160,10,5.0,2.25,3.483293929192417e-05,3.867868766646349e-06
160,10,5.0,2.3,3.502796174225242e-05,3.933147672748342e-06
160,10,5.0,2.35,3.522626548529315e-05,3.9991127094966525e-06
160,10,5.0,2.4,3.542788379244248e-05,4.065724921027699e-06
160,10,5.0,2.45,3.56328483215472e-05,4.132958094571901e-06
160,10,5.0,2.5,3.5841189668609063e-05,4.200795503852488e-06
160,10,5.0,2.55,3.605293777866398e-05,4.2692274909683265e-06
160,10,5.0,2.6,3.626812225208684e-05,4.338249670920027e-06
160,10,5.0,2.65,3.648677257326103e-05,4.407861598533285e-06
160,10,5.0,2.7,3.670891828159895e-05,4.478065778781478e-06
160,10,5.0,2.75,3.69345890997728e-05,4.548866932160389e-06
160,10,5.0,2.8,3.716381503018452e-05,4.6202714495016465e-06
160,10,5.0,2.85,3.739662642786915e-05,4.6922869875091865e-06
160,10,5.0,2.9,3.7633054055914676e-05,4.764922168831865e-06
160,10,5.0,2.95,3.7873129127927326e-05,4.8381863598033666e-06
160,10,5.0,3.0,3.81168833408947e-05,4.912089505890079e-06
160,10,5.0,3.05,3.836434890094774e-05,4.986642010021418e-06
160,10,5.0,3.1,3.861555854387454e-05,5.061854642790389e-06
160,10,5.0,3.15,3.887054555176676e-05,5.137738476344353e-06
160,10,5.0,3.2,3.91293437668217e-05,5.21430483588802e-06
160,10,5.0,3.25,3.9391987603063616e-05,5.291565264281315e-06
160,10,5.0,3.3,3.965851205654886e-05,5.369531496380943e-06
160,10,5.0,3.35,3.992895271448201e-05,5.4482154406285136e-06
160,10,5.0,3.4,4.020334576354722e-05,5.527629166035936e-06
160,10,5.0,3.45,4.04817279977004e-05,5.607784893188597e-06
160,10,5.0,3.5,4.0764136825585826e-05,5.688694988246559e-06
160,10,5.0,3.55,4.1050610277712346e-05,5.770371959180941e-06
160,10,5.0,3.6,4.134118701348625e-05,5.8528284536809805e-06
160,10,5.0,3.65,4.1635906328172e-05,5.936077258312907e-06
160,10,5.0,3.7,4.1934808159834486e-05,6.020131298617579e-06
160,10,5.0,3.75,4.223793309630505e-05,6.105003639916414e-06
160,10,5.0,3.8,4.254532238220372e-05,6.190707488651171e-06
160,10,5.0,3.85,4.285701792603551e-05,6.277256194132255e-06
160,10,5.0,3.9,4.317306230738514e-05,6.364663250598619e-06
160,10,5.0,3.95,4.3493498784220075e-05,6.452942299520229e-06
160,10,5.0,4.0,4.3818371300313134e-05,6.542107132090285e-06
160,10,5.0,4.05,4.4147724492796155e-05,6.632171691868455e-06
160,10,5.0,4.1,4.4481603699843984e-05,6.723150077546241e-06
160,10,5.0,4.15,4.4820054968504427e-05,6.81505654581517e-06
160,10,5.0,4.2,4.516312506267176e-05,6.907905514319862e-06
160,10,5.0,4.25,4.551086147120808e-05,7.001711564686299e-06
160,10,5.0,4.3,4.5863312416222034e-05,7.096489445617355e-06
160,10,5.0,4.35,4.622052686149825e-05,7.192254076047787e-06
160,10,5.0,4.4,4.658255452109302e-05,7.289020548356498e-06
160,10,5.0,4.45,4.6949445868083455e-05,7.386804131632763e-06
160,10,5.0,4.5,4.732125214348944e-05,7.48562027499353e-06
160,10,5.0,4.55,4.769802536535553e-05,7.585484610950922e-06
160,10,5.0,4.6,4.807981833801079e-05,7.686412958830879e-06
160,10,5.0,4.65,4.846668466149015e-05,7.788421328239877e-06
160,10,5.0,4.7,4.885867874114041e-05,7.891525922582996e-06
160,10,5.0,4.75,4.925585579739837e-05,7.99574314262981e-06
160,10,5.0,4.8,4.965827187574757e-05,8.101089590132472e-06
160,10,5.0,4.85,5.00659838568602e-05,8.207582071493812e-06
160,10,5.0,4.9,5.0479049466923026e-05,8.315237601488161e-06
160,10,5.0,4.95,5.089752728814817e-05,8.424073407032305e-06
160,10,5.0,5.0,5.1321476769477656e-05,8.534106931013435e-06
160,15,0.0,0.0,1.1043925444596744e-10,1.100738372999877e-09
160,15,0.0,0.05,1.7227165768003773e-10,1.3552914387174248e-09
160,15,0.0,0.1,2.438312706977063e-10,1.4832954230244824e-09
160,15,0.0,0.15,3.1822668993578166e-10,1.470251759169785e-09
160,15,0.0,0.2,3.889321629796169e-10,1.342361550216057e-09
160,15,0.0,0.25,4.5129977135048737e-10,1.1445954185488399e-09
160,15,0.0,0.3,5.029604327478635e-10,9.205249873346071e-10
160,15,0.0,0.35,5.434517299817347e-10,7.019558300668988e-10
160,15,0.0,0.4,5.735590745218297e-10,5.07208749003132e-10
160,15,0.0,0.45,5.946996365759203e-10,3.4385576640276426e-10
160,15,0.0,0.5,6.084806334265242e-10,2.1254332710461776e-10
160,15,0.0,0.55,6.164381004433529e-10,1.1023310298696638e-10
160,15,0.0,0.6,6.199120509483004e-10,3.2405159261686275e-11
160,15,0.0,0.65,6.200077096175324e-10,-2.566123877643268e-11
160,15,0.0,0.7,6.17603439950927e-10,-6.82535842554822e-11
160,15,0.0,0.75,6.133796385287728e-10,-9.898484466106032e-11
160,15,0.0,0.8,6.0785381087315e-10,-1.2076345543282204e-10
160,15,0.0,0.85,6.014143368654781e-10,-1.3586166992941978e-10
160,15,0.0,0.9,5.943497580910414e-10,-1.4601885542462427e-10
160,15,0.0,0.95,5.868727424589704e-10,-1.5254756760172207e-10
160,15,0.0,1.0,5.791389958861883e-10,-1.5642822101559765e-10
160,15,0.0,1.05,5.712618343697044e-10,-1.5838772652885084e-10
160,15,0.0,1.1,5.633232305348813e-10,-1.589620931803017e-10
160,15,0.0,1.15,5.553820925692732e-10,-1.5854492814202878e-10
160,15,0.0,1.2,5.474804187969859e-10,-1.574243335065403e-10
160,15,0.0,1.25,5.39647846378527e-10,-1.5581062553307783e-10
160,15,0.0,1.3,5.319049989378455e-10,-1.5385697601096558e-10
160,15,0.0,1.35,5.242659426272559e-10,-1.5167468660175322e-10
160,15,0.0,1.4,5.16739983943716e-10,-1.493444406560501e-10
160,15,0.0,1.45,5.093329834412997e-10,-1.4692456479221664e-10
160,15,0.0,1.5,5.020483144155649e-10,-1.4445708053521448e-10
160,15,0.0,1.55,4.948875617529349e-10,-1.4197212951547917e-10
160,15,0.0,1.6,4.87851030898256e-10,-1.3949120527065393e-10
160,15,0.0,1.65,4.809381182123623e-10,-1.3702951130324617e-10
160,15,0.0,1.7,4.741475802285839e-10,-1.3459768043719205e-10
160,15,0.0,1.75,4.674777292112517e-10,-1.3220302782050986e-10
160,15,0.0,1.8,4.6092657501667325e-10,-1.2985046369504488e-10
160,15,0.0,1.85,4.544919278436636e-10,-1.275431580923345e-10
160,15,0.0,1.9,4.481714725074122e-10,-1.252830247276945e-10
160,15,0.0,1.95,4.4196282198549723e-10,-1.230710731612973e-10
160,15,0.0,2.0,4.3586355588140065e-10,-1.209076649983482e-10
160,15,0.0,2.05,4.298712479174721e-10,-1.1879270019719259e-10
160,15,0.0,2.1,4.2398348545213236e-10,-1.167257524780984e-10
160,15,0.0,2.15,4.181978832021672e-10,-1.1470616766768031e-10
160,15,0.0,2.2,4.125120927580819e-10,-1.1273313505571708e-10
160,15,0.0,2.25,4.0692380904882025e-10,-1.1080573910341145e-10
160,15,0.0,2.3,4.0143077459749853e-10,-1.0892299684792316e-10
160,15,0.0,2.35,3.96030782180992e-10,-1.070838848957187e-10
160,15,0.0,2.4,3.907216763393009e-10,-1.052873588396113e-10
160,15,0.0,2.45,3.855013540590939e-10,-1.0353236716397157e-10
160,15,0.0,2.5,3.8036776486757735e-10,-1.0181786114176316e-10
160,15,0.0,2.55,3.7531891050817185e-10,-1.001428018183934e-10
160,15,0.0,2.6,3.7035284432271535e-10,-9.850616487988885e-11
160,15,0.0,2.65,3.6546767043070797e-10,-9.690694398619287e-11
160,15,0.0,2.7,3.6066154277114207e-10,-9.534415299245579e-11
160,15,0.0,2.75,3.559326640544989e-10,-9.381682736635558e-11
160,15,0.0,2.8,3.512792846591423e-10,-9.2324025025578e-11
160,15,0.0,2.85,3.4669970149683456e-10,-9.086482675868369e-11
160,15,0.0,2.9,3.421922568650707e-10,-8.943833634809692e-11
160,15,0.0,2.95,3.377553372988889e-10,-8.804368048157875e-11
160,15,0.0,3.0,3.3338737243099143e-10,-8.6680008514966e-11
160,15,0.0,3.05,3.2908683386651514e-10,-8.534649213174102e-11
160,15,0.0,3.1,3.248522340766749e-10,-8.404232493254343e-11
160,15,0.0,3.15,3.2068212531415733e-10,-8.276672197852282e-11
160,15,0.0,3.2,3.165750985521702e-10,-8.151891930588681e-11
160,15,0.0,3.25,3.1252978244814893e-10,-8.02981734240686e-11
160,15,0.0,3.3,3.0854484233283276e-10,-7.910376080649316e-11
160,15,0.0,3.35,3.0461897922483394e-10,-7.793497738031173e-11
160,15,0.0,3.4,3.007509288706273e-10,-7.679113801960078e-11
160,15,0.0,3.45,2.969394608097425e-10,-7.567157604522591e-11
160,15,0.0,3.5,2.9318337746476796e-10,-7.457564273351091e-11
160,15,0.0,3.55,2.8948151325561805e-10,-7.350270683517855e-11
160,15,0.0,3.6,2.858327337376291e-10,-7.245215410552667e-11
160,15,0.0,3.65,2.8223593476283236e-10,-7.142338684637565e-11
160,15,0.0,3.7,2.786900416638144e-10,-7.041582346011231e-11
160,15,0.0,3.75,2.751940084595881e-10,-6.942889801591065e-11
160,15,0.0,3.8,2.71746817082855e-10,-6.846205982813639e-11
160,15,0.0,3.85,2.683474766280213e-10,-6.751477304676118e-11
160,15,0.0,3.9,2.6499502261941466e-10,-6.658651625961041e-11
160,15,0.0,3.95,2.616885162990971e-10,-6.567678210621743e-11
160,15,0.0,4.0,2.584270439336858e-10,-6.478507690296522e-11
160,15,0.0,4.05,2.5520971613967276e-10,-6.391092027927889e-11
160,15,0.0,4.1,2.5203566722662004e-10,-6.305384482450242e-11
160,15,0.0,4.15,2.4890405455778843e-10,-6.221339574519688e-11
160,15,0.0,4.2,2.458140579276349e-10,-6.13891305325189e-11
160,15,0.0,4.25,2.4276487895568315e-10,-6.058061863937686e-11
160,15,0.0,4.3,2.397557404963174e-10,-5.978744116705372e-11
160,15,0.0,4.35,2.367858860640099e-10,-5.900919056100049e-11
160,15,0.0,4.4,2.3385457927351953e-10,-5.824547031549064e-11
160,15,0.0,4.45,2.3096110329466957e-10,-5.7495894686858756e-11
160,15,0.0,4.5,2.2810476032122802e-10,-5.676008841502609e-11
160,15,0.0,4.55,2.2528487105353e-10,-5.6037686453058715e-11
160,15,0.0,4.6,2.2250077419441715e-10,-5.5328333704465485e-11
160,15,0.0,4.65,2.197518259581297e-10,-5.463168476800085e-11
160,15,0.0,4.7,2.1703739959176383e-10,-5.3947403689693836e-11
160,15,0.0,4.75,2.1435688490896903e-10,-5.327516372189271e-11
160,15,0.0,4.8,2.1170968783551605e-10,-5.26146470890552e-11
160,15,0.0,4.85,2.09095229966401e-10,-5.1965544760074095e-11
160,15,0.0,4.9,2.065129481341929e-10,-5.1327556226916796e-11
160,15,0.0,4.95,2.0396229398828183e-10,-5.070038928935466e-11
160,15,0.0,5.0,2.014427335847454e-10,-5.008375984558299e-11
160,15,1.0,0.0,1.8646380801621915e-08,2.36476189572232e-07
160,15,1.0,0.05,3.3096673676963264e-08,3.409407631033383e-07
160,15,1.0,0.1,5.245553781787838e-08,4.284937694716203e-07
160,15,1.0,0.15,7.530470685189918e-08,4.780781492034207e-07
160,15,1.0,0.2,9.950524750672303e-08,4.826542111959969e-07
160,15,1.0,0.25,1.2292518338386408e-07,4.487679548532256e-07
160,15,1.0,0.3,1.439681697874392e-07,3.9005004099444766e-07
160,15,1.0,0.35,1.6175270026642096e-07,3.205599008426363e-07
160,15,1.0,0.4,1.7602588623791194e-07,2.5102601622246796e-07
160,15,1.0,0.45,1.8696478102312877e-07,1.8794125992415682e-07
160,15,1.0,0.5,1.9497797443800063e-07,1.3425592363430207e-07
160,15,1.0,0.55,2.0055739274876477e-07,9.05491079402003e-08
160,15,1.0,0.6,2.0418715275783124e-07,5.6080268084355564e-08
160,15,1.0,0.65,2.062974626761349e-07,2.9530436043859313e-08
160,15,1.0,0.7,2.0724791993006155e-07,9.447790832145096e-09
160,15,1.0,0.75,2.0732734570017048e-07,-5.521883303907029e-09
160,15,1.0,0.8,2.0676148192085854e-07,-1.6539241453888237e-08
160,15,1.0,0.85,2.0572341849650666e-07,-2.4550072614043692e-08
160,15,1.0,0.9,2.0434405543561754e-07,-3.030036966552435e-08
160,15,1.0,0.95,2.0272138734305947e-07,-3.4365722454701615e-08
160,15,1.0,1.0,2.009282162031305e-07,-3.7183492715748784e-08
160,15,1.0,1.05,1.9901830603227673e-07,-3.908241932804009e-08
160,15,1.0,1.1,1.97031167264779e-07,-4.0307671721686494e-08
160,15,1.0,1.15,1.9499571049433755e-07,-4.1041055569269606e-08
160,15,1.0,1.2,1.929330024920226e-07,-4.141682309270705e-08
160,15,1.0,1.25,1.908583269533075e-07,-4.1533798381466425e-08
160,15,1.0,1.3,1.8878271573497105e-07,-4.14645495749747e-08
160,15,1.0,1.35,1.86714081490155e-07,-4.126226061304811e-08
160,15,1.0,1.4,1.8465805270148295e-07,-4.096584436758538e-08
160,15,1.0,1.45,1.826185878210858e-07,-4.0603728553170275e-08
160,15,1.0,1.5,1.805984261465208e-07,-4.019664897493464e-08
160,15,1.0,1.55,1.7859941839601366e-07,-3.975970507473764e-08
160,15,1.0,1.6,1.7662276883795814e-07,-3.9303869762361344e-08
160,15,1.0,1.65,1.7466921250020145e-07,-3.8837096890176335e-08
160,15,1.0,1.7,1.7273914478364745e-07,-3.836513278216828e-08
160,15,1.0,1.75,1.7083271621172304e-07,-3.7892110465918104e-08
160,15,1.0,1.8,1.6894990165789674e-07,-3.742098455771265e-08
160,15,1.0,1.85,1.6709055089878113e-07,-3.695384940436042e-08
160,15,1.0,1.9,1.6525442550793608e-07,-3.6492171751954675e-08
160,15,1.0,1.95,1.6344122576125494e-07,-3.603696086626275e-08
160,15,1.0,2.0,1.6165061023973813e-07,-3.5588892896742446e-08
160,15,1.0,2.05,1.5988221009426677e-07,-3.514840177650142e-08
160,15,1.0,2.1,1.5813563940897604e-07,-3.471574565251471e-08
160,15,1.0,2.15,1.5641050271370052e-07,-3.42910554252388e-08
160,15,1.0,2.2,1.5470640041345357e-07,-3.387437020895016e-08
160,15,1.0,2.25,1.530229326964031e-07,-3.346566323085917e-08
160,15,1.0,2.3,1.5135970233070949e-07,-3.306486074107589e-08
160,15,1.0,2.35,1.4971631665026e-07,-3.2671855813791225e-08
160,15,1.0,2.4,1.4809238894856777e-07,-3.2286518414299705e-08
160,15,1.0,2.45,1.4648753944109995e-07,-3.190870273669474e-08
160,15,1.0,2.5,1.4490139591320325e-07,-3.153825254683669e-08
160,15,1.0,2.55,1.4333359413922364e-07,-3.117500506753552e-08
160,15,1.0,2.6,1.4178377813538123e-07,-3.081879379849974e-08
160,15,1.0,2.65,1.402516002921415e-07,-3.046945055798293e-08
160,15,1.0,2.7,1.3873672141943486e-07,-3.012680695590404e-08
160,15,1.0,2.75,1.3723881072915794e-07,-2.979069545177084e-08
160,15,1.0,2.8,1.3575754577275817e-07,-2.9460950109506245e-08
160,15,1.0,2.85,1.342926123468788e-07,-2.9137407131116844e-08
160,15,1.0,2.9,1.3284370437658178e-07,-2.8819905229101798e-08
160,15,1.0,2.95,1.314105237830312e-07,-2.8508285881384234e-08
160,15,1.0,3.0,1.2999278034068535e-07,-2.8202393500760558e-08
160,15,1.0,3.05,1.2859019152764694e-07,-2.7902075542260697e-08
160,15,1.0,3.1,1.272024823718399e-07,-2.7607182565498746e-08
160,15,1.0,3.15,1.258293852949132e-07,-2.7317568264500465e-08
160,15,1.0,3.2,1.244706399552856e-07,-2.703308947412566e-08
160,15,1.0,3.25,1.2312599309129608e-07,-2.6753606159728907e-08
160,15,1.0,3.3,1.2179519836519555e-07,-2.6478981394925974e-08
160,15,1.0,3.35,1.204780162084783e-07,-2.6209081330995994e-08
160,15,1.0,3.4,1.191742136688734e-07,-2.5943775160491047e-08
160,15,1.0,3.45,1.1788356425928936e-07,-2.5682935076939568e-08
160,15,1.0,3.5,1.166058478088218e-07,-2.542643623198247e-08
160,15,1.0,3.55,1.1534085031595373e-07,-2.5174156690937316e-08
160,15,1.0,3.6,1.1408836380400252e-07,-2.4925977387495577e-08
160,15,1.0,3.65,1.1284818617884625e-07,-2.468178207805515e-08
160,15,1.0,3.7,1.1162012108892436e-07,-2.444145729604815e-08
160,15,1.0,3.75,1.1040397778752603e-07,-2.4204892306521526e-08
160,15,1.0,3.8,1.0919957099733775e-07,-2.3971979061140487e-08
160,15,1.0,3.85,1.0800672077722269e-07,-2.3742612153735783e-08
160,15,1.0,3.9,1.068252523912148e-07,-2.3516688776470326e-08
160,15,1.0,3.95,1.0565499617968045e-07,-2.3294108676665e-08
160,15,1.0,4.0,1.0449578743262857e-07,-2.3074774114325536e-08
160,15,1.0,4.05,1.0334746626512498e-07,-2.2858589820358667e-08
160,15,1.0,4.1,1.0220987749476987e-07,-2.264546295548914e-08
160,15,1.0,4.15,1.0108287052122707e-07,-2.2435303069867e-08
160,15,1.0,4.2,9.996629920774817e-08,-2.2228022063343995e-08
160,15,1.0,4.25,9.886002176466164e-08,-2.2023534146400307e-08
160,15,1.0,4.3,9.77639006348118e-08,-2.18217558017079e-08
160,15,1.0,4.35,9.667780238089068e-08,-2.162260574629586e-08
160,15,1.0,4.4,9.560159757465802e-08,-2.1426004894305437e-08
160,15,1.0,4.45,9.453516068800684e-08,-2.1231876320298238e-08
160,15,1.0,4.5,9.347836998584207e-08,-2.1040145223101525e-08
160,15,1.0,4.55,9.243110742076664e-08,-2.0850738890166057e-08
160,15,1.0,4.6,9.139325852952764e-08,-2.066358666240633e-08
160,15,1.0,4.65,9.036471233121441e-08,-2.0478619899508553e-08
160,15,1.0,4.7,8.934536122717602e-08,-2.0295771945676983e-08
160,15,1.0,4.75,8.833510090264537e-08,-2.011497809580218e-08
160,15,1.0,4.8,8.733383023004126e-08,-1.993617556202602e-08
160,15,1.0,4.85,8.634145117393084e-08,-1.9759303440688183e-08
160,15,1.0,4.9,8.535786869764506e-08,-1.958430267963194e-08
160,15,1.0,4.95,8.438299067150636e-08,-1.941111604585334e-08
160,15,1.0,5.0,8.341672778267774e-08,-1.923968809347437e-08
160,15,2.0,0.0,4.982504317516429e-07,7.773942362399575e-06
160,15,2.0,0.05,1.021492452974938e-06,1.3394131547929085e-05
160,15,2.0,0.1,1.8517082878899081e-06,1.983387381841321e-05
160,15,2.0,0.15,2.9932741921113685e-06,2.5582871858395795e-05
160,15,2.0,0.2,4.375242099430607e-06,2.9274812629585172e-05
160,15,2.0,0.25,5.875978264317143e-06,3.0309869241633158e-05
160,15,2.0,0.3,7.365666582826166e-06,2.8927992217162486e-05
160,15,2.0,0.35,8.740792333997027e-06,2.5869492577798858e-05
160,15,2.0,0.4,9.93871538428555e-06,2.1970934144314593e-05
160,15,2.0,0.45,1.093532067762871e-05,1.7910014805034616e-05
160,15,2.0,0.5,1.1734409581215955e-05,1.4123316135779932e-05
160,15,2.0,0.55,1.2355979136049652e-05,1.0831165285628563e-05
160,15,2.0,0.6,1.2826947770458434e-05,8.101388486856995e-06
160,15,2.0,0.65,1.3175145563812118e-05,5.9118892287260804e-06
160,15,2.0,0.7,1.3426055973033755e-05,4.197126509615456e-06
160,15,2.0,0.75,1.3601440116936948e-05,2.877372255785437e-06
160,15,2.0,0.8,1.3719072833483528e-05,1.8747216538088884e-06
160,15,2.0,0.85,1.37930455843021e-05,1.1204641593792505e-06
160,15,2.0,0.9,1.3834300253133786e-05,5.574490259786678e-07
160,15,2.0,0.95,1.3851208789228103e-05,1.398659561006301e-07
160,15,2.0,1.0,1.3850109006778196e-05,-1.681119694467834e-07
160,15,2.0,1.05,1.3835761548990988e-05,-3.940328144609698e-07
160,15,2.0,1.1,1.381172164212095e-05,-5.588276064458742e-07
160,15,2.0,1.15,1.3780632563095395e-05,-6.782648281902885e-07
160,15,2.0,1.2,1.3744452688621354e-05,-7.641509368965831e-07
160,15,2.0,1.25,1.3704628734391308e-05,-8.25286432871932e-07
160,15,2.0,1.3,1.366222665091623e-05,-8.682097259403701e-07
160,15,2.0,1.35,1.3618029838023873e-05,-8.977668395790343e-07
160,15,2.0,1.4,1.3572612468449805e-05,-9.175429708728863e-07
160,15,2.0,1.45,1.3526394029853337e-05,-9.301868783183283e-07
160,15,2.0,1.5,1.347967978880515e-05,-9.376533626542552e-07
160,15,2.0,1.55,1.3432690752561901e-05,-9.413837977060585e-07
160,15,2.0,1.6,1.3385585823161804e-05,-9.424401487174161e-07
160,15,2.0,1.65,1.3338478161576345e-05,-9.416042517381563e-07
160,15,2.0,1.7,1.3291447266044031e-05,-9.394512455002796e-07
160,15,2.0,1.75,1.3244547882188225e-05,-9.364038241647337e-07
160,15,2.0,1.8,1.319781657336588e-05,-9.327722873266472e-07
160,15,2.0,1.85,1.3151276564287664e-05,-9.28784087739183e-07
160,15,2.0,1.9,1.310494131098548e-05,-9.246056213063483e-07
160,15,2.0,1.95,1.3058817131671562e-05,-9.203582910937319e-07
160,15,2.0,2.0,1.3012905145346946e-05,-9.161303473645172e-07
160,15,2.0,2.05,1.2967202700225048e-05,-9.11985612921077e-07
160,15,2.0,2.1,1.2921704426203624e-05,-9.079699123936032e-07
160,15,2.0,2.15,1.2876403010326583e-05,-9.04115809309963e-07
160,15,2.0,2.2,1.2831289768151163e-05,-9.004460961682063e-07
160,15,2.0,2.25,1.2786355064750355e-05,-8.969763656928522e-07
160,15,2.0,2.3,1.2741588624935032e-05,-8.937169051375338e-07
160,15,2.0,2.35,1.2696979761865287e-05,-8.90674091856865e-07
160,15,2.0,2.4,1.265251754553407e-05,-8.878514214623513e-07
160,15,2.0,2.45,1.260819092695446e-05,-8.852502653102361e-07
160,15,2.0,2.5,1.2563988829711141e-05,-8.828704285984755e-07
160,15,2.0,2.55,1.251990021746499e-05,-8.807105615827089e-07
160,15,2.0,2.6,1.2475914143740285e-05,-8.787684625958744e-07
160,15,2.0,2.65,1.2432019788654463e-05,-8.770413013698917e-07
160,15,2.0,2.7,1.238820648602326e-05,-8.755257836551656e-07
160,15,2.0,2.75,1.2344463743372068e-05,-8.742182726038846e-07
160,15,2.0,2.8,1.2300781256714082e-05,-8.731148783125039e-07
160,15,2.0,2.85,1.2257148921466755e-05,-8.722115239178725e-07
160,15,2.0,2.9,1.2213556840517769e-05,-8.715039944306465e-07
160,15,2.0,2.95,1.2169995330183597e-05,-8.709879728637885e-07
160,15,2.0,3.0,1.2126454924605823e-05,-8.706590670107763e-07
160,15,2.0,3.05,1.2082926378990454e-05,-8.705128293476017e-07
160,15,2.0,3.1,1.2039400671985032e-05,-8.705447718798695e-07
160,15,2.0,3.15,1.1995869007409856e-05,-8.707503772768828e-07
160,15,2.0,3.2,1.1952322815505843e-05,-8.711251072813934e-07
160,15,2.0,3.25,1.1908753753812555e-05,-8.716644091223457e-07
160,15,2.0,3.3,1.1865153707765395e-05,-8.723637204682633e-07
160,15,2.0,3.35,1.1821514791072618e-05,-8.732184733140761e-07
160,15,2.0,3.4,1.1777829345918522e-05,-8.742240970937039e-07
160,15,2.0,3.45,1.1734089943025145e-05,-8.753760212307373e-07
160,15,2.0,3.5,1.1690289381599024e-05,-8.766696772855409e-07
160,15,2.0,3.55,1.1646420689175251e-05,-8.781005008129146e-07
160,15,2.0,3.6,1.160247712137709e-05,-8.79663933016462e-07
160,15,2.0,3.65,1.155845216159434e-05,-8.813554222601997e-07
160,15,2.0,3.7,1.1514339520590237e-05,-8.831704254836892e-07
160,15,2.0,3.75,1.1470133136038185e-05,-8.851044095534509e-07
160,15,2.0,3.8,1.1425827171992697e-05,-8.871528525739003e-07
160,15,2.0,3.85,1.138141601829537e-05,-8.89311245175827e-07
160,15,2.0,3.9,1.133689428991657e-05,-8.915750917939143e-07
160,15,2.0,3.95,1.1292256826232859e-05,-8.939399119422118e-07
160,15,2.0,4.0,1.1247498690242073e-05,-8.964012414929268e-07
160,15,2.0,4.05,1.120261516771209e-05,-8.989546339629584e-07
160,15,2.0,4.1,1.1157601766267404e-05,-9.015956618100531e-07
160,15,2.0,4.15,1.1112454214408449e-05,-9.04319917739562e-07
160,15,2.0,4.2,1.106716846046704e-05,-9.071230160230289e-07
160,15,2.0,4.25,1.1021740671494206e-05,-9.100005938276142e-07
160,15,2.0,4.3,1.0976167232082941e-05,-9.129483125562367e-07
160,15,2.0,4.35,1.0930444743121712e-05,-9.159618591971884e-07
160,15,2.0,4.4,1.0884570020481603e-05,-9.190369476818396e-07
160,15,2.0,4.45,1.0838540093635222e-05,-9.221693202496347e-07
160,15,2.0,4.5,1.079235220420728e-05,-9.253547488183318e-07
160,15,2.0,4.55,1.0746003804455288e-05,-9.285890363577699e-07
160,15,2.0,4.6,1.0699492555684032e-05,-9.318680182661227e-07
160,15,2.0,4.65,1.0652816326588714e-05,-9.351875637462001e-07
160,15,2.0,4.7,1.0605973191530556e-05,-9.385435771800222e-07
160,15,2.0,4.75,1.0558961428743638e-05,-9.419319995006185e-07
160,15,2.0,4.8,1.051177951847337e-05,-9.453488095584272e-07
160,15,2.0,4.85,1.0464426141046013e-05,-9.487900254808709e-07
160,15,2.0,4.9,1.0416900174871561e-05,-9.52251706023014e-07
160,15,2.0,4.95,1.0369200694378713e-05,-9.557299519080527e-07
160,15,2.0,5.0,1.0321326967882846e-05,-9.59220907155295e-07
160,15,3.0,0.0,1.0307382985839944e-06,1.8867530904977286e-05
160,15,3.0,0.05,2.432284138530624e-06,3.888274210436323e-05
160,15,3.0,0.1,5.0840505320609e-06,6.862873287712525e-05
160,15,3.0,0.15,9.392296100707263e-06,0.00010406052161387044
160,15,3.0,0.2,1.5453439833239687e-05,0.00013729649105537965
160,15,3.0,0.25,2.2952824425770063e-05,0.00016052333788070126
160,15,3.0,0.3,3.1268363730553976e-05,0.00016967029681964714
160,15,3.0,0.35,3.969266227730398e-05,0.0001652895937317687
160,15,3.0,0.4,4.763159219194342e-05,0.0001509904674688316
160,15,3.0,0.45,5.470140419736015e-05,0.00013124720411044965
160,15,3.0,0.5,6.0729976671191066e-05,0.00010988004443656322
160,15,3.0,0.55,6.570607719924392e-05,8.947253463163851e-05
160,15,3.0,0.6,6.971700378179497e-05,7.142230289142259e-05
160,15,3.0,0.65,7.289661503327159e-05,5.625292307199593e-05
160,15,3.0,0.7,7.539021200051001e-05,4.3949640046696316e-05
160,15,3.0,0.75,7.733453805010428e-05,3.4220645195014474e-05
160,15,3.0,0.8,7.884854659771087e-05,2.6667744440764025e-05
160,15,3.0,0.85,8.003076876651336e-05,2.088361862871615e-05
160,15,3.0,0.9,8.096020940270166e-05,1.6499493727473302e-05
160,15,3.0,0.95,8.169881443087111e-05,1.3203126007988027e-05
160,15,3.0,1.0,8.229439364104192e-05,1.0740836052052015e-05
160,15,3.0,1.05,8.278343139408862e-05,8.912044527651933e-06
160,15,3.0,1.1,8.319354153480948e-05,7.561069237690741e-06
160,15,3.0,1.15,8.354549806033496e-05,6.568631109979737e-06
160,15,3.0,1.2,8.385485880148419e-05,5.8441793807571476e-06
160,15,3.0,1.25,8.413323489960767e-05,5.319425089010679e-06
160,15,3.0,1.3,8.438926823848727e-05,4.9431133929615124e-06
160,15,3.0,1.35,8.462937597966692e-05,4.676907659745115e-06
160,15,3.0,1.4,8.485831338388839e-05,4.492205761210244e-06
160,15,3.0,1.45,8.507959694423874e-05,4.367707338360909e-06
160,15,3.0,1.5,8.529582124353077e-05,4.287570801949018e-06
160,15,3.0,1.55,8.550889554734034e-05,4.24002563479163e-06
160,15,3.0,1.6,8.572022009542371e-05,4.216332111339387e-06
160,15,3.0,1.65,8.593081726075939e-05,4.2100039406151245e-06
160,15,3.0,1.7,8.614142902232931e-05,4.216228725482064e-06
160,15,3.0,1.75,8.635258934514223e-05,4.23143662811518e-06
160,15,3.0,1.8,8.656467789600929e-05,4.252979735613446e-06
160,15,3.0,1.85,8.677795989141108e-05,4.2788939286616875e-06
160,15,3.0,1.9,8.699261564919876e-05,4.307722139606025e-06
160,15,3.0,1.95,8.720876250027156e-05,4.3383832361196e-06
160,15,3.0,2.0,8.742647103346345e-05,4.370074785685592e-06
160,15,3.0,2.05,8.764577713846045e-05,4.4022009638762075e-06
160,15,3.0,2.1,8.786669093363256e-05,4.434319114142427e-06
160,15,3.0,2.15,8.808920338482948e-05,4.466100138740712e-06
160,15,3.0,2.2,8.8313291212855e-05,4.497299143874645e-06
160,15,3.0,2.25,8.853892053269855e-05,4.5277336859543656e-06
160,15,3.0,2.3,8.87660495529437e-05,4.557267651687864e-06
160,15,3.0,2.35,8.89946305787671e-05,4.585799313572153e-06
160,15,3.0,2.4,8.922461149893922e-05,4.613252479746799e-06
160,15,3.0,2.45,8.945593689049619e-05,4.639569936980903e-06
160,15,3.0,2.5,8.968854884016567e-05,4.664708593012632e-06
160,15,3.0,2.55,8.992238755596282e-05,4.6886358781863915e-06
160,15,3.0,2.6,9.015739182336404e-05,4.711327080292454e-06
160,15,3.0,2.65,9.039349934636874e-05,4.732763370942471e-06
160,15,3.0,2.7,9.063064700333447e-05,4.752930344405378e-06
160,15,3.0,2.75,9.086877103971619e-05,4.771816936185967e-06
160,15,3.0,2.8,9.110780721413015e-05,4.789414622991969e-06
160,15,3.0,2.85,9.134769090987359e-05,4.80571683121174e-06
160,15,3.0,2.9,9.158835722093652e-05,4.8207184998754566e-06
160,15,3.0,2.95,9.182974101916125e-05,4.834415758073802e-06
160,15,3.0,3.0,9.207177700749672e-05,4.84680568715179e-06
160,15,3.0,3.05,9.231439976300973e-05,4.857886145700644e-06
160,15,3.0,3.1,9.255754377237259e-05,4.867655641029362e-06
160,15,3.0,3.15,9.280114346182237e-05,4.876113235046129e-06
160,15,3.0,3.2,9.304513322307834e-05,4.883258475586121e-06
160,15,3.0,3.25,9.328944743633242e-05,4.889091346547811e-06
160,15,3.0,3.3,9.353402049109897e-05,4.893612231910269e-06
160,15,3.0,3.35,9.377878680553783e-05,4.8968218899893315e-06
160,15,3.0,3.4,9.402368084469317e-05,4.898721435218783e-06
160,15,3.0,3.45,9.426863713795749e-05,4.899312325450571e-06
160,15,3.0,3.5,9.45135902960156e-05,4.898596353288631e-06
160,15,3.0,3.55,9.475847502742625e-05,4.89657564034711e-06
160,15,3.0,3.6,9.500322615497406e-05,4.893252633616628e-06
160,15,3.0,3.65,9.52477786318835e-05,4.888630103332026e-06
160,15,3.0,3.7,9.549206755794296e-05,4.88271114187979e-06
160,15,3.0,3.75,9.573602819560859e-05,4.875499163427041e-06
160,15,3.0,3.8,9.597959598608996e-05,4.866997904007818e-06
160,15,3.0,3.85,9.622270656545163e-05,4.857211421887103e-06
160,15,3.0,3.9,9.646529578073701e-05,4.846144098069858e-06
160,15,3.0,3.95,9.670729970612203e-05,4.833800636843385e-06
160,15,3.0,4.0,9.694865465908647e-05,4.820186066287223e-06
160,15,3.0,4.05,9.718929721662019e-05,4.8053057386852935e-06
160,15,3.0,4.1,9.742916423143662e-05,4.789165330804964e-06
160,15,3.0,4.15,9.766819284820457e-05,4.771770844009772e-06
160,15,3.0,4.2,9.790632051977388e-05,4.753128604181955e-06
160,15,3.0,4.25,9.814348502339463e-05,4.733245261440626e-06
160,15,3.0,4.3,9.837962447692018e-05,4.7121277896400165e-06
160,15,3.0,4.35,9.861467735497651e-05,4.689783485645994e-06
160,15,3.0,4.4,9.884858250508544e-05,4.666219968374365e-06
160,15,3.0,4.45,9.908127916374423e-05,4.641445177598924e-06
160,15,3.0,4.5,9.931270697243044e-05,4.615467372517217e-06
160,15,3.0,4.55,9.954280599353125e-05,4.588295130078335e-06
160,15,3.0,4.6,9.977151672618764e-05,4.559937343073499e-06
160,15,3.0,4.65,9.999878012203094e-05,4.530403217985027e-06
160,15,3.0,4.7,0.00010022453760080977,4.499702272599916e-06
160,15,3.0,4.75,0.00010044873106589062,4.4678443333871775e-06
160,15,3.0,4.8,0.00010067130291962208,4.434839532645912e-06
160,15,3.0,4.85,0.00010089219607854699,4.400698305417617e-06
160,15,3.0,4.9,0.00010111135398846513,4.365431386178606e-06
160,15,3.0,4.95,0.00010132872063930923,4.329049805305553e-06
160,15,3.0,5.0,0.0001015442405798508,4.291564885321216e-06
160,15,4.0,0.0,3.5265857214641705e-07,7.183143486109731e-06
160,15,4.0,0.05,9.360904693033752e-07,1.738695847562273e-05
160,15,4.0,0.1,2.2411584986061125e-06,3.6510256062348084e-05
160,15,4.0,0.15,4.757679101014701e-06,6.570018232034773e-05
160,15,4.0,0.2,8.923856718171778e-06,0.00010149479518827471
160,15,4.0,0.25,1.4889742531078288e-05,0.00013622735432164095
160,15,4.0,0.3,2.2390710517455785e-05,0.00016173430783358956
160,15,4.0,0.35,3.0827775136914326e-05,0.0001732861554906095
160,15,4.0,0.4,3.948459344748275e-05,0.00017086905803512256
160,15,4.0,0.45,4.773705885150256e-05,0.00015782973012840935
160,15,4.0,0.5,5.516571441459438e-05,0.00013865829104498396
160,15,4.0,0.55,6.156781830339259e-05,0.0001173397661157828
160,15,4.0,0.6,6.691094322993582e-05,9.665467392209009e-05
160,15,4.0,0.65,7.127040786128823e-05,7.816598268508557e-05
160,15,4.0,0.7,7.477510051697152e-05,6.251165553722464e-05
160,15,4.0,0.75,7.75698650383448e-05,4.974483680005241e-05
160,15,4.0,0.8,7.97934762051794e-05,3.96075754246656e-05
160,15,4.0,0.85,8.156802289456949e-05,3.171382488139435e-05
160,15,4.0,0.9,8.299543902815434e-05,2.5656100187797098e-05
160,15,4.0,0.95,8.415795176005547e-05,2.1059379292921438e-05
160,15,4.0,1.0,8.512034693121054e-05,1.76028309353185e-05
160,15,4.0,1.05,8.593283171623855e-05,1.5023899967587183e-05
160,15,4.0,1.1,8.66338592902456e-05,1.3113846019273339e-05
160,15,4.0,1.15,8.725263127360236e-05,1.170993938840944e-05
160,15,4.0,1.2,8.781118689744856e-05,1.0687042628717067e-05
160,15,4.0,1.25,8.832608452650877e-05,9.949854470255239e-06
160,15,4.0,1.3,8.880972304400669e-05,9.426298386051349e-06
160,15,4.0,1.35,8.927136344004364e-05,9.062135396246875e-06
160,15,4.0,1.4,8.971790969284386e-05,8.816697774821384e-06
160,15,4.0,1.45,9.015450086762855e-05,8.659573863023048e-06
160,15,4.0,1.5,9.05849574871481e-05,8.568065255541576e-06
160,15,4.0,1.55,9.101211664089456e-05,8.525254124732903e-06
160,15,4.0,1.6,9.14380828062286e-05,8.518543783026697e-06
160,15,4.0,1.65,9.186441516952583e-05,8.538561728389096e-06
160,15,4.0,1.7,9.229226729970366e-05,8.578337913607979e-06
160,15,4.0,1.75,9.272249117259194e-05,8.632690688087801e-06
160,15,4.0,1.8,9.315571457937248e-05,8.697768742190935e-06
160,15,4.0,1.85,9.359239869376748e-05,8.770709862564033e-06
160,15,4.0,1.9,9.403288086477068e-05,8.849386948494498e-06
160,15,4.0,1.95,9.447740641670481e-05,8.93221910407546e-06
160,15,4.0,2.0,9.492615227518003e-05,9.018031201463567e-06
160,15,4.0,2.05,9.537924451738848e-05,9.105949515073879e-06
160,15,4.0,2.1,9.583677140783233e-05,9.195324181446172e-06
160,15,4.0,2.15,9.629879308018493e-05,9.285671599856362e-06
160,15,4.0,2.2,9.676534872794551e-05,9.376631650871066e-06
160,15,4.0,2.25,9.723646194485506e-05,9.467935923510163e-06
160,15,4.0,2.3,9.771214469121038e-05,9.559384119644862e-06
160,15,4.0,2.35,9.819240023976102e-05,9.650826531807564e-06
160,15,4.0,2.4,9.867722536383727e-05,9.742151031549527e-06
160,15,4.0,2.45,9.916661196278259e-05,9.83327340749846e-06
160,15,4.0,2.5,9.966054826957097e-05,9.92413019098432e-06
160,15,4.0,2.55,0.00010015901974815546,1.0014673328969855e-05
160,15,4.0,2.6,0.00010066200976047995,1.010486622884129e-05
160,15,4.0,2.65,0.0001011695000624402,1.0194680821963113e-05
160,15,4.0,2.7,0.00010168147117289049,1.0284095383826903e-05
160,15,4.0,2.75,0.00010219790264839067,1.0373092916067952e-05
160,15,4.0,2.8,0.00010271877328800625,1.0461659945782852e-05
160,15,4.0,2.85,0.00010324406128620365,1.0549785634744475e-05
160,15,4.0,2.9,0.00010377374434724885,1.0637461118796453e-05
160,15,4.0,2.95,0.00010430779977105551,1.0724679018180087e-05
160,15,4.0,3.0,0.0001048462045178853,1.0811433074825374e-05
160,15,4.0,3.05,0.00010538893525738544,1.0897717883924926e-05
160,15,4.0,3.1,0.00010593596840603952,1.0983528695529979e-05
160,15,4.0,3.15,0.00010648728015606738,1.1068861268149545e-05
160,15,4.0,3.2,0.00010704284649801336,1.1153711760949356e-05
160,15,4.0,3.25,0.00010760264323869739,1.1238076654623322e-05
160,15,4.0,3.3,0.00010816664601577381,1.1321952693530882e-05
160,15,4.0,3.35,0.00010873483030979835,1.1405336843625116e-05
160,15,4.0,3.4,0.00010930717145451533,1.1488226262085259e-05
160,15,4.0,3.45,0.00010988364464583952,1.1570618275621341e-05
160,15,4.0,3.5,0.00011046422494993127,1.165251036520573e-05
160,15,4.0,3.55,0.00011104888731062998,1.1733900155551507e-05
160,15,4.0,3.6,0.00011163760655645059,1.1814785408097245e-05
160,15,4.0,3.65,0.0001122303574072995,1.1895164016571296e-05
160,15,4.0,3.7,0.0001128271144810262,1.197503400444745e-05
160,15,4.0,3.75,0.00011342785229986455,1.205439352378098e-05
160,15,4.0,3.8,0.00011403254529686527,1.2133240855047147e-05
160,15,4.0,3.85,0.00011464116782232014,1.2211574407692964e-05
160,15,4.0,3.9,0.00011525369415024171,1.2289392721197481e-05
160,15,4.0,3.95,0.00011587009848489546,1.2366694466480309e-05
160,15,4.0,4.0,0.0001164903549674116,1.2443478447539118e-05
160,15,4.0,4.05,0.00011711443768248435,1.2519743603235282e-05
160,15,4.0,4.1,0.00011774232066516146,1.259548900915593e-05
160,15,4.0,4.15,0.00011837397790772896,1.267071387950764e-05
160,15,4.0,4.2,0.00011900938336668657,1.2745417569002471e-05
160,15,4.0,4.25,0.00011964851096981933,1.2819599574712272e-05
160,15,4.0,4.3,0.0001202913346233671,1.2893259537866494e-05
160,15,4.0,4.35,0.00012093782821926656,1.296639724558502e-05
160,15,4.0,4.4,0.00012158796564249579,1.3039012632523977e-05
160,15,4.0,4.45,0.00012224172077848452,1.3111105782439029e-05
160,15,4.0,4.5,0.00012289906752061043,1.3182676929645667e-05
160,15,4.0,4.55,0.00012355997977775627,1.3253726460384148e-05
160,15,4.0,4.6,0.00012422443148194488,1.3324254914077012e-05
160,15,4.0,4.65,0.00012489239659602242,1.3394262984481266e-05
160,15,4.0,4.7,0.00012556384912140451,1.346375152073004e-05
160,15,4.0,4.75,0.00012623876310586372,1.353272152826236e-05
160,15,4.0,4.8,0.0001269171126513728,1.3601174169648378e-05
160,15,4.0,4.85,0.00012759887192197785,1.3669110765294503e-05
160,15,4.0,4.9,0.00012828401515169963,1.373653279404255e-05
160,15,4.0,4.95,0.00012897251665247437,1.3803441893654028e-05
160,15,4.0,5.0,0.00012966435082210787,1.3869839861184766e-05
160,15,5.0,0.0,4.955486843841327e-08,1.0627708797380693e-06
160,15,5.0,0.05,1.4197862780058304e-07,2.911821609030339e-06
160,15,5.0,0.1,3.802416418535962e-07,7.142986825085971e-06
160,15,5.0,0.15,9.210578018566685e-07,1.5235386766118304e-05
160,15,5.0,0.2,1.980569172605274e-06,2.7863290173612132e-05
160,15,5.0,0.25,3.762259874712674e-06,4.37098578104297e-05
160,15,5.0,0.3,6.350402948265198e-06,5.947189586509282e-05
160,15,5.0,0.35,9.64496270780014e-06,7.141692208455218e-05
160,15,5.0,0.4,1.338837815410854e-05,7.721523765737276e-05
160,15,5.0,0.45,1.725968779730646e-05,7.66608429997847e-05
160,15,5.0,0.5,2.0971566308746404e-05,7.115180652337967e-05
160,15,5.0,0.55,2.4325878812215062e-05,6.269573600719563e-05
160,15,5.0,0.6,2.7222915793662734e-05,5.312730530332358e-05
160,15,5.0,0.65,2.9642170459978057e-05,4.375343761538171e-05
160,15,5.0,0.7,3.16142559449999e-05,3.532489462997349e-05
160,15,5.0,0.75,3.319588762610129e-05,2.816090963133276e-05
160,15,5.0,0.8,3.445220489223448e-05,2.2303578684436083e-05
160,15,5.0,0.85,3.5446258680401954e-05,1.7645058936610723e-05
160,15,5.0,0.9,3.6233837788535225e-05,1.4013829715818723e-05
160,15,5.0,0.95,3.686168265254746e-05,1.1225561206233122e-05
160,15,5.0,1.0,3.7367578135340846e-05,9.10917977771467e-06
160,15,5.0,1.05,3.7781333375481e-05,7.517657844582921e-06
160,15,5.0,1.1,3.812606708787802e-05,6.3303511251516e-06
160,15,5.0,1.15,3.8419492540886e-05,5.451192208896952e-06
160,15,5.0,1.2,3.8675063218584615e-05,4.805222984539498e-06
160,15,5.0,1.25,3.890293262879189e-05,4.334777143567898e-06
160,15,5.0,1.3,3.9110728381915915e-05,3.995932900557815e-06
160,15,5.0,1.35,3.930416117108113e-05,3.7554759641000053e-06
160,15,5.0,1.4,3.948749586040962e-05,3.5884188698776294e-06
160,15,5.0,1.45,3.9663911654248284e-05,3.476033803408099e-06
160,15,5.0,1.5,3.9835775186188014e-05,3.4043228960096966e-06
160,15,5.0,1.55,4.000484635437313e-05,3.3628445679186667e-06
160,15,5.0,1.6,4.017243280182565e-05,3.3438214700512686e-06
160,15,5.0,1.65,4.033950549488258e-05,3.3414669715084796e-06
160,15,5.0,1.7,4.0506785001111255e-05,3.351479081069028e-06
160,15,5.0,1.75,4.067480578903056e-05,3.3706614918160755e-06
160,15,5.0,1.8,4.084396409111536e-05,3.3966405271300534e-06
160,15,5.0,1.85,4.1014553500908034e-05,3.427654103235572e-06
160,15,5.0,1.9,4.118679143109446e-05,3.462394593466225e-06
160,15,5.0,1.95,4.136083877004105e-05,3.4998919393569175e-06
160,15,5.0,2.0,4.1536814480637e-05,3.5394267606302874e-06
160,15,5.0,2.05,4.171480644040455e-05,3.5804657973202337e-06
160,15,5.0,2.1,4.189487948944206e-05,3.6226139614467137e-06
160,15,5.0,2.15,4.207708140483412e-05,3.6655787339036456e-06
160,15,5.0,2.2,4.2261447335536744e-05,3.7091437326949562e-06
160,15,5.0,2.25,4.244800309438907e-05,3.753149092338788e-06
160,15,5.0,2.3,4.263676760179099e-05,3.7974769004318853e-06
160,15,5.0,2.35,4.2827754699720654e-05,3.84204038846032e-06
160,15,5.0,2.4,4.30209744984133e-05,3.886775909306155e-06
160,15,5.0,2.45,4.3216434376192555e-05,3.93163698313176e-06
160,15,5.0,2.5,4.3414139721879e-05,3.976589878415889e-06
160,15,5.0,2.55,4.361409448614475e-05,4.021610332361306e-06
160,15,5.0,2.6,4.381630159108448e-05,4.066681116932839e-06
160,15,5.0,2.65,4.402076323455097e-05,4.111790232519148e-06
160,15,5.0,2.7,4.422748111640119e-05,4.156929567416713e-06
160,15,5.0,2.75,4.443645660678724e-05,4.202093903065255e-06
160,15,5.0,2.8,4.464769087144405e-05,4.247280175909661e-06
160,15,5.0,2.85,4.4861184965067334e-05,4.292486929748015e-06
160,15,5.0,2.9,4.507693990102183e-05,4.33771390947674e-06
160,15,5.0,2.95,4.529495670348621e-05,4.382961759789621e-06
160,15,5.0,3.0,4.5515236446581526e-05,4.428231801792043e-06
160,15,5.0,3.05,4.573778028384589e-05,4.473525867448994e-06
160,15,5.0,3.1,4.596258947056033e-05,4.518846176967872e-06
160,15,5.0,3.15,4.6189665380775456e-05,4.564195248052902e-06
160,15,5.0,3.2,4.641900952042748e-05,4.609575828818609e-06
160,15,5.0,3.25,4.6650623537555636e-05,4.654990848263489e-06
160,15,5.0,3.3,4.6884509230389986e-05,4.700443379781637e-06
160,15,5.0,3.35,4.7120668553864195e-05,4.745936614346056e-06
160,15,5.0,3.4,4.735910362497762e-05,4.791473840872677e-06
160,15,5.0,3.45,4.75998167273192e-05,4.837058431910467e-06
160,15,5.0,3.5,4.784281031497125e-05,4.882693833281421e-06
160,15,5.0,3.55,4.808808701598009e-05,4.928383556650317e-06
160,15,5.0,3.6,4.8335649635508863e-05,4.9741311742624194e-06
160,15,5.0,3.65,4.858550115876674e-05,5.019940315290661e-06
160,15,5.0,3.7,4.883764475379249e-05,5.065814663368267e-06
160,15,5.0,3.75,4.909208377413388e-05,5.111757955000504e-06
160,15,5.0,3.8,4.934882176146397e-05,5.157773978622902e-06
160,15,5.0,3.85,4.960786244816598e-05,5.2038665741336715e-06
160,15,5.0,3.9,4.986920975990086e-05,5.250039632775304e-06
160,15,5.0,3.95,5.013286781817863e-05,5.296297097268517e-06
160,15,5.0,4.0,5.039884094293795e-05,5.342642962131291e-06
160,15,5.0,4.05,5.0667133655148257e-05,5.389081274126247e-06
160,15,5.0,4.1,5.093775067943257e-05,5.435616132803564e-06
160,15,5.0,4.15,5.121069694672557e-05,5.4822516911057175e-06
160,15,5.0,4.2,5.148597759695629e-05,5.528992156015765e-06
160,15,5.0,4.25,5.176359798176807e-05,5.575841789232692e-06
160,15,5.0,4.3,5.204356366727185e-05,5.622804907861459e-06
160,15,5.0,4.35,5.232588043683302e-05,5.6698858851106395e-06
160,15,5.0,4.4,5.2610554293894495e-05,5.717089150990045e-06
160,15,5.0,4.45,5.2897591464835386e-05,5.7644191930038e-06
160,15,5.0,4.5,5.318699840185952e-05,5.811880556838469e-06
160,15,5.0,4.55,5.347878178592514e-05,5.8594778470380455e-06
160,15,5.0,4.6,5.3772948529703735e-05,5.907215727669711e-06
160,15,5.0,4.65,5.406950578056994e-05,5.955098922977359e-06
160,15,5.0,4.7,5.436846092362943e-05,6.003132218020198e-06
160,15,5.0,4.75,5.466982158477459e-05,6.051320459299727e-06
160,15,5.0,4.8,5.497359563377109e-05,6.099668555370048e-06
160,15,5.0,4.85,5.527979118737658e-05,6.148181477438264e-06
160,15,5.0,4.9,5.5588416612486903e-05,6.196864259946762e-06
160,15,5.0,4.95,5.5899480529313444e-05,6.2457220011451415e-06
160,15,5.0,5.0,5.6212991814587134e-05,6.294759863647623e-06
160,20,0.0,0.0,1.1352921564175227e-10,1.2121401256999447e-09
160,20,0.0,0.05,1.8311030959537914e-10,1.5547508388563834e-09
160,20,0.0,0.1,2.6673553518720246e-10,1.7630727888075081e-09
160,20,0.0,0.15,3.5655262323794687e-10,1.8014133728110544e-09
160,20,0.0,0.2,4.443327072639762e-10,1.688155727080048e-09
160,20,0.0,0.25,5.236685686613782e-10,1.4730333587124604e-09
160,20,0.0,0.3,5.908553918996724e-10,1.210641905733368e-09
160,20,0.0,0.35,6.446737336574341e-10,9.44139983256585e-10
160,20,0.0,0.4,6.856572131683488e-10,7.004274711344291e-10
160,20,0.0,0.45,7.153139682134342e-10,4.922424413512201e-10
160,20,0.0,0.5,7.355269490317188e-10,3.226079807677119e-10
160,20,0.0,0.55,7.481769290255363e-10,1.8902493832178748e-10
160,20,0.0,0.6,7.549473601193772e-10,8.649886253665926e-11
160,20,0.0,0.65,7.572502011173581e-10,9.388904312472679e-12
160,20,0.0,0.7,7.562208150183262e-10,-4.762138500257024e-11
160,20,0.0,0.75,7.527462817636429e-10,-8.910993842422903e-11
160,20,0.0,0.8,7.475057847457896e-10,-1.188141650306935e-10
160,20,0.0,0.85,7.410117514150718e-10,-1.3968267432373748e-10
160,20,0.0,0.9,7.336465868850953e-10,-1.5398877209516014e-10
160,20,0.0,0.95,7.256932622286314e-10,-1.6345729944677847e-10
160,20,0.0,1.0,7.173597349401735e-10,-1.6938218586941713e-10
160,20,0.0,1.05,7.087979202833315e-10,-1.7272618742296018e-10
160,20,0.0,1.1,7.001181599606526e-10,-1.7420136259240574e-10
160,20,0.0,1.15,6.914001162706184e-10,-1.743319968272576e-10
160,20,0.0,1.2,6.827009008581983e-10,-1.7350279248718082e-10
160,20,0.0,1.25,6.740611008243277e-10,-1.7199525433136836e-10
160,20,0.0,1.3,6.65509225188814e-10,-1.7001489094930906e-10
160,20,0.0,1.35,6.570649746016657e-10,-1.6771140772114792e-10
160,20,0.0,1.4,6.487416397024512e-10,-1.6519362172027736e-10
160,20,0.0,1.45,6.405478570534659e-10,-1.625404382242893e-10
160,20,0.0,1.5,6.324888929062423e-10,-1.598089076095813e-10
160,20,0.0,1.55,6.24567580722226e-10,-1.5704012795951753e-10
160,20,0.0,1.6,6.167850052038764e-10,-1.5426356342984543e-10
160,20,0.0,1.65,6.091410009655589e-10,-1.5150020039619814e-10
160,20,0.0,1.7,6.016345157807619e-10,-1.4876485247515255e-10
160,20,0.0,1.75,5.942638749525863e-10,-1.460678430245914e-10
160,20,0.0,1.8,5.870269735262099e-10,-1.4341623273844063e-10
160,20,0.0,1.85,5.799214158614794e-10,-1.4081471503373627e-10
160,20,0.0,1.9,5.729446168163047e-10,-1.382662689439408e-10
160,20,0.0,1.95,5.660938749411086e-10,-1.3577263506083362e-10
160,20,0.0,2.0,5.593664252730253e-10,-1.3333466238045532e-10
160,20,0.0,2.05,5.527594772655838e-10,-1.3095256098039597e-10
160,20,0.0,2.1,5.46270241891808e-10,-1.2862608601305462e-10
160,20,0.0,2.15,5.398959508657518e-10,-1.2635467160636454e-10
160,20,0.0,2.2,5.33633870130247e-10,-1.2413752823338877e-10
160,20,0.0,2.25,5.274813091771853e-10,-1.2197371344225903e-10
160,20,0.0,2.3,5.214356273423765e-10,-1.198621831612399e-10
160,20,0.0,2.35,5.154942379079453e-10,-1.1780182884111746e-10
160,20,0.0,2.4,5.096546106192165e-10,-1.1579150427317117e-10
160,20,0.0,2.45,5.039142730587377e-10,-1.1383004488238932e-10
160,20,0.0,2.5,4.982708111999783e-10,-1.119162815381041e-10
160,20,0.0,2.55,4.927218693755266e-10,-1.1004905037172251e-10
160,20,0.0,2.6,4.872651498309506e-10,-1.0822719968824748e-10
160,20,0.0,2.65,4.818984119886932e-10,-1.064495947642852e-10
160,20,0.0,2.7,4.766194715125055e-10,-1.0471512111079394e-10
160,20,0.0,2.75,4.714261992380811e-10,-1.0302268662237184e-10
160,20,0.0,2.8,4.663165200174535e-10,-1.0137122292077107e-10
160,20,0.0,2.85,4.612884115115268e-10,-9.9759686116936e-11
160,20,0.0,2.9,4.5633990295555895e-10,-9.818705715521933e-11
160,20,0.0,2.95,4.514690739153161e-10,-9.665234185895503e-11
160,20,0.0,3.0,4.4667405304653056e-10,-9.515457076429471e-11
160,20,0.0,3.05,4.4195301686661923e-10,-9.369279880554193e-11
160,20,0.0,3.1,4.3730418854484897e-10,-9.226610489798181e-11
160,20,0.0,3.15,4.327258367152214e-10,-9.08735914516663e-11
160,20,0.0,3.2,4.282162743148768e-10,-8.951438384038737e-11
160,20,0.0,3.25,4.2377385744974283e-10,-8.818762984336933e-11
160,20,0.0,3.3,4.193969842885793e-10,-8.689249907237903e-11
160,20,0.0,3.35,4.1508409398579253e-10,-8.56281823933308e-11
160,20,0.0,3.4,4.1083366563317187e-10,-8.439389134887649e-11
160,20,0.0,3.45,4.0664421724039094e-10,-8.318885758659362e-11
160,20,0.0,3.5,4.025143047438693e-10,-8.201233229598644e-11
160,20,0.0,3.55,3.9844252104352446e-10,-8.086358565652205e-11
160,20,0.0,3.6,3.9442749506681935e-10,-7.974190629818043e-11
160,20,0.0,3.65,3.904678908594497e-10,-7.864660077546989e-11
160,20,0.0,3.7,3.8656240670196125e-10,-7.757699305550583e-11
160,20,0.0,3.75,3.8270977425161325e-10,-7.653242402040004e-11
160,20,0.0,3.8,3.789087577088047e-10,-7.551225098411559e-11
160,20,0.0,3.85,3.751581530072189e-10,-7.451584722368171e-11
160,20,0.0,3.9,3.7145678702711365e-10,-7.354260152467149e-11
160,20,0.0,3.95,3.6780351683096925e-10,-7.259191774068564e-11
160,20,0.0,4.0,3.641972289207848e-10,-7.166321436659631e-11
160,20,0.0,4.05,3.6063683851644495e-10,-7.075592412525383e-11
160,20,0.0,4.1,3.5712128885433765e-10,-6.986949356731685e-11
160,20,0.0,4.15,3.5364955050572755e-10,-6.900338268388421e-11
160,20,0.0,4.2,3.5022062071415417e-10,-6.815706453159708e-11
160,20,0.0,4.25,3.4683352275125426e-10,-6.733002486984349e-11
160,20,0.0,4.3,3.434873052904776e-10,-6.652176180975133e-11
160,20,0.0,4.35,3.401810417980202e-10,-6.573178547461521e-11
160,20,0.0,4.4,3.369138299404641e-10,-6.495961767141274e-11
160,20,0.0,4.45,3.336847910086063e-10,-6.420479157311864e-11
160,20,0.0,4.5,3.304930693568562e-10,-6.346685141144491e-11
160,20,0.0,4.55,3.2733783185778043e-10,-6.274535217973449e-11
160,20,0.0,4.6,3.242182673712522e-10,-6.203985934567007e-11
160,20,0.0,4.65,3.211335862276979e-10,-6.134994857351806e-11
160,20,0.0,4.7,3.1808301972503313e-10,-6.067520545558943e-11
160,20,0.0,4.75,3.150658196387863e-10,-6.001522525266565e-11
160,20,0.0,4.8,3.120812577449761e-10,-5.936961264306105e-11
160,20,0.0,4.85,3.091286253553356e-10,-5.873798148010215e-11
160,20,0.0,4.9,3.0620723286446353e-10,-5.8119954557720325e-11
160,20,0.0,4.95,3.033164093084742e-10,-5.7515163383901985e-11
160,20,0.0,5.0,3.004555019348131e-10,-5.6923247961772097e-11
160,20,1.0,0.0,1.4349177279159145e-08,1.9300651539812144e-07
160,20,1.0,0.05,2.643853802862176e-08,2.9133231895627843e-07
160,20,1.0,0.1,4.334717017643204e-08,3.815687357918405e-07
160,20,1.0,0.15,6.407910894493116e-08,4.4124642898665926e-07
160,20,1.0,0.2,8.676937200633861e-08,4.592664277997764e-07
160,20,1.0,0.25,1.0935010469056396e-07,4.3824535605017186e-07
160,20,1.0,0.3,1.301321673477812e-07,3.895801884807107e-07
160,20,1.0,0.35,1.4807445694384936e-07,3.2680520207467147e-07
160,20,1.0,0.4,1.6276668107918906e-07,2.611323510813135e-07
160,20,1.0,0.45,1.7426328619586452e-07,1.9987272306022318e-07
160,20,1.0,0.5,1.8289084098886763e-07,1.4674104669924445e-07
160,20,1.0,0.55,1.8909283440341584e-07,1.0288654005494165e-07
160,20,1.0,0.6,1.9332834532616007e-07,6.793985382764912e-08
160,20,1.0,0.65,1.9601704382915335e-07,4.079966046548912e-08
160,20,1.0,0.7,1.975161107508456e-07,2.0129183818369346e-08
160,20,1.0,0.75,1.9811600802090507e-07,4.627075091948505e-09
160,20,1.0,0.8,1.980458037840662e-07,-6.849168736790281e-09
160,20,1.0,0.85,1.9748232488533118e-07,-1.5244926241852723e-08
160,20,1.0,0.9,1.9655999987489793e-07,-2.1313753670781007e-08
160,20,1.0,0.95,1.9537989062402745e-07,-2.564151682008987e-08
160,20,1.0,1.0,1.9401734309933532e-07,-2.867594553315264e-08
160,20,1.0,1.05,1.925281706468411e-07,-3.075508400416513e-08
160,20,1.0,1.1,1.909535033715949e-07,-3.2131958348413006e-08
160,20,1.0,1.15,1.893235155855111e-07,-3.299477206650431e-08
160,20,1.0,1.2,1.8766025134796985e-07,-3.3482868853027294e-08
160,20,1.0,1.25,1.8597974547118649e-07,-3.369906351053284e-08
160,20,1.0,1.3,1.8429360458466313e-07,-3.37190200952016e-08
160,20,1.0,1.35,1.82610179799152e-07,-3.3598307507214965e-08
160,20,1.0,1.4,1.8093543329795878e-07,-3.337766720383063e-08
160,20,1.0,1.45,1.792735770428415e-07,-3.3086924591846245e-08
160,20,1.0,1.5,1.7762754260506431e-07,-3.2747881883207125e-08
160,20,1.0,1.55,1.7599932627576566e-07,-3.237645154220261e-08
160,20,1.0,1.6,1.7439024229174543e-07,-3.198422642148625e-08
160,20,1.0,1.65,1.7280110848869466e-07,-3.157963358506214e-08
160,20,1.0,1.7,1.7123238232549643e-07,-3.116878127529103e-08
160,20,1.0,1.75,1.696842604927696e-07,-3.0756080138354626e-08
160,20,1.0,1.8,1.6815675181922188e-07,-3.034469861254837e-08
160,20,1.0,1.85,1.6664973060811407e-07,-2.993689660995456e-08
160,20,1.0,1.9,1.6516297563625364e-07,-2.95342699433722e-08
160,20,1.0,1.95,1.6369619865180796e-07,-2.9137929331357813e-08
160,20,1.0,2.0,1.6224906518227957e-07,-2.8748631467967343e-08
160,20,1.0,2.05,1.6082120971231794e-07,-2.83668749788132e-08
160,20,1.0,2.1,1.5941224673999833e-07,-2.7992970660095256e-08
160,20,1.0,2.15,1.5802177881635018e-07,-2.7627092884854443e-08
160,20,1.0,2.2,1.566494023772343e-07,-2.7269317218939726e-08
160,20,1.0,2.25,1.5529471195994376e-07,-2.6919647939508903e-08
160,20,1.0,2.3,1.5395730323828916e-07,-2.6578038160273682e-08
160,20,1.0,2.35,1.526367751937834e-07,-2.624440454359398e-08
160,20,1.0,2.4,1.513327316554411e-07,-2.5918638049304186e-08
160,20,1.0,2.45,1.5004478237843235e-07,-2.5600611781885404e-08
160,20,1.0,2.5,1.487725437862543e-07,-2.5290186713343256e-08
160,20,1.0,2.55,1.4751563946764112e-07,-2.498721585098775e-08
160,20,1.0,2.6,1.4627370049503414e-07,-2.469154726692888e-08
160,20,1.0,2.65,1.4504636561347625e-07,-2.4403026294503736e-08
160,20,1.0,2.7,1.4383328133571487e-07,-2.4121497115152095e-08
160,20,1.0,2.75,1.4263410196969605e-07,-2.3846803899435546e-08
160,20,1.0,2.8,1.414484895975772e-07,-2.3578791622066524e-08
160,20,1.0,2.85,1.4027611402025448e-07,-2.3317306638741426e-08
160,20,1.0,2.9,1.3911665267762633e-07,-2.3062197089089514e-08
160,20,1.0,2.95,1.3796979055204133e-07,-2.2813313172799368e-08
160,20,1.0,3.0,1.368352200603786e-07,-2.2570507333432507e-08
160,20,1.0,3.05,1.3571264093869783e-07,-2.2333634375166403e-08
160,20,1.0,3.1,1.3460176012233057e-07,-2.2102551530947957e-08
160,20,1.0,3.15,1.3350229162349364e-07,-2.1877118495613293e-08
160,20,1.0,3.2,1.3241395640790953e-07,-2.1657197433867746e-08
160,20,1.0,3.25,1.3133648227149228e-07,-2.144265297037448e-08
160,20,1.0,3.3,1.3026960371786964e-07,-2.123335216725977e-08
160,20,1.0,3.35,1.292130618372694e-07,-2.1029164492907966e-08
160,20,1.0,3.4,1.2816660418710093e-07,-2.082996178486461e-08
160,20,1.0,3.45,1.271299846745166e-07,-2.0635618208921538e-08
160,20,1.0,3.5,1.2610296344107192e-07,-2.0446010215880197e-08
160,20,1.0,3.55,1.2508530674957872e-07,-2.0261016497074278e-08
160,20,1.0,3.6,1.2407678687320618e-07,-2.0080517939453395e-08
160,20,1.0,3.65,1.2307718198682108e-07,-1.9904397580781655e-08
160,20,1.0,3.7,1.220862760605537e-07,-1.9732540565364278e-08
160,20,1.0,3.75,1.2110385875556245e-07,-1.956483410057724e-08
160,20,1.0,3.8,1.2012972532195154e-07,-1.9401167414416736e-08
160,20,1.0,3.85,1.1916367649876606e-07,-1.924143171417972e-08
160,20,1.0,3.9,1.1820551841604783e-07,-1.908552014638859e-08
160,20,1.0,3.95,1.1725506249883909e-07,-1.8933327757993813e-08
160,20,1.0,4.0,1.163121253731084e-07,-1.8784751458898624e-08
160,20,1.0,4.05,1.1537652877351095e-07,-1.8639689985807103e-08
160,20,1.0,4.1,1.1444809945292675e-07,-1.8498043867398235e-08
160,20,1.0,4.15,1.1352666909370009e-07,-1.8359715390812094e-08
160,20,1.0,4.2,1.1261207422053376e-07,-1.82246085694311e-08
160,20,1.0,4.25,1.1170415611495124e-07,-1.8092629111926877e-08
160,20,1.0,4.3,1.1080276073128106e-07,-1.796368439255153e-08
160,20,1.0,4.35,1.0990773861409961e-07,-1.7837683422637183e-08
160,20,1.0,4.4,1.090189448170549e-07,-1.7714536823270842e-08
160,20,1.0,4.45,1.0813623882305129e-07,-1.75941567991183e-08
160,20,1.0,4.5,1.0725948446568953e-07,-1.7476457113350446e-08
160,20,1.0,4.55,1.0638854985195375e-07,-1.73613530636475e-08
160,20,1.0,4.6,1.0552330728606437e-07,-1.7248761459236827e-08
160,20,1.0,4.65,1.0466363319444483e-07,-1.7138600598932584e-08
160,20,1.0,4.7,1.038094080517833e-07,-1.703079025014405e-08
160,20,1.0,4.75,1.0296051630810017e-07,-1.692525162880703e-08
160,20,1.0,4.8,1.0211684631680816e-07,-1.6821907380214207e-08
160,20,1.0,4.85,1.0127829026370171e-07,-1.6720681560698696e-08
160,20,1.0,4.9,1.0044474409685298e-07,-1.66214996201419e-08
160,20,1.0,4.95,9.961610745734918e-08,-1.652428838526728e-08
160,20,1.0,5.0,9.879228361085296e-08,-1.642897604368658e-08
160,20,2.0,0.0,2.968232535719289e-07,4.855653192357785e-06
160,20,2.0,0.05,6.324163436798638e-07,8.780272734550546e-06
160,20,2.0,0.1,1.1903739877802834e-06,1.3614271637917851e-05
160,20,2.0,0.15,1.991494167126419e-06,1.830432324236798e-05
160,20,2.0,0.2,2.999149518108454e-06,2.1712511335139288e-05
160,20,2.0,0.25,4.129900502354131e-06,2.3173811191934117e-05
160,20,2.0,0.3,5.283790764328031e-06,2.2687064629768064e-05
160,20,2.0,0.35,6.373984612848999e-06,2.0727939639614364e-05
160,20,2.0,0.4,7.342717974538091e-06,1.793373919417724e-05
160,20,2.0,0.45,8.162929135296976e-06,1.4867586101597599e-05
160,20,2.0,0.5,8.831533300831942e-06,1.1918862465572528e-05
160,20,2.0,0.55,9.360428252801268e-06,9.302519029870288e-06
160,20,2.0,0.6,9.768761898115767e-06,7.102089340036791e-06
160,20,2.0,0.65,1.007761640064556e-05,5.319043779077255e-06
160,20,2.0,0.7,1.0306943456577361e-05,3.912115520517437e-06
160,20,2.0,0.75,1.0474130319342074e-05,2.823298227795509e-06
160,20,2.0,0.8,1.0593574676110501e-05,1.9927666911528096e-06
160,20,2.0,0.85,1.0676802121834107e-05,1.3662302026302724e-06
160,20,2.0,0.9,1.0732826781005929e-05,8.977324393752345e-07
160,20,2.0,0.95,1.0768583711316679e-05,5.499994489744028e-07
160,20,2.0,1.0,1.0789345832739735e-05,2.93634636352227e-07
160,20,2.0,1.05,1.079908790864711e-05,1.058926097346139e-07
160,20,2.0,1.1,1.0800787038686137e-05,-3.0592398833092765e-08
160,20,2.0,1.15,1.0796662258560516e-05,-1.2895383577925002e-07
160,20,2.0,1.2,1.0788361254223376e-05,-1.9905695002647876e-07
160,20,2.0,1.25,1.077710360061711e-05,-2.4827566525903125e-07
160,20,2.0,1.3,1.076378945006772e-05,-2.821020034827479e-07
160,20,2.0,1.35,1.0749081364799609e-05,-3.046156493111583e-07
160,20,2.0,1.4,1.073346558642654e-05,-3.188413035425999e-07
160,20,2.0,1.45,1.0717297724977441e-05,-3.27018285795183e-07
160,20,2.0,1.5,1.070083673001303e-05,-3.308026779749629e-07
160,20,2.0,1.55,1.068427009550528e-05,-3.3141821481066217e-07
160,20,2.0,1.6,1.0667732531703286e-05,-3.297685547338511e-07
160,20,2.0,1.65,1.0651319781766395e-05,-3.2652062096198957e-07
160,20,2.0,1.7,1.0635098837314639e-05,-3.2216636264904865e-07
160,20,2.0,1.75,1.0619115486990604e-05,-3.17068467626581e-07
160,20,2.0,1.8,1.0603399891923713e-05,-3.11494166676857e-07
160,20,2.0,1.85,1.0587970702574889e-05,-3.0564021543990684e-07
160,20,2.0,1.9,1.0572838097887456e-05,-2.9965134785832107e-07
160,20,2.0,1.95,1.0558006028512389e-05,-2.936339026710537e-07
160,20,2.0,2.0,1.0543473872369308e-05,-2.8766588315316444e-07
160,20,2.0,2.05,1.052923765640529e-05,-2.818043824245983e-07
160,20,2.0,2.1,1.0515290958173023e-05,-2.760910635406068e-07
160,20,2.0,2.15,1.0501625571119335e-05,-2.7055620356849686e-07
160,20,2.0,2.2,1.0488231995507396e-05,-2.652216777103893e-07
160,20,2.0,2.25,1.0475099800679538e-05,-2.6010316112418624e-07
160,20,2.0,2.3,1.0462217892391666e-05,-2.552117533967946e-07
160,20,2.0,2.35,1.0449574710115377e-05,-2.5055517694221966e-07
160,20,2.0,2.4,1.043715837267773e-05,-2.4613866096511476e-07
160,20,2.0,2.45,1.0424956785797955e-05,-2.419655933801712e-07
160,20,2.0,2.5,1.0412957721525188e-05,-2.3803800148750506e-07
160,20,2.0,2.55,1.0401148876961734e-05,-2.343569062725456e-07
160,20,2.0,2.6,1.0389517917720883e-05,-2.3092258344339843e-07
160,20,2.0,2.65,1.037805251014067e-05,-2.277347556414431e-07
160,20,2.0,2.7,1.0366740345220568e-05,-2.2479273386009952e-07
160,20,2.0,2.75,1.0355569156472383e-05,-2.2209552138195438e-07
160,20,2.0,2.8,1.0344526733299897e-05,-2.196418900585648e-07
160,20,2.0,2.85,1.0333600931101628e-05,-2.1743043618388223e-07
160,20,2.0,2.9,1.0322779678973623e-05,-2.1545962131420743e-07
160,20,2.0,2.95,1.0312050985665218e-05,-2.1372780198595147e-07
160,20,2.0,3.0,1.0301402944261055e-05,-2.1223325124827243e-07
160,20,2.0,3.05,1.0290823735947972e-05,-2.1097417416390584e-07
160,20,2.0,3.1,1.0280301633121005e-05,-2.0994871886987328e-07
160,20,2.0,3.15,1.02698250020236e-05,-2.0915498437048783e-07
160,20,2.0,3.2,1.0259382305060792e-05,-2.0859102593180827e-07
160,20,2.0,3.25,1.0248962102889106e-05,-2.08254858717207e-07
160,20,2.0,3.3,1.0238553056358293e-05,-2.081444601380328e-07
160,20,2.0,3.35,1.0228143928360366e-05,-2.082577712688112e-07
160,20,2.0,3.4,1.0217723585625383e-05,-2.085926975863802e-07
160,20,2.0,3.45,1.0207281000493447e-05,-2.0914710922321556e-07
160,20,2.0,3.5,1.0196805252682912e-05,-2.0991884087757705e-07
160,20,2.0,3.55,1.0186285531069673e-05,-2.1090569148428123e-07
160,20,2.0,3.6,1.0175711135486716e-05,-2.121054237251099e-07
160,20,2.0,3.65,1.0165071478551812e-05,-2.1351576343473464e-07
160,20,2.0,3.7,1.0154356087525409e-05,-2.1513439894682067e-07
160,20,2.0,3.75,1.0143554606202974e-05,-2.169589804105971e-07
160,20,2.0,3.8,1.01326567968419e-05,-2.1898711910282552e-07
160,20,2.0,3.85,1.0121652542121087e-05,-2.2121638675179308e-07
160,20,2.0,3.9,1.0110531847135903e-05,-2.236443148878896e-07
160,20,2.0,3.95,1.0099284841422558e-05,-2.2626839422944312e-07
160,20,2.0,4.0,1.0087901781013898e-05,-2.2908607411238393e-07
160,20,2.0,4.05,1.0076373050521565e-05,-2.320947619686694e-07
160,20,2.0,4.1,1.0064689165242838e-05,-2.352918228585054e-07
160,20,2.0,4.15,1.00528407732899e-05,-2.386745790588933e-07
160,20,2.0,4.2,1.004081865773856e-05,-2.422403097118497e-07
160,20,2.0,4.25,1.0028613738791672e-05,-2.459862505333531e-07
160,20,2.0,4.3,1.0016217075957041e-05,-2.49909593585306e-07
160,20,2.0,4.35,1.0003619870234144e-05,-2.540074871109436e-07
160,20,2.0,4.4,9.990813466308122e-06,-2.582770354351988e-07
160,20,2.0,4.45,9.977789354746749e-06,-2.627152989296999e-07
160,20,2.0,4.5,9.964539174197166e-06,-2.673192940440019e-07
160,20,2.0,4.55,9.951054713580644e-06,-2.720859934021245e-07
160,20,2.0,4.6,9.937327914279455e-06,-2.7701232596562395e-07
160,20,2.0,4.65,9.923350872314576e-06,-2.820951772619153e-07
160,20,2.0,4.7,9.909115840510798e-06,-2.8733138967925925e-07
160,20,2.0,4.75,9.89461523064434e-06,-2.9271776282697343e-07
160,20,2.0,4.8,9.87984161557174e-06,-2.982510539608795e-07
160,20,2.0,4.85,9.864787731335596e-06,-3.03927978474141e-07
160,20,2.0,4.9,9.849446479243925e-06,-3.09745210452342e-07
160,20,2.0,4.95,9.833810927920448e-06,-3.156993832924971e-07
160,20,2.0,5.0,9.817874315322023e-06,-3.2178709038547813e-07
160,20,3.0,0.0,5.47212501855745e-07,1.037167707500163e-05
160,20,3.0,0.05,1.3379144451658276e-06,2.2398535211573643e-05
160,20,3.0,0.1,2.906776972309269e-06,4.150076884329645e-05
160,20,3.0,0.15,5.578696657743077e-06,6.592680877177703e-05
160,20,3.0,0.2,9.50629196469011e-06,9.072925294783384e-05
160,20,3.0,0.25,1.4558772797135372e-05,0.00011003501132571852
160,20,3.0,0.3,2.035147631695019e-05,0.00011996046461576525
160,20,3.0,0.35,2.638714131028878e-05,0.00011991547358083296
160,20,3.0,0.4,3.2209947386941604e-05,0.00011192016993285606
160,20,3.0,0.45,3.749841304521271e-05,9.907083671878811e-05
160,20,3.0,0.5,4.2085032899583124e-05,8.427290465039841e-05
160,20,3.0,0.55,4.592887562779153e-05,6.963522817429854e-05
160,20,3.0,0.6,4.907220793025574e-05,5.63934941480283e-05
160,20,3.0,0.65,5.1600818111925624e-05,4.509252700890031e-05
160,20,3.0,0.7,5.361551519648783e-05,3.5826849188082387e-05
160,20,3.0,0.75,5.5214929329181484e-05,2.844336787287298e-05
160,20,3.0,0.8,5.6486877407841234e-05,2.2680731984832366e-05
160,20,3.0,0.85,5.750523058841605e-05,1.8252478720872423e-05
160,20,3.0,0.9,5.832987107315906e-05,1.4890240933967462e-05
160,20,3.0,0.95,5.9008133293226874e-05,1.2362110101248956e-05
160,20,3.0,1.0,5.957677949315097e-05,1.047711831321165e-05
160,20,3.0,1.05,6.0064004947042484e-05,9.082827336227199e-06
160,20,3.0,1.1,6.0491239485779116e-05,8.060082196298698e-06
160,20,3.0,1.15,6.08746636658085e-05,7.3170905125119705e-06
160,20,3.0,1.2,6.122643520423196e-05,6.7838625120792365e-06
160,20,3.0,1.25,6.155565584296878e-05,6.407423174039352e-06
160,20,3.0,1.3,6.186912042053648e-05,6.147887358669893e-06
160,20,3.0,1.35,6.217189023187319e-05,5.975339815896464e-06
160,20,3.0,1.4,6.246772815635257e-05,5.867404849099057e-06
160,20,3.0,1.45,6.27594268669672e-05,5.807379260790828e-06
160,20,3.0,1.5,6.304905530371103e-05,5.7828118584356294e-06
160,20,3.0,1.55,6.33381431761329e-05,5.7844301151768725e-06
160,20,3.0,1.6,6.362781875617838e-05,5.805333128347097e-06
160,20,3.0,1.65,6.391891161280387e-05,5.840386958133699e-06
160,20,3.0,1.7,6.421202911377872e-05,5.885772759561318e-06
160,20,3.0,1.75,6.45076133418608e-05,5.938649727594342e-06
160,20,3.0,1.8,6.480598341172267e-05,5.996904023204996e-06
160,20,3.0,1.85,6.510736691716211e-05,6.058961930550772e-06
160,20,3.0,1.9,6.54119232922405e-05,6.123650911871013e-06
160,20,3.0,1.95,6.571976116077831e-05,6.190096334094781e-06
160,20,3.0,2.0,6.603095121841089e-05,6.25764473711295e-06
160,20,3.0,2.05,6.634553579579253e-05,6.3258068372293754e-06
160,20,3.0,2.1,6.666353595677197e-05,6.394215197773418e-06
160,20,3.0,2.15,6.698495676600337e-05,6.462592796654985e-06
160,20,3.0,2.2,6.730979119729667e-05,6.530729687894386e-06
160,20,3.0,2.25,6.763802303276819e-05,6.598465674202254e-06
160,20,3.0,2.3,6.796962901273687e-05,6.665677443271248e-06
160,20,3.0,2.35,6.830458042940299e-05,6.732269018551851e-06
160,20,3.0,2.4,6.864284430764281e-05,6.798164671104035e-06
160,20,3.0,2.45,6.898438427934167e-05,6.863303658839012e-06
160,20,3.0,2.5,6.932916123029542e-05,6.927636322658836e-06
160,20,3.0,2.55,6.967713377835061e-05,6.991121190159704e-06
160,20,3.0,2.6,7.002825862636536e-05,7.05372282754454e-06
160,20,3.0,2.65,7.038249082234737e-05,7.115410247168055e-06
160,20,3.0,2.7,7.073978395078408e-05,7.1761557277437585e-06
160,20,3.0,2.75,7.110009027304108e-05,7.235933941047411e-06
160,20,3.0,2.8,7.146336083005671e-05,7.294721306287972e-06
160,20,3.0,2.85,7.182954551719914e-05,7.35249551360958e-06
160,20,3.0,2.9,7.219859313859255e-05,7.409235173261239e-06
160,20,3.0,2.95,7.257045144635247e-05,7.464919558145198e-06
160,20,3.0,3.0,7.29450671687677e-05,7.519528415774382e-06
160,20,3.0,3.05,7.332238603043863e-05,7.573041831828632e-06
160,20,3.0,3.1,7.370235276659422e-05,7.625440132084325e-06
160,20,3.0,3.15,7.408491113325578e-05,7.676703812888882e-06
160,20,3.0,3.2,7.447000391448656e-05,7.726813492882235e-06
160,20,3.0,3.25,7.485757292763378e-05,7.775749880537935e-06
160,20,3.0,3.3,7.524755902726418e-05,7.823493753492237e-06
160,20,3.0,3.35,7.563990210829151e-05,7.870025946667494e-06
160,20,3.0,3.4,7.60345411086875e-05,7.915327346955367e-06
160,20,3.0,3.45,7.643141401204927e-05,7.959378892803479e-06
160,20,3.0,3.5,7.683045785024826e-05,8.002161577474953e-06
160,20,3.0,3.55,7.723160870630748e-05,8.043656455054555e-06
160,20,3.0,3.6,7.763480171764118e-05,8.083844648522857e-06
160,20,3.0,3.65,7.803997107973274e-05,8.122707359376762e-06
160,20,3.0,3.7,7.844705005032633e-05,8.160225878424417e-06
160,20,3.0,3.75,7.885597095417897e-05,8.196381597458675e-06
160,20,3.0,3.8,7.926666518841975e-05,8.23115602159328e-06
160,20,3.0,3.85,7.967906322853387e-05,8.264530782106348e-06
160,20,3.0,3.9,8.009309463499646e-05,8.296487649652594e-06
160,20,3.0,3.95,8.050868806058291e-05,8.327008547764073e-06
160,20,3.0,4.0,8.092577125835098e-05,8.356075566555418e-06
160,20,3.0,4.05,8.134427109031759e-05,8.38367097657759e-06
160,20,3.0,4.1,8.176411353682928e-05,8.409777242780458e-06
160,20,3.0,4.15,8.218522370663144e-05,8.434377038537237e-06
160,20,3.0,4.2,8.26075258476414e-05,8.457453259708236e-06
160,20,3.0,4.25,8.30309433584264e-05,8.478989038716132e-06
160,20,3.0,4.3,8.345539880038061e-05,8.498967758608394e-06
160,20,3.0,4.35,8.388081391060916e-05,8.51737306708853e-06
160,20,3.0,4.4,8.430710961550942e-05,8.534188890500924e-06
160,20,3.0,4.45,8.473420604505243e-05,8.549399447751188e-06
160,20,3.0,4.5,8.516202254775944e-05,8.562989264144849e-06
160,20,3.0,4.55,8.559047770635818e-05,8.574943185136651e-06
160,20,3.0,4.6,8.601948935414364e-05,8.585246389968515e-06
160,20,3.0,4.65,8.644897459199495e-05,8.593884405192744e-06
160,20,3.0,4.7,8.687884980608286e-05,8.600843118058517e-06
160,20,3.0,4.75,8.730903068623289e-05,8.60610878975503e-06
160,20,3.0,4.8,8.773943224495362e-05,8.609668068499465e-06
160,20,3.0,4.85,8.816996883710703e-05,8.611508002451895e-06
160,20,3.0,4.9,8.860055418022946e-05,8.611616052454607e-06
160,20,3.0,4.95,8.903110137547824e-05,8.609980104575388e-06
160,20,3.0,5.0,8.946152292920001e-05,8.606588482448842e-06
160,20,4.0,0.0,1.910890022791016e-07,3.976093761913671e-06
160,20,4.0,0.05,5.213014162155117e-07,1.0017612497641535e-05
160,20,4.0,0.1,1.293064151435719e-06,2.2046071989036957e-05
160,20,4.0,0.15,2.8542861533869556e-06,4.1670615546309574e-05
160,20,4.0,0.2,5.5658550550355835e-06,6.750756944701483e-05
160,20,4.0,0.25,9.627228034370508e-06,9.462411573793334e-05
160,20,4.0,0.3,1.4942856112952472e-05,0.00011668249644839073
160,20,4.0,0.35,2.1132961179214193e-05,0.0001291149136448964
160,20,4.0,0.4,2.767363087737799e-05,0.00013080719397628475
160,20,4.0,0.45,3.406465300766504e-05,0.00012360229122185409
160,20,4.0,0.5,3.9939218703264197e-05,0.00011071413099075586
160,20,4.0,0.55,4.509455015594887e-05,9.53062996558418e-05
160,20,4.0,0.6,4.94679838756595e-05,7.975433103245605e-05
160,20,4.0,0.65,5.30920670679346e-05,6.550162932854606e-05
160,20,4.0,0.7,5.6051390214526126e-05,5.3226604215273593e-05
160,20,4.0,0.75,5.845060429186216e-05,4.309476616632012e-05
160,20,4.0,0.8,6.039456490624826e-05,3.498058267202239e-05
160,20,4.0,0.85,6.19779775579484e-05,2.8624188548427836e-05
160,20,4.0,0.9,6.32812971641862e-05,2.3727128492952665e-05
160,20,4.0,0.95,6.437022785591458e-05,2.0003560938773663e-05
160,20,4.0,1.0,6.529701553607161e-05,1.720317077481184e-05
160,20,4.0,1.05,6.61024413916706e-05,1.5117942081468684e-05
160,20,4.0,1.1,6.68179227607992e-05,1.3580690811753972e-05
160,20,4.0,1.15,6.746743707324334e-05,1.2460024781070929e-05
160,20,4.0,1.2,6.806916049441111e-05,1.165426583780207e-05
160,20,4.0,1.25,6.863680458129067e-05,1.1085582588213489e-05
160,20,4.0,1.3,6.918067676415375e-05,1.069485876885125e-05
160,20,4.0,1.35,6.97085061678123e-05,1.0437443315213755e-05
160,20,4.0,1.4,7.022607845403311e-05,1.027974678850832e-05
160,20,4.0,1.45,7.073771943336367e-05,1.019657476992887e-05
160,20,4.0,1.5,7.124666108907373e-05,1.016906954880461e-05
160,20,4.0,1.55,7.175531731314254e-05,1.018313773415925e-05
160,20,4.0,1.6,7.22654909246698e-05,1.022825785284326e-05
160,20,4.0,1.65,7.277852871481885e-05,1.029658083718985e-05
160,20,4.0,1.7,7.329543735905011e-05,1.0382254018906595e-05
160,20,4.0,1.75,7.381696996053442e-05,1.0480914480265948e-05
160,20,4.0,1.8,7.434369060432605e-05,1.0589310085829855e-05
160,20,4.0,1.85,7.487602247567186e-05,1.0705016424952583e-05
160,20,4.0,1.9,7.541428370853101e-05,1.082622561139017e-05
160,20,4.0,1.95,7.595871408256732e-05,1.0951588816535584e-05
160,20,4.0,2.0,7.650949489880485e-05,1.1080098928524686e-05
160,20,4.0,2.05,7.706676377313711e-05,1.1211003145721134e-05
160,20,4.0,2.1,7.763062564470042e-05,1.1343737885632556e-05
160,20,4.0,2.15,7.820116096573925e-05,1.1477880320959956e-05
160,20,4.0,2.2,7.877843179307352e-05,1.1613112299990034e-05
160,20,4.0,2.25,7.936248631744355e-05,1.1749193488861606e-05
160,20,4.0,2.3,7.99533622300481e-05,1.1885941379641307e-05
160,20,4.0,2.35,8.055108922353936e-05,1.2023216409527134e-05
160,20,4.0,2.4,8.115569084876841e-05,1.216091088469636e-05
160,20,4.0,2.45,8.176718589200081e-05,1.2298940736173673e-05
160,20,4.0,2.5,8.238558939521745e-05,1.2437239383731268e-05
160,20,4.0,2.55,8.301091341076696e-05,1.2575753168936085e-05
160,20,4.0,2.6,8.364316755830305e-05,1.2714437956241426e-05
160,20,4.0,2.65,8.428235943458414e-05,1.2853256603591866e-05
160,20,4.0,2.7,8.492849491378096e-05,1.2992177080345162e-05
160,20,4.0,2.75,8.558157836631954e-05,1.3131171067116846e-05
160,20,4.0,2.8,8.624161281712843e-05,1.3270212914449008e-05
160,20,4.0,2.85,8.69086000588222e-05,1.3409278868668991e-05
160,20,4.0,2.9,8.758254073140344e-05,1.3548346496725778e-05
160,20,4.0,2.95,8.826343437708642e-05,1.3687394259224509e-05
160,20,4.0,3.0,8.895127947667497e-05,1.3826401193866868e-05
160,20,4.0,3.05,8.964607347225964e-05,1.3965346681136256e-05
160,20,4.0,3.1,9.034781277981498e-05,1.4104210271298436e-05
160,20,4.0,3.15,9.105649279434544e-05,1.4242971557093474e-05
160,20,4.0,3.2,9.17721078895522e-05,1.438161008052046e-05
160,20,4.0,3.25,9.249465141351044e-05,1.452010526505187e-05
160,20,4.0,3.3,9.322411568145804e-05,1.4658436366847092e-05
160,20,4.0,3.35,9.396049196651294e-05,1.4796582440156235e-05
160,20,4.0,3.4,9.470377048893935e-05,1.4934522313350248e-05
160,20,4.0,3.45,9.545394040442768e-05,1.5072234572909788e-05
160,20,4.0,3.5,9.621098979172305e-05,1.5209697553390937e-05
160,20,4.0,3.55,9.697490563987796e-05,1.5346889331893367e-05
160,20,4.0,3.6,9.77456738353151e-05,1.5483787725921886e-05
160,20,4.0,3.65,9.852327914884462e-05,1.562037029383121e-05
160,20,4.0,3.7,9.930770522276253e-05,1.5756614337227302e-05
160,20,4.0,3.75,0.00010009893455810884,1.589249690488432e-05
160,20,4.0,3.8,0.00010089694850214087,1.602799479782077e-05
160,20,4.0,3.85,0.0001017017272360971,1.6163084575286547e-05
160,20,4.0,3.9,0.00010251324976327492,1.629774256147486e-05
160,20,4.0,3.95,0.0001033314938974527,1.643194485280094e-05
160,20,4.0,4.0,0.00010415643625169789,1.6565667325654298e-05
160,20,4.0,4.05,0.00010498805222756494,1.6698885644535046e-05
160,20,4.0,4.1,0.0001058263160047117,1.6831575270513807e-05
160,20,4.0,4.15,0.00010667120053094354,1.6963711469967305e-05
160,20,4.0,4.2,0.00010752267751270842,1.7095269323556178e-05
160,20,4.0,4.25,0.00010838071740603028,1.7226223735411255e-05
160,20,4.0,4.3,0.00010924528940792453,1.7356549442512383e-05
160,20,4.0,4.35,0.00011011636144827404,1.7486221024236977e-05
160,20,4.0,4.4,0.00011099390018219315,1.761521291206238e-05
160,20,4.0,4.45,0.00011187787098287744,1.7743499399416114e-05
160,20,4.0,4.5,0.00011276823793494918,1.7871054651657757e-05
160,20,4.0,4.55,0.00011366496382830731,1.799785271618389e-05
160,20,4.0,4.6,0.00011456801015248708,1.8123867532651208e-05
160,20,4.0,4.65,0.0001154773370915238,1.8249072943304308e-05
160,20,4.0,4.7,0.00011639290351935054,1.837344270340893e-05
160,20,4.0,4.75,0.0001173146669957064,1.8496950491775307e-05
160,20,4.0,4.8,0.00011824258376257861,1.8619569921368503e-05
160,20,4.0,4.85,0.00011917660874118456,1.8741274550006965e-05
160,20,4.0,4.9,0.0001201166955294731,1.886203789112641e-05
160,20,4.0,4.95,0.00012106279640018283,1.8981833424617364e-05
160,20,4.0,5.0,0.00012201486229943527,1.910063460772677e-05
160,20,5.0,0.0,3.001801722025024e-08,6.483406780289889e-07
160,20,5.0,0.05,8.7272471530608e-08,1.8270793918826635e-06
160,20,5.0,0.1,2.4011553213058707e-07,4.663993233944362e-06
160,20,5.0,0.15,6.026194502968594e-07,1.0428671017465107e-05
160,20,5.0,0.2,1.3480931793168979e-06,2.004943813188294e-05
160,20,5.0,0.25,2.6645905897862443e-06,3.302332876783077e-05
160,20,5.0,0.3,4.6675627448572375e-06,4.6992615748307146e-05
160,20,5.0,0.35,7.3258352224546605e-06,5.8709122289289985e-05
160,20,5.0,0.4,1.0458200438861808e-05,6.567210749243293e-05
160,20,5.0,0.45,1.3800090428982963e-05,6.711308234493386e-05
160,20,5.0,0.5,1.7090606977278688e-05,6.384606229799734e-05
160,20,5.0,0.55,2.013305825529133e-05,5.74804413408337e-05
160,20,5.0,0.6,2.281469828307917e-05,4.9663688471722654e-05
160,20,5.0,0.65,2.5096655015649852e-05,4.166395689346985e-05
160,20,5.0,0.7,2.6991416099564828e-05,3.426989052151555e-05
160,20,5.0,0.75,2.8540289956965547e-05,2.7865430750073467e-05
160,20,5.0,0.8,2.9796328631189685e-05,2.255795120585936e-05
160,20,5.0,0.85,3.081353294647832e-05,1.8294944200614645e-05
160,20,5.0,0.9,3.1641102514048585e-05,1.4948004374886072e-05
160,20,5.0,0.95,3.232106028140845e-05,1.2364885444885563e-05
160,20,5.0,1.0,3.2887847610015736e-05,1.0397773269341415e-05
160,20,5.0,1.05,3.3368918581943714e-05,8.916254564922572e-06
160,20,5.0,1.1,3.3785739871731694e-05,7.811455136359651e-06
160,20,5.0,1.15,3.415486958359402e-05,6.995608727295299e-06
160,20,5.0,1.2,3.448895603769811e-05,6.39959795088444e-06
160,20,5.0,1.25,3.479759367141431e-05,5.9698605779813155e-06
160,20,5.0,1.3,3.508802386704845e-05,5.66535589227739e-06
160,20,5.0,1.35,3.536569237174062e-05,5.4548901644162595e-06
160,20,5.0,1.4,3.563468411453754e-05,5.314891235794559e-06
160,20,5.0,1.45,3.589805786569282e-05,5.227620957901628e-06
160,20,5.0,1.5,3.6158101388509745e-05,5.1797718984696944e-06
160,20,5.0,1.55,3.641652466787693e-05,5.161382680588195e-06
160,20,5.0,1.6,3.667460553708078e-05,5.165008596159383e-06
160,20,5.0,1.65,3.693329904586189e-05,5.1850922267865015e-06
160,20,5.0,1.7,3.719331938897707e-05,5.217488432160006e-06
160,20,5.0,1.75,3.74552011661456e-05,5.259107246168554e-06
160,20,5.0,1.8,3.771934512590234e-05,5.30764617333893e-06
160,20,5.0,1.85,3.798605228978216e-05,5.361389916373424e-06
160,20,5.0,1.9,3.825554939019638e-05,5.419060772974033e-06
160,20,5.0,1.95,3.85280078231758e-05,5.479707003209111e-06
160,20,5.0,2.0,3.880355776385566e-05,5.542619595169054e-06
160,20,5.0,2.05,3.908229867627919e-05,5.607270239449989e-06
160,20,5.0,2.1,3.936430713681656e-05,5.673265126748562e-06
160,20,5.0,2.15,3.9649642656799094e-05,5.7403105416885894e-06
160,20,5.0,2.2,3.9938352015346874e-05,5.808187246110278e-06
160,20,5.0,2.25,4.023047248305907e-05,5.876731408979312e-06
160,20,5.0,2.3,4.0526034220049765e-05,5.94582041109208e-06
160,20,5.0,2.35,4.082506205940706e-05,6.015362279034727e-06
160,20,5.0,2.4,4.1127576833209786e-05,6.08528782077568e-06
160,20,5.0,2.45,4.1433596358068127e-05,6.1555447722188225e-06
160,20,5.0,2.5,4.1743136167251326e-05,6.22609344055538e-06
160,20,5.0,2.55,4.205621005420191e-05,6.296903461696327e-06
160,20,5.0,2.6,4.2372830475675045e-05,6.36795138692679e-06
160,20,5.0,2.65,4.269300885039266e-05,6.439218886771155e-06
160,20,5.0,2.7,4.3016755779947675e-05,6.510691414276609e-06
160,20,5.0,2.75,4.3344081211836644e-05,6.582357210272622e-06
160,20,5.0,2.8,4.3674994559434594e-05,6.654206563203205e-06
160,20,5.0,2.85,4.400950478993193e-05,6.7262312584680685e-06
160,20,5.0,2.9,4.4347620488437304e-05,6.7984241688553944e-06
160,20,5.0,2.95,4.4689349904358396e-05,6.870778950019335e-06
160,20,5.0,3.0,4.503470098460908e-05,6.943289814172938e-06
160,20,5.0,3.05,4.538368139702624e-05,7.015951362023496e-06
160,20,5.0,3.1,4.5736298546521344e-05,7.088758458082675e-06
160,20,5.0,3.15,4.609255958584725e-05,7.161706138283122e-06
160,20,5.0,3.2,4.6452471422374345e-05,7.234789541658842e-06
160,20,5.0,3.25,4.681604072192072e-05,7.308003859955275e-06
160,20,5.0,3.3,4.718327391041543e-05,7.381344300598512e-06
160,20,5.0,3.35,4.755417717397104e-05,7.454806059625451e-06
160,20,5.0,3.4,4.792875645779313e-05,7.528384302036733e-06
160,20,5.0,3.45,4.830701746425939e-05,7.602074147690264e-06
160,20,5.0,3.5,4.868896565039679e-05,7.675870661327242e-06
160,20,5.0,3.55,4.907460622494142e-05,7.749768845686074e-06
160,20,5.0,3.6,4.946394414511869e-05,7.823763636924344e-06
160,20,5.0,3.65,4.985698411323343e-05,7.897849901765919e-06
160,20,5.0,3.7,5.025373057315743e-05,7.972022435943219e-06
160,20,5.0,3.75,5.065418770675889e-05,8.046275963611712e-06
160,20,5.0,3.8,5.105835943032799e-05,8.120605137493107e-06
160,20,5.0,3.85,5.1466249391016666e-05,8.19500453957232e-06
160,20,5.0,3.9,5.1877860963332174e-05,8.26946868221158e-06
160,20,5.0,3.95,5.229319724568749e-05,8.343992009581645e-06
160,20,5.0,4.0,5.271226105703295e-05,8.418568899337574e-06
160,20,5.0,4.05,5.3135054933579155e-05,8.493193664481599e-06
160,20,5.0,4.1,5.35615811256103e-05,8.567860555370776e-06
160,20,5.0,4.15,5.399184159440804e-05,8.642563761840233e-06
160,20,5.0,4.2,5.442583800927745e-05,8.717297415415676e-06
160,20,5.0,4.25,5.486357174468974e-05,8.79205559160011e-06
160,20,5.0,4.3,5.530504387753978e-05,8.86683231221763e-06
160,20,5.0,4.35,5.5750255184521334e-05,8.9416215478077e-06
160,20,5.0,4.4,5.6199206139623724e-05,9.016417220060346e-06
160,20,5.0,4.45,5.665189691175142e-05,9.091213204285183e-06
160,20,5.0,4.5,5.710832736246521e-05,9.166003331910069e-06
160,20,5.0,4.55,5.756849704385547e-05,9.240781393007242e-06
160,20,5.0,4.6,5.803240519653226e-05,9.315541138840021e-06
160,20,5.0,4.65,5.8500050747754156e-05,9.390276284432217e-06
160,20,5.0,4.7,5.897143230967803e-05,9.464980511154333e-06
160,20,5.0,4.75,5.9446548177742714e-05,9.539647469324604e-06
160,20,5.0,4.8,5.992539632918041e-05,9.614270780827573e-06
160,20,5.0,4.85,6.0407974421661875e-05,9.688844041742968e-06
160,20,5.0,4.9,6.089427979207119e-05,9.763360824986764e-06
160,20,5.0,4.95,6.138430945541586e-05,9.837814682965351e-06
160,20,5.0,5.0,6.187806010386449e-05,9.912199150233088e-06
