VG,VD,W,L,ID,abs_ID,log_ID,device
-5,0.0,5,5,4.578e-13,4.578e-13,-12.339324211661475,top1rep
-5,0.1,5,5,4.8138e-12,4.8138e-12,-11.317511957413862,top1rep
-5,0.2,5,5,3.2222e-12,3.2222e-12,-11.491847506685055,top1rep
-5,0.3,5,5,-5.82e-14,5.82e-14,-13.235077015350111,top1rep
-5,0.4,5,5,1.2662e-12,1.2662e-12,-11.897497690814548,top1rep
-5,0.5,5,5,2.4132e-12,2.4132e-12,-11.617406683355632,top1rep
-5,0.6,5,5,3.2584e-12,3.2584e-12,-11.48699560292206,top1rep
-5,0.7,5,5,3.8348e-12,3.8348e-12,-11.416257281300751,top1rep
-5,0.8,5,5,4.0916e-12,4.0916e-12,-11.388106830063474,top1rep
-5,0.9,5,5,4.3176e-12,4.3176e-12,-11.364757594942843,top1rep
-5,1.0,5,5,-4.79e-12,4.79e-12,-11.319664486585436,top1rep
-5,1.1,5,5,-3.4274e-12,3.4274e-12,-11.465035207605334,top1rep
-5,1.2,5,5,1.786e-13,1.786e-13,-12.748118545447472,top1rep
-5,1.3,5,5,-1.0934e-12,1.0934e-12,-11.961220930444462,top1rep
-5,1.4,5,5,-2.3132e-12,2.3132e-12,-11.635786816368443,top1rep
-5,1.5,5,5,-3.2402e-12,3.2402e-12,-11.489428182319418,top1rep
-5,1.6,5,5,-3.755e-12,3.755e-12,-11.425390058659813,top1rep
-5,1.7,5,5,-4.0384e-12,4.0384e-12,-11.393790666771979,top1rep
-5,1.8,5,5,-4.1596e-12,4.1596e-12,-11.380948430465832,top1rep
-5,1.9,5,5,4.7324e-12,4.7324e-12,-11.3249185543123,top1rep
-5,2.0,5,5,3.6802e-12,3.6802e-12,-11.43412857900687,top1rep
-5,2.1,5,5,-4.778e-13,4.778e-13,-12.32075385458614,top1rep
-5,2.2,5,5,9.42e-13,9.42e-13,-12.025949097207123,top1rep
-5,2.3000000000000003,5,5,2.048e-12,2.048e-12,-11.688670047696206,top1rep
-5,2.4,5,5,3.0472e-12,3.0472e-12,-11.51609904034711,top1rep
-5,2.5,5,5,3.5988e-12,3.5988e-12,-11.443842288192847,top1rep
-5,2.6,5,5,3.9478e-12,3.9478e-12,-11.403644857293315,top1rep
-5,2.7,5,5,4.1868e-12,4.1868e-12,-11.378117784504264,top1rep
-5,2.8000000000000003,5,5,-4.7794e-12,4.7794e-12,-11.32062662076125,top1rep
-5,2.9,5,5,-3.7606e-12,3.7606e-12,-11.424742858290248,top1rep
-5,3.0,5,5,3.912e-13,3.912e-13,-12.407601153884436,top1rep
-5,3.1,5,5,-1.0316e-12,1.0316e-12,-11.9864886665341,top1rep
-5,3.2,5,5,-1.995e-12,1.995e-12,-11.700057099977233,top1rep
-5,3.3000000000000003,5,5,-2.9842e-12,2.9842e-12,-11.525172073965559,top1rep
-5,3.4,5,5,-3.59e-12,3.59e-12,-11.44490555142168,top1rep
-5,3.5,5,5,-4.0158e-12,4.0158e-12,-11.396227924612857,top1rep
-5,3.6,5,5,-4.1446e-12,4.1446e-12,-11.382517377339363,top1rep
-5,3.7,5,5,4.8016e-12,4.8016e-12,-11.318614021919222,top1rep
-5,3.8,5,5,4.0048e-12,4.0048e-12,-11.397419167735851,top1rep
-5,3.9,5,5,-1.2302e-12,1.2302e-12,-11.91002427731227,top1rep
-5,4.0,5,5,3.608e-13,3.608e-13,-12.442733471130095,top1rep
-5,4.1,5,5,1.6344e-12,1.6344e-12,-11.786641646375609,top1rep
-5,4.2,5,5,2.6882e-12,2.6882e-12,-11.570538423242771,top1rep
-5,4.3,5,5,3.448e-12,3.448e-12,-11.462432742847325,top1rep
-5,4.4,5,5,3.9792e-12,3.9792e-12,-11.40020423207414,top1rep
-5,4.5,5,5,4.245e-12,4.245e-12,-11.372122305420028,top1rep
-5,4.6000000000000005,5,5,4.4114e-12,4.4114e-12,-11.355423561147763,top1rep
-5,4.7,5,5,-4.6644e-12,4.6644e-12,-11.331204213321108,top1rep
-5,4.8,5,5,-3.209e-12,3.209e-12,-11.493630282904496,top1rep
-5,4.9,5,5,2.226e-13,2.226e-13,-12.652474840001311,top1rep
-5,5.0,5,5,-1.2874e-12,1.2874e-12,-11.89028649520705,top1rep
-4,0.0,5,5,-4.4304e-12,4.4304e-12,-11.3535570615985,top1rep
-4,0.1,5,5,-4.0078e-12,4.0078e-12,-11.397093959062865,top1rep
-4,0.2,5,5,1.377e-12,1.377e-12,-11.861066059743075,top1rep
-4,0.3,5,5,2e-13,2e-13,-12.698970004336019,top1rep
-4,0.4,5,5,-1.2728e-12,1.2728e-12,-11.895239833361474,top1rep
-4,0.5,5,5,-2.3042e-12,2.3042e-12,-11.637479827711203,top1rep
-4,0.6,5,5,-3.1518e-12,3.1518e-12,-11.501441348813248,top1rep
-4,0.7,5,5,-3.6738e-12,3.6738e-12,-11.434884490180623,top1rep
-4,0.8,5,5,-4.0276e-12,4.0276e-12,-11.394953667815253,top1rep
-4,0.9,5,5,-4.1596e-12,4.1596e-12,-11.380948430465832,top1rep
-4,1.0,5,5,4.6628e-12,4.6628e-12,-11.331353212201343,top1rep
-4,1.1,5,5,4.0816e-12,4.0816e-12,-11.389169558734284,top1rep
-4,1.2,5,5,-1.393e-12,1.393e-12,-11.856048883576037,top1rep
-4,1.3,5,5,-1.028e-13,1.028e-13,-12.988006885340743,top1rep
-4,1.4,5,5,1.0318e-12,1.0318e-12,-11.986404476462711,top1rep
-4,1.5,5,5,2.0856e-12,2.0856e-12,-11.680768981839728,top1rep
-4,1.6,5,5,3.0008e-12,3.0008e-12,-11.522762948857334,top1rep
-4,1.7,5,5,3.5836e-12,3.5836e-12,-11.445680472081216,top1rep
-4,1.8,5,5,3.8706e-12,3.8706e-12,-11.412221707722306,top1rep
-4,1.9,5,5,4.1452e-12,4.1452e-12,-11.382454510517583,top1rep
-4,2.0,5,5,-4.742e-12,4.742e-12,-11.32403845035783,top1rep
-4,2.1,5,5,-4.0076e-12,4.0076e-12,-11.397115632066432,top1rep
-4,2.2,5,5,1.1806e-12,1.1806e-12,-11.927897221114824,top1rep
-4,2.3000000000000003,5,5,-2.254e-13,2.254e-13,-12.647046088289912,top1rep
-4,2.4,5,5,-1.48e-12,1.48e-12,-11.829738284605043,top1rep
-4,2.5,5,5,-2.3852e-12,2.3852e-12,-11.6224751993263,top1rep
-4,2.6,5,5,-3.0892e-12,3.0892e-12,-11.510153973833667,top1rep
-4,2.7,5,5,-3.593e-12,3.593e-12,-11.44454278279535,top1rep
-4,2.8000000000000003,5,5,-3.9254e-12,3.9254e-12,-11.40611608186357,top1rep
-4,2.9,5,5,-4.0964e-12,4.0964e-12,-11.38759764253247,top1rep
-4,3.0,5,5,-4.3438e-12,4.3438e-12,-11.36213017902141,top1rep
-4,3.1,5,5,4.8706e-12,4.8706e-12,-11.312417535574173,top1rep
-4,3.2,5,5,3.6148e-12,3.6148e-12,-11.441915726391361,top1rep
-4,3.3000000000000003,5,5,-7.53e-13,7.53e-13,-12.123205023799299,top1rep
-4,3.4,5,5,3.612e-13,3.612e-13,-12.442252258358533,top1rep
-4,3.5,5,5,1.3348e-12,1.3348e-12,-11.874583802017245,top1rep
-4,3.6,5,5,2.1506e-12,2.1506e-12,-11.667440358532597,top1rep
-4,3.7,5,5,2.8368e-12,2.8368e-12,-11.547171281743157,top1rep
-4,3.8,5,5,3.3976e-12,3.3976e-12,-11.468827752017377,top1rep
-4,3.9,5,5,3.8132e-12,3.8132e-12,-11.418710415649882,top1rep
-4,4.0,5,5,4.0242e-12,4.0242e-12,-11.395320443275704,top1rep
-4,4.1,5,5,4.1714e-12,4.1714e-12,-11.379718163195765,top1rep
-4,4.2,5,5,-4.6782e-12,4.6782e-12,-11.32992121539568,top1rep
-4,4.3,5,5,-4.2172e-12,4.2172e-12,-11.374975802154045,top1rep
-4,4.4,5,5,1.8182e-12,1.8182e-12,-11.740358346571139,top1rep
-4,4.5,5,5,7.112e-13,7.112e-13,-12.148008252037842,top1rep
-4,4.6000000000000005,5,5,-4.692e-13,4.692e-13,-12.328641996556508,top1rep
-4,4.7,5,5,-1.49e-12,1.49e-12,-11.826813731587727,top1rep
-4,4.8,5,5,-2.3064e-12,2.3064e-12,-11.63706537061985,top1rep
-4,4.9,5,5,-2.9226e-12,2.9226e-12,-11.534230620044587,top1rep
-4,5.0,5,5,-3.5328e-12,3.5328e-12,-11.451880948286913,top1rep
-3,0.0,5,5,-4.838e-12,4.838e-12,-11.315334135974139,top1rep
-3,0.1,5,5,-2.3414e-12,2.3414e-12,-11.630524385981667,top1rep
-3,0.2,5,5,-1.2798e-12,1.2798e-12,-11.892857894166928,top1rep
-3,0.3,5,5,-2.388e-13,2.388e-13,-12.621965677542669,top1rep
-3,0.4,5,5,8.212e-13,8.212e-13,-12.085551059301446,top1rep
-3,0.5,5,5,1.7834e-12,1.7834e-12,-11.748751237694155,top1rep
-3,0.6,5,5,2.6562e-12,2.6562e-12,-11.57573922763751,top1rep
-3,0.7,5,5,3.3786e-12,3.3786e-12,-11.471263222275347,top1rep
-3,0.8,5,5,3.918e-12,3.918e-12,-11.406935568341282,top1rep
-3,0.9,5,5,4.0388e-12,4.0388e-12,-11.393747652412323,top1rep
-3,1.0,5,5,4.1856e-12,4.1856e-12,-11.378242277691845,top1rep
-3,1.1,5,5,-4.7148e-12,4.7148e-12,-11.326536725140569,top1rep
-3,1.2,5,5,-4.01e-12,4.01e-12,-11.396855627379818,top1rep
-3,1.3,5,5,1.3298e-12,1.3298e-12,-11.876213671384628,top1rep
-3,1.4,5,5,2.184e-13,2.184e-13,-12.6607473659673,top1rep
-3,1.5,5,5,-7.046e-13,7.046e-13,-12.152057361154776,top1rep
-3,1.6,5,5,-1.7442e-12,1.7442e-12,-11.758403717845928,top1rep
-3,1.7,5,5,-2.5242e-12,2.5242e-12,-11.59787623759936,top1rep
-3,1.8,5,5,-3.2052e-12,3.2052e-12,-11.494144865931002,top1rep
-3,1.9,5,5,-3.6944e-12,3.6944e-12,-11.4324560844269,top1rep
-3,2.0,5,5,-3.9914e-12,3.9914e-12,-11.398874747012302,top1rep
-3,2.1,5,5,-4.1696e-12,4.1696e-12,-11.37990560596751,top1rep
-3,2.2,5,5,4.6836e-12,4.6836e-12,-11.329420202671127,top1rep
-3,2.3000000000000003,5,5,4.0554e-12,4.0554e-12,-11.391966303172863,top1rep
-3,2.4,5,5,-1.4102e-12,1.4102e-12,-11.850719289658976,top1rep
-3,2.5,5,5,-1.518e-13,1.518e-13,-12.818728228440538,top1rep
-3,2.6,5,5,9.712e-13,9.712e-13,-12.012691326268818,top1rep
-3,2.7,5,5,1.8498e-12,1.8498e-12,-11.732875224889849,top1rep
-3,2.8000000000000003,5,5,2.6036e-12,2.6036e-12,-11.584425737130154,top1rep
-3,2.9,5,5,3.1562e-12,3.1562e-12,-11.500835484504343,top1rep
-3,3.0,5,5,3.6342e-12,3.6342e-12,-11.439591175953055,top1rep
-3,3.1,5,5,3.9532e-12,3.9532e-12,-11.403051213307126,top1rep
-3,3.2,5,5,4.1978e-12,4.1978e-12,-11.376978256788755,top1rep
-3,3.3000000000000003,5,5,-4.6828e-12,4.6828e-12,-11.329494390317686,top1rep
-3,3.4,5,5,-4.0016e-12,4.0016e-12,-11.397766325613572,top1rep
-3,3.5,5,5,1.2882e-12,1.2882e-12,-11.890016705180107,top1rep
-3,3.6,5,5,4.5599999999999996e-14,4.5599999999999996e-14,-13.341035157335565,top1rep
-3,3.7,5,5,-1.1766e-12,1.1766e-12,-11.929371155948573,top1rep
-3,3.8,5,5,-2.1442e-12,2.1442e-12,-11.668734708323774,top1rep
-3,3.9,5,5,-3.0366e-12,3.0366e-12,-11.51761241230757,top1rep
-3,4.0,5,5,-3.4408e-12,3.4408e-12,-11.463340570453964,top1rep
-3,4.1,5,5,-3.894e-12,3.894e-12,-11.409604052815988,top1rep
-3,4.2,5,5,-4.0374e-12,4.0374e-12,-11.393898221313727,top1rep
-3,4.3,5,5,-4.2158e-12,4.2158e-12,-11.375120000489217,top1rep
-3,4.4,5,5,4.748e-12,4.748e-12,-11.323489289717447,top1rep
-3,4.5,5,5,4.041e-12,4.041e-12,-11.393511149557352,top1rep
-3,4.6000000000000005,5,5,-1.2932e-12,1.2932e-12,-11.888334304060482,top1rep
-3,4.7,5,5,-2.322e-13,2.322e-13,-12.634137784597446,top1rep
-3,4.8,5,5,7.903999999999999e-13,7.903999999999999e-13,-12.102153068420428,top1rep
-3,4.9,5,5,1.7262e-12,1.7262e-12,-11.76290888772603,top1rep
-3,5.0,5,5,2.6786e-12,2.6786e-12,-11.572092135500752,top1rep
-2,0.0,5,5,4.2414e-12,4.2414e-12,-11.372490767955057,top1rep
-2,0.1,5,5,-1.918e-13,1.918e-13,-12.717151397165356,top1rep
-2,0.2,5,5,9.35e-13,9.35e-13,-12.029188389127482,top1rep
-2,0.3,5,5,1.868e-12,1.868e-12,-11.728623128105925,top1rep
-2,0.4,5,5,2.6844e-12,2.6844e-12,-11.571152769855745,top1rep
-2,0.5,5,5,3.3146e-12,3.3146e-12,-11.479568873978458,top1rep
-2,0.6,5,5,3.7586e-12,3.7586e-12,-11.424973890576739,top1rep
-2,0.7,5,5,4.0396e-12,4.0396e-12,-11.393661636471876,top1rep
-2,0.8,5,5,4.2586e-12,4.2586e-12,-11.370733150241103,top1rep
-2,0.9,5,5,-4.8118e-12,4.8118e-12,-11.317692432184536,top1rep
-2,1.0,5,5,-3.9284e-12,3.9284e-12,-11.40578429762942,top1rep
-2,1.1,5,5,1.1918e-12,1.1918e-12,-11.923796618911233,top1rep
-2,1.2,5,5,-3.46e-14,3.46e-14,-13.460923901207224,top1rep
-2,1.3,5,5,-1.0298e-12,1.0298e-12,-11.987247112508784,top1rep
-2,1.4,5,5,-2.077e-12,2.077e-12,-11.6825635034649,top1rep
-2,1.5,5,5,-2.7508e-12,2.7508e-12,-11.560540984330014,top1rep
-2,1.6,5,5,-3.3848e-12,3.3848e-12,-11.470466987676762,top1rep
-2,1.7,5,5,-3.6742e-12,3.6742e-12,-11.43483720716676,top1rep
-2,1.8,5,5,-3.9564e-12,3.9564e-12,-11.402699806809222,top1rep
-2,1.9,5,5,-4.0594e-12,4.0594e-12,-11.391538152616272,top1rep
-2,2.0,5,5,-4.2564e-12,4.2564e-12,-11.370957565480433,top1rep
-2,2.1,5,5,4.797e-12,4.797e-12,-11.319030281534102,top1rep
-2,2.2,5,5,4.038e-12,4.038e-12,-11.39383368539238,top1rep
-2,2.3000000000000003,5,5,-1.157e-12,1.157e-12,-11.93666664104825,top1rep
-2,2.4,5,5,-3.9599999999999997e-14,3.9599999999999997e-14,-13.402304814074487,top1rep
-2,2.5,5,5,1.179e-12,1.179e-12,-11.928486194904911,top1rep
-2,2.6,5,5,1.9636e-12,1.9636e-12,-11.706946976572167,top1rep
-2,2.7,5,5,2.5616e-12,2.5616e-12,-11.591488685424775,top1rep
-2,2.8000000000000003,5,5,3.198e-12,3.198e-12,-11.495121540589784,top1rep
-2,2.9,5,5,3.657e-12,3.657e-12,-11.436875039661956,top1rep
-2,3.0,5,5,4.0212e-12,4.0212e-12,-11.395644326117104,top1rep
-2,3.1,5,5,4.239e-12,4.239e-12,-11.372736583431779,top1rep
-2,3.2,5,5,-4.7136e-12,4.7136e-12,-11.326647274837462,top1rep
-2,3.3000000000000003,5,5,-4.0868e-12,4.0868e-12,-11.388616615291024,top1rep
-2,3.4,5,5,1.4346e-12,1.4346e-12,-11.843269173500582,top1rep
-2,3.5,5,5,3.844e-13,3.844e-13,-12.415216621003493,top1rep
-2,3.6,5,5,-9.014e-13,9.014e-13,-12.045082446265042,top1rep
-2,3.7,5,5,-1.8208e-12,1.8208e-12,-11.739737755285022,top1rep
-2,3.8,5,5,-2.5428e-12,2.5428e-12,-11.59468779724158,top1rep
-2,3.9,5,5,-3.2416e-12,3.2416e-12,-11.489240576319814,top1rep
-2,4.0,5,5,-3.7014e-12,3.7014e-12,-11.431633979372377,top1rep
-2,4.1,5,5,-3.9498e-12,3.9498e-12,-11.403424894524278,top1rep
-2,4.2,5,5,-4.1436e-12,4.1436e-12,-11.38262217560292,top1rep
-2,4.3,5,5,4.652e-12,4.652e-12,-11.332360293943589,top1rep
-2,4.4,5,5,4.2588e-12,4.2588e-12,-11.370712754604781,top1rep
-2,4.5,5,5,-1.8332e-12,1.8332e-12,-11.73679015142725,top1rep
-2,4.6000000000000005,5,5,-6.256e-13,6.256e-13,-12.203703259948208,top1rep
-2,4.7,5,5,6.168e-13,6.168e-13,-12.2098556349571,top1rep
-2,4.8,5,5,1.635e-12,1.635e-12,-11.786482243003695,top1rep
-2,4.9,5,5,2.45e-12,2.45e-12,-11.610833915635467,top1rep
-2,5.0,5,5,3.0288e-12,3.0288e-12,-11.518729403380279,top1rep
-1,0.0,5,5,-4.8674e-12,4.8674e-12,-11.312702962231004,top1rep
-1,0.1,5,5,3.3026e-12,3.3026e-12,-11.481144023436167,top1rep
-1,0.2,5,5,-2.944e-13,2.944e-13,-12.531062194334538,top1rep
-1,0.3,5,5,9.108e-13,9.108e-13,-12.040576978056896,top1rep
-1,0.4,5,5,1.9354e-12,1.9354e-12,-11.713229263285944,top1rep
-1,0.5,5,5,2.5496e-12,2.5496e-12,-11.593527949534323,top1rep
-1,0.6,5,5,3.2816e-12,3.2816e-12,-11.483914356975708,top1rep
-1,0.7,5,5,3.6606e-12,3.6606e-12,-11.436447724623969,top1rep
-1,0.8,5,5,3.9872e-12,3.9872e-12,-11.399331979356944,top1rep
-1,0.9,5,5,4.1428e-12,4.1428e-12,-11.382706032425329,top1rep
-1,1.0,5,5,-4.6916e-12,4.6916e-12,-11.328679022387291,top1rep
-1,1.1,5,5,-4.2076e-12,4.2076e-12,-11.375965553561977,top1rep
-1,1.2,5,5,1.7078e-12,1.7078e-12,-11.767562990779446,top1rep
-1,1.3,5,5,4.394e-13,4.394e-13,-12.357139947415508,top1rep
-1,1.4,5,5,-4.982e-13,4.982e-13,-12.302596276799513,top1rep
-1,1.5,5,5,-1.3432e-12,1.3432e-12,-11.871859316870008,top1rep
-1,1.6,5,5,-2.1458e-12,2.1458e-12,-11.668410759044864,top1rep
-1,1.7,5,5,-2.917e-12,2.917e-12,-11.535063570878267,top1rep
-1,1.8,5,5,-3.4508e-12,3.4508e-12,-11.462080210634157,top1rep
-1,1.9,5,5,-3.8086e-12,3.8086e-12,-11.419234636925516,top1rep
-1,2.0,5,5,-4.04e-12,4.04e-12,-11.393618634889394,top1rep
-1,2.1,5,5,-4.1494e-12,4.1494e-12,-11.382014697390998,top1rep
-1,2.2,5,5,4.6498e-12,4.6498e-12,-11.332565726844319,top1rep
-1,2.3000000000000003,5,5,4.2182e-12,4.2182e-12,-11.374872832648405,top1rep
-1,2.4,5,5,-1.7388e-12,1.7388e-12,-11.7597503684812,top1rep
-1,2.5,5,5,-6.274e-13,6.274e-13,-12.202455485638273,top1rep
-1,2.6,5,5,4.842e-13,4.842e-13,-12.314975214894286,top1rep
-1,2.7,5,5,1.6164e-12,1.6164e-12,-11.791451158229389,top1rep
-1,2.8000000000000003,5,5,2.4874e-12,2.4874e-12,-11.604254370007832,top1rep
-1,2.9,5,5,3.0506e-12,3.0506e-12,-11.515614734075506,top1rep
-1,3.0,5,5,3.5822e-12,3.5822e-12,-11.445850170449132,top1rep
-1,3.1,5,5,3.9646e-12,3.9646e-12,-11.401800623366784,top1rep
-1,3.2,5,5,4.1982e-12,4.1982e-12,-11.376936875704216,top1rep
-1,3.3000000000000003,5,5,-4.6894e-12,4.6894e-12,-11.328882720900818,top1rep
-1,3.4,5,5,-4.1992e-12,4.1992e-12,-11.376833440239915,top1rep
-1,3.5,5,5,1.8226e-12,1.8226e-12,-11.739308634062523,top1rep
-1,3.6,5,5,7.576e-13,7.576e-13,-12.120560034004782,top1rep
-1,3.7,5,5,-2.282e-13,2.282e-13,-12.641684359917804,top1rep
-1,3.8,5,5,-1.2554e-12,1.2554e-12,-11.901217875685308,top1rep
-1,3.9,5,5,-2.1962e-12,2.1962e-12,-11.658328112791482,top1rep
-1,4.0,5,5,-2.8526e-12,2.8526e-12,-11.544759122129044,top1rep
-1,4.1,5,5,-3.4006e-12,3.4006e-12,-11.468444449516632,top1rep
-1,4.2,5,5,-3.8026e-12,3.8026e-12,-11.419919356136992,top1rep
-1,4.3,5,5,-4.014e-12,4.014e-12,-11.396422631848534,top1rep
-1,4.4,5,5,-4.178e-12,4.178e-12,-11.37903156435571,top1rep
-1,4.5,5,5,4.7414e-12,4.7414e-12,-11.324093404633615,top1rep
-1,4.6000000000000005,5,5,3.9376e-12,3.9376e-12,-11.404768403641272,top1rep
-1,4.7,5,5,-1.3084e-12,1.3084e-12,-11.883259464547056,top1rep
-1,4.8,5,5,-1.34e-13,1.34e-13,-12.872895201635192,top1rep
-1,4.9,5,5,9.112e-13,9.112e-13,-12.040386288928955,top1rep
-1,5.0,5,5,1.7534e-12,1.7534e-12,-11.756118997781682,top1rep
0,0.0,5,5,-3.6926e-12,3.6926e-12,-11.432667734645634,top1rep
0,0.1,5,5,1.7113e-09,1.7113e-09,-8.766673849650143,top1rep
0,0.2,5,5,2.0924e-09,2.0924e-09,-8.6793552886446,top1rep
0,0.3,5,5,2.2462e-09,2.2462e-09,-8.648551577090883,top1rep
0,0.4,5,5,2.2998e-09,2.2998e-09,-8.638309930362004,top1rep
0,0.5,5,5,2.3077e-09,2.3077e-09,-8.636820649941313,top1rep
0,0.6,5,5,2.3e-09,2.3e-09,-8.638272163982407,top1rep
0,0.7,5,5,2.2919e-09,2.2919e-09,-8.63980433539384,top1rep
0,0.8,5,5,2.3478e-09,2.3478e-09,-8.629338901715677,top1rep
0,0.9,5,5,2.3525e-09,2.3525e-09,-8.628470367900706,top1rep
0,1.0,5,5,2.3727e-09,2.3727e-09,-8.62475716973923,top1rep
0,1.1,5,5,2.337e-09,2.337e-09,-8.631341287607773,top1rep
0,1.2,5,5,2.3285e-09,2.3285e-09,-8.63292375773125,top1rep
0,1.3,5,5,2.311e-09,2.311e-09,-8.636200054520891,top1rep
0,1.4,5,5,2.3191e-09,2.3191e-09,-8.634680524103784,top1rep
0,1.5,5,5,2.3457e-09,2.3457e-09,-8.629727532150472,top1rep
0,1.6,5,5,2.3367e-09,2.3367e-09,-8.631397041440817,top1rep
0,1.7,5,5,2.3712e-09,2.3712e-09,-8.625031813700765,top1rep
0,1.8,5,5,2.3336e-09,2.3336e-09,-8.631973583886325,top1rep
0,1.9,5,5,2.3055e-09,2.3055e-09,-8.637234873444573,top1rep
0,2.0,5,5,2.2878e-09,2.2878e-09,-8.640581944342685,top1rep
0,2.1,5,5,2.3196e-09,2.3196e-09,-8.634586899923821,top1rep
0,2.2,5,5,2.3302e-09,2.3302e-09,-8.632606802077524,top1rep
0,2.3000000000000003,5,5,2.3464e-09,2.3464e-09,-8.629597950027504,top1rep
0,2.4,5,5,2.3165e-09,2.3165e-09,-8.635167695460826,top1rep
0,2.5,5,5,2.3058e-09,2.3058e-09,-8.637178365152007,top1rep
0,2.6,5,5,2.2754e-09,2.2754e-09,-8.642942246249657,top1rep
0,2.7,5,5,2.3371e-09,2.3371e-09,-8.631322704587214,top1rep
0,2.8000000000000003,5,5,2.304e-09,2.304e-09,-8.637517525248825,top1rep
0,2.9,5,5,2.3539e-09,2.3539e-09,-8.6282119910978,top1rep
0,3.0,5,5,2.2837e-09,2.2837e-09,-8.641360948106536,top1rep
0,3.1,5,5,2.3118e-09,2.3118e-09,-8.636049740603356,top1rep
0,3.2,5,5,2.2733e-09,2.2733e-09,-8.64334324806415,top1rep
0,3.3000000000000003,5,5,2.2849e-09,2.2849e-09,-8.641132802333095,top1rep
0,3.4,5,5,2.2824e-09,2.2824e-09,-8.64160824135098,top1rep
0,3.5,5,5,2.3266e-09,2.3266e-09,-8.633278276242748,top1rep
0,3.6,5,5,2.2644e-09,2.2644e-09,-8.645046853787443,top1rep
0,3.7,5,5,2.257e-09,2.257e-09,-8.646468440922238,top1rep
0,3.8,5,5,2.2287e-09,2.2287e-09,-8.651948386931641,top1rep
0,3.9,5,5,2.269e-09,2.269e-09,-8.644165504115064,top1rep
0,4.0,5,5,2.2898e-09,2.2898e-09,-8.6402024489656,top1rep
0,4.1,5,5,2.3207e-09,2.3207e-09,-8.634380997745497,top1rep
0,4.2,5,5,2.2865e-09,2.2865e-09,-8.6408287942833,top1rep
0,4.3,5,5,2.2451e-09,2.2451e-09,-8.648764310125705,top1rep
0,4.4,5,5,2.2406e-09,2.2406e-09,-8.649635668363736,top1rep
0,4.5,5,5,2.2404e-09,2.2404e-09,-8.649674436003297,top1rep
0,4.6000000000000005,5,5,2.241e-09,2.241e-09,-8.649558143464938,top1rep
0,4.7,5,5,2.2726e-09,2.2726e-09,-8.643476997658173,top1rep
0,4.8,5,5,2.2641e-09,2.2641e-09,-8.64510439528894,top1rep
0,4.9,5,5,2.268e-09,2.268e-09,-8.64435694977913,top1rep
0,5.0,5,5,2.2238e-09,2.2238e-09,-8.652904274105332,top1rep
1,0.0,5,5,1.88662e-11,1.88662e-11,-10.724315565930585,top1rep
1,0.1,5,5,4.02204e-08,4.02204e-08,-7.395553614571477,top1rep
1,0.2,5,5,7.37574e-08,7.37574e-08,-7.1321944008692135,top1rep
1,0.3,5,5,1.00706e-07,1.00706e-07,-6.996944653684069,top1rep
1,0.4,5,5,1.2192e-07,1.2192e-07,-6.913925046004475,top1rep
1,0.5,5,5,1.3884e-07,1.3884e-07,-6.857485395000626,top1rep
1,0.6,5,5,1.5092e-07,1.5092e-07,-6.821253203471042,top1rep
1,0.7,5,5,1.6284e-07,1.6284e-07,-6.788238906292638,top1rep
1,0.8,5,5,1.7036e-07,1.7036e-07,-6.768632368598289,top1rep
1,0.9,5,5,1.7814e-07,1.7814e-07,-6.749238552020311,top1rep
1,1.0,5,5,1.953e-07,1.953e-07,-6.709297756712146,top1rep
1,1.1,5,5,1.9784e-07,1.9784e-07,-6.703685896646759,top1rep
1,1.2,5,5,2.0116e-07,2.0116e-07,-6.696458373051111,top1rep
1,1.3,5,5,2.0392e-07,2.0392e-07,-6.6905401775387885,top1rep
1,1.4,5,5,2.0334e-07,2.0334e-07,-6.6917771807789785,top1rep
1,1.5,5,5,2.051e-07,2.051e-07,-6.688034339631634,top1rep
1,1.6,5,5,2.0704e-07,2.0704e-07,-6.683945741011394,top1rep
1,1.7,5,5,2.0568e-07,2.0568e-07,-6.686807936365196,top1rep
1,1.8,5,5,2.0892e-07,2.0892e-07,-6.680019982835044,top1rep
1,1.9,5,5,2.0954e-07,2.0954e-07,-6.678733060425211,top1rep
1,2.0,5,5,2.045e-07,2.045e-07,-6.689306687656639,top1rep
1,2.1,5,5,2.0254e-07,2.0254e-07,-6.6934891943566175,top1rep
1,2.2,5,5,2.0848e-07,2.0848e-07,-6.68093560163149,top1rep
1,2.3000000000000003,5,5,2.0822e-07,2.0822e-07,-6.681477557858743,top1rep
1,2.4,5,5,2.0904e-07,2.0904e-07,-6.679770603280731,top1rep
1,2.5,5,5,2.0868e-07,2.0868e-07,-6.680519171949663,top1rep
1,2.6,5,5,2.1036e-07,2.1036e-07,-6.67703683785858,top1rep
1,2.7,5,5,2.0652e-07,2.0652e-07,-6.6850378836248145,top1rep
1,2.8000000000000003,5,5,2.0926e-07,2.0926e-07,-6.67931377901667,top1rep
1,2.9,5,5,2.045e-07,2.045e-07,-6.689306687656639,top1rep
1,3.0,5,5,2.0944e-07,2.0944e-07,-6.6789403707933195,top1rep
1,3.1,5,5,2.0452e-07,2.0452e-07,-6.6892642159455,top1rep
1,3.2,5,5,2.0682e-07,2.0682e-07,-6.684407466208409,top1rep
1,3.3000000000000003,5,5,2.0846e-07,2.0846e-07,-6.6809772665695855,top1rep
1,3.4,5,5,2.0848e-07,2.0848e-07,-6.68093560163149,top1rep
1,3.5,5,5,2.1206e-07,2.1206e-07,-6.673541242928778,top1rep
1,3.6,5,5,2.0884e-07,2.0884e-07,-6.680186315461322,top1rep
1,3.7,5,5,2.0708e-07,2.0708e-07,-6.683861843690182,top1rep
1,3.8,5,5,2.0836e-07,2.0836e-07,-6.681185651239341,top1rep
1,3.9,5,5,2.0768e-07,2.0768e-07,-6.682605324879725,top1rep
1,4.0,5,5,2.0902e-07,2.0902e-07,-6.6798121565967365,top1rep
1,4.1,5,5,2.0648e-07,2.0648e-07,-6.685122008464187,top1rep
1,4.2,5,5,2.0934e-07,2.0934e-07,-6.679147780168246,top1rep
1,4.3,5,5,2.126e-07,2.126e-07,-6.6724367398127225,top1rep
1,4.4,5,5,2.1264e-07,2.1264e-07,-6.672355036401343,top1rep
1,4.5,5,5,2.1298e-07,2.1298e-07,-6.671661177300472,top1rep
1,4.6000000000000005,5,5,2.112e-07,2.112e-07,-6.675306086138225,top1rep
1,4.7,5,5,2.116e-07,2.116e-07,-6.674484336636852,top1rep
1,4.8,5,5,2.105e-07,2.105e-07,-6.676747899828313,top1rep
1,4.9,5,5,2.1582e-07,2.1582e-07,-6.665908311797845,top1rep
1,5.0,5,5,2.1478e-07,2.1478e-07,-6.668006161957743,top1rep
2,0.0,5,5,3.29046e-11,3.29046e-11,-10.48274338426981,top1rep
2,0.1,5,5,9.741099999999998e-08,9.741099999999998e-08,-7.01139199825938,top1rep
2,0.2,5,5,1.9986e-07,1.9986e-07,-6.69927411692518,top1rep
2,0.3,5,5,2.8886e-07,2.8886e-07,-6.539312593088314,top1rep
2,0.4,5,5,3.7394e-07,3.7394e-07,-6.427198076300389,top1rep
2,0.5,5,5,4.674e-07,4.674e-07,-6.330311291943792,top1rep
2,0.6,5,5,5.4832e-07,5.4832e-07,-6.260965912914208,top1rep
2,0.7,5,5,6.2258e-07,6.2258e-07,-6.205804834872827,top1rep
2,0.8,5,5,6.8972e-07,6.8972e-07,-6.161327180472269,top1rep
2,0.9,5,5,7.6176e-07,7.6176e-07,-6.1181818358695645,top1rep
2,1.0,5,5,8.137999999999999e-07,8.137999999999999e-07,-6.0894823144827335,top1rep
2,1.1,5,5,8.6306e-07,8.6306e-07,-6.063959011048258,top1rep
2,1.2,5,5,8.9874e-07,8.9874e-07,-6.046365928841584,top1rep
2,1.3,5,5,9.4492e-07,9.4492e-07,-6.024604958717469,top1rep
2,1.4,5,5,9.955e-07,9.955e-07,-6.001958735636571,top1rep
2,1.5,5,5,1.0142e-06,1.0142e-06,-5.993876393788145,top1rep
2,1.6,5,5,1.03542e-06,1.03542e-06,-5.984883450513377,top1rep
2,1.7,5,5,1.07018e-06,1.07018e-06,-5.970543169574435,top1rep
2,1.8,5,5,1.08088e-06,1.08088e-06,-5.966222519026024,top1rep
2,1.9,5,5,1.11828e-06,1.11828e-06,-5.9514494422188475,top1rep
2,2.0,5,5,1.12532e-06,1.12532e-06,-5.9487239624657455,top1rep
2,2.1,5,5,1.1366e-06,1.1366e-06,-5.944392348291289,top1rep
2,2.2,5,5,1.1221e-06,1.1221e-06,-5.949968437631599,top1rep
2,2.3000000000000003,5,5,1.1470000000000002e-06,1.1470000000000002e-06,-5.940436582098732,top1rep
2,2.4,5,5,1.1573e-06,1.1573e-06,-5.936554046876967,top1rep
2,2.5,5,5,1.1612000000000002e-06,1.1612000000000002e-06,-5.935092972840364,top1rep
2,2.6,5,5,1.1586e-06,1.1586e-06,-5.936066475836961,top1rep
2,2.7,5,5,1.1547e-06,1.1547e-06,-5.937530834185747,top1rep
2,2.8000000000000003,5,5,1.1707e-06,1.1707e-06,-5.931554381645649,top1rep
2,2.9,5,5,1.17e-06,1.17e-06,-5.931814138253839,top1rep
2,3.0,5,5,1.1717e-06,1.1717e-06,-5.93118357007778,top1rep
2,3.1,5,5,1.1795e-06,1.1795e-06,-5.928302054778386,top1rep
2,3.2,5,5,1.1797e-06,1.1797e-06,-5.9282284205832445,top1rep
2,3.3000000000000003,5,5,1.1781000000000002e-06,1.1781000000000002e-06,-5.928817844009919,top1rep
2,3.4,5,5,1.1742e-06,1.1742e-06,-5.930257923958355,top1rep
2,3.5,5,5,1.1764e-06,1.1764e-06,-5.929444984164968,top1rep
2,3.6,5,5,1.1736e-06,1.1736e-06,-5.930479899164774,top1rep
2,3.7,5,5,1.193e-06,1.193e-06,-5.923359556329658,top1rep
2,3.8,5,5,1.1935e-06,1.1935e-06,-5.923177576657227,top1rep
2,3.9,5,5,1.1921000000000002e-06,1.1921000000000002e-06,-5.923687312023142,top1rep
2,4.0,5,5,1.1946000000000002e-06,1.1946000000000002e-06,-5.922777489588947,top1rep
2,4.1,5,5,1.1973000000000002e-06,1.1973000000000002e-06,-5.921797017496314,top1rep
2,4.2,5,5,1.2073e-06,1.2073e-06,-5.91818479936772,top1rep
2,4.3,5,5,1.1996e-06,1.1996e-06,-5.920963542912511,top1rep
2,4.4,5,5,1.2000000000000002e-06,1.2000000000000002e-06,-5.920818753952375,top1rep
2,4.5,5,5,1.2090000000000002e-06,1.2090000000000002e-06,-5.917573699139228,top1rep
2,4.6000000000000005,5,5,1.2197000000000002e-06,1.2197000000000002e-06,-5.913746976182839,top1rep
2,4.7,5,5,1.2183e-06,1.2183e-06,-5.914245755790301,top1rep
2,4.8,5,5,1.2169000000000002e-06,1.2169000000000002e-06,-5.914745108896123,top1rep
2,4.9,5,5,1.2137e-06,1.2137e-06,-5.915888648059323,top1rep
2,5.0,5,5,1.2193e-06,1.2193e-06,-5.91388942619868,top1rep
3,0.0,5,5,4.46642e-11,4.46642e-11,-10.35004044044372,top1rep
3,0.1,5,5,1.3966e-07,1.3966e-07,-6.854927962295002,top1rep
3,0.2,5,5,2.936e-07,2.936e-07,-6.532243948755967,top1rep
3,0.3,5,5,4.4078e-07,4.4078e-07,-6.3557781194346115,top1rep
3,0.4,5,5,6.0446e-07,6.0446e-07,-6.218632433188735,top1rep
3,0.5,5,5,7.507e-07,7.507e-07,-6.124533584133615,top1rep
3,0.6,5,5,9.2108e-07,9.2108e-07,-6.035702647707939,top1rep
3,0.7,5,5,1.08738e-06,1.08738e-06,-5.963618659167228,top1rep
3,0.8,5,5,1.2308e-06,1.2308e-06,-5.909812512424579,top1rep
3,0.9,5,5,1.3723000000000002e-06,1.3723000000000002e-06,-5.862550936659664,top1rep
3,1.0,5,5,1.5170000000000005e-06,1.5170000000000005e-06,-5.81901441921327,top1rep
3,1.1,5,5,1.6416e-06,1.6416e-06,-5.784732656568278,top1rep
3,1.2,5,5,1.7583000000000002e-06,1.7583000000000002e-06,-5.754907023898719,top1rep
3,1.3,5,5,1.8788e-06,1.8788e-06,-5.726119448488789,top1rep
3,1.4,5,5,1.9921000000000004e-06,1.9921000000000004e-06,-5.7006888645277165,top1rep
3,1.5,5,5,2.0976e-06,2.0976e-06,-5.678277325653991,top1rep
3,1.6,5,5,2.1944e-06,2.1944e-06,-5.658684205403527,top1rep
3,1.7,5,5,2.2837000000000003e-06,2.2837000000000003e-06,-5.641360948106535,top1rep
3,1.8,5,5,2.3592e-06,2.3592e-06,-5.627235240456258,top1rep
3,1.9,5,5,2.4413e-06,2.4413e-06,-5.612378848874913,top1rep
3,2.0,5,5,2.5176000000000003e-06,2.5176000000000003e-06,-5.5990132700948365,top1rep
3,2.1,5,5,2.5793000000000004e-06,2.5793000000000004e-06,-5.588498141860776,top1rep
3,2.2,5,5,2.64e-06,2.64e-06,-5.578396073130169,top1rep
3,2.3000000000000003,5,5,2.646e-06,2.646e-06,-5.577410160148518,top1rep
3,2.4,5,5,2.7436000000000003e-06,2.7436000000000003e-06,-5.561679205813551,top1rep
3,2.5,5,5,2.7859000000000003e-06,2.7859000000000003e-06,-5.555034476651334,top1rep
3,2.6,5,5,2.8055e-06,2.8055e-06,-5.551989726960524,top1rep
3,2.7,5,5,2.8344000000000003e-06,2.8344000000000003e-06,-5.547538860674879,top1rep
3,2.8000000000000003,5,5,2.8675000000000005e-06,2.8675000000000005e-06,-5.542496573426694,top1rep
3,2.9,5,5,2.8926000000000005e-06,2.8926000000000005e-06,-5.538711618133349,top1rep
3,3.0,5,5,2.9068000000000003e-06,2.9068000000000003e-06,-5.536584848478777,top1rep
3,3.1,5,5,2.9312000000000004e-06,2.9312000000000004e-06,-5.532954548012244,top1rep
3,3.2,5,5,2.9480000000000004e-06,2.9480000000000004e-06,-5.530472520812986,top1rep
3,3.3000000000000003,5,5,2.9542000000000004e-06,2.9542000000000004e-06,-5.529560106195318,top1rep
3,3.4,5,5,2.9726e-06,2.9726e-06,-5.526863526543523,top1rep
3,3.5,5,5,2.9844e-06,2.9844e-06,-5.525142968682439,top1rep
3,3.6,5,5,2.9972000000000003e-06,2.9972000000000003e-06,-5.5232842760739365,top1rep
3,3.7,5,5,2.9983e-06,2.9983e-06,-5.523124915241494,top1rep
3,3.8,5,5,3.0276000000000005e-06,3.0276000000000005e-06,-5.5189015034348,top1rep
3,3.9,5,5,2.9915000000000005e-06,2.9915000000000005e-06,-5.524110992821934,top1rep
3,4.0,5,5,3.03e-06,3.03e-06,-5.518557371497695,top1rep
3,4.1,5,5,3.0363000000000005e-06,3.0363000000000005e-06,-5.517655320422201,top1rep
3,4.2,5,5,3.0437e-06,3.0437e-06,-5.516598155700823,top1rep
3,4.3,5,5,3.0494000000000004e-06,3.0494000000000004e-06,-5.515785604037804,top1rep
3,4.4,5,5,3.0844000000000005e-06,3.0844000000000005e-06,-5.510829305547154,top1rep
3,4.5,5,5,3.0846000000000005e-06,3.0846000000000005e-06,-5.510801145749323,top1rep
3,4.6000000000000005,5,5,3.0894000000000004e-06,3.0894000000000004e-06,-5.510125857789122,top1rep
3,4.7,5,5,3.0876000000000003e-06,3.0876000000000003e-06,-5.510378967742029,top1rep
3,4.8,5,5,3.1038000000000003e-06,3.1038000000000003e-06,-5.508106271207274,top1rep
3,4.9,5,5,3.0989000000000005e-06,3.0989000000000005e-06,-5.508792438006895,top1rep
3,5.0,5,5,3.0755000000000005e-06,3.0755000000000005e-06,-5.512084268640233,top1rep
4,0.0,5,5,5.14268e-11,5.14268e-11,-10.288810498536758,top1rep
4,0.1,5,5,1.54e-07,1.54e-07,-6.812479279163537,top1rep
4,0.2,5,5,3.4388e-07,3.4388e-07,-6.463593081933782,top1rep
4,0.3,5,5,5.7146e-07,5.7146e-07,-6.243014163146636,top1rep
4,0.4,5,5,8.0416e-07,8.0416e-07,-6.094657533087518,top1rep
4,0.5,5,5,1.03552e-06,1.03552e-06,-5.984841508739859,top1rep
4,0.6,5,5,1.2339000000000002e-06,1.2339000000000002e-06,-5.908720035771163,top1rep
4,0.7,5,5,1.4899e-06,1.4899e-06,-5.826842879846531,top1rep
4,0.8,5,5,1.6831000000000002e-06,1.6831000000000002e-06,-5.7738900800087265,top1rep
4,0.9,5,5,1.9165e-06,1.9165e-06,-5.717491176409629,top1rep
4,1.0,5,5,2.1420000000000004e-06,2.1420000000000004e-06,-5.669180533504163,top1rep
4,1.1,5,5,2.3483e-06,2.3483e-06,-5.6292464218954965,top1rep
4,1.2,5,5,2.5644000000000004e-06,2.5644000000000004e-06,-5.591014231788305,top1rep
4,1.3,5,5,2.7871000000000004e-06,2.7871000000000004e-06,-5.55484744870002,top1rep
4,1.4,5,5,2.9783000000000004e-06,2.9783000000000004e-06,-5.526031558503766,top1rep
4,1.5,5,5,3.1780000000000003e-06,3.1780000000000003e-06,-5.497846107128639,top1rep
4,1.6,5,5,3.3942000000000005e-06,3.3942000000000005e-06,-5.469262570875947,top1rep
4,1.7,5,5,3.5404000000000004e-06,3.5404000000000004e-06,-5.450947667923665,top1rep
4,1.8,5,5,3.7063e-06,3.7063e-06,-5.431059430383703,top1rep
4,1.9,5,5,3.867500000000001e-06,3.867500000000001e-06,-5.4125696776285945,top1rep
4,2.0,5,5,4.1189000000000005e-06,4.1189000000000005e-06,-5.385218751858922,top1rep
4,2.1,5,5,4.2574e-06,4.2574e-06,-5.37085554417763,top1rep
4,2.2,5,5,4.3679e-06,4.3679e-06,-5.3597273130563705,top1rep
4,2.3000000000000003,5,5,4.5426e-06,4.5426e-06,-5.34269550343211,top1rep
4,2.4,5,5,4.670700000000001e-06,4.670700000000001e-06,-5.330618026638294,top1rep
4,2.5,5,5,4.721200000000001e-06,4.721200000000001e-06,-5.3259476015478615,top1rep
4,2.6,5,5,4.9027000000000005e-06,4.9027000000000005e-06,-5.3095646807555985,top1rep
4,2.7,5,5,5.032300000000001e-06,5.032300000000001e-06,-5.298233476374208,top1rep
4,2.8000000000000003,5,5,5.0791e-06,5.0791e-06,-5.294213236468379,top1rep
4,2.9,5,5,5.2027e-06,5.2027e-06,-5.283771215830058,top1rep
4,3.0,5,5,5.254800000000001e-06,5.254800000000001e-06,-5.2794438087602495,top1rep
4,3.1,5,5,5.2974e-06,5.2974e-06,-5.275937232797083,top1rep
4,3.2,5,5,5.5106e-06,5.5106e-06,-5.258801112127762,top1rep
4,3.3000000000000003,5,5,5.541400000000001e-06,5.541400000000001e-06,-5.256380499628438,top1rep
4,3.4,5,5,5.558800000000001e-06,5.558800000000001e-06,-5.255018951156423,top1rep
4,3.5,5,5,5.591e-06,5.591e-06,-5.252510507741327,top1rep
4,3.6,5,5,5.669e-06,5.669e-06,-5.24649354300903,top1rep
4,3.7,5,5,5.6636e-06,5.6636e-06,-5.2469074269155955,top1rep
4,3.8,5,5,5.6428e-06,5.6428e-06,-5.248505342328869,top1rep
4,3.9,5,5,5.770000000000001e-06,5.770000000000001e-06,-5.238824186844268,top1rep
4,4.0,5,5,5.81e-06,5.81e-06,-5.235823867609669,top1rep
4,4.1,5,5,5.8089e-06,5.8089e-06,-5.235906099822963,top1rep
4,4.2,5,5,5.848400000000001e-06,5.848400000000001e-06,-5.232962931561151,top1rep
4,4.3,5,5,5.9005000000000005e-06,5.9005000000000005e-06,-5.229111185300175,top1rep
4,4.4,5,5,5.8518000000000005e-06,5.8518000000000005e-06,-5.2327105254005675,top1rep
4,4.5,5,5,5.8611000000000005e-06,5.8611000000000005e-06,-5.232020868777449,top1rep
4,4.6000000000000005,5,5,5.9085e-06,5.9085e-06,-5.228522760135177,top1rep
4,4.7,5,5,5.9711e-06,5.9711e-06,-5.223945655483012,top1rep
4,4.8,5,5,5.853800000000001e-06,5.853800000000001e-06,-5.232562119684968,top1rep
4,4.9,5,5,5.917700000000001e-06,5.917700000000001e-06,-5.227847055337437,top1rep
4,5.0,5,5,5.962000000000001e-06,5.962000000000001e-06,-5.224608028303388,top1rep
5,0.0,5,5,5.31526e-11,5.31526e-11,-10.274475486775012,top1rep
5,0.1,5,5,2.139e-07,2.139e-07,-6.669789215428472,top1rep
5,0.2,5,5,4.538e-07,4.538e-07,-6.343135508451083,top1rep
5,0.3,5,5,6.6934e-07,6.6934e-07,-6.174353220625973,top1rep
5,0.4,5,5,9.4988e-07,9.4988e-07,-6.022331256426521,top1rep
5,0.5,5,5,1.2386e-06,1.2386e-06,-5.907068924326447,top1rep
5,0.6,5,5,1.5110000000000002e-06,1.5110000000000002e-06,-5.820735535660974,top1rep
5,0.7,5,5,1.8332e-06,1.8332e-06,-5.736790151427251,top1rep
5,0.8,5,5,2.171e-06,2.171e-06,-5.66334017654558,top1rep
5,0.9,5,5,2.6221000000000003e-06,2.6221000000000003e-06,-5.581350749480397,top1rep
5,1.0,5,5,3.0975000000000004e-06,3.0975000000000004e-06,-5.508988684951899,top1rep
5,1.1,5,5,3.3922000000000003e-06,3.3922000000000003e-06,-5.469518550184255,top1rep
5,1.2,5,5,3.748e-06,3.748e-06,-5.426200417784259,top1rep
5,1.3,5,5,4.0318e-06,4.0318e-06,-5.394501019481849,top1rep
5,1.4,5,5,4.3598e-06,4.3598e-06,-5.360533432953574,top1rep
5,1.5,5,5,4.5589000000000005e-06,4.5589000000000005e-06,-5.341139933993366,top1rep
5,1.6,5,5,4.8461e-06,4.8461e-06,-5.314607628374307,top1rep
5,1.7,5,5,5.1553e-06,5.1553e-06,-5.287746056946208,top1rep
5,1.8,5,5,5.446800000000001e-06,5.446800000000001e-06,-5.263858571209526,top1rep
5,1.9,5,5,5.731800000000001e-06,5.731800000000001e-06,-5.241708971870602,top1rep
5,2.0,5,5,5.918300000000001e-06,5.918300000000001e-06,-5.227803024129367,top1rep
5,2.1,5,5,6.1558e-06,6.1558e-06,-5.210715498702056,top1rep
5,2.2,5,5,6.266500000000001e-06,6.266500000000001e-06,-5.202974955994738,top1rep
5,2.3000000000000003,5,5,6.5124000000000005e-06,6.5124000000000005e-06,-5.186258932372899,top1rep
5,2.4,5,5,6.923500000000001e-06,6.923500000000001e-06,-5.159674303460092,top1rep
5,2.5,5,5,6.922000000000001e-06,6.922000000000001e-06,-5.159768405041891,top1rep
5,2.6,5,5,7.338100000000002e-06,7.338100000000002e-06,-5.1344163741891915,top1rep
5,2.7,5,5,7.473300000000002e-06,7.473300000000002e-06,-5.126487583550139,top1rep
5,2.8000000000000003,5,5,7.6621e-06,7.6621e-06,-5.115652184229111,top1rep
5,2.9,5,5,7.7469e-06,7.7469e-06,-5.110872050039277,top1rep
5,3.0,5,5,7.811600000000002e-06,7.811600000000002e-06,-5.107260003254175,top1rep
5,3.1,5,5,7.971400000000001e-06,7.971400000000001e-06,-5.098465397690514,top1rep
5,3.2,5,5,8.102600000000001e-06,8.102600000000001e-06,-5.0913756003228805,top1rep
5,3.3000000000000003,5,5,8.1727e-06,8.1727e-06,-5.0876344426859745,top1rep
5,3.4,5,5,8.3512e-06,8.3512e-06,-5.078251115422539,top1rep
5,3.5,5,5,8.527000000000002e-06,8.527000000000002e-06,-5.0692037370167,top1rep
5,3.6,5,5,8.3703e-06,8.3703e-06,-5.077258976175234,top1rep
5,3.7,5,5,8.584900000000001e-06,8.584900000000001e-06,-5.066264759291781,top1rep
5,3.8,5,5,8.6198e-06,8.6198e-06,-5.06450281073028,top1rep
5,3.9,5,5,8.666000000000001e-06,8.666000000000001e-06,-5.062181315301644,top1rep
5,4.0,5,5,8.440400000000001e-06,8.440400000000001e-06,-5.073636971185203,top1rep
5,4.1,5,5,8.7213e-06,8.7213e-06,-5.059418774156202,top1rep
5,4.2,5,5,8.791800000000001e-06,8.791800000000001e-06,-5.05592220000726,top1rep
5,4.3,5,5,8.932e-06,8.932e-06,-5.0490512856006,top1rep
5,4.4,5,5,8.7553e-06,8.7553e-06,-5.057728968242741,top1rep
5,4.5,5,5,8.7845e-06,8.7845e-06,-5.056282952827841,top1rep
5,4.6000000000000005,5,5,9.3051e-06,9.3051e-06,-5.031278955234469,top1rep
5,4.7,5,5,9.312e-06,9.312e-06,-5.030957032694187,top1rep
5,4.8,5,5,9.3705e-06,9.3705e-06,-5.028237234998297,top1rep
5,4.9,5,5,9.6006e-06,9.6006e-06,-5.017701624403509,top1rep
5,5.0,5,5,9.9571e-06,9.9571e-06,-5.001867131193507,top1rep
-5,0.0,10,5,-3.022e-12,3.022e-12,-11.519705539996993,top1
-5,0.1,10,5,3.841e-12,3.841e-12,-11.415555692834824,top1
-5,0.2,10,5,-1.5006e-12,1.5006e-12,-11.823735057885854,top1
-5,0.3,10,5,-9.334e-13,9.334e-13,-12.029932203450862,top1
-5,0.4,10,5,-1.212e-13,1.212e-13,-12.916497380169732,top1
-5,0.5,10,5,4.59e-13,4.59e-13,-12.338187314462738,top1
-5,0.6,10,5,1.2176e-12,1.2176e-12,-11.914495360573502,top1
-5,0.7,10,5,1.8166e-12,1.8166e-12,-11.740740690147637,top1
-5,0.8,10,5,2.362e-12,2.362e-12,-11.626720106722503,top1
-5,0.9,10,5,2.8612e-12,2.8612e-12,-11.543451783627606,top1
-5,1.0,10,5,3.2138e-12,3.2138e-12,-11.492981153583568,top1
-5,1.1,10,5,3.5276e-12,3.5276e-12,-11.452520666068974,top1
-5,1.2,10,5,3.8534e-12,3.8534e-12,-11.414155906954788,top1
-5,1.3,10,5,4.0012e-12,4.0012e-12,-11.39780973986681,top1
-5,1.4,10,5,4.1336e-12,4.1336e-12,-11.383671551462395,top1
-5,1.5,10,5,4.2548e-12,4.2548e-12,-11.371120849430811,top1
-5,1.6,10,5,-4.665e-12,4.665e-12,-11.33114835191748,top1
-5,1.7,10,5,4.9218e-12,4.9218e-12,-11.307876038065386,top1
-5,1.8,10,5,2.7014e-12,2.7014e-12,-11.568411104472004,top1
-5,1.9,10,5,3.57e-13,3.57e-13,-12.447331783887806,top1
-5,2.0,10,5,1.0194e-12,1.0194e-12,-11.99165537074731,top1
-5,2.1,10,5,1.489e-12,1.489e-12,-11.827105302247825,top1
-5,2.2,10,5,2.2694e-12,2.2694e-12,-11.644088949473247,top1
-5,2.3000000000000003,10,5,2.7306e-12,2.7306e-12,-11.563741914109963,top1
-5,2.4,10,5,3.046e-12,3.046e-12,-11.516270100999977,top1
-5,2.5,10,5,3.3358e-12,3.3358e-12,-11.476799995654254,top1
-5,2.6,10,5,3.6572e-12,3.6572e-12,-11.436851288904142,top1
-5,2.7,10,5,3.8632e-12,3.8632e-12,-11.41305280760771,top1
-5,2.8000000000000003,10,5,4.0174e-12,4.0174e-12,-11.396054924767157,top1
-5,2.9,10,5,4.0828e-12,4.0828e-12,-11.389041893901098,top1
-5,3.0,10,5,4.0698e-12,4.0698e-12,-11.390426932551334,top1
-5,3.1,10,5,4.2416e-12,4.2416e-12,-11.372470289610982,top1
-5,3.2,10,5,-4.7272e-12,4.7272e-12,-11.32539602302839,top1
-5,3.3000000000000003,10,5,-4.2726e-12,4.2726e-12,-11.369307763846557,top1
-5,3.4,10,5,2.3794e-12,2.3794e-12,-11.623532542750405,top1
-5,3.5,10,5,3.482e-13,3.482e-13,-12.458171233218687,top1
-5,3.6,10,5,1.095e-12,1.095e-12,-11.960585880823864,top1
-5,3.7,10,5,1.5968e-12,1.5968e-12,-11.796749476056704,top1
-5,3.8,10,5,2.1382e-12,2.1382e-12,-11.669951674789537,top1
-5,3.9,10,5,2.587e-12,2.587e-12,-11.587203571283457,top1
-5,4.0,10,5,3.2224e-12,3.2224e-12,-11.491820551126477,top1
-5,4.1,10,5,3.5184e-12,3.5184e-12,-11.453654787983284,top1
-5,4.2,10,5,3.8692e-12,3.8692e-12,-11.412378820898693,top1
-5,4.3,10,5,4.0156e-12,4.0156e-12,-11.396249554439885,top1
-5,4.4,10,5,4.1606e-12,4.1606e-12,-11.380844035262834,top1
-5,4.5,10,5,4.2582e-12,4.2582e-12,-11.37077394438747,top1
-5,4.6000000000000005,10,5,4.394e-12,4.394e-12,-11.357139947415508,top1
-5,4.7,10,5,-4.4824e-12,4.4824e-12,-11.348489390540488,top1
-5,4.8,10,5,-4.148e-12,4.148e-12,-11.382161252282996,top1
-5,4.9,10,5,2.9336e-12,2.9336e-12,-11.532599103047454,top1
-5,5.0,10,5,4.896e-13,4.896e-13,-12.310158590862494,top1
-4,0.0,10,5,4.6498e-12,4.6498e-12,-11.332565726844319,top1
-4,0.1,10,5,3.9632e-12,3.9632e-12,-11.401954010758239,top1
-4,0.2,10,5,-1.658e-12,1.658e-12,-11.780415473785744,top1
-4,0.3,10,5,-1.0686e-12,1.0686e-12,-11.971184830153113,top1
-4,0.4,10,5,-3.732e-13,3.732e-13,-12.428058364925537,top1
-4,0.5,10,5,1.57e-13,1.57e-13,-12.804100347590767,top1
-4,0.6,10,5,7.818e-13,7.818e-13,-12.106904333903772,top1
-4,0.7,10,5,1.215e-12,1.215e-12,-11.915423722065668,top1
-4,0.8,10,5,1.8556e-12,1.8556e-12,-11.731515636153278,top1
-4,0.9,10,5,2.3156e-12,2.3156e-12,-11.635336459105234,top1
-4,1.0,10,5,2.8132e-12,2.8132e-12,-11.550799391258632,top1
-4,1.1,10,5,3.1718e-12,3.1718e-12,-11.498694205224169,top1
-4,1.2,10,5,3.5358e-12,3.5358e-12,-11.451512308521208,top1
-4,1.3,10,5,3.7416e-12,3.7416e-12,-11.426942643099553,top1
-4,1.4,10,5,3.8984e-12,3.8984e-12,-11.409113601626762,top1
-4,1.5,10,5,3.9976e-12,3.9976e-12,-11.39820066356547,top1
-4,1.6,10,5,4.1044e-12,4.1044e-12,-11.386750321062046,top1
-4,1.7,10,5,4.2344e-12,4.2344e-12,-11.37320811901679,top1
-4,1.8,10,5,-4.7118e-12,4.7118e-12,-11.326813152164034,top1
-4,1.9,10,5,-4.402e-12,4.402e-12,-11.356349961782671,top1
-4,2.0,10,5,2.7742e-12,2.7742e-12,-11.556862232604713,top1
-4,2.1,10,5,-1.76e-14,1.76e-14,-13.75448733218585,top1
-4,2.2,10,5,5.072e-13,5.072e-13,-12.294820755126324,top1
-4,2.3000000000000003,10,5,1.1624e-12,1.1624e-12,-11.934644398710034,top1
-4,2.4,10,5,1.7208e-12,1.7208e-12,-11.764269602620594,top1
-4,2.5,10,5,2.1774e-12,2.1774e-12,-11.6620617814158,top1
-4,2.6,10,5,2.5342e-12,2.5342e-12,-11.596159113419104,top1
-4,2.7,10,5,3.0202e-12,3.0202e-12,-11.5199642967712,top1
-4,2.8000000000000003,10,5,3.4718e-12,3.4718e-12,-11.45944530117935,top1
-4,2.9,10,5,3.6512e-12,3.6512e-12,-11.437564377261879,top1
-4,3.0,10,5,3.853e-12,3.853e-12,-11.414200990986998,top1
-4,3.1,10,5,4.0008e-12,4.0008e-12,-11.39785315846039,top1
-4,3.2,10,5,4.0576e-12,4.0576e-12,-11.39173076813438,top1
-4,3.3000000000000003,10,5,4.1814e-12,4.1814e-12,-11.37867828509646,top1
-4,3.4,10,5,-4.6546e-12,4.6546e-12,-11.332117634823755,top1
-4,3.5,10,5,4.941e-12,4.941e-12,-11.306185146110582,top1
-4,3.6,10,5,2.9496e-12,2.9496e-12,-11.53023687540194,top1
-4,3.7,10,5,-8.12e-14,8.12e-14,-13.090443970758825,top1
-4,3.8,10,5,4.782e-13,4.782e-13,-12.320390428220245,top1
-4,3.9,10,5,1.1324e-12,1.1324e-12,-11.946000139306935,top1
-4,4.0,10,5,1.6258e-12,1.6258e-12,-11.788932880782967,top1
-4,4.1,10,5,2.1792e-12,2.1792e-12,-11.661702909767309,top1
-4,4.2,10,5,2.6074e-12,2.6074e-12,-11.583792338809769,top1
-4,4.3,10,5,3.004e-12,3.004e-12,-11.52230007166787,top1
-4,4.4,10,5,3.3696e-12,3.3696e-12,-11.472421650494608,top1
-4,4.5,10,5,3.511e-12,3.511e-12,-11.454569170534649,top1
-4,4.6000000000000005,10,5,3.6716e-12,3.6716e-12,-11.435144638814805,top1
-4,4.7,10,5,3.845e-12,3.845e-12,-11.41510365586255,top1
-4,4.8,10,5,4.0392e-12,4.0392e-12,-11.39370464231257,top1
-4,4.9,10,5,4.1612e-12,4.1612e-12,-11.380781410184223,top1
-4,5.0,10,5,4.225e-12,4.225e-12,-11.374173286714289,top1
-3,0.0,10,5,4.6718e-12,4.6718e-12,-11.33051575766697,top1
-3,0.1,10,5,-2.2872e-12,2.2872e-12,-11.640695857650067,top1
-3,0.2,10,5,-2.968e-13,2.968e-13,-12.527536103393011,top1
-3,0.3,10,5,-8.11e-13,8.11e-13,-12.090979145788843,top1
-3,0.4,10,5,-1.6214e-12,1.6214e-12,-11.790109831318743,top1
-3,0.5,10,5,-2.0464e-12,2.0464e-12,-11.689009472865422,top1
-3,0.6,10,5,-2.516e-12,2.516e-12,-11.599289363226768,top1
-3,0.7,10,5,-2.9582e-12,2.9582e-12,-11.52897246726945,top1
-3,0.8,10,5,-3.2186e-12,3.2186e-12,-11.492332993052482,top1
-3,0.9,10,5,-3.4558e-12,3.4558e-12,-11.461451399702911,top1
-3,1.0,10,5,-3.7404e-12,3.7404e-12,-11.427081951675536,top1
-3,1.1,10,5,-3.9338e-12,3.9338e-12,-11.405187724005994,top1
-3,1.2,10,5,-4.1232e-12,4.1232e-12,-11.384765598793171,top1
-3,1.3,10,5,-4.2118e-12,4.2118e-12,-11.375532259746434,top1
-3,1.4,10,5,4.5722e-12,4.5722e-12,-11.339874780683441,top1
-3,1.5,10,5,-4.8376e-12,4.8376e-12,-11.315370044402115,top1
-3,1.6,10,5,-2.957e-12,2.957e-12,-11.529148675473882,top1
-3,1.7,10,5,2.09e-13,2.09e-13,-12.679853713888946,top1
-3,1.8,10,5,-4.31e-13,4.31e-13,-12.365522729839268,top1
-3,1.9,10,5,-9.5e-13,9.5e-13,-12.022276394711152,top1
-3,2.0,10,5,-1.7286e-12,1.7286e-12,-11.762305491335944,top1
-3,2.1,10,5,-2.069e-12,2.069e-12,-11.684239509334265,top1
-3,2.2,10,5,-2.5912e-12,2.5912e-12,-11.586499064997879,top1
-3,2.3000000000000003,10,5,-2.969e-12,2.969e-12,-11.527389802403956,top1
-3,2.4,10,5,-3.2958e-12,3.2958e-12,-11.482039150594998,top1
-3,2.5,10,5,-3.567e-12,3.567e-12,-11.447696890661646,top1
-3,2.6,10,5,-3.8532e-12,3.8532e-12,-11.414178448385872,top1
-3,2.7,10,5,-4.048e-12,4.048e-12,-11.392759496168257,top1
-3,2.8000000000000003,10,5,-4.1866e-12,4.1866e-12,-11.378138530890773,top1
-3,2.9,10,5,-4.247e-12,4.247e-12,-11.371917739009321,top1
-3,3.0,10,5,4.649e-12,4.649e-12,-11.332640453816913,top1
-3,3.1,10,5,-4.832e-12,4.832e-12,-11.315873074386925,top1
-3,3.2,10,5,-2.752e-12,2.752e-12,-11.560351570436527,top1
-3,3.3000000000000003,10,5,1.296e-13,1.296e-13,-12.887394998465426,top1
-3,3.4,10,5,-6.896e-13,6.896e-13,-12.161402747183343,top1
-3,3.5,10,5,-1.171e-12,1.171e-12,-11.931443104927636,top1
-3,3.6,10,5,-1.7858e-12,1.7858e-12,-11.748167181371361,top1
-3,3.7,10,5,-2.303e-12,2.303e-12,-11.637706062035768,top1
-3,3.8,10,5,-2.7764e-12,2.7764e-12,-11.556517964269679,top1
-3,3.9,10,5,-3.1826e-12,3.1826e-12,-11.497217941557768,top1
-3,4.0,10,5,-3.553e-12,3.553e-12,-11.449404792510672,top1
-3,4.1,10,5,-3.8064e-12,3.8064e-12,-11.419485575306808,top1
-3,4.2,10,5,-3.9682e-12,3.9682e-12,-11.401406447226663,top1
-3,4.3,10,5,-4.1414e-12,4.1414e-12,-11.382852820837114,top1
-3,4.4,10,5,-4.2072e-12,4.2072e-12,-11.376006842194599,top1
-3,4.5,10,5,4.565e-12,4.565e-12,-11.340559218129682,top1
-3,4.6000000000000005,10,5,-4.8442e-12,4.8442e-12,-11.31477793466538,top1
-3,4.7,10,5,-2.9664e-12,2.9664e-12,-11.527770287535597,top1
-3,4.8,10,5,3.1e-14,3.1e-14,-13.508638306165727,top1
-3,4.9,10,5,-6.542e-13,6.542e-13,-12.184289460211037,top1
-3,5.0,10,5,-1.4028e-12,1.4028e-12,-11.853004242790535,top1
-2,0.0,10,5,-4.2016e-12,4.2016e-12,-11.376585295590615,top1
-2,0.1,10,5,4.771e-12,4.771e-12,-11.321390583441074,top1
-2,0.2,10,5,3.846e-12,3.846e-12,-11.414990720097538,top1
-2,0.3,10,5,-1.4842e-12,1.4842e-12,-11.8285075727471,top1
-2,0.4,10,5,-7.305999999999999e-13,7.305999999999999e-13,-12.136320332124102,top1
-2,0.5,10,5,2.056e-13,2.056e-13,-12.686976889676762,top1
-2,0.6,10,5,1.0396e-12,1.0396e-12,-11.983133729171024,top1
-2,0.7,10,5,1.7242e-12,1.7242e-12,-11.763412359243004,top1
-2,0.8,10,5,2.2538e-12,2.2538e-12,-11.647084625446148,top1
-2,0.9,10,5,2.7456e-12,2.7456e-12,-11.56136273383139,top1
-2,1.0,10,5,3.142e-12,3.142e-12,-11.502793819296045,top1
-2,1.1,10,5,3.521e-12,3.521e-12,-11.453333974929816,top1
-2,1.2,10,5,3.7864e-12,3.7864e-12,-11.421773508540062,top1
-2,1.3,10,5,3.9964e-12,3.9964e-12,-11.398331049700621,top1
-2,1.4,10,5,4.1352e-12,4.1352e-12,-11.383503480840366,top1
-2,1.5,10,5,4.2578e-12,4.2578e-12,-11.370814742366072,top1
-2,1.6,10,5,-4.6672e-12,4.6672e-12,-11.330943588222343,top1
-2,1.7,10,5,4.7704e-12,4.7704e-12,-11.321445203662318,top1
-2,1.8,10,5,2.2616e-12,2.2616e-12,-11.645584204518537,top1
-2,1.9,10,5,5.762e-13,5.762e-13,-12.239426746055607,top1
-2,2.0,10,5,1.389e-12,1.389e-12,-11.857297754262385,top1
-2,2.1,10,5,1.7814e-12,1.7814e-12,-11.749238552020312,top1
-2,2.2,10,5,2.443e-12,2.443e-12,-11.612076533026563,top1
-2,2.3000000000000003,10,5,2.8344e-12,2.8344e-12,-11.547538860674878,top1
-2,2.4,10,5,3.273e-12,3.273e-12,-11.485053994691995,top1
-2,2.5,10,5,3.5192e-12,3.5192e-12,-11.453556051031194,top1
-2,2.6,10,5,3.7526e-12,3.7526e-12,-11.425667725768362,top1
-2,2.7,10,5,3.9482e-12,3.9482e-12,-11.403600855826012,top1
-2,2.8000000000000003,10,5,4.0656e-12,4.0656e-12,-11.390875352293707,top1
-2,2.9,10,5,4.1968e-12,4.1968e-12,-11.377081726753723,top1
-2,3.0,10,5,-4.5732e-12,4.5732e-12,-11.339779805180209,top1
-2,3.1,10,5,4.8548e-12,4.8548e-12,-11.31382865673136,top1
-2,3.2,10,5,3.027e-12,3.027e-12,-11.518987579043428,top1
-2,3.3000000000000003,10,5,-3.406e-13,3.406e-13,-12.467755356373418,top1
-2,3.4,10,5,4.436e-13,4.436e-13,-12.353008462522878,top1
-2,3.5,10,5,1.1466e-12,1.1466e-12,-11.940588062561343,top1
-2,3.6,10,5,1.823e-12,1.823e-12,-11.739213331345024,top1
-2,3.7,10,5,2.2454e-12,2.2454e-12,-11.648706281690224,top1
-2,3.8,10,5,2.7006e-12,2.7006e-12,-11.568539736677877,top1
-2,3.9,10,5,3.1934e-12,3.1934e-12,-11.495746679045114,top1
-2,4.0,10,5,3.5036e-12,3.5036e-12,-11.45548548232956,top1
-2,4.1,10,5,3.8272e-12,3.8272e-12,-11.417118842027701,top1
-2,4.2,10,5,4.051e-12,4.051e-12,-11.392437756816411,top1
-2,4.3,10,5,4.1252e-12,4.1252e-12,-11.384554990922352,top1
-2,4.4,10,5,4.226e-12,4.226e-12,-11.374070507283706,top1
-2,4.5,10,5,-4.6048e-12,4.6048e-12,-11.33678922774349,top1
-2,4.6000000000000005,10,5,4.8118e-12,4.8118e-12,-11.317692432184536,top1
-2,4.7,10,5,2.696e-12,2.696e-12,-11.569280112136719,top1
-2,4.8,10,5,4.42e-14,4.42e-14,-13.354577730650908,top1
-2,4.9,10,5,7.591999999999999e-13,7.591999999999999e-13,-12.119643800580764,top1
-2,5.0,10,5,1.4212e-12,1.4212e-12,-11.84734480118271,top1
-1,0.0,10,5,-4.477e-12,4.477e-12,-11.349012905616554,top1
-1,0.1,10,5,-4.0472e-12,4.0472e-12,-11.392845333599489,top1
-1,0.2,10,5,2.1666e-12,2.1666e-12,-11.66422126118953,top1
-1,0.3,10,5,6.272e-13,6.272e-13,-12.202593950323617,top1
-1,0.4,10,5,1.3596e-12,1.3596e-12,-11.866588844088978,top1
-1,0.5,10,5,1.9608e-12,1.9608e-12,-11.707566701755978,top1
-1,0.6,10,5,2.577e-12,2.577e-12,-11.588885581449095,top1
-1,0.7,10,5,3.0738e-12,3.0738e-12,-11.512324393740014,top1
-1,0.8,10,5,3.4952e-12,3.4952e-12,-11.456527968298488,top1
-1,0.9,10,5,3.6286e-12,3.6286e-12,-11.440260903766193,top1
-1,1.0,10,5,3.8228e-12,3.8228e-12,-11.417618422663281,top1
-1,1.1,10,5,4.0248e-12,4.0248e-12,-11.395255695682309,top1
-1,1.2,10,5,4.181e-12,4.181e-12,-11.378719832449585,top1
-1,1.3,10,5,4.3056e-12,4.3056e-12,-11.365966319580322,top1
-1,1.4,10,5,-4.7196e-12,4.7196e-12,-11.326094807542628,top1
-1,1.5,10,5,4.9038e-12,4.9038e-12,-11.309467250697557,top1
-1,1.6,10,5,3.057e-12,3.057e-12,-11.514704561273911,top1
-1,1.7,10,5,-3.744e-13,3.744e-13,-12.426664159933932,top1
-1,1.8,10,5,4.302e-13,4.302e-13,-12.366329593948556,top1
-1,1.9,10,5,9.432e-13,9.432e-13,-12.025396207912967,top1
-1,2.0,10,5,1.545e-12,1.545e-12,-11.811071516239146,top1
-1,2.1,10,5,2.1362e-12,2.1362e-12,-11.670358089269788,top1
-1,2.2,10,5,2.6238e-12,2.6238e-12,-11.581069272271499,top1
-1,2.3000000000000003,10,5,2.98e-12,2.98e-12,-11.525783735923746,top1
-1,2.4,10,5,3.3928e-12,3.3928e-12,-11.469441740548346,top1
-1,2.5,10,5,3.6464e-12,3.6464e-12,-11.4381356921637,top1
-1,2.6,10,5,3.8962e-12,3.8962e-12,-11.40935875798772,top1
-1,2.7,10,5,4.0172e-12,4.0172e-12,-11.396076545979513,top1
-1,2.8000000000000003,10,5,4.088e-12,4.088e-12,-11.388489112873344,top1
-1,2.9,10,5,4.237e-12,4.237e-12,-11.37294153599901,top1
-1,3.0,10,5,-4.6088e-12,4.6088e-12,-11.33641213778153,top1
-1,3.1,10,5,4.8472e-12,4.8472e-12,-11.314509060511527,top1
-1,3.2,10,5,2.797e-12,2.797e-12,-11.553307533628473,top1
-1,3.3000000000000003,10,5,-1.65e-13,1.65e-13,-12.782516055786093,top1
-1,3.4,10,5,5.26e-13,5.26e-13,-12.279014255846262,top1
-1,3.5,10,5,1.0108e-12,1.0108e-12,-11.995334766752123,top1
-1,3.6,10,5,1.6182e-12,1.6182e-12,-11.790967803163465,top1
-1,3.7,10,5,2.1592e-12,2.1592e-12,-11.66570712845154,top1
-1,3.8,10,5,2.4456e-12,2.4456e-12,-11.611614574281967,top1
-1,3.9,10,5,2.9166e-12,2.9166e-12,-11.535123128541814,top1
-1,4.0,10,5,3.1906e-12,3.1906e-12,-11.496127639141386,top1
-1,4.1,10,5,3.4818e-12,3.4818e-12,-11.458196179051827,top1
-1,4.2,10,5,3.8462e-12,3.8462e-12,-11.414968136468303,top1
-1,4.3,10,5,3.9874e-12,3.9874e-12,-11.399310195468999,top1
-1,4.4,10,5,4.1668e-12,4.1668e-12,-11.38019734451054,top1
-1,4.5,10,5,4.16e-12,4.16e-12,-11.380906669373257,top1
-1,4.6000000000000005,10,5,-4.5664e-12,4.5664e-12,-11.340426048565448,top1
-1,4.7,10,5,4.8508e-12,4.8508e-12,-11.314186631102027,top1
-1,4.8,10,5,2.8944e-12,2.8944e-12,-11.538441450484262,top1
-1,4.9,10,5,-2.894e-13,2.894e-13,-12.538501473216982,top1
-1,5.0,10,5,5.694e-13,5.694e-13,-12.244582537189064,top1
0,0.0,10,5,-1.043e-12,1.043e-12,-11.98171569157347,top1
0,0.1,10,5,7.6168e-09,7.6168e-09,-8.118227447851112,top1
0,0.2,10,5,9.5835e-09,9.5835e-09,-8.018475852812179,top1
0,0.3,10,5,1.01913e-08,1.01913e-08,-7.991770413950795,top1
0,0.4,10,5,1.05561e-08,1.05561e-08,-7.976496504275929,top1
0,0.5,10,5,1.07451e-08,1.07451e-08,-7.968789538362756,top1
0,0.6,10,5,1.09133e-08,1.09133e-08,-7.962043906140823,top1
0,0.7,10,5,1.10314e-08,1.10314e-08,-7.957369367551516,top1
0,0.8,10,5,1.10447e-08,1.10447e-08,-7.956846076090783,top1
0,0.9,10,5,1.12187e-08,1.12187e-08,-7.950057465320192,top1
0,1.0,10,5,1.12598e-08,1.12598e-08,-7.94846932348714,top1
0,1.1,10,5,1.13754e-08,1.13754e-08,-7.944033323045492,top1
0,1.2,10,5,1.13236e-08,1.13236e-08,-7.946015480251916,top1
0,1.3,10,5,1.13008e-08,1.13008e-08,-7.946890811092908,top1
0,1.4,10,5,1.13675e-08,1.13675e-08,-7.944335037122854,top1
0,1.5,10,5,1.14594e-08,1.14594e-08,-7.940838120894873,top1
0,1.6,10,5,1.14226e-08,1.14226e-08,-7.94223503119232,top1
0,1.7,10,5,1.14222e-08,1.14222e-08,-7.942250239711789,top1
0,1.8,10,5,1.14702e-08,1.14702e-08,-7.940429009462366,top1
0,1.9,10,5,1.14786e-08,1.14786e-08,-7.940111077909439,top1
0,2.0,10,5,1.14802e-08,1.14802e-08,-7.940050545897995,top1
0,2.1,10,5,1.15072e-08,1.15072e-08,-7.9390303386189025,top1
0,2.2,10,5,1.1533799999999998e-08,1.1533799999999998e-08,-7.938027583673297,top1
0,2.3000000000000003,10,5,1.1412399999999998e-08,1.1412399999999998e-08,-7.942623014902417,top1
0,2.4,10,5,1.15646e-08,1.15646e-08,-7.936869384146888,top1
0,2.5,10,5,1.15354e-08,1.15354e-08,-7.937967341343944,top1
0,2.6,10,5,1.15428e-08,1.15428e-08,-7.9376888292176755,top1
0,2.7,10,5,1.15258e-08,1.15258e-08,-7.938328920729847,top1
0,2.8000000000000003,10,5,1.15756e-08,1.15756e-08,-7.936456488868474,top1
0,2.9,10,5,1.1571399999999998e-08,1.1571399999999998e-08,-7.936614093468985,top1
0,3.0,10,5,1.16402e-08,1.16402e-08,-7.934039557645737,top1
0,3.1,10,5,1.17242e-08,1.17242e-08,-7.930916781656706,top1
0,3.2,10,5,1.1649999999999998e-08,1.1649999999999998e-08,-7.933674074637962,top1
0,3.3000000000000003,10,5,1.1620199999999998e-08,1.1620199999999998e-08,-7.934786397061962,top1
0,3.4,10,5,1.16592e-08,1.16592e-08,-7.933331247819282,top1
0,3.5,10,5,1.16252e-08,1.16252e-08,-7.934599566769259,top1
0,3.6,10,5,1.16114e-08,1.16114e-08,-7.935115413713724,top1
0,3.7,10,5,1.16482e-08,1.16482e-08,-7.933741181115629,top1
0,3.8,10,5,1.1624999999999998e-08,1.1624999999999998e-08,-7.934607038438009,top1
0,3.9,10,5,1.1668199999999998e-08,1.1668199999999998e-08,-7.932996135416609,top1
0,4.0,10,5,1.1679399999999998e-08,1.1679399999999998e-08,-7.932579467444704,top1
0,4.1,10,5,1.1697999999999998e-08,1.1697999999999998e-08,-7.931888382972697,top1
0,4.2,10,5,1.17482e-08,1.17482e-08,-7.930028668707202,top1
0,4.3,10,5,1.1667e-08,1.1667e-08,-7.9330408021328775,top1
0,4.4,10,5,1.16592e-08,1.16592e-08,-7.933331247819282,top1
0,4.5,10,5,1.16784e-08,1.16784e-08,-7.932616653693595,top1
0,4.6000000000000005,10,5,1.1635e-08,1.1635e-08,-7.934233612377251,top1
0,4.7,10,5,1.16338e-08,1.16338e-08,-7.934278406554755,top1
0,4.8,10,5,1.16082e-08,1.16082e-08,-7.935235117959352,top1
0,4.9,10,5,1.1586999999999998e-08,1.1586999999999998e-08,-7.936028993035238,top1
0,5.0,10,5,1.1548e-08,1.1548e-08,-7.937493224791317,top1
1,0.0,10,5,3.40402e-11,3.40402e-11,-10.468007896923488,top1
1,0.1,10,5,1.2474e-07,1.2474e-07,-6.903994260284887,top1
1,0.2,10,5,2.3044e-07,2.3044e-07,-6.637442133445511,top1
1,0.3,10,5,3.1762e-07,3.1762e-07,-6.498092158586993,top1
1,0.4,10,5,3.8978e-07,3.8978e-07,-6.409180448729108,top1
1,0.5,10,5,4.4914e-07,4.4914e-07,-6.347618265343217,top1
1,0.6,10,5,4.989e-07,4.989e-07,-6.3019864960608185,top1
1,0.7,10,5,5.4142e-07,5.4142e-07,-6.2664657054749915,top1
1,0.8,10,5,5.7386e-07,5.7386e-07,-6.24119404600526,top1
1,0.9,10,5,6.0294e-07,6.0294e-07,-6.219725903391194,top1
1,1.0,10,5,6.2238e-07,6.2238e-07,-6.205944371720803,top1
1,1.1,10,5,6.3486e-07,6.3486e-07,-6.197322035229204,top1
1,1.2,10,5,6.442e-07,6.442e-07,-6.190979279516327,top1
1,1.3,10,5,6.513e-07,6.513e-07,-6.186218921825917,top1
1,1.4,10,5,6.5548e-07,6.5548e-07,-6.183440554961156,top1
1,1.5,10,5,6.5992e-07,6.5992e-07,-6.18050870940418,top1
1,1.6,10,5,6.6552e-07,6.6552e-07,-6.176838888710532,top1
1,1.7,10,5,6.6688e-07,6.6688e-07,-6.175952307052607,top1
1,1.8,10,5,6.717e-07,6.717e-07,-6.1728246517013075,top1
1,1.9,10,5,6.7274e-07,6.7274e-07,-6.172152749122881,top1
1,2.0,10,5,6.7574e-07,6.7574e-07,-6.17022037252817,top1
1,2.1,10,5,6.7926e-07,6.7926e-07,-6.167963959221664,top1
1,2.2,10,5,6.8146e-07,6.8146e-07,-6.166559631082581,top1
1,2.3000000000000003,10,5,6.8178e-07,6.8178e-07,-6.166355742938511,top1
1,2.4,10,5,6.8328e-07,6.8328e-07,-6.165401291141439,top1
1,2.5,10,5,6.86e-07,6.86e-07,-6.163675884293248,top1
1,2.6,10,5,6.8896e-07,6.8896e-07,-6.161805991856607,top1
1,2.7,10,5,6.9168e-07,6.9168e-07,-6.1600947818104235,top1
1,2.8000000000000003,10,5,6.9228e-07,6.9228e-07,-6.159718214994233,top1
1,2.9,10,5,6.9324e-07,6.9324e-07,-6.159116386410963,top1
1,3.0,10,5,6.9398e-07,6.9398e-07,-6.158653045416611,top1
1,3.1,10,5,6.9626e-07,6.9626e-07,-6.157228554240288,top1
1,3.2,10,5,6.988e-07,6.988e-07,-6.155647103689106,top1
1,3.3000000000000003,10,5,7.0088e-07,7.0088e-07,-6.154356332673847,top1
1,3.4,10,5,7.0228e-07,7.0228e-07,-6.153489699536609,top1
1,3.5,10,5,7.0368e-07,7.0368e-07,-6.152624792319304,top1
1,3.6,10,5,7.0402e-07,7.0402e-07,-6.152415003121721,top1
1,3.7,10,5,7.0812e-07,7.0812e-07,-6.1498931393133764,top1
1,3.8,10,5,7.0612e-07,7.0612e-07,-6.151121487461985,top1
1,3.9,10,5,7.0712e-07,7.0712e-07,-6.150506879109002,top1
1,4.0,10,5,7.0962e-07,7.0962e-07,-6.148974152805367,top1
1,4.1,10,5,7.1068e-07,7.1068e-07,-6.1483259063274565,top1
1,4.2,10,5,7.1256e-07,7.1256e-07,-6.14717856069235,top1
1,4.3,10,5,7.1266e-07,7.1266e-07,-6.147117616489684,top1
1,4.4,10,5,7.144e-07,7.144e-07,-6.14605855411951,top1
1,4.5,10,5,7.1444e-07,7.1444e-07,-6.14603423819991,top1
1,4.6000000000000005,10,5,7.1724e-07,7.1724e-07,-6.144335498118694,top1
1,4.7,10,5,7.1778e-07,7.1778e-07,-6.144008646881363,top1
1,4.8,10,5,7.1786e-07,7.1786e-07,-6.143960245389919,top1
1,4.9,10,5,7.1804e-07,7.1804e-07,-6.143851361752963,top1
1,5.0,10,5,7.1714e-07,7.1714e-07,-6.144396053129584,top1
2,0.0,10,5,1.2339e-10,1.2339e-10,-9.908720035771163,top1
2,0.1,10,5,3.2198e-07,3.2198e-07,-6.492171103954472,top1
2,0.2,10,5,6.2426e-07,6.2426e-07,-6.204634491972155,top1
2,0.3,10,5,9.0534e-07,9.0534e-07,-6.043188291078187,top1
2,0.4,10,5,1.1677e-06,1.1677e-06,-5.932668719791832,top1
2,0.5,10,5,1.413e-06,1.413e-06,-5.849857838151442,top1
2,0.6,10,5,1.6404000000000002e-06,1.6404000000000002e-06,-5.785050239384553,top1
2,0.7,10,5,1.8527000000000005e-06,1.8527000000000005e-06,-5.732194898486028,top1
2,0.8,10,5,2.0479000000000003e-06,2.0479000000000003e-06,-5.688691253999192,top1
2,0.9,10,5,2.2287000000000004e-06,2.2287000000000004e-06,-5.651948386931641,top1
2,1.0,10,5,2.3958000000000004e-06,2.3958000000000004e-06,-5.620549439422018,top1
2,1.1,10,5,2.5495000000000003e-06,2.5495000000000003e-06,-5.593544983696508,top1
2,1.2,10,5,2.6867000000000005e-06,2.6867000000000005e-06,-5.570780824678991,top1
2,1.3,10,5,2.8134000000000005e-06,2.8134000000000005e-06,-5.550768516877507,top1
2,1.4,10,5,2.9296000000000003e-06,2.9296000000000003e-06,-5.533191673042379,top1
2,1.5,10,5,3.0257e-06,3.0257e-06,-5.519174134740936,top1
2,1.6,10,5,3.1138e-06,3.1138e-06,-5.506709285693975,top1
2,1.7,10,5,3.1894000000000003e-06,3.1894000000000003e-06,-5.496291010108292,top1
2,1.8,10,5,3.2538000000000005e-06,3.2538000000000005e-06,-5.487609145180901,top1
2,1.9,10,5,3.3045000000000003e-06,3.3045000000000003e-06,-5.480894243793551,top1
2,2.0,10,5,3.3468000000000003e-06,3.3468000000000003e-06,-5.475370239686325,top1
2,2.1,10,5,3.38e-06,3.38e-06,-5.471083299722345,top1
2,2.2,10,5,3.4082000000000003e-06,3.4082000000000003e-06,-5.467474927887789,top1
2,2.3000000000000003,10,5,3.4321e-06,3.4321e-06,-5.464440066739565,top1
2,2.4,10,5,3.4490000000000004e-06,3.4490000000000004e-06,-5.462306805632609,top1
2,2.5,10,5,3.4706000000000003e-06,3.4706000000000003e-06,-5.459595437553941,top1
2,2.6,10,5,3.4813000000000004e-06,3.4813000000000004e-06,-5.4582585499042695,top1
2,2.7,10,5,3.4979000000000004e-06,3.4979000000000004e-06,-5.456192610543156,top1
2,2.8000000000000003,10,5,3.5104000000000003e-06,3.5104000000000003e-06,-5.454643394105383,top1
2,2.9,10,5,3.5218000000000003e-06,3.5218000000000003e-06,-5.453235310879434,top1
2,3.0,10,5,3.5337e-06,3.5337e-06,-5.451770323497888,top1
2,3.1,10,5,3.5454000000000004e-06,3.5454000000000004e-06,-5.45033475963669,top1
2,3.2,10,5,3.5557000000000005e-06,3.5557000000000005e-06,-5.44907488826446,top1
2,3.3000000000000003,10,5,3.5653000000000004e-06,3.5653000000000004e-06,-5.447903920829535,top1
2,3.4,10,5,3.5744000000000005e-06,3.5744000000000005e-06,-5.446796848564485,top1
2,3.5,10,5,3.5847e-06,3.5847e-06,-5.445547184151347,top1
2,3.6,10,5,3.594e-06,3.594e-06,-5.444421927227045,top1
2,3.7,10,5,3.6010000000000003e-06,3.6010000000000003e-06,-5.443576878628715,top1
2,3.8,10,5,3.606700000000001e-06,3.606700000000001e-06,-5.442889980155442,top1
2,3.9,10,5,3.6153e-06,3.6153e-06,-5.441855658829004,top1
2,4.0,10,5,3.6278e-06,3.6278e-06,-5.440356663533275,top1
2,4.1,10,5,3.636600000000001e-06,3.636600000000001e-06,-5.439304465606346,top1
2,4.2,10,5,3.6406e-06,3.6406e-06,-5.438827035247812,top1
2,4.3,10,5,3.648800000000001e-06,3.648800000000001e-06,-5.437849940767118,top1
2,4.4,10,5,3.6553e-06,3.6553e-06,-5.437076973563064,top1
2,4.5,10,5,3.662e-06,3.662e-06,-5.4362816600343224,top1
2,4.6000000000000005,10,5,3.667500000000001e-06,3.667500000000001e-06,-5.435629877484679,top1
2,4.7,10,5,3.6736e-06,3.6736e-06,-5.43490813361814,top1
2,4.8,10,5,3.6788e-06,3.6788e-06,-5.434293822187194,top1
2,4.9,10,5,3.684e-06,3.684e-06,-5.433680378475189,top1
2,5.0,10,5,3.6924e-06,3.6924e-06,-5.432691257704917,top1
3,0.0,10,5,1.5727000000000002e-10,1.5727000000000002e-10,-9.803354113212912,top1
3,0.1,10,5,5.4154e-07,5.4154e-07,-6.266369459375335,top1
3,0.2,10,5,1.06084e-06,1.06084e-06,-5.974350113136359,top1
3,0.3,10,5,1.5548e-06,1.5548e-06,-5.808325468040771,top1
3,0.4,10,5,2.0304e-06,2.0304e-06,-5.69241839524937,top1
3,0.5,10,5,2.4815000000000003e-06,2.4815000000000003e-06,-5.605285720466658,top1
3,0.6,10,5,2.9147e-06,2.9147e-06,-5.535406139035123,top1
3,0.7,10,5,3.3242000000000003e-06,3.3242000000000003e-06,-5.4783128548387685,top1
3,0.8,10,5,3.7144e-06,3.7144e-06,-5.430111329341883,top1
3,0.9,10,5,4.085000000000001e-06,4.085000000000001e-06,-5.388807939131565,top1
3,1.0,10,5,4.4379e-06,4.4379e-06,-5.352822488029537,top1
3,1.1,10,5,4.7763e-06,4.7763e-06,-5.320908402931289,top1
3,1.2,10,5,5.0934e-06,5.0934e-06,-5.292992216034445,top1
3,1.3,10,5,5.3924e-06,5.3924e-06,-5.26821789997616,top1
3,1.4,10,5,5.6767e-06,5.6767e-06,-5.245904056591431,top1
3,1.5,10,5,5.944300000000001e-06,5.944300000000001e-06,-5.225899280496339,top1
3,1.6,10,5,6.194200000000001e-06,6.194200000000001e-06,-5.208014776135496,top1
3,1.7,10,5,6.435700000000001e-06,6.435700000000001e-06,-5.191404208727952,top1
3,1.8,10,5,6.6537e-06,6.6537e-06,-5.176936784363158,top1
3,1.9,10,5,6.855e-06,6.855e-06,-5.163992540874468,top1
3,2.0,10,5,7.045e-06,7.045e-06,-5.152119002554625,top1
3,2.1,10,5,7.2148e-06,7.2148e-06,-5.141775703392423,top1
3,2.2,10,5,7.387200000000001e-06,7.387200000000001e-06,-5.131520142792934,top1
3,2.3000000000000003,10,5,7.5275e-06,7.5275e-06,-5.123349235815203,top1
3,2.4,10,5,7.6643e-06,7.6643e-06,-5.115527504217269,top1
3,2.5,10,5,7.7815e-06,7.7815e-06,-5.108936678211947,top1
3,2.6,10,5,7.891100000000001e-06,7.891100000000001e-06,-5.102862452984271,top1
3,2.7,10,5,7.9871e-06,7.9871e-06,-5.097610878084579,top1
3,2.8000000000000003,10,5,8.0683e-06,8.0683e-06,-5.093217961981048,top1
3,2.9,10,5,8.138900000000001e-06,8.138900000000001e-06,-5.089434287520092,top1
3,3.0,10,5,8.196800000000001e-06,8.196800000000001e-06,-5.086355661467734,top1
3,3.1,10,5,8.254000000000001e-06,8.254000000000001e-06,-5.083335535458603,top1
3,3.2,10,5,8.2946e-06,8.2946e-06,-5.081204552615074,top1
3,3.3000000000000003,10,5,8.346700000000001e-06,8.346700000000001e-06,-5.078485195781851,top1
3,3.4,10,5,8.374600000000001e-06,8.374600000000001e-06,-5.077035927209491,top1
3,3.5,10,5,8.400900000000001e-06,8.400900000000001e-06,-5.07567418487907,top1
3,3.6,10,5,8.436600000000002e-06,8.436600000000002e-06,-5.0738325413764835,top1
3,3.7,10,5,8.4609e-06,8.4609e-06,-5.072583437877703,top1
3,3.8,10,5,8.4919e-06,8.4919e-06,-5.070995128696324,top1
3,3.9,10,5,8.513000000000001e-06,8.513000000000001e-06,-5.069917366607629,top1
3,4.0,10,5,8.534700000000001e-06,8.534700000000001e-06,-5.068811740001433,top1
3,4.1,10,5,8.554500000000001e-06,8.554500000000001e-06,-5.067805369359213,top1
3,4.2,10,5,8.578000000000002e-06,8.578000000000002e-06,-5.066613958096945,top1
3,4.3,10,5,8.595600000000001e-06,8.595600000000001e-06,-5.0657238027937534,top1
3,4.4,10,5,8.6216e-06,8.6216e-06,-5.064412130150946,top1
3,4.5,10,5,8.635100000000001e-06,8.635100000000001e-06,-5.0637326286585695,top1
3,4.6000000000000005,10,5,8.649100000000002e-06,8.649100000000002e-06,-5.063029081595202,top1
3,4.7,10,5,8.6694e-06,8.6694e-06,-5.062010958545249,top1
3,4.8,10,5,8.695400000000001e-06,8.695400000000001e-06,-5.060710435076211,top1
3,4.9,10,5,8.708600000000002e-06,8.708600000000002e-06,-5.060051656834387,top1
3,5.0,10,5,8.723300000000002e-06,8.723300000000002e-06,-5.059319191595684,top1
4,0.0,10,5,1.7312000000000002e-10,1.7312000000000002e-10,-9.761652756573525,top1
4,0.1,10,5,7.8164e-07,7.8164e-07,-6.106993223937732,top1
4,0.2,10,5,1.5412000000000002e-06,1.5412000000000002e-06,-5.812140999659037,top1
4,0.3,10,5,2.2747000000000004e-06,2.2747000000000004e-06,-5.643075872385228,top1
4,0.4,10,5,2.9811e-06,2.9811e-06,-5.525623455460234,top1
4,0.5,10,5,3.6657e-06,3.6657e-06,-5.435843080474678,top1
4,0.6,10,5,4.3259e-06,4.3259e-06,-5.3639235241826775,top1
4,0.7,10,5,4.9633e-06,4.9633e-06,-5.304229473662854,top1
4,0.8,10,5,5.574200000000001e-06,5.574200000000001e-06,-5.253817453036039,top1
4,0.9,10,5,6.1662e-06,6.1662e-06,-5.209982393088632,top1
4,1.0,10,5,6.735100000000001e-06,6.735100000000001e-06,-5.171655951666938,top1
4,1.1,10,5,7.283600000000002e-06,7.283600000000002e-06,-5.137653912762178,top1
4,1.2,10,5,7.815e-06,7.815e-06,-5.107071017644794,top1
4,1.3,10,5,8.315800000000001e-06,8.315800000000001e-06,-5.080095964258904,top1
4,1.4,10,5,8.8014e-06,8.8014e-06,-5.055448241041288,top1
4,1.5,10,5,9.271e-06,9.271e-06,-5.032873418923587,top1
4,1.6,10,5,9.7147e-06,9.7147e-06,-5.012570606320634,top1
4,1.7,10,5,1.01415e-05,1.01415e-05,-4.993897805008201,top1
4,1.8,10,5,1.0552800000000002e-05,1.0552800000000002e-05,-4.976632292668688,top1
4,1.9,10,5,1.09464e-05,1.09464e-05,-4.960728686047456,top1
4,2.0,10,5,1.13167e-05,1.13167e-05,-4.946280196887112,top1
4,2.1,10,5,1.1684e-05,1.1684e-05,-4.932408451698488,top1
4,2.2,10,5,1.2008e-05,1.2008e-05,-4.920529320764786,top1
4,2.3000000000000003,10,5,1.233e-05,1.233e-05,-4.909036923404268,top1
4,2.4,10,5,1.2638e-05,1.2638e-05,-4.898321648972031,top1
4,2.5,10,5,1.2928e-05,1.2928e-05,-4.888468656569489,top1
4,2.6,10,5,1.3192e-05,1.3192e-05,-4.879689357363538,top1
4,2.7,10,5,1.346e-05,1.346e-05,-4.870954940112042,top1
4,2.8000000000000003,10,5,1.3688e-05,1.3688e-05,-4.863660003466956,top1
4,2.9,10,5,1.3912e-05,1.3912e-05,-4.856610431005344,top1
4,3.0,10,5,1.4124e-05,1.4124e-05,-4.850042291108941,top1
4,3.1,10,5,1.4334e-05,1.4334e-05,-4.843632599866479,top1
4,3.2,10,5,1.4502e-05,1.4502e-05,-4.838572099208706,top1
4,3.3000000000000003,10,5,1.4678e-05,1.4678e-05,-4.83333311663639,top1
4,3.4,10,5,1.4826e-05,1.4826e-05,-4.828976004214277,top1
4,3.5,10,5,1.4976e-05,1.4976e-05,-4.82460416860597,top1
4,3.6,10,5,1.5096e-05,1.5096e-05,-4.821138112843125,top1
4,3.7,10,5,1.521e-05,1.521e-05,-4.817870785947002,top1
4,3.8,10,5,1.5318e-05,1.5318e-05,-4.814797934812106,top1
4,3.9,10,5,1.5408000000000002e-05,1.5408000000000002e-05,-4.812253730219541,top1
4,4.0,10,5,1.5492e-05,1.5492e-05,-4.8098925116859546,top1
4,4.1,10,5,1.5564000000000002e-05,1.5564000000000002e-05,-4.807878777868295,top1
4,4.2,10,5,1.5632000000000002e-05,1.5632000000000002e-05,-4.805985453625302,top1
4,4.3,10,5,1.5702e-05,1.5702e-05,-4.804045026976476,top1
4,4.4,10,5,1.5752e-05,1.5752e-05,-4.8026642968699385,top1
4,4.5,10,5,1.5808000000000002e-05,1.5808000000000002e-05,-4.801123072756447,top1
4,4.6000000000000005,10,5,1.5864e-05,1.5864e-05,-4.799587298802754,top1
4,4.7,10,5,1.5904000000000002e-05,1.5904000000000002e-05,-4.798493632946762,top1
4,4.8,10,5,1.5946e-05,1.5946e-05,-4.797348240242662,top1
4,4.9,10,5,1.6e-05,1.6e-05,-4.795880017344075,top1
4,5.0,10,5,1.6016e-05,1.6016e-05,-4.795445939864757,top1
5,0.0,10,5,2.5282e-10,2.5282e-10,-9.59718857300805,top1
5,0.1,10,5,1.04288e-06,1.04288e-06,-5.98176566121495,top1
5,0.2,10,5,2.0571e-06,2.0571e-06,-5.686744595814963,top1
5,0.3,10,5,3.0456e-06,3.0456e-06,-5.516327136193689,top1
5,0.4,10,5,4.0055e-06,4.0055e-06,-5.397343263927478,top1
5,0.5,10,5,4.942200000000001e-06,4.942200000000001e-06,-5.306079683632672,top1
5,0.6,10,5,5.8375e-06,5.8375e-06,-5.233773106425831,top1
5,0.7,10,5,6.729300000000001e-06,6.729300000000001e-06,-5.172030109913996,top1
5,0.8,10,5,7.591900000000001e-06,7.591900000000001e-06,-5.119649521041013,top1
5,0.9,10,5,8.421100000000001e-06,8.421100000000001e-06,-5.074631175397314,top1
5,1.0,10,5,9.2264e-06,9.2264e-06,-5.03496772097997,top1
5,1.1,10,5,1.00178e-05,1.00178e-05,-4.999227643016181,top1
5,1.2,10,5,1.07774e-05,1.07774e-05,-4.967485998133056,top1
5,1.3,10,5,1.1518e-05,1.1518e-05,-4.938622925806112,top1
5,1.4,10,5,1.2238e-05,1.2238e-05,-4.91228955113937,top1
5,1.5,10,5,1.2944e-05,1.2944e-05,-4.887931495731803,top1
5,1.6,10,5,1.3622e-05,1.3622e-05,-4.86575912405341,top1
5,1.7,10,5,1.4278e-05,1.4278e-05,-4.845332622377424,top1
5,1.8,10,5,1.4892e-05,1.4892e-05,-4.827046972453645,top1
5,1.9,10,5,1.5512e-05,1.5512e-05,-4.809332203929351,top1
5,2.0,10,5,1.6100000000000002e-05,1.6100000000000002e-05,-4.79317412396815,top1
5,2.1,10,5,1.6668e-05,1.6668e-05,-4.77811650821476,top1
5,2.2,10,5,1.7216e-05,1.7216e-05,-4.764067746013705,top1
5,2.3000000000000003,10,5,1.773e-05,1.773e-05,-4.751291264399082,top1
5,2.4,10,5,1.825e-05,1.825e-05,-4.738737131207507,top1
5,2.5,10,5,1.8734e-05,1.8734e-05,-4.72736948410596,top1
5,2.6,10,5,1.9212e-05,1.9212e-05,-4.7164274220330755,top1
5,2.7,10,5,1.9676e-05,1.9676e-05,-4.706063186112706,top1
5,2.8000000000000003,10,5,2.0096e-05,2.0096e-05,-4.696890377942898,top1
5,2.9,10,5,2.0518e-05,2.0518e-05,-4.687864974520039,top1
5,3.0,10,5,2.0916e-05,2.0916e-05,-4.679521366842382,top1
5,3.1,10,5,2.1302e-05,2.1302e-05,-4.671579619651049,top1
5,3.2,10,5,2.1662e-05,2.1662e-05,-4.664301448501778,top1
5,3.3000000000000003,10,5,2.2032e-05,2.2032e-05,-4.656946077087151,top1
5,3.4,10,5,2.2352e-05,2.2352e-05,-4.650683611229893,top1
5,3.5,10,5,2.2668e-05,2.2668e-05,-4.644586796030541,top1
5,3.6,10,5,2.2962e-05,2.2962e-05,-4.638990287391857,top1
5,3.7,10,5,2.3248e-05,2.3248e-05,-4.633614403046054,top1
5,3.8,10,5,2.3512e-05,2.3512e-05,-4.628710426935444,top1
5,3.9,10,5,2.3834000000000003e-05,2.3834000000000003e-05,-4.6228030649910865,top1
5,4.0,10,5,2.401e-05,2.401e-05,-4.619607839942972,top1
5,4.1,10,5,2.4236e-05,2.4236e-05,-4.615539056175508,top1
5,4.2,10,5,2.443e-05,2.443e-05,-4.612076533026563,top1
5,4.3,10,5,2.4628e-05,2.4628e-05,-4.608570855080556,top1
5,4.4,10,5,2.4806e-05,2.4806e-05,-4.605443260636344,top1
5,4.5,10,5,2.4978e-05,2.4978e-05,-4.6024423387295785,top1
5,4.6000000000000005,10,5,2.513e-05,2.513e-05,-4.599807511407424,top1
5,4.7,10,5,2.528e-05,2.528e-05,-4.597222930389653,top1
5,4.8,10,5,2.5398e-05,2.5398e-05,-4.595200481142346,top1
5,4.9,10,5,2.5526000000000003e-05,2.5526000000000003e-05,-4.593017235099039,top1
5,5.0,10,5,2.5638e-05,2.5638e-05,-4.59111585679916,top1
-5,0.0,10,10,4.1384e-12,4.1384e-12,-11.383167534598973,bot1
-5,0.1,10,10,-1.438e-12,1.438e-12,-11.842241113953136,bot1
-5,0.2,10,10,-1.846e-13,1.846e-13,-12.733768303310107,bot1
-5,0.3,10,10,7.742e-13,7.742e-13,-12.111146833017063,bot1
-5,0.4,10,10,1.8816e-12,1.8816e-12,-11.725472695603955,bot1
-5,0.5,10,10,2.7066e-12,2.7066e-12,-11.567575922518646,bot1
-5,0.6,10,10,3.4796e-12,3.4796e-12,-11.458470677828508,bot1
-5,0.7,10,10,3.8734e-12,3.8734e-12,-11.411907651781625,bot1
-5,0.8,10,10,4.1662e-12,4.1662e-12,-11.380259885417678,bot1
-5,0.9,10,10,4.2674e-12,4.2674e-12,-11.369836647121732,bot1
-5,1.0,10,10,-4.7596e-12,4.7596e-12,-11.322429544147624,bot1
-5,1.1,10,10,-4.427e-12,4.427e-12,-11.353890478021151,bot1
-5,1.2,10,10,2.1152e-12,2.1152e-12,-11.674648562194454,bot1
-5,1.3,10,10,9.14e-13,9.14e-13,-12.03905380426617,bot1
-5,1.4,10,10,-3.416e-13,3.416e-13,-12.466482137983032,bot1
-5,1.5,10,10,-1.4562e-12,1.4562e-12,-11.83677897328442,bot1
-5,1.6,10,10,-2.2908e-12,2.2908e-12,-11.640012825558708,bot1
-5,1.7,10,10,-2.883e-12,2.883e-12,-11.540155357611793,bot1
-5,1.8,10,10,-3.4008e-12,3.4008e-12,-11.468418908040933,bot1
-5,1.9,10,10,-3.8614e-12,3.8614e-12,-11.413255207753108,bot1
-5,2.0,10,10,-4.181e-12,4.181e-12,-11.378719832449585,bot1
-5,2.1,10,10,-4.3742e-12,4.3742e-12,-11.359101363751368,bot1
-5,2.2,10,10,4.8138e-12,4.8138e-12,-11.317511957413862,bot1
-5,2.3000000000000003,10,10,4.313e-12,4.313e-12,-11.365220541854049,bot1
-5,2.4,10,10,-1.767e-12,1.767e-12,-11.752763450493235,bot1
-5,2.5,10,10,-4.058e-13,4.058e-13,-12.391687957302674,bot1
-5,2.6,10,10,9.188e-13,9.188e-13,-12.03677901347701,bot1
-5,2.7,10,10,2.0244e-12,2.0244e-12,-11.69370367136325,bot1
-5,2.8000000000000003,10,10,2.895e-12,2.895e-12,-11.538351431936546,bot1
-5,2.9,10,10,3.521e-12,3.521e-12,-11.453333974929816,bot1
-5,3.0,10,10,3.9448e-12,3.9448e-12,-11.403975010476918,bot1
-5,3.1,10,10,4.169e-12,4.169e-12,-11.379968104873702,bot1
-5,3.2,10,10,4.3464e-12,4.3464e-12,-11.361870307974336,bot1
-5,3.3000000000000003,10,10,-4.8166e-12,4.8166e-12,-11.317259418664984,bot1
-5,3.4,10,10,-4.1042e-12,4.1042e-12,-11.386771483963491,bot1
-5,3.5,10,10,1.2868e-12,1.2868e-12,-11.890488947770068,bot1
-5,3.6,10,10,-3.54e-14,3.54e-14,-13.450996737974211,bot1
-5,3.7,10,10,-1.3004e-12,1.3004e-12,-11.88592303917591,bot1
-5,3.8,10,10,-2.2818e-12,2.2818e-12,-11.641722424204774,bot1
-5,3.9,10,10,-3.0644e-12,3.0644e-12,-11.513654546332363,bot1
-5,4.0,10,10,-3.6364e-12,3.6364e-12,-11.439328350907159,bot1
-5,4.1,10,10,-3.9862e-12,3.9862e-12,-11.399440915189633,bot1
-5,4.2,10,10,-4.1264e-12,4.1264e-12,-11.384428675206138,bot1
-5,4.3,10,10,-4.3386e-12,4.3386e-12,-11.362650388082479,bot1
-5,4.4,10,10,4.882e-12,4.882e-12,-11.31140222491883,bot1
-5,4.5,10,10,4.4116e-12,4.4116e-12,-11.355403871949894,bot1
-5,4.6000000000000005,10,10,-1.9312e-12,1.9312e-12,-11.714172747246726,bot1
-5,4.7,10,10,-7.14e-13,7.14e-13,-12.146301788223825,bot1
-5,4.8,10,10,3.278e-13,3.278e-13,-12.48439105076552,bot1
-5,4.9,10,10,1.3982e-12,1.3982e-12,-11.854430702207011,bot1
-5,5.0,10,10,2.2258e-12,2.2258e-12,-11.652513861923428,bot1
-4,0.0,10,10,-4.8378e-12,4.8378e-12,-11.315352089817003,bot1
-4,0.1,10,10,-3.3198e-12,3.3198e-12,-11.478888079402203,bot1
-4,0.2,10,10,5.074e-13,5.074e-13,-12.294649537114289,bot1
-4,0.3,10,10,-7.614e-13,7.614e-13,-12.118387127521652,bot1
-4,0.4,10,10,-1.6642e-12,1.6642e-12,-11.778794482325996,bot1
-4,0.5,10,10,-2.2452e-12,2.2452e-12,-11.648744966452366,bot1
-4,0.6,10,10,-3.0032e-12,3.0032e-12,-11.522415744722728,bot1
-4,0.7,10,10,-3.5472e-12,3.5472e-12,-11.450114324229586,bot1
-4,0.8,10,10,-4.0178e-12,4.0178e-12,-11.396011685571393,bot1
-4,0.9,10,10,-4.3372e-12,4.3372e-12,-11.362790550898575,bot1
-4,1.0,10,10,-4.2962e-12,4.2962e-12,-11.366915509227823,bot1
-4,1.1,10,10,4.7978e-12,4.7978e-12,-11.318957859891896,bot1
-4,1.2,10,10,4.4404e-12,4.4404e-12,-11.35257790601869,bot1
-4,1.3,10,10,-2.2082e-12,2.2082e-12,-11.655961594456068,bot1
-4,1.4,10,10,-1.109e-12,1.109e-12,-11.95506845385084,bot1
-4,1.5,10,10,-1.898e-13,1.898e-13,-12.721703791908727,bot1
-4,1.6,10,10,1.103e-12,1.103e-12,-11.957424487559809,bot1
-4,1.7,10,10,2.0246e-12,2.0246e-12,-11.693660767487502,bot1
-4,1.8,10,10,2.7562e-12,2.7562e-12,-11.559689271617495,bot1
-4,1.9,10,10,3.3798e-12,3.3798e-12,-11.471108998381006,bot1
-4,2.0,10,10,3.818e-12,3.818e-12,-11.418164075942352,bot1
-4,2.1,10,10,4.0886e-12,4.0886e-12,-11.388425375699063,bot1
-4,2.2,10,10,4.3188e-12,4.3188e-12,-11.364636907299465,bot1
-4,2.3000000000000003,10,10,-4.8578e-12,4.8578e-12,-11.313560369457687,bot1
-4,2.4,10,10,-4.5284e-12,4.5284e-12,-11.344055218277346,bot1
-4,2.5,10,10,2.219e-12,2.219e-12,-11.653842697767992,bot1
-4,2.6,10,10,1.044e-12,1.044e-12,-11.981299501333757,bot1
-4,2.7,10,10,1.296e-13,1.296e-13,-12.887394998465426,bot1
-4,2.8000000000000003,10,10,-8.152e-13,8.152e-13,-12.08873582900163,bot1
-4,2.9,10,10,-1.5598e-12,1.5598e-12,-11.806931083994726,bot1
-4,3.0,10,10,-2.456e-12,2.456e-12,-11.60977163753087,bot1
-4,3.1,10,10,-3.1442e-12,3.1442e-12,-11.50248983663587,bot1
-4,3.2,10,10,-3.6298e-12,3.6298e-12,-11.440117303693716,bot1
-4,3.3000000000000003,10,10,-3.9674e-12,3.9674e-12,-11.401494011011808,bot1
-4,3.4,10,10,-4.1934e-12,4.1934e-12,-11.377433709142531,bot1
-4,3.5,10,10,-4.269e-12,4.269e-12,-11.369673845196052,bot1
-4,3.6,10,10,4.7678e-12,4.7678e-12,-11.321681970700315,bot1
-4,3.7,10,10,4.535e-12,4.535e-12,-11.343422708603885,bot1
-4,3.8,10,10,-2.1312e-12,2.1312e-12,-11.671375792509792,bot1
-4,3.9,10,10,-1.1232e-12,1.1232e-12,-11.94954290521427,bot1
-4,4.0,10,10,3.334e-13,3.334e-13,-12.477034404508013,bot1
-4,4.1,10,10,1.2044e-12,1.2044e-12,-11.919229253159278,bot1
-4,4.2,10,10,2.131e-12,2.131e-12,-11.671416550285798,bot1
-4,4.3,10,10,3.0598e-12,3.0598e-12,-11.514306959706339,bot1
-4,4.4,10,10,3.5822e-12,3.5822e-12,-11.445850170449132,bot1
-4,4.5,10,10,4.0252e-12,4.0252e-12,-11.395212535982207,bot1
-4,4.6000000000000005,10,10,4.2588e-12,4.2588e-12,-11.370712754604781,bot1
-4,4.7,10,10,4.4028e-12,4.4028e-12,-11.356271042196427,bot1
-4,4.8,10,10,-4.8482e-12,4.8482e-12,-11.3144194727723,bot1
-4,4.9,10,10,-4.146e-12,4.146e-12,-11.382370702242158,bot1
-4,5.0,10,10,1.4532e-12,1.4532e-12,-11.837674610809323,bot1
-3,0.0,10,10,-4.077e-12,4.077e-12,-11.389659288547843,bot1
-3,0.1,10,10,4.8892e-12,4.8892e-12,-11.310762196910881,bot1
-3,0.2,10,10,4.2294e-12,4.2294e-12,-11.373721239048482,bot1
-3,0.3,10,10,-1.5822e-12,1.5822e-12,-11.800738619822923,bot1
-3,0.4,10,10,-3.212e-13,3.212e-13,-12.493224463393357,bot1
-3,0.5,10,10,5.706e-13,5.706e-13,-12.243668232678942,bot1
-3,0.6,10,10,1.5214e-12,1.5214e-12,-11.817756588081,bot1
-3,0.7,10,10,2.3944e-12,2.3944e-12,-11.620803296167866,bot1
-3,0.8,10,10,3.1618e-12,3.1618e-12,-11.500065604879286,bot1
-3,0.9,10,10,3.725e-12,3.725e-12,-11.428873722915688,bot1
-3,1.0,10,10,4.0352e-12,4.0352e-12,-11.394134935107012,bot1
-3,1.1,10,10,4.243e-12,4.243e-12,-11.372326968233384,bot1
-3,1.2,10,10,4.385e-12,4.385e-12,-11.35803040229794,bot1
-3,1.3,10,10,-4.816e-12,4.816e-12,-11.317313521750233,bot1
-3,1.4,10,10,-4.3132e-12,4.3132e-12,-11.365200403462545,bot1
-3,1.5,10,10,1.8366e-12,1.8366e-12,-11.735985420019022,bot1
-3,1.6,10,10,8.128e-13,8.128e-13,-12.090016305060155,bot1
-3,1.7,10,10,-2.528e-13,2.528e-13,-12.597222930389652,bot1
-3,1.8,10,10,-1.3586e-12,1.3586e-12,-11.866908389745292,bot1
-3,1.9,10,10,-2.2146e-12,2.2146e-12,-11.654704704420698,bot1
-3,2.0,10,10,-2.9174e-12,2.9174e-12,-11.535004021381136,bot1
-3,2.1,10,10,-3.469e-12,3.469e-12,-11.45979570015794,bot1
-3,2.2,10,10,-3.8724e-12,3.8724e-12,-11.41201978854847,bot1
-3,2.3000000000000003,10,10,-4.1096e-12,4.1096e-12,-11.38620044728372,bot1
-3,2.4,10,10,-4.3094e-12,4.3094e-12,-11.365583192676487,bot1
-3,2.5,10,10,4.78e-12,4.78e-12,-11.320572103387882,bot1
-3,2.6,10,10,4.4334e-12,4.4334e-12,-11.353263083057591,bot1
-3,2.7,10,10,-1.8738e-12,1.8738e-12,-11.727276765386158,bot1
-3,2.8000000000000003,10,10,-5.122e-13,5.122e-13,-12.29056042586759,bot1
-3,2.9,10,10,5.378e-13,5.378e-13,-12.269379202112717,bot1
-3,3.0,10,10,1.4836e-12,1.4836e-12,-11.828683175343427,bot1
-3,3.1,10,10,2.3834e-12,2.3834e-12,-11.622803064991086,bot1
-3,3.2,10,10,3.0098e-12,3.0098e-12,-11.521462362141103,bot1
-3,3.3000000000000003,10,10,3.6076e-12,3.6076e-12,-11.442781621746244,bot1
-3,3.4,10,10,4.025e-12,4.025e-12,-11.395234115296113,bot1
-3,3.5,10,10,4.2486e-12,4.2486e-12,-11.371754155229656,bot1
-3,3.6,10,10,4.4192e-12,4.4192e-12,-11.354656343101462,bot1
-3,3.7,10,10,-4.9e-12,4.9e-12,-11.309803919971486,bot1
-3,3.8,10,10,-4.1302e-12,4.1302e-12,-11.384028917643036,bot1
-3,3.9,10,10,1.4262e-12,1.4262e-12,-11.845819567888176,bot1
-3,4.0,10,10,1.534e-13,1.534e-13,-12.814174640387037,bot1
-3,4.1,10,10,-1.1546e-12,1.1546e-12,-11.937568446837387,bot1
-3,4.2,10,10,-2.052e-12,2.052e-12,-11.68782264356022,bot1
-3,4.3,10,10,-2.8516e-12,2.8516e-12,-11.544911393959048,bot1
-3,4.4,10,10,-3.398e-12,3.398e-12,-11.468776625466973,bot1
-3,4.5,10,10,-3.8166e-12,3.8166e-12,-11.418323354039824,bot1
-3,4.6000000000000005,10,10,-4.154e-12,4.154e-12,-11.38153350780092,bot1
-3,4.7,10,10,-4.2532e-12,4.2532e-12,-11.371284194794994,bot1
-3,4.8,10,10,4.8124e-12,4.8124e-12,-11.317638281878127,bot1
-3,4.9,10,10,4.4306e-12,4.4306e-12,-11.353537456836872,bot1
-3,5.0,10,10,-1.808e-12,1.808e-12,-11.742801573860655,bot1
-2,0.0,10,10,4.7056e-12,4.7056e-12,-11.327384992837006,bot1
-2,0.1,10,10,-4.8786e-12,4.8786e-12,-11.311704788551843,bot1
-2,0.2,10,10,-3.7188e-12,3.7188e-12,-11.429597177713092,bot1
-2,0.3,10,10,7.322e-13,7.322e-13,-12.135370275454488,bot1
-2,0.4,10,10,-4.532e-13,4.532e-13,-12.343710098808641,bot1
-2,0.5,10,10,-1.4838e-12,1.4838e-12,-11.828624633255059,bot1
-2,0.6,10,10,-2.3736e-12,2.3736e-12,-11.624592466691215,bot1
-2,0.7,10,10,-3.2276e-12,3.2276e-12,-11.491120293205492,bot1
-2,0.8,10,10,-3.675e-12,3.675e-12,-11.434742656579786,bot1
-2,0.9,10,10,-3.987e-12,3.987e-12,-11.399353764337606,bot1
-2,1.0,10,10,-4.1942e-12,4.1942e-12,-11.377350864088744,bot1
-2,1.1,10,10,-4.4202e-12,4.4202e-12,-11.354558079761473,bot1
-2,1.2,10,10,4.9262e-12,4.9262e-12,-11.307487960110972,bot1
-2,1.3,10,10,4.1436e-12,4.1436e-12,-11.38262217560292,bot1
-2,1.4,10,10,-1.1812e-12,1.1812e-12,-11.92767656170696,bot1
-2,1.5,10,10,1.784e-13,1.784e-13,-12.748605149959896,bot1
-2,1.6,10,10,1.2e-12,1.2e-12,-11.920818753952375,bot1
-2,1.7,10,10,2.0084e-12,2.0084e-12,-11.697149787297692,bot1
-2,1.8,10,10,2.7532e-12,2.7532e-12,-11.560162239118304,bot1
-2,1.9,10,10,3.351e-12,3.351e-12,-11.474825572164729,bot1
-2,2.0,10,10,3.8622e-12,3.8622e-12,-11.413165240487388,bot1
-2,2.1,10,10,4.1644e-12,4.1644e-12,-11.380447562194762,bot1
-2,2.2,10,10,4.2862e-12,4.2862e-12,-11.367927568042237,bot1
-2,2.3000000000000003,10,10,-4.7328e-12,4.7328e-12,-11.324881847683201,bot1
-2,2.4,10,10,-4.6032e-12,4.6032e-12,-11.33694015545375,bot1
-2,2.5,10,10,2.3442e-12,2.3442e-12,-11.630005338391571,bot1
-2,2.6,10,10,1.1052e-12,1.1052e-12,-11.956559123755527,bot1
-2,2.7,10,10,-6.6e-15,6.6e-15,-14.18045606445813,bot1
-2,2.8000000000000003,10,10,-1.2222e-12,1.2222e-12,-11.912857720616191,bot1
-2,2.9,10,10,-2.1462e-12,2.1462e-12,-11.668329809467387,bot1
-2,3.0,10,10,-2.8588e-12,2.8588e-12,-11.54381622657087,bot1
-2,3.1,10,10,-3.5164e-12,3.5164e-12,-11.45390172861762,bot1
-2,3.2,10,10,-3.9572e-12,3.9572e-12,-11.402611999594628,bot1
-2,3.3000000000000003,10,10,-4.2224e-12,4.2224e-12,-11.374440627124025,bot1
-2,3.4,10,10,-4.3348e-12,4.3348e-12,-11.36303093530429,bot1
-2,3.5,10,10,4.8528e-12,4.8528e-12,-11.314007607033412,bot1
-2,3.6,10,10,4.0994e-12,4.0994e-12,-11.38727970322114,bot1
-2,3.7,10,10,-1.4596e-12,1.4596e-12,-11.835766145307389,bot1
-2,3.8,10,10,-3.276e-13,3.276e-13,-12.484656106911618,bot1
-2,3.9,10,10,1.02e-12,1.02e-12,-11.991399828238082,bot1
-2,4.0,10,10,2.0244e-12,2.0244e-12,-11.69370367136325,bot1
-2,4.1,10,10,2.963e-12,2.963e-12,-11.52826834851995,bot1
-2,4.2,10,10,3.5802e-12,3.5802e-12,-11.446092711772259,bot1
-2,4.3,10,10,4.0528e-12,4.0528e-12,-11.392244827553528,bot1
-2,4.4,10,10,4.2084e-12,4.2084e-12,-11.375882988070872,bot1
-2,4.5,10,10,4.38e-12,4.38e-12,-11.358525889495901,bot1
-2,4.6000000000000005,10,10,-4.8494e-12,4.8494e-12,-11.31431199187374,bot1
-2,4.7,10,10,-4.15e-12,4.15e-12,-11.381951903287908,bot1
-2,4.8,10,10,1.6538e-12,1.6538e-12,-11.781517012406356,bot1
-2,4.9,10,10,3.864e-13,3.864e-13,-12.412962882256544,bot1
-2,5.0,10,10,-7.046e-13,7.046e-13,-12.152057361154776,bot1
-1,0.0,10,10,-4.2696e-12,4.2696e-12,-11.369612810204469,bot1
-1,0.1,10,10,4.9226e-12,4.9226e-12,-11.307805452638892,bot1
-1,0.2,10,10,3.8302e-12,3.8302e-12,-11.416778548060462,bot1
-1,0.3,10,10,-9.876e-13,9.876e-13,-12.005418918740105,bot1
-1,0.4,10,10,-6.4e-15,6.4e-15,-14.193820026016112,bot1
-1,0.5,10,10,9.876e-13,9.876e-13,-12.005418918740105,bot1
-1,0.6,10,10,1.8848e-12,1.8848e-12,-11.724734726892992,bot1
-1,0.7,10,10,2.7198e-12,2.7198e-12,-11.565463030557668,bot1
-1,0.8,10,10,3.33e-12,3.33e-12,-11.47755576649368,bot1
-1,0.9,10,10,3.8142e-12,3.8142e-12,-11.4185965381859,bot1
-1,1.0,10,10,4.0658e-12,4.0658e-12,-11.390853988470404,bot1
-1,1.1,10,10,4.1842e-12,4.1842e-12,-11.378387564862468,bot1
-1,1.2,10,10,4.3666e-12,4.3666e-12,-11.359856589564618,bot1
-1,1.3,10,10,-4.8758e-12,4.8758e-12,-11.311954116974448,bot1
-1,1.4,10,10,-4.0836e-12,4.0836e-12,-11.388956804856566,bot1
-1,1.5,10,10,1.3166e-12,1.3166e-12,-11.88054614924394,bot1
-1,1.6,10,10,4.07e-13,4.07e-13,-12.39040559077478,bot1
-1,1.7,10,10,-6.334e-13,6.334e-13,-12.198321940964107,bot1
-1,1.8,10,10,-1.454e-12,1.454e-12,-11.83743559347698,bot1
-1,1.9,10,10,-2.1622e-12,2.1622e-12,-11.665104136988118,bot1
-1,2.0,10,10,-2.8994e-12,2.8994e-12,-11.53769186542831,bot1
-1,2.1,10,10,-3.5592e-12,3.5592e-12,-11.448647607260012,bot1
-1,2.2,10,10,-3.9414e-12,3.9414e-12,-11.404349487748599,bot1
-1,2.3000000000000003,10,10,-4.1628e-12,4.1628e-12,-11.380614454110315,bot1
-1,2.4,10,10,-4.315e-12,4.315e-12,-11.365019199948772,bot1
-1,2.5,10,10,4.7366e-12,4.7366e-12,-11.324533289354306,bot1
-1,2.6,10,10,-4.968e-12,4.968e-12,-11.303818412831475,bot1
-1,2.7,10,10,-2.416e-12,2.416e-12,-11.616903070050906,bot1
-1,2.8000000000000003,10,10,-1.5118e-12,1.5118e-12,-11.82050565899455,bot1
-1,2.9,10,10,-2.348e-13,2.348e-13,-12.629301907424423,bot1
-1,3.0,10,10,9.62e-13,9.62e-13,-12.016824927962187,bot1
-1,3.1,10,10,1.8262e-12,1.8262e-12,-11.738451661555311,bot1
-1,3.2,10,10,2.5712e-12,2.5712e-12,-11.589864140580731,bot1
-1,3.3000000000000003,10,10,3.2248e-12,3.2248e-12,-11.491497214855006,bot1
-1,3.4,10,10,3.6902e-12,3.6902e-12,-11.432950095482521,bot1
-1,3.5,10,10,3.9734e-12,3.9734e-12,-11.40083771255641,bot1
-1,3.6,10,10,4.2006e-12,4.2006e-12,-11.376688671964411,bot1
-1,3.7,10,10,4.418e-12,4.418e-12,-11.354774288464585,bot1
-1,3.8,10,10,-4.8806e-12,4.8806e-12,-11.311526784417085,bot1
-1,3.9,10,10,-4.2462e-12,4.2462e-12,-11.371999554011099,bot1
-1,4.0,10,10,1.8778e-12,1.8778e-12,-11.726350665276396,bot1
-1,4.1,10,10,7.614e-13,7.614e-13,-12.118387127521652,bot1
-1,4.2,10,10,-1.72e-13,1.72e-13,-12.76447155309245,bot1
-1,4.3,10,10,-1.129e-12,1.129e-12,-11.947306058075032,bot1
-1,4.4,10,10,-1.9188e-12,1.9188e-12,-11.71697029020614,bot1
-1,4.5,10,10,-2.7756e-12,2.7756e-12,-11.556643121181756,bot1
-1,4.6000000000000005,10,10,-3.3584e-12,3.3584e-12,-11.473867578761675,bot1
-1,4.7,10,10,-3.838e-12,3.838e-12,-11.415895029600547,bot1
-1,4.8,10,10,-4.0934e-12,4.0934e-12,-11.38791581477208,bot1
-1,4.9,10,10,-4.2336e-12,4.2336e-12,-11.373290177492594,bot1
-1,5.0,10,10,4.7324e-12,4.7324e-12,-11.3249185543123,bot1
0,0.0,10,10,-4.972e-12,4.972e-12,-11.303468880030392,bot1
0,0.1,10,10,-8.702e-13,8.702e-13,-12.060380921043302,bot1
0,0.2,10,10,2.77e-13,2.77e-13,-12.557520230935552,bot1
0,0.3,10,10,1.4294e-12,1.4294e-12,-11.844846222234851,bot1
0,0.4,10,10,2.3734e-12,2.3734e-12,-11.624629061970941,bot1
0,0.5,10,10,3.187e-12,3.187e-12,-11.496617936526267,bot1
0,0.6,10,10,3.7328e-12,3.7328e-12,-11.427965278550323,bot1
0,0.7,10,10,4.116e-12,4.116e-12,-11.385524633909604,bot1
0,0.8,10,10,4.4292e-12,4.4292e-12,-11.353674708756717,bot1
0,0.9,10,10,4.6216e-12,4.6216e-12,-11.335207645466644,bot1
0,1.0,10,10,-4.4442e-12,4.4442e-12,-11.352206404964761,bot1
0,1.1,10,10,-4.258e-12,4.258e-12,-11.370794342897696,bot1
0,1.2,10,10,2.7438e-12,2.7438e-12,-11.561647548235674,bot1
0,1.3,10,10,1.6454e-12,1.6454e-12,-11.783728507029824,bot1
0,1.4,10,10,8.064e-13,8.064e-13,-12.093449480898549,bot1
0,1.5,10,10,-2.168e-13,2.168e-13,-12.66394072213365,bot1
0,1.6,10,10,-1.1494e-12,1.1494e-12,-11.939528807202322,bot1
0,1.7,10,10,-1.9412e-12,1.9412e-12,-11.711929717356751,bot1
0,1.8,10,10,-2.6682e-12,2.6682e-12,-11.573781620167422,bot1
0,1.9,10,10,-3.2802e-12,3.2802e-12,-11.4840996757248,bot1
0,2.0,10,10,-3.6264e-12,3.6264e-12,-11.440524293949368,bot1
0,2.1,10,10,-3.8616e-12,3.8616e-12,-11.413232714189364,bot1
0,2.2,10,10,-4.063e-12,4.063e-12,-11.391153177673589,bot1
0,2.3000000000000003,10,10,5.1674e-12,5.1674e-12,-11.286727919126104,bot1
0,2.4,10,10,4.508e-12,4.508e-12,-11.34601609262593,bot1
0,2.5,10,10,-1.148e-12,1.148e-12,-11.940058111938045,bot1
0,2.6,10,10,3.084e-13,3.084e-13,-12.51088563062108,bot1
0,2.7,10,10,1.6226e-12,1.6226e-12,-11.789788528358166,bot1
0,2.8000000000000003,10,10,2.4766e-12,2.4766e-12,-11.606144131412039,bot1
0,2.9,10,10,3.2782e-12,3.2782e-12,-11.484364554045955,bot1
0,3.0,10,10,3.949e-12,3.949e-12,-11.403512866263457,bot1
0,3.1,10,10,4.3168e-12,4.3168e-12,-11.36483807200819,bot1
0,3.2,10,10,4.5288e-12,4.5288e-12,-11.344016858123462,bot1
0,3.3000000000000003,10,10,4.7476e-12,4.7476e-12,-11.323525878830901,bot1
0,3.4,10,10,-4.5852e-12,4.5852e-12,-11.338641716263966,bot1
0,3.5,10,10,-3.7034e-12,3.7034e-12,-11.431399377766681,bot1
0,3.6,10,10,1.4808e-12,1.4808e-12,-11.829503594255153,bot1
0,3.7,10,10,3.112e-13,3.112e-13,-12.506960411682348,bot1
0,3.8,10,10,-7.564e-13,7.564e-13,-12.121248479826997,bot1
0,3.9,10,10,-1.7144e-12,1.7144e-12,-11.765887841966228,bot1
0,4.0,10,10,-2.5334e-12,2.5334e-12,-11.596296233787092,bot1
0,4.1,10,10,-3.0976e-12,3.0976e-12,-11.508974664371701,bot1
0,4.2,10,10,-3.5564e-12,3.5564e-12,-11.44898939842649,bot1
0,4.3,10,10,-3.7936e-12,3.7936e-12,-11.420948463365887,bot1
0,4.4,10,10,-3.988e-12,3.988e-12,-11.399244850360382,bot1
0,4.5,10,10,5.0298e-12,5.0298e-12,-11.29844928345764,bot1
0,4.6000000000000005,10,10,4.739e-12,4.739e-12,-11.3243132913006,bot1
0,4.7,10,10,-1.6914e-12,1.6914e-12,-11.771753673744755,bot1
0,4.8,10,10,-2.436e-13,2.436e-13,-12.613322716039162,bot1
0,4.9,10,10,9.41e-13,9.41e-13,-12.026410376572743,bot1
0,5.0,10,10,2.145e-12,2.145e-12,-11.668572703479256,bot1
1,0.0,10,10,7.6258e-12,7.6258e-12,-11.11771458904863,bot1
1,0.1,10,10,3.7127e-08,3.7127e-08,-7.430310141969188,bot1
1,0.2,10,10,6.65848e-08,6.65848e-08,-7.176624900402347,bot1
1,0.3,10,10,8.902279999999999e-08,8.902279999999999e-08,-7.05049875014083,bot1
1,0.4,10,10,1.053734e-07,1.053734e-07,-6.977269006686979,bot1
1,0.5,10,10,1.165e-07,1.165e-07,-6.933674074637962,bot1
1,0.6,10,10,1.2344e-07,1.2344e-07,-6.908544086944908,bot1
1,0.7,10,10,1.273e-07,1.273e-07,-6.895171596346344,bot1
1,0.8,10,10,1.291e-07,1.291e-07,-6.88907375773358,bot1
1,0.9,10,10,1.3007999999999998e-07,1.3007999999999998e-07,-6.885789471750007,bot1
1,1.0,10,10,1.3044e-07,1.3044e-07,-6.884589209866081,bot1
1,1.1,10,10,1.3092e-07,1.3092e-07,-6.8829940033640336,bot1
1,1.2,10,10,1.3126e-07,1.3126e-07,-6.8818676000790955,bot1
1,1.3,10,10,1.3136e-07,1.3136e-07,-6.881536860224634,bot1
1,1.4,10,10,1.3142e-07,1.3142e-07,-6.881338537145504,bot1
1,1.5,10,10,1.3174e-07,1.3174e-07,-6.880282340894505,bot1
1,1.6,10,10,1.3188e-07,1.3188e-07,-6.879821061528885,bot1
1,1.7,10,10,1.3192e-07,1.3192e-07,-6.879689357363538,bot1
1,1.8,10,10,1.3202e-07,1.3202e-07,-6.879360271584433,bot1
1,1.9,10,10,1.322e-07,1.322e-07,-6.878768544850378,bot1
1,2.0,10,10,1.3232e-07,1.3232e-07,-6.878374507791529,bot1
1,2.1,10,10,1.3252e-07,1.3252e-07,-6.877718572790077,bot1
1,2.2,10,10,1.3244e-07,1.3244e-07,-6.877980827919969,bot1
1,2.3000000000000003,10,10,1.3232e-07,1.3232e-07,-6.878374507791529,bot1
1,2.4,10,10,1.3256e-07,1.3256e-07,-6.877587504588719,bot1
1,2.5,10,10,1.3268e-07,1.3268e-07,-6.877194537152556,bot1
1,2.6,10,10,1.3284e-07,1.3284e-07,-6.8766711330736525,bot1
1,2.7,10,10,1.3276e-07,1.3276e-07,-6.876932756263433,bot1
1,2.8000000000000003,10,10,1.3288e-07,1.3288e-07,-6.876540380556662,bot1
1,2.9,10,10,1.3298e-07,1.3298e-07,-6.876213671384628,bot1
1,3.0,10,10,1.3276e-07,1.3276e-07,-6.876932756263433,bot1
1,3.1,10,10,1.3298e-07,1.3298e-07,-6.876213671384628,bot1
1,3.2,10,10,1.3298e-07,1.3298e-07,-6.876213671384628,bot1
1,3.3000000000000003,10,10,1.3316e-07,1.3316e-07,-6.87562621351537,bot1
1,3.4,10,10,1.3302e-07,1.3302e-07,-6.8760830565018685,bot1
1,3.5,10,10,1.3314e-07,1.3314e-07,-6.875691447384348,bot1
1,3.6,10,10,1.3324e-07,1.3324e-07,-6.875365375980861,bot1
1,3.7,10,10,1.3316e-07,1.3316e-07,-6.87562621351537,bot1
1,3.8,10,10,1.3314e-07,1.3314e-07,-6.875691447384348,bot1
1,3.9,10,10,1.333e-07,1.333e-07,-6.875169850586141,bot1
1,4.0,10,10,1.3348e-07,1.3348e-07,-6.874583802017245,bot1
1,4.1,10,10,1.3352e-07,1.3352e-07,-6.87445367632881,bot1
1,4.2,10,10,1.335e-07,1.335e-07,-6.874518734299406,bot1
1,4.3,10,10,1.3366e-07,1.3366e-07,-6.873998543212325,bot1
1,4.4,10,10,1.3372e-07,1.3372e-07,-6.873803632079469,bot1
1,4.5,10,10,1.3374e-07,1.3374e-07,-6.8737386811361185,bot1
1,4.6000000000000005,10,10,1.3374e-07,1.3374e-07,-6.8737386811361185,bot1
1,4.7,10,10,1.338e-07,1.338e-07,-6.8735438865681955,bot1
1,4.8,10,10,1.3372e-07,1.3372e-07,-6.873803632079469,bot1
1,4.9,10,10,1.3386e-07,1.3386e-07,-6.873349179332519,bot1
1,5.0,10,10,1.3386e-07,1.3386e-07,-6.873349179332519,bot1
2,0.0,10,10,3.34912e-11,3.34912e-11,-10.475069291276448,bot1
2,0.1,10,10,1.3216e-07,1.3216e-07,-6.878899970023693,bot1
2,0.2,10,10,2.5398e-07,2.5398e-07,-6.595200481142346,bot1
2,0.3,10,10,3.6556e-07,3.6556e-07,-6.437041331345377,bot1
2,0.4,10,10,4.6732e-07,4.6732e-07,-6.330385631978534,bot1
2,0.5,10,10,5.5948e-07,5.5948e-07,-6.25221543379137,bot1
2,0.6,10,10,6.4244e-07,6.4244e-07,-6.192167426573618,bot1
2,0.7,10,10,7.1644e-07,7.1644e-07,-6.14482017478515,bot1
2,0.8,10,10,7.8228e-07,7.8228e-07,-6.106637772912189,bot1
2,0.9,10,10,8.3992e-07,8.3992e-07,-6.075762077287062,bot1
2,1.0,10,10,8.9002e-07,8.9002e-07,-6.050600234038183,bot1
2,1.1,10,10,9.3316e-07,9.3316e-07,-6.030043885557231,bot1
2,1.2,10,10,9.6916e-07,9.6916e-07,-6.013604518737753,bot1
2,1.3,10,10,9.9918e-07,9.9918e-07,-6.000356267564833,bot1
2,1.4,10,10,1.02334e-06,1.02334e-06,-5.989980049971679,bot1
2,1.5,10,10,1.04192e-06,1.04192e-06,-5.9821656254629305,bot1
2,1.6,10,10,1.05576e-06,1.05576e-06,-5.976434796311531,bot1
2,1.7,10,10,1.06504e-06,1.06504e-06,-5.972634081001718,bot1
2,1.8,10,10,1.07188e-06,1.07188e-06,-5.969853832418388,bot1
2,1.9,10,10,1.07596e-06,1.07596e-06,-5.968203873746005,bot1
2,2.0,10,10,1.07994e-06,1.07994e-06,-5.9666003726545,bot1
2,2.1,10,10,1.08232e-06,1.08232e-06,-5.965644316228024,bot1
2,2.2,10,10,1.08488e-06,1.08488e-06,-5.964618297041254,bot1
2,2.3000000000000003,10,10,1.08712e-06,1.08712e-06,-5.96372251436689,bot1
2,2.4,10,10,1.08858e-06,1.08858e-06,-5.963139649046529,bot1
2,2.5,10,10,1.09026e-06,1.09026e-06,-5.962469921233392,bot1
2,2.6,10,10,1.0919e-06,1.0919e-06,-5.9618171340093395,bot1
2,2.7,10,10,1.09324e-06,1.09324e-06,-5.961284486509683,bot1
2,2.8000000000000003,10,10,1.09462e-06,1.09462e-06,-5.960736621047993,bot1
2,2.9,10,10,1.09558e-06,1.09558e-06,-5.960355904465647,bot1
2,3.0,10,10,1.09672e-06,1.09672e-06,-5.959904236578958,bot1
2,3.1,10,10,1.09818e-06,1.09818e-06,-5.9593264699043065,bot1
2,3.2,10,10,1.09932e-06,1.09932e-06,-5.958875870810988,bot1
2,3.3000000000000003,10,10,1.09982e-06,1.09982e-06,-5.958678387026697,bot1
2,3.4,10,10,1.10118e-06,1.10118e-06,-5.958141685008925,bot1
2,3.5,10,10,1.1018e-06,1.1018e-06,-5.957897231962697,bot1
2,3.6,10,10,1.10266e-06,1.10266e-06,-5.957558379569472,bot1
2,3.7,10,10,1.10342e-06,1.10342e-06,-5.957259148517739,bot1
2,3.8,10,10,1.10406e-06,1.10406e-06,-5.957007324287209,bot1
2,3.9,10,10,1.10466e-06,1.10466e-06,-5.956771371612762,bot1
2,4.0,10,10,1.10562e-06,1.10562e-06,-5.956394113773173,bot1
2,4.1,10,10,1.10638e-06,1.10638e-06,-5.956095683556867,bot1
2,4.2,10,10,1.1068e-06,1.1068e-06,-5.955930849531086,bot1
2,4.3,10,10,1.10766e-06,1.10766e-06,-5.9555935273187055,bot1
2,4.4,10,10,1.10872e-06,1.10872e-06,-5.955178118240916,bot1
2,4.5,10,10,1.10928e-06,1.10928e-06,-5.954958817145304,bot1
2,4.6000000000000005,10,10,1.1097e-06,1.1097e-06,-5.954794413964944,bot1
2,4.7,10,10,1.11056e-06,1.11056e-06,-5.954457972941716,bot1
2,4.8,10,10,1.11082e-06,1.11082e-06,-5.954356309502042,bot1
2,4.9,10,10,1.11218e-06,1.11218e-06,-5.953824918976557,bot1
2,5.0,10,10,1.11226e-06,1.11226e-06,-5.953793680949397,bot1
3,0.0,10,10,1.5935000000000002e-10,1.5935000000000002e-10,-9.797647932190248,bot1
3,0.1,10,10,2.4614e-07,2.4614e-07,-6.608817803738631,bot1
3,0.2,10,10,4.8074e-07,4.8074e-07,-6.318089740870009,bot1
3,0.3,10,10,7.0274e-07,7.0274e-07,-6.153205325693085,bot1
3,0.4,10,10,9.1356e-07,9.1356e-07,-6.039262924159064,bot1
3,0.5,10,10,1.11304e-06,1.11304e-06,-5.95348922787812,bot1
3,0.6,10,10,1.3e-06,1.3e-06,-5.886056647693163,bot1
3,0.7,10,10,1.4767000000000002e-06,1.4767000000000002e-06,-5.830707725120064,bot1
3,0.8,10,10,1.6424e-06,1.6424e-06,-5.784521063637465,bot1
3,0.9,10,10,1.7981000000000002e-06,1.7981000000000002e-06,-5.745186158965126,bot1
3,1.0,10,10,1.9425e-06,1.9425e-06,-5.711638972527048,bot1
3,1.1,10,10,2.0776e-06,2.0776e-06,-5.682438063378754,bot1
3,1.2,10,10,2.2022000000000003e-06,2.2022000000000003e-06,-5.657143241698475,bot1
3,1.3,10,10,2.3178e-06,2.3178e-06,-5.634924041471536,bot1
3,1.4,10,10,2.4234000000000004e-06,2.4234000000000004e-06,-5.615574896446368,bot1
3,1.5,10,10,2.5205000000000003e-06,2.5205000000000003e-06,-5.59851329822583,bot1
3,1.6,10,10,2.6085e-06,2.6085e-06,-5.583609158941607,bot1
3,1.7,10,10,2.6890000000000004e-06,2.6890000000000004e-06,-5.570409197776699,bot1
3,1.8,10,10,2.7611e-06,2.7611e-06,-5.558917864037402,bot1
3,1.9,10,10,2.8262e-06,2.8262e-06,-5.548797107942887,bot1
3,2.0,10,10,2.8831000000000004e-06,2.8831000000000004e-06,-5.540140293895174,bot1
3,2.1,10,10,2.9325000000000003e-06,2.9325000000000003e-06,-5.532761979212433,bot1
3,2.2,10,10,2.9759e-06,2.9759e-06,-5.526381666599905,bot1
3,2.3000000000000003,10,10,3.0124e-06,3.0124e-06,-5.521087361070694,bot1
3,2.4,10,10,3.0432000000000004e-06,3.0432000000000004e-06,-5.51666950474268,bot1
3,2.5,10,10,3.0678000000000005e-06,3.0678000000000005e-06,-5.513172956889819,bot1
3,2.6,10,10,3.0874000000000003e-06,3.0874000000000003e-06,-5.510407100178113,bot1
3,2.7,10,10,3.1032e-06,3.1032e-06,-5.5081902334079995,bot1
3,2.8000000000000003,10,10,3.1149000000000004e-06,3.1149000000000004e-06,-5.506555891266547,bot1
3,2.9,10,10,3.1239000000000003e-06,3.1239000000000003e-06,-5.505302876889263,bot1
3,3.0,10,10,3.1318e-06,3.1318e-06,-5.504205980225132,bot1
3,3.1,10,10,3.1389e-06,3.1389e-06,-5.503222519960989,bot1
3,3.2,10,10,3.1445e-06,3.1445e-06,-5.5024484009354335,bot1
3,3.3000000000000003,10,10,3.1498000000000003e-06,3.1498000000000003e-06,-5.501717021338629,bot1
3,3.4,10,10,3.1541000000000004e-06,3.1541000000000004e-06,-5.5011245415842485,bot1
3,3.5,10,10,3.1584e-06,3.1584e-06,-5.500532869010457,bot1
3,3.6,10,10,3.1625e-06,3.1625e-06,-5.499969465816125,bot1
3,3.7,10,10,3.1660000000000003e-06,3.1660000000000003e-06,-5.499489089473663,bot1
3,3.8,10,10,3.1695000000000003e-06,3.1695000000000003e-06,-5.499009243892005,bot1
3,3.9,10,10,3.1732000000000004e-06,3.1732000000000004e-06,-5.49850255438586,bot1
3,4.0,10,10,3.1759000000000004e-06,3.1759000000000004e-06,-5.4981331807197265,bot1
3,4.1,10,10,3.1783e-06,3.1783e-06,-5.497805112101763,bot1
3,4.2,10,10,3.1817000000000004e-06,3.1817000000000004e-06,-5.497340772045431,bot1
3,4.3,10,10,3.1845e-06,3.1845e-06,-5.49695874677832,bot1
3,4.4,10,10,3.1873000000000004e-06,3.1873000000000004e-06,-5.496577057262766,bot1
3,4.5,10,10,3.1901e-06,3.1901e-06,-5.496195702909122,bot1
3,4.6000000000000005,10,10,3.1922e-06,3.1922e-06,-5.495909906740058,bot1
3,4.7,10,10,3.1942000000000003e-06,3.1942000000000003e-06,-5.495637894654313,bot1
3,4.8,10,10,3.1966000000000004e-06,3.1966000000000004e-06,-5.495311704879772,bot1
3,4.9,10,10,3.1989000000000004e-06,3.1989000000000004e-06,-5.49499933607313,bot1
3,5.0,10,10,3.2012000000000004e-06,3.2012000000000004e-06,-5.4946871917780795,bot1
4,0.0,10,10,2.0173e-10,2.0173e-10,-9.695229511476741,bot1
4,0.1,10,10,3.7396e-07,3.7396e-07,-6.42717484889127,bot1
4,0.2,10,10,7.3532e-07,7.3532e-07,-6.133523621473502,bot1
4,0.3,10,10,1.08248e-06,1.08248e-06,-5.965580118965247,bot1
4,0.4,10,10,1.4166e-06,1.4166e-06,-5.84875276253763,bot1
4,0.5,10,10,1.7384000000000002e-06,1.7384000000000002e-06,-5.759850286687532,bot1
4,0.6,10,10,2.0476e-06,2.0476e-06,-5.688754879121793,bot1
4,0.7,10,10,2.3440000000000003e-06,2.3440000000000003e-06,-5.630042392653947,bot1
4,0.8,10,10,2.6275000000000003e-06,2.6275000000000003e-06,-5.58045727529972,bot1
4,0.9,10,10,2.8994e-06,2.8994e-06,-5.537691865428309,bot1
4,1.0,10,10,3.159e-06,3.159e-06,-5.500450374094851,bot1
4,1.1,10,10,3.4072e-06,3.4072e-06,-5.467602372934308,bot1
4,1.2,10,10,3.643200000000001e-06,3.643200000000001e-06,-5.438516986728932,bot1
4,1.3,10,10,3.867e-06,3.867e-06,-5.412625827926934,bot1
4,1.4,10,10,4.0806e-06,4.0806e-06,-5.389275974770176,bot1
4,1.5,10,10,4.2819000000000005e-06,4.2819000000000005e-06,-5.3683634794879405,bot1
4,1.6,10,10,4.472800000000001e-06,4.472800000000001e-06,-5.3494205207493835,bot1
4,1.7,10,10,4.652900000000001e-06,4.652900000000001e-06,-5.332276281211603,bot1
4,1.8,10,10,4.823600000000001e-06,4.823600000000001e-06,-5.316628713512057,bot1
4,1.9,10,10,4.9822e-06,4.9822e-06,-5.30257884260582,bot1
4,2.0,10,10,5.1328e-06,5.1328e-06,-5.289645657731949,bot1
4,2.1,10,10,5.2719e-06,5.2719e-06,-5.278032836247902,bot1
4,2.2,10,10,5.4028e-06,5.4028e-06,-5.267381108808023,bot1
4,2.3000000000000003,10,10,5.5241e-06,5.5241e-06,-5.25773846820798,bot1
4,2.4,10,10,5.636700000000001e-06,5.636700000000001e-06,-5.248975078859368,bot1
4,2.5,10,10,5.739100000000001e-06,5.739100000000001e-06,-5.241156207894647,bot1
4,2.6,10,10,5.834500000000001e-06,5.834500000000001e-06,-5.233996355821719,bot1
4,2.7,10,10,5.921900000000001e-06,5.921900000000001e-06,-5.227538930586515,bot1
4,2.8000000000000003,10,10,6.000200000000001e-06,6.000200000000001e-06,-5.2218342733748955,bot1
4,2.9,10,10,6.0723e-06,6.0723e-06,-5.21664678040538,bot1
4,3.0,10,10,6.135400000000001e-06,6.135400000000001e-06,-5.212157118001389,bot1
4,3.1,10,10,6.1928e-06,6.1928e-06,-5.208112945551376,bot1
4,3.2,10,10,6.242900000000001e-06,6.242900000000001e-06,-5.204613621627419,bot1
4,3.3000000000000003,10,10,6.2867e-06,6.2867e-06,-5.201577263596558,bot1
4,3.4,10,10,6.323e-06,6.323e-06,-5.199076818186782,bot1
4,3.5,10,10,6.3544000000000005e-06,6.3544000000000005e-06,-5.196925450458665,bot1
4,3.6,10,10,6.380700000000001e-06,6.380700000000001e-06,-5.1951316740278815,bot1
4,3.7,10,10,6.4018e-06,6.4018e-06,-5.193697897866544,bot1
4,3.8,10,10,6.421000000000001e-06,6.421000000000001e-06,-5.192397330083505,bot1
4,3.9,10,10,6.4362e-06,6.4362e-06,-5.191370468993948,bot1
4,4.0,10,10,6.4501e-06,6.4501e-06,-5.190433552169146,bot1
4,4.1,10,10,6.4613e-06,6.4613e-06,-5.189680094075159,bot1
4,4.2,10,10,6.471900000000001e-06,6.471900000000001e-06,-5.188968201807358,bot1
4,4.3,10,10,6.481300000000001e-06,6.481300000000001e-06,-5.188337875888433,bot1
4,4.4,10,10,6.490600000000001e-06,6.490600000000001e-06,-5.187715154564078,bot1
4,4.5,10,10,6.499000000000001e-06,6.499000000000001e-06,-5.187153463032929,bot1
4,4.6000000000000005,10,10,6.506000000000001e-06,6.506000000000001e-06,-5.186685941054165,bot1
4,4.7,10,10,6.513200000000001e-06,6.513200000000001e-06,-5.18620558579601,bot1
4,4.8,10,10,6.5205000000000005e-06,6.5205000000000005e-06,-5.185719100753482,bot1
4,4.9,10,10,6.526100000000001e-06,6.526100000000001e-06,-5.1853462757649,bot1
4,5.0,10,10,6.5321000000000005e-06,6.5321000000000005e-06,-5.1849471752648615,bot1
5,0.0,10,10,1.2599000000000002e-10,1.2599000000000002e-10,-9.899663924066305,bot1
5,0.1,10,10,5.1336e-07,5.1336e-07,-6.289577973716866,bot1
5,0.2,10,10,1.01232e-06,1.01232e-06,-5.994682182884927,bot1
5,0.3,10,10,1.4957e-06,1.4957e-06,-5.825155506344545,bot1
5,0.4,10,10,1.9661e-06,1.9661e-06,-5.706394396807182,bot1
5,0.5,10,10,2.4230000000000003e-06,2.4230000000000003e-06,-5.6156465858624935,bot1
5,0.6,10,10,2.8651000000000003e-06,2.8651000000000003e-06,-5.542860215340474,bot1
5,0.7,10,10,3.2937000000000003e-06,3.2937000000000003e-06,-5.482315960199026,bot1
5,0.8,10,10,3.707500000000001e-06,3.707500000000001e-06,-5.43091884029958,bot1
5,0.9,10,10,4.1095e-06,4.1095e-06,-5.386211015216508,bot1
5,1.0,10,10,4.497600000000001e-06,4.497600000000001e-06,-5.347019171736634,bot1
5,1.1,10,10,4.871900000000001e-06,4.871900000000001e-06,-5.312301634557016,bot1
5,1.2,10,10,5.2344e-06,5.2344e-06,-5.281133092709694,bot1
5,1.3,10,10,5.583400000000001e-06,5.583400000000001e-06,-5.253101257772003,bot1
5,1.4,10,10,5.917600000000001e-06,5.917600000000001e-06,-5.227854394306148,bot1
5,1.5,10,10,6.2424000000000006e-06,6.2424000000000006e-06,-5.204648406092521,bot1
5,1.6,10,10,6.553500000000001e-06,6.553500000000001e-06,-5.18352669623475,bot1
5,1.7,10,10,6.852000000000001e-06,6.852000000000001e-06,-5.164182645706527,bot1
5,1.8,10,10,7.140600000000001e-06,7.140600000000001e-06,-5.146265294422544,bot1
5,1.9,10,10,7.4147e-06,7.4147e-06,-5.129906415907383,bot1
5,2.0,10,10,7.677800000000001e-06,7.677800000000001e-06,-5.114763205064103,bot1
5,2.1,10,10,7.929000000000002e-06,7.929000000000002e-06,-5.1007815821486275,bot1
5,2.2,10,10,8.168500000000001e-06,8.168500000000001e-06,-5.087857686617162,bot1
5,2.3000000000000003,10,10,8.397100000000001e-06,8.397100000000001e-06,-5.075870674825418,bot1
5,2.4,10,10,8.615600000000001e-06,8.615600000000001e-06,-5.064714472410322,bot1
5,2.5,10,10,8.822700000000001e-06,8.822700000000001e-06,-5.054398487922724,bot1
5,2.6,10,10,9.0194e-06,9.0194e-06,-5.044822352187122,bot1
5,2.7,10,10,9.2047e-06,9.2047e-06,-5.035990361474766,bot1
5,2.8000000000000003,10,10,9.3807e-06,9.3807e-06,-5.027764752794242,bot1
5,2.9,10,10,9.5473e-06,9.5473e-06,-5.020119430603888,bot1
5,3.0,10,10,9.7039e-06,9.7039e-06,-5.01305368758171,bot1
5,3.1,10,10,9.8501e-06,9.8501e-06,-5.006559360443735,bot1
5,3.2,10,10,9.9885e-06,9.9885e-06,-5.000499726051774,bot1
5,3.3000000000000003,10,10,1.0116200000000002e-05,1.0116200000000002e-05,-4.9949825931238205,bot1
5,3.4,10,10,1.02351e-05,1.02351e-05,-4.989907909793265,bot1
5,3.5,10,10,1.0346e-05,1.0346e-05,-4.985227525926936,bot1
5,3.6,10,10,1.0448e-05,1.0448e-05,-4.980966836069001,bot1
5,3.7,10,10,1.05425e-05,1.05425e-05,-4.977056390313099,bot1
5,3.8,10,10,1.0629e-05,1.0629e-05,-4.97350759294716,bot1
5,3.9,10,10,1.07078e-05,1.07078e-05,-4.970299749149986,bot1
5,4.0,10,10,1.07795e-05,1.07795e-05,-4.96740138314529,bot1
5,4.1,10,10,1.08439e-05,1.08439e-05,-4.964814496038844,bot1
5,4.2,10,10,1.09002e-05,1.09002e-05,-4.9625655334263925,bot1
5,4.3,10,10,1.09503e-05,1.09503e-05,-4.9605739825078965,bot1
5,4.4,10,10,1.0994700000000002e-05,1.0994700000000002e-05,-4.9588166162460805,bot1
5,4.5,10,10,1.10339e-05,1.10339e-05,-4.957270956362056,bot1
5,4.6000000000000005,10,10,1.10663e-05,1.10663e-05,-4.955997560529011,bot1
5,4.7,10,10,1.1096000000000002e-05,1.1096000000000002e-05,-4.9548335519347715,bot1
5,4.8,10,10,1.11217e-05,1.11217e-05,-4.9538288238879415,bot1
5,4.9,10,10,1.11457e-05,1.11457e-05,-4.952892650683909,bot1
5,5.0,10,10,1.1166200000000002e-05,1.1166200000000002e-05,-4.952094597682213,bot1
-5,0.0,20,5,5.034e-12,5.034e-12,-11.298086788787655,bot1
-5,0.1,20,5,2.57e-12,2.57e-12,-11.590066876668706,bot1
-5,0.2,20,5,3.2854e-12,3.2854e-12,-11.483411747194857,bot1
-5,0.3,20,5,3.7694e-12,3.7694e-12,-11.423727773780119,bot1
-5,0.4,20,5,4.083e-12,4.083e-12,-11.389020620077003,bot1
-5,0.5,20,5,4.3102e-12,4.3102e-12,-11.365502577430648,bot1
-5,0.6,20,5,-4.9086e-12,4.9086e-12,-11.309042356955064,bot1
-5,0.7,20,5,-3.9948e-12,3.9948e-12,-11.398504958795709,bot1
-5,0.8,20,5,8.336e-13,8.336e-13,-12.07904229404455,bot1
-5,0.9,20,5,-6.054e-13,6.054e-13,-12.217957583379446,bot1
-5,1.0,20,5,-1.7252e-12,1.7252e-12,-11.763160550526086,bot1
-5,1.1,20,5,-2.549e-12,2.549e-12,-11.593630164530733,bot1
-5,1.2,20,5,-3.3834e-12,3.3834e-12,-11.470646655028004,bot1
-5,1.3,20,5,-3.835e-12,3.835e-12,-11.416234631715,bot1
-5,1.4,20,5,-4.1966e-12,4.1966e-12,-11.37710242370523,bot1
-5,1.5,20,5,-4.3158e-12,4.3158e-12,-11.36493868931557,bot1
-5,1.6,20,5,4.7916e-12,4.7916e-12,-11.319519443758038,bot1
-5,1.7,20,5,3.96e-12,3.96e-12,-11.402304814074487,bot1
-5,1.8,20,5,-1.3532e-12,1.3532e-12,-11.868638010884057,bot1
-5,1.9,20,5,3.26e-14,3.26e-14,-13.48678239993206,bot1
-5,2.0,20,5,1.1216e-12,1.1216e-12,-11.950161999377416,bot1
-5,2.1,20,5,2.2566e-12,2.2566e-12,-11.646545416193957,bot1
-5,2.2,20,5,3.01e-12,3.01e-12,-11.521433504406156,bot1
-5,2.3000000000000003,20,5,3.4878e-12,3.4878e-12,-11.457448426659969,bot1
-5,2.4,20,5,3.9046e-12,3.9046e-12,-11.408423450055713,bot1
-5,2.5,20,5,4.1456e-12,4.1456e-12,-11.382412604358251,bot1
-5,2.6,20,5,4.3002e-12,4.3002e-12,-11.366511345146817,bot1
-5,2.7,20,5,-4.845e-12,4.845e-12,-11.314706218613216,bot1
-5,2.8000000000000003,20,5,-3.8954e-12,3.8954e-12,-11.409447940077852,bot1
-5,2.9,20,5,6.814e-13,6.814e-13,-12.166597870768141,bot1
-5,3.0,20,5,-5.804e-13,5.804e-13,-12.236272596234302,bot1
-5,3.1,20,5,-1.8096e-12,1.8096e-12,-11.74241741241862,bot1
-5,3.2,20,5,-2.5746e-12,2.5746e-12,-11.589290235083684,bot1
-5,3.3000000000000003,20,5,-3.2862e-12,3.2862e-12,-11.48330600868757,bot1
-5,3.4,20,5,-3.822e-12,3.822e-12,-11.417709317281005,bot1
-5,3.5,20,5,-4.0666e-12,4.0666e-12,-11.390768543684942,bot1
-5,3.6,20,5,-4.2908e-12,4.2908e-12,-11.36746172804963,bot1
-5,3.7,20,5,4.861e-12,4.861e-12,-11.313274378925458,bot1
-5,3.8,20,5,3.9304e-12,3.9304e-12,-11.405563248873234,bot1
-5,3.9,20,5,-1.022e-12,1.022e-12,-11.990549104201307,bot1
-5,4.0,20,5,3.67e-13,3.67e-13,-12.435333935747911,bot1
-5,4.1,20,5,1.6032e-12,1.6032e-12,-11.795012295812848,bot1
-5,4.2,20,5,2.743e-12,2.743e-12,-11.56177419239547,bot1
-5,4.3,20,5,3.3484e-12,3.3484e-12,-11.47516266674324,bot1
-5,4.4,20,5,3.986e-12,3.986e-12,-11.399462705635532,bot1
-5,4.5,20,5,4.2912e-12,4.2912e-12,-11.367421243828495,bot1
-5,4.6000000000000005,20,5,4.5492e-12,4.5492e-12,-11.342064969525941,bot1
-5,4.7,20,5,-4.6438e-12,4.6438e-12,-11.333126492802279,bot1
-5,4.8,20,5,-3.4958e-12,3.4958e-12,-11.456453421970414,bot1
-5,4.9,20,5,7.318e-13,7.318e-13,-12.13560759484941,bot1
-5,5.0,20,5,-7.44e-13,7.44e-13,-12.12842706445412,bot1
-4,0.0,20,5,-4.4966e-12,4.4966e-12,-11.347115743857266,bot1
-4,0.1,20,5,-4.434e-12,4.434e-12,-11.35320431122153,bot1
-4,0.2,20,5,2.0454e-12,2.0454e-12,-11.689221748387466,bot1
-4,0.3,20,5,7.249999999999999e-13,7.249999999999999e-13,-12.139661993429007,bot1
-4,0.4,20,5,-6.63e-13,6.63e-13,-12.178486471595226,bot1
-4,0.5,20,5,-1.8724e-12,1.8724e-12,-11.727601367544596,bot1
-4,0.6,20,5,-2.7534e-12,2.7534e-12,-11.560130691921698,bot1
-4,0.7,20,5,-3.5266e-12,3.5266e-12,-11.452643796823649,bot1
-4,0.8,20,5,-4.0618e-12,4.0618e-12,-11.391281464740857,bot1
-4,0.9,20,5,-4.2916e-12,4.2916e-12,-11.367380763380883,bot1
-4,1.0,20,5,4.7178e-12,4.7178e-12,-11.326260473950093,bot1
-4,1.1,20,5,4.3138e-12,4.3138e-12,-11.365139993890372,bot1
-4,1.2,20,5,-1.8038e-12,1.8038e-12,-11.743811617410225,bot1
-4,1.3,20,5,-6.16e-13,6.16e-13,-12.210419287835574,bot1
-4,1.4,20,5,8.613999999999999e-13,8.613999999999999e-13,-12.064795132573419,bot1
-4,1.5,20,5,1.8872e-12,1.8872e-12,-11.724182072122462,bot1
-4,1.6,20,5,2.7418e-12,2.7418e-12,-11.56196422790692,bot1
-4,1.7,20,5,3.4556e-12,3.4556e-12,-11.461476534667291,bot1
-4,1.8,20,5,3.8844e-12,3.8844e-12,-11.410676054549802,bot1
-4,1.9,20,5,4.1028e-12,4.1028e-12,-11.38691965315578,bot1
-4,2.0,20,5,4.2772e-12,4.2772e-12,-11.368840441848494,bot1
-4,2.1,20,5,-4.8432e-12,4.8432e-12,-11.314867596387503,bot1
-4,2.2,20,5,-4.2302e-12,4.2302e-12,-11.373639099092323,bot1
-4,2.3000000000000003,20,5,1.2246e-12,1.2246e-12,-11.912005744900286,bot1
-4,2.4,20,5,2.16e-14,2.16e-14,-13.665546248849068,bot1
-4,2.5,20,5,-1.1862e-12,1.1862e-12,-11.925842080302685,bot1
-4,2.6,20,5,-2.0534e-12,2.0534e-12,-11.687526442313944,bot1
-4,2.7,20,5,-3.0426e-12,3.0426e-12,-11.516755139068483,bot1
-4,2.8000000000000003,20,5,-3.5126e-12,3.5126e-12,-11.454371303007152,bot1
-4,2.9,20,5,-3.954e-12,3.954e-12,-11.402963335022346,bot1
-4,3.0,20,5,-4.227e-12,4.227e-12,-11.373967752170982,bot1
-4,3.1,20,5,-4.4118e-12,4.4118e-12,-11.355384183644617,bot1
-4,3.2,20,5,4.9098e-12,4.9098e-12,-11.308936198440259,bot1
-4,3.3000000000000003,20,5,3.8086e-12,3.8086e-12,-11.419234636925516,bot1
-4,3.4,20,5,-7.35e-13,7.35e-13,-12.133712660915805,bot1
-4,3.5,20,5,4.04e-13,4.04e-13,-12.393618634889394,bot1
-4,3.6,20,5,1.7118e-12,1.7118e-12,-11.76654697795928,bot1
-4,3.7,20,5,2.5228e-12,2.5228e-12,-11.598117177678718,bot1
-4,3.8,20,5,3.2092e-12,3.2092e-12,-11.493603216469543,bot1
-4,3.9,20,5,3.7232e-12,3.7232e-12,-11.429083634057346,bot1
-4,4.0,20,5,4.1422e-12,4.1422e-12,-11.382768935669649,bot1
-4,4.1,20,5,4.2536e-12,4.2536e-12,-11.371243352693877,bot1
-4,4.2,20,5,-4.861e-12,4.861e-12,-11.313274378925458,bot1
-4,4.3,20,5,-4.3194e-12,4.3194e-12,-11.364576576052315,bot1
-4,4.4,20,5,1.7226e-12,1.7226e-12,-11.76381555711985,bot1
-4,4.5,20,5,5.554e-13,5.554e-13,-12.255394124585761,bot1
-4,4.6000000000000005,20,5,-9.35e-13,9.35e-13,-12.029188389127482,bot1
-4,4.7,20,5,-2.2084e-12,2.2084e-12,-11.655922261531899,bot1
-4,4.8,20,5,-3.0972e-12,3.0972e-12,-11.509030749408506,bot1
-4,4.9,20,5,-3.6914e-12,3.6914e-12,-11.432808892116618,bot1
-4,5.0,20,5,-4.046e-12,4.046e-12,-11.392974121565214,bot1
-3,0.0,20,5,-4.028e-12,4.028e-12,-11.39491053811842,bot1
-3,0.1,20,5,4.833e-12,4.833e-12,-11.31578320486112,bot1
-3,0.2,20,5,4.26e-12,4.26e-12,-11.370590400897282,bot1
-3,0.3,20,5,-1.4294e-12,1.4294e-12,-11.844846222234851,bot1
-3,0.4,20,5,3.05e-13,3.05e-13,-12.515700160653214,bot1
-3,0.5,20,5,1.44e-12,1.44e-12,-11.84163750790475,bot1
-3,0.6,20,5,2.5272e-12,2.5272e-12,-11.597360387102908,bot1
-3,0.7,20,5,3.2682e-12,3.2682e-12,-11.485691374343224,bot1
-3,0.8,20,5,3.8064e-12,3.8064e-12,-11.419485575306808,bot1
-3,0.9,20,5,4.1674e-12,4.1674e-12,-11.380134812608356,bot1
-3,1.0,20,5,4.3732e-12,4.3732e-12,-11.35920066056729,bot1
-3,1.1,20,5,-4.8878e-12,4.8878e-12,-11.31088657295237,bot1
-3,1.2,20,5,-4.15e-12,4.15e-12,-11.381951903287908,bot1
-3,1.3,20,5,1.455e-12,1.455e-12,-11.837137006678073,bot1
-3,1.4,20,5,1.982e-13,1.982e-13,-12.702896349850743,bot1
-3,1.5,20,5,-1.1212e-12,1.1212e-12,-11.950316910911752,bot1
-3,1.6,20,5,-2.0294e-12,2.0294e-12,-11.692632343961467,bot1
-3,1.7,20,5,-2.872e-12,2.872e-12,-11.541815564429736,bot1
-3,1.8,20,5,-3.4366e-12,3.4366e-12,-11.463871014241079,bot1
-3,1.9,20,5,-4.0596e-12,4.0596e-12,-11.391516756164394,bot1
-3,2.0,20,5,-4.2436e-12,4.2436e-12,-11.372265559261693,bot1
-3,2.1,20,5,-4.3512e-12,4.3512e-12,-11.361390954192885,bot1
-3,2.2,20,5,4.823e-12,4.823e-12,-11.316682738078118,bot1
-3,2.3000000000000003,20,5,4.0678e-12,4.0678e-12,-11.390640408018621,bot1
-3,2.4,20,5,-1.0674e-12,1.0674e-12,-11.971672801532431,bot1
-3,2.5,20,5,2.552e-13,2.552e-13,-12.593119329950875,bot1
-3,2.6,20,5,1.4454e-12,1.4454e-12,-11.840011949618013,bot1
-3,2.7,20,5,2.4868e-12,2.4868e-12,-11.604359141303881,bot1
-3,2.8000000000000003,20,5,3.351e-12,3.351e-12,-11.474825572164729,bot1
-3,2.9,20,5,3.7944e-12,3.7944e-12,-11.420856888356186,bot1
-3,3.0,20,5,4.0892e-12,4.0892e-12,-11.388361647877495,bot1
-3,3.1,20,5,4.2866e-12,4.2866e-12,-11.36788704037499,bot1
-3,3.2,20,5,-4.869e-12,4.869e-12,-11.312560225454106,bot1
-3,3.3000000000000003,20,5,-3.892e-12,3.892e-12,-11.409827168403686,bot1
-3,3.4,20,5,1.0264e-12,1.0264e-12,-11.988683356633128,bot1
-3,3.5,20,5,-4.05e-13,4.05e-13,-12.39254497678533,bot1
-3,3.6,20,5,-1.602e-12,1.602e-12,-11.79533748825178,bot1
-3,3.7,20,5,-2.5508e-12,2.5508e-12,-11.593323591684783,bot1
-3,3.8,20,5,-3.1566e-12,3.1566e-12,-11.500780447819198,bot1
-3,3.9,20,5,-3.7222e-12,3.7222e-12,-11.429200295213096,bot1
-3,4.0,20,5,-4.1274e-12,4.1274e-12,-11.384323440166755,bot1
-3,4.1,20,5,-4.2864e-12,4.2864e-12,-11.367907303735866,bot1
-3,4.2,20,5,4.7914e-12,4.7914e-12,-11.319537571462597,bot1
-3,4.3,20,5,4.3192e-12,4.3192e-12,-11.364596685536814,bot1
-3,4.4,20,5,-1.8362e-12,1.8362e-12,-11.736080016944227,bot1
-3,4.5,20,5,-7.788e-13,7.788e-13,-12.108574057152007,bot1
-3,4.6000000000000005,20,5,2.404e-13,2.404e-13,-12.619065536669298,bot1
-3,4.7,20,5,1.1198e-12,1.1198e-12,-11.950859536841035,bot1
-3,4.8,20,5,2.295e-12,2.295e-12,-11.63921731012672,bot1
-3,4.9,20,5,3.1756e-12,3.1756e-12,-11.49817420672765,bot1
-3,5.0,20,5,3.6476e-12,3.6476e-12,-11.43799279296354,bot1
-2,0.0,20,5,-4.8482e-12,4.8482e-12,-11.3144194727723,bot1
-2,0.1,20,5,1.829e-12,1.829e-12,-11.737786294523584,bot1
-2,0.2,20,5,5.636e-13,5.636e-13,-12.249029015562682,bot1
-2,0.3,20,5,-7.334e-13,7.334e-13,-12.134659094375417,bot1
-2,0.4,20,5,-2.1154e-12,2.1154e-12,-11.674607499982736,bot1
-2,0.5,20,5,-3.001e-12,3.001e-12,-11.522734004575147,bot1
-2,0.6,20,5,-3.699e-12,3.699e-12,-11.431915668684606,bot1
-2,0.7,20,5,-4.0074e-12,4.0074e-12,-11.397137306151622,bot1
-2,0.8,20,5,-4.2252e-12,4.2252e-12,-11.37415272888219,bot1
-2,0.9,20,5,4.771e-12,4.771e-12,-11.321390583441074,bot1
-2,1.0,20,5,4.3134e-12,4.3134e-12,-11.365180266004822,bot1
-2,1.1,20,5,-1.4308e-12,1.4308e-12,-11.844421068523069,bot1
-2,1.2,20,5,-3.82e-14,3.82e-14,-13.41793663708829,bot1
-2,1.3,20,5,1.271e-12,1.271e-12,-11.895854449445991,bot1
-2,1.4,20,5,2.3638e-12,2.3638e-12,-11.626389271687069,bot1
-2,1.5,20,5,3.2338e-12,3.2338e-12,-11.490286843298602,bot1
-2,1.6,20,5,3.841e-12,3.841e-12,-11.415555692834824,bot1
-2,1.7,20,5,4.144e-12,4.144e-12,-11.382580253262823,bot1
-2,1.8,20,5,4.3018e-12,4.3018e-12,-11.366349784770378,bot1
-2,1.9,20,5,-4.8986e-12,4.8986e-12,-11.309928021838855,bot1
-2,2.0,20,5,-3.962e-12,3.962e-12,-11.402085528797471,bot1
-2,2.1,20,5,1.113e-12,1.113e-12,-11.953504835665292,bot1
-2,2.2,20,5,-4.606e-13,4.606e-13,-12.336676066371787,bot1
-2,2.3000000000000003,20,5,-1.7308e-12,1.7308e-12,-11.761753113473313,bot1
-2,2.4,20,5,-2.7688e-12,2.7688e-12,-11.557708413713929,bot1
-2,2.5,20,5,-3.4882e-12,3.4882e-12,-11.457398622246851,bot1
-2,2.6,20,5,-3.9462e-12,3.9462e-12,-11.4038209077571,bot1
-2,2.7,20,5,-4.217e-12,4.217e-12,-11.374996398985136,bot1
-2,2.8000000000000003,20,5,4.8212e-12,4.8212e-12,-11.316844852110696,bot1
-2,2.9,20,5,4.3708e-12,4.3708e-12,-11.359439065595364,bot1
-2,3.0,20,5,-1.4962e-12,1.4962e-12,-11.825010349592665,bot1
-2,3.1,20,5,-8.24e-14,8.24e-14,-13.084072788302885,bot1
-2,3.2,20,5,1.2452e-12,1.2452e-12,-11.904760887989521,bot1
-2,3.3000000000000003,20,5,2.4104e-12,2.4104e-12,-11.6179108813347,bot1
-2,3.4,20,5,3.0358e-12,3.0358e-12,-11.51772684336861,bot1
-2,3.5,20,5,3.7806e-12,3.7806e-12,-11.42243927000123,bot1
-2,3.6,20,5,4.1648e-12,4.1648e-12,-11.38040584923484,bot1
-2,3.7,20,5,4.3088e-12,4.3088e-12,-11.365643663932564,bot1
-2,3.8,20,5,-4.8602e-12,4.8602e-12,-11.313345858904537,bot1
-2,3.9,20,5,-4.0256e-12,4.0256e-12,-11.395169380570843,bot1
-2,4.0,20,5,9.96e-13,9.96e-13,-12.001740661576301,bot1
-2,4.1,20,5,-4.624e-13,4.624e-13,-12.334982174587527,bot1
-2,4.2,20,5,-1.9066e-12,1.9066e-12,-11.719740411313863,bot1
-2,4.3,20,5,-2.8444e-12,2.8444e-12,-11.54600933003177,bot1
-2,4.4,20,5,-3.654e-12,3.654e-12,-11.437231456983481,bot1
-2,4.5,20,5,-4.0182e-12,4.0182e-12,-11.395968450680177,bot1
-2,4.6000000000000005,20,5,-4.236e-12,4.236e-12,-11.373044048564553,bot1
-2,4.7,20,5,4.7892e-12,4.7892e-12,-11.319737026168353,bot1
-2,4.8,20,5,4.1858e-12,4.1858e-12,-11.378221526348845,bot1
-2,4.9,20,5,-1.2482e-12,1.2482e-12,-11.903715821755135,bot1
-2,5.0,20,5,4.734e-13,4.734e-13,-12.324771746406936,bot1
-1,0.0,20,5,-4.7542e-12,4.7542e-12,-11.322922552294552,bot1
-1,0.1,20,5,-3.2118e-12,3.2118e-12,-11.493251506232925,bot1
-1,0.2,20,5,-1.25e-13,1.25e-13,-12.903089986991944,bot1
-1,0.3,20,5,-1.595e-12,1.595e-12,-11.7972393126068,bot1
-1,0.4,20,5,-2.629e-12,2.629e-12,-11.580209413893638,bot1
-1,0.5,20,5,-3.4236e-12,3.4236e-12,-11.465516982295298,bot1
-1,0.6,20,5,-4.035e-12,4.035e-12,-11.394156460941911,bot1
-1,0.7,20,5,-4.264e-12,4.264e-12,-11.370182803981484,bot1
-1,0.8,20,5,-4.4278e-12,4.4278e-12,-11.353812004066581,bot1
-1,0.9,20,5,4.782e-12,4.782e-12,-11.320390428220245,bot1
-1,1.0,20,5,3.716e-12,3.716e-12,-11.429924294678395,bot1
-1,1.1,20,5,-5.772e-13,5.772e-13,-12.238673677578543,bot1
-1,1.2,20,5,1.0504e-12,1.0504e-12,-11.978645286918576,bot1
-1,1.3,20,5,2.4328e-12,2.4328e-12,-11.613893592863924,bot1
-1,1.4,20,5,3.1494e-12,3.1494e-12,-11.501772176848215,bot1
-1,1.5,20,5,3.8174e-12,3.8174e-12,-11.418232330831337,bot1
-1,1.6,20,5,4.1094e-12,4.1094e-12,-11.386221583406458,bot1
-1,1.7,20,5,4.2748e-12,4.2748e-12,-11.369084199281593,bot1
-1,1.8,20,5,-4.7644e-12,4.7644e-12,-11.321991784028002,bot1
-1,1.9,20,5,-4.1676e-12,4.1676e-12,-11.380113970641613,bot1
-1,2.0,20,5,1.3218e-12,1.3218e-12,-11.87883425246559,bot1
-1,2.1,20,5,-1.97e-13,1.97e-13,-12.705533773838408,bot1
-1,2.2,20,5,-1.501e-12,1.501e-12,-11.82361930775673,bot1
-1,2.3000000000000003,20,5,-2.512e-12,2.512e-12,-11.599980364934842,bot1
-1,2.4,20,5,-3.2614e-12,3.2614e-12,-11.486595933135359,bot1
-1,2.5,20,5,-3.8792e-12,3.8792e-12,-11.411257828892532,bot1
-1,2.6,20,5,-4.1698e-12,4.1698e-12,-11.37988477499732,bot1
-1,2.7,20,5,-4.3994e-12,4.3994e-12,-11.356606549526846,bot1
-1,2.8000000000000003,20,5,4.8766e-12,4.8766e-12,-11.311882865675013,bot1
-1,2.9,20,5,3.74e-12,3.74e-12,-11.42712839779952,bot1
-1,3.0,20,5,-2.574e-13,2.574e-13,-12.589391457431633,bot1
-1,3.1,20,5,1.2452e-12,1.2452e-12,-11.904760887989521,bot1
-1,3.2,20,5,2.2346e-12,2.2346e-12,-11.65080020557,bot1
-1,3.3000000000000003,20,5,3.075e-12,3.075e-12,-11.512154879888564,bot1
-1,3.4,20,5,3.679e-12,3.679e-12,-11.434270212168872,bot1
-1,3.5,20,5,4.16e-12,4.16e-12,-11.380906669373257,bot1
-1,3.6,20,5,4.3182e-12,4.3182e-12,-11.364697246928863,bot1
-1,3.7,20,5,-4.838e-12,4.838e-12,-11.315334135974139,bot1
-1,3.8,20,5,-4.0376e-12,4.0376e-12,-11.393876708274371,bot1
-1,3.9,20,5,7.646e-13,7.646e-13,-12.11656570631699,bot1
-1,4.0,20,5,-5.384e-13,5.384e-13,-12.26889494878408,bot1
-1,4.1,20,5,-1.8002e-12,1.8002e-12,-11.744679242634891,bot1
-1,4.2,20,5,-2.7842e-12,2.7842e-12,-11.555299570865857,bot1
-1,4.3,20,5,-3.6124e-12,3.6124e-12,-11.442204166394372,bot1
-1,4.4,20,5,-4.075e-12,4.075e-12,-11.389872386924004,bot1
-1,4.5,20,5,-4.321e-12,4.321e-12,-11.36441573368877,bot1
-1,4.6000000000000005,20,5,4.769e-12,4.769e-12,-11.321572677566133,bot1
-1,4.7,20,5,4.1942e-12,4.1942e-12,-11.377350864088744,bot1
-1,4.8,20,5,-1.4316e-12,1.4316e-12,-11.844178310282034,bot1
-1,4.9,20,5,6.84e-14,6.84e-14,-13.164943898279883,bot1
-1,5.0,20,5,1.553e-12,1.553e-12,-11.808828544271442,bot1
0,0.0,20,5,6.035e-12,6.035e-12,-11.219322725566633,bot1
0,0.1,20,5,1.1182599999999998e-08,1.1182599999999998e-08,-7.95145720947509,bot1
0,0.2,20,5,1.4495999999999998e-08,1.4495999999999998e-08,-7.838751819667262,bot1
0,0.3,20,5,1.5465399999999998e-08,1.5465399999999998e-08,-7.810638842841779,bot1
0,0.4,20,5,1.60278e-08,1.60278e-08,-7.795126085470577,bot1
0,0.5,20,5,1.6267399999999998e-08,1.6267399999999998e-08,-7.788681854308671,bot1
0,0.6,20,5,1.6517599999999998e-08,1.6517599999999998e-08,-7.782053055228485,bot1
0,0.7,20,5,1.6705e-08,1.6705e-08,-7.77715352002585,bot1
0,0.8,20,5,1.6887599999999997e-08,1.6887599999999997e-08,-7.772432066285554,bot1
0,0.9,20,5,1.70214e-08,1.70214e-08,-7.769004722320194,bot1
0,1.0,20,5,1.71072e-08,1.71072e-08,-7.766821067259576,bot1
0,1.1,20,5,1.7175999999999998e-08,1.7175999999999998e-08,-7.765077968571807,bot1
0,1.2,20,5,1.72634e-08,1.72634e-08,-7.762873666568564,bot1
0,1.3,20,5,1.7260799999999997e-08,1.7260799999999997e-08,-7.762939079563222,bot1
0,1.4,20,5,1.72882e-08,1.72882e-08,-7.762250221923406,bot1
0,1.5,20,5,1.7309999999999998e-08,1.7309999999999998e-08,-7.7617029321246065,bot1
0,1.6,20,5,1.73266e-08,1.73266e-08,-7.76128665056397,bot1
0,1.7,20,5,1.7419e-08,1.7419e-08,-7.758976780840857,bot1
0,1.8,20,5,1.7396399999999998e-08,1.7396399999999998e-08,-7.759540615044666,bot1
0,1.9,20,5,1.74914e-08,1.74914e-08,-7.757175428489216,bot1
0,2.0,20,5,1.75144e-08,1.75144e-08,-7.756604735945629,bot1
0,2.1,20,5,1.7499999999999998e-08,1.7499999999999998e-08,-7.756961951313706,bot1
0,2.2,20,5,1.74862e-08,1.74862e-08,-7.757304558636655,bot1
0,2.3000000000000003,20,5,1.75612e-08,1.75612e-08,-7.755445811005541,bot1
0,2.4,20,5,1.7575799999999997e-08,1.7575799999999997e-08,-7.75508489801919,bot1
0,2.5,20,5,1.75056e-08,1.75056e-08,-7.756822999310631,bot1
0,2.6,20,5,1.7515599999999998e-08,1.7515599999999998e-08,-7.756574981256592,bot1
0,2.7,20,5,1.7592399999999998e-08,1.7592399999999998e-08,-7.754674908941841,bot1
0,2.8000000000000003,20,5,1.7650199999999997e-08,1.7650199999999997e-08,-7.75325036912011,bot1
0,2.9,20,5,1.7716599999999997e-08,1.7716599999999997e-08,-7.751619620085367,bot1
0,3.0,20,5,1.75956e-08,1.75956e-08,-7.754595919380291,bot1
0,3.1,20,5,1.75836e-08,1.75836e-08,-7.754892204343279,bot1
0,3.2,20,5,1.7692799999999997e-08,1.7692799999999997e-08,-7.752203431741358,bot1
0,3.3000000000000003,20,5,1.77372e-08,1.77372e-08,-7.751114936957804,bot1
0,3.4,20,5,1.7682399999999998e-08,1.7682399999999998e-08,-7.752458789321918,bot1
0,3.5,20,5,1.77146e-08,1.77146e-08,-7.751668649695695,bot1
0,3.6,20,5,1.7702599999999998e-08,1.7702599999999998e-08,-7.75196294365356,bot1
0,3.7,20,5,1.76328e-08,1.76328e-08,-7.753678718444017,bot1
0,3.8,20,5,1.7660199999999998e-08,1.7660199999999998e-08,-7.753004382388997,bot1
0,3.9,20,5,1.76448e-08,1.76448e-08,-7.753383259910339,bot1
0,4.0,20,5,1.7602599999999997e-08,1.7602599999999997e-08,-7.754423179784891,bot1
0,4.1,20,5,1.7644399999999998e-08,1.7644399999999998e-08,-7.753393105290385,bot1
0,4.2,20,5,1.7683799999999997e-08,1.7683799999999997e-08,-7.752424405516195,bot1
0,4.3,20,5,1.7673599999999998e-08,1.7673599999999998e-08,-7.752674978456417,bot1
0,4.4,20,5,1.76678e-08,1.76678e-08,-7.752817525611745,bot1
0,4.5,20,5,1.7697e-08,1.7697e-08,-7.75210034911119,bot1
0,4.6000000000000005,20,5,1.7665e-08,1.7665e-08,-7.752886358229135,bot1
0,4.7,20,5,1.7721199999999998e-08,1.7721199999999998e-08,-7.751506872983234,bot1
0,4.8,20,5,1.77474e-08,1.77474e-08,-7.7508652622348295,bot1
0,4.9,20,5,1.7695599999999997e-08,1.7695599999999997e-08,-7.752134707269391,bot1
0,5.0,20,5,1.7741199999999997e-08,1.7741199999999997e-08,-7.751017008193543,bot1
1,0.0,20,5,1.3692e-10,1.3692e-10,-9.86353310953416,bot1
1,0.1,20,5,2.9188e-07,2.9188e-07,-6.53479566241937,bot1
1,0.2,20,5,5.4182e-07,5.4182e-07,-6.266144968056401,bot1
1,0.3,20,5,7.5278e-07,7.5278e-07,-6.123331927844643,bot1
1,0.4,20,5,9.2782e-07,9.2782e-07,-6.032536270105661,bot1
1,0.5,20,5,1.07328e-06,1.07328e-06,-5.969286963410027,bot1
1,0.6,20,5,1.1885e-06,1.1885e-06,-5.925000813935801,bot1
1,0.7,20,5,1.2812e-06,1.2812e-06,-5.892383070008216,bot1
1,0.8,20,5,1.3544e-06,1.3544e-06,-5.868253054899121,bot1
1,0.9,20,5,1.4086000000000002e-06,1.4086000000000002e-06,-5.8512123159436875,bot1
1,1.0,20,5,1.4455000000000002e-06,1.4455000000000002e-06,-5.839981903993324,bot1
1,1.1,20,5,1.4696e-06,1.4696e-06,-5.8328008567022485,bot1
1,1.2,20,5,1.4856000000000002e-06,1.4856000000000002e-06,-5.828098109268276,bot1
1,1.3,20,5,1.4979e-06,1.4979e-06,-5.824517179225228,bot1
1,1.4,20,5,1.5081000000000002e-06,1.5081000000000002e-06,-5.8215698600522625,bot1
1,1.5,20,5,1.5166000000000002e-06,1.5166000000000002e-06,-5.819128948349456,bot1
1,1.6,20,5,1.5227e-06,1.5227e-06,-5.81738565226365,bot1
1,1.7,20,5,1.5292e-06,1.5292e-06,-5.81553571065301,bot1
1,1.8,20,5,1.5308000000000002e-06,1.5308000000000002e-06,-5.815081546447538,bot1
1,1.9,20,5,1.5387000000000002e-06,1.5387000000000002e-06,-5.812846046214584,bot1
1,2.0,20,5,1.543e-06,1.543e-06,-5.811634073936852,bot1
1,2.1,20,5,1.546e-06,1.546e-06,-5.810790510417694,bot1
1,2.2,20,5,1.5495000000000002e-06,1.5495000000000002e-06,-5.809808419424698,bot1
1,2.3000000000000003,20,5,1.5547e-06,1.5547e-06,-5.8083534014372695,bot1
1,2.4,20,5,1.5607000000000002e-06,1.5607000000000002e-06,-5.806680569625523,bot1
1,2.5,20,5,1.5620000000000005e-06,1.5620000000000005e-06,-5.806318970458718,bot1
1,2.6,20,5,1.5668000000000002e-06,1.5668000000000002e-06,-5.804986437124172,bot1
1,2.7,20,5,1.5683e-06,1.5683e-06,-5.804570857542937,bot1
1,2.8000000000000003,20,5,1.5696000000000002e-06,1.5696000000000002e-06,-5.804211009964127,bot1
1,2.9,20,5,1.5731000000000002e-06,1.5731000000000002e-06,-5.803243668942013,bot1
1,3.0,20,5,1.5779000000000002e-06,1.5779000000000002e-06,-5.801920523828969,bot1
1,3.1,20,5,1.5785000000000002e-06,1.5785000000000002e-06,-5.8017554137717635,bot1
1,3.2,20,5,1.5801e-06,1.5801e-06,-5.801315426922857,bot1
1,3.3000000000000003,20,5,1.585e-06,1.585e-06,-5.79997073344623,bot1
1,3.4,20,5,1.5865000000000002e-06,1.5865000000000002e-06,-5.799559923563569,bot1
1,3.5,20,5,1.5885e-06,1.5885e-06,-5.799012780836834,bot1
1,3.6,20,5,1.5892000000000002e-06,1.5892000000000002e-06,-5.798821443616674,bot1
1,3.7,20,5,1.5930000000000005e-06,1.5930000000000005e-06,-5.797784224198868,bot1
1,3.8,20,5,1.5965e-06,1.5965e-06,-5.796831077124536,bot1
1,3.9,20,5,1.5974000000000002e-06,1.5974000000000002e-06,-5.796586319903548,bot1
1,4.0,20,5,1.5979000000000002e-06,1.5979000000000002e-06,-5.796450403249259,bot1
1,4.1,20,5,1.6004000000000002e-06,1.6004000000000002e-06,-5.79577145729304,bot1
1,4.2,20,5,1.6016000000000005e-06,1.6016000000000005e-06,-5.795445939864757,bot1
1,4.3,20,5,1.6052e-06,1.6052e-06,-5.794470848938199,bot1
1,4.4,20,5,1.6055e-06,1.6055e-06,-5.7943896900974785,bot1
1,4.5,20,5,1.6067000000000002e-06,1.6067000000000002e-06,-5.794065206315318,bot1
1,4.6000000000000005,20,5,1.6063000000000002e-06,1.6063000000000002e-06,-5.794173340640659,bot1
1,4.7,20,5,1.6087000000000002e-06,1.6087000000000002e-06,-5.793524938183314,bot1
1,4.8,20,5,1.6111e-06,1.6111e-06,-5.792877502349036,bot1
1,4.9,20,5,1.6119000000000002e-06,1.6119000000000002e-06,-5.792661904711643,bot1
1,5.0,20,5,1.6150000000000002e-06,1.6150000000000002e-06,-5.791827473332878,bot1
2,0.0,20,5,2.4004000000000003e-10,2.4004000000000003e-10,-9.619716381905942,bot1
2,0.1,20,5,7.2896e-07,7.2896e-07,-6.137296301937012,bot1
2,0.2,20,5,1.4131e-06,1.4131e-06,-5.849827103606868,bot1
2,0.3,20,5,2.0508000000000003e-06,2.0508000000000003e-06,-5.688076691231638,bot1
2,0.4,20,5,2.6458e-06,2.6458e-06,-5.57744298788064,bot1
2,0.5,20,5,3.1995000000000005e-06,3.1995000000000005e-06,-5.49491788549489,bot1
2,0.6,20,5,3.7113e-06,3.7113e-06,-5.43047393838133,bot1
2,0.7,20,5,4.1856e-06,4.1856e-06,-5.378242277691846,bot1
2,0.8,20,5,4.620100000000001e-06,4.620100000000001e-06,-5.335348624232147,bot1
2,0.9,20,5,5.0197e-06,5.0197e-06,-5.299322237484025,bot1
2,1.0,20,5,5.383400000000001e-06,5.383400000000001e-06,-5.268943349826005,bot1
2,1.1,20,5,5.714100000000001e-06,5.714100000000001e-06,-5.243052163486323,bot1
2,1.2,20,5,6.012600000000001e-06,6.012600000000001e-06,-5.220937687485133,bot1
2,1.3,20,5,6.2821e-06,6.2821e-06,-5.201895154677003,bot1
2,1.4,20,5,6.5189e-06,6.5189e-06,-5.185825680990997,bot1
2,1.5,20,5,6.726500000000001e-06,6.726500000000001e-06,-5.172210853469471,bot1
2,1.6,20,5,6.9067e-06,6.9067e-06,-5.160729407635686,bot1
2,1.7,20,5,7.056900000000001e-06,7.056900000000001e-06,-5.151386036704437,bot1
2,1.8,20,5,7.180800000000001e-06,7.180800000000001e-06,-5.14382716909597,bot1
2,1.9,20,5,7.282100000000001e-06,7.282100000000001e-06,-5.137743361497928,bot1
2,2.0,20,5,7.366000000000002e-06,7.366000000000002e-06,-5.132768285481106,bot1
2,2.1,20,5,7.4287e-06,7.4287e-06,-5.1290871798092414,bot1
2,2.2,20,5,7.484e-06,7.484e-06,-5.125866221172028,bot1
2,2.3000000000000003,20,5,7.529400000000002e-06,7.529400000000002e-06,-5.123239630316063,bot1
2,2.4,20,5,7.565300000000002e-06,7.565300000000002e-06,-5.121173845464818,bot1
2,2.5,20,5,7.6002e-06,7.6002e-06,-5.11917497906743,bot1
2,2.6,20,5,7.631500000000001e-06,7.631500000000001e-06,-5.117390091442629,bot1
2,2.7,20,5,7.6589e-06,7.6589e-06,-5.11583360089412,bot1
2,2.8000000000000003,20,5,7.682400000000001e-06,7.682400000000001e-06,-5.114503084144261,bot1
2,2.9,20,5,7.7044e-06,7.7044e-06,-5.113261177430366,bot1
2,3.0,20,5,7.727900000000001e-06,7.727900000000001e-06,-5.111938506381535,bot1
2,3.1,20,5,7.7477e-06,7.7477e-06,-5.11082720401733,bot1
2,3.2,20,5,7.768e-06,7.768e-06,-5.109690783100051,bot1
2,3.3000000000000003,20,5,7.7879e-06,7.7879e-06,-5.108579633644946,bot1
2,3.4,20,5,7.803900000000002e-06,7.803900000000002e-06,-5.107688304337289,bot1
2,3.5,20,5,7.8205e-06,7.8205e-06,-5.106765479638464,bot1
2,3.6,20,5,7.8366e-06,7.8366e-06,-5.105872320161539,bot1
2,3.7,20,5,7.853200000000001e-06,7.853200000000001e-06,-5.104953342087937,bot1
2,3.8,20,5,7.866300000000001e-06,7.866300000000001e-06,-5.104229494760736,bot1
2,3.9,20,5,7.883e-06,7.883e-06,-5.1033084734371155,bot1
2,4.0,20,5,7.8984e-06,7.8984e-06,-5.10246087599402,bot1
2,4.1,20,5,7.911900000000001e-06,7.911900000000001e-06,-5.101719210506257,bot1
2,4.2,20,5,7.9255e-06,7.9255e-06,-5.100973329691767,bot1
2,4.3,20,5,7.9371e-06,7.9371e-06,-5.100338147957612,bot1
2,4.4,20,5,7.949700000000001e-06,7.949700000000001e-06,-5.099649260123769,bot1
2,4.5,20,5,7.962100000000001e-06,7.962100000000001e-06,-5.098972372195846,bot1
2,4.6000000000000005,20,5,7.9741e-06,7.9741e-06,-5.09831832232601,bot1
2,4.7,20,5,7.9865e-06,7.9865e-06,-5.0976435040035035,bot1
2,4.8,20,5,7.9972e-06,7.9972e-06,-5.097062042683468,bot1
2,4.9,20,5,8.0095e-06,8.0095e-06,-5.096394594280134,bot1
2,5.0,20,5,8.018500000000001e-06,8.018500000000001e-06,-5.095906866460327,bot1
3,0.0,20,5,3.6828000000000005e-10,3.6828000000000005e-10,-9.433821865520553,bot1
3,0.1,20,5,1.2037000000000002e-06,1.2037000000000002e-06,-5.919481739472882,bot1
3,0.2,20,5,2.3583000000000004e-06,2.3583000000000004e-06,-5.627400949004623,bot1
3,0.3,20,5,3.4617e-06,3.4617e-06,-5.460710571928555,bot1
3,0.4,20,5,4.5175e-06,4.5175e-06,-5.345101838767031,bot1
3,0.5,20,5,5.527500000000001e-06,5.527500000000001e-06,-5.2574712487492485,bot1
3,0.6,20,5,6.488300000000001e-06,6.488300000000001e-06,-5.187869077827041,bot1
3,0.7,20,5,7.403800000000001e-06,7.403800000000001e-06,-5.130545321425013,bot1
3,0.8,20,5,8.273600000000002e-06,8.273600000000002e-06,-5.082305479572005,bot1
3,0.9,20,5,9.1013e-06,9.1013e-06,-5.040896570041218,bot1
3,1.0,20,5,9.8827e-06,9.8827e-06,-5.005124387911632,bot1
3,1.1,20,5,1.06249e-05,1.06249e-05,-4.973675148774363,bot1
3,1.2,20,5,1.1321600000000002e-05,1.1321600000000002e-05,-4.94609219310639,bot1
3,1.3,20,5,1.1976e-05,1.1976e-05,-4.921688212665004,bot1
3,1.4,20,5,1.2598e-05,1.2598e-05,-4.899698395986146,bot1
3,1.5,20,5,1.3178e-05,1.3178e-05,-4.880150496788483,bot1
3,1.6,20,5,1.3722e-05,1.3722e-05,-4.862582585009608,bot1
3,1.7,20,5,1.4232e-05,1.4232e-05,-4.8467340649241315,bot1
3,1.8,20,5,1.4706e-05,1.4706e-05,-4.8325054383642785,bot1
3,1.9,20,5,1.5144e-05,1.5144e-05,-4.819759399044259,bot1
3,2.0,20,5,1.5546e-05,1.5546e-05,-4.808381336630531,bot1
3,2.1,20,5,1.592e-05,1.592e-05,-4.79805693659835,bot1
3,2.2,20,5,1.6256e-05,1.6256e-05,-4.788986309396175,bot1
3,2.3000000000000003,20,5,1.6564e-05,1.6564e-05,-4.78083477816966,bot1
3,2.4,20,5,1.6844e-05,1.6844e-05,-4.773554767251772,bot1
3,2.5,20,5,1.7088e-05,1.7088e-05,-4.7673087646515375,bot1
3,2.6,20,5,1.7306e-05,1.7306e-05,-4.761803300620986,bot1
3,2.7,20,5,1.7498e-05,1.7498e-05,-4.757011587805205,bot1
3,2.8000000000000003,20,5,1.766e-05,1.766e-05,-4.753009300758451,bot1
3,2.9,20,5,1.7802e-05,1.7802e-05,-4.749531203299514,bot1
3,3.0,20,5,1.793e-05,1.793e-05,-4.746419710437817,bot1
3,3.1,20,5,1.8036e-05,1.8036e-05,-4.743859773365467,bot1
3,3.2,20,5,1.813e-05,1.813e-05,-4.741602195904491,bot1
3,3.3000000000000003,20,5,1.821e-05,1.821e-05,-4.73969005420508,bot1
3,3.4,20,5,1.8282e-05,1.8282e-05,-4.737976295393683,bot1
3,3.5,20,5,1.835e-05,1.835e-05,-4.7363639314118915,bot1
3,3.6,20,5,1.8414e-05,1.8414e-05,-4.734851861184533,bot1
3,3.7,20,5,1.8464e-05,1.8464e-05,-4.733674208524363,bot1
3,3.8,20,5,1.852e-05,1.852e-05,-4.732359017654084,bot1
3,3.9,20,5,1.857e-05,1.857e-05,-4.73118809626022,bot1
3,4.0,20,5,1.8616e-05,1.8616e-05,-4.730113629721327,bot1
3,4.1,20,5,1.8662e-05,1.8662e-05,-4.7290418149079025,bot1
3,4.2,20,5,1.8702e-05,1.8702e-05,-4.728111947339516,bot1
3,4.3,20,5,1.8744e-05,1.8744e-05,-4.727137724411094,bot1
3,4.4,20,5,1.8778e-05,1.8778e-05,-4.726350665276395,bot1
3,4.5,20,5,1.882e-05,1.882e-05,-4.725380380908762,bot1
3,4.6000000000000005,20,5,1.885e-05,1.885e-05,-4.724688645458189,bot1
3,4.7,20,5,1.889e-05,1.889e-05,-4.7237680420781665,bot1
3,4.8,20,5,1.8926e-05,1.8926e-05,-4.722941164244893,bot1
3,4.9,20,5,1.8962e-05,1.8962e-05,-4.7221158577598,bot1
3,5.0,20,5,1.899e-05,1.899e-05,-4.721475035262983,bot1
4,0.0,20,5,7.237e-10,7.237e-10,-9.140441427373947,bot1
4,0.1,20,5,1.7202000000000005e-06,1.7202000000000005e-06,-5.764421056669872,bot1
4,0.2,20,5,3.3871e-06,3.3871e-06,-5.470171981150739,bot1
4,0.3,20,5,4.998200000000001e-06,4.998200000000001e-06,-5.301186369826505,bot1
4,0.4,20,5,6.5580000000000006e-06,6.5580000000000006e-06,-5.183228587666654,bot1
4,0.5,20,5,8.0662e-06,8.0662e-06,-5.09333101394016,bot1
4,0.6,20,5,9.5195e-06,9.5195e-06,-5.021385861798671,bot1
4,0.7,20,5,1.0926000000000002e-05,1.0926000000000002e-05,-4.961538803821436,bot1
4,0.8,20,5,1.2278e-05,1.2278e-05,-4.910872370955722,bot1
4,0.9,20,5,1.3582e-05,1.3582e-05,-4.867036273869274,bot1
4,1.0,20,5,1.4838e-05,1.4838e-05,-4.8286246332550595,bot1
4,1.1,20,5,1.6048e-05,1.6048e-05,-4.794579084323657,bot1
4,1.2,20,5,1.721e-05,1.721e-05,-4.76421912967244,bot1
4,1.3,20,5,1.8324e-05,1.8324e-05,-4.736979716895954,bot1
4,1.4,20,5,1.9394e-05,1.9394e-05,-4.712332608725865,bot1
4,1.5,20,5,2.0422e-05,2.0422e-05,-4.6899017281438,bot1
4,1.6,20,5,2.1402e-05,2.1402e-05,-4.6695456402780025,bot1
4,1.7,20,5,2.2342e-05,2.2342e-05,-4.650877952523646,bot1
4,1.8,20,5,2.3238e-05,2.3238e-05,-4.633801252630273,bot1
4,1.9,20,5,2.4092e-05,2.4092e-05,-4.618127145501457,bot1
4,2.0,20,5,2.4912e-05,2.4912e-05,-4.603591404775955,bot1
4,2.1,20,5,2.5684e-05,2.5684e-05,-4.590337338755543,bot1
4,2.2,20,5,2.6422e-05,2.6422e-05,-4.578034311774887,bot1
4,2.3000000000000003,20,5,2.7118e-05,2.7118e-05,-4.566742343602651,bot1
4,2.4,20,5,2.7782000000000003e-05,2.7782000000000003e-05,-4.5562364930224994,bot1
4,2.5,20,5,2.8402e-05,2.8402e-05,-4.546651076911373,bot1
4,2.6,20,5,2.8994e-05,2.8994e-05,-4.537691865428309,bot1
4,2.7,20,5,2.9544e-05,2.9544e-05,-4.529530705357078,bot1
4,2.8000000000000003,20,5,3.006e-05,3.006e-05,-4.52201102374911,bot1
4,2.9,20,5,3.0542e-05,3.0542e-05,-4.515102527183854,bot1
4,3.0,20,5,3.0988e-05,3.0988e-05,-4.508806452705314,bot1
4,3.1,20,5,3.1404e-05,3.1404e-05,-4.503015031312494,bot1
4,3.2,20,5,3.179e-05,3.179e-05,-4.497709472085227,bot1
4,3.3000000000000003,20,5,3.214e-05,3.214e-05,-4.492954127572674,bot1
4,3.4,20,5,3.2462e-05,3.2462e-05,-4.488624726585999,bot1
4,3.5,20,5,3.2754e-05,3.2754e-05,-4.484735655310395,bot1
4,3.6,20,5,3.3016000000000004e-05,3.3016000000000004e-05,-4.48127554413064,bot1
4,3.7,20,5,3.3254000000000004e-05,3.3254000000000004e-05,-4.478156107550528,bot1
4,3.8,20,5,3.3472e-05,3.3472e-05,-4.475318337148838,bot1
4,3.9,20,5,3.3668000000000004e-05,3.3668000000000004e-05,-4.472782681496139,bot1
4,4.0,20,5,3.3838000000000004e-05,3.3838000000000004e-05,-4.470595313914112,bot1
4,4.1,20,5,3.3998e-05,3.3998e-05,-4.468546630443378,bot1
4,4.2,20,5,3.4146e-05,3.4146e-05,-4.466660164008031,bot1
4,4.3,20,5,3.427e-05,3.427e-05,-4.465085895570133,bot1
4,4.4,20,5,3.4394e-05,3.4394e-05,-4.4635173130728,bot1
4,4.5,20,5,3.4508e-05,3.4508e-05,-4.4620802106341575,bot1
4,4.6000000000000005,20,5,3.4614000000000004e-05,3.4614000000000004e-05,-4.460748210658214,bot1
4,4.7,20,5,3.4706e-05,3.4706e-05,-4.459595437553941,bot1
4,4.8,20,5,3.48e-05,3.48e-05,-4.458420756053419,bot1
4,4.9,20,5,3.4888e-05,3.4888e-05,-4.45732392633463,bot1
4,5.0,20,5,3.497e-05,3.497e-05,-4.456304367690755,bot1
5,0.0,20,5,1.0079e-09,1.0079e-09,-8.996582554797806,bot1
5,0.1,20,5,2.2702000000000003e-06,2.2702000000000003e-06,-5.643935880661405,bot1
5,0.2,20,5,4.484000000000001e-06,4.484000000000001e-06,-5.348334396077064,bot1
5,0.3,20,5,6.635700000000001e-06,6.635700000000001e-06,-5.178113256657577,bot1
5,0.4,20,5,8.7343e-06,8.7343e-06,-5.058771895296862,bot1
5,0.5,20,5,1.07763e-05,1.07763e-05,-4.96753032684975,bot1
5,0.6,20,5,1.2758e-05,1.2758e-05,-4.894217402185558,bot1
5,0.7,20,5,1.4686e-05,1.4686e-05,-4.833096476128204,bot1
5,0.8,20,5,1.6562e-05,1.6562e-05,-4.780887219693832,bot1
5,0.9,20,5,1.8386e-05,1.8386e-05,-4.735512744219311,bot1
5,1.0,20,5,2.0156e-05,2.0156e-05,-4.695595650316269,bot1
5,1.1,20,5,2.1878e-05,2.1878e-05,-4.659992382003327,bot1
5,1.2,20,5,2.3544e-05,2.3544e-05,-4.6281197509084455,bot1
5,1.3,20,5,2.516e-05,2.516e-05,-4.599289363226768,bot1
5,1.4,20,5,2.6734e-05,2.6734e-05,-4.572936056284206,bot1
5,1.5,20,5,2.8252e-05,2.8252e-05,-4.548950802420871,bot1
5,1.6,20,5,2.9726e-05,2.9726e-05,-4.526863526543523,bot1
5,1.7,20,5,3.1152e-05,3.1152e-05,-4.506514065824043,bot1
5,1.8,20,5,3.253e-05,3.253e-05,-4.487715936718146,bot1
5,1.9,20,5,3.3860000000000004e-05,3.3860000000000004e-05,-4.4703130462270835,bot1
5,2.0,20,5,3.5152e-05,3.5152e-05,-4.454049960423565,bot1
5,2.1,20,5,3.6388000000000005e-05,3.6388000000000005e-05,-4.439041813961266,bot1
5,2.2,20,5,3.7588e-05,3.7588e-05,-4.424950781816689,bot1
5,2.3000000000000003,20,5,3.874e-05,3.874e-05,-4.411840383616908,bot1
5,2.4,20,5,3.9852e-05,3.9852e-05,-4.39954987835399,bot1
5,2.5,20,5,4.0922e-05,4.0922e-05,-4.388043148964326,bot1
5,2.6,20,5,4.195e-05,4.195e-05,-4.377268034835281,bot1
5,2.7,20,5,4.294e-05,4.294e-05,-4.36713795989977,bot1
5,2.8000000000000003,20,5,4.389e-05,4.389e-05,-4.357634419155027,bot1
5,2.9,20,5,4.4794e-05,4.4794e-05,-4.348780154336684,bot1
5,3.0,20,5,4.566e-05,4.566e-05,-4.340464092845783,bot1
5,3.1,20,5,4.6494e-05,4.6494e-05,-4.332603088723377,bot1
5,3.2,20,5,4.7284e-05,4.7284e-05,-4.325285791339003,bot1
5,3.3000000000000003,20,5,4.8044e-05,4.8044e-05,-4.318360841701907,bot1
5,3.4,20,5,4.8762000000000005e-05,4.8762000000000005e-05,-4.311918489863525,bot1
5,3.5,20,5,4.9436e-05,4.9436e-05,-4.305956676434726,bot1
5,3.6,20,5,5.0088e-05,5.0088e-05,-4.30026630922294,bot1
5,3.7,20,5,5.069e-05,5.069e-05,-4.295077708776598,bot1
5,3.8,20,5,5.1278e-05,5.1278e-05,-4.2900689219818755,bot1
5,3.9,20,5,5.1822e-05,5.1822e-05,-4.285485830018612,bot1
5,4.0,20,5,5.2326e-05,5.2326e-05,-4.281282463126266,bot1
5,4.1,20,5,5.2802e-05,5.2802e-05,-4.277349627229186,bot1
5,4.2,20,5,5.3244e-05,5.3244e-05,-4.27372932523582,bot1
5,4.3,20,5,5.3660000000000005e-05,5.3660000000000005e-05,-4.27034933166408,bot1
5,4.4,20,5,5.4048e-05,5.4048e-05,-4.267220372109086,bot1
5,4.5,20,5,5.4404e-05,5.4404e-05,-4.264369168057998,bot1
5,4.6000000000000005,20,5,5.4738e-05,5.4738e-05,-4.2617110747525615,bot1
5,4.7,20,5,5.5042e-05,5.5042e-05,-4.25930579400977,bot1
5,4.8,20,5,5.5324e-05,5.5324e-05,-4.257086427349315,bot1
5,4.9,20,5,5.5586e-05,5.5586e-05,-4.255034576913594,bot1
5,5.0,20,5,5.5842000000000005e-05,5.5842000000000005e-05,-4.253039035703498,bot1
-5,0.0,20,10,2.3426e-12,2.3426e-12,-11.63030186105012,top1
-5,0.1,20,10,-3.9786e-12,3.9786e-12,-11.400269721704348,top1
-5,0.2,20,10,1.3426e-12,1.3426e-12,-11.872053357151099,top1
-5,0.3,20,10,9.3e-14,9.3e-14,-13.031517051446064,top1
-5,0.4,20,10,-1.1024e-12,1.1024e-12,-11.95766079543645,top1
-5,0.5,20,10,-2.1028e-12,2.1028e-12,-11.677202031653612,top1
-5,0.6,20,10,-2.8478e-12,2.8478e-12,-11.545490514314094,top1
-5,0.7,20,10,-3.5596e-12,3.5596e-12,-11.44859880190154,top1
-5,0.8,20,10,-3.8874e-12,3.8874e-12,-11.410340769671029,top1
-5,0.9,20,10,-4.1122e-12,4.1122e-12,-11.385925771253996,top1
-5,1.0,20,10,-4.2744e-12,4.2744e-12,-11.369124838825151,top1
-5,1.1,20,10,4.8142e-12,4.8142e-12,-11.31747587145772,top1
-5,1.2,20,10,3.7704e-12,3.7704e-12,-11.423612573248421,top1
-5,1.3,20,10,-9.518e-13,9.518e-13,-12.021454299537261,top1
-5,1.4,20,10,1.38e-13,1.38e-13,-12.860120913598763,top1
-5,1.5,20,10,1.245e-12,1.245e-12,-11.904830648568245,top1
-5,1.6,20,10,2.0682e-12,2.0682e-12,-11.684407466208409,top1
-5,1.7,20,10,2.8708e-12,2.8708e-12,-11.541997062439721,top1
-5,1.8,20,10,3.3646e-12,3.3646e-12,-11.473066559409858,top1
-5,1.9,20,10,3.7532e-12,3.7532e-12,-11.42559829234629,top1
-5,2.0,20,10,4.061e-12,4.061e-12,-11.391367010509963,top1
-5,2.1,20,10,4.19e-12,4.19e-12,-11.377785977033705,top1
-5,2.2,20,10,-4.7868e-12,4.7868e-12,-11.319954717642535,top1
-5,2.3000000000000003,20,10,-4.2596e-12,4.2596e-12,-11.370631181636492,top1
-5,2.4,20,10,1.9928e-12,1.9928e-12,-11.70053628547155,top1
-5,2.5,20,10,7.902e-13,7.902e-13,-12.102262974654572,top1
-5,2.6,20,10,-2.09e-13,2.09e-13,-12.679853713888946,top1
-5,2.7,20,10,-1.2506e-12,1.2506e-12,-11.90288157565535,top1
-5,2.8000000000000003,20,10,-2.173e-12,2.173e-12,-11.662940273679476,top1
-5,2.9,20,10,-2.9382e-12,2.9382e-12,-11.531918645598138,top1
-5,3.0,20,10,-3.4576e-12,3.4576e-12,-11.461225250460833,top1
-5,3.1,20,10,-3.8632e-12,3.8632e-12,-11.41305280760771,top1
-5,3.2,20,10,-3.9952e-12,3.9952e-12,-11.398461474992727,top1
-5,3.3000000000000003,20,10,-4.1436e-12,4.1436e-12,-11.38262217560292,top1
-5,3.4,20,10,4.8278e-12,4.8278e-12,-11.316250729605239,top1
-5,3.5,20,10,4.1742e-12,4.1742e-12,-11.379426746258707,top1
-5,3.6,20,10,-1.264e-12,1.264e-12,-11.898252926053633,top1
-5,3.7,20,10,1.172e-13,1.172e-13,-12.931072388317927,top1
-5,3.8,20,10,1.2796e-12,1.2796e-12,-11.892925768587931,top1
-5,3.9,20,10,2.3626e-12,2.3626e-12,-11.626609800372531,top1
-5,4.0,20,10,3.1272e-12,3.1272e-12,-11.50484434257581,top1
-5,4.1,20,10,3.7408e-12,3.7408e-12,-11.427035510518254,top1
-5,4.2,20,10,4.3062e-12,4.3062e-12,-11.36590580338404,top1
-5,4.3,20,10,4.557e-12,4.557e-12,-11.34132097141755,top1
-5,4.4,20,10,4.7662e-12,4.7662e-12,-11.321827737676939,top1
-5,4.5,20,10,-4.1768e-12,4.1768e-12,-11.37915631979734,top1
-5,4.6000000000000005,20,10,-3.4632e-12,3.4632e-12,-11.460522427194899,top1
-5,4.7,20,10,2.2996e-12,2.2996e-12,-11.638347700026063,top1
-5,4.8,20,10,1.0768e-12,1.0768e-12,-11.967864953120099,top1
-5,4.9,20,10,7.24e-14,7.24e-14,-13.140261433802854,top1
-5,5.0,20,10,-1.087e-12,1.087e-12,-11.963770455913705,top1
-4,0.0,20,10,-3.9228e-12,3.9228e-12,-11.406403833372007,top1
-4,0.1,20,10,4.6676e-12,4.6676e-12,-11.330906368829776,top1
-4,0.2,20,10,4.2078e-12,4.2078e-12,-11.375944910717573,top1
-4,0.3,20,10,-1.8538e-12,1.8538e-12,-11.731937122177316,top1
-4,0.4,20,10,-6.11e-13,6.11e-13,-12.213958789757445,top1
-4,0.5,20,10,5.96e-13,5.96e-13,-12.224753740259764,top1
-4,0.6,20,10,1.6818e-12,1.6818e-12,-11.77422565185607,top1
-4,0.7,20,10,2.5786e-12,2.5786e-12,-11.588616021672017,top1
-4,0.8,20,10,3.2206e-12,3.2206e-12,-11.492063211405155,top1
-4,0.9,20,10,3.756e-12,3.756e-12,-11.425274416405927,top1
-4,1.0,20,10,4.0688e-12,4.0688e-12,-11.390533657168366,top1
-4,1.1,20,10,4.151e-12,4.151e-12,-11.381847266621481,top1
-4,1.2,20,10,-4.6756e-12,4.6756e-12,-11.330162650038721,top1
-4,1.3,20,10,4.9216e-12,4.9216e-12,-11.307893686214681,top1
-4,1.4,20,10,2.0476e-12,2.0476e-12,-11.688754879121792,top1
-4,1.5,20,10,7.236e-13,7.236e-13,-12.140501441812225,top1
-4,1.6,20,10,-6.44e-13,6.44e-13,-12.191114132640188,top1
-4,1.7,20,10,-1.6366e-12,1.6366e-12,-11.786057453159922,top1
-4,1.8,20,10,-2.4832e-12,2.4832e-12,-11.604988300421905,top1
-4,1.9,20,10,-3.073e-12,3.073e-12,-11.512437439743621,top1
-4,2.0,20,10,-3.5678e-12,3.5678e-12,-11.447599498839317,top1
-4,2.1,20,10,-3.8896e-12,3.8896e-12,-11.41009505850074,top1
-4,2.2,20,10,-4.147e-12,4.147e-12,-11.382265964635982,top1
-4,2.3000000000000003,20,10,-4.3932e-12,4.3932e-12,-11.357219025070844,top1
-4,2.4,20,10,4.8698e-12,4.8698e-12,-11.312488874653944,top1
-4,2.5,20,10,3.7672e-12,3.7672e-12,-11.423981322565334,top1
-4,2.6,20,10,-9.446e-13,9.446e-13,-12.024752058759319,top1
-4,2.7,20,10,3.496e-13,3.496e-13,-12.456428576037634,top1
-4,2.8000000000000003,20,10,1.6338e-12,1.6338e-12,-11.786801108276391,top1
-4,2.9,20,10,2.6008e-12,2.6008e-12,-11.58489304351193,top1
-4,3.0,20,10,3.2694e-12,3.2694e-12,-11.485531941712248,top1
-4,3.1,20,10,3.8306e-12,3.8306e-12,-11.416733195670917,top1
-4,3.2,20,10,4.0966e-12,4.0966e-12,-11.387576439335497,top1
-4,3.3000000000000003,20,10,4.3044e-12,4.3044e-12,-11.366087377276408,top1
-4,3.4,20,10,-4.8014e-12,4.8014e-12,-11.318632111869528,top1
-4,3.5,20,10,-3.9774e-12,3.9774e-12,-11.400400730598825,top1
-4,3.6,20,10,1.1652e-12,1.1652e-12,-11.93359952404437,top1
-4,3.7,20,10,-8.04e-14,8.04e-14,-13.094743951251548,top1
-4,3.8,20,10,-1.2934e-12,1.2934e-12,-11.888267143388902,top1
-4,3.9,20,10,-2.277e-12,2.277e-12,-11.642636969384856,top1
-4,4.0,20,10,-2.8898e-12,2.8898e-12,-11.539132213264912,top1
-4,4.1,20,10,-3.4644e-12,3.4644e-12,-11.460371970071655,top1
-4,4.2,20,10,-3.877e-12,3.877e-12,-11.41150419899279,top1
-4,4.3,20,10,-4.1042e-12,4.1042e-12,-11.386771483963491,top1
-4,4.4,20,10,-4.3352e-12,4.3352e-12,-11.362990861995666,top1
-4,4.5,20,10,4.8508e-12,4.8508e-12,-11.314186631102027,top1
-4,4.6000000000000005,20,10,3.9306e-12,3.9306e-12,-11.405541150184417,top1
-4,4.7,20,10,-1.0632e-12,1.0632e-12,-11.973385032065325,top1
-4,4.8,20,10,1.016e-13,1.016e-13,-12.993106292052099,top1
-4,4.9,20,10,1.2342e-12,1.2342e-12,-11.908614457921633,top1
-4,5.0,20,10,2.1898e-12,2.1898e-12,-11.659595548567545,top1
-3,0.0,20,10,-4.928e-12,4.928e-12,-11.30732930084363,top1
-3,0.1,20,10,-1.394e-12,1.394e-12,-11.85573722623801,top1
-3,0.2,20,10,-2.312e-13,2.312e-13,-12.636012170251508,top1
-3,0.3,20,10,8.797999999999999e-13,8.797999999999999e-13,-12.055616042359157,top1
-3,0.4,20,10,1.9744e-12,1.9744e-12,-11.704564857646853,top1
-3,0.5,20,10,2.6956e-12,2.6956e-12,-11.569344552300334,top1
-3,0.6,20,10,3.3362e-12,3.3362e-12,-11.476747921975306,top1
-3,0.7,20,10,3.8278e-12,3.8278e-12,-11.417050761899766,top1
-3,0.8,20,10,4.0796e-12,4.0796e-12,-11.389382416887791,top1
-3,0.9,20,10,4.2592e-12,4.2592e-12,-11.37067196620542,top1
-3,1.0,20,10,-4.7086e-12,4.7086e-12,-11.327108201715124,top1
-3,1.1,20,10,-4.1912e-12,4.1912e-12,-11.377661614560111,top1
-3,1.2,20,10,1.6936e-12,1.6936e-12,-11.771189154988644,top1
-3,1.3,20,10,2.666e-13,2.666e-13,-12.57413985492216,top1
-3,1.4,20,10,-6.266e-13,6.266e-13,-12.203009609454314,top1
-3,1.5,20,10,-1.8444e-12,1.8444e-12,-11.73414488645263,top1
-3,1.6,20,10,-2.6454e-12,2.6454e-12,-11.577508650790033,top1
-3,1.7,20,10,-3.4176e-12,3.4176e-12,-11.466278768987557,top1
-3,1.8,20,10,-3.8886e-12,3.8886e-12,-11.410206728163205,top1
-3,1.9,20,10,-4.0852e-12,4.0852e-12,-11.38878667676433,top1
-3,2.0,20,10,-4.276e-12,4.276e-12,-11.36896230346326,top1
-3,2.1,20,10,4.768e-12,4.768e-12,-11.32166375326782,top1
-3,2.2,20,10,3.7578e-12,3.7578e-12,-11.425066337915048,top1
-3,2.3000000000000003,20,10,-1.0486e-12,1.0486e-12,-11.979390146622295,top1
-3,2.4,20,10,1.158e-13,1.158e-13,-12.936291440608583,top1
-3,2.5,20,10,1.2236e-12,1.2236e-12,-11.912360531687359,top1
-3,2.6,20,10,2.2506e-12,2.2506e-12,-11.647701685465634,top1
-3,2.7,20,10,2.8852e-12,2.8852e-12,-11.539824076481972,top1
-3,2.8000000000000003,20,10,3.4974e-12,3.4974e-12,-11.456254694296911,top1
-3,2.9,20,10,3.9058e-12,3.9058e-12,-11.408289998918155,top1
-3,3.0,20,10,4.1264e-12,4.1264e-12,-11.384428675206138,top1
-3,3.1,20,10,4.2864e-12,4.2864e-12,-11.367907303735866,top1
-3,3.2,20,10,-4.8172e-12,4.8172e-12,-11.317205322318895,top1
-3,3.3000000000000003,20,10,-4.0722e-12,4.0722e-12,-11.39017090042489,top1
-3,3.4,20,10,1.509e-12,1.509e-12,-11.82131076022441,top1
-3,3.5,20,10,2.462e-13,2.462e-13,-12.608711951404702,top1
-3,3.6,20,10,-9.1e-13,9.1e-13,-12.040958607678906,top1
-3,3.7,20,10,-1.84e-12,1.84e-12,-11.735182176990463,top1
-3,3.8,20,10,-2.6574e-12,2.6574e-12,-11.575543069331598,top1
-3,3.9,20,10,-3.2422e-12,3.2422e-12,-11.489160198550639,top1
-3,4.0,20,10,-3.717e-12,3.717e-12,-11.429807438904275,top1
-3,4.1,20,10,-4.0828e-12,4.0828e-12,-11.389041893901098,top1
-3,4.2,20,10,-4.1684e-12,4.1684e-12,-11.380030612775348,top1
-3,4.3,20,10,4.7234e-12,4.7234e-12,-11.325745274741545,top1
-3,4.4,20,10,4.3094e-12,4.3094e-12,-11.365583192676487,top1
-3,4.5,20,10,-1.6864e-12,1.6864e-12,-11.773039406467547,top1
-3,4.6000000000000005,20,10,-5.528e-13,5.528e-13,-12.257431965633858,top1
-3,4.7,20,10,7.502e-13,7.502e-13,-12.124822940185297,top1
-3,4.8,20,10,1.8524e-12,1.8524e-12,-11.732265227678145,top1
-3,4.9,20,10,2.6676e-12,2.6676e-12,-11.573879291253384,top1
-3,5.0,20,10,3.3366e-12,3.3366e-12,-11.476695854539456,top1
-2,0.0,20,10,-4.8428e-12,4.8428e-12,-11.314903466260073,top1
-2,0.1,20,10,2.637e-12,2.637e-12,-11.578889870206565,top1
-2,0.2,20,10,6.368e-13,6.368e-13,-12.195996945270387,top1
-2,0.3,20,10,1.7468e-12,1.7468e-12,-11.757756816750698,top1
-2,0.4,20,10,2.5574e-12,2.5574e-12,-11.592201339159214,top1
-2,0.5,20,10,3.2452e-12,3.2452e-12,-11.488758532694185,top1
-2,0.6,20,10,3.6948e-12,3.6948e-12,-11.432409065049177,top1
-2,0.7,20,10,4.0004e-12,4.0004e-12,-11.397896581395175,top1
-2,0.8,20,10,4.229e-12,4.229e-12,-11.3737623148531,top1
-2,0.9,20,10,-4.7616e-12,4.7616e-12,-11.322247090470235,top1
-2,1.0,20,10,-4.221e-12,4.221e-12,-11.374584647845593,top1
-2,1.1,20,10,1.6938e-12,1.6938e-12,-11.771137871469437,top1
-2,1.2,20,10,5.796e-13,5.796e-13,-12.236871623200862,top1
-2,1.3,20,10,-4.852e-13,4.852e-13,-12.314079207805465,top1
-2,1.4,20,10,-1.6542e-12,1.6542e-12,-11.781411983510583,top1
-2,1.5,20,10,-2.476e-12,2.476e-12,-11.606249359651919,top1
-2,1.6,20,10,-3.181e-12,3.181e-12,-11.497436330892636,top1
-2,1.7,20,10,-3.7864e-12,3.7864e-12,-11.421773508540062,top1
-2,1.8,20,10,-4.0684e-12,4.0684e-12,-11.390576354359759,top1
-2,1.9,20,10,-4.2012e-12,4.2012e-12,-11.376626643187343,top1
-2,2.0,20,10,4.729e-12,4.729e-12,-11.325230685984573,top1
-2,2.1,20,10,4.0288e-12,4.0288e-12,-11.394824291572231,top1
-2,2.2,20,10,-1.4254e-12,1.4254e-12,-11.846063245539066,top1
-2,2.3000000000000003,20,10,-4.9399999999999997e-14,4.9399999999999997e-14,-13.306273051076353,top1
-2,2.4,20,10,1.0276e-12,1.0276e-12,-11.988175904405692,top1
-2,2.5,20,10,2.051e-12,2.051e-12,-11.688034339631633,top1
-2,2.6,20,10,2.7482e-12,2.7482e-12,-11.560951664721756,top1
-2,2.7,20,10,3.2786e-12,3.2786e-12,-11.4843115654561,top1
-2,2.8000000000000003,20,10,3.7184e-12,3.7184e-12,-11.429643893625782,top1
-2,2.9,20,10,4.0294e-12,4.0294e-12,-11.394759617900785,top1
-2,3.0,20,10,4.2664e-12,4.2664e-12,-11.36993842932518,top1
-2,3.1,20,10,-4.7716e-12,4.7716e-12,-11.321335970088427,top1
-2,3.2,20,10,-4.2166e-12,4.2166e-12,-11.375037595578025,top1
-2,3.3000000000000003,20,10,1.5074e-12,1.5074e-12,-11.82177148906423,top1
-2,3.4,20,10,2.84e-13,2.84e-13,-12.546681659952963,top1
-2,3.5,20,10,-7.678e-13,7.678e-13,-12.114751892218614,top1
-2,3.6,20,10,-1.7644e-12,1.7644e-12,-11.75340295089363,top1
-2,3.7,20,10,-2.6556e-12,2.6556e-12,-11.575837340025117,top1
-2,3.8,20,10,-3.2702e-12,3.2702e-12,-11.485425685798353,top1
-2,3.9,20,10,-3.8712e-12,3.8712e-12,-11.412154390899433,top1
-2,4.0,20,10,-4.0936e-12,4.0936e-12,-11.38789459603594,top1
-2,4.1,20,10,-4.2264e-12,4.2264e-12,-11.374029402321117,top1
-2,4.2,20,10,4.7058e-12,4.7058e-12,-11.327366534606266,top1
-2,4.3,20,10,4.1312e-12,4.1312e-12,-11.383923779413674,top1
-2,4.4,20,10,-1.7942e-12,1.7942e-12,-11.746129147660318,top1
-2,4.5,20,10,-5.04e-13,5.04e-13,-12.297569463554474,top1
-2,4.6000000000000005,20,10,4.372e-13,4.372e-13,-12.359319846722334,top1
-2,4.7,20,10,1.5012e-12,1.5012e-12,-11.823561444258955,top1
-2,4.8,20,10,2.2988e-12,2.2988e-12,-11.63849881153834,top1
-2,4.9,20,10,2.9954e-12,2.9954e-12,-11.523545174545697,top1
-2,5.0,20,10,3.5036e-12,3.5036e-12,-11.45548548232956,top1
-1,0.0,20,10,-4.713e-12,4.713e-12,-11.326702560240363,top1
-1,0.1,20,10,1.8734e-12,1.8734e-12,-11.72736948410596,top1
-1,0.2,20,10,7.984e-13,7.984e-13,-12.097779471720685,top1
-1,0.3,20,10,-3.36e-13,3.36e-13,-12.473660722610155,top1
-1,0.4,20,10,-1.4442e-12,1.4442e-12,-11.840372659341327,top1
-1,0.5,20,10,-2.3722e-12,2.3722e-12,-11.624848698429721,top1
-1,0.6,20,10,-3.1242e-12,3.1242e-12,-11.505261171940663,top1
-1,0.7,20,10,-3.539e-12,3.539e-12,-11.451119437362484,top1
-1,0.8,20,10,-3.8398e-12,3.8398e-12,-11.415691395725805,top1
-1,0.9,20,10,-4.125e-12,4.125e-12,-11.384576047114056,top1
-1,1.0,20,10,-4.2756e-12,4.2756e-12,-11.36900293160136,top1
-1,1.1,20,10,4.7828e-12,4.7828e-12,-11.320317779427517,top1
-1,1.2,20,10,3.685e-12,3.685e-12,-11.433562507804929,top1
-1,1.3,20,10,-1.0288e-12,1.0288e-12,-11.987669044419853,top1
-1,1.4,20,10,3.012e-13,3.012e-13,-12.521145032471336,top1
-1,1.5,20,10,1.4176e-12,1.4176e-12,-11.848446295457025,top1
-1,1.6,20,10,2.4328e-12,2.4328e-12,-11.613893592863924,top1
-1,1.7,20,10,2.9528e-12,2.9528e-12,-11.529765967812398,top1
-1,1.8,20,10,3.6278e-12,3.6278e-12,-11.440356663533276,top1
-1,1.9,20,10,3.9528e-12,3.9528e-12,-11.40309515911864,top1
-1,2.0,20,10,4.1594e-12,4.1594e-12,-11.380969312518097,top1
-1,2.1,20,10,-4.6882e-12,4.6882e-12,-11.328993869463591,top1
-1,2.2,20,10,-4.2534e-12,4.2534e-12,-11.371263773264324,top1
-1,2.3000000000000003,20,10,1.99e-12,1.99e-12,-11.701146923590294,top1
-1,2.4,20,10,7.726e-13,7.726e-13,-12.112045296191198,top1
-1,2.5,20,10,-3.614e-13,3.614e-13,-12.442011851775087,top1
-1,2.6,20,10,-1.4616e-12,1.4616e-12,-11.835171465655518,top1
-1,2.7,20,10,-2.2452e-12,2.2452e-12,-11.648744966452366,top1
-1,2.8000000000000003,20,10,-2.9976e-12,2.9976e-12,-11.523226319914258,top1
-1,2.9,20,10,-3.5028e-12,3.5028e-12,-11.45558465896436,top1
-1,3.0,20,10,-3.8978e-12,3.8978e-12,-11.409180448729108,top1
-1,3.1,20,10,-4.1152e-12,4.1152e-12,-11.38560905309189,top1
-1,3.2,20,10,-4.3282e-12,4.3282e-12,-11.363692679304089,top1
-1,3.3000000000000003,20,10,4.8232e-12,4.8232e-12,-11.316664729142703,top1
-1,3.4,20,10,3.896e-12,3.896e-12,-11.409381051793423,top1
-1,3.5,20,10,-1.2272e-12,1.2272e-12,-11.911084653395093,top1
-1,3.6,20,10,-7e-15,7e-15,-14.154901959985743,top1
-1,3.7,20,10,9.41e-13,9.41e-13,-12.026410376572743,top1
-1,3.8,20,10,1.8372e-12,1.8372e-12,-11.735843563254114,top1
-1,3.9,20,10,2.6304e-12,2.6304e-12,-11.579978204140044,top1
-1,4.0,20,10,3.3112e-12,3.3112e-12,-11.480014586607297,top1
-1,4.1,20,10,3.7976e-12,3.7976e-12,-11.420490781289697,top1
-1,4.2,20,10,4.0806e-12,4.0806e-12,-11.389275974770177,top1
-1,4.3,20,10,4.2122e-12,4.2122e-12,-11.37549101620586,top1
-1,4.4,20,10,-4.7248e-12,4.7248e-12,-11.325616570378997,top1
-1,4.5,20,10,-4.1898e-12,4.1898e-12,-11.37780670757534,top1
-1,4.6000000000000005,20,10,1.467e-12,1.467e-12,-11.833569886156717,top1
-1,4.7,20,10,3.076e-13,3.076e-13,-12.512013668870607,top1
-1,4.8,20,10,-9.544e-13,9.544e-13,-12.020269569337714,top1
-1,4.9,20,10,-1.8594e-12,1.8594e-12,-11.730627173377073,top1
-1,5.0,20,10,-2.6058e-12,2.6058e-12,-11.584058920254128,top1
0,0.0,20,10,-1.8124e-12,1.8124e-12,-11.741745946492852,top1
0,0.1,20,10,6.2418e-09,6.2418e-09,-8.204690151128542,top1
0,0.2,20,10,8.1175e-09,8.1175e-09,-8.09057770270196,top1
0,0.3,20,10,8.5151e-09,8.5151e-09,-8.069810247385094,top1
0,0.4,20,10,8.6013e-09,8.6013e-09,-8.065435904551919,top1
0,0.5,20,10,8.5961e-09,8.5961e-09,-8.065698540924245,top1
0,0.6,20,10,8.5951e-09,8.5951e-09,-8.065749066132769,top1
0,0.7,20,10,8.546e-09,8.546e-09,-8.068237111518823,top1
0,0.8,20,10,8.5849e-09,8.5849e-09,-8.066264759291782,top1
0,0.9,20,10,8.5867e-09,8.5867e-09,-8.066173710109377,top1
0,1.0,20,10,8.6019e-09,8.6019e-09,-8.065405610572979,top1
0,1.1,20,10,8.5804e-09,8.5804e-09,-8.06649246579424,top1
0,1.2,20,10,8.5766e-09,8.5766e-09,-8.066684844305428,top1
0,1.3,20,10,8.5365e-09,8.5365e-09,-8.068720155335994,top1
0,1.4,20,10,8.5454e-09,8.5454e-09,-8.06826760365981,top1
0,1.5,20,10,8.5351e-09,8.5351e-09,-8.068791386184424,top1
0,1.6,20,10,8.5637e-09,8.5637e-09,-8.067338555135965,top1
0,1.7,20,10,8.5441e-09,8.5441e-09,-8.068333677310598,top1
0,1.8,20,10,8.5331e-09,8.5331e-09,-8.068893164809912,top1
0,1.9,20,10,8.5334e-09,8.5334e-09,-8.068877896495426,top1
0,2.0,20,10,8.5239e-09,8.5239e-09,-8.069361653948794,top1
0,2.1,20,10,8.5334e-09,8.5334e-09,-8.068877896495426,top1
0,2.2,20,10,8.5468e-09,8.5468e-09,-8.068196458660802,top1
0,2.3000000000000003,20,10,8.5553e-09,8.5553e-09,-8.067764756893167,top1
0,2.4,20,10,8.5387e-09,8.5387e-09,-8.068608244744555,top1
0,2.5,20,10,8.5377e-09,8.5377e-09,-8.068659109620336,top1
0,2.6,20,10,8.4934e-09,8.4934e-09,-8.070918422164846,top1
0,2.7,20,10,8.5135e-09,8.5135e-09,-8.069891859634263,top1
0,2.8000000000000003,20,10,8.5509e-09,8.5509e-09,-8.0679881724691,top1
0,2.9,20,10,8.564e-09,8.564e-09,-8.0673233413776,top1
0,3.0,20,10,8.5233e-09,8.5233e-09,-8.069392225149842,top1
0,3.1,20,10,8.4996e-09,8.4996e-09,-8.070601512153985,top1
0,3.2,20,10,8.4839e-09,8.4839e-09,-8.071404459168223,top1
0,3.3000000000000003,20,10,8.5027e-09,8.5027e-09,-8.07044314382631,top1
0,3.4,20,10,8.5083e-09,8.5083e-09,-8.070157205411578,top1
0,3.5,20,10,8.5088e-09,8.5088e-09,-8.070131684348526,top1
0,3.6,20,10,8.4796e-09,8.4796e-09,-8.07162463381522,top1
0,3.7,20,10,8.5023e-09,8.5023e-09,-8.070463575204469,top1
0,3.8,20,10,8.4672e-09,8.4672e-09,-8.072260181828613,top1
0,3.9,20,10,8.4715e-09,8.4715e-09,-8.072039684823258,top1
0,4.0,20,10,8.4912e-09,8.4912e-09,-8.07103092971469,top1
0,4.1,20,10,8.519e-09,8.519e-09,-8.069611381755678,top1
0,4.2,20,10,8.494e-09,8.494e-09,-8.07088774334534,top1
0,4.3,20,10,8.4845e-09,8.4845e-09,-8.071373745996768,top1
0,4.4,20,10,8.4735e-09,8.4735e-09,-8.071937166207992,top1
0,4.5,20,10,8.4982e-09,8.4982e-09,-8.070673052268123,top1
0,4.6000000000000005,20,10,8.506e-09,8.506e-09,-8.070274621621996,top1
0,4.7,20,10,8.5198e-09,8.5198e-09,-8.069570600059105,top1
0,4.8,20,10,8.5202e-09,8.5202e-09,-8.069550210646806,top1
0,4.9,20,10,8.4792e-09,8.4792e-09,-8.071645120853548,top1
0,5.0,20,10,8.4708e-09,8.4708e-09,-8.072075572056692,top1
1,0.0,20,10,3.63372e-11,3.63372e-11,-10.439648540742875,top1
1,0.1,20,10,1.1774e-07,1.1774e-07,-6.92907596852385,top1
1,0.2,20,10,2.1926e-07,2.1926e-07,-6.659040590227458,top1
1,0.3,20,10,3.0514e-07,3.0514e-07,-6.515500858104509,top1
1,0.4,20,10,3.777e-07,3.777e-07,-6.422853015172475,top1
1,0.5,20,10,4.3788e-07,4.3788e-07,-6.358644890587727,top1
1,0.6,20,10,4.874e-07,4.874e-07,-6.3121144751512945,top1
1,0.7,20,10,5.2714e-07,5.2714e-07,-6.278074027761207,top1
1,0.8,20,10,5.5894e-07,5.5894e-07,-6.252634809407777,top1
1,0.9,20,10,5.8258e-07,5.8258e-07,-6.234644428803322,top1
1,1.0,20,10,6.0138e-07,6.0138e-07,-6.220851019258562,top1
1,1.1,20,10,6.1336e-07,6.1336e-07,-6.212284549751822,top1
1,1.2,20,10,6.209e-07,6.209e-07,-6.206978340154016,top1
1,1.3,20,10,6.2566e-07,6.2566e-07,-6.203661609661403,top1
1,1.4,20,10,6.2846e-07,6.2846e-07,-6.201722358920109,top1
1,1.5,20,10,6.3112e-07,6.3112e-07,-6.199888056947693,top1
1,1.6,20,10,6.3246e-07,6.3246e-07,-6.198966936284325,top1
1,1.7,20,10,6.343e-07,6.343e-07,-6.1977052886025366,top1
1,1.8,20,10,6.3458e-07,6.3458e-07,-6.197513619639503,top1
1,1.9,20,10,6.357e-07,6.357e-07,-6.196747788569543,top1
1,2.0,20,10,6.3722e-07,6.3722e-07,-6.195710601745157,top1
1,2.1,20,10,6.379e-07,6.379e-07,-6.195247397849539,top1
1,2.2,20,10,6.389e-07,6.389e-07,-6.19456711186786,top1
1,2.3000000000000003,20,10,6.39e-07,6.39e-07,-6.1944991418416,top1
1,2.4,20,10,6.3912e-07,6.3912e-07,-6.194417591849453,top1
1,2.5,20,10,6.402e-07,6.402e-07,-6.1936843301918865,top1
1,2.6,20,10,6.4188e-07,6.4188e-07,-6.192546156057358,top1
1,2.7,20,10,6.416e-07,6.416e-07,-6.192735644723893,top1
1,2.8000000000000003,20,10,6.417e-07,6.417e-07,-6.1926679607088095,top1
1,2.9,20,10,6.4232e-07,6.4232e-07,-6.192248555092532,top1
1,3.0,20,10,6.4228e-07,6.4228e-07,-6.19227560130035,top1
1,3.1,20,10,6.4264e-07,6.4264e-07,-6.1920322460446515,top1
1,3.2,20,10,6.431e-07,6.431e-07,-6.191721490417232,top1
1,3.3000000000000003,20,10,6.4398e-07,6.4398e-07,-6.1911276202558945,top1
1,3.4,20,10,6.4468e-07,6.4468e-07,-6.1906558027598395,top1
1,3.5,20,10,6.446e-07,6.446e-07,-6.190709698823684,top1
1,3.6,20,10,6.4474e-07,6.4474e-07,-6.190615385100841,top1
1,3.7,20,10,6.4512e-07,6.4512e-07,-6.190359493906606,top1
1,3.8,20,10,6.4518e-07,6.4518e-07,-6.190319103812934,top1
1,3.9,20,10,6.4484e-07,6.4484e-07,-6.19054803069355,top1
1,4.0,20,10,6.448e-07,6.448e-07,-6.190574971202966,top1
1,4.1,20,10,6.4554e-07,6.4554e-07,-6.190076842102354,top1
1,4.2,20,10,6.4556e-07,6.4556e-07,-6.190063387080065,top1
1,4.3,20,10,6.4598e-07,6.4598e-07,-6.189780927862651,top1
1,4.4,20,10,6.4646e-07,6.4646e-07,-6.1894583421164695,top1
1,4.5,20,10,6.4774e-07,6.4774e-07,-6.188599283055905,top1
1,4.6000000000000005,20,10,6.479e-07,6.479e-07,-6.188492020054674,top1
1,4.7,20,10,6.475e-07,6.475e-07,-6.188760227246711,top1
1,4.8,20,10,6.4752e-07,6.4752e-07,-6.188746812952509,top1
1,4.9,20,10,6.471e-07,6.471e-07,-6.189028600177792,top1
1,5.0,20,10,6.4764e-07,6.4764e-07,-6.188666335887161,top1
2,0.0,20,10,1.2219000000000002e-10,1.2219000000000002e-10,-9.91296433519434,top1
2,0.1,20,10,3.0368e-07,3.0368e-07,-6.517583809252802,top1
2,0.2,20,10,5.8806e-07,5.8806e-07,-6.230578360421257,top1
2,0.3,20,10,8.5288e-07,8.5288e-07,-6.069112069657757,top1
2,0.4,20,10,1.09942e-06,1.09942e-06,-5.9588363668694395,top1
2,0.5,20,10,1.3272000000000002e-06,1.3272000000000002e-06,-5.877063626983696,top1
2,0.6,20,10,1.5381e-06,1.5381e-06,-5.813015427839939,top1
2,0.7,20,10,1.7332000000000002e-06,1.7332000000000002e-06,-5.761151319637663,top1
2,0.8,20,10,1.912e-06,1.912e-06,-5.718512112059918,top1
2,0.9,20,10,2.0765000000000004e-06,2.0765000000000004e-06,-5.682668064554103,top1
2,1.0,20,10,2.2273000000000003e-06,2.2273000000000003e-06,-5.652221282934636,top1
2,1.1,20,10,2.3644e-06,2.3644e-06,-5.62627904932315,top1
2,1.2,20,10,2.4887000000000004e-06,2.4887000000000004e-06,-5.604027452205007,top1
2,1.3,20,10,2.6008e-06,2.6008e-06,-5.584893043511929,top1
2,1.4,20,10,2.7016e-06,2.7016e-06,-5.568378952372645,top1
2,1.5,20,10,2.7901e-06,2.7901e-06,-5.554380230894896,top1
2,1.6,20,10,2.8682000000000003e-06,2.8682000000000003e-06,-5.542390568531445,top1
2,1.7,20,10,2.9355e-06,2.9355e-06,-5.532317915286318,top1
2,1.8,20,10,2.9908e-06,2.9908e-06,-5.524212628025358,top1
2,1.9,20,10,3.0371e-06,3.0371e-06,-5.517540908202512,top1
2,2.0,20,10,3.0735000000000003e-06,3.0735000000000003e-06,-5.512366782543124,top1
2,2.1,20,10,3.1015000000000003e-06,3.1015000000000003e-06,-5.508428214499014,top1
2,2.2,20,10,3.1230000000000004e-06,3.1230000000000004e-06,-5.505428015769802,top1
2,2.3000000000000003,20,10,3.1387e-06,3.1387e-06,-5.503250192605442,top1
2,2.4,20,10,3.1518000000000005e-06,3.1518000000000005e-06,-5.501441348813247,top1
2,2.5,20,10,3.1624000000000004e-06,3.1624000000000004e-06,-5.499983198665086,top1
2,2.6,20,10,3.1715000000000005e-06,3.1715000000000005e-06,-5.498735284266518,top1
2,2.7,20,10,3.1800000000000005e-06,3.1800000000000005e-06,-5.497572880015567,top1
2,2.8000000000000003,20,10,3.1866e-06,3.1866e-06,-5.496672448197219,top1
2,2.9,20,10,3.1929000000000004e-06,3.1929000000000004e-06,-5.495814683129292,top1
2,3.0,20,10,3.1982e-06,3.1982e-06,-5.495094381058685,top1
2,3.1,20,10,3.2047000000000004e-06,3.2047000000000004e-06,-5.494212619637422,top1
2,3.2,20,10,3.2094e-06,3.2094e-06,-5.4935761517213395,top1
2,3.3000000000000003,20,10,3.2134000000000004e-06,3.2134000000000004e-06,-5.493035210651337,top1
2,3.4,20,10,3.2182000000000004e-06,3.2182000000000004e-06,-5.492386969498227,top1
2,3.5,20,10,3.2224000000000003e-06,3.2224000000000003e-06,-5.491820551126476,top1
2,3.6,20,10,3.2262e-06,3.2262e-06,-5.4913087131392375,top1
2,3.7,20,10,3.2306000000000005e-06,3.2306000000000005e-06,-5.490716811263334,top1
2,3.8,20,10,3.2339000000000005e-06,3.2339000000000005e-06,-5.490273413656475,top1
2,3.9,20,10,3.2371000000000003e-06,3.2371000000000003e-06,-5.489843884231231,top1
2,4.0,20,10,3.2409e-06,3.2409e-06,-5.48933436918939,top1
2,4.1,20,10,3.2438e-06,3.2438e-06,-5.488945930531786,top1
2,4.2,20,10,3.2475e-06,3.2475e-06,-5.488450840254934,top1
2,4.3,20,10,3.2499000000000004e-06,3.2499000000000004e-06,-5.488130002133849,top1
2,4.4,20,10,3.2532000000000005e-06,3.2532000000000005e-06,-5.48768923637189,top1
2,4.5,20,10,3.2557000000000004e-06,3.2557000000000004e-06,-5.487355620474227,top1
2,4.6000000000000005,20,10,3.2588000000000005e-06,3.2588000000000005e-06,-5.486942292361395,top1
2,4.7,20,10,3.2618000000000003e-06,3.2618000000000003e-06,-5.486542671609428,top1
2,4.8,20,10,3.2640000000000004e-06,3.2640000000000004e-06,-5.486249849918177,top1
2,4.9,20,10,3.2667000000000004e-06,3.2667000000000004e-06,-5.485890747473431,top1
2,5.0,20,10,3.2695e-06,3.2695e-06,-5.485518658301217,top1
3,0.0,20,10,1.3436e-10,1.3436e-10,-9.871730004830374,top1
3,0.1,20,10,5.2158e-07,5.2158e-07,-6.282679069991179,top1
3,0.2,20,10,1.02078e-06,1.02078e-06,-5.9910678476106956,top1
3,0.3,20,10,1.4962000000000002e-06,1.4962000000000002e-06,-5.825010349592666,top1
3,0.4,20,10,1.9498000000000004e-06,1.9498000000000004e-06,-5.710009933945681,top1
3,0.5,20,10,2.3823e-06,2.3823e-06,-5.623003549259327,top1
3,0.6,20,10,2.7922e-06,2.7922e-06,-5.554053477243168,top1
3,0.7,20,10,3.1821000000000004e-06,3.1821000000000004e-06,-5.497286176428664,top1
3,0.8,20,10,3.550300000000001e-06,3.550300000000001e-06,-5.44973494755343,top1
3,0.9,20,10,3.8999000000000006e-06,3.8999000000000006e-06,-5.408946528872216,top1
3,1.0,20,10,4.2289e-06,4.2289e-06,-5.373772584411309,top1
3,1.1,20,10,4.5394e-06,4.5394e-06,-5.343001546682408,top1
3,1.2,20,10,4.831800000000001e-06,4.831800000000001e-06,-5.31589105052393,top1
3,1.3,20,10,5.1054e-06,5.1054e-06,-5.291970225959573,top1
3,1.4,20,10,5.3638e-06,5.3638e-06,-5.270527424056031,top1
3,1.5,20,10,5.6046000000000005e-06,5.6046000000000005e-06,-5.2514553775367565,top1
3,1.6,20,10,5.829600000000001e-06,5.829600000000001e-06,-5.234361243483264,top1
3,1.7,20,10,6.039400000000001e-06,6.039400000000001e-06,-5.2190062053577675,top1
3,1.8,20,10,6.233600000000001e-06,6.233600000000001e-06,-5.205261069137498,top1
3,1.9,20,10,6.414800000000001e-06,6.414800000000001e-06,-5.192816879468383,top1
3,2.0,20,10,6.581200000000001e-06,6.581200000000001e-06,-5.181694910966216,top1
3,2.1,20,10,6.7349000000000005e-06,6.7349000000000005e-06,-5.171668848310796,top1
3,2.2,20,10,6.876000000000001e-06,6.876000000000001e-06,-5.162664131984985,top1
3,2.3000000000000003,20,10,7.0033e-06,7.0033e-06,-5.154697269403265,top1
3,2.4,20,10,7.1185000000000005e-06,7.1185000000000005e-06,-5.1476115106262705,top1
3,2.5,20,10,7.2212e-06,7.2212e-06,-5.1413906265198435,top1
3,2.6,20,10,7.312300000000002e-06,7.312300000000002e-06,-5.135945999211878,top1
3,2.7,20,10,7.3916e-06,7.3916e-06,-5.1312615432074695,top1
3,2.8000000000000003,20,10,7.4592e-06,7.4592e-06,-5.1273077481595175,top1
3,2.9,20,10,7.5168e-06,7.5168e-06,-5.123967004902489,top1
3,3.0,20,10,7.5647e-06,7.5647e-06,-5.1212082904997525,top1
3,3.1,20,10,7.6044e-06,7.6044e-06,-5.1189350468271355,top1
3,3.2,20,10,7.637000000000002e-06,7.637000000000002e-06,-5.117077209397401,top1
3,3.3000000000000003,20,10,7.665300000000001e-06,7.665300000000001e-06,-5.115470843315156,top1
3,3.4,20,10,7.686900000000001e-06,7.686900000000001e-06,-5.114248768694058,top1
3,3.5,20,10,7.707200000000001e-06,7.707200000000001e-06,-5.113103371029641,top1
3,3.6,20,10,7.7254e-06,7.7254e-06,-5.112079024745151,top1
3,3.7,20,10,7.7408e-06,7.7408e-06,-5.1112141533182145,top1
3,3.8,20,10,7.755100000000001e-06,7.755100000000001e-06,-5.11041259769974,top1
3,3.9,20,10,7.768100000000001e-06,7.768100000000001e-06,-5.109685192321389,top1
3,4.0,20,10,7.7808e-06,7.7808e-06,-5.108975747775898,top1
3,4.1,20,10,7.792000000000001e-06,7.792000000000001e-06,-5.1083510561294405,top1
3,4.2,20,10,7.802200000000001e-06,7.802200000000001e-06,-5.107782921265562,top1
3,4.3,20,10,7.813000000000001e-06,7.813000000000001e-06,-5.107182175690424,top1
3,4.4,20,10,7.8226e-06,7.8226e-06,-5.106648876354272,top1
3,4.5,20,10,7.8312e-06,7.8312e-06,-5.106171684500519,top1
3,4.6000000000000005,20,10,7.8398e-06,7.8398e-06,-5.105695016397742,top1
3,4.7,20,10,7.849300000000001e-06,7.849300000000001e-06,-5.105169071878002,top1
3,4.8,20,10,7.8574e-06,7.8574e-06,-5.104721137478635,top1
3,4.9,20,10,7.864700000000001e-06,7.864700000000001e-06,-5.104317838943997,top1
3,5.0,20,10,7.873e-06,7.873e-06,-5.10385974855798,top1
4,0.0,20,10,2.0415e-10,2.0415e-10,-9.690050615740985,top1
4,0.1,20,10,7.7136e-07,7.7136e-07,-6.112742885861068,top1
4,0.2,20,10,1.5172e-06,1.5172e-06,-5.818957165969247,top1
4,0.3,20,10,2.2358000000000003e-06,2.2358000000000003e-06,-5.650567048183279,top1
4,0.4,20,10,2.9299e-06,2.9299e-06,-5.533147202236104,top1
4,0.5,20,10,3.5995000000000004e-06,3.5995000000000004e-06,-5.44375782209994,top1
4,0.6,20,10,4.2432e-06,4.2432e-06,-5.37230649761134,top1
4,0.7,20,10,4.863000000000001e-06,4.863000000000001e-06,-5.313095730431822,top1
4,0.8,20,10,5.4585e-06,5.4585e-06,-5.262926685358083,top1
4,0.9,20,10,6.031e-06,6.031e-06,-5.219610671529047,top1
4,1.0,20,10,6.579800000000001e-06,6.579800000000001e-06,-5.181787307026842,top1
4,1.1,20,10,7.106400000000001e-06,7.106400000000001e-06,-5.148350350899094,top1
4,1.2,20,10,7.61e-06,7.61e-06,-5.118615343229427,top1
4,1.3,20,10,8.0908e-06,8.0908e-06,-5.092008534208725,top1
4,1.4,20,10,8.5526e-06,8.5526e-06,-5.067901839189752,top1
4,1.5,20,10,8.9915e-06,8.9915e-06,-5.0461678513833785,top1
4,1.6,20,10,9.4109e-06,9.4109e-06,-5.026368841360929,top1
4,1.7,20,10,9.8101e-06,9.8101e-06,-5.008326565583676,top1
4,1.8,20,10,1.01887e-05,1.01887e-05,-4.991881225104777,top1
4,1.9,20,10,1.05491e-05,1.05491e-05,-4.976784590765021,top1
4,2.0,20,10,1.0891300000000002e-05,1.0891300000000002e-05,-4.962920279185414,top1
4,2.1,20,10,1.1214100000000002e-05,1.1214100000000002e-05,-4.950235575466475,top1
4,2.2,20,10,1.1518e-05,1.1518e-05,-4.938622925806112,top1
4,2.3000000000000003,20,10,1.1808e-05,1.1808e-05,-4.927823655521034,top1
4,2.4,20,10,1.208e-05,1.208e-05,-4.917933065714887,top1
4,2.5,20,10,1.2336e-05,1.2336e-05,-4.908825639293118,top1
4,2.6,20,10,1.258e-05,1.258e-05,-4.90031935889075,top1
4,2.7,20,10,1.2804e-05,1.2804e-05,-4.892654334527905,top1
4,2.8000000000000003,20,10,1.3012e-05,1.3012e-05,-4.885655945390184,top1
4,2.9,20,10,1.321e-05,1.321e-05,-4.879097182385473,top1
4,3.0,20,10,1.3394e-05,1.3394e-05,-4.873089705399839,top1
4,3.1,20,10,1.356e-05,1.356e-05,-4.867740310468956,top1
4,3.2,20,10,1.3716e-05,1.3716e-05,-4.862772523557093,top1
4,3.3000000000000003,20,10,1.3854e-05,1.3854e-05,-4.85842481669918,top1
4,3.4,20,10,1.3984e-05,1.3984e-05,-4.854368584709672,top1
4,3.5,20,10,1.4098e-05,1.4098e-05,-4.850842493768144,top1
4,3.6,20,10,1.4204e-05,1.4204e-05,-4.847589336370422,top1
4,3.7,20,10,1.4296e-05,1.4296e-05,-4.844785460502412,top1
4,3.8,20,10,1.4372e-05,1.4372e-05,-4.842482791467388,top1
4,3.9,20,10,1.4444e-05,1.4444e-05,-4.840312520245211,top1
4,4.0,20,10,1.4506e-05,1.4506e-05,-4.838452326874273,top1
4,4.1,20,10,1.4558e-05,1.4558e-05,-4.836898284956025,top1
4,4.2,20,10,1.4606e-05,1.4606e-05,-4.835468703694569,top1
4,4.3,20,10,1.4644e-05,1.4644e-05,-4.834340279790506,top1
4,4.4,20,10,1.4682e-05,1.4682e-05,-4.8332147802645675,top1
4,4.5,20,10,1.471e-05,1.471e-05,-4.83238732727247,top1
4,4.6000000000000005,20,10,1.474e-05,1.474e-05,-4.831502516476967,top1
4,4.7,20,10,1.4768e-05,1.4768e-05,-4.8306783163181635,top1
4,4.8,20,10,1.479e-05,1.479e-05,-4.830031826003108,top1
4,4.9,20,10,1.4816e-05,1.4816e-05,-4.829269030662141,top1
4,5.0,20,10,1.4834e-05,1.4834e-05,-4.828741725324225,top1
5,0.0,20,10,2.5718000000000004e-10,2.5718000000000004e-10,-9.589762808015953,top1
5,0.1,20,10,1.04954e-06,1.04954e-06,-5.979001004963204,top1
5,0.2,20,10,2.0719e-06,2.0719e-06,-5.6836312095910095,top1
5,0.3,20,10,3.0631000000000004e-06,3.0631000000000004e-06,-5.513838824695461,top1
5,0.4,20,10,4.0273e-06,4.0273e-06,-5.394986017898961,top1
5,0.5,20,10,4.963900000000001e-06,4.963900000000001e-06,-5.304176976143018,top1
5,0.6,20,10,5.871700000000001e-06,5.871700000000001e-06,-5.231236141728378,top1
5,0.7,20,10,6.7538000000000005e-06,6.7538000000000005e-06,-5.170451804254715,top1
5,0.8,20,10,7.6068e-06,7.6068e-06,-5.1187980021804,top1
5,0.9,20,10,8.435800000000001e-06,8.435800000000001e-06,-5.073873725272762,top1
5,1.0,20,10,9.2368e-06,9.2368e-06,-5.034478459845444,top1
5,1.1,20,10,1.0012700000000002e-05,1.0012700000000002e-05,-4.999448795948516,top1
5,1.2,20,10,1.0762100000000002e-05,1.0762100000000002e-05,-4.968102976864286,top1
5,1.3,20,10,1.14863e-05,1.14863e-05,-4.939819844972568,top1
5,1.4,20,10,1.2186e-05,1.2186e-05,-4.914138826211549,top1
5,1.5,20,10,1.2862e-05,1.2862e-05,-4.890691494753251,top1
5,1.6,20,10,1.3512e-05,1.3512e-05,-4.869280363437047,top1
5,1.7,20,10,1.4146e-05,1.4146e-05,-4.849366346253571,top1
5,1.8,20,10,1.4748e-05,1.4748e-05,-4.831266871065921,top1
5,1.9,20,10,1.533e-05,1.533e-05,-4.814457845145625,top1
5,2.0,20,10,1.5890000000000002e-05,1.5890000000000002e-05,-4.798876102792621,top1
5,2.1,20,10,1.6428e-05,1.6428e-05,-4.784415305818385,top1
5,2.2,20,10,1.6946e-05,1.6946e-05,-4.770932797929135,top1
5,2.3000000000000003,20,10,1.7442e-05,1.7442e-05,-4.758403717845929,top1
5,2.4,20,10,1.7916e-05,1.7916e-05,-4.74675894622735,top1
5,2.5,20,10,1.837e-05,1.837e-05,-4.735890843694191,top1
5,2.6,20,10,1.8802e-05,1.8802e-05,-4.725795951653047,top1
5,2.7,20,10,1.9216e-05,1.9216e-05,-4.716337009941169,top1
5,2.8000000000000003,20,10,1.9616e-05,1.9616e-05,-4.707389547161679,top1
5,2.9,20,10,1.9994e-05,1.9994e-05,-4.699100312227751,top1
5,3.0,20,10,2.0352e-05,2.0352e-05,-4.69139290603168,top1
5,3.1,20,10,2.0696e-05,2.0696e-05,-4.684113584291513,top1
5,3.2,20,10,2.102e-05,2.102e-05,-4.677367288307777,top1
5,3.3000000000000003,20,10,2.133e-05,2.133e-05,-4.671009144550571,top1
5,3.4,20,10,2.162e-05,2.162e-05,-4.665144310382709,top1
5,3.5,20,10,2.1896e-05,2.1896e-05,-4.659635215597933,top1
5,3.6,20,10,2.2156e-05,2.2156e-05,-4.654508643525354,top1
5,3.7,20,10,2.2398e-05,2.2398e-05,-4.649790759690052,top1
5,3.8,20,10,2.2626e-05,2.2626e-05,-4.645392217210736,top1
5,3.9,20,10,2.284e-05,2.284e-05,-4.641303900426189,top1
5,4.0,20,10,2.304e-05,2.304e-05,-4.637517525248826,top1
5,4.1,20,10,2.3224e-05,2.3224e-05,-4.634062977176383,top1
5,4.2,20,10,2.3396e-05,2.3396e-05,-4.630858387308716,top1
5,4.3,20,10,2.3554e-05,2.3554e-05,-4.6279353292818675,top1
5,4.4,20,10,2.3698e-05,2.3698e-05,-4.625288304859735,top1
5,4.5,20,10,2.3832e-05,2.3832e-05,-4.622839509793013,top1
5,4.6000000000000005,20,10,2.3948e-05,2.3948e-05,-4.620730750526353,top1
5,4.7,20,10,2.4054e-05,2.4054e-05,-4.618812693365835,top1
5,4.8,20,10,2.4152e-05,2.4152e-05,-4.617046899984959,top1
5,4.9,20,10,2.4242e-05,2.4242e-05,-4.615431553105879,top1
5,5.0,20,10,2.4316e-05,2.4316e-05,-4.614107865287597,top1
-5,0.0,20,15,1.573e-12,1.573e-12,-11.803271277376712,bot1
-5,0.1,20,15,5.0046e-12,5.0046e-12,-11.300630628421406,bot1
-5,0.2,20,15,3.1922e-12,3.1922e-12,-11.495909906740058,bot1
-5,0.3,20,15,-2.526e-13,2.526e-13,-12.597566653780689,bot1
-5,0.4,20,15,8.75e-13,8.75e-13,-12.057991946977687,bot1
-5,0.5,20,15,1.4624e-12,1.4624e-12,-11.834933821610244,bot1
-5,0.6,20,15,2.2264e-12,2.2264e-12,-11.652396806674014,bot1
-5,0.7,20,15,3.0306e-12,3.0306e-12,-11.518471381104007,bot1
-5,0.8,20,15,3.616e-12,3.616e-12,-11.441771578196674,bot1
-5,0.9,20,15,3.9968e-12,3.9968e-12,-11.398287583305958,bot1
-5,1.0,20,15,4.169e-12,4.169e-12,-11.379968104873702,bot1
-5,1.1,20,15,4.2006e-12,4.2006e-12,-11.376688671964411,bot1
-5,1.2,20,15,-4.6632e-12,4.6632e-12,-11.331315957688611,bot1
-5,1.3,20,15,4.9642e-12,4.9642e-12,-11.30415072976262,bot1
-5,1.4,20,15,2.765e-12,2.765e-12,-11.558304864359283,bot1
-5,1.5,20,15,1.488e-13,1.488e-13,-12.82739706879014,bot1
-5,1.6,20,15,1.139e-12,1.139e-12,-11.943476275920899,bot1
-5,1.7,20,15,1.9822e-12,1.9822e-12,-11.702852528198731,bot1
-5,1.8,20,15,2.8506e-12,2.8506e-12,-11.54506371919715,bot1
-5,1.9,20,15,3.3922e-12,3.3922e-12,-11.469518550184256,bot1
-5,2.0,20,15,3.8304e-12,3.8304e-12,-11.416755871273683,bot1
-5,2.1,20,15,3.9734e-12,3.9734e-12,-11.40083771255641,bot1
-5,2.2,20,15,4.1284e-12,4.1284e-12,-11.384218230620975,bot1
-5,2.3000000000000003,20,15,4.332e-12,4.332e-12,-11.363311552046717,bot1
-5,2.4,20,15,-4.8448e-12,4.8448e-12,-11.31472414651604,bot1
-5,2.5,20,15,-4.1112e-12,4.1112e-12,-11.386031395322883,bot1
-5,2.6,20,15,1.3342e-12,1.3342e-12,-11.874779063683436,bot1
-5,2.7,20,15,4.204e-13,4.204e-13,-12.376337292643795,bot1
-5,2.8000000000000003,20,15,-5.886e-13,5.886e-13,-12.230179742236407,bot1
-5,2.9,20,15,-1.4088e-12,1.4088e-12,-11.85115065704078,bot1
-5,3.0,20,15,-2.2086e-12,2.2086e-12,-11.655882932169689,bot1
-5,3.1,20,15,-2.9562e-12,2.9562e-12,-11.529266187341447,bot1
-5,3.2,20,15,-3.5374e-12,3.5374e-12,-11.451315828516995,bot1
-5,3.3000000000000003,20,15,-3.856e-12,3.856e-12,-11.413862974769208,bot1
-5,3.4,20,15,-4.1046e-12,4.1046e-12,-11.386729159191807,bot1
-5,3.5,20,15,-4.171e-12,4.171e-12,-11.37975981015417,bot1
-5,3.6,20,15,-4.317e-12,4.317e-12,-11.364817951343733,bot1
-5,3.7,20,15,4.8964e-12,4.8964e-12,-11.310123110736509,bot1
-5,3.8,20,15,4.1414e-12,4.1414e-12,-11.382852820837114,bot1
-5,3.9,20,15,-1.5436e-12,1.5436e-12,-11.81146523010064,bot1
-5,4.0,20,15,-3.162e-13,3.162e-13,-12.500038134403809,bot1
-5,4.1,20,15,9.682e-13,9.682e-13,-12.01403492169513,bot1
-5,4.2,20,15,1.767e-12,1.767e-12,-11.752763450493235,bot1
-5,4.3,20,15,2.4312e-12,2.4312e-12,-11.614179312928114,bot1
-5,4.4,20,15,3.1452e-12,3.1452e-12,-11.502351733005774,bot1
-5,4.5,20,15,3.7124e-12,3.7124e-12,-11.430345236000148,bot1
-5,4.6000000000000005,20,15,4.0432e-12,4.0432e-12,-11.39327477542416,bot1
-5,4.7,20,15,4.3056e-12,4.3056e-12,-11.365966319580322,bot1
-5,4.8,20,15,4.5416e-12,4.5416e-12,-11.342791118782644,bot1
-5,4.9,20,15,-4.647e-12,4.647e-12,-11.332827327521132,bot1
-5,5.0,20,15,-3.8718e-12,3.8718e-12,-11.412087084509231,bot1
-4,0.0,20,15,4.1314e-12,4.1314e-12,-11.383902754821802,bot1
-4,0.1,20,15,-4.8564e-12,4.8564e-12,-11.313685549560809,bot1
-4,0.2,20,15,-4.1764e-12,4.1764e-12,-11.379197912909655,bot1
-4,0.3,20,15,1.466e-12,1.466e-12,-11.83386602969489,bot1
-4,0.4,20,15,2.554e-13,2.554e-13,-12.592779107072603,bot1
-4,0.5,20,15,-9.52e-13,9.52e-13,-12.021363051615525,bot1
-4,0.6,20,15,-1.8342e-12,1.8342e-12,-11.736553310890267,bot1
-4,0.7,20,15,-2.5554e-12,2.5554e-12,-11.592541109542607,bot1
-4,0.8,20,15,-3.128e-12,3.128e-12,-11.504733255612189,bot1
-4,0.9,20,15,-3.5114e-12,3.5114e-12,-11.45451969520059,bot1
-4,1.0,20,15,-3.9118e-12,3.9118e-12,-11.407623357646393,bot1
-4,1.1,20,15,-4.23e-12,4.23e-12,-11.373659632624957,bot1
-4,1.2,20,15,-4.401e-12,4.401e-12,-11.356448631437054,bot1
-4,1.3,20,15,4.8024e-12,4.8024e-12,-11.318541669652182,bot1
-4,1.4,20,15,4.12e-12,4.12e-12,-11.385102783966865,bot1
-4,1.5,20,15,-1.4888e-12,1.4888e-12,-11.82716363987729,bot1
-4,1.6,20,15,-5.154e-13,5.154e-13,-12.287855585785113,bot1
-4,1.7,20,15,6.372e-13,6.372e-13,-12.195724232870907,bot1
-4,1.8,20,15,1.737e-12,1.737e-12,-11.760200181552902,bot1
-4,1.9,20,15,2.6992e-12,2.6992e-12,-11.56876493475495,bot1
-4,2.0,20,15,3.36e-12,3.36e-12,-11.473660722610155,bot1
-4,2.1,20,15,3.7388e-12,3.7388e-12,-11.427267765982318,bot1
-4,2.2,20,15,4.0192e-12,4.0192e-12,-11.395860382278917,bot1
-4,2.3000000000000003,20,15,4.2384e-12,4.2384e-12,-11.372798059046843,bot1
-4,2.4,20,15,-4.7564e-12,4.7564e-12,-11.322721629560503,bot1
-4,2.5,20,15,-4.603e-12,4.603e-12,-11.336959025106026,bot1
-4,2.6,20,15,2.4584e-12,2.4584e-12,-11.609347452751678,bot1
-4,2.7,20,15,7.484e-13,7.484e-13,-12.125866221172029,bot1
-4,2.8000000000000003,20,15,1.6088e-12,1.6088e-12,-11.793497942411314,bot1
-4,2.9,20,15,2.2908e-12,2.2908e-12,-11.640012825558708,bot1
-4,3.0,20,15,2.9966e-12,2.9966e-12,-11.523371224817643,bot1
-4,3.1,20,15,3.4006e-12,3.4006e-12,-11.468444449516632,bot1
-4,3.2,20,15,3.77e-12,3.77e-12,-11.423658649794207,bot1
-4,3.3000000000000003,20,15,4.1556e-12,4.1556e-12,-11.381366262402913,bot1
-4,3.4,20,15,4.3324e-12,4.3324e-12,-11.363271452837797,bot1
-4,3.5,20,15,-4.7634e-12,4.7634e-12,-11.322082947671971,bot1
-4,3.6,20,15,-4.5376e-12,4.5376e-12,-11.343173790833045,bot1
-4,3.7,20,15,2.6398e-12,2.6398e-12,-11.5784289754736,bot1
-4,3.8,20,15,6.932e-13,6.932e-13,-12.15914144595812,bot1
-4,3.9,20,15,1.744e-12,1.744e-12,-11.758453519403451,bot1
-4,4.0,20,15,2.5634e-12,2.5634e-12,-11.591183620020065,bot1
-4,4.1,20,15,3.2236e-12,3.2236e-12,-11.491658852899885,bot1
-4,4.2,20,15,3.709e-12,3.709e-12,-11.43074316667139,bot1
-4,4.3,20,15,4.0372e-12,4.0372e-12,-11.393919735418796,bot1
-4,4.4,20,15,4.1802e-12,4.1802e-12,-11.378802939081787,bot1
-4,4.5,20,15,4.3324e-12,4.3324e-12,-11.363271452837797,bot1
-4,4.6000000000000005,20,15,-4.8086e-12,4.8086e-12,-11.317981347903913,bot1
-4,4.7,20,15,-4.4568e-12,4.4568e-12,-11.350976854548614,bot1
-4,4.8,20,15,2.104e-12,2.104e-12,-11.676954264518299,bot1
-4,4.9,20,15,1.153e-12,1.153e-12,-11.9381706927053,bot1
-4,5.0,20,15,-1.576e-13,1.576e-13,-12.802443786846464,bot1
-3,0.0,20,15,4.0396e-12,4.0396e-12,-11.393661636471876,bot1
-3,0.1,20,15,-4.6828e-12,4.6828e-12,-11.329494390317686,bot1
-3,0.2,20,15,5.0558e-12,5.0558e-12,-11.296210114435791,bot1
-3,0.3,20,15,2.4722e-12,2.4722e-12,-11.606916397910544,bot1
-3,0.4,20,15,1.2392e-12,1.2392e-12,-11.90685859524885,bot1
-3,0.5,20,15,1.192e-13,1.192e-13,-12.923723744595783,bot1
-3,0.6,20,15,-9.026e-13,9.026e-13,-12.044504670815874,bot1
-3,0.7,20,15,-1.8866e-12,1.8866e-12,-11.724320169897297,bot1
-3,0.8,20,15,-2.5758e-12,2.5758e-12,-11.589087861136917,bot1
-3,0.9,20,15,-3.2918e-12,3.2918e-12,-11.482566559102226,bot1
-3,1.0,20,15,-3.758e-12,3.758e-12,-11.425043224235493,bot1
-3,1.1,20,15,-4.0818e-12,4.0818e-12,-11.389148278655789,bot1
-3,1.2,20,15,-4.3296e-12,4.3296e-12,-11.36355222508247,bot1
-3,1.3,20,15,-4.4588e-12,4.4588e-12,-11.350782007543728,bot1
-3,1.4,20,15,4.9272e-12,4.9272e-12,-11.307399808917802,bot1
-3,1.5,20,15,4.0052e-12,4.0052e-12,-11.397375792506661,bot1
-3,1.6,20,15,-1.5608e-12,1.5608e-12,-11.806652743613538,bot1
-3,1.7,20,15,-3.218e-13,3.218e-13,-12.49241396023699,bot1
-3,1.8,20,15,7.591999999999999e-13,7.591999999999999e-13,-12.119643800580764,bot1
-3,1.9,20,15,1.7116e-12,1.7116e-12,-11.766597722188104,bot1
-3,2.0,20,15,2.5924e-12,2.5924e-12,-11.586297987218886,bot1
-3,2.1,20,15,3.2038e-12,3.2038e-12,-11.49433460295217,bot1
-3,2.2,20,15,3.668e-12,3.668e-12,-11.435570673002017,bot1
-3,2.3000000000000003,20,15,4.014e-12,4.014e-12,-11.396422631848534,bot1
-3,2.4,20,15,4.2452e-12,4.2452e-12,-11.372101844442337,bot1
-3,2.5,20,15,-4.7236e-12,4.7236e-12,-11.325726886068656,bot1
-3,2.6,20,15,5.0696e-12,5.0696e-12,-11.295026305882816,bot1
-3,2.7,20,15,2.5622e-12,2.5622e-12,-11.591386973144697,bot1
-3,2.8000000000000003,20,15,6.124e-13,6.124e-13,-12.212964817973777,bot1
-3,2.9,20,15,1.5996e-12,1.5996e-12,-11.795988604538516,bot1
-3,3.0,20,15,2.6094e-12,2.6094e-12,-11.58345934195102,bot1
-3,3.1,20,15,3.3604e-12,3.3604e-12,-11.473609023963359,bot1
-3,3.2,20,15,3.7556e-12,3.7556e-12,-11.425320669612415,bot1
-3,3.3000000000000003,20,15,4.0708e-12,4.0708e-12,-11.390320234154634,bot1
-3,3.4,20,15,4.312e-12,4.312e-12,-11.365321247821317,bot1
-3,3.5,20,15,-4.8034e-12,4.8034e-12,-11.318451246265589,bot1
-3,3.6,20,15,-4.5816e-12,4.5816e-12,-11.338982829894727,bot1
-3,3.7,20,15,2.423e-12,2.423e-12,-11.615646585862494,bot1
-3,3.8,20,15,1.0514e-12,1.0514e-12,-11.978232027317594,bot1
-3,3.9,20,15,-4.6e-14,4.6e-14,-13.337242168318426,bot1
-3,4.0,20,15,-1.1724e-12,1.1724e-12,-11.930924190233602,bot1
-3,4.1,20,15,-2.029e-12,2.029e-12,-11.692717952966653,bot1
-3,4.2,20,15,-2.891e-12,2.891e-12,-11.538951908329341,bot1
-3,4.3,20,15,-3.5862e-12,3.5862e-12,-11.445365493782674,bot1
-3,4.4,20,15,-3.9164e-12,3.9164e-12,-11.407112958104559,bot1
-3,4.5,20,15,-4.1346e-12,4.1346e-12,-11.383566499701669,bot1
-3,4.6000000000000005,20,15,-4.2756e-12,4.2756e-12,-11.36900293160136,bot1
-3,4.7,20,15,4.7108e-12,4.7108e-12,-11.326905333617885,bot1
-3,4.8,20,15,4.4654e-12,4.4654e-12,-11.350139631957537,bot1
-3,4.9,20,15,-2.2744e-12,2.2744e-12,-11.643133153317613,bot1
-3,5.0,20,15,-1.058e-12,1.058e-12,-11.975514332300833,bot1
-2,0.0,20,15,4.7866e-12,4.7866e-12,-11.319972863525168,bot1
-2,0.1,20,15,-4.911e-12,4.911e-12,-11.308830065868396,bot1
-2,0.2,20,15,-3.778e-12,3.778e-12,-11.422738046414185,bot1
-2,0.3,20,15,9.846e-13,9.846e-13,-12.006740168563264,bot1
-2,0.4,20,15,-5.11e-13,5.11e-13,-12.291579099865288,bot1
-2,0.5,20,15,-1.8482e-12,1.8482e-12,-11.733251034091797,bot1
-2,0.6,20,15,-2.858e-12,2.858e-12,-11.543937775545048,bot1
-2,0.7,20,15,-3.4214e-12,3.4214e-12,-11.465796148955075,bot1
-2,0.8,20,15,-3.9442e-12,3.9442e-12,-11.404041071242451,bot1
-2,0.9,20,15,-4.1408e-12,4.1408e-12,-11.382915745347413,bot1
-2,1.0,20,15,-4.2786e-12,4.2786e-12,-11.368698313168514,bot1
-2,1.1,20,15,4.8532e-12,4.8532e-12,-11.313971811073621,bot1
-2,1.2,20,15,4.1094e-12,4.1094e-12,-11.386221583406458,bot1
-2,1.3,20,15,-1.3554e-12,1.3554e-12,-11.867932518695993,bot1
-2,1.4,20,15,1.692e-13,1.692e-13,-12.771599641296996,bot1
-2,1.5,20,15,1.2508e-12,1.2508e-12,-11.902812127429105,bot1
-2,1.6,20,15,2.1878e-12,2.1878e-12,-11.659992382003328,bot1
-2,1.7,20,15,2.9586e-12,2.9586e-12,-11.528913747085218,bot1
-2,1.8,20,15,3.6172e-12,3.6172e-12,-11.441627477830844,bot1
-2,1.9,20,15,4.018e-12,4.018e-12,-11.39599006758777,bot1
-2,2.0,20,15,4.2832e-12,4.2832e-12,-11.368231646157142,bot1
-2,2.1,20,15,4.4296e-12,4.4296e-12,-11.353635489496122,bot1
-2,2.2,20,15,-4.9636e-12,4.9636e-12,-11.304203224109699,bot1
-2,2.3000000000000003,20,15,-3.6054e-12,3.6054e-12,-11.443046545603117,bot1
-2,2.4,20,15,6.286e-13,6.286e-13,-12.201625623318439,bot1
-2,2.5,20,15,-6.524e-13,6.524e-13,-12.185486047631763,bot1
-2,2.6,20,15,-1.7782e-12,1.7782e-12,-11.75001939409047,bot1
-2,2.7,20,15,-2.7806e-12,2.7806e-12,-11.555861481573507,bot1
-2,2.8000000000000003,20,15,-3.3992e-12,3.3992e-12,-11.468623281918543,bot1
-2,2.9,20,15,-3.9804e-12,3.9804e-12,-11.400073282432892,bot1
-2,3.0,20,15,-4.2132e-12,4.2132e-12,-11.375387924487024,bot1
-2,3.1,20,15,-4.3472e-12,4.3472e-12,-11.361790378926184,bot1
-2,3.2,20,15,4.8084e-12,4.8084e-12,-11.317999411519676,bot1
-2,3.3000000000000003,20,15,4.0194e-12,4.0194e-12,-11.395838771825256,bot1
-2,3.4,20,15,-1.2176e-12,1.2176e-12,-11.914495360573502,bot1
-2,3.5,20,15,1.188e-13,1.188e-13,-12.925183559354826,bot1
-2,3.6,20,15,1.418e-12,1.418e-12,-11.848323769152952,bot1
-2,3.7,20,15,2.3616e-12,2.3616e-12,-11.626793659857052,bot1
-2,3.8,20,15,3.1642e-12,3.1642e-12,-11.499736073799117,bot1
-2,3.9,20,15,3.732e-12,3.732e-12,-11.428058364925537,bot1
-2,4.0,20,15,4.1416e-12,4.1416e-12,-11.3828318480262,bot1
-2,4.1,20,15,4.2396e-12,4.2396e-12,-11.372675116517529,bot1
-2,4.2,20,15,-4.7366e-12,4.7366e-12,-11.324533289354306,bot1
-2,4.3,20,15,-4.3056e-12,4.3056e-12,-11.365966319580322,bot1
-2,4.4,20,15,1.595e-12,1.595e-12,-11.7972393126068,bot1
-2,4.5,20,15,2.71e-13,2.71e-13,-12.567030709125595,bot1
-2,4.6000000000000005,20,15,-1.0062e-12,1.0062e-12,-11.997315687010271,bot1
-2,4.7,20,15,-1.9608e-12,1.9608e-12,-11.707566701755978,bot1
-2,4.8,20,15,-2.8242e-12,2.8242e-12,-11.549104551309757,bot1
-2,4.9,20,15,-3.3854e-12,3.3854e-12,-11.470390010131098,bot1
-2,5.0,20,15,-3.895e-12,3.895e-12,-11.409492537991417,bot1
-1,0.0,20,15,-4.3278e-12,4.3278e-12,-11.36373281742629,bot1
-1,0.1,20,15,5.031e-12,5.031e-12,-11.298345682674253,bot1
-1,0.2,20,15,3e-12,3e-12,-11.522878745280337,bot1
-1,0.3,20,15,3.996e-13,3.996e-13,-12.398374520446055,bot1
-1,0.4,20,15,1.6452e-12,1.6452e-12,-11.783781299162863,bot1
-1,0.5,20,15,2.5494e-12,2.5494e-12,-11.593562018526843,bot1
-1,0.6,20,15,3.2922e-12,3.2922e-12,-11.482513789420278,bot1
-1,0.7,20,15,3.8528e-12,3.8528e-12,-11.414223534758289,bot1
-1,0.8,20,15,4.2076e-12,4.2076e-12,-11.375965553561977,bot1
-1,0.9,20,15,4.3684e-12,4.3684e-12,-11.359677601567254,bot1
-1,1.0,20,15,-4.8352e-12,4.8352e-12,-11.315585557341068,bot1
-1,1.1,20,15,-4.1976e-12,4.1976e-12,-11.376998948809717,bot1
-1,1.2,20,15,1.604e-12,1.604e-12,-11.794795636051855,bot1
-1,1.3,20,15,5.12e-14,5.12e-14,-13.290730039024169,bot1
-1,1.4,20,15,-1.1932e-12,1.1932e-12,-11.923286755309976,bot1
-1,1.5,20,15,-2.2864e-12,2.2864e-12,-11.640847788553105,bot1
-1,1.6,20,15,-3.1766e-12,3.1766e-12,-11.498037468436825,bot1
-1,1.7,20,15,-3.7234e-12,3.7234e-12,-11.429060305586257,bot1
-1,1.8,20,15,-3.9334e-12,3.9334e-12,-11.405231886552494,bot1
-1,1.9,20,15,-4.1356e-12,4.1356e-12,-11.38346147334583,bot1
-1,2.0,20,15,-4.3486e-12,4.3486e-12,-11.361650538479092,bot1
-1,2.1,20,15,4.9092e-12,4.9092e-12,-11.308989274454001,bot1
-1,2.2,20,15,4.064e-12,4.064e-12,-11.391046300724136,bot1
-1,2.3000000000000003,20,15,-7.888e-13,7.888e-13,-12.103033098066845,bot1
-1,2.4,20,15,6.998e-13,6.998e-13,-12.155026061853112,bot1
-1,2.5,20,15,1.723e-12,1.723e-12,-11.763714722551972,bot1
-1,2.6,20,15,2.6878e-12,2.6878e-12,-11.570603050397937,bot1
-1,2.7,20,15,3.3552e-12,3.3552e-12,-11.474281586878732,bot1
-1,2.8000000000000003,20,15,3.866e-12,3.866e-12,-11.412738150307465,bot1
-1,2.9,20,15,4.1144e-12,4.1144e-12,-11.385693488686966,bot1
-1,3.0,20,15,4.3946e-12,4.3946e-12,-11.35708064862172,bot1
-1,3.1,20,15,-4.928e-12,4.928e-12,-11.30732930084363,bot1
-1,3.2,20,15,-4.0134e-12,4.0134e-12,-11.396487553663723,bot1
-1,3.3000000000000003,20,15,9.162e-13,9.162e-13,-12.038009712559935,bot1
-1,3.4,20,15,-2.27e-13,2.27e-13,-12.643974142806877,bot1
-1,3.5,20,15,-1.3636e-12,1.3636e-12,-11.865313007443147,bot1
-1,3.6,20,15,-2.3986e-12,2.3986e-12,-11.6200421706553,bot1
-1,3.7,20,15,-3.253e-12,3.253e-12,-11.487715936718146,bot1
-1,3.8,20,15,-3.85e-12,3.85e-12,-11.414539270491499,bot1
-1,3.9,20,15,-4.1654e-12,4.1654e-12,-11.380343287306053,bot1
-1,4.0,20,15,-4.3568e-12,4.3568e-12,-11.36083237600411,bot1
-1,4.1,20,15,4.8066e-12,4.8066e-12,-11.318162017879853,bot1
-1,4.2,20,15,4.3556e-12,4.3556e-12,-11.360952010865132,bot1
-1,4.3,20,15,-1.826e-12,1.826e-12,-11.73849922680172,bot1
-1,4.4,20,15,-5.524e-13,5.524e-13,-12.257746330093406,bot1
-1,4.5,20,15,9.018e-13,9.018e-13,-12.044889769029448,bot1
-1,4.6000000000000005,20,15,1.9676e-12,1.9676e-12,-11.706063186112706,bot1
-1,4.7,20,15,2.8302e-12,2.8302e-12,-11.548182873370655,bot1
-1,4.8,20,15,3.4904e-12,3.4904e-12,-11.457124800021237,bot1
-1,4.9,20,15,3.9628e-12,3.9628e-12,-11.401997845679487,bot1
-1,5.0,20,15,4.181e-12,4.181e-12,-11.378719832449585,bot1
0,0.0,20,15,-4.1366e-12,4.1366e-12,-11.3833564723826,bot1
0,0.1,20,15,3.3411000000000005e-10,3.3411000000000005e-10,-9.476110525619498,bot1
0,0.2,20,15,3.4218e-10,3.4218e-10,-9.46574537803125,bot1
0,0.3,20,15,3.7993000000000005e-10,3.7993000000000005e-10,-9.420296412367753,bot1
0,0.4,20,15,3.889e-10,3.889e-10,-9.41016205685254,bot1
0,0.5,20,15,4.1501000000000005e-10,4.1501000000000005e-10,-9.381941438486713,bot1
0,0.6,20,15,3.8483000000000006e-10,3.8483000000000006e-10,-9.414731079236608,bot1
0,0.7,20,15,3.7344e-10,3.7344e-10,-9.427779165634723,bot1
0,0.8,20,15,3.4697000000000004e-10,3.4697000000000004e-10,-9.459708073905656,bot1
0,0.9,20,15,3.6411000000000005e-10,3.6411000000000005e-10,-9.43876739333966,bot1
0,1.0,20,15,3.8167e-10,3.8167e-10,-9.418311975095412,bot1
0,1.1,20,15,4.0188e-10,4.0188e-10,-9.395903606412508,bot1
0,1.2,20,15,4.0393e-10,4.0393e-10,-9.393693890453143,bot1
0,1.3,20,15,3.8053e-10,3.8053e-10,-9.419611098891139,bot1
0,1.4,20,15,3.7068e-10,3.7068e-10,-9.431000845650924,bot1
0,1.5,20,15,3.4378000000000003e-10,3.4378000000000003e-10,-9.463719392751617,bot1
0,1.6,20,15,3.6781000000000005e-10,3.6781000000000005e-10,-9.434376467360636,bot1
0,1.7,20,15,3.8172000000000005e-10,3.8172000000000005e-10,-9.418255084845011,bot1
0,1.8,20,15,4.0546e-10,4.0546e-10,-9.39205198395872,bot1
0,1.9,20,15,3.9514e-10,3.9514e-10,-9.403249004487183,bot1
0,2.0,20,15,3.7403000000000005e-10,3.7403000000000005e-10,-9.427093562740861,bot1
0,2.1,20,15,3.5688e-10,3.5688e-10,-9.44747778976644,bot1
0,2.2,20,15,3.4822e-10,3.4822e-10,-9.458146288818353,bot1
0,2.3000000000000003,20,15,3.7864000000000005e-10,3.7864000000000005e-10,-9.421773508540062,bot1
0,2.4,20,15,3.9103e-10,3.9103e-10,-9.407789922055143,bot1
0,2.5,20,15,4.1081000000000005e-10,4.1081000000000005e-10,-9.38635899328323,bot1
0,2.6,20,15,3.7699e-10,3.7699e-10,-9.423670169694523,bot1
0,2.7,20,15,3.6825000000000005e-10,3.6825000000000005e-10,-9.433857244485331,bot1
0,2.8000000000000003,20,15,3.4107000000000004e-10,3.4107000000000004e-10,-9.467156478796761,bot1
0,2.9,20,15,3.7241e-10,3.7241e-10,-9.428978665804257,bot1
0,3.0,20,15,3.8266000000000005e-10,3.8266000000000005e-10,-9.417186932829571,bot1
0,3.1,20,15,4.0888e-10,4.0888e-10,-9.38840413205282,bot1
0,3.2,20,15,3.9108e-10,3.9108e-10,-9.407734393487232,bot1
0,3.3000000000000003,20,15,3.7415000000000005e-10,3.7415000000000005e-10,-9.426954250440946,bot1
0,3.4,20,15,3.5183e-10,3.5183e-10,-9.453667131680811,bot1
0,3.5,20,15,3.5176000000000003e-10,3.5176000000000003e-10,-9.45375354738835,bot1
0,3.6,20,15,3.7901e-10,3.7901e-10,-9.421349331225793,bot1
0,3.7,20,15,3.9284e-10,3.9284e-10,-9.40578429762942,bot1
0,3.8,20,15,4.113e-10,4.113e-10,-9.385841290490825,bot1
0,3.9,20,15,3.7666e-10,3.7666e-10,-9.424050497932265,bot1
0,4.0,20,15,3.6715e-10,3.6715e-10,-9.435156467456167,bot1
0,4.1,20,15,3.4111e-10,3.4111e-10,-9.467105548604449,bot1
0,4.2,20,15,3.7339e-10,3.7339e-10,-9.427837317353664,bot1
0,4.3,20,15,3.8349e-10,3.8349e-10,-9.416245956360221,bot1
0,4.4,20,15,4.1066e-10,4.1066e-10,-9.386517597183579,bot1
0,4.5,20,15,3.8857e-10,3.8857e-10,-9.410530732653882,bot1
0,4.6000000000000005,20,15,3.7318000000000005e-10,3.7318000000000005e-10,-9.428081639637186,bot1
0,4.7,20,15,3.4964000000000005e-10,3.4964000000000005e-10,-9.456378888435967,bot1
0,4.8,20,15,3.5802e-10,3.5802e-10,-9.446092711772259,bot1
0,4.9,20,15,3.8021e-10,3.8021e-10,-9.419976464830633,bot1
0,5.0,20,15,3.9844e-10,3.9844e-10,-9.399637068573496,bot1
1,0.0,20,15,1.1664e-10,1.1664e-10,-9.933152489026101,bot1
1,0.1,20,15,7.603719999999999e-08,7.603719999999999e-08,-7.118973884007259,bot1
1,0.2,20,15,1.4036e-07,1.4036e-07,-6.852756640456631,bot1
1,0.3,20,15,1.9372e-07,1.9372e-07,-6.7128255396254985,bot1
1,0.4,20,15,2.373e-07,2.373e-07,-6.624702261782661,bot1
1,0.5,20,15,2.7228e-07,2.7228e-07,-6.564984258067439,bot1
1,0.6,20,15,2.996e-07,2.996e-07,-6.523458190972571,bot1
1,0.7,20,15,3.2068e-07,3.2068e-07,-6.49392812507465,bot1
1,0.8,20,15,3.3586e-07,3.3586e-07,-6.473841716353931,bot1
1,0.9,20,15,3.465e-07,3.465e-07,-6.460296761052175,bot1
1,1.0,20,15,3.5358e-07,3.5358e-07,-6.451512308521207,bot1
1,1.1,20,15,3.5734e-07,3.5734e-07,-6.446918366929503,bot1
1,1.2,20,15,3.5956e-07,3.5956e-07,-6.444228628244482,bot1
1,1.3,20,15,3.6078e-07,3.6078e-07,-6.442757545770857,bot1
1,1.4,20,15,3.609e-07,3.609e-07,-6.442613117940493,bot1
1,1.5,20,15,3.6126e-07,3.6126e-07,-6.442180122409209,bot1
1,1.6,20,15,3.6188e-07,3.6188e-07,-6.44143541835534,bot1
1,1.7,20,15,3.616e-07,3.616e-07,-6.441771578196675,bot1
1,1.8,20,15,3.6152e-07,3.6152e-07,-6.441867671676855,bot1
1,1.9,20,15,3.6202e-07,3.6202e-07,-6.441267435959362,bot1
1,2.0,20,15,3.6214e-07,3.6214e-07,-6.441123502744864,bot1
1,2.1,20,15,3.6232e-07,3.6232e-07,-6.4409076923251,bot1
1,2.2,20,15,3.6242e-07,3.6242e-07,-6.440787843969921,bot1
1,2.3000000000000003,20,15,3.6222e-07,3.6222e-07,-6.4410275737628835,bot1
1,2.4,20,15,3.6214e-07,3.6214e-07,-6.441123502744864,bot1
1,2.5,20,15,3.6238e-07,3.6238e-07,-6.4408357793432485,bot1
1,2.6,20,15,3.6226e-07,3.6226e-07,-6.440979617216688,bot1
1,2.7,20,15,3.6236e-07,3.6236e-07,-6.4408597490141375,bot1
1,2.8000000000000003,20,15,3.6256e-07,3.6256e-07,-6.440620111816696,bot1
1,2.9,20,15,3.6282e-07,3.6282e-07,-6.4403087810104145,bot1
1,3.0,20,15,3.6254e-07,3.6254e-07,-6.440644069587046,bot1
1,3.1,20,15,3.6276e-07,3.6276e-07,-6.440380606774558,bot1
1,3.2,20,15,3.626e-07,3.626e-07,-6.44057220024051,bot1
1,3.3000000000000003,20,15,3.6248e-07,3.6248e-07,-6.440715950828871,bot1
1,3.4,20,15,3.6264e-07,3.6264e-07,-6.440524293949369,bot1
1,3.5,20,15,3.6264e-07,3.6264e-07,-6.440524293949369,bot1
1,3.6,20,15,3.6254e-07,3.6254e-07,-6.440644069587046,bot1
1,3.7,20,15,3.6276e-07,3.6276e-07,-6.440380606774558,bot1
1,3.8,20,15,3.6272e-07,3.6272e-07,-6.440428497217558,bot1
1,3.9,20,15,3.6286e-07,3.6286e-07,-6.440260903766192,bot1
1,4.0,20,15,3.6304e-07,3.6304e-07,-6.440045521459139,bot1
1,4.1,20,15,3.6266e-07,3.6266e-07,-6.440500342785326,bot1
1,4.2,20,15,3.6276e-07,3.6276e-07,-6.440380606774558,bot1
1,4.3,20,15,3.6266e-07,3.6266e-07,-6.440500342785326,bot1
1,4.4,20,15,3.6254e-07,3.6254e-07,-6.440644069587046,bot1
1,4.5,20,15,3.625e-07,3.625e-07,-6.440691989092987,bot1
1,4.6000000000000005,20,15,3.6272e-07,3.6272e-07,-6.440428497217558,bot1
1,4.7,20,15,3.6294e-07,3.6294e-07,-6.440165165109006,bot1
1,4.8,20,15,3.6266e-07,3.6266e-07,-6.440500342785326,bot1
1,4.9,20,15,3.6298e-07,3.6298e-07,-6.440117303693715,bot1
1,5.0,20,15,3.6306e-07,3.6306e-07,-6.440021596683929,bot1
2,0.0,20,15,1.1843e-10,1.1843e-10,-9.926538270720165,bot1
2,0.1,20,15,2.1314e-07,2.1314e-07,-6.671335038558475,bot1
2,0.2,20,15,4.1218e-07,4.1218e-07,-6.384913085095295,bot1
2,0.3,20,15,5.9666e-07,5.9666e-07,-6.22427307621919,bot1
2,0.4,20,15,7.6772e-07,7.6772e-07,-6.1147971453687955,bot1
2,0.5,20,15,9.2526e-07,9.2526e-07,-6.033736212451332,bot1
2,0.6,20,15,1.0697e-06,1.0697e-06,-5.970738004195825,bot1
2,0.7,20,15,1.2014e-06,1.2014e-06,-5.920312372388664,bot1
2,0.8,20,15,1.3214000000000002e-06,1.3214000000000002e-06,-5.8789656975277005,bot1
2,0.9,20,15,1.4313000000000002e-06,1.4313000000000002e-06,-5.844269328721412,bot1
2,1.0,20,15,1.5306000000000002e-06,1.5306000000000002e-06,-5.8151382910065665,bot1
2,1.1,20,15,1.6200000000000002e-06,1.6200000000000002e-06,-5.790484985457369,bot1
2,1.2,20,15,1.7005e-06,1.7005e-06,-5.769423363731259,bot1
2,1.3,20,15,1.7719e-06,1.7719e-06,-5.7515607918584895,bot1
2,1.4,20,15,1.8352e-06,1.8352e-06,-5.736316599442808,bot1
2,1.5,20,15,1.8902e-06,1.8902e-06,-5.7234922411701445,bot1
2,1.6,20,15,1.9369e-06,1.9369e-06,-5.7128928008447915,bot1
2,1.7,20,15,1.9765e-06,1.9765e-06,-5.704103181321011,bot1
2,1.8,20,15,2.0089000000000004e-06,2.0089000000000004e-06,-5.6970416812353735,bot1
2,1.9,20,15,2.0344000000000004e-06,2.0344000000000004e-06,-5.691563652832348,bot1
2,2.0,20,15,2.0539000000000004e-06,2.0539000000000004e-06,-5.687420705093861,bot1
2,2.1,20,15,2.0682000000000004e-06,2.0682000000000004e-06,-5.684407466208409,bot1
2,2.2,20,15,2.0778e-06,2.0778e-06,-5.682396258066896,bot1
2,2.3000000000000003,20,15,2.0843e-06,2.0843e-06,-5.68103977147246,bot1
2,2.4,20,15,2.0888e-06,2.0888e-06,-5.680103141185112,bot1
2,2.5,20,15,2.0921000000000003e-06,2.0921000000000003e-06,-5.679417560526448,bot1
2,2.6,20,15,2.0950000000000003e-06,2.0950000000000003e-06,-5.678815972697686,bot1
2,2.7,20,15,2.0966000000000004e-06,2.0966000000000004e-06,-5.678484418539467,bot1
2,2.8000000000000003,20,15,2.0986e-06,2.0986e-06,-5.678070331473482,bot1
2,2.9,20,15,2.1003e-06,2.1003e-06,-5.677718667628392,bot1
2,3.0,20,15,2.1019e-06,2.1019e-06,-5.677387949811712,bot1
2,3.1,20,15,2.1029e-06,2.1029e-06,-5.677181378992605,bot1
2,3.2,20,15,2.1044e-06,2.1044e-06,-5.676871706874879,bot1
2,3.3000000000000003,20,15,2.105e-06,2.105e-06,-5.676747899828313,bot1
2,3.4,20,15,2.1065e-06,2.1065e-06,-5.676438536537133,bot1
2,3.5,20,15,2.1078000000000004e-06,2.1078000000000004e-06,-5.676170599824331,bot1
2,3.6,20,15,2.1088e-06,2.1088e-06,-5.675964607086084,bot1
2,3.7,20,15,2.1093000000000003e-06,2.1093000000000003e-06,-5.675861647344983,bot1
2,3.8,20,15,2.1106e-06,2.1106e-06,-5.675594066196457,bot1
2,3.9,20,15,2.1116e-06,2.1116e-06,-5.675388346671079,bot1
2,4.0,20,15,2.1120000000000003e-06,2.1120000000000003e-06,-5.675306086138225,bot1
2,4.1,20,15,2.1130000000000004e-06,2.1130000000000004e-06,-5.675100502947687,bot1
2,4.2,20,15,2.1142e-06,2.1142e-06,-5.674853931509248,bot1
2,4.3,20,15,2.1146e-06,2.1146e-06,-5.674771772129151,bot1
2,4.4,20,15,2.1154e-06,2.1154e-06,-5.674607499982737,bot1
2,4.5,20,15,2.1163000000000004e-06,2.1163000000000004e-06,-5.674422768059582,bot1
2,4.6000000000000005,20,15,2.1165000000000004e-06,2.1165000000000004e-06,-5.674381727189971,bot1
2,4.7,20,15,2.1174000000000003e-06,2.1174000000000003e-06,-5.674197091256387,bot1
2,4.8,20,15,2.1183e-06,2.1183e-06,-5.674012533785558,bot1
2,4.9,20,15,2.1188000000000004e-06,2.1188000000000004e-06,-5.67391003573644,bot1
2,5.0,20,15,2.1194000000000004e-06,2.1194000000000004e-06,-5.67378707000057,bot1
3,0.0,20,15,1.863e-10,1.863e-10,-9.729787145103757,bot1
3,0.1,20,15,3.707e-07,3.707e-07,-6.430977413970436,bot1
3,0.2,20,15,7.2512e-07,7.2512e-07,-6.139590116152716,bot1
3,0.3,20,15,1.0624e-06,1.0624e-06,-5.9737119379760575,bot1
3,0.4,20,15,1.3837000000000002e-06,1.3837000000000002e-06,-5.85895805906095,bot1
3,0.5,20,15,1.6894e-06,1.6894e-06,-5.772267510153374,bot1
3,0.6,20,15,1.9794e-06,1.9794e-06,-5.703466434071013,bot1
3,0.7,20,15,2.2546000000000004e-06,2.2546000000000004e-06,-5.646930497334547,bot1
3,0.8,20,15,2.5139e-06,2.5139e-06,-5.5996520020327045,bot1
3,0.9,20,15,2.7594e-06,2.7594e-06,-5.559185340042319,bot1
3,1.0,20,15,2.9897000000000004e-06,2.9897000000000004e-06,-5.524372388558919,bot1
3,1.1,20,15,3.2071e-06,3.2071e-06,-5.493887498203427,bot1
3,1.2,20,15,3.4098000000000004e-06,3.4098000000000004e-06,-5.467271093571626,bot1
3,1.3,20,15,3.5992e-06,3.5992e-06,-5.44379401984249,bot1
3,1.4,20,15,3.7765e-06,3.7765e-06,-5.422910510966814,bot1
3,1.5,20,15,3.941e-06,3.941e-06,-5.404393565134397,bot1
3,1.6,20,15,4.0944e-06,4.0944e-06,-5.38780973145689,bot1
3,1.7,20,15,4.236400000000001e-06,4.236400000000001e-06,-5.373003040634594,bot1
3,1.8,20,15,4.3671e-06,4.3671e-06,-5.359806863276519,bot1
3,1.9,20,15,4.4885e-06,4.4885e-06,-5.347898770480536,bot1
3,2.0,20,15,4.5997e-06,4.5997e-06,-5.337270492795228,bot1
3,2.1,20,15,4.700400000000001e-06,4.700400000000001e-06,-5.327865182404509,bot1
3,2.2,20,15,4.7925e-06,4.7925e-06,-5.3194378784499,bot1
3,2.3000000000000003,20,15,4.876e-06,4.876e-06,-5.311936303053655,bot1
3,2.4,20,15,4.9505e-06,4.9505e-06,-5.305350935152359,bot1
3,2.5,20,15,5.015600000000001e-06,5.015600000000001e-06,-5.2996771062921075,bot1
3,2.6,20,15,5.0734e-06,5.0734e-06,-5.294700895430595,bot1
3,2.7,20,15,5.122600000000001e-06,5.122600000000001e-06,-5.290509554835155,bot1
3,2.8000000000000003,20,15,5.1641e-06,5.1641e-06,-5.28700535644673,bot1
3,2.9,20,15,5.197900000000001e-06,5.197900000000001e-06,-5.284172079945808,bot1
3,3.0,20,15,5.2259e-06,5.2259e-06,-5.281838904953834,bot1
3,3.1,20,15,5.2469000000000005e-06,5.2469000000000005e-06,-5.280097212886099,bot1
3,3.2,20,15,5.263200000000001e-06,5.263200000000001e-06,-5.278750126610871,bot1
3,3.3000000000000003,20,15,5.2757e-06,5.2757e-06,-5.277719908358593,bot1
3,3.4,20,15,5.2854e-06,5.2854e-06,-5.276922139630141,bot1
3,3.5,20,15,5.2935e-06,5.2935e-06,-5.276257082584349,bot1
3,3.6,20,15,5.299200000000001e-06,5.299200000000001e-06,-5.275789689231233,bot1
3,3.7,20,15,5.3051e-06,5.3051e-06,-5.275306425327416,bot1
3,3.8,20,15,5.310000000000001e-06,5.310000000000001e-06,-5.274905478918531,bot1
3,3.9,20,15,5.3141000000000005e-06,5.3141000000000005e-06,-5.274570277355255,bot1
3,4.0,20,15,5.318900000000001e-06,5.318900000000001e-06,-5.274178174721052,bot1
3,4.1,20,15,5.322000000000001e-06,5.322000000000001e-06,-5.2739251297846295,bot1
3,4.2,20,15,5.3256e-06,5.3256e-06,-5.2736314560563855,bot1
3,4.3,20,15,5.329200000000001e-06,5.329200000000001e-06,-5.273337980778699,bot1
3,4.4,20,15,5.3322e-06,5.3322e-06,-5.273093569448086,bot1
3,4.5,20,15,5.335000000000001e-06,5.335000000000001e-06,-5.272865576239512,bot1
3,4.6000000000000005,20,15,5.3379e-06,5.3379e-06,-5.27262956652734,bot1
3,4.7,20,15,5.3404000000000006e-06,5.3404000000000006e-06,-5.272426212767923,bot1
3,4.8,20,15,5.343200000000001e-06,5.343200000000001e-06,-5.272198569543322,bot1
3,4.9,20,15,5.3458000000000006e-06,5.3458000000000006e-06,-5.271987293338772,bot1
3,5.0,20,15,5.348300000000001e-06,5.348300000000001e-06,-5.271784240024414,bot1
4,0.0,20,15,1.7556e-10,1.7556e-10,-9.755574427827064,bot1
4,0.1,20,15,5.4652e-07,5.4652e-07,-6.262393940336959,bot1
4,0.2,20,15,1.0755e-06,1.0755e-06,-5.968389585276519,bot1
4,0.3,20,15,1.5841000000000002e-06,1.5841000000000002e-06,-5.800217406031014,bot1
4,0.4,20,15,2.0755000000000003e-06,2.0755000000000003e-06,-5.682877262285461,bot1
4,0.5,20,15,2.5497000000000003e-06,2.5497000000000003e-06,-5.593510916040238,bot1
4,0.6,20,15,3.0054000000000005e-06,3.0054000000000005e-06,-5.522097717926842,bot1
4,0.7,20,15,3.4444000000000004e-06,3.4444000000000004e-06,-5.462886419440973,bot1
4,0.8,20,15,3.8653e-06,3.8653e-06,-5.41281679326225,bot1
4,0.9,20,15,4.2703e-06,4.2703e-06,-5.36954161355392,bot1
4,1.0,20,15,4.6577e-06,4.6577e-06,-5.331828487579007,bot1
4,1.1,20,15,5.0301e-06,5.0301e-06,-5.29842338094477,bot1
4,1.2,20,15,5.384100000000001e-06,5.384100000000001e-06,-5.268886882468166,bot1
4,1.3,20,15,5.7232000000000005e-06,5.7232000000000005e-06,-5.242361077195105,bot1
4,1.4,20,15,6.047100000000001e-06,6.047100000000001e-06,-5.21845284947094,bot1
4,1.5,20,15,6.354600000000001e-06,6.354600000000001e-06,-5.196911781578913,bot1
4,1.6,20,15,6.647300000000001e-06,6.647300000000001e-06,-5.177354720593319,bot1
4,1.7,20,15,6.9257000000000005e-06,6.9257000000000005e-06,-5.159536324678902,bot1
4,1.8,20,15,7.1895e-06,7.1895e-06,-5.143301311952531,bot1
4,1.9,20,15,7.438600000000002e-06,7.438600000000002e-06,-5.12850879422392,bot1
4,2.0,20,15,7.674700000000001e-06,7.674700000000001e-06,-5.114938591862631,bot1
4,2.1,20,15,7.897300000000001e-06,7.897300000000001e-06,-5.102521363839556,bot1
4,2.2,20,15,8.106600000000001e-06,8.106600000000001e-06,-5.091161255634324,bot1
4,2.3000000000000003,20,15,8.3041e-06,8.3041e-06,-5.080707429583925,bot1
4,2.4,20,15,8.4896e-06,8.4896e-06,-5.071112771697765,bot1
4,2.5,20,15,8.663000000000002e-06,8.663000000000002e-06,-5.062331685600995,bot1
4,2.6,20,15,8.8249e-06,8.8249e-06,-5.054290207151953,bot1
4,2.7,20,15,8.9769e-06,8.9769e-06,-5.046873612701158,bot1
4,2.8000000000000003,20,15,9.1172e-06,9.1172e-06,-5.04013851816917,bot1
4,2.9,20,15,9.2471e-06,9.2471e-06,-5.03399444579791,bot1
4,3.0,20,15,9.3673e-06,9.3673e-06,-5.028385570699991,bot1
4,3.1,20,15,9.4776e-06,9.4776e-06,-5.023301624551849,bot1
4,3.2,20,15,9.5785e-06,9.5785e-06,-5.018702496425455,bot1
4,3.3000000000000003,20,15,9.6704e-06,9.6704e-06,-5.014555561677088,bot1
4,3.4,20,15,9.7533e-06,9.7533e-06,-5.010848417192927,bot1
4,3.5,20,15,9.8267e-06,9.8267e-06,-5.007592302351695,bot1
4,3.6,20,15,9.8925e-06,9.8925e-06,-5.004693941061935,bot1
4,3.7,20,15,9.9501e-06,9.9501e-06,-5.0021725545075455,bot1
4,3.8,20,15,9.9989e-06,9.9989e-06,-5.0000477750206835,bot1
4,3.9,20,15,1.00408e-05,1.00408e-05,-4.998231683431617,bot1
4,4.0,20,15,1.00749e-05,1.00749e-05,-4.99675925582345,bot1
4,4.1,20,15,1.01028e-05,1.01028e-05,-4.99555824443294,bot1
4,4.2,20,15,1.01253e-05,1.01253e-05,-4.994592100319278,bot1
4,4.3,20,15,1.0144900000000002e-05,1.0144900000000002e-05,-4.993752229523906,bot1
4,4.4,20,15,1.01608e-05,1.01608e-05,-4.993072096982447,bot1
4,4.5,20,15,1.01746e-05,1.01746e-05,-4.992482655440084,bot1
4,4.6000000000000005,20,15,1.01868e-05,1.01868e-05,-4.991962220370464,bot1
4,4.7,20,15,1.01971e-05,1.01971e-05,-4.991523321676464,bot1
4,4.8,20,15,1.02049e-05,1.02049e-05,-4.991191246671671,bot1
4,4.9,20,15,1.0213700000000002e-05,1.0213700000000002e-05,-4.990816902526884,bot1
4,5.0,20,15,1.02223e-05,1.02223e-05,-4.990451377691804,bot1
5,0.0,20,15,2.0497e-10,2.0497e-10,-9.68830969888512,bot1
5,0.1,20,15,7.371399999999999e-07,7.371399999999999e-07,-6.132450021702253,bot1
5,0.2,20,15,1.4538000000000002e-06,1.4538000000000002e-06,-5.83749533547885,bot1
5,0.3,20,15,2.1488e-06,2.1488e-06,-5.66780400467536,bot1
5,0.4,20,15,2.8254e-06,2.8254e-06,-5.548920059173634,bot1
5,0.5,20,15,3.4826000000000003e-06,3.4826000000000003e-06,-5.458096404315437,bot1
5,0.6,20,15,4.119000000000001e-06,4.119000000000001e-06,-5.385208208043583,bot1
5,0.7,20,15,4.7373e-06,4.7373e-06,-5.324469111742577,bot1
5,0.8,20,15,5.335400000000001e-06,5.335400000000001e-06,-5.272833015549595,bot1
5,0.9,20,15,5.9158e-06,5.9158e-06,-5.227986516954492,bot1
5,1.0,20,15,6.476500000000001e-06,6.476500000000001e-06,-5.188659630138149,bot1
5,1.1,20,15,7.019700000000001e-06,7.019700000000001e-06,-5.153681447860023,bot1
5,1.2,20,15,7.5434e-06,7.5434e-06,-5.122432862562876,bot1
5,1.3,20,15,8.0496e-06,8.0496e-06,-5.094225700018327,bot1
5,1.4,20,15,8.5387e-06,8.5387e-06,-5.068608244744555,bot1
5,1.5,20,15,9.0091e-06,9.0091e-06,-5.045318592434541,bot1
5,1.6,20,15,9.4634e-06,9.4634e-06,-5.023952802715453,bot1
5,1.7,20,15,9.9008e-06,9.9008e-06,-5.004329712316745,bot1
5,1.8,20,15,1.0320300000000002e-05,1.0320300000000002e-05,-4.9863076780527145,bot1
5,1.9,20,15,1.07248e-05,1.07248e-05,-4.969610797950349,bot1
5,2.0,20,15,1.1112e-05,1.1112e-05,-4.954207767270441,bot1
5,2.1,20,15,1.148e-05,1.148e-05,-4.940058111938045,bot1
5,2.2,20,15,1.1838e-05,1.1838e-05,-4.926721664364165,bot1
5,2.3000000000000003,20,15,1.2172e-05,1.2172e-05,-4.914638056313871,bot1
5,2.4,20,15,1.2502e-05,1.2502e-05,-4.903020505433216,bot1
5,2.5,20,15,1.2808e-05,1.2808e-05,-4.892518681088757,bot1
5,2.6,20,15,1.3104e-05,1.3104e-05,-4.882596115583657,bot1
5,2.7,20,15,1.3386e-05,1.3386e-05,-4.873349179332519,bot1
5,2.8000000000000003,20,15,1.3656e-05,1.3656e-05,-4.864676491893323,bot1
5,2.9,20,15,1.391e-05,1.391e-05,-4.856672870007953,bot1
5,3.0,20,15,1.4152e-05,1.4152e-05,-4.8491821800983335,bot1
5,3.1,20,15,1.4378e-05,1.4378e-05,-4.842301520724484,bot1
5,3.2,20,15,1.4594e-05,1.4594e-05,-4.835825658083351,bot1
5,3.3000000000000003,20,15,1.4798e-05,1.4798e-05,-4.829796977014336,bot1
5,3.4,20,15,1.4992e-05,1.4992e-05,-4.824140426456297,bot1
5,3.5,20,15,1.5174e-05,1.5174e-05,-4.818899920271952,bot1
5,3.6,20,15,1.5340000000000002e-05,1.5340000000000002e-05,-4.814174640387038,bot1
5,3.7,20,15,1.5498e-05,1.5498e-05,-4.8097243434430395,bot1
5,3.8,20,15,1.5648e-05,1.5648e-05,-4.805541162556474,bot1
5,3.9,20,15,1.5782e-05,1.5782e-05,-4.801837960953924,bot1
5,4.0,20,15,1.5910000000000002e-05,1.5910000000000002e-05,-4.798329820353419,bot1
5,4.1,20,15,1.6028e-05,1.6028e-05,-4.795120666239338,bot1
5,4.2,20,15,1.6134000000000002e-05,1.6134000000000002e-05,-4.792257947393055,bot1
5,4.3,20,15,1.6234e-05,1.6234e-05,-4.7895744583689135,bot1
5,4.4,20,15,1.6326e-05,1.6326e-05,-4.787120207836598,bot1
5,4.5,20,15,1.6404e-05,1.6404e-05,-4.785050239384553,bot1
5,4.6000000000000005,20,15,1.6476e-05,1.6476e-05,-4.78314821671562,bot1
5,4.7,20,15,1.6538e-05,1.6538e-05,-4.781517012406355,bot1
5,4.8,20,15,1.6594e-05,1.6594e-05,-4.780048914244683,bot1
5,4.9,20,15,1.6644000000000002e-05,1.6644000000000002e-05,-4.77874229287909,bot1
5,5.0,20,15,1.6686e-05,1.6686e-05,-4.777647760752197,bot1
-5,0.0,20,20,4.9328e-12,4.9328e-12,-11.306906492617568,bot1
-5,0.1,20,20,2.8646e-12,2.8646e-12,-11.542936012412397,bot1
-5,0.2,20,20,3.3078e-12,3.3078e-12,-11.480460757137088,bot1
-5,0.3,20,20,3.6358e-12,3.6358e-12,-11.43940001469246,bot1
-5,0.4,20,20,3.9628e-12,3.9628e-12,-11.401997845679487,bot1
-5,0.5,20,20,4.183e-12,4.183e-12,-11.37851213541937,bot1
-5,0.6,20,20,4.3548e-12,4.3548e-12,-11.361031785751818,bot1
-5,0.7,20,20,-4.7974e-12,4.7974e-12,-11.318994069203397,bot1
-5,0.8,20,20,-4.2468e-12,4.2468e-12,-11.371938191314861,bot1
-5,0.9,20,20,1.813e-12,1.813e-12,-11.741602195904491,bot1
-5,1.0,20,20,6.644e-13,6.644e-13,-12.177570376220643,bot1
-5,1.1,20,20,-4.388e-13,4.388e-13,-12.357733381097326,bot1
-5,1.2,20,20,-1.334e-12,1.334e-12,-11.87484417041947,bot1
-5,1.3,20,20,-2.1968e-12,2.1968e-12,-11.65820948010732,bot1
-5,1.4,20,20,-2.8488e-12,2.8488e-12,-11.545338039333803,bot1
-5,1.5,20,20,-3.4466e-12,3.4466e-12,-11.462609116323094,bot1
-5,1.6,20,20,-3.7806e-12,3.7806e-12,-11.42243927000123,bot1
-5,1.7,20,20,-4.0908e-12,4.0908e-12,-11.388191752723484,bot1
-5,1.8,20,20,-4.2176e-12,4.2176e-12,-11.374934611422104,bot1
-5,1.9,20,20,4.7332e-12,4.7332e-12,-11.324845144156292,bot1
-5,2.0,20,20,4.53e-12,4.53e-12,-11.343901797987169,bot1
-5,2.1,20,20,-2.2126e-12,2.2126e-12,-11.655097091944594,bot1
-5,2.2,20,20,-9.93e-13,9.93e-13,-12.003050751504619,bot1
-5,2.3000000000000003,20,20,-3.2799999999999997e-14,3.2799999999999997e-14,-13.48412615628832,bot1
-5,2.4,20,20,9.046e-13,9.046e-13,-12.0435434165901,bot1
-5,2.5,20,20,1.9736e-12,1.9736e-12,-11.704740863518321,bot1
-5,2.6,20,20,2.6706e-12,2.6706e-12,-11.573391155333834,bot1
-5,2.7,20,20,3.2062e-12,3.2062e-12,-11.494009390220416,bot1
-5,2.8000000000000003,20,20,3.7524e-12,3.7524e-12,-11.425690872709442,bot1
-5,2.9,20,20,4.0502e-12,4.0502e-12,-11.39252353067378,bot1
-5,3.0,20,20,4.1994e-12,4.1994e-12,-11.376812756102941,bot1
-5,3.1,20,20,4.305e-12,4.305e-12,-11.366026844210326,bot1
-5,3.2,20,20,-4.749e-12,4.749e-12,-11.323397830417981,bot1
-5,3.3000000000000003,20,20,-4.365e-12,4.365e-12,-11.36001575195841,bot1
-5,3.4,20,20,2.069e-12,2.069e-12,-11.684239509334265,bot1
-5,3.5,20,20,1.1916e-12,1.1916e-12,-11.923869505456993,bot1
-5,3.6,20,20,-2.498e-13,2.498e-13,-12.602407565961883,bot1
-5,3.7,20,20,-1.2226e-12,1.2226e-12,-11.912715608546238,bot1
-5,3.8,20,20,-2.2172e-12,2.2172e-12,-11.654195130079577,bot1
-5,3.9,20,20,-2.7182e-12,2.7182e-12,-11.5657185918637,bot1
-5,4.0,20,20,-3.2214e-12,3.2214e-12,-11.49195534565312,bot1
-5,4.1,20,20,-3.588e-12,3.588e-12,-11.445147565627945,bot1
-5,4.2,20,20,-3.7928e-12,3.7928e-12,-11.4210400576891,bot1
-5,4.3,20,20,-3.9448e-12,3.9448e-12,-11.403975010476918,bot1
-5,4.4,20,20,-4.2556e-12,4.2556e-12,-11.371039199781782,bot1
-5,4.5,20,20,5.0448e-12,5.0448e-12,-11.29715604659617,bot1
-5,4.6000000000000005,20,20,4.4466e-12,4.4466e-12,-11.35197193634959,bot1
-5,4.7,20,20,-1.8552e-12,1.8552e-12,-11.73160926437007,bot1
-5,4.8,20,20,-7.088e-13,7.088e-13,-12.149476291121006,bot1
-5,4.9,20,20,3.572e-13,3.572e-13,-12.44708854978349,bot1
-5,5.0,20,20,1.3594e-12,1.3594e-12,-11.866652734413757,bot1
-4,0.0,20,20,-4.631e-12,4.631e-12,-11.334325219006107,bot1
-4,0.1,20,20,4.922e-12,4.922e-12,-11.307858390633216,bot1
-4,0.2,20,20,3.8448e-12,3.8448e-12,-11.415126246540176,bot1
-4,0.3,20,20,-1.1932e-12,1.1932e-12,-11.923286755309976,bot1
-4,0.4,20,20,1.512e-13,1.512e-13,-12.820448208834812,bot1
-4,0.5,20,20,1.121e-12,1.121e-12,-11.950394387405026,bot1
-4,0.6,20,20,1.99e-12,1.99e-12,-11.701146923590294,bot1
-4,0.7,20,20,2.5894e-12,2.5894e-12,-11.586800856334358,bot1
-4,0.8,20,20,3.2712e-12,3.2712e-12,-11.48529290245372,bot1
-4,0.9,20,20,3.7806e-12,3.7806e-12,-11.42243927000123,bot1
-4,1.0,20,20,3.9586e-12,3.9586e-12,-11.40245837967472,bot1
-4,1.1,20,20,4.1994e-12,4.1994e-12,-11.376812756102941,bot1
-4,1.2,20,20,4.3438e-12,4.3438e-12,-11.36213017902141,bot1
-4,1.3,20,20,-4.8924e-12,4.8924e-12,-11.310478042500218,bot1
-4,1.4,20,20,-4.2608e-12,4.2608e-12,-11.370508850905134,bot1
-4,1.5,20,20,1.524e-12,1.524e-12,-11.817015032996418,bot1
-4,1.6,20,20,4.178e-13,4.178e-13,-12.37903156435571,bot1
-4,1.7,20,20,-8.383999999999999e-13,8.383999999999999e-13,-12.076548730360349,bot1
-4,1.8,20,20,-1.5968e-12,1.5968e-12,-11.796749476056704,bot1
-4,1.9,20,20,-2.2814e-12,2.2814e-12,-11.641798562788752,bot1
-4,2.0,20,20,-2.8746e-12,2.8746e-12,-11.541422578758212,bot1
-4,2.1,20,20,-3.4792e-12,3.4792e-12,-11.45852060534272,bot1
-4,2.2,20,20,-3.901e-12,3.901e-12,-11.408824049688208,bot1
-4,2.3000000000000003,20,20,-4.0774e-12,4.0774e-12,-11.38961668141724,bot1
-4,2.4,20,20,-4.2424e-12,4.2424e-12,-11.372388385889494,bot1
-4,2.5,20,20,-4.374e-12,4.374e-12,-11.359121221298382,bot1
-4,2.6,20,20,4.8042e-12,4.8042e-12,-11.318378921109186,bot1
-4,2.7,20,20,4.249e-12,4.249e-12,-11.371713268910485,bot1
-4,2.8000000000000003,20,20,-1.8278e-12,1.8278e-12,-11.738071327009358,bot1
-4,2.9,20,20,-6.842e-13,6.842e-13,-12.164816930150955,bot1
-4,3.0,20,20,3.904e-13,3.904e-13,-12.408490191005345,bot1
-4,3.1,20,20,1.5054e-12,1.5054e-12,-11.822348088301746,bot1
-4,3.2,20,20,2.336e-12,2.336e-12,-11.631527161559639,bot1
-4,3.3000000000000003,20,20,3.1612e-12,3.1612e-12,-11.500148026732813,bot1
-4,3.4,20,20,3.5412e-12,3.5412e-12,-11.450849544452415,bot1
-4,3.5,20,20,3.8644e-12,3.8644e-12,-11.412917926562502,bot1
-4,3.6,20,20,4.0636e-12,4.0636e-12,-11.391089048347766,bot1
-4,3.7,20,20,4.2352e-12,4.2352e-12,-11.373126076042727,bot1
-4,3.8,20,20,-4.7986e-12,4.7986e-12,-11.318885450324489,bot1
-4,3.9,20,20,-4.5212e-12,4.5212e-12,-11.344746281071169,bot1
-4,4.0,20,20,2.2576e-12,2.2576e-12,-11.646353003589727,bot1
-4,4.1,20,20,1.0674e-12,1.0674e-12,-11.971672801532431,bot1
-4,4.2,20,20,4.88e-14,4.88e-14,-13.311580177997289,bot1
-4,4.3,20,20,-1.1664e-12,1.1664e-12,-11.933152489026101,bot1
-4,4.4,20,20,-2.1352e-12,2.1352e-12,-11.670561439220549,bot1
-4,4.5,20,20,-3.0008e-12,3.0008e-12,-11.522762948857334,bot1
-4,4.6000000000000005,20,20,-3.655e-12,3.655e-12,-11.43711261870612,bot1
-4,4.7,20,20,-4.0056e-12,4.0056e-12,-11.397332421609148,bot1
-4,4.8,20,20,-4.2142e-12,4.2142e-12,-11.37528485723403,bot1
-4,4.9,20,20,-4.3018e-12,4.3018e-12,-11.366349784770378,bot1
-4,5.0,20,20,4.7804e-12,4.7804e-12,-11.32053576227394,bot1
-3,0.0,20,20,3.9122e-12,3.9122e-12,-11.407578951257612,bot1
-3,0.1,20,20,4.528e-13,4.528e-13,-12.344093581819784,bot1
-3,0.2,20,20,1.604e-12,1.604e-12,-11.794795636051855,bot1
-3,0.3,20,20,2.5532e-12,2.5532e-12,-11.592915164242232,bot1
-3,0.4,20,20,3.2802e-12,3.2802e-12,-11.4840996757248,bot1
-3,0.5,20,20,3.7592e-12,3.7592e-12,-11.424904567985104,bot1
-3,0.6,20,20,4.0224e-12,4.0224e-12,-11.395514743994136,bot1
-3,0.7,20,20,4.2252e-12,4.2252e-12,-11.37415272888219,bot1
-3,0.8,20,20,-4.7878e-12,4.7878e-12,-11.319863999600324,bot1
-3,0.9,20,20,-4.4902e-12,4.4902e-12,-11.347734314461723,bot1
-3,1.0,20,20,1.9442e-12,1.9442e-12,-11.711259061205713,bot1
-3,1.1,20,20,7.15e-13,7.15e-13,-12.145693958198919,bot1
-3,1.2,20,20,-5.48e-13,5.48e-13,-12.261219441515632,bot1
-3,1.3,20,20,-1.4804e-12,1.4804e-12,-11.829620923576925,bot1
-3,1.4,20,20,-2.2706e-12,2.2706e-12,-11.643859366481873,bot1
-3,1.5,20,20,-2.919e-12,2.919e-12,-11.534765905011986,bot1
-3,1.6,20,20,-3.4714e-12,3.4714e-12,-11.459495340870834,bot1
-3,1.7,20,20,-3.9088e-12,3.9088e-12,-11.407956550370638,bot1
-3,1.8,20,20,-4.1688e-12,4.1688e-12,-11.379988939841295,bot1
-3,1.9,20,20,-4.2354e-12,4.2354e-12,-11.373105567720673,bot1
-3,2.0,20,20,-4.35e-12,4.35e-12,-11.361510743045363,bot1
-3,2.1,20,20,4.8258e-12,4.8258e-12,-11.316430680913815,bot1
-3,2.2,20,20,4.16e-12,4.16e-12,-11.380906669373257,bot1
-3,2.3000000000000003,20,20,-1.743e-12,1.743e-12,-11.758702612890007,bot1
-3,2.4,20,20,-6.33e-13,6.33e-13,-12.198596289982644,bot1
-3,2.5,20,20,4.812e-13,4.812e-13,-12.317674381332193,bot1
-3,2.6,20,20,1.4332e-12,1.4332e-12,-11.843693200505927,bot1
-3,2.7,20,20,2.324e-12,2.324e-12,-11.633763876281707,bot1
-3,2.8000000000000003,20,20,3.0444e-12,3.0444e-12,-11.516498286730645,bot1
-3,2.9,20,20,3.7044e-12,3.7044e-12,-11.431282124470279,bot1
-3,3.0,20,20,4.0224e-12,4.0224e-12,-11.395514743994136,bot1
-3,3.1,20,20,4.2682e-12,4.2682e-12,-11.369755238530294,bot1
-3,3.2,20,20,4.4228e-12,4.4228e-12,-11.354302699079467,bot1
-3,3.3000000000000003,20,20,-4.8986e-12,4.8986e-12,-11.309928021838855,bot1
-3,3.4,20,20,-4.0562e-12,4.0562e-12,-11.391880639287404,bot1
-3,3.5,20,20,1.3556e-12,1.3556e-12,-11.867868439834659,bot1
-3,3.6,20,20,2.994e-13,2.994e-13,-12.523748203992966,bot1
-3,3.7,20,20,-1.0824e-12,1.0824e-12,-11.965612216410433,bot1
-3,3.8,20,20,-1.9458e-12,1.9458e-12,-11.710901800943384,bot1
-3,3.9,20,20,-2.755e-12,2.755e-12,-11.559878396812197,bot1
-3,4.0,20,20,-3.3038e-12,3.3038e-12,-11.480986251159582,bot1
-3,4.1,20,20,-3.736e-12,3.736e-12,-11.427593132441944,bot1
-3,4.2,20,20,-4.0802e-12,4.0802e-12,-11.389318548486699,bot1
-3,4.3,20,20,-4.3466e-12,4.3466e-12,-11.361850324333155,bot1
-3,4.4,20,20,4.7856e-12,4.7856e-12,-11.320063604312757,bot1
-3,4.5,20,20,4.5072e-12,4.5072e-12,-11.346093170358301,bot1
-3,4.6000000000000005,20,20,-2.2764e-12,2.2764e-12,-11.642751423063713,bot1
-3,4.7,20,20,-1.105e-12,1.105e-12,-11.95663772197887,bot1
-3,4.8,20,20,-6e-14,6e-14,-13.221848749616356,bot1
-3,4.9,20,20,1.0746e-12,1.0746e-12,-11.968753163767325,bot1
-3,5.0,20,20,1.9662e-12,1.9662e-12,-11.70637230823398,bot1
-2,0.0,20,20,4.2438e-12,4.2438e-12,-11.372245091533909,bot1
-2,0.1,20,20,-4.9546e-12,4.9546e-12,-11.304991401684248,bot1
-2,0.2,20,20,-3.7046e-12,3.7046e-12,-11.431258677609327,bot1
-2,0.3,20,20,8.853999999999999e-13,8.853999999999999e-13,-12.05286048235717,bot1
-2,0.4,20,20,-3.454e-13,3.454e-13,-12.46167766676856,bot1
-2,0.5,20,20,-1.517e-12,1.517e-12,-11.81901441921327,bot1
-2,0.6,20,20,-2.4356e-12,2.4356e-12,-11.613394034617516,bot1
-2,0.7,20,20,-3.0028e-12,3.0028e-12,-11.522473592805651,bot1
-2,0.8,20,20,-3.4486e-12,3.4486e-12,-11.46235717613625,bot1
-2,0.9,20,20,-3.8036e-12,3.8036e-12,-11.419805161273748,bot1
-2,1.0,20,20,-4.0604e-12,4.0604e-12,-11.391431180896747,bot1
-2,1.1,20,20,-4.32e-12,4.32e-12,-11.364516253185087,bot1
-2,1.2,20,20,-4.389e-12,4.389e-12,-11.357634419155026,bot1
-2,1.3,20,20,4.7664e-12,4.7664e-12,-11.321809514129031,bot1
-2,1.4,20,20,4.3776e-12,4.3776e-12,-11.358763924295996,bot1
-2,1.5,20,20,-2.174e-12,2.174e-12,-11.662740460249724,bot1
-2,1.6,20,20,-9.442e-13,9.442e-13,-12.024936003904765,bot1
-2,1.7,20,20,3.08e-14,3.08e-14,-13.511449283499555,bot1
-2,1.8,20,20,8.452e-13,8.452e-13,-12.073040511619725,bot1
-2,1.9,20,20,1.7316e-12,1.7316e-12,-11.76155242285888,bot1
-2,2.0,20,20,2.4894e-12,2.4894e-12,-11.603905314787383,bot1
-2,2.1,20,20,2.9894e-12,2.9894e-12,-11.52441596981519,bot1
-2,2.2,20,20,3.5344e-12,3.5344e-12,-11.45168430147264,bot1
-2,2.3000000000000003,20,20,3.7488e-12,3.7488e-12,-11.426107728747112,bot1
-2,2.4,20,20,4.1358e-12,4.1358e-12,-11.383440471122169,bot1
-2,2.5,20,20,4.3004e-12,4.3004e-12,-11.366491146812654,bot1
-2,2.6,20,20,-4.9394e-12,4.9394e-12,-11.306325802597591,bot1
-2,2.7,20,20,-4.4902e-12,4.4902e-12,-11.347734314461723,bot1
-2,2.8000000000000003,20,20,2.0646e-12,2.0646e-12,-11.685164076995425,bot1
-2,2.9,20,20,1.0242e-12,1.0242e-12,-11.989615228501624,bot1
-2,3.0,20,20,-1.23e-13,1.23e-13,-12.910094888560602,bot1
-2,3.1,20,20,-1.007e-12,1.007e-12,-11.996970529446381,bot1
-2,3.2,20,20,-2.002e-12,2.002e-12,-11.6985359268567,bot1
-2,3.3000000000000003,20,20,-2.5306e-12,2.5306e-12,-11.596776496296275,bot1
-2,3.4,20,20,-3.2462e-12,3.2462e-12,-11.488624726585998,bot1
-2,3.5,20,20,-3.6238e-12,3.6238e-12,-11.440835779343248,bot1
-2,3.6,20,20,-4.0236e-12,4.0236e-12,-11.395385200523554,bot1
-2,3.7,20,20,-4.2534e-12,4.2534e-12,-11.371263773264324,bot1
-2,3.8,20,20,-4.261e-12,4.261e-12,-11.370488465799546,bot1
-2,3.9,20,20,4.7564e-12,4.7564e-12,-11.322721629560503,bot1
-2,4.0,20,20,4.5646e-12,4.5646e-12,-11.340597274077998,bot1
-2,4.1,20,20,-2.4918e-12,2.4918e-12,-11.603486818506479,bot1
-2,4.2,20,20,-6.124e-13,6.124e-13,-12.212964817973777,bot1
-2,4.3,20,20,-1.6826e-12,1.6826e-12,-11.774019115420408,bot1
-2,4.4,20,20,-2.2946e-12,2.2946e-12,-11.639293010751263,bot1
-2,4.5,20,20,-2.9762e-12,2.9762e-12,-11.526337887649726,bot1
-2,4.6000000000000005,20,20,-3.4132e-12,3.4132e-12,-11.4668382630394,bot1
-2,4.7,20,20,-3.8082e-12,3.8082e-12,-11.4192802513024,bot1
-2,4.8,20,20,-4.0726e-12,4.0726e-12,-11.390128243074702,bot1
-2,4.9,20,20,-4.2656e-12,4.2656e-12,-11.370019872266235,bot1
-2,5.0,20,20,-4.3894e-12,4.3894e-12,-11.357594840691325,bot1
-1,0.0,20,20,3.503e-12,3.503e-12,-11.455559862682307,bot1
-1,0.1,20,20,1.4822e-12,1.4822e-12,-11.829093191069251,bot1
-1,0.2,20,20,5.712e-13,5.712e-13,-12.243211801231881,bot1
-1,0.3,20,20,-3.916e-13,3.916e-13,-12.407157316868899,bot1
-1,0.4,20,20,-1.345e-12,1.345e-12,-11.871277715661574,bot1
-1,0.5,20,20,-2.1202e-12,2.1202e-12,-11.673623169826191,bot1
-1,0.6,20,20,-2.8162e-12,2.8162e-12,-11.55033650584667,bot1
-1,0.7,20,20,-3.3026e-12,3.3026e-12,-11.481144023436167,bot1
-1,0.8,20,20,-3.7082e-12,3.7082e-12,-11.430836850429916,bot1
-1,0.9,20,20,-4.0088e-12,4.0088e-12,-11.39698561026558,bot1
-1,1.0,20,20,-4.1666e-12,4.1666e-12,-11.380218190478907,bot1
-1,1.1,20,20,-4.3474e-12,4.3474e-12,-11.361770398962438,bot1
-1,1.2,20,20,4.8716e-12,4.8716e-12,-11.312328378200391,bot1
-1,1.3,20,20,4.1742e-12,4.1742e-12,-11.379426746258707,bot1
-1,1.4,20,20,-1.6736e-12,1.6736e-12,-11.77634833281282,bot1
-1,1.5,20,20,-5.55e-13,5.55e-13,-12.255707016877324,bot1
-1,1.6,20,20,4.302e-13,4.302e-13,-12.366329593948556,bot1
-1,1.7,20,20,1.5032e-12,1.5032e-12,-11.82298323290753,bot1
-1,1.8,20,20,2.3224e-12,2.3224e-12,-11.634062977176383,bot1
-1,1.9,20,20,3.0066e-12,3.0066e-12,-11.52192434687388,bot1
-1,2.0,20,20,3.484e-12,3.484e-12,-11.457921853664374,bot1
-1,2.1,20,20,3.93e-12,3.93e-12,-11.405607449624574,bot1
-1,2.2,20,20,4.1568e-12,4.1568e-12,-11.381240870607066,bot1
-1,2.3000000000000003,20,20,4.3086e-12,4.3086e-12,-11.365663822889186,bot1
-1,2.4,20,20,-4.718e-12,4.718e-12,-11.326242063450424,bot1
-1,2.5,20,20,-4.4712e-12,4.4712e-12,-11.349575903392152,bot1
-1,2.6,20,20,2.3302e-12,2.3302e-12,-11.632606802077524,bot1
-1,2.7,20,20,1.2776e-12,1.2776e-12,-11.893605096869573,bot1
-1,2.8000000000000003,20,20,-1.48e-14,1.48e-14,-13.829738284605043,bot1
-1,2.9,20,20,-1.044e-12,1.044e-12,-11.981299501333757,bot1
-1,3.0,20,20,-1.8352e-12,1.8352e-12,-11.736316599442807,bot1
-1,3.1,20,20,-2.644e-12,2.644e-12,-11.577738549186398,bot1
-1,3.2,20,20,-3.1836e-12,3.1836e-12,-11.497081503970046,bot1
-1,3.3000000000000003,20,20,-3.6312e-12,3.6312e-12,-11.439949830265208,bot1
-1,3.4,20,20,-3.9284e-12,3.9284e-12,-11.40578429762942,bot1
-1,3.5,20,20,-4.1458e-12,4.1458e-12,-11.382391652794848,bot1
-1,3.6,20,20,-4.3626e-12,4.3626e-12,-11.360254604972491,bot1
-1,3.7,20,20,4.7836e-12,4.7836e-12,-11.320245142785451,bot1
-1,3.8,20,20,4.3598e-12,4.3598e-12,-11.360533432953574,bot1
-1,3.9,20,20,-2.036e-12,2.036e-12,-11.69122222633528,bot1
-1,4.0,20,20,-8.116e-13,8.116e-13,-12.090657961638692,bot1
-1,4.1,20,20,2.118e-13,2.118e-13,-12.674074044228535,bot1
-1,4.2,20,20,1.3466e-12,1.3466e-12,-11.870761389868074,bot1
-1,4.3,20,20,2.2202e-12,2.2202e-12,-11.65360790168267,bot1
-1,4.4,20,20,3.0162e-12,3.0162e-12,-11.520539864388281,bot1
-1,4.5,20,20,3.6052e-12,3.6052e-12,-11.44307063760556,bot1
-1,4.6000000000000005,20,20,3.9958e-12,3.9958e-12,-11.398396257450585,bot1
-1,4.7,20,20,4.1938e-12,4.1938e-12,-11.377392284640221,bot1
-1,4.8,20,20,4.3126e-12,4.3126e-12,-11.365260821438746,bot1
-1,4.9,20,20,-4.8486e-12,4.8486e-12,-11.3143836428505,bot1
-1,5.0,20,20,-4.3004e-12,4.3004e-12,-11.366491146812654,bot1
0,0.0,20,20,1.0286e-12,1.0286e-12,-11.987753480014929,bot1
0,0.1,20,20,2.68e-10,2.68e-10,-9.57186520597121,bot1
0,0.2,20,20,3.2042e-10,3.2042e-10,-9.494280383915658,bot1
0,0.3,20,20,3.3453000000000003e-10,3.3453000000000003e-10,-9.47556492946495,bot1
0,0.4,20,20,3.5804000000000004e-10,3.5804000000000004e-10,-9.446068451543674,bot1
0,0.5,20,20,3.4832000000000004e-10,3.4832000000000004e-10,-9.45802158830298,bot1
0,0.6,20,20,3.2593000000000003e-10,3.2593000000000003e-10,-9.486875663361724,bot1
0,0.7,20,20,3.0956e-10,3.0956e-10,-9.50925516201234,bot1
0,0.8,20,20,2.9928e-10,2.9928e-10,-9.523922304809851,bot1
0,0.9,20,20,3.3035e-10,3.3035e-10,-9.481025688855663,bot1
0,1.0,20,20,3.4052000000000003e-10,3.4052000000000003e-10,-9.467857375279666,bot1
0,1.1,20,20,3.6389e-10,3.6389e-10,-9.439029879023526,bot1
0,1.2,20,20,3.2926e-10,3.2926e-10,-9.482461026149418,bot1
0,1.3,20,20,3.2073000000000004e-10,3.2073000000000004e-10,-9.493860415733856,bot1
0,1.4,20,20,2.9271e-10,2.9271e-10,-9.533562440290385,bot1
0,1.5,20,20,3.225e-10,3.225e-10,-9.491470281028713,bot1
0,1.6,20,20,3.3098000000000003e-10,3.3098000000000003e-10,-9.480198248375526,bot1
0,1.7,20,20,3.5766000000000003e-10,3.5766000000000003e-10,-9.446529627786878,bot1
0,1.8,20,20,3.4535e-10,3.4535e-10,-9.461740539657834,bot1
0,1.9,20,20,3.2505000000000003e-10,3.2505000000000003e-10,-9.4880498296245,bot1
0,2.0,20,20,3.0599000000000005e-10,3.0599000000000005e-10,-9.514292766380459,bot1
0,2.1,20,20,3.0004000000000003e-10,3.0004000000000003e-10,-9.52282084320947,bot1
0,2.2,20,20,3.2888e-10,3.2888e-10,-9.482962536227706,bot1
0,2.3000000000000003,20,20,3.4159e-10,3.4159e-10,-9.466494851707822,bot1
0,2.4,20,20,3.619e-10,3.619e-10,-9.441411416891802,bot1
0,2.5,20,20,3.27e-10,3.27e-10,-9.485452247339714,bot1
0,2.6,20,20,3.1872e-10,3.1872e-10,-9.496590683256395,bot1
0,2.7,20,20,2.9240000000000004e-10,2.9240000000000004e-10,-9.534022631714176,bot1
0,2.8000000000000003,20,20,3.1986e-10,3.1986e-10,-9.495040067091393,bot1
0,2.9,20,20,3.3171000000000004e-10,3.3171000000000004e-10,-9.479241435687767,bot1
0,3.0,20,20,3.5684000000000003e-10,3.5684000000000003e-10,-9.447526469302657,bot1
0,3.1,20,20,3.4693e-10,3.4693e-10,-9.45975814388489,bot1
0,3.2,20,20,3.2489e-10,3.2489e-10,-9.488263655880797,bot1
0,3.3000000000000003,20,20,3.0693000000000005e-10,3.0693000000000005e-10,-9.512960660614436,bot1
0,3.4,20,20,2.9785e-10,2.9785e-10,-9.526002395565136,bot1
0,3.5,20,20,3.2867e-10,3.2867e-10,-9.483239935191436,bot1
0,3.6,20,20,3.4045000000000005e-10,3.4045000000000005e-10,-9.467946661485637,bot1
0,3.7,20,20,3.6214e-10,3.6214e-10,-9.441123502744864,bot1
0,3.8,20,20,3.2723e-10,3.2723e-10,-9.48514688764984,bot1
0,3.9,20,20,3.1804e-10,3.1804e-10,-9.4975182552143,bot1
0,4.0,20,20,2.9264000000000004e-10,2.9264000000000004e-10,-9.533666311867659,bot1
0,4.1,20,20,3.2064000000000004e-10,3.2064000000000004e-10,-9.493982300148867,bot1
0,4.2,20,20,3.3064e-10,3.3064e-10,-9.480644607726349,bot1
0,4.3,20,20,3.4924000000000003e-10,3.4924000000000003e-10,-9.456876020452135,bot1
0,4.4,20,20,3.5479e-10,3.5479e-10,-9.450028629556272,bot1
0,4.5,20,20,3.2579e-10,3.2579e-10,-9.487062250326684,bot1
0,4.6000000000000005,20,20,3.1369000000000003e-10,3.1369000000000003e-10,-9.503499325784377,bot1
0,4.7,20,20,2.9219e-10,2.9219e-10,-9.53433465157467,bot1
0,4.8,20,20,3.2611e-10,3.2611e-10,-9.486635883566839,bot1
0,4.9,20,20,3.3614000000000004e-10,3.3614000000000004e-10,-9.473479804264734,bot1
0,5.0,20,20,3.63e-10,3.63e-10,-9.440093374963887,bot1
1,0.0,20,20,1.7095e-11,1.7095e-11,-10.767130894867387,bot1
1,0.1,20,20,5.9586e-08,5.9586e-08,-7.224855767725651,bot1
1,0.2,20,20,1.1084260000000001e-07,1.1084260000000001e-07,-6.955293295661281,bot1
1,0.3,20,20,1.5424e-07,1.5424e-07,-6.811802983441244,bot1
1,0.4,20,20,1.907e-07,1.907e-07,-6.719649306953994,bot1
1,0.5,20,20,2.207e-07,2.207e-07,-6.656197666838345,bot1
1,0.6,20,20,2.4484e-07,2.4484e-07,-6.61111762917285,bot1
1,0.7,20,20,2.638e-07,2.638e-07,-6.5787252087896535,bot1
1,0.8,20,20,2.7794e-07,2.7794e-07,-6.556048946820404,bot1
1,0.9,20,20,2.8798e-07,2.8798e-07,-6.540637672627038,bot1
1,1.0,20,20,2.9444e-07,2.9444e-07,-6.531003190940398,bot1
1,1.1,20,20,2.9848e-07,2.9848e-07,-6.525084763967227,bot1
1,1.2,20,20,3.005e-07,3.005e-07,-6.522155523661242,bot1
1,1.3,20,20,3.0144e-07,3.0144e-07,-6.520799118887217,bot1
1,1.4,20,20,3.0184e-07,3.0184e-07,-6.520223207807061,bot1
1,1.5,20,20,3.0218e-07,3.0218e-07,-6.519734283137538,bot1
1,1.6,20,20,3.0232e-07,3.0232e-07,-6.519533121091042,bot1
1,1.7,20,20,3.0262e-07,3.0262e-07,-6.519102373065612,bot1
1,1.8,20,20,3.0274e-07,3.0274e-07,-6.518930193408843,bot1
1,1.9,20,20,3.027e-07,3.027e-07,-6.5189875790434275,bot1
1,2.0,20,20,3.0296e-07,3.0296e-07,-6.51861470788723,bot1
1,2.1,20,20,3.0294e-07,3.0294e-07,-6.51864337892087,bot1
1,2.2,20,20,3.0306e-07,3.0306e-07,-6.518471381104007,bot1
1,2.3000000000000003,20,20,3.0314e-07,3.0314e-07,-6.518356753724416,bot1
1,2.4,20,20,3.033e-07,3.033e-07,-6.518127589689336,bot1
1,2.5,20,20,3.033e-07,3.033e-07,-6.518127589689336,bot1
1,2.6,20,20,3.0354e-07,3.0354e-07,-6.517784070207789,bot1
1,2.7,20,20,3.0354e-07,3.0354e-07,-6.517784070207789,bot1
1,2.8000000000000003,20,20,3.0354e-07,3.0354e-07,-6.517784070207789,bot1
1,2.9,20,20,3.0344e-07,3.0344e-07,-6.517927170305266,bot1
1,3.0,20,20,3.0362e-07,3.0362e-07,-6.517669624069199,bot1
1,3.1,20,20,3.036e-07,3.036e-07,-6.517698232776557,bot1
1,3.2,20,20,3.0364e-07,3.0364e-07,-6.517641017246285,bot1
1,3.3000000000000003,20,20,3.0378e-07,3.0378e-07,-6.517440822229515,bot1
1,3.4,20,20,3.0386e-07,3.0386e-07,-6.51732646649667,bot1
1,3.5,20,20,3.0394e-07,3.0394e-07,-6.517212140867342,bot1
1,3.6,20,20,3.0388e-07,3.0388e-07,-6.517297882267752,bot1
1,3.7,20,20,3.0392e-07,3.0392e-07,-6.517240719453336,bot1
1,3.8,20,20,3.0412e-07,3.0412e-07,-6.516955018185284,bot1
1,3.9,20,20,3.0404e-07,3.0404e-07,-6.5170692761396145,bot1
1,4.0,20,20,3.0412e-07,3.0412e-07,-6.516955018185284,bot1
1,4.1,20,20,3.0414e-07,3.0414e-07,-6.5169264583929545,bot1
1,4.2,20,20,3.0418e-07,3.0418e-07,-6.516869344442069,bot1
1,4.3,20,20,3.0418e-07,3.0418e-07,-6.516869344442069,bot1
1,4.4,20,20,3.0404e-07,3.0404e-07,-6.5170692761396145,bot1
1,4.5,20,20,3.0424e-07,3.0424e-07,-6.516783687596474,bot1
1,4.6000000000000005,20,20,3.0434e-07,3.0434e-07,-6.516640963719313,bot1
1,4.7,20,20,3.0424e-07,3.0424e-07,-6.516783687596474,bot1
1,4.8,20,20,3.0436e-07,3.0436e-07,-6.516612424571486,bot1
1,4.9,20,20,3.044e-07,3.044e-07,-6.516555351901465,bot1
1,5.0,20,20,3.045e-07,3.045e-07,-6.516412703031106,bot1
2,0.0,20,20,6.507e-11,6.507e-11,-10.186619193266145,bot1
2,0.1,20,20,1.5802e-07,1.5802e-07,-6.801287942539599,bot1
2,0.2,20,20,3.0568e-07,3.0568e-07,-6.514732975319648,bot1
2,0.3,20,20,4.4278e-07,4.4278e-07,-6.353812004066581,bot1
2,0.4,20,20,5.698e-07,5.698e-07,-6.2442775550965415,bot1
2,0.5,20,20,6.8712e-07,6.8712e-07,-6.162967410266796,bot1
2,0.6,20,20,7.943e-07,7.943e-07,-6.100015437450609,bot1
2,0.7,20,20,8.9274e-07,8.9274e-07,-6.049275005844385,bot1
2,0.8,20,20,9.8186e-07,9.8186e-07,-6.007950432337264,bot1
2,0.9,20,20,1.06268e-06,1.06268e-06,-5.973597492914567,bot1
2,1.0,20,20,1.13548e-06,1.13548e-06,-5.944820510908036,bot1
2,1.1,20,20,1.2002000000000002e-06,1.2002000000000002e-06,-5.920746377569922,bot1
2,1.2,20,20,1.2579e-06,1.2579e-06,-5.900353882876769,bot1
2,1.3,20,20,1.3094e-06,1.3094e-06,-5.882927663414022,bot1
2,1.4,20,20,1.3547e-06,1.3547e-06,-5.868156869195306,bot1
2,1.5,20,20,1.3936e-06,1.3936e-06,-5.855861862336412,bot1
2,1.6,20,20,1.4271e-06,1.4271e-06,-5.845545593860436,bot1
2,1.7,20,20,1.4547000000000002e-06,1.4547000000000002e-06,-5.8372265611648135,bot1
2,1.8,20,20,1.4777e-06,1.4777e-06,-5.830413726678087,bot1
2,1.9,20,20,1.4956e-06,1.4956e-06,-5.8251845435178184,bot1
2,2.0,20,20,1.5087e-06,1.5087e-06,-5.821397109659411,bot1
2,2.1,20,20,1.5184e-06,1.5184e-06,-5.818613804916782,bot1
2,2.2,20,20,1.5245000000000002e-06,1.5245000000000002e-06,-5.8168725712986005,bot1
2,2.3000000000000003,20,20,1.5288e-06,1.5288e-06,-5.815649325953044,bot1
2,2.4,20,20,1.5312e-06,1.5312e-06,-5.814968079567231,bot1
2,2.5,20,20,1.5334000000000002e-06,1.5334000000000002e-06,-5.814344541079785,bot1
2,2.6,20,20,1.5348e-06,1.5348e-06,-5.813948209473721,bot1
2,2.7,20,20,1.5360000000000002e-06,1.5360000000000002e-06,-5.813608784304507,bot1
2,2.8000000000000003,20,20,1.5376e-06,1.5376e-06,-5.81315662967553,bot1
2,2.9,20,20,1.5383000000000002e-06,1.5383000000000002e-06,-5.812958959957672,bot1
2,3.0,20,20,1.5394000000000005e-06,1.5394000000000005e-06,-5.812648517776539,bot1
2,3.1,20,20,1.5403e-06,1.5403e-06,-5.812394684581851,bot1
2,3.2,20,20,1.5409e-06,1.5409e-06,-5.812225544836015,bot1
2,3.3000000000000003,20,20,1.5417000000000002e-06,1.5417000000000002e-06,-5.812000127595165,bot1
2,3.4,20,20,1.5422000000000002e-06,1.5422000000000002e-06,-5.811859301211135,bot1
2,3.5,20,20,1.5431e-06,1.5431e-06,-5.811605928738572,bot1
2,3.6,20,20,1.5435e-06,1.5435e-06,-5.811493366181886,bot1
2,3.7,20,20,1.5440000000000002e-06,1.5440000000000002e-06,-5.811352704000282,bot1
2,3.8,20,20,1.5445000000000002e-06,1.5445000000000002e-06,-5.811212087362531,bot1
2,3.9,20,20,1.5453e-06,1.5453e-06,-5.8109871953997585,bot1
2,4.0,20,20,1.5456e-06,1.5456e-06,-5.810902890928582,bot1
2,4.1,20,20,1.546e-06,1.546e-06,-5.810790510417694,bot1
2,4.2,20,20,1.5467000000000002e-06,1.5467000000000002e-06,-5.810593914470771,bot1
2,4.3,20,20,1.5472000000000002e-06,1.5472000000000002e-06,-5.810453543261073,bot1
2,4.4,20,20,1.5476000000000002e-06,1.5476000000000002e-06,-5.810341278950792,bot1
2,4.5,20,20,1.5481e-06,1.5481e-06,-5.810200989360173,bot1
2,4.6000000000000005,20,20,1.5483e-06,1.5483e-06,-5.810144886210385,bot1
2,4.7,20,20,1.5489e-06,1.5489e-06,-5.8099766202331145,bot1
2,4.8,20,20,1.5493e-06,1.5493e-06,-5.809864479122969,bot1
2,4.9,20,20,1.5496000000000002e-06,1.5496000000000002e-06,-5.809780392288945,bot1
2,5.0,20,20,1.5500000000000002e-06,1.5500000000000002e-06,-5.809668301829708,bot1
3,0.0,20,20,1.3703000000000002e-10,1.3703000000000002e-10,-9.86318434227315,bot1
3,0.1,20,20,2.7336e-07,2.7336e-07,-6.5632650342092935,bot1
3,0.2,20,20,5.3496e-07,5.3496e-07,-6.271678689808156,bot1
3,0.3,20,20,7.8374e-07,7.8374e-07,-6.105827987433987,bot1
3,0.4,20,20,1.02106e-06,1.02106e-06,-5.990948736950021,bot1
3,0.5,20,20,1.2463e-06,1.2463e-06,-5.904377404978377,bot1
3,0.6,20,20,1.4598000000000002e-06,1.4598000000000002e-06,-5.835706640685538,bot1
3,0.7,20,20,1.6625000000000002e-06,1.6625000000000002e-06,-5.779238346024858,bot1
3,0.8,20,20,1.8536e-06,1.8536e-06,-5.7319839792180804,bot1
3,0.9,20,20,2.0344000000000004e-06,2.0344000000000004e-06,-5.691563652832348,bot1
3,1.0,20,20,2.2039e-06,2.2039e-06,-5.656808115098593,bot1
3,1.1,20,20,2.3631000000000003e-06,2.3631000000000003e-06,-5.626517899811021,bot1
3,1.2,20,20,2.5120000000000003e-06,2.5120000000000003e-06,-5.599980364934842,bot1
3,1.3,20,20,2.6507000000000003e-06,2.6507000000000003e-06,-5.576639421915023,bot1
3,1.4,20,20,2.7803000000000003e-06,2.7803000000000003e-06,-5.555908340299503,bot1
3,1.5,20,20,2.8998e-06,2.8998e-06,-5.537631954477476,bot1
3,1.6,20,20,3.0104000000000004e-06,3.0104000000000004e-06,-5.521375794688192,bot1
3,1.7,20,20,3.1125000000000003e-06,3.1125000000000003e-06,-5.506890639896207,bot1
3,1.8,20,20,3.2064000000000003e-06,3.2064000000000003e-06,-5.4939823001488675,bot1
3,1.9,20,20,3.2926000000000005e-06,3.2926000000000005e-06,-5.482461026149418,bot1
3,2.0,20,20,3.3713e-06,3.3713e-06,-5.472202599437661,bot1
3,2.1,20,20,3.4430000000000003e-06,3.4430000000000003e-06,-5.463062977295326,bot1
3,2.2,20,20,3.5076000000000005e-06,3.5076000000000005e-06,-5.454989938594939,bot1
3,2.3000000000000003,20,20,3.5654e-06,3.5654e-06,-5.447891739852017,bot1
3,2.4,20,20,3.616900000000001e-06,3.616900000000001e-06,-5.441663498440081,bot1
3,2.5,20,20,3.662500000000001e-06,3.662500000000001e-06,-5.436222366637834,bot1
3,2.6,20,20,3.701900000000001e-06,3.701900000000001e-06,-5.431575317088995,bot1
3,2.7,20,20,3.736e-06,3.736e-06,-5.427593132441944,bot1
3,2.8000000000000003,20,20,3.764500000000001e-06,3.764500000000001e-06,-5.424292698523317,bot1
3,2.9,20,20,3.7874e-06,3.7874e-06,-5.421658825161988,bot1
3,3.0,20,20,3.805600000000001e-06,3.805600000000001e-06,-5.419576861588155,bot1
3,3.1,20,20,3.8191e-06,3.8191e-06,-5.418038969833122,bot1
3,3.2,20,20,3.8296000000000006e-06,3.8296000000000006e-06,-5.416846585526108,bot1
3,3.3000000000000003,20,20,3.8375e-06,3.8375e-06,-5.415951611514757,bot1
3,3.4,20,20,3.8431000000000005e-06,3.8431000000000005e-06,-5.415318314759395,bot1
3,3.5,20,20,3.8473e-06,3.8473e-06,-5.414843947494925,bot1
3,3.6,20,20,3.851300000000001e-06,3.851300000000001e-06,-5.414392650354162,bot1
3,3.7,20,20,3.854800000000001e-06,3.854800000000001e-06,-5.413998149688149,bot1
3,3.8,20,20,3.8578000000000006e-06,3.8578000000000006e-06,-5.413660291245751,bot1
3,3.9,20,20,3.860200000000001e-06,3.860200000000001e-06,-5.413390193606424,bot1
3,4.0,20,20,3.862900000000001e-06,3.862900000000001e-06,-5.413086534415449,bot1
3,4.1,20,20,3.865200000000001e-06,3.865200000000001e-06,-5.412828029132684,bot1
3,4.2,20,20,3.8668e-06,3.8668e-06,-5.41264829007915,bot1
3,4.3,20,20,3.8689e-06,3.8689e-06,-5.412412495403968,bot1
3,4.4,20,20,3.8708e-06,3.8708e-06,-5.412199267621963,bot1
3,4.5,20,20,3.872100000000001e-06,3.872100000000001e-06,-5.412053435225372,bot1
3,4.6000000000000005,20,20,3.8739e-06,3.8739e-06,-5.411851594254163,bot1
3,4.7,20,20,3.8754e-06,3.8754e-06,-5.411683465073207,bot1
3,4.8,20,20,3.8771000000000005e-06,3.8771000000000005e-06,-5.411492997319303,bot1
3,4.9,20,20,3.8784e-06,3.8784e-06,-5.411347401849826,bot1
3,5.0,20,20,3.8798000000000005e-06,3.8798000000000005e-06,-5.4111906612962795,bot1
4,0.0,20,20,1.3867000000000002e-10,1.3867000000000002e-10,-9.858017484447195,bot1
4,0.1,20,20,4.0412e-07,4.0412e-07,-6.393489655682814,bot1
4,0.2,20,20,7.9498e-07,7.9498e-07,-6.099643797128305,bot1
4,0.3,20,20,1.1709e-06,1.1709e-06,-5.931480193999088,bot1
4,0.4,20,20,1.534e-06,1.534e-06,-5.814174640387038,bot1
4,0.5,20,20,1.884e-06,1.884e-06,-5.724919101543142,bot1
4,0.6,20,20,2.2205e-06,2.2205e-06,-5.653549222490305,bot1
4,0.7,20,20,2.5444e-06,2.5444e-06,-5.5944146130955055,bot1
4,0.8,20,20,2.8547000000000004e-06,2.8547000000000004e-06,-5.544439524962905,bot1
4,0.9,20,20,3.1533000000000004e-06,3.1533000000000004e-06,-5.501234709192895,bot1
4,1.0,20,20,3.4385e-06,3.4385e-06,-5.463630971321959,bot1
4,1.1,20,20,3.7121e-06,3.7121e-06,-5.4303803328671805,bot1
4,1.2,20,20,3.9729000000000005e-06,3.9729000000000005e-06,-5.400892366229499,bot1
4,1.3,20,20,4.2219e-06,4.2219e-06,-5.374492057613517,bot1
4,1.4,20,20,4.459700000000001e-06,4.459700000000001e-06,-5.350694354903702,bot1
4,1.5,20,20,4.6854e-06,4.6854e-06,-5.329253326787458,bot1
4,1.6,20,20,4.9000000000000005e-06,4.9000000000000005e-06,-5.309803919971486,bot1
4,1.7,20,20,5.104000000000001e-06,5.104000000000001e-06,-5.292089334286894,bot1
4,1.8,20,20,5.2963e-06,5.2963e-06,-5.276027422991596,bot1
4,1.9,20,20,5.4782e-06,5.4782e-06,-5.261362116421082,bot1
4,2.0,20,20,5.650300000000001e-06,5.650300000000001e-06,-5.247928492908755,bot1
4,2.1,20,20,5.8109000000000006e-06,5.8109000000000006e-06,-5.235756598287242,bot1
4,2.2,20,20,5.9631000000000006e-06,5.9631000000000006e-06,-5.224527907561181,bot1
4,2.3000000000000003,20,20,6.104700000000001e-06,6.104700000000001e-06,-5.214335673495653,bot1
4,2.4,20,20,6.2373e-06,6.2373e-06,-5.205003366865778,bot1
4,2.5,20,20,6.3613e-06,6.3613e-06,-5.196454122538181,bot1
4,2.6,20,20,6.476500000000001e-06,6.476500000000001e-06,-5.188659630138149,bot1
4,2.7,20,20,6.583700000000001e-06,6.583700000000001e-06,-5.181529966877341,bot1
4,2.8000000000000003,20,20,6.682600000000001e-06,6.682600000000001e-06,-5.175054533637906,bot1
4,2.9,20,20,6.7746e-06,6.7746e-06,-5.169116342213138,bot1
4,3.0,20,20,6.858200000000001e-06,6.858200000000001e-06,-5.163789854066529,bot1
4,3.1,20,20,6.9357e-06,6.9357e-06,-5.158909700301498,bot1
4,3.2,20,20,7.0061000000000006e-06,7.0061000000000006e-06,-5.154523668169019,bot1
4,3.3000000000000003,20,20,7.069600000000001e-06,7.069600000000001e-06,-5.1506051580145815,bot1
4,3.4,20,20,7.126400000000001e-06,7.126400000000001e-06,-5.147129804646056,bot1
4,3.5,20,20,7.176900000000001e-06,7.176900000000001e-06,-5.144063105007861,bot1
4,3.6,20,20,7.221400000000002e-06,7.221400000000002e-06,-5.141378598367518,bot1
4,3.7,20,20,7.259700000000001e-06,7.259700000000001e-06,-5.139081325723674,bot1
4,3.8,20,20,7.292600000000002e-06,7.292600000000002e-06,-5.137117606889064,bot1
4,3.9,20,20,7.320000000000002e-06,7.320000000000002e-06,-5.135488918941608,bot1
4,4.0,20,20,7.342000000000001e-06,7.342000000000001e-06,-5.134185619832032,bot1
4,4.1,20,20,7.36e-06,7.36e-06,-5.133122185662502,bot1
4,4.2,20,20,7.3742e-06,7.3742e-06,-5.132285087814999,bot1
4,4.3,20,20,7.3863e-06,7.3863e-06,-5.1315730571374285,bot1
4,4.4,20,20,7.3952e-06,7.3952e-06,-5.131050076200984,bot1
4,4.5,20,20,7.403100000000002e-06,7.403100000000002e-06,-5.130586384191367,bot1
4,4.6000000000000005,20,20,7.410000000000002e-06,7.410000000000002e-06,-5.130181792020672,bot1
4,4.7,20,20,7.415400000000001e-06,7.415400000000001e-06,-5.129865417379045,bot1
4,4.8,20,20,7.421200000000001e-06,7.421200000000001e-06,-5.129525864095495,bot1
4,4.9,20,20,7.4264e-06,7.4264e-06,-5.129221662554744,bot1
4,5.0,20,20,7.431e-06,7.431e-06,-5.1289527386945,bot1
5,0.0,20,20,1.6099e-10,1.6099e-10,-9.793201099618452,bot1
5,0.1,20,20,5.4768e-07,5.4768e-07,-6.261473118206198,bot1
5,0.2,20,20,1.0808e-06,1.0808e-06,-5.966254663986025,bot1
5,0.3,20,20,1.5972e-06,1.5972e-06,-5.7966406984777,bot1
5,0.4,20,20,2.0989000000000004e-06,2.0989000000000004e-06,-5.678008252452735,bot1
5,0.5,20,20,2.5866000000000004e-06,2.5866000000000004e-06,-5.587270726762468,bot1
5,0.6,20,20,3.0586e-06,3.0586e-06,-5.5144773158075955,bot1
5,0.7,20,20,3.5174000000000004e-06,3.5174000000000004e-06,-5.453778240749091,bot1
5,0.8,20,20,3.9607e-06,3.9607e-06,-5.402228051632248,bot1
5,0.9,20,20,4.3912e-06,4.3912e-06,-5.357416782226442,bot1
5,1.0,20,20,4.806300000000001e-06,4.806300000000001e-06,-5.318189124859977,bot1
5,1.1,20,20,5.2086e-06,5.2086e-06,-5.283278993395295,bot1
5,1.2,20,20,5.5961000000000005e-06,5.5961000000000005e-06,-5.252114533447516,bot1
5,1.3,20,20,5.970200000000001e-06,5.970200000000001e-06,-5.224011119885456,bot1
5,1.4,20,20,6.3320000000000005e-06,6.3320000000000005e-06,-5.1984590938096815,bot1
5,1.5,20,20,6.679900000000001e-06,6.679900000000001e-06,-5.175230038987518,bot1
5,1.6,20,20,7.015000000000001e-06,7.015000000000001e-06,-5.153972324635621,bot1
5,1.7,20,20,7.337000000000002e-06,7.337000000000002e-06,-5.134481480925226,bot1
5,1.8,20,20,7.6465e-06,7.6465e-06,-5.116537307135558,bot1
5,1.9,20,20,7.9439e-06,7.9439e-06,-5.099966231496756,bot1
5,2.0,20,20,8.228700000000001e-06,8.228700000000001e-06,-5.084668770792779,bot1
5,2.1,20,20,8.5017e-06,8.5017e-06,-5.070494224074058,bot1
5,2.2,20,20,8.762700000000002e-06,8.762700000000002e-06,-5.057362056568207,bot1
5,2.3000000000000003,20,20,9.0119e-06,9.0119e-06,-5.045183636043762,bot1
5,2.4,20,20,9.2502e-06,9.2502e-06,-5.033848877211521,bot1
5,2.5,20,20,9.4764e-06,9.4764e-06,-5.023356615939312,bot1
5,2.6,20,20,9.6918e-06,9.6918e-06,-5.013595556543671,bot1
5,2.7,20,20,9.8974e-06,9.8974e-06,-5.004478877518934,bot1
5,2.8000000000000003,20,20,1.00913e-05,1.00913e-05,-4.99605288267696,bot1
5,2.9,20,20,1.02749e-05,1.02749e-05,-4.988222396182747,bot1
5,3.0,20,20,1.04489e-05,1.04489e-05,-4.980929427167781,bot1
5,3.1,20,20,1.0613100000000002e-05,1.0613100000000002e-05,-4.974157743690436,bot1
5,3.2,20,20,1.07674e-05,1.07674e-05,-4.967889152966789,bot1
5,3.3000000000000003,20,20,1.0913600000000002e-05,1.0913600000000002e-05,-4.962031967812927,bot1
5,3.4,20,20,1.10498e-05,1.10498e-05,-4.956645582583617,bot1
5,3.5,20,20,1.11774e-05,1.11774e-05,-4.951659206912175,bot1
5,3.6,20,20,1.1292e-05,1.1292e-05,-4.947229130525118,bot1
5,3.7,20,20,1.1408e-05,1.1408e-05,-4.94279048749221,bot1
5,3.8,20,20,1.1508e-05,1.1508e-05,-4.939000146781711,bot1
5,3.9,20,20,1.1608e-05,1.1608e-05,-4.93524260057032,bot1
5,4.0,20,20,1.1694e-05,1.1694e-05,-4.932036910498735,bot1
5,4.1,20,20,1.1776e-05,1.1776e-05,-4.9290022030065765,bot1
5,4.2,20,20,1.1848e-05,1.1848e-05,-4.926354954486848,bot1
5,4.3,20,20,1.1916e-05,1.1916e-05,-4.923869505456994,bot1
5,4.4,20,20,1.1978e-05,1.1978e-05,-4.92161569125181,bot1
5,4.5,20,20,1.2034e-05,1.2034e-05,-4.919589992844363,bot1
5,4.6000000000000005,20,20,1.2082e-05,1.2082e-05,-4.917861168606552,bot1
5,4.7,20,20,1.2126e-05,1.2126e-05,-4.916282436101052,bot1
5,4.8,20,20,1.216e-05,1.216e-05,-4.915066425063284,bot1
5,4.9,20,20,1.2192e-05,1.2192e-05,-4.913925046004475,bot1
5,5.0,20,20,1.222e-05,1.222e-05,-4.912928794093465,bot1
-5,0.0,40,5,-4.2002e-12,4.2002e-12,-11.376730029404866,top1
-5,0.1,40,5,-1.5506e-12,1.5506e-12,-11.80950022036651,top1
-5,0.2,40,5,-9.532e-13,9.532e-13,-12.020815966325582,top1
-5,0.3,40,5,-2.798e-13,2.798e-13,-12.553152289844192,top1
-5,0.4,40,5,4.82e-13,4.82e-13,-12.316952961761151,top1
-5,0.5,40,5,1.1744e-12,1.1744e-12,-11.930183957428005,top1
-5,0.6,40,5,1.8206e-12,1.8206e-12,-11.739785461604827,top1
-5,0.7,40,5,2.2972e-12,2.2972e-12,-11.63880119239087,top1
-5,0.8,40,5,2.8304e-12,2.8304e-12,-11.548152184434352,top1
-5,0.9,40,5,3.2022e-12,3.2022e-12,-11.494551546812769,top1
-5,1.0,40,5,3.5956e-12,3.5956e-12,-11.444228628244483,top1
-5,1.1,40,5,3.8732e-12,3.8732e-12,-11.411930076818777,top1
-5,1.2,40,5,3.988e-12,3.988e-12,-11.399244850360382,top1
-5,1.3,40,5,4.0982e-12,4.0982e-12,-11.387406851016106,top1
-5,1.4,40,5,4.2212e-12,4.2212e-12,-11.374564070532475,top1
-5,1.5,40,5,-4.6224e-12,4.6224e-12,-11.335132475499877,top1
-5,1.6,40,5,4.8908e-12,4.8908e-12,-11.310620096465637,top1
-5,1.7,40,5,2.75e-12,2.75e-12,-11.560667306169737,top1
-5,1.8,40,5,2.168e-13,2.168e-13,-12.66394072213365,top1
-5,1.9,40,5,8.761999999999999e-13,8.761999999999999e-13,-12.057396751157844,top1
-5,2.0,40,5,1.7586e-12,1.7586e-12,-11.754832931177921,top1
-5,2.1,40,5,2.4906e-12,2.4906e-12,-11.603696016237837,top1
-5,2.2,40,5,2.9048e-12,2.9048e-12,-11.536883764095164,top1
-5,2.3000000000000003,40,5,3.2916e-12,3.2916e-12,-11.482592946347845,top1
-5,2.4,40,5,3.5582e-12,3.5582e-12,-11.448769644657029,top1
-5,2.5,40,5,3.8094e-12,3.8094e-12,-11.419143422542005,top1
-5,2.6,40,5,4.0294e-12,4.0294e-12,-11.394759617900785,top1
-5,2.7,40,5,4.1918e-12,4.1918e-12,-11.377599446675204,top1
-5,2.8000000000000003,40,5,4.3066e-12,4.3066e-12,-11.365865463937428,top1
-5,2.9,40,5,-4.7566e-12,4.7566e-12,-11.322703368465918,top1
-5,3.0,40,5,-4.2024e-12,4.2024e-12,-11.376502612204948,top1
-5,3.1,40,5,1.8548e-12,1.8548e-12,-11.731702912776234,top1
-5,3.2,40,5,1.0774e-12,1.0774e-12,-11.967623028790063,top1
-5,3.3000000000000003,40,5,1.086e-13,1.086e-13,-12.964170174747172,top1
-5,3.4,40,5,-5.868e-13,5.868e-13,-12.231509894828754,top1
-5,3.5,40,5,-1.1688e-12,1.1688e-12,-11.93225979707376,top1
-5,3.6,40,5,-1.7112e-12,1.7112e-12,-11.76669922843653,top1
-5,3.7,40,5,-2.0586e-12,2.0586e-12,-11.686428031560183,top1
-5,3.8,40,5,-2.5352e-12,2.5352e-12,-11.595987773817756,top1
-5,3.9,40,5,-2.979e-12,2.979e-12,-11.525929496784956,top1
-5,4.0,40,5,-3.3048e-12,3.3048e-12,-11.480854818031471,top1
-5,4.1,40,5,-3.5622e-12,3.5622e-12,-11.448281700690298,top1
-5,4.2,40,5,-3.7404e-12,3.7404e-12,-11.427081951675536,top1
-5,4.3,40,5,-3.863e-12,3.863e-12,-11.41307529185518,top1
-5,4.4,40,5,-3.9086e-12,3.9086e-12,-11.407978772310516,top1
-5,4.5,40,5,5.1144e-12,5.1144e-12,-11.291205308574192,top1
-5,4.6000000000000005,40,5,-4.3818e-12,4.3818e-12,-11.358347448974905,top1
-5,4.7,40,5,-2.0146e-12,2.0146e-12,-11.695811170385157,top1
-5,4.8,40,5,1.964e-13,1.964e-13,-12.706858516549069,top1
-5,4.9,40,5,-3.002e-13,3.002e-13,-12.522589312092748,top1
-5,5.0,40,5,-9.618e-13,9.618e-13,-12.016915227262212,top1
-4,0.0,40,5,-4.3952e-12,4.3952e-12,-11.357021357923513,top1
-4,0.1,40,5,4.8608e-12,4.8608e-12,-11.313292247817309,top1
-4,0.2,40,5,3.038e-12,3.038e-12,-11.517412230473232,top1
-4,0.3,40,5,-2.81e-13,2.81e-13,-12.55129368009492,top1
-4,0.4,40,5,4.502e-13,4.502e-13,-12.3465945093355,top1
-4,0.5,40,5,1.0816e-12,1.0816e-12,-11.965933321402439,top1
-4,0.6,40,5,1.7394e-12,1.7394e-12,-11.75960053426136,top1
-4,0.7,40,5,2.3864e-12,2.3864e-12,-11.622256759645994,top1
-4,0.8,40,5,2.7704e-12,2.7704e-12,-11.557457521458595,top1
-4,0.9,40,5,3.1758e-12,3.1758e-12,-11.49814685562509,top1
-4,1.0,40,5,3.5238e-12,3.5238e-12,-11.4529887487734,top1
-4,1.1,40,5,3.7968e-12,3.7968e-12,-11.420582279126736,top1
-4,1.2,40,5,3.923e-12,3.923e-12,-11.406381691870465,top1
-4,1.3,40,5,4.1002e-12,4.1002e-12,-11.38719495870028,top1
-4,1.4,40,5,4.2382e-12,4.2382e-12,-11.372818552852474,top1
-4,1.5,40,5,-4.6394e-12,4.6394e-12,-11.333538181845599,top1
-4,1.6,40,5,4.8616e-12,4.8616e-12,-11.31322077666074,top1
-4,1.7,40,5,2.5494e-12,2.5494e-12,-11.593562018526843,top1
-4,1.8,40,5,-4.4e-15,4.4e-15,-14.356547323513812,top1
-4,1.9,40,5,5.718e-13,5.718e-13,-12.24275584897803,top1
-4,2.0,40,5,1.234e-12,1.234e-12,-11.908684840302778,top1
-4,2.1,40,5,1.9174e-12,1.9174e-12,-11.717287276964733,top1
-4,2.2,40,5,2.4912e-12,2.4912e-12,-11.603591404775955,top1
-4,2.3000000000000003,40,5,2.9306e-12,2.9306e-12,-11.533043454726922,top1
-4,2.4,40,5,3.2684e-12,3.2684e-12,-11.485664798173225,top1
-4,2.5,40,5,3.64e-12,3.64e-12,-11.438898616350944,top1
-4,2.6,40,5,3.9024e-12,3.9024e-12,-11.408668217030344,top1
-4,2.7,40,5,4.077e-12,4.077e-12,-11.389659288547843,top1
-4,2.8000000000000003,40,5,4.247e-12,4.247e-12,-11.371917739009321,top1
-4,2.9,40,5,-4.7364e-12,4.7364e-12,-11.32455162755686,top1
-4,3.0,40,5,4.908e-12,4.908e-12,-11.309095445945033,top1
-4,3.1,40,5,2.8584e-12,2.8584e-12,-11.543876996805617,top1
-4,3.2,40,5,-1.282e-13,1.282e-13,-12.892111974817201,top1
-4,3.3000000000000003,40,5,6.616e-13,6.616e-13,-12.17940450345551,top1
-4,3.4,40,5,1.4884e-12,1.4884e-12,-11.827280338650503,top1
-4,3.5,40,5,2.2012e-12,2.2012e-12,-11.65734049586088,top1
-4,3.6,40,5,2.8994e-12,2.8994e-12,-11.53769186542831,top1
-4,3.7,40,5,3.3438e-12,3.3438e-12,-11.475759706560156,top1
-4,3.8,40,5,3.7428e-12,3.7428e-12,-11.426803379195231,top1
-4,3.9,40,5,3.9334e-12,3.9334e-12,-11.405231886552494,top1
-4,4.0,40,5,4.0064e-12,4.0064e-12,-11.397245692805683,top1
-4,4.1,40,5,4.234e-12,4.234e-12,-11.373249146316606,top1
-4,4.2,40,5,-4.707e-12,4.707e-12,-11.3272558016934,top1
-4,4.3,40,5,4.9672e-12,4.9672e-12,-11.303888353162073,top1
-4,4.4,40,5,2.5506e-12,2.5506e-12,-11.593357644649233,top1
-4,4.5,40,5,6.236e-13,6.236e-13,-12.205093893483197,top1
-4,4.6000000000000005,40,5,1.3334e-12,1.3334e-12,-11.875039549210454,top1
-4,4.7,40,5,2.0092e-12,2.0092e-12,-11.696976830512488,top1
-4,4.8,40,5,2.5736e-12,2.5736e-12,-11.589458952106087,top1
-4,4.9,40,5,3.0012e-12,3.0012e-12,-11.522705062221872,top1
-4,5.0,40,5,3.4406e-12,3.4406e-12,-11.463365814996182,top1
-3,0.0,40,5,-4.911e-12,4.911e-12,-11.308830065868396,top1
-3,0.1,40,5,2.892e-12,2.892e-12,-11.538801711377507,top1
-3,0.2,40,5,-1.416e-13,1.416e-13,-12.848936746646249,top1
-3,0.3,40,5,5.95e-13,5.95e-13,-12.22548303427145,top1
-3,0.4,40,5,1.4828e-12,1.4828e-12,-11.828917422642474,top1
-3,0.5,40,5,2.1386e-12,2.1386e-12,-11.669870437512476,top1
-3,0.6,40,5,2.658e-12,2.658e-12,-11.575445023393288,top1
-3,0.7,40,5,3.0126e-12,3.0126e-12,-11.52105852824201,top1
-3,0.8,40,5,3.514e-12,3.514e-12,-11.454198242840723,top1
-3,0.9,40,5,3.8222e-12,3.8222e-12,-11.417686591843053,top1
-3,1.0,40,5,4.042e-12,4.042e-12,-11.393403690820715,top1
-3,1.1,40,5,4.2118e-12,4.2118e-12,-11.375532259746434,top1
-3,1.2,40,5,-4.6902e-12,4.6902e-12,-11.328808637659238,top1
-3,1.3,40,5,-4.4238e-12,4.4238e-12,-11.354204515713258,top1
-3,1.4,40,5,2.3168e-12,2.3168e-12,-11.635111455482948,top1
-3,1.5,40,5,1.5774e-12,1.5774e-12,-11.802058163509994,top1
-3,1.6,40,5,5.124e-13,5.124e-13,-12.29039087892735,top1
-3,1.7,40,5,-1.682e-13,1.682e-13,-12.774174008538107,top1
-3,1.8,40,5,-1.0664e-12,1.0664e-12,-11.972079863594198,top1
-3,1.9,40,5,-1.61e-12,1.61e-12,-11.79317412396815,top1
-3,2.0,40,5,-2.1962e-12,2.1962e-12,-11.658328112791482,top1
-3,2.1,40,5,-2.699e-12,2.699e-12,-11.568797115443484,top1
-3,2.2,40,5,-3.1376e-12,3.1376e-12,-11.503402423676292,top1
-3,2.3000000000000003,40,5,-3.5424e-12,3.5424e-12,-11.45070240080137,top1
-3,2.4,40,5,-3.8562e-12,3.8562e-12,-11.413840449705956,top1
-3,2.5,40,5,-4.0162e-12,4.0162e-12,-11.39618466819032,top1
-3,2.6,40,5,-4.0784e-12,4.0784e-12,-11.389510181874808,top1
-3,2.7,40,5,-4.1524e-12,4.1524e-12,-11.3817008176294,top1
-3,2.8000000000000003,40,5,4.6252e-12,4.6252e-12,-11.334869483029077,top1
-3,2.9,40,5,-4.909e-12,4.909e-12,-11.30900696790013,top1
-3,3.0,40,5,-2.886e-12,2.886e-12,-11.539703673242524,top1
-3,3.1,40,5,5e-14,5e-14,-13.301029995663981,top1
-3,3.2,40,5,-5.618e-13,5.618e-13,-12.25041826513444,top1
-3,3.3000000000000003,40,5,-1.0828e-12,1.0828e-12,-11.965451752901531,top1
-3,3.4,40,5,-1.7114e-12,1.7114e-12,-11.766648472346725,top1
-3,3.5,40,5,-2.185e-12,2.185e-12,-11.66054855869356,top1
-3,3.6,40,5,-2.681e-12,2.681e-12,-11.571703186017121,top1
-3,3.7,40,5,-3.0856e-12,3.0856e-12,-11.510660374142015,top1
-3,3.8,40,5,-3.4636e-12,3.4636e-12,-11.46047226902866,top1
-3,3.9,40,5,-3.8166e-12,3.8166e-12,-11.418323354039824,top1
-3,4.0,40,5,-3.9838e-12,3.9838e-12,-11.399702472727418,top1
-3,4.1,40,5,-4.0792e-12,4.0792e-12,-11.389425001040582,top1
-3,4.2,40,5,-4.1918e-12,4.1918e-12,-11.377599446675204,top1
-3,4.3,40,5,-4.2652e-12,4.2652e-12,-11.37006059946483,top1
-3,4.4,40,5,4.7022e-12,4.7022e-12,-11.327698902848434,top1
-3,4.5,40,5,-4.9314e-12,4.9314e-12,-11.307029769168883,top1
-3,4.6000000000000005,40,5,-2.5894e-12,2.5894e-12,-11.586800856334358,top1
-3,4.7,40,5,-1.2e-13,1.2e-13,-12.920818753952375,top1
-3,4.8,40,5,-8.174e-13,8.174e-13,-12.087565366624425,top1
-3,4.9,40,5,-1.4338e-12,1.4338e-12,-11.843511423949982,top1
-3,5.0,40,5,-2.0898e-12,2.0898e-12,-11.67989527515812,top1
-2,0.0,40,5,-4.3656e-12,4.3656e-12,-11.35995605922491,top1
-2,0.1,40,5,4.8862e-12,4.8862e-12,-11.31102876062932,top1
-2,0.2,40,5,3.6166e-12,3.6166e-12,-11.441699522037135,top1
-2,0.3,40,5,-1.2386e-12,1.2386e-12,-11.907068924326447,top1
-2,0.4,40,5,-4.164e-13,4.164e-13,-12.380489279161502,top1
-2,0.5,40,5,1.46e-14,1.46e-14,-13.835647144215564,top1
-2,0.6,40,5,6.434e-13,6.434e-13,-12.19151894343405,top1
-2,0.7,40,5,1.282e-12,1.282e-12,-11.892111974817201,top1
-2,0.8,40,5,1.9422e-12,1.9422e-12,-11.711706050213783,top1
-2,0.9,40,5,2.373e-12,2.373e-12,-11.62470226178266,top1
-2,1.0,40,5,2.8e-12,2.8e-12,-11.55284196865778,top1
-2,1.1,40,5,3.1088e-12,3.1088e-12,-11.507407216744292,top1
-2,1.2,40,5,3.4122e-12,3.4122e-12,-11.46696552136419,top1
-2,1.3,40,5,3.6592e-12,3.6592e-12,-11.436613852737327,top1
-2,1.4,40,5,3.8828e-12,3.8828e-12,-11.410854979047915,top1
-2,1.5,40,5,4.1038e-12,4.1038e-12,-11.386813812860396,top1
-2,1.6,40,5,4.2284e-12,4.2284e-12,-11.373823935845268,top1
-2,1.7,40,5,4.299e-12,4.299e-12,-11.366632554882994,top1
-2,1.8,40,5,-4.6622e-12,4.6622e-12,-11.331409099963167,top1
-2,1.9,40,5,4.8862e-12,4.8862e-12,-11.31102876062932,top1
-2,2.0,40,5,2.9202e-12,2.9202e-12,-11.53458740337285,top1
-2,2.1,40,5,-2.464e-13,2.464e-13,-12.608359296507611,top1
-2,2.2,40,5,5.738e-13,5.738e-13,-12.241239456090021,top1
-2,2.3000000000000003,40,5,1.3394e-12,1.3394e-12,-11.87308970539984,top1
-2,2.4,40,5,1.8506e-12,1.8506e-12,-11.732687442168556,top1
-2,2.5,40,5,2.3054e-12,2.3054e-12,-11.637253711176122,top1
-2,2.6,40,5,2.7536e-12,2.7536e-12,-11.560099147016516,top1
-2,2.7,40,5,3.0516e-12,3.0516e-12,-11.515472393776665,top1
-2,2.8000000000000003,40,5,3.308e-12,3.308e-12,-11.480434499119491,top1
-2,2.9,40,5,3.6204e-12,3.6204e-12,-11.441243443777386,top1
-2,3.0,40,5,3.9038e-12,3.9038e-12,-11.40851244026798,top1
-2,3.1,40,5,4.097e-12,4.097e-12,-11.387534036046858,top1
-2,3.2,40,5,4.158e-12,4.158e-12,-11.38111551500455,top1
-2,3.3000000000000003,40,5,4.2712e-12,4.2712e-12,-11.369450092150148,top1
-2,3.4,40,5,-4.6862e-12,4.6862e-12,-11.329179180305243,top1
-2,3.5,40,5,4.9112e-12,4.9112e-12,-11.308812379627758,top1
-2,3.6,40,5,3.003e-12,3.003e-12,-11.522444667801018,top1
-2,3.7,40,5,-8.28e-14,8.28e-14,-13.08196966321512,top1
-2,3.8,40,5,5.698e-13,5.698e-13,-12.244277555096541,top1
-2,3.9,40,5,1.24e-12,1.24e-12,-11.906578314837764,top1
-2,4.0,40,5,1.8148e-12,1.8148e-12,-11.74117122940602,top1
-2,4.1,40,5,2.3818e-12,2.3818e-12,-11.623094709076186,top1
-2,4.2,40,5,3.0046e-12,3.0046e-12,-11.52221333709076,top1
-2,4.3,40,5,3.213e-12,3.213e-12,-11.493089274448481,top1
-2,4.4,40,5,3.5404e-12,3.5404e-12,-11.450947667923666,top1
-2,4.5,40,5,3.746e-12,3.746e-12,-11.426432226960781,top1
-2,4.6000000000000005,40,5,3.883e-12,3.883e-12,-11.410832609453953,top1
-2,4.7,40,5,4.0876e-12,4.0876e-12,-11.388531609520172,top1
-2,4.8,40,5,4.1326e-12,4.1326e-12,-11.383776628640305,top1
-2,4.9,40,5,4.219e-12,4.219e-12,-11.37479047461812,top1
-2,5.0,40,5,-4.7168e-12,4.7168e-12,-11.326352538157062,top1
-1,0.0,40,5,4.1368e-12,4.1368e-12,-11.383335475235986,top1
-1,0.1,40,5,-5.626e-13,5.626e-13,-12.249800272170818,top1
-1,0.2,40,5,1.004e-13,1.004e-13,-12.998266287190999,top1
-1,0.3,40,5,9.97e-13,9.97e-13,-12.001304841688345,top1
-1,0.4,40,5,1.705e-12,1.705e-12,-11.768275616671483,top1
-1,0.5,40,5,2.3812e-12,2.3812e-12,-11.623204126120283,top1
-1,0.6,40,5,2.7774e-12,2.7774e-12,-11.556361568833546,top1
-1,0.7,40,5,3.1478e-12,3.1478e-12,-11.501992868960901,top1
-1,0.8,40,5,3.5074e-12,3.5074e-12,-11.455014702357278,top1
-1,0.9,40,5,3.8016e-12,3.8016e-12,-11.42003358103492,top1
-1,1.0,40,5,3.9868e-12,3.9868e-12,-11.399375550411095,top1
-1,1.1,40,5,4.146e-12,4.146e-12,-11.382370702242158,top1
-1,1.2,40,5,4.1946e-12,4.1946e-12,-11.377309447487349,top1
-1,1.3,40,5,-4.6216e-12,4.6216e-12,-11.335207645466644,top1
-1,1.4,40,5,4.87e-12,4.87e-12,-11.312471038785366,top1
-1,1.5,40,5,2.6736e-12,2.6736e-12,-11.572903567450684,top1
-1,1.6,40,5,3.468e-13,3.468e-13,-12.459920911195827,top1
-1,1.7,40,5,1.1882e-12,1.1882e-12,-11.925110451959332,top1
-1,1.8,40,5,1.8566e-12,1.8566e-12,-11.731281653882705,top1
-1,1.9,40,5,2.4898e-12,2.4898e-12,-11.603835537396183,top1
-1,2.0,40,5,3.0466e-12,3.0466e-12,-11.516184562251336,top1
-1,2.1,40,5,3.317e-12,3.317e-12,-11.479254528480517,top1
-1,2.2,40,5,3.6202e-12,3.6202e-12,-11.441267435959361,top1
-1,2.3000000000000003,40,5,3.856e-12,3.856e-12,-11.413862974769208,top1
-1,2.4,40,5,4.0946e-12,4.0946e-12,-11.387788517903001,top1
-1,2.5,40,5,4.2154e-12,4.2154e-12,-11.375161208809002,top1
-1,2.6,40,5,-4.6896e-12,4.6896e-12,-11.32886419890564,top1
-1,2.7,40,5,4.8724e-12,4.8724e-12,-11.312257065477423,top1
-1,2.8000000000000003,40,5,2.6666e-12,2.6666e-12,-11.574042125225485,top1
-1,2.9,40,5,1.304e-13,1.304e-13,-12.884722408604098,top1
-1,3.0,40,5,8.386e-13,8.386e-13,-12.076445141932451,top1
-1,3.1,40,5,1.4396e-12,1.4396e-12,-11.841758162019126,top1
-1,3.2,40,5,2.094e-12,2.094e-12,-11.679023322657176,top1
-1,3.3000000000000003,40,5,2.815e-12,2.815e-12,-11.550521600812635,top1
-1,3.4,40,5,3.249e-12,3.249e-12,-11.488250288655017,top1
-1,3.5,40,5,3.5138e-12,3.5138e-12,-11.454222961499879,top1
-1,3.6,40,5,3.7234e-12,3.7234e-12,-11.429060305586257,top1
-1,3.7,40,5,3.9388e-12,3.9388e-12,-11.404636070752563,top1
-1,3.8,40,5,4.0574e-12,4.0574e-12,-11.391752175132876,top1
-1,3.9,40,5,4.1544e-12,4.1544e-12,-11.381491690413,top1
-1,4.0,40,5,-4.6356e-12,4.6356e-12,-11.333894045807554,top1
-1,4.1,40,5,4.9138e-12,4.9138e-12,-11.308582524018739,top1
-1,4.2,40,5,2.9118e-12,2.9118e-12,-11.53583845830107,top1
-1,4.3,40,5,-1.128e-13,1.128e-13,-12.947690900352676,top1
-1,4.4,40,5,5.07e-13,5.07e-13,-12.294992040666664,top1
-1,4.5,40,5,1.1318e-12,1.1318e-12,-11.94623031040069,top1
-1,4.6000000000000005,40,5,1.6612e-12,1.6612e-12,-11.77957807756216,top1
-1,4.7,40,5,2.1634e-12,2.1634e-12,-11.664863174628374,top1
-1,4.8,40,5,2.6666e-12,2.6666e-12,-11.574042125225485,top1
-1,4.9,40,5,2.9924e-12,2.9924e-12,-11.523980353928684,top1
-1,5.0,40,5,3.3746e-12,3.3746e-12,-11.471777697821983,top1
0,0.0,40,5,1.0604e-11,1.0604e-11,-10.974530280938945,top1
0,0.1,40,5,1.5631e-08,1.5631e-08,-7.806013236914305,top1
0,0.2,40,5,1.89506e-08,1.89506e-08,-7.722377035164826,top1
0,0.3,40,5,1.99536e-08,1.99536e-08,-7.699978738118198,top1
0,0.4,40,5,2.05486e-08,2.05486e-08,-7.68721776176779,top1
0,0.5,40,5,2.09488e-08,2.09488e-08,-7.678840849466397,top1
0,0.6,40,5,2.13568e-08,2.13568e-08,-7.67046381936132,top1
0,0.7,40,5,2.16334e-08,2.16334e-08,-7.664875219571642,top1
0,0.8,40,5,2.19308e-08,2.19308e-08,-7.658945525675486,top1
0,0.9,40,5,2.21884e-08,2.21884e-08,-7.653874013505889,top1
0,1.0,40,5,2.2325e-08,2.2325e-08,-7.651208532439416,top1
0,1.1,40,5,2.25948e-08,2.25948e-08,-7.645991498514271,top1
0,1.2,40,5,2.27348e-08,2.27348e-08,-7.64330886196815,top1
0,1.3,40,5,2.28296e-08,2.28296e-08,-7.64150169776577,top1
0,1.4,40,5,2.2974e-08,2.2974e-08,-7.638763383268668,top1
0,1.5,40,5,2.3121e-08,2.3121e-08,-7.635993386294329,top1
0,1.6,40,5,2.32128e-08,2.32128e-08,-7.634272470435678,top1
0,1.7,40,5,2.32978e-08,2.32978e-08,-7.632685087255956,top1
0,1.8,40,5,2.34162e-08,2.34162e-08,-7.630483581207787,top1
0,1.9,40,5,2.35038e-08,2.35038e-08,-7.628861917063771,top1
0,2.0,40,5,2.3629e-08,2.3629e-08,-7.626554657702021,top1
0,2.1,40,5,2.37696e-08,2.37696e-08,-7.623978126612351,top1
0,2.2,40,5,2.37756e-08,2.37756e-08,-7.6238685144157365,top1
0,2.3000000000000003,40,5,2.3938e-08,2.3938e-08,-7.620912137356832,top1
0,2.4,40,5,2.39592e-08,2.39592e-08,-7.620527687175294,top1
0,2.5,40,5,2.4001e-08,2.4001e-08,-7.619770663061963,top1
0,2.6,40,5,2.40856e-08,2.40856e-08,-7.618242530439708,top1
0,2.7,40,5,2.4212e-08,2.4212e-08,-7.615969334759486,top1
0,2.8000000000000003,40,5,2.4195e-08,2.4195e-08,-7.616274373555357,top1
0,2.9,40,5,2.4231e-08,2.4231e-08,-7.6156286623990095,top1
0,3.0,40,5,2.43062e-08,2.43062e-08,-7.61428293288965,top1
0,3.1,40,5,2.42974e-08,2.42974e-08,-7.614440196610136,top1
0,3.2,40,5,2.43988e-08,2.43988e-08,-7.612631532931514,top1
0,3.3000000000000003,40,5,2.44004e-08,2.44004e-08,-7.612603054137956,top1
0,3.4,40,5,2.43528e-08,2.43528e-08,-7.613451097913843,top1
0,3.5,40,5,2.44492e-08,2.44492e-08,-7.611735346817238,top1
0,3.6,40,5,2.44602e-08,2.44602e-08,-7.6115399962555275,top1
0,3.7,40,5,2.44884e-08,2.44884e-08,-7.611039589471895,top1
0,3.8,40,5,2.4504e-08,2.4504e-08,-7.610763016201484,top1
0,3.9,40,5,2.46362e-08,2.46362e-08,-7.608426278906194,top1
0,4.0,40,5,2.46114e-08,2.46114e-08,-7.608863681096824,top1
0,4.1,40,5,2.464e-08,2.464e-08,-7.608359296507612,top1
0,4.2,40,5,2.46148e-08,2.46148e-08,-7.608803688603363,top1
0,4.3,40,5,2.46616e-08,2.46616e-08,-7.607978750585803,top1
0,4.4,40,5,2.46266e-08,2.46266e-08,-7.608595543628421,top1
0,4.5,40,5,2.4714e-08,2.4714e-08,-7.607056957659939,top1
0,4.6000000000000005,40,5,2.46676e-08,2.46676e-08,-7.607873102535389,top1
0,4.7,40,5,2.47604e-08,2.47604e-08,-7.6062423436426485,top1
0,4.8,40,5,2.47486e-08,2.47486e-08,-7.606449363577751,top1
0,4.9,40,5,2.47754e-08,2.47754e-08,-7.6059793250812175,top1
0,5.0,40,5,2.47784e-08,2.47784e-08,-7.6059267404783295,top1
1,0.0,40,5,1.2026e-10,1.2026e-10,-9.919878800490519,top1
1,0.1,40,5,4.4096e-07,4.4096e-07,-6.355600804108487,top1
1,0.2,40,5,8.073599999999999e-07,8.073599999999999e-07,-6.09293277116252,top1
1,0.3,40,5,1.1036e-06,1.1036e-06,-5.957188308192852,top1
1,0.4,40,5,1.3399e-06,1.3399e-06,-5.872927612880545,top1
1,0.5,40,5,1.5314e-06,1.5314e-06,-5.814911357242081,top1
1,0.6,40,5,1.6862000000000005e-06,1.6862000000000005e-06,-5.773090915034518,top1
1,0.7,40,5,1.8115e-06,1.8115e-06,-5.741961661629444,top1
1,0.8,40,5,1.9069e-06,1.9069e-06,-5.719672081252324,top1
1,0.9,40,5,1.9762e-06,1.9762e-06,-5.704169105041415,top1
1,1.0,40,5,2.0232000000000004e-06,2.0232000000000004e-06,-5.693961183663651,top1
1,1.1,40,5,2.0495e-06,2.0495e-06,-5.68835207734748,top1
1,1.2,40,5,2.0705000000000003e-06,2.0705000000000003e-06,-5.683924765161603,top1
1,1.3,40,5,2.0835e-06,2.0835e-06,-5.681206495206703,top1
1,1.4,40,5,2.0932e-06,2.0932e-06,-5.679189273932372,top1
1,1.5,40,5,2.1011e-06,2.1011e-06,-5.677553277239606,top1
1,1.6,40,5,2.1093000000000003e-06,2.1093000000000003e-06,-5.675861647344983,top1
1,1.7,40,5,2.1174000000000003e-06,2.1174000000000003e-06,-5.674197091256387,top1
1,1.8,40,5,2.1226e-06,2.1226e-06,-5.673131840106318,top1
1,1.9,40,5,2.1303e-06,2.1303e-06,-5.6715592326315925,top1
1,2.0,40,5,2.1358000000000004e-06,2.1358000000000004e-06,-5.67043941782469,top1
1,2.1,40,5,2.1432e-06,2.1432e-06,-5.668937299399848,top1
1,2.2,40,5,2.1457e-06,2.1457e-06,-5.668430998797024,top1
1,2.3000000000000003,40,5,2.1503000000000004e-06,2.1503000000000004e-06,-5.667500945081821,top1
1,2.4,40,5,2.1565e-06,2.1565e-06,-5.66625053751803,top1
1,2.5,40,5,2.1615000000000004e-06,2.1615000000000004e-06,-5.66524476013033,top1
1,2.6,40,5,2.1631e-06,2.1631e-06,-5.664923402685594,top1
1,2.7,40,5,2.1666e-06,2.1666e-06,-5.66422126118953,top1
1,2.8000000000000003,40,5,2.1719000000000003e-06,2.1719000000000003e-06,-5.66316017468539,top1
1,2.9,40,5,2.1767000000000003e-06,2.1767000000000003e-06,-5.66220142273775,top1
1,3.0,40,5,2.1806000000000003e-06,2.1806000000000003e-06,-5.661423992250192,top1
1,3.1,40,5,2.1848e-06,2.1848e-06,-5.660588312868323,top1
1,3.2,40,5,2.1882e-06,2.1882e-06,-5.659912986302575,top1
1,3.3000000000000003,40,5,2.1924000000000004e-06,2.1924000000000004e-06,-5.659080206599837,top1
1,3.4,40,5,2.1958e-06,2.1958e-06,-5.658407219254707,top1
1,3.5,40,5,2.1996e-06,2.1996e-06,-5.657656288990158,top1
1,3.6,40,5,2.2027e-06,2.2027e-06,-5.65704464820401,top1
1,3.7,40,5,2.2076000000000003e-06,2.2076000000000003e-06,-5.656079614606774,top1
1,3.8,40,5,2.2129e-06,2.2129e-06,-5.655038211210318,top1
1,3.9,40,5,2.2136000000000003e-06,2.2136000000000003e-06,-5.654900853867105,top1
1,4.0,40,5,2.216e-06,2.216e-06,-5.654430243943608,top1
1,4.1,40,5,2.2177000000000004e-06,2.2177000000000004e-06,-5.654097203523455,top1
1,4.2,40,5,2.2215e-06,2.2215e-06,-5.65335368242311,top1
1,4.3,40,5,2.2213e-06,2.2213e-06,-5.653392783393867,top1
1,4.4,40,5,2.2262000000000004e-06,2.2262000000000004e-06,-5.652435821585049,top1
1,4.5,40,5,2.2306000000000003e-06,2.2306000000000003e-06,-5.651578302135575,top1
1,4.6000000000000005,40,5,2.2321e-06,2.2321e-06,-5.651286352532247,top1
1,4.7,40,5,2.2338e-06,2.2338e-06,-5.650955713397964,top1
1,4.8,40,5,2.2356e-06,2.2356e-06,-5.650605899056132,top1
1,4.9,40,5,2.2399000000000004e-06,2.2399000000000004e-06,-5.649771370245134,top1
1,5.0,40,5,2.2419e-06,2.2419e-06,-5.649383763024169,top1
2,0.0,40,5,3.4715000000000004e-10,3.4715000000000004e-10,-9.459482830407428,top1
2,0.1,40,5,1.1861000000000002e-06,1.1861000000000002e-06,-5.925878694093702,top1
2,0.2,40,5,2.2948e-06,2.2948e-06,-5.639255158789597,top1
2,0.3,40,5,3.3266000000000005e-06,3.3266000000000005e-06,-5.47799941681573,top1
2,0.4,40,5,4.2858000000000005e-06,4.2858000000000005e-06,-5.367968099491814,top1
2,0.5,40,5,5.175100000000001e-06,5.175100000000001e-06,-5.286081253788225,top1
2,0.6,40,5,5.9962e-06,5.9962e-06,-5.222123889925193,top1
2,0.7,40,5,6.7541e-06,6.7541e-06,-5.170432513566364,top1
2,0.8,40,5,7.4515e-06,7.4515e-06,-5.127756294211402,top1
2,0.9,40,5,8.0906e-06,8.0906e-06,-5.092019269855379,top1
2,1.0,40,5,8.671500000000002e-06,8.671500000000002e-06,-5.0619057715692035,top1
2,1.1,40,5,9.2027e-06,9.2027e-06,-5.036084735364313,top1
2,1.2,40,5,9.6788e-06,9.6788e-06,-5.014178484187871,top1
2,1.3,40,5,1.01034e-05,1.01034e-05,-4.995532452677022,top1
2,1.4,40,5,1.04804e-05,1.04804e-05,-4.979622141543359,top1
2,1.5,40,5,1.08073e-05,1.08073e-05,-4.9662827927778945,top1
2,1.6,40,5,1.10854e-05,1.10854e-05,-4.9552486314030295,top1
2,1.7,40,5,1.1324e-05,1.1324e-05,-4.946000139306935,top1
2,1.8,40,5,1.151e-05,1.151e-05,-4.938924676370208,top1
2,1.9,40,5,1.1668e-05,1.1668e-05,-4.933003579550305,top1
2,2.0,40,5,1.1786e-05,1.1786e-05,-4.9286335632408695,top1
2,2.1,40,5,1.1878e-05,1.1878e-05,-4.9252566790589976,top1
2,2.2,40,5,1.1958e-05,1.1958e-05,-4.9223414509158685,top1
2,2.3000000000000003,40,5,1.2024e-05,1.2024e-05,-4.919951032421149,top1
2,2.4,40,5,1.2076e-05,1.2076e-05,-4.91807689564894,top1
2,2.5,40,5,1.213e-05,1.213e-05,-4.916139199133427,top1
2,2.6,40,5,1.2176e-05,1.2176e-05,-4.914495360573502,top1
2,2.7,40,5,1.2212e-05,1.2212e-05,-4.913213204373376,top1
2,2.8000000000000003,40,5,1.225e-05,1.225e-05,-4.911863911299449,top1
2,2.9,40,5,1.2286e-05,1.2286e-05,-4.910589489016456,top1
2,3.0,40,5,1.232e-05,1.232e-05,-4.909389292171594,top1
2,3.1,40,5,1.2352e-05,1.2352e-05,-4.9082627170083395,top1
2,3.2,40,5,1.238e-05,1.238e-05,-4.907279355315901,top1
2,3.3000000000000003,40,5,1.2412e-05,1.2412e-05,-4.906158233087872,top1
2,3.4,40,5,1.2436e-05,1.2436e-05,-4.9053192866288455,top1
2,3.5,40,5,1.246e-05,1.246e-05,-4.9044819576768495,top1
2,3.6,40,5,1.249e-05,1.249e-05,-4.903437561625864,top1
2,3.7,40,5,1.2512e-05,1.2512e-05,-4.9026732642842275,top1
2,3.8,40,5,1.2538e-05,1.2538e-05,-4.90177173449706,top1
2,3.9,40,5,1.2564e-05,1.2564e-05,-4.900872072273533,top1
2,4.0,40,5,1.2592e-05,1.2592e-05,-4.89990528498501,top1
2,4.1,40,5,1.2612e-05,1.2612e-05,-4.899216037924133,top1
2,4.2,40,5,1.2632e-05,1.2632e-05,-4.898527882999762,top1
2,4.3,40,5,1.2658e-05,1.2658e-05,-4.897634908661472,top1
2,4.4,40,5,1.2678e-05,1.2678e-05,-4.896949252564043,top1
2,4.5,40,5,1.2702e-05,1.2702e-05,-4.896127891596945,top1
2,4.6000000000000005,40,5,1.2724e-05,1.2724e-05,-4.895376339564674,top1
2,4.7,40,5,1.2746e-05,1.2746e-05,-4.894626085856153,top1
2,4.8,40,5,1.2762e-05,1.2762e-05,-4.894081259713627,top1
2,4.9,40,5,1.2782e-05,1.2782e-05,-4.893401186787463,top1
2,5.0,40,5,1.28e-05,1.28e-05,-4.892790030352131,top1
3,0.0,40,5,7.556e-10,7.556e-10,-9.121708050750204,top1
3,0.1,40,5,2.0538e-06,2.0538e-06,-5.687441850478479,top1
3,0.2,40,5,4.019300000000001e-06,4.019300000000001e-06,-5.395849576917669,top1
3,0.3,40,5,5.892900000000001e-06,5.892900000000001e-06,-5.229670928634476,top1
3,0.4,40,5,7.681500000000001e-06,7.681500000000001e-06,-5.1145539651099226,top1
3,0.5,40,5,9.3865e-06,9.3865e-06,-5.027496315512684,top1
3,0.6,40,5,1.10058e-05,1.10058e-05,-4.958378383555171,top1
3,0.7,40,5,1.2548e-05,1.2548e-05,-4.901425489974293,top1
3,0.8,40,5,1.4004e-05,1.4004e-05,-4.853747897907005,top1
3,0.9,40,5,1.5396e-05,1.5396e-05,-4.812592097577447,top1
3,1.0,40,5,1.6708e-05,1.6708e-05,-4.777075533406917,top1
3,1.1,40,5,1.7952e-05,1.7952e-05,-4.7458871604239325,top1
3,1.2,40,5,1.912e-05,1.912e-05,-4.718512112059919,top1
3,1.3,40,5,2.0222e-05,2.0222e-05,-4.694175893947307,top1
3,1.4,40,5,2.1268e-05,2.1268e-05,-4.672273348357859,top1
3,1.5,40,5,2.2242e-05,2.2242e-05,-4.652826163586792,top1
3,1.6,40,5,2.3152e-05,2.3152e-05,-4.6354114862250375,top1
3,1.7,40,5,2.4004e-05,2.4004e-05,-4.619716381905941,top1
3,1.8,40,5,2.4796e-05,2.4796e-05,-4.605618372320464,top1
3,1.9,40,5,2.553e-05,2.553e-05,-4.592949185195749,top1
3,2.0,40,5,2.6206e-05,2.6206e-05,-4.581599263315113,top1
3,2.1,40,5,2.6826e-05,2.6826e-05,-4.571444079748325,top1
3,2.2,40,5,2.7388e-05,2.7388e-05,-4.562439680804719,top1
3,2.3000000000000003,40,5,2.79e-05,2.79e-05,-4.554395796726403,top1
3,2.4,40,5,2.8356e-05,2.8356e-05,-4.547355032320006,top1
3,2.5,40,5,2.8762e-05,2.8762e-05,-4.54118091805397,top1
3,2.6,40,5,2.9122e-05,2.9122e-05,-4.5357788024655505,top1
3,2.7,40,5,2.9432e-05,2.9432e-05,-4.5311802251769295,top1
3,2.8000000000000003,40,5,2.9704e-05,2.9704e-05,-4.527185063781897,top1
3,2.9,40,5,2.9936000000000003e-05,2.9936000000000003e-05,-4.523806229844065,top1
3,3.0,40,5,3.0136e-05,3.0136e-05,-4.520914392804789,top1
3,3.1,40,5,3.0314e-05,3.0314e-05,-4.518356753724416,top1
3,3.2,40,5,3.0466000000000003e-05,3.0466000000000003e-05,-4.516184562251335,top1
3,3.3000000000000003,40,5,3.06e-05,3.06e-05,-4.51427857351842,top1
3,3.4,40,5,3.0718e-05,3.0718e-05,-4.512607063941288,top1
3,3.5,40,5,3.0826e-05,3.0826e-05,-4.511082825926471,top1
3,3.6,40,5,3.0928e-05,3.0928e-05,-4.509648163315522,top1
3,3.7,40,5,3.102e-05,3.102e-05,-4.508358206522414,top1
3,3.8,40,5,3.1114e-05,3.1114e-05,-4.507044152624583,top1
3,3.9,40,5,3.1192e-05,3.1192e-05,-4.505956777820071,top1
3,4.0,40,5,3.1268e-05,3.1268e-05,-4.50489989671492,top1
3,4.1,40,5,3.1346e-05,3.1346e-05,-4.503817870742732,top1
3,4.2,40,5,3.1416e-05,3.1416e-05,-4.502849111737638,top1
3,4.3,40,5,3.1486e-05,3.1486e-05,-4.50188250888613,top1
3,4.4,40,5,3.155e-05,3.155e-05,-4.501000636419847,top1
3,4.5,40,5,3.1624e-05,3.1624e-05,-4.499983198665086,top1
3,4.6000000000000005,40,5,3.1688e-05,3.1688e-05,-4.499105170603763,top1
3,4.7,40,5,3.1744e-05,3.1744e-05,-4.498338349525915,top1
3,4.8,40,5,3.1802e-05,3.1802e-05,-4.4975455667561075,top1
3,4.9,40,5,3.186e-05,3.186e-05,-4.496754228534887,top1
3,5.0,40,5,3.1916000000000004e-05,3.1916000000000004e-05,-4.4959915435989535,top1
4,0.0,40,5,1.0685e-09,1.0685e-09,-8.971225473499912,top1
4,0.1,40,5,3.0386000000000004e-06,3.0386000000000004e-06,-5.51732646649667,top1
4,0.2,40,5,5.979500000000001e-06,5.979500000000001e-06,-5.223335129777395,top1
4,0.3,40,5,8.814900000000001e-06,8.814900000000001e-06,-5.054782610159274,top1
4,0.4,40,5,1.1554e-05,1.1554e-05,-4.937267636794606,top1
4,0.5,40,5,1.42e-05,1.42e-05,-4.847711655616943,top1
4,0.6,40,5,1.6746000000000002e-05,1.6746000000000002e-05,-4.776088913127725,top1
4,0.7,40,5,1.9206e-05,1.9206e-05,-4.716563075472224,top1
4,0.8,40,5,2.1568e-05,2.1568e-05,-4.666190125144774,top1
4,0.9,40,5,2.3852e-05,2.3852e-05,-4.622475199326298,top1
4,1.0,40,5,2.6038e-05,2.6038e-05,-4.584392377335853,top1
4,1.1,40,5,2.8144e-05,2.8144e-05,-4.550614177886614,top1
4,1.2,40,5,3.0164e-05,3.0164e-05,-4.520511067883818,top1
4,1.3,40,5,3.2106e-05,3.2106e-05,-4.493413798642101,top1
4,1.4,40,5,3.3972e-05,3.3972e-05,-4.468878884587272,top1
4,1.5,40,5,3.5758e-05,3.5758e-05,-4.446626779955933,top1
4,1.6,40,5,3.7458e-05,3.7458e-05,-4.426455414685067,top1
4,1.7,40,5,3.9096e-05,3.9096e-05,-4.407867673979885,top1
4,1.8,40,5,4.0654e-05,4.0654e-05,-4.390896717167989,top1
4,1.9,40,5,4.2144e-05,4.2144e-05,-4.37526424671831,top1
4,2.0,40,5,4.356e-05,4.356e-05,-4.3609121289162625,top1
4,2.1,40,5,4.4906e-05,4.4906e-05,-4.347695627976583,top1
4,2.2,40,5,4.6186e-05,4.6186e-05,-4.335489648776418,top1
4,2.3000000000000003,40,5,4.74e-05,4.74e-05,-4.324221658325915,top1
4,2.4,40,5,4.8556e-05,4.8556e-05,-4.313757097251564,top1
4,2.5,40,5,4.9632e-05,4.9632e-05,-4.304238223866489,top1
4,2.6,40,5,5.0658e-05,5.0658e-05,-4.295351960343136,top1
4,2.7,40,5,5.1618e-05,5.1618e-05,-4.287198826715645,top1
4,2.8000000000000003,40,5,5.2514e-05,5.2514e-05,-4.279724900171039,top1
4,2.9,40,5,5.3348000000000005e-05,5.3348000000000005e-05,-4.272881857499964,top1
4,3.0,40,5,5.4128e-05,5.4128e-05,-4.2665780195560945,top1
4,3.1,40,5,5.4848e-05,5.4848e-05,-4.260839204092915,top1
4,3.2,40,5,5.5518e-05,5.5518e-05,-4.255566187448893,top1
4,3.3000000000000003,40,5,5.613e-05,5.613e-05,-4.2508049577803275,top1
4,3.4,40,5,5.6694e-05,5.6694e-05,-4.246462900626889,top1
4,3.5,40,5,5.7204e-05,5.7204e-05,-4.242573602025333,top1
4,3.6,40,5,5.766e-05,5.766e-05,-4.239125361947811,top1
4,3.7,40,5,5.808e-05,5.808e-05,-4.2359733923079625,top1
4,3.8,40,5,5.845000000000001e-05,5.845000000000001e-05,-4.233215484502141,top1
4,3.9,40,5,5.88e-05,5.88e-05,-4.230622673923862,top1
4,4.0,40,5,5.9104e-05,5.9104e-05,-4.228383126239852,top1
4,4.1,40,5,5.9382e-05,5.9382e-05,-4.22634517935135,top1
4,4.2,40,5,5.9642e-05,5.9642e-05,-4.224447801597308,top1
4,4.3,40,5,5.9872000000000005e-05,5.9872000000000005e-05,-4.222776234180084,top1
4,4.4,40,5,6.009e-05,6.009e-05,-4.221197795986761,top1
4,4.5,40,5,6.0288e-05,6.0288e-05,-4.2197691232232355,top1
4,4.6000000000000005,40,5,6.047e-05,6.047e-05,-4.218460031394058,top1
4,4.7,40,5,6.0646e-05,6.0646e-05,-4.217197838411843,top1
4,4.8,40,5,6.0814e-05,6.0814e-05,-4.215996430220029,top1
4,4.9,40,5,6.097e-05,6.097e-05,-4.21488380497808,top1
4,5.0,40,5,6.1122e-05,6.1122e-05,-4.213802443458006,top1
5,0.0,40,5,1.0178e-09,1.0178e-09,-8.992337553462724,top1
5,0.1,40,5,4.1315e-06,4.1315e-06,-5.383892242907537,top1
5,0.2,40,5,8.156000000000001e-06,8.156000000000001e-06,-5.0885227828938975,top1
5,0.3,40,5,1.2066e-05,1.2066e-05,-4.918436679019615,top1
5,0.4,40,5,1.5868e-05,1.5868e-05,-4.799477808197887,top1
5,0.5,40,5,1.957e-05,1.957e-05,-4.708409174341999,top1
5,0.6,40,5,2.3156e-05,2.3156e-05,-4.635336459105234,top1
5,0.7,40,5,2.6654000000000003e-05,2.6654000000000003e-05,-4.5742376066159895,top1
5,0.8,40,5,3.0042e-05,3.0042e-05,-4.522271158217447,top1
5,0.9,40,5,3.334e-05,3.334e-05,-4.4770344045080135,top1
5,1.0,40,5,3.6536e-05,3.6536e-05,-4.4372790014010555,top1
5,1.1,40,5,3.9644e-05,3.9644e-05,-4.40182253253475,top1
5,1.2,40,5,4.265e-05,4.265e-05,-4.370080964496458,top1
5,1.3,40,5,4.5562e-05,4.5562e-05,-4.341397220284341,top1
5,1.4,40,5,4.8398e-05,4.8398e-05,-4.315172584779355,top1
5,1.5,40,5,5.1136e-05,5.1136e-05,-4.291273246702121,top1
5,1.6,40,5,5.3790000000000005e-05,5.3790000000000005e-05,-4.269298455718155,top1
5,1.7,40,5,5.6368e-05,5.6368e-05,-4.248967374162833,top1
5,1.8,40,5,5.8844e-05,5.8844e-05,-4.230297813189872,top1
5,1.9,40,5,6.1256e-05,6.1256e-05,-4.212851365914118,top1
5,2.0,40,5,6.3582e-05,6.3582e-05,-4.196665815280907,top1
5,2.1,40,5,6.582200000000001e-05,6.582200000000001e-05,-4.181628925813027,top1
5,2.2,40,5,6.7994e-05,6.7994e-05,-4.1675294090858,top1
5,2.3000000000000003,40,5,7.008e-05,7.008e-05,-4.154405906839975,top1
5,2.4,40,5,7.21e-05,7.21e-05,-4.142064735280571,top1
5,2.5,40,5,7.4036e-05,7.4036e-05,-4.130557053247803,top1
5,2.6,40,5,7.5894e-05,7.5894e-05,-4.119792557041167,top1
5,2.7,40,5,7.7692e-05,7.7692e-05,-4.109623698505747,top1
5,2.8000000000000003,40,5,7.9412e-05,7.9412e-05,-4.100113866086709,top1
5,2.9,40,5,8.1066e-05,8.1066e-05,-4.091161255634324,top1
5,3.0,40,5,8.265e-05,8.265e-05,-4.082757142092533,top1
5,3.1,40,5,8.4162e-05,8.4162e-05,-4.0748839526266085,top1
5,3.2,40,5,8.561e-05,8.561e-05,-4.067475502949458,top1
5,3.3000000000000003,40,5,8.6984e-05,8.6984e-05,-4.060560624976218,top1
5,3.4,40,5,8.829600000000001e-05,8.829600000000001e-05,-4.054058970457267,top1
5,3.5,40,5,8.954400000000002e-05,8.954400000000002e-05,-4.047963509247565,top1
5,3.6,40,5,9.073e-05,9.073e-05,-4.042249089122721,top1
5,3.7,40,5,9.1844e-05,9.1844e-05,-4.036949210093116,top1
5,3.8,40,5,9.291e-05,9.291e-05,-4.03193753992355,top1
5,3.9,40,5,9.3904e-05,9.3904e-05,-4.027315907830502,top1
5,4.0,40,5,9.4848e-05,9.4848e-05,-4.022971822372804,top1
5,4.1,40,5,9.5732e-05,9.5732e-05,-4.0189428678611865,top1
5,4.2,40,5,9.6554e-05,9.6554e-05,-4.015229729736025,top1
5,4.3,40,5,9.7326e-05,9.7326e-05,-4.0117711253210695,top1
5,4.4,40,5,9.8052e-05,9.8052e-05,-4.008543543453563,top1
5,4.5,40,5,9.8722e-05,9.8722e-05,-4.005586054889385,top1
5,4.6000000000000005,40,5,9.9338e-05,9.9338e-05,-4.002884588026195,top1
5,4.7,40,5,9.9916e-05,9.9916e-05,-4.0003649606697484,top1
5,4.8,40,5,0.00010047,0.00010047,-3.997963597740471,top1
5,4.9,40,5,0.000100982,0.000100982,-3.995756032131696,top1
5,5.0,40,5,0.000101446,0.000101446,-3.993765072456909,top1
-5,0.0,40,10,5.0464e-12,5.0464e-12,-11.297018328351191,bot2
-5,0.1,40,10,1.8494e-12,1.8494e-12,-11.732969146707235,bot2
-5,0.2,40,10,2.6646e-12,2.6646e-12,-11.57436797644268,bot2
-5,0.3,40,10,3.1312e-12,3.1312e-12,-11.504289191686073,bot2
-5,0.4,40,10,3.5194e-12,3.5194e-12,-11.45353137030025,bot2
-5,0.5,40,10,3.8892e-12,3.8892e-12,-11.410139722920166,bot2
-5,0.6,40,10,4.1142e-12,4.1142e-12,-11.385714600150981,bot2
-5,0.7,40,10,4.2476e-12,4.2476e-12,-11.37185638787105,bot2
-5,0.8,40,10,-4.7698e-12,4.7698e-12,-11.321499830753885,bot2
-5,0.9,40,10,-4.2846e-12,4.2846e-12,-11.368089716541588,bot2
-5,1.0,40,10,2.155e-12,2.155e-12,-11.66655272550325,bot2
-5,1.1,40,10,1.3306e-12,1.3306e-12,-11.87595248088997,bot2
-5,1.2,40,10,2.864e-13,2.864e-13,-12.543026986364183,bot2
-5,1.3,40,10,-6.662e-13,6.662e-13,-12.176395371644842,bot2
-5,1.4,40,10,-1.388e-12,1.388e-12,-11.857610533881164,bot2
-5,1.5,40,10,-2.0694e-12,2.0694e-12,-11.684155555248966,bot2
-5,1.6,40,10,-2.8146e-12,2.8146e-12,-11.550583316669197,bot2
-5,1.7,40,10,-3.308e-12,3.308e-12,-11.480434499119491,bot2
-5,1.8,40,10,-3.7026e-12,3.7026e-12,-11.43149320320197,bot2
-5,1.9,40,10,-3.9934e-12,3.9934e-12,-11.39865718640165,bot2
-5,2.0,40,10,-4.1132e-12,4.1132e-12,-11.385820172867524,bot2
-5,2.1,40,10,-4.373e-12,4.373e-12,-11.359220522655143,bot2
-5,2.2,40,10,4.8712e-12,4.8712e-12,-11.312364038953534,bot2
-5,2.3000000000000003,40,10,4.0066e-12,4.0066e-12,-11.397224013310762,bot2
-5,2.4,40,10,-1.3264e-12,1.3264e-12,-11.877325486793803,bot2
-5,2.5,40,10,-4.978e-13,4.978e-13,-12.302945107727426,bot2
-5,2.6,40,10,4.38e-13,4.38e-13,-12.358525889495901,bot2
-5,2.7,40,10,1.3148e-12,1.3148e-12,-11.881140304590414,bot2
-5,2.8000000000000003,40,10,2.2332e-12,2.2332e-12,-11.651072380821608,bot2
-5,2.9,40,10,2.8936e-12,2.8936e-12,-11.538561504246436,bot2
-5,3.0,40,10,3.584e-12,3.584e-12,-11.445631999009912,bot2
-5,3.1,40,10,3.9532e-12,3.9532e-12,-11.403051213307126,bot2
-5,3.2,40,10,4.0656e-12,4.0656e-12,-11.390875352293707,bot2
-5,3.3000000000000003,40,10,4.2042e-12,4.2042e-12,-11.37631663212278,bot2
-5,3.4,40,10,-4.6812e-12,4.6812e-12,-11.329642803640583,bot2
-5,3.5,40,10,-4.4934e-12,4.4934e-12,-11.347424919029855,bot2
-5,3.6,40,10,2.5156e-12,2.5156e-12,-11.59935841394349,bot2
-5,3.7,40,10,7.456e-13,7.456e-13,-12.127494100654076,bot2
-5,3.8,40,10,1.6498e-12,1.6498e-12,-11.782568700732144,bot2
-5,3.9,40,10,2.3008e-12,2.3008e-12,-11.638121131297211,bot2
-5,4.0,40,10,3.0182e-12,3.0182e-12,-11.52025198523025,bot2
-5,4.1,40,10,3.5552e-12,3.5552e-12,-11.449135962739227,bot2
-5,4.2,40,10,3.8034e-12,3.8034e-12,-11.419827997844381,bot2
-5,4.3,40,10,4.102e-12,4.102e-12,-11.387004343967652,bot2
-5,4.4,40,10,4.2708e-12,4.2708e-12,-11.369490765948528,bot2
-5,4.5,40,10,-4.7596e-12,4.7596e-12,-11.322429544147624,bot2
-5,4.6000000000000005,40,10,-4.1576e-12,4.1576e-12,-11.381157296185197,bot2
-5,4.7,40,10,1.6406e-12,1.6406e-12,-11.784997292785048,bot2
-5,4.8,40,10,4.01e-13,4.01e-13,-12.396855627379818,bot2
-5,4.9,40,10,-8.81e-13,8.81e-13,-12.055024091587953,bot2
-5,5.0,40,10,-1.914e-12,1.914e-12,-11.718058066559175,bot2
-4,0.0,40,10,-4.6436e-12,4.6436e-12,-11.333145197476654,bot2
-4,0.1,40,10,4.8334e-12,4.8334e-12,-11.315747262257284,bot2
-4,0.2,40,10,3.889e-12,3.889e-12,-11.41016205685254,bot2
-4,0.3,40,10,-1.5068e-12,1.5068e-12,-11.82194438846877,bot2
-4,0.4,40,10,-3.952e-13,3.952e-13,-12.40318306408441,bot2
-4,0.5,40,10,5.448e-13,5.448e-13,-12.263762901095271,bot2
-4,0.6,40,10,1.2098e-12,1.2098e-12,-11.917286419828669,bot2
-4,0.7,40,10,1.9642e-12,1.9642e-12,-11.706814293293402,bot2
-4,0.8,40,10,2.5704e-12,2.5704e-12,-11.58999928745654,bot2
-4,0.9,40,10,3.1654e-12,3.1654e-12,-11.499571401976402,bot2
-4,1.0,40,10,3.5658e-12,3.5658e-12,-11.447843019358148,bot2
-4,1.1,40,10,3.8942e-12,3.8942e-12,-11.40958174756024,bot2
-4,1.2,40,10,4.0668e-12,4.0668e-12,-11.390747185114996,bot2
-4,1.3,40,10,4.1932e-12,4.1932e-12,-11.377454422875486,bot2
-4,1.4,40,10,-4.6608e-12,4.6608e-12,-11.331539532716407,bot2
-4,1.5,40,10,-4.5244e-12,4.5244e-12,-11.344439006285622,bot2
-4,1.6,40,10,2.5148e-12,2.5148e-12,-11.59949654832185,bot2
-4,1.7,40,10,6.958e-13,6.958e-13,-12.15751557558843,bot2
-4,1.8,40,10,1.5836e-12,1.5836e-12,-11.800354506919833,bot2
-4,1.9,40,10,2.2296e-12,2.2296e-12,-11.651773044294751,bot2
-4,2.0,40,10,2.9062e-12,2.9062e-12,-11.536674501563267,bot2
-4,2.1,40,10,3.3942e-12,3.3942e-12,-11.469262570875948,bot2
-4,2.2,40,10,3.879e-12,3.879e-12,-11.411280220399943,bot2
-4,2.3000000000000003,40,10,4.1704e-12,4.1704e-12,-11.379822288081037,bot2
-4,2.4,40,10,4.3028e-12,4.3028e-12,-11.366248840046891,bot2
-4,2.5,40,10,-4.7026e-12,4.7026e-12,-11.327661960480098,bot2
-4,2.6,40,10,-4.4634e-12,4.4634e-12,-11.350334190907974,bot2
-4,2.7,40,10,2.561e-12,2.561e-12,-11.59159042153157,bot2
-4,2.8000000000000003,40,10,4.81e-13,4.81e-13,-12.317854923626168,bot2
-4,2.9,40,10,1.3994e-12,1.3994e-12,-11.854058130423878,bot2
-4,3.0,40,10,2.1328e-12,2.1328e-12,-11.671049867930217,bot2
-4,3.1,40,10,1.2922e-12,1.2922e-12,-11.88867026329585,bot2
-4,3.2,40,10,2.0018e-12,2.0018e-12,-11.698579315086109,bot2
-4,3.3000000000000003,40,10,2.7446e-12,2.7446e-12,-11.561520940995683,bot2
-4,3.4,40,10,3.315e-12,3.315e-12,-11.479516467259208,bot2
-4,3.5,40,10,3.6526e-12,3.6526e-12,-11.437397885221541,bot2
-4,3.6,40,10,3.9772e-12,3.9772e-12,-11.400422569257312,bot2
-4,3.7,40,10,4.1844e-12,4.1844e-12,-11.378366806576398,bot2
-4,3.8,40,10,4.3918e-12,4.3918e-12,-11.357357445624016,bot2
-4,3.9,40,10,-4.868e-12,4.868e-12,-11.312649430441972,bot2
-4,4.0,40,10,-4.1264e-12,4.1264e-12,-11.384428675206138,bot2
-4,4.1,40,10,1.5598e-12,1.5598e-12,-11.806931083994726,bot2
-4,4.2,40,10,3.27e-13,3.27e-13,-12.485452247339714,bot2
-4,4.3,40,10,-4.51e-13,4.51e-13,-12.34582345812204,bot2
-4,4.4,40,10,-1.3498e-12,1.3498e-12,-11.86973057619463,bot2
-4,4.5,40,10,-2.295e-12,2.295e-12,-11.63921731012672,bot2
-4,4.6000000000000005,40,10,-2.9524e-12,2.9524e-12,-11.529824803344821,bot2
-4,4.7,40,10,-3.4414e-12,3.4414e-12,-11.463264845630565,bot2
-4,4.8,40,10,-3.7736e-12,3.7736e-12,-11.423244136762355,bot2
-4,4.9,40,10,-3.9498e-12,3.9498e-12,-11.403424894524278,bot2
-4,5.0,40,10,-4.094e-12,4.094e-12,-11.387852161673512,bot2
-3,0.0,40,10,-4.9936e-12,4.9936e-12,-11.301586248678742,bot2
-3,0.1,40,10,-4.1916e-12,4.1916e-12,-11.377620168314728,bot2
-3,0.2,40,10,2.0136e-12,2.0136e-12,-11.696026797459695,bot2
-3,0.3,40,10,1.321e-12,1.321e-12,-11.879097182385474,bot2
-3,0.4,40,10,2.456e-13,2.456e-13,-12.60977163753087,bot2
-3,0.5,40,10,-5.912e-13,5.912e-13,-12.22826557461323,bot2
-3,0.6,40,10,-1.479e-12,1.479e-12,-11.830031826003108,bot2
-3,0.7,40,10,-2.3962e-12,2.3962e-12,-11.620476936169446,bot2
-3,0.8,40,10,-2.8902e-12,2.8902e-12,-11.539072103301923,bot2
-3,0.9,40,10,-3.4666e-12,3.4666e-12,-11.460096267318148,bot2
-3,1.0,40,10,-3.9044e-12,3.9044e-12,-11.408445695899328,bot2
-3,1.1,40,10,-3.998e-12,3.998e-12,-11.398157210217901,bot2
-3,1.2,40,10,-4.1078e-12,4.1078e-12,-11.386390709429879,bot2
-3,1.3,40,10,-4.2392e-12,4.2392e-12,-11.372716093493727,bot2
-3,1.4,40,10,4.7608e-12,4.7608e-12,-11.322320062743263,bot2
-3,1.5,40,10,4.4314e-12,4.4314e-12,-11.353459046639069,bot2
-3,1.6,40,10,-2.2594e-12,2.2594e-12,-11.646006875580516,bot2
-3,1.7,40,10,-1.5292e-12,1.5292e-12,-11.815535710653009,bot2
-3,1.8,40,10,-5.41e-13,5.41e-13,-12.26680273489343,bot2
-3,1.9,40,10,3.792e-13,3.792e-13,-12.42113167133397,bot2
-3,2.0,40,10,1.106e-12,1.106e-12,-11.95624487303132,bot2
-3,2.1,40,10,9.8e-14,9.8e-14,-13.008773924307505,bot2
-3,2.2,40,10,9.534e-13,9.534e-13,-12.020724852408977,bot2
-3,2.3000000000000003,40,10,1.5768e-12,1.5768e-12,-11.802223388728613,bot2
-3,2.4,40,10,2.3208e-12,2.3208e-12,-11.634362284205393,bot2
-3,2.5,40,10,2.9184e-12,2.9184e-12,-11.534855183351677,bot2
-3,2.6,40,10,3.3512e-12,3.3512e-12,-11.474799652646837,bot2
-3,2.7,40,10,3.8002e-12,3.8002e-12,-11.420193546380373,bot2
-3,2.8000000000000003,40,10,4.0202e-12,4.0202e-12,-11.39575234076235,bot2
-3,2.9,40,10,4.1524e-12,4.1524e-12,-11.3817008176294,bot2
-3,3.0,40,10,4.2534e-12,4.2534e-12,-11.371263773264324,bot2
-3,3.1,40,10,-4.7266e-12,4.7266e-12,-11.325451149366897,bot2
-3,3.2,40,10,-4.4596e-12,4.4596e-12,-11.350704093212357,bot2
-3,3.3000000000000003,40,10,2.3812e-12,2.3812e-12,-11.623204126120283,bot2
-3,3.4,40,10,1.6062e-12,1.6062e-12,-11.794200378429423,bot2
-3,3.5,40,10,4.202e-13,4.202e-13,-12.376543951930067,bot2
-3,3.6,40,10,-2.122e-13,2.122e-13,-12.673254620434678,bot2
-3,3.7,40,10,-1.2366e-12,1.2366e-12,-11.907770757837143,bot2
-3,3.8,40,10,-1.9616e-12,1.9616e-12,-11.707389547161679,bot2
-3,3.9,40,10,-2.5704e-12,2.5704e-12,-11.58999928745654,bot2
-3,4.0,40,10,-3.0696e-12,3.0696e-12,-11.51291821380974,bot2
-3,4.1,40,10,-3.4862e-12,3.4862e-12,-11.457647701447247,bot2
-3,4.2,40,10,-3.7582e-12,3.7582e-12,-11.42502011178601,bot2
-3,4.3,40,10,-3.9922e-12,3.9922e-12,-11.398787709689119,bot2
-3,4.4,40,10,-4.1006e-12,4.1006e-12,-11.387152592640163,bot2
-3,4.5,40,10,-4.319e-12,4.319e-12,-11.364616795952502,bot2
-3,4.6000000000000005,40,10,4.7054e-12,4.7054e-12,-11.327403451852284,bot2
-3,4.7,40,10,-4.9902e-12,4.9902e-12,-11.301882048132969,bot2
-3,4.8,40,10,-2.6434e-12,2.6434e-12,-11.57783711433761,bot2
-3,4.9,40,10,-5.352e-13,5.352e-13,-12.271483895240234,bot2
-3,5.0,40,10,-1.1878e-12,1.1878e-12,-11.925256679058997,bot2
-2,0.0,40,10,4.5086e-12,4.5086e-12,-11.345958293302566,bot2
-2,0.1,40,10,-4.9808e-12,4.9808e-12,-11.30270089666156,bot2
-2,0.2,40,10,-2.8854e-12,2.8854e-12,-11.53979397254255,bot2
-2,0.3,40,10,-2.756e-13,2.756e-13,-12.559720786764412,bot2
-2,0.4,40,10,-1.1322e-12,1.1322e-12,-11.946076849451424,bot2
-2,0.5,40,10,-1.8108e-12,1.8108e-12,-11.742129514176785,bot2
-2,0.6,40,10,-2.3004e-12,2.3004e-12,-11.638196641074313,bot2
-2,0.7,40,10,-2.8498e-12,2.8498e-12,-11.545185617866649,bot2
-2,0.8,40,10,-3.3964e-12,3.3964e-12,-11.468981167791208,bot2
-2,0.9,40,10,-3.751e-12,3.751e-12,-11.425852935849278,bot2
-2,1.0,40,10,-3.9374e-12,3.9374e-12,-11.404790463043533,bot2
-2,1.1,40,10,-4.136e-12,4.136e-12,-11.383419469914115,bot2
-2,1.2,40,10,-4.1418e-12,4.1418e-12,-11.382810876228051,bot2
-2,1.3,40,10,-4.2384e-12,4.2384e-12,-11.372798059046843,bot2
-2,1.4,40,10,4.735e-12,4.735e-12,-11.324680016660707,bot2
-2,1.5,40,10,4.337e-12,4.337e-12,-11.362810577851238,bot2
-2,1.6,40,10,-2.373e-12,2.373e-12,-11.62470226178266,bot2
-2,1.7,40,10,-1.526e-12,1.526e-12,-11.816445466381138,bot2
-2,1.8,40,10,-5.364e-13,5.364e-13,-12.27051123082044,bot2
-2,1.9,40,10,2.704e-13,2.704e-13,-12.567993312730401,bot2
-2,2.0,40,10,1.1464e-12,1.1464e-12,-11.940663822610713,bot2
-2,2.1,40,10,1.604e-12,1.604e-12,-11.794795636051855,bot2
-2,2.2,40,10,2.2878e-12,2.2878e-12,-11.640581944342685,bot2
-2,2.3000000000000003,40,10,2.9308e-12,2.9308e-12,-11.533013817133032,bot2
-2,2.4,40,10,3.3758e-12,3.3758e-12,-11.471623291154593,bot2
-2,2.5,40,10,3.6822e-12,3.6822e-12,-11.433892626332424,bot2
-2,2.6,40,10,3.9288e-12,3.9288e-12,-11.405740078876452,bot2
-2,2.7,40,10,4.0692e-12,4.0692e-12,-11.390490964174289,bot2
-2,2.8000000000000003,40,10,4.1964e-12,4.1964e-12,-11.37712312164313,bot2
-2,2.9,40,10,-4.7374e-12,4.7374e-12,-11.324459944286469,bot2
-2,3.0,40,10,-4.5534e-12,4.5534e-12,-11.341664196789923,bot2
-2,3.1,40,10,2.6486e-12,2.6486e-12,-11.57698362528518,bot2
-2,3.2,40,10,4.352e-13,4.352e-13,-12.361311113309876,bot2
-2,3.3000000000000003,40,10,1.226e-12,1.226e-12,-11.911509529817604,bot2
-2,3.4,40,10,1.9684e-12,1.9684e-12,-11.705886643637957,bot2
-2,3.5,40,10,2.5852e-12,2.5852e-12,-11.587505852749365,bot2
-2,3.6,40,10,3.1312e-12,3.1312e-12,-11.504289191686073,bot2
-2,3.7,40,10,3.6178e-12,3.6178e-12,-11.441555445573831,bot2
-2,3.8,40,10,3.9612e-12,3.9612e-12,-11.402173229622063,bot2
-2,3.9,40,10,4.0706e-12,4.0706e-12,-11.390341571736966,bot2
-2,4.0,40,10,4.2358e-12,4.2358e-12,-11.373064553981678,bot2
-2,4.1,40,10,4.2866e-12,4.2866e-12,-11.36788704037499,bot2
-2,4.2,40,10,-4.742e-12,4.742e-12,-11.32403845035783,bot2
-2,4.3,40,10,-4.2258e-12,4.2258e-12,-11.374091061224025,bot2
-2,4.4,40,10,2.1932e-12,2.1932e-12,-11.658921762788557,bot2
-2,4.5,40,10,1.2708e-12,1.2708e-12,-11.89592279384489,bot2
-2,4.6000000000000005,40,10,2.736e-13,2.736e-13,-12.562883906951921,bot2
-2,4.7,40,10,-5.396e-13,5.396e-13,-12.267928059000134,bot2
-2,4.8,40,10,-1.4508e-12,1.4508e-12,-11.838392453091604,bot2
-2,4.9,40,10,-2.1066e-12,2.1066e-12,-11.676417920151005,bot2
-2,5.0,40,10,-2.677e-12,2.677e-12,-11.572351628813067,bot2
-1,0.0,40,10,-4.5914e-12,4.5914e-12,-11.33805487011234,bot2
-1,0.1,40,10,4.7964e-12,4.7964e-12,-11.31908460569227,bot2
-1,0.2,40,10,4.3224e-12,4.3224e-12,-11.36427504546886,bot2
-1,0.3,40,10,-2.346e-12,2.346e-12,-11.629671992220489,bot2
-1,0.4,40,10,-1.3874e-12,1.3874e-12,-11.857798309836486,bot2
-1,0.5,40,10,-7.43e-13,7.43e-13,-12.129011186239424,bot2
-1,0.6,40,10,1.394e-13,1.394e-13,-12.85573722623801,bot2
-1,0.7,40,10,1.0242e-12,1.0242e-12,-11.989615228501624,bot2
-1,0.8,40,10,1.9364e-12,1.9364e-12,-11.713004926031148,bot2
-1,0.9,40,10,2.4336e-12,2.4336e-12,-11.613750803291078,bot2
-1,1.0,40,10,2.8972e-12,2.8972e-12,-11.538021523471322,bot2
-1,1.1,40,10,3.4042e-12,3.4042e-12,-11.467984932622464,bot2
-1,1.2,40,10,3.8118e-12,3.8118e-12,-11.418869894281094,bot2
-1,1.3,40,10,3.9776e-12,3.9776e-12,-11.400378893038448,bot2
-1,1.4,40,10,4.4644e-12,4.4644e-12,-11.350236900537734,bot2
-1,1.5,40,10,4.5192e-12,4.5192e-12,-11.344938438271729,bot2
-1,1.6,40,10,4.4486e-12,4.4486e-12,-11.351776642488081,bot2
-1,1.7,40,10,-4.7036e-12,4.7036e-12,-11.327569618305034,bot2
-1,1.8,40,10,-4.1852e-12,4.1852e-12,-11.378283783352689,bot2
-1,1.9,40,10,1.9026e-12,1.9026e-12,-11.720652507589268,bot2
-1,2.0,40,10,9.006e-13,9.006e-13,-12.045468057373085,bot2
-1,2.1,40,10,-2.152e-13,2.152e-13,-12.667157733005649,bot2
-1,2.2,40,10,-9.832e-13,9.832e-13,-12.007358130121602,bot2
-1,2.3000000000000003,40,10,-1.8192e-12,1.8192e-12,-11.74011955265634,bot2
-1,2.4,40,10,-2.656e-12,2.656e-12,-11.57577192930402,bot2
-1,2.5,40,10,-3.1084e-12,3.1084e-12,-11.507463099711867,bot2
-1,2.6,40,10,-3.7076e-12,3.7076e-12,-11.430907126513334,bot2
-1,2.7,40,10,-3.9386e-12,3.9386e-12,-11.404658123434006,bot2
-1,2.8000000000000003,40,10,-4.1264e-12,4.1264e-12,-11.384428675206138,bot2
-1,2.9,40,10,-4.2024e-12,4.2024e-12,-11.376502612204948,bot2
-1,3.0,40,10,4.7776e-12,4.7776e-12,-11.32079021395507,bot2
-1,3.1,40,10,4.4732e-12,4.4732e-12,-11.349381683773556,bot2
-1,3.2,40,10,-2.479e-12,2.479e-12,-11.605723473232178,bot2
-1,3.3000000000000003,40,10,-1.3162e-12,1.3162e-12,-11.880678113536023,bot2
-1,3.4,40,10,-3.528e-13,3.528e-13,-12.452471423540217,bot2
-1,3.5,40,10,6.95e-13,6.95e-13,-12.158015195409886,bot2
-1,3.6,40,10,1.4132e-12,1.4132e-12,-11.849796371237192,bot2
-1,3.7,40,10,2.1728e-12,2.1728e-12,-11.662980247399592,bot2
-1,3.8,40,10,2.9108e-12,2.9108e-12,-11.535987633750587,bot2
-1,3.9,40,10,3.4352e-12,3.4352e-12,-11.464047972907826,bot2
-1,4.0,40,10,3.8236e-12,3.8236e-12,-11.417527547065147,bot2
-1,4.1,40,10,4.097e-12,4.097e-12,-11.387534036046858,bot2
-1,4.2,40,10,4.176e-12,4.176e-12,-11.379239510005794,bot2
-1,4.3,40,10,4.1976e-12,4.1976e-12,-11.376998948809717,bot2
-1,4.4,40,10,-4.8094e-12,4.8094e-12,-11.317909100953129,bot2
-1,4.5,40,10,-4.4248e-12,4.4248e-12,-11.35410635453889,bot2
-1,4.6000000000000005,40,10,1.983e-12,1.983e-12,-11.702677285794698,bot2
-1,4.7,40,10,7.866e-13,7.866e-13,-12.104246057926272,bot2
-1,4.8,40,10,-5.652e-13,5.652e-13,-12.24779784682348,bot2
-1,4.9,40,10,-1.5808e-12,1.5808e-12,-11.801123072756447,bot2
-1,5.0,40,10,-2.4752e-12,2.4752e-12,-11.606389703644707,bot2
0,0.0,40,10,-3.5028e-12,3.5028e-12,-11.45558465896436,bot2
0,0.1,40,10,5.6066e-12,5.6066e-12,-11.251300427313225,bot2
0,0.2,40,10,5.5112e-12,5.5112e-12,-11.258753828255909,bot2
0,0.3,40,10,5.1462e-12,5.1462e-12,-11.288513339538705,bot2
0,0.4,40,10,4.5934e-12,4.5934e-12,-11.337865733935715,bot2
0,0.5,40,10,4.6246e-12,4.6246e-12,-11.334925825153125,bot2
0,0.6,40,10,1.3732e-11,1.3732e-11,-10.862266205246287,bot2
0,0.7,40,10,1.3051e-11,1.3051e-11,-10.88435621033006,bot2
0,0.8,40,10,7.256999999999999e-12,7.256999999999999e-12,-11.139242876918457,bot2
0,0.9,40,10,8.5922e-12,8.5922e-12,-11.065895622486527,bot2
0,1.0,40,10,9.5812e-12,9.5812e-12,-11.018580094184408,bot2
0,1.1,40,10,1.03804e-11,1.03804e-11,-10.98378591099183,bot2
0,1.2,40,10,1.08926e-11,1.08926e-11,-10.96286844431405,bot2
0,1.3,40,10,1.16922e-11,1.16922e-11,-10.93210376446124,bot2
0,1.4,40,10,1.22086e-11,1.22086e-11,-10.913334135165249,bot2
0,1.5,40,10,1.26556e-11,1.26556e-11,-10.89771726018474,bot2
0,1.6,40,10,1.29328e-11,1.29328e-11,-10.888307438545525,bot2
0,1.7,40,10,1.30676e-11,1.30676e-11,-10.883804167772626,bot2
0,1.8,40,10,3.88e-12,3.88e-12,-11.411168274405792,bot2
0,1.9,40,10,4.4528e-12,4.4528e-12,-11.351366811010033,bot2
0,2.0,40,10,1.04826e-11,1.04826e-11,-10.979530985901162,bot2
0,2.1,40,10,9.689e-12,9.689e-12,-11.013721044094009,bot2
0,2.2,40,10,8.5952e-12,8.5952e-12,-11.065744013347398,bot2
0,2.3000000000000003,40,10,7.7592e-12,7.7592e-12,-11.110183053676838,bot2
0,2.4,40,10,6.7982e-12,6.7982e-12,-11.167606062815818,bot2
0,2.5,40,10,6.0354e-12,6.0354e-12,-11.219293941467875,bot2
0,2.6,40,10,5.4408e-12,5.4408e-12,-11.264337238161877,bot2
0,2.7,40,10,5.0024e-12,5.0024e-12,-11.300821584327387,bot2
0,2.8000000000000003,40,10,4.65e-12,4.65e-12,-11.332547047110046,bot2
0,2.9,40,10,4.4946e-12,4.4946e-12,-11.347308952545346,bot2
0,3.0,40,10,4.3278e-12,4.3278e-12,-11.36373281742629,bot2
0,3.1,40,10,1.33894e-11,1.33894e-11,-10.873238883968385,bot2
0,3.2,40,10,1.28968e-11,1.28968e-11,-10.88951803502957,bot2
0,3.3000000000000003,40,10,6.6322e-12,6.6322e-12,-11.178342385716723,bot2
0,3.4,40,10,7.6644e-12,7.6644e-12,-11.11552183779439,bot2
0,3.5,40,10,8.5382e-12,8.5382e-12,-11.068633676437779,bot2
0,3.6,40,10,9.599e-12,9.599e-12,-11.017774008325325,bot2
0,3.7,40,10,1.02196e-11,1.02196e-11,-10.990566102361033,bot2
0,3.8,40,10,1.11028e-11,1.11028e-11,-10.954567483267159,bot2
0,3.9,40,10,1.18504e-11,1.18504e-11,-10.926266990171946,bot2
0,4.0,40,10,1.23434e-11,1.23434e-11,-10.908565197040682,bot2
0,4.1,40,10,1.26648e-11,1.26648e-11,-10.89740166411127,bot2
0,4.2,40,10,1.28112e-11,1.28112e-11,-10.892410188836905,bot2
0,4.3,40,10,3.8982e-12,3.8982e-12,-11.409135882850988,bot2
0,4.4,40,10,1.35108e-11,1.35108e-11,-10.86931893481963,bot2
0,4.5,40,10,1.09958e-11,1.09958e-11,-10.958773168036126,bot2
0,4.6000000000000005,40,10,9.8064e-12,9.8064e-12,-11.008490395991965,bot2
0,4.7,40,10,8.63e-12,8.63e-12,-11.063989204284791,bot2
0,4.8,40,10,7.712e-12,7.712e-12,-11.112832979105226,bot2
0,4.9,40,10,6.9168e-12,6.9168e-12,-11.160094781810423,bot2
0,5.0,40,10,6.199e-12,6.199e-12,-11.207678363648427,bot2
1,0.0,40,10,5.11382e-11,5.11382e-11,-10.291254562657459,bot2
1,0.1,40,10,8.03302e-08,8.03302e-08,-7.095121151762,bot2
1,0.2,40,10,1.1416e-07,1.1416e-07,-6.942486039893409,bot2
1,0.3,40,10,1.3152e-07,1.3152e-07,-6.8810081998040244,bot2
1,0.4,40,10,1.434e-07,1.434e-07,-6.843450848668219,bot2
1,0.5,40,10,1.5254e-07,1.5254e-07,-6.816616257947305,bot2
1,0.6,40,10,1.585e-07,1.585e-07,-6.79997073344623,bot2
1,0.7,40,10,1.6272e-07,1.6272e-07,-6.788559064421331,bot2
1,0.8,40,10,1.6446e-07,1.6446e-07,-6.783939714076858,bot2
1,0.9,40,10,1.653e-07,1.653e-07,-6.781727146428553,bot2
1,1.0,40,10,1.6584e-07,1.6584e-07,-6.780310710914195,bot2
1,1.1,40,10,1.6516e-07,1.6516e-07,-6.782095125797335,bot2
1,1.2,40,10,1.6564e-07,1.6564e-07,-6.78083477816966,bot2
1,1.3,40,10,1.6496e-07,1.6496e-07,-6.782621352060558,bot2
1,1.4,40,10,1.6534e-07,1.6534e-07,-6.781622066708247,bot2
1,1.5,40,10,1.651e-07,1.651e-07,-6.782252926737207,bot2
1,1.6,40,10,1.6496e-07,1.6496e-07,-6.782621352060558,bot2
1,1.7,40,10,1.6456e-07,1.6456e-07,-6.783675721313332,bot2
1,1.8,40,10,1.6416e-07,1.6416e-07,-6.784732656568278,bot2
1,1.9,40,10,1.642e-07,1.642e-07,-6.784626847216578,bot2
1,2.0,40,10,1.637e-07,1.637e-07,-6.785951320588058,bot2
1,2.1,40,10,1.6386e-07,1.6386e-07,-6.785527049476623,bot2
1,2.2,40,10,1.6334e-07,1.6334e-07,-6.786907448747517,bot2
1,2.3000000000000003,40,10,1.626e-07,1.626e-07,-6.788879458741951,bot2
1,2.4,40,10,1.6306e-07,1.6306e-07,-6.7876525620119885,bot2
1,2.5,40,10,1.6258e-07,1.6258e-07,-6.788932880782968,bot2
1,2.6,40,10,1.6284e-07,1.6284e-07,-6.788238906292638,bot2
1,2.7,40,10,1.6246e-07,1.6246e-07,-6.789253551101674,bot2
1,2.8000000000000003,40,10,1.6248e-07,1.6248e-07,-6.789200089603249,bot2
1,2.9,40,10,1.6236e-07,1.6236e-07,-6.789520957354752,bot2
1,3.0,40,10,1.619e-07,1.619e-07,-6.790753151246626,bot2
1,3.1,40,10,1.6172e-07,1.6172e-07,-6.7912362673383635,bot2
1,3.2,40,10,1.6192e-07,1.6192e-07,-6.790699504840295,bot2
1,3.3000000000000003,40,10,1.6194e-07,1.6194e-07,-6.790645865059839,bot2
1,3.4,40,10,1.6154e-07,1.6154e-07,-6.79171992145469,bot2
1,3.5,40,10,1.6106e-07,1.6106e-07,-6.793012305243591,bot2
1,3.6,40,10,1.613e-07,1.613e-07,-6.792365632611038,bot2
1,3.7,40,10,1.6088e-07,1.6088e-07,-6.793497942411315,bot2
1,3.8,40,10,1.6037999999999998e-07,1.6037999999999998e-07,-6.7948497908598195,bot2
1,3.9,40,10,1.6064e-07,1.6064e-07,-6.794146304535075,bot2
1,4.0,40,10,1.603e-07,1.603e-07,-6.795066477645856,bot2
1,4.1,40,10,1.5994e-07,1.5994e-07,-6.796042908318756,bot2
1,4.2,40,10,1.5958e-07,1.5958e-07,-6.797021539262935,bot2
1,4.3,40,10,1.5978e-07,1.5978e-07,-6.796477583177415,bot2
1,4.4,40,10,1.596e-07,1.596e-07,-6.796967112985289,bot2
1,4.5,40,10,1.5972e-07,1.5972e-07,-6.7966406984777,bot2
1,4.6000000000000005,40,10,1.5916e-07,1.5916e-07,-6.798166069525649,bot2
1,4.7,40,10,1.592e-07,1.592e-07,-6.79805693659835,bot2
1,4.8,40,10,1.5874e-07,1.5874e-07,-6.7993136240303835,bot2
1,4.9,40,10,1.5846e-07,1.5846e-07,-6.800080348409432,bot2
1,5.0,40,10,1.5808e-07,1.5808e-07,-6.801123072756447,bot2
2,0.0,40,10,1.4162000000000002e-10,1.4162000000000002e-10,-9.848875409949319,bot2
2,0.1,40,10,5.0456e-07,5.0456e-07,-6.297087182014737,bot2
2,0.2,40,10,9.6368e-07,9.6368e-07,-6.016067154173495,bot2
2,0.3,40,10,1.376e-06,1.376e-06,-5.8613815661005075,bot2
2,0.4,40,10,1.7461e-06,1.7461e-06,-5.757930887661059,bot2
2,0.5,40,10,2.0761000000000003e-06,2.0761000000000003e-06,-5.6827517315546805,bot2
2,0.6,40,10,2.3682e-06,2.3682e-06,-5.625581623220841,bot2
2,0.7,40,10,2.6249e-06,2.6249e-06,-5.580887237124858,bot2
2,0.8,40,10,2.8495000000000004e-06,2.8495000000000004e-06,-5.545231338690151,bot2
2,0.9,40,10,3.0456e-06,3.0456e-06,-5.516327136193689,bot2
2,1.0,40,10,3.2107000000000004e-06,3.2107000000000004e-06,-5.493400271958036,bot2
2,1.1,40,10,3.357e-06,3.357e-06,-5.474048658751988,bot2
2,1.2,40,10,3.4775e-06,3.4775e-06,-5.458732861335916,bot2
2,1.3,40,10,3.5784000000000003e-06,3.5784000000000003e-06,-5.4463111148353995,bot2
2,1.4,40,10,3.661e-06,3.661e-06,-5.436400271118469,bot2
2,1.5,40,10,3.7287e-06,3.7287e-06,-5.428442557262382,bot2
2,1.6,40,10,3.780700000000001e-06,3.780700000000001e-06,-5.42242778270455,bot2
2,1.7,40,10,3.8238000000000006e-06,3.8238000000000006e-06,-5.41750483113649,bot2
2,1.8,40,10,3.8522e-06,3.8522e-06,-5.414291173094347,bot2
2,1.9,40,10,3.8736000000000005e-06,3.8736000000000005e-06,-5.411885227902342,bot2
2,2.0,40,10,3.886400000000001e-06,3.886400000000001e-06,-5.410452502538945,bot2
2,2.1,40,10,3.892600000000001e-06,3.892600000000001e-06,-5.409760221691033,bot2
2,2.2,40,10,3.8979e-06,3.8979e-06,-5.409169306830833,bot2
2,2.3000000000000003,40,10,3.9025e-06,3.9025e-06,-5.408657088265545,bot2
2,2.4,40,10,3.901900000000001e-06,3.901900000000001e-06,-5.408723865132352,bot2
2,2.5,40,10,3.903000000000001e-06,3.903000000000001e-06,-5.408601448718751,bot2
2,2.6,40,10,3.9064e-06,3.9064e-06,-5.408223288723933,bot2
2,2.7,40,10,3.902e-06,3.902e-06,-5.408712734941501,bot2
2,2.8000000000000003,40,10,3.907e-06,3.907e-06,-5.408156588775215,bot2
2,2.9,40,10,3.9072000000000005e-06,3.9072000000000005e-06,-5.408134357735212,bot2
2,3.0,40,10,3.9053000000000005e-06,3.9053000000000005e-06,-5.408345598575374,bot2
2,3.1,40,10,3.9074e-06,3.9074e-06,-5.408112127833131,bot2
2,3.2,40,10,3.9072000000000005e-06,3.9072000000000005e-06,-5.408134357735212,bot2
2,3.3000000000000003,40,10,3.9039e-06,3.9039e-06,-5.408501315494182,bot2
2,3.4,40,10,3.905800000000001e-06,3.905800000000001e-06,-5.408289998918156,bot2
2,3.5,40,10,3.906100000000001e-06,3.906100000000001e-06,-5.4082566425401595,bot2
2,3.6,40,10,3.905800000000001e-06,3.905800000000001e-06,-5.408289998918156,bot2
2,3.7,40,10,3.9025e-06,3.9025e-06,-5.408657088265545,bot2
2,3.8,40,10,3.9035e-06,3.9035e-06,-5.408545816299293,bot2
2,3.9,40,10,3.903400000000001e-06,3.903400000000001e-06,-5.408556942213086,bot2
2,4.0,40,10,3.9041e-06,3.9041e-06,-5.408479066801457,bot2
2,4.1,40,10,3.900400000000001e-06,3.900400000000001e-06,-5.408890852233817,bot2
2,4.2,40,10,3.9045000000000005e-06,3.9045000000000005e-06,-5.408434572835083,bot2
2,4.3,40,10,3.9018000000000005e-06,3.9018000000000005e-06,-5.408734995608458,bot2
2,4.4,40,10,3.9026000000000005e-06,3.9026000000000005e-06,-5.408645959785912,bot2
2,4.5,40,10,3.9012e-06,3.9012e-06,-5.408801784456249,bot2
2,4.6000000000000005,40,10,3.901100000000001e-06,3.901100000000001e-06,-5.408812916929543,bot2
2,4.7,40,10,3.900700000000001e-06,3.900700000000001e-06,-5.408857449676579,bot2
2,4.8,40,10,3.8987000000000005e-06,3.8987000000000005e-06,-5.409080181933636,bot2
2,4.9,40,10,3.8985e-06,3.8985e-06,-5.4091024614433065,bot2
2,5.0,40,10,3.8989e-06,3.8989e-06,-5.409057903566857,bot2
3,0.0,40,10,4.0516e-10,4.0516e-10,-9.392373437538744,bot2
3,0.1,40,10,9.8806e-07,9.8806e-07,-6.005216682054354,bot2
3,0.2,40,10,1.9263e-06,1.9263e-06,-5.7152760753638425,bot2
3,0.3,40,10,2.8138000000000005e-06,2.8138000000000005e-06,-5.550706774699139,bot2
3,0.4,40,10,3.6539e-06,3.6539e-06,-5.437243342599921,bot2
3,0.5,40,10,4.4468e-06,4.4468e-06,-5.351952403011071,bot2
3,0.6,40,10,5.1924000000000005e-06,5.1924000000000005e-06,-5.2846318587536505,bot2
3,0.7,40,10,5.893600000000001e-06,5.893600000000001e-06,-5.229619343153172,bot2
3,0.8,40,10,6.549300000000001e-06,6.549300000000001e-06,-5.183805115639223,bot2
3,0.9,40,10,7.1644e-06,7.1644e-06,-5.14482017478515,bot2
3,1.0,40,10,7.737300000000001e-06,7.737300000000001e-06,-5.111410563822419,bot2
3,1.1,40,10,8.270400000000001e-06,8.270400000000001e-06,-5.082473485176385,bot2
3,1.2,40,10,8.764900000000001e-06,8.764900000000001e-06,-5.057253034469894,bot2
3,1.3,40,10,9.2227e-06,9.2227e-06,-5.03514191805241,bot2
3,1.4,40,10,9.6471e-06,9.6471e-06,-5.015603219638573,bot2
3,1.5,40,10,1.0039100000000002e-05,1.0039100000000002e-05,-4.99830521971626,bot2
3,1.6,40,10,1.03977e-05,1.03977e-05,-4.9830627172182815,bot2
3,1.7,40,10,1.07283e-05,1.07283e-05,-4.969469090625986,bot2
3,1.8,40,10,1.10293e-05,1.10293e-05,-4.957452050187584,bot2
3,1.9,40,10,1.1303700000000002e-05,1.1303700000000002e-05,-4.946779377174491,bot2
3,2.0,40,10,1.1546e-05,1.1546e-05,-4.937568446837388,bot2
3,2.1,40,10,1.1766e-05,1.1766e-05,-4.929371155948572,bot2
3,2.2,40,10,1.1962e-05,1.1962e-05,-4.922196201923912,bot2
3,2.3000000000000003,40,10,1.2136e-05,1.2136e-05,-4.915924432221326,bot2
3,2.4,40,10,1.229e-05,1.229e-05,-4.910448117113546,bot2
3,2.5,40,10,1.242e-05,1.242e-05,-4.905878404159439,bot2
3,2.6,40,10,1.2534e-05,1.2534e-05,-4.9019103096360475,bot2
3,2.7,40,10,1.2624e-05,1.2624e-05,-4.898803014134655,bot2
3,2.8000000000000003,40,10,1.27e-05,1.27e-05,-4.896196279044043,bot2
3,2.9,40,10,1.276e-05,1.276e-05,-4.8941493256148565,bot2
3,3.0,40,10,1.2808e-05,1.2808e-05,-4.892518681088757,bot2
3,3.1,40,10,1.284e-05,1.284e-05,-4.891434976267165,bot2
3,3.2,40,10,1.2868e-05,1.2868e-05,-4.890488947770068,bot2
3,3.3000000000000003,40,10,1.2886e-05,1.2886e-05,-4.8898818729896725,bot2
3,3.4,40,10,1.2906e-05,1.2906e-05,-4.889208339228894,bot2
3,3.5,40,10,1.292e-05,1.292e-05,-4.8887374863409345,bot2
3,3.6,40,10,1.2932e-05,1.2932e-05,-4.888334304060481,bot2
3,3.7,40,10,1.2944e-05,1.2944e-05,-4.887931495731803,bot2
3,3.8,40,10,1.2952e-05,1.2952e-05,-4.887663164254683,bot2
3,3.9,40,10,1.2966e-05,1.2966e-05,-4.887193982733115,bot2
3,4.0,40,10,1.2972e-05,1.2972e-05,-4.886993059999065,bot2
3,4.1,40,10,1.298e-05,1.298e-05,-4.88672530753565,bot2
3,4.2,40,10,1.299e-05,1.299e-05,-4.886390848926972,bot2
3,4.3,40,10,1.2994e-05,1.2994e-05,-4.8862571375706505,bot2
3,4.4,40,10,1.3004e-05,1.3004e-05,-4.8859230391759105,bot2
3,4.5,40,10,1.3008e-05,1.3008e-05,-4.885789471750007,bot2
3,4.6000000000000005,40,10,1.3012e-05,1.3012e-05,-4.885655945390184,bot2
3,4.7,40,10,1.3018e-05,1.3018e-05,-4.885455732794136,bot2
3,4.8,40,10,1.3028e-05,1.3028e-05,-4.885122250107164,bot2
3,4.9,40,10,1.3034e-05,1.3034e-05,-4.884922283340419,bot2
3,5.0,40,10,1.3042e-05,1.3042e-05,-4.884655804128559,bot2
4,0.0,40,10,6.3402e-10,6.3402e-10,-9.197897042192968,bot2
4,0.1,40,10,1.5214000000000002e-06,1.5214000000000002e-06,-5.817756588080999,bot2
4,0.2,40,10,2.9887000000000003e-06,2.9887000000000003e-06,-5.524517676423884,bot2
4,0.3,40,10,4.398700000000001e-06,4.398700000000001e-06,-5.3566756567518095,bot2
4,0.4,40,10,5.756600000000001e-06,5.756600000000001e-06,-5.239833946648401,bot2
4,0.5,40,10,7.061100000000001e-06,7.061100000000001e-06,-5.151127637940051,bot2
4,0.6,40,10,8.310600000000001e-06,8.310600000000001e-06,-5.080367620345553,bot2
4,0.7,40,10,9.5116e-06,9.5116e-06,-5.0217464217877525,bot2
4,0.8,40,10,1.06581e-05,1.06581e-05,-4.972320209292663,bot2
4,0.9,40,10,1.1752e-05,1.1752e-05,-4.9298882172178,bot2
4,1.0,40,10,1.28e-05,1.28e-05,-4.892790030352131,bot2
4,1.1,40,10,1.38e-05,1.38e-05,-4.860120913598763,bot2
4,1.2,40,10,1.475e-05,1.475e-05,-4.831207979685818,bot2
4,1.3,40,10,1.5656e-05,1.5656e-05,-4.805319187350055,bot2
4,1.4,40,10,1.6516e-05,1.6516e-05,-4.782095125797335,bot2
4,1.5,40,10,1.7334e-05,1.7334e-05,-4.7611012077721595,bot2
4,1.6,40,10,1.8106e-05,1.8106e-05,-4.7421774839655235,bot2
4,1.7,40,10,1.8838e-05,1.8838e-05,-4.724965207438604,bot2
4,1.8,40,10,1.9526e-05,1.9526e-05,-4.709386715025014,bot2
4,1.9,40,10,2.0178e-05,2.0178e-05,-4.695121882301721,bot2
4,2.0,40,10,2.0792e-05,2.0792e-05,-4.682103733507044,bot2
4,2.1,40,10,2.1362e-05,2.1362e-05,-4.670358089269789,bot2
4,2.2,40,10,2.19e-05,2.19e-05,-4.6595558851598815,bot2
4,2.3000000000000003,40,10,2.2404e-05,2.2404e-05,-4.649674436003297,bot2
4,2.4,40,10,2.2878e-05,2.2878e-05,-4.640581944342686,bot2
4,2.5,40,10,2.3316e-05,2.3316e-05,-4.632345953352592,bot2
4,2.6,40,10,2.3724e-05,2.3724e-05,-4.624812084638703,bot2
4,2.7,40,10,2.41e-05,2.41e-05,-4.617982957425132,bot2
4,2.8000000000000003,40,10,2.4444e-05,2.4444e-05,-4.611827724952211,bot2
4,2.9,40,10,2.4764e-05,2.4764e-05,-4.606179204659132,bot2
4,3.0,40,10,2.505e-05,2.505e-05,-4.601192269796735,bot2
4,3.1,40,10,2.5316e-05,2.5316e-05,-4.596604912997491,bot2
4,3.2,40,10,2.5558e-05,2.5558e-05,-4.592473134197046,bot2
4,3.3000000000000003,40,10,2.5774e-05,2.5774e-05,-4.588818175817747,bot2
4,3.4,40,10,2.5964e-05,2.5964e-05,-4.585628399540914,bot2
4,3.5,40,10,2.6128e-05,2.6128e-05,-4.582893832607407,bot2
4,3.6,40,10,2.627e-05,2.627e-05,-4.5805399272139296,bot2
4,3.7,40,10,2.6398e-05,2.6398e-05,-4.578428975473599,bot2
4,3.8,40,10,2.65e-05,2.65e-05,-4.576754126063192,bot2
4,3.9,40,10,2.6592e-05,2.6592e-05,-4.575248997895983,bot2
4,4.0,40,10,2.6666e-05,2.6666e-05,-4.5740421252254855,bot2
4,4.1,40,10,2.6726e-05,2.6726e-05,-4.573066035928095,bot2
4,4.2,40,10,2.6776e-05,2.6776e-05,-4.572254300650279,bot2
4,4.3,40,10,2.6818e-05,2.6818e-05,-4.571573613559412,bot2
4,4.4,40,10,2.6856e-05,2.6856e-05,-4.570958671760044,bot2
4,4.5,40,10,2.6886e-05,2.6886e-05,-4.570473805703313,bot2
4,4.6000000000000005,40,10,2.6918e-05,2.6918e-05,-4.569957211209984,bot2
4,4.7,40,10,2.694e-05,2.694e-05,-4.569602408613033,bot2
4,4.8,40,10,2.6968e-05,2.6968e-05,-4.569151260487084,bot2
4,4.9,40,10,2.699e-05,2.699e-05,-4.568797115443483,bot2
4,5.0,40,10,2.7012e-05,2.7012e-05,-4.568443258951855,bot2
5,0.0,40,10,6.6997e-10,6.6997e-10,-9.173944643756123,bot2
5,0.1,40,10,2.0961e-06,2.0961e-06,-5.678588002025994,bot2
5,0.2,40,10,4.1340000000000006e-06,4.1340000000000006e-06,-5.383629527708731,bot2
5,0.3,40,10,6.109200000000001e-06,6.109200000000001e-06,-5.214015656915037,bot2
5,0.4,40,10,8.027100000000001e-06,8.027100000000001e-06,-5.095441326636075,bot2
5,0.5,40,10,9.8882e-06,9.8882e-06,-5.004882758070595,bot2
5,0.6,40,10,1.1682e-05,1.1682e-05,-4.932482798096324,bot2
5,0.7,40,10,1.3426e-05,1.3426e-05,-4.872053357151098,bot2
5,0.8,40,10,1.511e-05,1.511e-05,-4.820735535660974,bot2
5,0.9,40,10,1.6746000000000002e-05,1.6746000000000002e-05,-4.776088913127725,bot2
5,1.0,40,10,1.832e-05,1.832e-05,-4.737074530668169,bot2
5,1.1,40,10,1.9848e-05,1.9848e-05,-4.7022832487358475,bot2
5,1.2,40,10,2.1312e-05,2.1312e-05,-4.671375792509793,bot2
5,1.3,40,10,2.2728e-05,2.2728e-05,-4.643438779285121,bot2
5,1.4,40,10,2.4096e-05,2.4096e-05,-4.618055045479394,bot2
5,1.5,40,10,2.5408e-05,2.5408e-05,-4.595029519252997,bot2
5,1.6,40,10,2.6676e-05,2.6676e-05,-4.573879291253385,bot2
5,1.7,40,10,2.7892e-05,2.7892e-05,-4.554520343467119,bot2
5,1.8,40,10,2.9054e-05,2.9054e-05,-4.5367940678058565,bot2
5,1.9,40,10,3.0178e-05,3.0178e-05,-4.52030954579785,bot2
5,2.0,40,10,3.1248e-05,3.1248e-05,-4.505177774056221,bot2
5,2.1,40,10,3.2272e-05,3.2272e-05,-4.49117411913131,bot2
5,2.2,40,10,3.3252e-05,3.3252e-05,-4.4781822281701436,bot2
5,2.3000000000000003,40,10,3.419e-05,3.419e-05,-4.466100899203405,bot2
5,2.4,40,10,3.5086e-05,3.5086e-05,-4.454866140959511,bot2
5,2.5,40,10,3.5932e-05,3.5932e-05,-4.444518608991002,bot2
5,2.6,40,10,3.674e-05,3.674e-05,-4.43486084803021,bot2
5,2.7,40,10,3.7512e-05,3.7512e-05,-4.425829780269207,bot2
5,2.8000000000000003,40,10,3.823600000000001e-05,3.823600000000001e-05,-4.417527547065146,bot2
5,2.9,40,10,3.893e-05,3.893e-05,-4.409715596281838,bot2
5,3.0,40,10,3.9588e-05,3.9588e-05,-4.402436438407031,bot2
5,3.1,40,10,4.0206e-05,4.0206e-05,-4.395709131680442,bot2
5,3.2,40,10,4.0788e-05,4.0788e-05,-4.389467589369316,bot2
5,3.3000000000000003,40,10,4.1338e-05,4.1338e-05,-4.383650539077268,bot2
5,3.4,40,10,4.1852e-05,4.1852e-05,-4.378283783352689,bot2
5,3.5,40,10,4.2338e-05,4.2338e-05,-4.373269661420033,bot2
5,3.6,40,10,4.2786e-05,4.2786e-05,-4.3686983131685135,bot2
5,3.7,40,10,4.3208e-05,4.3208e-05,-4.364435835726863,bot2
5,3.8,40,10,4.3592e-05,4.3592e-05,-4.360593205103948,bot2
5,3.9,40,10,4.395e-05,4.395e-05,-4.3570411205902095,bot2
5,4.0,40,10,4.4286e-05,4.4286e-05,-4.353733544289139,bot2
5,4.1,40,10,4.4588e-05,4.4588e-05,-4.350782007543729,bot2
5,4.2,40,10,4.4868000000000005e-05,4.4868000000000005e-05,-4.348063288798156,bot2
5,4.3,40,10,4.5116e-05,4.5116e-05,-4.345669412015289,bot2
5,4.4,40,10,4.5346e-05,4.5346e-05,-4.343461016311585,bot2
5,4.5,40,10,4.5552e-05,4.5552e-05,-4.34149255019712,bot2
5,4.6000000000000005,40,10,4.5734e-05,4.5734e-05,-4.339760812571721,bot2
5,4.7,40,10,4.589e-05,4.589e-05,-4.338281942305341,bot2
5,4.8,40,10,4.6028e-05,4.6028e-05,-4.3369778955782055,bot2
5,4.9,40,10,4.615e-05,4.615e-05,-4.335828294638069,bot2
5,5.0,40,10,4.626e-05,4.626e-05,-4.334794371565399,bot2
-5,0.0,40,15,2.096e-12,2.096e-12,-11.678608721688311,bot2
-5,0.1,40,15,4.9102e-12,4.9102e-12,-11.308900818034383,bot2
-5,0.2,40,15,3.11e-12,3.11e-12,-11.507239610973162,bot2
-5,0.3,40,15,-3.836e-13,3.836e-13,-12.416121401501375,bot2
-5,0.4,40,15,4.022e-13,4.022e-13,-12.395557933739276,bot2
-5,0.5,40,15,1.132e-12,1.132e-12,-11.946153573147747,bot2
-5,0.6,40,15,1.9216e-12,1.9216e-12,-11.716337009941169,bot2
-5,0.7,40,15,2.3124e-12,2.3124e-12,-11.635937039296921,bot2
-5,0.8,40,15,2.6754e-12,2.6754e-12,-11.572611277266748,bot2
-5,0.9,40,15,3.1352e-12,3.1352e-12,-11.503734749529954,bot2
-5,1.0,40,15,3.4662e-12,3.4662e-12,-11.460146382074944,bot2
-5,1.1,40,15,3.764e-12,3.764e-12,-11.42435038524478,bot2
-5,1.2,40,15,4.0404e-12,4.0404e-12,-11.393575637564286,bot2
-5,1.3,40,15,4.1298e-12,4.1298e-12,-11.384070980062623,bot2
-5,1.4,40,15,4.1916e-12,4.1916e-12,-11.377620168314728,bot2
-5,1.5,40,15,4.2804e-12,4.2804e-12,-11.368515644614021,bot2
-5,1.6,40,15,-4.6788e-12,4.6788e-12,-11.32986551876439,bot2
-5,1.7,40,15,-4.4258e-12,4.4258e-12,-11.354008215546337,bot2
-5,1.8,40,15,2.6824e-12,2.6824e-12,-11.571476459579236,bot2
-5,1.9,40,15,2.404e-13,2.404e-13,-12.619065536669298,bot2
-5,2.0,40,15,9.494e-13,9.494e-13,-12.02255077261766,bot2
-5,2.1,40,15,1.6522e-12,1.6522e-12,-11.781937382173625,bot2
-5,2.2,40,15,2.079e-12,2.079e-12,-11.682145510668532,bot2
-5,2.3000000000000003,40,15,2.4838e-12,2.4838e-12,-11.604883377252825,bot2
-5,2.4,40,15,2.7856e-12,2.7856e-12,-11.555081246226743,bot2
-5,2.5,40,15,3.2134e-12,3.2134e-12,-11.493035210651337,bot2
-5,2.6,40,15,3.6096e-12,3.6096e-12,-11.442540922032771,bot2
-5,2.7,40,15,3.9756e-12,3.9756e-12,-11.400597318070416,bot2
-5,2.8000000000000003,40,15,4.085e-12,4.085e-12,-11.388807939131565,bot2
-5,2.9,40,15,4.125e-12,4.125e-12,-11.384576047114056,bot2
-5,3.0,40,15,4.2166e-12,4.2166e-12,-11.375037595578025,bot2
-5,3.1,40,15,-4.662e-12,4.662e-12,-11.331427730815442,bot2
-5,3.2,40,15,4.9612e-12,4.9612e-12,-11.304413264972363,bot2
-5,3.3000000000000003,40,15,2.8036e-12,2.8036e-12,-11.552283948688494,bot2
-5,3.4,40,15,2.266e-13,2.266e-13,-12.644740094472622,bot2
-5,3.5,40,15,1.0012e-12,1.0012e-12,-11.999479159063814,bot2
-5,3.6,40,15,1.694e-12,1.694e-12,-11.771086594005311,bot2
-5,3.7,40,15,2.187e-12,2.187e-12,-11.660151216962364,bot2
-5,3.8,40,15,2.5766e-12,2.5766e-12,-11.588952997543906,bot2
-5,3.9,40,15,2.9592e-12,2.9592e-12,-11.528825681692663,bot2
-5,4.0,40,15,3.3866e-12,3.3866e-12,-11.470236095959882,bot2
-5,4.1,40,15,3.7462e-12,3.7462e-12,-11.426409040474462,bot2
-5,4.2,40,15,3.9734e-12,3.9734e-12,-11.40083771255641,bot2
-5,4.3,40,15,4.1492e-12,4.1492e-12,-11.382035630776484,bot2
-5,4.4,40,15,4.1738e-12,4.1738e-12,-11.379468365279525,bot2
-5,4.5,40,15,4.248e-12,4.248e-12,-11.371815491926588,bot2
-5,4.6000000000000005,40,15,4.4028e-12,4.4028e-12,-11.356271042196427,bot2
-5,4.7,40,15,-4.7042e-12,4.7042e-12,-11.327514222423002,bot2
-5,4.8,40,15,-4.5374e-12,4.5374e-12,-11.343192933289552,bot2
-5,4.9,40,15,3.1592e-12,3.1592e-12,-11.500422879271513,bot2
-5,5.0,40,15,-1.534e-13,1.534e-13,-12.814174640387037,bot2
-4,0.0,40,15,-4.357e-12,4.357e-12,-11.360812440064246,bot2
-4,0.1,40,15,4.9856e-12,4.9856e-12,-11.302282568343548,bot2
-4,0.2,40,15,3.3716e-12,3.3716e-12,-11.472163954835292,bot2
-4,0.3,40,15,-6.186e-13,6.186e-13,-12.20859008433284,bot2
-4,0.4,40,15,2.28e-13,2.28e-13,-12.642065152999546,bot2
-4,0.5,40,15,9.628e-13,9.628e-13,-12.016463918397008,bot2
-4,0.6,40,15,1.687e-12,1.687e-12,-11.772884917410876,bot2
-4,0.7,40,15,2.148e-12,2.148e-12,-11.667965722972482,bot2
-4,0.8,40,15,2.5742e-12,2.5742e-12,-11.589357714027559,bot2
-4,0.9,40,15,3.108e-12,3.108e-12,-11.507518989871123,bot2
-4,1.0,40,15,3.5446e-12,3.5446e-12,-11.45043276685446,bot2
-4,1.1,40,15,3.88e-12,3.88e-12,-11.411168274405792,bot2
-4,1.2,40,15,4.0918e-12,4.0918e-12,-11.388085601992893,bot2
-4,1.3,40,15,4.1602e-12,4.1602e-12,-11.380885790332755,bot2
-4,1.4,40,15,4.2636e-12,4.2636e-12,-11.370223546463047,bot2
-4,1.5,40,15,4.3002e-12,4.3002e-12,-11.366511345146817,bot2
-4,1.6,40,15,-4.776e-12,4.776e-12,-11.320935681878687,bot2
-4,1.7,40,15,-4.3738e-12,4.3738e-12,-11.359141079753398,bot2
-4,1.8,40,15,2.4272e-12,2.4272e-12,-11.614894436557345,bot2
-4,1.9,40,15,4.202e-13,4.202e-13,-12.376543951930067,bot2
-4,2.0,40,15,1.0252e-12,1.0252e-12,-11.989191402487794,bot2
-4,2.1,40,15,1.7454e-12,1.7454e-12,-11.758105028369297,bot2
-4,2.2,40,15,2.2156e-12,2.2156e-12,-11.654508643525354,bot2
-4,2.3000000000000003,40,15,2.6876e-12,2.6876e-12,-11.570635367582303,bot2
-4,2.4,40,15,3.0432e-12,3.0432e-12,-11.51666950474268,bot2
-4,2.5,40,15,3.363e-12,3.363e-12,-11.473273132685364,bot2
-4,2.6,40,15,3.6812e-12,3.6812e-12,-11.43401058664548,bot2
-4,2.7,40,15,3.8604e-12,3.8604e-12,-11.413367693050406,bot2
-4,2.8000000000000003,40,15,4.009e-12,4.009e-12,-11.396963943749478,bot2
-4,2.9,40,15,4.1162e-12,4.1162e-12,-11.385503531677784,bot2
-4,3.0,40,15,4.2492e-12,4.2492e-12,-11.371692827194265,bot2
-4,3.1,40,15,4.2678e-12,4.2678e-12,-11.369795940918506,bot2
-4,3.2,40,15,-4.7472e-12,4.7472e-12,-11.323562471027234,bot2
-4,3.3000000000000003,40,15,-4.5062e-12,4.5062e-12,-11.346189536764694,bot2
-4,3.4,40,15,2.7396e-12,2.7396e-12,-11.56231284246214,bot2
-4,3.5,40,15,1.14e-13,1.14e-13,-12.943095148663527,bot2
-4,3.6,40,15,5.838e-13,5.838e-13,-12.233735909348004,bot2
-4,3.7,40,15,1.1962e-12,1.1962e-12,-11.922196201923912,bot2
-4,3.8,40,15,1.703e-12,1.703e-12,-11.7687853520374,bot2
-4,3.9,40,15,2.067e-12,2.067e-12,-11.684659523372712,bot2
-4,4.0,40,15,2.438e-12,2.438e-12,-11.612966298717637,bot2
-4,4.1,40,15,2.8348e-12,2.8348e-12,-11.547477575910522,bot2
-4,4.2,40,15,3.2198e-12,3.2198e-12,-11.49217110395447,bot2
-4,4.3,40,15,3.4572e-12,3.4572e-12,-11.461275495671963,bot2
-4,4.4,40,15,3.7228e-12,3.7228e-12,-11.42913029475918,bot2
-4,4.5,40,15,3.8366e-12,3.8366e-12,-11.416053477540872,bot2
-4,4.6000000000000005,40,15,4.0028e-12,4.0028e-12,-11.397636108887225,bot2
-4,4.7,40,15,4.084e-12,4.084e-12,-11.388914266585127,bot2
-4,4.8,40,15,4.2308e-12,4.2308e-12,-11.373577504318755,bot2
-4,4.9,40,15,4.381e-12,4.381e-12,-11.358426746821825,bot2
-4,5.0,40,15,4.462e-12,4.462e-12,-11.35047043405218,bot2
-3,0.0,40,15,-4.8586e-12,4.8586e-12,-11.313488854166774,bot2
-3,0.1,40,15,-1.9902e-12,1.9902e-12,-11.701103278096873,bot2
-3,0.2,40,15,-1.4368e-12,1.4368e-12,-11.84260368067677,bot2
-3,0.3,40,15,-1.0428e-12,1.0428e-12,-11.98179897750371,bot2
-3,0.4,40,15,-1.066e-13,1.066e-13,-12.972242795309446,bot2
-3,0.5,40,15,6.534e-13,6.534e-13,-12.184820869860582,bot2
-3,0.6,40,15,1.2556e-12,1.2556e-12,-11.901148692971995,bot2
-3,0.7,40,15,1.7384e-12,1.7384e-12,-11.759850286687533,bot2
-3,0.8,40,15,2.262e-12,2.262e-12,-11.645507399410564,bot2
-3,0.9,40,15,2.6424e-12,2.6424e-12,-11.578001439316642,bot2
-3,1.0,40,15,2.9722e-12,2.9722e-12,-11.526921970155763,bot2
-3,1.1,40,15,3.2662e-12,3.2662e-12,-11.48595722552801,bot2
-3,1.2,40,15,3.4018e-12,3.4018e-12,-11.468291223189544,bot2
-3,1.3,40,15,3.676e-12,3.676e-12,-11.434624497285926,bot2
-3,1.4,40,15,3.809e-12,3.809e-12,-11.419189027339053,bot2
-3,1.5,40,15,3.862e-12,3.862e-12,-11.413187730556624,bot2
-3,1.6,40,15,4.015e-12,4.015e-12,-11.3963144503853,bot2
-3,1.7,40,15,4.1008e-12,4.1008e-12,-11.387131411159832,bot2
-3,1.8,40,15,4.2014e-12,4.2014e-12,-11.376605968896909,bot2
-3,1.9,40,15,4.2692e-12,4.2692e-12,-11.36965349924576,bot2
-3,2.0,40,15,-4.6996e-12,4.6996e-12,-11.327939104869692,bot2
-3,2.1,40,15,4.9148e-12,4.9148e-12,-11.308494150398204,bot2
-3,2.2,40,15,3.224e-12,3.224e-12,-11.491604966866946,bot2
-3,2.3000000000000003,40,15,-5.226e-13,5.226e-13,-12.281830594608692,bot2
-3,2.4,40,15,-2.18e-14,2.18e-14,-13.661543506395395,bot2
-3,2.5,40,15,6.458e-13,6.458e-13,-12.189901959318858,bot2
-3,2.6,40,15,1.0732e-12,1.0732e-12,-11.9693193360001,bot2
-3,2.7,40,15,1.6816e-12,1.6816e-12,-11.774277301315832,bot2
-3,2.8000000000000003,40,15,2.1602e-12,2.1602e-12,-11.665506038258613,bot2
-3,2.9,40,15,2.5104e-12,2.5104e-12,-11.600257073757138,bot2
-3,3.0,40,15,2.7634e-12,2.7634e-12,-11.558556246744944,bot2
-3,3.1,40,15,3.1012e-12,3.1012e-12,-11.50847022470253,bot2
-3,3.2,40,15,3.3146e-12,3.3146e-12,-11.479568873978458,bot2
-3,3.3000000000000003,40,15,3.5954e-12,3.5954e-12,-11.444252785912791,bot2
-3,3.4,40,15,3.8018e-12,3.8018e-12,-11.4200107336518,bot2
-3,3.5,40,15,3.9126e-12,3.9126e-12,-11.407534549408897,bot2
-3,3.6,40,15,4.0408e-12,4.0408e-12,-11.393532644495707,bot2
-3,3.7,40,15,4.129e-12,4.129e-12,-11.384155117125298,bot2
-3,3.8,40,15,4.181e-12,4.181e-12,-11.378719832449585,bot2
-3,3.9,40,15,4.274e-12,4.274e-12,-11.36916548217195,bot2
-3,4.0,40,15,-4.7298e-12,4.7298e-12,-11.325157223053472,bot2
-3,4.1,40,15,4.9802e-12,4.9802e-12,-11.302753216045048,bot2
-3,4.2,40,15,3.247e-12,3.247e-12,-11.488517711373998,bot2
-3,4.3,40,15,-7.574e-13,7.574e-13,-12.120674699215192,bot2
-3,4.4,40,15,-8.88e-14,8.88e-14,-13.051587034221399,bot2
-3,4.5,40,15,4.322e-13,4.322e-13,-12.364315237452777,bot2
-3,4.6000000000000005,40,15,9.254e-13,9.254e-13,-12.033670504836122,bot2
-3,4.7,40,15,1.4298e-12,1.4298e-12,-11.8447247072699,bot2
-3,4.8,40,15,2.0542e-12,2.0542e-12,-11.687357275116595,bot2
-3,4.9,40,15,2.459e-12,2.459e-12,-11.609241471261283,bot2
-3,5.0,40,15,2.945e-12,2.945e-12,-11.53091470087688,bot2
-2,0.0,40,15,4.4558e-12,4.4558e-12,-11.351074310842787,bot2
-2,0.1,40,15,-1.2928e-12,1.2928e-12,-11.88846865656949,bot2
-2,0.2,40,15,-6.372e-13,6.372e-13,-12.195724232870907,bot2
-2,0.3,40,15,1.24e-14,1.24e-14,-13.906578314837764,bot2
-2,0.4,40,15,6.262e-13,6.262e-13,-12.203286936719104,bot2
-2,0.5,40,15,1.0714e-12,1.0714e-12,-11.97004835796316,bot2
-2,0.6,40,15,1.562e-12,1.562e-12,-11.806318970458719,bot2
-2,0.7,40,15,2.1232e-12,2.1232e-12,-11.67300909447964,bot2
-2,0.8,40,15,2.5098e-12,2.5098e-12,-11.600360885035727,bot2
-2,0.9,40,15,2.8344e-12,2.8344e-12,-11.547538860674878,bot2
-2,1.0,40,15,3.083e-12,3.083e-12,-11.511026475273491,bot2
-2,1.1,40,15,3.3672e-12,3.3672e-12,-11.472731087260033,bot2
-2,1.2,40,15,3.6924e-12,3.6924e-12,-11.432691257704917,bot2
-2,1.3,40,15,3.9146e-12,3.9146e-12,-11.407312608233838,bot2
-2,1.4,40,15,4.078e-12,4.078e-12,-11.38955277855788,bot2
-2,1.5,40,15,4.2006e-12,4.2006e-12,-11.376688671964411,bot2
-2,1.6,40,15,4.258e-12,4.258e-12,-11.370794342897696,bot2
-2,1.7,40,15,-4.664e-12,4.664e-12,-11.331241458249043,bot2
-2,1.8,40,15,4.9498e-12,4.9498e-12,-11.305412348672725,bot2
-2,1.9,40,15,3.3344e-12,3.3344e-12,-11.47698230271659,bot2
-2,2.0,40,15,-8.312e-13,8.312e-13,-12.080294465450878,bot2
-2,2.1,40,15,-6.54e-14,6.54e-14,-13.184422251675732,bot2
-2,2.2,40,15,7.122e-13,7.122e-13,-12.147398030661765,bot2
-2,2.3000000000000003,40,15,1.2464e-12,1.2464e-12,-11.90434255967151,bot2
-2,2.4,40,15,1.8248e-12,1.8248e-12,-11.738784727731408,bot2
-2,2.5,40,15,2.2124e-12,2.2124e-12,-11.655136350202872,bot2
-2,2.6,40,15,2.6518e-12,2.6518e-12,-11.576459233725698,bot2
-2,2.7,40,15,3.0804e-12,3.0804e-12,-11.511392885280932,bot2
-2,2.8000000000000003,40,15,3.527e-12,3.527e-12,-11.45259454033251,bot2
-2,2.9,40,15,3.83e-12,3.83e-12,-11.416801226031378,bot2
-2,3.0,40,15,3.9986e-12,3.9986e-12,-11.39809203834745,bot2
-2,3.1,40,15,4.0726e-12,4.0726e-12,-11.390128243074702,bot2
-2,3.2,40,15,4.1e-12,4.1e-12,-11.387216143280265,bot2
-2,3.3000000000000003,40,15,4.2346e-12,4.2346e-12,-11.373187606820213,bot2
-2,3.4,40,15,-4.739e-12,4.739e-12,-11.3243132913006,bot2
-2,3.5,40,15,-4.628e-12,4.628e-12,-11.334606649720287,bot2
-2,3.6,40,15,2.942e-12,2.942e-12,-11.531357331608488,bot2
-2,3.7,40,15,-5.6e-15,5.6e-15,-14.2518119729938,bot2
-2,3.8,40,15,5.406e-13,5.406e-13,-12.267123958637294,bot2
-2,3.9,40,15,1.3964e-12,1.3964e-12,-11.85499015985786,bot2
-2,4.0,40,15,1.9176e-12,1.9176e-12,-11.717241978974403,bot2
-2,4.1,40,15,2.5162e-12,2.5162e-12,-11.599254841984996,bot2
-2,4.2,40,15,2.943e-12,2.943e-12,-11.531209737900388,bot2
-2,4.3,40,15,3.4862e-12,3.4862e-12,-11.457647701447247,bot2
-2,4.4,40,15,3.7948e-12,3.7948e-12,-11.420811108091355,bot2
-2,4.5,40,15,3.9484e-12,3.9484e-12,-11.403578856764037,bot2
-2,4.6000000000000005,40,15,4.029e-12,4.029e-12,-11.394802732611621,bot2
-2,4.7,40,15,4.1804e-12,4.1804e-12,-11.378782160932756,bot2
-2,4.8,40,15,4.3078e-12,4.3078e-12,-11.365744468074304,bot2
-2,4.9,40,15,-4.7998e-12,4.7998e-12,-11.318776858604828,bot2
-2,5.0,40,15,-4.4918e-12,4.4918e-12,-11.347579589193765,bot2
-1,0.0,40,15,4.0062e-12,4.0062e-12,-11.397267373382874,bot2
-1,0.1,40,15,4.3296e-12,4.3296e-12,-11.36355222508247,bot2
-1,0.2,40,15,-4.7046e-12,4.7046e-12,-11.327477295760119,bot2
-1,0.3,40,15,-4.4284e-12,4.4284e-12,-11.353753157904674,bot2
-1,0.4,40,15,2.5638e-12,2.5638e-12,-11.59111585679916,bot2
-1,0.5,40,15,2.506e-13,2.506e-13,-12.60101893334187,bot2
-1,0.6,40,15,8.632e-13,8.632e-13,-12.063888568325146,bot2
-1,0.7,40,15,1.3652e-12,1.3652e-12,-11.864803720393398,bot2
-1,0.8,40,15,1.9538e-12,1.9538e-12,-11.709119894732838,bot2
-1,0.9,40,15,2.274e-12,2.274e-12,-11.643209539648284,bot2
-1,1.0,40,15,2.7884e-12,2.7884e-12,-11.55464492593553,bot2
-1,1.1,40,15,3.104e-12,3.104e-12,-11.508078287413849,bot2
-1,1.2,40,15,3.5178e-12,3.5178e-12,-11.453728855431558,bot2
-1,1.3,40,15,3.8252e-12,3.8252e-12,-11.417345852895817,bot2
-1,1.4,40,15,3.9962e-12,3.9962e-12,-11.398352784529436,bot2
-1,1.5,40,15,4.1534e-12,4.1534e-12,-11.381596241433487,bot2
-1,1.6,40,15,4.2078e-12,4.2078e-12,-11.375944910717573,bot2
-1,1.7,40,15,-4.6688e-12,4.6688e-12,-11.330794729786643,bot2
-1,1.8,40,15,4.956e-12,4.956e-12,-11.304868702295973,bot2
-1,1.9,40,15,3.0444e-12,3.0444e-12,-11.516498286730645,bot2
-1,2.0,40,15,-1.886e-13,1.886e-13,-12.72445831159869,bot2
-1,2.1,40,15,7.61e-13,7.61e-13,-12.118615343229427,bot2
-1,2.2,40,15,1.2896e-12,1.2896e-12,-11.889544975538984,bot2
-1,2.3000000000000003,40,15,1.974e-12,1.974e-12,-11.704652851666381,bot2
-1,2.4,40,15,2.4398e-12,2.4398e-12,-11.612645773028634,bot2
-1,2.5,40,15,2.7604e-12,2.7604e-12,-11.55902798126604,bot2
-1,2.6,40,15,3.1304e-12,3.1304e-12,-11.504400165107377,bot2
-1,2.7,40,15,3.478e-12,3.478e-12,-11.458670422333306,bot2
-1,2.8000000000000003,40,15,3.7418e-12,3.7418e-12,-11.426919429347407,bot2
-1,2.9,40,15,4.0418e-12,4.0418e-12,-11.393425180441042,bot2
-1,3.0,40,15,4.192e-12,4.192e-12,-11.37757872602433,bot2
-1,3.1,40,15,4.2422e-12,4.2422e-12,-11.372408860371825,bot2
-1,3.2,40,15,4.2924e-12,4.2924e-12,-11.367299813803406,bot2
-1,3.3000000000000003,40,15,-4.6348e-12,4.6348e-12,-11.333969001707276,bot2
-1,3.4,40,15,-4.5158e-12,4.5158e-12,-11.345265300763854,bot2
-1,3.5,40,15,2.7208e-12,2.7208e-12,-11.565303381075335,bot2
-1,3.6,40,15,1.076e-13,1.076e-13,-12.96818772866963,bot2
-1,3.7,40,15,8.994e-13,8.994e-13,-12.046047116768078,bot2
-1,3.8,40,15,1.4434e-12,1.4434e-12,-11.840613299038246,bot2
-1,3.9,40,15,2.2682e-12,2.2682e-12,-11.644318653894278,bot2
-1,4.0,40,15,2.6504e-12,2.6504e-12,-11.576688577126097,bot2
-1,4.1,40,15,3.1094e-12,3.1094e-12,-11.507323405773288,bot2
-1,4.2,40,15,3.4148e-12,3.4148e-12,-11.466634727250364,bot2
-1,4.3,40,15,3.8278e-12,3.8278e-12,-11.417050761899766,bot2
-1,4.4,40,15,4.116e-12,4.116e-12,-11.385524633909604,bot2
-1,4.5,40,15,4.219e-12,4.219e-12,-11.37479047461812,bot2
-1,4.6000000000000005,40,15,4.2722e-12,4.2722e-12,-11.369348424316758,bot2
-1,4.7,40,15,-4.6872e-12,4.6872e-12,-11.32908651500054,bot2
-1,4.8,40,15,4.9214e-12,4.9214e-12,-11.307911335081164,bot2
-1,4.9,40,15,2.8238e-12,2.8238e-12,-11.549166066108997,bot2
-1,5.0,40,15,-4.62e-14,4.62e-14,-13.335358024443874,bot2
0,0.0,40,15,4.6952e-12,4.6952e-12,-11.328345903494483,bot2
0,0.1,40,15,-4.7902e-12,4.7902e-12,-11.319646353582703,bot2
0,0.2,40,15,-4.2146e-12,4.2146e-12,-11.375243637180667,bot2
0,0.3,40,15,2.415e-12,2.415e-12,-11.617082864912469,bot2
0,0.4,40,15,3.938e-13,3.938e-13,-12.404724288197901,bot2
0,0.5,40,15,1.0736e-12,1.0736e-12,-11.969157497175082,bot2
0,0.6,40,15,1.6796e-12,1.6796e-12,-11.774794134034098,bot2
0,0.7,40,15,2.2188e-12,2.2188e-12,-11.653881842793202,bot2
0,0.8,40,15,2.7066e-12,2.7066e-12,-11.567575922518646,bot2
0,0.9,40,15,3.0896e-12,3.0896e-12,-11.51009774356468,bot2
0,1.0,40,15,3.4588e-12,3.4588e-12,-11.461074549696415,bot2
0,1.1,40,15,3.7316e-12,3.7316e-12,-11.42810491559624,bot2
0,1.2,40,15,3.9692e-12,3.9692e-12,-11.401297017316566,bot2
0,1.3,40,15,4.1298e-12,4.1298e-12,-11.384070980062623,bot2
0,1.4,40,15,4.2778e-12,4.2778e-12,-11.368779523861454,bot2
0,1.5,40,15,4.3576e-12,4.3576e-12,-11.360752637734924,bot2
0,1.6,40,15,-4.7352e-12,4.7352e-12,-11.324661673036204,bot2
0,1.7,40,15,-4.5218e-12,4.5218e-12,-11.34468865048629,bot2
0,1.8,40,15,2.8388e-12,2.8388e-12,-11.54686520344315,bot2
0,1.9,40,15,-2.124e-13,2.124e-13,-12.67284548759057,bot2
0,2.0,40,15,4.954e-13,4.954e-13,-12.305043997750182,bot2
0,2.1,40,15,1.235e-12,1.235e-12,-11.908333042404315,bot2
0,2.2,40,15,1.851e-12,1.851e-12,-11.732593581247096,bot2
0,2.3000000000000003,40,15,2.3476e-12,2.3476e-12,-11.629375899158465,bot2
0,2.4,40,15,2.8354e-12,2.8354e-12,-11.547385664976122,bot2
0,2.5,40,15,3.2906e-12,3.2906e-12,-11.482724906630196,bot2
0,2.6,40,15,3.609e-12,3.609e-12,-11.442613117940493,bot2
0,2.7,40,15,3.9408e-12,3.9408e-12,-11.404415605504973,bot2
0,2.8000000000000003,40,15,4.1226e-12,4.1226e-12,-11.384828801075448,bot2
0,2.9,40,15,4.2424e-12,4.2424e-12,-11.372388385889494,bot2
0,3.0,40,15,4.366e-12,4.366e-12,-11.359916268626879,bot2
0,3.1,40,15,-4.7752e-12,4.7752e-12,-11.321008434116383,bot2
0,3.2,40,15,-4.4256e-12,4.4256e-12,-11.354027841570783,bot2
0,3.3000000000000003,40,15,2.7042e-12,2.7042e-12,-11.567961191545379,bot2
0,3.4,40,15,4.378e-13,4.378e-13,-12.358724242768087,bot2
0,3.5,40,15,1.1678e-12,1.1678e-12,-11.932631529084732,bot2
0,3.6,40,15,1.8442e-12,1.8442e-12,-11.734191982313643,bot2
0,3.7,40,15,2.4634e-12,2.4634e-12,-11.608465062911975,bot2
0,3.8,40,15,2.9982e-12,2.9982e-12,-11.52313940017377,bot2
0,3.9,40,15,3.4606e-12,3.4606e-12,-11.460848596554507,bot2
0,4.0,40,15,3.7332e-12,3.7332e-12,-11.427918742843671,bot2
0,4.1,40,15,3.9486e-12,3.9486e-12,-11.40355685881636,bot2
0,4.2,40,15,4.155e-12,4.155e-12,-11.38142897187987,bot2
0,4.3,40,15,4.2742e-12,4.2742e-12,-11.3691451600231,bot2
0,4.4,40,15,-4.6942e-12,4.6942e-12,-11.328438410892941,bot2
0,4.5,40,15,4.9808e-12,4.9808e-12,-11.30270089666156,bot2
0,4.6000000000000005,40,15,2.8868e-12,2.8868e-12,-11.539583303374265,bot2
0,4.7,40,15,2.848e-13,2.848e-13,-12.54546001503518,bot2
0,4.8,40,15,9.962e-13,9.962e-13,-12.001653462603635,bot2
0,4.9,40,15,1.7998e-12,1.7998e-12,-11.744775752520157,bot2
0,5.0,40,15,2.4046e-12,2.4046e-12,-11.61895715722809,bot2
1,0.0,40,15,1.24432e-11,1.24432e-11,-10.905067918388951,bot2
1,0.1,40,15,3.83384e-08,3.83384e-08,-7.4163660157581806,bot2
1,0.2,40,15,6.46658e-08,6.46658e-08,-7.18932534526995,bot2
1,0.3,40,15,8.09624e-08,8.09624e-08,-7.091716626352748,bot2
1,0.4,40,15,8.96586e-08,8.96586e-08,-7.047408046833395,bot2
1,0.5,40,15,9.355780000000001e-08,9.355780000000001e-08,-7.028919999123398,bot2
1,0.6,40,15,9.5331e-08,9.5331e-08,-7.020765851305925,bot2
1,0.7,40,15,9.621100000000001e-08,9.621100000000001e-08,-7.016775271348936,bot2
1,0.8,40,15,9.66598e-08,9.66598e-08,-7.014754107800348,bot2
1,0.9,40,15,9.68342e-08,9.68342e-08,-7.013971231037719,bot2
1,1.0,40,15,9.717020000000001e-08,9.717020000000001e-08,-7.012466903385144,bot2
1,1.1,40,15,9.72948e-08,9.72948e-08,-7.011910370334464,bot2
1,1.2,40,15,9.747220000000001e-08,9.747220000000001e-08,-7.0111192315645985,bot2
1,1.3,40,15,9.75648e-08,9.75648e-08,-7.010706841381751,bot2
1,1.4,40,15,9.771e-08,9.771e-08,-7.010060986715464,bot2
1,1.5,40,15,9.78744e-08,9.78744e-08,-7.009330887283812,bot2
1,1.6,40,15,9.79646e-08,9.79646e-08,-7.008930830451029,bot2
1,1.7,40,15,9.80718e-08,9.80718e-08,-7.008455853629371,bot2
1,1.8,40,15,9.81256e-08,9.81256e-08,-7.008217674696194,bot2
1,1.9,40,15,9.827939999999998e-08,9.827939999999998e-08,-7.007537503570513,bot2
1,2.0,40,15,9.83136e-08,9.83136e-08,-7.007386400820864,bot2
1,2.1,40,15,9.84232e-08,9.84232e-08,-7.006902519003729,bot2
1,2.2,40,15,9.8495e-08,9.8495e-08,-7.006585815467108,bot2
1,2.3000000000000003,40,15,9.85006e-08,9.85006e-08,-7.006561124061824,bot2
1,2.4,40,15,9.85706e-08,9.85706e-08,-7.006252599883642,bot2
1,2.5,40,15,9.86616e-08,9.86616e-08,-7.005851845841883,bot2
1,2.6,40,15,9.86988e-08,9.86988e-08,-7.005688127538534,bot2
1,2.7,40,15,9.87876e-08,9.87876e-08,-7.005297565428007,bot2
1,2.8000000000000003,40,15,9.88094e-08,9.88094e-08,-7.005201737862367,bot2
1,2.9,40,15,9.890719999999998e-08,9.890719999999998e-08,-7.004772092564053,bot2
1,3.0,40,15,9.891900000000001e-08,9.891900000000001e-08,-7.004720282693647,bot2
1,3.1,40,15,9.89646e-08,9.89646e-08,-7.004520126351986,bot2
1,3.2,40,15,9.900340000000001e-08,9.900340000000001e-08,-7.004349890494538,bot2
1,3.3000000000000003,40,15,9.90704e-08,9.90704e-08,-7.004056083525648,bot2
1,3.4,40,15,9.90576e-08,9.90576e-08,-7.004112198455149,bot2
1,3.5,40,15,9.90774e-08,9.90774e-08,-7.0040253987401035,bot2
1,3.6,40,15,9.903820000000001e-08,9.903820000000001e-08,-7.004197261469871,bot2
1,3.7,40,15,9.91862e-08,9.91862e-08,-7.003548748014764,bot2
1,3.8,40,15,9.92566e-08,9.92566e-08,-7.003240605488972,bot2
1,3.9,40,15,9.92726e-08,9.92726e-08,-7.003170603577661,bot2
1,4.0,40,15,9.93102e-08,9.93102e-08,-7.0030061434863065,bot2
1,4.1,40,15,9.931519999999998e-08,9.931519999999998e-08,-7.002984278484046,bot2
1,4.2,40,15,9.93864e-08,9.93864e-08,-7.0026730402410235,bot2
1,4.3,40,15,9.93716e-08,9.93716e-08,-7.002737717470056,bot2
1,4.4,40,15,9.9441e-08,9.9441e-08,-7.002434516986099,bot2
1,4.5,40,15,9.95084e-08,9.95084e-08,-7.002140256745053,bot2
1,4.6000000000000005,40,15,9.955340000000001e-08,9.955340000000001e-08,-7.0019439031300585,bot2
1,4.7,40,15,9.9554e-08,9.9554e-08,-7.001941285681494,bot2
1,4.8,40,15,9.957659999999998e-08,9.957659999999998e-08,-7.001842706604917,bot2
1,4.9,40,15,9.96688e-08,9.96688e-08,-7.001440770559321,bot2
1,5.0,40,15,9.964860000000001e-08,9.964860000000001e-08,-7.001528798484274,bot2
2,0.0,40,15,6.67018e-11,6.67018e-11,-10.175862446150624,bot2
2,0.1,40,15,2.158e-07,2.158e-07,-6.665948559653108,bot2
2,0.2,40,15,4.0914e-07,4.0914e-07,-6.388128059171723,bot2
2,0.3,40,15,5.8062e-07,5.8062e-07,-6.236108008566282,bot2
2,0.4,40,15,7.3184e-07,7.3184e-07,-6.135583857073345,bot2
2,0.5,40,15,8.6364e-07,8.6364e-07,-6.063667251264882,bot2
2,0.6,40,15,9.772e-07,9.772e-07,-6.010016541698601,bot2
2,0.7,40,15,1.0735e-06,1.0735e-06,-5.9691979512277324,bot2
2,0.8,40,15,1.1534e-06,1.1534e-06,-5.938020052925121,bot2
2,0.9,40,15,1.2189e-06,1.2189e-06,-5.914031922953926,bot2
2,1.0,40,15,1.2704000000000002e-06,1.2704000000000002e-06,-5.8960595149169786,bot2
2,1.1,40,15,1.3111e-06,1.3111e-06,-5.882364182610506,bot2
2,1.2,40,15,1.3418000000000002e-06,1.3418000000000002e-06,-5.872312212460149,bot2
2,1.3,40,15,1.3636000000000002e-06,1.3636000000000002e-06,-5.865313007443146,bot2
2,1.4,40,15,1.3786000000000002e-06,1.3786000000000002e-06,-5.860561725841832,bot2
2,1.5,40,15,1.3891000000000002e-06,1.3891000000000002e-06,-5.857266488686481,bot2
2,1.6,40,15,1.3956000000000002e-06,1.3956000000000002e-06,-5.855239039223926,bot2
2,1.7,40,15,1.4003000000000002e-06,1.4003000000000002e-06,-5.85377891118812,bot2
2,1.8,40,15,1.4034000000000002e-06,1.4034000000000002e-06,-5.852818527807203,bot2
2,1.9,40,15,1.4057000000000002e-06,1.4057000000000002e-06,-5.85210735516715,bot2
2,2.0,40,15,1.4074e-06,1.4074e-06,-5.851582453308623,bot2
2,2.1,40,15,1.4088000000000002e-06,1.4088000000000002e-06,-5.85115065704078,bot2
2,2.2,40,15,1.4103e-06,1.4103e-06,-5.850688494092085,bot2
2,2.3000000000000003,40,15,1.4109e-06,1.4109e-06,-5.850503766534258,bot2
2,2.4,40,15,1.4120000000000002e-06,1.4120000000000002e-06,-5.850165303284215,bot2
2,2.5,40,15,1.4133e-06,1.4133e-06,-5.8497656410421035,bot2
2,2.6,40,15,1.4139e-06,1.4139e-06,-5.849581305520702,bot2
2,2.7,40,15,1.4146000000000002e-06,1.4146000000000002e-06,-5.849366346253571,bot2
2,2.8000000000000003,40,15,1.4154000000000005e-06,1.4154000000000005e-06,-5.849120808730761,bot2
2,2.9,40,15,1.4157e-06,1.4157e-06,-5.849028767937388,bot2
2,3.0,40,15,1.4161e-06,1.4161e-06,-5.848906077214939,bot2
2,3.1,40,15,1.4173000000000002e-06,1.4173000000000002e-06,-5.848538212875669,bot2
2,3.2,40,15,1.4174000000000002e-06,1.4174000000000002e-06,-5.848507571574502,bot2
2,3.3000000000000003,40,15,1.4184e-06,1.4184e-06,-5.848201277407139,bot2
2,3.4,40,15,1.4187e-06,1.4187e-06,-5.848109431264911,bot2
2,3.5,40,15,1.4192e-06,1.4192e-06,-5.847956397512349,bot2
2,3.6,40,15,1.4195e-06,1.4195e-06,-5.847864603138124,bot2
2,3.7,40,15,1.4198000000000002e-06,1.4198000000000002e-06,-5.847772828161858,bot2
2,3.8,40,15,1.4206000000000002e-06,1.4206000000000002e-06,-5.847528189663963,bot2
2,3.9,40,15,1.4210000000000002e-06,1.4210000000000002e-06,-5.8474059220725305,bot2
2,4.0,40,15,1.4213e-06,1.4213e-06,-5.847314243963214,bot2
2,4.1,40,15,1.4216e-06,1.4216e-06,-5.847222585202755,bot2
2,4.2,40,15,1.4219e-06,1.4219e-06,-5.847130945782987,bot2
2,4.3,40,15,1.4222e-06,1.4222e-06,-5.847039325695751,bot2
2,4.4,40,15,1.4224e-06,1.4224e-06,-5.846978256373862,bot2
2,4.5,40,15,1.4230000000000002e-06,1.4230000000000002e-06,-5.846795099915716,bot2
2,4.6000000000000005,40,15,1.4232000000000002e-06,1.4232000000000002e-06,-5.8467340649241315,bot2
2,4.7,40,15,1.4238000000000002e-06,1.4238000000000002e-06,-5.846551011399018,bot2
2,4.8,40,15,1.4236000000000002e-06,1.4236000000000002e-06,-5.846612020668192,bot2
2,4.9,40,15,1.4241e-06,1.4241e-06,-5.846459513561977,bot2
2,5.0,40,15,1.4245e-06,1.4245e-06,-5.846337546424504,bot2
3,0.0,40,15,1.1378e-10,1.1378e-10,-9.943934070568247,bot2
3,0.1,40,15,4.719e-07,4.719e-07,-6.326150022657051,bot2
3,0.2,40,15,9.1456e-07,9.1456e-07,-6.038787797225143,bot2
3,0.3,40,15,1.3246000000000002e-06,1.3246000000000002e-06,-5.8779152492891305,bot2
3,0.4,40,15,1.7067e-06,1.7067e-06,-5.767842811512566,bot2
3,0.5,40,15,2.0626000000000004e-06,2.0626000000000004e-06,-5.685584986586333,bot2
3,0.6,40,15,2.3909000000000003e-06,2.3909000000000003e-06,-5.621438587981424,bot2
3,0.7,40,15,2.6938000000000004e-06,2.6938000000000004e-06,-5.56963465141953,bot2
3,0.8,40,15,2.9711e-06,2.9711e-06,-5.527082730654324,bot2
3,0.9,40,15,3.2245e-06,3.2245e-06,-5.49153761872664,bot2
3,1.0,40,15,3.4549e-06,3.4549e-06,-5.461564518500117,bot2
3,1.1,40,15,3.6624e-06,3.6624e-06,-5.4362342246695325,bot2
3,1.2,40,15,3.8495e-06,3.8495e-06,-5.414595676035042,bot2
3,1.3,40,15,4.015800000000001e-06,4.015800000000001e-06,-5.396227924612856,bot2
3,1.4,40,15,4.164e-06,4.164e-06,-5.380489279161502,bot2
3,1.5,40,15,4.295100000000001e-06,4.295100000000001e-06,-5.36702672032107,bot2
3,1.6,40,15,4.4094000000000005e-06,4.4094000000000005e-06,-5.355620502236709,bot2
3,1.7,40,15,4.509500000000001e-06,4.509500000000001e-06,-5.345871608738188,bot2
3,1.8,40,15,4.5954e-06,4.5954e-06,-5.337676680092444,bot2
3,1.9,40,15,4.667500000000001e-06,4.667500000000001e-06,-5.330915673378884,bot2
3,2.0,40,15,4.728200000000001e-06,4.728200000000001e-06,-5.3253041613443735,bot2
3,2.1,40,15,4.7775e-06,4.7775e-06,-5.320799304272949,bot2
3,2.2,40,15,4.818e-06,4.818e-06,-5.317133204337676,bot2
3,2.3000000000000003,40,15,4.8494000000000005e-06,4.8494000000000005e-06,-5.31431199187374,bot2
3,2.4,40,15,4.873900000000001e-06,4.873900000000001e-06,-5.312123385675242,bot2
3,2.5,40,15,4.8923000000000006e-06,4.8923000000000006e-06,-5.310486919511919,bot2
3,2.6,40,15,4.9065e-06,4.9065e-06,-5.309228196819337,bot2
3,2.7,40,15,4.9172e-06,4.9172e-06,-5.308282127050508,bot2
3,2.8000000000000003,40,15,4.9253e-06,4.9253e-06,-5.30756731148585,bot2
3,2.9,40,15,4.932600000000001e-06,4.932600000000001e-06,-5.306924101411208,bot2
3,3.0,40,15,4.9373e-06,4.9373e-06,-5.3065104833969965,bot2
3,3.1,40,15,4.9417000000000005e-06,4.9417000000000005e-06,-5.306123623219503,bot2
3,3.2,40,15,4.9452000000000005e-06,4.9452000000000005e-06,-5.305816139427787,bot2
3,3.3000000000000003,40,15,4.948000000000001e-06,4.948000000000001e-06,-5.305570309042917,bot2
3,3.4,40,15,4.950700000000001e-06,4.950700000000001e-06,-5.305333390027244,bot2
3,3.5,40,15,4.9529000000000005e-06,4.9529000000000005e-06,-5.305140440417829,bot2
3,3.6,40,15,4.9547e-06,4.9547e-06,-5.304982636292506,bot2
3,3.7,40,15,4.9559e-06,4.9559e-06,-5.304877465388457,bot2
3,3.8,40,15,4.9578e-06,4.9578e-06,-5.304710996859912,bot2
3,3.9,40,15,4.9595000000000005e-06,4.9595000000000005e-06,-5.304562105402264,bot2
3,4.0,40,15,4.961100000000001e-06,4.961100000000001e-06,-5.304422018879862,bot2
3,4.1,40,15,4.9625e-06,4.9625e-06,-5.304299480228829,bot2
3,4.2,40,15,4.963900000000001e-06,4.963900000000001e-06,-5.304176976143018,bot2
3,4.3,40,15,4.965400000000001e-06,4.965400000000001e-06,-5.304045760100031,bot2
3,4.4,40,15,4.9668000000000005e-06,4.9668000000000005e-06,-5.303923327551615,bot2
3,4.5,40,15,4.967400000000001e-06,4.967400000000001e-06,-5.3038708670234485,bot2
3,4.6000000000000005,40,15,4.969300000000001e-06,4.969300000000001e-06,-5.3037047838115825,bot2
3,4.7,40,15,4.970000000000001e-06,4.970000000000001e-06,-5.303643611266668,bot2
3,4.8,40,15,4.9705e-06,4.9705e-06,-5.30359992186651,bot2
3,4.9,40,15,4.9718e-06,4.9718e-06,-5.303486349990849,bot2
3,5.0,40,15,4.9713e-06,4.9713e-06,-5.303530027966759,bot2
4,0.0,40,15,2.077e-10,2.077e-10,-9.6825635034649,bot2
4,0.1,40,15,7.7388e-07,7.7388e-07,-6.1113263770150335,bot2
4,0.2,40,15,1.5106000000000002e-06,1.5106000000000002e-06,-5.820850519638851,bot2
4,0.3,40,15,2.2113000000000003e-06,2.2113000000000003e-06,-5.655352334080594,bot2
4,0.4,40,15,2.8811e-06,2.8811e-06,-5.540441667545868,bot2
4,0.5,40,15,3.5182000000000005e-06,3.5182000000000005e-06,-5.453679475729186,bot2
4,0.6,40,15,4.1218e-06,4.1218e-06,-5.384913085095295,bot2
4,0.7,40,15,4.695800000000001e-06,4.695800000000001e-06,-5.32829040851216,bot2
4,0.8,40,15,5.236e-06,5.236e-06,-5.281000362121282,bot2
4,0.9,40,15,5.7471e-06,5.7471e-06,-5.240551246041811,bot2
4,1.0,40,15,6.225500000000001e-06,6.225500000000001e-06,-5.205825762542163,bot2
4,1.1,40,15,6.677600000000001e-06,6.677600000000001e-06,-5.175379599506814,bot2
4,1.2,40,15,7.0987e-06,7.0987e-06,-5.1488211772696495,bot2
4,1.3,40,15,7.4912e-06,7.4912e-06,-5.125448607983469,bot2
4,1.4,40,15,7.8576e-06,7.8576e-06,-5.104710083212471,bot2
4,1.5,40,15,8.197800000000001e-06,8.197800000000001e-06,-5.0863026812812775,bot2
4,1.6,40,15,8.513700000000001e-06,8.513700000000001e-06,-5.069881657264362,bot2
4,1.7,40,15,8.8037e-06,8.8037e-06,-5.055334765137822,bot2
4,1.8,40,15,9.0707e-06,9.0707e-06,-5.042359196467279,bot2
4,1.9,40,15,9.3175e-06,9.3175e-06,-5.030700598574123,bot2
4,2.0,40,15,9.5401e-06,9.5401e-06,-5.020447072966705,bot2
4,2.1,40,15,9.7457e-06,9.7457e-06,-5.0111869615520845,bot2
4,2.2,40,15,9.9303e-06,9.9303e-06,-5.0030376310236,bot2
4,2.3000000000000003,40,15,1.0097700000000002e-05,1.0097700000000002e-05,-4.995777536223219,bot2
4,2.4,40,15,1.0247e-05,1.0247e-05,-4.989403263793474,bot2
4,2.5,40,15,1.03814e-05,1.03814e-05,-4.983744075073727,bot2
4,2.6,40,15,1.05007e-05,1.05007e-05,-4.9787817489296575,bot2
4,2.7,40,15,1.06067e-05,1.06067e-05,-4.974419714563721,bot2
4,2.8000000000000003,40,15,1.06984e-05,1.06984e-05,-4.970681168401632,bot2
4,2.9,40,15,1.0779e-05,1.0779e-05,-4.967421528075688,bot2
4,3.0,40,15,1.0848800000000002e-05,1.0848800000000002e-05,-4.964618297041254,bot2
4,3.1,40,15,1.0907500000000002e-05,1.0907500000000002e-05,-4.9622747783411425,bot2
4,3.2,40,15,1.09572e-05,1.09572e-05,-4.9603004111716675,bot2
4,3.3000000000000003,40,15,1.09988e-05,1.09988e-05,-4.958654695006039,bot2
4,3.4,40,15,1.10324e-05,1.10324e-05,-4.9573300003996925,bot2
4,3.5,40,15,1.10607e-05,1.10607e-05,-4.9562173869086,bot2
4,3.6,40,15,1.10826e-05,1.10826e-05,-4.955358341305212,bot2
4,3.7,40,15,1.11025e-05,1.11025e-05,-4.9545792181542865,bot2
4,3.8,40,15,1.1117500000000002e-05,1.1117500000000002e-05,-4.953992861879028,bot2
4,3.9,40,15,1.11318e-05,1.11318e-05,-4.953434605039814,bot2
4,4.0,40,15,1.11406e-05,1.11406e-05,-4.953091418706988,bot2
4,4.1,40,15,1.1149200000000002e-05,1.1149200000000002e-05,-4.952756293875926,bot2
4,4.2,40,15,1.1156900000000002e-05,1.1156900000000002e-05,-4.952456459512816,bot2
4,4.3,40,15,1.1163200000000002e-05,1.1163200000000002e-05,-4.952211294364932,bot2
4,4.4,40,15,1.11695e-05,1.11695e-05,-4.9519662675380305,bot2
4,4.5,40,15,1.117e-05,1.117e-05,-4.951946826884391,bot2
4,4.6000000000000005,40,15,1.1176e-05,1.1176e-05,-4.9517136068938745,bot2
4,4.7,40,15,1.1176e-05,1.1176e-05,-4.9517136068938745,bot2
4,4.8,40,15,1.1184e-05,1.1184e-05,-4.9514028415983935,bot2
4,4.9,40,15,1.1186e-05,1.1186e-05,-4.951325185007771,bot2
4,5.0,40,15,1.119e-05,1.119e-05,-4.95116991347165,bot2
5,0.0,40,15,3.3561000000000004e-10,3.3561000000000004e-10,-9.474165107199369,bot2
5,0.1,40,15,1.09132e-06,1.09132e-06,-5.962047885656384,bot2
5,0.2,40,15,2.1381000000000003e-06,2.1381000000000003e-06,-5.669971986483384,bot2
5,0.3,40,15,3.1444000000000003e-06,3.1444000000000003e-06,-5.502462212396323,bot2
5,0.4,40,15,4.1172e-06,4.1172e-06,-5.385398035896202,bot2
5,0.5,40,15,5.053800000000001e-06,5.053800000000001e-06,-5.296381948924818,bot2
5,0.6,40,15,5.9533e-06,5.9533e-06,-5.225242231833976,bot2
5,0.7,40,15,6.818400000000001e-06,6.818400000000001e-06,-5.166317524565458,bot2
5,0.8,40,15,7.643900000000001e-06,7.643900000000001e-06,-5.116685003162324,bot2
5,0.9,40,15,8.4401e-06,8.4401e-06,-5.0736524077356115,bot2
5,1.0,40,15,9.199e-06,9.199e-06,-5.036259381142116,bot2
5,1.1,40,15,9.9262e-06,9.9262e-06,-5.003216978582446,bot2
5,1.2,40,15,1.06186e-05,1.06186e-05,-4.9739327386551455,bot2
5,1.3,40,15,1.12764e-05,1.12764e-05,-4.947829527097026,bot2
5,1.4,40,15,1.1888e-05,1.1888e-05,-4.9248912035835,bot2
5,1.5,40,15,1.2468e-05,1.2468e-05,-4.904203206395198,bot2
5,1.6,40,15,1.3026e-05,1.3026e-05,-4.885188926161936,bot2
5,1.7,40,15,1.3556e-05,1.3556e-05,-4.867868439834659,bot2
5,1.8,40,15,1.406e-05,1.406e-05,-4.852014679316195,bot2
5,1.9,40,15,1.4532e-05,1.4532e-05,-4.837674610809323,bot2
5,2.0,40,15,1.4978e-05,1.4978e-05,-4.824546173749517,bot2
5,2.1,40,15,1.5396e-05,1.5396e-05,-4.812592097577447,bot2
5,2.2,40,15,1.5786e-05,1.5786e-05,-4.801727901530653,bot2
5,2.3000000000000003,40,15,1.615e-05,1.615e-05,-4.791827473332878,bot2
5,2.4,40,15,1.6492e-05,1.6492e-05,-4.7827266738706795,bot2
5,2.5,40,15,1.6808e-05,1.6808e-05,-4.774483960602104,bot2
5,2.6,40,15,1.7102e-05,1.7102e-05,-4.766953097901817,bot2
5,2.7,40,15,1.7374e-05,1.7374e-05,-4.760100182823032,bot2
5,2.8000000000000003,40,15,1.7630000000000002e-05,1.7630000000000002e-05,-4.753747687700678,bot2
5,2.9,40,15,1.7856e-05,1.7856e-05,-4.748215822742515,bot2
5,3.0,40,15,1.8072e-05,1.8072e-05,-4.7429937820876935,bot2
5,3.1,40,15,1.8268e-05,1.8268e-05,-4.738308997065037,bot2
5,3.2,40,15,1.8444e-05,1.8444e-05,-4.73414488645263,bot2
5,3.3000000000000003,40,15,1.8606e-05,1.8606e-05,-4.73034698337903,bot2
5,3.4,40,15,1.8756e-05,1.8756e-05,-4.726859775933188,bot2
5,3.5,40,15,1.889e-05,1.889e-05,-4.7237680420781665,bot2
5,3.6,40,15,1.9006e-05,1.9006e-05,-4.7211092750713215,bot2
5,3.7,40,15,1.9112e-05,1.9112e-05,-4.718693863258179,bot2
5,3.8,40,15,1.9206e-05,1.9206e-05,-4.716563075472224,bot2
5,3.9,40,15,1.9292e-05,1.9292e-05,-4.714622746750155,bot2
5,4.0,40,15,1.9362e-05,1.9362e-05,-4.713049784212451,bot2
5,4.1,40,15,1.943e-05,1.943e-05,-4.7115271994002175,bot2
5,4.2,40,15,1.9486e-05,1.9486e-05,-4.710277301786202,bot2
5,4.3,40,15,1.9532e-05,1.9532e-05,-4.7092532843879145,bot2
5,4.4,40,15,1.9576e-05,1.9576e-05,-4.708276043656268,bot2
5,4.5,40,15,1.961e-05,1.961e-05,-4.707522406332216,bot2
5,4.6000000000000005,40,15,1.9642e-05,1.9642e-05,-4.7068142932934025,bot2
5,4.7,40,15,1.9668e-05,1.9668e-05,-4.706239800381876,bot2
5,4.8,40,15,1.9692e-05,1.9692e-05,-4.705710172899282,bot2
5,4.9,40,15,1.9712e-05,1.9712e-05,-4.705269309515669,bot2
5,5.0,40,15,1.9726e-05,1.9726e-05,-4.704960971212405,bot2
-5,0.0,40,20,4.5452e-12,4.5452e-12,-11.342447001994191,bot1
-5,0.1,40,20,2.9714e-12,2.9714e-12,-11.527038880980053,bot1
-5,0.2,40,20,3.378e-13,3.378e-13,-12.47134035476501,bot1
-5,0.3,40,20,1.5472e-12,1.5472e-12,-11.810453543261074,bot1
-5,0.4,40,20,2.4864e-12,2.4864e-12,-11.60442900287918,bot1
-5,0.5,40,20,3.3672e-12,3.3672e-12,-11.472731087260033,bot1
-5,0.6,40,20,3.8416e-12,3.8416e-12,-11.415487857287047,bot1
-5,0.7,40,20,4.1842e-12,4.1842e-12,-11.378387564862468,bot1
-5,0.8,40,20,4.3656e-12,4.3656e-12,-11.35995605922491,bot1
-5,0.9,40,20,-4.8824e-12,4.8824e-12,-11.311366643051464,bot1
-5,1.0,40,20,-4.1044e-12,4.1044e-12,-11.386750321062046,bot1
-5,1.1,40,20,1.3558e-12,1.3558e-12,-11.867804370426576,bot1
-5,1.2,40,20,1.734e-13,1.734e-13,-12.760950906859808,bot1
-5,1.3,40,20,-1.2476e-12,1.2476e-12,-11.903924633914894,bot1
-5,1.4,40,20,-2.2368e-12,2.2368e-12,-11.650372845934413,bot1
-5,1.5,40,20,-3.05e-12,3.05e-12,-11.515700160653214,bot1
-5,1.6,40,20,-3.783e-12,3.783e-12,-11.422163658707255,bot1
-5,1.7,40,20,-4.0838e-12,4.0838e-12,-11.38893553520003,bot1
-5,1.8,40,20,-4.301e-12,4.301e-12,-11.366430557445907,bot1
-5,1.9,40,20,4.7318e-12,4.7318e-12,-11.324973620073692,bot1
-5,2.0,40,20,4.3308e-12,4.3308e-12,-11.363431871892868,bot1
-5,2.1,40,20,-2.0408e-12,2.0408e-12,-11.690199554398266,bot1
-5,2.2,40,20,-6.698e-13,6.698e-13,-12.174054856796152,bot1
-5,2.3000000000000003,40,20,4.84e-13,4.84e-13,-12.315154638355587,bot1
-5,2.4,40,20,1.6058e-12,1.6058e-12,-11.794308546420494,bot1
-5,2.5,40,20,2.4552e-12,2.4552e-12,-11.609913124576234,bot1
-5,2.6,40,20,3.3056e-12,3.3056e-12,-11.480749700160473,bot1
-5,2.7,40,20,3.7758e-12,3.7758e-12,-11.42299101786887,bot1
-5,2.8000000000000003,40,20,4.0948e-12,4.0948e-12,-11.387767305385259,bot1
-5,2.9,40,20,4.168e-12,4.168e-12,-11.380072289708531,bot1
-5,3.0,40,20,-4.7424e-12,4.7424e-12,-11.324001818036784,bot1
-5,3.1,40,20,-4.5078e-12,4.5078e-12,-11.346035360776598,bot1
-5,3.2,40,20,1.803e-12,1.803e-12,-11.744004273277598,bot1
-5,3.3000000000000003,40,20,4.104e-13,4.104e-13,-12.38679264789624,bot1
-5,3.4,40,20,-8.468e-13,8.468e-13,-12.072219150652625,bot1
-5,3.5,40,20,-2.315e-12,2.315e-12,-11.635449004646029,bot1
-5,3.6,40,20,-2.8046e-12,2.8046e-12,-11.552129070300952,bot1
-5,3.7,40,20,-3.4472e-12,3.4472e-12,-11.462533518919688,bot1
-5,3.8,40,20,-3.9748e-12,3.9748e-12,-11.400684718851934,bot1
-5,3.9,40,20,-4.029e-12,4.029e-12,-11.394802732611621,bot1
-5,4.0,40,20,5.0032e-12,5.0032e-12,-11.300752136101142,bot1
-5,4.1,40,20,4.3194e-12,4.3194e-12,-11.364576576052315,bot1
-5,4.2,40,20,-1.095e-12,1.095e-12,-11.960585880823864,bot1
-5,4.3,40,20,3.308e-13,3.308e-13,-12.480434499119491,bot1
-5,4.4,40,20,1.67e-12,1.67e-12,-11.777283528852417,bot1
-5,4.5,40,20,2.6886e-12,2.6886e-12,-11.570473805703314,bot1
-5,4.6000000000000005,40,20,3.6512e-12,3.6512e-12,-11.437564377261879,bot1
-5,4.7,40,20,4.4414e-12,4.4414e-12,-11.352480111768934,bot1
-5,4.8,40,20,4.9602e-12,4.9602e-12,-11.304500811988584,bot1
-5,4.9,40,20,5.168e-12,5.168e-12,-11.286677495012972,bot1
-5,5.0,40,20,-3.7206e-12,3.7206e-12,-11.429387018269406,bot1
-4,0.0,40,20,5.0066e-12,5.0066e-12,-11.300457104972596,bot1
-4,0.1,40,20,-2.3492e-12,2.3492e-12,-11.62908000782908,bot1
-4,0.2,40,20,-1.0856e-12,1.0856e-12,-11.964330165348319,bot1
-4,0.3,40,20,3.934e-13,3.934e-13,-12.405165644416682,bot1
-4,0.4,40,20,1.6342e-12,1.6342e-12,-11.786694793837206,bot1
-4,0.5,40,20,2.4586e-12,2.4586e-12,-11.60931212271449,bot1
-4,0.6,40,20,3.1926e-12,3.1926e-12,-11.495855490691634,bot1
-4,0.7,40,20,3.7868e-12,3.7868e-12,-11.42172763155466,bot1
-4,0.8,40,20,4.0944e-12,4.0944e-12,-11.38780973145689,bot1
-4,0.9,40,20,4.3226e-12,4.3226e-12,-11.364254950871661,bot1
-4,1.0,40,20,-4.9292e-12,4.9292e-12,-11.30722356019094,bot1
-4,1.1,40,20,-3.9112e-12,3.9112e-12,-11.407689975744221,bot1
-4,1.2,40,20,7.14e-13,7.14e-13,-12.146301788223825,bot1
-4,1.3,40,20,-7.818e-13,7.818e-13,-12.106904333903772,bot1
-4,1.4,40,20,-1.972e-12,1.972e-12,-11.705093089394808,bot1
-4,1.5,40,20,-3.0346e-12,3.0346e-12,-11.517898546513402,bot1
-4,1.6,40,20,-3.581e-12,3.581e-12,-11.445995678988098,bot1
-4,1.7,40,20,-4.1372e-12,4.1372e-12,-11.383293483988005,bot1
-4,1.8,40,20,-4.3782e-12,4.3782e-12,-11.358704403363689,bot1
-4,1.9,40,20,4.8314e-12,4.8314e-12,-11.315927005030275,bot1
-4,2.0,40,20,4.1008e-12,4.1008e-12,-11.387131411159832,bot1
-4,2.1,40,20,-1.4122e-12,1.4122e-12,-11.850103792841239,bot1
-4,2.2,40,20,6.32e-14,6.32e-14,-13.199282921717614,bot1
-4,2.3000000000000003,40,20,1.3952e-12,1.3952e-12,-11.855363532411507,bot1
-4,2.4,40,20,2.6296e-12,2.6296e-12,-11.580110308926432,bot1
-4,2.5,40,20,3.4122e-12,3.4122e-12,-11.46696552136419,bot1
-4,2.6,40,20,3.9906e-12,3.9906e-12,-11.398961801782205,bot1
-4,2.7,40,20,4.1998e-12,4.1998e-12,-11.376771390784127,bot1
-4,2.8000000000000003,40,20,4.3634e-12,4.3634e-12,-11.360174972704213,bot1
-4,2.9,40,20,-4.8742e-12,4.8742e-12,-11.312096654651839,bot1
-4,3.0,40,20,-3.688e-12,3.688e-12,-11.433209087618408,bot1
-4,3.1,40,20,4.178e-13,4.178e-13,-12.37903156435571,bot1
-4,3.2,40,20,-9.63e-13,9.63e-13,-12.016373712875465,bot1
-4,3.3000000000000003,40,20,-2.1942e-12,2.1942e-12,-11.658723789278312,bot1
-4,3.4,40,20,-3.2744e-12,3.2744e-12,-11.484868268362787,bot1
-4,3.5,40,20,-3.72e-12,3.72e-12,-11.429457060118102,bot1
-4,3.6,40,20,-4.057e-12,4.057e-12,-11.391794992295674,bot1
-4,3.7,40,20,-4.286e-12,4.286e-12,-11.36794783329419,bot1
-4,3.8,40,20,4.8148e-12,4.8148e-12,-11.31742174814492,bot1
-4,3.9,40,20,3.9786e-12,3.9786e-12,-11.400269721704348,bot1
-4,4.0,40,20,-9.794e-13,9.794e-13,-12.0090399003178,bot1
-4,4.1,40,20,4.126e-13,4.126e-13,-12.384470776362868,bot1
-4,4.2,40,20,1.669e-12,1.669e-12,-11.777543663320753,bot1
-4,4.3,40,20,2.5898e-12,2.5898e-12,-11.58673377346708,bot1
-4,4.4,40,20,3.1706e-12,3.1706e-12,-11.498858544712217,bot1
-4,4.5,40,20,3.749e-12,3.749e-12,-11.426084559578449,bot1
-4,4.6000000000000005,40,20,4.144e-12,4.144e-12,-11.382580253262823,bot1
-4,4.7,40,20,4.288e-12,4.288e-12,-11.367745223315286,bot1
-4,4.8,40,20,-4.8656e-12,4.8656e-12,-11.312863597199943,bot1
-4,4.9,40,20,-4.1002e-12,4.1002e-12,-11.38719495870028,bot1
-4,5.0,40,20,1.1394e-12,1.1394e-12,-11.94332378487934,bot1
-3,0.0,40,20,-4.066e-12,4.066e-12,-11.39083262569798,bot1
-3,0.1,40,20,4.8144e-12,4.8144e-12,-11.317457829603995,bot1
-3,0.2,40,20,3.977e-12,3.977e-12,-11.40044440901402,bot1
-3,0.3,40,20,-1.1184e-12,1.1184e-12,-11.951402841598394,bot1
-3,0.4,40,20,6.46e-14,6.46e-14,-13.189767482004916,bot1
-3,0.5,40,20,1.269e-12,1.269e-12,-11.896538377905296,bot1
-3,0.6,40,20,2.422e-12,2.422e-12,-11.615825861192967,bot1
-3,0.7,40,20,3.1368e-12,3.1368e-12,-11.50351317070785,bot1
-3,0.8,40,20,3.6486e-12,3.6486e-12,-11.437873746203685,bot1
-3,0.9,40,20,4.019e-12,4.019e-12,-11.395881993807965,bot1
-3,1.0,40,20,4.253e-12,4.253e-12,-11.371304617285977,bot1
-3,1.1,40,20,-4.749e-12,4.749e-12,-11.323397830417981,bot1
-3,1.2,40,20,-4.4418e-12,4.4418e-12,-11.352441000234155,bot1
-3,1.3,40,20,1.8738e-12,1.8738e-12,-11.727276765386158,bot1
-3,1.4,40,20,5.668e-13,5.668e-13,-12.246570158424577,bot1
-3,1.5,40,20,-6.166e-13,6.166e-13,-12.20999647960951,bot1
-3,1.6,40,20,-1.6656e-12,1.6656e-12,-11.77842928783354,bot1
-3,1.7,40,20,-2.513e-12,2.513e-12,-11.599807511407423,bot1
-3,1.8,40,20,-3.2646e-12,3.2646e-12,-11.486170023710452,bot1
-3,1.9,40,20,-3.8148e-12,3.8148e-12,-11.418528226037603,bot1
-3,2.0,40,20,-4.1544e-12,4.1544e-12,-11.381491690413,bot1
-3,2.1,40,20,-4.3258e-12,4.3258e-12,-11.363933563700504,bot1
-3,2.2,40,20,4.7856e-12,4.7856e-12,-11.320063604312757,bot1
-3,2.3000000000000003,40,20,4.2584e-12,4.2584e-12,-11.370753546835301,bot1
-3,2.4,40,20,-1.71e-12,1.71e-12,-11.767003889607846,bot1
-3,2.5,40,20,-4.174e-13,4.174e-13,-12.379447555270565,bot1
-3,2.6,40,20,7.314e-13,7.314e-13,-12.135845043997975,bot1
-3,2.7,40,20,1.963e-12,1.963e-12,-11.707079700399994,bot1
-3,2.8000000000000003,40,20,2.851e-12,2.851e-12,-11.54500278269054,bot1
-3,2.9,40,20,3.4516e-12,3.4516e-12,-11.46197953968287,bot1
-3,3.0,40,20,3.8826e-12,3.8826e-12,-11.410877349794148,bot1
-3,3.1,40,20,4.1184e-12,4.1184e-12,-11.385271474775708,bot1
-3,3.2,40,20,4.3218e-12,4.3218e-12,-11.364335334839666,bot1
-3,3.3000000000000003,40,20,-4.8992e-12,4.8992e-12,-11.309874830981833,bot1
-3,3.4,40,20,-3.8528e-12,3.8528e-12,-11.414223534758289,bot1
-3,3.5,40,20,8.278e-13,8.278e-13,-12.08207457793526,bot1
-3,3.6,40,20,-6.16e-13,6.16e-13,-12.210419287835574,bot1
-3,3.7,40,20,-1.8272e-12,1.8272e-12,-11.738213913434246,bot1
-3,3.8,40,20,-2.8002e-12,2.8002e-12,-11.552810948731201,bot1
-3,3.9,40,20,-3.446e-12,3.446e-12,-11.462684726887991,bot1
-3,4.0,40,20,-3.8754e-12,3.8754e-12,-11.411683465073207,bot1
-3,4.1,40,20,-4.1908e-12,4.1908e-12,-11.37770306476123,bot1
-3,4.2,40,20,-4.4284e-12,4.4284e-12,-11.353753157904674,bot1
-3,4.3,40,20,4.9142e-12,4.9142e-12,-11.308547172412542,bot1
-3,4.4,40,20,3.7572e-12,3.7572e-12,-11.42513568633546,bot1
-3,4.5,40,20,-7.954e-13,7.954e-13,-12.099414413350038,bot1
-3,4.6000000000000005,40,20,5.418e-13,5.418e-13,-12.266160999302851,bot1
-3,4.7,40,20,1.71e-12,1.71e-12,-11.767003889607846,bot1
-3,4.8,40,20,2.5676e-12,2.5676e-12,-11.59047263298776,bot1
-3,4.9,40,20,3.347e-12,3.347e-12,-11.475344287642223,bot1
-3,5.0,40,20,3.8644e-12,3.8644e-12,-11.412917926562502,bot1
-2,0.0,40,20,4.6314e-12,4.6314e-12,-11.334287708686347,bot1
-2,0.1,40,20,4.1056e-12,4.1056e-12,-11.386623365305166,bot1
-2,0.2,40,20,-1.085e-12,1.085e-12,-11.964570261815451,bot1
-2,0.3,40,20,1.346e-13,1.346e-13,-12.870954940112043,bot1
-2,0.4,40,20,1.4252e-12,1.4252e-12,-11.846124186321022,bot1
-2,0.5,40,20,2.371e-12,2.371e-12,-11.625068446021812,bot1
-2,0.6,40,20,3.1696e-12,3.1696e-12,-11.498995541805527,bot1
-2,0.7,40,20,3.7972e-12,3.7972e-12,-11.420536527798603,bot1
-2,0.8,40,20,4.214e-12,4.214e-12,-11.375305468727918,bot1
-2,0.9,40,20,4.3198e-12,4.3198e-12,-11.364536359876539,bot1
-2,1.0,40,20,-4.8366e-12,4.8366e-12,-11.315459828463526,bot1
-2,1.1,40,20,-4.1038e-12,4.1038e-12,-11.386813812860396,bot1
-2,1.2,40,20,1.4224e-12,1.4224e-12,-11.84697825637386,bot1
-2,1.3,40,20,-2.4e-14,2.4e-14,-13.619788758288394,bot1
-2,1.4,40,20,-1.2474e-12,1.2474e-12,-11.903994260284888,bot1
-2,1.5,40,20,-2.361e-12,2.361e-12,-11.626904012921273,bot1
-2,1.6,40,20,-3.1e-12,3.1e-12,-11.508638306165727,bot1
-2,1.7,40,20,-3.7638e-12,3.7638e-12,-11.424373462079021,bot1
-2,1.8,40,20,-4.1334e-12,4.1334e-12,-11.383692564864209,bot1
-2,1.9,40,20,-4.3034e-12,4.3034e-12,-11.366188284473104,bot1
-2,2.0,40,20,4.8248e-12,4.8248e-12,-11.316520684537103,bot1
-2,2.1,40,20,4.2562e-12,4.2562e-12,-11.37097797261724,bot1
-2,2.2,40,20,-1.7548e-12,1.7548e-12,-11.755772374267092,bot1
-2,2.3000000000000003,40,20,-4.786e-13,4.786e-13,-12.320027305722581,bot1
-2,2.4,40,20,8.656e-13,8.656e-13,-12.062682752237507,bot1
-2,2.5,40,20,1.9296e-12,1.9296e-12,-11.714532709539943,bot1
-2,2.6,40,20,2.765e-12,2.765e-12,-11.558304864359283,bot1
-2,2.7,40,20,3.529e-12,3.529e-12,-11.45234834164003,bot1
-2,2.8000000000000003,40,20,4.0006e-12,4.0006e-12,-11.397874869385076,bot1
-2,2.9,40,20,4.2574e-12,4.2574e-12,-11.37085554417763,bot1
-2,3.0,40,20,-4.8134e-12,4.8134e-12,-11.31754804636867,bot1
-2,3.1,40,20,-4.3638e-12,4.3638e-12,-11.360135162044923,bot1
-2,3.2,40,20,1.9562e-12,1.9562e-12,-11.708586745429786,bot1
-2,3.3000000000000003,40,20,6.58e-13,6.58e-13,-12.181774106386044,bot1
-2,3.4,40,20,-7.226e-13,7.226e-13,-12.141102042767997,bot1
-2,3.5,40,20,-1.8456e-12,1.8456e-12,-11.733862418486963,bot1
-2,3.6,40,20,-2.7554e-12,2.7554e-12,-11.559815345929115,bot1
-2,3.7,40,20,-3.5664e-12,3.5664e-12,-11.447769948863838,bot1
-2,3.8,40,20,-4.0458e-12,4.0458e-12,-11.392995589939716,bot1
-2,3.9,40,20,-4.2636e-12,4.2636e-12,-11.370223546463047,bot1
-2,4.0,40,20,4.6924e-12,4.6924e-12,-11.328604973882099,bot1
-2,4.1,40,20,4.2592e-12,4.2592e-12,-11.37067196620542,bot1
-2,4.2,40,20,-1.5392e-12,1.5392e-12,-11.812704945306262,bot1
-2,4.3,40,20,2.04e-13,2.04e-13,-12.6903698325741,bot1
-2,4.4,40,20,1.4768e-12,1.4768e-12,-11.830678316318163,bot1
-2,4.5,40,20,2.4576e-12,2.4576e-12,-11.609488801648583,bot1
-2,4.6000000000000005,40,20,3.238e-12,3.238e-12,-11.489723155582645,bot1
-2,4.7,40,20,3.7762e-12,3.7762e-12,-11.42294501209744,bot1
-2,4.8,40,20,4.047e-12,4.047e-12,-11.392866795608434,bot1
-2,4.9,40,20,4.2154e-12,4.2154e-12,-11.375161208809002,bot1
-2,5.0,40,20,-4.8254e-12,4.8254e-12,-11.316466680124869,bot1
-1,0.0,40,20,5.0844e-12,5.0844e-12,-11.293760289951386,bot1
-1,0.1,40,20,-2.3618e-12,2.3618e-12,-11.626756881732637,bot1
-1,0.2,40,20,-1.0406e-12,1.0406e-12,-11.982716178439983,bot1
-1,0.3,40,20,2.244e-13,2.244e-13,-12.648977147415875,bot1
-1,0.4,40,20,1.5018e-12,1.5018e-12,-11.823387900008132,bot1
-1,0.5,40,20,2.4776e-12,2.4776e-12,-11.60596880765127,bot1
-1,0.6,40,20,3.2964e-12,3.2964e-12,-11.481960094531813,bot1
-1,0.7,40,20,3.861e-12,3.861e-12,-11.413300198375952,bot1
-1,0.8,40,20,4.1914e-12,4.1914e-12,-11.377640890942999,bot1
-1,0.9,40,20,4.334e-12,4.334e-12,-11.363111093016201,bot1
-1,1.0,40,20,-4.7948e-12,4.7948e-12,-11.319229503343761,bot1
-1,1.1,40,20,-4.1144e-12,4.1144e-12,-11.385693488686966,bot1
-1,1.2,40,20,1.336e-12,1.336e-12,-11.874193541860473,bot1
-1,1.3,40,20,5.76e-14,5.76e-14,-13.239577516576787,bot1
-1,1.4,40,20,-1.26e-12,1.26e-12,-11.899629454882437,bot1
-1,1.5,40,20,-2.3668e-12,2.3668e-12,-11.625838439395025,bot1
-1,1.6,40,20,-3.2786e-12,3.2786e-12,-11.4843115654561,bot1
-1,1.7,40,20,-3.7004e-12,3.7004e-12,-11.4317513277159,bot1
-1,1.8,40,20,-4.025e-12,4.025e-12,-11.395234115296113,bot1
-1,1.9,40,20,-4.1758e-12,4.1758e-12,-11.379260310048036,bot1
-1,2.0,40,20,4.7572e-12,4.7572e-12,-11.322648589788734,bot1
-1,2.1,40,20,4.2854e-12,4.2854e-12,-11.368008634724427,bot1
-1,2.2,40,20,-1.4918e-12,1.4918e-12,-11.82628939718409,bot1
-1,2.3000000000000003,40,20,-9.5e-14,9.5e-14,-13.022276394711152,bot1
-1,2.4,40,20,1.4434e-12,1.4434e-12,-11.840613299038246,bot1
-1,2.5,40,20,2.3876e-12,2.3876e-12,-11.622038429780364,bot1
-1,2.6,40,20,3.1434e-12,3.1434e-12,-11.502600351168411,bot1
-1,2.7,40,20,3.7144e-12,3.7144e-12,-11.430111329341882,bot1
-1,2.8000000000000003,40,20,4.0402e-12,4.0402e-12,-11.393597135694723,bot1
-1,2.9,40,20,4.3102e-12,4.3102e-12,-11.365502577430648,bot1
-1,3.0,40,20,-4.9312e-12,4.9312e-12,-11.307047382961676,bot1
-1,3.1,40,20,-4.0798e-12,4.0798e-12,-11.389361126377116,bot1
-1,3.2,40,20,1.0624e-12,1.0624e-12,-11.973711937976057,bot1
-1,3.3000000000000003,40,20,-2.708e-13,2.708e-13,-12.567351339986894,bot1
-1,3.4,40,20,-1.6736e-12,1.6736e-12,-11.77634833281282,bot1
-1,3.5,40,20,-2.6818e-12,2.6818e-12,-11.571573613559412,bot1
-1,3.6,40,20,-3.414e-12,3.414e-12,-11.466736483221284,bot1
-1,3.7,40,20,-4.0056e-12,4.0056e-12,-11.397332421609148,bot1
-1,3.8,40,20,-4.2614e-12,4.2614e-12,-11.370447698458683,bot1
-1,3.9,40,20,4.7764e-12,4.7764e-12,-11.320899310329576,bot1
-1,4.0,40,20,4.3848e-12,4.3848e-12,-11.358050210935856,bot1
-1,4.1,40,20,-1.591e-12,1.591e-12,-11.798329820353418,bot1
-1,4.2,40,20,-2.39e-13,2.39e-13,-12.621602099051863,bot1
-1,4.3,40,20,9.83e-13,9.83e-13,-12.007446482167865,bot1
-1,4.4,40,20,2.1652e-12,2.1652e-12,-11.664501981580976,bot1
-1,4.5,40,20,2.946e-12,2.946e-12,-11.530767257493387,bot1
-1,4.6000000000000005,40,20,3.5528e-12,3.5528e-12,-11.44942923983438,bot1
-1,4.7,40,20,3.9992e-12,3.9992e-12,-11.398026876255466,bot1
-1,4.8,40,20,4.2128e-12,4.2128e-12,-11.375429158238006,bot1
-1,4.9,40,20,4.378e-12,4.378e-12,-11.358724242768087,bot1
-1,5.0,40,20,-4.8576e-12,4.8576e-12,-11.313578250120633,bot1
0,0.0,40,20,2.4732e-12,2.4732e-12,-11.606740762173162,bot1
0,0.1,40,20,4.6256000000000005e-10,4.6256000000000005e-10,-9.334831925673416,bot1
0,0.2,40,20,5.2995e-10,5.2995e-10,-9.275765103509473,bot1
0,0.3,40,20,5.444700000000001e-10,5.444700000000001e-10,-9.264026044638035,bot1
0,0.4,40,20,5.6407e-10,5.6407e-10,-9.248666997563951,bot1
0,0.5,40,20,5.307500000000001e-10,5.307500000000001e-10,-9.275109997161964,bot1
0,0.6,40,20,5.218200000000001e-10,5.218200000000001e-10,-9.282479279541697,bot1
0,0.7,40,20,4.9443e-10,4.9443e-10,-9.305895185898244,bot1
0,0.8,40,20,5.2541e-10,5.2541e-10,-9.279501665650653,bot1
0,0.9,40,20,5.3698e-10,5.3698e-10,-9.270041889442698,bot1
0,1.0,40,20,5.6305e-10,5.6305e-10,-9.249453037191442,bot1
0,1.1,40,20,5.432400000000001e-10,5.432400000000001e-10,-9.265008259457122,bot1
0,1.2,40,20,5.2572e-10,5.2572e-10,-9.2792455007742,bot1
0,1.3,40,20,5.0318e-10,5.0318e-10,-9.298276629212738,bot1
0,1.4,40,20,5.103100000000001e-10,5.103100000000001e-10,-9.292165921179297,bot1
0,1.5,40,20,5.326800000000001e-10,5.326800000000001e-10,-9.273533608927009,bot1
0,1.6,40,20,5.4927e-10,5.4927e-10,-9.260214120604083,bot1
0,1.7,40,20,5.6037e-10,5.6037e-10,-9.251525123177853,bot1
0,1.8,40,20,5.2879e-10,5.2879e-10,-9.276716766430669,bot1
0,1.9,40,20,5.1731e-10,5.1731e-10,-9.28624912626356,bot1
0,2.0,40,20,4.9278e-10,4.9278e-10,-9.307346926789043,bot1
0,2.1,40,20,5.285700000000001e-10,5.285700000000001e-10,-9.276897489717719,bot1
0,2.2,40,20,5.3712e-10,5.3712e-10,-9.269928676096063,bot1
0,2.3000000000000003,40,20,5.646100000000001e-10,5.646100000000001e-10,-9.248251434183505,bot1
0,2.4,40,20,5.3342e-10,5.3342e-10,-9.272930704943851,bot1
0,2.5,40,20,5.2236e-10,5.2236e-10,-9.282030086794977,bot1
0,2.6,40,20,4.9679e-10,4.9679e-10,-9.303827154756856,bot1
0,2.7,40,20,5.1781e-10,5.1781e-10,-9.285829566680437,bot1
0,2.8000000000000003,40,20,5.325100000000001e-10,5.325100000000001e-10,-9.273672232200886,bot1
0,2.9,40,20,5.5695e-10,5.5695e-10,-9.25418379171816,bot1
0,3.0,40,20,5.477100000000001e-10,5.477100000000001e-10,-9.261449329720891,bot1
0,3.1,40,20,5.264600000000001e-10,5.264600000000001e-10,-9.278634620564356,bot1
0,3.2,40,20,5.0823e-10,5.0823e-10,-9.293939702823796,bot1
0,3.3000000000000003,40,20,5.0124e-10,5.0124e-10,-9.299954278687254,bot1
0,3.4,40,20,5.3064e-10,5.3064e-10,-9.27520001570968,bot1
0,3.5,40,20,5.4339e-10,5.4339e-10,-9.264888358161008,bot1
0,3.6,40,20,5.6366e-10,5.6366e-10,-9.248982783692592,bot1
0,3.7,40,20,5.2941e-10,5.2941e-10,-9.276207859589634,bot1
0,3.8,40,20,5.2013e-10,5.2013e-10,-9.283888096314167,bot1
0,3.9,40,20,4.9284e-10,4.9284e-10,-9.307294051098722,bot1
0,4.0,40,20,5.2764e-10,5.2764e-10,-9.27766228833267,bot1
0,4.1,40,20,5.3695e-10,5.3695e-10,-9.270066153285706,bot1
0,4.2,40,20,5.6395e-10,5.6395e-10,-9.248759399007232,bot1
0,4.3,40,20,5.393200000000001e-10,5.393200000000001e-10,-9.268153474151697,bot1
0,4.4,40,20,5.2571e-10,5.2571e-10,-9.279253761799316,bot1
0,4.5,40,20,5.009e-10,5.009e-10,-9.300248968310486,bot1
0,4.6000000000000005,40,20,5.113100000000001e-10,5.113100000000001e-10,-9.291315713429634,bot1
0,4.7,40,20,5.3272e-10,5.3272e-10,-9.273500998115512,bot1
0,4.8,40,20,5.399000000000001e-10,5.399000000000001e-10,-9.267686672528757,bot1
0,4.9,40,20,5.660200000000001e-10,5.660200000000001e-10,-9.247168222988087,bot1
0,5.0,40,20,5.340200000000001e-10,5.340200000000001e-10,-9.272442477565104,bot1
1,0.0,40,20,4.1760000000000006e-11,4.1760000000000006e-11,-10.379239510005794,bot1
1,0.1,40,20,1.2152e-07,1.2152e-07,-6.91535223914527,bot1
1,0.2,40,20,2.2576e-07,2.2576e-07,-6.646353003589727,bot1
1,0.3,40,20,3.14e-07,3.14e-07,-6.503070351926785,bot1
1,0.4,40,20,3.8784e-07,3.8784e-07,-6.411347401849826,bot1
1,0.5,40,20,4.4838e-07,4.4838e-07,-6.348353767360187,bot1
1,0.6,40,20,4.9718e-07,4.9718e-07,-6.303486349990849,bot1
1,0.7,40,20,5.3512e-07,5.3512e-07,-6.271548817055423,bot1
1,0.8,40,20,5.6348e-07,5.6348e-07,-6.249121494070019,bot1
1,0.9,40,20,5.8352e-07,5.8352e-07,-6.233944254030294,bot1
1,1.0,40,20,5.9688e-07,5.9688e-07,-6.224112973018458,bot1
1,1.1,40,20,6.0516e-07,6.0516e-07,-6.218129785793241,bot1
1,1.2,40,20,6.0932e-07,6.0932e-07,-6.215154566587354,bot1
1,1.3,40,20,6.1158e-07,6.1158e-07,-6.213546725404355,bot1
1,1.4,40,20,6.123e-07,6.123e-07,-6.213035740564267,bot1
1,1.5,40,20,6.1308e-07,6.1308e-07,-6.212482851270112,bot1
1,1.6,40,20,6.1324e-07,6.1324e-07,-6.212369525029818,bot1
1,1.7,40,20,6.135e-07,6.135e-07,-6.212185432936977,bot1
1,1.8,40,20,6.1358e-07,6.1358e-07,-6.212128804911744,bot1
1,1.9,40,20,6.1376e-07,6.1376e-07,-6.212001418845449,bot1
1,2.0,40,20,6.1416e-07,6.1416e-07,-6.211718472401208,bot1
1,2.1,40,20,6.1402e-07,6.1402e-07,-6.211817482689162,bot1
1,2.2,40,20,6.1452e-07,6.1452e-07,-6.211463978117979,bot1
1,2.3000000000000003,40,20,6.1426e-07,6.1426e-07,-6.211647764584198,bot1
1,2.4,40,20,6.1458e-07,6.1458e-07,-6.2114215768993075,bot1
1,2.5,40,20,6.146e-07,6.146e-07,-6.211407444079641,bot1
1,2.6,40,20,6.1472e-07,6.1472e-07,-6.211322656818401,bot1
1,2.7,40,20,6.1454e-07,6.1454e-07,-6.211449843918446,bot1
1,2.8000000000000003,40,20,6.147e-07,6.147e-07,-6.2113367868791425,bot1
1,2.9,40,20,6.148e-07,6.148e-07,-6.211266141172293,bot1
1,3.0,40,20,6.1478e-07,6.1478e-07,-6.21128026939435,bot1
1,3.1,40,20,6.1524e-07,6.1524e-07,-6.210955436511976,bot1
1,3.2,40,20,6.1536e-07,6.1536e-07,-6.210870737441614,bot1
1,3.3000000000000003,40,20,6.153e-07,6.153e-07,-6.210913084911971,bot1
1,3.4,40,20,6.152e-07,6.152e-07,-6.210983673206625,bot1
1,3.5,40,20,6.1554e-07,6.1554e-07,-6.2107437198003765,bot1
1,3.6,40,20,6.1552e-07,6.1552e-07,-6.2107578310372595,bot1
1,3.7,40,20,6.1536e-07,6.1536e-07,-6.210870737441614,bot1
1,3.8,40,20,6.1546e-07,6.1546e-07,-6.210800167499159,bot1
1,3.9,40,20,6.1574e-07,6.1574e-07,-6.2106026326436865,bot1
1,4.0,40,20,6.1576e-07,6.1576e-07,-6.210588526448577,bot1
1,4.1,40,20,6.1614e-07,6.1614e-07,-6.210320595758817,bot1
1,4.2,40,20,6.1586e-07,6.1586e-07,-6.210518002344899,bot1
1,4.3,40,20,6.1592e-07,6.1592e-07,-6.210475693379118,bot1
1,4.4,40,20,6.1622e-07,6.1622e-07,-6.210264210354225,bot1
1,4.5,40,20,6.1636e-07,6.1636e-07,-6.210165553508053,bot1
1,4.6000000000000005,40,20,6.166e-07,6.166e-07,-6.209996479609511,bot1
1,4.7,40,20,6.1656e-07,6.1656e-07,-6.210024654022048,bot1
1,4.8,40,20,6.166e-07,6.166e-07,-6.209996479609511,bot1
1,4.9,40,20,6.166e-07,6.166e-07,-6.209996479609511,bot1
1,5.0,40,20,6.1638e-07,6.1638e-07,-6.210151461502214,bot1
2,0.0,40,20,8.885000000000001e-11,8.885000000000001e-11,-10.05134256785868,bot1
2,0.1,40,20,3.2094e-07,3.2094e-07,-6.4935761517213395,bot1
2,0.2,40,20,6.2108e-07,6.2108e-07,-6.206852455667487,bot1
2,0.3,40,20,8.9986e-07,8.9986e-07,-6.045825052735054,bot1
2,0.4,40,20,1.1579000000000002e-06,1.1579000000000002e-06,-5.936328946069282,bot1
2,0.5,40,20,1.3965e-06,1.3965e-06,-5.854959059962976,bot1
2,0.6,40,20,1.6155000000000002e-06,1.6155000000000002e-06,-5.791693037646337,bot1
2,0.7,40,20,1.8161000000000005e-06,1.8161000000000005e-06,-5.740860241578981,bot1
2,0.8,40,20,1.9984e-06,1.9984e-06,-5.69931757896994,bot1
2,0.9,40,20,2.1641e-06,2.1641e-06,-5.664722674968071,bot1
2,1.0,40,20,2.3136e-06,2.3136e-06,-5.635711724385563,bot1
2,1.1,40,20,2.448e-06,2.448e-06,-5.611188586526477,bot1
2,1.2,40,20,2.568e-06,2.568e-06,-5.590404980603185,bot1
2,1.3,40,20,2.6749000000000004e-06,2.6749000000000004e-06,-5.5726924492539585,bot1
2,1.4,40,20,2.7695000000000003e-06,2.7695000000000003e-06,-5.5575986305172975,bot1
2,1.5,40,20,2.8511e-06,2.8511e-06,-5.544987549899745,bot1
2,1.6,40,20,2.9218e-06,2.9218e-06,-5.534349515256308,bot1
2,1.7,40,20,2.9808000000000003e-06,2.9808000000000003e-06,-5.525667162447832,bot1
2,1.8,40,20,3.0294e-06,3.0294e-06,-5.51864337892087,bot1
2,1.9,40,20,3.0679000000000003e-06,3.0679000000000003e-06,-5.5131588005757255,bot1
2,2.0,40,20,3.0975000000000004e-06,3.0975000000000004e-06,-5.508988684951899,bot1
2,2.1,40,20,3.1188e-06,3.1188e-06,-5.506012474451363,bot1
2,2.2,40,20,3.1331e-06,3.1331e-06,-5.504025743402652,bot1
2,2.3000000000000003,40,20,3.1424e-06,3.1424e-06,-5.502738533893145,bot1
2,2.4,40,20,3.1485000000000004e-06,3.1485000000000004e-06,-5.501896302361918,bot1
2,2.5,40,20,3.1524000000000005e-06,3.1524000000000005e-06,-5.501358681166304,bot1
2,2.6,40,20,3.1556000000000003e-06,3.1556000000000003e-06,-5.5009180526116745,bot1
2,2.7,40,20,3.1584e-06,3.1584e-06,-5.500532869010457,bot1
2,2.8000000000000003,40,20,3.1605000000000005e-06,3.1605000000000005e-06,-5.500244205336219,bot1
2,2.9,40,20,3.1626000000000004e-06,3.1626000000000004e-06,-5.499955733401399,bot1
2,3.0,40,20,3.1643000000000003e-06,3.1643000000000003e-06,-5.499722348762159,bot1
2,3.1,40,20,3.1657000000000005e-06,3.1657000000000005e-06,-5.499530243774931,bot1
2,3.2,40,20,3.1671e-06,3.1671e-06,-5.499338223725483,bot1
2,3.3000000000000003,40,20,3.1682000000000004e-06,3.1682000000000004e-06,-5.499187410367034,bot1
2,3.4,40,20,3.1697000000000003e-06,3.1697000000000003e-06,-5.498981840151341,bot1
2,3.5,40,20,3.1709000000000004e-06,3.1709000000000004e-06,-5.4988174540098065,bot1
2,3.6,40,20,3.1720000000000003e-06,3.1720000000000003e-06,-5.498666821354433,bot1
2,3.7,40,20,3.1732000000000004e-06,3.1732000000000004e-06,-5.49850255438586,bot1
2,3.8,40,20,3.1741e-06,3.1741e-06,-5.498379394920786,bot1
2,3.9,40,20,3.1753000000000003e-06,3.1753000000000003e-06,-5.4982152366115,bot1
2,4.0,40,20,3.1761000000000004e-06,3.1761000000000004e-06,-5.4981058322007055,bot1
2,4.1,40,20,3.1769000000000004e-06,3.1769000000000004e-06,-5.49799645534336,bot1
2,4.2,40,20,3.1783e-06,3.1783e-06,-5.497805112101763,bot1
2,4.3,40,20,3.1791e-06,3.1791e-06,-5.497695810944888,bot1
2,4.4,40,20,3.1798000000000005e-06,3.1798000000000005e-06,-5.497600194992897,bot1
2,4.5,40,20,3.1805000000000003e-06,3.1805000000000003e-06,-5.497504600087448,bot1
2,4.6000000000000005,40,20,3.1811000000000003e-06,3.1811000000000003e-06,-5.497422678341374,bot1
2,4.7,40,20,3.1824e-06,3.1824e-06,-5.49724523421964,bot1
2,4.8,40,20,3.1830000000000003e-06,3.1830000000000003e-06,-5.4971633613789965,bot1
2,4.9,40,20,3.1836000000000003e-06,3.1836000000000003e-06,-5.497081503970046,bot1
2,5.0,40,20,3.1848000000000004e-06,3.1848000000000004e-06,-5.496917835423958,bot1
3,0.0,40,20,1.9737e-10,1.9737e-10,-9.704718858883153,bot1
3,0.1,40,20,5.506e-07,5.506e-07,-6.259163792942688,bot1
3,0.2,40,20,1.07754e-06,1.07754e-06,-5.967566599165525,bot1
3,0.3,40,20,1.5788000000000002e-06,1.5788000000000002e-06,-5.801672882276522,bot1
3,0.4,40,20,2.0570000000000004e-06,2.0570000000000004e-06,-5.686765708305276,bot1
3,0.5,40,20,2.5123e-06,2.5123e-06,-5.599928501652503,bot1
3,0.6,40,20,2.9439000000000003e-06,2.9439000000000003e-06,-5.531076946435693,bot1
3,0.7,40,20,3.3538000000000004e-06,3.3538000000000004e-06,-5.474462839608941,bot1
3,0.8,40,20,3.7401e-06,3.7401e-06,-5.427116785802837,bot1
3,0.9,40,20,4.1057e-06,4.1057e-06,-5.386612787333786,bot1
3,1.0,40,20,4.448900000000001e-06,4.448900000000001e-06,-5.351747355981845,bot1
3,1.1,40,20,4.771900000000001e-06,4.771900000000001e-06,-5.321308665987287,bot1
3,1.2,40,20,5.074000000000001e-06,5.074000000000001e-06,-5.294649537114288,bot1
3,1.3,40,20,5.3561e-06,5.3561e-06,-5.271151323175569,bot1
3,1.4,40,20,5.619400000000001e-06,5.619400000000001e-06,-5.250310052865088,bot1
3,1.5,40,20,5.863500000000001e-06,5.863500000000001e-06,-5.231843070512071,bot1
3,1.6,40,20,6.0901e-06,6.0901e-06,-5.215375576153392,bot1
3,1.7,40,20,6.2991e-06,6.2991e-06,-5.20072149704726,bot1
3,1.8,40,20,6.4918e-06,6.4918e-06,-5.187634868425958,bot1
3,1.9,40,20,6.669100000000001e-06,6.669100000000001e-06,-5.1759327704921905,bot1
3,2.0,40,20,6.831600000000001e-06,6.831600000000001e-06,-5.165477570140828,bot1
3,2.1,40,20,6.978900000000001e-06,6.978900000000001e-06,-5.156213024594182,bot1
3,2.2,40,20,7.113600000000001e-06,7.113600000000001e-06,-5.147910558981104,bot1
3,2.3000000000000003,40,20,7.2347e-06,7.2347e-06,-5.140579472982519,bot1
3,2.4,40,20,7.3433e-06,7.3433e-06,-5.134108728950954,bot1
3,2.5,40,20,7.4388e-06,7.4388e-06,-5.128497117600801,bot1
3,2.6,40,20,7.5225e-06,7.5225e-06,-5.123637803587882,bot1
3,2.7,40,20,7.5944e-06,7.5944e-06,-5.119506532134622,bot1
3,2.8000000000000003,40,20,7.655400000000001e-06,7.655400000000001e-06,-5.116032112182671,bot1
3,2.9,40,20,7.7053e-06,7.7053e-06,-5.113210447690767,bot1
3,3.0,40,20,7.7454e-06,7.7454e-06,-5.110956148814139,bot1
3,3.1,40,20,7.7762e-06,7.7762e-06,-5.109232578099864,bot1
3,3.2,40,20,7.7994e-06,7.7994e-06,-5.107938805862319,bot1
3,3.3000000000000003,40,20,7.8163e-06,7.8163e-06,-5.106998780168989,bot1
3,3.4,40,20,7.828400000000001e-06,7.828400000000001e-06,-5.106326991732158,bot1
3,3.5,40,20,7.8388e-06,7.8388e-06,-5.105750416048539,bot1
3,3.6,40,20,7.846100000000001e-06,7.846100000000001e-06,-5.105346161007473,bot1
3,3.7,40,20,7.852500000000001e-06,7.852500000000001e-06,-5.104992054929458,bot1
3,3.8,40,20,7.8583e-06,7.8583e-06,-5.104671395496523,bot1
3,3.9,40,20,7.863900000000001e-06,7.863900000000001e-06,-5.104362017775657,bot1
3,4.0,40,20,7.8682e-06,7.8682e-06,-5.104124609378978,bot1
3,4.1,40,20,7.8727e-06,7.8727e-06,-5.103876297627833,bot1
3,4.2,40,20,7.877300000000002e-06,7.877300000000002e-06,-5.103622614494682,bot1
3,4.3,40,20,7.881100000000002e-06,7.881100000000002e-06,-5.103413161877256,bot1
3,4.4,40,20,7.8846e-06,7.8846e-06,-5.103220334319757,bot1
3,4.5,40,20,7.8875e-06,7.8875e-06,-5.103060627747809,bot1
3,4.6000000000000005,40,20,7.8908e-06,7.8908e-06,-5.1028789640944145,bot1
3,4.7,40,20,7.8938e-06,7.8938e-06,-5.102713881233728,bot1
3,4.8,40,20,7.8975e-06,7.8975e-06,-5.102510365422813,bot1
3,4.9,40,20,7.9001e-06,7.9001e-06,-5.102367411345846,bot1
3,5.0,40,20,7.902700000000001e-06,7.902700000000001e-06,-5.102224504308722,bot1
4,0.0,40,20,2.439e-10,2.439e-10,-9.61278819968627,bot1
4,0.1,40,20,8.0966e-07,8.0966e-07,-6.091697315841002,bot1
4,0.2,40,20,1.5917000000000002e-06,1.5917000000000002e-06,-5.798138783722737,bot1
4,0.3,40,20,2.3451e-06,2.3451e-06,-5.62983863332322,bot1
4,0.4,40,20,3.0730000000000005e-06,3.0730000000000005e-06,-5.512437439743621,bot1
4,0.5,40,20,3.775100000000001e-06,3.775100000000001e-06,-5.423071539697581,bot1
4,0.6,40,20,4.4491e-06,4.4491e-06,-5.351727832741478,bot1
4,0.7,40,20,5.0985e-06,5.0985e-06,-5.292557576361259,bot1
4,0.8,40,20,5.7215e-06,5.7215e-06,-5.2424900977242,bot1
4,0.9,40,20,6.320500000000001e-06,6.320500000000001e-06,-5.199248564336013,bot1
4,1.0,40,20,6.8936e-06,6.8936e-06,-5.161553920062484,bot1
4,1.1,40,20,7.4434e-06,7.4434e-06,-5.128228641880764,bot1
4,1.2,40,20,7.967600000000001e-06,7.967600000000001e-06,-5.0986724770634355,bot1
4,1.3,40,20,8.468300000000002e-06,8.468300000000002e-06,-5.072203764960995,bot1
4,1.4,40,20,8.9469e-06,8.9469e-06,-5.048327416763204,bot1
4,1.5,40,20,9.402e-06,9.402e-06,-5.026779753147766,bot1
4,1.6,40,20,9.8348e-06,9.8348e-06,-5.007234467445667,bot1
4,1.7,40,20,1.02449e-05,1.02449e-05,-4.989492276370658,bot1
4,1.8,40,20,1.06338e-05,1.06338e-05,-4.973311512134798,bot1
4,1.9,40,20,1.10026e-05,1.10026e-05,-4.9585046755484,bot1
4,2.0,40,20,1.13497e-05,1.13497e-05,-4.945015617771869,bot1
4,2.1,40,20,1.1674e-05,1.1674e-05,-4.932780311025859,bot1
4,2.2,40,20,1.1982e-05,1.1982e-05,-4.921470684745654,bot1
4,2.3000000000000003,40,20,1.2268e-05,1.2268e-05,-4.911226232689552,bot1
4,2.4,40,20,1.2542e-05,1.2542e-05,-4.901633203560669,bot1
4,2.5,40,20,1.2792e-05,1.2792e-05,-4.893061549261822,bot1
4,2.6,40,20,1.3028e-05,1.3028e-05,-4.885122250107164,bot1
4,2.7,40,20,1.3248e-05,1.3248e-05,-4.877849680559195,bot1
4,2.8000000000000003,40,20,1.345e-05,1.345e-05,-4.871277715661574,bot1
4,2.9,40,20,1.3642e-05,1.3642e-05,-4.865121954804871,bot1
4,3.0,40,20,1.3814e-05,1.3814e-05,-4.859680548329872,bot1
4,3.1,40,20,1.3974e-05,1.3974e-05,-4.854679261081675,bot1
4,3.2,40,20,1.4118e-05,1.4118e-05,-4.8502268224403355,bot1
4,3.3000000000000003,40,20,1.4252e-05,1.4252e-05,-4.846124186321022,bot1
4,3.4,40,20,1.4374e-05,1.4374e-05,-4.842422359479271,bot1
4,3.5,40,20,1.4478e-05,1.4478e-05,-4.839291427707571,bot1
4,3.6,40,20,1.4574e-05,1.4574e-05,-4.836421234811226,bot1
4,3.7,40,20,1.4652e-05,1.4652e-05,-4.834103090007493,bot1
4,3.8,40,20,1.4726e-05,1.4726e-05,-4.831915203859317,bot1
4,3.9,40,20,1.4784e-05,1.4784e-05,-4.8302080461239685,bot1
4,4.0,40,20,1.4832e-05,1.4832e-05,-4.828800283199578,bot1
4,4.1,40,20,1.4872e-05,1.4872e-05,-4.827630623236158,bot1
4,4.2,40,20,1.4904e-05,1.4904e-05,-4.826697158111814,bot1
4,4.3,40,20,1.493e-05,1.493e-05,-4.825940192274975,bot1
4,4.4,40,20,1.495e-05,1.495e-05,-4.825358807339551,bot1
4,4.5,40,20,1.4966e-05,1.4966e-05,-4.824894259112984,bot1
4,4.6000000000000005,40,20,1.4978e-05,1.4978e-05,-4.824546173749517,bot1
4,4.7,40,20,1.4992e-05,1.4992e-05,-4.824140426456297,bot1
4,4.8,40,20,1.5004e-05,1.5004e-05,-4.823792944521315,bot1
4,4.9,40,20,1.5012e-05,1.5012e-05,-4.823561444258956,bot1
4,5.0,40,20,1.5022e-05,1.5022e-05,-4.823272242355811,bot1
5,0.0,40,20,3.5440000000000004e-10,3.5440000000000004e-10,-9.450506286784988,bot1
5,0.1,40,20,1.09136e-06,1.09136e-06,-5.962031967812927,bot1
5,0.2,40,20,2.1521e-06,2.1521e-06,-5.667137552504174,bot1
5,0.3,40,20,3.1804000000000005e-06,3.1804000000000005e-06,-5.4975182552143,bot1
5,0.4,40,20,4.1803e-06,4.1803e-06,-5.378792549883009,bot1
5,0.5,40,20,5.1517e-06,5.1517e-06,-5.288049435271313,bot1
5,0.6,40,20,6.0925000000000005e-06,6.0925000000000005e-06,-5.215204462143238,bot1
5,0.7,40,20,7.006300000000001e-06,7.006300000000001e-06,-5.154511270735833,bot1
5,0.8,40,20,7.8889e-06,7.8889e-06,-5.102983549038312,bot1
5,0.9,40,20,8.746400000000002e-06,8.746400000000002e-06,-5.058170664903307,bot1
5,1.0,40,20,9.574e-06,9.574e-06,-5.018906576854071,bot1
5,1.1,40,20,1.03754e-05,1.03754e-05,-4.983995151054995,bot1
5,1.2,40,20,1.11481e-05,1.11481e-05,-4.9527991442596475,bot1
5,1.3,40,20,1.189e-05,1.189e-05,-4.924818145381308,bot1
5,1.4,40,20,1.2606e-05,1.2606e-05,-4.899422697210404,bot1
5,1.5,40,20,1.33e-05,1.33e-05,-4.876148359032914,bot1
5,1.6,40,20,1.397e-05,1.397e-05,-4.854803593885818,bot1
5,1.7,40,20,1.461e-05,1.461e-05,-4.835349784065703,bot1
5,1.8,40,20,1.5232e-05,1.5232e-05,-4.817243068959601,bot1
5,1.9,40,20,1.5824e-05,1.5824e-05,-4.800683725746896,bot1
5,2.0,40,20,1.6398e-05,1.6398e-05,-4.785209117923696,bot1
5,2.1,40,20,1.6938e-05,1.6938e-05,-4.7711378714694375,bot1
5,2.2,40,20,1.7464e-05,1.7464e-05,-4.7578562772989175,bot1
5,2.3000000000000003,40,20,1.796e-05,1.796e-05,-4.745693667668714,bot1
5,2.4,40,20,1.8438e-05,1.8438e-05,-4.734286189359978,bot1
5,2.5,40,20,1.8892e-05,1.8892e-05,-4.723722063095337,bot1
5,2.6,40,20,1.9326e-05,1.9326e-05,-4.713858024796665,bot1
5,2.7,40,20,1.9736e-05,1.9736e-05,-4.70474086351832,bot1
5,2.8000000000000003,40,20,2.0128e-05,2.0128e-05,-4.696199376234825,bot1
5,2.9,40,20,2.0498e-05,2.0498e-05,-4.688288511204576,bot1
5,3.0,40,20,2.085e-05,2.085e-05,-4.680893940690224,bot1
5,3.1,40,20,2.1182e-05,2.1182e-05,-4.674033036298575,bot1
5,3.2,40,20,2.149e-05,2.149e-05,-4.667763584508557,bot1
5,3.3000000000000003,40,20,2.1786e-05,2.1786e-05,-4.661822500703464,bot1
5,3.4,40,20,2.2066e-05,2.2066e-05,-4.6562763861573755,bot1
5,3.5,40,20,2.2324e-05,2.2324e-05,-4.651227986155377,bot1
5,3.6,40,20,2.2568e-05,2.2568e-05,-4.64650692685269,bot1
5,3.7,40,20,2.2794e-05,2.2794e-05,-4.642179456061636,bot1
5,3.8,40,20,2.3004e-05,2.3004e-05,-4.6381966410743125,bot1
5,3.9,40,20,2.3202e-05,2.3202e-05,-4.6344745775432905,bot1
5,4.0,40,20,2.3386e-05,2.3386e-05,-4.631044054654497,bot1
5,4.1,40,20,2.3556e-05,2.3556e-05,-4.627898454352369,bot1
5,4.2,40,20,2.371e-05,2.371e-05,-4.625068446021812,bot1
5,4.3,40,20,2.385e-05,2.385e-05,-4.622511616623867,bot1
5,4.4,40,20,2.3978e-05,2.3978e-05,-4.620187044139056,bot1
5,4.5,40,20,2.4092e-05,2.4092e-05,-4.618127145501457,bot1
5,4.6000000000000005,40,20,2.4196e-05,2.4196e-05,-4.616256424164687,bot1
5,4.7,40,20,2.4286e-05,2.4286e-05,-4.614644009319192,bot1
5,4.8,40,20,2.4364000000000003e-05,2.4364000000000003e-05,-4.6132514091706165,bot1
5,4.9,40,20,2.4434e-05,2.4434e-05,-4.612005430458968,bot1
5,5.0,40,20,2.4486e-05,2.4486e-05,-4.611082154843086,bot1
-5,0.0,80,5,-3.9884e-12,3.9884e-12,-11.39920129241622,bot1
-5,0.1,80,5,1.6148e-12,1.6148e-12,-11.791881259261723,bot1
-5,0.2,80,5,7.704e-13,7.704e-13,-12.113283725883521,bot1
-5,0.3,80,5,-1.588e-13,1.588e-13,-12.799149501908923,bot1
-5,0.4,80,5,-1.2984e-12,1.2984e-12,-11.886591493181825,bot1
-5,0.5,80,5,-2.1528e-12,2.1528e-12,-11.666996315244301,bot1
-5,0.6,80,5,-2.904e-12,2.904e-12,-11.537003387971945,bot1
-5,0.7,80,5,-3.4324e-12,3.4324e-12,-11.464402106700334,bot1
-5,0.8,80,5,-3.7976e-12,3.7976e-12,-11.420490781289697,bot1
-5,0.9,80,5,-4.056e-12,4.056e-12,-11.39190205367472,bot1
-5,1.0,80,5,-4.2006e-12,4.2006e-12,-11.376688671964411,bot1
-5,1.1,80,5,-4.3292e-12,4.3292e-12,-11.36359235022519,bot1
-5,1.2,80,5,4.8298e-12,4.8298e-12,-11.316070852829181,bot1
-5,1.3,80,5,4.2032e-12,4.2032e-12,-11.376419944558005,bot1
-5,1.4,80,5,-1.778e-12,1.778e-12,-11.750068243365805,bot1
-5,1.5,80,5,-6.922e-13,6.922e-13,-12.159768405041891,bot1
-5,1.6,80,5,1.864e-13,1.864e-13,-12.729554091982038,bot1
-5,1.7,80,5,1.27e-12,1.27e-12,-11.896196279044043,bot1
-5,1.8,80,5,1.9096e-12,1.9096e-12,-11.719057594001303,bot1
-5,1.9,80,5,2.5286e-12,2.5286e-12,-11.597119866397893,bot1
-5,2.0,80,5,3.1048e-12,3.1048e-12,-11.507966370268042,bot1
-5,2.1,80,5,3.5968e-12,3.5968e-12,-11.444083710447051,bot1
-5,2.2,80,5,3.9808e-12,3.9808e-12,-11.400029641325293,bot1
-5,2.3000000000000003,80,5,4.1208e-12,4.1208e-12,-11.385018463127478,bot1
-5,2.4,80,5,4.2416e-12,4.2416e-12,-11.372470289610982,bot1
-5,2.5,80,5,-4.7264e-12,4.7264e-12,-11.325469526368144,bot1
-5,2.6,80,5,-4.4522e-12,4.4522e-12,-11.351425334691006,bot1
-5,2.7,80,5,2.3028e-12,2.3028e-12,-11.637743779216903,bot1
-5,2.8000000000000003,80,5,1.2518e-12,1.2518e-12,-11.902465052782723,bot1
-5,2.9,80,5,2.17e-13,2.17e-13,-12.66354026615147,bot1
-5,3.0,80,5,-6.046e-13,6.046e-13,-12.218531857158201,bot1
-5,3.1,80,5,-1.4732e-12,1.4732e-12,-11.831738289817125,bot1
-5,3.2,80,5,-2.2214e-12,2.2214e-12,-11.65337323246844,bot1
-5,3.3000000000000003,80,5,-2.7632e-12,2.7632e-12,-11.558587679776616,bot1
-5,3.4,80,5,-3.252e-12,3.252e-12,-11.48784946307797,bot1
-5,3.5,80,5,-3.6176e-12,3.6176e-12,-11.441579454998715,bot1
-5,3.6,80,5,-3.9022e-12,3.9022e-12,-11.408690475415503,bot1
-5,3.7,80,5,-4.0832e-12,4.0832e-12,-11.38899934729495,bot1
-5,3.8,80,5,-4.1966e-12,4.1966e-12,-11.37710242370523,bot1
-5,3.9,80,5,5.1486e-12,5.1486e-12,-11.288310847644652,bot1
-5,4.0,80,5,4.4952e-12,4.4952e-12,-11.347250980913156,bot1
-5,4.1,80,5,-1.2828e-12,1.2828e-12,-11.891841048743597,bot1
-5,4.2,80,5,-1.18e-13,1.18e-13,-12.928117992693874,bot1
-5,4.3,80,5,8.928e-13,8.928e-13,-12.049245818406497,bot1
-5,4.4,80,5,1.8244e-12,1.8244e-12,-11.738879936431099,bot1
-5,4.5,80,5,2.8438e-12,2.8438e-12,-11.546100950119007,bot1
-5,4.6000000000000005,80,5,3.6096e-12,3.6096e-12,-11.442540922032771,bot1
-5,4.7,80,5,4.35e-12,4.35e-12,-11.361510743045363,bot1
-5,4.8,80,5,4.9522e-12,4.9522e-12,-11.305201824177274,bot1
-5,4.9,80,5,5.4328e-12,5.4328e-12,-11.26497628254131,bot1
-5,5.0,80,5,5.7126e-12,5.7126e-12,-11.243166184459412,bot1
-4,0.0,80,5,5.0954e-12,5.0954e-12,-11.292821717256382,bot1
-4,0.1,80,5,-2.9868e-12,2.9868e-12,-11.524793857343782,bot1
-4,0.2,80,5,-1.164e-13,1.164e-13,-12.93404701968613,bot1
-4,0.3,80,5,-8.863999999999999e-13,8.863999999999999e-13,-12.052370252615646,bot1
-4,0.4,80,5,-1.6194e-12,1.6194e-12,-11.79064586505984,bot1
-4,0.5,80,5,-2.344e-12,2.344e-12,-11.630042392653946,bot1
-4,0.6,80,5,-2.8468e-12,2.8468e-12,-11.545643042845112,bot1
-4,0.7,80,5,-3.483e-12,3.483e-12,-11.458046525541764,bot1
-4,0.8,80,5,-3.7998e-12,3.7998e-12,-11.420239261589037,bot1
-4,0.9,80,5,-4.1118e-12,4.1118e-12,-11.385968017798962,bot1
-4,1.0,80,5,-4.2728e-12,4.2728e-12,-11.369287435038919,bot1
-4,1.1,80,5,-4.3862e-12,4.3862e-12,-11.357911569440057,bot1
-4,1.2,80,5,4.8664e-12,4.8664e-12,-11.312792196545134,bot1
-4,1.3,80,5,4.4906e-12,4.4906e-12,-11.347695627976583,bot1
-4,1.4,80,5,-2.2152e-12,2.2152e-12,-11.654587057262482,bot1
-4,1.5,80,5,-1.1376e-12,1.1376e-12,-11.94401041661431,bot1
-4,1.6,80,5,-1.026e-13,1.026e-13,-12.988852639224202,bot1
-4,1.7,80,5,8.511999999999999e-13,8.511999999999999e-13,-12.069968385049027,bot1
-4,1.8,80,5,1.5002e-12,1.5002e-12,-11.823850838873451,bot1
-4,1.9,80,5,2.0716e-12,2.0716e-12,-11.683694097654143,bot1
-4,2.0,80,5,2.6916e-12,2.6916e-12,-11.569989480369408,bot1
-4,2.1,80,5,3.3132e-12,3.3132e-12,-11.479752347313111,bot1
-4,2.2,80,5,3.8134e-12,3.8134e-12,-11.418687637768153,bot1
-4,2.3000000000000003,80,5,4.103e-12,4.103e-12,-11.386898483033088,bot1
-4,2.4,80,5,4.2368e-12,4.2368e-12,-11.372962036576412,bot1
-4,2.5,80,5,4.3496e-12,4.3496e-12,-11.361550680006346,bot1
-4,2.6,80,5,-4.7728e-12,4.7728e-12,-11.321226763982013,bot1
-4,2.7,80,5,-4.611e-12,4.611e-12,-11.336204877780592,bot1
-4,2.8000000000000003,80,5,2.4936e-12,2.4936e-12,-11.603173210731217,bot1
-4,2.9,80,5,1.35e-12,1.35e-12,-11.869666231504993,bot1
-4,3.0,80,5,1.89e-13,1.89e-13,-12.723538195826755,bot1
-4,3.1,80,5,-6.99e-13,6.99e-13,-12.15552282425432,bot1
-4,3.2,80,5,-1.4526e-12,1.4526e-12,-11.837853960174623,bot1
-4,3.3000000000000003,80,5,-2.1202e-12,2.1202e-12,-11.673623169826191,bot1
-4,3.4,80,5,-2.677e-12,2.677e-12,-11.572351628813067,bot1
-4,3.5,80,5,-3.1822e-12,3.1822e-12,-11.497272528596792,bot1
-4,3.6,80,5,-3.5874e-12,3.5874e-12,-11.445220196196207,bot1
-4,3.7,80,5,-4.0258e-12,4.0258e-12,-11.395147804473172,bot1
-4,3.8,80,5,-4.159e-12,4.159e-12,-11.381011079635066,bot1
-4,3.9,80,5,-4.3132e-12,4.3132e-12,-11.365200403462545,bot1
-4,4.0,80,5,-4.3906e-12,4.3906e-12,-11.357476126936989,bot1
-4,4.1,80,5,4.7862e-12,4.7862e-12,-11.320009157565126,bot1
-4,4.2,80,5,4.2638e-12,4.2638e-12,-11.370203174744494,bot1
-4,4.3,80,5,-1.9482e-12,1.9482e-12,-11.710366460990356,bot1
-4,4.4,80,5,-1.175e-12,1.175e-12,-11.929962133392245,bot1
-4,4.5,80,5,-1.896e-13,1.896e-13,-12.722161666997952,bot1
-4,4.6000000000000005,80,5,7.31e-13,7.31e-13,-12.136082623042139,bot1
-4,4.7,80,5,1.507e-12,1.507e-12,-11.821886747685369,bot1
-4,4.8,80,5,2.1614e-12,2.1614e-12,-11.665264852868166,bot1
-4,4.9,80,5,2.9712e-12,2.9712e-12,-11.527068113604296,bot1
-4,5.0,80,5,3.4694e-12,3.4694e-12,-11.45974562584889,bot1
-3,0.0,80,5,-5.0252e-12,5.0252e-12,-11.298846648898937,bot1
-3,0.1,80,5,2.8936e-12,2.8936e-12,-11.538561504246436,bot1
-3,0.2,80,5,4.196e-13,4.196e-13,-12.37716452047848,bot1
-3,0.3,80,5,1.4556e-12,1.4556e-12,-11.836957953085802,bot1
-3,0.4,80,5,2.3008e-12,2.3008e-12,-11.638121131297211,bot1
-3,0.5,80,5,2.8092e-12,2.8092e-12,-11.551417340255751,bot1
-3,0.6,80,5,3.4274e-12,3.4274e-12,-11.465035207605334,bot1
-3,0.7,80,5,3.7358e-12,3.7358e-12,-11.427616382233534,bot1
-3,0.8,80,5,4.023e-12,4.023e-12,-11.395449967428739,bot1
-3,0.9,80,5,4.2422e-12,4.2422e-12,-11.372408860371825,bot1
-3,1.0,80,5,4.4e-12,4.4e-12,-11.356547323513812,bot1
-3,1.1,80,5,-4.8242e-12,4.8242e-12,-11.31657469566561,bot1
-3,1.2,80,5,-4.4132e-12,4.4132e-12,-11.355246390493395,bot1
-3,1.3,80,5,2.267e-12,2.267e-12,-11.644548479873482,bot1
-3,1.4,80,5,1.1554e-12,1.1554e-12,-11.937267636794607,bot1
-3,1.5,80,5,1.312e-13,1.312e-13,-12.882066164960358,bot1
-3,1.6,80,5,-8.74e-13,8.74e-13,-12.058488567365597,bot1
-3,1.7,80,5,-1.8866e-12,1.8866e-12,-11.724320169897297,bot1
-3,1.8,80,5,-2.6054e-12,2.6054e-12,-11.584125591190995,bot1
-3,1.9,80,5,-3.2024e-12,3.2024e-12,-11.494524422902952,bot1
-3,2.0,80,5,-3.6646e-12,3.6646e-12,-11.435973422734525,bot1
-3,2.1,80,5,-3.9258e-12,3.9258e-12,-11.406071829317993,bot1
-3,2.2,80,5,-4.1738e-12,4.1738e-12,-11.379468365279525,bot1
-3,2.3000000000000003,80,5,-4.3864e-12,4.3864e-12,-11.357891767124576,bot1
-3,2.4,80,5,4.9306e-12,4.9306e-12,-11.307100228626657,bot1
-3,2.5,80,5,4.2586e-12,4.2586e-12,-11.370733150241103,bot1
-3,2.6,80,5,-1.5098e-12,1.5098e-12,-11.821080578964535,bot1
-3,2.7,80,5,-2.898e-13,2.898e-13,-12.537901618864844,bot1
-3,2.8000000000000003,80,5,6.468e-13,6.468e-13,-12.189229988765636,bot1
-3,2.9,80,5,1.6098e-12,1.6098e-12,-11.793228076944418,bot1
-3,3.0,80,5,2.2756e-12,2.2756e-12,-11.642904074904266,bot1
-3,3.1,80,5,3.045e-12,3.045e-12,-11.516412703031106,bot1
-3,3.2,80,5,3.725e-12,3.725e-12,-11.428873722915688,bot1
-3,3.3000000000000003,80,5,4.1194e-12,4.1194e-12,-11.38516603534187,bot1
-3,3.4,80,5,4.3562e-12,4.3562e-12,-11.360892189315152,bot1
-3,3.5,80,5,-4.7762e-12,4.7762e-12,-11.320917495723373,bot1
-3,3.6,80,5,-4.3332e-12,4.3332e-12,-11.363191265525549,bot1
-3,3.7,80,5,1.9182e-12,1.9182e-12,-11.717106113344668,bot1
-3,3.8,80,5,6.806e-13,6.806e-13,-12.16710805524021,bot1
-3,3.9,80,5,-4.268e-13,4.268e-13,-12.369775589247567,bot1
-3,4.0,80,5,-1.2644e-12,1.2644e-12,-11.898115512832458,bot1
-3,4.1,80,5,-2.3192e-12,2.3192e-12,-11.63466179765306,bot1
-3,4.2,80,5,-3.0748e-12,3.0748e-12,-11.51218312760277,bot1
-3,4.3,80,5,-3.5912e-12,3.5912e-12,-11.444760407606404,bot1
-3,4.4,80,5,-4.0012e-12,4.0012e-12,-11.39780973986681,bot1
-3,4.5,80,5,-4.182e-12,4.182e-12,-11.378615971518347,bot1
-3,4.6000000000000005,80,5,-4.4262e-12,4.4262e-12,-11.353968966157977,bot1
-3,4.7,80,5,5.0182e-12,5.0182e-12,-11.299452033901145,bot1
-3,4.8,80,5,3.8396e-12,3.8396e-12,-11.415714016997363,bot1
-3,4.9,80,5,-7.1e-13,7.1e-13,-12.148741651280925,bot1
-3,5.0,80,5,7.118e-13,7.118e-13,-12.147642016332172,bot1
-2,0.0,80,5,-4.417e-12,4.417e-12,-11.35487260074161,bot1
-2,0.1,80,5,5.0278e-12,5.0278e-12,-11.298622006368722,bot1
-2,0.2,80,5,2.424e-12,2.424e-12,-11.61546738450575,bot1
-2,0.3,80,5,1.3276e-12,1.3276e-12,-11.876932756263434,bot1
-2,0.4,80,5,2.394e-13,2.394e-13,-12.620875853929608,bot1
-2,0.5,80,5,-8.804e-13,8.804e-13,-12.05531996611869,bot1
-2,0.6,80,5,-1.8658e-12,1.8658e-12,-11.729134911260221,bot1
-2,0.7,80,5,-2.584e-12,2.584e-12,-11.587707490676953,bot1
-2,0.8,80,5,-3.115e-12,3.115e-12,-11.506541949004811,bot1
-2,0.9,80,5,-3.5736e-12,3.5736e-12,-11.446894060536218,bot1
-2,1.0,80,5,-3.9346e-12,3.9346e-12,-11.40509941238312,bot1
-2,1.1,80,5,-4.236e-12,4.236e-12,-11.373044048564553,bot1
-2,1.2,80,5,-4.3942e-12,4.3942e-12,-11.357120180251266,bot1
-2,1.3,80,5,4.8866e-12,4.8866e-12,-11.310993209345582,bot1
-2,1.4,80,5,4.055e-12,4.055e-12,-11.392009141452824,bot1
-2,1.5,80,5,-1.01e-12,1.01e-12,-11.995678626217357,bot1
-2,1.6,80,5,1.38e-13,1.38e-13,-12.860120913598763,bot1
-2,1.7,80,5,1.4924e-12,1.4924e-12,-11.826114759631208,bot1
-2,1.8,80,5,2.4368e-12,2.4368e-12,-11.613180114008033,bot1
-2,1.9,80,5,3.2044e-12,3.2044e-12,-11.494253276935535,bot1
-2,2.0,80,5,3.861e-12,3.861e-12,-11.413300198375952,bot1
-2,2.1,80,5,4.1186e-12,4.1186e-12,-11.385250384840926,bot1
-2,2.2,80,5,4.2758e-12,4.2758e-12,-11.368982617057215,bot1
-2,2.3000000000000003,80,5,-4.7624e-12,4.7624e-12,-11.322174130456304,bot1
-2,2.4,80,5,-4.2742e-12,4.2742e-12,-11.3691451600231,bot1
-2,2.5,80,5,1.6162e-12,1.6162e-12,-11.791504897570162,bot1
-2,2.6,80,5,1.512e-13,1.512e-13,-12.820448208834812,bot1
-2,2.7,80,5,-1.0634e-12,1.0634e-12,-11.97330334402184,bot1
-2,2.8000000000000003,80,5,-1.9242e-12,1.9242e-12,-11.715749789687916,bot1
-2,2.9,80,5,-2.8036e-12,2.8036e-12,-11.552283948688494,bot1
-2,3.0,80,5,-3.3762e-12,3.3762e-12,-11.471571834462363,bot1
-2,3.1,80,5,-3.8934e-12,3.8934e-12,-11.409670975457603,bot1
-2,3.2,80,5,-4.1718e-12,4.1718e-12,-11.37967652023074,bot1
-2,3.3000000000000003,80,5,-4.3048e-12,4.3048e-12,-11.366047020961563,bot1
-2,3.4,80,5,4.8354e-12,4.8354e-12,-11.315567593844204,bot1
-2,3.5,80,5,4.1398e-12,4.1398e-12,-11.383020639795644,bot1
-2,3.6,80,5,-1.3536e-12,1.3536e-12,-11.868509654305052,bot1
-2,3.7,80,5,-1.006e-13,1.006e-13,-12.997402019280091,bot1
-2,3.8,80,5,1.2388e-12,1.2388e-12,-11.90699880331525,bot1
-2,3.9,80,5,2.0638e-12,2.0638e-12,-11.685332391882488,bot1
-2,4.0,80,5,2.93e-12,2.93e-12,-11.53313237964589,bot1
-2,4.1,80,5,3.57e-12,3.57e-12,-11.447331783887806,bot1
-2,4.2,80,5,4.0098e-12,4.0098e-12,-11.396877288492663,bot1
-2,4.3,80,5,4.2568e-12,4.2568e-12,-11.370916754083334,bot1
-2,4.4,80,5,-4.7718e-12,4.7718e-12,-11.3213177671636,bot1
-2,4.5,80,5,-4.5132e-12,4.5132e-12,-11.345515420529976,bot1
-2,4.6000000000000005,80,5,2.1656e-12,2.1656e-12,-11.66442175723755,bot1
-2,4.7,80,5,1.0002e-12,1.0002e-12,-11.999913149788352,bot1
-2,4.8,80,5,-1.926e-13,1.926e-13,-12.715343717211484,bot1
-2,4.9,80,5,-1.2614e-12,1.2614e-12,-11.8991471733427,bot1
-2,5.0,80,5,-2.4942e-12,2.4942e-12,-11.603068725110141,bot1
-1,0.0,80,5,-4.752e-12,4.752e-12,-11.323123568026864,bot1
-1,0.1,80,5,4.957e-12,4.957e-12,-11.304781081094848,bot1
-1,0.2,80,5,3.358e-12,3.358e-12,-11.47391930819797,bot1
-1,0.3,80,5,9.84e-14,9.84e-14,-13.007004901568658,bot1
-1,0.4,80,5,1.1662e-12,1.1662e-12,-11.933226962914974,bot1
-1,0.5,80,5,2.2036e-12,2.2036e-12,-11.656867236298716,bot1
-1,0.6,80,5,2.9906e-12,2.9906e-12,-11.524241671024125,bot1
-1,0.7,80,5,3.7336e-12,3.7336e-12,-11.427872212122901,bot1
-1,0.8,80,5,4.035e-12,4.035e-12,-11.394156460941911,bot1
-1,0.9,80,5,4.2478e-12,4.2478e-12,-11.37183593941744,bot1
-1,1.0,80,5,-4.7282e-12,4.7282e-12,-11.325304161344373,bot1
-1,1.1,80,5,-4.4142e-12,4.4142e-12,-11.355147993573857,bot1
-1,1.2,80,5,1.7978e-12,1.7978e-12,-11.745258623908464,bot1
-1,1.3,80,5,3.178e-13,3.178e-13,-12.49784610712864,bot1
-1,1.4,80,5,-9.916e-13,9.916e-13,-12.003663481904216,bot1
-1,1.5,80,5,-2.0232e-12,2.0232e-12,-11.693961183663651,bot1
-1,1.6,80,5,-2.8626e-12,2.8626e-12,-11.54323933305743,bot1
-1,1.7,80,5,-3.484e-12,3.484e-12,-11.457921853664374,bot1
-1,1.8,80,5,-3.892e-12,3.892e-12,-11.409827168403686,bot1
-1,1.9,80,5,-4.0934e-12,4.0934e-12,-11.38791581477208,bot1
-1,2.0,80,5,-4.3806e-12,4.3806e-12,-11.35846640117557,bot1
-1,2.1,80,5,4.8966e-12,4.8966e-12,-11.310105371760425,bot1
-1,2.2,80,5,4.1926e-12,4.1926e-12,-11.377516570002674,bot1
-1,2.3000000000000003,80,5,-1.3482e-12,1.3482e-12,-11.870245677197227,bot1
-1,2.4,80,5,-4.54e-14,4.54e-14,-13.342944147142896,bot1
-1,2.5,80,5,1.124e-12,1.124e-12,-11.949233688766958,bot1
-1,2.6,80,5,2.0716e-12,2.0716e-12,-11.683694097654143,bot1
-1,2.7,80,5,2.84e-12,2.84e-12,-11.546681659952963,bot1
-1,2.8000000000000003,80,5,3.584e-12,3.584e-12,-11.445631999009912,bot1
-1,2.9,80,5,4.038e-12,4.038e-12,-11.39383368539238,bot1
-1,3.0,80,5,4.2022e-12,4.2022e-12,-11.376523281575626,bot1
-1,3.1,80,5,4.3228e-12,4.3228e-12,-11.364234857204185,bot1
-1,3.2,80,5,-4.8558e-12,4.8558e-12,-11.313739209223804,bot1
-1,3.3000000000000003,80,5,-4.0626e-12,4.0626e-12,-11.391195935818931,bot1
-1,3.4,80,5,1.24e-12,1.24e-12,-11.906578314837764,bot1
-1,3.5,80,5,-4.78e-14,4.78e-14,-13.320572103387882,bot1
-1,3.6,80,5,-1.0334e-12,1.0334e-12,-11.985731542790358,bot1
-1,3.7,80,5,-2.0916e-12,2.0916e-12,-11.679521366842382,bot1
-1,3.8,80,5,-2.7704e-12,2.7704e-12,-11.557457521458595,bot1
-1,3.9,80,5,-3.4638e-12,3.4638e-12,-11.460447192117725,bot1
-1,4.0,80,5,-3.8212e-12,3.8212e-12,-11.417800230926282,bot1
-1,4.1,80,5,-4.0838e-12,4.0838e-12,-11.38893553520003,bot1
-1,4.2,80,5,-4.3208e-12,4.3208e-12,-11.364435835726862,bot1
-1,4.3,80,5,4.8902e-12,4.8902e-12,-11.310673378684115,bot1
-1,4.4,80,5,4.2504e-12,4.2504e-12,-11.37157019709832,bot1
-1,4.5,80,5,-1.4316e-12,1.4316e-12,-11.844178310282034,bot1
-1,4.6000000000000005,80,5,-4.2e-15,4.2e-15,-14.3767507096021,bot1
-1,4.7,80,5,1.3496e-12,1.3496e-12,-11.869794930418932,bot1
-1,4.8,80,5,2.172e-12,2.172e-12,-11.663140179083191,bot1
-1,4.9,80,5,3.0806e-12,3.0806e-12,-11.51136468891787,bot1
-1,5.0,80,5,3.6586e-12,3.6586e-12,-11.436685069958274,bot1
0,0.0,80,5,7.03e-11,7.03e-11,-10.153044674980176,bot1
0,0.1,80,5,5.490019999999999e-08,5.490019999999999e-08,-7.26042607342353,bot1
0,0.2,80,5,6.984799999999999e-08,6.984799999999999e-08,-7.155846024788154,bot1
0,0.3,80,5,7.433759999999999e-08,7.433759999999999e-08,-7.1287914642731405,bot1
0,0.4,80,5,7.53192e-08,7.53192e-08,-7.123094301473093,bot1
0,0.5,80,5,7.5688e-08,7.5688e-08,-7.120972970524946,bot1
0,0.6,80,5,7.58988e-08,7.58988e-08,-7.1197650904747185,bot1
0,0.7,80,5,7.57724e-08,7.57724e-08,-7.120488956775258,bot1
0,0.8,80,5,7.58964e-08,7.58964e-08,-7.1197788235408055,bot1
0,0.9,80,5,7.5611e-08,7.5611e-08,-7.121415018099532,bot1
0,1.0,80,5,7.573539999999999e-08,7.573539999999999e-08,-7.120701076496485,bot1
0,1.1,80,5,7.5739e-08,7.5739e-08,-7.1206804332705,bot1
0,1.2,80,5,7.59546e-08,7.59546e-08,-7.119445919047791,bot1
0,1.3,80,5,7.58882e-08,7.58882e-08,-7.119825748126766,bot1
0,1.4,80,5,7.58278e-08,7.58278e-08,-7.120171544062498,bot1
0,1.5,80,5,7.574099999999999e-08,7.574099999999999e-08,-7.120668965235592,bot1
0,1.6,80,5,7.5448e-08,7.5448e-08,-7.122352268154477,bot1
0,1.7,80,5,7.54044e-08,7.54044e-08,-7.1226033114250935,bot1
0,1.8,80,5,7.52966e-08,7.52966e-08,-7.123224633820226,bot1
0,1.9,80,5,7.51194e-08,7.51194e-08,-7.124247889561564,bot1
0,2.0,80,5,7.518639999999999e-08,7.518639999999999e-08,-7.12386070913054,bot1
0,2.1,80,5,7.512939999999999e-08,7.512939999999999e-08,-7.124190079518151,bot1
0,2.2,80,5,7.507799999999999e-08,7.507799999999999e-08,-7.124487305050863,bot1
0,2.3000000000000003,80,5,7.48696e-08,7.48696e-08,-7.125694487137178,bot1
0,2.4,80,5,7.476739999999999e-08,7.476739999999999e-08,-7.12628772147029,bot1
0,2.5,80,5,7.472e-08,7.472e-08,-7.126563136777963,bot1
0,2.6,80,5,7.48436e-08,7.48436e-08,-7.125845330972498,bot1
0,2.7,80,5,7.4898e-08,7.4898e-08,-7.125529779103746,bot1
0,2.8000000000000003,80,5,7.489639999999998e-08,7.489639999999998e-08,-7.125539056769282,bot1
0,2.9,80,5,7.47776e-08,7.47776e-08,-7.1262284777146006,bot1
0,3.0,80,5,7.45492e-08,7.45492e-08,-7.127557012673089,bot1
0,3.1,80,5,7.457399999999999e-08,7.457399999999999e-08,-7.1274125615984,bot1
0,3.2,80,5,7.453239999999999e-08,7.453239999999999e-08,-7.1276548939317665,bot1
0,3.3000000000000003,80,5,7.44058e-08,7.44058e-08,-7.128393209483464,bot1
0,3.4,80,5,7.47404e-08,7.47404e-08,-7.126444582197808,bot1
0,3.5,80,5,7.45074e-08,7.45074e-08,-7.1278005914186044,bot1
0,3.6,80,5,7.439879999999999e-08,7.439879999999999e-08,-7.12843406926032,bot1
0,3.7,80,5,7.4309e-08,7.4309e-08,-7.128958583095041,bot1
0,3.8,80,5,7.43068e-08,7.43068e-08,-7.12897144105308,bot1
0,3.9,80,5,7.44128e-08,7.44128e-08,-7.128352353550461,bot1
0,4.0,80,5,7.427739999999999e-08,7.427739999999999e-08,-7.1291433066745205,bot1
0,4.1,80,5,7.41832e-08,7.41832e-08,-7.129694436680537,bot1
0,4.2,80,5,7.39772e-08,7.39772e-08,-7.13090211053836,bot1
0,4.3,80,5,7.3914e-08,7.3914e-08,-7.131273294394155,bot1
0,4.4,80,5,7.38374e-08,7.38374e-08,-7.131723604310599,bot1
0,4.5,80,5,7.39678e-08,7.39678e-08,-7.130957298184247,bot1
0,4.6000000000000005,80,5,7.398539999999999e-08,7.398539999999999e-08,-7.1308539738503685,bot1
0,4.7,80,5,7.37586e-08,7.37586e-08,-7.13218733514918,bot1
0,4.8,80,5,7.37792e-08,7.37792e-08,-7.13206605821018,bot1
0,4.9,80,5,7.366939999999999e-08,7.366939999999999e-08,-7.132712867239595,bot1
0,5.0,80,5,7.36722e-08,7.36722e-08,-7.132696361045153,bot1
1,0.0,80,5,1.025e-10,1.025e-10,-9.989276134608227,bot1
1,0.1,80,5,8.9104e-07,8.9104e-07,-6.050102799454316,bot1
1,0.2,80,5,1.5052000000000002e-06,1.5052000000000002e-06,-5.822405790352173,bot1
1,0.3,80,5,1.9108e-06,1.9108e-06,-5.718784767388684,bot1
1,0.4,80,5,2.2206000000000004e-06,2.2206000000000004e-06,-5.653529664521245,bot1
1,0.5,80,5,2.4713000000000004e-06,2.4713000000000004e-06,-5.60707453082772,bot1
1,0.6,80,5,2.6820000000000003e-06,2.6820000000000003e-06,-5.5715412264844195,bot1
1,0.7,80,5,2.8548e-06,2.8548e-06,-5.544424311915109,bot1
1,0.8,80,5,2.9939000000000003e-06,2.9939000000000003e-06,-5.523762709728932,bot1
1,0.9,80,5,3.1067000000000003e-06,3.1067000000000003e-06,-5.507700682578642,bot1
1,1.0,80,5,3.1856000000000005e-06,3.1856000000000005e-06,-5.496808757316666,bot1
1,1.1,80,5,3.2429000000000003e-06,3.2429000000000003e-06,-5.489066443284409,bot1
1,1.2,80,5,3.2801e-06,3.2801e-06,-5.484112915804733,bot1
1,1.3,80,5,3.3015000000000005e-06,3.3015000000000005e-06,-5.481288698390971,bot1
1,1.4,80,5,3.3129000000000005e-06,3.3129000000000005e-06,-5.479791673114009,bot1
1,1.5,80,5,3.3263e-06,3.3263e-06,-5.478038584199776,bot1
1,1.6,80,5,3.3355000000000005e-06,3.3355000000000005e-06,-5.476839055011398,bot1
1,1.7,80,5,3.3355000000000005e-06,3.3355000000000005e-06,-5.476839055011398,bot1
1,1.8,80,5,3.3413000000000005e-06,3.3413000000000005e-06,-5.476084529301887,bot1
1,1.9,80,5,3.3398e-06,3.3398e-06,-5.476279539624678,bot1
1,2.0,80,5,3.3418000000000003e-06,3.3418000000000003e-06,-5.476019545315007,bot1
1,2.1,80,5,3.3456e-06,3.3456e-06,-5.475525984526404,bot1
1,2.2,80,5,3.3484000000000004e-06,3.3484000000000004e-06,-5.475162666743239,bot1
1,2.3000000000000003,80,5,3.3500000000000005e-06,3.3500000000000005e-06,-5.474955192963154,bot1
1,2.4,80,5,3.3491000000000003e-06,3.3491000000000003e-06,-5.475071884768342,bot1
1,2.5,80,5,3.3527000000000005e-06,3.3527000000000005e-06,-5.474605305555226,bot1
1,2.6,80,5,3.3544000000000004e-06,3.3544000000000004e-06,-5.474385150604488,bot1
1,2.7,80,5,3.3563000000000004e-06,3.3563000000000004e-06,-5.474139227068146,bot1
1,2.8000000000000003,80,5,3.3548000000000005e-06,3.3548000000000005e-06,-5.474333365654578,bot1
1,2.9,80,5,3.3611000000000003e-06,3.3611000000000003e-06,-5.4735185661374475,bot1
1,3.0,80,5,3.3623000000000004e-06,3.3623000000000004e-06,-5.473363539399839,bot1
1,3.1,80,5,3.3637000000000005e-06,3.3637000000000005e-06,-5.473182744786861,bot1
1,3.2,80,5,3.3691000000000005e-06,3.3691000000000005e-06,-5.4724860983083845,bot1
1,3.3000000000000003,80,5,3.3667000000000003e-06,3.3667000000000003e-06,-5.472795581012941,bot1
1,3.4,80,5,3.3658000000000005e-06,3.3658000000000005e-06,-5.472911693908906,bot1
1,3.5,80,5,3.3645e-06,3.3645e-06,-5.473079467361351,bot1
1,3.6,80,5,3.3658000000000005e-06,3.3658000000000005e-06,-5.472911693908906,bot1
1,3.7,80,5,3.3617000000000004e-06,3.3617000000000004e-06,-5.473441045851307,bot1
1,3.8,80,5,3.3677000000000004e-06,3.3677000000000004e-06,-5.472666603083179,bot1
1,3.9,80,5,3.3658000000000005e-06,3.3658000000000005e-06,-5.472911693908906,bot1
1,4.0,80,5,3.3644000000000003e-06,3.3644000000000003e-06,-5.4730923756965,bot1
1,4.1,80,5,3.3663000000000003e-06,3.3663000000000003e-06,-5.472847182911936,bot1
1,4.2,80,5,3.3702000000000004e-06,3.3702000000000004e-06,-5.472344325740214,bot1
1,4.3,80,5,3.3726000000000005e-06,3.3726000000000005e-06,-5.472035164323419,bot1
1,4.4,80,5,3.3760000000000004e-06,3.3760000000000004e-06,-5.471597562046383,bot1
1,4.5,80,5,3.3684e-06,3.3684e-06,-5.472576341317936,bot1
1,4.6000000000000005,80,5,3.3679000000000004e-06,3.3679000000000004e-06,-5.472640812093094,bot1
1,4.7,80,5,3.3658000000000005e-06,3.3658000000000005e-06,-5.472911693908906,bot1
1,4.8,80,5,3.3697000000000005e-06,3.3697000000000005e-06,-5.472408762079433,bot1
1,4.9,80,5,3.3738e-06,3.3738e-06,-5.471880666106953,bot1
1,5.0,80,5,3.3694000000000003e-06,3.3694000000000003e-06,-5.47244742847247,bot1
2,0.0,80,5,9.674e-10,9.674e-10,-9.014393916947563,bot1
2,0.1,80,5,2.7549e-06,2.7549e-06,-5.55989416096334,bot1
2,0.2,80,5,5.3233e-06,5.3233e-06,-5.273819058029154,bot1
2,0.3,80,5,7.7028e-06,7.7028e-06,-5.1133513782680975,bot1
2,0.4,80,5,9.9054e-06,9.9054e-06,-5.004127982085538,bot1
2,0.5,80,5,1.1932e-05,1.1932e-05,-4.923286755309975,bot1
2,0.6,80,5,1.3788e-05,1.3788e-05,-4.86049872526409,bot1
2,0.7,80,5,1.549e-05,1.549e-05,-4.809948582240794,bot1
2,0.8,80,5,1.7036e-05,1.7036e-05,-4.768632368598289,bot1
2,0.9,80,5,1.8436e-05,1.8436e-05,-4.734333300547517,bot1
2,1.0,80,5,1.9698e-05,1.9698e-05,-4.705577866887016,bot1
2,1.1,80,5,2.0832e-05,2.0832e-05,-4.681269033111902,bot1
2,1.2,80,5,2.1842e-05,2.1842e-05,-4.660707597231235,bot1
2,1.3,80,5,2.2748e-05,2.2748e-05,-4.64305678041987,bot1
2,1.4,80,5,2.355e-05,2.355e-05,-4.628009088535085,bot1
2,1.5,80,5,2.4252e-05,2.4252e-05,-4.615252440437071,bot1
2,1.6,80,5,2.4862e-05,2.4862e-05,-4.6044639378815635,bot1
2,1.7,80,5,2.5396e-05,2.5396e-05,-4.5952346815976854,bot1
2,1.8,80,5,2.5852000000000003e-05,2.5852000000000003e-05,-4.587505852749365,bot1
2,1.9,80,5,2.6226e-05,2.6226e-05,-4.581267943126703,bot1
2,2.0,80,5,2.6536e-05,2.6536e-05,-4.576164541488574,bot1
2,2.1,80,5,2.6778e-05,2.6778e-05,-4.572221862775827,bot1
2,2.2,80,5,2.6980000000000003e-05,2.6980000000000003e-05,-4.568958054664114,bot1
2,2.3000000000000003,80,5,2.713e-05,2.713e-05,-4.566550206238404,bot1
2,2.4,80,5,2.7264e-05,2.7264e-05,-4.564410426913394,bot1
2,2.5,80,5,2.737e-05,2.737e-05,-4.562725202589877,bot1
2,2.6,80,5,2.7454e-05,2.7454e-05,-4.561394370653978,bot1
2,2.7,80,5,2.7528e-05,2.7528e-05,-4.5602253403871265,bot1
2,2.8000000000000003,80,5,2.7606e-05,2.7606e-05,-4.55899651635156,bot1
2,2.9,80,5,2.7664e-05,2.7664e-05,-4.558085024070152,bot1
2,3.0,80,5,2.7722e-05,2.7722e-05,-4.557175440812362,bot1
2,3.1,80,5,2.7782000000000003e-05,2.7782000000000003e-05,-4.5562364930224994,bot1
2,3.2,80,5,2.7838e-05,2.7838e-05,-4.555361969498423,bot1
2,3.3000000000000003,80,5,2.7872e-05,2.7872e-05,-4.554831866672431,bot1
2,3.4,80,5,2.7926e-05,2.7926e-05,-4.553991266315988,bot1
2,3.5,80,5,2.7978e-05,2.7978e-05,-4.553183334161864,bot1
2,3.6,80,5,2.801e-05,2.801e-05,-4.552686891176432,bot1
2,3.7,80,5,2.8054e-05,2.8054e-05,-4.552005207346271,bot1
2,3.8,80,5,2.809e-05,2.809e-05,-4.551448260798422,bot1
2,3.9,80,5,2.8136e-05,2.8136e-05,-4.550737644691114,bot1
2,4.0,80,5,2.8162e-05,2.8162e-05,-4.550336505846669,bot1
2,4.1,80,5,2.8214e-05,2.8214e-05,-4.54953533799285,bot1
2,4.2,80,5,2.8238e-05,2.8238e-05,-4.549166066108997,bot1
2,4.3,80,5,2.8276e-05,2.8276e-05,-4.548582027010738,bot1
2,4.4,80,5,2.8316e-05,2.8316e-05,-4.547968096343188,bot1
2,4.5,80,5,2.8358e-05,2.8358e-05,-4.54732440182439,bot1
2,4.6000000000000005,80,5,2.8386e-05,2.8386e-05,-4.546895801567791,bot1
2,4.7,80,5,2.8418e-05,2.8418e-05,-4.546406490079479,bot1
2,4.8,80,5,2.8446e-05,2.8446e-05,-4.5459787942974,bot1
2,4.9,80,5,2.8478e-05,2.8478e-05,-4.5454905143140945,bot1
2,5.0,80,5,2.8524e-05,2.8524e-05,-4.544789572224195,bot1
3,0.0,80,5,1.0516e-09,1.0516e-09,-8.978149422565675,bot1
3,0.1,80,5,4.6554e-06,4.6554e-06,-5.332042997748271,bot1
3,0.2,80,5,9.1178e-06,9.1178e-06,-5.040109938329385,bot1
3,0.3,80,5,1.3376e-05,1.3376e-05,-4.873673739905059,bot1
3,0.4,80,5,1.745e-05,1.745e-05,-4.758204568704802,bot1
3,0.5,80,5,2.1348e-05,2.1348e-05,-4.67064280586845,bot1
3,0.6,80,5,2.5062e-05,2.5062e-05,-4.6009842743512355,bot1
3,0.7,80,5,2.8604000000000003e-05,2.8604000000000003e-05,-4.543573230631168,bot1
3,0.8,80,5,3.1972e-05,3.1972e-05,-4.4952301957021605,bot1
3,0.9,80,5,3.5188e-05,3.5188e-05,-4.453605416701255,bot1
3,1.0,80,5,3.8246e-05,3.8246e-05,-4.417413979301652,bot1
3,1.1,80,5,4.1154e-05,4.1154e-05,-4.38558794675787,bot1
3,1.2,80,5,4.3910000000000005e-05,4.3910000000000005e-05,-4.357436562895612,bot1
3,1.3,80,5,4.6528e-05,4.6528e-05,-4.332285615157075,bot1
3,1.4,80,5,4.9004e-05,4.9004e-05,-4.309768468807685,bot1
3,1.5,80,5,5.1348e-05,5.1348e-05,-4.289476467468442,bot1
3,1.6,80,5,5.3564e-05,5.3564e-05,-4.271126998630485,bot1
3,1.7,80,5,5.5652e-05,5.5652e-05,-4.254519223542101,bot1
3,1.8,80,5,5.761e-05,5.761e-05,-4.239502124773473,bot1
3,1.9,80,5,5.9452e-05,5.9452e-05,-4.225833530879542,bot1
3,2.0,80,5,6.117400000000001e-05,6.117400000000001e-05,-4.213433121249268,bot1
3,2.1,80,5,6.2762e-05,6.2762e-05,-4.20230322545597,bot1
3,2.2,80,5,6.4244e-05,6.4244e-05,-4.192167426573618,bot1
3,2.3000000000000003,80,5,6.5602e-05,6.5602e-05,-4.183082920140752,bot1
3,2.4,80,5,6.6856e-05,6.6856e-05,-4.174859610840882,bot1
3,2.5,80,5,6.7986e-05,6.7986e-05,-4.167580510069169,bot1
3,2.6,80,5,6.9014e-05,6.9014e-05,-4.161062800480049,bot1
3,2.7,80,5,6.9928e-05,6.9928e-05,-4.155348892771985,bot1
3,2.8000000000000003,80,5,7.075e-05,7.075e-05,-4.150273555803672,bot1
3,2.9,80,5,7.1466e-05,7.1466e-05,-4.145900524972321,bot1
3,3.0,80,5,7.2088e-05,7.2088e-05,-4.142137023318339,bot1
3,3.1,80,5,7.2632e-05,7.2632e-05,-4.138871996909719,bot1
3,3.2,80,5,7.31e-05,7.31e-05,-4.13608262304214,bot1
3,3.3000000000000003,80,5,7.35e-05,7.35e-05,-4.133712660915805,bot1
3,3.4,80,5,7.3872e-05,7.3872e-05,-4.131520142792934,bot1
3,3.5,80,5,7.4188e-05,7.4188e-05,-4.129666336705422,bot1
3,3.6,80,5,7.448e-05,7.448e-05,-4.1279603320267135,bot1
3,3.7,80,5,7.475e-05,7.475e-05,-4.1263888030035325,bot1
3,3.8,80,5,7.4978e-05,7.4978e-05,-4.125066148344294,bot1
3,3.9,80,5,7.5206e-05,7.5206e-05,-4.123747509635173,bot1
3,4.0,80,5,7.5414e-05,7.5414e-05,-4.122548023382893,bot1
3,4.1,80,5,7.5616e-05,7.5616e-05,-4.121386300047725,bot1
3,4.2,80,5,7.5814e-05,7.5814e-05,-4.120250589073397,bot1
3,4.3,80,5,7.598e-05,7.598e-05,-4.119300710781299,bot1
3,4.4,80,5,7.6156e-05,7.6156e-05,-4.118295874806728,bot1
3,4.5,80,5,7.6328e-05,7.6328e-05,-4.117316117159126,bot1
3,4.6000000000000005,80,5,7.6504e-05,7.6504e-05,-4.116315857231836,bot1
3,4.7,80,5,7.6668e-05,7.6668e-05,-4.115385865820235,bot1
3,4.8,80,5,7.6814e-05,7.6814e-05,-4.1145596189185385,bot1
3,4.9,80,5,7.6972e-05,7.6972e-05,-4.113667228814312,bot1
3,5.0,80,5,7.7124e-05,7.7124e-05,-4.112810454041975,bot1
4,0.0,80,5,1.2568e-09,1.2568e-09,-8.900733827968082,bot1
4,0.1,80,5,6.6726e-06,6.6726e-06,-5.1757049088671305,bot1
4,0.2,80,5,1.3136e-05,1.3136e-05,-4.881536860224634,bot1
4,0.3,80,5,1.938e-05,1.938e-05,-4.712646227285253,bot1
4,0.4,80,5,2.5428e-05,2.5428e-05,-4.594687797241581,bot1
4,0.5,80,5,3.128e-05,3.128e-05,-4.50473325561219,bot1
4,0.6,80,5,3.6926e-05,3.6926e-05,-4.432667734645634,bot1
4,0.7,80,5,4.2394e-05,4.2394e-05,-4.372695604522341,bot1
4,0.8,80,5,4.7658e-05,4.7658e-05,-4.321864187066965,bot1
4,0.9,80,5,5.2758e-05,5.2758e-05,-4.277711676458258,bot1
4,1.0,80,5,5.7664e-05,5.7664e-05,-4.23909523503705,bot1
4,1.1,80,5,6.2408e-05,6.2408e-05,-4.204759735106692,bot1
4,1.2,80,5,6.6974e-05,6.6974e-05,-4.174093762194918,bot1
4,1.3,80,5,7.1374e-05,7.1374e-05,-4.146459963474982,bot1
4,1.4,80,5,7.5612e-05,7.5612e-05,-4.121409274337249,bot1
4,1.5,80,5,7.9696e-05,7.9696e-05,-4.098563475611692,bot1
4,1.6,80,5,8.363e-05,8.363e-05,-4.07763790321521,bot1
4,1.7,80,5,8.7414e-05,8.7414e-05,-4.058419006314884,bot1
4,1.8,80,5,9.1032e-05,9.1032e-05,-4.0408059155856035,bot1
4,1.9,80,5,9.4524e-05,9.4524e-05,-4.0244579084830585,bot1
4,2.0,80,5,9.7876e-05,9.7876e-05,-4.009323787720582,bot1
4,2.1,80,5,0.000101074,0.000101074,-3.9953605467702493,bot1
4,2.2,80,5,0.000104144,0.000104144,-3.982365745802192,bot1
4,2.3000000000000003,80,5,0.00010708,0.00010708,-3.970291637485105,bot1
4,2.4,80,5,0.000109874,0.000109874,-3.95910506455943,bot1
4,2.5,80,5,0.000112542,0.000112542,-3.948685371204011,bot1
4,2.6,80,5,0.00011508,0.00011508,-3.9390001467817117,bot1
4,2.7,80,5,0.0001175,0.0001175,-3.929962133392245,bot1
4,2.8000000000000003,80,5,0.00011976,0.00011976,-3.921688212665004,bot1
4,2.9,80,5,0.00012192,0.00012192,-3.9139250460044748,bot1
4,3.0,80,5,0.00012394,0.00012394,-3.90678850818634,bot1
4,3.1,80,5,0.00012586,0.00012586,-3.900112272588533,bot1
4,3.2,80,5,0.00012766,0.00012766,-3.8939451599062136,bot1
4,3.3000000000000003,80,5,0.00012934,0.00012934,-3.888267143388902,bot1
4,3.4,80,5,0.00013086,0.00013086,-3.8831930840376563,bot1
4,3.5,80,5,0.0001323,0.0001323,-3.8784401558124992,bot1
4,3.6,80,5,0.00013362,0.00013362,-3.874128532582318,bot1
4,3.7,80,5,0.00013482,0.00013482,-3.8702456771972273,bot1
4,3.8,80,5,0.00013594,0.00013594,-3.866652734413757,bot1
4,3.9,80,5,0.00013694,0.00013694,-3.8634696764687,bot1
4,4.0,80,5,0.00013784,0.00013784,-3.860624735560028,bot1
4,4.1,80,5,0.00013868,0.00013868,-3.857986167015641,bot1
4,4.2,80,5,0.00013944,0.00013944,-3.8556126258980634,bot1
4,4.3,80,5,0.00014012,0.00014012,-3.8534998713543454,bot1
4,4.4,80,5,0.00014076,0.00014076,-3.851520741836846,bot1
4,4.5,80,5,0.00014132,0.00014132,-3.849796371237192,bot1
4,4.6000000000000005,80,5,0.00014186,0.00014186,-3.848140044487488,bot1
4,4.7,80,5,0.00014238,0.00014238,-3.8465510113990176,bot1
4,4.8,80,5,0.00014284,0.00014284,-3.845150158479256,bot1
4,4.9,80,5,0.00014328,0.00014328,-3.843814427159025,bot1
4,5.0,80,5,0.0001437,0.0001437,-3.842543231865774,bot1
5,0.0,80,5,1.0612e-09,1.0612e-09,-8.974202758689708,bot1
5,0.1,80,5,8.8055e-06,8.8055e-06,-5.0552459785864565,bot1
5,0.2,80,5,1.7382e-05,1.7382e-05,-4.759900254412594,bot1
5,0.3,80,5,2.5718e-05,2.5718e-05,-4.589762808015954,bot1
5,0.4,80,5,3.385e-05,3.385e-05,-4.470441326978837,bot1
5,0.5,80,5,4.1782e-05,4.1782e-05,-4.379010775265837,bot1
5,0.6,80,5,4.9478e-05,4.9478e-05,-4.305587863742161,bot1
5,0.7,80,5,5.6994e-05,5.6994e-05,-4.244170861942362,bot1
5,0.8,80,5,6.4284e-05,6.4284e-05,-4.191897107579516,bot1
5,0.9,80,5,7.14e-05,7.14e-05,-4.146301788223826,bot1
5,1.0,80,5,7.8308e-05,7.8308e-05,-4.106193867847831,bot1
5,1.1,80,5,8.5036e-05,8.5036e-05,-4.070397176739515,bot1
5,1.2,80,5,9.1568e-05,9.1568e-05,-4.038256271435686,bot1
5,1.3,80,5,9.7926e-05,9.7926e-05,-4.009101984832285,bot1
5,1.4,80,5,0.00010412,0.00010412,-3.982465840562802,bot1
5,1.5,80,5,0.000110124,0.000110124,-3.958118022248034,bot1
5,1.6,80,5,0.00011598,0.00011598,-3.9356168955878035,bot1
5,1.7,80,5,0.00012164,0.00012164,-3.9149235885279055,bot1
5,1.8,80,5,0.0001271,0.0001271,-3.895854449445992,bot1
5,1.9,80,5,0.00013246,0.00013246,-3.877915249289131,bot1
5,2.0,80,5,0.00013762,0.00013762,-3.8613184464896264,bot1
5,2.1,80,5,0.00014264,0.00014264,-3.8457586698327018,bot1
5,2.2,80,5,0.00014754,0.00014754,-3.8310902208776394,bot1
5,2.3000000000000003,80,5,0.00015226,0.00015226,-3.8174141745427073,bot1
5,2.4,80,5,0.00015684,0.00015684,-3.8045431663718308,bot1
5,2.5,80,5,0.0001613,0.0001613,-3.7923656326110384,bot1
5,2.6,80,5,0.00016558,0.00016558,-3.7809921217431106,bot1
5,2.7,80,5,0.00016976,0.00016976,-3.7701646334427346,bot1
5,2.8000000000000003,80,5,0.00017374,0.00017374,-3.7601001828230323,bot1
5,2.9,80,5,0.00017762,0.00017762,-3.7505081342747353,bot1
5,3.0,80,5,0.00018132,0.00018132,-3.7415542896133496,bot1
5,3.1,80,5,0.00018492,0.00018492,-3.733016115233956,bot1
5,3.2,80,5,0.00018836,0.00018836,-3.725011318229315,bot1
5,3.3000000000000003,80,5,0.00019172,0.00019172,-3.71733257968025,bot1
5,3.4,80,5,0.00019494,0.00019494,-3.7100990382713737,bot1
5,3.5,80,5,0.00019796,0.00019796,-3.7034225548608815,bot1
5,3.6,80,5,0.0002009,0.0002009,-3.6970200632517507,bot1
5,3.7,80,5,0.00020372,0.00020372,-3.6909663324958593,bot1
5,3.8,80,5,0.00020638,0.00020638,-3.685332391882487,bot1
5,3.9,80,5,0.00020894,0.00020894,-3.6799784096304076,bot1
5,4.0,80,5,0.00021134,0.00021134,-3.6750182969126306,bot1
5,4.1,80,5,0.00021362,0.00021362,-3.6703580892697887,bot1
5,4.2,80,5,0.00021584,0.00021584,-3.665868067672171,bot1
5,4.3,80,5,0.00021786,0.00021786,-3.661822500703464,bot1
5,4.4,80,5,0.0002198,0.0002198,-3.6579723119125283,bot1
5,4.5,80,5,0.0002216,0.0002216,-3.654430243943608,bot1
5,4.6000000000000005,80,5,0.0002233,0.0002233,-3.651111276928562,bot1
5,4.7,80,5,0.00022488,0.00022488,-3.648049167400616,bot1
5,4.8,80,5,0.00022638,0.00022638,-3.645161944415361,bot1
5,4.9,80,5,0.00022778,0.00022778,-3.642484411384903,bot1
5,5.0,80,5,0.00022908,0.00022908,-3.6400128255587085,bot1
-5,0.0,80,10,5.0246e-12,5.0246e-12,-11.298898505988522,bot2
-5,0.1,80,10,1.6598e-12,1.6598e-12,-11.779944239748659,bot2
-5,0.2,80,10,2.0294e-12,2.0294e-12,-11.692632343961467,bot2
-5,0.3,80,10,2.517e-12,2.517e-12,-11.599116784451637,bot2
-5,0.4,80,10,2.9554e-12,2.9554e-12,-11.529383731014105,bot2
-5,0.5,80,10,3.3156e-12,3.3156e-12,-11.479437869035864,bot2
-5,0.6,80,10,3.5378e-12,3.5378e-12,-11.451266722401847,bot2
-5,0.7,80,10,3.8164e-12,3.8164e-12,-11.418346112823107,bot2
-5,0.8,80,10,4.1022e-12,4.1022e-12,-11.386983169716318,bot2
-5,0.9,80,10,4.1624e-12,4.1624e-12,-11.38065618711202,bot2
-5,1.0,80,10,4.3194e-12,4.3194e-12,-11.364576576052315,bot2
-5,1.1,80,10,-4.6464e-12,4.6464e-12,-11.33288340531602,bot2
-5,1.2,80,10,4.9058e-12,4.9058e-12,-11.309290161116769,bot2
-5,1.3,80,10,3.1366e-12,3.1366e-12,-11.503540861878957,bot2
-5,1.4,80,10,-3.782e-13,3.782e-13,-12.422278475490979,bot2
-5,1.5,80,10,3.208e-13,3.208e-13,-12.493765640387874,bot2
-5,1.6,80,10,9.292e-13,9.292e-13,-12.031890798871801,bot2
-5,1.7,80,10,1.4924e-12,1.4924e-12,-11.826114759631208,bot2
-5,1.8,80,10,1.966e-12,1.966e-12,-11.706416486503883,bot2
-5,1.9,80,10,2.4798e-12,2.4798e-12,-11.605583344334649,bot2
-5,2.0,80,10,2.9726e-12,2.9726e-12,-11.526863526543522,bot2
-5,2.1,80,10,3.329e-12,3.329e-12,-11.477686204843332,bot2
-5,2.2,80,10,3.6404e-12,3.6404e-12,-11.438850894304645,bot2
-5,2.3000000000000003,80,10,3.9464e-12,3.9464e-12,-11.403798897545915,bot2
-5,2.4,80,10,4.107e-12,4.107e-12,-11.386475297146347,bot2
-5,2.5,80,10,4.246e-12,4.246e-12,-11.37202001017002,bot2
-5,2.6,80,10,4.2452e-12,4.2452e-12,-11.372101844442337,bot2
-5,2.7,80,10,4.3628e-12,4.3628e-12,-11.360234695536501,bot2
-5,2.8000000000000003,80,10,-4.6896e-12,4.6896e-12,-11.32886419890564,bot2
-5,2.9,80,10,-4.4396e-12,4.4396e-12,-11.352656157276902,bot2
-5,3.0,80,10,2.5792e-12,2.5792e-12,-11.588514979875004,bot2
-5,3.1,80,10,3.406e-13,3.406e-13,-12.467755356373418,bot2
-5,3.2,80,10,1.0164e-12,1.0164e-12,-11.992935343621669,bot2
-5,3.3000000000000003,80,10,1.6854e-12,1.6854e-12,-11.773297010414778,bot2
-5,3.4,80,10,2.2596e-12,2.2596e-12,-11.64596843393571,bot2
-5,3.5,80,10,2.768e-12,2.768e-12,-11.55783391421528,bot2
-5,3.6,80,10,3.1288e-12,3.1288e-12,-11.504622197055925,bot2
-5,3.7,80,10,3.5282e-12,3.5282e-12,-11.452446804369446,bot2
-5,3.8,80,10,3.8008e-12,3.8008e-12,-11.42012498258885,bot2
-5,3.9,80,10,4.0702e-12,4.0702e-12,-11.390384250046935,bot2
-5,4.0,80,10,4.2486e-12,4.2486e-12,-11.371754155229656,bot2
-5,4.1,80,10,4.3616e-12,4.3616e-12,-11.36035416584542,bot2
-5,4.2,80,10,4.4098e-12,4.4098e-12,-11.355581106873665,bot2
-5,4.3,80,10,-4.4188e-12,4.4188e-12,-11.354695654663553,bot2
-5,4.4,80,10,5.2502e-12,5.2502e-12,-11.279824152357477,bot2
-5,4.5,80,10,3.37e-12,3.37e-12,-11.47237009912866,bot2
-5,4.6000000000000005,80,10,-6e-14,6e-14,-13.221848749616356,bot2
-5,4.7,80,10,5.768e-13,5.768e-13,-12.238974748288628,bot2
-5,4.8,80,10,1.236e-12,1.236e-12,-11.907981529247204,bot2
-5,4.9,80,10,1.7934e-12,1.7934e-12,-11.746322834577075,bot2
-5,5.0,80,10,2.3418e-12,2.3418e-12,-11.630450198335108,bot2
-4,0.0,80,10,-4.6158e-12,4.6158e-12,-11.33575301717861,bot2
-4,0.1,80,10,4.8278e-12,4.8278e-12,-11.316250729605239,bot2
-4,0.2,80,10,4.2688e-12,4.2688e-12,-11.369694192099564,bot2
-4,0.3,80,10,-2.136e-12,2.136e-12,-11.67039875164348,bot2
-4,0.4,80,10,-1.3826e-12,1.3826e-12,-11.859303447453586,bot2
-4,0.5,80,10,-6.39e-13,6.39e-13,-12.1944991418416,bot2
-4,0.6,80,10,7.06e-14,7.06e-14,-13.151195298948196,bot2
-4,0.7,80,10,1.1522e-12,1.1522e-12,-11.938472129109492,bot2
-4,0.8,80,10,1.983e-12,1.983e-12,-11.702677285794698,bot2
-4,0.9,80,10,2.5762e-12,2.5762e-12,-11.589020424105431,bot2
-4,1.0,80,10,3.1288e-12,3.1288e-12,-11.504622197055925,bot2
-4,1.1,80,10,3.491e-12,3.491e-12,-11.457050151185822,bot2
-4,1.2,80,10,3.7598e-12,3.7598e-12,-11.424835256457056,bot2
-4,1.3,80,10,3.8804e-12,3.8804e-12,-11.4111235040865,bot2
-4,1.4,80,10,4.0614e-12,4.0614e-12,-11.391324235519098,bot2
-4,1.5,80,10,4.2192e-12,4.2192e-12,-11.374769887550642,bot2
-4,1.6,80,10,-4.626e-12,4.626e-12,-11.3347943715654,bot2
-4,1.7,80,10,4.965e-12,4.965e-12,-11.3040807471686,bot2
-4,1.8,80,10,3.24e-12,3.24e-12,-11.489454989793387,bot2
-4,1.9,80,10,-4.838e-13,4.838e-13,-12.315334135974139,bot2
-4,2.0,80,10,1.896e-13,1.896e-13,-12.722161666997952,bot2
-4,2.1,80,10,9.22e-13,9.22e-13,-12.03526907894637,bot2
-4,2.2,80,10,1.493e-12,1.493e-12,-11.825940192274974,bot2
-4,2.3000000000000003,80,10,2.009e-12,2.009e-12,-11.69702006325175,bot2
-4,2.4,80,10,2.5884e-12,2.5884e-12,-11.58696860884983,bot2
-4,2.5,80,10,3.048e-12,3.048e-12,-11.515985037332436,bot2
-4,2.6,80,10,3.5114e-12,3.5114e-12,-11.45451969520059,bot2
-4,2.7,80,10,3.7892e-12,3.7892e-12,-11.421452471366848,bot2
-4,2.8000000000000003,80,10,4.0176e-12,4.0176e-12,-11.396033304631153,bot2
-4,2.9,80,10,4.145e-12,4.145e-12,-11.382475465113707,bot2
-4,3.0,80,10,4.2416e-12,4.2416e-12,-11.372470289610982,bot2
-4,3.1,80,10,-4.7146e-12,4.7146e-12,-11.326555148135965,bot2
-4,3.2,80,10,-4.4816e-12,4.4816e-12,-11.348566908520507,bot2
-4,3.3000000000000003,80,10,2.4804e-12,2.4804e-12,-11.605478277325087,bot2
-4,3.4,80,10,4.802e-13,4.802e-13,-12.318577844278991,bot2
-4,3.5,80,10,1.28e-12,1.28e-12,-11.892790030352131,bot2
-4,3.6,80,10,1.8304e-12,1.8304e-12,-11.73745399288707,bot2
-4,3.7,80,10,2.2634e-12,2.2634e-12,-11.645238688448412,bot2
-4,3.8,80,10,2.821e-12,2.821e-12,-11.549596913844633,bot2
-4,3.9,80,10,3.2038e-12,3.2038e-12,-11.49433460295217,bot2
-4,4.0,80,10,3.6336e-12,3.6336e-12,-11.43966288312434,bot2
-4,4.1,80,10,3.8556e-12,3.8556e-12,-11.413908028400858,bot2
-4,4.2,80,10,4.0452e-12,4.0452e-12,-11.393060001431403,bot2
-4,4.3,80,10,4.1444e-12,4.1444e-12,-11.38253833496909,bot2
-4,4.4,80,10,4.2084e-12,4.2084e-12,-11.375882988070872,bot2
-4,4.5,80,10,-4.6842e-12,4.6842e-12,-11.329364570251668,bot2
-4,4.6000000000000005,80,10,-4.5e-12,4.5e-12,-11.346787486224656,bot2
-4,4.7,80,10,2.7048e-12,2.7048e-12,-11.567864842242287,bot2
-4,4.8,80,10,4.546e-13,4.546e-13,-12.342370568611049,bot2
-4,4.9,80,10,1.2816e-12,1.2816e-12,-11.892247501259838,bot2
-4,5.0,80,10,1.9644e-12,1.9644e-12,-11.706770074540433,bot2
-3,0.0,80,10,-4.7936e-12,4.7936e-12,-11.319338208316646,bot2
-3,0.1,80,10,-3.143e-12,3.143e-12,-11.50265561898242,bot2
-3,0.2,80,10,1.568e-13,1.568e-13,-12.80465394165158,bot2
-3,0.3,80,10,-5.458e-13,5.458e-13,-12.262966468666122,bot2
-3,0.4,80,10,-1.2358e-12,1.2358e-12,-11.90805180912144,bot2
-3,0.5,80,10,-1.7164e-12,1.7164e-12,-11.765381494139366,bot2
-3,0.6,80,10,-2.3948e-12,2.3948e-12,-11.620730750526352,bot2
-3,0.7,80,10,-2.8496e-12,2.8496e-12,-11.545216097880832,bot2
-3,0.8,80,10,-3.2952e-12,3.2952e-12,-11.482118221051639,bot2
-3,0.9,80,10,-3.626e-12,3.626e-12,-11.44057220024051,bot2
-3,1.0,80,10,-3.8564e-12,3.8564e-12,-11.413817925810928,bot2
-3,1.1,80,10,-4.0244e-12,4.0244e-12,-11.395298859671998,bot2
-3,1.2,80,10,-4.1002e-12,4.1002e-12,-11.38719495870028,bot2
-3,1.3,80,10,-4.147e-12,4.147e-12,-11.382265964635982,bot2
-3,1.4,80,10,-4.2568e-12,4.2568e-12,-11.370916754083334,bot2
-3,1.5,80,10,4.7062e-12,4.7062e-12,-11.327329620498135,bot2
-3,1.6,80,10,-4.9648e-12,4.9648e-12,-11.30409824175991,bot2
-3,1.7,80,10,-2.7746e-12,2.7746e-12,-11.556799618059923,bot2
-3,1.8,80,10,-4.54e-14,4.54e-14,-13.342944147142896,bot2
-3,1.9,80,10,-6.548e-13,6.548e-13,-12.183891329260096,bot2
-3,2.0,80,10,-1.394e-12,1.394e-12,-11.85573722623801,bot2
-3,2.1,80,10,-1.9358e-12,1.9358e-12,-11.713139514477627,bot2
-3,2.2,80,10,-2.3458e-12,2.3458e-12,-11.629709018051273,bot2
-3,2.3000000000000003,80,10,-2.8042e-12,2.8042e-12,-11.552191015028185,bot2
-3,2.4,80,10,-3.1708e-12,3.1708e-12,-11.498831150478638,bot2
-3,2.5,80,10,-3.4688e-12,3.4688e-12,-11.459820739477726,bot2
-3,2.6,80,10,-3.6798e-12,3.6798e-12,-11.434175784928863,bot2
-3,2.7,80,10,-3.8224e-12,3.8224e-12,-11.417663867594197,bot2
-3,2.8000000000000003,80,10,-3.9462e-12,3.9462e-12,-11.4038209077571,bot2
-3,2.9,80,10,-4.0734e-12,4.0734e-12,-11.390042940941965,bot2
-3,3.0,80,10,-4.197e-12,4.197e-12,-11.37706103078851,bot2
-3,3.1,80,10,-4.33e-12,4.33e-12,-11.363512103646634,bot2
-3,3.2,80,10,4.7664e-12,4.7664e-12,-11.321809514129031,bot2
-3,3.3000000000000003,80,10,4.4204e-12,4.4204e-12,-11.354538429761156,bot2
-3,3.4,80,10,-2.5776e-12,2.5776e-12,-11.588784476924857,bot2
-3,3.5,80,10,-1.33e-13,1.33e-13,-12.876148359032914,bot2
-3,3.6,80,10,-8.225999999999999e-13,8.225999999999999e-13,-12.084811294826844,bot2
-3,3.7,80,10,-1.3488e-12,1.3488e-12,-11.870052442719333,bot2
-3,3.8,80,10,-1.7038e-12,1.7038e-12,-11.768581386091697,bot2
-3,3.9,80,10,-2.2182e-12,2.2182e-12,-11.65399929904325,bot2
-3,4.0,80,10,-2.7842e-12,2.7842e-12,-11.555299570865857,bot2
-3,4.1,80,10,-3.0946e-12,3.0946e-12,-11.50939547879877,bot2
-3,4.2,80,10,-3.3868e-12,3.3868e-12,-11.470210448900383,bot2
-3,4.3,80,10,-3.5996e-12,3.5996e-12,-11.443745756856176,bot2
-3,4.4,80,10,-3.8296e-12,3.8296e-12,-11.416846585526107,bot2
-3,4.5,80,10,-3.9002e-12,3.9002e-12,-11.408913122032653,bot2
-3,4.6000000000000005,80,10,-4.0976e-12,4.0976e-12,-11.387470438875646,bot2
-3,4.7,80,10,-4.2208e-12,4.2208e-12,-11.37460522613373,bot2
-3,4.8,80,10,-4.299e-12,4.299e-12,-11.366632554882994,bot2
-3,4.9,80,10,4.6888e-12,4.6888e-12,-11.328938291626438,bot2
-3,5.0,80,10,-4.9292e-12,4.9292e-12,-11.30722356019094,bot2
-2,0.0,80,10,2.8196e-12,2.8196e-12,-11.549812498104163,bot2
-2,0.1,80,10,3.6656e-12,3.6656e-12,-11.435854928154678,bot2
-2,0.2,80,10,3.9036e-12,3.9036e-12,-11.408534690670521,bot2
-2,0.3,80,10,4.0528e-12,4.0528e-12,-11.392244827553528,bot2
-2,0.4,80,10,4.199e-12,4.199e-12,-11.37685412536206,bot2
-2,0.5,80,10,4.3098e-12,4.3098e-12,-11.365542883183057,bot2
-2,0.6,80,10,-4.7668e-12,4.7668e-12,-11.321773069327104,bot2
-2,0.7,80,10,-4.5398e-12,4.5398e-12,-11.342963279479818,bot2
-2,0.8,80,10,2.8026e-12,2.8026e-12,-11.552438882328573,bot2
-2,0.9,80,10,-6.68e-14,6.68e-14,-13.175223537524454,bot2
-2,1.0,80,10,4.734e-13,4.734e-13,-12.324771746406936,bot2
-2,1.1,80,10,1.1312e-12,1.1312e-12,-11.946460603547175,bot2
-2,1.2,80,10,1.5762e-12,1.5762e-12,-11.802388676830287,bot2
-2,1.3,80,10,2.0396e-12,2.0396e-12,-11.690454996704563,bot2
-2,1.4,80,10,2.2488e-12,2.2488e-12,-11.648049167400616,bot2
-2,1.5,80,10,2.812e-12,2.812e-12,-11.550984683652214,bot2
-2,1.6,80,10,3.0666e-12,3.0666e-12,-11.51334286866112,bot2
-2,1.7,80,10,3.386e-12,3.386e-12,-11.470313046227083,bot2
-2,1.8,80,10,3.6308e-12,3.6308e-12,-11.439997673226634,bot2
-2,1.9,80,10,3.7622e-12,3.7622e-12,-11.424558120910145,bot2
-2,2.0,80,10,3.9312e-12,3.9312e-12,-11.405474860863995,bot2
-2,2.1,80,10,4.031e-12,4.031e-12,-11.39458720184695,bot2
-2,2.2,80,10,4.0664e-12,4.0664e-12,-11.390789903305352,bot2
-2,2.3000000000000003,80,10,4.202e-12,4.202e-12,-11.376543951930067,bot2
-2,2.4,80,10,4.3194e-12,4.3194e-12,-11.364576576052315,bot2
-2,2.5,80,10,-4.7798e-12,4.7798e-12,-11.32059027508528,bot2
-2,2.6,80,10,-4.486e-12,4.486e-12,-11.348140730753052,bot2
-2,2.7,80,10,2.8424e-12,2.8424e-12,-11.546314805518728,bot2
-2,2.8000000000000003,80,10,-1.648e-13,1.648e-13,-12.783042792638904,bot2
-2,2.9,80,10,3.108e-13,3.108e-13,-12.507518989871123,bot2
-2,3.0,80,10,8.912e-13,8.912e-13,-12.050024822170347,bot2
-2,3.1,80,10,1.4216e-12,1.4216e-12,-11.847222585202754,bot2
-2,3.2,80,10,1.9966e-12,1.9966e-12,-11.699708933222919,bot2
-2,3.3000000000000003,80,10,2.5558e-12,2.5558e-12,-11.592473134197046,bot2
-2,3.4,80,10,3.0828e-12,3.0828e-12,-11.511054649686029,bot2
-2,3.5,80,10,3.398e-12,3.398e-12,-11.468776625466973,bot2
-2,3.6,80,10,3.6446e-12,3.6446e-12,-11.438350129163647,bot2
-2,3.7,80,10,3.8198e-12,3.8198e-12,-11.417959375614535,bot2
-2,3.8,80,10,3.9842e-12,3.9842e-12,-11.399658868863735,bot2
-2,3.9,80,10,4.1098e-12,4.1098e-12,-11.386179312189576,bot2
-2,4.0,80,10,4.2432e-12,4.2432e-12,-11.372306497611339,bot2
-2,4.1,80,10,4.3892e-12,4.3892e-12,-11.357614629472314,bot2
-2,4.2,80,10,-4.7282e-12,4.7282e-12,-11.325304161344373,bot2
-2,4.3,80,10,-4.38e-12,4.38e-12,-11.358525889495901,bot2
-2,4.4,80,10,2.681e-12,2.681e-12,-11.571703186017121,bot2
-2,4.5,80,10,2.654e-13,2.654e-13,-12.576099081471583,bot2
-2,4.6000000000000005,80,10,9.378e-13,9.378e-13,-12.02788977159717,bot2
-2,4.7,80,10,1.553e-12,1.553e-12,-11.808828544271442,bot2
-2,4.8,80,10,2.1808e-12,2.1808e-12,-11.661384161509401,bot2
-2,4.9,80,10,2.673e-12,2.673e-12,-11.573001041243463,bot2
-2,5.0,80,10,3.1508e-12,3.1508e-12,-11.501579163202722,bot2
-1,0.0,80,10,-4.903e-12,4.903e-12,-11.309538106753822,bot2
-1,0.1,80,10,-2.1934e-12,2.1934e-12,-11.658882160866138,bot2
-1,0.2,80,10,-1.4164e-12,1.4164e-12,-11.848814081913927,bot2
-1,0.3,80,10,-6.634e-13,6.634e-13,-12.178224532816536,bot2
-1,0.4,80,10,1.08e-14,1.08e-14,-13.96657624451305,bot2
-1,0.5,80,10,6.266e-13,6.266e-13,-12.203009609454314,bot2
-1,0.6,80,10,1.3064e-12,1.3064e-12,-11.883923828271389,bot2
-1,0.7,80,10,1.8778e-12,1.8778e-12,-11.726350665276396,bot2
-1,0.8,80,10,2.329e-12,2.329e-12,-11.63283051146532,bot2
-1,0.9,80,10,2.8332e-12,2.8332e-12,-11.547722766873648,bot2
-1,1.0,80,10,3.2416e-12,3.2416e-12,-11.489240576319814,bot2
-1,1.1,80,10,3.6152e-12,3.6152e-12,-11.441867671676855,bot2
-1,1.2,80,10,3.788e-12,3.788e-12,-11.421590029668764,bot2
-1,1.3,80,10,4.0102e-12,4.0102e-12,-11.3968339673473,bot2
-1,1.4,80,10,4.1152e-12,4.1152e-12,-11.38560905309189,bot2
-1,1.5,80,10,4.207e-12,4.207e-12,-11.376027487983004,bot2
-1,1.6,80,10,-4.6838e-12,4.6838e-12,-11.32940165773947,bot2
-1,1.7,80,10,-4.4508e-12,4.4508e-12,-11.351561920623764,bot2
-1,1.8,80,10,2.6638e-12,2.6638e-12,-11.57449838541653,bot2
-1,1.9,80,10,3.752e-13,3.752e-13,-12.425737170292972,bot2
-1,2.0,80,10,1.1082e-12,1.1082e-12,-11.955381854176116,bot2
-1,2.1,80,10,1.627e-12,1.627e-12,-11.78861244706314,bot2
-1,2.2,80,10,2.1132e-12,2.1132e-12,-11.675059397985098,bot2
-1,2.3000000000000003,80,10,2.6736e-12,2.6736e-12,-11.572903567450684,bot2
-1,2.4,80,10,3.0388e-12,3.0388e-12,-11.517297882267753,bot2
-1,2.5,80,10,3.3452e-12,3.3452e-12,-11.475577911887248,bot2
-1,2.6,80,10,3.6642e-12,3.6642e-12,-11.43602082962049,bot2
-1,2.7,80,10,3.9722e-12,3.9722e-12,-11.400968892928502,bot2
-1,2.8000000000000003,80,10,4.1118e-12,4.1118e-12,-11.385968017798962,bot2
-1,2.9,80,10,4.1452e-12,4.1452e-12,-11.382454510517583,bot2
-1,3.0,80,10,4.2658e-12,4.2658e-12,-11.369999510099088,bot2
-1,3.1,80,10,-4.688e-12,4.688e-12,-11.329012396989965,bot2
-1,3.2,80,10,4.9178e-12,4.9178e-12,-11.308229137383103,bot2
-1,3.3000000000000003,80,10,2.9308e-12,2.9308e-12,-11.533013817133032,bot2
-1,3.4,80,10,-4e-15,4e-15,-14.397940008672037,bot2
-1,3.5,80,10,9.028e-13,9.028e-13,-12.044408449594275,bot2
-1,3.6,80,10,1.5814e-12,1.5814e-12,-11.800958265538517,bot2
-1,3.7,80,10,2.2206e-12,2.2206e-12,-11.653529664521244,bot2
-1,3.8,80,10,2.7198e-12,2.7198e-12,-11.565463030557668,bot2
-1,3.9,80,10,3.2296e-12,3.2296e-12,-11.490851263597742,bot2
-1,4.0,80,10,3.6152e-12,3.6152e-12,-11.441867671676855,bot2
-1,4.1,80,10,3.8952e-12,3.8952e-12,-11.409470238462163,bot2
-1,4.2,80,10,4.1322e-12,4.1322e-12,-11.383818666631036,bot2
-1,4.3,80,10,4.2518e-12,4.2518e-12,-11.371427172403497,bot2
-1,4.4,80,10,4.282e-12,4.282e-12,-11.368353337041581,bot2
-1,4.5,80,10,-4.7022e-12,4.7022e-12,-11.327698902848434,bot2
-1,4.6000000000000005,80,10,-4.4248e-12,4.4248e-12,-11.35410635453889,bot2
-1,4.7,80,10,2.6774e-12,2.6774e-12,-11.572286740947728,bot2
-1,4.8,80,10,4.078e-13,4.078e-13,-12.38955277855788,bot2
-1,4.9,80,10,1.0744e-12,1.0744e-12,-11.96883400033934,bot2
-1,5.0,80,10,1.9948e-12,1.9948e-12,-11.700100640453675,bot2
0,0.0,80,10,-4.5282e-12,4.5282e-12,-11.344074399624958,bot2
0,0.1,80,10,4.778e-12,4.778e-12,-11.32075385458614,bot2
0,0.2,80,10,4.2388e-12,4.2388e-12,-11.372757074336588,bot2
0,0.3,80,10,-2.0588e-12,2.0588e-12,-11.686385840421869,bot2
0,0.4,80,10,-1.1066e-12,1.1066e-12,-11.956009334121866,bot2
0,0.5,80,10,-2.02e-13,2.02e-13,-12.694648630553376,bot2
0,0.6,80,10,4.364e-13,4.364e-13,-12.360115258083695,bot2
0,0.7,80,10,1.2702e-12,1.2702e-12,-11.896127891596944,bot2
0,0.8,80,10,1.8156e-12,1.8156e-12,-11.74097982592919,bot2
0,0.9,80,10,2.3058e-12,2.3058e-12,-11.637178365152007,bot2
0,1.0,80,10,2.8348e-12,2.8348e-12,-11.547477575910522,bot2
0,1.1,80,10,3.2628e-12,3.2628e-12,-11.486409546364875,bot2
0,1.2,80,10,3.6082e-12,3.6082e-12,-11.442709397823812,bot2
0,1.3,80,10,3.8014e-12,3.8014e-12,-11.420056429620058,bot2
0,1.4,80,10,3.9942e-12,3.9942e-12,-11.398570192664685,bot2
0,1.5,80,10,4.0904e-12,4.0904e-12,-11.38823422028152,bot2
0,1.6,80,10,4.2294e-12,4.2294e-12,-11.373721239048482,bot2
0,1.7,80,10,-4.6164e-12,4.6164e-12,-11.33569656764556,bot2
0,1.8,80,10,4.9882e-12,4.9882e-12,-11.302056141970747,bot2
0,1.9,80,10,2.9916e-12,2.9916e-12,-11.524096475448601,bot2
0,2.0,80,10,-2.22e-13,2.22e-13,-12.653647025549361,bot2
0,2.1,80,10,3.718e-13,3.718e-13,-12.42969061456412,bot2
0,2.2,80,10,1.0184e-12,1.0184e-12,-11.9920816093544,bot2
0,2.3000000000000003,80,10,1.522e-12,1.522e-12,-11.817585347565446,bot2
0,2.4,80,10,2.1238e-12,2.1238e-12,-11.672886383535031,bot2
0,2.5,80,10,2.6798e-12,2.6798e-12,-11.571897617216564,bot2
0,2.6,80,10,3.1702e-12,3.1702e-12,-11.498913338363804,bot2
0,2.7,80,10,3.5024e-12,3.5024e-12,-11.455634255776143,bot2
0,2.8000000000000003,80,10,3.8424e-12,3.8424e-12,-11.415397426369093,bot2
0,2.9,80,10,3.9962e-12,3.9962e-12,-11.398352784529436,bot2
0,3.0,80,10,4.1196e-12,4.1196e-12,-11.385144950526625,bot2
0,3.1,80,10,4.1502e-12,4.1502e-12,-11.381930973937676,bot2
0,3.2,80,10,4.2962e-12,4.2962e-12,-11.366915509227823,bot2
0,3.3000000000000003,80,10,-4.7112e-12,4.7112e-12,-11.326868458688388,bot2
0,3.4,80,10,4.9386e-12,4.9386e-12,-11.306396147927877,bot2
0,3.5,80,10,2.7378e-12,2.7378e-12,-11.562598280843696,bot2
0,3.6,80,10,1.29e-13,1.29e-13,-12.88941028970075,bot2
0,3.7,80,10,7.89e-13,7.89e-13,-12.10292299679058,bot2
0,3.8,80,10,1.5044e-12,1.5044e-12,-11.822636675249639,bot2
0,3.9,80,10,2.0886e-12,2.0886e-12,-11.680144726332069,bot2
0,4.0,80,10,2.5958e-12,2.5958e-12,-11.585728771903419,bot2
0,4.1,80,10,3.059e-12,3.059e-12,-11.514420523015321,bot2
0,4.2,80,10,3.4564e-12,3.4564e-12,-11.461376003536772,bot2
0,4.3,80,10,3.806e-12,3.806e-12,-11.419531216048998,bot2
0,4.4,80,10,4.0034e-12,4.0034e-12,-11.397571015162454,bot2
0,4.5,80,10,4.0548e-12,4.0548e-12,-11.392030562177478,bot2
0,4.6000000000000005,80,10,4.1988e-12,4.1988e-12,-11.376874811469468,bot2
0,4.7,80,10,4.2516e-12,4.2516e-12,-11.371447601619199,bot2
0,4.8,80,10,-4.7246e-12,4.7246e-12,-11.325634954381451,bot2
0,4.9,80,10,-4.4668e-12,4.4668e-12,-11.350003492533958,bot2
0,5.0,80,10,2.524e-12,2.524e-12,-11.597910649427904,bot2
1,0.0,80,10,2.36454e-11,2.36454e-11,-10.626253334796223,bot2
1,0.1,80,10,6.34808e-08,6.34808e-08,-7.197357608801306,bot2
1,0.2,80,10,1.01199e-07,1.01199e-07,-6.994823778964872,bot2
1,0.3,80,10,1.2234e-07,1.2234e-07,-6.912431523838216,bot2
1,0.4,80,10,1.327e-07,1.327e-07,-6.877129077135565,bot2
1,0.5,80,10,1.3756e-07,1.3756e-07,-6.861507832850024,bot2
1,0.6,80,10,1.3956e-07,1.3956e-07,-6.855239039223926,bot2
1,0.7,80,10,1.4036e-07,1.4036e-07,-6.852756640456631,bot2
1,0.8,80,10,1.4068e-07,1.4068e-07,-6.851767640355095,bot2
1,0.9,80,10,1.4082e-07,1.4082e-07,-6.851335660017764,bot2
1,1.0,80,10,1.4074e-07,1.4074e-07,-6.851582453308623,bot2
1,1.1,80,10,1.4072e-07,1.4072e-07,-6.8516441735505955,bot2
1,1.2,80,10,1.4064e-07,1.4064e-07,-6.851891142270303,bot2
1,1.3,80,10,1.4064e-07,1.4064e-07,-6.851891142270303,bot2
1,1.4,80,10,1.4066e-07,1.4066e-07,-6.851829386922613,bot2
1,1.5,80,10,1.4058e-07,1.4058e-07,-6.852076461019394,bot2
1,1.6,80,10,1.4066e-07,1.4066e-07,-6.851829386922613,bot2
1,1.7,80,10,1.4052e-07,1.4052e-07,-6.852261858880012,bot2
1,1.8,80,10,1.4044e-07,1.4044e-07,-6.852509179206686,bot2
1,1.9,80,10,1.4042e-07,1.4042e-07,-6.852571031301344,bot2
1,2.0,80,10,1.4046e-07,1.4046e-07,-6.852447335919732,bot2
1,2.1,80,10,1.4044e-07,1.4044e-07,-6.852509179206686,bot2
1,2.2,80,10,1.4018e-07,1.4018e-07,-6.853313944352474,bot2
1,2.3000000000000003,80,10,1.4028e-07,1.4028e-07,-6.853004242790535,bot2
1,2.4,80,10,1.4006e-07,1.4006e-07,-6.853685877988028,bot2
1,2.5,80,10,1.4026e-07,1.4026e-07,-6.8530661654372365,bot2
1,2.6,80,10,1.4004e-07,1.4004e-07,-6.853747897907005,bot2
1,2.7,80,10,1.4004e-07,1.4004e-07,-6.853747897907005,bot2
1,2.8000000000000003,80,10,1.3996e-07,1.3996e-07,-6.853996066189131,bot2
1,2.9,80,10,1.3988e-07,1.3988e-07,-6.854244376362793,bot2
1,3.0,80,10,1.3922e-07,1.3922e-07,-6.856298370575231,bot2
1,3.1,80,10,1.3984e-07,1.3984e-07,-6.854368584709672,bot2
1,3.2,80,10,1.3976e-07,1.3976e-07,-6.854617108025125,bot2
1,3.3000000000000003,80,10,1.396e-07,1.396e-07,-6.855114581712858,bot2
1,3.4,80,10,1.3962e-07,1.3962e-07,-6.855052366329627,bot2
1,3.5,80,10,1.3968e-07,1.3968e-07,-6.8548657736385055,bot2
1,3.6,80,10,1.3942e-07,1.3942e-07,-6.855674921599512,bot2
1,3.7,80,10,1.393e-07,1.393e-07,-6.856048883576037,bot2
1,3.8,80,10,1.3936e-07,1.3936e-07,-6.855861862336412,bot2
1,3.9,80,10,1.3928e-07,1.3928e-07,-6.8561112418907255,bot2
1,4.0,80,10,1.3924e-07,1.3924e-07,-6.856235985387749,bot2
1,4.1,80,10,1.3908e-07,1.3908e-07,-6.856735317988779,bot2
1,4.2,80,10,1.39e-07,1.39e-07,-6.856985199745905,bot2
1,4.3,80,10,1.39e-07,1.39e-07,-6.856985199745905,bot2
1,4.4,80,10,1.3888e-07,1.3888e-07,-6.857360292167583,bot2
1,4.5,80,10,1.388e-07,1.388e-07,-6.8576105338811635,bot2
1,4.6000000000000005,80,10,1.3874e-07,1.3874e-07,-6.857798309836487,bot2
1,4.7,80,10,1.3868e-07,1.3868e-07,-6.857986167015641,bot2
1,4.8,80,10,1.386e-07,1.386e-07,-6.858236769724212,bot2
1,4.9,80,10,1.3862e-07,1.3862e-07,-6.858174105488925,bot2
1,5.0,80,10,1.386e-07,1.386e-07,-6.858236769724212,bot2
2,0.0,80,10,1.83e-10,1.83e-10,-9.73754891026957,bot2
2,0.1,80,10,5.9432e-07,5.9432e-07,-6.225979654659361,bot2
2,0.2,80,10,1.1222e-06,1.1222e-06,-5.949929735632562,bot2
2,0.3,80,10,1.5796e-06,1.5796e-06,-5.801452874935493,bot2
2,0.4,80,10,1.9784000000000004e-06,1.9784000000000004e-06,-5.703685896646759,bot2
2,0.5,80,10,2.3238e-06,2.3238e-06,-5.633801252630273,bot2
2,0.6,80,10,2.6164e-06,2.6164e-06,-5.582295859540072,bot2
2,0.7,80,10,2.8633e-06,2.8633e-06,-5.543133146732539,bot2
2,0.8,80,10,3.0669e-06,3.0669e-06,-5.513300384485795,bot2
2,0.9,80,10,3.2335000000000005e-06,3.2335000000000005e-06,-5.490327134716864,bot2
2,1.0,80,10,3.3669000000000003e-06,3.3669000000000003e-06,-5.47276978236247,bot2
2,1.1,80,10,3.4698e-06,3.4698e-06,-5.459695557312762,bot2
2,1.2,80,10,3.5499000000000005e-06,3.5499000000000005e-06,-5.449783880764592,bot2
2,1.3,80,10,3.6076e-06,3.6076e-06,-5.442781621746244,bot2
2,1.4,80,10,3.6491e-06,3.6491e-06,-5.437814235058724,bot2
2,1.5,80,10,3.6767e-06,3.6767e-06,-5.434541804904012,bot2
2,1.6,80,10,3.6946e-06,3.6946e-06,-5.432432574101712,bot2
2,1.7,80,10,3.7064e-06,3.7064e-06,-5.431047712804901,bot2
2,1.8,80,10,3.713500000000001e-06,3.713500000000001e-06,-5.4302165717483835,bot2
2,1.9,80,10,3.718300000000001e-06,3.718300000000001e-06,-5.429655573389169,bot2
2,2.0,80,10,3.7211e-06,3.7211e-06,-5.429328658689934,bot2
2,2.1,80,10,3.7219e-06,3.7219e-06,-5.429235299671564,bot2
2,2.2,80,10,3.7238e-06,3.7238e-06,-5.429013652403067,bot2
2,2.3000000000000003,80,10,3.723900000000001e-06,3.723900000000001e-06,-5.429001989890293,bot2
2,2.4,80,10,3.724300000000001e-06,3.724300000000001e-06,-5.428955342970788,bot2
2,2.5,80,10,3.7228e-06,3.7228e-06,-5.4291302947591795,bot2
2,2.6,80,10,3.7248e-06,3.7248e-06,-5.428897041366224,bot2
2,2.7,80,10,3.7254e-06,3.7254e-06,-5.428827089770373,bot2
2,2.8000000000000003,80,10,3.725e-06,3.725e-06,-5.4288737229156885,bot2
2,2.9,80,10,3.725500000000001e-06,3.725500000000001e-06,-5.428815432266395,bot2
2,3.0,80,10,3.725500000000001e-06,3.725500000000001e-06,-5.428815432266395,bot2
2,3.1,80,10,3.7258e-06,3.7258e-06,-5.428780461631837,bot2
2,3.2,80,10,3.7262e-06,3.7262e-06,-5.4287338384990065,bot2
2,3.3000000000000003,80,10,3.7252e-06,3.7252e-06,-5.4288504057171165,bot2
2,3.4,80,10,3.7263e-06,3.7263e-06,-5.428722183497814,bot2
2,3.5,80,10,3.7258e-06,3.7258e-06,-5.428780461631837,bot2
2,3.6,80,10,3.725300000000001e-06,3.725300000000001e-06,-5.428838747587275,bot2
2,3.7,80,10,3.7252e-06,3.7252e-06,-5.4288504057171165,bot2
2,3.8,80,10,3.7252e-06,3.7252e-06,-5.4288504057171165,bot2
2,3.9,80,10,3.7254e-06,3.7254e-06,-5.428827089770373,bot2
2,4.0,80,10,3.725100000000001e-06,3.725100000000001e-06,-5.428862064159915,bot2
2,4.1,80,10,3.7252e-06,3.7252e-06,-5.4288504057171165,bot2
2,4.2,80,10,3.724300000000001e-06,3.724300000000001e-06,-5.428955342970788,bot2
2,4.3,80,10,3.724900000000001e-06,3.724900000000001e-06,-5.428885381984452,bot2
2,4.4,80,10,3.724500000000001e-06,3.724500000000001e-06,-5.4289320213897545,bot2
2,4.5,80,10,3.7235e-06,3.7235e-06,-5.429048641820612,bot2
2,4.6000000000000005,80,10,3.7232e-06,3.7232e-06,-5.429083634057346,bot2
2,4.7,80,10,3.7228e-06,3.7228e-06,-5.4291302947591795,bot2
2,4.8,80,10,3.722600000000001e-06,3.722600000000001e-06,-5.429153626990195,bot2
2,4.9,80,10,3.722600000000001e-06,3.722600000000001e-06,-5.429153626990195,bot2
2,5.0,80,10,3.7219e-06,3.7219e-06,-5.429235299671564,bot2
3,0.0,80,10,5.1003e-10,5.1003e-10,-9.292404277919179,bot2
3,0.1,80,10,1.3492e-06,1.3492e-06,-5.869923667482836,bot2
3,0.2,80,10,2.6121000000000004e-06,2.6121000000000004e-06,-5.583010200820828,bot2
3,0.3,80,10,3.7911e-06,3.7911e-06,-5.421234759790025,bot2
3,0.4,80,10,4.8895e-06,4.8895e-06,-5.310735549535543,bot2
3,0.5,80,10,5.909100000000001e-06,5.909100000000001e-06,-5.228478660370526,bot2
3,0.6,80,10,6.851700000000001e-06,6.851700000000001e-06,-5.164201660767364,bot2
3,0.7,80,10,7.7208e-06,7.7208e-06,-5.112337697386424,bot2
3,0.8,80,10,8.516200000000002e-06,8.516200000000002e-06,-5.069754147858839,bot2
3,0.9,80,10,9.2457e-06,9.2457e-06,-5.034060202446533,bot2
3,1.0,80,10,9.9061e-06,9.9061e-06,-5.004097292219807,bot2
3,1.1,80,10,1.0505e-05,1.0505e-05,-4.978603943258029,bot2
3,1.2,80,10,1.1041000000000002e-05,1.1041000000000002e-05,-4.956991590120048,bot2
3,1.3,80,10,1.1518e-05,1.1518e-05,-4.938622925806112,bot2
3,1.4,80,10,1.194e-05,1.194e-05,-4.92299567320665,bot2
3,1.5,80,10,1.231e-05,1.231e-05,-4.909741947068683,bot2
3,1.6,80,10,1.2642e-05,1.2642e-05,-4.898184214008256,bot2
3,1.7,80,10,1.293e-05,1.293e-05,-4.888401475119606,bot2
3,1.8,80,10,1.3178e-05,1.3178e-05,-4.880150496788483,bot2
3,1.9,80,10,1.339e-05,1.339e-05,-4.873219422987991,bot2
3,2.0,80,10,1.3568e-05,1.3568e-05,-4.867484165087362,bot2
3,2.1,80,10,1.3718e-05,1.3718e-05,-4.862709201477532,bot2
3,2.2,80,10,1.3842e-05,1.3842e-05,-4.858801155095263,bot2
3,2.3000000000000003,80,10,1.394e-05,1.394e-05,-4.855737226238009,bot2
3,2.4,80,10,1.4016e-05,1.4016e-05,-4.853375911175995,bot2
3,2.5,80,10,1.4074e-05,1.4074e-05,-4.851582453308623,bot2
3,2.6,80,10,1.412e-05,1.412e-05,-4.850165303284215,bot2
3,2.7,80,10,1.4156e-05,1.4156e-05,-4.849059446034523,bot2
3,2.8000000000000003,80,10,1.418e-05,1.418e-05,-4.848323769152953,bot2
3,2.9,80,10,1.4196e-05,1.4196e-05,-4.847834009324445,bot2
3,3.0,80,10,1.4214e-05,1.4214e-05,-4.847283688893591,bot2
3,3.1,80,10,1.4224e-05,1.4224e-05,-4.846978256373862,bot2
3,3.2,80,10,1.424e-05,1.424e-05,-4.846490010699163,bot2
3,3.3000000000000003,80,10,1.4242e-05,1.4242e-05,-4.84642901856622,bot2
3,3.4,80,10,1.4252e-05,1.4252e-05,-4.846124186321022,bot2
3,3.5,80,10,1.4256e-05,1.4256e-05,-4.8460023133072,bot2
3,3.6,80,10,1.4264e-05,1.4264e-05,-4.845758669832702,bot2
3,3.7,80,10,1.4268e-05,1.4268e-05,-4.845636899333684,bot2
3,3.8,80,10,1.4276e-05,1.4276e-05,-4.8453934607163776,bot2
3,3.9,80,10,1.4278e-05,1.4278e-05,-4.845332622377424,bot2
3,4.0,80,10,1.4284e-05,1.4284e-05,-4.845150158479256,bot2
3,4.1,80,10,1.4288e-05,1.4288e-05,-4.845028558455529,bot2
3,4.2,80,10,1.429e-05,1.429e-05,-4.8449677712090296,bot2
3,4.3,80,10,1.4294e-05,1.4294e-05,-4.844846222234851,bot2
3,4.4,80,10,1.4302e-05,1.4302e-05,-4.844603226295149,bot2
3,4.5,80,10,1.4302e-05,1.4302e-05,-4.844603226295149,bot2
3,4.6000000000000005,80,10,1.4306e-05,1.4306e-05,-4.844481779291589,bot2
3,4.7,80,10,1.4308e-05,1.4308e-05,-4.844421068523068,bot2
3,4.8,80,10,1.4312e-05,1.4312e-05,-4.844299672440683,bot2
3,4.9,80,10,1.4314e-05,1.4314e-05,-4.844238987122076,bot2
3,5.0,80,10,1.4318e-05,1.4318e-05,-4.844117641918185,bot2
4,0.0,80,10,1.0178e-09,1.0178e-09,-8.992337553462724,bot2
4,0.1,80,10,2.2476000000000003e-06,2.2476000000000003e-06,-5.648280976577138,bot2
4,0.2,80,10,4.3923e-06,4.3923e-06,-5.357308004647438,bot2
4,0.3,80,10,6.437500000000001e-06,6.437500000000001e-06,-5.191282757950752,bot2
4,0.4,80,10,8.3874e-06,8.3874e-06,-5.076372644731397,bot2
4,0.5,80,10,1.02432e-05,1.02432e-05,-4.9895643475359615,bot2
4,0.6,80,10,1.1988e-05,1.1988e-05,-4.921253265726393,bot2
4,0.7,80,10,1.3648e-05,1.3648e-05,-4.864930986176552,bot2
4,0.8,80,10,1.522e-05,1.522e-05,-4.817585347565446,bot2
4,0.9,80,10,1.6714e-05,1.6714e-05,-4.776919602168845,bot2
4,1.0,80,10,1.812e-05,1.812e-05,-4.741841806659206,bot2
4,1.1,80,10,1.9444e-05,1.9444e-05,-4.7112143875974954,bot2
4,1.2,80,10,2.0688e-05,2.0688e-05,-4.684281492463681,bot2
4,1.3,80,10,2.1844e-05,2.1844e-05,-4.660667832136494,bot2
4,1.4,80,10,2.293e-05,2.293e-05,-4.639595945270061,bot2
4,1.5,80,10,2.3944e-05,2.3944e-05,-4.620803296167865,bot2
4,1.6,80,10,2.4884e-05,2.4884e-05,-4.604079807329368,bot2
4,1.7,80,10,2.5758e-05,2.5758e-05,-4.5890878611369175,bot2
4,1.8,80,10,2.6562e-05,2.6562e-05,-4.575739227637508,bot2
4,1.9,80,10,2.7302e-05,2.7302e-05,-4.563805537679064,bot2
4,2.0,80,10,2.7978e-05,2.7978e-05,-4.553183334161864,bot2
4,2.1,80,10,2.8598e-05,2.8598e-05,-4.543664338176393,bot2
4,2.2,80,10,2.9162e-05,2.9162e-05,-4.535182694374016,bot2
4,2.3000000000000003,80,10,2.9674e-05,2.9674e-05,-4.527623907648842,bot2
4,2.4,80,10,3.0136e-05,3.0136e-05,-4.520914392804789,bot2
4,2.5,80,10,3.0550000000000004e-05,3.0550000000000004e-05,-4.514988785421427,bot2
4,2.6,80,10,3.092e-05,3.092e-05,-4.5097605147537125,bot2
4,2.7,80,10,3.1248e-05,3.1248e-05,-4.505177774056221,bot2
4,2.8000000000000003,80,10,3.1536000000000004e-05,3.1536000000000004e-05,-4.501193393064632,bot2
4,2.9,80,10,3.1786000000000004e-05,3.1786000000000004e-05,-4.497764120944227,bot2
4,3.0,80,10,3.2004e-05,3.2004e-05,-4.494795738262499,bot2
4,3.1,80,10,3.2194000000000004e-05,3.2194000000000004e-05,-4.492225060282271,bot2
4,3.2,80,10,3.2352e-05,3.2352e-05,-4.490098866089093,bot2
4,3.3000000000000003,80,10,3.248e-05,3.248e-05,-4.488383979430862,bot2
4,3.4,80,10,3.2592e-05,3.2592e-05,-4.486888988343911,bot2
4,3.5,80,10,3.2682e-05,3.2682e-05,-4.485691374343224,bot2
4,3.6,80,10,3.2758e-05,3.2758e-05,-4.484682621425618,bot2
4,3.7,80,10,3.2818e-05,3.2818e-05,-4.483887889322844,bot2
4,3.8,80,10,3.287e-05,3.287e-05,-4.483200295918375,bot2
4,3.9,80,10,3.2912e-05,3.2912e-05,-4.482645725649351,bot2
4,4.0,80,10,3.2946e-05,3.2946e-05,-4.48219730590698,bot2
4,4.1,80,10,3.2972e-05,3.2972e-05,-4.481854708828335,bot2
4,4.2,80,10,3.3e-05,3.3e-05,-4.481486060122113,bot2
4,4.3,80,10,3.3018e-05,3.3018e-05,-4.4812492368051995,bot2
4,4.4,80,10,3.304e-05,3.304e-05,-4.4809599613516555,bot2
4,4.5,80,10,3.3058e-05,3.3058e-05,-4.480723424667716,bot2
4,4.6000000000000005,80,10,3.3074e-05,3.3074e-05,-4.480513277935543,bot2
4,4.7,80,10,3.3088e-05,3.3088e-05,-4.48032948292217,bot2
4,4.8,80,10,3.3104e-05,3.3104e-05,-4.48011952667834,bot2
4,4.9,80,10,3.3122e-05,3.3122e-05,-4.479883447166767,bot2
4,5.0,80,10,3.313e-05,3.313e-05,-4.47977856411804,bot2
5,0.0,80,10,1.201e-09,1.201e-09,-8.920456992597094,bot2
5,0.1,80,10,3.2161000000000004e-06,3.2161000000000004e-06,-5.492670455951884,bot2
5,0.2,80,10,6.311200000000001e-06,6.311200000000001e-06,-5.199888056947693,bot2
5,0.3,80,10,9.294e-06,9.294e-06,-5.031797331857151,bot2
5,0.4,80,10,1.2138e-05,1.2138e-05,-4.915852866845552,bot2
5,0.5,80,10,1.4888e-05,1.4888e-05,-4.8271636398772895,bot2
5,0.6,80,10,1.7538e-05,1.7538e-05,-4.75601993425892,bot2
5,0.7,80,10,2.009e-05,2.009e-05,-4.697020063251751,bot2
5,0.8,80,10,2.253e-05,2.253e-05,-4.647238808276169,bot2
5,0.9,80,10,2.4874e-05,2.4874e-05,-4.6042543700078316,bot2
5,1.0,80,10,2.7118e-05,2.7118e-05,-4.566742343602651,bot2
5,1.1,80,10,2.9268e-05,2.9268e-05,-4.533606953638644,bot2
5,1.2,80,10,3.1322e-05,3.1322e-05,-4.5041505147739835,bot2
5,1.3,80,10,3.3274e-05,3.3274e-05,-4.477894987724298,bot2
5,1.4,80,10,3.5144e-05,3.5144e-05,-4.454148809742736,bot2
5,1.5,80,10,3.692e-05,3.692e-05,-4.432738307646126,bot2
5,1.6,80,10,3.8612e-05,3.8612e-05,-4.413277702481931,bot2
5,1.7,80,10,4.0214e-05,4.0214e-05,-4.395622726411437,bot2
5,1.8,80,10,4.1732e-05,4.1732e-05,-4.379530801289969,bot2
5,1.9,80,10,4.3174e-05,4.3174e-05,-4.364777712811145,bot2
5,2.0,80,10,4.453e-05,4.453e-05,-4.351347304868777,bot2
5,2.1,80,10,4.5806e-05,4.5806e-05,-4.339077631248906,bot2
5,2.2,80,10,4.7008e-05,4.7008e-05,-4.327828225889838,bot2
5,2.3000000000000003,80,10,4.8138e-05,4.8138e-05,-4.317511957413862,bot2
5,2.4,80,10,4.9198e-05,4.9198e-05,-4.308052551838707,bot2
5,2.5,80,10,5.0184e-05,5.0184e-05,-4.299434725470722,bot2
5,2.6,80,10,5.1104e-05,5.1104e-05,-4.291545105541611,bot2
5,2.7,80,10,5.196e-05,5.196e-05,-4.284330857599009,bot2
5,2.8000000000000003,80,10,5.275e-05,5.275e-05,-4.2777775360302694,bot2
5,2.9,80,10,5.3484000000000005e-05,5.3484000000000005e-05,-4.271776119866199,bot2
5,3.0,80,10,5.4156e-05,5.4156e-05,-4.266353420432229,bot2
5,3.1,80,10,5.4776e-05,5.4776e-05,-4.2614096851407375,bot2
5,3.2,80,10,5.5342e-05,5.5342e-05,-4.256945149978791,bot2
5,3.3000000000000003,80,10,5.5864e-05,5.5864e-05,-4.25286797096704,bot2
5,3.4,80,10,5.6336e-05,5.6336e-05,-4.249213992273891,bot2
5,3.5,80,10,5.6756e-05,5.6756e-05,-4.245988219964772,bot2
5,3.6,80,10,5.7146000000000005e-05,5.7146000000000005e-05,-4.243014163146636,bot2
5,3.7,80,10,5.7488e-05,5.7488e-05,-4.2404228001394255,bot2
5,3.8,80,10,5.7796e-05,5.7796e-05,-4.238102217600931,bot2
5,3.9,80,10,5.8058e-05,5.8058e-05,-4.236137928957744,bot2
5,4.0,80,10,5.8294e-05,5.8294e-05,-4.234376143371142,bot2
5,4.1,80,10,5.85e-05,5.85e-05,-4.23284413391782,bot2
5,4.2,80,10,5.8682000000000005e-05,5.8682000000000005e-05,-4.23149509295142,bot2
5,4.3,80,10,5.8842e-05,5.8842e-05,-4.230312574316325,bot2
5,4.4,80,10,5.8976e-05,5.8976e-05,-4.2293246864610206,bot2
5,4.5,80,10,5.9094e-05,5.9094e-05,-4.228456612167354,bot2
5,4.6000000000000005,80,10,5.9188e-05,5.9188e-05,-4.227766334865766,bot2
5,4.7,80,10,5.9272e-05,5.9272e-05,-4.227150418225646,bot2
5,4.8,80,10,5.9348e-05,5.9348e-05,-4.22659391198486,bot2
5,4.9,80,10,5.9404e-05,5.9404e-05,-4.2261843105837995,bot2
5,5.0,80,10,5.946e-05,5.946e-05,-4.225775095131081,bot2
-5,0.0,80,15,-4.5934e-12,4.5934e-12,-11.337865733935715,bot2
-5,0.1,80,15,-1.7318e-12,1.7318e-12,-11.761502264692641,bot2
-5,0.2,80,15,-2.3298e-12,2.3298e-12,-11.63268135907031,bot2
-5,0.3,80,15,-2.973e-12,2.973e-12,-11.526805090795062,bot2
-5,0.4,80,15,-3.3716e-12,3.3716e-12,-11.472163954835292,bot2
-5,0.5,80,15,-3.7188e-12,3.7188e-12,-11.429597177713092,bot2
-5,0.6,80,15,-3.8522e-12,3.8522e-12,-11.414291173094348,bot2
-5,0.7,80,15,-4.0918e-12,4.0918e-12,-11.388085601992893,bot2
-5,0.8,80,15,-4.2176e-12,4.2176e-12,-11.374934611422104,bot2
-5,0.9,80,15,4.7788e-12,4.7788e-12,-11.320681144979089,bot2
-5,1.0,80,15,4.3448e-12,4.3448e-12,-11.362030210215428,bot2
-5,1.1,80,15,-2.1124e-12,2.1124e-12,-11.675223841183543,bot2
-5,1.2,80,15,-1.0008e-12,1.0008e-12,-11.999652703314636,bot2
-5,1.3,80,15,-9.9e-14,9.9e-14,-13.00436480540245,bot2
-5,1.4,80,15,8.824e-13,8.824e-13,-12.054334500567865,bot2
-5,1.5,80,15,1.7256e-12,1.7256e-12,-11.763059867905511,bot2
-5,1.6,80,15,2.226e-12,2.226e-12,-11.652474840001311,bot2
-5,1.7,80,15,2.8766e-12,2.8766e-12,-11.541120523883118,bot2
-5,1.8,80,15,3.362e-12,3.362e-12,-11.473402290896548,bot2
-5,1.9,80,15,3.7232e-12,3.7232e-12,-11.429083634057346,bot2
-5,2.0,80,15,3.9454e-12,3.9454e-12,-11.403908959758397,bot2
-5,2.1,80,15,4.1344e-12,4.1344e-12,-11.383587508021028,bot2
-5,2.2,80,15,4.2166e-12,4.2166e-12,-11.375037595578025,bot2
-5,2.3000000000000003,80,15,-4.661e-12,4.661e-12,-11.331520897067415,bot2
-5,2.4,80,15,5.057e-12,5.057e-12,-11.296107046367455,bot2
-5,2.5,80,15,2.6584e-12,2.6584e-12,-11.575379671729346,bot2
-5,2.6,80,15,4.422e-13,4.422e-13,-12.354381261757306,bot2
-5,2.7,80,15,1.163e-12,1.163e-12,-11.934420285271552,bot2
-5,2.8000000000000003,80,15,1.9408e-12,1.9408e-12,-11.712019216477502,bot2
-5,2.9,80,15,2.4764e-12,2.4764e-12,-11.606179204659133,bot2
-5,3.0,80,15,3.0218e-12,3.0218e-12,-11.519734283137538,bot2
-5,3.1,80,15,3.528e-12,3.528e-12,-11.452471423540217,bot2
-5,3.2,80,15,3.918e-12,3.918e-12,-11.406935568341282,bot2
-5,3.3000000000000003,80,15,4.1652e-12,4.1652e-12,-11.380364140280964,bot2
-5,3.4,80,15,4.4026e-12,4.4026e-12,-11.356290770748542,bot2
-5,3.5,80,15,-4.6258e-12,4.6258e-12,-11.334813148213488,bot2
-5,3.6,80,15,-4.3526e-12,4.3526e-12,-11.36125124227857,bot2
-5,3.7,80,15,2.611e-12,2.611e-12,-11.583193128177056,bot2
-5,3.8,80,15,5.62e-13,5.62e-13,-12.250263684430939,bot2
-5,3.9,80,15,1.3356e-12,1.3356e-12,-11.874323589617667,bot2
-5,4.0,80,15,2.1454e-12,2.1454e-12,-11.668491723713611,bot2
-5,4.1,80,15,3.0166e-12,3.0166e-12,-11.520482273288621,bot2
-5,4.2,80,15,3.6166e-12,3.6166e-12,-11.441699522037135,bot2
-5,4.3,80,15,4.0152e-12,4.0152e-12,-11.396292817326,bot2
-5,4.4,80,15,4.2904e-12,4.2904e-12,-11.367502216044988,bot2
-5,4.5,80,15,4.4264e-12,4.4264e-12,-11.353949342793904,bot2
-5,4.6000000000000005,80,15,-4.5132e-12,4.5132e-12,-11.345515420529976,bot2
-5,4.7,80,15,-4.2908e-12,4.2908e-12,-11.36746172804963,bot2
-5,4.8,80,15,2.744e-12,2.744e-12,-11.561615892965285,bot2
-5,4.9,80,15,1.8428e-12,1.8428e-12,-11.734521796419358,bot2
-5,5.0,80,15,8.972e-13,8.972e-13,-12.04711073508907,bot2
-4,0.0,80,15,-4.0778e-12,4.0778e-12,-11.389574078466262,bot2
-4,0.1,80,15,4.8078e-12,4.8078e-12,-11.31805360687532,bot2
-4,0.2,80,15,4.344e-12,4.344e-12,-11.36211018341921,bot2
-4,0.3,80,15,-2.2248e-12,2.2248e-12,-11.652709024143897,bot2
-4,0.4,80,15,-1.382e-12,1.382e-12,-11.85949195696182,bot2
-4,0.5,80,15,-4.374e-13,4.374e-13,-12.359121221298382,bot2
-4,0.6,80,15,3.196e-13,3.196e-13,-12.495393229358045,bot2
-4,0.7,80,15,1.2446e-12,1.2446e-12,-11.904970203351548,bot2
-4,0.8,80,15,1.8588e-12,1.8588e-12,-11.73076733619317,bot2
-4,0.9,80,15,2.4296e-12,2.4296e-12,-11.614465221089791,bot2
-4,1.0,80,15,2.9636e-12,2.9636e-12,-11.528180413889627,bot2
-4,1.1,80,15,3.4496e-12,3.4496e-12,-11.462231260829373,bot2
-4,1.2,80,15,3.8222e-12,3.8222e-12,-11.417686591843053,bot2
-4,1.3,80,15,4.0046e-12,4.0046e-12,-11.397440856975095,bot2
-4,1.4,80,15,4.1318e-12,4.1318e-12,-11.383860708691273,bot2
-4,1.5,80,15,4.2604e-12,4.2604e-12,-11.370549623987069,bot2
-4,1.6,80,15,-4.7004e-12,4.7004e-12,-11.327865182404508,bot2
-4,1.7,80,15,4.975e-12,4.975e-12,-11.303206914918256,bot2
-4,1.8,80,15,2.9554e-12,2.9554e-12,-11.529383731014105,bot2
-4,1.9,80,15,3.52e-13,3.52e-13,-12.453457336521868,bot2
-4,2.0,80,15,1.1024e-12,1.1024e-12,-11.95766079543645,bot2
-4,2.1,80,15,1.9366e-12,1.9366e-12,-11.712960072482758,bot2
-4,2.2,80,15,2.5974e-12,2.5974e-12,-11.585461163803199,bot2
-4,2.3000000000000003,80,15,3.1594e-12,3.1594e-12,-11.500395386188737,bot2
-4,2.4,80,15,3.617e-12,3.617e-12,-11.44165149123838,bot2
-4,2.5,80,15,3.9466e-12,3.9466e-12,-11.40377688845016,bot2
-4,2.6,80,15,4.0854e-12,4.0854e-12,-11.388765415438014,bot2
-4,2.7,80,15,4.305e-12,4.305e-12,-11.366026844210326,bot2
-4,2.8000000000000003,80,15,4.397e-12,4.397e-12,-11.356843534380294,bot2
-4,2.9,80,15,-4.7938e-12,4.7938e-12,-11.319320088931539,bot2
-4,3.0,80,15,-4.1024e-12,4.1024e-12,-11.386961996497295,bot2
-4,3.1,80,15,1.7518e-12,1.7518e-12,-11.756515477993542,bot2
-4,3.2,80,15,9.118e-13,9.118e-13,-12.040100412134057,bot2
-4,3.3000000000000003,80,15,-2.47e-13,2.47e-13,-12.607303046740334,bot2
-4,3.4,80,15,-1.0124e-12,1.0124e-12,-11.994647863513784,bot2
-4,3.5,80,15,-1.7698e-12,1.7698e-12,-11.752075809233691,bot2
-4,3.6,80,15,-2.477e-12,2.477e-12,-11.606073993414164,bot2
-4,3.7,80,15,-3.0202e-12,3.0202e-12,-11.5199642967712,bot2
-4,3.8,80,15,-3.3712e-12,3.3712e-12,-11.472215481735976,bot2
-4,3.9,80,15,-3.7758e-12,3.7758e-12,-11.42299101786887,bot2
-4,4.0,80,15,-4.0252e-12,4.0252e-12,-11.395212535982207,bot2
-4,4.1,80,15,-4.138e-12,4.138e-12,-11.383209513670284,bot2
-4,4.2,80,15,-4.2868e-12,4.2868e-12,-11.36786677795952,bot2
-4,4.3,80,15,4.7586e-12,4.7586e-12,-11.322520799738703,bot2
-4,4.4,80,15,4.4308e-12,4.4308e-12,-11.353517852960195,bot2
-4,4.5,80,15,-2.444e-12,2.444e-12,-11.611898798429483,bot2
-4,4.6000000000000005,80,15,-4.78e-13,4.78e-13,-12.320572103387882,bot2
-4,4.7,80,15,-1.422e-12,1.422e-12,-11.847100403606252,bot2
-4,4.8,80,15,-2.1114e-12,2.1114e-12,-11.675429482781166,bot2
-4,4.9,80,15,-2.7778e-12,2.7778e-12,-11.556299026425329,bot2
-4,5.0,80,15,-3.2032e-12,3.2032e-12,-11.494415944200776,bot2
-3,0.0,80,15,-4.828e-12,4.828e-12,-11.316232738574689,bot2
-3,0.1,80,15,-2.3952e-12,2.3952e-12,-11.620658217001022,bot2
-3,0.2,80,15,-1.4548e-12,1.4548e-12,-11.837196707617325,bot2
-3,0.3,80,15,-5.396e-13,5.396e-13,-12.267928059000134,bot2
-3,0.4,80,15,4.368e-13,4.368e-13,-12.359717370303319,bot2
-3,0.5,80,15,1.2412e-12,1.2412e-12,-11.906158233087872,bot2
-3,0.6,80,15,1.987e-12,1.987e-12,-11.701802132890185,bot2
-3,0.7,80,15,2.5982e-12,2.5982e-12,-11.585327421564278,bot2
-3,0.8,80,15,3.0472e-12,3.0472e-12,-11.51609904034711,bot2
-3,0.9,80,15,3.533e-12,3.533e-12,-11.451856362565154,bot2
-3,1.0,80,15,3.8e-12,3.8e-12,-11.42021640338319,bot2
-3,1.1,80,15,4.072e-12,4.072e-12,-11.390192230671298,bot2
-3,1.2,80,15,4.223e-12,4.223e-12,-11.374378918575092,bot2
-3,1.3,80,15,4.3342e-12,4.3342e-12,-11.363091052201177,bot2
-3,1.4,80,15,-4.68e-12,4.68e-12,-11.329754146925875,bot2
-3,1.5,80,15,-4.4598e-12,4.4598e-12,-11.350684616813407,bot2
-3,1.6,80,15,2.5532e-12,2.5532e-12,-11.592915164242232,bot2
-3,1.7,80,15,4.534e-13,4.534e-13,-12.343518484209502,bot2
-3,1.8,80,15,1.1974e-12,1.1974e-12,-11.921760746190333,bot2
-3,1.9,80,15,2.0772e-12,2.0772e-12,-11.682521686076981,bot2
-3,2.0,80,15,2.751e-12,2.751e-12,-11.560509409610317,bot2
-3,2.1,80,15,3.3992e-12,3.3992e-12,-11.468623281918543,bot2
-3,2.2,80,15,3.7418e-12,3.7418e-12,-11.426919429347407,bot2
-3,2.3000000000000003,80,15,4.0114e-12,4.0114e-12,-11.396704029833046,bot2
-3,2.4,80,15,4.108e-12,4.108e-12,-11.386369565074759,bot2
-3,2.5,80,15,4.282e-12,4.282e-12,-11.368353337041581,bot2
-3,2.6,80,15,-4.7524e-12,4.7524e-12,-11.32308701279079,bot2
-3,2.7,80,15,-4.3376e-12,4.3376e-12,-11.362750499763589,bot2
-3,2.8000000000000003,80,15,2.0146e-12,2.0146e-12,-11.695811170385157,bot2
-3,2.9,80,15,1.1302e-12,1.1302e-12,-11.94684469703812,bot2
-3,3.0,80,15,-7.8e-15,7.8e-15,-14.10790539730952,bot2
-3,3.1,80,15,-6.934e-13,6.934e-13,-12.159016162679622,bot2
-3,3.2,80,15,-1.5592e-12,1.5592e-12,-11.807098173890434,bot2
-3,3.3000000000000003,80,15,-2.2612e-12,2.2612e-12,-11.645661023211918,bot2
-3,3.4,80,15,-2.744e-12,2.744e-12,-11.561615892965285,bot2
-3,3.5,80,15,-3.3326e-12,3.3326e-12,-11.477216810017149,bot2
-3,3.6,80,15,-3.6976e-12,3.6976e-12,-11.432080071864966,bot2
-3,3.7,80,15,-3.9882e-12,3.9882e-12,-11.399223070842215,bot2
-3,3.8,80,15,-4.0856e-12,4.0856e-12,-11.388744155152516,bot2
-3,3.9,80,15,-4.2544e-12,4.2544e-12,-11.371161680012507,bot2
-3,4.0,80,15,4.8228e-12,4.8228e-12,-11.31670074776034,bot2
-3,4.1,80,15,4.4644e-12,4.4644e-12,-11.350236900537734,bot2
-3,4.2,80,15,-2.2646e-12,2.2646e-12,-11.64500849702152,bot2
-3,4.3,80,15,-6.548e-13,6.548e-13,-12.183891329260096,bot2
-3,4.4,80,15,-1.4226e-12,1.4226e-12,-11.846917195638168,bot2
-3,4.5,80,15,-2.0942e-12,2.0942e-12,-11.678981844744733,bot2
-3,4.6000000000000005,80,15,-2.6844e-12,2.6844e-12,-11.571152769855745,bot2
-3,4.7,80,15,-3.26e-12,3.26e-12,-11.48678239993206,bot2
-3,4.8,80,15,-3.683e-12,3.683e-12,-11.433798281145087,bot2
-3,4.9,80,15,-4.0442e-12,4.0442e-12,-11.393167375151114,bot2
-3,5.0,80,15,-4.1478e-12,4.1478e-12,-11.382182192733923,bot2
-2,0.0,80,15,4.253e-12,4.253e-12,-11.371304617285977,bot2
-2,0.1,80,15,-4.972e-13,4.972e-13,-12.303468880030392,bot2
-2,0.2,80,15,2.77e-13,2.77e-13,-12.557520230935552,bot2
-2,0.3,80,15,1.2926e-12,1.2926e-12,-11.888535848413346,bot2
-2,0.4,80,15,2.0776e-12,2.0776e-12,-11.682438063378754,bot2
-2,0.5,80,15,2.767e-12,2.767e-12,-11.557990840859048,bot2
-2,0.6,80,15,3.2732e-12,3.2732e-12,-11.48502745749594,bot2
-2,0.7,80,15,3.7328e-12,3.7328e-12,-11.427965278550323,bot2
-2,0.8,80,15,3.927e-12,3.927e-12,-11.405939098729581,bot2
-2,0.9,80,15,4.0824e-12,4.0824e-12,-11.389084444675825,bot2
-2,1.0,80,15,4.2282e-12,4.2282e-12,-11.373844478119087,bot2
-2,1.1,80,15,-4.747e-12,4.747e-12,-11.32358076828164,bot2
-2,1.2,80,15,4.9552e-12,4.9552e-12,-11.304938811987288,bot2
-2,1.3,80,15,2.641e-12,2.641e-12,-11.578231598793076,bot2
-2,1.4,80,15,5.176e-13,5.176e-13,-12.286005732339357,bot2
-2,1.5,80,15,1.3622e-12,1.3622e-12,-11.86575912405341,bot2
-2,1.6,80,15,2.0326e-12,2.0326e-12,-11.691948078757338,bot2
-2,1.7,80,15,2.6538e-12,2.6538e-12,-11.576131810246753,bot2
-2,1.8,80,15,3.2108e-12,3.2108e-12,-11.493386745695265,bot2
-2,1.9,80,15,3.6694e-12,3.6694e-12,-11.435404943375161,bot2
-2,2.0,80,15,4.0232e-12,4.0232e-12,-11.395428377387129,bot2
-2,2.1,80,15,4.2066e-12,4.2066e-12,-11.376068782504467,bot2
-2,2.2,80,15,4.3106e-12,4.3106e-12,-11.365462275418563,bot2
-2,2.3000000000000003,80,15,-4.752e-12,4.752e-12,-11.323123568026864,bot2
-2,2.4,80,15,-4.2914e-12,4.2914e-12,-11.367401003133041,bot2
-2,2.5,80,15,2.1786e-12,2.1786e-12,-11.661822500703463,bot2
-2,2.6,80,15,1.1204e-12,1.1204e-12,-11.95062689984847,bot2
-2,2.7,80,15,-5.02e-14,5.02e-14,-13.29929628285498,bot2
-2,2.8000000000000003,80,15,-1.0676e-12,1.0676e-12,-11.97159143488453,bot2
-2,2.9,80,15,-1.8918e-12,1.8918e-12,-11.723124778868451,bot2
-2,3.0,80,15,-2.5124e-12,2.5124e-12,-11.599911215267964,bot2
-2,3.1,80,15,-3.1198e-12,3.1198e-12,-11.505873246263748,bot2
-2,3.2,80,15,-3.5348e-12,3.5348e-12,-11.451635153678563,bot2
-2,3.3000000000000003,80,15,-3.8646e-12,3.8646e-12,-11.412895450460445,bot2
-2,3.4,80,15,-4.1594e-12,4.1594e-12,-11.380969312518097,bot2
-2,3.5,80,15,-4.2874e-12,4.2874e-12,-11.367805996384662,bot2
-2,3.6,80,15,4.723e-12,4.723e-12,-11.3257820544233,bot2
-2,3.7,80,15,-4.8858e-12,4.8858e-12,-11.311064314823518,bot2
-2,3.8,80,15,-2.6514e-12,2.6514e-12,-11.576524748054062,bot2
-2,3.9,80,15,-2.956e-13,2.956e-13,-12.529295570277212,bot2
-2,4.0,80,15,-1.2546e-12,1.2546e-12,-11.901494716798684,bot2
-2,4.1,80,15,-2.1436e-12,2.1436e-12,-11.668856251628426,bot2
-2,4.2,80,15,-2.7676e-12,2.7676e-12,-11.557896678068543,bot2
-2,4.3,80,15,-3.3466e-12,3.3466e-12,-11.47539619328133,bot2
-2,4.4,80,15,-3.8256e-12,3.8256e-12,-11.417300441228301,bot2
-2,4.5,80,15,-3.9672e-12,3.9672e-12,-11.401515904716947,bot2
-2,4.6000000000000005,80,15,-4.1084e-12,4.1084e-12,-11.386327279452614,bot2
-2,4.7,80,15,-4.2376e-12,4.2376e-12,-11.37288004007246,bot2
-2,4.8,80,15,4.7866e-12,4.7866e-12,-11.319972863525168,bot2
-2,4.9,80,15,4.4818e-12,4.4818e-12,-11.348547527728309,bot2
-2,5.0,80,15,-1.9576e-12,1.9576e-12,-11.708276043656268,bot2
-1,0.0,80,15,3.2898e-12,3.2898e-12,-11.482830503732876,bot2
-1,0.1,80,15,2.8882e-12,2.8882e-12,-11.53937273634861,bot2
-1,0.2,80,15,3.3386e-12,3.3386e-12,-11.476435610954306,bot2
-1,0.3,80,15,3.7544e-12,3.7544e-12,-11.425459458795562,bot2
-1,0.4,80,15,4.0654e-12,4.0654e-12,-11.390896717167989,bot2
-1,0.5,80,15,4.191e-12,4.191e-12,-11.377682339166155,bot2
-1,0.6,80,15,4.2916e-12,4.2916e-12,-11.367380763380883,bot2
-1,0.7,80,15,-4.7232e-12,4.7232e-12,-11.32576366419307,bot2
-1,0.8,80,15,-4.4474e-12,4.4474e-12,-11.351893808266285,bot2
-1,0.9,80,15,2.4504e-12,2.4504e-12,-11.610763016201483,bot2
-1,1.0,80,15,1.5236e-12,1.5236e-12,-11.81712903601109,bot2
-1,1.1,80,15,3.754e-13,3.754e-13,-12.425505731714672,bot2
-1,1.2,80,15,-5.746e-13,5.746e-13,-12.24063437834407,bot2
-1,1.3,80,15,-1.4682e-12,1.4682e-12,-11.833214780264568,bot2
-1,1.4,80,15,-2.1512e-12,2.1512e-12,-11.667319210784754,bot2
-1,1.5,80,15,-2.7504e-12,2.7504e-12,-11.560604140657023,bot2
-1,1.6,80,15,-3.2128e-12,3.2128e-12,-11.493116308871093,bot2
-1,1.7,80,15,-3.5168e-12,3.5168e-12,-11.453852329256604,bot2
-1,1.8,80,15,-3.873e-12,3.873e-12,-11.411952503013918,bot2
-1,1.9,80,15,-4.0198e-12,4.0198e-12,-11.39579555414367,bot2
-1,2.0,80,15,-4.1686e-12,4.1686e-12,-11.380009775808478,bot2
-1,2.1,80,15,-4.2434e-12,4.2434e-12,-11.37228602795414,bot2
-1,2.2,80,15,-4.2944e-12,4.2944e-12,-11.36709750584712,bot2
-1,2.3000000000000003,80,15,4.773e-12,4.773e-12,-11.321208565633755,bot2
-1,2.4,80,15,4.2266e-12,4.2266e-12,-11.374008851298663,bot2
-1,2.5,80,15,-2.0044e-12,2.0044e-12,-11.69801560592956,bot2
-1,2.6,80,15,-1.141e-12,1.141e-12,-11.942714355581785,bot2
-1,2.7,80,15,-1.804e-13,1.804e-13,-12.743763466794077,bot2
-1,2.8000000000000003,80,15,6.184e-13,6.184e-13,-12.208730519089732,bot2
-1,2.9,80,15,1.2564e-12,1.2564e-12,-11.900872072273533,bot2
-1,3.0,80,15,2.0482e-12,2.0482e-12,-11.68862763819645,bot2
-1,3.1,80,15,2.5466e-12,2.5466e-12,-11.594039265258278,bot2
-1,3.2,80,15,2.9666e-12,2.9666e-12,-11.527741007610967,bot2
-1,3.3000000000000003,80,15,3.3576e-12,3.3576e-12,-11.473971043796567,bot2
-1,3.4,80,15,3.7226e-12,3.7226e-12,-11.429153626990194,bot2
-1,3.5,80,15,4.0706e-12,4.0706e-12,-11.390341571736966,bot2
-1,3.6,80,15,4.2332e-12,4.2332e-12,-11.37333121254548,bot2
-1,3.7,80,15,4.3062e-12,4.3062e-12,-11.36590580338404,bot2
-1,3.8,80,15,-4.6976e-12,4.6976e-12,-11.328123966100042,bot2
-1,3.9,80,15,4.8636e-12,4.8636e-12,-11.313042150210682,bot2
-1,4.0,80,15,2.7494e-12,2.7494e-12,-11.560762071667856,bot2
-1,4.1,80,15,1.986e-13,1.986e-13,-12.702020755840637,bot2
-1,4.2,80,15,9.708e-13,9.708e-13,-12.012870232340102,bot2
-1,4.3,80,15,1.7932e-12,1.7932e-12,-11.746371269806247,bot2
-1,4.4,80,15,2.4056e-12,2.4056e-12,-11.61877658490754,bot2
-1,4.5,80,15,2.9732e-12,2.9732e-12,-11.526775875869088,bot2
-1,4.6000000000000005,80,15,3.4828e-12,3.4828e-12,-11.458071464212528,bot2
-1,4.7,80,15,3.7582e-12,3.7582e-12,-11.42502011178601,bot2
-1,4.8,80,15,3.9606e-12,3.9606e-12,-11.40223901686477,bot2
-1,4.9,80,15,4.176e-12,4.176e-12,-11.379239510005794,bot2
-1,5.0,80,15,4.3554e-12,4.3554e-12,-11.360971953213058,bot2
0,0.0,80,15,4.8546e-12,4.8546e-12,-11.313846548443802,bot2
0,0.1,80,15,-7.21e-13,7.21e-13,-12.14206473528057,bot2
0,0.2,80,15,2.22e-13,2.22e-13,-12.653647025549361,bot2
0,0.3,80,15,1.1064e-12,1.1064e-12,-11.956087832898746,bot2
0,0.4,80,15,1.8306e-12,1.8306e-12,-11.73740654197395,bot2
0,0.5,80,15,2.6122e-12,2.6122e-12,-11.5829935748812,bot2
0,0.6,80,15,3.3502e-12,3.3502e-12,-11.474929265708324,bot2
0,0.7,80,15,3.9766e-12,3.9766e-12,-11.400488091822536,bot2
0,0.8,80,15,4.4126e-12,4.4126e-12,-11.355305439347786,bot2
0,0.9,80,15,4.7416e-12,4.7416e-12,-11.324075085769039,bot2
0,1.0,80,15,5.014e-12,5.014e-12,-11.299815670377802,bot2
0,1.1,80,15,5.447e-12,5.447e-12,-11.263842624726868,bot2
0,1.2,80,15,5.7436e-12,5.7436e-12,-11.240815813167169,bot2
0,1.3,80,15,5.9906e-12,5.9906e-12,-11.22252967783783,bot2
0,1.4,80,15,6.1616e-12,6.1616e-12,-11.210306498721344,bot2
0,1.5,80,15,6.2338e-12,6.2338e-12,-11.205247135374822,bot2
0,1.6,80,15,-2.821e-12,2.821e-12,-11.549596913844633,bot2
0,1.7,80,15,6.8196e-12,6.8196e-12,-11.166241097907644,bot2
0,1.8,80,15,4.6032e-12,4.6032e-12,-11.33694015545375,bot2
0,1.9,80,15,2.2734e-12,2.2734e-12,-11.643324144341364,bot2
0,2.0,80,15,3.2772e-12,3.2772e-12,-11.484497053812643,bot2
0,2.1,80,15,4.0778e-12,4.0778e-12,-11.389574078466262,bot2
0,2.2,80,15,4.7068e-12,4.7068e-12,-11.32727425521831,bot2
0,2.3000000000000003,80,15,5.1304e-12,5.1304e-12,-11.289848773090817,bot2
0,2.4,80,15,5.5204e-12,5.5204e-12,-11.258029452796356,bot2
0,2.5,80,15,5.842e-12,5.842e-12,-11.233438447362468,bot2
0,2.6,80,15,6.0598e-12,6.0598e-12,-11.217541709221457,bot2
0,2.7,80,15,6.2562e-12,6.2562e-12,-11.203689376075447,bot2
0,2.8000000000000003,80,15,6.3426e-12,6.3426e-12,-11.197732676789586,bot2
0,2.9,80,15,-2.6848e-12,2.6848e-12,-11.571088060851395,bot2
0,3.0,80,15,7.0332e-12,7.0332e-12,-11.152847032570756,bot2
0,3.1,80,15,4.8136e-12,4.8136e-12,-11.3175300015164,bot2
0,3.2,80,15,2.0396e-12,2.0396e-12,-11.690454996704563,bot2
0,3.3000000000000003,80,15,2.843e-12,2.843e-12,-11.546223140309557,bot2
0,3.4,80,15,3.5118e-12,3.5118e-12,-11.454470225502176,bot2
0,3.5,80,15,4.1868e-12,4.1868e-12,-11.378117784504264,bot2
0,3.6,80,15,4.7538e-12,4.7538e-12,-11.32295909368977,bot2
0,3.7,80,15,5.3446e-12,5.3446e-12,-11.272084792661618,bot2
0,3.8,80,15,5.739e-12,5.739e-12,-11.241163775253042,bot2
0,3.9,80,15,6.0914e-12,6.0914e-12,-11.215282881029045,bot2
0,4.0,80,15,6.2594e-12,6.2594e-12,-11.20346729445373,bot2
0,4.1,80,15,6.3652e-12,6.3652e-12,-11.196187945893787,bot2
0,4.2,80,15,6.3932e-12,6.3932e-12,-11.19428170921579,bot2
0,4.3,80,15,-2.6204e-12,2.6204e-12,-11.581632409240099,bot2
0,4.4,80,15,-2.1356e-12,2.1356e-12,-11.670480087814129,bot2
0,4.5,80,15,4.2652e-12,4.2652e-12,-11.37006059946483,bot2
0,4.6000000000000005,80,15,3.29e-12,3.29e-12,-11.482804102050025,bot2
0,4.7,80,15,2.505e-12,2.505e-12,-11.601192269796735,bot2
0,4.8,80,15,1.4778e-12,1.4778e-12,-11.830384337777254,bot2
0,4.9,80,15,7.06e-13,7.06e-13,-12.151195298948196,bot2
0,5.0,80,15,-1.28e-14,1.28e-14,-13.892790030352131,bot2
1,0.0,80,15,1.1998e-10,1.1998e-10,-9.920891142398563,bot2
1,0.1,80,15,1.6718e-07,1.6718e-07,-6.77681567910496,bot2
1,0.2,80,15,2.8734e-07,2.8734e-07,-6.541603912573748,bot2
1,0.3,80,15,3.6948e-07,3.6948e-07,-6.432409065049177,bot2
1,0.4,80,15,4.2242e-07,4.2242e-07,-6.37425552777535,bot2
1,0.5,80,15,4.5466e-07,4.5466e-07,-6.342313252400169,bot2
1,0.6,80,15,4.722e-07,4.722e-07,-6.325874017257291,bot2
1,0.7,80,15,4.8182e-07,4.8182e-07,-6.317115176713426,bot2
1,0.8,80,15,4.8656e-07,4.8656e-07,-6.312863597199943,bot2
1,0.9,80,15,4.893e-07,4.893e-07,-6.310424784240062,bot2
1,1.0,80,15,4.9102e-07,4.9102e-07,-6.308900818034382,bot2
1,1.1,80,15,4.9162e-07,4.9162e-07,-6.3083704575330275,bot2
1,1.2,80,15,4.9258e-07,4.9258e-07,-6.307523225598763,bot2
1,1.3,80,15,4.9358e-07,4.9358e-07,-6.306642446352475,bot2
1,1.4,80,15,4.9394e-07,4.9394e-07,-6.306325802597592,bot2
1,1.5,80,15,4.9406e-07,4.9406e-07,-6.3062203059617925,bot2
1,1.6,80,15,4.9468e-07,4.9468e-07,-6.30567564788369,bot2
1,1.7,80,15,4.954e-07,4.954e-07,-6.3050439977501815,bot2
1,1.8,80,15,4.9586e-07,4.9586e-07,-6.304640923932988,bot2
1,1.9,80,15,4.9604e-07,4.9604e-07,-6.304483301173434,bot2
1,2.0,80,15,4.9642e-07,4.9642e-07,-6.304150729762621,bot2
1,2.1,80,15,4.9662e-07,4.9662e-07,-6.303975794417508,bot2
1,2.2,80,15,4.9744e-07,4.9744e-07,-6.303259295300883,bot2
1,2.3000000000000003,80,15,4.9774e-07,4.9774e-07,-6.302997456541026,bot2
1,2.4,80,15,4.9778e-07,4.9778e-07,-6.302962556630857,bot2
1,2.5,80,15,4.9816e-07,4.9816e-07,-6.3026311472866565,bot2
1,2.6,80,15,4.9806e-07,4.9806e-07,-6.302718335755742,bot2
1,2.7,80,15,4.9806e-07,4.9806e-07,-6.302718335755742,bot2
1,2.8000000000000003,80,15,4.9858e-07,4.9858e-07,-6.302265146738479,bot2
1,2.9,80,15,4.9852e-07,4.9852e-07,-6.302317413650416,bot2
1,3.0,80,15,4.9884e-07,4.9884e-07,-6.30203872944616,bot2
1,3.1,80,15,4.9896e-07,4.9896e-07,-6.301934268956924,bot2
1,3.2,80,15,4.9912e-07,4.9912e-07,-6.301795027377693,bot2
1,3.3000000000000003,80,15,4.99e-07,4.99e-07,-6.30189945437661,bot2
1,3.4,80,15,4.9908e-07,4.9908e-07,-6.301829833587441,bot2
1,3.5,80,15,5.0002e-07,5.0002e-07,-6.301012624232132,bot2
1,3.6,80,15,4.995e-07,4.995e-07,-6.3014645074379985,bot2
1,3.7,80,15,4.9998e-07,4.9998e-07,-6.301047367790702,bot2
1,3.8,80,15,4.9986e-07,4.9986e-07,-6.301151615146436,bot2
1,3.9,80,15,4.9966e-07,4.9966e-07,-6.301325416366102,bot2
1,4.0,80,15,4.9944e-07,4.9944e-07,-6.301516678076767,bot2
1,4.1,80,15,5.004e-07,5.004e-07,-6.300682698978617,bot2
1,4.2,80,15,5.0014e-07,5.0014e-07,-6.300908410230215,bot2
1,4.3,80,15,4.999e-07,4.999e-07,-6.30111686324741,bot2
1,4.4,80,15,5.0012e-07,5.0012e-07,-6.300925777494005,bot2
1,4.5,80,15,5.0014e-07,5.0014e-07,-6.300908410230215,bot2
1,4.6000000000000005,80,15,5.0012e-07,5.0012e-07,-6.300925777494005,bot2
1,4.7,80,15,5.005e-07,5.005e-07,-6.300595918184663,bot2
1,4.8,80,15,4.999e-07,4.999e-07,-6.30111686324741,bot2
1,4.9,80,15,4.9978e-07,4.9978e-07,-6.30122112728806,bot2
1,5.0,80,15,5.0042e-07,5.0042e-07,-6.300665341432527,bot2
2,0.0,80,15,2.3298e-10,2.3298e-10,-9.63268135907031,bot2
2,0.1,80,15,7.3874e-07,7.3874e-07,-6.13150838492519,bot2
2,0.2,80,15,1.4038000000000002e-06,1.4038000000000002e-06,-5.8526947619238054,bot2
2,0.3,80,15,2.0004000000000004e-06,2.0004000000000004e-06,-5.69888315412437,bot2
2,0.4,80,15,2.5345000000000005e-06,2.5345000000000005e-06,-5.59610770444058,bot2
2,0.5,80,15,3.0081000000000005e-06,3.0081000000000005e-06,-5.521707730338937,bot2
2,0.6,80,15,3.4234000000000005e-06,3.4234000000000005e-06,-5.465542353668574,bot2
2,0.7,80,15,3.7866e-06,3.7866e-06,-5.42175056944158,bot2
2,0.8,80,15,4.097800000000001e-06,4.097800000000001e-06,-5.38744924188797,bot2
2,0.9,80,15,4.3644e-06,4.3644e-06,-5.3600754528976635,bot2
2,1.0,80,15,4.589500000000001e-06,4.589500000000001e-06,-5.338234625806748,bot2
2,1.1,80,15,4.7762e-06,4.7762e-06,-5.320917495723374,bot2
2,1.2,80,15,4.9285e-06,4.9285e-06,-5.307285239109519,bot2
2,1.3,80,15,5.0514000000000005e-06,5.0514000000000005e-06,-5.296588240096921,bot2
2,1.4,80,15,5.148800000000001e-06,5.148800000000001e-06,-5.2882939775810645,bot2
2,1.5,80,15,5.223500000000001e-06,5.223500000000001e-06,-5.28203840095837,bot2
2,1.6,80,15,5.279500000000001e-06,5.279500000000001e-06,-5.277407205784974,bot2
2,1.7,80,15,5.321200000000001e-06,5.321200000000001e-06,-5.27399041759021,bot2
2,1.8,80,15,5.351700000000001e-06,5.351700000000001e-06,-5.2715082397836355,bot2
2,1.9,80,15,5.3713000000000006e-06,5.3713000000000006e-06,-5.269920590557652,bot2
2,2.0,80,15,5.3885e-06,5.3885e-06,-5.268532112806871,bot2
2,2.1,80,15,5.3987000000000005e-06,5.3987000000000005e-06,-5.267710805139333,bot2
2,2.2,80,15,5.4071e-06,5.4071e-06,-5.267035598420197,bot2
2,2.3000000000000003,80,15,5.4129e-06,5.4129e-06,-5.266569996158403,bot2
2,2.4,80,15,5.4183e-06,5.4183e-06,-5.266136952655082,bot2
2,2.5,80,15,5.424700000000001e-06,5.424700000000001e-06,-5.265624274428216,bot2
2,2.6,80,15,5.4272e-06,5.4272e-06,-5.265424173759399,bot2
2,2.7,80,15,5.4311e-06,5.4311e-06,-5.265112200696902,bot2
2,2.8000000000000003,80,15,5.433e-06,5.433e-06,-5.264960294966279,bot2
2,2.9,80,15,5.4342e-06,5.4342e-06,-5.264864381873596,bot2
2,3.0,80,15,5.4362000000000006e-06,5.4362000000000006e-06,-5.264704573775714,bot2
2,3.1,80,15,5.4365e-06,5.4365e-06,-5.264680607632143,bot2
2,3.2,80,15,5.439000000000001e-06,5.439000000000001e-06,-5.264480941184829,bot2
2,3.3000000000000003,80,15,5.442000000000001e-06,5.442000000000001e-06,-5.264241462556261,bot2
2,3.4,80,15,5.442500000000001e-06,5.442500000000001e-06,-5.264201562286868,bot2
2,3.5,80,15,5.4423e-06,5.4423e-06,-5.264217521954733,bot2
2,3.6,80,15,5.444000000000001e-06,5.444000000000001e-06,-5.264081883468703,bot2
2,3.7,80,15,5.4427e-06,5.4427e-06,-5.264185603205475,bot2
2,3.8,80,15,5.446700000000001e-06,5.446700000000001e-06,-5.2638665446704325,bot2
2,3.9,80,15,5.4466000000000005e-06,5.4466000000000005e-06,-5.2638745182777305,bot2
2,4.0,80,15,5.448300000000001e-06,5.448300000000001e-06,-5.263738986859319,bot2
2,4.1,80,15,5.45e-06,5.45e-06,-5.2636034977233574,bot2
2,4.2,80,15,5.449800000000001e-06,5.449800000000001e-06,-5.263619435427974,bot2
2,4.3,80,15,5.450900000000001e-06,5.450900000000001e-06,-5.263531785289595,bot2
2,4.4,80,15,5.4512e-06,5.4512e-06,-5.263507883776198,bot2
2,4.5,80,15,5.450200000000001e-06,5.450200000000001e-06,-5.2635875606036,bot2
2,4.6000000000000005,80,15,5.4527e-06,5.4527e-06,-5.263388395936624,bot2
2,4.7,80,15,5.452500000000001e-06,5.452500000000001e-06,-5.263404325749262,bot2
2,4.8,80,15,5.4520000000000005e-06,5.4520000000000005e-06,-5.263444152837364,bot2
2,4.9,80,15,5.4523e-06,5.4523e-06,-5.263420256146223,bot2
2,5.0,80,15,5.4527e-06,5.4527e-06,-5.263388395936624,bot2
3,0.0,80,15,4.4025000000000006e-10,4.4025000000000006e-10,-9.356300635360686,bot2
3,0.1,80,15,1.4058000000000002e-06,1.4058000000000002e-06,-5.852076461019394,bot2
3,0.2,80,15,2.7352e-06,2.7352e-06,-5.563010912211462,bot2
3,0.3,80,15,3.9905e-06,3.9905e-06,-5.398972684855514,bot2
3,0.4,80,15,5.175500000000001e-06,5.175500000000001e-06,-5.286047687078499,bot2
3,0.5,80,15,6.290400000000001e-06,6.290400000000001e-06,-5.201321737341793,bot2
3,0.6,80,15,7.333100000000001e-06,7.333100000000001e-06,-5.134712392578088,bot2
3,0.7,80,15,8.310700000000002e-06,8.310700000000002e-06,-5.080362394587255,bot2
3,0.8,80,15,9.2184e-06,9.2184e-06,-5.035344451123218,bot2
3,0.9,80,15,1.00649e-05,1.00649e-05,-4.997190535694744,bot2
3,1.0,80,15,1.0849e-05,1.0849e-05,-4.964610290801323,bot2
3,1.1,80,15,1.1568e-05,1.1568e-05,-4.936741720049544,bot2
3,1.2,80,15,1.2226e-05,1.2226e-05,-4.912715608546239,bot2
3,1.3,80,15,1.2826e-05,1.2826e-05,-4.89190876441878,bot2
3,1.4,80,15,1.3384e-05,1.3384e-05,-4.873414072045662,bot2
3,1.5,80,15,1.389e-05,1.389e-05,-4.857297754262384,bot2
3,1.6,80,15,1.435e-05,1.435e-05,-4.843148098929989,bot2
3,1.7,80,15,1.4762e-05,1.4762e-05,-4.830854799008802,bot2
3,1.8,80,15,1.513e-05,1.513e-05,-4.8201610719768135,bot2
3,1.9,80,15,1.5466e-05,1.5466e-05,-4.8106219941579695,bot2
3,2.0,80,15,1.5768000000000002e-05,1.5768000000000002e-05,-4.802223388728613,bot2
3,2.1,80,15,1.603e-05,1.603e-05,-4.795066477645856,bot2
3,2.2,80,15,1.626e-05,1.626e-05,-4.788879458741951,bot2
3,2.3000000000000003,80,15,1.6464e-05,1.6464e-05,-4.7834646425816425,bot2
3,2.4,80,15,1.6638e-05,1.6638e-05,-4.778898880038494,bot2
3,2.5,80,15,1.679e-05,1.679e-05,-4.774949303861951,bot2
3,2.6,80,15,1.6914e-05,1.6914e-05,-4.771753673744754,bot2
3,2.7,80,15,1.7028e-05,1.7028e-05,-4.768836358494901,bot2
3,2.8000000000000003,80,15,1.7124e-05,1.7124e-05,-4.766394780837728,bot2
3,2.9,80,15,1.7198e-05,1.7198e-05,-4.764522055387049,bot2
3,3.0,80,15,1.7262000000000002e-05,1.7262000000000002e-05,-4.76290888772603,bot2
3,3.1,80,15,1.7312e-05,1.7312e-05,-4.7616527565735245,bot2
3,3.2,80,15,1.7354e-05,1.7354e-05,-4.760600406884213,bot2
3,3.3000000000000003,80,15,1.7392000000000002e-05,1.7392000000000002e-05,-4.75965047325778,bot2
3,3.4,80,15,1.742e-05,1.742e-05,-4.758951849328356,bot2
3,3.5,80,15,1.7442e-05,1.7442e-05,-4.758403717845929,bot2
3,3.6,80,15,1.7462e-05,1.7462e-05,-4.757906016116117,bot2
3,3.7,80,15,1.7480000000000002e-05,1.7480000000000002e-05,-4.757458571701616,bot2
3,3.8,80,15,1.7494000000000002e-05,1.7494000000000002e-05,-4.7571108778106455,bot2
3,3.9,80,15,1.7506e-05,1.7506e-05,-4.7568130758685285,bot2
3,4.0,80,15,1.751e-05,1.751e-05,-4.756713853916554,bot2
3,4.1,80,15,1.752e-05,1.752e-05,-4.756465898167938,bot2
3,4.2,80,15,1.7528000000000002e-05,1.7528000000000002e-05,-4.756267635447351,bot2
3,4.3,80,15,1.754e-05,1.754e-05,-4.7559704109699785,bot2
3,4.4,80,15,1.7546e-05,1.7546e-05,-4.755821874977456,bot2
3,4.5,80,15,1.7552e-05,1.7552e-05,-4.755673389769364,bot2
3,4.6000000000000005,80,15,1.756e-05,1.756e-05,-4.755475488429917,bot2
3,4.7,80,15,1.7562000000000002e-05,1.7562000000000002e-05,-4.755426027182565,bot2
3,4.8,80,15,1.7562000000000002e-05,1.7562000000000002e-05,-4.755426027182565,bot2
3,4.9,80,15,1.757e-05,1.757e-05,-4.755228238504705,bot2
3,5.0,80,15,1.7572e-05,1.7572e-05,-4.755178805406717,bot2
4,0.0,80,15,7.0826e-10,7.0826e-10,-9.149807284913194,bot2
4,0.1,80,15,2.0984e-06,2.0984e-06,-5.678111722417703,bot2
4,0.2,80,15,4.1183e-06,4.1183e-06,-5.385282020127169,bot2
4,0.3,80,15,6.061300000000001e-06,6.061300000000001e-06,-5.217434220342366,bot2
4,0.4,80,15,7.9283e-06,7.9283e-06,-5.1008199248851,bot2
4,0.5,80,15,9.723e-06,9.723e-06,-5.012199714248127,bot2
4,0.6,80,15,1.14442e-05,1.14442e-05,-4.941414561026037,bot2
4,0.7,80,15,1.3078e-05,1.3078e-05,-4.8834586669732545,bot2
4,0.8,80,15,1.4638e-05,1.4638e-05,-4.834518257177836,bot2
4,0.9,80,15,1.6142e-05,1.6142e-05,-4.792042657027063,bot2
4,1.0,80,15,1.7574e-05,1.7574e-05,-4.755129377934757,bot2
4,1.1,80,15,1.894e-05,1.894e-05,-4.722620025332746,bot2
4,1.2,80,15,2.0236e-05,2.0236e-05,-4.69387532926347,bot2
4,1.3,80,15,2.1464e-05,2.1464e-05,-4.668289340336117,bot2
4,1.4,80,15,2.2638e-05,2.2638e-05,-4.645161944415361,bot2
4,1.5,80,15,2.3742e-05,2.3742e-05,-4.624482699350328,bot2
4,1.6,80,15,2.4792000000000003e-05,2.4792000000000003e-05,-4.605688436768773,bot2
4,1.7,80,15,2.5784e-05,2.5784e-05,-4.588649707495722,bot2
4,1.8,80,15,2.6708e-05,2.6708e-05,-4.573358632438555,bot2
4,1.9,80,15,2.7588e-05,2.7588e-05,-4.559279782683096,bot2
4,2.0,80,15,2.8408e-05,2.8408e-05,-4.546559340706441,bot2
4,2.1,80,15,2.918e-05,2.918e-05,-4.534914712442567,bot2
4,2.2,80,15,2.9898e-05,2.9898e-05,-4.524357862445299,bot2
4,2.3000000000000003,80,15,3.0572e-05,3.0572e-05,-4.514676149087063,bot2
4,2.4,80,15,3.1202000000000004e-05,3.1202000000000004e-05,-4.505817567483941,bot2
4,2.5,80,15,3.1788e-05,3.1788e-05,-4.497736795655144,bot2
4,2.6,80,15,3.2328e-05,3.2328e-05,-4.490421162565409,bot2
4,2.7,80,15,3.283e-05,3.283e-05,-4.48372911727066,bot2
4,2.8000000000000003,80,15,3.3298e-05,3.3298e-05,-4.477581851029674,bot2
4,2.9,80,15,3.3722e-05,3.3722e-05,-4.472086675945102,bot2
4,3.0,80,15,3.4124e-05,3.4124e-05,-4.466940066715885,bot2
4,3.1,80,15,3.4488e-05,3.4488e-05,-4.462331990154168,bot2
4,3.2,80,15,3.4818000000000004e-05,3.4818000000000004e-05,-4.458196179051826,bot2
4,3.3000000000000003,80,15,3.5122e-05,3.5122e-05,-4.454420761438124,bot2
4,3.4,80,15,3.5398e-05,3.5398e-05,-4.451021275078764,bot2
4,3.5,80,15,3.5642e-05,3.5642e-05,-4.448037934135906,bot2
4,3.6,80,15,3.5868e-05,3.5868e-05,-4.445292838913095,bot2
4,3.7,80,15,3.6066e-05,3.6066e-05,-4.44290202164774,bot2
4,3.8,80,15,3.6254e-05,3.6254e-05,-4.440644069587046,bot2
4,3.9,80,15,3.6412e-05,3.6412e-05,-4.438755465940846,bot2
4,4.0,80,15,3.6556e-05,3.6556e-05,-4.437041331345377,bot2
4,4.1,80,15,3.6684e-05,3.6684e-05,-4.435523315226287,bot2
4,4.2,80,15,3.6796e-05,3.6796e-05,-4.434199389814154,bot2
4,4.3,80,15,3.6892e-05,3.6892e-05,-4.433067800034262,bot2
4,4.4,80,15,3.698e-05,3.698e-05,-4.4320330931768455,bot2
4,4.5,80,15,3.7058e-05,3.7058e-05,-4.431118023020414,bot2
4,4.6000000000000005,80,15,3.7124e-05,3.7124e-05,-4.430345236000148,bot2
4,4.7,80,15,3.7186e-05,3.7186e-05,-4.429620535041298,bot2
4,4.8,80,15,3.724e-05,3.724e-05,-4.428990327690695,bot2
4,4.9,80,15,3.7284e-05,3.7284e-05,-4.428477500697401,bot2
4,5.0,80,15,3.7326e-05,3.7326e-05,-4.427988548273687,bot2
5,0.0,80,15,1.1004e-09,1.1004e-09,-8.958449418282354,bot2
5,0.1,80,15,2.7788000000000004e-06,2.7788000000000004e-06,-5.556142709797682,bot2
5,0.2,80,15,5.4748000000000005e-06,5.4748000000000005e-06,-5.261631741416225,bot2
5,0.3,80,15,8.0898e-06,8.0898e-06,-5.092062215096017,bot2
5,0.4,80,15,1.06305e-05,1.06305e-05,-4.973446308182802,bot2
5,0.5,80,15,1.3082e-05,1.3082e-05,-4.8833258552040535,bot2
5,0.6,80,15,1.5446e-05,1.5446e-05,-4.811183969497647,bot2
5,0.7,80,15,1.7758000000000002e-05,1.7758000000000002e-05,-4.7506059483476495,bot2
5,0.8,80,15,1.9986e-05,1.9986e-05,-4.69927411692518,bot2
5,0.9,80,15,2.214e-05,2.214e-05,-4.654822383457296,bot2
5,1.0,80,15,2.4226e-05,2.4226e-05,-4.615718287114415,bot2
5,1.1,80,15,2.6244e-05,2.6244e-05,-4.5809699709147385,bot2
5,1.2,80,15,2.8184e-05,2.8184e-05,-4.549997369826814,bot2
5,1.3,80,15,3.0058000000000003e-05,3.0058000000000003e-05,-4.522039919885513,bot2
5,1.4,80,15,3.1862e-05,3.1862e-05,-4.496726966711213,bot2
5,1.5,80,15,3.3606e-05,3.3606e-05,-4.473583176947615,bot2
5,1.6,80,15,3.527e-05,3.527e-05,-4.452594540332511,bot2
5,1.7,80,15,3.688e-05,3.688e-05,-4.433209087618408,bot2
5,1.8,80,15,3.8424e-05,3.8424e-05,-4.415397426369094,bot2
5,1.9,80,15,3.9908000000000005e-05,3.9908000000000005e-05,-4.398940036453717,bot2
5,2.0,80,15,4.1324e-05,4.1324e-05,-4.3837976471270315,bot2
5,2.1,80,15,4.2684e-05,4.2684e-05,-4.369734888766595,bot2
5,2.2,80,15,4.3982e-05,4.3982e-05,-4.356725025788899,bot2
5,2.3000000000000003,80,15,4.5226e-05,4.5226e-05,-4.344611821600697,bot2
5,2.4,80,15,4.6422e-05,4.6422e-05,-4.333276152758756,bot2
5,2.5,80,15,4.7546e-05,4.7546e-05,-4.322886013973657,bot2
5,2.6,80,15,4.863e-05,4.863e-05,-4.313095730431822,bot2
5,2.7,80,15,4.9658000000000005e-05,4.9658000000000005e-05,-4.304010775849819,bot2
5,2.8000000000000003,80,15,5.0632e-05,5.0632e-05,-4.29557491733351,bot2
5,2.9,80,15,5.156e-05,5.156e-05,-4.2876870913186345,bot2
5,3.0,80,15,5.244e-05,5.244e-05,-4.280337316981953,bot2
5,3.1,80,15,5.3282e-05,5.3282e-05,-4.273419481798306,bot2
5,3.2,80,15,5.407e-05,5.407e-05,-4.267043630424375,bot2
5,3.3000000000000003,80,15,5.4816000000000005e-05,5.4816000000000005e-05,-4.261092658714584,bot2
5,3.4,80,15,5.5524e-05,5.5524e-05,-4.255519254452478,bot2
5,3.5,80,15,5.6186e-05,5.6186e-05,-4.250371885145941,bot2
5,3.6,80,15,5.6818e-05,5.6818e-05,-4.245514057558715,bot2
5,3.7,80,15,5.7408e-05,5.7408e-05,-4.241027582972021,bot2
5,3.8,80,15,5.7968000000000005e-05,5.7968000000000005e-05,-4.236811683309538,bot2
5,3.9,80,15,5.8478000000000005e-05,5.8478000000000005e-05,-4.233007489056641,bot2
5,4.0,80,15,5.897e-05,5.897e-05,-4.229368872222193,bot2
5,4.1,80,15,5.944e-05,5.944e-05,-4.225921199247481,bot2
5,4.2,80,15,5.986e-05,5.986e-05,-4.222863287495827,bot2
5,4.3,80,15,6.0258000000000005e-05,6.0258000000000005e-05,-4.219985286923833,bot2
5,4.4,80,15,6.063e-05,6.063e-05,-4.217312431765033,bot2
5,4.5,80,15,6.0972000000000005e-05,6.0972000000000005e-05,-4.2148695590420795,bot2
5,4.6000000000000005,80,15,6.1296e-05,6.1296e-05,-4.212567865360997,bot2
5,4.7,80,15,6.159e-05,6.159e-05,-4.210489795909746,bot2
5,4.8,80,15,6.187e-05,6.187e-05,-4.208519883979999,bot2
5,4.9,80,15,6.212600000000001e-05,6.212600000000001e-05,-4.206726607659229,bot2
5,5.0,80,15,6.236e-05,6.236e-05,-4.205093893483196,bot2
-5,0.0,80,20,3.6822e-12,3.6822e-12,-11.433892626332424,bot1
-5,0.1,80,20,4.151e-12,4.151e-12,-11.381847266621481,bot1
-5,0.2,80,20,4.3144e-12,4.3144e-12,-11.365079592719894,bot1
-5,0.3,80,20,-4.7068e-12,4.7068e-12,-11.32727425521831,bot1
-5,0.4,80,20,-4.1284e-12,4.1284e-12,-11.384218230620975,bot1
-5,0.5,80,20,1.0664e-12,1.0664e-12,-11.972079863594198,bot1
-5,0.6,80,20,-3.096e-13,3.096e-13,-12.509199047989146,bot1
-5,0.7,80,20,-1.7858e-12,1.7858e-12,-11.748167181371361,bot1
-5,0.8,80,20,-2.7194e-12,2.7194e-12,-11.565526906786921,bot1
-5,0.9,80,20,-3.4854e-12,3.4854e-12,-11.457747373140128,bot1
-5,1.0,80,20,-3.9304e-12,3.9304e-12,-11.405563248873234,bot1
-5,1.1,80,20,-4.1282e-12,4.1282e-12,-11.384239270491236,bot1
-5,1.2,80,20,-4.2702e-12,4.2702e-12,-11.369551783789431,bot1
-5,1.3,80,20,4.8434e-12,4.8434e-12,-11.314849662562137,bot1
-5,1.4,80,20,3.8434e-12,3.8434e-12,-11.415284414194863,bot1
-5,1.5,80,20,-6.53e-13,6.53e-13,-12.185086818724926,bot1
-5,1.6,80,20,8.373999999999999e-13,8.373999999999999e-13,-12.077067043444789,bot1
-5,1.7,80,20,1.9474e-12,1.9474e-12,-11.710544834329715,bot1
-5,1.8,80,20,2.9108e-12,2.9108e-12,-11.535987633750587,bot1
-5,1.9,80,20,3.5298e-12,3.5298e-12,-11.45224990122891,bot1
-5,2.0,80,20,3.913e-12,3.913e-12,-11.407490152099319,bot1
-5,2.1,80,20,4.1886e-12,4.1886e-12,-11.377931111609964,bot1
-5,2.2,80,20,-4.7944e-12,4.7944e-12,-11.319265735311571,bot1
-5,2.3000000000000003,80,20,-4.3978e-12,4.3978e-12,-11.356764525059678,bot1
-5,2.4,80,20,1.7504e-12,1.7504e-12,-11.756862695346664,bot1
-5,2.5,80,20,3.882e-13,3.882e-13,-12.410944468947656,bot1
-5,2.6,80,20,-8.041999999999999e-13,8.041999999999999e-13,-12.094635931233107,bot1
-5,2.7,80,20,-2.0786e-12,2.0786e-12,-11.68222907704976,bot1
-5,2.8000000000000003,80,20,-2.9182e-12,2.9182e-12,-11.53488494687716,bot1
-5,2.9,80,20,-3.5722e-12,3.5722e-12,-11.447064233863891,bot1
-5,3.0,80,20,-4.0552e-12,4.0552e-12,-11.391987721784655,bot1
-5,3.1,80,20,-4.1738e-12,4.1738e-12,-11.379468365279525,bot1
-5,3.2,80,20,-4.343e-12,4.343e-12,-11.362210170637772,bot1
-5,3.3000000000000003,80,20,4.958e-12,4.958e-12,-11.304693477568197,bot1
-5,3.4,80,20,3.9348e-12,3.9348e-12,-11.40507733728301,bot1
-5,3.5,80,20,-6.65e-13,6.65e-13,-12.177178354696895,bot1
-5,3.6,80,20,7.382e-13,7.382e-13,-12.131825959140361,bot1
-5,3.7,80,20,1.8486e-12,1.8486e-12,-11.733157051299417,bot1
-5,3.8,80,20,2.9008e-12,2.9008e-12,-11.537482213248566,bot1
-5,3.9,80,20,3.6582e-12,3.6582e-12,-11.436732554594437,bot1
-5,4.0,80,20,4.2104e-12,4.2104e-12,-11.37567664299078,bot1
-5,4.1,80,20,4.566e-12,4.566e-12,-11.340464092845783,bot1
-5,4.2,80,20,4.8576e-12,4.8576e-12,-11.313578250120633,bot1
-5,4.3,80,20,-4.303e-12,4.303e-12,-11.366228653917444,bot1
-5,4.4,80,20,-3.2414e-12,3.2414e-12,-11.489267372215666,bot1
-5,4.5,80,20,1.395e-12,1.395e-12,-11.855425792390383,bot1
-5,4.6000000000000005,80,20,3.08e-14,3.08e-14,-13.511449283499555,bot1
-5,4.7,80,20,-1.0278e-12,1.0278e-12,-11.988091386650845,bot1
-5,4.8,80,20,-1.7858e-12,1.7858e-12,-11.748167181371361,bot1
-5,4.9,80,20,-2.3026e-12,2.3026e-12,-11.637781499673947,bot1
-5,5.0,80,20,-2.5358e-12,2.5358e-12,-11.595885002494404,bot1
-4,0.0,80,20,-4.961e-12,4.961e-12,-11.304430772963814,bot1
-4,0.1,80,20,2.4066e-12,2.4066e-12,-11.61859608763471,bot1
-4,0.2,80,20,1.119e-12,1.119e-12,-11.95116991347165,bot1
-4,0.3,80,20,-1.538e-13,1.538e-13,-12.813043664534588,bot1
-4,0.4,80,20,-1.3614e-12,1.3614e-12,-11.86601425373142,bot1
-4,0.5,80,20,-2.5016e-12,2.5016e-12,-11.601782131765123,bot1
-4,0.6,80,20,-3.1726e-12,3.1726e-12,-11.498584680103631,bot1
-4,0.7,80,20,-3.6804e-12,3.6804e-12,-11.43410497796989,bot1
-4,0.8,80,20,-4.0286e-12,4.0286e-12,-11.39484585160311,bot1
-4,0.9,80,20,-4.2852e-12,4.2852e-12,-11.368028903759594,bot1
-4,1.0,80,20,4.8824e-12,4.8824e-12,-11.311366643051464,bot1
-4,1.1,80,20,4.1964e-12,4.1964e-12,-11.37712312164313,bot1
-4,1.2,80,20,-1.3974e-12,1.3974e-12,-11.854679261081676,bot1
-4,1.3,80,20,4.2599999999999996e-14,4.2599999999999996e-14,-13.370590400897282,bot1
-4,1.4,80,20,1.1304e-12,1.1304e-12,-11.946767851159498,bot1
-4,1.5,80,20,2.173e-12,2.173e-12,-11.662940273679476,bot1
-4,1.6,80,20,3.0058e-12,3.0058e-12,-11.522039919885513,bot1
-4,1.7,80,20,3.5766e-12,3.5766e-12,-11.446529627786878,bot1
-4,1.8,80,20,4.0746e-12,4.0746e-12,-11.38991501914961,bot1
-4,1.9,80,20,4.268e-12,4.268e-12,-11.369775589247567,bot1
-4,2.0,80,20,4.348e-12,4.348e-12,-11.361710464585743,bot1
-4,2.1,80,20,-4.8604e-12,4.8604e-12,-11.313327987806787,bot1
-4,2.2,80,20,-3.8892e-12,3.8892e-12,-11.410139722920166,bot1
-4,2.3000000000000003,80,20,8.86e-13,8.86e-13,-12.05256627811295,bot1
-4,2.4,80,20,-6.848e-13,6.848e-13,-12.164436248330903,bot1
-4,2.5,80,20,-1.905e-12,1.905e-12,-11.720105019988361,bot1
-4,2.6,80,20,-2.8544e-12,2.8544e-12,-11.544485167303971,bot1
-4,2.7,80,20,-3.4914e-12,3.4914e-12,-11.457000392422946,bot1
-4,2.8000000000000003,80,20,-3.9402e-12,3.9402e-12,-11.404481733328762,bot1
-4,2.9,80,20,-4.2164e-12,4.2164e-12,-11.375058195340007,bot1
-4,3.0,80,20,4.7628e-12,4.7628e-12,-11.322137655045212,bot1
-4,3.1,80,20,4.394e-12,4.394e-12,-11.357139947415508,bot1
-4,3.2,80,20,-1.6414e-12,1.6414e-12,-11.784785570912772,bot1
-4,3.3000000000000003,80,20,-1.8e-15,1.8e-15,-14.744727494896694,bot1
-4,3.4,80,20,1.2496e-12,1.2496e-12,-11.903228983466775,bot1
-4,3.5,80,20,2.2012e-12,2.2012e-12,-11.65734049586088,bot1
-4,3.6,80,20,3.0546e-12,3.0546e-12,-11.515045652579019,bot1
-4,3.7,80,20,3.7466e-12,3.7466e-12,-11.426362671215193,bot1
-4,3.8,80,20,4.067e-12,4.067e-12,-11.390725827595412,bot1
-4,3.9,80,20,4.2734e-12,4.2734e-12,-11.369226454324783,bot1
-4,4.0,80,20,-4.868e-12,4.868e-12,-11.312649430441972,bot1
-4,4.1,80,20,-4.2356e-12,4.2356e-12,-11.37308506036702,bot1
-4,4.2,80,20,1.6474e-12,1.6474e-12,-11.783200938352335,bot1
-4,4.3,80,20,1.294e-13,1.294e-13,-12.888065723667319,bot1
-4,4.4,80,20,-1.0094e-12,1.0094e-12,-11.995936699602334,bot1
-4,4.5,80,20,-2.1362e-12,2.1362e-12,-11.670358089269788,bot1
-4,4.6000000000000005,80,20,-2.9634e-12,2.9634e-12,-11.528209723454808,bot1
-4,4.7,80,20,-3.6908e-12,3.6908e-12,-11.43287948806084,bot1
-4,4.8,80,20,-4.1384e-12,4.1384e-12,-11.383167534598973,bot1
-4,4.9,80,20,-4.2526e-12,4.2526e-12,-11.371345465149242,bot1
-4,5.0,80,20,4.788e-12,4.788e-12,-11.319845858265627,bot1
-3,0.0,80,20,3.842e-12,3.842e-12,-11.415442639474325,bot1
-3,0.1,80,20,7.682e-13,7.682e-13,-12.114525697170842,bot1
-3,0.2,80,20,1.9874e-12,1.9874e-12,-11.701714714515916,bot1
-3,0.3,80,20,2.8478e-12,2.8478e-12,-11.545490514314094,bot1
-3,0.4,80,20,3.5056e-12,3.5056e-12,-11.45523763978337,bot1
-3,0.5,80,20,3.967e-12,3.967e-12,-11.40153779952585,bot1
-3,0.6,80,20,4.2074e-12,4.2074e-12,-11.375986197387622,bot1
-3,0.7,80,20,4.2962e-12,4.2962e-12,-11.366915509227823,bot1
-3,0.8,80,20,-4.7966e-12,4.7966e-12,-11.319066496884515,bot1
-3,0.9,80,20,-3.866e-12,3.866e-12,-11.412738150307465,bot1
-3,1.0,80,20,8.899999999999999e-13,8.899999999999999e-13,-12.050609993355087,bot1
-3,1.1,80,20,-5.402e-13,5.402e-13,-12.267445420148569,bot1
-3,1.2,80,20,-1.8552e-12,1.8552e-12,-11.73160926437007,bot1
-3,1.3,80,20,-2.7982e-12,2.7982e-12,-11.553121247745475,bot1
-3,1.4,80,20,-3.4614e-12,3.4614e-12,-11.460748210658213,bot1
-3,1.5,80,20,-3.9398e-12,3.9398e-12,-11.404525824139146,bot1
-3,1.6,80,20,-4.194e-12,4.194e-12,-11.377371573870676,bot1
-3,1.7,80,20,-4.4152e-12,4.4152e-12,-11.355049618942793,bot1
-3,1.8,80,20,4.8898e-12,4.8898e-12,-11.31070890379513,bot1
-3,1.9,80,20,3.7896e-12,3.7896e-12,-11.4214066282801,bot1
-3,2.0,80,20,-6.732e-13,6.732e-13,-12.171855892696215,bot1
-3,2.1,80,20,6.36e-13,6.36e-13,-12.196542884351587,bot1
-3,2.2,80,20,1.8716e-12,1.8716e-12,-11.727786963479858,bot1
-3,2.3000000000000003,80,20,2.892e-12,2.892e-12,-11.538801711377507,bot1
-3,2.4,80,20,3.5662e-12,3.5662e-12,-11.447794304329278,bot1
-3,2.5,80,20,3.9424e-12,3.9424e-12,-11.404239313851688,bot1
-3,2.6,80,20,4.1878e-12,4.1878e-12,-11.37801406743504,bot1
-3,2.7,80,20,4.391e-12,4.391e-12,-11.357436562895613,bot1
-3,2.8000000000000003,80,20,-4.9006e-12,4.9006e-12,-11.309750744310922,bot1
-3,2.9,80,20,-3.9118e-12,3.9118e-12,-11.407623357646393,bot1
-3,3.0,80,20,9.266e-13,9.266e-13,-12.033107704132863,bot1
-3,3.1,80,20,-3.43e-13,3.43e-13,-12.46470587995723,bot1
-3,3.2,80,20,-1.6664e-12,1.6664e-12,-11.778220743060311,bot1
-3,3.3000000000000003,80,20,-2.4564e-12,2.4564e-12,-11.60970091128987,bot1
-3,3.4,80,20,-3.3422e-12,3.3422e-12,-11.47596756512561,bot1
-3,3.5,80,20,-3.7888e-12,3.7888e-12,-11.421498319293192,bot1
-3,3.6,80,20,-4.0812e-12,4.0812e-12,-11.389212122019654,bot1
-3,3.7,80,20,-4.271e-12,4.271e-12,-11.369470428573177,bot1
-3,3.8,80,20,4.729e-12,4.729e-12,-11.325230685984573,bot1
-3,3.9,80,20,4.216e-12,4.216e-12,-11.375099397795509,bot1
-3,4.0,80,20,-1.8686e-12,1.8686e-12,-11.728483655488368,bot1
-3,4.1,80,20,-4.658e-13,4.658e-13,-12.331800515801339,bot1
-3,4.2,80,20,6.72e-13,6.72e-13,-12.172630726946174,bot1
-3,4.3,80,20,1.812e-12,1.812e-12,-11.741841806659206,bot1
-3,4.4,80,20,2.7418e-12,2.7418e-12,-11.56196422790692,bot1
-3,4.5,80,20,3.517e-12,3.517e-12,-11.453827631683058,bot1
-3,4.6000000000000005,80,20,3.931e-12,3.931e-12,-11.405496956179912,bot1
-3,4.7,80,20,4.167e-12,4.167e-12,-11.380176499542722,bot1
-3,4.8,80,20,4.2982e-12,4.2982e-12,-11.366713380171815,bot1
-3,4.9,80,20,-4.8294e-12,4.8294e-12,-11.316106822224755,bot1
-3,5.0,80,20,-4.1868e-12,4.1868e-12,-11.378117784504264,bot1
-2,0.0,80,20,4.3156e-12,4.3156e-12,-11.36495881557467,bot1
-2,0.1,80,20,-4.9248e-12,4.9248e-12,-11.307611401848614,bot1
-2,0.2,80,20,-3.4864e-12,3.4864e-12,-11.45762278709782,bot1
-2,0.3,80,20,3.97e-13,3.97e-13,-12.401209493236886,bot1
-2,0.4,80,20,-8.146e-13,8.146e-13,-12.089055594250022,bot1
-2,0.5,80,20,-2.076e-12,2.076e-12,-11.68277265082358,bot1
-2,0.6,80,20,-3.0822e-12,3.0822e-12,-11.51113918389202,bot1
-2,0.7,80,20,-3.617e-12,3.617e-12,-11.44165149123838,bot1
-2,0.8,80,20,-3.9882e-12,3.9882e-12,-11.399223070842215,bot1
-2,0.9,80,20,-4.132e-12,4.132e-12,-11.383839687152417,bot1
-2,1.0,80,20,-4.3214e-12,4.3214e-12,-11.364375532403736,bot1
-2,1.1,80,20,4.8564e-12,4.8564e-12,-11.313685549560809,bot1
-2,1.2,80,20,4.1336e-12,4.1336e-12,-11.383671551462395,bot1
-2,1.3,80,20,-1.1886e-12,1.1886e-12,-11.924964274077809,bot1
-2,1.4,80,20,4.46e-14,4.46e-14,-13.350665141287859,bot1
-2,1.5,80,20,1.0922e-12,1.0922e-12,-11.961697827800476,bot1
-2,1.6,80,20,2.0804e-12,2.0804e-12,-11.681853154897205,bot1
-2,1.7,80,20,2.8522e-12,2.8522e-12,-11.54482002445447,bot1
-2,1.8,80,20,3.3838e-12,3.3838e-12,-11.470595313914112,bot1
-2,1.9,80,20,3.8482e-12,3.8482e-12,-11.414742364742537,bot1
-2,2.0,80,20,4.2366e-12,4.2366e-12,-11.372982538121578,bot1
-2,2.1,80,20,4.3486e-12,4.3486e-12,-11.361650538479092,bot1
-2,2.2,80,20,-4.8228e-12,4.8228e-12,-11.31670074776034,bot1
-2,2.3000000000000003,80,20,-4.1018e-12,4.1018e-12,-11.387025519251399,bot1
-2,2.4,80,20,1.5348e-12,1.5348e-12,-11.813948209473722,bot1
-2,2.5,80,20,1.336e-13,1.336e-13,-12.874193541860473,bot1
-2,2.6,80,20,-9.784e-13,9.784e-13,-12.009483555971771,bot1
-2,2.7,80,20,-2.079e-12,2.079e-12,-11.682145510668532,bot1
-2,2.8000000000000003,80,20,-2.9752e-12,2.9752e-12,-11.526483834649083,bot1
-2,2.9,80,20,-3.634e-12,3.634e-12,-11.439615077027984,bot1
-2,3.0,80,20,-4.0466e-12,4.0466e-12,-11.392909722808419,bot1
-2,3.1,80,20,-4.1414e-12,4.1414e-12,-11.382852820837114,bot1
-2,3.2,80,20,-4.2676e-12,4.2676e-12,-11.369816293543197,bot1
-2,3.3000000000000003,80,20,4.7292e-12,4.7292e-12,-11.325212319086772,bot1
-2,3.4,80,20,4.3404e-12,4.3404e-12,-11.362470245190755,bot1
-2,3.5,80,20,-1.7978e-12,1.7978e-12,-11.745258623908464,bot1
-2,3.6,80,20,-5.18e-13,5.18e-13,-12.285670240254767,bot1
-2,3.7,80,20,7.394e-13,7.394e-13,-12.131120553762912,bot1
-2,3.8,80,20,1.7282e-12,1.7282e-12,-11.762405999200753,bot1
-2,3.9,80,20,2.5806e-12,2.5806e-12,-11.588279307062264,bot1
-2,4.0,80,20,3.1638e-12,3.1638e-12,-11.499790978284892,bot1
-2,4.1,80,20,3.6484e-12,3.6484e-12,-11.437897552945197,bot1
-2,4.2,80,20,4.0436e-12,4.0436e-12,-11.393231812127702,bot1
-2,4.3,80,20,4.2718e-12,4.2718e-12,-11.36938908859412,bot1
-2,4.4,80,20,-4.7686e-12,4.7686e-12,-11.321609105554906,bot1
-2,4.5,80,20,-4.5534e-12,4.5534e-12,-11.341664196789923,bot1
-2,4.6000000000000005,80,20,2.2366e-12,2.2366e-12,-11.650411679437537,bot1
-2,4.7,80,20,7.476e-13,7.476e-13,-12.126330707293205,bot1
-2,4.8,80,20,-3.536e-13,3.536e-13,-12.451487743658964,bot1
-2,4.9,80,20,-1.4254e-12,1.4254e-12,-11.846063245539066,bot1
-2,5.0,80,20,-2.302e-12,2.302e-12,-11.637894680706227,bot1
-1,0.0,80,20,-4.5762e-12,4.5762e-12,-11.339495003227642,bot1
-1,0.1,80,20,4.8302e-12,4.8302e-12,-11.31603488641244,bot1
-1,0.2,80,20,4.195e-12,4.195e-12,-11.37726803483528,bot1
-1,0.3,80,20,-1.7596e-12,1.7596e-12,-11.754586046695175,bot1
-1,0.4,80,20,-6.332e-13,6.332e-13,-12.198459093809682,bot1
-1,0.5,80,20,4.96e-13,4.96e-13,-12.304518323509802,bot1
-1,0.6,80,20,1.7166e-12,1.7166e-12,-11.765330891811093,bot1
-1,0.7,80,20,2.5354e-12,2.5354e-12,-11.595953514007704,bot1
-1,0.8,80,20,3.2674e-12,3.2674e-12,-11.4857976952892,bot1
-1,0.9,80,20,3.9186e-12,3.9186e-12,-11.4068690658556,bot1
-1,1.0,80,20,4.1014e-12,4.1014e-12,-11.387067872916528,bot1
-1,1.1,80,20,4.22e-12,4.22e-12,-11.374687549038326,bot1
-1,1.2,80,20,-4.7646e-12,4.7646e-12,-11.321973553595345,bot1
-1,1.3,80,20,-4.4352e-12,4.4352e-12,-11.353086791404307,bot1
-1,1.4,80,20,1.5716e-12,1.5716e-12,-11.803657979860231,bot1
-1,1.5,80,20,1.53e-13,1.53e-13,-12.8153085691824,bot1
-1,1.6,80,20,-1.2474e-12,1.2474e-12,-11.903994260284888,bot1
-1,1.7,80,20,-2.2804e-12,2.2804e-12,-11.641988967667906,bot1
-1,1.8,80,20,-3.0582e-12,3.0582e-12,-11.514534116027649,bot1
-1,1.9,80,20,-3.605e-12,3.605e-12,-11.443094730944551,bot1
-1,2.0,80,20,-3.9814e-12,3.9814e-12,-11.399964187885383,bot1
-1,2.1,80,20,-4.2194e-12,4.2194e-12,-11.374749301459016,bot1
-1,2.2,80,20,4.8398e-12,4.8398e-12,-11.315172584779356,bot1
-1,2.3000000000000003,80,20,4.3448e-12,4.3448e-12,-11.362030210215428,bot1
-1,2.4,80,20,-1.4266e-12,1.4266e-12,-11.845697780315335,bot1
-1,2.5,80,20,2.72e-14,2.72e-14,-13.5654310959658,bot1
-1,2.6,80,20,1.2926e-12,1.2926e-12,-11.888535848413346,bot1
-1,2.7,80,20,2.2022e-12,2.2022e-12,-11.657143241698476,bot1
-1,2.8000000000000003,80,20,3.0724e-12,3.0724e-12,-11.5125222435611,bot1
-1,2.9,80,20,3.5892e-12,3.5892e-12,-11.445002340921057,bot1
-1,3.0,80,20,4.0852e-12,4.0852e-12,-11.38878667676433,bot1
-1,3.1,80,20,4.2814e-12,4.2814e-12,-11.368414195273024,bot1
-1,3.2,80,20,-4.775e-12,4.775e-12,-11.321026624080234,bot1
-1,3.3000000000000003,80,20,-4.3584e-12,4.3584e-12,-11.360672914103327,bot1
-1,3.4,80,20,1.9492e-12,1.9492e-12,-11.710143597290744,bot1
-1,3.5,80,20,4.322e-13,4.322e-13,-12.364315237452777,bot1
-1,3.6,80,20,-7.952e-13,7.952e-13,-12.099523628610743,bot1
-1,3.7,80,20,5.08e-14,5.08e-14,-13.29413628771608,bot1
-1,3.8,80,20,-1.277e-12,1.277e-12,-11.893809102736585,bot1
-1,3.9,80,20,-2.2452e-12,2.2452e-12,-11.648744966452366,bot1
-1,4.0,80,20,-3.109e-12,3.109e-12,-11.507379277956808,bot1
-1,4.1,80,20,-3.6828e-12,3.6828e-12,-11.433821865520553,bot1
-1,4.2,80,20,-4.0684e-12,4.0684e-12,-11.390576354359759,bot1
-1,4.3,80,20,-4.2348e-12,4.2348e-12,-11.373167095592406,bot1
-1,4.4,80,20,4.7866e-12,4.7866e-12,-11.319972863525168,bot1
-1,4.5,80,20,4.2378e-12,4.2378e-12,-11.37285954336519,bot1
-1,4.6000000000000005,80,20,-1.58e-12,1.58e-12,-11.801342913045577,bot1
-1,4.7,80,20,-7.459999999999999e-14,7.459999999999999e-14,-13.127261172527332,bot1
-1,4.8,80,20,1.1494e-12,1.1494e-12,-11.939528807202322,bot1
-1,4.9,80,20,2.1402e-12,2.1402e-12,-11.669545640278002,bot1
-1,5.0,80,20,3.0374e-12,3.0374e-12,-11.517498011389712,bot1
0,0.0,80,20,9.0346e-12,9.0346e-12,-11.04409107073319,bot1
0,0.1,80,20,4.9944e-09,4.9944e-09,-8.301516678076768,bot1
0,0.2,80,20,5.7506e-09,5.7506e-09,-8.240286839989539,bot1
0,0.3,80,20,5.7779e-09,5.7779e-09,-8.238229978903039,bot1
0,0.4,80,20,5.7708999999999996e-09,5.7708999999999996e-09,-8.23875645121975,bot1
0,0.5,80,20,5.7471e-09,5.7471e-09,-8.24055124604181,bot1
0,0.6,80,20,5.7807e-09,5.7807e-09,-8.238019568546575,bot1
0,0.7,80,20,5.796e-09,5.796e-09,-8.236871623200862,bot1
0,0.8,80,20,5.8136e-09,5.8136e-09,-8.235554852814797,bot1
0,0.9,80,20,5.7774e-09,5.7774e-09,-8.238267562910565,bot1
0,1.0,80,20,5.7625e-09,5.7625e-09,-8.239389061602296,bot1
0,1.1,80,20,5.7401e-09,5.7401e-09,-8.241080541561976,bot1
0,1.2,80,20,5.7736e-09,5.7736e-09,-8.238553307710283,bot1
0,1.3,80,20,5.7762999999999996e-09,5.7762999999999996e-09,-8.238350259177828,bot1
0,1.4,80,20,5.7942e-09,5.7942e-09,-8.23700651821108,bot1
0,1.5,80,20,5.7728e-09,5.7728e-09,-8.23861348847417,bot1
0,1.6,80,20,5.7627e-09,5.7627e-09,-8.239373988736508,bot1
0,1.7,80,20,5.7336e-09,5.7336e-09,-8.241572608538515,bot1
0,1.8,80,20,5.75e-09,5.75e-09,-8.24033215531037,bot1
0,1.9,80,20,5.7672e-09,5.7672e-09,-8.239034987484494,bot1
0,2.0,80,20,5.7914e-09,5.7914e-09,-8.237216438210563,bot1
0,2.1,80,20,5.7761e-09,5.7761e-09,-8.238365296554718,bot1
0,2.2,80,20,5.7542e-09,5.7542e-09,-8.240015047314154,bot1
0,2.3000000000000003,80,20,5.7263999999999996e-09,5.7263999999999996e-09,-8.242118318954072,bot1
0,2.4,80,20,5.7443e-09,5.7443e-09,-8.240762886846829,bot1
0,2.5,80,20,5.7625e-09,5.7625e-09,-8.239389061602296,bot1
0,2.6,80,20,5.7886e-09,5.7886e-09,-8.237426459725766,bot1
0,2.7,80,20,5.7621e-09,5.7621e-09,-8.239419208903344,bot1
0,2.8000000000000003,80,20,5.7536e-09,5.7536e-09,-8.240060334282884,bot1
0,2.9,80,20,5.727e-09,5.727e-09,-8.24207281688667,bot1
0,3.0,80,20,5.7347e-09,5.7347e-09,-8.241489296464092,bot1
0,3.1,80,20,5.7581e-09,5.7581e-09,-8.239720797069769,bot1
0,3.2,80,20,5.7789e-09,5.7789e-09,-8.23815482064418,bot1
0,3.3000000000000003,80,20,5.7747e-09,5.7747e-09,-8.238470572774139,bot1
0,3.4,80,20,5.7544e-09,5.7544e-09,-8.23999995270727,bot1
0,3.5,80,20,5.7326e-09,5.7326e-09,-8.241648360659184,bot1
0,3.6,80,20,5.7315e-09,5.7315e-09,-8.24173170325591,bot1
0,3.7,80,20,5.756e-09,5.756e-09,-8.239879214735433,bot1
0,3.8,80,20,5.7766e-09,5.7766e-09,-8.238327704088698,bot1
0,3.9,80,20,5.7784e-09,5.7784e-09,-8.238192398147765,bot1
0,4.0,80,20,5.7544e-09,5.7544e-09,-8.23999995270727,bot1
0,4.1,80,20,5.7331e-09,5.7331e-09,-8.24161048294721,bot1
0,4.2,80,20,5.7309e-09,5.7309e-09,-8.241777169596185,bot1
0,4.3,80,20,5.7572e-09,5.7572e-09,-8.239788683279334,bot1
0,4.4,80,20,5.7761e-09,5.7761e-09,-8.238365296554718,bot1
0,4.5,80,20,5.7823e-09,5.7823e-09,-8.23789937981087,bot1
0,4.6000000000000005,80,20,5.7541e-09,5.7541e-09,-8.24002259481434,bot1
0,4.7,80,20,5.7447e-09,5.7447e-09,-8.24073264613087,bot1
0,4.8,80,20,5.7181e-09,5.7181e-09,-8.242748253827902,bot1
0,4.9,80,20,5.7525e-09,5.7525e-09,-8.240143372659318,bot1
0,5.0,80,20,5.7635e-09,5.7635e-09,-8.239313702504084,bot1
1,0.0,80,20,1.5782e-10,1.5782e-10,-9.801837960953925,bot1
1,0.1,80,20,2.7192e-07,2.7192e-07,-6.565558848424996,bot1
1,0.2,80,20,5.0798e-07,5.0798e-07,-6.294153386260618,bot1
1,0.3,80,20,7.0984e-07,7.0984e-07,-6.1488395314891156,bot1
1,0.4,80,20,8.812e-07,8.812e-07,-6.05492551152127,bot1
1,0.5,80,20,1.02468e-06,1.02468e-06,-5.989411740395802,bot1
1,0.6,80,20,1.14226e-06,1.14226e-06,-5.94223503119232,bot1
1,0.7,80,20,1.2352e-06,1.2352e-06,-5.9082627170083395,bot1
1,0.8,80,20,1.3089e-06,1.3089e-06,-5.883093532293517,bot1
1,0.9,80,20,1.3636000000000002e-06,1.3636000000000002e-06,-5.865313007443146,bot1
1,1.0,80,20,1.4029000000000002e-06,1.4029000000000002e-06,-5.852973284777769,bot1
1,1.1,80,20,1.4288000000000002e-06,1.4288000000000002e-06,-5.845028558455529,bot1
1,1.2,80,20,1.4442e-06,1.4442e-06,-5.840372659341327,bot1
1,1.3,80,20,1.4525e-06,1.4525e-06,-5.837883858937632,bot1
1,1.4,80,20,1.4561e-06,1.4561e-06,-5.836808798129532,bot1
1,1.5,80,20,1.4587e-06,1.4587e-06,-5.836034017045116,bot1
1,1.6,80,20,1.4606e-06,1.4606e-06,-5.835468703694569,bot1
1,1.7,80,20,1.4619e-06,1.4619e-06,-5.835082333899043,bot1
1,1.8,80,20,1.462e-06,1.462e-06,-5.835052627378158,bot1
1,1.9,80,20,1.4636e-06,1.4636e-06,-5.8345775991854305,bot1
1,2.0,80,20,1.4648e-06,1.4648e-06,-5.83422166870636,bot1
1,2.1,80,20,1.4652000000000002e-06,1.4652000000000002e-06,-5.834103090007493,bot1
1,2.2,80,20,1.4656000000000002e-06,1.4656000000000002e-06,-5.833984543676225,bot1
1,2.3000000000000003,80,20,1.4663e-06,1.4663e-06,-5.833777165427915,bot1
1,2.4,80,20,1.4671e-06,1.4671e-06,-5.833540282906516,bot1
1,2.5,80,20,1.4673e-06,1.4673e-06,-5.8334810824590555,bot1
1,2.6,80,20,1.4679000000000002e-06,1.4679000000000002e-06,-5.833303529520399,bot1
1,2.7,80,20,1.4679000000000002e-06,1.4679000000000002e-06,-5.833303529520399,bot1
1,2.8000000000000003,80,20,1.4683000000000002e-06,1.4683000000000002e-06,-5.833185201209088,bot1
1,2.9,80,20,1.4693e-06,1.4693e-06,-5.8328895214033425,bot1
1,3.0,80,20,1.4690000000000005e-06,1.4690000000000005e-06,-5.832978204209743,bot1
1,3.1,80,20,1.4689000000000002e-06,1.4689000000000002e-06,-5.83300776916989,bot1
1,3.2,80,20,1.4690000000000005e-06,1.4690000000000005e-06,-5.832978204209743,bot1
1,3.3000000000000003,80,20,1.4698e-06,1.4698e-06,-5.832741756956372,bot1
1,3.4,80,20,1.47e-06,1.47e-06,-5.8326826652518236,bot1
1,3.5,80,20,1.4707000000000002e-06,1.4707000000000002e-06,-5.8324759075797905,bot1
1,3.6,80,20,1.4713000000000002e-06,1.4713000000000002e-06,-5.832298765028631,bot1
1,3.7,80,20,1.4713000000000002e-06,1.4713000000000002e-06,-5.832298765028631,bot1
1,3.8,80,20,1.4711000000000002e-06,1.4711000000000002e-06,-5.832357804517834,bot1
1,3.9,80,20,1.4712000000000002e-06,1.4712000000000002e-06,-5.832328283769979,bot1
1,4.0,80,20,1.472e-06,1.472e-06,-5.83209218999852,bot1
1,4.1,80,20,1.4722e-06,1.4722e-06,-5.832033186604379,bot1
1,4.2,80,20,1.4723e-06,1.4723e-06,-5.83200368791312,bot1
1,4.3,80,20,1.4724e-06,1.4724e-06,-5.831974191225371,bot1
1,4.4,80,20,1.4728e-06,1.4728e-06,-5.831856224504042,bot1
1,4.5,80,20,1.4729e-06,1.4729e-06,-5.831826737829766,bot1
1,4.6000000000000005,80,20,1.4729e-06,1.4729e-06,-5.831826737829766,bot1
1,4.7,80,20,1.4733e-06,1.4733e-06,-5.831708811148734,bot1
1,4.8,80,20,1.4734000000000002e-06,1.4734000000000002e-06,-5.831679334481135,bot1
1,4.9,80,20,1.4735000000000002e-06,1.4735000000000002e-06,-5.831649859814056,bot1
1,5.0,80,20,1.4738000000000002e-06,1.4738000000000002e-06,-5.831561447813227,bot1
2,0.0,80,20,2.1799e-10,2.1799e-10,-9.661563428617555,bot1
2,0.1,80,20,6.8094e-07,6.8094e-07,-6.16689115360395,bot1
2,0.2,80,20,1.3196e-06,1.3196e-06,-5.879557693126694,bot1
2,0.3,80,20,1.9151e-06,1.9151e-06,-5.717808543724444,bot1
2,0.4,80,20,2.4705000000000003e-06,2.4705000000000003e-06,-5.607215141774565,bot1
2,0.5,80,20,2.9855000000000005e-06,2.9855000000000005e-06,-5.5249829244822015,bot1
2,0.6,80,20,3.4598000000000003e-06,3.4598000000000003e-06,-5.46094900566007,bot1
2,0.7,80,20,3.896900000000001e-06,3.896900000000001e-06,-5.409280738678805,bot1
2,0.8,80,20,4.296700000000001e-06,4.296700000000001e-06,-5.366864968143627,bot1
2,0.9,80,20,4.6624000000000005e-06,4.6624000000000005e-06,-5.331390469910104,bot1
2,1.0,80,20,4.9942e-06,4.9942e-06,-5.301534069682476,bot1
2,1.1,80,20,5.2963e-06,5.2963e-06,-5.276027422991596,bot1
2,1.2,80,20,5.568000000000001e-06,5.568000000000001e-06,-5.254300773397494,bot1
2,1.3,80,20,5.8128000000000005e-06,5.8128000000000005e-06,-5.23561461948136,bot1
2,1.4,80,20,6.031e-06,6.031e-06,-5.219610671529047,bot1
2,1.5,80,20,6.223500000000001e-06,6.223500000000001e-06,-5.2059653061153455,bot1
2,1.6,80,20,6.3915000000000006e-06,6.3915000000000006e-06,-5.194397206743865,bot1
2,1.7,80,20,6.5359e-06,6.5359e-06,-5.184694601178888,bot1
2,1.8,80,20,6.656900000000001e-06,6.656900000000001e-06,-5.1767279669741795,bot1
2,1.9,80,20,6.755500000000001e-06,6.755500000000001e-06,-5.170342501681949,bot1
2,2.0,80,20,6.8334000000000005e-06,6.8334000000000005e-06,-5.165363156665241,bot1
2,2.1,80,20,6.891500000000001e-06,6.891500000000001e-06,-5.1616862395116065,bot1
2,2.2,80,20,6.932500000000001e-06,6.932500000000001e-06,-5.159110121750101,bot1
2,2.3000000000000003,80,20,6.9601000000000005e-06,6.9601000000000005e-06,-5.157384520571019,bot1
2,2.4,80,20,6.978500000000001e-06,6.978500000000001e-06,-5.1562379171662664,bot1
2,2.5,80,20,6.9917e-06,6.9917e-06,-5.155417214689978,bot1
2,2.6,80,20,7.001900000000001e-06,7.001900000000001e-06,-5.1547840960500375,bot1
2,2.7,80,20,7.010900000000001e-06,7.010900000000001e-06,-5.154226227405001,bot1
2,2.8000000000000003,80,20,7.018500000000001e-06,7.018500000000001e-06,-5.153755695752139,bot1
2,2.9,80,20,7.024900000000001e-06,7.024900000000001e-06,-5.15335985359474,bot1
2,3.0,80,20,7.0307e-06,7.0307e-06,-5.153001433016748,bot1
2,3.1,80,20,7.0358000000000005e-06,7.0358000000000005e-06,-5.152686514315613,bot1
2,3.2,80,20,7.040600000000001e-06,7.040600000000001e-06,-5.152390328700835,bot1
2,3.3000000000000003,80,20,7.044900000000001e-06,7.044900000000001e-06,-5.152125167175835,bot1
2,3.4,80,20,7.049400000000001e-06,7.049400000000001e-06,-5.151847845814011,bot1
2,3.5,80,20,7.0535e-06,7.0535e-06,-5.151595329320813,bot1
2,3.6,80,20,7.057e-06,7.057e-06,-5.151379882565866,bot1
2,3.7,80,20,7.060700000000001e-06,7.060700000000001e-06,-5.15115224072338,bot1
2,3.8,80,20,7.063800000000001e-06,7.063800000000001e-06,-5.150961605597815,bot1
2,3.9,80,20,7.0674e-06,7.0674e-06,-5.150740327833907,bot1
2,4.0,80,20,7.070700000000001e-06,7.070700000000001e-06,-5.1505375888779925,bot1
2,4.1,80,20,7.0733000000000005e-06,7.0733000000000005e-06,-5.150377921787259,bot1
2,4.2,80,20,7.0764000000000006e-06,7.0764000000000006e-06,-5.150187626174569,bot1
2,4.3,80,20,7.078900000000001e-06,7.078900000000001e-06,-5.150034222683855,bot1
2,4.4,80,20,7.081900000000001e-06,7.081900000000001e-06,-5.149850209991747,bot1
2,4.5,80,20,7.085100000000001e-06,7.085100000000001e-06,-5.149654015685864,bot1
2,4.6000000000000005,80,20,7.087400000000001e-06,7.087400000000001e-06,-5.149513055754003,bot1
2,4.7,80,20,7.090100000000001e-06,7.090100000000001e-06,-5.149347639409046,bot1
2,4.8,80,20,7.092400000000001e-06,7.092400000000001e-06,-5.149206778867232,bot1
2,4.9,80,20,7.095200000000001e-06,7.095200000000001e-06,-5.149035358110358,bot1
2,5.0,80,20,7.097700000000001e-06,7.097700000000001e-06,-5.1488823610180114,bot1
3,0.0,80,20,4.302e-10,4.302e-10,-9.366329593948556,bot1
3,0.1,80,20,1.1434e-06,1.1434e-06,-5.941801812121747,bot1
3,0.2,80,20,2.2391000000000003e-06,2.2391000000000003e-06,-5.649926510048313,bot1
3,0.3,80,20,3.2849000000000005e-06,3.2849000000000005e-06,-5.483477846837604,bot1
3,0.4,80,20,4.2841e-06,4.2841e-06,-5.368140400365551,bot1
3,0.5,80,20,5.2375e-06,5.2375e-06,-5.280875964025649,bot1
3,0.6,80,20,6.143e-06,6.143e-06,-5.211619484680437,bot1
3,0.7,80,20,7.004200000000001e-06,7.004200000000001e-06,-5.154641461438353,bot1
3,0.8,80,20,7.819300000000002e-06,7.819300000000002e-06,-5.106832124145338,bot1
3,0.9,80,20,8.592e-06,8.592e-06,-5.06590573164452,bot1
3,1.0,80,20,9.3202e-06,9.3202e-06,-5.030574768121938,bot1
3,1.1,80,20,1.00076e-05,1.00076e-05,-4.999670061554488,bot1
3,1.2,80,20,1.06514e-05,1.06514e-05,-4.972593305622904,bot1
3,1.3,80,20,1.12554e-05,1.12554e-05,-4.948639066216026,bot1
3,1.4,80,20,1.1818e-05,1.1818e-05,-4.927456014356352,bot1
3,1.5,80,20,1.2344e-05,1.2344e-05,-4.908544086944908,bot1
3,1.6,80,20,1.2836e-05,1.2836e-05,-4.891570291576533,bot1
3,1.7,80,20,1.3292e-05,1.3292e-05,-4.876409667393326,bot1
3,1.8,80,20,1.3714e-05,1.3714e-05,-4.862835854870644,bot1
3,1.9,80,20,1.4102e-05,1.4102e-05,-4.850719289658977,bot1
3,2.0,80,20,1.4462e-05,1.4462e-05,-4.839771642802141,bot1
3,2.1,80,20,1.4792e-05,1.4792e-05,-4.829973101848883,bot1
3,2.2,80,20,1.5094e-05,1.5094e-05,-4.821195654344621,bot1
3,2.3000000000000003,80,20,1.5372e-05,1.5372e-05,-4.813269624207689,bot1
3,2.4,80,20,1.5618000000000002e-05,1.5618000000000002e-05,-4.806374581507121,bot1
3,2.5,80,20,1.5836000000000002e-05,1.5836000000000002e-05,-4.800354506919833,bot1
3,2.6,80,20,1.6032e-05,1.6032e-05,-4.795012295812848,bot1
3,2.7,80,20,1.6206e-05,1.6206e-05,-4.790324165428905,bot1
3,2.8000000000000003,80,20,1.6352000000000002e-05,1.6352000000000002e-05,-4.786429121545381,bot1
3,2.9,80,20,1.6472e-05,1.6472e-05,-4.783253666390025,bot1
3,3.0,80,20,1.6574e-05,1.6574e-05,-4.780572665492318,bot1
3,3.1,80,20,1.6652e-05,1.6652e-05,-4.77853359778526,bot1
3,3.2,80,20,1.6712000000000002e-05,1.6712000000000002e-05,-4.7769715730277476,bot1
3,3.3000000000000003,80,20,1.6754e-05,1.6754e-05,-4.77588148889362,bot1
3,3.4,80,20,1.6788e-05,1.6788e-05,-4.775001039460547,bot1
3,3.5,80,20,1.6814000000000002e-05,1.6814000000000002e-05,-4.774328956918856,bot1
3,3.6,80,20,1.684e-05,1.684e-05,-4.773657912836369,bot1
3,3.7,80,20,1.686e-05,1.686e-05,-4.773142429711276,bot1
3,3.8,80,20,1.6876e-05,1.6876e-05,-4.7727304832901565,bot1
3,3.9,80,20,1.6892e-05,1.6892e-05,-4.77231892724713,bot1
3,4.0,80,20,1.6904e-05,1.6904e-05,-4.772010515955743,bot1
3,4.1,80,20,1.6918e-05,1.6918e-05,-4.771650979376362,bot1
3,4.2,80,20,1.6928e-05,1.6928e-05,-4.7713943496449085,bot1
3,4.3,80,20,1.6938e-05,1.6938e-05,-4.7711378714694375,bot1
3,4.4,80,20,1.6950000000000002e-05,1.6950000000000002e-05,-4.770830297460899,bot1
3,4.5,80,20,1.696e-05,1.696e-05,-4.770574152079305,bot1
3,4.6000000000000005,80,20,1.6970000000000002e-05,1.6970000000000002e-05,-4.770318157682325,bot1
3,4.7,80,20,1.6976e-05,1.6976e-05,-4.770164633442734,bot1
3,4.8,80,20,1.6986e-05,1.6986e-05,-4.769908880251253,bot1
3,4.9,80,20,1.6996e-05,1.6996e-05,-4.769653277582523,bot1
3,5.0,80,20,1.7002e-05,1.7002e-05,-4.769499988158529,bot1
4,0.0,80,20,9.209e-10,9.209e-10,-9.03578752703018,bot1
4,0.1,80,20,1.6621e-06,1.6621e-06,-5.77934285050275,bot1
4,0.2,80,20,3.2712e-06,3.2712e-06,-5.48529290245372,bot1
4,0.3,80,20,4.823300000000001e-06,4.823300000000001e-06,-5.316655724955031,bot1
4,0.4,80,20,6.324700000000001e-06,6.324700000000001e-06,-5.198960069588431,bot1
4,0.5,80,20,7.772700000000001e-06,7.772700000000001e-06,-5.109428094273013,bot1
4,0.6,80,20,9.1659e-06,9.1659e-06,-5.037824885219652,bot1
4,0.7,80,20,1.0511100000000002e-05,1.0511100000000002e-05,-4.978351832122851,bot1
4,0.8,80,20,1.1798e-05,1.1798e-05,-4.9281916081668715,bot1
4,0.9,80,20,1.3042e-05,1.3042e-05,-4.884655804128559,bot1
4,1.0,80,20,1.423e-05,1.423e-05,-4.846795099915716,bot1
4,1.1,80,20,1.5378e-05,1.5378e-05,-4.813100143432112,bot1
4,1.2,80,20,1.6474000000000002e-05,1.6474000000000002e-05,-4.783200938352334,bot1
4,1.3,80,20,1.7522e-05,1.7522e-05,-4.756416324001809,bot1
4,1.4,80,20,1.8524e-05,1.8524e-05,-4.732265227678144,bot1
4,1.5,80,20,1.9478e-05,1.9478e-05,-4.710455638502353,bot1
4,1.6,80,20,2.0388e-05,2.0388e-05,-4.6906253750833296,bot1
4,1.7,80,20,2.1256e-05,2.1256e-05,-4.672518458597779,bot1
4,1.8,80,20,2.2078e-05,2.2078e-05,-4.656040270992859,bot1
4,1.9,80,20,2.2858e-05,2.2858e-05,-4.640961771620616,bot1
4,2.0,80,20,2.3594e-05,2.3594e-05,-4.627198424919263,bot1
4,2.1,80,20,2.4292e-05,2.4292e-05,-4.614536727549474,bot1
4,2.2,80,20,2.4952e-05,2.4952e-05,-4.602894638250913,bot1
4,2.3000000000000003,80,20,2.5572e-05,2.5572e-05,-4.592235304238173,bot1
4,2.4,80,20,2.6154e-05,2.6154e-05,-4.5824618805986725,bot1
4,2.5,80,20,2.67e-05,2.67e-05,-4.573488738635425,bot1
4,2.6,80,20,2.7214e-05,2.7214e-05,-4.565207619548673,bot1
4,2.7,80,20,2.769e-05,2.769e-05,-4.557677044254426,bot1
4,2.8000000000000003,80,20,2.814e-05,2.814e-05,-4.550675906901273,bot1
4,2.9,80,20,2.8554e-05,2.8554e-05,-4.5443330448175985,bot1
4,3.0,80,20,2.894e-05,2.894e-05,-4.538501473216981,bot1
4,3.1,80,20,2.9296e-05,2.9296e-05,-4.533191673042379,bot1
4,3.2,80,20,2.9624e-05,2.9624e-05,-4.528356300958614,bot1
4,3.3000000000000003,80,20,2.992e-05,2.992e-05,-4.524038410807576,bot1
4,3.4,80,20,3.0192e-05,3.0192e-05,-4.520108117179144,bot1
4,3.5,80,20,3.0438e-05,3.0438e-05,-4.516583887298952,bot1
4,3.6,80,20,3.0656e-05,3.0656e-05,-4.51348451260155,bot1
4,3.7,80,20,3.0848e-05,3.0848e-05,-4.510772987777263,bot1
4,3.8,80,20,3.1014e-05,3.1014e-05,-4.508442217448666,bot1
4,3.9,80,20,3.1158e-05,3.1158e-05,-4.5064304270213,bot1
4,4.0,80,20,3.1274e-05,3.1274e-05,-4.50481656817092,bot1
4,4.1,80,20,3.1374e-05,3.1374e-05,-4.503430107786701,bot1
4,4.2,80,20,3.1448e-05,3.1448e-05,-4.502406969187967,bot1
4,4.3,80,20,3.1516e-05,3.1516e-05,-4.50146890819276,bot1
4,4.4,80,20,3.1564e-05,3.1564e-05,-4.500807965289943,bot1
4,4.5,80,20,3.1612e-05,3.1612e-05,-4.500148026732813,bot1
4,4.6000000000000005,80,20,3.1650000000000004e-05,3.1650000000000004e-05,-4.4996262856466265,bot1
4,4.7,80,20,3.1682e-05,3.1682e-05,-4.499187410367034,bot1
4,4.8,80,20,3.1708e-05,3.1708e-05,-4.4988311504786385,bot1
4,4.9,80,20,3.1740000000000004e-05,3.1740000000000004e-05,-4.498393077581171,bot1
4,5.0,80,20,3.1762e-05,3.1762e-05,-4.498092158586993,bot1
5,0.0,80,20,7.305e-10,7.305e-10,-9.136379779729685,bot1
5,0.1,80,20,2.2281000000000003e-06,2.2281000000000003e-06,-5.65206532136474,bot1
5,0.2,80,20,4.3966e-06,4.3966e-06,-5.356883044431441,bot1
5,0.3,80,20,6.502800000000001e-06,6.502800000000001e-06,-5.1868996029399845,bot1
5,0.4,80,20,8.552500000000002e-06,8.552500000000002e-06,-5.0679069171429,bot1
5,0.5,80,20,1.05447e-05,1.05447e-05,-4.976965771562041,bot1
5,0.6,80,20,1.2468e-05,1.2468e-05,-4.904203206395198,bot1
5,0.7,80,20,1.4342e-05,1.4342e-05,-4.843390281834301,bot1
5,0.8,80,20,1.616e-05,1.616e-05,-4.791558643561433,bot1
5,0.9,80,20,1.7922000000000002e-05,1.7922000000000002e-05,-4.746613527012228,bot1
5,1.0,80,20,1.9628e-05,1.9628e-05,-4.707123950691122,bot1
5,1.1,80,20,2.1284e-05,2.1284e-05,-4.671946749747315,bot1
5,1.2,80,20,2.288e-05,2.288e-05,-4.640543979879014,bot1
5,1.3,80,20,2.4424e-05,2.4424e-05,-4.612183208709395,bot1
5,1.4,80,20,2.5918e-05,2.5918e-05,-4.586398514471039,bot1
5,1.5,80,20,2.736e-05,2.736e-05,-4.562883906951922,bot1
5,1.6,80,20,2.875e-05,2.875e-05,-4.541362150974351,bot1
5,1.7,80,20,3.009e-05,3.009e-05,-4.5215778122599195,bot1
5,1.8,80,20,3.1378000000000003e-05,3.1378000000000003e-05,-4.503374741330493,bot1
5,1.9,80,20,3.262e-05,3.262e-05,-4.486516043295743,bot1
5,2.0,80,20,3.3814e-05,3.3814e-05,-4.470903451678049,bot1
5,2.1,80,20,3.4956e-05,3.4956e-05,-4.456478269324708,bot1
5,2.2,80,20,3.6056e-05,3.6056e-05,-4.443022454937079,bot1
5,2.3000000000000003,80,20,3.7104e-05,3.7104e-05,-4.430579268706087,bot1
5,2.4,80,20,3.8114e-05,3.8114e-05,-4.418915470362772,bot1
5,2.5,80,20,3.9074e-05,3.9074e-05,-4.408112127833131,bot1
5,2.6,80,20,3.9992e-05,3.9992e-05,-4.398026876255466,bot1
5,2.7,80,20,4.087e-05,4.087e-05,-4.388595362288407,bot1
5,2.8000000000000003,80,20,4.17e-05,4.17e-05,-4.379863945026242,bot1
5,2.9,80,20,4.2492e-05,4.2492e-05,-4.3716928271942646,bot1
5,3.0,80,20,4.3246e-05,4.3246e-05,-4.364054056020311,bot1
5,3.1,80,20,4.396e-05,4.396e-05,-4.356942316248547,bot1
5,3.2,80,20,4.4632e-05,4.4632e-05,-4.350353651597687,bot1
5,3.3000000000000003,80,20,4.527e-05,4.527e-05,-4.3441895055047475,bot1
5,3.4,80,20,4.5872e-05,4.5872e-05,-4.338452324397591,bot1
5,3.5,80,20,4.644e-05,4.644e-05,-4.3331077889334635,bot1
5,3.6,80,20,4.6974e-05,4.6974e-05,-4.328142456551643,bot1
5,3.7,80,20,4.7474e-05,4.7474e-05,-4.323544174543676,bot1
5,3.8,80,20,4.7944e-05,4.7944e-05,-4.319265735311571,bot1
5,3.9,80,20,4.8386e-05,4.8386e-05,-4.315280278898415,bot1
5,4.0,80,20,4.879e-05,4.879e-05,-4.3116691818877335,bot1
5,4.1,80,20,4.917e-05,4.917e-05,-4.308299791709839,bot1
5,4.2,80,20,4.9524e-05,4.9524e-05,-4.305184285074959,bot1
5,4.3,80,20,4.984e-05,4.984e-05,-4.302421966348887,bot1
5,4.4,80,20,5.013e-05,5.013e-05,-4.299902295386946,bot1
5,4.5,80,20,5.0396e-05,5.0396e-05,-4.297603932738341,bot1
5,4.6000000000000005,80,20,5.063e-05,5.063e-05,-4.295592072613159,bot1
5,4.7,80,20,5.0844e-05,5.0844e-05,-4.293760289951385,bot1
5,4.8,80,20,5.1026e-05,5.1026e-05,-4.292208475289477,bot1
5,4.9,80,20,5.1192e-05,5.1192e-05,-4.290797902838965,bot1
5,5.0,80,20,5.1328e-05,5.1328e-05,-4.289645657731949,bot1
-5,0.0,160,5,-4.6676e-12,4.6676e-12,-11.330906368829776,bot1
-5,0.1,160,5,6.672e-13,6.672e-13,-12.175743962370317,bot1
-5,0.2,160,5,-5.128e-13,5.128e-13,-12.290051983489239,bot1
-5,0.3,160,5,-1.3742e-12,1.3742e-12,-11.861950055795111,bot1
-5,0.4,160,5,-2.3024e-12,2.3024e-12,-11.63781922340747,bot1
-5,0.5,160,5,-3.0588e-12,3.0588e-12,-11.514448918483108,bot1
-5,0.6,160,5,-3.6168e-12,3.6168e-12,-11.441675505973762,bot1
-5,0.7,160,5,-3.9474e-12,3.9474e-12,-11.403688863219172,bot1
-5,0.8,160,5,-4.085e-12,4.085e-12,-11.388807939131565,bot1
-5,0.9,160,5,-4.2224e-12,4.2224e-12,-11.374440627124025,bot1
-5,1.0,160,5,4.7542e-12,4.7542e-12,-11.322922552294552,bot1
-5,1.1,160,5,4.5216e-12,4.5216e-12,-11.344707859831535,bot1
-5,1.2,160,5,-2.5222e-12,2.5222e-12,-11.598220478646159,bot1
-5,1.3,160,5,-6.866e-13,6.866e-13,-12.163296200910269,bot1
-5,1.4,160,5,-1.5292e-12,1.5292e-12,-11.815535710653009,bot1
-5,1.5,160,5,-2.13e-12,2.13e-12,-11.671620396561263,bot1
-5,1.6,160,5,-2.7592e-12,2.7592e-12,-11.559216818640666,bot1
-5,1.7,160,5,-3.2492e-12,3.2492e-12,-11.488223555437694,bot1
-5,1.8,160,5,-3.6004e-12,3.6004e-12,-11.44364924697091,bot1
-5,1.9,160,5,-3.9786e-12,3.9786e-12,-11.400269721704348,bot1
-5,2.0,160,5,-4.1646e-12,4.1646e-12,-11.380426705213997,bot1
-5,2.1,160,5,-4.2818e-12,4.2818e-12,-11.368373622171172,bot1
-5,2.2,160,5,-4.389e-12,4.389e-12,-11.357634419155026,bot1
-5,2.3000000000000003,160,5,4.7746e-12,4.7746e-12,-11.321063006293702,bot1
-5,2.4,160,5,4.3296e-12,4.3296e-12,-11.36355222508247,bot1
-5,2.5,160,5,-2.0844e-12,2.0844e-12,-11.681018935505277,bot1
-5,2.6,160,5,-6.804e-13,6.804e-13,-12.16723569505947,bot1
-5,2.7,160,5,4.026e-13,4.026e-13,-12.395126229447364,bot1
-5,2.8000000000000003,160,5,1.5e-12,1.5e-12,-11.823908740944319,bot1
-5,2.9,160,5,2.2626e-12,2.2626e-12,-11.645392217210736,bot1
-5,3.0,160,5,3.036e-12,3.036e-12,-11.517698232776556,bot1
-5,3.1,160,5,3.4904e-12,3.4904e-12,-11.457124800021237,bot1
-5,3.2,160,5,3.8804e-12,3.8804e-12,-11.4111235040865,bot1
-5,3.3000000000000003,160,5,4.193e-12,4.193e-12,-11.377475137596432,bot1
-5,3.4,160,5,4.4508e-12,4.4508e-12,-11.351561920623764,bot1
-5,3.5,160,5,-4.6974e-12,4.6974e-12,-11.328142456551642,bot1
-5,3.6,160,5,-4.4462e-12,4.4462e-12,-11.35201100566249,bot1
-5,3.7,160,5,2.6856e-12,2.6856e-12,-11.570958671760044,bot1
-5,3.8,160,5,1.4678e-12,1.4678e-12,-11.83333311663639,bot1
-5,3.9,160,5,7.249999999999999e-13,7.249999999999999e-13,-12.139661993429007,bot1
-5,4.0,160,5,-2.694e-13,2.694e-13,-12.569602408613033,bot1
-5,4.1,160,5,-1.083e-12,1.083e-12,-11.96537154337468,bot1
-5,4.2,160,5,-1.8706e-12,1.8706e-12,-11.728019069990594,bot1
-5,4.3,160,5,-2.4656e-12,2.4656e-12,-11.608077378625657,bot1
-5,4.4,160,5,-2.8426e-12,2.8426e-12,-11.546284248299234,bot1
-5,4.5,160,5,-3.0558e-12,3.0558e-12,-11.514875073440178,bot1
-5,4.6000000000000005,160,5,-3.1212e-12,3.1212e-12,-11.505678401756503,bot1
-5,4.7,160,5,-3.0408e-12,3.0408e-12,-11.517012143404953,bot1
-5,4.8,160,5,6.273e-12,6.273e-12,-11.202524712462665,bot1
-5,4.9,160,5,5.9304e-12,5.9304e-12,-11.226916012886315,bot1
-5,5.0,160,5,-2.56e-14,2.56e-14,-13.59176003468815,bot1
-4,0.0,160,5,3.8792e-12,3.8792e-12,-11.411257828892532,bot1
-4,0.1,160,5,4.3008e-12,4.3008e-12,-11.366450752962288,bot1
-4,0.2,160,5,-4.8428e-12,4.8428e-12,-11.314903466260073,bot1
-4,0.3,160,5,-4.4954e-12,4.4954e-12,-11.347231658755259,bot1
-4,0.4,160,5,2.311e-12,2.311e-12,-11.636200054520891,bot1
-4,0.5,160,5,1.3138e-12,1.3138e-12,-11.881470742468261,bot1
-4,0.6,160,5,1.386e-13,1.386e-13,-12.858236769724211,bot1
-4,0.7,160,5,-9.062e-13,9.062e-13,-12.042775942156833,bot1
-4,0.8,160,5,-1.8542e-12,1.8542e-12,-11.731843423259606,bot1
-4,0.9,160,5,-2.623e-12,2.623e-12,-11.581201709409646,bot1
-4,1.0,160,5,-3.1234e-12,3.1234e-12,-11.505372394037924,bot1
-4,1.1,160,5,-3.6642e-12,3.6642e-12,-11.43602082962049,bot1
-4,1.2,160,5,-3.9726e-12,3.9726e-12,-11.400925161735039,bot1
-4,1.3,160,5,-4.2232e-12,4.2232e-12,-11.374358351007098,bot1
-4,1.4,160,5,-4.387e-12,4.387e-12,-11.357832365595055,bot1
-4,1.5,160,5,4.9166e-12,4.9166e-12,-11.308335123184142,bot1
-4,1.6,160,5,4.2096e-12,4.2096e-12,-11.375759169258373,bot1
-4,1.7,160,5,-1.6068e-12,1.6068e-12,-11.794038176940367,bot1
-4,1.8,160,5,-6.42e-13,6.42e-13,-12.192464971931146,bot1
-4,1.9,160,5,4.042e-13,4.042e-13,-12.393403690820715,bot1
-4,2.0,160,5,1.484e-12,1.484e-12,-11.828566099056992,bot1
-4,2.1,160,5,2.3546e-12,2.3546e-12,-11.628082860317479,bot1
-4,2.2,160,5,3.053e-12,3.053e-12,-11.515273195701338,bot1
-4,2.3000000000000003,160,5,3.686e-12,3.686e-12,-11.433444669116945,bot1
-4,2.4,160,5,4.0528e-12,4.0528e-12,-11.392244827553528,bot1
-4,2.5,160,5,4.212e-12,4.212e-12,-11.375511637486552,bot1
-4,2.6,160,5,4.3644e-12,4.3644e-12,-11.360075452897663,bot1
-4,2.7,160,5,-4.9194e-12,4.9194e-12,-11.308087863204033,bot1
-4,2.8000000000000003,160,5,-4.1622e-12,4.1622e-12,-11.380677055116823,bot1
-4,2.9,160,5,1.6264e-12,1.6264e-12,-11.788772634370018,bot1
-4,3.0,160,5,3.354e-13,3.354e-13,-12.474436941729934,bot1
-4,3.1,160,5,-8.816e-13,8.816e-13,-12.05472841849229,bot1
-4,3.2,160,5,-1.8628e-12,1.8628e-12,-11.729833770739306,bot1
-4,3.3000000000000003,160,5,-2.6476e-12,2.6476e-12,-11.577147627583834,bot1
-4,3.4,160,5,-3.3282e-12,3.3282e-12,-11.477790583737521,bot1
-4,3.5,160,5,-3.717e-12,3.717e-12,-11.429807438904275,bot1
-4,3.6,160,5,-4.0344e-12,4.0344e-12,-11.394221044848923,bot1
-4,3.7,160,5,-4.3084e-12,4.3084e-12,-11.365683982781585,bot1
-4,3.8,160,5,-4.4216e-12,4.4216e-12,-11.354420548426281,bot1
-4,3.9,160,5,4.9202e-12,4.9202e-12,-11.308017243344224,bot1
-4,4.0,160,5,4.1804e-12,4.1804e-12,-11.378782160932756,bot1
-4,4.1,160,5,-1.8098e-12,1.8098e-12,-11.742369416122843,bot1
-4,4.2,160,5,-7.57e-13,7.57e-13,-12.120904120499928,bot1
-4,4.3,160,5,4.094e-13,4.094e-13,-12.387852161673512,bot1
-4,4.4,160,5,1.507e-12,1.507e-12,-11.821886747685369,bot1
-4,4.5,160,5,2.4272e-12,2.4272e-12,-11.614894436557345,bot1
-4,4.6000000000000005,160,5,3.1348e-12,3.1348e-12,-11.503790161904115,bot1
-4,4.7,160,5,3.6746e-12,3.6746e-12,-11.434789929300187,bot1
-4,4.8,160,5,3.9828e-12,3.9828e-12,-11.399811501543772,bot1
-4,4.9,160,5,4.1724e-12,4.1724e-12,-11.379614063269116,bot1
-4,5.0,160,5,4.3394e-12,4.3394e-12,-11.362570315349936,bot1
-3,0.0,160,5,4.8138e-12,4.8138e-12,-11.317511957413862,bot1
-3,0.1,160,5,-1.2798e-12,1.2798e-12,-11.892857894166928,bot1
-3,0.2,160,5,-3e-15,3e-15,-14.522878745280337,bot1
-3,0.3,160,5,9.796e-13,9.796e-13,-12.008951223547324,bot1
-3,0.4,160,5,1.9596e-12,1.9596e-12,-11.707832569215707,bot1
-3,0.5,160,5,2.7652e-12,2.7652e-12,-11.558273451789605,bot1
-3,0.6,160,5,3.4242e-12,3.4242e-12,-11.465440877067397,bot1
-3,0.7,160,5,3.8748e-12,3.8748e-12,-11.411750708935214,bot1
-3,0.8,160,5,4.2016e-12,4.2016e-12,-11.376585295590615,bot1
-3,0.9,160,5,4.341e-12,4.341e-12,-11.3624102141613,bot1
-3,1.0,160,5,-4.8204e-12,4.8204e-12,-11.316916922220704,bot1
-3,1.1,160,5,-4.3156e-12,4.3156e-12,-11.36495881557467,bot1
-3,1.2,160,5,1.8168e-12,1.8168e-12,-11.740692878788321,bot1
-3,1.3,160,5,7.968e-13,7.968e-13,-12.098650674584357,bot1
-3,1.4,160,5,-5.546e-13,5.546e-13,-12.256020134758158,bot1
-3,1.5,160,5,-1.7074e-12,1.7074e-12,-11.767664722914345,bot1
-3,1.6,160,5,-2.5334e-12,2.5334e-12,-11.596296233787092,bot1
-3,1.7,160,5,-3.3234e-12,3.3234e-12,-11.478417384469672,bot1
-3,1.8,160,5,-3.7262e-12,3.7262e-12,-11.428733838499006,bot1
-3,1.9,160,5,-4.0314e-12,4.0314e-12,-11.394544108526622,bot1
-3,2.0,160,5,-4.2112e-12,4.2112e-12,-11.375594132402158,bot1
-3,2.1,160,5,4.7704e-12,4.7704e-12,-11.321445203662318,bot1
-3,2.2,160,5,4.3868e-12,4.3868e-12,-11.357852165202157,bot1
-3,2.3000000000000003,160,5,-1.991e-12,1.991e-12,-11.700928739972591,bot1
-3,2.4,160,5,-7.906e-13,7.906e-13,-12.102043189993049,bot1
-3,2.5,160,5,5.184e-13,5.184e-13,-12.285335007137464,bot1
-3,2.6,160,5,1.5776e-12,1.5776e-12,-11.802003102402864,bot1
-3,2.7,160,5,2.4118e-12,2.4118e-12,-11.61765870917604,bot1
-3,2.8000000000000003,160,5,3.1982e-12,3.1982e-12,-11.495094381058685,bot1
-3,2.9,160,5,3.648e-12,3.648e-12,-11.437945170343621,bot1
-3,3.0,160,5,4.0652e-12,4.0652e-12,-11.390918083093357,bot1
-3,3.1,160,5,4.3222e-12,4.3222e-12,-11.364295140995871,bot1
-3,3.2,160,5,-4.7896e-12,4.7896e-12,-11.319700754862371,bot1
-3,3.3000000000000003,160,5,-4.5152e-12,4.5152e-12,-11.345323007925746,bot1
-3,3.4,160,5,2.304e-12,2.304e-12,-11.637517525248825,bot1
-3,3.5,160,5,1.1334e-12,1.1334e-12,-11.945616791694523,bot1
-3,3.6,160,5,5.8e-15,5.8e-15,-14.236572006437063,bot1
-3,3.7,160,5,-1.156e-12,1.156e-12,-11.93704216591549,bot1
-3,3.8,160,5,-2.068e-12,2.068e-12,-11.684449465578096,bot1
-3,3.9,160,5,-2.8652e-12,2.8652e-12,-11.542845057513416,bot1
-3,4.0,160,5,-3.4608e-12,3.4608e-12,-11.460823497904984,bot1
-3,4.1,160,5,-3.8902e-12,3.8902e-12,-11.41002807048314,bot1
-3,4.2,160,5,-4.155e-12,4.155e-12,-11.38142897187987,bot1
-3,4.3,160,5,-4.3614e-12,4.3614e-12,-11.360374080759188,bot1
-3,4.4,160,5,4.908e-12,4.908e-12,-11.309095445945033,bot1
-3,4.5,160,5,4.0642e-12,4.0642e-12,-11.391024928490088,bot1
-3,4.6000000000000005,160,5,-1.2322e-12,1.2322e-12,-11.909318795542609,bot1
-3,4.7,160,5,6.98e-14,6.98e-14,-13.156144577376839,bot1
-3,4.8,160,5,1.4308e-12,1.4308e-12,-11.844421068523069,bot1
-3,4.9,160,5,2.4074e-12,2.4074e-12,-11.618451743808901,bot1
-3,5.0,160,5,3.1902e-12,3.1902e-12,-11.496182089302177,bot1
-2,0.0,160,5,-5.0238e-12,5.0238e-12,-11.298967658408063,bot1
-2,0.1,160,5,2.9504e-12,2.9504e-12,-11.530119100626465,bot1
-2,0.2,160,5,4.53e-13,4.53e-13,-12.343901797987169,bot1
-2,0.3,160,5,1.4794e-12,1.4794e-12,-11.82991438563411,bot1
-2,0.4,160,5,2.5858e-12,2.5858e-12,-11.587405068881521,bot1
-2,0.5,160,5,3.233e-12,3.233e-12,-11.490394295388445,bot1
-2,0.6,160,5,3.6878e-12,3.6878e-12,-11.433232640018527,bot1
-2,0.7,160,5,4.0436e-12,4.0436e-12,-11.393231812127702,bot1
-2,0.8,160,5,4.2092e-12,4.2092e-12,-11.375800438273645,bot1
-2,0.9,160,5,4.4172e-12,4.4172e-12,-11.354852936505708,bot1
-2,1.0,160,5,-4.952e-12,4.952e-12,-11.305219363987938,bot1
-2,1.1,160,5,-4.0942e-12,4.0942e-12,-11.387830946047027,bot1
-2,1.2,160,5,1.397e-12,1.397e-12,-11.854803593885817,bot1
-2,1.3,160,5,1.018e-13,1.018e-13,-12.99225222199926,bot1
-2,1.4,160,5,-1.0686e-12,1.0686e-12,-11.971184830153113,bot1
-2,1.5,160,5,-2.091e-12,2.091e-12,-11.679645967182328,bot1
-2,1.6,160,5,-2.9618e-12,2.9618e-12,-11.528444271212836,bot1
-2,1.7,160,5,-3.5268e-12,3.5268e-12,-11.452619167879762,bot1
-2,1.8,160,5,-4.029e-12,4.029e-12,-11.394802732611621,bot1
-2,1.9,160,5,-4.2394e-12,4.2394e-12,-11.37269560452234,bot1
-2,2.0,160,5,-4.3886e-12,4.3886e-12,-11.357674001225954,bot1
-2,2.1,160,5,4.851e-12,4.851e-12,-11.314168725373936,bot1
-2,2.2,160,5,3.905e-12,3.905e-12,-11.408378961786681,bot1
-2,2.3000000000000003,160,5,-9.37e-13,9.37e-13,-12.028260409112221,bot1
-2,2.4,160,5,5.626e-13,5.626e-13,-12.249800272170818,bot1
-2,2.5,160,5,1.825e-12,1.825e-12,-11.738737131207506,bot1
-2,2.6,160,5,2.908e-12,2.908e-12,-11.536405597813,bot1
-2,2.7,160,5,3.5274e-12,3.5274e-12,-11.452545289427274,bot1
-2,2.8000000000000003,160,5,3.9236e-12,3.9236e-12,-11.406315274138032,bot1
-2,2.9,160,5,4.1862e-12,4.1862e-12,-11.378180026637212,bot1
-2,3.0,160,5,4.4086e-12,4.4086e-12,-11.355699303685219,bot1
-2,3.1,160,5,-4.8748e-12,4.8748e-12,-11.312043197540449,bot1
-2,3.2,160,5,-3.9278e-12,3.9278e-12,-11.40585063420172,bot1
-2,3.3000000000000003,160,5,8.686e-13,8.686e-13,-12.06118017497379,bot1
-2,3.4,160,5,-4.618e-13,4.618e-13,-12.335546071418843,bot1
-2,3.5,160,5,-1.7896e-12,1.7896e-12,-11.747244028911426,bot1
-2,3.6,160,5,-2.7104e-12,2.7104e-12,-11.566966611349388,bot1
-2,3.7,160,5,-3.234e-12,3.234e-12,-11.490259984429617,bot1
-2,3.8,160,5,-3.8404e-12,3.8404e-12,-11.415623538979972,bot1
-2,3.9,160,5,-4.2128e-12,4.2128e-12,-11.375429158238006,bot1
-2,4.0,160,5,-4.3698e-12,4.3698e-12,-11.359538439662085,bot1
-2,4.1,160,5,4.9196e-12,4.9196e-12,-11.308070207162485,bot1
-2,4.2,160,5,4.154e-12,4.154e-12,-11.38153350780092,bot1
-2,4.3,160,5,-1.5152e-12,1.5152e-12,-11.819530038340801,bot1
-2,4.4,160,5,-2.662e-13,2.662e-13,-12.574791948861344,bot1
-2,4.5,160,5,8.288e-13,8.288e-13,-12.081550257598842,bot1
-2,4.6000000000000005,160,5,1.9054e-12,1.9054e-12,-11.720013839118428,bot1
-2,4.7,160,5,2.7406e-12,2.7406e-12,-11.56215434660917,bot1
-2,4.8,160,5,3.4074e-12,3.4074e-12,-11.467576880932898,bot1
-2,4.9,160,5,3.8692e-12,3.8692e-12,-11.412378820898693,bot1
-2,5.0,160,5,4.1548e-12,4.1548e-12,-11.38144987705121,bot1
-1,0.0,160,5,5.0188e-12,5.0188e-12,-11.299400110679176,bot1
-1,0.1,160,5,-2.7422e-12,2.7422e-12,-11.56190087349661,bot1
-1,0.2,160,5,-4.638e-13,4.638e-13,-12.333669255698032,bot1
-1,0.3,160,5,-1.5332e-12,1.5332e-12,-11.814401189417685,bot1
-1,0.4,160,5,-2.5114e-12,2.5114e-12,-11.600084110083698,bot1
-1,0.5,160,5,-3.1664e-12,3.1664e-12,-11.49943422313768,bot1
-1,0.6,160,5,-3.695e-12,3.695e-12,-11.432385557269155,bot1
-1,0.7,160,5,-4.0392e-12,4.0392e-12,-11.39370464231257,bot1
-1,0.8,160,5,-4.1914e-12,4.1914e-12,-11.377640890942999,bot1
-1,0.9,160,5,-4.2954e-12,4.2954e-12,-11.366996387198522,bot1
-1,1.0,160,5,4.9574e-12,4.9574e-12,-11.304746037563651,bot1
-1,1.1,160,5,3.9554e-12,3.9554e-12,-11.40280959079876,bot1
-1,1.2,160,5,-9.584e-13,9.584e-13,-12.018453194954764,bot1
-1,1.3,160,5,4.406e-13,4.406e-13,-12.355955507185252,bot1
-1,1.4,160,5,1.5526e-12,1.5526e-12,-11.808940418172602,bot1
-1,1.5,160,5,2.4844e-12,2.4844e-12,-11.604778479426487,bot1
-1,1.6,160,5,3.1872e-12,3.1872e-12,-11.496590683256395,bot1
-1,1.7,160,5,3.7906e-12,3.7906e-12,-11.421292041729766,bot1
-1,1.8,160,5,4.059e-12,4.059e-12,-11.391580948682714,bot1
-1,1.9,160,5,4.3304e-12,4.3304e-12,-11.363471985916995,bot1
-1,2.0,160,5,-4.8166e-12,4.8166e-12,-11.317259418664984,bot1
-1,2.1,160,5,-4.198e-12,4.198e-12,-11.376957565753619,bot1
-1,2.2,160,5,1.5416e-12,1.5416e-12,-11.812028298352603,bot1
-1,2.3000000000000003,160,5,2.642e-13,2.642e-13,-12.578067186721492,bot1
-1,2.4,160,5,-8.086e-13,8.086e-13,-12.092266263002344,bot1
-1,2.5,160,5,-1.7096e-12,1.7096e-12,-11.767105490843987,bot1
-1,2.6,160,5,-2.6376e-12,2.6376e-12,-11.578791065864904,bot1
-1,2.7,160,5,-3.252e-12,3.252e-12,-11.48784946307797,bot1
-1,2.8000000000000003,160,5,-3.7396e-12,3.7396e-12,-11.42717484889127,bot1
-1,2.9,160,5,-4.076e-12,4.076e-12,-11.389765824665611,bot1
-1,3.0,160,5,-4.299e-12,4.299e-12,-11.366632554882994,bot1
-1,3.1,160,5,-4.3776e-12,4.3776e-12,-11.358763924295996,bot1
-1,3.2,160,5,4.9052e-12,4.9052e-12,-11.309343280409292,bot1
-1,3.3000000000000003,160,5,4.1344e-12,4.1344e-12,-11.383587508021028,bot1
-1,3.4,160,5,-1.543e-12,1.543e-12,-11.811634073936851,bot1
-1,3.5,160,5,4.38e-14,4.38e-14,-13.358525889495901,bot1
-1,3.6,160,5,1.228e-12,1.228e-12,-11.91080163319485,bot1
-1,3.7,160,5,2.2854e-12,2.2854e-12,-11.641037776955411,bot1
-1,3.8,160,5,3.101e-12,3.101e-12,-11.508498233762674,bot1
-1,3.9,160,5,3.6654e-12,3.6654e-12,-11.435878624484348,bot1
-1,4.0,160,5,4.0286e-12,4.0286e-12,-11.39484585160311,bot1
-1,4.1,160,5,4.2052e-12,4.2052e-12,-11.376213344258261,bot1
-1,4.2,160,5,-4.8342e-12,4.8342e-12,-11.315675385972307,bot1
-1,4.3,160,5,-4.3658e-12,4.3658e-12,-11.359936163470188,bot1
-1,4.4,160,5,1.6732e-12,1.6732e-12,-11.776452144091408,bot1
-1,4.5,160,5,4.144e-13,4.144e-13,-12.382580253262823,bot1
-1,4.6000000000000005,160,5,-5.388e-13,5.388e-13,-12.268572412949052,bot1
-1,4.7,160,5,-1.5444e-12,1.5444e-12,-11.81124020704799,bot1
-1,4.8,160,5,-2.4134e-12,2.4134e-12,-11.617370691603083,bot1
-1,4.9,160,5,-3.1346e-12,3.1346e-12,-11.503817870742731,bot1
-1,5.0,160,5,-3.7696e-12,3.7696e-12,-11.42370473122901,bot1
0,0.0,160,5,1.0627e-10,1.0627e-10,-9.973589319421226,bot1
0,0.1,160,5,1.2398e-07,1.2398e-07,-6.906648367984445,bot1
0,0.2,160,5,1.6626e-07,1.6626e-07,-6.779212223834125,bot1
0,0.3,160,5,1.7844e-07,1.7844e-07,-6.748507785430421,bot1
0,0.4,160,5,1.814e-07,1.814e-07,-6.741362717275924,bot1
0,0.5,160,5,1.825e-07,1.825e-07,-6.738737131207507,bot1
0,0.6,160,5,1.8284e-07,1.8284e-07,-6.737928787382707,bot1
0,0.7,160,5,1.8328e-07,1.8328e-07,-6.736884923818659,bot1
0,0.8,160,5,1.8352e-07,1.8352e-07,-6.736316599442808,bot1
0,0.9,160,5,1.8392e-07,1.8392e-07,-6.7353710417387775,bot1
0,1.0,160,5,1.8408e-07,1.8408e-07,-6.734993394339413,bot1
0,1.1,160,5,1.8404e-07,1.8404e-07,-6.735087775407242,bot1
0,1.2,160,5,1.8424e-07,1.8424e-07,-6.734616075043825,bot1
0,1.3,160,5,1.8408e-07,1.8408e-07,-6.734993394339413,bot1
0,1.4,160,5,1.8438e-07,1.8438e-07,-6.734286189359978,bot1
0,1.5,160,5,1.8462e-07,1.8462e-07,-6.733721253368898,bot1
0,1.6,160,5,1.8474e-07,1.8474e-07,-6.733439060713159,bot1
0,1.7,160,5,1.849e-07,1.849e-07,-6.733063088840827,bot1
0,1.8,160,5,1.847e-07,1.847e-07,-6.733533104559759,bot1
0,1.9,160,5,1.8456e-07,1.8456e-07,-6.733862418486963,bot1
0,2.0,160,5,1.8486e-07,1.8486e-07,-6.733157051299416,bot1
0,2.1,160,5,1.8484e-07,1.8484e-07,-6.733204040153333,bot1
0,2.2,160,5,1.8448e-07,1.8448e-07,-6.7340507100493765,bot1
0,2.3000000000000003,160,5,1.8506e-07,1.8506e-07,-6.732687442168555,bot1
0,2.4,160,5,1.8514e-07,1.8514e-07,-6.732499740606734,bot1
0,2.5,160,5,1.8512e-07,1.8512e-07,-6.732546658392326,bot1
0,2.6,160,5,1.852e-07,1.852e-07,-6.732359017654084,bot1
0,2.7,160,5,1.8502e-07,1.8502e-07,-6.732781323379881,bot1
0,2.8000000000000003,160,5,1.8494e-07,1.8494e-07,-6.732969146707235,bot1
0,2.9,160,5,1.8546e-07,1.8546e-07,-6.731749744553052,bot1
0,3.0,160,5,1.853e-07,1.853e-07,-6.732124580681102,bot1
0,3.1,160,5,1.854e-07,1.854e-07,-6.7318902701915215,bot1
0,3.2,160,5,1.8568e-07,1.8568e-07,-6.731234872552139,bot1
0,3.3000000000000003,160,5,1.8556e-07,1.8556e-07,-6.731515636153278,bot1
0,3.4,160,5,1.8592e-07,1.8592e-07,-6.730673889289763,bot1
0,3.5,160,5,1.855e-07,1.855e-07,-6.731656086048935,bot1
0,3.6,160,5,1.8596e-07,1.8596e-07,-6.730580462488951,bot1
0,3.7,160,5,1.858e-07,1.858e-07,-6.730954290342377,bot1
0,3.8,160,5,1.8612e-07,1.8612e-07,-6.73020695613877,bot1
0,3.9,160,5,1.8596e-07,1.8596e-07,-6.730580462488951,bot1
0,4.0,160,5,1.8614e-07,1.8614e-07,-6.730160290423161,bot1
0,4.1,160,5,1.8624e-07,1.8624e-07,-6.729927037030206,bot1
0,4.2,160,5,1.8612e-07,1.8612e-07,-6.73020695613877,bot1
0,4.3,160,5,1.8646e-07,1.8646e-07,-6.7294143201151755,bot1
0,4.4,160,5,1.8668e-07,1.8668e-07,-6.728902207786882,bot1
0,4.5,160,5,1.8674e-07,1.8674e-07,-6.728762645529164,bot1
0,4.6000000000000005,160,5,1.8672e-07,1.8672e-07,-6.728809161298705,bot1
0,4.7,160,5,1.8636e-07,1.8636e-07,-6.729647298223816,bot1
0,4.8,160,5,1.8682e-07,1.8682e-07,-6.728576632256418,bot1
0,4.9,160,5,1.8668e-07,1.8668e-07,-6.728902207786882,bot1
0,5.0,160,5,1.866e-07,1.866e-07,-6.729088360589519,bot1
1,0.0,160,5,8.327e-10,8.327e-10,-9.079511435341702,bot1
1,0.1,160,5,1.8947000000000005e-06,1.8947000000000005e-06,-5.722459544882569,bot1
1,0.2,160,5,3.3896000000000005e-06,3.3896000000000005e-06,-5.469851549007067,bot1
1,0.3,160,5,4.521900000000001e-06,4.521900000000001e-06,-5.344679046132278,bot1
1,0.4,160,5,5.4134000000000006e-06,5.4134000000000006e-06,-5.266529881393229,bot1
1,0.5,160,5,6.1411e-06,6.1411e-06,-5.21175383062718,bot1
1,0.6,160,5,6.752100000000001e-06,6.752100000000001e-06,-5.170561134343511,bot1
1,0.7,160,5,7.2573e-06,7.2573e-06,-5.139224923817779,bot1
1,0.8,160,5,7.6745e-06,7.6745e-06,-5.1149499095725295,bot1
1,0.9,160,5,7.998400000000001e-06,7.998400000000001e-06,-5.096996880591485,bot1
1,1.0,160,5,8.2337e-06,8.2337e-06,-5.084404960840853,bot1
1,1.1,160,5,8.4138e-06,8.4138e-06,-5.075007815581289,bot1
1,1.2,160,5,8.5295e-06,8.5295e-06,-5.069076426465,bot1
1,1.3,160,5,8.5959e-06,8.5959e-06,-5.065708645495718,bot1
1,1.4,160,5,8.638000000000001e-06,8.638000000000001e-06,-5.06358680028852,bot1
1,1.5,160,5,8.665800000000001e-06,8.665800000000001e-06,-5.062191338368652,bot1
1,1.6,160,5,8.6878e-06,8.6878e-06,-5.06109018544125,bot1
1,1.7,160,5,8.7042e-06,8.7042e-06,-5.060271138567486,bot1
1,1.8,160,5,8.716300000000002e-06,8.716300000000002e-06,-5.059667830502148,bot1
1,1.9,160,5,8.7296e-06,8.7296e-06,-5.059005655695652,bot1
1,2.0,160,5,8.7399e-06,8.7399e-06,-5.05849353643844,bot1
1,2.1,160,5,8.7496e-06,8.7496e-06,-5.0580118008935235,bot1
1,2.2,160,5,8.758700000000001e-06,8.758700000000001e-06,-5.057560348708995,bot1
1,2.3000000000000003,160,5,8.7683e-06,8.7683e-06,-5.057084599585562,bot1
1,2.4,160,5,8.7723e-06,8.7723e-06,-5.05688652449603,bot1
1,2.5,160,5,8.7813e-06,8.7813e-06,-5.056441185570724,bot1
1,2.6,160,5,8.788800000000001e-06,8.788800000000001e-06,-5.056070418322716,bot1
1,2.7,160,5,8.799600000000001e-06,8.799600000000001e-06,-5.055537068956765,bot1
1,2.8000000000000003,160,5,8.8022e-06,8.8022e-06,-5.055408767798797,bot1
1,2.9,160,5,8.8079e-06,8.8079e-06,-5.055127624746423,bot1
1,3.0,160,5,8.8138e-06,8.8138e-06,-5.054836808589188,bot1
1,3.1,160,5,8.822900000000002e-06,8.822900000000002e-06,-5.054388643100629,bot1
1,3.2,160,5,8.8279e-06,8.8279e-06,-5.0541425950498216,bot1
1,3.3000000000000003,160,5,8.829800000000001e-06,8.829800000000001e-06,-5.0540491333284425,bot1
1,3.4,160,5,8.831300000000001e-06,8.831300000000001e-06,-5.053975361963757,bot1
1,3.5,160,5,8.8386e-06,8.8386e-06,-5.053616520102936,bot1
1,3.6,160,5,8.845800000000001e-06,8.845800000000001e-06,-5.053262884079946,bot1
1,3.7,160,5,8.8496e-06,8.8496e-06,-5.053076358874909,bot1
1,3.8,160,5,8.8532e-06,8.8532e-06,-5.052899724652481,bot1
1,3.9,160,5,8.8549e-06,8.8549e-06,-5.0528163390129714,bot1
1,4.0,160,5,8.865300000000001e-06,8.865300000000001e-06,-5.052306563374955,bot1
1,4.1,160,5,8.869800000000001e-06,8.869800000000001e-06,-5.052086172713442,bot1
1,4.2,160,5,8.8728e-06,8.8728e-06,-5.051939307715287,bot1
1,4.3,160,5,8.8789e-06,8.8789e-06,-5.051640835293616,bot1
1,4.4,160,5,8.8843e-06,8.8843e-06,-5.051376784866383,bot1
1,4.5,160,5,8.8856e-06,8.8856e-06,-5.051313241140478,bot1
1,4.6000000000000005,160,5,8.8898e-06,8.8898e-06,-5.051108009544233,bot1
1,4.7,160,5,8.896100000000001e-06,8.896100000000001e-06,-5.05080034388206,bot1
1,4.8,160,5,8.897700000000001e-06,8.897700000000001e-06,-5.050722241265091,bot1
1,4.9,160,5,8.901400000000001e-06,8.901400000000001e-06,-5.050541682741774,bot1
1,5.0,160,5,8.906300000000001e-06,8.906300000000001e-06,-5.05030268017378,bot1
2,0.0,160,5,1.2979e-09,1.2979e-09,-8.8867587675674,bot1
2,0.1,160,5,5.3006000000000005e-06,5.3006000000000005e-06,-5.275674967768903,bot1
2,0.2,160,5,1.02567e-05,1.02567e-05,-4.988992347052717,bot1
2,0.3,160,5,1.4866e-05,1.4866e-05,-4.827805871533069,bot1
2,0.4,160,5,1.9158e-05,1.9158e-05,-4.717649831076912,bot1
2,0.5,160,5,2.3144e-05,2.3144e-05,-4.635561579360074,bot1
2,0.6,160,5,2.6836e-05,2.6836e-05,-4.571282216796169,bot1
2,0.7,160,5,3.025e-05,3.025e-05,-4.519274621011513,bot1
2,0.8,160,5,3.3390000000000004e-05,3.3390000000000004e-05,-4.47638358094563,bot1
2,0.9,160,5,3.6282e-05,3.6282e-05,-4.4403087810104145,bot1
2,1.0,160,5,3.8922e-05,3.8922e-05,-4.40980485168613,bot1
2,1.1,160,5,4.1326e-05,4.1326e-05,-4.383776628640305,bot1
2,1.2,160,5,4.3506e-05,4.3506e-05,-4.361450844489044,bot1
2,1.3,160,5,4.5466e-05,4.5466e-05,-4.342313252400169,bot1
2,1.4,160,5,4.7224e-05,4.7224e-05,-4.3258372297868615,bot1
2,1.5,160,5,4.8796000000000005e-05,4.8796000000000005e-05,-4.311615777364652,bot1
2,1.6,160,5,5.016e-05,5.016e-05,-4.29964247217734,bot1
2,1.7,160,5,5.135e-05,5.135e-05,-4.289459552066703,bot1
2,1.8,160,5,5.2374e-05,5.2374e-05,-4.280884256123557,bot1
2,1.9,160,5,5.3208e-05,5.3208e-05,-4.274023065173906,bot1
2,2.0,160,5,5.3912e-05,5.3912e-05,-4.268314556636354,bot1
2,2.1,160,5,5.448e-05,5.448e-05,-4.263762901095271,bot1
2,2.2,160,5,5.4908e-05,5.4908e-05,-4.260364374989996,bot1
2,2.3000000000000003,160,5,5.5274e-05,5.5274e-05,-4.257479105798736,bot1
2,2.4,160,5,5.5556e-05,5.5556e-05,-4.255269030761348,bot1
2,2.5,160,5,5.58e-05,5.58e-05,-4.253365801062421,bot1
2,2.6,160,5,5.6e-05,5.6e-05,-4.251811972993799,bot1
2,2.7,160,5,5.6178e-05,5.6178e-05,-4.250433726231361,bot1
2,2.8000000000000003,160,5,5.6342e-05,5.6342e-05,-4.249167740709364,bot1
2,2.9,160,5,5.6484e-05,5.6484e-05,-4.248074555645776,bot1
2,3.0,160,5,5.6622e-05,5.6622e-05,-4.247014794567816,bot1
2,3.1,160,5,5.6748e-05,5.6748e-05,-4.246049439936949,bot1
2,3.2,160,5,5.6876e-05,5.6876e-05,-4.245070954455025,bot1
2,3.3000000000000003,160,5,5.6974e-05,5.6974e-05,-4.24432328875914,bot1
2,3.4,160,5,5.7088e-05,5.7088e-05,-4.24345517163999,bot1
2,3.5,160,5,5.7194e-05,5.7194e-05,-4.242649528961645,bot1
2,3.6,160,5,5.729e-05,5.729e-05,-4.241921177750387,bot1
2,3.7,160,5,5.7404e-05,5.7404e-05,-4.241057844232661,bot1
2,3.8,160,5,5.7486000000000005e-05,5.7486000000000005e-05,-4.240437909450468,bot1
2,3.9,160,5,5.7574e-05,5.7574e-05,-4.239773596537913,bot1
2,4.0,160,5,5.7676e-05,5.7676e-05,-4.239004866842119,bot1
2,4.1,160,5,5.776e-05,5.776e-05,-4.238372815438417,bot1
2,4.2,160,5,5.7848e-05,5.7848e-05,-4.237711651474179,bot1
2,4.3,160,5,5.7926e-05,5.7926e-05,-4.2371264600717256,bot1
2,4.4,160,5,5.8014e-05,5.8014e-05,-4.236467189384359,bot1
2,4.5,160,5,5.8098000000000005e-05,5.8098000000000005e-05,-4.235838817763095,bot1
2,4.6000000000000005,160,5,5.8184e-05,5.8184e-05,-4.235196425436622,bot1
2,4.7,160,5,5.8262e-05,5.8262e-05,-4.234614611125185,bot1
2,4.8,160,5,5.8344e-05,5.8344e-05,-4.234003799445058,bot1
2,4.9,160,5,5.8416e-05,5.8416e-05,-4.233468184394348,bot1
2,5.0,160,5,5.8478000000000005e-05,5.8478000000000005e-05,-4.233007489056641,bot1
3,0.0,160,5,1.2224e-09,1.2224e-09,-8.912786658768386,bot1
3,0.1,160,5,8.872100000000001e-06,8.872100000000001e-06,-5.051973571772846,bot1
3,0.2,160,5,1.7372e-05,1.7372e-05,-4.760150179309808,bot1
3,0.3,160,5,2.5498e-05,2.5498e-05,-4.593493883214197,bot1
3,0.4,160,5,3.327e-05,3.327e-05,-4.477947199131178,bot1
3,0.5,160,5,4.071e-05,4.071e-05,-4.3902988976206005,bot1
3,0.6,160,5,4.7788e-05,4.7788e-05,-4.32068114497909,bot1
3,0.7,160,5,5.4562e-05,5.4562e-05,-4.263109718757657,bot1
3,0.8,160,5,6.0994e-05,6.0994e-05,-4.214712884580254,bot1
3,0.9,160,5,6.713200000000001e-05,6.713200000000001e-05,-4.17307041409878,bot1
3,1.0,160,5,7.2974e-05,7.2974e-05,-4.1368318476583115,bot1
3,1.1,160,5,7.8516e-05,7.8516e-05,-4.105041833654012,bot1
3,1.2,160,5,8.3786e-05,8.3786e-05,-4.076828542595133,bot1
3,1.3,160,5,8.8774e-05,8.8774e-05,-4.051714211134801,bot1
3,1.4,160,5,9.3504e-05,9.3504e-05,-4.029169810081816,bot1
3,1.5,160,5,9.7964e-05,9.7964e-05,-4.008933490365806,bot1
3,1.6,160,5,0.0001022,0.0001022,-3.990549104201306,bot1
3,1.7,160,5,0.000106178,0.000106178,-3.9739654594162617,bot1
3,1.8,160,5,0.000109902,0.000109902,-3.9589944042001632,bot1
3,1.9,160,5,0.000113418,0.000113418,-3.945318015281567,bot1
3,2.0,160,5,0.00011672,0.00011672,-3.9328547211146048,bot1
3,2.1,160,5,0.00011976,0.00011976,-3.921688212665004,bot1
3,2.2,160,5,0.00012254,0.00012254,-3.911722124004065,bot1
3,2.3000000000000003,160,5,0.00012512,0.00012512,-3.9026732642842275,bot1
3,2.4,160,5,0.00012752,0.00012752,-3.8944216959479627,bot1
3,2.5,160,5,0.00012966,0.00012966,-3.8871939827331152,bot1
3,2.6,160,5,0.00013162,0.00013162,-3.880678113536023,bot1
3,2.7,160,5,0.00013338,0.00013338,-3.8749092869173656,bot1
3,2.8000000000000003,160,5,0.00013496,0.00013496,-3.8697949304189314,bot1
3,2.9,160,5,0.00013632,0.00013632,-3.8654404225773753,bot1
3,3.0,160,5,0.00013752,0.00013752,-3.861634136321004,bot1
3,3.1,160,5,0.00013854,0.00013854,-3.85842481669918,bot1
3,3.2,160,5,0.00013946,0.00013946,-3.8555503391311006,bot1
3,3.3000000000000003,160,5,0.0001402,0.0001402,-3.85325198636936,bot1
3,3.4,160,5,0.0001409,0.0001409,-3.8510890068906436,bot1
3,3.5,160,5,0.00014152,0.00014152,-3.8491821800983335,bot1
3,3.6,160,5,0.00014204,0.00014204,-3.8475893363704223,bot1
3,3.7,160,5,0.0001425,0.0001425,-3.846185135655471,bot1
3,3.8,160,5,0.00014298,0.00014298,-3.8447247072699002,bot1
3,3.9,160,5,0.00014342,0.00014342,-3.843390281834301,bot1
3,4.0,160,5,0.00014382,0.00014382,-3.8421807155827024,bot1
3,4.1,160,5,0.00014424,0.00014424,-3.8409142862856545,bot1
3,4.2,160,5,0.00014456,0.00014456,-3.8399518604471243,bot1
3,4.3,160,5,0.00014492,0.00014492,-3.8388716746375007,bot1
3,4.4,160,5,0.00014526,0.00014526,-3.8378539601746233,bot1
3,4.5,160,5,0.0001456,0.0001456,-3.8368386250229816,bot1
3,4.6000000000000005,160,5,0.00014594,0.00014594,-3.835825658083351,bot1
3,4.7,160,5,0.0001462,0.0001462,-3.8350526273781584,bot1
3,4.8,160,5,0.0001465,0.0001465,-3.8341623753098717,bot1
3,4.9,160,5,0.00014682,0.00014682,-3.833214780264567,bot1
3,5.0,160,5,0.0001471,0.0001471,-3.83238732727247,bot1
4,0.0,160,5,3.6597999999999997e-09,3.6597999999999997e-09,-8.436542647192928,bot1
4,0.1,160,5,1.2676e-05,1.2676e-05,-4.897017769481737,bot1
4,0.2,160,5,2.4956e-05,2.4956e-05,-4.6028250230416745,bot1
4,0.3,160,5,3.6822e-05,3.6822e-05,-4.433892626332424,bot1
4,0.4,160,5,4.8324e-05,4.8324e-05,-4.315837124344943,bot1
4,0.5,160,5,5.9444e-05,5.9444e-05,-4.225891974491782,bot1
4,0.6,160,5,7.0174e-05,7.0174e-05,-4.153823767472665,bot1
4,0.7,160,5,8.0562e-05,8.0562e-05,-4.093869760699447,bot1
4,0.8,160,5,9.058e-05,9.058e-05,-4.042967683653061,bot1
4,0.9,160,5,0.000100278,0.000100278,-3.998794336437251,bot1
4,1.0,160,5,0.000109602,0.000109602,-3.9601815208421716,bot1
4,1.1,160,5,0.00011864,0.00011864,-3.9257688619796745,bot1
4,1.2,160,5,0.0001273,0.0001273,-3.8951715963463447,bot1
4,1.3,160,5,0.00013562,0.00013562,-3.8676762599590093,bot1
4,1.4,160,5,0.00014368,0.00014368,-3.842603680676771,bot1
4,1.5,160,5,0.00015144,0.00015144,-3.8197593990442598,bot1
4,1.6,160,5,0.00015896,0.00015896,-3.798712145898241,bot1
4,1.7,160,5,0.00016608,0.00016608,-3.779682663831636,bot1
4,1.8,160,5,0.00017298,0.00017298,-3.7620041072281487,bot1
4,1.9,160,5,0.0001796,0.0001796,-3.7456936676687143,bot1
4,2.0,160,5,0.0001859,0.0001859,-3.7307206102281016,bot1
4,2.1,160,5,0.000192,0.000192,-3.7166987712964503,bot1
4,2.2,160,5,0.00019782,0.00019782,-3.7037298024732035,bot1
4,2.3000000000000003,160,5,0.00020338,0.00020338,-3.6916917570017747,bot1
4,2.4,160,5,0.00020874,0.00020874,-3.6803943208687673,bot1
4,2.5,160,5,0.00021374,0.00021374,-3.6701141949455747,bot1
4,2.6,160,5,0.0002185,0.0002185,-3.6605485586935593,bot1
4,2.7,160,5,0.00022306,0.00022306,-3.6515783021355754,bot1
4,2.8000000000000003,160,5,0.00022738,0.00022738,-3.643247737852443,bot1
4,2.9,160,5,0.00023148,0.00023148,-3.635486526308491,bot1
4,3.0,160,5,0.0002353,0.0002353,-3.6283780728239785,bot1
4,3.1,160,5,0.00023892,0.00023892,-3.6217474939249654,bot1
4,3.2,160,5,0.00024226,0.00024226,-3.6157182871144156,bot1
4,3.3000000000000003,160,5,0.0002455,0.0002455,-3.6099485035410126,bot1
4,3.4,160,5,0.00024844,0.00024844,-3.604778479426487,bot1
4,3.5,160,5,0.00025112,0.00025112,-3.600118697308014,bot1
4,3.6,160,5,0.00025368,0.00025368,-3.595713770980968,bot1
4,3.7,160,5,0.00025596,0.00025596,-3.5918278985029466,bot1
4,3.8,160,5,0.000258,0.000258,-3.58838029403677,bot1
4,3.9,160,5,0.00025994,0.00025994,-3.5851268853985316,bot1
4,4.0,160,5,0.00026164,0.00026164,-3.5822958595400722,bot1
4,4.1,160,5,0.00026324,0.00026324,-3.5796481178720416,bot1
4,4.2,160,5,0.00026464,0.00026464,-3.577344512127547,bot1
4,4.3,160,5,0.00026598,0.00026598,-3.5751510183170216,bot1
4,4.4,160,5,0.00026722,0.00026722,-3.5731310403410146,bot1
4,4.5,160,5,0.00026828,0.00026828,-3.571411702331386,bot1
4,4.6000000000000005,160,5,0.00026928,0.00026928,-3.569795901368251,bot1
4,4.7,160,5,0.00027026,0.00027026,-3.568218227570876,bot1
4,4.8,160,5,0.0002712,0.0002712,-3.566710314804974,bot1
4,4.9,160,5,0.000272,0.000272,-3.5654310959658013,bot1
4,5.0,160,5,0.00027292,0.00027292,-3.5639646373921314,bot1
5,0.0,160,5,1.097e-09,1.097e-09,-8.959793372425288,bot1
5,0.1,160,5,1.6646e-05,1.6646e-05,-4.778690109703071,bot1
5,0.2,160,5,3.2876e-05,3.2876e-05,-4.483121028224565,bot1
5,0.3,160,5,4.8678e-05,4.8678e-05,-4.312667273638503,bot1
5,0.4,160,5,6.4088e-05,6.4088e-05,-4.193223281271554,bot1
5,0.5,160,5,7.9092e-05,7.9092e-05,-4.101867442312202,bot1
5,0.6,160,5,9.3696e-05,9.3696e-05,-4.02827894929374,bot1
5,0.7,160,5,0.000107922,0.000107922,-3.966890014958507,bot1
5,0.8,160,5,0.00012168,0.00012168,-3.914780798955058,bot1
5,0.9,160,5,0.00013514,0.00013514,-3.869216085411044,bot1
5,1.0,160,5,0.00014824,0.00014824,-3.8290345936891588,bot1
5,1.1,160,5,0.000161,0.000161,-3.7931741239681505,bot1
5,1.2,160,5,0.00017336,0.00017336,-3.7610511016882384,bot1
5,1.3,160,5,0.00018544,0.00018544,-3.731796581380479,bot1
5,1.4,160,5,0.00019714,0.00019714,-3.7052252477815566,bot1
5,1.5,160,5,0.0002085,0.0002085,-3.6808939406902237,bot1
5,1.6,160,5,0.0002196,0.0002196,-3.6583676642219456,bot1
5,1.7,160,5,0.00023032,0.00023032,-3.6376683481299743,bot1
5,1.8,160,5,0.00024076,0.00024076,-3.6184156653472477,bot1
5,1.9,160,5,0.00025094,0.00025094,-3.600430106343157,bot1
5,2.0,160,5,0.0002608,0.0002608,-3.5836924129401173,bot1
5,2.1,160,5,0.0002703,0.0002703,-3.5681539543012746,bot1
5,2.2,160,5,0.00027958,0.00027958,-3.5534938994510594,bot1
5,2.3000000000000003,160,5,0.00028844,0.00028844,-3.539944513111114,bot1
5,2.4,160,5,0.00029718,0.00029718,-3.5269804216339002,bot1
5,2.5,160,5,0.00030562,0.00030562,-3.5148182286126226,bot1
5,2.6,160,5,0.00031374,0.00031374,-3.5034301077867007,bot1
5,2.7,160,5,0.0003216,0.0003216,-3.4926839599235864,bot1
5,2.8000000000000003,160,5,0.00032912,0.00032912,-3.482645725649351,bot1
5,2.9,160,5,0.0003367,0.0003367,-3.4727568836119116,bot1
5,3.0,160,5,0.00034378,0.00034378,-3.4637193927516177,bot1
5,3.1,160,5,0.00035054,0.00035054,-3.4552624176742284,bot1
5,3.2,160,5,0.00035716,0.00035716,-3.447137185707379,bot1
5,3.3000000000000003,160,5,0.0003634,0.0003634,-3.4396150770279843,bot1
5,3.4,160,5,0.0003695,0.0003695,-3.4323855572691553,bot1
5,3.5,160,5,0.00037544,0.00037544,-3.4254594587955616,bot1
5,3.6,160,5,0.00038096,0.00038096,-3.419120621939195,bot1
5,3.7,160,5,0.00038644,0.00038644,-3.4129179265625025,bot1
5,3.8,160,5,0.00039152,0.00039152,-3.407246047992286,bot1
5,3.9,160,5,0.0003964,0.0003964,-3.401866354186762,bot1
5,4.0,160,5,0.0004011,0.0004011,-3.3967473380183533,bot1
5,4.1,160,5,0.00040534,0.00040534,-3.3921805368403404,bot1
5,4.2,160,5,0.0004095,0.0004095,-3.3877460939035626,bot1
5,4.3,160,5,0.00041346,0.00041346,-3.3835664997016677,bot1
5,4.4,160,5,0.0004172,0.0004172,-3.3796557002455065,bot1
5,4.5,160,5,0.00042082,0.00042082,-3.375903627972115,bot1
5,4.6000000000000005,160,5,0.00042398,0.00042398,-3.3726546294792024,bot1
5,4.7,160,5,0.00042714,0.00042714,-3.369429756679355,bot1
5,4.8,160,5,0.00043,0.00043,-3.3665315444204134,bot1
5,4.9,160,5,0.00043246,0.00043246,-3.3640540560203114,bot1
5,5.0,160,5,0.00043498,0.00043498,-3.3615307110667874,bot1
-5,0.0,160,10,-4.0972e-12,4.0972e-12,-11.387512835954988,bot1
-5,0.1,160,10,-2.5742e-12,2.5742e-12,-11.589357714027559,bot1
-5,0.2,160,10,-6.554e-13,6.554e-13,-12.183493562953643,bot1
-5,0.3,160,10,-1.5732e-12,1.5732e-12,-11.80321606226229,bot1
-5,0.4,160,10,-2.5684e-12,2.5684e-12,-11.590337338755543,bot1
-5,0.5,160,10,-3.23e-12,3.23e-12,-11.490797477668897,bot1
-5,0.6,160,10,-3.663e-12,3.663e-12,-11.436163081335454,bot1
-5,0.7,160,10,-3.9624e-12,3.9624e-12,-11.4020416850256,bot1
-5,0.8,160,10,-4.1554e-12,4.1554e-12,-11.38138716455582,bot1
-5,0.9,160,10,-4.3324e-12,4.3324e-12,-11.363271452837797,bot1
-5,1.0,160,10,4.876e-12,4.876e-12,-11.311936303053656,bot1
-5,1.1,160,10,4.1294e-12,4.1294e-12,-11.384113046556447,bot1
-5,1.2,160,10,-1.3678e-12,1.3678e-12,-11.86397740060299,bot1
-5,1.3,160,10,-2.146e-13,2.146e-13,-12.668370282370068,bot1
-5,1.4,160,10,1.03e-12,1.03e-12,-11.987162775294827,bot1
-5,1.5,160,10,1.899e-12,1.899e-12,-11.721475035262982,bot1
-5,1.6,160,10,2.5282e-12,2.5282e-12,-11.59718857300805,bot1
-5,1.7,160,10,3.186e-12,3.186e-12,-11.496754228534888,bot1
-5,1.8,160,10,3.757e-12,3.757e-12,-11.425158804936615,bot1
-5,1.9,160,10,4.0606e-12,4.0606e-12,-11.391409789714283,bot1
-5,2.0,160,10,4.2256e-12,4.2256e-12,-11.374111616137151,bot1
-5,2.1,160,10,4.3484e-12,4.3484e-12,-11.361670512929223,bot1
-5,2.2,160,10,-4.7834e-12,4.7834e-12,-11.320263300807065,bot1
-5,2.3000000000000003,160,10,-4.2876e-12,4.2876e-12,-11.367785737749935,bot1
-5,2.4,160,10,1.914e-12,1.914e-12,-11.718058066559175,bot1
-5,2.5,160,10,7.821999999999999e-13,7.821999999999999e-13,-12.106682188383887,bot1
-5,2.6,160,10,-5.48e-13,5.48e-13,-12.261219441515632,bot1
-5,2.7,160,10,-1.417e-12,1.417e-12,-11.84863014975254,bot1
-5,2.8000000000000003,160,10,-2.1744e-12,2.1744e-12,-11.662660560611581,bot1
-5,2.9,160,10,-2.803e-12,2.803e-12,-11.552376902239715,bot1
-5,3.0,160,10,-3.4238e-12,3.4238e-12,-11.465491612404128,bot1
-5,3.1,160,10,-3.752e-12,3.752e-12,-11.425737170292972,bot1
-5,3.2,160,10,-4.0582e-12,4.0582e-12,-11.391666553469253,bot1
-5,3.3000000000000003,160,10,-4.1512e-12,4.1512e-12,-11.38182634231313,bot1
-5,3.4,160,10,4.8886e-12,4.8886e-12,-11.310815496567137,bot1
-5,3.5,160,10,4.6408e-12,4.6408e-12,-11.33340714754046,bot1
-5,3.6,160,10,-1.981e-12,1.981e-12,-11.703115524461452,bot1
-5,3.7,160,10,-1.0054e-12,1.0054e-12,-11.997661119107944,bot1
-5,3.8,160,10,3.86e-14,3.86e-14,-13.413412695328246,bot1
-5,3.9,160,10,1.114e-12,1.114e-12,-11.95311480916229,bot1
-5,4.0,160,10,2.0364e-12,2.0364e-12,-11.691136911634699,bot1
-5,4.1,160,10,2.961e-12,2.961e-12,-11.528561592610702,bot1
-5,4.2,160,10,3.716e-12,3.716e-12,-11.429924294678395,bot1
-5,4.3,160,10,4.3742e-12,4.3742e-12,-11.359101363751368,bot1
-5,4.4,160,10,4.824e-12,4.824e-12,-11.316592700867906,bot1
-5,4.5,160,10,5.0916e-12,5.0916e-12,-11.29314572218576,bot1
-5,4.6000000000000005,160,10,5.378e-12,5.378e-12,-11.269379202112717,bot1
-5,4.7,160,10,-3.4404e-12,3.4404e-12,-11.46339106100589,bot1
-5,4.8,160,10,-3.0568e-12,3.0568e-12,-11.514732975319648,bot1
-5,4.9,160,10,3.7466e-12,3.7466e-12,-11.426362671215193,bot1
-5,5.0,160,10,2.9082e-12,2.9082e-12,-11.536375729893598,bot1
-4,0.0,160,10,-4.0404e-12,4.0404e-12,-11.393575637564286,bot1
-4,0.1,160,10,-4.3662e-12,4.3662e-12,-11.359896374694905,bot1
-4,0.2,160,10,4.88e-12,4.88e-12,-11.311580177997289,bot1
-4,0.3,160,10,4.0794e-12,4.0794e-12,-11.389403708442245,bot1
-4,0.4,160,10,-1.5614e-12,1.5614e-12,-11.80648582497133,bot1
-4,0.5,160,10,-4.958e-13,4.958e-13,-12.304693477568197,bot1
-4,0.6,160,10,8.16e-13,8.16e-13,-12.088309841246138,bot1
-4,0.7,160,10,1.8104e-12,1.8104e-12,-11.742225459053328,bot1
-4,0.8,160,10,2.3734e-12,2.3734e-12,-11.624629061970941,bot1
-4,0.9,160,10,3.058e-12,3.058e-12,-11.514562518923698,bot1
-4,1.0,160,10,3.5458e-12,3.5458e-12,-11.450285764320538,bot1
-4,1.1,160,10,3.858e-12,3.858e-12,-11.413637776692134,bot1
-4,1.2,160,10,4.1676e-12,4.1676e-12,-11.380113970641613,bot1
-4,1.3,160,10,4.2988e-12,4.2988e-12,-11.36665275979504,bot1
-4,1.4,160,10,-4.768e-12,4.768e-12,-11.32166375326782,bot1
-4,1.5,160,10,-4.3284e-12,4.3284e-12,-11.363672611634012,bot1
-4,1.6,160,10,2.1636e-12,2.1636e-12,-11.664823027229973,bot1
-4,1.7,160,10,1.032e-12,1.032e-12,-11.986320302708807,bot1
-4,1.8,160,10,-2.67e-13,2.67e-13,-12.573488738635424,bot1
-4,1.9,160,10,-1.2222e-12,1.2222e-12,-11.912857720616191,bot1
-4,2.0,160,10,-2.0146e-12,2.0146e-12,-11.695811170385157,bot1
-4,2.1,160,10,-2.7328e-12,2.7328e-12,-11.563392150991088,bot1
-4,2.2,160,10,-3.334e-12,3.334e-12,-11.477034404508013,bot1
-4,2.3000000000000003,160,10,-3.8714e-12,3.8714e-12,-11.412131954277006,bot1
-4,2.4,160,10,-4.0768e-12,4.0768e-12,-11.389680593680762,bot1
-4,2.5,160,10,-4.2682e-12,4.2682e-12,-11.369755238530294,bot1
-4,2.6,160,10,-4.4458e-12,4.4458e-12,-11.352050078490398,bot1
-4,2.7,160,10,4.8856e-12,4.8856e-12,-11.31108209301219,bot1
-4,2.8000000000000003,160,10,4.1778e-12,4.1778e-12,-11.379052354440777,bot1
-4,2.9,160,10,-1.3444e-12,1.3444e-12,-11.87147149620256,bot1
-4,3.0,160,10,-2.262e-13,2.262e-13,-12.645507399410564,bot1
-4,3.1,160,10,8.026e-13,8.026e-13,-12.09550084460218,bot1
-4,3.2,160,10,1.829e-12,1.829e-12,-11.737786294523584,bot1
-4,3.3000000000000003,160,10,2.622e-12,2.622e-12,-11.581367312645934,bot1
-4,3.4,160,10,3.1896e-12,3.1896e-12,-11.496263777345662,bot1
-4,3.5,160,10,3.6848e-12,3.6848e-12,-11.433586079379845,bot1
-4,3.6,160,10,4.0054e-12,4.0054e-12,-11.397354106516499,bot1
-4,3.7,160,10,4.231e-12,4.231e-12,-11.373556974668706,bot1
-4,3.8,160,10,4.3354e-12,4.3354e-12,-11.362970826727889,bot1
-4,3.9,160,10,-4.7706e-12,4.7706e-12,-11.32142699615862,bot1
-4,4.0,160,10,-4.315e-12,4.315e-12,-11.365019199948772,bot1
-4,4.1,160,10,2.1574e-12,2.1574e-12,-11.666069325603342,bot1
-4,4.2,160,10,1.186e-12,1.186e-12,-11.925915310971757,bot1
-4,4.3,160,10,1.26e-13,1.26e-13,-12.899629454882437,bot1
-4,4.4,160,10,-1.0162e-12,1.0162e-12,-11.993020809425722,bot1
-4,4.5,160,10,-1.7612e-12,1.7612e-12,-11.754191323212511,bot1
-4,4.6000000000000005,160,10,-2.4992e-12,2.4992e-12,-11.602198987802794,bot1
-4,4.7,160,10,-3.1124e-12,3.1124e-12,-11.506904593356726,bot1
-4,4.8,160,10,-3.5028e-12,3.5028e-12,-11.45558465896436,bot1
-4,4.9,160,10,-3.9118e-12,3.9118e-12,-11.407623357646393,bot1
-4,5.0,160,10,-4.124e-12,4.124e-12,-11.384681343388522,bot1
-3,0.0,160,10,3.8352e-12,3.8352e-12,-11.416211983310422,bot1
-3,0.1,160,10,3.572e-13,3.572e-13,-12.44708854978349,bot1
-3,0.2,160,10,1.1778e-12,1.1778e-12,-11.92892845001635,bot1
-3,0.3,160,10,1.8128e-12,1.8128e-12,-11.741650107480678,bot1
-3,0.4,160,10,2.5032e-12,2.5032e-12,-11.601504449861864,bot1
-3,0.5,160,10,3.1112e-12,3.1112e-12,-11.507072069860596,bot1
-3,0.6,160,10,3.5752e-12,3.5752e-12,-11.446699658347697,bot1
-3,0.7,160,10,4.0358e-12,4.0358e-12,-11.394070364003154,bot1
-3,0.8,160,10,4.1492e-12,4.1492e-12,-11.382035630776484,bot1
-3,0.9,160,10,4.3008e-12,4.3008e-12,-11.366450752962288,bot1
-3,1.0,160,10,-4.774e-12,4.774e-12,-11.321117585329265,bot1
-3,1.1,160,10,-4.4392e-12,4.4392e-12,-11.35269528819389,bot1
-3,1.2,160,10,2.308e-12,2.308e-12,-11.636764195516307,bot1
-3,1.3,160,10,1.1166e-12,1.1166e-12,-11.95210237648559,bot1
-3,1.4,160,10,-1.352e-13,1.352e-13,-12.869023308394382,bot1
-3,1.5,160,10,-1.187e-12,1.187e-12,-11.92554928104541,bot1
-3,1.6,160,10,-1.9324e-12,1.9324e-12,-11.713902971185519,bot1
-3,1.7,160,10,-2.5808e-12,2.5808e-12,-11.588245649955114,bot1
-3,1.8,160,10,-3.076e-12,3.076e-12,-11.512013668870607,bot1
-3,1.9,160,10,-3.5636e-12,3.5636e-12,-11.448111049736724,bot1
-3,2.0,160,10,-3.987e-12,3.987e-12,-11.399353764337606,bot1
-3,2.1,160,10,-4.2338e-12,4.2338e-12,-11.373269661420034,bot1
-3,2.2,160,10,-4.3568e-12,4.3568e-12,-11.36083237600411,bot1
-3,2.3000000000000003,160,10,4.7558e-12,4.7558e-12,-11.322776417451735,bot1
-3,2.4,160,10,4.5138e-12,4.5138e-12,-11.345457687797168,bot1
-3,2.5,160,10,-2.573e-12,2.573e-12,-11.589560213789653,bot1
-3,2.6,160,10,-3.002e-13,3.002e-13,-12.522589312092748,bot1
-3,2.7,160,10,-1.2076e-12,1.2076e-12,-11.91807689564894,bot1
-3,2.8000000000000003,160,10,-2.112e-12,2.112e-12,-11.675306086138225,bot1
-3,2.9,160,10,-2.7986e-12,2.7986e-12,-11.553059170203644,bot1
-3,3.0,160,10,-3.3772e-12,3.3772e-12,-11.471443219398818,bot1
-3,3.1,160,10,-3.6988e-12,3.6988e-12,-11.431939151043254,bot1
-3,3.2,160,10,-3.9964e-12,3.9964e-12,-11.398331049700621,bot1
-3,3.3000000000000003,160,10,-4.0938e-12,4.0938e-12,-11.387873378336451,bot1
-3,3.4,160,10,-4.2284e-12,4.2284e-12,-11.373823935845268,bot1
-3,3.5,160,10,-4.359e-12,4.359e-12,-11.360613130982316,bot1
-3,3.6,160,10,4.8874e-12,4.8874e-12,-11.310922115507584,bot1
-3,3.7,160,10,4.2678e-12,4.2678e-12,-11.369795940918506,bot1
-3,3.8,160,10,-1.796e-12,1.796e-12,-11.745693667668714,bot1
-3,3.9,160,10,-8.648e-13,8.648e-13,-12.063084319054745,bot1
-3,4.0,160,10,2.422e-13,2.422e-13,-12.615825861192967,bot1
-3,4.1,160,10,1.123e-12,1.123e-12,-11.949620243738542,bot1
-3,4.2,160,10,1.7834e-12,1.7834e-12,-11.748751237694155,bot1
-3,4.3,160,10,2.3856e-12,2.3856e-12,-11.62240237389108,bot1
-3,4.4,160,10,2.9812e-12,2.9812e-12,-11.525608887441788,bot1
-3,4.5,160,10,3.3688e-12,3.3688e-12,-11.472524771587791,bot1
-3,4.6000000000000005,160,10,3.736e-12,3.736e-12,-11.427593132441944,bot1
-3,4.7,160,10,3.9408e-12,3.9408e-12,-11.404415605504973,bot1
-3,4.8,160,10,4.104e-12,4.104e-12,-11.38679264789624,bot1
-3,4.9,160,10,4.2244e-12,4.2244e-12,-11.37423496605,bot1
-3,5.0,160,10,4.3666e-12,4.3666e-12,-11.359856589564618,bot1
-2,0.0,160,10,4.8886e-12,4.8886e-12,-11.310815496567137,bot1
-2,0.1,160,10,-2.3196e-12,2.3196e-12,-11.634586899923821,bot1
-2,0.2,160,10,-1.503e-12,1.503e-12,-11.823041019413091,bot1
-2,0.3,160,10,-9.076e-13,9.076e-13,-12.042105512787101,bot1
-2,0.4,160,10,-3.64e-14,3.64e-14,-13.438898616350944,bot1
-2,0.5,160,10,9.078e-13,9.078e-13,-12.042009821593169,bot1
-2,0.6,160,10,1.693e-12,1.693e-12,-11.771343041891065,bot1
-2,0.7,160,10,2.385e-12,2.385e-12,-11.622511616623868,bot1
-2,0.8,160,10,2.8812e-12,2.8812e-12,-11.540426593895347,bot1
-2,0.9,160,10,3.2878e-12,3.2878e-12,-11.483094608874744,bot1
-2,1.0,160,10,3.7822e-12,3.7822e-12,-11.422255509705728,bot1
-2,1.1,160,10,4.0132e-12,4.0132e-12,-11.39650919642564,bot1
-2,1.2,160,10,4.1338e-12,4.1338e-12,-11.383650539077268,bot1
-2,1.3,160,10,4.2258e-12,4.2258e-12,-11.374091061224025,bot1
-2,1.4,160,10,4.3882e-12,4.3882e-12,-11.357713586904762,bot1
-2,1.5,160,10,-4.8612e-12,4.8612e-12,-11.313256510768786,bot1
-2,1.6,160,10,-4.48e-12,4.48e-12,-11.348721986001856,bot1
-2,1.7,160,10,2.4792e-12,2.4792e-12,-11.605688436768773,bot1
-2,1.8,160,10,2.726e-13,2.726e-13,-12.564474148501345,bot1
-2,1.9,160,10,1.001e-12,1.001e-12,-11.99956592252068,bot1
-2,2.0,160,10,1.5104e-12,1.5104e-12,-11.820908023046007,bot1
-2,2.1,160,10,1.9314e-12,1.9314e-12,-11.714127772930743,bot1
-2,2.2,160,10,2.4794e-12,2.4794e-12,-11.605653403131686,bot1
-2,2.3000000000000003,160,10,3.0086e-12,3.0086e-12,-11.521635548830318,bot1
-2,2.4,160,10,3.47e-12,3.47e-12,-11.459670525209127,bot1
-2,2.5,160,10,3.8096e-12,3.8096e-12,-11.419120621939195,bot1
-2,2.6,160,10,4.033e-12,4.033e-12,-11.394371777992381,bot1
-2,2.7,160,10,4.105e-12,4.105e-12,-11.38668683854454,bot1
-2,2.8000000000000003,160,10,4.1872e-12,4.1872e-12,-11.378076294704194,bot1
-2,2.9,160,10,4.288e-12,4.288e-12,-11.367745223315286,bot1
-2,3.0,160,10,-4.786e-12,4.786e-12,-11.320027305722581,bot1
-2,3.1,160,10,-4.6258e-12,4.6258e-12,-11.334813148213488,bot1
-2,3.2,160,10,2.7482e-12,2.7482e-12,-11.560951664721756,bot1
-2,3.3000000000000003,160,10,1.91e-13,1.91e-13,-12.718966632752272,bot1
-2,3.4,160,10,9.362e-13,9.362e-13,-12.028631363208577,bot1
-2,3.5,160,10,1.7748e-12,1.7748e-12,-11.750850579955483,bot1
-2,3.6,160,10,2.3054e-12,2.3054e-12,-11.637253711176122,bot1
-2,3.7,160,10,2.8178e-12,2.8178e-12,-11.550089835207789,bot1
-2,3.8,160,10,3.2104e-12,3.2104e-12,-11.493440853274217,bot1
-2,3.9,160,10,3.694e-12,3.694e-12,-11.432503108895778,bot1
-2,4.0,160,10,3.9358e-12,3.9358e-12,-11.404966978610421,bot1
-2,4.1,160,10,4.0298e-12,4.0298e-12,-11.394716507469749,bot1
-2,4.2,160,10,4.16e-12,4.16e-12,-11.380906669373257,bot1
-2,4.3,160,10,4.2576e-12,4.2576e-12,-11.370835142792686,bot1
-2,4.4,160,10,-4.7532e-12,4.7532e-12,-11.323013911548083,bot1
-2,4.5,160,10,5.06e-12,5.06e-12,-11.2958494831602,bot1
-2,4.6000000000000005,160,10,3.0438e-12,3.0438e-12,-11.516583887298951,bot1
-2,4.7,160,10,2.72e-14,2.72e-14,-13.5654310959658,bot1
-2,4.8,160,10,9.324e-13,9.324e-13,-12.03039773515146,bot1
-2,4.9,160,10,1.6594e-12,1.6594e-12,-11.780048914244682,bot1
-2,5.0,160,10,2.3766e-12,2.3766e-12,-11.624043907212064,bot1
-1,0.0,160,10,-4.8738e-12,4.8738e-12,-11.312132296382012,bot1
-1,0.1,160,10,-3.4766e-12,3.4766e-12,-11.458845274167453,bot1
-1,0.2,160,10,7.384e-13,7.384e-13,-12.131708311982145,bot1
-1,0.3,160,10,-2.12e-14,2.12e-14,-13.67366413907125,bot1
-1,0.4,160,10,-6.56e-13,6.56e-13,-12.18309616062434,bot1
-1,0.5,160,10,-1.5348e-12,1.5348e-12,-11.813948209473722,bot1
-1,0.6,160,10,-2.0388e-12,2.0388e-12,-11.690625375083329,bot1
-1,0.7,160,10,-2.7138e-12,2.7138e-12,-11.566422161870438,bot1
-1,0.8,160,10,-3.1816e-12,3.1816e-12,-11.497354422022076,bot1
-1,0.9,160,10,-3.5704e-12,3.5704e-12,-11.447283126167527,bot1
-1,1.0,160,10,-3.8306e-12,3.8306e-12,-11.416733195670917,bot1
-1,1.1,160,10,-4.041e-12,4.041e-12,-11.393511149557352,bot1
-1,1.2,160,10,-4.1424e-12,4.1424e-12,-11.382747966909204,bot1
-1,1.3,160,10,-4.2726e-12,4.2726e-12,-11.369307763846557,bot1
-1,1.4,160,10,4.7538e-12,4.7538e-12,-11.32295909368977,bot1
-1,1.5,160,10,-5.0806e-12,5.0806e-12,-11.294084996121205,bot1
-1,1.6,160,10,-2.7532e-12,2.7532e-12,-11.560162239118304,bot1
-1,1.7,160,10,-4.094e-13,4.094e-13,-12.387852161673512,bot1
-1,1.8,160,10,-1.2506e-12,1.2506e-12,-11.90288157565535,bot1
-1,1.9,160,10,-2.004e-12,2.004e-12,-11.698102282804792,bot1
-1,2.0,160,10,-2.5168e-12,2.5168e-12,-11.599151294720789,bot1
-1,2.1,160,10,-3.0428e-12,3.0428e-12,-11.516726592417019,bot1
-1,2.2,160,10,-3.4538e-12,3.4538e-12,-11.461702814832027,bot1
-1,2.3000000000000003,160,10,-3.8414e-12,3.8414e-12,-11.415510467959026,bot1
-1,2.4,160,10,-4.0934e-12,4.0934e-12,-11.38791581477208,bot1
-1,2.5,160,10,-4.173e-12,4.173e-12,-11.37955161528829,bot1
-1,2.6,160,10,-4.297e-12,4.297e-12,-11.366834646316097,bot1
-1,2.7,160,10,4.7292e-12,4.7292e-12,-11.325212319086772,bot1
-1,2.8000000000000003,160,10,4.483e-12,4.483e-12,-11.348431261134207,bot1
-1,2.9,160,10,-2.267e-12,2.267e-12,-11.644548479873482,bot1
-1,3.0,160,10,-1.326e-12,1.326e-12,-11.877456475931245,bot1
-1,3.1,160,10,-5.68e-14,5.68e-14,-13.245651664288982,bot1
-1,3.2,160,10,9.248e-13,9.248e-13,-12.033952178923546,bot1
-1,3.3000000000000003,160,10,1.6528e-12,1.6528e-12,-11.781779695824454,bot1
-1,3.4,160,10,2.5452e-12,2.5452e-12,-11.594278085435814,bot1
-1,3.5,160,10,3.1682e-12,3.1682e-12,-11.499187410367034,bot1
-1,3.6,160,10,3.5738e-12,3.5738e-12,-11.446869755503226,bot1
-1,3.7,160,10,3.9306e-12,3.9306e-12,-11.405541150184417,bot1
-1,3.8,160,10,4.1332e-12,4.1332e-12,-11.383713579282809,bot1
-1,3.9,160,10,4.2736e-12,4.2736e-12,-11.369206129322702,bot1
-1,4.0,160,10,4.4006e-12,4.4006e-12,-11.356488105576503,bot1
-1,4.1,160,10,-4.7998e-12,4.7998e-12,-11.318776858604828,bot1
-1,4.2,160,10,-4.202e-12,4.202e-12,-11.376543951930067,bot1
-1,4.3,160,10,1.8332e-12,1.8332e-12,-11.73679015142725,bot1
-1,4.4,160,10,8.018e-13,8.018e-13,-12.095933948085497,bot1
-1,4.5,160,10,-3.55e-13,3.55e-13,-12.449771646944907,bot1
-1,4.6000000000000005,160,10,-1.553e-12,1.553e-12,-11.808828544271442,bot1
-1,4.7,160,10,-2.3582e-12,2.3582e-12,-11.627419364969088,bot1
-1,4.8,160,10,-3.0452e-12,3.0452e-12,-11.516384178878726,bot1
-1,4.9,160,10,-3.5776e-12,3.5776e-12,-11.44640821812969,bot1
-1,5.0,160,10,-3.8648e-12,3.8648e-12,-11.412872975521537,bot1
0,0.0,160,10,2.6398e-12,2.6398e-12,-11.5784289754736,bot1
0,0.1,160,10,1.4799199999999998e-08,1.4799199999999998e-08,-7.829761760616935,bot1
0,0.2,160,10,1.78996e-08,1.78996e-08,-7.7471566740331665,bot1
0,0.3,160,10,1.83734e-08,1.83734e-08,-7.735810470008431,bot1
0,0.4,160,10,1.84282e-08,1.84282e-08,-7.734517083025335,bot1
0,0.5,160,10,1.84364e-08,1.84364e-08,-7.7343238779011605,bot1
0,0.6,160,10,1.83866e-08,1.83866e-08,-7.735498571890503,bot1
0,0.7,160,10,1.83552e-08,1.83552e-08,-7.73624087902035,bot1
0,0.8,160,10,1.8441e-08,1.8441e-08,-7.73421553215948,bot1
0,0.9,160,10,1.84492e-08,1.84492e-08,-7.734022461110245,bot1
0,1.0,160,10,1.84522e-08,1.84522e-08,-7.733951846800295,bot1
0,1.1,160,10,1.84692e-08,1.84692e-08,-7.733551915773081,bot1
0,1.2,160,10,1.84932e-08,1.84932e-08,-7.732987933508375,bot1
0,1.3,160,10,1.84986e-08,1.84986e-08,-7.732861138368969,bot1
0,1.4,160,10,1.84984e-08,1.84984e-08,-7.732865833825162,bot1
0,1.5,160,10,1.85066e-08,1.85066e-08,-7.7326733617370715,bot1
0,1.6,160,10,1.85114e-08,1.85114e-08,-7.732560734716443,bot1
0,1.7,160,10,1.85152e-08,1.85152e-08,-7.73247159236813,bot1
0,1.8,160,10,1.85242e-08,1.85242e-08,-7.732260538710994,bot1
0,1.9,160,10,1.85458e-08,1.85458e-08,-7.731754428008498,bot1
0,2.0,160,10,1.85466e-08,1.85466e-08,-7.731735694489742,bot1
0,2.1,160,10,1.85696e-08,1.85696e-08,-7.7311974511155634,bot1
0,2.2,160,10,1.85602e-08,1.85602e-08,-7.731417348244937,bot1
0,2.3000000000000003,160,10,1.85454e-08,1.85454e-08,-7.731763795070917,bot1
0,2.4,160,10,1.85586e-08,1.85586e-08,-7.731454788634792,bot1
0,2.5,160,10,1.8559e-08,1.8559e-08,-7.731445428234725,bot1
0,2.6,160,10,1.85566e-08,1.85566e-08,-7.731501593661554,bot1
0,2.7,160,10,1.85458e-08,1.85458e-08,-7.731754428008498,bot1
0,2.8000000000000003,160,10,1.8561e-08,1.8561e-08,-7.731398629260337,bot1
0,2.9,160,10,1.85744e-08,1.85744e-08,-7.731085206148692,bot1
0,3.0,160,10,1.85584e-08,1.85584e-08,-7.731459468910481,bot1
0,3.1,160,10,1.8578e-08,1.8578e-08,-7.7310010414573265,bot1
0,3.2,160,10,1.85856e-08,1.85856e-08,-7.730823413988056,bot1
0,3.3000000000000003,160,10,1.85658e-08,1.85658e-08,-7.73128633229293,bot1
0,3.4,160,10,1.85602e-08,1.85602e-08,-7.731417348244937,bot1
0,3.5,160,10,1.85762e-08,1.85762e-08,-7.7310431217641575,bot1
0,3.6,160,10,1.85934e-08,1.85934e-08,-7.7306411876232515,bot1
0,3.7,160,10,1.86056e-08,1.86056e-08,-7.730356320133847,bot1
0,3.8,160,10,1.86166e-08,1.86166e-08,-7.730099632488302,bot1
0,3.9,160,10,1.86262e-08,1.86262e-08,-7.729875738091606,bot1
0,4.0,160,10,1.8625e-08,1.8625e-08,-7.72990371857967,bot1
0,4.1,160,10,1.86456e-08,1.86456e-08,-7.72942363684027,bot1
0,4.2,160,10,1.86688e-08,1.86688e-08,-7.72888359689438,bot1
0,4.3,160,10,1.8682e-08,1.8682e-08,-7.728576632256418,bot1
0,4.4,160,10,1.86934e-08,1.86934e-08,-7.728311700924729,bot1
0,4.5,160,10,1.87186e-08,1.87186e-08,-7.727726636100654,bot1
0,4.6000000000000005,160,10,1.87398e-08,1.87398e-08,-7.727235048419419,bot1
0,4.7,160,10,1.8737e-08,1.8737e-08,-7.727299943210414,bot1
0,4.8,160,10,1.87176e-08,1.87176e-08,-7.727749837947102,bot1
0,4.9,160,10,1.8713e-08,1.8713e-08,-7.72785658240895,bot1
0,5.0,160,10,1.87104e-08,1.87104e-08,-7.72791692784281,bot1
1,0.0,160,10,2.6938e-10,2.6938e-10,-9.569634651419529,bot1
1,0.1,160,10,8.4516e-07,8.4516e-07,-6.073061065560044,bot1
1,0.2,160,10,1.5455e-06,1.5455e-06,-5.810930990600676,bot1
1,0.3,160,10,2.1101000000000003e-06,2.1101000000000003e-06,-5.6756969625131655,bot1
1,0.4,160,10,2.5557000000000004e-06,2.5557000000000004e-06,-5.592490127036016,bot1
1,0.5,160,10,2.9039000000000003e-06,2.9039000000000003e-06,-5.537018343273583,bot1
1,0.6,160,10,3.1717000000000005e-06,3.1717000000000005e-06,-5.4987078978065576,bot1
1,0.7,160,10,3.3753000000000005e-06,3.3753000000000005e-06,-5.471687620594639,bot1
1,0.8,160,10,3.5280000000000004e-06,3.5280000000000004e-06,-5.452471423540218,bot1
1,0.9,160,10,3.636600000000001e-06,3.636600000000001e-06,-5.439304465606346,bot1
1,1.0,160,10,3.710800000000001e-06,3.710800000000001e-06,-5.430532452074565,bot1
1,1.1,160,10,3.7575e-06,3.7575e-06,-5.425101010741054,bot1
1,1.2,160,10,3.784000000000001e-06,3.784000000000001e-06,-5.422048872270245,bot1
1,1.3,160,10,3.797500000000001e-06,3.797500000000001e-06,-5.420502217465176,bot1
1,1.4,160,10,3.8052e-06,3.8052e-06,-5.4196225119252865,bot1
1,1.5,160,10,3.8082e-06,3.8082e-06,-5.4192802513024,bot1
1,1.6,160,10,3.812400000000001e-06,3.812400000000001e-06,-5.418801539125227,bot1
1,1.7,160,10,3.812800000000001e-06,3.812800000000001e-06,-5.418755974997619,bot1
1,1.8,160,10,3.8172000000000005e-06,3.8172000000000005e-06,-5.418255084845012,bot1
1,1.9,160,10,3.816500000000001e-06,3.816500000000001e-06,-5.418334733282384,bot1
1,2.0,160,10,3.8183e-06,3.8183e-06,-5.4181299525201085,bot1
1,2.1,160,10,3.820400000000001e-06,3.820400000000001e-06,-5.417891163607081,bot1
1,2.2,160,10,3.822e-06,3.822e-06,-5.417709317281006,bot1
1,2.3000000000000003,160,10,3.8247e-06,3.8247e-06,-5.417402624158517,bot1
1,2.4,160,10,3.8256e-06,3.8256e-06,-5.4173004412283,bot1
1,2.5,160,10,3.8251e-06,3.8251e-06,-5.417357206554678,bot1
1,2.6,160,10,3.8251e-06,3.8251e-06,-5.417357206554678,bot1
1,2.7,160,10,3.827700000000001e-06,3.827700000000001e-06,-5.417062107846652,bot1
1,2.8000000000000003,160,10,3.8271e-06,3.8271e-06,-5.417130189753345,bot1
1,2.9,160,10,3.8255e-06,3.8255e-06,-5.417311793700022,bot1
1,3.0,160,10,3.8292000000000005e-06,3.8292000000000005e-06,-5.416891949758865,bot1
1,3.1,160,10,3.8282e-06,3.8282e-06,-5.41700538107612,bot1
1,3.2,160,10,3.827700000000001e-06,3.827700000000001e-06,-5.417062107846652,bot1
1,3.3000000000000003,160,10,3.8305e-06,3.8305e-06,-5.416744533324306,bot1
1,3.4,160,10,3.8318e-06,3.8318e-06,-5.416597166911639,bot1
1,3.5,160,10,3.8332e-06,3.8332e-06,-5.416438520523791,bot1
1,3.6,160,10,3.8329e-06,3.8329e-06,-5.416472511299971,bot1
1,3.7,160,10,3.8338000000000005e-06,3.8338000000000005e-06,-5.4163705469514225,bot1
1,3.8,160,10,3.833500000000001e-06,3.833500000000001e-06,-5.416404532407746,bot1
1,3.9,160,10,3.832400000000001e-06,3.832400000000001e-06,-5.416529168506149,bot1
1,4.0,160,10,3.8336e-06,3.8336e-06,-5.416393203626802,bot1
1,4.1,160,10,3.835800000000001e-06,3.835800000000001e-06,-5.416144045182492,bot1
1,4.2,160,10,3.833500000000001e-06,3.833500000000001e-06,-5.416404532407746,bot1
1,4.3,160,10,3.8367e-06,3.8367e-06,-5.416042157913543,bot1
1,4.4,160,10,3.8375e-06,3.8375e-06,-5.415951611514757,bot1
1,4.5,160,10,3.837000000000001e-06,3.837000000000001e-06,-5.416008200801683,bot1
1,4.6000000000000005,160,10,3.8376e-06,3.8376e-06,-5.4159402945421595,bot1
1,4.7,160,10,3.8388e-06,3.8388e-06,-5.415804513868268,bot1
1,4.8,160,10,3.836600000000001e-06,3.836600000000001e-06,-5.416053477540872,bot1
1,4.9,160,10,3.838500000000001e-06,3.838500000000001e-06,-5.415838455057133,bot1
1,5.0,160,10,3.8404000000000005e-06,3.8404000000000005e-06,-5.415623538979973,bot1
2,0.0,160,10,6.9004e-10,6.9004e-10,-9.161125733500766,bot1
2,0.1,160,10,2.4061e-06,2.4061e-06,-5.618686326894058,bot1
2,0.2,160,10,4.6515e-06,4.6515e-06,-5.332406974706992,bot1
2,0.3,160,10,6.732400000000001e-06,6.732400000000001e-06,-5.171830088680764,bot1
2,0.4,160,10,8.660700000000002e-06,8.660700000000002e-06,-5.062447004766559,bot1
2,0.5,160,10,1.04417e-05,1.04417e-05,-4.981228788640742,bot1
2,0.6,160,10,1.2072e-05,1.2072e-05,-4.918220773232466,bot1
2,0.7,160,10,1.357e-05,1.357e-05,-4.867420152340263,bot1
2,0.8,160,10,1.4936e-05,1.4936e-05,-4.825765695058978,bot1
2,0.9,160,10,1.619e-05,1.619e-05,-4.790753151246626,bot1
2,1.0,160,10,1.7328e-05,1.7328e-05,-4.761251560718755,bot1
2,1.1,160,10,1.836e-05,1.836e-05,-4.7361273231347765,bot1
2,1.2,160,10,1.9284e-05,1.9284e-05,-4.7148028771890305,bot1
2,1.3,160,10,2.0114e-05,2.0114e-05,-4.6965015542076864,bot1
2,1.4,160,10,2.0852e-05,2.0852e-05,-4.680852283745018,bot1
2,1.5,160,10,2.1496e-05,2.1496e-05,-4.667642346574888,bot1
2,1.6,160,10,2.205e-05,2.205e-05,-4.656591406196143,bot1
2,1.7,160,10,2.2522e-05,2.2522e-05,-4.647393045863479,bot1
2,1.8,160,10,2.291e-05,2.291e-05,-4.6399749108106025,bot1
2,1.9,160,10,2.3228e-05,2.3228e-05,-4.6339881826387135,bot1
2,2.0,160,10,2.3472e-05,2.3472e-05,-4.6294499035007926,bot1
2,2.1,160,10,2.366e-05,2.366e-05,-4.625985259708089,bot1
2,2.2,160,10,2.3794e-05,2.3794e-05,-4.6235325427504055,bot1
2,2.3000000000000003,160,10,2.389e-05,2.389e-05,-4.6217838502501225,bot1
2,2.4,160,10,2.3966e-05,2.3966e-05,-4.6204044450189015,bot1
2,2.5,160,10,2.4022e-05,2.4022e-05,-4.619390837365888,bot1
2,2.6,160,10,2.4068e-05,2.4068e-05,-4.618559997180382,bot1
2,2.7,160,10,2.4104e-05,2.4104e-05,-4.6179108813347,bot1
2,2.8000000000000003,160,10,2.4138e-05,2.4138e-05,-4.617298717045095,bot1
2,2.9,160,10,2.417e-05,2.417e-05,-4.616723349592349,bot1
2,3.0,160,10,2.4198e-05,2.4198e-05,-4.616220527608737,bot1
2,3.1,160,10,2.4226e-05,2.4226e-05,-4.615718287114415,bot1
2,3.2,160,10,2.4248e-05,2.4248e-05,-4.615324076640434,bot1
2,3.3000000000000003,160,10,2.427e-05,2.427e-05,-4.614930223668066,bot1
2,3.4,160,10,2.4292e-05,2.4292e-05,-4.614536727549474,bot1
2,3.5,160,10,2.4314e-05,2.4314e-05,-4.614143587638585,bot1
2,3.6,160,10,2.4334e-05,2.4334e-05,-4.6137864962832404,bot1
2,3.7,160,10,2.4352e-05,2.4352e-05,-4.613465364909521,bot1
2,3.8,160,10,2.437e-05,2.437e-05,-4.613144470815276,bot1
2,3.9,160,10,2.4388e-05,2.4388e-05,-4.612823813650118,bot1
2,4.0,160,10,2.4408e-05,2.4408e-05,-4.612467805365649,bot1
2,4.1,160,10,2.4428e-05,2.4428e-05,-4.612112088676172,bot1
2,4.2,160,10,2.444e-05,2.444e-05,-4.6118987984294835,bot1
2,4.3,160,10,2.4456e-05,2.4456e-05,-4.611614574281967,bot1
2,4.4,160,10,2.447e-05,2.447e-05,-4.6113660306482105,bot1
2,4.5,160,10,2.4486e-05,2.4486e-05,-4.611082154843086,bot1
2,4.6000000000000005,160,10,2.4502e-05,2.4502e-05,-4.610798464471666,bot1
2,4.7,160,10,2.4516e-05,2.4516e-05,-4.610550387319927,bot1
2,4.8,160,10,2.453e-05,2.453e-05,-4.610302451793614,bot1
2,4.9,160,10,2.4544e-05,2.4544e-05,-4.610054657731113,bot1
2,5.0,160,10,2.4558e-05,2.4558e-05,-4.609807004971087,bot1
3,0.0,160,10,1.0899e-09,1.0899e-09,-8.962613347417623,bot1
3,0.1,160,10,4.177300000000001e-06,4.177300000000001e-06,-5.379104334008037,bot1
3,0.2,160,10,8.172900000000001e-06,8.172900000000001e-06,-5.08762381488444,bot1
3,0.3,160,10,1.1974e-05,1.1974e-05,-4.921760746190334,bot1
3,0.4,160,10,1.5602e-05,1.5602e-05,-4.806819726434655,bot1
3,0.5,160,10,1.9056e-05,1.9056e-05,-4.719968255861298,bot1
3,0.6,160,10,2.2328e-05,2.2328e-05,-4.651150176519425,bot1
3,0.7,160,10,2.5438e-05,2.5438e-05,-4.594517037013728,bot1
3,0.8,160,10,2.8376e-05,2.8376e-05,-4.547048824536113,bot1
3,0.9,160,10,3.1158e-05,3.1158e-05,-4.5064304270213,bot1
3,1.0,160,10,3.3772e-05,3.3772e-05,-4.471443219398817,bot1
3,1.1,160,10,3.624e-05,3.624e-05,-4.440811810995225,bot1
3,1.2,160,10,3.8554e-05,3.8554e-05,-4.4139305569694995,bot1
3,1.3,160,10,4.0728e-05,4.0728e-05,-4.390106915970718,bot1
3,1.4,160,10,4.2764e-05,4.2764e-05,-4.368921679125556,bot1
3,1.5,160,10,4.4662e-05,4.4662e-05,-4.350061832775654,bot1
3,1.6,160,10,4.6436e-05,4.6436e-05,-4.333145197476655,bot1
3,1.7,160,10,4.8088e-05,4.8088e-05,-4.31796328503944,bot1
3,1.8,160,10,4.962e-05,4.962e-05,-4.30434324006381,bot1
3,1.9,160,10,5.104e-05,5.104e-05,-4.292089334286894,bot1
3,2.0,160,10,5.2348e-05,5.2348e-05,-4.2810999062593735,bot1
3,2.1,160,10,5.3548e-05,5.3548e-05,-4.271256745283748,bot1
3,2.2,160,10,5.4644e-05,5.4644e-05,-4.262457517336326,bot1
3,2.3000000000000003,160,10,5.564e-05,5.564e-05,-4.254612878679991,bot1
3,2.4,160,10,5.6542e-05,5.6542e-05,-4.247628833738226,bot1
3,2.5,160,10,5.7338e-05,5.7338e-05,-4.241557459699828,bot1
3,2.6,160,10,5.8046e-05,5.8046e-05,-4.236227702502177,bot1
3,2.7,160,10,5.866e-05,5.866e-05,-4.231657941355467,bot1
3,2.8000000000000003,160,10,5.9186e-05,5.9186e-05,-4.2277810101992666,bot1
3,2.9,160,10,5.963e-05,5.963e-05,-4.224535190654261,bot1
3,3.0,160,10,5.9996e-05,5.9996e-05,-4.221877703546959,bot1
3,3.1,160,10,6.0298e-05,6.0298e-05,-4.219697092559162,bot1
3,3.2,160,10,6.0538e-05,6.0538e-05,-4.217971930972962,bot1
3,3.3000000000000003,160,10,6.0736e-05,6.0736e-05,-4.2165538135888205,bot1
3,3.4,160,10,6.089e-05,6.089e-05,-4.215454025945477,bot1
3,3.5,160,10,6.1024e-05,6.1024e-05,-4.214499328634089,bot1
3,3.6,160,10,6.1142e-05,6.1142e-05,-4.213660359284161,bot1
3,3.7,160,10,6.1246e-05,6.1246e-05,-4.212922269978193,bot1
3,3.8,160,10,6.134e-05,6.134e-05,-4.212256228353533,bot1
3,3.9,160,10,6.142e-05,6.142e-05,-4.21169018789295,bot1
3,4.0,160,10,6.15e-05,6.15e-05,-4.211124884224583,bot1
3,4.1,160,10,6.157600000000001e-05,6.157600000000001e-05,-4.210588526448577,bot1
3,4.2,160,10,6.1648e-05,6.1648e-05,-4.210081008331074,bot1
3,4.3,160,10,6.171e-05,6.171e-05,-4.2096444535856135,bot1
3,4.4,160,10,6.177e-05,6.177e-05,-4.209222398662306,bot1
3,4.5,160,10,6.1838e-05,6.1838e-05,-4.208744565063371,bot1
3,4.6000000000000005,160,10,6.1894e-05,6.1894e-05,-4.208351449415888,bot1
3,4.7,160,10,6.1952e-05,6.1952e-05,-4.207944668707719,bot1
3,4.8,160,10,6.2008e-05,6.2008e-05,-4.207552276119125,bot1
3,4.9,160,10,6.2062e-05,6.2062e-05,-4.207174233022427,bot1
3,5.0,160,10,6.211400000000001e-05,6.211400000000001e-05,-4.206810502279304,bot1
4,0.0,160,10,1.2453e-09,1.2453e-09,-8.904726011901818,bot1
4,0.1,160,10,6.1458000000000005e-06,6.1458000000000005e-06,-5.211421576899307,bot1
4,0.2,160,10,1.2082e-05,1.2082e-05,-4.917861168606552,bot1
4,0.3,160,10,1.7806000000000002e-05,1.7806000000000002e-05,-4.749433630959876,bot1
4,0.4,160,10,2.3338000000000003e-05,2.3338000000000003e-05,-4.631936364493757,bot1
4,0.5,160,10,2.8678e-05,2.8678e-05,-4.542451139588992,bot1
4,0.6,160,10,3.3804000000000004e-05,3.3804000000000004e-05,-4.471031906966601,bot1
4,0.7,160,10,3.875e-05,3.875e-05,-4.411728293157671,bot1
4,0.8,160,10,4.3502000000000005e-05,4.3502000000000005e-05,-4.361490775941987,bot1
4,0.9,160,10,4.8074e-05,4.8074e-05,-4.318089740870009,bot1
4,1.0,160,10,5.2458000000000005e-05,5.2458000000000005e-05,-4.280188271227964,bot1
4,1.1,160,10,5.6668e-05,5.6668e-05,-4.246662114767915,bot1
4,1.2,160,10,6.0684e-05,6.0684e-05,-4.216925800319831,bot1
4,1.3,160,10,6.453600000000001e-05,6.453600000000001e-05,-4.190197956065092,bot1
4,1.4,160,10,6.8218e-05,6.8218e-05,-4.1661010172900435,bot1
4,1.5,160,10,7.1734e-05,7.1734e-05,-4.144274951549996,bot1
4,1.6,160,10,7.5086e-05,7.5086e-05,-4.124441030899155,bot1
4,1.7,160,10,7.8282e-05,7.8282e-05,-4.106338087231358,bot1
4,1.8,160,10,8.1314e-05,8.1314e-05,-4.089834674586707,bot1
4,1.9,160,10,8.4202e-05,8.4202e-05,-4.074677592839445,bot1
4,2.0,160,10,8.693600000000001e-05,8.693600000000001e-05,-4.060800345947476,bot1
4,2.1,160,10,8.9528e-05,8.9528e-05,-4.048041117268125,bot1
4,2.2,160,10,9.1988e-05,9.1988e-05,-4.036268823455478,bot1
4,2.3000000000000003,160,10,9.4298e-05,9.4298e-05,-4.025497518271949,bot1
4,2.4,160,10,9.6494e-05,9.6494e-05,-4.015499690261421,bot1
4,2.5,160,10,9.855e-05,9.855e-05,-4.0063433713845376,bot1
4,2.6,160,10,0.000100482,0.000100482,-3.997911729296374,bot1
4,2.7,160,10,0.000102304,0.000102304,-3.990107385408406,bot1
4,2.8000000000000003,160,10,0.000104,0.000104,-3.9829666607012197,bot1
4,2.9,160,10,0.000105578,0.000105578,-3.976426569245372,bot1
4,3.0,160,10,0.00010705,0.00010705,-3.970413328369543,bot1
4,3.1,160,10,0.00010841,0.00010841,-3.9649306555788955,bot1
4,3.2,160,10,0.000109664,0.000109664,-3.959935917250227,bot1
4,3.3000000000000003,160,10,0.000110816,0.000110816,-3.955397530130633,bot1
4,3.4,160,10,0.000111864,0.000111864,-3.9513096553558085,bot1
4,3.5,160,10,0.000112806,0.000112806,-3.9476678001967227,bot1
4,3.6,160,10,0.000113654,0.000113654,-3.9444152748764703,bot1
4,3.7,160,10,0.000114406,0.000114406,-3.9415511984576734,bot1
4,3.8,160,10,0.00011508,0.00011508,-3.9390001467817117,bot1
4,3.9,160,10,0.00011564,0.00011564,-3.93689191700138,bot1
4,4.0,160,10,0.00011612,0.00011612,-3.935092972840364,bot1
4,4.1,160,10,0.00011656,0.00011656,-3.933450461238066,bot1
4,4.2,160,10,0.00011694,0.00011694,-3.9320369104987347,bot1
4,4.3,160,10,0.00011726,0.00011726,-3.9308501101512214,bot1
4,4.4,160,10,0.00011752,0.00011752,-3.9298882172178,bot1
4,4.5,160,10,0.00011778,0.00011778,-3.92892845001635,bot1
4,4.6000000000000005,160,10,0.00011798,0.00011798,-3.928191608166871,bot1
4,4.7,160,10,0.00011818,0.00011818,-3.9274560143563524,bot1
4,4.8,160,10,0.00011836,0.00011836,-3.9267950435114045,bot1
4,4.9,160,10,0.00011856,0.00011856,-3.926061809364747,bot1
4,5.0,160,10,0.0001187,0.0001187,-3.925549281045409,bot1
5,0.0,160,10,1.2081e-09,1.2081e-09,-8.917897115672906,bot1
5,0.1,160,10,8.2637e-06,8.2637e-06,-5.082825457547184,bot1
5,0.2,160,10,1.629e-05,1.629e-05,-4.78807891569149,bot1
5,0.3,160,10,2.4084e-05,2.4084e-05,-4.61827138146489,bot1
5,0.4,160,10,3.1672000000000004e-05,3.1672000000000004e-05,-4.4993245112558515,bot1
5,0.5,160,10,3.9044e-05,3.9044e-05,-4.408445695899329,bot1
5,0.6,160,10,4.6198e-05,4.6198e-05,-4.3353768254777485,bot1
5,0.7,160,10,5.3148e-05,5.3148e-05,-4.274513073667617,bot1
5,0.8,160,10,5.988e-05,5.988e-05,-4.222718208328986,bot1
5,0.9,160,10,6.642e-05,6.642e-05,-4.177701128737634,bot1
5,1.0,160,10,7.2752e-05,7.2752e-05,-4.138155063138967,bot1
5,1.1,160,10,7.8886e-05,7.8886e-05,-4.103000064753043,bot1
5,1.2,160,10,8.481000000000001e-05,8.481000000000001e-05,-4.071552936790818,bot1
5,1.3,160,10,9.0552e-05,9.0552e-05,-4.043101953087398,bot1
5,1.4,160,10,9.6112e-05,9.6112e-05,-4.01722238539672,bot1
5,1.5,160,10,0.00010147,0.00010147,-3.993662339625449,bot1
5,1.6,160,10,0.000106646,0.000106646,-3.972055429108182,bot1
5,1.7,160,10,0.000111652,0.000111652,-3.9521334930924596,bot1
5,1.8,160,10,0.00011644,0.00011644,-3.933897803233227,bot1
5,1.9,160,10,0.00012102,0.00012102,-3.917142851403591,bot1
5,2.0,160,10,0.00012552,0.00012552,-3.90128706942112,bot1
5,2.1,160,10,0.0001298,0.0001298,-3.8867253075356496,bot1
5,2.2,160,10,0.00013394,0.00013394,-3.873089705399839,bot1
5,2.3000000000000003,160,10,0.00013786,0.00013786,-3.860561725841832,bot1
5,2.4,160,10,0.00014168,0.00014168,-3.848691451817982,bot1
5,2.5,160,10,0.00014534,0.00014534,-3.8376148441427587,bot1
5,2.6,160,10,0.00014882,0.00014882,-3.827338699798465,bot1
5,2.7,160,10,0.00015216,0.00015216,-3.817699500406661,bot1
5,2.8000000000000003,160,10,0.00015534,0.00015534,-3.8087166991814843,bot1
5,2.9,160,10,0.00015838,0.00015838,-3.800299661370489,bot1
5,3.0,160,10,0.00016128,0.00016128,-3.7924194852345687,bot1
5,3.1,160,10,0.00016406,0.00016406,-3.784997292785048,bot1
5,3.2,160,10,0.00016668,0.00016668,-3.7781165082147594,bot1
5,3.3000000000000003,160,10,0.0001692,0.0001692,-3.771599641296995,bot1
5,3.4,160,10,0.00017158,0.00017158,-3.7655333365097383,bot1
5,3.5,160,10,0.00017384,0.00017384,-3.759850286687532,bot1
5,3.6,160,10,0.00017596,0.00017596,-3.7545860466951746,bot1
5,3.7,160,10,0.00017794,0.00017794,-3.7497264137677537,bot1
5,3.8,160,10,0.00017982,0.00017982,-3.7451620066707116,bot1
5,3.9,160,10,0.00018158,0.00018158,-3.7409319882376817,bot1
5,4.0,160,10,0.00018324,0.00018324,-3.736979716895954,bot1
5,4.1,160,10,0.00018478,0.00018478,-3.733345037226776,bot1
5,4.2,160,10,0.0001862,0.0001862,-3.730020323354676,bot1
5,4.3,160,10,0.00018752,0.00018752,-3.7269524056620034,bot1
5,4.4,160,10,0.00018874,0.00018874,-3.7241360492874787,bot1
5,4.5,160,10,0.00018982,0.00018982,-3.7216580309390928,bot1
5,4.6000000000000005,160,10,0.00019088,0.00019088,-3.7192395736737334,bot1
5,4.7,160,10,0.00019178,0.00019178,-3.7171966857082714,bot1
5,4.8,160,10,0.00019262,0.00019262,-3.715298621475822,bot1
5,4.9,160,10,0.00019338,0.00019338,-3.7135884441040217,bot1
5,5.0,160,10,0.00019406,0.00019406,-3.7120639729552978,bot1
-5,0.0,160,15,-4.5896e-12,4.5896e-12,-11.338225163125616,bot2
-5,0.1,160,15,-1.5059999999999998e-13,1.5059999999999998e-13,-12.822175028135318,bot2
-5,0.2,160,15,-1.3208e-12,1.3208e-12,-11.879162939745262,bot2
-5,0.3,160,15,-2.2536e-12,2.2536e-12,-11.647123166022283,bot2
-5,0.4,160,15,-3.0406e-12,3.0406e-12,-11.517040708832786,bot2
-5,0.5,160,15,-3.5802e-12,3.5802e-12,-11.446092711772259,bot2
-5,0.6,160,15,-3.99e-12,3.99e-12,-11.399027104313252,bot2
-5,0.7,160,15,-4.1416e-12,4.1416e-12,-11.3828318480262,bot2
-5,0.8,160,15,4.7722e-12,4.7722e-12,-11.32128136360265,bot2
-5,0.9,160,15,4.0926e-12,4.0926e-12,-11.388000700085207,bot2
-5,1.0,160,15,-1.1138e-12,1.1138e-12,-11.95319278644626,bot2
-5,1.1,160,15,1.216e-13,1.216e-13,-12.915066425063284,bot2
-5,1.2,160,15,1.2808e-12,1.2808e-12,-11.892518681088756,bot2
-5,1.3,160,15,2.1682e-12,2.1682e-12,-11.663900659914914,bot2
-5,1.4,160,15,2.8112e-12,2.8112e-12,-11.55110825584878,bot2
-5,1.5,160,15,3.4358e-12,3.4358e-12,-11.463972124649988,bot2
-5,1.6,160,15,3.978e-12,3.978e-12,-11.400335221211582,bot2
-5,1.7,160,15,4.2084e-12,4.2084e-12,-11.375882988070872,bot2
-5,1.8,160,15,4.3228e-12,4.3228e-12,-11.364234857204185,bot2
-5,1.9,160,15,-4.7572e-12,4.7572e-12,-11.322648589788734,bot2
-5,2.0,160,15,-3.7966e-12,3.7966e-12,-11.42060515659833,bot2
-5,2.1,160,15,8.758e-13,8.758e-13,-12.057595059143893,bot2
-5,2.2,160,15,-3.998e-13,3.998e-13,-12.398157210217901,bot2
-5,2.3000000000000003,160,15,-1.7818e-12,1.7818e-12,-11.749141045400705,bot2
-5,2.4,160,15,-2.7556e-12,2.7556e-12,-11.55978382391989,bot2
-5,2.5,160,15,-3.4838e-12,3.4838e-12,-11.457946785176876,bot2
-5,2.6,160,15,-3.951e-12,3.951e-12,-11.403292970318553,bot2
-5,2.7,160,15,-4.102e-12,4.102e-12,-11.387004343967652,bot2
-5,2.8000000000000003,160,15,-4.2806e-12,4.2806e-12,-11.368495352849882,bot2
-5,2.9,160,15,4.9162e-12,4.9162e-12,-11.308370457533027,bot2
-5,3.0,160,15,3.431e-12,3.431e-12,-11.464579281943827,bot2
-5,3.1,160,15,5e-15,5e-15,-14.301029995663981,bot2
-5,3.2,160,15,1.4834e-12,1.4834e-12,-11.828741725324225,bot2
-5,3.3000000000000003,160,15,2.6606e-12,2.6606e-12,-11.575020413254192,bot2
-5,3.4,160,15,3.4552e-12,3.4552e-12,-11.461526808960558,bot2
-5,3.5,160,15,3.9042e-12,3.9042e-12,-11.4084679428825,bot2
-5,3.6,160,15,4.1584e-12,4.1584e-12,-11.381073737843062,bot2
-5,3.7,160,15,4.43e-12,4.43e-12,-11.35359627377693,bot2
-5,3.8,160,15,-4.7734e-12,4.7734e-12,-11.321172171224793,bot2
-5,3.9,160,15,-3.4348e-12,3.4348e-12,-11.464098545773316,bot2
-5,4.0,160,15,5.214e-13,5.214e-13,-12.28282897316769,bot2
-5,4.1,160,15,-9.562e-13,9.562e-13,-12.01945126064023,bot2
-5,4.2,160,15,-1.8748e-12,1.8748e-12,-11.727045055151827,bot2
-5,4.3,160,15,-2.6906e-12,2.6906e-12,-11.570150862141508,bot2
-5,4.4,160,15,-3.148e-12,3.148e-12,-11.501965276312973,bot2
-5,4.5,160,15,-3.5516e-12,3.5516e-12,-11.449575952683668,bot2
-5,4.6000000000000005,160,15,-3.7572e-12,3.7572e-12,-11.42513568633546,bot2
-5,4.7,160,15,-3.873e-12,3.873e-12,-11.411952503013918,bot2
-5,4.8,160,15,5.3248e-12,5.3248e-12,-11.273696699725388,bot2
-5,4.9,160,15,4.6468e-12,4.6468e-12,-11.332846019314886,bot2
-5,5.0,160,15,-6.816e-13,6.816e-13,-12.166470418241357,bot2
-4,0.0,160,15,4.7206e-12,4.7206e-12,-11.326002797948863,bot2
-4,0.1,160,15,3.511e-12,3.511e-12,-11.454569170534649,bot2
-4,0.2,160,15,-2.046e-13,2.046e-13,-12.68909437062386,bot2
-4,0.3,160,15,1.041e-12,1.041e-12,-11.982549270489464,bot2
-4,0.4,160,15,2.2002e-12,2.2002e-12,-11.657537839655754,bot2
-4,0.5,160,15,2.9348e-12,2.9348e-12,-11.532421489597263,bot2
-4,0.6,160,15,3.599e-12,3.599e-12,-11.443818153347088,bot2
-4,0.7,160,15,3.9468e-12,3.9468e-12,-11.403754880469721,bot2
-4,0.8,160,15,4.1586e-12,4.1586e-12,-11.381052850769263,bot2
-4,0.9,160,15,4.4014e-12,4.4014e-12,-11.356409160885187,bot2
-4,1.0,160,15,-4.8272e-12,4.8272e-12,-11.316304707169087,bot2
-4,1.1,160,15,-3.7558e-12,3.7558e-12,-11.425297542393414,bot2
-4,1.2,160,15,8.646e-13,8.646e-13,-12.063184768802367,bot2
-4,1.3,160,15,-4.064e-13,4.064e-13,-12.391046300724136,bot2
-4,1.4,160,15,-1.4794e-12,1.4794e-12,-11.82991438563411,bot2
-4,1.5,160,15,-2.4806e-12,2.4806e-12,-11.605443260636344,bot2
-4,1.6,160,15,-3.3888e-12,3.3888e-12,-11.46995406157261,bot2
-4,1.7,160,15,-3.8622e-12,3.8622e-12,-11.413165240487388,bot2
-4,1.8,160,15,-4.1544e-12,4.1544e-12,-11.381491690413,bot2
-4,1.9,160,15,-4.3444e-12,4.3444e-12,-11.362070194976486,bot2
-4,2.0,160,15,4.7318e-12,4.7318e-12,-11.324973620073692,bot2
-4,2.1,160,15,3.9514e-12,3.9514e-12,-11.403249004487183,bot2
-4,2.2,160,15,-1.3806e-12,1.3806e-12,-11.859932130947714,bot2
-4,2.3000000000000003,160,15,1.824e-13,1.824e-13,-12.738975166007602,bot2
-4,2.4,160,15,1.297e-12,1.297e-12,-11.88706002391592,bot2
-4,2.5,160,15,2.4026e-12,2.4026e-12,-11.619318527262173,bot2
-4,2.6,160,15,3.2708e-12,3.2708e-12,-11.485346010919931,bot2
-4,2.7,160,15,3.8906e-12,3.8906e-12,-11.40998341754439,bot2
-4,2.8000000000000003,160,15,4.0952e-12,4.0952e-12,-11.38772488345781,bot2
-4,2.9,160,15,4.2512e-12,4.2512e-12,-11.371488462933797,bot2
-4,3.0,160,15,-4.8162e-12,4.8162e-12,-11.317295486639583,bot2
-4,3.1,160,15,-3.9028e-12,3.9028e-12,-11.408623703682085,bot2
-4,3.2,160,15,8.202e-13,8.202e-13,-12.086080235048534,bot2
-4,3.3000000000000003,160,15,-8.234e-13,8.234e-13,-12.084389137338533,bot2
-4,3.4,160,15,-1.8238e-12,1.8238e-12,-11.739022788627521,bot2
-4,3.5,160,15,-2.8358e-12,2.8358e-12,-11.54732440182439,bot2
-4,3.6,160,15,-3.529e-12,3.529e-12,-11.45234834164003,bot2
-4,3.7,160,15,-3.9546e-12,3.9546e-12,-11.402897437976184,bot2
-4,3.8,160,15,-4.2344e-12,4.2344e-12,-11.37320811901679,bot2
-4,3.9,160,15,4.7274e-12,4.7274e-12,-11.32537764913708,bot2
-4,4.0,160,15,4.2714e-12,4.2714e-12,-11.369429756679356,bot2
-4,4.1,160,15,-1.6596e-12,1.6596e-12,-11.779996573843064,bot2
-4,4.2,160,15,-4.248e-13,4.248e-13,-12.371815491926588,bot2
-4,4.3,160,15,7.765999999999999e-13,7.765999999999999e-13,-12.109802613789972,bot2
-4,4.4,160,15,1.792e-12,1.792e-12,-11.746661994673893,bot2
-4,4.5,160,15,2.8166e-12,2.8166e-12,-11.550274825050954,bot2
-4,4.6000000000000005,160,15,3.5622e-12,3.5622e-12,-11.448281700690298,bot2
-4,4.7,160,15,3.9756e-12,3.9756e-12,-11.400597318070416,bot2
-4,4.8,160,15,4.2072e-12,4.2072e-12,-11.376006842194599,bot2
-4,4.9,160,15,4.2958e-12,4.2958e-12,-11.366955946330451,bot2
-4,5.0,160,15,-4.8026e-12,4.8026e-12,-11.318523583468654,bot2
-3,0.0,160,15,2.6678e-12,2.6678e-12,-11.573846731784021,bot2
-3,0.1,160,15,3.938e-12,3.938e-12,-11.404724288197901,bot2
-3,0.2,160,15,4.1602e-12,4.1602e-12,-11.380885790332755,bot2
-3,0.3,160,15,4.325e-12,4.325e-12,-11.364013888199167,bot2
-3,0.4,160,15,-4.8246e-12,4.8246e-12,-11.316538687500271,bot2
-3,0.5,160,15,-3.7884e-12,3.7884e-12,-11.421544172060157,bot2
-3,0.6,160,15,4.972e-13,4.972e-13,-12.303468880030392,bot2
-3,0.7,160,15,-8.899999999999999e-13,8.899999999999999e-13,-12.050609993355087,bot2
-3,0.8,160,15,-2.0864e-12,2.0864e-12,-11.680602425948173,bot2
-3,0.9,160,15,-2.8882e-12,2.8882e-12,-11.53937273634861,bot2
-3,1.0,160,15,-3.5658e-12,3.5658e-12,-11.447843019358148,bot2
-3,1.1,160,15,-3.9746e-12,3.9746e-12,-11.400706571795904,bot2
-3,1.2,160,15,-4.135e-12,4.135e-12,-11.383524486111435,bot2
-3,1.3,160,15,-4.2638e-12,4.2638e-12,-11.370203174744494,bot2
-3,1.4,160,15,4.7534e-12,4.7534e-12,-11.322995638159828,bot2
-3,1.5,160,15,3.7888e-12,3.7888e-12,-11.421498319293192,bot2
-3,1.6,160,15,-9.056e-13,9.056e-13,-12.043063586155803,bot2
-3,1.7,160,15,5.032e-13,5.032e-13,-12.298259367562787,bot2
-3,1.8,160,15,1.804e-12,1.804e-12,-11.743763466794077,bot2
-3,1.9,160,15,2.5872e-12,2.5872e-12,-11.587169997437673,bot2
-3,2.0,160,15,3.3418e-12,3.3418e-12,-11.476019545315008,bot2
-3,2.1,160,15,3.8454e-12,3.8454e-12,-11.41505847803229,bot2
-3,2.2,160,15,4.0914e-12,4.0914e-12,-11.388128059171724,bot2
-3,2.3000000000000003,160,15,4.2502e-12,4.2502e-12,-11.37159063304317,bot2
-3,2.4,160,15,-4.773e-12,4.773e-12,-11.321208565633755,bot2
-3,2.5,160,15,-4.0704e-12,4.0704e-12,-11.390362910367699,bot2
-3,2.6,160,15,1.372e-12,1.372e-12,-11.862645888629267,bot2
-3,2.7,160,15,-1.1399999999999999e-14,1.1399999999999999e-14,-13.943095148663527,bot2
-3,2.8000000000000003,160,15,-1.245e-12,1.245e-12,-11.904830648568245,bot2
-3,2.9,160,15,-2.2482e-12,2.2482e-12,-11.648165056522558,bot2
-3,3.0,160,15,-2.9982e-12,2.9982e-12,-11.52313940017377,bot2
-3,3.1,160,15,-3.5426e-12,3.5426e-12,-11.450677881705703,bot2
-3,3.2,160,15,-3.9788e-12,3.9788e-12,-11.400247890730311,bot2
-3,3.3000000000000003,160,15,-4.2292e-12,4.2292e-12,-11.373741776465168,bot2
-3,3.4,160,15,4.712e-12,4.712e-12,-11.326794718220954,bot2
-3,3.5,160,15,4.0588e-12,4.0588e-12,-11.391602348297488,bot2
-3,3.6,160,15,-1.0926e-12,1.0926e-12,-11.961538803821437,bot2
-3,3.7,160,15,2.966e-13,2.966e-13,-12.527828853307637,bot2
-3,3.8,160,15,1.514e-12,1.514e-12,-11.819874124835946,bot2
-3,3.9,160,15,2.4394e-12,2.4394e-12,-11.612716980518858,bot2
-3,4.0,160,15,3.2358e-12,3.2358e-12,-11.490018329328194,bot2
-3,4.1,160,15,3.8752e-12,3.8752e-12,-11.411705878537042,bot2
-3,4.2,160,15,4.0576e-12,4.0576e-12,-11.39173076813438,bot2
-3,4.3,160,15,4.2222e-12,4.2222e-12,-11.37446119858896,bot2
-3,4.4,160,15,-4.6878e-12,4.6878e-12,-11.32903092530678,bot2
-3,4.5,160,15,-4.3562e-12,4.3562e-12,-11.360892189315152,bot2
-3,4.6000000000000005,160,15,1.9982e-12,1.9982e-12,-11.699361045364602,bot2
-3,4.7,160,15,5.99e-13,5.99e-13,-12.22257317761069,bot2
-3,4.8,160,15,-5.524e-13,5.524e-13,-12.257746330093406,bot2
-3,4.9,160,15,-1.6336e-12,1.6336e-12,-11.786854275257165,bot2
-3,5.0,160,15,-2.737e-12,2.737e-12,-11.562725202589876,bot2
-2,0.0,160,15,-4.5512e-12,4.5512e-12,-11.341874079240284,bot2
-2,0.1,160,15,4.92e-12,4.92e-12,-11.30803489723264,bot2
-2,0.2,160,15,3.6074e-12,3.6074e-12,-11.442805699056404,bot2
-2,0.3,160,15,-5.682e-13,5.682e-13,-12.245498770613082,bot2
-2,0.4,160,15,6.472e-13,6.472e-13,-12.188961491395784,bot2
-2,0.5,160,15,1.9376e-12,1.9376e-12,-11.712735874201023,bot2
-2,0.6,160,15,2.6888e-12,2.6888e-12,-11.570441500538578,bot2
-2,0.7,160,15,3.2672e-12,3.2672e-12,-11.485824279593183,bot2
-2,0.8,160,15,3.8312e-12,3.8312e-12,-11.416665175965448,bot2
-2,0.9,160,15,4.1274e-12,4.1274e-12,-11.384323440166755,bot2
-2,1.0,160,15,4.322e-12,4.322e-12,-11.364315237452777,bot2
-2,1.1,160,15,-4.8226e-12,4.8226e-12,-11.316718758189435,bot2
-2,1.2,160,15,-4.0862e-12,4.0862e-12,-11.388680380539919,bot2
-2,1.3,160,15,1.2264e-12,1.2264e-12,-11.911367858153682,bot2
-2,1.4,160,15,1.922e-13,1.922e-13,-12.716246616667473,bot2
-2,1.5,160,15,-1.056e-12,1.056e-12,-11.976336081802206,bot2
-2,1.6,160,15,-2.214e-12,2.214e-12,-11.654822383457295,bot2
-2,1.7,160,15,-2.968e-12,2.968e-12,-11.527536103393011,bot2
-2,1.8,160,15,-3.6008e-12,3.6008e-12,-11.443601000069577,bot2
-2,1.9,160,15,-3.8942e-12,3.8942e-12,-11.40958174756024,bot2
-2,2.0,160,15,-4.1344e-12,4.1344e-12,-11.383587508021028,bot2
-2,2.1,160,15,-4.283e-12,4.283e-12,-11.368251925603431,bot2
-2,2.2,160,15,4.8104e-12,4.8104e-12,-11.317818809162556,bot2
-2,2.3000000000000003,160,15,3.9398e-12,3.9398e-12,-11.404525824139146,bot2
-2,2.4,160,15,-1.0884e-12,1.0884e-12,-11.96321146689228,bot2
-2,2.5,160,15,2.22e-13,2.22e-13,-12.653647025549361,bot2
-2,2.6,160,15,1.3902e-12,1.3902e-12,-11.85692271582638,bot2
-2,2.7,160,15,2.1444e-12,2.1444e-12,-11.668694201446732,bot2
-2,2.8000000000000003,160,15,3.0292e-12,3.0292e-12,-11.518672051847425,bot2
-2,2.9,160,15,3.5652e-12,3.5652e-12,-11.447916102148712,bot2
-2,3.0,160,15,3.9842e-12,3.9842e-12,-11.399658868863735,bot2
-2,3.1,160,15,4.1818e-12,4.1818e-12,-11.378636741717633,bot2
-2,3.2,160,15,-4.7304e-12,4.7304e-12,-11.32510213400895,bot2
-2,3.3000000000000003,160,15,-4.3276e-12,4.3276e-12,-11.363752887878585,bot2
-2,3.4,160,15,1.832e-12,1.832e-12,-11.737074530668169,bot2
-2,3.5,160,15,5.468e-13,5.468e-13,-12.262171494104216,bot2
-2,3.6,160,15,-8.64e-13,8.64e-13,-12.063486257521106,bot2
-2,3.7,160,15,-2.0356e-12,2.0356e-12,-11.691307557798742,bot2
-2,3.8,160,15,-2.8156e-12,2.8156e-12,-11.550429043468789,bot2
-2,3.9,160,15,-3.4248e-12,3.4248e-12,-11.465364785173747,bot2
-2,4.0,160,15,-3.84e-12,3.84e-12,-11.415668775632469,bot2
-2,4.1,160,15,-4.1922e-12,4.1922e-12,-11.377558006362014,bot2
-2,4.2,160,15,4.7444e-12,4.7444e-12,-11.32381870276574,bot2
-2,4.3,160,15,4.079e-12,4.079e-12,-11.389446294682905,bot2
-2,4.4,160,15,-1.6358e-12,1.6358e-12,-11.786269796145158,bot2
-2,4.5,160,15,-3.54e-13,3.54e-13,-12.450996737974211,bot2
-2,4.6000000000000005,160,15,9.654e-13,9.654e-13,-12.015292705517327,bot2
-2,4.7,160,15,2.0814e-12,2.0814e-12,-11.681644449774296,bot2
-2,4.8,160,15,2.96e-12,2.96e-12,-11.528708288941061,bot2
-2,4.9,160,15,3.5982e-12,3.5982e-12,-11.443914700778578,bot2
-2,5.0,160,15,4.0098e-12,4.0098e-12,-11.396877288492663,bot2
-1,0.0,160,15,-4.469e-12,4.469e-12,-11.34978964533964,bot2
-1,0.1,160,15,4.7884e-12,4.7884e-12,-11.319809577869474,bot2
-1,0.2,160,15,3.79e-12,3.79e-12,-11.421360790031928,bot2
-1,0.3,160,15,-1.0106e-12,1.0106e-12,-11.995420706097788,bot2
-1,0.4,160,15,3.68e-13,3.68e-13,-12.434152181326482,bot2
-1,0.5,160,15,1.5794e-12,1.5794e-12,-11.801507866322956,bot2
-1,0.6,160,15,2.5004e-12,2.5004e-12,-11.601990509769234,bot2
-1,0.7,160,15,3.0908e-12,3.0908e-12,-11.509929096427008,bot2
-1,0.8,160,15,3.7154e-12,3.7154e-12,-11.429994423238211,bot2
-1,0.9,160,15,4.002e-12,4.002e-12,-11.397722915699807,bot2
-1,1.0,160,15,4.2456e-12,4.2456e-12,-11.37206092537867,bot2
-1,1.1,160,15,-4.735e-12,4.735e-12,-11.324680016660707,bot2
-1,1.2,160,15,-4.2762e-12,4.2762e-12,-11.368941990819403,bot2
-1,1.3,160,15,1.7642e-12,1.7642e-12,-11.75345218225818,bot2
-1,1.4,160,15,6.942e-13,6.942e-13,-12.158515390664606,bot2
-1,1.5,160,15,-6.386e-13,6.386e-13,-12.194771085796575,bot2
-1,1.6,160,15,-1.8178e-12,1.8178e-12,-11.740453900912978,bot2
-1,1.7,160,15,-2.7036e-12,2.7036e-12,-11.568057562228544,bot2
-1,1.8,160,15,-3.3736e-12,3.3736e-12,-11.471906411993192,bot2
-1,1.9,160,15,-3.794e-12,3.794e-12,-11.420902673447356,bot2
-1,2.0,160,15,-4.0706e-12,4.0706e-12,-11.390341571736966,bot2
-1,2.1,160,15,-4.2378e-12,4.2378e-12,-11.37285954336519,bot2
-1,2.2,160,15,4.7356e-12,4.7356e-12,-11.32462498811141,bot2
-1,2.3000000000000003,160,15,4.0532e-12,4.0532e-12,-11.392201966020613,bot2
-1,2.4,160,15,-1.2528e-12,1.2528e-12,-11.902118255286132,bot2
-1,2.5,160,15,3.02e-14,3.02e-14,-13.51999305704285,bot2
-1,2.6,160,15,1.2498e-12,1.2498e-12,-11.903159479668611,bot2
-1,2.7,160,15,2.2132e-12,2.2132e-12,-11.654979338457885,bot2
-1,2.8000000000000003,160,15,2.9948e-12,2.9948e-12,-11.523632175543998,bot2
-1,2.9,160,15,3.4672e-12,3.4672e-12,-11.460021106024257,bot2
-1,3.0,160,15,3.8398e-12,3.8398e-12,-11.415691395725805,bot2
-1,3.1,160,15,4.1246e-12,4.1246e-12,-11.384618162560356,bot2
-1,3.2,160,15,4.3514e-12,4.3514e-12,-11.36137099259603,bot2
-1,3.3000000000000003,160,15,-4.8448e-12,4.8448e-12,-11.31472414651604,bot2
-1,3.4,160,15,-3.7672e-12,3.7672e-12,-11.423981322565334,bot2
-1,3.5,160,15,7.922e-13,7.922e-13,-12.101165161931727,bot2
-1,3.6,160,15,-4.076e-13,4.076e-13,-12.389765824665611,bot2
-1,3.7,160,15,-1.571e-12,1.571e-12,-11.803823814960026,bot2
-1,3.8,160,15,-2.412e-12,2.412e-12,-11.617622696531887,bot2
-1,3.9,160,15,-3.2516e-12,3.2516e-12,-11.487902885118986,bot2
-1,4.0,160,15,-3.9614e-12,3.9614e-12,-11.40215130275553,bot2
-1,4.1,160,15,-4.1716e-12,4.1716e-12,-11.379697341214127,bot2
-1,4.2,160,15,-4.2964e-12,4.2964e-12,-11.366895292088332,bot2
-1,4.3,160,15,4.8002e-12,4.8002e-12,-11.318740667397982,bot2
-1,4.4,160,15,3.9798e-12,3.9798e-12,-11.40013875231798,bot2
-1,4.5,160,15,-1.1474e-12,1.1474e-12,-11.940285154453578,bot2
-1,4.6000000000000005,160,15,1.756e-13,1.756e-13,-12.755475488429916,bot2
-1,4.7,160,15,1.3136e-12,1.3136e-12,-11.881536860224635,bot2
-1,4.8,160,15,2.3934e-12,2.3934e-12,-11.620984713306516,bot2
-1,4.9,160,15,3.1096e-12,3.1096e-12,-11.50729547237679,bot2
-1,5.0,160,15,3.737e-12,3.737e-12,-11.427476902150362,bot2
0,0.0,160,15,2.432e-12,2.432e-12,-11.614036429399302,bot2
0,0.1,160,15,8.3657e-09,8.3657e-09,-8.077497713587645,bot2
0,0.2,160,15,9.4705e-09,9.4705e-09,-8.023627091587155,bot2
0,0.3,160,15,9.6187e-09,9.6187e-09,-8.01688362037148,bot2
0,0.4,160,15,9.6745e-09,9.6745e-09,-8.014371471048294,bot2
0,0.5,160,15,9.7364e-09,9.7364e-09,-8.011601592314527,bot2
0,0.6,160,15,9.7588e-09,9.7588e-09,-8.0106035824787,bot2
0,0.7,160,15,9.7627e-09,9.7627e-09,-8.010430056007685,bot2
0,0.8,160,15,9.7613e-09,9.7613e-09,-8.010492339584381,bot2
0,0.9,160,15,9.7794e-09,9.7794e-09,-8.009687789862973,bot2
0,1.0,160,15,9.8219e-09,9.8219e-09,-8.007804491877117,bot2
0,1.1,160,15,9.8539e-09,9.8539e-09,-8.006391849374744,bot2
0,1.2,160,15,9.8859e-09,9.8859e-09,-8.004983786922768,bot2
0,1.3,160,15,9.8558e-09,9.8558e-09,-8.006308118062936,bot2
0,1.4,160,15,9.8666e-09,9.8666e-09,-8.005832478092813,bot2
0,1.5,160,15,9.8526e-09,9.8526e-09,-8.006449148522467,bot2
0,1.6,160,15,9.9016e-09,9.9016e-09,-8.004294622066501,bot2
0,1.7,160,15,9.9299e-09,9.9299e-09,-8.003055125086378,bot2
0,1.8,160,15,9.9697e-09,9.9697e-09,-8.001317909923532,bot2
0,1.9,160,15,9.9556e-09,9.9556e-09,-8.001932560966877,bot2
0,2.0,160,15,9.9592e-09,9.9592e-09,-8.00177554606822,bot2
0,2.1,160,15,9.9399e-09,9.9399e-09,-8.002617984784441,bot2
0,2.2,160,15,9.9739e-09,9.9739e-09,-8.001134990405394,bot2
0,2.3000000000000003,160,15,1.00075e-08,1.00075e-08,-7.999674401222857,bot2
0,2.4,160,15,1.00407e-08,1.00407e-08,-7.9982360087507605,bot2
0,2.5,160,15,1.00203e-08,1.00203e-08,-7.999119275834623,bot2
0,2.6,160,15,1.00194e-08,1.00194e-08,-7.999158284905016,bot2
0,2.7,160,15,1.00061e-08,1.00061e-08,-7.9997351611336835,bot2
0,2.8000000000000003,160,15,1.00369e-08,1.00369e-08,-7.998400402806916,bot2
0,2.9,160,15,1.00508e-08,1.00508e-08,-7.9977993689143405,bot2
0,3.0,160,15,1.01006e-08,1.01006e-08,-7.995652827311462,bot2
0,3.1,160,15,1.009e-08,1.009e-08,-7.996108833763089,bot2
0,3.2,160,15,1.00779e-08,1.00779e-08,-7.99662995533366,bot2
0,3.3000000000000003,160,15,1.0069e-08,1.0069e-08,-7.997013659143215,bot2
0,3.4,160,15,1.00912e-08,1.00912e-08,-7.996057186350756,bot2
0,3.5,160,15,1.00715e-08,1.00715e-08,-7.9969058429310715,bot2
0,3.6,160,15,1.00894e-08,1.00894e-08,-7.996134659772705,bot2
0,3.7,160,15,1.0141e-08,1.0141e-08,-7.993919217283906,bot2
0,3.8,160,15,1.0121e-08,1.0121e-08,-7.994776575141864,bot2
0,3.9,160,15,1.01132e-08,1.01132e-08,-7.995111404008499,bot2
0,4.0,160,15,1.01467e-08,1.01467e-08,-7.993675179900468,bot2
0,4.1,160,15,1.01741e-08,1.01741e-08,-7.992503998055681,bot2
0,4.2,160,15,1.02041e-08,1.02041e-08,-7.991225293963131,bot2
0,4.3,160,15,1.01976e-08,1.01976e-08,-7.991502027198879,bot2
0,4.4,160,15,1.01566e-08,1.01566e-08,-7.993251651142917,bot2
0,4.5,160,15,1.0169e-08,1.0169e-08,-7.992721752665756,bot2
0,4.6000000000000005,160,15,1.02e-08,1.02e-08,-7.991399828238082,bot2
0,4.7,160,15,1.02305e-08,1.02305e-08,-7.9901031402922875,bot2
0,4.8,160,15,1.02583e-08,1.02583e-08,-7.988924604311069,bot2
0,4.9,160,15,1.02409e-08,1.02409e-08,-7.989661874624052,bot2
0,5.0,160,15,1.02399e-08,1.02399e-08,-7.989704284537947,bot2
1,0.0,160,15,2.2891e-10,2.2891e-10,-9.640335234630149,bot2
1,0.1,160,15,7.1122e-07,7.1122e-07,-6.1479960392038855,bot2
1,0.2,160,15,1.318e-06,1.318e-06,-5.880084589742009,bot2
1,0.3,160,15,1.8253e-06,1.8253e-06,-5.738665746200869,bot2
1,0.4,160,15,2.2438000000000004e-06,2.2438000000000004e-06,-5.649015856313972,bot2
1,0.5,160,15,2.5815e-06,2.5815e-06,-5.588127870616758,bot2
1,0.6,160,15,2.8472000000000005e-06,2.8472000000000005e-06,-5.545582025004211,bot2
1,0.7,160,15,3.0512e-06,3.0512e-06,-5.515529324298069,bot2
1,0.8,160,15,3.198e-06,3.198e-06,-5.495121540589784,bot2
1,0.9,160,15,3.2971e-06,3.2971e-06,-5.48186788064284,bot2
1,1.0,160,15,3.3559000000000003e-06,3.3559000000000003e-06,-5.47419098887291,bot2
1,1.1,160,15,3.3847000000000004e-06,3.3847000000000004e-06,-5.470479818594317,bot2
1,1.2,160,15,3.3998000000000005e-06,3.3998000000000005e-06,-5.468546630443378,bot2
1,1.3,160,15,3.4093000000000005e-06,3.4093000000000005e-06,-5.467334781519109,bot2
1,1.4,160,15,3.4142000000000003e-06,3.4142000000000003e-06,-5.466711041993317,bot2
1,1.5,160,15,3.4198000000000003e-06,3.4198000000000003e-06,-5.465999292024629,bot2
1,1.6,160,15,3.4249000000000004e-06,3.4249000000000004e-06,-5.465352104487529,bot2
1,1.7,160,15,3.4279e-06,3.4279e-06,-5.464971855967525,bot2
1,1.8,160,15,3.4324000000000004e-06,3.4324000000000004e-06,-5.464402106700333,bot2
1,1.9,160,15,3.4339000000000003e-06,3.4339000000000003e-06,-5.464212356257382,bot2
1,2.0,160,15,3.4381e-06,3.4381e-06,-5.463681495648793,bot2
1,2.1,160,15,3.4397000000000003e-06,3.4397000000000003e-06,-5.463479433598842,bot2
1,2.2,160,15,3.4423000000000005e-06,3.4423000000000005e-06,-5.463151283146453,bot2
1,2.3000000000000003,160,15,3.4449000000000003e-06,3.4449000000000003e-06,-5.462823380455493,bot2
1,2.4,160,15,3.4476e-06,3.4476e-06,-5.462483127960428,bot2
1,2.5,160,15,3.4487000000000005e-06,3.4487000000000005e-06,-5.462344582962634,bot2
1,2.6,160,15,3.4527000000000004e-06,3.4527000000000004e-06,-5.461841155216919,bot2
1,2.7,160,15,3.4559e-06,3.4559e-06,-5.461438832766212,bot2
1,2.8000000000000003,160,15,3.4578e-06,3.4578e-06,-5.461200130035,bot2
1,2.9,160,15,3.4603e-06,3.4603e-06,-5.4608862472486805,bot2
1,3.0,160,15,3.4623000000000003e-06,3.4623000000000003e-06,-5.460635304253859,bot2
1,3.1,160,15,3.4641000000000004e-06,3.4641000000000004e-06,-5.460409579466084,bot2
1,3.2,160,15,3.4666000000000004e-06,3.4666000000000004e-06,-5.460096267318149,bot2
1,3.3000000000000003,160,15,3.4696e-06,3.4696e-06,-5.459720590859295,bot2
1,3.4,160,15,3.4705000000000005e-06,3.4705000000000005e-06,-5.459607951261622,bot2
1,3.5,160,15,3.4738000000000005e-06,3.4738000000000005e-06,-5.4591951891695,bot2
1,3.6,160,15,3.4768000000000003e-06,3.4768000000000003e-06,-5.45882029102355,bot2
1,3.7,160,15,3.4773e-06,3.4773e-06,-5.4587578394507155,bot2
1,3.8,160,15,3.4790000000000005e-06,3.4790000000000005e-06,-5.458545571252411,bot2
1,3.9,160,15,3.4808e-06,3.4808e-06,-5.458320929715339,bot2
1,4.0,160,15,3.4814e-06,3.4814e-06,-5.458246075017173,bot2
1,4.1,160,15,3.4851000000000003e-06,3.4851000000000003e-06,-5.457784755923186,bot2
1,4.2,160,15,3.4869000000000004e-06,3.4869000000000004e-06,-5.4575605074766,bot2
1,4.3,160,15,3.488300000000001e-06,3.488300000000001e-06,-5.457386172035945,bot2
1,4.4,160,15,3.4887e-06,3.4887e-06,-5.4573363747612,bot2
1,4.5,160,15,3.4905000000000003e-06,3.4905000000000003e-06,-5.457112357657588,bot2
1,4.6000000000000005,160,15,3.4928000000000003e-06,3.4928000000000003e-06,-5.456826281634936,bot2
1,4.7,160,15,3.4962000000000005e-06,3.4962000000000005e-06,-5.456403731526207,bot2
1,4.8,160,15,3.4957000000000003e-06,3.4957000000000003e-06,-5.456465845469862,bot2
1,4.9,160,15,3.4972e-06,3.4972e-06,-5.456279530283645,bot2
1,5.0,160,15,3.5009e-06,3.5009e-06,-5.4558202942816525,bot2
2,0.0,160,15,4.8560000000000005e-11,4.8560000000000005e-11,-10.3137213219328,bot2
2,0.1,160,15,1.8236e-06,1.8236e-06,-5.739070416470075,bot2
2,0.2,160,15,3.5381000000000005e-06,3.5381000000000005e-06,-5.4512298964589565,bot2
2,0.3,160,15,5.1375e-06,5.1375e-06,-5.2892481651158745,bot2
2,0.4,160,15,6.623000000000001e-06,6.623000000000001e-06,-5.178945244953112,bot2
2,0.5,160,15,8.0079e-06,8.0079e-06,-5.096481358820365,bot2
2,0.6,160,15,9.2802e-06,9.2802e-06,-5.032442664087128,bot2
2,0.7,160,15,1.04513e-05,1.04513e-05,-4.980829685848449,bot2
2,0.8,160,15,1.152e-05,1.152e-05,-4.938547520912807,bot2
2,0.9,160,15,1.2496e-05,1.2496e-05,-4.903228983466775,bot2
2,1.0,160,15,1.3376e-05,1.3376e-05,-4.873673739905059,bot2
2,1.1,160,15,1.4172e-05,1.4172e-05,-4.8485688563388605,bot2
2,1.2,160,15,1.4884e-05,1.4884e-05,-4.827280338650503,bot2
2,1.3,160,15,1.5518e-05,1.5518e-05,-4.809164252467934,bot2
2,1.4,160,15,1.607e-05,1.607e-05,-4.793984123236656,bot2
2,1.5,160,15,1.6546e-05,1.6546e-05,-4.781306980008644,bot2
2,1.6,160,15,1.6944e-05,1.6944e-05,-4.77098405723659,bot2
2,1.7,160,15,1.7272e-05,1.7272e-05,-4.762657370673826,bot2
2,1.8,160,15,1.7524e-05,1.7524e-05,-4.756366755493862,bot2
2,1.9,160,15,1.7714e-05,1.7714e-05,-4.75168335965822,bot2
2,2.0,160,15,1.7846e-05,1.7846e-05,-4.748459111350022,bot2
2,2.1,160,15,1.7936e-05,1.7936e-05,-4.746274404749102,bot2
2,2.2,160,15,1.7998e-05,1.7998e-05,-4.744775752520156,bot2
2,2.3000000000000003,160,15,1.804e-05,1.804e-05,-4.743763466794077,bot2
2,2.4,160,15,1.8076e-05,1.8076e-05,-4.742897667340836,bot2
2,2.5,160,15,1.8102e-05,1.8102e-05,-4.742273439441368,bot2
2,2.6,160,15,1.8132e-05,1.8132e-05,-4.74155428961335,bot2
2,2.7,160,15,1.8154e-05,1.8154e-05,-4.741027668890614,bot2
2,2.8000000000000003,160,15,1.8172e-05,1.8172e-05,-4.740597271857411,bot2
2,2.9,160,15,1.8192e-05,1.8192e-05,-4.74011955265634,bot2
2,3.0,160,15,1.821e-05,1.821e-05,-4.73969005420508,bot2
2,3.1,160,15,1.8226e-05,1.8226e-05,-4.739308634062524,bot2
2,3.2,160,15,1.8246e-05,1.8246e-05,-4.738832329472224,bot2
2,3.3000000000000003,160,15,1.8258e-05,1.8258e-05,-4.73854679725819,bot2
2,3.4,160,15,1.8276e-05,1.8276e-05,-4.738118850616333,bot2
2,3.5,160,15,1.829e-05,1.829e-05,-4.737786294523583,bot2
2,3.6,160,15,1.8304e-05,1.8304e-05,-4.73745399288707,bot2
2,3.7,160,15,1.832e-05,1.832e-05,-4.737074530668169,bot2
2,3.8,160,15,1.8334e-05,1.8334e-05,-4.7367427729859335,bot2
2,3.9,160,15,1.8348e-05,1.8348e-05,-4.7364112685400555,bot2
2,4.0,160,15,1.8358e-05,1.8358e-05,-4.736174634478785,bot2
2,4.1,160,15,1.8376e-05,1.8376e-05,-4.73574901781303,bot2
2,4.2,160,15,1.8384e-05,1.8384e-05,-4.73555998865579,bot2
2,4.3,160,15,1.8396e-05,1.8396e-05,-4.735276599098,bot2
2,4.4,160,15,1.8412e-05,1.8412e-05,-4.734899033778063,bot2
2,4.5,160,15,1.842e-05,1.842e-05,-4.73471037413917,bot2
2,4.6000000000000005,160,15,1.8436e-05,1.8436e-05,-4.734333300547517,bot2
2,4.7,160,15,1.8446e-05,1.8446e-05,-4.7340977956982435,bot2
2,4.8,160,15,1.8458e-05,1.8458e-05,-4.733815358349093,bot2
2,4.9,160,15,1.8472e-05,1.8472e-05,-4.73348608009088,bot2
2,5.0,160,15,1.8482e-05,1.8482e-05,-4.733251034091798,bot2
3,0.0,160,15,9.71e-10,9.71e-10,-9.012780770091995,bot2
3,0.1,160,15,3.0434000000000004e-06,3.0434000000000004e-06,-5.516640963719313,bot2
3,0.2,160,15,5.962500000000001e-06,5.962500000000001e-06,-5.224571607951829,bot2
3,0.3,160,15,8.750300000000002e-06,8.750300000000002e-06,-5.0579770571364175,bot2
3,0.4,160,15,1.14172e-05,1.14172e-05,-4.942440391155715,bot2
3,0.5,160,15,1.3956e-05,1.3956e-05,-4.855239039223926,bot2
3,0.6,160,15,1.637e-05,1.637e-05,-4.785951320588058,bot2
3,0.7,160,15,1.8672e-05,1.8672e-05,-4.728809161298705,bot2
3,0.8,160,15,2.085e-05,2.085e-05,-4.680893940690224,bot2
3,0.9,160,15,2.2916e-05,2.2916e-05,-4.639861186422425,bot2
3,1.0,160,15,2.4862e-05,2.4862e-05,-4.6044639378815635,bot2
3,1.1,160,15,2.67e-05,2.67e-05,-4.573488738635425,bot2
3,1.2,160,15,2.8422e-05,2.8422e-05,-4.5463453648884,bot2
3,1.3,160,15,3.0038000000000003e-05,3.0038000000000003e-05,-4.522328987043352,bot2
3,1.4,160,15,3.155e-05,3.155e-05,-4.501000636419847,bot2
3,1.5,160,15,3.2956e-05,3.2956e-05,-4.482065505814346,bot2
3,1.6,160,15,3.4264e-05,3.4264e-05,-4.465161938611487,bot2
3,1.7,160,15,3.5476000000000004e-05,3.5476000000000004e-05,-4.450065353774339,bot2
3,1.8,160,15,3.6594e-05,3.6594e-05,-4.436590116258655,bot2
3,1.9,160,15,3.762e-05,3.762e-05,-4.42458120878564,bot2
3,2.0,160,15,3.8562e-05,3.8562e-05,-4.4138404497059565,bot2
3,2.1,160,15,3.9414e-05,3.9414e-05,-4.404349487748598,bot2
3,2.2,160,15,4.018600000000001e-05,4.018600000000001e-05,-4.3959252200926535,bot2
3,2.3000000000000003,160,15,4.087e-05,4.087e-05,-4.388595362288407,bot2
3,2.4,160,15,4.148e-05,4.148e-05,-4.382161252282996,bot2
3,2.5,160,15,4.2006e-05,4.2006e-05,-4.376688671964411,bot2
3,2.6,160,15,4.2456e-05,4.2456e-05,-4.372060925378671,bot2
3,2.7,160,15,4.2832e-05,4.2832e-05,-4.368231646157143,bot2
3,2.8000000000000003,160,15,4.3138e-05,4.3138e-05,-4.365139993890373,bot2
3,2.9,160,15,4.338e-05,4.338e-05,-4.362710452321825,bot2
3,3.0,160,15,4.3570000000000005e-05,4.3570000000000005e-05,-4.360812440064246,bot2
3,3.1,160,15,4.371e-05,4.371e-05,-4.359419193510347,bot2
3,3.2,160,15,4.3816e-05,4.3816e-05,-4.358367272079271,bot2
3,3.3000000000000003,160,15,4.3908e-05,4.3908e-05,-4.357456344465768,bot2
3,3.4,160,15,4.3976e-05,4.3976e-05,-4.356784276042326,bot2
3,3.5,160,15,4.4038e-05,4.4038e-05,-4.356172412876651,bot2
3,3.6,160,15,4.4094e-05,4.4094e-05,-4.355620502236709,bot2
3,3.7,160,15,4.414e-05,4.414e-05,-4.355167671174364,bot2
3,3.8,160,15,4.419e-05,4.419e-05,-4.354675998437707,bot2
3,3.9,160,15,4.4232e-05,4.4232e-05,-4.3542634230693205,bot2
3,4.0,160,15,4.427e-05,4.427e-05,-4.353890478021152,bot2
3,4.1,160,15,4.4308e-05,4.4308e-05,-4.353517852960194,bot2
3,4.2,160,15,4.4346e-05,4.4346e-05,-4.35314554733782,bot2
3,4.3,160,15,4.438e-05,4.438e-05,-4.352812702104011,bot2
3,4.4,160,15,4.4416e-05,4.4416e-05,-4.352460555561258,bot2
3,4.5,160,15,4.4452e-05,4.4452e-05,-4.352108694324283,bot2
3,4.6000000000000005,160,15,4.448e-05,4.448e-05,-4.351835221425999,bot2
3,4.7,160,15,4.4516e-05,4.4516e-05,-4.3514838662594455,bot2
3,4.8,160,15,4.4544e-05,4.4544e-05,-4.3512107864055505,bot2
3,4.9,160,15,4.4574e-05,4.4574e-05,-4.350918391267661,bot2
3,5.0,160,15,4.4606e-05,4.4606e-05,-4.350606719950832,bot2
4,0.0,160,15,1.2549e-09,1.2549e-09,-8.901390880699708,bot2
4,0.1,160,15,4.378e-06,4.378e-06,-5.358724242768087,bot2
4,0.2,160,15,8.6184e-06,8.6184e-06,-5.064573353162321,bot2
4,0.3,160,15,1.2704e-05,1.2704e-05,-4.8960595149169786,bot2
4,0.4,160,15,1.6658000000000002e-05,1.6658000000000002e-05,-4.778377142251211,bot2
4,0.5,160,15,2.0478e-05,2.0478e-05,-4.688712461337717,bot2
4,0.6,160,15,2.4158e-05,2.4158e-05,-4.616939023069007,bot2
4,0.7,160,15,2.771e-05,2.771e-05,-4.557363474217769,bot2
4,0.8,160,15,3.112e-05,3.112e-05,-4.506960411682349,bot2
4,0.9,160,15,3.4408e-05,3.4408e-05,-4.463340570453965,bot2
4,1.0,160,15,3.756e-05,3.756e-05,-4.425274416405927,bot2
4,1.1,160,15,4.0592e-05,4.0592e-05,-4.391559550122344,bot2
4,1.2,160,15,4.3494e-05,4.3494e-05,-4.361570649864121,bot2
4,1.3,160,15,4.627e-05,4.627e-05,-4.3347005005001025,bot2
4,1.4,160,15,4.8932000000000005e-05,4.8932000000000005e-05,-4.310407032937944,bot2
4,1.5,160,15,5.1464e-05,5.1464e-05,-4.288496461607688,bot2
4,1.6,160,15,5.388e-05,5.388e-05,-4.268572412949052,bot2
4,1.7,160,15,5.6186e-05,5.6186e-05,-4.250371885145941,bot2
4,1.8,160,15,5.8370000000000005e-05,5.8370000000000005e-05,-4.23381030668984,bot2
4,1.9,160,15,6.044e-05,6.044e-05,-4.218675544333013,bot2
4,2.0,160,15,6.2402e-05,6.2402e-05,-4.2048014908457105,bot2
4,2.1,160,15,6.425e-05,6.425e-05,-4.1921268679966674,bot2
4,2.2,160,15,6.6e-05,6.6e-05,-4.180456064458132,bot2
4,2.3000000000000003,160,15,6.764e-05,6.764e-05,-4.169796401074296,bot2
4,2.4,160,15,6.9182e-05,6.9182e-05,-4.16000688701075,bot2
4,2.5,160,15,7.062e-05,7.062e-05,-4.151072286772922,bot2
4,2.6,160,15,7.1968e-05,7.1968e-05,-4.142860566244462,bot2
4,2.7,160,15,7.3218e-05,7.3218e-05,-4.135382138344774,bot2
4,2.8000000000000003,160,15,7.438e-05,7.438e-05,-4.128543825977046,bot2
4,2.9,160,15,7.545200000000002e-05,7.545200000000002e-05,-4.122329243927465,bot2
4,3.0,160,15,7.6432e-05,7.6432e-05,-4.116724776060721,bot2
4,3.1,160,15,7.7326e-05,7.7326e-05,-4.111674454878955,bot2
4,3.2,160,15,7.814e-05,7.814e-05,-4.107126593111234,bot2
4,3.3000000000000003,160,15,7.8868e-05,7.8868e-05,-4.103099172233147,bot2
4,3.4,160,15,7.952e-05,7.952e-05,-4.0995236286107435,bot2
4,3.5,160,15,8.009e-05,8.009e-05,-4.096421706336946,bot2
4,3.6,160,15,8.0588e-05,8.0588e-05,-4.093729622236804,bot2
4,3.7,160,15,8.101e-05,8.101e-05,-4.091461367828041,bot2
4,3.8,160,15,8.1364e-05,8.1364e-05,-4.089567708865726,bot2
4,3.9,160,15,8.1666e-05,8.1666e-05,-4.087958715630677,bot2
4,4.0,160,15,8.1898e-05,8.1898e-05,-4.08672670385093,bot2
4,4.1,160,15,8.21e-05,8.21e-05,-4.085656842880559,bot2
4,4.2,160,15,8.2268e-05,8.2268e-05,-4.08476906060704,bot2
4,4.3,160,15,8.2408e-05,8.2408e-05,-4.084030625836767,bot2
4,4.4,160,15,8.253e-05,8.253e-05,-4.083388154890654,bot2
4,4.5,160,15,8.263400000000002e-05,8.263400000000002e-05,-4.082841224178303,bot2
4,4.6000000000000005,160,15,8.2732e-05,8.2732e-05,-4.082326476718619,bot2
4,4.7,160,15,8.2818e-05,8.2818e-05,-4.081875261631898,bot2
4,4.8,160,15,8.290600000000002e-05,8.290600000000002e-05,-4.081414037934672,bot2
4,4.9,160,15,8.2982e-05,8.2982e-05,-4.081016102183637,bot2
4,5.0,160,15,8.3056e-05,8.3056e-05,-4.080628988465226,bot2
5,0.0,160,15,1.0602e-09,1.0602e-09,-8.974612200109592,bot2
5,0.1,160,15,5.7942e-06,5.7942e-06,-5.23700651821108,bot2
5,0.2,160,15,1.14334e-05,1.14334e-05,-4.941824602354934,bot2
5,0.3,160,15,1.6892e-05,1.6892e-05,-4.77231892724713,bot2
5,0.4,160,15,2.2212e-05,2.2212e-05,-4.653412335199471,bot2
5,0.5,160,15,2.739e-05,2.739e-05,-4.562407967746038,bot2
5,0.6,160,15,3.241e-05,3.241e-05,-4.48932096896779,bot2
5,0.7,160,15,3.7298e-05,3.7298e-05,-4.428314455383034,bot2
5,0.8,160,15,4.2024e-05,4.2024e-05,-4.3765026122049475,bot2
5,0.9,160,15,4.6622e-05,4.6622e-05,-4.3314090999631665,bot2
5,1.0,160,15,5.1068e-05,5.1068e-05,-4.291851150289595,bot2
5,1.1,160,15,5.5386e-05,5.5386e-05,-4.256599998649236,bot2
5,1.2,160,15,5.9552e-05,5.9552e-05,-4.225103648549327,bot2
5,1.3,160,15,6.3584e-05,6.3584e-05,-4.196652154570279,bot2
5,1.4,160,15,6.7486e-05,6.7486e-05,-4.170786312404013,bot2
5,1.5,160,15,7.1254e-05,7.1254e-05,-4.14719075055922,bot2
5,1.6,160,15,7.489e-05,7.489e-05,-4.125576169413498,bot2
5,1.7,160,15,7.8398e-05,7.8398e-05,-4.105695016397742,bot2
5,1.8,160,15,8.1776e-05,8.1776e-05,-4.0873741363888385,bot2
5,1.9,160,15,8.5024e-05,8.5024e-05,-4.070458467269816,bot2
5,2.0,160,15,8.8152e-05,8.8152e-05,-4.0547678299431,bot2
5,2.1,160,15,9.1142e-05,9.1142e-05,-4.040281445586424,bot2
5,2.2,160,15,9.4032e-05,9.4032e-05,-4.026724326629677,bot2
5,2.3000000000000003,160,15,9.6786e-05,9.6786e-05,-4.014187458419575,bot2
5,2.4,160,15,9.9426e-05,9.9426e-05,-4.002500032302778,bot2
5,2.5,160,15,0.000101948,0.000101948,-3.9916212897238372,bot2
5,2.6,160,15,0.00010435,0.00010435,-3.981507546598527,bot2
5,2.7,160,15,0.000106648,0.000106648,-3.972047284585,bot2
5,2.8000000000000003,160,15,0.000108824,0.000108824,-3.963275314949129,bot2
5,2.9,160,15,0.000110904,0.000110904,-3.955052789769689,bot2
5,3.0,160,15,0.000112866,0.000112866,-3.947436866190482,bot2
5,3.1,160,15,0.000114726,0.000114726,-3.9403381481237005,bot2
5,3.2,160,15,0.00011648,0.00011648,-3.9337486380310382,bot2
5,3.3000000000000003,160,15,0.00011812,0.00011812,-3.927676561706959,bot2
5,3.4,160,15,0.00011964,0.00011964,-3.9221235956407194,bot2
5,3.5,160,15,0.00012112,0.00012112,-3.9167841378440023,bot2
5,3.6,160,15,0.00012248,0.00012248,-3.9119348223097954,bot2
5,3.7,160,15,0.00012376,0.00012376,-3.9074196993086887,bot2
5,3.8,160,15,0.00012494,0.00012494,-3.903298498389997,bot2
5,3.9,160,15,0.00012604,0.00012604,-3.8994916054980377,bot2
5,4.0,160,15,0.00012704,0.00012704,-3.896059514916979,bot2
5,4.1,160,15,0.00012796,0.00012796,-3.8929257685879306,bot2
5,4.2,160,15,0.00012882,0.00012882,-3.890016705180108,bot2
5,4.3,160,15,0.00012958,0.00012958,-3.8874620243906923,bot2
5,4.4,160,15,0.00013024,0.00013024,-3.885255612454874,bot2
5,4.5,160,15,0.00013084,0.00013084,-3.883259464547056,bot2
5,4.6000000000000005,160,15,0.0001314,0.0001314,-3.881404634776238,bot2
5,4.7,160,15,0.00013184,0.00013184,-3.879952805646959,bot2
5,4.8,160,15,0.00013224,0.00013224,-3.878637159436609,bot2
5,4.9,160,15,0.00013262,0.00013262,-3.87739097642401,bot2
5,5.0,160,15,0.00013288,0.00013288,-3.876540380556662,bot2
-5,0.0,160,20,-3.9136e-12,3.9136e-12,-11.407423564643809,bot2
-5,0.1,160,20,-2.41e-12,2.41e-12,-11.61798295742513,bot2
-5,0.2,160,20,-5.77e-13,5.77e-13,-12.238824186844269,bot2
-5,0.3,160,20,-1.5756e-12,1.5756e-12,-11.802554027862897,bot2
-5,0.4,160,20,-2.4356e-12,2.4356e-12,-11.613394034617516,bot2
-5,0.5,160,20,-3.0574e-12,3.0574e-12,-11.514647738758862,bot2
-5,0.6,160,20,-3.5764e-12,3.5764e-12,-11.446553913791744,bot2
-5,0.7,160,20,-3.9234e-12,3.9234e-12,-11.406337412253592,bot2
-5,0.8,160,20,-4.136e-12,4.136e-12,-11.383419469914115,bot2
-5,0.9,160,20,-4.279e-12,4.279e-12,-11.368657713516066,bot2
-5,1.0,160,20,4.8646e-12,4.8646e-12,-11.312952864529173,bot2
-5,1.1,160,20,4.3086e-12,4.3086e-12,-11.365663822889186,bot2
-5,1.2,160,20,-1.8492e-12,1.8492e-12,-11.733016115233957,bot2
-5,1.3,160,20,-7.964e-13,7.964e-13,-12.098868748644628,bot2
-5,1.4,160,20,2.362e-13,2.362e-13,-12.626720106722503,bot2
-5,1.5,160,20,1.2098e-12,1.2098e-12,-11.917286419828669,bot2
-5,1.6,160,20,2.0656e-12,2.0656e-12,-11.684953775077656,bot2
-5,1.7,160,20,2.7788e-12,2.7788e-12,-11.556142709797683,bot2
-5,1.8,160,20,3.4636e-12,3.4636e-12,-11.46047226902866,bot2
-5,1.9,160,20,3.9212e-12,3.9212e-12,-11.406581006034088,bot2
-5,2.0,160,20,4.1252e-12,4.1252e-12,-11.384554990922352,bot2
-5,2.1,160,20,4.2778e-12,4.2778e-12,-11.368779523861454,bot2
-5,2.2,160,20,-4.7338e-12,4.7338e-12,-11.324790094681381,bot2
-5,2.3000000000000003,160,20,-4.316e-12,4.316e-12,-11.364918563989127,bot2
-5,2.4,160,20,1.8028e-12,1.8028e-12,-11.74405245060106,bot2
-5,2.5,160,20,3.974e-13,3.974e-13,-12.400772137226204,bot2
-5,2.6,160,20,-9.026e-13,9.026e-13,-12.044504670815874,bot2
-5,2.7,160,20,-1.8022e-12,1.8022e-12,-11.744197014646302,bot2
-5,2.8000000000000003,160,20,-2.7006e-12,2.7006e-12,-11.568539736677877,bot2
-5,2.9,160,20,-3.2964e-12,3.2964e-12,-11.481960094531813,bot2
-5,3.0,160,20,-3.7802e-12,3.7802e-12,-11.422485222226635,bot2
-5,3.1,160,20,-4.0792e-12,4.0792e-12,-11.389425001040582,bot2
-5,3.2,160,20,-4.2112e-12,4.2112e-12,-11.375594132402158,bot2
-5,3.3000000000000003,160,20,4.9104e-12,4.9104e-12,-11.308883128912253,bot2
-5,3.4,160,20,4.3934e-12,4.3934e-12,-11.35719925430709,bot2
-5,3.5,160,20,-1.372e-12,1.372e-12,-11.862645888629267,bot2
-5,3.6,160,20,2.2e-14,2.2e-14,-13.657577319177793,bot2
-5,3.7,160,20,1.0876e-12,1.0876e-12,-11.963530801084538,bot2
-5,3.8,160,20,2.168e-12,2.168e-12,-11.66394072213365,bot2
-5,3.9,160,20,3.0542e-12,3.0542e-12,-11.515102527183855,bot2
-5,4.0,160,20,3.7728e-12,3.7728e-12,-11.423336216585005,bot2
-5,4.1,160,20,4.4362e-12,4.4362e-12,-11.352988882509713,bot2
-5,4.2,160,20,4.819e-12,4.819e-12,-11.317043073698791,bot2
-5,4.3,160,20,5.107e-12,5.107e-12,-11.29183414214446,bot2
-5,4.4,160,20,-3.7212e-12,3.7212e-12,-11.42931698771505,bot2
-5,4.5,160,20,-3.3688e-12,3.3688e-12,-11.472524771587791,bot2
-5,4.6000000000000005,160,20,3.5014e-12,3.5014e-12,-11.45575827259126,bot2
-5,4.7,160,20,2.4702e-12,2.4702e-12,-11.60726788261887,bot2
-5,4.8,160,20,1.4046e-12,1.4046e-12,-11.852447335919733,bot2
-5,4.9,160,20,8.853999999999999e-13,8.853999999999999e-13,-12.05286048235717,bot2
-5,5.0,160,20,8.4e-14,8.4e-14,-13.075720713938118,bot2
-4,0.0,160,20,-4.6986e-12,4.6986e-12,-11.328031525648893,bot2
-4,0.1,160,20,4.889e-12,4.889e-12,-11.310779962736165,bot2
-4,0.2,160,20,3.3956e-12,3.3956e-12,-11.469083475090127,bot2
-4,0.3,160,20,-4.212e-13,4.212e-13,-12.375511637486552,bot2
-4,0.4,160,20,1.0408e-12,1.0408e-12,-11.98263271644647,bot2
-4,0.5,160,20,1.82e-12,1.82e-12,-11.739928612014925,bot2
-4,0.6,160,20,2.7646e-12,2.7646e-12,-11.558367696315687,bot2
-4,0.7,160,20,3.3124e-12,3.3124e-12,-11.47985722402985,bot2
-4,0.8,160,20,3.7066e-12,3.7066e-12,-11.4310242785957,bot2
-4,0.9,160,20,4.054e-12,4.054e-12,-11.39211625564301,bot2
-4,1.0,160,20,4.2124e-12,4.2124e-12,-11.375470395904268,bot2
-4,1.1,160,20,-4.7942e-12,4.7942e-12,-11.319283852429065,bot2
-4,1.2,160,20,-4.4588e-12,4.4588e-12,-11.350782007543728,bot2
-4,1.3,160,20,1.8664e-12,1.8664e-12,-11.728995274214304,bot2
-4,1.4,160,20,7.052e-13,7.052e-13,-12.151687696372715,bot2
-4,1.5,160,20,-5.292e-13,5.292e-13,-12.276380164484536,bot2
-4,1.6,160,20,-1.5418e-12,1.5418e-12,-11.81197195866492,bot2
-4,1.7,160,20,-2.531e-12,2.531e-12,-11.596707854841746,bot2
-4,1.8,160,20,-3.204e-12,3.204e-12,-11.4943074925878,bot2
-4,1.9,160,20,-3.8396e-12,3.8396e-12,-11.415714016997363,bot2
-4,2.0,160,20,-4.1082e-12,4.1082e-12,-11.386348421749037,bot2
-4,2.1,160,20,-4.3258e-12,4.3258e-12,-11.363933563700504,bot2
-4,2.2,160,20,4.8062e-12,4.8062e-12,-11.318198160896012,bot2
-4,2.3000000000000003,160,20,4.204e-12,4.204e-12,-11.376337292643795,bot2
-4,2.4,160,20,-1.8026e-12,1.8026e-12,-11.744100633269541,bot2
-4,2.5,160,20,-7.024e-13,7.024e-13,-12.153415497101953,bot2
-4,2.6,160,20,3.834e-13,3.834e-13,-12.416347891457956,bot2
-4,2.7,160,20,1.3544e-12,1.3544e-12,-11.868253054899121,bot2
-4,2.8000000000000003,160,20,2.2674e-12,2.2674e-12,-11.644471857699342,bot2
-4,2.9,160,20,3.1096e-12,3.1096e-12,-11.50729547237679,bot2
-4,3.0,160,20,3.5652e-12,3.5652e-12,-11.447916102148712,bot2
-4,3.1,160,20,3.929e-12,3.929e-12,-11.405717971188194,bot2
-4,3.2,160,20,4.12e-12,4.12e-12,-11.385102783966865,bot2
-4,3.3000000000000003,160,20,4.3334e-12,4.3334e-12,-11.363171221010653,bot2
-4,3.4,160,20,-4.8894e-12,4.8894e-12,-11.31074443181232,bot2
-4,3.5,160,20,-4.033e-12,4.033e-12,-11.394371777992381,bot2
-4,3.6,160,20,1.3378e-12,1.3378e-12,-11.873608808383386,bot2
-4,3.7,160,20,3.382e-13,3.382e-13,-12.470826396738277,bot2
-4,3.8,160,20,-7.436e-13,7.436e-13,-12.128660618900138,bot2
-4,3.9,160,20,-1.9668e-12,1.9668e-12,-11.706239800381876,bot2
-4,4.0,160,20,-2.7338e-12,2.7338e-12,-11.563233260826545,bot2
-4,4.1,160,20,-3.394e-12,3.394e-12,-11.469288162018342,bot2
-4,4.2,160,20,-3.9486e-12,3.9486e-12,-11.40355685881636,bot2
-4,4.3,160,20,-4.1962e-12,4.1962e-12,-11.377143820567515,bot2
-4,4.4,160,20,-4.3764e-12,4.3764e-12,-11.358882990638595,bot2
-4,4.5,160,20,4.8582e-12,4.8582e-12,-11.313524610340178,bot2
-4,4.6000000000000005,160,20,3.9e-12,3.9e-12,-11.4089353929735,bot2
-4,4.7,160,20,-1.0918e-12,1.0918e-12,-11.961856910030058,bot2
-4,4.8,160,20,-2.234e-13,2.234e-13,-12.65091683122041,bot2
-4,4.9,160,20,1.0394e-12,1.0394e-12,-11.98321728751316,bot2
-4,5.0,160,20,2.0432e-12,2.0432e-12,-11.68968912008066,bot2
-3,0.0,160,20,-4.6768e-12,4.6768e-12,-11.330051201986638,bot2
-3,0.1,160,20,-4.1442e-12,4.1442e-12,-11.382559293610209,bot2
-3,0.2,160,20,1.5288e-12,1.5288e-12,-11.815649325953043,bot2
-3,0.3,160,20,7.156e-13,7.156e-13,-12.145329668104665,bot2
-3,0.4,160,20,-4.442e-13,4.442e-13,-12.352421445787545,bot2
-3,0.5,160,20,-1.4176e-12,1.4176e-12,-11.848446295457025,bot2
-3,0.6,160,20,-2.428e-12,2.428e-12,-11.61475131759678,bot2
-3,0.7,160,20,-3.0828e-12,3.0828e-12,-11.511054649686029,bot2
-3,0.8,160,20,-3.5926e-12,3.5926e-12,-11.444591134441126,bot2
-3,0.9,160,20,-3.8956e-12,3.8956e-12,-11.409425642838372,bot2
-3,1.0,160,20,-4.0858e-12,4.0858e-12,-11.388722895907737,bot2
-3,1.1,160,20,-4.2566e-12,4.2566e-12,-11.370937159302494,bot2
-3,1.2,160,20,4.771e-12,4.771e-12,-11.321390583441074,bot2
-3,1.3,160,20,4.2886e-12,4.2886e-12,-11.36768445874901,bot2
-3,1.4,160,20,-1.8062e-12,1.8062e-12,-11.743234162058354,bot2
-3,1.5,160,20,-8.186e-13,8.186e-13,-12.08692825969075,bot2
-3,1.6,160,20,5.096e-13,5.096e-13,-12.292770580672705,bot2
-3,1.7,160,20,1.6614e-12,1.6614e-12,-11.779525793870782,bot2
-3,1.8,160,20,2.6182e-12,2.6182e-12,-11.581997181475565,bot2
-3,1.9,160,20,3.3682e-12,3.3682e-12,-11.472602128479533,bot2
-3,2.0,160,20,3.8912e-12,3.8912e-12,-11.409916446743377,bot2
-3,2.1,160,20,4.1588e-12,4.1588e-12,-11.381031964699963,bot2
-3,2.2,160,20,4.2936e-12,4.2936e-12,-11.367178417721021,bot2
-3,2.3000000000000003,160,20,-4.747e-12,4.747e-12,-11.32358076828164,bot2
-3,2.4,160,20,-4.276e-12,4.276e-12,-11.36896230346326,bot2
-3,2.5,160,20,1.9268e-12,1.9268e-12,-11.715163362357604,bot2
-3,2.6,160,20,5.274e-13,5.274e-13,-12.277859874542585,bot2
-3,2.7,160,20,-6.338e-13,6.338e-13,-12.198047765145718,bot2
-3,2.8000000000000003,160,20,-1.7048e-12,1.7048e-12,-11.768326563293854,bot2
-3,2.9,160,20,-2.5018e-12,2.5018e-12,-11.601747411816119,bot2
-3,3.0,160,20,-3.0934e-12,3.0934e-12,-11.50956391880679,bot2
-3,3.1,160,20,-3.5642e-12,3.5642e-12,-11.448037934135906,bot2
-3,3.2,160,20,-3.8572e-12,3.8572e-12,-11.413727841910603,bot2
-3,3.3000000000000003,160,20,-4.165e-12,4.165e-12,-11.380384994257193,bot2
-3,3.4,160,20,-4.3812e-12,4.3812e-12,-11.358406921002647,bot2
-3,3.5,160,20,4.899e-12,4.899e-12,-11.30989256054367,bot2
-3,3.6,160,20,4.22e-12,4.22e-12,-11.374687549038326,bot2
-3,3.7,160,20,-1.6778e-12,1.6778e-12,-11.775259809939456,bot2
-3,3.8,160,20,-8.114e-13,8.114e-13,-12.090764996631693,bot2
-3,3.9,160,20,5.012e-13,5.012e-13,-12.299988937677888,bot2
-3,4.0,160,20,1.3992e-12,1.3992e-12,-11.85412020352938,bot2
-3,4.1,160,20,2.3402e-12,2.3402e-12,-11.630747024989569,bot2
-3,4.2,160,20,2.959e-12,2.959e-12,-11.528855034839367,bot2
-3,4.3,160,20,3.596e-12,3.596e-12,-11.444180316938809,bot2
-3,4.4,160,20,3.9634e-12,3.9634e-12,-11.40193209495666,bot2
-3,4.5,160,20,4.171e-12,4.171e-12,-11.37975981015417,bot2
-3,4.6000000000000005,160,20,4.3036e-12,4.3036e-12,-11.366168101158035,bot2
-3,4.7,160,20,-4.7956e-12,4.7956e-12,-11.319157048475073,bot2
-3,4.8,160,20,-4.3718e-12,4.3718e-12,-11.359339714261939,bot2
-3,4.9,160,20,1.9632e-12,1.9632e-12,-11.70703545461707,bot2
-3,5.0,160,20,5.656e-13,5.656e-13,-12.247490599211156,bot2
-2,0.0,160,20,-4.0878e-12,4.0878e-12,-11.388510360676959,bot2
-2,0.1,160,20,4.729e-12,4.729e-12,-11.325230685984573,bot2
-2,0.2,160,20,4.4952e-12,4.4952e-12,-11.347250980913156,bot2
-2,0.3,160,20,-2.4892e-12,2.4892e-12,-11.603940207687566,bot2
-2,0.4,160,20,-1.3826e-12,1.3826e-12,-11.859303447453586,bot2
-2,0.5,160,20,-5.2e-15,5.2e-15,-14.2839966563652,bot2
-2,0.6,160,20,1.1808e-12,1.1808e-12,-11.927823655521033,bot2
-2,0.7,160,20,2.1304e-12,2.1304e-12,-11.671538846569115,bot2
-2,0.8,160,20,2.7894e-12,2.7894e-12,-11.554489203433269,bot2
-2,0.9,160,20,3.4068e-12,3.4068e-12,-11.467653361426517,bot2
-2,1.0,160,20,3.8892e-12,3.8892e-12,-11.410139722920166,bot2
-2,1.1,160,20,4.1504e-12,4.1504e-12,-11.381910045596014,bot2
-2,1.2,160,20,4.4384e-12,4.4384e-12,-11.35277356060681,bot2
-2,1.3,160,20,-4.9104e-12,4.9104e-12,-11.308883128912253,bot2
-2,1.4,160,20,-3.9738e-12,3.9738e-12,-11.400793994569469,bot2
-2,1.5,160,20,1.2324e-12,1.2324e-12,-11.909248310355096,bot2
-2,1.6,160,20,-1e-13,1e-13,-13.0,bot2
-2,1.7,160,20,-1.3194e-12,1.3194e-12,-11.879623520255565,bot2
-2,1.8,160,20,-2.2554e-12,2.2554e-12,-11.646776423902544,bot2
-2,1.9,160,20,-3.0742e-12,3.0742e-12,-11.512267881770917,bot2
-2,2.0,160,20,-3.7408e-12,3.7408e-12,-11.427035510518254,bot2
-2,2.1,160,20,-4.1092e-12,4.1092e-12,-11.386242720557895,bot2
-2,2.2,160,20,-4.2436e-12,4.2436e-12,-11.372265559261693,bot2
-2,2.3000000000000003,160,20,-4.3748e-12,4.3748e-12,-11.359041796557506,bot2
-2,2.4,160,20,4.8458e-12,4.8458e-12,-11.314634514401735,bot2
-2,2.5,160,20,3.942e-12,3.942e-12,-11.404283380056576,bot2
-2,2.6,160,20,-1.1582e-12,1.1582e-12,-11.936216439402644,bot2
-2,2.7,160,20,2.402e-13,2.402e-13,-12.619426996933113,bot2
-2,2.8000000000000003,160,20,1.3204e-12,1.3204e-12,-11.879294484341726,bot2
-2,2.9,160,20,2.1578e-12,2.1578e-12,-11.665988811238652,bot2
-2,3.0,160,20,2.8686e-12,2.8686e-12,-11.542330005920567,bot2
-2,3.1,160,20,3.4198e-12,3.4198e-12,-11.465999292024629,bot2
-2,3.2,160,20,3.7478e-12,3.7478e-12,-11.426223593134829,bot2
-2,3.3000000000000003,160,20,4.0438e-12,4.0438e-12,-11.393210332073197,bot2
-2,3.4,160,20,4.2328e-12,4.2328e-12,-11.373372251475999,bot2
-2,3.5,160,20,-4.7934e-12,4.7934e-12,-11.319356328457753,bot2
-2,3.6,160,20,-4.5068e-12,4.5068e-12,-11.346131714354946,bot2
-2,3.7,160,20,1.9408e-12,1.9408e-12,-11.712019216477502,bot2
-2,3.8,160,20,9.058e-13,9.058e-13,-12.042967683653062,bot2
-2,3.9,160,20,-3.378e-13,3.378e-13,-12.47134035476501,bot2
-2,4.0,160,20,-1.6034e-12,1.6034e-12,-11.794958120738631,bot2
-2,4.1,160,20,-2.3394e-12,2.3394e-12,-11.63089551442837,bot2
-2,4.2,160,20,-3.309e-12,3.309e-12,-11.480303232840146,bot2
-2,4.3,160,20,-3.8014e-12,3.8014e-12,-11.420056429620058,bot2
-2,4.4,160,20,-4.148e-12,4.148e-12,-11.382161252282996,bot2
-2,4.5,160,20,-4.333e-12,4.333e-12,-11.363211310965625,bot2
-2,4.6000000000000005,160,20,4.8146e-12,4.8146e-12,-11.31743978849975,bot2
-2,4.7,160,20,4.2102e-12,4.2102e-12,-11.37569727308754,bot2
-2,4.8,160,20,-1.45e-12,1.45e-12,-11.838631997765026,bot2
-2,4.9,160,20,7.8e-14,7.8e-14,-13.10790539730952,bot2
-2,5.0,160,20,1.3412e-12,1.3412e-12,-11.872506455243217,bot2
-1,0.0,160,20,-4.8338e-12,4.8338e-12,-11.315711322627843,bot2
-1,0.1,160,20,-2.8698e-12,2.8698e-12,-11.542148368744392,bot2
-1,0.2,160,20,-4.108e-13,4.108e-13,-12.386369565074759,bot2
-1,0.3,160,20,-1.3048e-12,1.3048e-12,-11.884456051967781,bot2
-1,0.4,160,20,-2.3138e-12,2.3138e-12,-11.635674183262498,bot2
-1,0.5,160,20,-3.0522e-12,3.0522e-12,-11.515387011985002,bot2
-1,0.6,160,20,-3.704e-12,3.704e-12,-11.431329021990104,bot2
-1,0.7,160,20,-4.097e-12,4.097e-12,-11.387534036046858,bot2
-1,0.8,160,20,-4.2436e-12,4.2436e-12,-11.372265559261693,bot2
-1,0.9,160,20,-4.3844e-12,4.3844e-12,-11.358089830922372,bot2
-1,1.0,160,20,4.8894e-12,4.8894e-12,-11.31074443181232,bot2
-1,1.1,160,20,3.9424e-12,3.9424e-12,-11.404239313851688,bot2
-1,1.2,160,20,-9.332e-13,9.332e-13,-12.030025269878285,bot2
-1,1.3,160,20,3.506e-13,3.506e-13,-12.455188088242224,bot2
-1,1.4,160,20,1.5798e-12,1.5798e-12,-11.801397890510287,bot2
-1,1.5,160,20,2.4088e-12,2.4088e-12,-11.618199257495297,bot2
-1,1.6,160,20,3.0612e-12,3.0612e-12,-11.514108295342584,bot2
-1,1.7,160,20,3.6018e-12,3.6018e-12,-11.443480406260482,bot2
-1,1.8,160,20,3.9408e-12,3.9408e-12,-11.404415605504973,bot2
-1,1.9,160,20,4.2046e-12,4.2046e-12,-11.376275314029142,bot2
-1,2.0,160,20,4.4438e-12,4.4438e-12,-11.3522454953772,bot2
-1,2.1,160,20,-4.9532e-12,4.9532e-12,-11.305114135748058,bot2
-1,2.2,160,20,-4.147e-12,4.147e-12,-11.382265964635982,bot2
-1,2.3000000000000003,160,20,1.3122e-12,1.3122e-12,-11.88199996657872,bot2
-1,2.4,160,20,2.324e-13,2.324e-13,-12.633763876281707,bot2
-1,2.5,160,20,-9.194e-13,9.194e-13,-12.036495500585708,bot2
-1,2.6,160,20,-1.7172e-12,1.7172e-12,-11.765179120192599,bot2
-1,2.7,160,20,-2.5696e-12,2.5696e-12,-11.590134476401413,bot2
-1,2.8000000000000003,160,20,-3.2538e-12,3.2538e-12,-11.487609145180901,bot2
-1,2.9,160,20,-3.8456e-12,3.8456e-12,-11.415035890879409,bot2
-1,3.0,160,20,-4.1334e-12,4.1334e-12,-11.383692564864209,bot2
-1,3.1,160,20,-4.2724e-12,4.2724e-12,-11.369328093605807,bot2
-1,3.2,160,20,4.7574e-12,4.7574e-12,-11.322630331764984,bot2
-1,3.3000000000000003,160,20,4.2924e-12,4.2924e-12,-11.367299813803406,bot2
-1,3.4,160,20,-1.7804e-12,1.7804e-12,-11.749482414389515,bot2
-1,3.5,160,20,-2.25e-13,2.25e-13,-12.647817481888637,bot2
-1,3.6,160,20,1.028e-12,1.028e-12,-11.988006885340743,bot2
-1,3.7,160,20,2.1186e-12,2.1186e-12,-11.673951032053258,bot2
-1,3.8,160,20,2.8364e-12,2.8364e-12,-11.5472325232975,bot2
-1,3.9,160,20,3.5058e-12,3.5058e-12,-11.45521286330609,bot2
-1,4.0,160,20,3.9206e-12,3.9206e-12,-11.406647464421104,bot2
-1,4.1,160,20,4.2086e-12,4.2086e-12,-11.375862349150498,bot2
-1,4.2,160,20,4.4128e-12,4.4128e-12,-11.355285755504244,bot2
-1,4.3,160,20,-4.8952e-12,4.8952e-12,-11.310229559811408,bot2
-1,4.4,160,20,-3.8444e-12,3.8444e-12,-11.415171431421026,bot2
-1,4.5,160,20,8.63e-13,8.63e-13,-12.063989204284791,bot2
-1,4.6000000000000005,160,20,-3.99e-13,3.99e-13,-12.399027104313252,bot2
-1,4.7,160,20,-1.4396e-12,1.4396e-12,-11.841758162019126,bot2
-1,4.8,160,20,-2.314e-12,2.314e-12,-11.635636645384269,bot2
-1,4.9,160,20,-3.1298e-12,3.1298e-12,-11.504483413786312,bot2
-1,5.0,160,20,-3.692e-12,3.692e-12,-11.432738307646126,bot2
0,0.0,160,20,-4.9826e-12,4.9826e-12,-11.302543976317915,bot2
0,0.1,160,20,3.97556e-11,3.97556e-11,-10.400601687691772,bot2
0,0.2,160,20,3.9069e-11,3.9069e-11,-10.408167704721976,bot2
0,0.3,160,20,4.02128e-11,4.02128e-11,-10.395635686105924,bot2
0,0.4,160,20,4.0722e-11,4.0722e-11,-10.39017090042489,bot2
0,0.5,160,20,4.0632199999999996e-11,4.0632199999999996e-11,-10.39112966248792,bot2
0,0.6,160,20,4.14614e-11,4.14614e-11,-10.382356037456598,bot2
0,0.7,160,20,4.18228e-11,4.18228e-11,-10.378586894908052,bot2
0,0.8,160,20,4.2111e-11,4.2111e-11,-10.375604445368495,bot2
0,0.9,160,20,4.22012e-11,4.22012e-11,-10.37467519960779,bot2
0,1.0,160,20,3.24936e-11,3.24936e-11,-10.488202170048586,bot2
0,1.1,160,20,3.2827e-11,3.2827e-11,-10.483768804842331,bot2
0,1.2,160,20,3.83798e-11,3.83798e-11,-10.415897292735584,bot2
0,1.3,160,20,3.70244e-11,3.70244e-11,-10.43151197072169,bot2
0,1.4,160,20,3.5606e-11,3.5606e-11,-10.44847681249541,bot2
0,1.5,160,20,3.46446e-11,3.46446e-11,-10.460364448583585,bot2
0,1.6,160,20,3.41092e-11,3.41092e-11,-10.467128466451879,bot2
0,1.7,160,20,3.35998e-11,3.35998e-11,-10.47366330770405,bot2
0,1.8,160,20,3.3199e-11,3.3199e-11,-10.478874997652067,bot2
0,1.9,160,20,3.27676e-11,3.27676e-11,-10.484555366518952,bot2
0,2.0,160,20,3.23304e-11,3.23304e-11,-10.490388922152498,bot2
0,2.1,160,20,4.1333999999999997e-11,4.1333999999999997e-11,-10.383692564864209,bot2
0,2.2,160,20,4.03558e-11,4.03558e-11,-10.394094038959864,bot2
0,2.3000000000000003,160,20,3.47126e-11,3.47126e-11,-10.459512856125068,bot2
0,2.4,160,20,3.59492e-11,3.59492e-11,-10.444310769799912,bot2
0,2.5,160,20,3.6954999999999997e-11,3.6954999999999997e-11,-10.432326793385444,bot2
0,2.6,160,20,3.78138e-11,3.78138e-11,-10.422349677144044,bot2
0,2.7,160,20,3.83852e-11,3.83852e-11,-10.415836192228682,bot2
0,2.8000000000000003,160,20,3.90626e-11,3.90626e-11,-10.408238853519398,bot2
0,2.9,160,20,3.9503e-11,3.9503e-11,-10.403369921235017,bot2
0,3.0,160,20,3.95138e-11,3.95138e-11,-10.403251202673047,bot2
0,3.1,160,20,4.0071e-11,4.0071e-11,-10.397169819307685,bot2
0,3.2,160,20,3.1036e-11,3.1036e-11,-10.508134256803952,bot2
0,3.3000000000000003,160,20,3.09566e-11,3.09566e-11,-10.509246744446637,bot2
0,3.4,160,20,3.76388e-11,3.76388e-11,-10.42436423119818,bot2
0,3.5,160,20,3.60412e-11,3.60412e-11,-10.443200757518108,bot2
0,3.6,160,20,3.51036e-11,3.51036e-11,-10.454648342794492,bot2
0,3.7,160,20,3.40858e-11,3.40858e-11,-10.467426508574478,bot2
0,3.8,160,20,3.35654e-11,3.35654e-11,-10.474108172946284,bot2
0,3.9,160,20,3.23214e-11,3.23214e-11,-10.490509836043909,bot2
0,4.0,160,20,3.20554e-11,3.20554e-11,-10.494098799447574,bot2
0,4.1,160,20,3.13556e-11,3.13556e-11,-10.503684884437474,bot2
0,4.2,160,20,3.12968e-11,3.12968e-11,-10.504500065437195,bot2
0,4.3,160,20,4.0173e-11,4.0173e-11,-10.396065735238786,bot2
0,4.4,160,20,3.94764e-11,3.94764e-11,-10.403662459128581,bot2
0,4.5,160,20,3.28718e-11,3.28718e-11,-10.483176514091056,bot2
0,4.6000000000000005,160,20,3.45274e-11,3.45274e-11,-10.461836123885309,bot2
0,4.7,160,20,3.53172e-11,3.53172e-11,-10.45201373524034,bot2
0,4.8,160,20,3.64978e-11,3.64978e-11,-10.437733312986147,bot2
0,4.9,160,20,3.78144e-11,3.78144e-11,-10.42234278615129,bot2
0,5.0,160,20,3.82016e-11,3.82016e-11,-10.417918447124439,bot2
1,0.0,160,20,1.2631e-10,1.2631e-10,-9.89856226486115,bot2
1,0.1,160,20,2.1998e-07,2.1998e-07,-6.657616802289045,bot2
1,0.2,160,20,3.9878e-07,3.9878e-07,-6.399266630970828,bot2
1,0.3,160,20,5.404e-07,5.404e-07,-6.267284659650007,bot2
1,0.4,160,20,6.508e-07,6.508e-07,-6.186552455735179,bot2
1,0.5,160,20,7.332199999999999e-07,7.332199999999999e-07,-6.134765697322512,bot2
1,0.6,160,20,7.923199999999999e-07,7.923199999999999e-07,-6.101099381332014,bot2
1,0.7,160,20,8.3264e-07,8.3264e-07,-6.079542729454527,bot2
1,0.8,160,20,8.5892e-07,8.5892e-07,-6.066047284569821,bot2
1,0.9,160,20,8.7316e-07,8.7316e-07,-6.058906167806206,bot2
1,1.0,160,20,8.7992e-07,8.7992e-07,-6.0555568109610824,bot2
1,1.1,160,20,8.8144e-07,8.8144e-07,-6.054807244970754,bot2
1,1.2,160,20,8.8334e-07,8.8334e-07,-6.05387210310102,bot2
1,1.3,160,20,8.831799999999999e-07,8.831799999999999e-07,-6.053950774293302,bot2
1,1.4,160,20,8.8528e-07,8.8528e-07,-6.052919347129923,bot2
1,1.5,160,20,8.842999999999999e-07,8.842999999999999e-07,-6.053400374984867,bot2
1,1.6,160,20,8.8412e-07,8.8412e-07,-6.053488784985899,bot2
1,1.7,160,20,8.8446e-07,8.8446e-07,-6.0533218034236675,bot2
1,1.8,160,20,8.8498e-07,8.8498e-07,-6.053066543977638,bot2
1,1.9,160,20,8.8462e-07,8.8462e-07,-6.053243246074882,bot2
1,2.0,160,20,8.850399999999999e-07,8.850399999999999e-07,-6.053037100616632,bot2
1,2.1,160,20,8.8508e-07,8.8508e-07,-6.053017472818201,bot2
1,2.2,160,20,8.8456e-07,8.8456e-07,-6.053272703415486,bot2
1,2.3000000000000003,160,20,8.8512e-07,8.8512e-07,-6.052997845906802,bot2
1,2.4,160,20,8.8478e-07,8.8478e-07,-6.053164702933373,bot2
1,2.5,160,20,8.8564e-07,8.8564e-07,-6.052742776742058,bot2
1,2.6,160,20,8.858e-07,8.858e-07,-6.0526643240512605,bot2
1,2.7,160,20,8.858799999999999e-07,8.858799999999999e-07,-6.052625103019724,bot2
1,2.8000000000000003,160,20,8.8516e-07,8.8516e-07,-6.052978219882355,bot2
1,2.9,160,20,8.8466e-07,8.8466e-07,-6.053223608957774,bot2
1,3.0,160,20,8.8442e-07,8.8442e-07,-6.053341444981353,bot2
1,3.1,160,20,8.8522e-07,8.8522e-07,-6.052948782508544,bot2
1,3.2,160,20,8.8498e-07,8.8498e-07,-6.053066543977638,bot2
1,3.3000000000000003,160,20,8.840999999999999e-07,8.840999999999999e-07,-6.053498609430412,bot2
1,3.4,160,20,8.840999999999999e-07,8.840999999999999e-07,-6.053498609430412,bot2
1,3.5,160,20,8.845799999999999e-07,8.845799999999999e-07,-6.053262884079946,bot2
1,3.6,160,20,8.8456e-07,8.8456e-07,-6.053272703415486,bot2
1,3.7,160,20,8.8454e-07,8.8454e-07,-6.053282522973045,bot2
1,3.8,160,20,8.8412e-07,8.8412e-07,-6.053488784985899,bot2
1,3.9,160,20,8.845799999999999e-07,8.845799999999999e-07,-6.053262884079946,bot2
1,4.0,160,20,8.8422e-07,8.8422e-07,-6.053439666096731,bot2
1,4.1,160,20,8.8356e-07,8.8356e-07,-6.0537639534756735,bot2
1,4.2,160,20,8.8362e-07,8.8362e-07,-6.053734462796824,bot2
1,4.3,160,20,8.831e-07,8.831e-07,-6.053990115234235,bot2
1,4.4,160,20,8.8378e-07,8.8378e-07,-6.053655830775443,bot2
1,4.5,160,20,8.8398e-07,8.8398e-07,-6.05355756076509,bot2
1,4.6000000000000005,160,20,8.822e-07,8.822e-07,-6.054432946557611,bot2
1,4.7,160,20,8.8316e-07,8.8316e-07,-6.05396060919444,bot2
1,4.8,160,20,8.832e-07,8.832e-07,-6.0539409396148764,bot2
1,4.9,160,20,8.826199999999999e-07,8.826199999999999e-07,-6.054226235747622,bot2
1,5.0,160,20,8.8322e-07,8.8322e-07,-6.053931105159154,bot2
2,0.0,160,20,2.4361e-10,2.4361e-10,-9.613304888224382,bot2
2,0.1,160,20,8.5436e-07,8.5436e-07,-6.068359092930139,bot2
2,0.2,160,20,1.6263000000000002e-06,1.6263000000000002e-06,-5.788799337999743,bot2
2,0.3,160,20,2.3339e-06,2.3339e-06,-5.6319177559935545,bot2
2,0.4,160,20,2.9709e-06,2.9709e-06,-5.527111966230364,bot2
2,0.5,160,20,3.5429000000000004e-06,3.5429000000000004e-06,-5.450641105657534,bot2
2,0.6,160,20,4.067e-06,4.067e-06,-5.390725827595412,bot2
2,0.7,160,20,4.515800000000001e-06,4.515800000000001e-06,-5.345265300763853,bot2
2,0.8,160,20,4.9255000000000005e-06,4.9255000000000005e-06,-5.307549676593984,bot2
2,0.9,160,20,5.2704e-06,5.2704e-06,-5.27815642251034,bot2
2,1.0,160,20,5.580800000000001e-06,5.580800000000001e-06,-5.253303541083546,bot2
2,1.1,160,20,5.8587e-06,5.8587e-06,-5.232198739862475,bot2
2,1.2,160,20,6.084600000000001e-06,6.084600000000001e-06,-5.215767966900263,bot2
2,1.3,160,20,6.288200000000001e-06,6.288200000000001e-06,-5.201473653750604,bot2
2,1.4,160,20,6.455000000000001e-06,6.455000000000001e-06,-5.190103753397561,bot2
2,1.5,160,20,6.577400000000001e-06,6.577400000000001e-06,-5.181945746021177,bot2
2,1.6,160,20,6.691000000000001e-06,6.691000000000001e-06,-5.174508970120569,bot2
2,1.7,160,20,6.774100000000001e-06,6.774100000000001e-06,-5.169148396541752,bot2
2,1.8,160,20,6.831600000000001e-06,6.831600000000001e-06,-5.165477570140828,bot2
2,1.9,160,20,6.856300000000001e-06,6.856300000000001e-06,-5.163910187949776,bot2
2,2.0,160,20,6.895100000000001e-06,6.895100000000001e-06,-5.161459430846614,bot2
2,2.1,160,20,6.902400000000001e-06,6.902400000000001e-06,-5.160999876577549,bot2
2,2.2,160,20,6.896200000000001e-06,6.896200000000001e-06,-5.161390151818371,bot2
2,2.3000000000000003,160,20,6.9048e-06,6.9048e-06,-5.160848896398068,bot2
2,2.4,160,20,6.904300000000001e-06,6.904300000000001e-06,-5.160880346274026,bot2
2,2.5,160,20,6.9029e-06,6.9029e-06,-5.1609684180448046,bot2
2,2.6,160,20,6.916700000000001e-06,6.916700000000001e-06,-5.160101060691139,bot2
2,2.7,160,20,6.899700000000001e-06,6.899700000000001e-06,-5.161169792042021,bot2
2,2.8000000000000003,160,20,6.924600000000001e-06,6.924600000000001e-06,-5.159605308589878,bot2
2,2.9,160,20,6.9071e-06,6.9071e-06,-5.160704256295315,bot2
2,3.0,160,20,6.908800000000001e-06,6.908800000000001e-06,-5.160597379345863,bot2
2,3.1,160,20,6.917800000000001e-06,6.917800000000001e-06,-5.160031997995545,bot2
2,3.2,160,20,6.923500000000001e-06,6.923500000000001e-06,-5.159674303460092,bot2
2,3.3000000000000003,160,20,6.9295e-06,6.9295e-06,-5.15929810089684,bot2
2,3.4,160,20,6.922300000000001e-06,6.922300000000001e-06,-5.159749583094289,bot2
2,3.5,160,20,6.926700000000001e-06,6.926700000000001e-06,-5.159473621539712,bot2
2,3.6,160,20,6.915000000000001e-06,6.915000000000001e-06,-5.160207815554671,bot2
2,3.7,160,20,6.9099000000000005e-06,6.9099000000000005e-06,-5.160528237685489,bot2
2,3.8,160,20,6.913100000000001e-06,6.913100000000001e-06,-5.16032716087627,bot2
2,3.9,160,20,6.9172000000000005e-06,6.9172000000000005e-06,-5.1600696671953,bot2
2,4.0,160,20,6.915500000000001e-06,6.915500000000001e-06,-5.160176414341259,bot2
2,4.1,160,20,6.902000000000001e-06,6.902000000000001e-06,-5.161025045044532,bot2
2,4.2,160,20,6.9187e-06,6.9187e-06,-5.159975500321384,bot2
2,4.3,160,20,6.919800000000001e-06,6.919800000000001e-06,-5.15990645758827,bot2
2,4.4,160,20,6.921e-06,6.921e-06,-5.159831150759244,bot2
2,4.5,160,20,6.925600000000001e-06,6.925600000000001e-06,-5.159542595490767,bot2
2,4.6000000000000005,160,20,6.920900000000001e-06,6.920900000000001e-06,-5.159837425829601,bot2
2,4.7,160,20,6.916100000000001e-06,6.916100000000001e-06,-5.1601387358818895,bot2
2,4.8,160,20,6.914800000000001e-06,6.914800000000001e-06,-5.160220376675784,bot2
2,4.9,160,20,6.9153000000000005e-06,6.9153000000000005e-06,-5.160188974554173,bot2
2,5.0,160,20,6.9106e-06,6.9106e-06,-5.160484244177644,bot2
3,0.0,160,20,6.055400000000001e-10,6.055400000000001e-10,-9.217857163494502,bot2
3,0.1,160,20,1.5348e-06,1.5348e-06,-5.813948209473721,bot2
3,0.2,160,20,3.0049e-06,3.0049e-06,-5.522169976297124,bot2
3,0.3,160,20,4.3888e-06,4.3888e-06,-5.357654209739546,bot2
3,0.4,160,20,5.721300000000001e-06,5.721300000000001e-06,-5.242505279130218,bot2
3,0.5,160,20,6.992700000000001e-06,6.992700000000001e-06,-5.155355103411318,bot2
3,0.6,160,20,8.177700000000001e-06,8.177700000000001e-06,-5.087368825639639,bot2
3,0.7,160,20,9.3031e-06,9.3031e-06,-5.031372310740875,bot2
3,0.8,160,20,1.03621e-05,1.03621e-05,-4.98455222084656,bot2
3,0.9,160,20,1.1372500000000002e-05,1.1372500000000002e-05,-4.9441440544980075,bot2
3,1.0,160,20,1.225e-05,1.225e-05,-4.911863911299449,bot2
3,1.1,160,20,1.31e-05,1.31e-05,-4.882728704344236,bot2
3,1.2,160,20,1.3904e-05,1.3904e-05,-4.856860240895409,bot2
3,1.3,160,20,1.4644e-05,1.4644e-05,-4.834340279790506,bot2
3,1.4,160,20,1.5338e-05,1.5338e-05,-4.814231266566387,bot2
3,1.5,160,20,1.5978000000000002e-05,1.5978000000000002e-05,-4.796477583177415,bot2
3,1.6,160,20,1.646e-05,1.646e-05,-4.783570169123749,bot2
3,1.7,160,20,1.7036e-05,1.7036e-05,-4.768632368598289,bot2
3,1.8,160,20,1.7522e-05,1.7522e-05,-4.756416324001809,bot2
3,1.9,160,20,1.787e-05,1.787e-05,-4.747875447494356,bot2
3,2.0,160,20,1.8232e-05,1.8232e-05,-4.739165687827681,bot2
3,2.1,160,20,1.8382e-05,1.8382e-05,-4.735607238232283,bot2
3,2.2,160,20,1.862e-05,1.862e-05,-4.730020323354676,bot2
3,2.3000000000000003,160,20,1.887e-05,1.887e-05,-4.724228099835068,bot2
3,2.4,160,20,1.9068e-05,1.9068e-05,-4.7196948567449954,bot2
3,2.5,160,20,1.9184e-05,1.9184e-05,-4.717060834245227,bot2
3,2.6,160,20,1.9514e-05,1.9514e-05,-4.709653699346068,bot2
3,2.7,160,20,1.9756e-05,1.9756e-05,-4.70430098251049,bot2
3,2.8000000000000003,160,20,1.9792e-05,1.9792e-05,-4.703510317714954,bot2
3,2.9,160,20,2.0116e-05,2.0116e-05,-4.696458373051111,bot2
3,3.0,160,20,2.0194e-05,2.0194e-05,-4.694777648076305,bot2
3,3.1,160,20,2.0206e-05,2.0206e-05,-4.694519651346795,bot2
3,3.2,160,20,2.0224e-05,2.0224e-05,-4.694132943397709,bot2
3,3.3000000000000003,160,20,2.0222e-05,2.0222e-05,-4.694175893947307,bot2
3,3.4,160,20,2.0266e-05,2.0266e-05,-4.693231961684594,bot2
3,3.5,160,20,2.0266e-05,2.0266e-05,-4.693231961684594,bot2
3,3.6,160,20,2.025e-05,2.025e-05,-4.693574972449313,bot2
3,3.7,160,20,2.0266e-05,2.0266e-05,-4.693231961684594,bot2
3,3.8,160,20,2.0328e-05,2.0328e-05,-4.691905347957687,bot2
3,3.9,160,20,2.0318e-05,2.0318e-05,-4.692119044011747,bot2
3,4.0,160,20,2.0324e-05,2.0324e-05,-4.691990813761742,bot2
3,4.1,160,20,2.0322e-05,2.0322e-05,-4.692033552971726,bot2
3,4.2,160,20,2.033e-05,2.033e-05,-4.691862621361961,bot2
3,4.3,160,20,2.032e-05,2.032e-05,-4.692076296388119,bot2
3,4.4,160,20,2.0318e-05,2.0318e-05,-4.692119044011747,bot2
3,4.5,160,20,2.0074e-05,2.0074e-05,-4.697366080186221,bot2
3,4.6000000000000005,160,20,1.994e-05,1.994e-05,-4.700274846024363,bot2
3,4.7,160,20,1.9958e-05,1.9958e-05,-4.699882981710131,bot2
3,4.8,160,20,2.0006e-05,2.0006e-05,-4.698839735530791,bot2
3,4.9,160,20,2.0012e-05,2.0012e-05,-4.698709505788629,bot2
3,5.0,160,20,1.9964e-05,1.9964e-05,-4.699752438805915,bot2
4,0.0,160,20,7.4778e-10,7.4778e-10,-9.126226154594734,bot2
4,0.1,160,20,2.1431000000000003e-06,2.1431000000000003e-06,-5.668957563706218,bot2
4,0.2,160,20,4.2195e-06,4.2195e-06,-5.374739008779118,bot2
4,0.3,160,20,6.2532000000000005e-06,6.2532000000000005e-06,-5.203897680785614,bot2
4,0.4,160,20,8.265100000000002e-06,8.265100000000002e-06,-5.082751887502641,bot2
4,0.5,160,20,1.02544e-05,1.02544e-05,-4.989089745760008,bot2
4,0.6,160,20,1.206e-05,1.206e-05,-4.9186526921958675,bot2
4,0.7,160,20,1.3846e-05,1.3846e-05,-4.858675672724583,bot2
4,0.8,160,20,1.5612e-05,1.5612e-05,-4.8065414573907885,bot2
4,0.9,160,20,1.7290000000000002e-05,1.7290000000000002e-05,-4.762205006726077,bot2
4,1.0,160,20,1.89e-05,1.89e-05,-4.723538195826756,bot2
4,1.1,160,20,2.0504e-05,2.0504e-05,-4.688161406823812,bot2
4,1.2,160,20,2.1998e-05,2.1998e-05,-4.657616802289045,bot2
4,1.3,160,20,2.348e-05,2.348e-05,-4.6293019074244235,bot2
4,1.4,160,20,2.4902e-05,2.4902e-05,-4.6037657712142,bot2
4,1.5,160,20,2.625e-05,2.625e-05,-4.580870692258024,bot2
4,1.6,160,20,2.7576e-05,2.7576e-05,-4.559468729600109,bot2
4,1.7,160,20,2.8658e-05,2.8658e-05,-4.542754121659256,bot2
4,1.8,160,20,3.02e-05,3.02e-05,-4.519993057042849,bot2
4,1.9,160,20,3.1064e-05,3.1064e-05,-4.5077426224620085,bot2
4,2.0,160,20,3.2048e-05,3.2048e-05,-4.494199068050499,bot2
4,2.1,160,20,3.313e-05,3.313e-05,-4.47977856411804,bot2
4,2.2,160,20,3.3926e-05,3.3926e-05,-4.469467342250946,bot2
4,2.3000000000000003,160,20,3.442e-05,3.442e-05,-4.463189134008458,bot2
4,2.4,160,20,3.5182e-05,3.5182e-05,-4.453679475729186,bot2
4,2.5,160,20,3.5868e-05,3.5868e-05,-4.445292838913095,bot2
4,2.6,160,20,3.6622e-05,3.6622e-05,-4.436257941704293,bot2
4,2.7,160,20,3.721000000000001e-05,3.721000000000001e-05,-4.429340329978466,bot2
4,2.8000000000000003,160,20,3.7772e-05,3.7772e-05,-4.422830018985876,bot2
4,2.9,160,20,3.821e-05,3.821e-05,-4.417822962311591,bot2
4,3.0,160,20,3.8564e-05,3.8564e-05,-4.413817925810927,bot2
4,3.1,160,20,3.8906e-05,3.8906e-05,-4.40998341754439,bot2
4,3.2,160,20,3.9226e-05,3.9226e-05,-4.406425976002439,bot2
4,3.3000000000000003,160,20,3.9718e-05,3.9718e-05,-4.401012628525909,bot2
4,3.4,160,20,3.9552e-05,3.9552e-05,-4.402831550927297,bot2
4,3.5,160,20,3.9892e-05,3.9892e-05,-4.399114189631751,bot2
4,3.6,160,20,3.9776e-05,3.9776e-05,-4.400378893038449,bot2
4,3.7,160,20,3.9526e-05,3.9526e-05,-4.40311713369207,bot2
4,3.8,160,20,3.9864e-05,3.9864e-05,-4.3994191258369995,bot2
4,3.9,160,20,3.9652e-05,3.9652e-05,-4.401734902493713,bot2
4,4.0,160,20,3.997e-05,3.997e-05,-4.398265851739895,bot2
4,4.1,160,20,3.9904e-05,3.9904e-05,-4.398983568201551,bot2
4,4.2,160,20,4.0178e-05,4.0178e-05,-4.396011685571392,bot2
4,4.3,160,20,4.0046e-05,4.0046e-05,-4.397440856975096,bot2
4,4.4,160,20,4.0142e-05,4.0142e-05,-4.396400993399965,bot2
4,4.5,160,20,4.0058e-05,4.0058e-05,-4.3973107377844975,bot2
4,4.6000000000000005,160,20,3.9942e-05,3.9942e-05,-4.398570192664685,bot2
4,4.7,160,20,4.0382e-05,4.0382e-05,-4.393812175549533,bot2
4,4.8,160,20,4.0386e-05,4.0386e-05,-4.393769159059611,bot2
4,4.9,160,20,4.023e-05,4.023e-05,-4.395449967428739,bot2
4,5.0,160,20,4.0334e-05,4.0334e-05,-4.394328706041349,bot2
5,0.0,160,20,8.4962e-10,8.4962e-10,-9.070775272878185,bot2
5,0.1,160,20,2.7167e-06,2.7167e-06,-5.5659583172457285,bot2
5,0.2,160,20,5.4237e-06,5.4237e-06,-5.265704340517802,bot2
5,0.3,160,20,8.0275e-06,8.0275e-06,-5.09541968576146,bot2
5,0.4,160,20,1.06382e-05,1.06382e-05,-4.973131849127312,bot2
5,0.5,160,20,1.3306e-05,1.3306e-05,-4.8759524808899695,bot2
5,0.6,160,20,1.5762e-05,1.5762e-05,-4.802388676830286,bot2
5,0.7,160,20,1.8326e-05,1.8326e-05,-4.736932317771006,bot2
5,0.8,160,20,2.0694e-05,2.0694e-05,-4.6841555552489655,bot2
5,0.9,160,20,2.3124e-05,2.3124e-05,-4.635937039296922,bot2
5,1.0,160,20,2.5508e-05,2.5508e-05,-4.593323591684783,bot2
5,1.1,160,20,2.7826e-05,2.7826e-05,-4.555549219206082,bot2
5,1.2,160,20,2.9996e-05,2.9996e-05,-4.522936655071996,bot2
5,1.3,160,20,3.2124e-05,3.2124e-05,-4.493170382765443,bot2
5,1.4,160,20,3.4212000000000004e-05,3.4212000000000004e-05,-4.465821536642915,bot2
5,1.5,160,20,3.6336e-05,3.6336e-05,-4.43966288312434,bot2
5,1.6,160,20,3.8156e-05,3.8156e-05,-4.418437159884636,bot2
5,1.7,160,20,3.9986e-05,3.9986e-05,-4.398092038347449,bot2
5,1.8,160,20,4.1772e-05,4.1772e-05,-4.379114730668086,bot2
5,1.9,160,20,4.3598e-05,4.3598e-05,-4.3605334329535745,bot2
5,2.0,160,20,4.5064e-05,4.5064e-05,-4.346170261772706,bot2
5,2.1,160,20,4.6672e-05,4.6672e-05,-4.330943588222342,bot2
5,2.2,160,20,4.8154e-05,4.8154e-05,-4.317367631576317,bot2
5,2.3000000000000003,160,20,4.9656e-05,4.9656e-05,-4.30402826762266,bot2
5,2.4,160,20,5.1292e-05,5.1292e-05,-4.2899503664045255,bot2
5,2.5,160,20,5.1896e-05,5.1896e-05,-4.28486611507783,bot2
5,2.6,160,20,5.3968e-05,5.3968e-05,-4.267863676154874,bot2
5,2.7,160,20,5.6078e-05,5.6078e-05,-4.2512074837085265,bot2
5,2.8000000000000003,160,20,5.7102e-05,5.7102e-05,-4.243348680304897,bot2
5,2.9,160,20,5.9102e-05,5.9102e-05,-4.228397822430637,bot2
5,3.0,160,20,6.0192e-05,6.0192e-05,-4.220461226129715,bot2
5,3.1,160,20,6.069e-05,6.069e-05,-4.216882862509533,bot2
5,3.2,160,20,6.109400000000001e-05,6.109400000000001e-05,-4.214001439427536,bot2
5,3.3000000000000003,160,20,6.163200000000001e-05,6.163200000000001e-05,-4.210193738891578,bot2
5,3.4,160,20,6.1958e-05,6.1958e-05,-4.2079026096827254,bot2
5,3.5,160,20,6.2642e-05,6.2642e-05,-4.203134384808706,bot2
5,3.6,160,20,6.3358e-05,6.3358e-05,-4.198198540425395,bot2
5,3.7,160,20,6.414e-05,6.414e-05,-4.192871044407578,bot2
5,3.8,160,20,6.4834e-05,6.4834e-05,-4.188197183327869,bot2
5,3.9,160,20,6.4946e-05,6.4946e-05,-4.187447591803003,bot2
5,4.0,160,20,6.5398e-05,6.5398e-05,-4.1844355330556295,bot2
5,4.1,160,20,6.5904e-05,6.5904e-05,-4.181088225387658,bot2
5,4.2,160,20,6.5868e-05,6.5868e-05,-4.18132552317076,bot2
5,4.3,160,20,6.622e-05,6.622e-05,-4.17901082358395,bot2
5,4.4,160,20,6.6464e-05,6.6464e-05,-4.177413525144995,bot2
5,4.5,160,20,6.7026e-05,6.7026e-05,-4.173756697803984,bot2
5,4.6000000000000005,160,20,6.7076e-05,6.7076e-05,-4.17343284394496,bot2
5,4.7,160,20,6.76e-05,6.76e-05,-4.170053304058364,bot2
5,4.8,160,20,6.826400000000001e-05,6.826400000000001e-05,-4.165808267375418,bot2
5,4.9,160,20,6.7298e-05,6.7298e-05,-4.171997842193115,bot2
5,5.0,160,20,6.726e-05,6.726e-05,-4.1722431370213835,bot2
