W,L,VG,VD,ID,gds
5,5,0.0,0.0,3.942327402674177e-11,2.260473100858317e-09
5,5,0.0,0.05,3.806167888673498e-10,1.2483400031310067e-08
5,5,0.0,0.1,1.1790075959423678e-09,1.68877535047648e-08
5,5,0.0,0.15,1.8859047672481974e-09,1.0809351491909572e-08
5,5,0.0,0.2,2.2799614674503868e-09,5.476000891800726e-09
5,5,0.0,0.25,2.4815927262451975e-09,2.9563433873825645e-09
5,5,0.0,0.3,2.600767099188234e-09,1.9703038290800693e-09
5,5,0.0,0.35,2.688782889699564e-09,1.6111416650015391e-09
5,5,0.0,0.4,2.7656496340297126e-09,1.4855461740234243e-09
5,5,0.0,0.45,2.838680094886336e-09,1.4433479753595113e-09
5,5,0.0,0.5,2.910440205884565e-09,1.429536411332654e-09
5,5,0.0,0.55,2.9817695617501755e-09,1.4242501683942289e-09
5,5,0.0,0.6,3.0528863309509903e-09,1.42036572961656e-09
5,5,0.0,0.65,3.123786469421287e-09,1.4153502198034836e-09
5,5,0.0,0.7,3.1943875998482862e-09,1.408327349630226e-09
5,5,0.0,0.75,3.264581087276057e-09,1.399024145454442e-09
5,5,0.0,0.8,3.334251170052696e-09,1.3873929637833025e-09
5,5,0.0,0.85,3.403282257441277e-09,1.3734754296311397e-09
5,5,0.0,0.9,3.471561952148804e-09,1.3573529100492042e-09
5,5,0.0,0.95,3.538982499407886e-09,1.3391278845150706e-09
5,5,0.0,1.0,3.605441626239774e-09,1.3189163181782323e-09
5,5,0.0,1.05,3.6708431136180327e-09,1.2968439414302534e-09
5,5,0.0,1.1,3.7350972231598325e-09,1.2730439174552771e-09
5,5,0.0,1.15,3.798121021853059e-09,1.247655015269481e-09
5,5,0.0,1.2,3.8598386212444864e-09,1.2208199887517632e-09
5,5,0.0,1.25,3.920181338583383e-09,1.1926840685039535e-09
5,5,0.0,1.3,3.979087784860201e-09,1.1633935449748583e-09
5,5,0.0,1.35,4.036503884301376e-09,1.1330944446874038e-09
5,5,0.0,1.4,4.092382830167808e-09,1.1019313076121564e-09
5,5,0.0,1.45,4.146684982124544e-09,1.070046073861794e-09
5,5,0.0,1.5,4.199377710812823e-09,1.0375770859611175e-09
5,5,0.0,1.55,4.250435195509506e-09,1.0046582104544237e-09
5,5,0.0,1.6,4.299838180880838e-09,9.714180801019679e-10
5,5,0.0,1.65,4.347573698843535e-09,9.379794556055269e-10
5,5,0.0,1.7,4.393634761439556e-09,9.044587037807393e-10
5,5,0.0,1.75,4.438020030434589e-09,8.70965387389529e-10
5,5,0.0,1.8,4.4807334690729676e-09,8.376019604688621e-10
5,5,0.0,1.85,4.521783981088419e-09,8.044635619312304e-10
5,5,0.0,1.9,4.561185041686013e-09,7.71637899445619e-10
5,5,0.0,1.95,4.59895432479924e-09,7.392052151184691e-10
5,5,0.0,2.0,4.6351133304944405e-09,7.07238324241729e-10
5,5,0.0,2.05,4.6696870159566285e-09,6.758027183371697e-10
5,5,0.0,2.1,4.70270343305411e-09,6.449567238646977e-10
5,5,0.0,2.15,4.734193375055964e-09,6.147517082485778e-10
5,5,0.0,2.2,4.76419003466711e-09,5.852323252771799e-10
5,5,0.0,2.25,4.792728675161295e-09,5.564367924221706e-10
5,5,0.0,2.3,4.819846316033029e-09,5.283971931757818e-10
5,5,0.0,2.35,4.8455814342593e-09,5.011397980975771e-10
5,5,0.0,2.4,4.869973681961103e-09,4.746853988752797e-10
5,5,0.0,2.45,4.893063620986524e-09,4.490496503216413e-10
5,5,0.0,2.5,4.914892474697728e-09,4.2424341583687386e-10
5,5,0.0,2.55,4.935501897035434e-09,4.0027311245347395e-10
5,5,0.0,2.6,4.954933758754877e-09,3.771410521388613e-10
5,5,0.0,2.65,4.973229950574273e-09,3.54845776554956e-10
5,5,0.0,2.7,4.990432202847812e-09,3.3338238295853657e-10
5,5,0.0,2.75,5.006581921272883e-09,3.127428393697154e-10
5,5,0.0,2.8,5.021720038055731e-09,2.9291628753654253e-10
5,5,0.0,2.85,5.035886877896409e-09,2.7388933258228916e-10
5,5,0.0,2.9,5.049122038105986e-09,2.5564631853881806e-10
5,5,0.0,2.95,5.061464282136315e-09,2.3816958924670905e-10
5,5,0.0,3.0,5.072951445782367e-09,2.2143973434226296e-10
5,5,0.0,3.05,5.083620355309399e-09,2.0543582025614605e-10
5,5,0.0,3.1,5.093506756757163e-09,1.901356063205681e-10
5,5,0.0,3.15,5.102645255681495e-09,1.755157462246858e-10
5,5,0.0,3.2,5.111069266610106e-09,1.6155197517424486e-10
5,5,0.0,3.25,5.118810971507843e-09,1.482192832040229e-10
5,5,0.0,3.3,5.125901286571856e-09,1.354920751633096e-10
5,5,0.0,3.35,5.132369836705415e-09,1.233443179480332e-10
5,5,0.0,3.4,5.138244937046542e-09,1.1174967559053494e-10
5,5,0.0,3.45,5.1435535809609555e-09,1.0068163284188449e-10
5,5,0.0,3.5,5.1483214339400766e-09,9.011360789381953e-11
5,5,0.0,3.55,5.152572832877156e-09,8.001905488998538e-11
5,5,0.0,3.6,5.156330790226654e-09,7.037155687058004e-11
5,5,0.0,3.65,5.1596170025856035e-09,6.114490978261577e-11
5,5,0.0,3.7,5.162451863264327e-09,5.231319817053941e-11
5,5,0.0,3.75,5.164854478446705e-09,4.385086314072168e-11
5,5,0.0,3.8,5.166842686566936e-09,3.5732763168822523e-11
5,5,0.0,3.85,5.1684330805594104e-09,2.7934228292248383e-11
5,5,0.0,3.9,5.1696410326633315e-09,2.043110820175691e-11
5,5,0.0,3.95,5.1704807214896985e-09,1.319981471706822e-11
5,5,0.0,4.0,5.170965161081451e-09,6.21735910178956e-12
5,5,0.0,4.05,5.171106231718794e-09,-5.386153565596418e-13
5,5,0.0,4.1,5.170914712243719e-09,-7.089805104776028e-12
5,5,0.0,4.15,5.170400313696298e-09,-1.345722205234206e-11
5,5,0.0,4.2,5.169571714071413e-09,-1.9661172929423824e-11
5,5,0.0,4.25,5.168436594024619e-09,-2.5721241960604605e-11
5,5,0.0,4.3,5.1670016733665815e-09,-3.16562765659114e-11
5,5,0.0,4.35,5.165272748202909e-09,-3.7484375824826516e-11
5,5,0.0,4.4,5.163254728586444e-09,-4.3222881461929975e-11
5,5,0.0,4.45,5.160951676562276e-09,-4.888837113424439e-11
5,5,0.0,4.5,5.158366844494175e-09,-5.4496653820628934e-11
5,5,0.0,4.55,5.1555027135739605e-09,-6.006276713227246e-11
5,5,0.0,4.6,5.1523610324199e-09,-6.5600976380929e-11
5,5,0.0,4.65,5.148942855681143e-09,-7.112477525758109e-11
5,5,0.0,4.7,5.145248582570919e-09,-7.664688798915989e-11
5,5,0.0,4.75,5.141277995257062e-09,-8.21792728546451e-11
5,5,0.0,4.8,5.137030297045216e-09,-8.773312695423193e-11
5,5,0.0,4.85,5.132504150294487e-09,-9.331889213666845e-11
5,5,0.0,4.9,5.127697714008914e-09,-9.894626200009141e-11
5,5,0.0,4.95,5.122608681054352e-09,-1.0462418989090988e-10
5,5,0.0,5.0,5.117234314951409e-09,-1.1036089783352157e-10
5,5,1.0,0.0,1.2195042924408388e-09,7.605682805734757e-08
5,5,1.0,0.05,1.6622530026395775e-08,6.656822818183452e-07
5,5,1.0,0.1,6.911964125639077e-08,1.2905210921050232e-06
5,5,1.0,0.15,1.2897348044344284e-07,1.0051970205770189e-06
5,5,1.0,0.2,1.6780998314038429e-07,5.76273620498134e-07
5,5,1.0,0.25,1.9013623968972847e-07,3.479982347094058e-07
5,5,1.0,0.3,2.0487996440705743e-07,2.5683855939997227e-07
5,5,1.0,0.35,2.168043519372994e-07,2.2617541504621094e-07
5,5,1.0,0.4,2.2787810964847132e-07,2.1904445215130413e-07
5,5,1.0,0.45,2.3884971946442275e-07,2.2064652360629376e-07
5,5,1.0,0.5,2.4999325488664765e-07,2.2538283952461541e-07
5,5,1.0,0.55,2.61404830127016e-07,2.311674723616749e-07
5,5,1.0,0.6,2.731142220190755e-07,2.3721953492145668e-07
5,5,1.0,0.65,2.851261483937225e-07,2.432387235049633e-07
5,5,1.0,0.7,2.9743545709045045e-07,2.491016231191615e-07
5,5,1.0,0.75,3.100327307675951e-07,2.547504740516069e-07
5,5,1.0,0.8,3.22906386963532e-07,2.6015258540626666e-07
5,5,1.0,0.85,3.3604350175742494e-07,2.652855998249784e-07
5,5,1.0,0.9,3.494301715692592e-07,2.7013219278793377e-07
5,5,1.0,0.95,3.630517098905184e-07,2.746781995083299e-07
5,5,1.0,1.0,3.768927863676913e-07,2.7891197352581943e-07
5,5,1.0,1.05,3.9093754646416455e-07,2.828241751467303e-07
5,5,1.0,1.1,4.051697246790224e-07,2.8640769764485645e-07
5,5,1.0,1.15,4.1957275512749125e-07,2.896576256349357e-07
5,5,1.0,1.2,4.341298799980368e-07,2.925711884005297e-07
5,5,1.0,1.25,4.488242552730255e-07,2.9514769615321116e-07
5,5,1.0,1.3,4.636390527706653e-07,2.9738845658472236e-07
5,5,1.0,1.35,4.7855755753726e-07,2.9929667263373595e-07
5,5,1.0,1.4,4.935632597046391e-07,3.0087732376609636e-07
5,5,1.0,1.45,5.086399400576648e-07,3.0213703359305553e-07
5,5,1.0,1.5,5.237717487033796e-07,3.03083926816531e-07
5,5,1.0,1.55,5.389432763827292e-07,3.0372747847823516e-07
5,5,1.0,1.6,5.541396181123732e-07,3.0407835837615016e-07
5,5,1.0,1.65,5.693464289828071e-07,3.0414827333153803e-07
5,5,1.0,1.7,5.845499720678231e-07,3.039498097629393e-07
5,5,1.0,1.75,5.997371585167058e-07,3.034962787658929e-07
5,5,1.0,1.8,6.148955800036582e-07,3.0280156561901273e-07
5,5,1.0,1.85,6.300135337978663e-07,3.0187998535124423e-07
5,5,1.0,1.9,6.450800407921006e-07,3.0074614571817285e-07
5,5,1.0,1.95,6.600848568882423e-07,2.9941481865684034e-07
5,5,1.0,2.0,6.750184781847522e-07,2.979008210231476e-07
5,5,1.0,2.05,6.898721404452148e-07,2.962189051694615e-07
5,5,1.0,2.1,7.046378133490918e-07,2.9438365969513194e-07
5,5,1.0,2.15,7.193081900375131e-07,2.924094205020245e-07
5,5,1.0,2.2,7.338766724688693e-07,2.9031019211160106e-07
5,5,1.0,2.25,7.483373530930326e-07,2.8809957905015414e-07
5,5,1.0,2.3,7.626849933401558e-07,2.8579072698377647e-07
5,5,1.0,2.35,7.769149994014468e-07,2.8339627318349925e-07
5,5,1.0,2.4,7.910233957560702e-07,2.8092830582212e-07
5,5,1.0,2.45,8.050067968723678e-07,2.783983315460288e-07
5,5,1.0,2.5,8.188623774820024e-07,2.7581725072507473e-07
5,5,1.0,2.55,8.325878417957627e-07,2.731953397598877e-07
5,5,1.0,2.6,8.461813919979702e-07,2.7054223981611763e-07
5,5,1.0,2.65,8.596416963251916e-07,2.6786695135714766e-07
5,5,1.0,2.7,8.729678570036719e-07,2.651778338587228e-07
5,5,1.0,2.75,8.861593782895337e-07,2.624826101087261e-07
5,5,1.0,2.8,8.992161348266725e-07,2.597883745214218e-07
5,5,1.0,2.85,9.121383405093908e-07,2.571016049261247e-07
5,5,1.0,2.9,9.24926518010731e-07,2.544281773242899e-07
5,5,1.0,2.95,9.37581469113e-07,2.5177338314506257e-07
5,5,1.0,3.0,9.501042459543734e-07,2.491419485665222e-07
5,5,1.0,3.05,9.624961232850163e-07,2.465380555073441e-07
5,5,1.0,3.1,9.747585718068969e-07,2.4396536393049475e-07
5,5,1.0,3.15,9.868932326548493e-07,2.4142703513669323e-07
5,5,1.0,3.2,9.989018930609843e-07,2.3892575575990183e-07
5,5,1.0,3.25,1.0107864632310378e-06,2.3646376220999736e-07
5,5,1.0,3.3,1.0225489544493235e-06,2.34042865338688e-07
5,5,1.0,3.35,1.0341914584183901e-06,2.3166447513353626e-07
5,5,1.0,3.4,1.0457161278306155e-06,2.2932962527162504e-07
5,5,1.0,3.45,1.057125158160826e-06,2.2703899738876476e-07
5,5,1.0,3.5,1.0684207706627372e-06,2.2479294494248562e-07
5,5,1.0,3.55,1.0796051965462429e-06,2.2259151656714042e-07
5,5,1.0,3.6,1.090680662307919e-06,2.2043447883754482e-07
5,5,1.0,3.65,1.1016493761835814e-06,2.1832133837378963e-07
5,5,1.0,3.7,1.1125135156883868e-06,2.1625136323412008e-07
5,5,1.0,3.75,1.123275216207994e-06,2.1422360355549979e-07
5,5,1.0,3.8,1.1339365606022528e-06,2.122369114124614e-07
5,5,1.0,3.85,1.1444995697819084e-06,2.1028995987453608e-07
5,5,1.0,3.9,1.15496619421785e-06,2.0838126125079612e-07
5,5,1.0,3.95,1.1653383063421758e-06,2.0650918451719937e-07
5,5,1.0,4.0,1.1756176938002252e-06,2.04671971928424e-07
5,5,1.0,4.05,1.1858060535129424e-06,2.0286775482097215e-07
5,5,1.0,4.1,1.1959049865093981e-06,2.0109456861850008e-07
5,5,1.0,4.15,1.2059159934899426e-06,1.9935036705381052e-07
5,5,1.0,4.2,1.2158404710811708e-06,1.9763303562467497e-07
5,5,1.0,4.25,1.2256797087450174e-06,1.9594040430290306e-07
5,5,1.0,4.3,1.2354348863049579e-06,1.9427025951766968e-07
5,5,1.0,4.35,1.2451070720538296e-06,1.9262035543543683e-07
5,5,1.0,4.4,1.2546972214084067e-06,1.9098842455955536e-07
5,5,1.0,4.45,1.2642061760775622e-06,1.8937218767326565e-07
5,5,1.0,4.5,1.273634663711581e-06,1.877693631499781e-07
5,5,1.0,4.55,1.282983298001662e-06,1.861776756547923e-07
5,5,1.0,4.6,1.2922525791998548e-06,1.8459486426104232e-07
5,5,1.0,4.65,1.301442895030602e-06,1.830186900052963e-07
5,5,1.0,4.7,1.3105545219665346e-06,1.8144694290384575e-07
5,5,1.0,4.75,1.3195876268420808e-06,1.7987744845311877e-07
5,5,1.0,4.8,1.3285422687795874e-06,1.783080736358694e-07
5,5,1.0,4.85,1.3374184014039617e-06,1.7673673245431394e-07
5,5,1.0,4.9,1.3462158753224341e-06,1.7516139101064835e-07
5,5,1.0,4.95,1.354934440847582e-06,1.7358007215468597e-07
5,5,1.0,5.0,1.3635737509421798e-06,1.71990859717549e-07
5,5,2.0,0.0,1.5302602605512633e-09,9.923509595552285e-08
5,5,2.0,0.05,2.762343591062837e-08,1.3043589755411364e-06
5,5,2.0,0.1,1.572343144645867e-07,3.701385132468426e-06
5,5,2.0,0.15,3.48213624557179e-07,3.482644330999284e-06
5,5,2.0,0.2,4.873172664806508e-07,2.110161709233388e-06
5,5,2.0,0.25,5.68882922589991e-07,1.2582553416035317e-06
5,5,2.0,0.3,6.213926705571485e-07,8.996541184832575e-07
5,5,2.0,0.35,6.626799135698331e-07,7.757545038447734e-07
5,5,2.0,0.4,7.004897060110797e-07,7.457965169722329e-07
5,5,2.0,0.45,7.378324927287563e-07,7.513099206108405e-07
5,5,2.0,0.5,7.758305827458559e-07,7.698356030946091e-07
5,5,2.0,0.55,8.148896796107901e-07,7.929351365566294e-07
5,5,2.0,0.6,8.551463529352893e-07,8.174277978393569e-07
5,5,2.0,0.65,8.966347573962224e-07,8.420796390569419e-07
5,5,2.0,0.7,9.393482489886206e-07,8.663753120282921e-07
5,5,2.0,0.75,9.832621537808382e-07,8.900658965065235e-07
5,5,2.0,0.8,1.0283422648502317e-06,9.130032746925121e-07
5,5,2.0,0.85,1.0745481258303356e-06,9.350799142624986e-07
5,5,2.0,0.9,1.1218344295926896e-06,9.562073228550246e-07
5,5,2.0,0.95,1.17015175134928e-06,9.76308629751283e-07
5,5,2.0,1.0,1.219447060007841e-06,9.95316274159734e-07
5,5,2.0,1.05,1.2696641666312849e-06,1.0131714849108702e-06
5,5,2.0,1.1,1.3207441641024745e-06,1.0298243327103183e-06
5,5,2.0,1.15,1.3726258735844304e-06,1.0452339070754101e-06
5,5,2.0,1.2,1.4252462992451528e-06,1.0593684546580488e-06
5,5,2.0,1.25,1.4785410876292218e-06,1.0722054217534527e-06
5,5,2.0,1.3,1.5324449863673297e-06,1.0837313843064068e-06
5,5,2.0,1.35,1.5868922965459638e-06,1.0939418649938558e-06
5,5,2.0,1.4,1.641817313238896e-06,1.102841044095388e-06
5,5,2.0,1.45,1.6971547491352327e-06,1.110441374379581e-06
5,5,2.0,1.5,1.7528401367622427e-06,1.1167631121432899e-06
5,5,2.0,1.55,1.808810205437388e-06,1.1218337775913694e-06
5,5,2.0,1.6,1.865003229757209e-06,1.1256875582208506e-06
5,5,2.0,1.65,1.9213593471162506e-06,1.1283646689094112e-06
5,5,2.0,1.7,1.9778208424277833e-06,1.1299106820793526e-06
5,5,2.0,1.75,2.034332398871595e-06,1.1303758406777376e-06
5,5,2.0,1.8,2.0908413141107547e-06,1.1298143658393265e-06
5,5,2.0,1.85,2.147297681985709e-06,1.1282837700368464e-06
5,5,2.0,1.9,2.203654540206218e-06,1.125844185328115e-06
5,5,2.0,1.95,2.259867985009238e-06,1.122557715031442e-06
5,5,2.0,2.0,2.31589725413522e-06,1.118487815846451e-06
5,5,2.0,2.05,2.3717047797931678e-06,1.1136987161274533e-06
5,5,2.0,2.1,2.4272562135381805e-06,1.1082548747448565e-06
5,5,2.0,2.15,2.4825204251764728e-06,1.1022204837649752e-06
5,5,2.0,2.2,2.5374694779460545e-06,1.0956590170615743e-06
5,5,2.0,2.25,2.5920785823011267e-06,1.088632825958951e-06
5,5,2.0,2.3,2.6463260306603225e-06,1.0812027821063582e-06
5,5,2.0,2.35,2.7001931154689125e-06,1.0734279670019766e-06
5,5,2.0,2.4,2.7536640328784913e-06,1.0653654069221532e-06
5,5,2.0,2.45,2.8067257742722697e-06,1.0570698514661197e-06
5,5,2.0,2.5,2.859368007762162e-06,1.048593593491219e-06
5,5,2.0,2.55,2.9115829516647784e-06,1.0399863278825997e-06
5,5,2.0,2.6,2.9633652418290503e-06,1.0312950463644014e-06
5,5,2.0,2.65,3.014711794544176e-06,1.0225639654068915e-06
5,5,2.0,2.7,3.0656216666074297e-06,1.0138344842059417e-06
5,5,2.0,2.75,3.1160959139794848e-06,1.0051451696966177e-06
5,5,2.0,2.8,3.1661374503035522e-06,9.965317656016874e-07
5,5,2.0,2.85,3.2157509064169716e-06,9.880272225990011e-07
5,5,2.0,2.9,3.264942491840316e-06,9.796617468095971e-07
5,5,2.0,2.95,3.3137198590936834e-06,9.714628639536217e-07
5,5,2.0,3.0,3.3620919715598724e-06,9.634554966853785e-07
5,5,2.0,3.05,3.4100689754956197e-06,9.556620527970013e-07
5,5,2.0,3.1,3.4576620766798316e-06,9.481025221653882e-07
5,5,2.0,3.15,3.5048834220871282e-06,9.407945805058143e-07
5,5,2.0,3.2,3.5517459868823013e-06,9.337536981831722e-07
5,5,2.0,3.25,3.5982634669489934e-06,9.269932525156858e-07
5,5,2.0,3.3,3.6444501770913017e-06,9.205246421828856e-07
5,5,2.0,3.35,3.690320954982919e-06,9.14357402518993e-07
5,5,2.0,3.4,3.7358910708805633e-06,9.084993206316915e-07
5,5,2.0,3.45,3.7811761430696687e-06,9.029565494350498e-07
5,5,2.0,3.5,3.82619205896824e-06,8.977337198227262e-07
5,5,2.0,3.55,3.8709549017791565e-06,8.928340503335506e-07
5,5,2.0,3.6,3.915480882551637e-06,8.882594537761175e-07
5,5,2.0,3.65,3.959786277488832e-06,8.840106403824692e-07
5,5,2.0,3.7,4.003887370318981e-06,8.80087217153482e-07
5,5,2.0,3.75,4.047800399533536e-06,8.764877831408824e-07
5,5,2.0,3.8,4.091541510283278e-06,8.732100204831825e-07
5,5,2.0,3.85,4.135126710717964e-06,8.70250781076563e-07
5,5,2.0,3.9,4.178571832548779e-06,8.676061688164074e-07
5,5,2.0,3.95,4.221892495611501e-06,8.6527161739266e-07
5,5,2.0,4.0,4.265104076209206e-06,8.632419636624015e-07
5,5,2.0,4.05,4.308221679013493e-06,8.61511516656582e-07
5,5,2.0,4.1,4.3512601123091385e-06,8.60074122306244e-07
5,5,2.0,4.15,4.394233866370082e-06,8.589232239962301e-07
5,5,2.0,4.2,4.437157094761323e-06,8.580519190727368e-07
5,5,2.0,4.25,4.480043598367959e-06,8.574530114454513e-07
5,5,2.0,4.3,4.522906811960015e-06,8.571190604357579e-07
5,5,2.0,4.35,4.5657597931088985e-06,8.570424260301063e-07
5,5,2.0,4.4,4.608615213280211e-06,8.572153107028139e-07
5,5,2.0,4.45,4.651485350935372e-06,8.576297979752498e-07
5,5,2.0,4.5,4.694382086483043e-06,8.582778878791819e-07
5,5,2.0,4.55,4.737316898930014e-06,8.591515294913928e-07
5,5,2.0,4.6,4.780300864088731e-06,8.602426507043163e-07
5,5,2.0,4.65,4.823344654207858e-06,8.615431853944202e-07
5,5,2.0,4.7,4.8664585388994965e-06,8.630450981457467e-07
5,5,2.0,4.75,4.9096523872445485e-06,8.647404066812523e-07
5,5,2.0,4.8,4.952935670965427e-06,8.666212021491042e-07
5,5,2.0,4.85,4.9963174685624385e-06,8.686796674053726e-07
5,5,2.0,4.9,5.0398064703170745e-06,8.709080934283956e-07
5,5,2.0,4.95,5.08341098407208e-06,8.732988939938682e-07
5,5,2.0,5.0,5.12713894170408e-06,8.758446187332519e-07
5,5,3.0,0.0,1.3189002075414153e-09,8.507366822831625e-08
5,5,3.0,0.05,2.8750820899666886e-08,1.5475694357282565e-06
5,5,3.0,0.1,2.267491100630756e-07,6.586611607099503e-06
5,5,3.0,0.15,6.121614055350157e-07,7.6898171417128e-06
5,5,3.0,0.2,9.293493581935831e-07,4.875500201910216e-06
5,5,3.0,0.25,1.113909019690392e-06,2.7383457357867683e-06
5,5,3.0,0.3,1.223019497105618e-06,1.7723208159926034e-06
5,5,3.0,0.35,1.3010827180316978e-06,1.4131180369951522e-06
5,5,3.0,0.4,1.3683482027514303e-06,1.3017067597307074e-06
5,5,3.0,0.45,1.4327643827623648e-06,1.2838563702588787e-06
5,5,3.0,0.5,1.4972820659970633e-06,1.3000158520329157e-06
5,5,3.0,0.55,1.5629548352986277e-06,1.3279224116832855e-06
5,5,3.0,0.6,1.6301293925285985e-06,1.3592866612472837e-06
5,5,3.0,0.65,1.6988878832481425e-06,1.3909697715980991e-06
5,5,3.0,0.7,1.7692105304540952e-06,1.4217231513974549e-06
5,5,3.0,0.75,1.8410353682185015e-06,1.4509944828231151e-06
5,5,3.0,0.8,1.9142803739296922e-06,1.4784926329468874e-06
5,5,3.0,0.85,1.9888519278241312e-06,1.5040300049383396e-06
5,5,3.0,0.9,2.0646483378032223e-06,1.5274660446589938e-06
5,5,3.0,0.95,2.1415616111391228e-06,1.5486874922101222e-06
5,5,3.0,1.0,2.219478625338861e-06,1.5676018638259496e-06
5,5,3.0,1.05,2.2982821096615017e-06,1.584135581008586e-06
5,5,3.0,1.1,2.3778515783792933e-06,1.5982336136301413e-06
5,5,3.0,1.15,2.458064258182491e-06,1.609859494362663e-06
5,5,3.0,1.2,2.538796016223049e-06,1.61899529121441e-06
5,5,3.0,1.25,2.619922282463074e-06,1.6256413946091672e-06
5,5,3.0,1.3,2.7013189557617902e-06,1.62981607731186e-06
5,5,3.0,1.35,2.782863282204573e-06,1.6315548257983638e-06
5,5,3.0,1.4,2.8644346945966254e-06,1.630909458978359e-06
5,5,3.0,1.45,2.945915603069813e-06,1.6279470584866875e-06
5,5,3.0,1.5,3.027192128082981e-06,1.622748739129994e-06
5,5,3.0,1.55,3.1081547685887883e-06,1.6154082903554998e-06
5,5,3.0,1.6,3.18869899971085e-06,1.6060307205100508e-06
5,5,3.0,1.65,3.2687257958636414e-06,1.5947307354910978e-06
5,5,3.0,1.7,3.34814207680449e-06,1.5816311823433898e-06
5,5,3.0,1.75,3.4268610755928546e-06,1.5668614865765487e-06
5,5,3.0,1.8,3.5048026288147962e-06,1.550556109615578e-06
5,5,3.0,1.85,3.581893390680634e-06,1.5328530499856914e-06
5,5,3.0,1.9,3.6580669737094787e-06,1.51389240872044e-06
5,5,3.0,1.95,3.7332640196544807e-06,1.4938150361898043e-06
5,5,3.0,2.0,3.8074322051009295e-06,1.4727612742028608e-06
5,5,3.0,2.05,3.880526186777733e-06,1.4508698039422388e-06
5,5,3.0,2.1,3.952507492072049e-06,1.4282766071321821e-06
5,5,3.0,2.15,4.023344360531866e-06,1.405114044894476e-06
5,5,3.0,2.2,4.093011542295475e-06,1.3815100560625482e-06
5,5,3.0,2.25,4.161490059415024e-06,1.3575874743409274e-06
5,5,3.0,2.3,4.228766935957222e-06,1.3334634616356306e-06
5,5,3.0,2.35,4.294834902586389e-06,1.3092490531501885e-06
5,5,3.0,2.4,4.359692081077594e-06,1.285048808437601e-06
5,5,3.0,2.45,4.423341653889863e-06,1.260960561508685e-06
5,5,3.0,2.5,4.485791523561792e-06,1.2370752623006703e-06
5,5,3.0,2.55,4.547053966294268e-06,1.2134769012824777e-06
5,5,3.0,2.6,4.607145283664722e-06,1.1902425086848432e-06
5,5,3.0,2.65,4.666085455989611e-06,1.1674422197640629e-06
5,5,3.0,2.7,4.723897800423285e-06,1.1451393976061494e-06
5,5,3.0,2.75,4.78060863646346e-06,1.1233908052231154e-06
5,5,3.0,2.8,4.8362469611282475e-06,1.1022468190549834e-06
5,5,3.0,2.85,4.890844135687725e-06,1.081751676443719e-06
5,5,3.0,2.9,4.944433585473171e-06,1.0619437501629338e-06
5,5,3.0,2.95,4.997050513955831e-06,1.0428558436486553e-06
5,5,3.0,3.0,5.048731631982885e-06,1.0245155011621644e-06
5,5,3.0,3.05,5.099514902786154e-06,1.0069453277102535e-06
5,5,3.0,3.1,5.149439303133878e-06,9.90163314137002e-07
5,5,3.0,3.15,5.1985446007818515e-06,9.741831633742898e-07
5,5,3.0,3.2,5.246871148192206e-06,9.590146143865794e-07
5,5,3.0,3.25,5.294459692330006e-06,9.446637608634933e-07
5,5,3.0,3.3,5.341351200210416e-06,9.311333621957075e-07
5,5,3.0,3.35,5.387586699759157e-06,9.184231447142756e-07
5,5,3.0,3.4,5.43320713545666e-06,9.065300915777429e-07
5,5,3.0,3.45,5.478253238166298e-06,8.954487200562437e-07
5,5,3.0,3.5,5.522765408491896e-06,8.8517134528665e-07
5,5,3.0,3.55,5.5667836129705296e-06,8.756883298595424e-07
5,5,3.0,3.6,5.610347292382282e-06,8.66988318849355e-07
5,5,3.0,3.65,5.653495281443354e-06,8.590584601146944e-07
5,5,3.0,3.7,5.69626573914593e-06,8.518846098801673e-07
5,5,3.0,3.75,5.738696089012365e-06,8.454515237657107e-07
5,5,3.0,3.8,5.78082296854282e-06,8.397430335575982e-07
5,5,3.0,3.85,5.8226821871531216e-06,8.347422101193518e-07
5,5,3.0,3.9,5.86430869192168e-06,8.3043151292352e-07
5,5,3.0,3.95,5.905736540489637e-06,8.267929267488538e-07
5,5,3.0,4.0,5.9469988804870695e-06,8.238080861345204e-07
5,5,3.0,4.05,5.988127934889289e-06,8.214583882157378e-07
5,5,3.0,4.1,6.0291549927372355e-06,8.197250945850937e-07
5,5,3.0,4.15,6.070110404690819e-06,8.185894228339342e-07
5,5,3.0,4.2,6.1110235829143244e-06,8.180326284284579e-07
5,5,3.0,4.25,6.151923004828241e-06,8.180360775690827e-07
5,5,3.0,4.3,6.1928362202912285e-06,8.18581311668531e-07
5,5,3.0,4.35,6.233789861809938e-06,8.196501040670745e-07
5,5,3.0,4.4,6.2748096574025704e-06,8.212245095818041e-07
5,5,3.0,4.45,6.315920445773105e-06,8.232869074629109e-07
5,5,3.0,4.5,6.357146193479686e-06,8.2582003830359e-07
5,5,3.0,4.55,6.398510013808339e-06,8.2880703542265e-07
5,5,3.0,4.6,6.44003418708792e-06,8.322314512103974e-07
5,5,3.0,4.65,6.481740182206094e-06,8.360772788994932e-07
5,5,3.0,4.7,6.523648679108608e-06,8.403289701935934e-07
5,5,3.0,4.75,6.565779592084816e-06,8.449714491581935e-07
5,5,3.0,4.8,6.6081520936623004e-06,8.499901227501204e-07
5,5,3.0,4.85,6.650784638951107e-06,8.553708883349823e-07
5,5,3.0,4.9,6.693694990295738e-06,8.611001385159866e-07
5,5,3.0,4.95,6.736900242107195e-06,8.671647635722134e-07
5,5,3.0,5.0,6.780416845762934e-06,8.735521517808168e-07
5,5,4.0,0.0,1.3272663474298696e-09,8.16717022462991e-08
5,5,4.0,0.05,3.1297588608262566e-08,1.856244210750317e-06
5,5,4.0,0.1,3.419185298497972e-07,1.205981319534737e-05
5,5,4.0,0.15,1.168757773690608e-06,1.841816948299747e-05
5,5,4.0,0.2,1.967339095131318e-06,1.26360011476677e-05
5,5,4.0,0.25,2.4390654638809137e-06,6.751551632332192e-06
5,5,4.0,0.3,2.6942885098818887e-06,3.870586848737997e-06
5,5,4.0,0.35,2.854997595378964e-06,2.743831949468536e-06
5,5,4.0,0.4,2.980616212234131e-06,2.353073761725619e-06
5,5,4.0,0.45,3.094807009531996e-06,2.2410853663876735e-06
5,5,4.0,0.5,3.2063546728293785e-06,2.2302394299806173e-06
5,5,4.0,0.55,3.3183963670216797e-06,2.2545570551103525e-06
5,5,4.0,0.6,3.4319850703593823e-06,2.289807882223385e-06
5,5,4.0,0.65,3.5474074181131036e-06,2.3270385347235763e-06
5,5,4.0,0.7,3.6646642774088007e-06,2.3628501544933447e-06
5,5,4.0,0.75,3.783645475454122e-06,2.3958663655152663e-06
5,5,4.0,0.8,3.90419366793834e-06,2.4254563382384136e-06
5,5,4.0,0.85,4.026128192590638e-06,2.451274991468333e-06
5,5,4.0,0.9,4.149254548736373e-06,2.4730985233422525e-06
5,5,4.0,0.95,4.273368760536879e-06,2.4907663928470486e-06
5,5,4.0,1.0,4.398259954131107e-06,2.504161445967698e-06
5,5,4.0,1.05,4.523712335570219e-06,2.513203489632755e-06
5,5,4.0,1.1,4.649506981464528e-06,2.517847383177664e-06
5,5,4.0,1.15,4.775423574063662e-06,2.5180824200378787e-06
5,5,4.0,1.2,4.901242111387977e-06,2.513931839830885e-06
5,5,4.0,1.25,5.026744586991929e-06,2.5054520653302904e-06
5,5,4.0,1.3,5.151716621781517e-06,2.4927315385752613e-06
5,5,4.0,1.35,5.275949027117271e-06,2.475889137956287e-06
5,5,4.0,1.4,5.3992392787892e-06,2.4550722025011455e-06
5,5,4.0,1.45,5.521392883329235e-06,2.4304542099031524e-06
5,5,4.0,1.5,5.642224620738765e-06,2.402232165126642e-06
5,5,4.0,1.55,5.761559650699045e-06,2.3706237617362786e-06
5,5,4.0,1.6,5.8792344725053476e-06,2.335864380287043e-06
5,5,4.0,1.65,5.995097732187059e-06,2.298203987958993e-06
5,5,4.0,1.7,6.109010873441058e-06,2.257904001527745e-06
5,5,4.0,1.75,6.220848632022897e-06,2.2152341720596276e-06
5,5,4.0,1.8,6.330499376039493e-06,2.170469544699931e-06
5,5,4.0,1.85,6.437865297108883e-06,2.123887540900649e-06
5,5,4.0,1.9,6.5428624595525195e-06,2.0757652037025547e-06
5,5,4.0,1.95,6.645420716641532e-06,2.0263766395490123e-06
5,5,4.0,2.0,6.74548350440696e-06,1.97599068283073e-06
5,5,4.0,2.05,6.843007524657257e-06,1.924868802187909e-06
5,5,4.0,2.1,6.937962329621479e-06,1.8732632607357706e-06
5,5,4.0,2.15,7.030329821085136e-06,1.821415535999465e-06
5,5,4.0,2.2,7.120103677027079e-06,1.7695549995724692e-06
5,5,4.0,2.25,7.207288718636021e-06,1.7178978514377708e-06
5,5,4.0,2.3,7.291900230222903e-06,1.6666462995658163e-06
5,5,4.0,2.35,7.373963243981351e-06,1.6159879718446299e-06
5,5,4.0,2.4,7.4535118008295505e-06,1.5660955445983594e-06
5,5,4.0,2.45,7.530588197725697e-06,1.517126569876809e-06
5,5,4.0,2.5,7.605242230918354e-06,1.469223482299545e-06
5,5,4.0,2.55,7.677530443612001e-06,1.422513765451055e-06
5,5,4.0,2.6,7.747515385519774e-06,1.377110257575474e-06
5,5,4.0,2.65,7.81526489076416e-06,1.3331115765331148e-06
5,5,4.0,2.7,7.880851379600767e-06,1.2906026445809403e-06
5,5,4.0,2.75,7.944351188488755e-06,1.2496552944473845e-06
5,5,4.0,2.8,8.005843932132065e-06,1.2103289393185612e-06
5,5,4.0,2.85,8.06541190028034e-06,1.1726712906716557e-06
5,5,4.0,2.9,8.123139491310042e-06,1.1367191093232865e-06
5,5,4.0,2.95,8.17911268391108e-06,1.1024989765539842e-06
5,5,4.0,3.0,8.233418547586401e-06,1.0700280736815233e-06
5,5,4.0,3.05,8.286144792127356e-06,1.0393149599481387e-06
5,5,4.0,3.1,8.337379355756985e-06,1.0103603400310935e-06
5,5,4.0,3.15,8.387210031234642e-06,9.83157813859515e-07
5,5,4.0,3.2,8.435724128880607e-06,9.576946027062462e-07
5,5,4.0,3.25,8.48300817520885e-06,9.339522467099041e-07
5,5,4.0,3.3,8.52914764564157e-06,9.11907270063023e-07
5,5,4.0,3.35,8.57422672961406e-06,8.915318110728176e-07
5,5,4.0,3.4,8.618328126263237e-06,8.727942151632245e-07
5,5,4.0,3.45,8.661532868813253e-06,8.556595896413795e-07
5,5,4.0,3.5,8.70392017573171e-06,8.400903197041447e-07
5,5,4.0,3.55,8.745567326716853e-06,8.260465457160876e-07
5,5,4.0,3.6,8.786549561589773e-06,8.134866022561009e-07
5,5,4.0,3.65,8.826940000200782e-06,8.023674198134874e-07
5,5,4.0,3.7,8.866809581511368e-06,7.926448903233042e-07
5,5,4.0,3.75,8.906227020077847e-06,7.84274197972766e-07
5,5,4.0,3.8,8.945258778241064e-06,7.772101168937461e-07
5,5,4.0,3.85,8.983969052408259e-06,7.714072774872915e-07
5,5,4.0,3.9,9.022419771905735e-06,7.668204032129025e-07
5,5,4.0,3.95,9.060670608971279e-06,7.634045197231628e-07
5,5,4.0,4.0,9.098778998551671e-06,7.61115138240377e-07
5,5,4.0,4.05,9.136800166664246e-06,7.599084150607271e-07
5,5,4.0,4.1,9.174787166175874e-06,7.59741289038637e-07
5,5,4.0,4.15,9.212790918942838e-06,7.605715988532932e-07
5,5,4.0,4.2,9.250860263345344e-06,7.623581817951207e-07
5,5,4.0,4.25,9.289042006334045e-06,7.650609557350472e-07
5,5,4.0,4.3,9.327380979187575e-06,7.686409858571726e-07
5,5,4.0,4.35,9.36592009625742e-06,7.730605376481034e-07
5,5,4.0,4.4,9.404700416047627e-06,7.782831175456883e-07
5,5,4.0,4.45,9.443761204046479e-06,7.842735025584997e-07
5,5,4.0,4.5,9.483139996788363e-06,7.909977600757093e-07
5,5,4.0,4.55,9.522872666685326e-06,7.984232589972038e-07
5,5,4.0,4.6,9.562993487219564e-06,8.065186732257339e-07
5,5,4.0,4.65,9.603535198139734e-06,8.152539784782652e-07
5,5,4.0,4.7,9.644529070349322e-06,8.246004432923057e-07
5,5,4.0,4.75,9.68600497021707e-06,8.345306150257222e-07
5,5,4.0,4.8,9.72799142307719e-06,8.450183015752652e-07
5,5,4.0,4.85,9.770515675722602e-06,8.560385494703282e-07
5,5,4.0,4.9,9.813603757724538e-06,8.67567618933892e-07
5,5,4.0,4.95,9.857280541440604e-06,8.79582956442663e-07
5,5,4.0,5.0,9.90156980059852e-06,8.920631652626761e-07
5,5,5.0,0.0,1.3585814996793707e-09,7.670151018992299e-08
5,5,5.0,0.05,3.07868334590477e-08,1.939869130240483e-06
5,5,5.0,0.1,4.5457479097478477e-07,1.9112341004528613e-05
5,5,5.0,0.15,2.0500277525622255e-06,4.055706525741377e-05
5,5,5.0,0.2,3.948635801877748e-06,3.172301938836377e-05
5,5,5.0,0.25,5.1387676127572395e-06,1.6774721041070515e-05
5,5,5.0,0.3,5.747429209800867e-06,8.666273485516878e-06
5,5,5.0,0.35,6.08511875358705e-06,5.369421908544908e-06
5,5,5.0,0.4,6.318605225160198e-06,4.178166650158603e-06
5,5,5.0,0.45,6.515942854907703e-06,3.7920748772479624e-06
5,5,5.0,0.5,6.702535345142417e-06,3.6990314423064485e-06
5,5,5.0,0.55,6.887507105038706e-06,3.709234489438897e-06
5,5,5.0,0.6,7.074006446275588e-06,3.753593799753449e-06
5,5,5.0,0.65,7.263008764678015e-06,3.806957035134873e-06
5,5,5.0,0.7,7.4546943271482835e-06,3.86001918558164e-06
5,5,5.0,0.75,7.648944718609157e-06,3.909184538155147e-06
5,5,5.0,0.8,7.845522024128982e-06,3.952927231641631e-06
5,5,5.0,0.85,8.044134275698456e-06,3.9904890772479835e-06
5,5,5.0,0.9,8.244460275464887e-06,4.0214158621188755e-06
5,5,5.0,0.95,8.446160005102011e-06,4.045393920380495e-06
5,5,5.0,1.0,8.648879996573577e-06,4.06219387706461e-06
5,5,5.0,1.05,8.852257000311975e-06,4.0716522908775395e-06
5,5,5.0,1.1,9.055921119769097e-06,4.073666327857625e-06
5,5,5.0,1.15,9.259498803006256e-06,4.068192528122417e-06
5,5,5.0,1.2,9.462615802142557e-06,4.055246451347034e-06
5,5,5.0,1.25,9.66490011099322e-06,4.034902052412655e-06
5,5,5.0,1.3,9.86598485575314e-06,4.0072903936099805e-06
5,5,5.0,1.35,1.006551110211998e-05,3.972597584233264e-06
5,5,5.0,1.4,1.0263130540057952e-05,3.9310619529630176e-06
5,5,5.0,1.45,1.0458508009125914e-05,3.882970510322602e-06
5,5,5.0,1.5,1.0651323830902754e-05,3.828654785798437e-06
5,5,5.0,1.55,1.0841275919709332e-05,3.768486140335931e-06
5,5,5.0,1.6,1.10280816481257e-05,3.702870664591132e-06
5,5,5.0,1.65,1.1211479449461476e-05,3.6322437782138342e-06
5,5,5.0,1.7,1.1391230145139416e-05,3.5570646463041734e-06
5,5,5.0,1.75,1.1567117990703782e-05,3.477810526485977e-06
5,5,5.0,1.8,1.1738951439706561e-05,3.394971154228515e-06
5,5,5.0,1.85,1.190656362990208e-05,3.3090432656006265e-06
5,5,5.0,1.9,1.2069812600887128e-05,3.220525346106895e-06
5,5,5.0,1.95,1.2228581256456157e-05,3.1299126821731568e-06
5,5,5.0,2.0,1.2382777088447844e-05,3.0376927787822747e-06
5,5,5.0,2.05,1.2532331681697496e-05,2.944341193237249e-06
5,5,5.0,2.1,1.2677200021867346e-05,2.850317821534147e-06
5,5,5.0,2.15,1.2817359629426481e-05,2.7560636607863033e-06
5,5,5.0,2.2,1.2952809543909909e-05,2.661998058905825e-06
5,5,5.0,2.25,1.3083569182866886e-05,2.56851645160056e-06
5,5,5.0,2.3,1.3209677099655183e-05,2.4759885768813883e-06
5,5,5.0,2.35,1.333118966353516e-05,2.384757148827924e-06
5,5,5.0,2.4,1.3448179684419793e-05,2.2951369653860713e-06
5,5,5.0,2.45,1.3560735003235255e-05,2.2074144194730037e-06
5,5,5.0,2.5,1.3668957067200729e-05,2.1218473785916282e-06
5,5,5.0,2.55,1.3772959507524254e-05,2.0386653954199577e-06
5,5,5.0,2.6,1.3872866735089904e-05,1.9580702103213686e-06
5,5,5.0,2.65,1.3968812567746136e-05,1.8802365062808464e-06
5,5,5.0,2.7,1.4060938900835853e-05,1.8053128772588142e-06
5,5,5.0,2.75,1.414939443069042e-05,1.7334229722143253e-06
5,5,5.0,2.8,1.4234333438964451e-05,1.6646667789300124e-06
5,5,5.0,2.85,1.4315914643953211e-05,1.5991220141276545e-06
5,5,5.0,2.9,1.4394300123425533e-05,1.5368455890613438e-06
5,5,5.0,2.95,1.4469654312035681e-05,1.4778751226938784e-06
5,5,5.0,3.0,1.4542143075059074e-05,1.4222304775955485e-06
5,5,5.0,3.05,1.4611932859031043e-05,1.3699152967631178e-06
5,5,5.0,3.1,1.4679189918851409e-05,1.320918522564384e-06
5,5,5.0,3.15,1.4744079620052342e-05,1.2752158819121653e-06
5,5,5.0,3.2,1.4806765814201646e-05,1.2327713245134013e-06
5,5,5.0,3.25,1.4867410284818804e-05,1.1935384035911246e-06
5,5,5.0,3.3,1.4926172260712932e-05,1.1574615908173514e-06
5,5,5.0,3.35,1.498320799328964e-05,1.1244775193094494e-06
5,5,5.0,3.4,1.5038670394117749e-05,1.094516150427647e-06
5,5,5.0,3.45,1.509270872887289e-05,1.0675018617666993e-06
5,5,5.0,3.5,1.5145468363683467e-05,1.0433544551693476e-06
5,5,5.0,3.55,1.519709055987666e-05,1.0219900848112561e-06
5,5,5.0,3.6,1.524771231315155e-05,1.0033221064323596e-06
5,5,5.0,3.65,1.5297466233279332e-05,9.87261849631188e-07
5,5,5.0,3.7,1.534648046054968e-05,9.737193158156622e-07
5,5,5.0,3.75,1.5394878615318052e-05,9.626038049303055e-07
5,5,5.0,3.8,1.5442779777183334e-05,9.538244744754412e-07
5,5,5.0,3.85,1.5490298490500704e-05,9.472908346130209e-07
5,5,5.0,3.9,1.5537544793135873e-05,9.429131833332485e-07
5,5,5.0,3.95,1.5584624265562134e-05,9.406029857502058e-07
5,5,5.0,4.0,1.563163809761302e-05,9.402732016173443e-07
5,5,5.0,4.05,1.567868317039824e-05,9.418385651164727e-07
5,5,5.0,4.1,1.5725852151100957e-05,9.452158208891455e-07
5,5,5.0,4.15,1.5773233598561863e-05,9.503239201559155e-07
5,5,5.0,4.2,1.582091207774912e-05,9.570841806160067e-07
5,5,5.0,4.25,1.5868968281391507e-05,9.654204136453253e-07
5,5,5.0,4.3,1.591747915722335e-05,9.752590221203822e-07
5,5,5.0,4.35,1.5966518039452497e-05,9.86529071995824e-07
5,5,5.0,4.4,1.6016154783211568e-05,9.991623405576688e-07
5,5,5.0,4.45,1.6066455900896067e-05,1.0130933440681657e-06
5,5,5.0,4.5,1.611748469942284e-05,1.0282593473131068e-06
5,5,5.0,4.55,1.616930141756089e-05,1.0446003573619095e-06
5,5,5.0,4.6,1.6221963362601005e-05,1.0620591036569259e-06
5,5,5.0,4.65,1.6275525045727828e-05,1.080581006361626e-06
5,5,5.0,4.7,1.6330038315553697e-05,1.1001141347202373e-06
5,5,5.0,4.75,1.6385552489352787e-05,1.120609157013173e-06
5,5,5.0,4.8,1.644211448161448e-05,1.1420192835351736e-06
5,5,5.0,4.85,1.6499768929596372e-05,1.1643002038753141e-06
5,5,5.0,4.9,1.6558558315624984e-05,1.187410019641323e-06
5,5,5.0,4.95,1.661852308593783e-05,1.2113091736434008e-06
5,5,5.0,5.0,1.667970176591762e-05,1.2359603764363217e-06
10,5,0.0,0.0,3.9801698245045825e-11,2.289123963392802e-09
10,5,0.0,0.05,3.884064307375475e-10,1.2820010550922711e-08
10,5,0.0,0.1,1.21285114322069e-09,1.7507297882742484e-08
10,5,0.0,0.15,1.9471686945159497e-09,1.1245220545159131e-08
10,5,0.0,0.2,2.357141588967769e-09,5.694100316713227e-09
10,5,0.0,0.25,2.566530086620747e-09,3.063852918449187e-09
10,5,0.0,0.3,2.6897764730475617e-09,2.0326413042168192e-09
10,5,0.0,0.35,2.7804004342953406e-09,1.655817999963161e-09
10,5,0.0,0.4,2.8592936169427197e-09,1.5229066823376264e-09
10,5,0.0,0.45,2.9340937407865845e-09,1.4771213747337928e-09
10,5,0.0,0.5,3.0074826063807766e-09,1.4610333850767714e-09
10,5,0.0,0.55,3.0803400899325495e-09,1.4539183759053674e-09
10,5,0.0,0.6,3.152897896671947e-09,1.4483517574922662e-09
10,5,0.0,0.65,3.225156342375282e-09,1.4417006882208853e-09
10,5,0.0,0.7,3.297034502491522e-09,1.4330603991791977e-09
10,5,0.0,0.75,3.36842450698082e-09,1.4221545306140127e-09
10,5,0.0,0.8,3.4392114408435037e-09,1.4089405329914391e-09
10,5,0.0,0.85,3.5092808913658445e-09,1.3934676270189754e-09
10,5,0.0,0.9,3.578522032382616e-09,1.3758250999517194e-09
10,5,0.0,0.95,3.6468290660765195e-09,1.356122864896238e-09
10,5,0.0,1.0,3.714102028915568e-09,1.3344835223441828e-09
10,5,0.0,1.05,3.780247320394202e-09,1.311038518681253e-09
10,5,0.0,1.1,3.845178082512836e-09,1.285925772773796e-09
10,5,0.0,1.15,3.90881447633525e-09,1.2592878477461655e-09
10,5,0.0,1.2,3.9710838735851865e-09,1.231270352768345e-09
10,5,0.0,1.25,4.031920971781305e-09,1.2020204746508443e-09
10,5,0.0,1.3,4.091267838591282e-09,1.1716856136371402e-09
10,5,0.0,1.35,4.149073890535392e-09,1.1404121222438924e-09
10,5,0.0,1.4,4.205295811318918e-09,1.1083441526204151e-09
10,5,0.0,1.45,4.259897415369974e-09,1.0756226182581511e-09
10,5,0.0,1.5,4.312849462411555e-09,1.0423842741605699e-09
10,5,0.0,1.55,4.364129429046493e-09,1.0087609172969658e-09
10,5,0.0,1.6,4.4137212433674495e-09,9.748787068821256e-10
10,5,0.0,1.65,4.461614988527493e-09,9.408576019536205e-10
10,5,0.0,1.7,4.5078065810357174e-09,9.068109119431737e-10
10,5,0.0,1.75,4.552297429289066e-09,8.728449544807665e-10
10,5,0.0,1.8,4.59509407753284e-09,8.390588135275006e-10
10,5,0.0,1.85,4.636207840076578e-09,8.055441900933446e-10
10,5,0.0,1.9,4.675654430187978e-09,7.723853372294724e-10
10,5,0.0,1.95,4.7134535876639466e-09,7.396590706732488e-10
10,5,0.0,2.0,4.749628708643631e-09,7.074348464251193e-10
10,5,0.0,2.05,4.784206480793413e-09,6.757748966274702e-10
10,5,0.0,2.1,4.81721652656768e-09,6.447344153589087e-10
10,5,0.0,2.15,4.848691056839679e-09,6.143617863252307e-10
10,5,0.0,2.2,4.878664536805478e-09,5.846988448906335e-10
10,5,0.0,2.25,4.90717336570076e-09,5.557811674245354e-10
10,5,0.0,2.3,4.934255571532014e-09,5.276383815165727e-10
10,5,0.0,2.35,4.959950521717518e-09,5.002944912153153e-10
10,5,0.0,2.4,4.984298650255087e-09,4.737682120575187e-10
10,5,0.0,2.45,5.007341201788598e-09,4.480733112602298e-10
10,5,0.0,2.5,5.0291199927281395e-09,4.2321894903618186e-10
10,5,0.0,2.55,5.0496771893898885e-09,3.992100175548206e-10
10,5,0.0,2.6,5.069055102963105e-09,3.7604747460039983e-10
10,5,0.0,2.65,5.087296000975291e-09,3.5372866947018006e-10
10,5,0.0,2.7,5.1044419348151535e-09,3.322476591068848e-10
10,5,0.0,2.75,5.120534582784628e-09,3.115955128691979e-10
10,5,0.0,2.8,5.135615108078461e-09,2.9176060471126174e-10
10,5,0.0,2.85,5.1497240310390545e-09,2.727288918683673e-10
10,5,0.0,2.9,5.1629011149944274e-09,2.544841794322755e-10
10,5,0.0,2.95,5.175185264964667e-09,2.3700837044806385e-10
10,5,0.0,3.0,5.186614438506717e-09,2.202817013773905e-10
10,5,0.0,3.05,5.197225567967441e-09,2.0428296295367957e-10
10,5,0.0,3.1,5.2070544934174455e-09,1.88989706604964e-10
10,5,0.0,3.15,5.216135905551019e-09,1.7437843674376157e-10
10,5,0.0,3.2,5.2245032978555964e-09,1.6042478932256502e-10
10,5,0.0,3.25,5.232188927375475e-09,1.4710369713134325e-10
10,5,0.0,3.3,5.239223783419709e-09,1.343895423724034e-10
10,5,0.0,3.35,5.245637563592888e-09,1.2225629709061534e-10
10,5,0.0,3.4,5.251458656556454e-09,1.1067765206534532e-10
10,5,0.0,3.45,5.256714130958843e-09,9.962713478702289e-11
10,5,0.0,3.5,5.2614297300049084e-09,8.907821714749239e-11
10,5,0.0,3.55,5.265629871166007e-09,7.900441347125017e-11
10,5,0.0,3.6,5.269337650562287e-09,6.937936950557003e-11
10,5,0.0,3.65,5.272574851581866e-09,6.01769429730608e-11
10,5,0.0,3.7,5.275361957328527e-09,5.1371276271078085e-11
10,5,0.0,3.75,5.277718166519988e-09,4.293686188012902e-11
10,5,0.0,3.8,5.279661412485423e-09,3.4848601018561223e-11
10,5,0.0,3.85,5.281208384937628e-09,2.7081856054155127e-11
10,5,0.0,3.9,5.2823745542198685e-09,1.9612497155577207e-11
10,5,0.0,3.95,5.28317419775061e-09,1.2416943638321564e-11
10,5,0.0,4.0,5.2836204284121834e-09,5.472200431344523e-12
10,5,0.0,4.05,5.283725224648889e-09,-1.2441099376720435e-12
10,5,0.0,4.1,5.283499462060125e-09,-7.753719468148093e-12
10,5,0.0,4.15,5.282952946291996e-09,-1.4077690580253218e-11
10,5,0.0,4.2,5.2820944470459545e-09,-2.023639545914738e-11
10,5,0.0,4.25,5.280931733040972e-09,-2.6249498557541166e-11
10,5,0.0,4.3,5.2794716077766015e-09,-3.2135941988181297e-11
10,5,0.0,4.35,5.277719945959772e-09,-3.791393356044299e-11
10,5,0.0,4.4,5.275681730467986e-09,-4.3600937236524245e-11
10,5,0.0,4.45,5.273361089734164e-09,-4.9213665802861386e-11
10,5,0.0,4.5,5.2707613354454375e-09,-5.476807557103347e-11
10,5,0.0,4.55,5.267885000460482e-09,-6.027936293996146e-11
10,5,0.0,4.6,5.264733876855492e-09,-6.576196266749885e-11
10,5,0.0,4.65,5.261309054015842e-09,-7.122954771423243e-11
10,5,0.0,4.7,5.257610956700001e-09,-7.66950305364922e-11
10,5,0.0,4.75,5.2536393830039194e-09,-8.217056571784694e-11
10,5,0.0,4.8,5.249393542162994e-09,-8.766755384013603e-11
10,5,0.0,4.85,5.244872092131399e-09,-9.319664650550258e-11
10,5,0.0,4.9,5.240073176882646e-09,-9.876775243034162e-11
10,5,0.0,4.95,5.234994463380899e-09,-1.0439004454069748e-10
10,5,0.0,5.0,5.229633178173244e-09,-1.1007196800616296e-10
10,5,1.0,0.0,1.295240189084153e-09,8.093528141735785e-08
10,5,1.0,0.05,1.78332035686466e-08,7.182829541683901e-07
10,5,1.0,0.1,7.487256678405937e-08,1.4087235666056187e-06
10,5,1.0,0.15,1.4040844994913007e-07,1.103264030424472e-06
10,5,1.0,0.2,1.8307168102781182e-07,6.333878721151934e-07
10,5,1.0,0.25,2.0760484093556117e-07,3.821868953359682e-07
10,5,1.0,0.3,2.237852717744582e-07,2.8163367483179594e-07
10,5,1.0,0.35,2.3685192880333164e-07,2.4768408045316044e-07
10,5,1.0,0.4,2.4897297947120977e-07,2.3965836066034667e-07
10,5,1.0,0.45,2.6097300344929383e-07,2.412528930124496e-07
10,5,1.0,0.5,2.731538492736876e-07,2.462976276270848e-07
10,5,1.0,0.55,2.8562124982583745e-07,2.5249406325474667e-07
10,5,1.0,0.6,2.984078600751772e-07,2.5898246699895313e-07
10,5,1.0,0.65,3.115187701743297e-07,2.6543306948417915e-07
10,5,1.0,0.7,3.249482569614019e-07,2.717112175339869e-07
10,5,1.0,0.75,3.386859670847915e-07,2.7775470001986293e-07
10,5,1.0,0.8,3.5271923432260687e-07,2.8352896829633184e-07
10,5,1.0,0.85,3.670339881693629e-07,2.8901086305201203e-07
10,5,1.0,0.9,3.8161515193364576e-07,2.941827460086813e-07
10,5,1.0,0.95,3.9644685768862483e-07,2.990304126812802e-07
10,5,1.0,1.0,4.1151259660679154e-07,3.035423649795903e-07
10,5,1.0,1.05,4.2679534691972e-07,3.0770955974098186e-07
10,5,1.0,1.1,4.422776939188135e-07,3.1152531141215265e-07
10,5,1.0,1.15,4.579419463111874e-07,3.149852327016103e-07
10,5,1.0,1.2,4.737702496281374e-07,3.180871723424762e-07
10,5,1.0,1.25,4.89744696146537e-07,3.208311368053031e-07
10,5,1.0,1.3,5.058474304235729e-07,3.2321919306770344e-07
10,5,1.0,1.35,5.220607495121988e-07,3.252553533966993e-07
10,5,1.0,1.4,5.383671970146748e-07,3.2694544455093944e-07
10,5,1.0,1.45,5.547496502672981e-07,3.2829696433203e-07
10,5,1.0,1.5,5.711914001002399e-07,3.293189285493607e-07
10,5,1.0,1.55,5.876762227690418e-07,3.300217114155063e-07
10,5,1.0,1.6,6.041884438018994e-07,3.3041688224118097e-07
10,5,1.0,1.65,6.207129936449863e-07,3.30517041088155e-07
10,5,1.0,1.7,6.372354551151139e-07,3.303356557872454e-07
10,5,1.0,1.75,6.537421027823935e-07,3.2988690245059065e-07
10,5,1.0,1.8,6.702199345047267e-07,3.291855113159437e-07
10,5,1.0,1.85,6.866566954206124e-07,3.2824661946541613e-07
10,5,1.0,1.9,7.030408947763708e-07,3.2708563166966486e-07
10,5,1.0,1.95,7.193618160195327e-07,3.257180903292836e-07
10,5,1.0,2.0,7.356095206319974e-07,3.2415955522213835e-07
10,5,1.0,2.05,7.517748462059541e-07,3.2242549352373023e-07
10,5,1.0,2.1,7.678493992832084e-07,3.2053118034942424e-07
10,5,1.0,2.15,7.838255434862065e-07,3.1849160987471314e-07
10,5,1.0,2.2,7.99696383467574e-07,3.163214169228682e-07
10,5,1.0,2.25,8.154557451956838e-07,3.140348087683262e-07
10,5,1.0,2.3,8.310981530783764e-07,3.1164550678816073e-07
10,5,1.0,2.35,8.466188044060274e-07,3.091666975014395e-07
10,5,1.0,2.4,8.620135415703134e-07,3.066109924655158e-07
10,5,1.0,2.45,8.77278822487205e-07,3.0399039644733463e-07
10,5,1.0,2.5,8.924116896226131e-07,3.0131628325437894e-07
10,5,1.0,2.55,9.074097379878971e-07,2.9859937859181176e-07
10,5,1.0,2.6,9.222710824405782e-07,2.9584974930747744e-07
10,5,1.0,2.65,9.369943245938272e-07,2.9307679839254747e-07
10,5,1.0,2.7,9.515785196069479e-07,2.90289265120774e-07
10,5,1.0,2.75,9.66023143098837e-07,2.8749522973175304e-07
10,5,1.0,2.8,9.803280583973943e-07,2.847021220915742e-07
10,5,1.0,2.85,9.944934843101357e-07,2.8191673379625404e-07
10,5,1.0,2.9,1.008519963575603e-06,2.791452332182653e-07
10,5,1.0,2.95,1.0224083321309067e-06,2.7639318303297447e-07
10,5,1.0,3.0,1.0361596893086646e-06,2.7366555979913014e-07
10,5,1.0,3.05,1.0497753690561644e-06,2.7096677520480865e-07
10,5,1.0,3.1,1.0632569122509945e-06,2.683006986268369e-07
10,5,1.0,3.15,1.0766060401708943e-06,2.656706806872329e-07
10,5,1.0,3.2,1.0898246291603103e-06,2.6307957752409623e-07
10,5,1.0,3.25,1.102914686523159e-06,2.6052977552662605e-07
10,5,1.0,3.3,1.1158783276592367e-06,2.580232163140248e-07
10,5,1.0,3.35,1.12871775445164e-06,2.555614217661743e-07
10,5,1.0,3.4,1.1414352349035033e-06,2.531455189398449e-07
10,5,1.0,3.45,1.1540330840146582e-06,2.507762647279304e-07
10,5,1.0,3.5,1.1665136458822683e-06,2.4845407014083016e-07
10,5,1.0,3.55,1.1788792770039679e-06,2.4617902410862224e-07
10,5,1.0,3.6,1.1911323307572795e-06,2.439509167202256e-07
10,5,1.0,3.65,1.2032751430255551e-06,2.417692618314675e-07
10,5,1.0,3.7,1.215310018937307e-06,2.396333189878562e-07
10,5,1.0,3.75,1.227239220683707e-06,2.375421146201867e-07
10,5,1.0,3.8,1.23906495637699e-06,2.3549446248186358e-07
10,5,1.0,3.85,1.250789369911303e-06,2.3348898330622464e-07
10,5,1.0,3.9,1.2624145317866059e-06,2.315241236702676e-07
10,5,1.0,3.95,1.2739424308558056e-06,2.2959817405819094e-07
10,5,1.0,4.0,1.2853749669549899e-06,2.2770928612405755e-07
10,5,1.0,4.05,1.2967139443769023e-06,2.2585548915797522e-07
10,5,1.0,4.1,1.3079610661479282e-06,2.2403470576432375e-07
10,5,1.0,4.15,1.3191179290696364e-06,2.2224476676409396e-07
10,5,1.0,4.2,1.3301860194861914e-06,2.2048342533612322e-07
10,5,1.0,4.25,1.341166709740295e-06,2.1874837041439998e-07
10,5,1.0,4.3,1.3520612552807176e-06,2.1703723936024277e-07
10,5,1.0,4.35,1.3628707923857378e-06,2.1534762992956165e-07
10,5,1.0,4.4,1.3735963364677503e-06,2.1367711155634383e-07
10,5,1.0,4.45,1.3842387809254583e-06,2.1202323597415745e-07
10,5,1.0,4.5,1.3947988965109781e-06,2.1038354719782074e-07
10,5,1.0,4.55,1.4052773311805228e-06,2.087555908875538e-07
10,5,1.0,4.6,1.4156746103983787e-06,2.0713692311787329e-07
10,5,1.0,4.65,1.4259911378647822e-06,2.0552511857326882e-07
10,5,1.0,4.7,1.4362271966398539e-06,2.0391777819243506e-07
10,5,1.0,4.75,1.4463829506362956e-06,2.0231253628230912e-07
10,5,1.0,4.8,1.456458446454951e-06,2.0070706712273772e-07
10,5,1.0,4.85,1.4664536155384451e-06,1.9909909108201176e-07
10,5,1.0,4.9,1.4763682766185302e-06,1.974863802628313e-07
10,5,1.0,4.95,1.4862021384346615e-06,1.9586676369775335e-07
10,5,1.0,5.0,1.4959548027012468e-06,1.9423813211236805e-07
10,5,2.0,0.0,1.7512451862088342e-09,1.1364179686988324e-07
10,5,2.0,0.05,3.187018853074514e-08,1.5123229458458122e-06
10,5,2.0,0.1,1.8337495415433512e-07,4.348856983145599e-06
10,5,2.0,0.15,4.0867418045423226e-07,4.121434357859141e-06
10,5,2.0,0.2,5.735366191925456e-07,2.503781244902975e-06
10,5,2.0,0.25,6.703381241615513e-07,1.4932074760087822e-06
10,5,2.0,0.3,7.326285075780512e-07,1.0666665242364592e-06
10,5,2.0,0.35,7.815554307059757e-07,9.188357870310411e-07
10,5,2.0,0.4,8.26320747799999e-07,8.826652075188376e-07
10,5,2.0,0.45,8.705029115565373e-07,8.886546188939096e-07
10,5,2.0,0.5,9.154353500035274e-07,9.100910691354002e-07
10,5,2.0,0.55,9.61599058623005e-07,9.369358780377538e-07
10,5,2.0,0.6,1.0091548890593217e-06,9.654065006009116e-07
10,5,2.0,0.65,1.0581419659749243e-06,9.94037935961626e-07
10,5,2.0,0.7,1.1085510554411293e-06,1.0222211643701092e-06
10,5,2.0,0.75,1.1603516971745082e-06,1.0496648653021373e-06
10,5,2.0,0.8,1.2135023441051119e-06,1.076198159180857e-06
10,5,2.0,0.85,1.2679542907913335e-06,1.1016988212547107e-06
10,5,2.0,0.9,1.3236533529658254e-06,1.1260675326481884e-06
10,5,2.0,0.95,1.380540749759894e-06,1.1492189499014772e-06
10,5,2.0,1.0,1.4385537169966259e-06,1.17107885428995e-06
10,5,2.0,1.05,1.4976260407094586e-06,1.1915834353698704e-06
10,5,2.0,1.1,1.5576885754146318e-06,1.2106792594990197e-06
10,5,2.0,1.15,1.6186697659141717e-06,1.2283233921122711e-06
10,5,2.0,1.2,1.6804961746921008e-06,1.2444834812298676e-06
10,5,2.0,1.25,1.7430930109991102e-06,1.2591377357374586e-06
10,5,2.0,1.3,1.8063846557818617e-06,1.2722747798802627e-06
10,5,2.0,1.35,1.8702951762296908e-06,1.2838933844123878e-06
10,5,2.0,1.4,1.934748823963719e-06,1.2940020829596711e-06
10,5,2.0,1.45,1.9996705114270685e-06,1.302618685969335e-06
10,5,2.0,1.5,2.064986261707715e-06,1.3097697065513034e-06
10,5,2.0,1.55,2.1306236277674053e-06,1.3154897134559233e-06
10,5,2.0,1.6,2.1965120778216556e-06,1.3198206267356404e-06
10,5,2.0,1.65,2.2625833443911614e-06,1.3228109714650642e-06
10,5,2.0,1.7,2.3287717353010623e-06,1.3245151043379985e-06
10,5,2.0,1.75,2.3950144056248465e-06,1.3249924270970346e-06
10,5,2.0,1.8,2.461251590240649e-06,1.32430659964655e-06
10,5,2.0,1.85,2.527426797279491e-06,1.3225247644188947e-06
10,5,2.0,1.9,2.593486963287734e-06,1.319716792161293e-06
10,5,2.0,1.95,2.6593825713989312e-06,1.3159545578468987e-06
10,5,2.0,2.0,2.725067734207865e-06,1.3113112539316455e-06
10,5,2.0,2.05,2.7905002433640598e-06,1.3058607467235254e-06
10,5,2.0,2.1,2.8556415881556443e-06,1.299676980236129e-06
10,5,2.0,2.15,2.9204569455391803e-06,1.2928334305907147e-06
10,5,2.0,2.2,2.9849151441947234e-06,1.2854026128325071e-06
10,5,2.0,2.25,3.0489886052504583e-06,1.2774556409495168e-06
10,5,2.0,2.3,3.1126532623368556e-06,1.269061840935507e-06
10,5,2.0,2.35,3.1758884636013287e-06,1.2602884159249638e-06
10,5,2.0,2.4,3.238676858248195e-06,1.251200161746146e-06
10,5,2.0,2.45,3.3010042700719265e-06,1.2418592306838832e-06
10,5,2.0,2.5,3.362859560329162e-06,1.2323249408088537e-06
10,5,2.0,2.55,3.4242344821552646e-06,1.2226536279064438e-06
10,5,2.0,2.6,3.4851235285763188e-06,1.2128985368141408e-06
10,5,2.0,2.65,3.545523776003623e-06,1.203109748840987e-06
10,5,2.0,2.7,3.605434724931274e-06,1.1933341418851354e-06
10,5,2.0,2.75,3.664858139386315e-06,1.1836153798727268e-06
10,5,2.0,2.8,3.7237978865146204e-06,1.1739939282042433e-06
10,5,2.0,2.85,3.7822597775224612e-06,1.164507092001622e-06
10,5,2.0,2.9,3.840251411035849e-06,1.1551890740912017e-06
10,5,2.0,2.95,3.8977820197922785e-06,1.146071049826669e-06
10,5,2.0,3.0,3.9548623214371216e-06,1.137181256042968e-06
10,5,2.0,3.05,4.0115043740688736e-06,1.1285450916324448e-06
10,5,2.0,3.1,4.067721437054876e-06,1.1201852274401107e-06
10,5,2.0,3.15,4.123527837531181e-06,1.1121217233833244e-06
10,5,2.0,3.2,4.1789388428987706e-06,1.104372150906576e-06
10,5,2.0,3.25,4.233970539540621e-06,1.0969517190829604e-06
10,5,2.0,3.3,4.288639717903294e-06,1.0898734028662773e-06
10,5,2.0,3.35,4.3429637640172626e-06,1.0831480721810388e-06
10,5,2.0,3.4,4.396960557468578e-06,1.0767846207096138e-06
10,5,2.0,3.45,4.450648375781437e-06,1.070790093396113e-06
10,5,2.0,3.5,4.504045805126477e-06,1.0651698118347047e-06
10,5,2.0,3.55,4.5571716572306125e-06,1.0599274968453694e-06
10,5,2.0,3.6,4.6100448923332e-06,1.0550653876634798e-06
10,5,2.0,3.65,4.662684548007273e-06,1.0505843572805018e-06
10,5,2.0,3.7,4.715109673643569e-06,1.0464840235725223e-06
10,5,2.0,3.75,4.767339270380216e-06,1.0427628559417834e-06
10,5,2.0,3.8,4.819392236247587e-06,1.0394182772740233e-06
10,5,2.0,3.85,4.871287316291403e-06,1.0364467610828843e-06
10,5,2.0,3.9,4.92304305743119e-06,1.0338439237715409e-06
10,5,2.0,3.95,4.9746777678089295e-06,1.0316046119926613e-06
10,5,2.0,4.0,5.026209480384099e-06,1.029722985131212e-06
10,5,2.0,4.05,5.077655920531575e-06,1.0281925929708662e-06
10,5,2.0,4.1,5.129034477404785e-06,1.0270064486354134e-06
10,5,2.0,4.15,5.1803621788298824e-06,1.026157096921122e-06
10,5,2.0,4.2,5.23165566950408e-06,1.0256366781561052e-06
10,5,2.0,4.25,5.282931192278541e-06,1.0254369877384177e-06
10,5,2.0,4.3,5.334204572313242e-06,1.0255495315162553e-06
10,5,2.0,4.35,5.385491203900626e-06,1.02596557718242e-06
10,5,2.0,4.4,5.436806039762905e-06,1.0266762018607293e-06
10,5,2.0,4.45,5.488163582637508e-06,1.0276723360654334e-06
10,5,2.0,4.5,5.5395778789732585e-06,1.0289448042156592e-06
10,5,2.0,4.55,5.59106251457017e-06,1.0304843618865496e-06
10,5,2.0,4.6,5.6426306120039655e-06,1.0322817299764758e-06
10,5,2.0,4.65,5.694294829685383e-06,1.0343276259664973e-06
10,5,2.0,4.7,5.746067362413511e-06,1.0366127924439331e-06
10,5,2.0,4.75,5.797959943290399e-06,1.0391280230569372e-06
10,5,2.0,4.8,5.849983846872316e-06,1.0418641860610777e-06
10,5,2.0,4.85,5.902149893441588e-06,1.0448122456130653e-06
10,5,2.0,4.9,5.954468454289931e-06,1.0479632809601366e-06
10,5,2.0,4.95,6.006949457911438e-06,1.051308503666939e-06
10,5,2.0,5.0,6.059602397010844e-06,1.0548392730150642e-06
10,5,3.0,0.0,1.5959905281210649e-09,1.028838117541793e-07
10,5,3.0,0.05,3.4970134188880014e-08,1.8897812390409076e-06
10,5,3.0,0.1,2.7894471094304484e-07,8.159676258637821e-06
10,5,3.0,0.15,7.588808871834209e-07,9.613080262997026e-06
10,5,3.0,0.2,1.1562502559710942e-06,6.11904218979977e-06
10,5,3.0,0.25,1.388045255675198e-06,3.4408593573026066e-06
10,5,3.0,0.3,1.5251426019440672e-06,2.226441713441678e-06
10,5,3.0,0.35,1.623171334509134e-06,1.7737614120858225e-06
10,5,3.0,0.4,1.7075682521339578e-06,1.6325498405569915e-06
10,5,3.0,0.45,1.7883260279659112e-06,1.6089672666411506e-06
10,5,3.0,0.5,1.8691535494593464e-06,1.6281031283234434e-06
10,5,3.0,0.55,1.9513726815707486e-06,1.6619418173660712e-06
10,5,3.0,0.6,2.0354157340513223e-06,1.7000528042151169e-06
10,5,3.0,0.65,2.121382237609206e-06,1.7384908334533865e-06
10,5,3.0,0.7,2.2092437734889877e-06,1.7756922461352348e-06
10,5,3.0,0.75,2.2989192639481816e-06,1.8109715761826984e-06
10,5,3.0,0.8,2.390302907745558e-06,1.8439734488855563e-06
10,5,3.0,0.85,2.4832748864732095e-06,1.8744738212713362e-06
10,5,3.0,0.9,2.577705845103349e-06,1.9023086133613212e-06
10,5,3.0,0.95,2.673459153621548e-06,1.927348615763307e-06
10,5,3.0,1.0,2.770392400856435e-06,1.9494910577767044e-06
10,5,3.0,1.05,2.8683586386719174e-06,1.9686570277068087e-06
10,5,3.0,1.1,2.9672075542689353e-06,1.9847908029672264e-06
10,5,3.0,1.15,3.0667866242653998e-06,1.997859655628056e-06
10,5,3.0,1.2,3.1669422592460374e-06,2.0078536178644857e-06
10,5,3.0,1.25,3.2675209315532504e-06,2.014785031016386e-06
10,5,3.0,1.3,3.3683702739704586e-06,2.0186878296154084e-06
10,5,3.0,1.35,3.469340135951762e-06,2.0196165616754363e-06
10,5,3.0,1.4,3.5702835847100725e-06,2.017645167456007e-06
10,5,3.0,1.45,3.671057839854975e-06,2.0128655484574204e-06
10,5,3.0,1.5,3.771525131987989e-06,2.005385963018861e-06
10,5,3.0,1.55,3.871553477541138e-06,1.99532928692864e-06
10,5,3.0,1.6,3.971017364080643e-06,1.982831177847484e-06
10,5,3.0,1.65,4.069798342220962e-06,1.968038181494121e-06
10,5,3.0,1.7,4.167785522149264e-06,1.9511058157116253e-06
10,5,3.0,1.75,4.264875974504814e-06,1.9321966659063252e-06
10,5,3.0,1.8,4.360975036951843e-06,1.9114785221177046e-06
10,5,3.0,1.85,4.45599652920904e-06,1.8891225843078073e-06
10,5,3.0,1.9,4.549862880529122e-06,1.8653017585173567e-06
10,5,3.0,1.95,4.6425051746536345e-06,1.8401890624716058e-06
10,5,3.0,2.0,4.733863118095068e-06,1.8139561551723115e-06
10,5,3.0,2.05,4.823884938227902e-06,1.7867720010910878e-06
10,5,3.0,2.1,4.912527218105117e-06,1.7588016758835043e-06
10,5,3.0,2.15,4.999754675179013e-06,1.7302053171441634e-06
10,5,3.0,2.2,5.0855398912010736e-06,1.7011372206714881e-06
10,5,3.0,2.25,5.169863000532209e-06,1.6717450800429385e-06
10,5,3.0,2.3,5.25271134392552e-06,1.6421693650305773e-06
10,5,3.0,2.35,5.334079094571938e-06,1.6125428325157503e-06
10,5,3.0,2.4,5.41396686284426e-06,1.5829901620783825e-06
10,5,3.0,2.45,5.492381285752241e-06,1.553627707319072e-06
10,5,3.0,2.5,5.569334606656553e-06,1.5245633531946868e-06
10,5,3.0,2.55,5.6448442502877735e-06,1.4958964691737745e-06
10,5,3.0,2.6,5.7189323976021575e-06,1.4677179478135238e-06
10,5,3.0,2.65,5.791625564485406e-06,1.4401103183853495e-06
10,5,3.0,2.7,5.862954187801648e-06,1.4131479253949714e-06
10,5,3.0,2.75,5.932952221786282e-06,1.3868971622187315e-06
10,5,3.0,2.8,6.001656747303842e-06,1.361416750576731e-06
10,5,3.0,2.85,6.06910759604313e-06,1.3367580571544078e-06
10,5,3.0,2.9,6.135346991303585e-06,1.3129654393394024e-06
10,5,3.0,2.95,6.200419206641783e-06,1.290076612735142e-06
10,5,3.0,3.0,6.264370243298497e-06,1.2681230338263698e-06
10,5,3.0,3.05,6.3272475270134605e-06,1.24713029188643e-06
10,5,3.0,3.1,6.3890996245562794e-06,1.227118504917271e-06
10,5,3.0,3.15,6.449975980059701e-06,1.2081027150898832e-06
10,5,3.0,3.2,6.509926671029792e-06,1.1900932797956658e-06
10,5,3.0,3.25,6.569002183729571e-06,1.1730962550224082e-06
10,5,3.0,3.3,6.627253207481327e-06,1.157113768327124e-06
10,5,3.0,3.35,6.684730447310579e-06,1.142144379190233e-06
10,5,3.0,3.4,6.741484454254911e-06,1.1281834249993477e-06
10,5,3.0,3.45,6.797565472583735e-06,1.1152233513272847e-06
10,5,3.0,3.5,6.853023303118916e-06,1.103254025538675e-06
10,5,3.0,3.55,6.907907181804889e-06,1.0922630330839507e-06
10,5,3.0,3.6,6.9622656726523435e-06,1.0822359561218817e-06
10,5,3.0,3.65,7.016146574168786e-06,1.07315663435427e-06
10,5,3.0,3.7,7.069596838387155e-06,1.0650074081619497e-06
10,5,3.0,3.75,7.122662501614427e-06,1.057769344303463e-06
10,5,3.0,3.8,7.175388626036898e-06,1.0514224445791055e-06
10,5,3.0,3.85,7.227819251343691e-06,1.045945837977453e-06
10,5,3.0,3.9,7.279997355556841e-06,1.0413179569110496e-06
10,5,3.0,3.95,7.331964824289564e-06,1.0375166982165592e-06
10,5,3.0,4.0,7.383762427688767e-06,1.034519569644107e-06
10,5,3.0,4.05,7.435429804354438e-06,1.0323038225938967e-06
10,5,3.0,4.1,7.487005451569083e-06,1.030846571877858e-06
10,5,3.0,4.15,7.538526721206366e-06,1.0301249032913877e-06
10,5,3.0,4.2,7.5900298207306366e-06,1.0301159697784372e-06
10,5,3.0,4.25,7.64154981873507e-06,1.0307970769623708e-06
10,5,3.0,4.3,7.693120654506714e-06,1.0321457587983751e-06
10,5,3.0,4.35,7.744775151142413e-06,1.034139844080588e-06
10,5,3.0,4.4,7.79654503177609e-06,1.036757514510761e-06
10,5,3.0,4.45,7.848460938512797e-06,1.0399773550056987e-06
10,5,3.0,4.5,7.900552453697717e-06,1.0437783968889683e-06
10,5,3.0,4.55,7.952848123179335e-06,1.0481401545789813e-06
10,5,3.0,4.6,8.005375481257081e-06,1.0530426563516958e-06
10,5,3.0,4.65,8.058161077029837e-06,1.058466469721539e-06
10,5,3.0,4.7,8.111230501890005e-06,1.0643927219501017e-06
10,5,3.0,4.75,8.164608417930894e-06,1.0708031161583031e-06
10,5,3.0,4.8,8.218318587059467e-06,1.077679943484799e-06
10,5,3.0,4.85,8.272383900626237e-06,1.0850060917014089e-06
10,5,3.0,4.9,8.32682640940596e-06,1.0927650506656823e-06
10,5,3.0,4.95,8.381667353778797e-06,1.10094091496111e-06
10,5,3.0,5.0,8.436927193980187e-06,1.1095183840476294e-06
10,5,4.0,0.0,1.656447277577896e-09,1.017367650862725e-07
10,5,4.0,0.05,3.911741792002257e-08,2.326584871474025e-06
10,5,4.0,0.1,4.3210172692611716e-07,1.5338770608107207e-05
10,5,4.0,0.15,1.4904807912894564e-06,2.3683753796388366e-05
10,5,4.0,0.2,2.520340859687009e-06,1.6336426572865986e-05
10,5,4.0,0.25,3.1309554436135094e-06,8.749233170465836e-06
10,5,4.0,0.3,3.46184957979836e-06,5.019914848156885e-06
10,5,4.0,0.35,3.6702761095570613e-06,3.557976278371854e-06
10,5,4.0,0.4,3.833116259217557e-06,3.049120680745272e-06
10,5,4.0,0.45,3.981021432533429e-06,2.901453700873602e-06
10,5,4.0,0.5,4.125372390627788e-06,2.8847699186186566e-06
10,5,4.0,0.55,4.27022878444756e-06,2.913514093715528e-06
10,5,4.0,0.6,4.416947437651799e-06,2.9562625959713396e-06
10,5,4.0,0.65,4.5658915027721e-06,3.001411618479277e-06
10,5,4.0,0.7,4.717054094957035e-06,3.044568023576927e-06
10,5,4.0,0.75,4.870285195284886e-06,3.08396658378153e-06
10,5,4.0,0.8,5.025374689199651e-06,3.1188124324432556e-06
10,5,4.0,0.85,5.182083450132061e-06,3.1486838141704865e-06
10,5,4.0,0.9,5.340155742720637e-06,3.1733181339112645e-06
10,5,4.0,0.95,5.499324961501933e-06,3.1925361771390673e-06
10,5,4.0,1.0,5.659317027532855e-06,3.206215836176563e-06
10,5,4.0,1.05,5.819852983198939e-06,3.2142832853390534e-06
10,5,4.0,1.1,5.980651319680686e-06,3.2167100191581416e-06
10,5,4.0,1.15,6.1414302082485056e-06,3.213511574254088e-06
10,5,4.0,1.2,6.301909675846667e-06,3.2047464403518273e-06
10,5,4.0,1.25,6.461813719201557e-06,3.190514644938192e-06
10,5,4.0,1.3,6.620872336425008e-06,3.170955858162987e-06
10,5,4.0,1.35,6.778823451398627e-06,3.146247002716305e-06
10,5,4.0,1.4,6.935414707055829e-06,3.116599409190538e-06
10,5,4.0,1.45,7.090405106390336e-06,3.082255581810153e-06
10,5,4.0,1.5,7.243566483584068e-06,3.0434856507209495e-06
10,5,4.0,1.55,7.394684791598552e-06,3.000583591924722e-06
10,5,4.0,1.6,7.543561196665164e-06,2.953863296920324e-06
10,5,4.0,1.65,7.69001297417861e-06,2.9036545722423473e-06
10,5,4.0,1.7,7.83387420440953e-06,2.8502991449508376e-06
10,5,4.0,1.75,7.974996270116184e-06,2.7941467441821276e-06
10,5,4.0,1.8,8.113248161458674e-06,2.735551321516576e-06
10,5,4.0,1.85,8.248516596554472e-06,2.6748674645614076e-06
10,5,4.0,1.9,8.380705968507865e-06,2.612447049158318e-06
10,5,4.0,1.95,8.509738131788455e-06,2.5486361663702887e-06
10,5,4.0,2.0,8.63555204240894e-06,2.483772351196002e-06
10,5,4.0,2.05,8.758103267475244e-06,2.418182131079768e-06
10,5,4.0,2.1,8.877363380377422e-06,2.352178903964338e-06
10,5,4.0,2.15,8.993319258180843e-06,2.286061148042739e-06
10,5,4.0,2.2,9.105972297715329e-06,2.2201109586357426e-06
10,5,4.0,2.25,9.215337566480859e-06,2.1545929018290306e-06
10,5,4.0,2.3,9.321442903846701e-06,2.0897531696856733e-06
10,5,4.0,2.35,9.424327987160516e-06,2.0258190180015923e-06
10,5,4.0,2.4,9.524043376357123e-06,1.9629984646617564e-06
10,5,4.0,2.45,9.620649549503143e-06,1.9014802246229404e-06
10,5,4.0,2.5,9.714215940483582e-06,1.841433856320243e-06
10,5,4.0,2.55,9.804819988757965e-06,1.7830100937775716e-06
10,5,4.0,2.6,9.892546209830869e-06,1.7263413388037205e-06
10,5,4.0,2.65,9.977485293810816e-06,1.6715422882738024e-06
10,5,4.0,2.7,1.0059733238209012e-05,1.6187106725370596e-06
10,5,4.0,2.75,1.013939051996317e-05,1.5679280823612723e-06
10,5,4.0,2.8,1.021656131058044e-05,1.5192608634367253e-06
10,5,4.0,2.85,1.029135273729132e-05,1.4727610592419414e-06
10,5,4.0,2.9,1.0363874192191374e-05,1.4284673849495364e-06
10,5,4.0,2.95,1.0434236690528046e-05,1.386406216965796e-06
10,5,4.0,3.0,1.050255227857189e-05,1.3465925846036922e-06
10,5,4.0,3.05,1.0568933490876701e-05,1.3090311522434242e-06
10,5,4.0,3.1,1.0633492856201598e-05,1.2737171821093552e-06
10,5,4.0,3.15,1.069634245091312e-05,1.240637469460876e-06
10,5,4.0,3.2,1.0757593498315068e-05,1.2097712435423038e-06
10,5,4.0,3.25,1.0817356012058363e-05,1.181091029052628e-06
10,5,4.0,3.3,1.0875738481552163e-05,1.1545634641735009e-06
10,5,4.0,3.35,1.0932847597129288e-05,1.1301500723333417e-06
10,5,4.0,3.4,1.0988788012603496e-05,1.1078079858876821e-06
10,5,4.0,3.45,1.1043662142787468e-05,1.0874906207669807e-06
10,5,4.0,3.5,1.1097569993511265e-05,1.0691483018885692e-06
10,5,4.0,3.55,1.1150609021688857e-05,1.0527288397591402e-06
10,5,4.0,3.6,1.1202874023012518e-05,1.0381780592154305e-06
10,5,4.0,3.65,1.1254457044916517e-05,1.025440281675219e-06
10,5,4.0,3.7,1.1305447322524885e-05,1.0144587626063148e-06
10,5,4.0,3.75,1.1355931235394888e-05,1.0051760861796298e-06
10,5,4.0,3.8,1.1405992282966505e-05,9.975345192611809e-07
10,5,4.0,3.85,1.1455711076742455e-05,9.91476327027655e-07
10,5,4.0,3.9,1.1505165347339086e-05,9.86944052568229e-07
10,5,4.0,3.95,1.1554429964666396e-05,9.838807628701331e-07
10,5,4.0,4.0,1.1603576969617554e-05,9.822302635837381e-07
10,5,4.0,4.05,1.1652675615764858e-05,9.819372849313206e-07
10,5,4.0,4.1,1.1701792419678498e-05,9.829476410677659e-07
10,5,4.0,4.15,1.175099121859575e-05,9.852083651265741e-07
10,5,4.0,4.2,1.180033323428027e-05,9.88667822094706e-07
10,5,4.0,4.25,1.1849877142012895e-05,9.932758015592002e-07
10,5,4.0,4.3,1.189967914375735e-05,9.989835922604786e-07
10,5,4.0,4.35,1.1949793044637245e-05,1.0057440402742733e-06
10,5,4.0,4.4,1.2000270331948447e-05,1.0135115925288472e-06
10,5,4.0,4.45,1.2051160256013787e-05,1.022242327248472e-06
10,5,4.0,4.5,1.2102509912264995e-05,1.0318939727995908e-06
10,5,4.0,4.55,1.2154364324004487e-05,1.0424259163037832e-06
10,5,4.0,4.6,1.2206766525369214e-05,1.0537992032731863e-06
10,5,4.0,4.65,1.2259757644075903e-05,1.0659765294192984e-06
10,5,4.0,4.7,1.2313376983582596e-05,1.0789222256863053e-06
10,5,4.0,4.75,1.2367662104353518e-05,1.0926022374657134e-06
10,5,4.0,4.8,1.2422648903956502e-05,1.106984098859384e-06
10,5,4.0,4.85,1.2478371695767116e-05,1.1220369027749268e-06
10,5,4.0,4.9,1.2534863286087653e-05,1.1377312675586237e-06
10,5,4.0,4.95,1.2592155049524517e-05,1.1540393007988824e-06
10,5,4.0,5.0,1.2650277002497609e-05,1.1709345608657586e-06
10,5,5.0,0.0,1.7190745852641818e-09,9.675806250831197e-08
10,5,5.0,0.05,3.886506922074458e-08,2.4527415230162226e-06
10,5,5.0,0.1,5.794687943562759e-07,2.4501666440606735e-05
10,5,5.0,0.15,2.6403813492385797e-06,5.265744540020942e-05
10,5,5.0,0.2,5.11465003045694e-06,4.147311602390231e-05
10,5,5.0,0.25,6.673254704990112e-06,2.2006421349955325e-05
10,5,5.0,0.3,7.472537317677971e-06,1.139246780799558e-05
10,5,5.0,0.35,7.916717291731115e-06,7.066202558772303e-06
10,5,5.0,0.4,8.224013018781345e-06,5.498490377833131e-06
10,5,5.0,0.45,8.48362318715326e-06,4.986550431259614e-06
10,5,5.0,0.5,8.72886022266485e-06,4.85884605746514e-06
10,5,5.0,0.55,8.971682336763542e-06,4.866312266210618e-06
10,5,5.0,0.6,9.216204357641189e-06,4.918256120759523e-06
10,5,5.0,0.65,9.463688846052404e-06,4.981667546068141e-06
10,5,5.0,0.7,9.714355340906482e-06,5.044353960476412e-06
10,5,5.0,0.75,9.96803270856695e-06,5.1016288074733106e-06
10,5,5.0,0.8,1.0224394838687391e-05,5.1515307388074825e-06
10,5,5.0,0.85,1.0483046904740418e-05,5.193112128472164e-06
10,5,5.0,0.9,1.0743558213271504e-05,5.225829016405226e-06
10,5,5.0,0.95,1.1005476073514919e-05,5.249325542011349e-06
10,5,5.0,1.0,1.1268333004355071e-05,5.26335916689631e-06
10,5,5.0,1.05,1.1531651660269974e-05,5.267775657491237e-06
10,5,5.0,1.1,1.179494901041344e-05,5.262501157088917e-06
10,5,5.0,1.15,1.2057740282871863e-05,5.24753961877858e-06
10,5,5.0,1.2,1.2319542819357414e-05,5.22297139670588e-06
10,5,5.0,1.25,1.2579879854667271e-05,5.188951509463268e-06
10,5,5.0,1.3,1.2838284189779106e-05,5.145707081152588e-06
10,5,5.0,1.35,1.3094301713487505e-05,5.093533837751761e-06
10,5,5.0,1.4,1.3347494725602432e-05,5.032791684302611e-06
10,5,5.0,1.45,1.3597445017826545e-05,4.963899453285495e-06
10,5,5.0,1.5,1.3843756673840169e-05,4.887328946641065e-06
10,5,5.0,1.55,1.4086058556712395e-05,4.803598411078096e-06
10,5,5.0,1.6,1.4324006458991183e-05,4.713265594940008e-06
10,5,5.0,1.65,1.4557284898317995e-05,4.616920537426829e-06
10,5,5.0,1.7,1.4785608548913059e-05,4.5151782384748226e-06
10,5,5.0,1.75,1.5008723306539996e-05,4.408671350853146e-06
10,5,5.0,1.8,1.522640699138933e-05,4.298043025707353e-06
10,5,5.0,1.85,1.5438469699565802e-05,4.183940029583877e-06
10,5,5.0,1.9,1.564475381938668e-05,4.0670062356174625e-06
10,5,5.0,1.95,1.5845133733419807e-05,3.947876574796282e-06
10,5,5.0,2.0,1.6039515231049072e-05,3.827171515722118e-06
10,5,5.0,2.05,1.622783465933541e-05,3.7054921237052988e-06
10,5,5.0,2.1,1.6410057842053843e-05,3.583415732946004e-06
10,5,5.0,2.15,1.6586178798065275e-05,3.4614922494277897e-06
10,5,5.0,2.2,1.6756218290689768e-05,3.340241087371662e-06
10,5,5.0,2.25,1.692022223955122e-05,3.220148728946512e-06
10,5,5.0,2.3,1.707826002555913e-05,3.1016668855915364e-06
10,5,5.0,2.35,1.7230422718367135e-05,2.985211229870248e-06
10,5,5.0,2.4,1.7376821253895704e-05,2.8711606592594062e-06
10,5,5.0,2.45,1.7517584587430965e-05,2.7598570476285016e-06
10,5,5.0,2.5,1.7652857845492547e-05,2.6516054362776294e-06
10,5,5.0,2.55,1.7782800497194532e-05,2.546674614127374e-06
10,5,5.0,2.6,1.790758456327881e-05,2.4452980358177136e-06
10,5,5.0,2.65,1.8027392878437423e-05,2.3476750268780126e-06
10,5,5.0,2.7,1.8142417420038554e-05,2.2539722265812617e-06
10,5,5.0,2.75,1.8252857713950348e-05,2.1643252213890025e-06
10,5,5.0,2.8,1.835891932587451e-05,2.0788403248417556e-06
10,5,5.0,2.85,1.8460812444480977e-05,1.9975964631749306e-06
10,5,5.0,2.9,1.855875056068585e-05,1.92064712968074e-06
10,5,5.0,2.95,1.865294924567173e-05,1.8480223747537261e-06
10,5,5.0,3.0,1.8743625028685895e-05,1.7797308025266228e-06
10,5,5.0,3.05,1.883099437430332e-05,1.715761548927119e-06
10,5,5.0,3.1,1.891527275767565e-05,1.6560862197800532e-06
10,5,5.0,3.15,1.8996673835308026e-05,1.6006607711822138e-06
10,5,5.0,3.2,1.907540870810524e-05,1.5494273177412163e-06
10,5,5.0,3.25,1.915168527278427e-05,1.5023158573633532e-06
10,5,5.0,3.3,1.922570765725797e-05,1.4592459040797505e-06
10,5,5.0,3.35,1.929767573522946e-05,1.420128022905717e-06
10,5,5.0,3.4,1.9367784714998696e-05,1.3848652629372731e-06
10,5,5.0,3.45,1.9436224797336316e-05,1.3533544868066103e-06
10,5,5.0,3.5,1.95031808972313e-05,1.3254875962594093e-06
10,5,5.0,3.55,1.9568832424341652e-05,1.3011526549973291e-06
10,5,5.0,3.6,1.9633353117064072e-05,1.280234911068632e-06
10,5,5.0,3.65,1.969691092527853e-05,1.2626177220095422e-06
10,5,5.0,3.7,1.9759667936996713e-05,1.2481833866606656e-06
10,5,5.0,3.75,1.9821780344362335e-05,1.2368138881291373e-06
10,5,5.0,3.8,1.9883398444677875e-05,1.2283915527585417e-06
10,5,5.0,3.85,1.9944666672386608e-05,1.2227996302267326e-06
10,5,5.0,3.9,2.0005723658197533e-05,1.2199228000349906e-06
10,5,5.0,3.95,2.0066702311804352e-05,1.2196476096988879e-06
10,5,5.0,4.0,2.0127729924917308e-05,1.2218628499182444e-06
10,5,5.0,4.05,2.018892829158637e-05,1.2264598719046204e-06
10,5,5.0,4.1,2.0250413843048654e-05,1.2333328518944604e-06
10,5,5.0,4.15,2.0312297794583854e-05,1.2423790076845288e-06
10,5,5.0,4.2,2.0374686302093062e-05,1.2534987718046737e-06
10,5,5.0,4.25,2.0437680626342922e-05,1.2665959256996043e-06
10,5,5.0,4.3,2.0501377303031597e-05,1.28157769903391e-06
10,5,5.0,4.35,2.056586831702833e-05,1.2983548379692692e-06
10,5,5.0,4.4,2.0631241279326382e-05,1.3168416459941586e-06
10,5,5.0,4.45,2.0697579605420125e-05,1.3369560006204058e-06
10,5,5.0,4.5,2.076496269397938e-05,1.3586193489990278e-06
10,5,5.0,4.55,2.0833466104834632e-05,1.3817566852537109e-06
10,5,5.0,4.6,2.0903161735426592e-05,1.4062965120866456e-06
10,5,5.0,4.65,2.0974117994991527e-05,1.432170788978063e-06
10,5,5.0,4.7,2.1046399975865635e-05,1.4593148690804637e-06
10,5,5.0,4.75,2.1120069621390685e-05,1.4876674267010624e-06
10,5,5.0,4.8,2.119518588999541e-05,1.5171703770716485e-06
10,5,5.0,4.85,2.127180491510384e-05,1.5477687899244539e-06
10,5,5.0,4.9,2.1349980160596104e-05,1.5794107982249405e-06
10,5,5.0,4.95,2.1429762571610175e-05,1.612047503258549e-06
10,5,5.0,5.0,2.151120072052933e-05,1.645632877126076e-06
10,10,0.0,0.0,1.0892435373187399e-11,6.149659922427149e-10
10,10,0.0,0.05,9.983752206448494e-11,3.1737633370562536e-09
10,10,0.0,0.1,2.9710939099469114e-10,4.080407058720748e-09
10,10,0.0,0.15,4.6509943779284314e-10,2.5228172570722484e-09
10,10,0.0,0.2,5.556424209439193e-10,1.2307973935962222e-09
10,10,0.0,0.25,5.99935854803054e-10,6.290969049018609e-10
10,10,0.0,0.3,6.245480785790964e-10,3.931622084559203e-10
10,10,0.0,0.35,6.416459352363939e-10,3.0502690635599495e-10
10,10,0.0,0.4,6.559335553004971e-10,2.7162893957000283e-10
10,10,0.0,0.45,6.691232410735731e-10,2.5776368147542335e-10
10,10,0.0,0.5,6.818182111010341e-10,2.506384577277857e-10
10,10,0.0,0.55,6.94221712406122e-10,2.4567787428737063e-10
10,10,0.0,0.6,7.063945903206131e-10,2.4126391558743e-10
10,10,0.0,0.65,7.183476888902743e-10,2.368361574000651e-10
10,10,0.0,0.7,7.300748616901321e-10,2.3221170375880049e-10
10,10,0.0,0.75,7.415647562152203e-10,2.273424873177024e-10
10,10,0.0,0.8,7.528050254942259e-10,2.2222868433503517e-10
10,10,0.0,0.85,7.637838361378886e-10,2.1688775085353047e-10
10,10,0.0,0.9,7.744904070154503e-10,2.1134326207488805e-10
10,10,0.0,0.95,7.849151960254243e-10,2.056208051556474e-10
10,10,0.0,1.0,7.950499550761512e-10,1.997463912749129e-10
10,10,0.0,1.05,8.048877321361095e-10,1.9374577595669404e-10
10,10,0.0,1.1,8.144228490434324e-10,1.8764411575424878e-10
10,10,0.0,1.15,8.236508659593479e-10,1.8146575837467442e-10
10,10,0.0,1.2,8.325685370289526e-10,1.7523409408910172e-10
10,10,0.0,1.25,8.411737595573728e-10,1.6897144245028417e-10
10,10,0.0,1.3,8.494655181842561e-10,1.6269896452029445e-10
10,10,0.0,1.35,8.574438252141163e-10,1.5643659638694243e-10
10,10,0.0,1.4,8.65109658103645e-10,1.5020300160152972e-10
10,10,0.0,1.45,8.724648950060934e-10,1.4401554073966554e-10
10,10,0.0,1.5,8.795122491871862e-10,1.3789025643520613e-10
10,10,0.0,1.55,8.862552030458323e-10,1.318418722636805e-10
10,10,0.0,1.6,8.926979423915241e-10,1.258838038615538e-10
10,10,0.0,1.65,8.988452915504178e-10,1.2002818069132078e-10
10,10,0.0,1.7,9.047026497935378e-10,1.1428587690941498e-10
10,10,0.0,1.75,9.10275929505071e-10,1.0866654986172777e-10
10,10,0.0,1.8,9.155714964368968e-10,1.0317868481703276e-10
10,10,0.0,1.85,9.205961123287416e-10,9.782964464784629e-11
10,10,0.0,1.9,9.253568801110907e-10,9.262572327534374e-11
10,10,0.0,1.95,9.298611918519542e-10,8.757220180845672e-11
10,10,0.0,2.0,9.341166795578014e-10,8.267340642135111e-11
10,10,0.0,2.05,9.381311688940583e-10,7.79327671273199e-11
10,10,0.0,2.1,9.41912635851172e-10,7.335287671732781e-11
10,10,0.0,2.15,9.454691663485546e-10,6.893554923681338e-11
10,10,0.0,2.2,9.488089187395735e-10,6.46818774733067e-11
10,10,0.0,2.25,9.519400891569722e-10,6.059228901923808e-11
10,10,0.0,2.3,9.548708796182715e-10,5.666660055832206e-11
10,10,0.0,2.35,9.576094687952816e-10,5.2904070099839624e-11
10,10,0.0,2.4,9.601639853394708e-10,4.930344695297935e-11
10,10,0.0,2.45,9.62542483646352e-10,4.5863019293311927e-11
10,10,0.0,2.5,9.647529219360375e-10,4.258065922568085e-11
10,10,0.0,2.55,9.668031425230187e-10,3.9453865292764834e-11
10,10,0.0,2.6,9.68700854147329e-10,3.647980241679129e-11
10,10,0.0,2.65,9.70453616238927e-10,3.365533929383056e-11
10,10,0.0,2.7,9.72068824988964e-10,3.0977083286394235e-11
10,10,0.0,2.75,9.735537011045539e-10,2.844141288126378e-11
10,10,0.0,2.8,9.749152791272405e-10,2.604450779609714e-11
10,10,0.0,2.85,9.761603982000475e-10,2.3782376831024035e-11
10,10,0.0,2.9,9.772956941728178e-10,2.1650883570584786e-11
10,10,0.0,2.95,9.78327592941378e-10,1.9645770047551226e-11
10,10,0.0,3.0,9.792623049211598e-10,1.7762678483774798e-11
10,10,0.0,3.05,9.801058205623085e-10,1.5997171224676638e-11
10,10,0.0,3.1,9.808639068188198e-10,1.4344748983717616e-11
10,10,0.0,3.15,9.815421044899378e-10,1.2800867511428652e-11
10,10,0.0,3.2,9.821457263580652e-10,1.13609528007141e-11
10,10,0.0,3.25,9.82679856052538e-10,1.0020414936347266e-11
10,10,0.0,3.3,9.831493475741173e-10,8.774660692126179e-12
10,10,0.0,3.35,9.835588254201779e-10,7.619104974228085e-12
10,10,0.0,3.4,9.839126852551032e-10,6.549181204034583e-12
10,10,0.0,3.45,9.842150950751917e-10,5.560350728246293e-12
10,10,0.0,3.5,9.844699968214446e-10,4.648111338595578e-12
10,10,0.0,3.55,9.846811083977498e-10,3.808004977939651e-12
10,10,0.0,3.6,9.84851926055422e-10,3.0356247041067904e-12
10,10,0.0,3.65,9.849857271088792e-10,2.326620977571484e-12
10,10,0.0,3.7,9.85085572949985e-10,1.6767073339526827e-12
10,10,0.0,3.75,9.851543123319181e-10,1.081665497441857e-12
10,10,0.0,3.8,9.851945848957118e-10,5.37349986626457e-13
10,10,0.0,3.85,9.85208824915469e-10,3.9692259804131715e-14
10,10,0.0,3.9,9.851992652401607e-10,-4.1529555727784645e-13
10,10,0.0,3.95,9.851679414122485e-10,-8.315173221571604e-13
10,10,0.0,4.0,9.851166959450448e-10,-1.2127898693976332e-12
10,10,0.0,4.05,9.850471827424671e-10,-1.5628403152318912e-12
10,10,0.0,4.1,9.849608716463986e-10,-1.885303644094438e-12
10,10,0.0,4.15,9.848590530982862e-10,-2.1837205509515055e-12
10,10,0.0,4.2,9.847428429025886e-10,-2.461535515982724e-12
10,10,0.0,4.25,9.846131870812747e-10,-2.7220950906277063e-12
10,10,0.0,4.3,9.844708668090072e-10,-2.968646376283451e-12
10,10,0.0,4.35,9.843165034200327e-10,-3.204335679018408e-12
10,10,0.0,4.4,9.841505634781263e-10,-3.432207325572652e-12
10,10,0.0,4.45,9.8397336390213e-10,-3.655202627679048e-12
10,10,0.0,4.5,9.8378507713964e-10,-3.8761589833418924e-12
10,10,0.0,4.55,9.835857363825053e-10,-4.097809105173024e-12
10,10,0.0,4.6,9.833752408179558e-10,-4.322780367252565e-12
10,10,0.0,4.65,9.83153360909475e-10,-4.553594263181248e-12
10,10,0.0,4.7,9.829197437022096e-10,-4.7926659691273865e-12
10,10,0.0,4.75,9.826739181476458e-10,-5.042304006688353e-12
10,10,0.0,4.8,9.82415300442774e-10,-5.3047100012964315e-12
10,10,0.0,4.85,9.821431993790594e-10,-5.581978532749678e-12
10,10,0.0,4.9,9.818568216964979e-10,-5.876097075184862e-12
10,10,0.0,4.95,9.815552774386616e-10,-6.188946024485183e-12
10,10,0.0,5.0,9.81237585304097e-10,-6.522298811722473e-12
10,10,1.0,0.0,8.041004057817286e-10,4.968226650192418e-08
10,10,1.0,0.05,1.0466914663974347e-08,4.0828505617208853e-07
10,10,1.0,0.1,4.166254200703706e-08,7.501667188809676e-07
10,10,1.0,0.15,7.589713230458275e-08,5.665893373083284e-07
10,10,1.0,0.2,9.75754920551047e-08,3.181024416155349e-07
10,10,1.0,0.25,1.0978436106054217e-07,1.8813142809525978e-07
10,10,1.0,0.3,1.1767564233697704e-07,1.360052837004706e-07
10,10,1.0,0.35,1.239359112127447e-07,1.1776971686322575e-07
10,10,1.0,0.4,1.2966384367593528e-07,1.1260072652743401e-07
10,10,1.0,0.45,1.3527338316088005e-07,1.1223117731987798e-07
10,10,1.0,0.5,1.409142023944572e-07,1.1355439072300887e-07
10,10,1.0,0.55,1.4663754982528762e-07,1.1542273166231303e-07
10,10,1.0,0.6,1.5245837830898126e-07,1.1741310223855537e-07
10,10,1.0,0.65,1.5837822325899356e-07,1.1936814892635832e-07
10,10,1.0,0.7,1.6439358799112248e-07,1.2122794970321798e-07
10,10,1.0,0.75,1.704990251654035e-07,1.229685717930202e-07
10,10,1.0,0.8,1.7668828401583726e-07,1.2457968889978852e-07
10,10,1.0,0.85,1.829547532027044e-07,1.2605643119712588e-07
10,10,1.0,0.9,1.8929164702399926e-07,1.2739641063847532e-07
10,10,1.0,0.95,1.9569209763060614e-07,1.2859862323407854e-07
10,10,1.0,1.0,2.0214921213341597e-07,1.296630289062382e-07
10,10,1.0,1.05,2.0865611578830906e-07,1.305903736086534e-07
10,10,1.0,1.1,2.1520598877844775e-07,1.3138209627721473e-07
10,10,1.0,1.15,2.2179209918491086e-07,1.320402641447762e-07
10,10,1.0,1.2,2.2840783298142885e-07,1.3256751658773445e-07
10,10,1.0,1.25,2.3504672128425515e-07,1.3296701092821715e-07
10,10,1.0,1.3,2.4170246489838844e-07,1.3324236837625437e-07
10,10,1.0,1.35,2.483689561598188e-07,1.333976199690474e-07
10,10,1.0,1.4,2.550402980826535e-07,1.334371529129399e-07
10,10,1.0,1.45,2.6171082084471424e-07,1.3336565787282325e-07
10,10,1.0,1.5,2.683750956725236e-07,1.3318807774366674e-07
10,10,1.0,1.55,2.750279462119339e-07,1.3290955837595703e-07
10,10,1.0,1.6,2.816644574922069e-07,1.3253540164718022e-07
10,10,1.0,1.65,2.882799826089386e-07,1.320710211890781e-07
10,10,1.0,1.7,2.9487014726469996e-07,1.3152190100125574e-07
10,10,1.0,1.75,3.0143085231596233e-07,1.3089355710870298e-07
10,10,1.0,1.8,3.07958274480989e-07,1.3019150235468398e-07
10,10,1.0,1.85,3.1444886536661674e-07,1.2942121436253086e-07
10,10,1.0,1.9,3.208993489720401e-07,1.2858810664958732e-07
10,10,1.0,1.95,3.2730671782600074e-07,1.2769750283445978e-07
10,10,1.0,2.0,3.33668227909745e-07,1.2675461384383548e-07
10,10,1.0,2.05,3.3998139251284105e-07,1.2576451799754576e-07
10,10,1.0,2.1,3.462439751622867e-07,1.2473214382928255e-07
10,10,1.0,2.15,3.524539817577512e-07,1.2366225548495192e-07
10,10,1.0,2.2,3.5860965203771294e-07,1.2255944053040948e-07
10,10,1.0,2.25,3.647094504925802e-07,1.2142809999446733e-07
10,10,1.0,2.3,3.7075205683217435e-07,1.202724404710574e-07
10,10,1.0,2.35,3.7673635610616964e-07,1.1909646810557145e-07
10,10,1.0,2.4,3.8266142856733547e-07,1.179039842940613e-07
10,10,1.0,2.45,3.8852653935914826e-07,1.1669858292976088e-07
10,10,1.0,2.5,3.9433112810104354e-07,1.1548364903860157e-07
10,10,1.0,2.55,4.0007479843707906e-07,1.1426235865384911e-07
10,10,1.0,2.6,4.057573076063068e-07,1.1303767978907544e-07
10,10,1.0,2.65,4.11378556086541e-07,1.1181237437832645e-07
10,10,1.0,2.7,4.169385773567406e-07,1.1058900106206973e-07
10,10,1.0,2.75,4.224375278174886e-07,1.0936991870728123e-07
10,10,1.0,2.8,4.278756769036908e-07,1.0815729055955867e-07
10,10,1.0,2.85,4.332533974187246e-07,1.0695308893436112e-07
10,10,1.0,2.9,4.385711561148557e-07,1.057591003632707e-07
10,10,1.0,2.95,4.438295045407564e-07,1.0457693111945447e-07
10,10,1.0,3.0,4.490290701733146e-07,1.034080130542623e-07
10,10,1.0,3.05,4.5417054784780647e-07,1.022536096841022e-07
10,10,1.0,3.1,4.5925469149750926e-07,1.0111482247334138e-07
10,10,1.0,3.15,4.642823062113457e-07,9.99925972650567e-08
10,10,1.0,3.2,4.6925424061584375e-07,9.888773081696874e-08
10,10,1.0,3.25,4.7417137958577346e-07,9.780087740490845e-08
10,10,1.0,3.3,4.790346372859082e-07,9.673255546063553e-08
10,10,1.0,3.35,4.838449505449138e-07,9.568315421489636e-08
10,10,1.0,3.4,4.886032725610223e-07,9.465294032022707e-08
10,10,1.0,3.45,4.933105669378463e-07,9.364206443120905e-08
10,10,1.0,3.5,4.979678020477204e-07,9.265056772277215e-08
10,10,1.0,3.55,5.025759457190896e-07,9.167838832969414e-08
10,10,1.0,3.6,5.071359602435376e-07,9.072536769267117e-08
10,10,1.0,3.65,5.116487976975804e-07,8.979125679837846e-08
10,10,1.0,3.7,5.161153955735293e-07,8.887572230266134e-08
10,10,1.0,3.75,5.205366727134403e-07,8.797835252759587e-08
10,10,1.0,3.8,5.249135255395617e-07,8.709866332451042e-08
10,10,1.0,3.85,5.292468245744476e-07,8.623610379630533e-08
10,10,1.0,3.9,5.335374112435756e-07,8.539006187347413e-08
10,10,1.0,3.95,5.377860949529717e-07,8.455986973918777e-08
10,10,1.0,4.0,5.419936504342661e-07,8.374480909965713e-08
10,10,1.0,4.05,5.461608153493221e-07,8.294411629674246e-08
10,10,1.0,4.1,5.502882881464936e-07,8.215698726043325e-08
10,10,1.0,4.15,5.543767261604925e-07,8.13825822994505e-08
10,10,1.0,4.2,5.584267439476726e-07,8.062003072870221e-08
10,10,1.0,4.25,5.624389118486185e-07,7.986843533285498e-08
10,10,1.0,4.3,5.664137547698136e-07,7.912687666566378e-08
10,10,1.0,4.35,5.703517511761344e-07,7.839441718509225e-08
10,10,1.0,4.4,5.742533322860391e-07,7.767010522460045e-08
10,10,1.0,4.45,5.781188814612369e-07,7.695297880127145e-08
10,10,1.0,4.5,5.819487337826596e-07,7.624206926170687e-08
10,10,1.0,4.55,5.857431758047337e-07,7.55364047668882e-08
10,10,1.0,4.6,5.89502445479924e-07,7.483501361738961e-08
10,10,1.0,4.65,5.93226732245501e-07,7.413692742052303e-08
10,10,1.0,4.7,5.969161772648217e-07,7.344118410118282e-08
10,10,1.0,4.75,6.005708738152815e-07,7.274683075829256e-08
10,10,1.0,4.8,6.041908678151847e-07,7.205292636887905e-08
10,10,1.0,4.85,6.077761584821799e-07,7.135854434196225e-08
10,10,1.0,4.9,6.113266991155874e-07,7.06627749244948e-08
10,10,1.0,4.95,6.148423979954168e-07,6.99647274617294e-08
10,10,1.0,5.0,6.183231193907883e-07,6.926353251443826e-08
10,10,2.0,0.0,1.5404324543468428e-09,9.964353533768227e-08
10,10,2.0,0.05,2.68910547087844e-08,1.243798197491823e-06
10,10,2.0,0.1,1.4643760471084426e-07,3.3433725280019756e-06
10,10,2.0,0.15,3.16247804449972e-07,3.060195304963536e-06
10,10,2.0,0.2,4.3789348285300547e-07,1.8395424218041855e-06
10,10,2.0,0.25,5.090081046394839e-07,1.0981172451739534e-06
10,10,2.0,0.3,5.548853603972938e-07,7.866751680088379e-07
10,10,2.0,0.35,5.909755419898104e-07,6.774691673823497e-07
10,10,2.0,0.4,6.239357254202821e-07,6.487593028583843e-07
10,10,2.0,0.45,6.563388027048692e-07,6.502326095536375e-07
10,10,2.0,0.5,6.891347222910855e-07,6.626104317825054e-07
10,10,2.0,0.55,7.226589875283253e-07,6.786710235161684e-07
10,10,2.0,0.6,7.570173216466936e-07,6.95711066981098e-07
10,10,2.0,0.65,7.922289479138934e-07,7.127006743072411e-07
10,10,2.0,0.7,8.282795802287459e-07,7.292285875357894e-07
10,10,2.0,0.75,8.651410517722147e-07,7.451138264056418e-07
10,10,2.0,0.8,9.027786810460348e-07,7.602632343533549e-07
10,10,2.0,0.85,9.411541457689865e-07,7.746193939233704e-07
10,10,2.0,0.9,9.80226716965873e-07,7.881416601380085e-07
10,10,2.0,0.95,1.0199538970534657e-06,8.007992839373914e-07
10,10,2.0,1.0,1.0602918419102226e-06,8.125689142102936e-07
10,10,2.0,1.05,1.1011957036431438e-06,8.234336554105178e-07
10,10,2.0,1.1,1.1426199418124686e-06,8.33382650735989e-07
10,10,2.0,1.15,1.1845186185098398e-06,8.424108181478782e-07
10,10,2.0,1.2,1.2268456810641823e-06,8.505186074688791e-07
10,10,2.0,1.25,1.269555232134339e-06,8.577117351846664e-07
10,10,2.0,1.3,1.312601785722924e-06,8.640008860077295e-07
10,10,2.0,1.35,1.3559405074444042e-06,8.694013821218195e-07
10,10,2.0,1.4,1.399527437550639e-06,8.739328252550257e-07
10,10,2.0,1.45,1.4433196955151483e-06,8.776187180783476e-07
10,10,2.0,1.5,1.4872756653105607e-06,8.804860716425809e-07
10,10,2.0,1.55,1.531355160844273e-06,8.825650053064857e-07
10,10,2.0,1.6,1.5755195713283681e-06,8.838883451304506e-07
10,10,2.0,1.65,1.6197319866443847e-06,8.844912261202538e-07
10,10,2.0,1.7,1.6639573030166204e-06,8.84410703062297e-07
10,10,2.0,1.75,1.7081623095284088e-06,8.836853740256033e-07
10,10,2.0,1.8,1.7523157562023984e-06,8.823550199409577e-07
10,10,2.0,1.85,1.7963884045208252e-06,8.804602630214699e-07
10,10,2.0,1.9,1.8403530613836152e-06,8.780422461738498e-07
10,10,2.0,1.95,1.884184597596064e-06,8.751423349771925e-07
10,10,2.0,2.0,1.9278599520423565e-06,8.718018432813103e-07
10,10,2.0,2.05,1.9713581227426804e-06,8.68061783006316e-07
10,10,2.0,2.1,2.0146601460094317e-06,8.639626383094153e-07
10,10,2.0,2.15,2.0577490649178033e-06,8.595441639257787e-07
10,10,2.0,2.2,2.1006098882877766e-06,8.548452071854186e-07
10,10,2.0,2.25,2.143229541343778e-06,8.499035529561141e-07
10,10,2.0,2.3,2.1855968091750902e-06,8.447557905592712e-07
10,10,2.0,2.35,2.227702274068647e-06,8.39437201548026e-07
10,10,2.0,2.4,2.2695382477266416e-06,8.339816671199714e-07
10,10,2.0,2.45,2.3110986993188285e-06,8.28421593857006e-07
10,10,2.0,2.5,2.3523791802515396e-06,8.227878564361401e-07
10,10,2.0,2.55,2.393376746468087e-06,8.171097559346598e-07
10,10,2.0,2.6,2.4340898790253953e-06,8.114149923552897e-07
10,10,2.0,2.65,2.4745184036243066e-06,8.057296500190578e-07
10,10,2.0,2.7,2.5146634097036573e-06,8.00078194510848e-07
10,10,2.0,2.75,2.554527169643962e-06,7.944834799125611e-07
10,10,2.0,2.8,2.5941130585648355e-06,7.889667651180581e-07
10,10,2.0,2.85,2.6334254751410524e-06,7.835477380899648e-07
10,10,2.0,2.9,2.6724697638078314e-06,7.782445469893983e-07
10,10,2.0,2.95,2.7112521386733992e-06,7.730738371827015e-07
10,10,2.0,3.0,2.7497796094094294e-06,7.680507932039831e-07
10,10,2.0,3.05,2.788059909345868e-06,7.631891848264654e-07
10,10,2.0,3.1,2.8261014259554997e-06,7.585014164685013e-07
10,10,2.0,3.15,2.8639131338777365e-06,7.539985792312536e-07
10,10,2.0,3.2,2.9015045305964457e-06,7.49690504932861e-07
10,10,2.0,3.25,2.9388855748574344e-06,7.455858215690021e-07
10,10,2.0,3.3,2.976066627884009e-06,7.416920096910555e-07
10,10,2.0,3.35,3.013058397424753e-06,7.380154592505832e-07
10,10,2.0,3.4,3.049871884646878e-06,7.345615265125935e-07
10,10,2.0,3.45,3.086518333869545e-06,7.313345906897903e-07
10,10,2.0,3.5,3.1230091851155922e-06,7.283381099959859e-07
10,10,2.0,3.55,3.1593560294459114e-06,7.255746768589329e-07
10,10,2.0,3.6,3.1955705670287373e-06,7.230460720713742e-07
10,10,2.0,3.65,3.231664567886035e-06,7.207533176940796e-07
10,10,2.0,3.7,3.2676498352505035e-06,7.18696728556318e-07
10,10,2.0,3.75,3.303538171459965e-06,7.16875962227793e-07
10,10,2.0,3.8,3.3393413463099194e-06,7.152900673616488e-07
10,10,2.0,3.85,3.3750710677807326e-06,7.139375303310408e-07
10,10,2.0,3.9,3.410738955053122e-06,7.128163201022374e-07
10,10,2.0,3.95,3.4463565137219777e-06,7.119239313050041e-07
10,10,2.0,4.0,3.4819351131183744e-06,7.112574254771245e-07
10,10,2.0,4.05,3.5174859656478277e-06,7.108134704736466e-07
10,10,2.0,4.1,3.5530201080531363e-06,7.105883780435463e-07
10,10,2.0,4.15,3.5885483845107158e-06,7.105781395870962e-07
10,10,2.0,4.2,3.6240814314693853e-06,7.107784601158852e-07
10,10,2.0,4.25,3.659629664143165e-06,7.111847904454382e-07
10,10,2.0,4.3,3.69520326457016e-06,7.117923576564633e-07
10,10,2.0,4.35,3.7308121711519375e-06,7.125961938662195e-07
10,10,2.0,4.4,3.7664660695903916e-06,7.135911633558841e-07
10,10,2.0,4.45,3.802174385140762e-06,7.147719881031248e-07
10,10,2.0,4.5,3.837946276102533e-06,7.161332717719011e-07
10,10,2.0,4.55,3.8737906284722805e-06,7.176695222134697e-07
10,10,2.0,4.6,3.909716051685707e-06,7.193751725340293e-07
10,10,2.0,4.65,3.9457308753781575e-06,7.212446007851976e-07
10,10,2.0,4.7,3.981843147096641e-06,7.232721483340872e-07
10,10,2.0,4.75,4.018060630898309e-06,7.254521369695807e-07
10,10,2.0,4.8,4.054390806773985e-06,7.277788848012016e-07
10,10,2.0,4.85,4.090840870837526e-06,7.302467210062358e-07
10,10,2.0,4.9,4.127417736224916e-06,7.328499994799091e-07
10,10,2.0,4.95,4.164128034649738e-06,7.355831114423569e-07
10,10,2.0,5.0,4.200978118563508e-06,7.384404970546314e-07
10,10,3.0,0.0,1.4724511554329011e-09,9.53401333231762e-08
10,10,3.0,0.05,3.1510717586739043e-08,1.669703967468841e-06
10,10,3.0,0.1,2.3769094836327994e-07,6.717054552697299e-06
10,10,3.0,0.15,6.235039085609006e-07,7.598613513303336e-06
10,10,3.0,0.2,9.35427265198144e-07,4.784728246033548e-06
10,10,3.0,0.25,1.1170454140194016e-06,2.7085696621771917e-06
10,10,3.0,0.3,1.2255899032198316e-06,1.7743843600905975e-06
10,10,3.0,0.35,1.3040508360593233e-06,1.4244459634648558e-06
10,10,3.0,0.4,1.3718849341106101e-06,1.312072593661464e-06
10,10,3.0,0.45,1.4366995364596197e-06,1.2889743816470544e-06
10,10,3.0,0.5,1.5012987582873763e-06,1.2979323034505898e-06
10,10,3.0,0.55,1.566664068621495e-06,1.3175677720048525e-06
10,10,3.0,0.6,1.6330988063656683e-06,1.3399466240802985e-06
10,10,3.0,0.65,1.7006540635249125e-06,1.3620995662066519e-06
10,10,3.0,0.7,1.7692856380741932e-06,1.3828850987775454e-06
10,10,3.0,0.75,1.838911917666574e-06,1.401838940526927e-06
10,10,3.0,0.8,1.909435495268598e-06,1.4187536961412593e-06
10,10,3.0,0.85,1.9807515496952506e-06,1.4335256748809804e-06
10,10,3.0,0.9,2.052751406286197e-06,1.4460991422954168e-06
10,10,3.0,0.95,2.125324342384394e-06,1.456445969218243e-06
10,10,3.0,1.0,2.1983587479710834e-06,1.4645580415884684e-06
10,10,3.0,1.05,2.2717430392410056e-06,1.4704441875934254e-06
10,10,3.0,1.1,2.345366463754574e-06,1.4741286316278238e-06
10,10,3.0,1.15,2.419119842104131e-06,1.4756499007801818e-06
10,10,3.0,1.2,2.4928962576779116e-06,1.4750598085120778e-06
10,10,3.0,1.25,2.566591694768687e-06,1.4724223952049778e-06
10,10,3.0,1.3,2.6401056219653943e-06,1.467812798191014e-06
10,10,3.0,1.35,2.713341517378618e-06,1.4613160574548105e-06
10,10,3.0,1.4,2.786207332903279e-06,1.4530258747987177e-06
10,10,3.0,1.45,2.858615895713822e-06,1.443043347564725e-06
10,10,3.0,1.5,2.93048524625147e-06,1.4314756980243242e-06
10,10,3.0,1.55,3.0017389129879073e-06,1.4184350181772495e-06
10,10,3.0,1.6,3.0723061251879633e-06,1.404037047682252e-06
10,10,3.0,1.65,3.1421219657231217e-06,1.3884000003222085e-06
10,10,3.0,1.7,3.21112746669635e-06,1.371643451944162e-06
10,10,3.0,1.75,3.2792696512239426e-06,1.3538873003344797e-06
10,10,3.0,1.8,3.3465015251817563e-06,1.3352508050644051e-06
10,10,3.0,1.85,3.4127820230669595e-06,1.3158517130327112e-06
10,10,3.0,1.9,3.4780759123581586e-06,1.2958054732912178e-06
10,10,3.0,1.95,3.5423536608868666e-06,1.2752245427907738e-06
10,10,3.0,2.0,3.6055912717706255e-06,1.254217782960048e-06
10,10,3.0,2.05,3.667770090415855e-06,1.2328899455311582e-06
10,10,3.0,2.1,3.728876587985882e-06,1.2113412447631746e-06
10,10,3.0,2.15,3.788902125561248e-06,1.189667012179654e-06
10,10,3.0,2.2,3.847842703003169e-06,1.1679574291200427e-06
10,10,3.0,2.25,3.905698696280209e-06,1.1462973317928649e-06
10,10,3.0,2.3,3.962474586741383e-06,1.124766083092928e-06
10,10,3.0,2.35,4.018178685524529e-06,1.1034375051857364e-06
10,10,3.0,2.4,4.072822855986004e-06,1.082379866749426e-06
10,10,3.0,2.45,4.126422236731474e-06,1.0616559187764303e-06
10,10,3.0,2.5,4.178994967526049e-06,1.0413229729541076e-06
10,10,3.0,2.55,4.230561920066975e-06,1.0214330168452952e-06
10,10,3.0,2.6,4.281146435319651e-06,1.0020328603590838e-06
10,10,3.0,2.65,4.330774068851062e-06,9.831643083222114e-07
10,10,3.0,2.7,4.379472345342444e-06,9.648643543171087e-07
10,10,3.0,2.75,4.427270523232149e-06,9.471653913322327e-07
10,10,3.0,2.8,4.474199370225576e-06,9.300954351613465e-07
10,10,3.0,2.85,4.520290950216908e-06,9.136783568828444e-07
10,10,3.0,2.9,4.56557842199239e-06,8.979341211392197e-07
10,10,3.0,2.95,4.610095849931439e-06,8.828790273152438e-07
10,10,3.0,3.0,4.653878026785627e-06,8.685259510758533e-07
10,10,3.0,3.05,4.696960308496985e-06,8.54884584067619e-07
10,10,3.0,3.1,4.7393784609157435e-06,8.419616699089194e-07
10,10,3.0,3.15,4.781168518191476e-06,8.297612348913453e-07
10,10,3.0,3.2,4.8223666525394096e-06,8.182848120879466e-07
10,10,3.0,3.25,4.863009055024496e-06,8.075316578122373e-07
10,10,3.0,3.3,4.90313182695983e-06,7.974989595959636e-07
10,10,3.0,3.35,4.942770881478336e-06,7.881820350537744e-07
10,10,3.0,3.4,4.981961854809664e-06,7.795745211803012e-07
10,10,3.0,3.45,5.020740026776825e-06,7.716685537813171e-07
10,10,3.0,3.5,5.05914025001341e-06,7.644549368760132e-07
10,10,3.0,3.55,5.097196887399751e-06,7.579233020247449e-07
10,10,3.0,3.6,5.134943757213923e-06,7.520622576359755e-07
10,10,3.0,3.65,5.172414085500652e-06,7.468595283904166e-07
10,10,3.0,3.7,5.2096404651684755e-06,7.423020849899716e-07
10,10,3.0,3.75,5.246654821337724e-06,7.383762644960556e-07
10,10,3.0,3.8,5.283488382476909e-06,7.350678815675409e-07
10,10,3.0,3.85,5.320171656880042e-06,7.323623309438526e-07
10,10,3.0,3.9,5.356734414057718e-06,7.302446815455382e-07
10,10,3.0,3.95,5.393205670630954e-06,7.286997625831951e-07
10,10,3.0,4.0,5.429613680339797e-06,7.277122420780836e-07
10,10,3.0,4.05,5.4659859277962204e-06,7.272666982038429e-07
10,10,3.0,4.1,5.502349125633607e-06,7.273476838604185e-07
10,10,3.0,4.15,5.538729214724108e-06,7.27939784888579e-07
10,10,3.0,4.2,5.575151367155743e-06,7.290276723273268e-07
10,10,3.0,4.25,5.611639991682549e-06,7.305961491078844e-07
10,10,3.0,4.3,5.648218741377463e-06,7.326301915664492e-07
10,10,3.0,4.35,5.684910523239633e-06,7.351149861454223e-07
10,10,3.0,4.4,5.721737509523388e-06,7.380359616382611e-07
10,10,3.0,4.45,5.758721150575859e-06,7.413788173181636e-07
10,10,3.0,4.5,5.795882188984232e-06,7.451295472745416e-07
10,10,3.0,4.55,5.833240674851848e-06,7.492744612651924e-07
10,10,3.0,4.6,5.870815982035868e-06,7.538002023754223e-07
10,10,3.0,4.65,5.908626825193689e-06,7.58693761758789e-07
10,10,3.0,4.7,5.946691277499051e-06,7.639424907178917e-07
10,10,3.0,4.75,5.9850267889006125e-06,7.695341103674449e-07
10,10,3.0,4.8,6.023650204807845e-06,7.754567191061971e-07
10,10,3.0,4.85,6.062577785100808e-06,7.816987981091623e-07
10,10,3.0,4.9,6.1018252233682055e-06,7.882492150366176e-07
10,10,3.0,4.95,6.1414076662910895e-06,7.950972261427359e-07
10,10,3.0,5.0,6.1813397330948715e-06,8.022324769527151e-07
10,10,4.0,0.0,1.5740609828107679e-09,9.77981238442196e-08
10,10,4.0,0.05,3.704924969501653e-08,2.173963340677501e-06
10,10,4.0,0.1,3.8782538064547243e-07,1.33405195039688e-05
10,10,4.0,0.15,1.2815156384503195e-06,1.959748596170168e-05
10,10,4.0,0.2,2.1249745654497312e-06,1.328892946737096e-05
10,10,4.0,0.25,2.6219684040032626e-06,7.147544535947965e-06
10,10,4.0,0.3,2.893998231023731e-06,4.161620163120837e-06
10,10,4.0,0.35,3.067915711018395e-06,2.986476432267062e-06
10,10,4.0,0.4,3.2049168992723867e-06,2.567587060947555e-06
10,10,4.0,0.45,3.3292830220476745e-06,2.434112793292721e-06
10,10,4.0,0.5,3.449980929374811e-06,2.403248288849447e-06
10,10,4.0,0.55,3.5701650466851905e-06,2.407092366806652e-06
10,10,4.0,0.6,3.690846161409466e-06,2.420762798894608e-06
10,10,4.0,0.65,3.8122504762547242e-06,2.435152255398523e-06
10,10,4.0,0.7,3.934316432469705e-06,2.4469067367727957e-06
10,10,4.0,0.75,4.056876045591378e-06,2.454778228103111e-06
10,10,4.0,0.8,4.179721653403798e-06,2.458302761119681e-06
10,10,4.0,0.85,4.302631166991678e-06,2.4573220524223765e-06
10,10,4.0,0.9,4.42537830399571e-06,2.4518102362355444e-06
10,10,4.0,0.95,4.547737369183281e-06,2.441810597870139e-06
10,10,4.0,1.0,4.669486024156929e-06,2.427411748198929e-06
10,10,4.0,1.05,4.790407274999787e-06,2.408737767269772e-06
10,10,4.0,1.1,4.9102911087509995e-06,2.385943154085706e-06
10,10,4.0,1.15,5.028935923427876e-06,2.359209315368623e-06
10,10,4.0,1.2,5.146149795103209e-06,2.3287414566770477e-06
10,10,4.0,1.25,5.2617515911607995e-06,2.2947655086389088e-06
10,10,4.0,1.3,5.375571928578613e-06,2.2575249979812452e-06
10,10,4.0,1.35,5.487453974451266e-06,2.2172778712610863e-06
10,10,4.0,1.4,5.59725408733762e-06,2.174293312048468e-06
10,10,4.0,1.45,5.704842300327238e-06,2.1288486008278955e-06
10,10,4.0,1.5,5.810102649186716e-06,2.0812260660247287e-06
10,10,4.0,1.55,5.912933351259158e-06,2.0317101699181493e-06
10,10,4.0,1.6,6.01324684282716e-06,1.9805847669449205e-06
10,10,4.0,1.65,6.110969684352991e-06,1.928130565006705e-06
10,10,4.0,1.7,6.20604234436449e-06,1.874622813338915e-06
10,10,4.0,1.75,6.298418873760156e-06,1.820329233605339e-06
10,10,4.0,1.8,6.388066482972898e-06,1.7655082043494553e-06
10,10,4.0,1.85,6.474965034788254e-06,1.7104072029188087e-06
10,10,4.0,1.9,6.55910646567942e-06,1.655261503590462e-06
10,10,4.0,1.95,6.640494148337974e-06,1.60029312593061e-06
10,10,4.0,2.0,6.7191422076786615e-06,1.5457100234579108e-06
10,10,4.0,2.05,6.795074802017115e-06,1.491705499449079e-06
10,10,4.0,2.1,6.868325380393434e-06,1.438457834212484e-06
10,10,4.0,2.15,6.93893592618509e-06,1.386130106319957e-06
10,10,4.0,2.2,7.006956196241311e-06,1.3348701890754205e-06
10,10,4.0,2.25,7.0724429638197e-06,1.2848109028497258e-06
10,10,4.0,2.3,7.135459272628568e-06,1.2360703037523057e-06
10,10,4.0,2.35,7.196073708309094e-06,1.1887520893714518e-06
10,10,4.0,2.4,7.2543596927407806e-06,1.1429461029231165e-06
10,10,4.0,2.45,7.310394805642145e-06,1.0987289180336476e-06
10,10,4.0,2.5,7.364260137076221e-06,1.0561644874800758e-06
10,10,4.0,2.55,7.416039673668196e-06,1.015304840462615e-06
10,10,4.0,2.6,7.465819720603711e-06,9.761908143348516e-07
10,10,4.0,2.65,7.5136883608082506e-06,9.388528081214948e-07
10,10,4.0,2.7,7.559734952109503e-06,9.033115465722526e-07
10,10,4.0,2.75,7.604049662658304e-06,8.695788449006883e-07
10,10,4.0,2.8,7.646723044423284e-06,8.376583657125127e-07
10,10,4.0,2.85,7.687845644184287e-06,8.075463609187276e-07
10,10,4.0,2.9,7.727507651118822e-06,7.792323926397918e-07
10,10,4.0,2.95,7.765798579804702e-06,7.527000282275237e-07
10,10,4.0,3.0,7.802806987244317e-06,7.279275055553432e-07
10,10,4.0,3.05,7.838620222347861e-06,7.048883656516953e-07
10,10,4.0,3.1,7.873324206185987e-06,6.835520505756498e-07
10,10,4.0,3.15,7.90700324123749e-06,6.638844651602491e-07
10,10,4.0,3.2,7.939739847804363e-06,6.458485018815796e-07
10,10,4.0,3.25,7.971614625742747e-06,6.29404528654675e-07
10,10,4.0,3.3,8.002706139662174e-06,6.145108398177792e-07
10,10,4.0,3.35,8.033090825765785e-06,6.011240709498973e-07
10,10,4.0,3.4,8.062842918546999e-06,5.891995784805775e-07
10,10,4.0,3.45,8.09203439561131e-06,5.786917853017773e-07
10,10,4.0,3.5,8.12073493895769e-06,5.695544937866765e-07
10,10,4.0,3.55,8.149011911127496e-06,5.617411677658182e-07
10,10,4.0,3.6,8.176930344711493e-06,5.552051851136769e-07
10,10,4.0,3.65,8.20455294378626e-06,5.499000626636118e-07
10,10,4.0,3.7,8.231940095941319e-06,5.457796552029608e-07
10,10,4.0,3.75,8.259149893645044e-06,5.427983303066269e-07
10,10,4.0,3.8,8.286238163783706e-06,5.409111207518875e-07
10,10,4.0,3.85,8.313258504297529e-06,5.400738562236432e-07
10,10,4.0,3.9,8.340262326918046e-06,5.402432759707325e-07
10,10,4.0,3.95,8.367298905096298e-06,5.413771240145397e-07
10,10,4.0,4.0,8.39441542628677e-06,5.43434228442485e-07
10,10,4.0,4.05,8.421657047828954e-06,5.463745662446051e-07
10,10,4.0,4.1,8.449066955738376e-06,5.501593150724517e-07
10,10,4.0,4.15,8.476686425785297e-06,5.547508932183982e-07
10,10,4.0,4.2,8.504554886304082e-06,5.601129890311198e-07
10,10,4.0,4.25,8.532709982232421e-06,5.662105809008092e-07
10,10,4.0,4.3,8.561187639936554e-06,5.730099488669176e-07
10,10,4.0,4.35,8.590022132427726e-06,5.804786788220823e-07
10,10,4.0,4.4,8.619246144622515e-06,5.885856602094756e-07
10,10,4.0,4.45,8.648890838343123e-06,5.973010780374856e-07
10,10,4.0,4.5,8.678985916791267e-06,6.065963999653632e-07
10,10,4.0,4.55,8.709559688268813e-06,6.164443591473275e-07
10,10,4.0,4.6,8.740639128946449e-06,6.268189334595192e-07
10,10,4.0,4.65,8.77224994451611e-06,6.376953216756236e-07
10,10,4.0,4.7,8.804416630586243e-06,6.490499171016407e-07
10,10,4.0,4.75,8.83716253170507e-06,6.608602791290949e-07
10,10,4.0,4.8,8.870509898918142e-06,6.731051031182947e-07
10,10,4.0,4.85,8.904479945785774e-06,6.857641889792346e-07
10,10,4.0,4.9,8.939092902804387e-06,6.988184087771405e-07
10,10,4.0,4.95,8.974368070189449e-06,7.12249673652395e-07
10,10,4.0,5.0,9.010323868992768e-06,7.260409003103633e-07
10,10,5.0,0.0,1.6911727563767623e-09,9.69287338236488e-08
10,10,5.0,0.05,3.8902012987332994e-08,2.43801941691495e-06
10,10,5.0,0.1,5.534720363407238e-07,2.2760283106347683e-05
10,10,5.0,0.15,2.4003965619298453e-06,4.6093400731224985e-05
10,10,5.0,0.2,4.5343637583561555e-06,3.538497165486032e-05
10,10,5.0,0.25,5.861236834553304e-06,1.8748150060832993e-05
10,10,5.0,0.3,6.545441187959507e-06,9.826943963779797e-06
10,10,5.0,0.35,6.931326489192795e-06,6.18518054335862e-06
10,10,5.0,0.4,7.201285693349505e-06,4.83978873382487e-06
10,10,5.0,0.45,7.4294471240795015e-06,4.369886548828257e-06
10,10,5.0,0.5,7.643375825123939e-06,4.216645329690125e-06
10,10,5.0,0.55,7.852871962559118e-06,4.172933453503951e-06
10,10,5.0,0.6,8.061215950464712e-06,4.1634482173117764e-06
10,10,5.0,0.65,8.269324850460904e-06,4.160959729267526e-06
10,10,5.0,0.7,8.477261358236743e-06,4.155622931837309e-06
10,10,5.0,0.75,8.68477930271632e-06,4.1438836843405e-06
10,10,5.0,0.8,8.891521688897876e-06,4.1244879632785135e-06
10,10,5.0,0.85,9.097093864299452e-06,4.097048783618798e-06
10,10,5.0,0.9,9.301091843480737e-06,4.06153131739436e-06
10,10,5.0,0.95,9.503114494014718e-06,4.01806683453553e-06
10,10,5.0,1.0,9.702769848713793e-06,3.96688394629011e-06
10,10,5.0,1.05,9.899679195257652e-06,3.908281346516121e-06
10,10,5.0,1.1,1.009348022620198e-05,3.842614950063786e-06
10,10,5.0,1.15,1.0283829687446865e-05,3.77028979837483e-06
10,10,5.0,1.2,1.0470405664714514e-05,3.691753368473244e-06
10,10,5.0,1.25,1.0652909545010025e-05,3.6074891684699333e-06
10,10,5.0,1.3,1.0831067657697074e-05,3.5180103071206482e-06
10,10,5.0,1.35,1.1004632592556237e-05,3.423853010400669e-06
10,10,5.0,1.4,1.117338419372541e-05,3.3255701554872267e-06
10,10,5.0,1.45,1.1337130232814162e-05,3.223724920829572e-06
10,10,5.0,1.5,1.1495706769535017e-05,3.1188846530215447e-06
10,10,5.0,1.55,1.16489782130451e-05,3.011615042747366e-06
10,10,5.0,1.6,1.1796837101496128e-05,2.9024746891814414e-06
10,10,5.0,1.65,1.1939203620892778e-05,2.7920101174400182e-06
10,10,5.0,1.7,1.20760248872084e-05,2.6807512983014577e-06
10,10,5.0,1.75,1.2207274017780761e-05,2.5692077041714495e-06
10,10,5.0,1.8,1.2332949019348051e-05,2.4578649207372787e-06
10,10,5.0,1.85,1.245307152070923e-05,2.3471818202939207e-06
10,10,5.0,1.9,1.2567685377989629e-05,2.237588290649506e-06
10,10,5.0,1.95,1.2676855179914322e-05,2.129483502991113e-06
10,10,5.0,2.0,1.2780664679434927e-05,2.0232346932483906e-06
10,10,5.0,2.05,1.2879215176595109e-05,1.919176424341864e-06
10,10,5.0,2.1,1.2972623875746054e-05,1.8176102912325257e-06
10,10,5.0,2.15,1.3061022238216825e-05,1.7188050268086515e-06
10,10,5.0,2.2,1.3144554349378826e-05,1.6229969642362493e-06
10,10,5.0,2.25,1.3223375316792292e-05,1.530390810312178e-06
10,10,5.0,2.3,1.3297649713848677e-05,1.4411606844251326e-06
10,10,5.0,2.35,1.3367550081074635e-05,1.3554513787736475e-06
10,10,5.0,2.4,1.3433255495086618e-05,1.2733797973340717e-06
10,10,5.0,2.45,1.3494950213124078e-05,1.1950365335455437e-06
10,10,5.0,2.5,1.3552822399154644e-05,1.1204875496194976e-06
10,10,5.0,2.55,1.3607062935774458e-05,1.0497759236444668e-06
10,10,5.0,2.6,1.365786432451691e-05,9.829236341097053e-07
10,10,5.0,2.65,1.3705419675758241e-05,9.199333550028339e-07
10,10,5.0,2.7,1.3749921788147396e-05,8.607902381505063e-07
10,10,5.0,2.75,1.3791562316413521e-05,8.054636628911355e-07
10,10,5.0,2.8,1.3830531025486409e-05,7.539089364327949e-07
10,10,5.0,2.85,1.386701512811304e-05,7.060689313126095e-07
10,10,5.0,2.9,1.3901198702544786e-05,6.618756492037468e-07
10,10,5.0,2.95,1.3933262186398682e-05,6.212517028919312e-07
10,10,5.0,3.0,1.3963381942445062e-05,5.841117105555426e-07
10,10,5.0,3.05,1.3991729891832521e-05,5.503635985291191e-07
10,10,5.0,3.1,1.4018473210118394e-05,5.199098105150794e-07
10,10,5.0,3.15,1.4043774081407262e-05,4.926484227419658e-07
10,10,5.0,3.2,1.4067789505910009e-05,4.684741658641937e-07
10,10,5.0,3.25,1.4090671156303528e-05,4.472793554742918e-07
10,10,5.0,3.3,1.4112565278387072e-05,4.289547339726644e-07
10,10,5.0,3.35,1.4133612631686771e-05,4.1339022723146007e-07
10,10,5.0,3.4,1.4153948465843459e-05,4.0047562001751134e-07
10,10,5.0,3.45,1.417370252883287e-05,3.901011545242505e-07
10,10,5.0,3.5,1.419299910328363e-05,3.821580566220398e-07
10,10,5.0,3.55,1.4211957067401022e-05,3.765389945890591e-07
10,10,5.0,3.6,1.4230689977239573e-05,3.7313847514587145e-07
10,10,5.0,3.65,1.4249306167309904e-05,3.718531816023967e-07
10,10,5.0,3.7,1.4267908866744533e-05,3.725822588491231e-07
10,10,5.0,3.75,1.428659632848139e-05,3.752275497972416e-07
10,10,5.0,3.8,1.4305461969147474e-05,3.796937877064276e-07
10,10,5.0,3.85,1.4324594517545152e-05,3.858887486428871e-07
10,10,5.0,3.9,1.4344078169849591e-05,3.937233680928295e-07
10,10,5.0,3.95,1.4363992749819143e-05,4.031118255246007e-07
10,10,5.0,4.0,1.4384413872508291e-05,4.1397160045221276e-07
10,10,5.0,4.05,1.4405413110139889e-05,4.262235033086592e-07
10,10,5.0,4.1,1.4427058158955736e-05,4.397916841940847e-07
10,10,5.0,4.15,1.4449413006011352e-05,4.5460362232378466e-07
10,10,5.0,4.2,1.4472538095014636e-05,4.7059009876771145e-07
10,10,5.0,4.25,1.4496490490433373e-05,4.876851548481504e-07
10,10,5.0,4.3,1.4521324039210065e-05,5.058260383472118e-07
10,10,5.0,4.35,1.4547089529522533e-05,5.249531394716969e-07
10,10,5.0,4.4,1.4573834846124424e-05,5.450099183306993e-07
10,10,5.0,4.45,1.4601605121879677e-05,5.659428255010843e-07
10,10,5.0,4.5,1.4630442885183282e-05,5.877012170880281e-07
10,10,5.0,4.55,1.4660388203022654e-05,6.102372655322575e-07
10,10,5.0,4.6,1.4691478819497095e-05,6.335058672717677e-07
10,10,5.0,4.65,1.4723750289662541e-05,6.574645482338256e-07
10,10,5.0,4.7,1.4757236108613509e-05,6.8207336801214e-07
10,10,5.0,4.75,1.4791967835758025e-05,7.07294823473996e-07
10,10,5.0,4.8,1.482797521427195e-05,7.330937524419024e-07
10,10,5.0,4.85,1.4865286285750722e-05,7.594372380039472e-07
10,10,5.0,4.9,1.49039275001021e-05,7.862945139251571e-07
10,10,5.0,4.95,1.494392382074618e-05,8.136368715592027e-07
10,10,5.0,5.0,1.4985298825205291e-05,8.414375685937108e-07
20,5,0.0,0.0,4.17771404122481e-11,2.4171261188848886e-09
20,5,0.0,0.05,4.1648711544350994e-10,1.3921687195176134e-08
20,5,0.0,0.1,1.3217966948758367e-09,1.9377013567119954e-08
20,5,0.0,0.15,2.1379057910447454e-09,1.253575847705166e-08
20,5,0.0,0.2,2.5950242729973917e-09,6.342758811576717e-09
20,5,0.0,0.25,2.827685357342093e-09,3.391097472760671e-09
20,5,0.0,0.3,2.9635362057665092e-09,2.229879339601556e-09
20,5,0.0,0.35,3.0625792852822282e-09,1.8031625943525834e-09
20,5,0.0,0.4,3.148273586296597e-09,1.6504559496957878e-09
20,5,0.0,0.45,3.2292022089355613e-09,1.5957220932318e-09
20,5,0.0,0.5,3.3083838262780008e-09,1.574490062771796e-09
20,5,0.0,0.55,3.3868147964807474e-09,1.5635134385561835e-09
20,5,0.0,0.6,3.46476491568465e-09,1.5544800173500852e-09
20,5,0.0,0.65,3.5422453209142282e-09,1.544455045665324e-09
20,5,0.0,0.7,3.6191769173025833e-09,1.53244062529284e-09
20,5,0.0,0.75,3.695451170178307e-09,1.5181410942082902e-09
20,5,0.0,0.8,3.7709522862011815e-09,1.5015201205139403e-09
20,5,0.0,0.85,3.8455655305322396e-09,1.4826413215797122e-09
20,5,0.0,0.9,3.9191805372654534e-09,1.4616102875656121e-09
20,5,0.0,0.95,3.991692779593826e-09,1.4385528370111053e-09
20,5,0.0,1.0,4.063004330809417e-09,1.413606213128091e-09
20,5,0.0,1.05,4.133024320361748e-09,1.3869149131726838e-09
20,5,0.0,1.1,4.201669230287065e-09,1.3586281990622679e-09
20,5,0.0,1.15,4.268863085599081e-09,1.328898249221779e-09
20,5,0.0,1.2,4.334537560128025e-09,1.2978785922438639e-09
20,5,0.0,1.25,4.398632008375797e-09,1.2657227036558265e-09
20,5,0.0,1.3,4.461093430475765e-09,1.2325827307599512e-09
20,5,0.0,1.35,4.521876376419234e-09,1.1986083382302524e-09
20,5,0.0,1.4,4.580942795588131e-09,1.1639456750453168e-09
20,5,0.0,1.45,4.638261837702345e-09,1.128736464333843e-09
20,5,0.0,1.5,4.693809611341993e-09,1.0931172164464882e-09
20,5,0.0,1.55,4.747568906176498e-09,1.0572185637122017e-09
20,5,0.0,1.6,4.799528884905927e-09,1.0211647134923449e-09
20,5,0.0,1.65,4.849684750711738e-09,9.85073014525019e-10
20,5,0.0,1.7,4.8980373957268625e-09,9.490536302218068e-10
20,5,0.0,1.75,4.944593035693346e-09,9.132093115568458e-10
20,5,0.0,1.8,4.989362835586108e-09,8.776352614534464e-10
20,5,0.0,1.85,5.032362530566414e-09,8.424190821116326e-10
20,5,0.0,1.9,5.073612046192215e-09,8.076407964910225e-10
20,5,0.0,1.95,5.113135121372734e-09,7.733729351482633e-10
20,5,0.0,2.0,5.150958937118685e-09,7.396806797814394e-10
20,5,0.0,2.05,5.187113753712012e-09,7.066220551334608e-10
20,5,0.0,2.1,5.221632558513896e-09,6.742481613172704e-10
20,5,0.0,2.15,5.254550726243169e-09,6.426034391212617e-10
20,5,0.0,2.2,5.2859056931998754e-09,6.117259614085983e-10
20,5,0.0,2.25,5.315736646579099e-09,5.816477443168877e-10
20,5,0.0,2.3,5.344084229719356e-09,5.523950725754562e-10
20,5,0.0,2.35,5.3709902638639416e-09,5.239888338712302e-10
20,5,0.0,2.4,5.396497486771511e-09,4.964448577963325e-10
20,5,0.0,2.45,5.420649308306878e-09,4.697742554921633e-10
20,5,0.0,2.5,5.4434895829613186e-09,4.439837566566759e-10
20,5,0.0,2.55,5.465062399096635e-09,4.190760410985224e-10
20,5,0.0,2.6,5.485411884581957e-09,3.950500625001829e-10
20,5,0.0,2.65,5.504582028382896e-09,3.7190136248891045e-10
20,5,0.0,2.7,5.522616517579748e-09,3.496223735094372e-10
20,5,0.0,2.75,5.539558589225062e-09,3.282027093453926e-10
20,5,0.0,2.8,5.555450896399933e-09,3.076294424485161e-10
20,5,0.0,2.85,5.570335387795099e-09,2.87887367507964e-10
20,5,0.0,2.9,5.584253200118556e-09,2.689592509280544e-10
20,5,0.0,2.95,5.597244562622484e-09,2.508260660848594e-10
20,5,0.0,3.0,5.609348713037078e-09,2.334672144020522e-10
20,5,0.0,3.05,5.6206038242078184e-09,2.1686073242816618e-10
20,5,0.0,3.1,5.631046940742532e-09,2.0098348521283823e-10
20,5,0.0,3.15,5.6407139249924736e-09,1.858113463722167e-10
20,5,0.0,3.2,5.649639411713684e-09,1.7131936530579347e-10
20,5,0.0,3.25,5.657856770778641e-09,1.5748192208121884e-10
20,5,0.0,3.3,5.665398077334922e-09,1.4427287054243134e-10
20,5,0.0,3.35,5.6722940888375605e-09,1.316656702220503e-10
20,5,0.0,3.4,5.6785742284089365e-09,1.1963350765325541e-10
20,5,0.0,3.45,5.6842665740121396e-09,1.0814940768121712e-10
20,5,0.0,3.5,5.689397852952284e-09,9.718633537125882e-11
20,5,0.0,3.55,5.693993441250426e-09,8.671728910154581e-11
20,5,0.0,3.6,5.698077367463196e-09,7.671538541369899e-11
20,5,0.0,3.65,5.701672320551485e-09,6.715393617629894e-11
20,5,0.0,3.7,5.704799661425418e-09,5.800651859467287e-11
20,5,0.0,3.75,5.707479437822243e-09,4.9247038576764976e-11
20,5,0.0,3.8,5.7097304021960285e-09,4.0849787939492e-11
20,5,0.0,3.85,5.711570032323995e-09,3.27894959138371e-11
20,5,0.0,3.9,5.713014554353687e-09,2.5041375380243716e-11
20,5,0.0,3.95,5.714078968039461e-09,1.758116423907748e-11
20,5,0.0,4.0,5.714777073933627e-09,1.0385162294499564e-11
20,5,0.0,4.05,5.715121502316524e-09,3.430264004044913e-12
20,5,0.0,4.1,5.715123743668304e-09,-3.306012578969377e-12
20,5,0.0,4.15,5.714794180498707e-09,-9.845500367472403e-12
20,5,0.0,4.2,5.714142120366595e-09,-1.6209361027762114e-11
20,5,0.0,4.25,5.7131758299355955e-09,-2.2418065734525604e-11
20,5,0.0,4.3,5.7119025699221956e-09,-2.8491378657816782e-11
20,5,0.0,4.35,5.710328630806227e-09,-3.444834296594336e-11
20,5,0.0,4.4,5.7084593691818334e-09,-4.030726914695658e-11
20,5,0.0,4.45,5.706299244639111e-09,-4.608572546897421e-11
20,5,0.0,4.5,5.703851857071389e-09,-5.180053041613216e-11
20,5,0.0,4.55,5.7011199843156384e-09,-5.746774695190565e-11
20,5,0.0,4.6,5.698105620036302e-09,-6.310267847599227e-11
20,5,0.0,4.65,5.6948100117714275e-09,-6.871986635369746e-11
20,5,0.0,4.7,5.6912336990658e-09,-7.43330889089154e-11
20,5,0.0,4.75,5.687376551619061e-09,-7.995536178271406e-11
20,5,0.0,4.8,5.6832378073843266e-09,-8.559893956952375e-11
20,5,0.0,4.85,5.67881611055476e-09,-9.127531865205564e-11
20,5,0.0,4.9,5.674109549379027e-09,-9.699524116428835e-11
20,5,0.0,4.95,5.66911569375299e-09,-1.0276870001920373e-10
20,5,0.0,5.0,5.66383163253352e-09,-1.0860494494461436e-10
20,5,1.0,0.0,1.5111842641639874e-09,9.477819014641533e-08
20,5,1.0,0.05,2.1224357464635705e-08,8.6466130996621e-07
20,5,1.0,0.1,9.085083016297497e-08,1.7356769771825546e-06
20,5,1.0,0.15,1.7209327249600342e-07,1.3742225136653314e-06
20,5,1.0,0.2,2.253261206340798e-07,7.910660881074616e-07
20,5,1.0,0.25,2.5594897206828424e-07,4.764688518828049e-07
20,5,1.0,0.3,2.760895564753897e-07,3.4994977745051715e-07
20,5,1.0,0.35,2.9230278662085613e-07,3.0692654493252787e-07
20,5,1.0,0.4,3.073085650630103e-07,2.964439016387724e-07
20,5,1.0,0.45,3.221420600836122e-07,2.980382914174142e-07
20,5,1.0,0.5,3.3718210883030667e-07,3.039605127439012e-07
20,5,1.0,0.55,3.525612479248006e-07,3.1132458330832593e-07
20,5,1.0,0.6,3.6832030864008645e-07,3.1905288470426885e-07
20,5,1.0,0.65,3.8446563156356213e-07,3.267341666321603e-07
20,5,1.0,0.7,4.009901326758635e-07,3.342025948031519e-07
20,5,1.0,0.75,4.178810811022968e-07,3.413834633193874e-07
20,5,1.0,0.8,4.351230135263015e-07,3.48236833426073e-07
20,5,1.0,0.85,4.5269887448065834e-07,3.547370168487504e-07
20,5,1.0,0.9,4.705905120938788e-07,3.608651457112221e-07
20,5,1.0,0.95,4.887789410843664e-07,3.6660650088243213e-07
20,5,1.0,1.0,5.072445222630615e-07,3.7194955485773856e-07
20,5,1.0,1.05,5.259671119070365e-07,3.7688561836454267e-07
20,5,1.0,1.1,5.44926199409588e-07,3.814086866420083e-07
20,5,1.0,1.15,5.641010389347505e-07,3.855153397220549e-07
20,5,1.0,1.2,5.834707762724447e-07,3.8920464555903325e-07
20,5,1.0,1.25,6.030145705415636e-07,3.9247804949777733e-07
20,5,1.0,1.3,6.227117099329983e-07,3.9533924630237807e-07
20,5,1.0,1.35,6.425417206321113e-07,3.977940356506049e-07
20,5,1.0,1.4,6.624844681550613e-07,3.9985016368998947e-07
20,5,1.0,1.45,6.825202504795439e-07,4.0151715380087305e-07
20,5,1.0,1.5,7.026298825114376e-07,4.028061298020068e-07
20,5,1.0,1.55,7.227947715882044e-07,4.037296347211728e-07
20,5,1.0,1.6,7.429969838711002e-07,4.0430144803952436e-07
20,5,1.0,1.65,7.632193016170327e-07,4.045364040491474e-07
20,5,1.0,1.7,7.834452714454924e-07,4.044502136624157e-07
20,5,1.0,1.75,8.03659243825088e-07,4.040592916958999e-07
20,5,1.0,1.8,8.238464040972013e-07,4.0338059133099605e-07
20,5,1.0,1.85,8.43992795431735e-07,4.0243144713942527e-07
20,5,1.0,1.9,8.640853341714031e-07,4.012294277592453e-07
20,5,1.0,1.95,8.841118180684263e-07,3.997921990242034e-07
20,5,1.0,2.0,9.040609279508125e-07,3.9813739808821576e-07
20,5,1.0,2.05,9.239222233765567e-07,3.962825188518339e-07
20,5,1.0,2.1,9.43686132844235e-07,3.9424480878957223e-07
20,5,1.0,2.15,9.633439391285233e-07,3.920411770967032e-07
20,5,1.0,2.2,9.828877603015967e-07,3.8968811392155785e-07
20,5,1.0,2.25,1.002310526985864e-06,3.872016203229486e-07
20,5,1.0,2.3,1.0216059563633408e-06,3.8459714849129416e-07
20,5,1.0,2.35,1.0407685234415976e-06,3.8188955169380077e-07
20,5,1.0,2.4,1.0597934300475769e-06,3.7909304334679923e-07
20,5,1.0,2.45,1.0786765719902463e-06,3.76221164579998e-07
20,5,1.0,2.5,1.097414504799883e-06,3.732867596348875e-07
20,5,1.0,2.55,1.116004408419401e-06,3.703019584315602e-07
20,5,1.0,2.6,1.1344440511893368e-06,3.6727816564155276e-07
20,5,1.0,2.65,1.152731753435604e-06,3.6422605561766046e-07
20,5,1.0,2.7,1.1708663509370088e-06,3.6115557255262094e-07
20,5,1.0,2.75,1.1888471585188125e-06,3.580759352656236e-07
20,5,1.0,2.8,1.2066739339894446e-06,3.5499564604715673e-07
20,5,1.0,2.85,1.224346842609647e-06,3.51922503027306e-07
20,5,1.0,2.9,1.2418664222576806e-06,3.488636155693439e-07
20,5,1.0,2.95,1.25923354943015e-06,3.458254222280341e-07
20,5,1.0,3.0,1.2764494061959937e-06,3.42813710849936e-07
20,5,1.0,3.05,1.293515448200958e-06,3.3983364043032033e-07
20,5,1.0,3.1,1.310433373801437e-06,3.368897643776192e-07
20,5,1.0,3.15,1.32720509439012e-06,3.339860548712774e-07
20,5,1.0,3.2,1.3438327059609914e-06,3.311259280320835e-07
20,5,1.0,3.25,1.3603184619478524e-06,3.283122696552979e-07
20,5,1.0,3.3,1.3766647473588879e-06,3.25547461286158e-07
20,5,1.0,3.35,1.392874054219583e-06,3.228334064444708e-07
20,5,1.0,3.4,1.4089489583269813e-06,3.201715568299061e-07
20,5,1.0,3.45,1.4248920973105756e-06,3.175629383624725e-07
20,5,1.0,3.5,1.4407061499886475e-06,3.150081769335185e-07
20,5,1.0,3.55,1.4563938170025062e-06,3.125075237612674e-07
20,5,1.0,3.6,1.4719578027067786e-06,3.1006088026193094e-07
20,5,1.0,3.65,1.487400798289655e-06,3.076678223625579e-07
20,5,1.0,3.7,1.5027254660934003e-06,3.0532762419522056e-07
20,5,1.0,3.75,1.5179344251032005e-06,3.030392811241702e-07
20,5,1.0,3.8,1.5330302375698193e-06,3.008015320680551e-07
20,5,1.0,3.85,1.548015396730124e-06,2.9861288108857224e-07
20,5,1.0,3.9,1.5628923155883144e-06,2.964716182249843e-07
20,5,1.0,3.95,1.5776633167196026e-06,2.943758395608797e-07
20,5,1.0,4.0,1.5923306230580802e-06,2.923234665156557e-07
20,5,1.0,4.05,1.6068963496294791e-06,2.903122643582437e-07
20,5,1.0,4.1,1.6213624961903924e-06,2.883398599451009e-07
20,5,1.0,4.15,1.6357309407350072e-06,2.8640375868809335e-07
20,5,1.0,4.2,1.6500034338311946e-06,2.845013607610171e-07
20,5,1.0,4.25,1.6641815937481337e-06,2.826299765560503e-07
20,5,1.0,4.3,1.6782669023382235e-06,2.8078684140346365e-07
20,5,1.0,4.35,1.6922607016369562e-06,2.7896912956962747e-07
20,5,1.0,4.4,1.7061641911449016e-06,2.771739675495724e-07
20,5,1.0,4.45,1.7199784257571346e-06,2.7539844667142694e-07
20,5,1.0,4.5,1.7337043143059367e-06,2.7363963503067213e-07
20,5,1.0,4.55,1.747342618683935e-06,2.7189458877273826e-07
20,5,1.0,4.6,1.7608939535154483e-06,2.701603627426544e-07
20,5,1.0,4.65,1.7743587863448694e-06,2.6843402052066067e-07
20,5,1.0,4.7,1.7877374383118489e-06,2.667126438626137e-07
20,5,1.0,4.75,1.801030085284104e-06,2.6499334156394796e-07
20,5,1.0,4.8,1.8142367594192681e-06,2.632732577656543e-07
20,5,1.0,4.85,1.8273573511285515e-06,2.6154957972051176e-07
20,5,1.0,4.9,1.8403916114156096e-06,2.598195450374198e-07
20,5,1.0,4.95,1.8533391545648618e-06,2.580804484212524e-07
20,5,1.0,5.0,1.8661994611546242e-06,2.5632964792529817e-07
20,5,2.0,0.0,2.3462256040076284e-09,1.5243228734751634e-07
20,5,2.0,0.05,4.3382147921702675e-08,2.078718796649613e-06
20,5,2.0,0.1,2.550551510068003e-07,6.1383889042726175e-06
20,5,2.0,0.15,5.756595726357258e-07,5.901652101561276e-06
20,5,2.0,0.2,8.124163431003135e-07,3.6034383428576815e-06
20,5,2.0,0.25,9.517717841193756e-07,2.1489527267398184e-06
20,5,2.0,0.3,1.0413306856609435e-06,1.5317187504080004e-06
20,5,2.0,0.35,1.1115087440078177e-06,1.3164623518041993e-06
20,5,2.0,0.4,1.1755905877514407e-06,1.2625489486933982e-06
20,5,2.0,0.45,1.2387476025241336e-06,1.269555134388837e-06
20,5,2.0,0.5,1.3029053300970608e-06,1.2988364948032568e-06
20,5,2.0,0.55,1.3687559095338363e-06,1.3358665830579722e-06
20,5,2.0,0.6,1.436528330096277e-06,1.3751767922604803e-06
20,5,2.0,0.65,1.5062758025423232e-06,1.4146566420854322e-06
20,5,2.0,0.7,1.577982111308424e-06,1.4534372111250732e-06
20,5,2.0,0.75,1.6516009923893118e-06,1.4911111330221565e-06
20,5,2.0,0.8,1.7270708797256757e-06,1.5274465064499436e-06
20,5,2.0,0.85,1.8043206376144718e-06,1.5622825907045629e-06
20,5,2.0,0.9,1.8832720203264192e-06,1.5954922154092358e-06
20,5,2.0,0.95,1.9638409625822406e-06,1.6269685673008276e-06
20,5,2.0,1.0,2.045938466878728e-06,1.6566207941435202e-06
20,5,2.0,1.05,2.1294713621968557e-06,1.6843727117104727e-06
20,5,2.0,1.1,2.2143430282306813e-06,1.710162518342117e-06
20,5,2.0,1.15,2.3004541132156035e-06,1.7339427520666777e-06
20,5,2.0,1.2,2.3877032494436143e-06,1.7556802155985176e-06
20,5,2.0,1.25,2.4759877621003907e-06,1.7753557764002325e-06
20,5,2.0,1.3,2.5652043644015836e-06,1.7929640174520844e-06
20,5,2.0,1.35,2.6552498315507807e-06,1.8085127408988758e-06
20,5,2.0,1.4,2.7460216464592647e-06,1.8220223375152274e-06
20,5,2.0,1.45,2.837418610944358e-06,1.83352503953267e-06
20,5,2.0,1.5,2.929341417057505e-06,1.8430640763354762e-06
20,5,2.0,1.55,3.0216931741885248e-06,1.850692753178262e-06
20,5,2.0,1.6,3.1143798885994474e-06,1.8564734729344008e-06
20,5,2.0,1.65,3.2073108930254248e-06,1.8604767201846312e-06
20,5,2.0,1.7,3.3003992249209865e-06,1.862780025846225e-06
20,5,2.0,1.75,3.393561952803739e-06,1.86346692911488e-06
20,5,2.0,1.8,3.486720450946602e-06,1.8626259518420735e-06
20,5,2.0,1.85,3.5798006233815314e-06,1.8603495986672887e-06
20,5,2.0,1.9,3.6727330787954642e-06,1.8567333943422788e-06
20,5,2.0,1.95,3.765453258425538e-06,1.851874967786165e-06
20,5,2.0,2.0,3.8579015194883256e-06,1.8458731905402138e-06
20,5,2.0,2.05,3.950023177018301e-06,1.8388273755037004e-06
20,5,2.0,2.1,4.041768507240804e-06,1.8308365401524235e-06
20,5,2.0,2.15,4.133092715776561e-06,1.8219987369001419e-06
20,5,2.0,2.2,4.2239558740718965e-06,1.8124104518751734e-06
20,5,2.0,2.25,4.314322827481584e-06,1.802166072161062e-06
20,5,2.0,2.3,4.40416307840634e-06,1.7913574204944957e-06
20,5,2.0,2.35,4.493450647813763e-06,1.7800733555244563e-06
20,5,2.0,2.4,4.582163918357826e-06,1.768399435008178e-06
20,5,2.0,2.45,4.6702854621660566e-06,1.756417638742587e-06
20,5,2.0,2.5,4.757801856191492e-06,1.744206147592945e-06
20,5,2.0,2.55,4.844703487836758e-06,1.73183917467071e-06
20,5,2.0,2.6,4.930984353354853e-06,1.7193868445158623e-06
20,5,2.0,2.65,5.016641851320465e-06,1.7069151160405114e-06
20,5,2.0,2.7,5.101676573254204e-06,1.6944857449775616e-06
20,5,2.0,2.75,5.186092093268936e-06,1.682156281634795e-06
20,5,2.0,2.8,5.269894758401189e-06,1.669980099870579e-06
20,5,2.0,2.85,5.353093481089666e-06,1.658006453368516e-06
20,5,2.0,2.9,5.435699535071914e-06,1.6462805554854531e-06
20,5,2.0,2.95,5.517726355789464e-06,1.6348436791701e-06
20,5,2.0,3.0,5.599189346221986e-06,1.6237332736895339e-06
20,5,2.0,3.05,5.680105688914517e-06,1.6129830951518023e-06
20,5,2.0,3.1,5.760494164818214e-06,1.6026233480676734e-06
20,5,2.0,3.15,5.8403749794321435e-06,1.5926808354482905e-06
20,5,2.0,3.2,5.9197695966160436e-06,1.5831791151849946e-06
20,5,2.0,3.25,5.998700580336582e-06,1.5741386606981696e-06
20,5,2.0,3.3,6.077191444515373e-06,1.5655770240724823e-06
20,5,2.0,3.35,6.155266511062418e-06,1.557509000113416e-06
20,5,2.0,3.4,6.232950776107624e-06,1.549946789964549e-06
20,5,2.0,3.45,6.310269784376038e-06,1.5429001631137067e-06
20,5,2.0,3.5,6.387249511603265e-06,1.536376616792073e-06
20,5,2.0,3.55,6.4639162548372835e-06,1.5303815319289677e-06
20,5,2.0,3.6,6.5402965304371814e-06,1.5249183249709416e-06
20,5,2.0,3.65,6.616416979547938e-06,1.519988595004556e-06
20,5,2.0,3.7,6.692304280803887e-06,1.5155922657393276e-06
20,5,2.0,3.75,6.767985069996068e-06,1.511727722012006e-06
20,5,2.0,3.8,6.84348586642226e-06,1.5083919405653666e-06
20,5,2.0,3.85,6.918833005629351e-06,1.5055806149356752e-06
20,5,2.0,3.9,6.9940525782503535e-06,1.503288274353276e-06
20,5,2.0,3.95,7.06917037463652e-06,1.5015083966220213e-06
20,5,2.0,4.0,7.144211834982598e-06,1.5002335149946321e-06
20,5,2.0,4.05,7.219202004647104e-06,1.499455319105859e-06
20,5,2.0,4.1,7.2941654943730875e-06,1.499164750061911e-06
20,5,2.0,4.15,7.369126445119173e-06,1.499352089815112e-06
20,5,2.0,4.2,7.4441084972204355e-06,1.500007044977866e-06
20,5,2.0,4.25,7.519134763603814e-06,1.501118825249348e-06
20,5,2.0,4.3,7.594227806794571e-06,1.5026762166439269e-06
20,5,2.0,4.35,7.669409619458189e-06,1.5046676497215575e-06
20,5,2.0,4.4,7.744701608233158e-06,1.507081263028289e-06
20,5,2.0,4.45,7.820124580620427e-06,1.5099049619601576e-06
20,5,2.0,4.5,7.89569873470641e-06,1.5131264732661796e-06
20,5,2.0,4.55,7.971443651506153e-06,1.516733395406376e-06
20,5,2.0,4.6,8.047378289725812e-06,1.5207132449795554e-06
20,5,2.0,4.65,8.123520982751906e-06,1.5250534994322079e-06
20,5,2.0,4.7,8.199889437688349e-06,1.529741636256071e-06
20,5,2.0,4.75,8.276500736269047e-06,1.5347651688762636e-06
20,5,2.0,4.8,8.353371337486559e-06,1.540111679426063e-06
20,5,2.0,4.85,8.430517081785393e-06,1.5457688485976442e-06
20,5,2.0,4.9,8.507953196679075e-06,1.551724482751035e-06
20,5,2.0,4.95,8.585694303657144e-06,1.5579665384558502e-06
20,5,2.0,5.0,8.663754426258935e-06,1.5644831446329338e-06
20,5,3.0,0.0,2.3632153644605136e-09,1.5213225679207772e-07
20,5,3.0,0.05,5.229312113871905e-08,2.8479134296620026e-06
20,5,3.0,0.1,4.266607155778674e-07,1.2654983408508502e-05
20,5,3.0,0.15,1.1787641500183334e-06,1.5181670171718077e-05
20,5,3.0,0.2,1.8089748328186715e-06,9.73855546339178e-06
20,5,3.0,0.25,2.178333718874003e-06,5.486935461023923e-06
20,5,3.0,0.3,2.396886546341342e-06,3.546764613039429e-06
20,5,3.0,0.35,2.552899495391813e-06,2.8199395295275724e-06
20,5,3.0,0.4,2.6869462240204038e-06,2.59056528237827e-06
20,5,3.0,0.45,2.814991545004244e-06,2.549143767077141e-06
20,5,3.0,0.5,2.9429589441093246e-06,2.575868684048665e-06
20,5,3.0,0.55,3.072953003842023e-06,2.6259053991420173e-06
20,5,3.0,0.6,3.205654775196964e-06,2.682567473879108e-06
20,5,3.0,0.65,3.3412133608843956e-06,2.739559242574013e-06
20,5,3.0,0.7,3.4795742359992625e-06,2.7944050228966095e-06
20,5,3.0,0.75,3.6206000881601866e-06,2.8460401293474027e-06
20,5,3.0,0.8,3.7641157526776798e-06,2.8939318560350484e-06
20,5,3.0,0.85,3.909925500769651e-06,2.9377602047254178e-06
20,5,3.0,0.9,4.05782031376919e-06,2.9773027899703323e-06
20,5,3.0,0.95,4.207581565861686e-06,3.0123939259034437e-06
20,5,3.0,1.0,4.3589834416528215e-06,3.0429104256908135e-06
20,5,3.0,1.05,4.511794919660148e-06,3.068766795993247e-06
20,5,3.0,1.1,4.6657816076466395e-06,3.0899135189354703e-06
20,5,3.0,1.15,4.820707517473732e-06,3.1063361360407177e-06
20,5,3.0,1.2,4.976336795732355e-06,3.1180543208889007e-06
20,5,3.0,1.25,5.132435401510525e-06,3.1251206693638966e-06
20,5,3.0,1.3,5.2887727149628545e-06,3.12761913861058e-06
20,5,3.0,1.35,5.445123059138541e-06,3.125663143212438e-06
20,5,3.0,1.4,5.601267118832626e-06,3.1193933478734013e-06
20,5,3.0,1.45,5.756993242551067e-06,3.108975208502924e-06
20,5,3.0,1.5,5.912098616418626e-06,3.094596318482578e-06
20,5,3.0,1.55,6.066390301735427e-06,3.0764636179172784e-06
20,5,3.0,1.6,6.2196861307527465e-06,3.0548005223812334e-06
20,5,3.0,1.65,6.371815457998046e-06,3.0298440247696508e-06
20,5,3.0,1.7,6.5226197670618625e-06,3.0018418197763184e-06
20,5,3.0,1.75,6.671953135113664e-06,2.9710494955514274e-06
20,5,3.0,1.8,6.819682559504533e-06,2.9377278315251876e-06
20,5,3.0,1.85,6.965688152615928e-06,2.9021402354528103e-06
20,5,3.0,1.9,7.109863212617026e-06,2.8645503466757846e-06
20,5,3.0,1.95,7.252114178989543e-06,2.825219826582408e-06
20,5,3.0,2.0,7.392360482583792e-06,2.784406351468725e-06
20,5,3.0,2.05,7.530534300592197e-06,2.742361817565269e-06
20,5,3.0,2.1,7.66658022718754e-06,2.6993307630187267e-06
20,5,3.0,2.15,7.800454870700305e-06,2.6555490071661644e-06
20,5,3.0,2.2,7.9321263881246e-06,2.6112425035572018e-06
20,5,3.0,2.25,8.061573967483201e-06,2.5666263998879386e-06
20,5,3.0,2.3,8.188787268168164e-06,2.5219042953038607e-06
20,5,3.0,2.35,8.313765828840842e-06,2.477267683390578e-06
20,5,3.0,2.4,8.436518451849716e-06,2.4328955675676325e-06
20,5,3.0,2.45,8.557062572429803e-06,2.3889542344877048e-06
20,5,3.0,2.5,8.675423620208974e-06,2.3455971703726997e-06
20,5,3.0,2.55,8.79163437978495e-06,2.3029651049352098e-06
20,5,3.0,2.6,8.90573435636873e-06,2.2611861675837513e-06
20,5,3.0,2.65,9.017769151732089e-06,2.2203761409381477e-06
20,5,3.0,2.7,9.127789854962427e-06,2.1806387972362607e-06
20,5,3.0,2.75,9.235852451822557e-06,2.1420663039436435e-06
20,5,3.0,2.8,9.342017255852893e-06,2.1047396857423014e-06
20,5,3.0,2.85,9.446348363732127e-06,2.0687293310294467e-06
20,5,3.0,2.9,9.548913136848308e-06,2.034095532071032e-06
20,5,3.0,2.95,9.649781710511699e-06,2.0008890489938016e-06
20,5,3.0,3.0,9.749026531778025e-06,1.9691516888417125e-06
20,5,3.0,3.05,9.84672192643857e-06,1.9389168919452267e-06
20,5,3.0,3.1,9.942943695367326e-06,1.910210318838601e-06
20,5,3.0,3.15,1.003776874010576e-05,1.8830504319002494e-06
20,5,3.0,3.2,1.0131274717291721e-05,1.8574490667725003e-06
20,5,3.0,3.25,1.022353972131726e-05,1.8334119894361863e-06
20,5,3.0,3.3,1.0314641994409038e-05,1.8109394355660741e-06
20,5,3.0,3.35,1.0404659663176836e-05,1.7900266294761864e-06
20,5,3.0,3.4,1.049367050055398e-05,1.7706642805769415e-06
20,5,3.0,3.45,1.0581751711965731e-05,1.7528390558128313e-06
20,5,3.0,3.5,1.0668979744496248e-05,1.736534027030528e-06
20,5,3.0,3.55,1.0755430117783491e-05,1.7217290926471313e-06
20,5,3.0,3.6,1.0841177275348479e-05,1.7084013733507574e-06
20,5,3.0,3.65,1.0926294455060505e-05,1.6965255818742777e-06
20,5,3.0,3.7,1.1010853577449399e-05,1.6860743671432012e-06
20,5,3.0,3.75,1.1094925150593935e-05,1.6770186333135228e-06
20,5,3.0,3.8,1.1178578190349411e-05,1.669327834391225e-06
20,5,3.0,3.85,1.126188015471195e-05,1.66297024526406e-06
20,5,3.0,3.9,1.1344896891164646e-05,1.657913210084431e-06
20,5,3.0,3.95,1.1427692595897637e-05,1.6541233690222244e-06
20,5,3.0,4.0,1.1510329783846854e-05,1.651566864462174e-06
20,5,3.0,4.05,1.1592869268552776e-05,1.6502095277559587e-06
20,5,3.0,4.1,1.167537015089334e-05,1.6500170476561763e-06
20,5,3.0,4.15,1.1757889815804272e-05,1.6509551215622288e-06
20,5,3.0,4.2,1.184048393615581e-05,1.6529895906981866e-06
20,5,3.0,4.25,1.1923206483009013e-05,1.6560865603222832e-06
20,5,3.0,4.3,1.2006109741531136e-05,1.6602125060396763e-06
20,5,3.0,4.35,1.2089244331900848e-05,1.665334367254925e-06
20,5,3.0,4.4,1.2172659234585228e-05,1.6714196287608078e-06
20,5,3.0,4.45,1.225640181941958e-05,1.6784363914165675e-06
20,5,3.0,4.5,1.2340517877967529e-05,1.6863534328224594e-06
20,5,3.0,4.55,1.2425051658683047e-05,1.6951402588496808e-06
20,5,3.0,4.6,1.2510045904436362e-05,1.7047671468361234e-06
20,5,3.0,4.65,1.2595541892008327e-05,1.715205181209893e-06
20,5,3.0,4.7,1.2681579473191217e-05,1.7264262822540033e-06
20,5,3.0,4.75,1.2768197117170045e-05,1.7384032286783277e-06
20,5,3.0,4.8,1.2855431953890992e-05,1.7511096746187794e-06
20,5,3.0,4.85,1.2943319818152504e-05,1.7645201616389178e-06
20,5,3.0,4.9,1.3031895294182302e-05,1.7786101262662696e-06
20,5,3.0,4.95,1.3121191760490716e-05,1.7933559035547472e-06
20,5,3.0,5.0,1.3211241434811484e-05,1.8087347271251589e-06
20,5,4.0,0.0,2.590077310384531e-09,1.5846146487756853e-07
20,5,4.0,0.05,6.131771812479672e-08,3.667073173022307e-06
20,5,4.0,0.1,6.923678326650766e-07,2.4892037675279456e-05
20,5,4.0,0.15,2.432039348725791e-06,3.9285391775127545e-05
20,5,4.0,0.2,4.150140101174893e-06,2.7387745039147e-05
20,5,4.0,0.25,5.176152914600813e-06,1.4730556908585526e-05
20,5,4.0,0.3,5.733614108384508e-06,8.459677543914045e-06
20,5,4.0,0.35,6.0847311736442734e-06,5.989895233391899e-06
20,5,4.0,0.4,6.358637373659834e-06,5.12381562212766e-06
20,5,4.0,0.45,6.606939067535018e-06,4.866135059003724e-06
20,5,4.0,0.5,6.84880324005198e-06,4.828905442439613e-06
20,5,4.0,0.55,7.091053310148825e-06,4.867808086435765e-06
20,5,4.0,0.6,7.33595291178404e-06,4.929832349173305e-06
20,5,4.0,0.65,7.584090175084242e-06,4.995434542798698e-06
20,5,4.0,0.7,7.835431223987198e-06,5.057259724058056e-06
20,5,4.0,0.75,8.08970395044707e-06,5.112401907166016e-06
20,5,4.0,0.8,8.34653873410681e-06,5.159602265895197e-06
20,5,4.0,0.85,8.6055212989175e-06,5.198238247906652e-06
20,5,4.0,0.9,8.866213919578746e-06,5.227960367032414e-06
20,5,4.0,0.95,9.128165283765878e-06,5.24856252148148e-06
20,5,4.0,1.0,9.390916315925619e-06,5.259935990947084e-06
20,5,4.0,1.05,9.65400456638582e-06,5.262052940625472e-06
20,5,4.0,1.1,9.916968070453948e-06,5.254959874371477e-06
20,5,4.0,1.15,1.0179348969566848e-05,5.238774004816116e-06
20,5,4.0,1.2,1.0440696967274828e-05,5.213680047681664e-06
20,5,4.0,1.25,1.0700572616327826e-05,5.179926599748637e-06
20,5,4.0,1.3,1.0958550408756286e-05,5.1378218672577945e-06
20,5,4.0,1.35,1.121422163577209e-05,5.087728739118834e-06
20,5,4.0,1.4,1.1467196986566838e-05,5.030059287089914e-06
20,5,4.0,1.45,1.1717108860187293e-05,4.965268809663625e-06
20,5,4.0,1.5,1.1963613370883861e-05,4.89384954905507e-06
20,5,4.0,1.55,1.2206392033882899e-05,4.816324212969698e-06
20,5,4.0,1.6,1.2445153125047413e-05,4.733239429146753e-06
20,5,4.0,1.65,1.2679632714110581e-05,4.6451592530015275e-06
20,5,4.0,1.7,1.2909595376931378e-05,4.55265883813645e-06
20,5,4.0,1.75,1.3134834597398432e-05,4.4563183668250846e-06
20,5,4.0,1.8,1.335517287411878e-05,4.356717323522266e-06
20,5,4.0,1.85,1.3570461550809395e-05,4.254429179607041e-06
20,5,4.0,1.9,1.3780580392345876e-05,4.150016542505788e-06
20,5,4.0,1.95,1.3985436930705591e-05,4.044026807554366e-06
20,5,4.0,2.0,1.4184965606605926e-05,3.9369883368634135e-06
20,5,4.0,2.05,1.4379126733519936e-05,3.829407176378027e-06
20,5,4.0,2.1,1.456790531101032e-05,3.7217643105330882e-06
20,5,4.0,2.15,1.4751309714026272e-05,3.6145134435627014e-06
20,5,4.0,2.2,1.492937028403951e-05,3.5080792877297518e-06
20,5,4.0,2.25,1.5102137846713696e-05,3.402856331524434e-06
20,5,4.0,2.3,1.5269682179316046e-05,3.299208055221349e-06
20,5,4.0,2.35,1.5432090449328536e-05,3.197466557002611e-06
20,5,4.0,2.4,1.558946564381091e-05,3.0979325500515662e-06
20,5,4.0,2.45,1.5741925007035402e-05,3.000875689456886e-06
20,5,4.0,2.5,1.5889598501844808e-05,2.9065351872985036e-06
20,5,4.0,2.55,1.6032627308109725e-05,2.8151206747529252e-06
20,5,4.0,2.6,1.6171162369632308e-05,2.7268132713008875e-06
20,5,4.0,2.65,1.6305362998888642e-05,2.64176682298938e-06
20,5,4.0,2.7,1.6435395547164173e-05,2.5601092740508226e-06
20,5,4.0,2.75,1.6561432145907976e-05,2.4819441388768728e-06
20,5,4.0,2.8,1.6683649523563704e-05,2.4073520442699563e-06
20,5,4.0,2.85,1.680222790069911e-05,2.336392314941999e-06
20,5,4.0,2.9,1.691734996498723e-05,2.269104578313549e-06
20,5,4.0,2.95,1.7029199926467758e-05,2.205510367710073e-06
20,5,4.0,3.0,1.713796265254851e-05,2.1456147059993694e-06
20,5,4.0,3.05,1.724382288137863e-05,2.0894076545169483e-06
20,5,4.0,3.1,1.7346964511533216e-05,2.0368658147520516e-06
20,5,4.0,3.15,1.744756996538673e-05,1.98795377269256e-06
20,5,4.0,3.2,1.7545819623101704e-05,1.9426254779374616e-06
20,5,4.0,3.25,1.7641891323814445e-05,1.9008255516745045e-06
20,5,4.0,3.3,1.773595993035286e-05,1.8624905193891735e-06
20,5,4.0,3.35,1.78281969536501e-05,1.8275499657220238e-06
20,5,4.0,3.4,1.7918770232927596e-05,1.7959276102352816e-06
20,5,4.0,3.45,1.8007843667683968e-05,1.7675423039968992e-06
20,5,4.0,3.5,1.8095576997550933e-05,1.7423089478555278e-06
20,5,4.0,3.55,1.818212562613821e-05,1.7201393340768503e-06
20,5,4.0,3.6,1.8267640485090843e-05,1.700942913657486e-06
20,5,4.0,3.65,1.835226793471349e-05,1.68462749214144e-06
20,5,4.0,3.7,1.8436149697662612e-05,1.6710998571518105e-06
20,5,4.0,3.75,1.8519422822381986e-05,1.6602663411329094e-06
20,5,4.0,3.8,1.860221967313098e-05,1.6520333229872126e-06
20,5,4.0,3.85,1.868466794364692e-05,1.6463076724028767e-06
20,5,4.0,3.9,1.8766890691670382e-05,1.6429971407114712e-06
20,5,4.0,3.95,1.8849006391756592e-05,1.6420107021041768e-06
20,5,4.0,4.0,1.8931129003985526e-05,1.6432588489772162e-06
20,5,4.0,4.05,1.9013368056369208e-05,1.6466538450829487e-06
20,5,4.0,4.1,1.9095828738936392e-05,1.6521099400395972e-06
20,5,4.0,4.15,1.917861200764688e-05,1.6595435486068468e-06
20,5,4.0,4.2,1.9261814696458252e-05,1.6688733979727426e-06
20,5,4.0,4.25,1.9345529636020515e-05,1.680020646123547e-06
20,5,4.0,4.3,1.942984577762764e-05,1.692908974188387e-06
20,5,4.0,4.35,1.9514848321191542e-05,1.7074646554667033e-06
20,5,4.0,4.4,1.960061884613838e-05,1.7236166036626844e-06
20,5,4.0,4.45,1.9687235444246127e-05,1.7412964026690479e-06
20,5,4.0,4.5,1.9774772853553884e-05,1.7604383200643948e-06
20,5,4.0,4.55,1.986330259258288e-05,1.780979306316809e-06
20,5,4.0,4.6,1.995289309419767e-05,1.802858981520167e-06
20,5,4.0,4.65,2.0043609838526758e-05,1.8260196113319711e-06
20,5,4.0,4.7,2.0135515484443657e-05,1.8504060736321907e-06
20,5,4.0,4.75,2.022866999917699e-05,1.8759658172806804e-06
20,5,4.0,4.8,2.0323130785687515e-05,1.9026488142188374e-06
20,5,4.0,4.85,2.0418952807506776e-05,1.930407506037294e-06
20,5,4.0,4.9,2.0516188710788012e-05,1.959196746016314e-06
20,5,4.0,4.95,2.0614888943364214e-05,1.988973737539277e-06
20,5,4.0,5.0,2.071510187065263e-05,2.0196979696809413e-06
20,5,5.0,0.0,2.753494148717357e-09,1.5401629557557517e-07
20,5,5.0,0.05,6.193401086089823e-08,3.920354411503677e-06
20,5,5.0,0.1,9.413313995935142e-07,4.0249975344832535e-05
20,5,5.0,0.15,4.378749975360869e-06,8.872651544097413e-05
20,5,5.0,0.2,8.578918994415153e-06,7.084490023778766e-05
20,5,5.0,0.25,1.1250135653688433e-05,3.783682330061762e-05
20,5,5.0,0.3,1.2626656403751057e-05,1.9652160022941642e-05
20,5,5.0,0.35,1.3393408511280232e-05,1.2203133492023623e-05
20,5,5.0,0.4,1.3923962796381514e-05,9.487931041316942e-06
20,5,5.0,0.45,1.4371524751238763e-05,8.587579613738752e-06
20,5,5.0,0.5,1.4793363826205568e-05,8.347652150576923e-06
20,5,5.0,0.55,1.5210016834756091e-05,8.33942408487945e-06
20,5,5.0,0.6,1.5628515804979133e-05,8.406705293564175e-06
20,5,5.0,0.65,1.6050981384014185e-05,8.492686507475202e-06
20,5,5.0,0.7,1.6477741351635e-05,8.57646378015313e-06
20,5,5.0,0.75,1.6908456384647655e-05,8.65009777153318e-06
20,5,5.0,0.8,1.7342527521917422e-05,8.710367698817992e-06
20,5,5.0,0.85,1.777924577528219e-05,8.75581616224385e-06
20,5,5.0,0.9,1.8217849449463188e-05,8.785693577511443e-06
20,5,5.0,0.95,1.865754856260145e-05,8.79958316663825e-06
20,5,5.0,1.0,1.9097537616465872e-05,8.797268822246776e-06
20,5,5.0,1.05,1.953700427394347e-05,8.778688777154669e-06
20,5,5.0,1.1,1.9975136588896407e-05,8.74391873885542e-06
20,5,5.0,1.15,2.0411129672164585e-05,8.693164310521321e-06
20,5,5.0,1.2,2.0844192047931684e-05,8.626755518316073e-06
20,5,5.0,1.25,2.1273551732399115e-05,8.545140953562187e-06
20,5,5.0,1.3,2.1698461991811104e-05,8.448880744702377e-06
20,5,5.0,1.35,2.2118206715986753e-05,8.338638207267115e-06
20,5,5.0,1.4,2.2532105342948022e-05,8.215170263931707e-06
20,5,5.0,1.45,2.293951727767306e-05,8.079316825869393e-06
20,5,5.0,1.5,2.3339845758757507e-05,7.931989368489743e-06
20,5,5.0,1.55,2.3732541138902513e-05,7.774158950765404e-06
20,5,5.0,1.6,2.411710355769941e-05,7.6068439292831286e-06
20,5,5.0,1.65,2.4493084997586685e-05,7.431097610631175e-06
20,5,5.0,1.7,2.486009072569222e-05,7.247996071024978e-06
20,5,5.0,1.75,2.521778013523218e-05,7.058626351828836e-06
20,5,5.0,1.8,2.5565867009976894e-05,6.864075215149123e-06
20,5,5.0,1.85,2.5904119243823337e-05,6.6654186162867795e-06
20,5,5.0,1.9,2.623235805463364e-05,6.463712020732454e-06
20,5,5.0,1.95,2.655045673714174e-05,6.259981663719824e-06
20,5,5.0,2.0,2.6858339003892194e-05,6.055216821118336e-06
20,5,5.0,2.05,2.7155976965916257e-05,5.85036313253136e-06
20,5,5.0,2.1,2.744338880622797e-05,5.646316991570903e-06
20,5,5.0,2.15,2.7720636199387414e-05,5.443920994951338e-06
20,5,5.0,2.2,2.798782152942554e-05,5.243960421650389e-06
20,5,5.0,2.25,2.8245084956554143e-05,5.047160696154574e-06
20,5,5.0,2.3,2.849260138041505e-05,4.854185775806906e-06
20,5,5.0,2.35,2.873057734434243e-05,4.6656373914684106e-06
20,5,5.0,2.4,2.895924792136789e-05,4.482055062945495e-06
20,5,5.0,2.45,2.9178873618632653e-05,4.303916805699036e-06
20,5,5.0,2.5,2.9389737332631026e-05,4.131640442961308e-06
20,5,5.0,2.55,2.9592141383399126e-05,3.965585437225632e-06
20,5,5.0,2.6,2.9786404651501396e-05,3.8060551568101847e-06
20,5,5.0,2.65,2.9972859837525958e-05,3.6532994964912043e-06
20,5,5.0,2.7,3.0151850859858302e-05,3.507517775728582e-06
20,5,5.0,2.75,3.0323730402814837e-05,3.3688618434576534e-06
20,5,5.0,2.8,3.0488857623813997e-05,3.2374393245139767e-06
20,5,5.0,2.85,3.0647596025178234e-05,3.113316949241421e-06
20,5,5.0,2.9,3.080031149340234e-05,2.9965239144912666e-06
20,5,5.0,2.95,3.0947370506302424e-05,2.8870552308650712e-06
20,5,5.0,3.0,3.108913850636515e-05,2.7848750175398528e-06
20,5,5.0,3.05,3.122597843683825e-05,2.6899197122168678e-06
20,5,5.0,3.1,3.135824943563102e-05,2.6021011695707617e-06
20,5,5.0,3.15,3.148630568089677e-05,2.5213096269749695e-06
20,5,5.0,3.2,3.161049538123385e-05,2.4474165212054256e-06
20,5,5.0,3.25,3.173115990274061e-05,2.3802771442530773e-06
20,5,5.0,3.3,3.184863302466651e-05,2.3197331303035026e-06
20,5,5.0,3.35,3.196324031509048e-05,2.2656147693749604e-06
20,5,5.0,3.4,3.2075298617908925e-05,2.2177431460640484e-06
20,5,5.0,3.45,3.218511564240512e-05,2.1759321043551454e-06
20,5,5.0,3.5,3.229298964677036e-05,2.139990041537592e-06
20,5,5.0,3.55,3.239920920714264e-05,2.1097215359778714e-06
20,5,5.0,3.6,3.2504053064008095e-05,2.084928814848587e-06
20,5,5.0,3.65,3.260779003813154e-05,2.0654130689591417e-06
20,5,5.0,3.7,3.271067900857282e-05,2.0509756226020378e-06
20,5,5.0,3.75,3.281296894574283e-05,2.0414189668565176e-06
20,5,5.0,3.8,3.2914898992896324e-05,2.0365476651150393e-06
20,5,5.0,3.85,3.301669858988971e-05,2.0361691397444255e-06
20,5,5.0,3.9,3.311858763348771e-05,2.0400943487954253e-06
20,5,5.0,3.95,3.322077666893962e-05,2.0481383615546004e-06
20,5,5.0,4.0,3.332346710798432e-05,2.0601208415162264e-06
20,5,5.0,4.05,3.3426851468860386e-05,2.0758664450585148e-06
20,5,5.0,4.1,3.353111363431161e-05,2.095205143757718e-06
20,5,5.0,4.15,3.363642912395586e-05,2.1179724778787923e-06
20,5,5.0,4.2,3.3742965377756064e-05,2.144009748158629e-06
20,5,5.0,4.25,3.385088204767913e-05,2.1731641525565076e-06
20,5,5.0,4.3,3.396033129494643e-05,2.2052888741967403e-06
20,5,5.0,4.35,3.4071458090583234e-05,2.2402431262790373e-06
20,5,5.0,4.4,3.418440051724828e-05,2.2778921592875404e-06
20,5,5.0,4.45,3.4299290070585456e-05,2.3181072353968713e-06
20,5,5.0,4.5,3.441625195857089e-05,2.3607655745554005e-06
20,5,5.0,4.55,3.45354053975385e-05,2.4057502763250264e-06
20,5,5.0,4.6,3.465686390377311e-05,2.4529502211775303e-06
20,5,5.0,4.65,3.4780735579723206e-05,2.5022599545876024e-06
20,5,5.0,4.7,3.4907123394050704e-05,2.553579556926319e-06
20,5,5.0,4.75,3.503612545487903e-05,2.606814501845075e-06
20,5,5.0,4.8,3.516783527572297e-05,2.661875505547564e-06
20,5,5.0,4.85,3.5302342033696364e-05,2.7186783690782664e-06
20,5,5.0,4.9,3.543973081970355e-05,2.7771438155082535e-06
20,5,5.0,4.95,3.5580082880394186e-05,2.8371973236711383e-06
20,5,5.0,5.0,3.5723475851750354e-05,2.8987689598952328e-06
20,10,0.0,0.0,8.864822246791414e-12,5.036125174023863e-10
20,10,0.0,0.05,8.298282425642813e-11,2.6714772705540927e-09
20,10,0.0,0.1,2.5076834075852033e-10,3.4961765922835257e-09
20,10,0.0,0.15,3.952065260081969e-10,2.17401243608759e-09
20,10,0.0,0.2,4.731809821386151e-10,1.0575474693374129e-09
20,10,0.0,0.25,5.110896626787711e-10,5.351244369453407e-10
20,10,0.0,0.3,5.31893871488261e-10,3.298432661318281e-10
20,10,0.0,0.35,5.461537516608051e-10,2.529583426060479e-10
20,10,0.0,0.4,5.579571482450777e-10,2.2365763476736547e-10
20,10,0.0,0.45,5.687931929828349e-10,2.1135806134139217e-10
20,10,0.0,0.5,5.791876327844209e-10,2.0495007851850388e-10
20,10,0.0,0.55,5.893189500809769e-10,2.0046266467698678e-10
20,10,0.0,0.6,5.992420684508577e-10,1.964923885544766e-10
20,10,0.0,0.65,6.089685466122799e-10,1.9255318886913126e-10
20,10,0.0,0.7,6.184951973477499e-10,1.8848601475708582e-10
20,10,0.0,0.75,6.278142853820949e-10,1.8424829693810303e-10
20,10,0.0,0.8,6.369171587623107e-10,1.7983891292612528e-10
20,10,0.0,0.85,6.457955386718212e-10,1.7527139577600953e-10
20,10,0.0,0.9,6.544419714533012e-10,1.7056430855185544e-10
20,10,0.0,0.95,6.628499779335971e-10,1.657377290762115e-10
20,10,0.0,1.0,6.710140906816004e-10,1.60811915561892e-10
20,10,0.0,1.05,6.789298474358878e-10,1.5580675748192896e-10
20,10,0.0,1.1,6.865937654755904e-10,1.5074151617384918e-10
20,10,0.0,1.15,6.940033062754664e-10,1.4563467913791346e-10
20,10,0.0,1.2,7.011568342952802e-10,1.4050386519939743e-10
20,10,0.0,1.25,7.080535717834893e-10,1.353657577203957e-10
20,10,0.0,1.3,7.146935507467363e-10,1.3023605712244982e-10
20,10,0.0,1.35,7.21077562943456e-10,1.2512944888748524e-10
20,10,0.0,1.4,7.27207108618167e-10,1.200595848883853e-10
20,10,0.0,1.45,7.330843446020183e-10,1.1503907646721864e-10
20,10,0.0,1.5,7.387120323317229e-10,1.1007949787153277e-10
20,10,0.0,1.55,7.440934862719333e-10,1.0519139873730164e-10
20,10,0.0,1.6,7.492325231614774e-10,1.003843243598449e-10
20,10,0.0,1.65,7.541334124427628e-10,9.566684254961281e-11
20,10,0.0,1.7,7.588008281746472e-10,9.104657593556658e-11
20,10,0.0,1.75,7.632398026744769e-10,8.65302386549637e-11
20,10,0.0,1.8,7.674556820836475e-10,8.212367645182784e-11
20,10,0.0,1.85,7.714540840046398e-10,7.783190929567646e-11
20,10,0.0,1.9,7.752408573152267e-10,7.365917572269336e-11
20,10,0.0,1.95,7.788220442278086e-10,6.960897819324941e-11
20,10,0.0,2.0,7.82203844629082e-10,6.56841288485666e-11
20,10,0.0,2.05,7.853925827062568e-10,6.188679513529662e-11
20,10,0.0,2.1,7.88394675841608e-10,5.82185448478297e-11
20,10,0.0,2.15,7.912166057366955e-10,5.4680390213826994e-11
20,10,0.0,2.2,7.938648917104184e-10,5.127283071797353e-11
20,10,0.0,2.25,7.96346066101593e-10,4.799589442215511e-11
20,10,0.0,2.3,7.986666516958911e-10,4.484917759691256e-11
20,10,0.0,2.35,8.008331410893762e-10,4.1831882529304e-11
20,10,0.0,2.4,8.028519778946937e-10,3.894285341626025e-11
20,10,0.0,2.45,8.047295396930084e-10,3.618061029061997e-11
20,10,0.0,2.5,8.064721226325768e-10,3.3543380959440725e-11
20,10,0.0,2.55,8.080859275745353e-10,3.102913096149175e-11
20,10,0.0,2.6,8.095770476877386e-10,2.8635591573376496e-11
20,10,0.0,2.65,8.109514573960267e-10,2.6360285911997017e-11
20,10,0.0,2.7,8.122150025842464e-10,2.4200553195513858e-11
20,10,0.0,2.75,8.133733919728714e-10,2.21535712360382e-11
20,10,0.0,2.8,8.144321895746759e-10,2.02163772453873e-11
20,10,0.0,2.85,8.153968081513674e-10,1.838588704079769e-11
20,10,0.0,2.9,8.162725035923068e-10,1.6658912740882316e-11
20,10,0.0,2.95,8.170643701423348e-10,1.503217904365552e-11
20,10,0.0,3.0,8.17777336409773e-10,1.3502338178468906e-11
20,10,0.0,3.05,8.184161620909241e-10,1.2065983622494795e-11
20,10,0.0,3.1,8.189854353512871e-10,1.0719662670159526e-11
20,10,0.0,3.15,8.194895708083508e-10,9.459887940944974e-12
20,10,0.0,3.2,8.199328080649821e-10,8.283147907394415e-12
20,10,0.0,3.25,8.203192107463365e-10,7.185916521148183e-12
20,10,0.0,3.3,8.20652665997025e-10,6.164662010560505e-12
20,10,0.0,3.35,8.209368843989724e-10,5.215854918983253e-12
20,10,0.0,3.4,8.211754002734839e-10,4.335975448289251e-12
20,10,0.0,3.45,8.213715723344413e-10,3.52152016769392e-12
20,10,0.0,3.5,8.215285846622076e-10,2.7690081435039663e-12
20,10,0.0,3.55,8.216494479706642e-10,2.0749865410998224e-12
20,10,0.0,3.6,8.217370011420301e-10,1.436035746330736e-12
20,10,0.0,3.65,8.217939130068037e-10,8.4877404952268e-13
20,10,0.0,3.7,8.218226843476583e-10,3.098619315690999e-13
20,10,0.0,3.75,8.218256501085661e-10,-1.83994011962797e-13
20,10,0.0,3.8,8.218049817916512e-10,-6.360374760672609e-13
20,10,0.0,3.85,8.21762690026289e-10,-1.0494591513159744e-12
20,10,0.0,3.9,8.217006272959184e-10,-1.4273937019325423e-12
20,10,0.0,3.95,8.216204908096684e-10,-1.7729169928369778e-12
20,10,0.0,4.0,8.215238255069065e-10,-2.0890435439950333e-12
20,10,0.0,4.05,8.214120271837319e-10,-2.3787241926188685e-12
20,10,0.0,4.1,8.21286345731551e-10,-2.644843945808796e-12
20,10,0.0,4.15,8.211478884786418e-10,-2.8902200080803855e-12
20,10,0.0,4.2,8.209976236261468e-10,-3.1175999699093265e-12
20,10,0.0,4.25,8.208363837709828e-10,-3.329660144984956e-12
20,10,0.0,4.3,8.206648695083349e-10,-3.529004045246436e-12
20,10,0.0,4.35,8.204836531072141e-10,-3.718160984073117e-12
20,10,0.0,4.4,8.202931822527314e-10,-3.8995847991517176e-12
20,10,0.0,4.45,8.200937838495585e-10,-4.075652687593674e-12
20,10,0.0,4.5,8.19885667880762e-10,-4.2486641468410645e-12
20,10,0.0,4.55,8.196689313171999e-10,-4.420840015766141e-12
20,10,0.0,4.6,8.19443562072463e-10,-4.59432161116392e-12
20,10,0.0,4.65,8.192094429986007e-10,-4.771169955540692e-12
20,10,0.0,4.7,8.189663559183632e-10,-4.953365092770265e-12
20,10,0.0,4.75,8.187139856894067e-10,-5.1428054887641135e-12
20,10,0.0,4.8,8.184519242964638e-10,-5.341307514839576e-12
20,10,0.0,4.85,8.181796749673482e-10,-5.5506050119534334e-12
20,10,0.0,4.9,8.178966563086415e-10,-5.772348934392006e-12
20,10,0.0,4.95,8.176022064573383e-10,-6.00810707190552e-12
20,10,0.0,5.0,8.172955872443949e-10,-6.2593638496119076e-12
20,10,1.0,0.0,7.344969626328265e-10,4.556299812269531e-08
20,10,1.0,0.05,9.753778178868364e-09,3.8485552537992724e-07
20,10,1.0,0.1,3.955035963607263e-08,7.229143679177791e-07
20,10,1.0,0.15,7.272272487893803e-08,5.512802723912687e-07
20,10,1.0,0.2,9.383788577939041e-08,3.098734353262904e-07
20,10,1.0,0.25,1.0571449546434047e-07,1.8260558234871508e-07
20,10,1.0,0.3,1.1335608722382094e-07,1.313687596050312e-07
20,10,1.0,0.35,1.1939155249531488e-07,1.1335040498224784e-07
20,10,1.0,0.4,1.2489843840562397e-07,1.0815545124248592e-07
20,10,1.0,0.45,1.3028312774771398e-07,1.0767484489164165e-07
20,10,1.0,0.5,1.356927405491081e-07,1.0886052266754312e-07
20,10,1.0,0.55,1.4117784247584924e-07,1.105870235781001e-07
20,10,1.0,0.6,1.46753422766938e-07,1.1244003368888063e-07
20,10,1.0,0.65,1.5242134836961554e-07,1.142660228283557e-07
20,10,1.0,0.7,1.58178590997432e-07,1.1600701278970207e-07
20,10,1.0,0.75,1.6402024734164826e-07,1.1764025876466328e-07
20,10,1.0,0.8,1.6994066040049114e-07,1.1915627422208704e-07
20,10,1.0,0.85,1.7593384919997257e-07,1.2055082731485783e-07
20,10,1.0,0.9,1.8199368643549702e-07,1.2182201811518296e-07
20,10,1.0,0.95,1.8811398373362003e-07,1.2296919943648788e-07
20,10,1.0,1.0,1.9428854240418745e-07,1.239925642016544e-07
20,10,1.0,1.05,2.0051119055381737e-07,1.2489297214706674e-07
20,10,1.0,1.1,2.0677581401770258e-07,1.2567186128828646e-07
20,10,1.0,1.15,2.1307638372497466e-07,1.263311886008069e-07
20,10,1.0,1.2,2.194069803826832e-07,1.2687338028543883e-07
20,10,1.0,1.25,2.2576181676110283e-07,1.2730128497645996e-07
20,10,1.0,1.3,2.3213525766704084e-07,1.2761812791365197e-07
20,10,1.0,1.35,2.3852183764124183e-07,1.2782746574038e-07
20,10,1.0,1.4,2.449162764151555e-07,1.2793314213388687e-07
20,10,1.0,1.45,2.5131349217730756e-07,1.279392446209203e-07
20,10,1.0,1.5,2.577086127176191e-07,1.278500629358519e-07
20,10,1.0,1.55,2.640969845347881e-07,1.2767004923328007e-07
20,10,1.0,1.6,2.7047418000606987e-07,1.2740378040689593e-07
20,10,1.0,1.65,2.76836002729713e-07,1.2705592270452726e-07
20,10,1.0,1.7,2.831784911584199e-07,1.2663119877077965e-07
20,10,1.0,1.75,2.8949792064736125e-07,1.2613435719555694e-07
20,10,1.0,1.8,2.957908040429993e-07,1.255701446000489e-07
20,10,1.0,1.85,3.0205389093955934e-07,1.2494328025141748e-07
20,10,1.0,1.9,3.082841657286048e-07,1.2425843316349306e-07
20,10,1.0,1.95,3.1447884456440117e-07,1.2352020161309552e-07
20,10,1.0,2.0,3.206353713635792e-07,1.2273309497940306e-07
20,10,1.0,2.05,3.267514129526018e-07,1.2190151779698836e-07
20,10,1.0,2.1,3.3282485347072253e-07,1.210297559008981e-07
20,10,1.0,2.15,3.388537881297688e-07,1.201219645340265e-07
20,10,1.0,2.2,3.448365164256107e-07,1.191821582825104e-07
20,10,1.0,2.25,3.5077153488923273e-07,1.1821420270324238e-07
20,10,1.0,2.3,3.566575294586701e-07,1.1722180750854294e-07
20,10,1.0,2.35,3.6249336754638e-07,1.1620852117595102e-07
20,10,1.0,2.4,3.6827808987000963e-07,1.1517772685552476e-07
20,10,1.0,2.45,3.7401090210845785e-07,1.1413263945277738e-07
20,10,1.0,2.5,3.7969116643904383e-07,1.1307630377183041e-07
20,10,1.0,2.55,3.85318393006051e-07,1.1201159361044401e-07
20,10,1.0,2.6,3.9089223136572296e-07,1.1094121170597566e-07
20,10,1.0,2.65,3.9641246194785096e-07,1.0986769043876208e-07
20,10,1.0,2.7,4.0187898756967474e-07,1.0879339320685911e-07
20,10,1.0,2.75,4.072918250336128e-07,1.0772051639327644e-07
20,10,1.0,2.8,4.1265109683670024e-07,1.0665109185381311e-07
20,10,1.0,2.85,4.1795702301602657e-07,1.0558698986013441e-07
20,10,1.0,2.9,4.232099131514757e-07,1.04529922438932e-07
20,10,1.0,2.95,4.2841015854419495e-07,1.0348144705372741e-07
20,10,1.0,3.0,4.3355822458671674e-07,1.0244297058116096e-07
20,10,1.0,3.05,4.38654643338332e-07,1.0141575353843867e-07
20,10,1.0,3.1,4.4370000631730453e-07,1.0040091452301061e-07
20,10,1.0,3.15,4.486949575196399e-07,9.939943482950962e-08
20,10,1.0,3.2,4.5364018667245926e-07,9.841216321256018e-08
20,10,1.0,3.25,4.5853642272858457e-07,9.743982076726421e-08
20,10,1.0,3.3,4.633844276075468e-07,9.648300590202185e-08
20,10,1.0,3.35,4.6818499018705616e-07,9.554219938089101e-08
20,10,1.0,3.4,4.7293892054791035e-07,9.461776941495684e-08
20,10,1.0,3.45,4.776470444743007e-07,9.370997678417613e-08
20,10,1.0,3.5,4.823101982106262e-07,9.281897997296215e-08
20,10,1.0,3.55,4.869292234751061e-07,9.194484030434766e-08
20,10,1.0,3.6,4.915049627297549e-07,9.108752705897981e-08
20,10,1.0,3.65,4.960382547057161e-07,9.024692256647799e-08
20,10,1.0,3.7,5.00529930182185e-07,8.94228272577873e-08
20,10,1.0,3.75,5.049808080167825e-07,8.861496466820758e-08
20,10,1.0,3.8,5.093916914246448e-07,8.782298638168076e-08
20,10,1.0,3.85,5.137633645030821e-07,8.704647690777022e-08
20,10,1.0,3.9,5.180965889982194e-07,8.628495848351544e-08
20,10,1.0,3.95,5.22392101309727e-07,8.553789579308052e-08
20,10,1.0,4.0,5.266506097293386e-07,8.480470059873382e-08
20,10,1.0,4.05,5.308727919085608e-07,8.408473627732769e-08
20,10,1.0,4.1,5.350592925507542e-07,8.337732225700694e-08
20,10,1.0,4.15,5.392107213224583e-07,8.268173834940644e-08
20,10,1.0,4.2,5.433276509785878e-07,8.199722897308664e-08
20,10,1.0,4.25,5.474106156960502e-07,8.132300726446428e-08
20,10,1.0,4.3,5.514601096099849e-07,8.065825907289127e-08
20,10,1.0,4.35,5.554765855468447e-07,8.000214683700379e-08
20,10,1.0,4.4,5.594604539482222e-07,7.935381333982522e-08
20,10,1.0,4.45,5.634120819794002e-07,7.871238534051293e-08
20,10,1.0,4.5,5.673317928163384e-07,7.807697708097666e-08
20,10,1.0,4.55,5.712198651048373e-07,7.744669366594191e-08
20,10,1.0,4.6,5.75076532585533e-07,7.682063431535254e-08
20,10,1.0,4.65,5.789019838782937e-07,7.619789548829667e-08
20,10,1.0,4.7,5.826963624195743e-07,7.557757387792832e-08
20,10,1.0,4.75,5.864597665463268e-07,7.495876927712553e-08
20,10,1.0,4.8,5.901922497198999e-07,7.434058731485475e-08
20,10,1.0,4.85,5.938938208835824e-07,7.372214206346989e-08
20,10,1.0,4.9,5.975644449472866e-07,7.310255851736659e-08
20,10,1.0,4.95,6.0120404339291e-07,7.248097494361913e-08
20,10,1.0,5.0,6.048124949941201e-07,7.1856545105425e-08
20,10,2.0,0.0,1.6700203264197222e-09,1.0818787387671615e-07
20,10,2.0,0.05,2.963347792154079e-08,1.3842335612534821e-06
20,10,2.0,0.1,1.6477603039147867e-07,3.817000078864582e-06
20,10,2.0,0.15,3.6008651277892175e-07,3.5394803799298794e-06
20,10,2.0,0.2,5.010931579697314e-07,2.135072762175795e-06
20,10,2.0,0.25,5.83586788406475e-07,1.272139126781235e-06
20,10,2.0,0.3,6.3664055330147e-07,9.078928427591093e-07
20,10,2.0,0.35,6.782243658619996e-07,7.794348891388521e-07
20,10,2.0,0.4,7.161063785630782e-07,7.449832813526213e-07
20,10,2.0,0.45,7.532921359126642e-07,7.457996417944951e-07
20,10,2.0,0.5,7.908917487259369e-07,7.593614956252457e-07
20,10,2.0,0.55,8.292975093270968e-07,7.772337531428432e-07
20,10,2.0,0.6,8.686334441114393e-07,7.962632458922794e-07
20,10,2.0,0.65,9.089228202934479e-07,8.152533661439181e-07
20,10,2.0,0.7,9.501501022386496e-07,8.337307647581569e-07
20,10,2.0,0.75,9.922838957580726e-07,8.514911551750565e-07
20,10,2.0,0.8,1.0352855484410125e-06,8.684326340999366e-07
20,10,2.0,0.85,1.079112492133344e-06,8.844946799836085e-07
20,10,2.0,0.9,1.1237196633102356e-06,8.996358873161966e-07
20,10,2.0,0.95,1.1690602224318535e-06,9.138258496197438e-07
20,10,2.0,1.0,1.215086017213978e-06,9.270421750903984e-07
20,10,2.0,1.05,1.2617479503329754e-06,9.392693347869813e-07
20,10,2.0,1.1,1.3089963081047911e-06,9.504981394194007e-07
20,10,2.0,1.15,1.3567810688456381e-06,9.607254089394064e-07
20,10,2.0,1.2,1.4050521960240012e-06,9.699536804915484e-07
20,10,2.0,1.25,1.453759916591392e-06,9.781909032852296e-07
20,10,2.0,1.3,1.5028549834034984e-06,9.854501065948371e-07
20,10,2.0,1.35,1.552288920352857e-06,9.917490407431664e-07
20,10,2.0,1.4,1.6020142489675322e-06,9.971097957142417e-07
20,10,2.0,1.45,1.6519846955076655e-06,1.0015584035193289e-06
20,10,2.0,1.5,1.7021553779066092e-06,1.0051244306481558e-06
20,10,2.0,1.55,1.7524829722132272e-06,1.007840566636545e-06
20,10,2.0,1.6,1.802925858481649e-06,1.0097422142644105e-06
20,10,2.0,1.65,1.853444246315278e-06,1.0108670862886171e-06
20,10,2.0,1.7,1.904000280500674e-06,1.0112548129668019e-06
20,10,2.0,1.75,1.9545581273639554e-06,1.0109465639753821e-06
20,10,2.0,1.8,2.005084042645968e-06,1.009984687686755e-06
20,10,2.0,1.85,2.055546421825635e-06,1.0084123701605923e-06
20,10,2.0,1.9,2.1059158339239175e-06,1.0062733156342164e-06
20,10,2.0,1.95,2.1561650398971634e-06,1.003611449773104e-06
20,10,2.0,2.0,2.2062689967793463e-06,1.0004706464693145e-06
20,10,2.0,2.05,2.256204848761294e-06,9.968944785560284e-07
20,10,2.0,2.1,2.3059519064043145e-06,9.92925992440563e-07
20,10,2.0,2.15,2.35549161517766e-06,9.886075063451836e-07
20,10,2.0,2.2,2.4048075144865588e-06,9.83980431582672e-07
20,10,2.0,2.25,2.453885188324119e-06,9.790851160794096e-07
20,10,2.0,2.3,2.50271220863571e-06,9.739607091880417e-07
20,10,2.0,2.35,2.551278072433919e-06,9.686450467018255e-07
20,10,2.0,2.4,2.599574133644701e-06,9.631745548881415e-07
20,10,2.0,2.45,2.647593530604891e-06,9.575841722959712e-07
20,10,2.0,2.5,2.6953311100677307e-06,9.519072880566086e-07
20,10,2.0,2.55,2.742783348508899e-06,9.461756953848782e-07
20,10,2.0,2.6,2.7899482714608033e-06,9.404195589956043e-07
20,10,2.0,2.65,2.83682537153911e-06,9.346673951736446e-07
20,10,2.0,2.7,2.8834155257636655e-06,9.289460632725067e-07
20,10,2.0,2.75,2.929720912715264e-06,9.23280767463067e-07
20,10,2.0,2.8,2.9757449300126643e-06,9.176950676083786e-07
20,10,2.0,2.85,3.021492112539158e-06,9.122108982002531e-07
20,10,2.0,2.9,3.0669680517964743e-06,9.068485943566946e-07
20,10,2.0,2.95,3.1121793167155658e-06,9.016269239448154e-07
20,10,2.0,3.0,3.157133376208337e-06,8.96563124959882e-07
20,10,2.0,3.05,3.201838523702854e-06,8.916729473571729e-07
20,10,2.0,3.1,3.246303803866e-06,8.869706985979681e-07
20,10,2.0,3.15,3.2905389416820887e-06,8.824692922337951e-07
20,10,2.0,3.2,3.334554274023562e-06,8.781802989135972e-07
20,10,2.0,3.25,3.3783606838211014e-06,8.741139992563351e-07
20,10,2.0,3.3,3.4219695369132506e-06,8.70279438086105e-07
20,10,2.0,3.35,3.4653926216324195e-06,8.666844795787151e-07
20,10,2.0,3.4,3.508642091162536e-06,8.63335862916929e-07
20,10,2.0,3.45,3.5517304086845356e-06,8.602392580967236e-07
20,10,2.0,3.5,3.5946702953094465e-06,8.573993215689534e-07
20,10,2.0,3.55,3.6374746807834694e-06,8.548197514394124e-07
20,10,2.0,3.6,3.6801566569369174e-06,8.525033419861392e-07
20,10,2.0,3.65,3.7227294338376947e-06,8.504520372855666e-07
20,10,2.0,3.7,3.7652062985997406e-06,8.486669837690558e-07
20,10,2.0,3.75,3.807600576789791e-06,8.471485815588322e-07
20,10,2.0,3.8,3.8499255963672e-06,8.458965344569763e-07
20,10,2.0,3.85,3.892194654087962e-06,8.449098984839879e-07
20,10,2.0,3.9,3.934420984296924e-06,8.441871288832399e-07
20,10,2.0,3.95,3.976617730031106e-06,8.437261255265684e-07
20,10,2.0,4.0,4.018797916352029e-06,8.435242766720317e-07
20,10,2.0,4.05,4.060974425823687e-06,8.435785010398248e-07
20,10,2.0,4.1,4.103159976052435e-06,8.438852881853934e-07
20,10,2.0,4.15,4.145367099202332e-06,8.444407371600668e-07
20,10,2.0,4.2,4.187608123400617e-06,8.452405934598211e-07
20,10,2.0,4.25,4.229895155948278e-06,8.462802842717445e-07
20,10,2.0,4.3,4.272240068250656e-06,8.475549520353234e-07
20,10,2.0,4.35,4.31465448238442e-06,8.490594863424815e-07
20,10,2.0,4.4,4.357149759218482e-06,8.507885542059136e-07
20,10,2.0,4.45,4.399736988008588e-06,8.527366287302788e-07
20,10,2.0,4.5,4.442426977386018e-06,8.548980162246147e-07
20,10,2.0,4.55,4.485230247663993e-06,8.572668817978814e-07
20,10,2.0,4.6,4.528157024386694e-06,8.598372734821218e-07
20,10,2.0,4.65,4.57121723304875e-06,8.626031449298743e-07
20,10,2.0,4.7,4.614420494914994e-06,8.655583767340335e-07
20,10,2.0,4.75,4.657776123872509e-06,8.686967964194349e-07
20,10,2.0,4.8,4.701293124250417e-06,8.720121971562901e-07
20,10,2.0,4.85,4.744980189544262e-06,8.754983552457301e-07
20,10,2.0,4.9,4.788845701985005e-06,8.791490464278785e-07
20,10,2.0,4.95,4.832897732895233e-06,8.829580610626028e-07
20,10,2.0,5.0,4.8771440437769326e-06,8.869192182324414e-07
20,10,3.0,0.0,1.8350048675964193e-09,1.1868796275499998e-07
20,10,3.0,0.05,3.9686881813315545e-08,2.119745842749193e-06
20,10,3.0,0.1,3.0606205317226597e-07,8.768948252688066e-06
20,10,3.0,0.15,8.146005006255398e-07,1.0087104321400607e-05
20,10,3.0,0.2,1.2301226299218866e-06,6.3903598267186605e-06
20,10,3.0,0.25,1.4727589373043435e-06,3.6168089286109615e-06
20,10,3.0,0.3,1.6174996554334165e-06,2.3616479566851746e-06
20,10,3.0,0.35,1.7217451064464197e-06,1.8892259583797795e-06
20,10,3.0,0.4,1.8115932371552398e-06,1.7358092063157732e-06
20,10,3.0,0.45,1.897262957915502e-06,1.7023517666353274e-06
20,10,3.0,0.5,1.9825222299462613e-06,1.7119654515009884e-06
20,10,3.0,0.55,2.068689571119905e-06,1.7359203949665606e-06
20,10,3.0,0.6,2.156172461799833e-06,1.7635648031691824e-06
20,10,3.0,0.65,2.2450401047055004e-06,1.790925245853669e-06
20,10,3.0,0.7,2.3352345620884107e-06,1.816487244608206e-06
20,10,3.0,0.75,2.4266486234175293e-06,1.8396471754769764e-06
20,10,3.0,0.8,2.519154865577122e-06,1.860146437107764e-06
20,10,3.0,0.85,2.61261689032449e-06,1.877865038970378e-06
20,10,3.0,0.9,2.7068940616742406e-06,1.8927463035600303e-06
20,10,3.0,0.95,2.8018438679687016e-06,1.9047692260590248e-06
20,10,3.0,1.0,2.8973234042990767e-06,1.913938040116066e-06
20,10,3.0,1.05,2.9931905124246675e-06,1.9202779022121404e-06
20,10,3.0,1.1,3.0893047668249965e-06,1.923832673501154e-06
20,10,3.0,1.15,3.185528369537703e-06,1.9246633547702823e-06
20,10,3.0,1.2,3.28172697157837e-06,1.9228466691736013e-06
20,10,3.0,1.25,3.3777704234339558e-06,1.9184736292206774e-06
20,10,3.0,1.3,3.4735334525616194e-06,1.9116480484688474e-06
20,10,3.0,1.35,3.568896265144663e-06,1.9024850026558102e-06
20,10,3.0,1.4,3.663745070038312e-06,1.8911092599602863e-06
20,10,3.0,1.45,3.757972523948292e-06,1.8776537040621028e-06
20,10,3.0,1.5,3.851478098074106e-06,1.8622577734416756e-06
20,10,3.0,1.55,3.944168367576672e-06,1.8450659384376406e-06
20,10,3.0,1.6,4.03595722624238e-06,1.826226234960121e-06
20,10,3.0,1.65,4.126766029588551e-06,1.80588887085162e-06
20,10,3.0,1.7,4.216523670380788e-06,1.7842049179194347e-06
20,10,3.0,1.75,4.305166591109861e-06,1.7613250997416426e-06
20,10,3.0,1.8,4.392638738411546e-06,1.737398682567251e-06
20,10,3.0,1.85,4.478891464712302e-06,1.7125724740398925e-06
20,10,3.0,1.9,4.563883382560788e-06,1.6869899321187708e-06
20,10,3.0,1.95,4.64758017717019e-06,1.6607903844713549e-06
20,10,3.0,2.0,4.7299543826628875e-06,1.6341083567903275e-06
20,10,3.0,2.05,4.810985127392852e-06,1.6070730069381927e-06
20,10,3.0,2.1,4.89065785353177e-06,1.5798076605478968e-06
20,10,3.0,2.15,4.968964015861492e-06,1.552429442692261e-06
20,10,3.0,2.2,5.045900764424348e-06,1.5250489994620368e-06
20,10,3.0,2.25,5.1214706153614915e-06,1.4977703027426727e-06
20,10,3.0,2.3,5.195681113923054e-06,1.4706905311289582e-06
20,10,3.0,2.35,5.268544493277352e-06,1.4439000197420077e-06
20,10,3.0,2.4,5.340077332381533e-06,1.4174822716885287e-06
20,10,3.0,2.45,5.410300215817614e-06,1.3915140240060501e-06
20,10,3.0,2.5,5.479237398141567e-06,1.3660653611445546e-06
20,10,3.0,2.55,5.546916474956503e-06,1.3411998693267063e-06
20,10,3.0,2.6,5.6133680625929255e-06,1.3169748254826037e-06
20,10,3.0,2.65,5.678625487976772e-06,1.2934414148568647e-06
20,10,3.0,2.7,5.742724489979232e-06,1.2706449718176751e-06
20,10,3.0,2.75,5.8057029332821286e-06,1.2486252388483112e-06
20,10,3.0,2.8,5.867600535550882e-06,1.2274166391583507e-06
20,10,3.0,2.85,5.928458608492195e-06,1.2070485588070058e-06
20,10,3.0,2.9,5.9883198131789e-06,1.1875456346756005e-06
20,10,3.0,2.95,6.047227929850466e-06,1.1689280450547195e-06
20,10,3.0,3.0,6.105227642249624e-06,1.1512118000205947e-06
20,10,3.0,3.05,6.162364336420239e-06,1.1344090291590543e-06
20,10,3.0,3.1,6.218683913780946e-06,1.1185282645543731e-06
20,10,3.0,3.15,6.274232618193195e-06,1.1035747172915176e-06
20,10,3.0,3.2,6.329056876660981e-06,1.0895505460233926e-06
20,10,3.0,3.25,6.383203153235832e-06,1.0764551164304522e-06
20,10,3.0,3.3,6.436717815647272e-06,1.0642852506479552e-06
20,10,3.0,3.35,6.489647014138873e-06,1.0530354659582172e-06
20,10,3.0,3.4,6.5420365719593775e-06,1.0426982022415937e-06
20,10,3.0,3.45,6.593931886938489e-06,1.033264037853149e-06
20,10,3.0,3.5,6.645377843562484e-06,1.0247218937423424e-06
20,10,3.0,3.55,6.69641873496111e-06,1.0170592257635843e-06
20,10,3.0,3.6,6.7470981942154235e-06,1.0102622052365768e-06
20,10,3.0,3.65,6.797459134402924e-06,1.0043158879094898e-06
20,10,3.0,3.7,6.847543696805998e-06,9.992043715566175e-07
20,10,3.0,3.75,6.897393206721619e-06,9.949109425063142e-07
20,10,3.0,3.8,6.947048136328131e-06,9.914182114473122e-07
20,10,3.0,3.85,6.996548074082417e-06,9.887082389020193e-07
20,10,3.0,3.9,7.045931700140779e-06,9.867626507865049e-07
20,10,3.0,3.95,7.095236767319577e-06,9.855627444993622e-07
20,10,3.0,4.0,7.144500087132638e-06,9.850895859964615e-07
20,10,3.0,4.05,7.193757520467115e-06,9.853240983172794e-07
20,10,3.0,4.1,7.243043972481357e-06,9.862471420313873e-07
20,10,3.0,4.15,7.292393391333015e-06,9.878395880721633e-07
20,10,3.0,4.2,7.341838770368262e-06,9.9008238341927e-07
20,10,3.0,4.25,7.39141215342556e-06,9.92956610082556e-07
20,10,3.0,4.3,7.441144642930499e-06,9.96443537828763e-07
20,10,3.0,4.35,7.4910664104797324e-06,1.0005246710789661e-06
20,10,3.0,4.4,7.5412067096320776e-06,1.005181790389262e-06
20,10,3.0,4.45,7.5915938906472144e-06,1.0103969889112634e-06
20,10,3.0,4.5,7.642255416929264e-06,1.01615270421118e-06
20,10,3.0,4.55,7.69321788295332e-06,1.022431745808889e-06
20,10,3.0,4.6,7.74450703346864e-06,1.0292173187797116e-06
20,10,3.0,4.65,7.796147783790828e-06,1.0364930437437532e-06
20,10,3.0,4.7,7.848164241009148e-06,1.044242973548946e-06
20,10,3.0,4.75,7.900579725951479e-06,1.052451606936301e-06
20,10,3.0,4.8,7.953416795763047e-06,1.0611038994579494e-06
20,10,3.0,4.85,8.006697266967259e-06,1.0701852719013036e-06
20,10,3.0,4.9,8.060442238890772e-06,1.0796816164561254e-06
20,10,3.0,4.95,8.114672117344606e-06,1.0895793008449238e-06
20,10,3.0,5.0,8.169406638465814e-06,1.0998651706219137e-06
20,10,4.0,0.0,2.141573811845681e-09,1.3258007240571264e-07
20,10,4.0,0.05,5.057784112224758e-08,2.984920065521306e-06
20,10,4.0,0.1,5.411076102387079e-07,1.885092906485045e-05
20,10,4.0,0.15,1.8192289755983346e-06,2.826797769951103e-05
20,10,4.0,0.2,3.0419451609754935e-06,1.9341821335505653e-05
20,10,4.0,0.25,3.7662670884364505e-06,1.0423702255840293e-05
20,10,4.0,0.3,4.1627097956684395e-06,6.056703123777103e-06
20,10,4.0,0.35,4.415394360348455e-06,4.330497162697704e-06
20,10,4.0,0.4,4.613714944203407e-06,3.710702063963303e-06
20,10,4.0,0.45,4.793214238086102e-06,3.5088986969311928e-06
20,10,4.0,0.5,4.967025510665358e-06,3.457382476133598e-06
20,10,4.0,0.55,5.1397681733317735e-06,3.4566790593482362e-06
20,10,4.0,0.6,5.312921729683267e-06,3.470358680627188e-06
20,10,4.0,0.65,5.486817930055514e-06,3.485121018920077e-06
20,10,4.0,0.7,5.661369310996716e-06,3.4961034749352844e-06
20,10,4.0,0.75,5.836335140826224e-06,3.5015318129551995e-06
20,10,4.0,0.8,6.011419273970489e-06,3.5007804013978734e-06
20,10,4.0,0.85,6.186307095170593e-06,3.4936696639854714e-06
20,10,4.0,0.9,6.360680392380589e-06,3.4802111024637755e-06
20,10,4.0,0.95,6.534224192496546e-06,3.4605137616386023e-06
20,10,4.0,1.0,6.70663061333781e-06,3.434748650661617e-06
20,10,4.0,1.05,6.877601539719097e-06,3.4031337673024952e-06
20,10,4.0,1.1,7.046850761486014e-06,3.3659262920270838e-06
20,10,4.0,1.15,7.214105791902686e-06,3.3234171633761816e-06
20,10,4.0,1.2,7.3791094364200506e-06,3.2759263674083553e-06
20,10,4.0,1.25,7.541621131322293e-06,3.2237983987818765e-06
20,10,4.0,1.3,7.70141805640603e-06,3.167397753929189e-06
20,10,4.0,1.35,7.858296023020697e-06,3.107104458096611e-06
20,10,4.0,1.4,8.012070140266054e-06,3.0433096740597314e-06
20,10,4.0,1.45,8.162575264890505e-06,2.976411451302753e-06
20,10,4.0,1.5,8.309666243352296e-06,2.906810672284148e-06
20,10,4.0,1.55,8.453217957170182e-06,2.8349072452618184e-06
20,10,4.0,1.6,8.593125184942093e-06,2.7610965841549092e-06
20,10,4.0,1.65,8.729302296198037e-06,2.6857664064223015e-06
20,10,4.0,1.7,8.86168279356673e-06,2.609293870577605e-06
20,10,4.0,1.75,8.990218720592096e-06,2.532043066096665e-06
20,10,4.0,1.8,9.114879952967466e-06,2.4543628603464247e-06
20,10,4.0,1.85,9.235653391000495e-06,2.3765850999028495e-06
20,10,4.0,1.9,9.35254207082974e-06,2.2990231573349384e-06
20,10,4.0,1.95,9.465564211330634e-06,2.221970809238641e-06
20,10,4.0,2.0,9.574752212826632e-06,2.145701427017834e-06
20,10,4.0,2.05,9.680151622708896e-06,2.0704674585900828e-06
20,10,4.0,2.1,9.781820081913576e-06,1.9965001767943747e-06
20,10,4.0,2.15,9.879826264952681e-06,1.9240096687137977e-06
20,10,4.0,2.2,9.974248824879647e-06,1.8531850393136503e-06
20,10,4.0,2.25,1.0065175353237611e-05,1.784194802639331e-06
20,10,4.0,2.3,1.0152701363705449e-05,1.7171874342183007e-06
20,10,4.0,2.35,1.023692930686089e-05,1.6522920591713176e-06
20,10,4.0,2.4,1.0317967622233615e-05,1.589619251765222e-06
20,10,4.0,2.45,1.0395929832643608e-05,1.5292619236461171e-06
20,10,4.0,2.5,1.047093368472671e-05,1.4712962796994349e-06
20,10,4.0,2.55,1.0543100338539051e-05,1.415782822319707e-06
20,10,4.0,2.6,1.0612553608220602e-05,1.3627673867787745e-06
20,10,4.0,2.65,1.0679419254880005e-05,1.3122821923028633e-06
20,10,4.0,2.7,1.0743824332141291e-05,1.2643468953646725e-06
20,10,4.0,2.75,1.0805896584163231e-05,1.2189696335305683e-06
20,10,4.0,2.8,1.0865763895406034e-05,1.176148049950284e-06
20,10,4.0,2.85,1.0923553790961456e-05,1.1358702902146394e-06
20,10,4.0,2.9,1.097939298589279e-05,1.0981159648254285e-06
20,10,4.0,2.95,1.1033406981722939e-05,1.0628570719089695e-06
20,10,4.0,3.0,1.1085719707976887e-05,1.030058876060162e-06
20,10,4.0,3.05,1.1136453206504472e-05,9.996807403243132e-07
20,10,4.0,3.1,1.1185727356187741e-05,9.71676909314172e-07
20,10,4.0,3.15,1.123365963555651e-05,9.459972423231681e-07
20,10,4.0,3.2,1.1280364920800778e-05,9.225878960403734e-07
20,10,4.0,3.25,1.1325955316661438e-05,9.013919571051206e-07
20,10,4.0,3.3,1.1370540017710932e-05,8.823500252691823e-07
20,10,4.0,3.35,1.1414225197580775e-05,8.654007483700622e-07
20,10,4.0,3.4,1.1457113923765086e-05,8.504813106698363e-07
20,10,4.0,3.45,1.1499306095712771e-05,8.37527876389239e-07
20,10,4.0,3.5,1.1540898404018181e-05,8.264759904747857e-07
20,10,4.0,3.55,1.1581984308626752e-05,8.172609387863316e-07
20,10,4.0,3.6,1.1622654034082407e-05,8.098180699910903e-07
20,10,4.0,3.65,1.1662994579961699e-05,8.040830815054617e-07
20,10,4.0,3.7,1.1703089744754691e-05,7.999922718442193e-07
20,10,4.0,3.75,1.174302016157315e-05,7.974827617242935e-07
20,10,4.0,3.8,1.1782863344180446e-05,7.964926862325632e-07
20,10,4.0,3.85,1.1822693741953914e-05,7.969613603087507e-07
20,10,4.0,3.9,1.1862582802499256e-05,7.98829419720115e-07
20,10,4.0,3.95,1.190259904074535e-05,8.020389396177e-07
20,10,4.0,4.0,1.194280811344744e-05,8.065335326677586e-07
20,10,4.0,4.05,1.1983272898126636e-05,8.122584286494994e-07
20,10,4.0,4.1,1.2024053575562786e-05,8.191605373037005e-07
20,10,4.0,4.15,1.2065207715046505e-05,8.271884961083486e-07
20,10,4.0,4.2,1.2106790361675654e-05,8.362927045483685e-07
20,10,4.0,4.25,1.2148854125058925e-05,8.464253463388931e-07
20,10,4.0,4.3,1.2191449268857262e-05,8.575404009555674e-07
20,10,4.0,4.35,1.2234623800661125e-05,8.695936457228462e-07
20,10,4.0,4.4,1.2278423561759964e-05,8.825426496121368e-07
20,10,4.0,4.45,1.2322892316416806e-05,8.963467598068363e-07
20,10,4.0,4.5,1.2368071840310647e-05,9.109670820011066e-07
20,10,4.0,4.55,1.2414002007855406e-05,9.263664553136044e-07
20,10,4.0,4.6,1.2460720878147126e-05,9.425094226170738e-07
20,10,4.0,4.65,1.2508264779327645e-05,9.59362197008936e-07
20,10,4.0,4.7,1.2556668391190161e-05,9.768926250776009e-07
20,10,4.0,4.75,1.2605964825879423e-05,9.95070147553352e-07
20,10,4.0,4.8,1.2656185706570761e-05,1.0138657578718183e-06
20,10,4.0,4.85,1.2707361244034691e-05,1.03325195912155e-06
20,10,4.0,4.9,1.2759520311017501e-05,1.0532027197955085e-06
20,10,4.0,4.95,1.2812690514387914e-05,1.0736934287182571e-06
20,10,4.0,5.0,1.2866898265014995e-05,1.0947008494771122e-06
20,10,5.0,0.0,2.418985919278997e-09,1.3781623419832506e-07
20,10,5.0,0.05,5.540949461443136e-08,3.484093045124805e-06
20,10,5.0,0.1,8.03815070207481e-07,3.342999647974849e-05
20,10,5.0,0.15,3.5561394324531614e-06,6.936097768293691e-05
20,10,5.0,0.2,6.78890765644334e-06,5.389958723446516e-05
20,10,5.0,0.25,8.814925408868802e-06,2.8682134063535705e-05
20,10,5.0,0.3,9.86193385383737e-06,1.503274933851772e-05
20,10,5.0,0.35,1.0451567953430954e-05,9.435159633882934e-06
20,10,5.0,0.4,1.0862639182253525e-05,7.355205103790795e-06
20,10,5.0,0.45,1.1208784792059706e-05,6.618326920454648e-06
20,10,5.0,0.5,1.1532300746798238e-05,6.367398301721133e-06
20,10,5.0,0.55,1.1848224907760936e-05,6.284492012385357e-06
20,10,5.0,0.6,1.216158801765387e-05,6.254051208763456e-06
20,10,5.0,0.65,1.2473796117423027e-05,6.234363787820892e-06
20,10,5.0,0.7,1.2784948918108168e-05,6.210432936232171e-06
20,10,5.0,0.75,1.309467814461161e-05,6.176930564698494e-06
20,10,5.0,0.8,1.340245188055219e-05,6.13206205983001e-06
20,10,5.0,0.85,1.3707686879361423e-05,6.075361406339547e-06
20,10,5.0,0.9,1.400979184270903e-05,6.006897673742905e-06
20,10,5.0,0.95,1.430818579237211e-05,5.926987124366173e-06
20,10,5.0,1.0,1.4602307324068787e-05,5.8360858519405525e-06
20,10,5.0,1.05,1.4891620367242294e-05,5.73474645392816e-06
20,10,5.0,1.1,1.5175618435785712e-05,5.623597102706278e-06
20,10,5.0,1.15,1.5453828056977017e-05,5.503328230231352e-06
20,10,5.0,1.2,1.572581160766954e-05,5.374681664179892e-06
20,10,5.0,1.25,1.5991169629306796e-05,5.238440498193242e-06
20,10,5.0,1.3,1.624954264336697e-05,5.095419206534914e-06
20,10,5.0,1.35,1.6500612477004194e-05,4.946453944314506e-06
20,10,5.0,1.4,1.674410310997265e-05,4.792393117617805e-06
20,10,5.0,1.45,1.697978105934464e-05,4.634088346195932e-06
20,10,5.0,1.5,1.720745532474576e-05,4.472385940829127e-06
20,10,5.0,1.55,1.7426976922594475e-05,4.308119002298343e-06
20,10,5.0,1.6,1.7638238042673703e-05,4.142100228266394e-06
20,10,5.0,1.65,1.7841170864125428e-05,3.975115492115359e-06
20,10,5.0,1.7,1.8035746070604716e-05,3.807918235667426e-06
20,10,5.0,1.75,1.8221971105894294e-05,3.6412246967478485e-06
20,10,5.0,1.8,1.839988821184253e-05,3.475709973319206e-06
20,10,5.0,1.85,1.8569572290135313e-05,3.3120049088637913e-06
20,10,5.0,1.9,1.873112862826956e-05,3.1506937690010905e-06
20,10,5.0,1.95,1.888469052828354e-05,2.9923126671820727e-06
20,10,5.0,2.0,1.903041687443511e-05,2.8373486876519575e-06
20,10,5.0,2.05,1.9168489673242875e-05,2.686239646676203e-06
20,10,5.0,2.1,1.9299111596221687e-05,2.539374428122022e-06
20,10,5.0,2.15,1.942250355236827e-05,2.3970938266798495e-06
20,10,5.0,2.2,1.9538902314090316e-05,2.259691831065498e-06
20,10,5.0,2.25,1.9648558216895602e-05,2.1274172802072696e-06
20,10,5.0,2.3,1.975173294985555e-05,2.0004758274319167e-06
20,10,5.0,2.35,1.984869745068104e-05,1.8790321507590799e-06
20,10,5.0,2.4,1.9939729916249136e-05,1.7632123513483882e-06
20,10,5.0,2.45,2.002511393663348e-05,1.6531064866857116e-06
20,10,5.0,2.5,2.0105136758141397e-05,1.548771190039368e-06
20,10,5.0,2.55,2.0180087678568236e-05,1.4502323328786515e-06
20,10,5.0,2.6,2.0250256575841534e-05,1.3574876921713687e-06
20,10,5.0,2.65,2.0315932569456246e-05,1.2705095896328898e-06
20,10,5.0,2.7,2.0377402812578653e-05,1.189247474982019e-06
20,10,5.0,2.75,2.0434951411420063e-05,1.1136304299871512e-06
20,10,5.0,2.8,2.0488858467432396e-05,1.0435695745005512e-06
20,10,5.0,2.85,2.0539399237039672e-05,9.789603597370156e-07
20,10,5.0,2.9,2.0586843402977122e-05,9.196847377323728e-07
20,10,5.0,2.95,2.0631454450839373e-05,8.656131992056559e-07
20,10,5.0,3.0,2.0673489144124863e-05,8.166066749478259e-07
20,10,5.0,3.05,2.0713197090883158e-05,7.72518298378667e-07
20,10,5.0,3.1,2.0750820395012405e-05,7.331950290696875e-07
20,10,5.0,3.15,2.0786593385286237e-05,6.984791388451446e-07
20,10,5.0,3.2,2.082074241531239e-05,6.682095635727247e-07
20,10,5.0,3.25,2.0853485727811852e-05,6.422231249658541e-07
20,10,5.0,3.3,2.0885033376844973e-05,6.203556276706987e-07
20,10,5.0,3.35,2.0915587201899835e-05,6.024428376312276e-07
20,10,5.0,3.4,2.0945340848063414e-05,5.883213482423701e-07
20,10,5.0,3.45,2.0974479826839112e-05,5.778293411426449e-07
20,10,5.0,3.5,2.1003181612515095e-05,5.708072486871951e-07
20,10,5.0,3.55,2.103161576934713e-05,5.67098325204897e-07
20,10,5.0,3.6,2.1059944105171106e-05,5.665491340996937e-07
20,10,5.0,3.65,2.1088320847410423e-05,5.690099577259321e-07
20,10,5.0,3.7,2.111689283778923e-05,5.743351367682004e-07
20,10,5.0,3.75,2.114579974238532e-05,5.823833456023695e-07
20,10,5.0,3.8,2.1175174273982272e-05,5.930178098205001e-07
20,10,5.0,3.85,2.1205142423973668e-05,6.061064717786786e-07
20,10,5.0,3.9,2.1235823701360455e-05,6.215221096843927e-07
20,10,5.0,3.95,2.1267331376650625e-05,6.391424153862108e-07
20,10,5.0,4.0,2.1299772728715745e-05,6.588500356712167e-07
20,10,5.0,4.05,2.1333249292894674e-05,6.805325815194953e-07
20,10,5.0,4.1,2.13678571088434e-05,7.040826094152722e-07
20,10,5.0,4.15,2.1403686966832762e-05,7.293975784750134e-07
20,10,5.0,4.2,2.1440824651368298e-05,7.563797868251054e-07
20,10,5.0,4.25,2.1479351181177487e-05,7.849362903500457e-07
20,10,5.0,4.3,2.151934304475235e-05,8.149788066357521e-07
20,10,5.0,4.35,2.1560872430772197e-05,8.464236066537584e-07
20,10,5.0,4.4,2.16040074528535e-05,8.791913964710813e-07
20,10,5.0,4.45,2.1648812368177614e-05,9.132071910270236e-07
20,10,5.0,4.5,2.1695347789648526e-05,9.484001817927289e-07
20,10,5.0,4.55,2.1743670891312948e-05,9.847035999211336e-07
20,10,5.0,4.6,2.1793835606857098e-05,1.0220545763035896e-06
20,10,5.0,4.65,2.18458928210529e-05,1.0603939997742588e-06
20,10,5.0,4.7,2.1899890554093436e-05,1.0996663745439142e-06
20,10,5.0,4.75,2.1955874138797986e-05,1.139819677799442e-06
20,10,5.0,4.8,2.2013886390720633e-05,1.18080521827432e-06
20,10,5.0,4.85,2.207396777122436e-05,1.2225774964768644e-06
20,10,5.0,4.9,2.213615654362126e-05,1.2650940671563978e-06
20,10,5.0,4.95,2.220048892250236e-05,1.3083154044928e-06
20,10,5.0,5.0,2.226699921640307e-05,1.3522047704091035e-06
20,15,0.0,0.0,3.0271982338019033e-12,1.687006058822205e-10
20,15,0.0,0.05,2.6612627067529494e-11,8.247531492129929e-10
20,15,0.0,0.1,7.671744590288958e-11,1.01728398091735e-09
20,15,0.0,0.15,1.1799074536244832e-10,6.09406313130147e-10
20,15,0.0,0.2,1.395139977612116e-10,2.85677204860326e-10
20,15,0.0,0.25,1.4953088666812604e-10,1.3696603170769764e-10
20,15,0.0,0.3,1.5469460201906426e-10,7.887533312129206e-11
20,15,0.0,0.35,1.580054625248936e-10,5.704921132019536e-11
20,15,0.0,0.4,1.6061510968518128e-10,4.859458597156241e-11
20,15,0.0,0.45,1.6294190405455385e-10,4.4922209911822936e-11
20,15,0.0,0.5,1.651343749256202e-10,4.293142666575827e-11
20,15,0.0,0.55,1.6724434706404083e-10,4.151967256896e-11
20,15,0.0,0.6,1.6928939859497167e-10,4.0298754586974294e-11
20,15,0.0,0.65,1.712751171992651e-10,3.9134152181614125e-11
20,15,0.0,0.7,1.7320299098857838e-10,3.798110818645946e-11
20,15,0.0,0.75,1.7507319656763484e-10,3.682650054068433e-11
20,15,0.0,0.8,1.7688557856112713e-10,3.566825332994118e-11
20,15,0.0,0.85,1.786399886829144e-10,3.450804656140821e-11
20,15,0.0,0.9,1.803363980099705e-10,3.334873397731593e-11
20,15,0.0,0.95,1.8197492890223463e-10,3.219342778448955e-11
20,15,0.0,1.0,1.835558584391041e-10,3.104517438860078e-11
20,15,0.0,1.05,1.8507961178996264e-10,2.990684057347262e-11
20,15,0.0,1.1,1.8654675210182542e-10,2.878107545240929e-11
20,15,0.0,1.15,1.8795796929637057e-10,2.7670300424170016e-11
20,15,0.0,1.2,1.8931406867853658e-10,2.6576710072103506e-11
20,15,0.0,1.25,1.9061595972337124e-10,2.5502277795969843e-11
20,15,0.0,1.3,1.918646452095547e-10,2.4448763807402915e-11
20,15,0.0,1.35,1.9306121078953872e-10,2.341772448857953e-11
20,15,0.0,1.4,1.9420681505069947e-10,2.2410522611077756e-11
20,15,0.0,1.45,1.9530268010222376e-10,2.142833810251648e-11
20,15,0.0,1.5,1.9635008270909575e-10,2.0472179131281265e-11
20,15,0.0,1.55,1.9735034598437898e-10,1.9542893324014298e-11
20,15,0.0,1.6,1.983048316423899e-10,1.8641178961133612e-11
20,15,0.0,1.65,1.9921493280834859e-10,1.7767596020312252e-11
20,15,0.0,1.7,2.0008206737411077e-10,1.692257695987912e-11
20,15,0.0,1.75,2.0090767188469382e-10,1.610643715399267e-11
20,15,0.0,1.8,2.0169319593634503e-10,1.5319384909460496e-11
20,15,0.0,1.85,2.0244009706385992e-10,1.4561531010601926e-11
20,15,0.0,1.9,2.0314983609249777e-10,1.3832897753003819e-11
20,15,0.0,1.95,2.0382387292822942e-10,1.3133427440116425e-11
20,15,0.0,2.0,2.044636627590699e-10,1.2462990327821775e-11
20,15,0.0,2.05,2.05070652639706e-10,1.1821392011886359e-11
20,15,0.0,2.1,2.0564627843161335e-10,1.1208380261434095e-11
20,15,0.0,2.15,2.0619196207120544e-10,1.0623651308468483e-11
20,15,0.0,2.2,2.0670910913916748e-10,1.0066855609087729e-11
20,15,0.0,2.25,2.0719910670506289e-10,9.537603096534998e-12
20,15,0.0,2.3,2.0766332142235556e-10,9.035467949691334e-12
20,15,0.0,2.35,2.0810309785032185e-10,8.559992903193747e-12
20,15,0.0,2.4,2.085197569805407e-10,8.110693127136603e-12
20,15,0.0,2.45,2.0891459494724178e-10,7.687059705413255e-12
20,15,0.0,2.5,2.092888819021577e-10,7.28856274226244e-12
20,15,0.0,2.55,2.096438610359998e-10,6.914654126595555e-12
20,15,0.0,2.6,2.0998074773022613e-10,6.56476998328931e-12
20,15,0.0,2.65,2.1030072882413692e-10,6.238332839886268e-12
20,15,0.0,2.7,2.106049619837548e-10,5.934753536146295e-12
20,15,0.0,2.75,2.1089457516032057e-10,5.653432902679567e-12
20,15,0.0,2.8,2.1117066612744526e-10,5.393763233514144e-12
20,15,0.0,2.85,2.1143430208725647e-10,5.155129575979211e-12
20,15,0.0,2.9,2.116865193369043e-10,4.936910859721996e-12
20,15,0.0,2.95,2.1192832298794705e-10,4.73848088509095e-12
20,15,0.0,3.0,2.1216068673200445e-10,4.559209189514304e-12
20,15,0.0,3.05,2.1238455264705005e-10,4.39846180891727e-12
20,15,0.0,3.1,2.126008310394889e-10,4.2556019496687215e-12
20,15,0.0,3.15,2.1281040031786895e-10,4.129990585045475e-12
20,15,0.0,3.2,2.13014106894805e-10,4.020986988759968e-12
20,15,0.0,3.25,2.132127651142444e-10,3.927949216732804e-12
20,15,0.0,3.3,2.1340715720172148e-10,3.8502345469943274e-12
20,15,0.0,3.35,2.135980332357579e-10,3.78719988639823e-12
20,15,0.0,3.4,2.137861111389212e-10,3.73820215170424e-12
20,15,0.0,3.45,2.1397207668743775e-10,3.7025986315554056e-12
20,15,0.0,3.5,2.1415658353854262e-10,3.679747334925188e-12
20,15,0.0,3.55,2.1434025327502718e-10,3.6690073307480425e-12
20,15,0.0,3.6,2.1452367546659382e-10,3.669739082667305e-12
20,15,0.0,3.65,2.1470740774794207e-10,3.6813047821341484e-12
20,15,0.0,3.7,2.1489197591348988e-10,3.703068682465845e-12
20,15,0.0,3.75,2.1507787402888538e-10,3.734397435921753e-12
20,15,0.0,3.8,2.1526556455946608e-10,3.774660435367255e-12
20,15,0.0,3.85,2.1545547851595681e-10,3.823230161676278e-12
20,15,0.0,3.9,2.156480156176832e-10,3.879482537654319e-12
20,15,0.0,3.95,2.1584354447366224e-10,3.942797288955829e-12
20,15,0.0,4.0,2.160424027819201e-10,4.012558312201185e-12
20,15,0.0,4.05,2.1624489754739212e-10,4.088154050278658e-12
20,15,0.0,4.1,2.1645130531876313e-10,4.1689778746340314e-12
20,15,0.0,4.15,2.1666187244460123e-10,4.254428474199563e-12
20,15,0.0,4.2,2.1687681534906676e-10,4.3439102504944496e-12
20,15,0.0,4.25,2.1709632082755695e-10,4.436833718334863e-12
20,15,0.0,4.3,2.1732054636247543e-10,4.532615911519866e-12
20,15,0.0,4.35,2.1754962045943245e-10,4.630680792802496e-12
20,15,0.0,4.4,2.1778364300399863e-10,4.730459667419161e-12
20,15,0.0,4.45,2.1802268563925175e-10,4.831391599422643e-12
20,15,0.0,4.5,2.1826679216414445e-10,4.932923830045121e-12
20,15,0.0,4.55,2.1851597895285882e-10,5.034512197311792e-12
20,15,0.0,4.6,2.187702353951584e-10,5.135621556116332e-12
20,15,0.0,4.65,2.1902952435771165e-10,5.235726197973174e-12
20,15,0.0,4.7,2.1929378266641142e-10,5.334310269660672e-12
20,15,0.0,4.75,2.1956292160955305e-10,5.430868189970693e-12
20,15,0.0,4.8,2.1983682746180206e-10,5.524905063786428e-12
20,15,0.0,4.85,2.2011536202879228e-10,5.615937092706867e-12
20,15,0.0,4.9,2.2039836321212277e-10,5.703491981441062e-12
20,15,0.0,4.95,2.206856455945856e-10,5.787109339190706e-12
20,15,0.0,5.0,2.2097700104529668e-10,5.866341075237816e-12
20,15,1.0,0.0,4.5673186388349355e-10,2.798067715710837e-08
20,15,1.0,0.05,5.72148929969879e-09,2.1836167821341665e-07
20,15,1.0,0.1,2.1981561386515544e-08,3.8380530735285197e-07
20,15,1.0,0.15,3.924210670175886e-08,2.8156838355048254e-07
20,15,1.0,0.2,4.9892157910566475e-08,1.5402529760210085e-07
20,15,1.0,0.25,5.5724019460766295e-08,8.83435314987026e-08
20,15,1.0,0.3,5.937536225022033e-08,6.195712277730454e-08
20,15,1.0,0.35,6.2194380024156e-08,5.247357675734592e-08
20,15,1.0,0.4,6.472729847584046e-08,4.946194873469668e-08
20,15,1.0,0.45,6.717874611346429e-08,4.881797534983849e-08
20,15,1.0,0.5,6.962256000162296e-08,4.901067224332785e-08
20,15,1.0,0.55,7.20842350735048e-08,4.947922845489826e-08
20,15,1.0,0.6,7.4571613834606e-08,5.0019485507946625e-08
20,15,1.0,0.65,7.708611922420537e-08,5.055727536417464e-08
20,15,1.0,0.7,7.962684362399758e-08,5.106570990745385e-08
20,15,1.0,0.75,8.219203697897695e-08,5.1535138151424175e-08
20,15,1.0,0.8,8.477965101559373e-08,5.196225219491668e-08
20,15,1.0,0.85,8.738754122349927e-08,5.2346136510051505e-08
20,15,1.0,0.9,9.001354462078615e-08,5.2686831239042316e-08
20,15,1.0,0.95,9.265551220806313e-08,5.2984804862581016e-08
20,15,1.0,1.0,9.531132464486798e-08,5.3240755610575e-08
20,15,1.0,1.05,9.797890146362268e-08,5.34555317573588e-08
20,15,1.0,1.1,1.0065620755532947e-07,5.363009505961163e-08
20,15,1.0,1.15,1.0334125828792611e-07,5.376550005878402e-08
20,15,1.0,1.2,1.0603212376458072e-07,5.386287945958601e-08
20,15,1.0,1.25,1.0872693242370929e-07,5.3923432094568216e-08
20,15,1.0,1.3,1.1142387407393917e-07,5.3948412243744656e-08
20,15,1.0,1.35,1.1412120241919949e-07,5.393911988091688e-08
20,15,1.0,1.4,1.1681723711592284e-07,5.389689169764546e-08
20,15,1.0,1.45,1.1951036539962254e-07,5.382309284785335e-08
20,15,1.0,1.5,1.2219904331604662e-07,5.3719109382269514e-08
20,15,1.0,1.55,1.2488179659074785e-07,5.358634134565829e-08
20,15,1.0,1.6,1.2755722116947307e-07,5.3426196506906465e-08
20,15,1.0,1.65,1.3022398346016543e-07,5.324008468777617e-08
20,15,1.0,1.7,1.3288082030559595e-07,5.302941265259234e-08
20,15,1.0,1.75,1.3552653871367098e-07,5.279557951859304e-08
20,15,1.0,1.8,1.381600153704017e-07,5.253997264545214e-08
20,15,1.0,1.85,1.4078019595846663e-07,5.2263963962279365e-08
20,15,1.0,1.9,1.4338609430220013e-07,5.196890669112926e-08
20,15,1.0,1.95,1.4597679135785109e-07,5.165613242759925e-08
20,15,1.0,2.0,1.4855143406600637e-07,5.132694854115285e-08
20,15,1.0,2.05,1.511092340812987e-07,5.098263586038398e-08
20,15,1.0,2.1,1.536494663928301e-07,5.062444661127175e-08
20,15,1.0,2.15,1.5617146784721575e-07,5.025360257951413e-08
20,15,1.0,2.2,1.5867463558481705e-07,4.9871293471152946e-08
20,15,1.0,2.25,1.6115842539846934e-07,4.9478675448802566e-08
20,15,1.0,2.3,1.6362235002300555e-07,4.9076869823840693e-08
20,15,1.0,2.35,1.6606597736293347e-07,4.8666961887812123e-08
20,15,1.0,2.4,1.6848892866485514e-07,4.824999986901081e-08
20,15,1.0,2.45,1.7089087664061614e-07,4.782699400272336e-08
20,15,1.0,2.5,1.732715435465944e-07,4.739891570587179e-08
20,15,1.0,2.55,1.7563069922419582e-07,4.696669684882992e-08
20,15,1.0,2.6,1.7796815910623065e-07,4.6531229118938896e-08
20,15,1.0,2.65,1.8028378219369333e-07,4.609336347177899e-08
20,15,1.0,2.7,1.825774690072261e-07,4.565390966750493e-08
20,15,1.0,2.75,1.8484915951750207e-07,4.5213635890598535e-08
20,15,1.0,2.8,1.870988310586512e-07,4.477326845218493e-08
20,15,1.0,2.85,1.8932649622886424e-07,4.433349157467761e-08
20,15,1.0,2.9,1.915322007823021e-07,4.38949472589249e-08
20,15,1.0,2.95,1.9371602151641313e-07,4.3458235234274745e-08
20,15,1.0,3.0,1.9587806415884358e-07,4.3023912992084706e-08
20,15,1.0,3.05,1.9801846125813697e-07,4.259249590317597e-08
20,15,1.0,3.1,2.00137370082385e-07,4.216445741958084e-08
20,15,1.0,3.15,2.0223497053010316e-07,4.1740229360731426e-08
20,15,1.0,3.2,2.0431146305750122e-07,4.1320202283920064e-08
20,15,1.0,3.25,2.06367066626395e-07,4.0904725938530786e-08
20,15,1.0,3.3,2.0840201667688988e-07,4.04941098031394e-08
20,15,1.0,3.35,2.1041656312896423e-07,4.008862370417773e-08
20,15,1.0,3.4,2.1241096841700954e-07,3.968849851443542e-08
20,15,1.0,3.45,2.1438550556122527e-07,3.929392692923702e-08
20,15,1.0,3.5,2.163404562797208e-07,3.890506431773492e-08
20,15,1.0,3.55,2.1827610914501023e-07,3.852202964635565e-08
20,15,1.0,3.6,2.201927577883814e-07,3.814490647105974e-08
20,15,1.0,3.65,2.2209069915556675e-07,3.777374399475533e-08
20,15,1.0,3.7,2.2397023181679499e-07,3.7408558185875774e-08
20,15,1.0,3.75,2.2583165433423364e-07,3.704933295388326e-08
20,15,1.0,3.8,2.2767526368952638e-07,3.669602137722302e-08
20,15,1.0,3.85,2.2950135377395308e-07,3.634854697907089e-08
20,15,1.0,3.9,2.3131021394345558e-07,3.600680504606547e-08
20,15,1.0,3.95,2.3310212764059133e-07,3.567066398512345e-08
20,15,1.0,4.0,2.348773710851634e-07,3.5339966713356265e-08
20,15,1.0,4.05,2.3663621203507516e-07,3.501453207609377e-08
20,15,1.0,4.1,2.3837890861868642e-07,3.469415628802036e-08
20,15,1.0,4.15,2.401057082396971e-07,3.437861439247529e-08
20,15,1.0,4.2,2.41816846555341e-07,3.406766173403919e-08
20,15,1.0,4.25,2.4351254652846445e-07,3.376103543963775e-08
20,15,1.0,4.3,2.4519301755374866e-07,3.345845590350522e-08
20,15,1.0,4.35,2.4685845465820043e-07,3.315962827151408e-08
20,15,1.0,4.4,2.485090377757475e-07,3.2864243920530066e-08
20,15,1.0,4.45,2.5014493109559146e-07,3.2571981928643254e-08
20,15,1.0,4.5,2.517662824837602e-07,3.228251053231618e-08
20,15,1.0,4.55,2.5337322297710146e-07,3.199548856669545e-08
20,15,1.0,4.6,2.5496586634882834e-07,3.17105668855532e-08
20,15,1.0,4.65,2.565443087444393e-07,3.142738975752897e-08
20,15,1.0,4.7,2.581086283868316e-07,3.114559623558181e-08
20,15,1.0,4.75,2.596588853491395e-07,3.086482149676999e-08
20,15,1.0,4.8,2.61195121393756e-07,3.058469814970415e-08
20,15,1.0,4.85,2.627173598758843e-07,3.030485750724208e-08
20,15,1.0,4.9,2.64225605709803e-07,3.0024930822203715e-08
20,15,1.0,4.95,2.657198453959454e-07,2.9744550484099256e-08
20,15,1.0,5.0,2.672000471068008e-07,2.9463351175068604e-08
20,15,2.0,0.0,1.4710896786652785e-09,9.48791098783312e-08
20,15,2.0,0.05,2.4965076375333693e-08,1.1353603676466966e-06
20,15,2.0,0.1,1.3125547097056297e-07,2.9229490459091513e-06
20,15,2.0,0.15,2.777815832883879e-07,2.6130698713589964e-06
20,15,2.0,0.2,3.8108360756600703e-07,1.554328249214715e-06
20,15,2.0,0.25,4.410085792985103e-07,9.227125512074561e-07
20,15,2.0,0.3,4.794736579529151e-07,6.579808806192977e-07
20,15,2.0,0.35,5.095930376255708e-07,5.64090774802747e-07
20,15,2.0,0.4,5.369788895607021e-07,5.379108482069371e-07
20,15,2.0,0.45,5.63792983814579e-07,5.370581408773827e-07
20,15,2.0,0.5,5.908320902829122e-07,5.453516995049339e-07
20,15,2.0,0.55,6.183781355625994e-07,5.567568564261408e-07
20,15,2.0,0.6,6.465215984174508e-07,5.690329275470319e-07
20,15,2.0,0.65,6.752817118195274e-07,5.813413217046378e-07
20,15,2.0,0.7,7.046508110560156e-07,5.933602144981762e-07
20,15,2.0,0.75,7.346106957816646e-07,6.049589951320979e-07
20,15,2.0,0.8,7.651387152596588e-07,6.160789010208781e-07
20,15,2.0,0.85,7.962100881769981e-07,6.266893148811906e-07
20,15,2.0,0.9,8.277988440659158e-07,6.36771764106538e-07
20,15,2.0,0.95,8.598782595188847e-07,6.463140402990162e-07
20,15,2.0,1.0,8.924211077934884e-07,6.553080036125056e-07
20,15,2.0,1.05,9.253998375456141e-07,6.637487202867116e-07
20,15,2.0,1.1,9.587867223671972e-07,6.716340760816199e-07
20,15,2.0,1.15,9.925539958490467e-07,6.789645545208383e-07
20,15,2.0,1.2,1.0266739771436521e-06,6.857430682388187e-07
20,15,2.0,1.25,1.0611191885345136e-06,6.919748043686412e-07
20,15,2.0,1.3,1.0958624653342418e-06,6.97667071264459e-07
20,15,2.0,1.35,1.1308770580752087e-06,7.02829143318725e-07
20,15,2.0,1.4,1.1661367268915405e-06,7.074721039382549e-07
20,15,2.0,1.45,1.2016158280264803e-06,7.11608687802646e-07
20,15,2.0,1.5,1.237289392463152e-06,7.152531237705929e-07
20,15,2.0,1.55,1.273133196744549e-06,7.18420979751305e-07
20,15,2.0,1.6,1.3091238261109106e-06,7.211290107094072e-07
20,15,2.0,1.65,1.3452387301367494e-06,7.233950107957844e-07
20,15,2.0,1.7,1.3814562710949095e-06,7.252376704208191e-07
20,15,2.0,1.75,1.4177557653118034e-06,7.266764389212642e-07
20,15,2.0,1.8,1.4541175178064108e-06,7.277313933209261e-07
20,15,2.0,1.85,1.4905228505277304e-06,7.28423113551632e-07
20,15,2.0,1.9,1.5269541245200318e-06,7.287725643826568e-07
20,15,2.0,1.95,1.5633947563555823e-06,7.288009842054869e-07
20,15,2.0,2.0,1.5998292291794939e-06,7.285297807340173e-07
20,15,2.0,2.05,1.636243098712211e-06,7.279804336078803e-07
20,15,2.0,2.1,1.6726229945534137e-06,7.271744038270251e-07
20,15,2.0,2.15,1.7089566171260698e-06,7.261330498973876e-07
20,15,2.0,2.2,1.7452327305922155e-06,7.248775505292557e-07
20,15,2.0,2.25,1.7814411520636645e-06,7.234288337006705e-07
20,15,2.0,2.3,1.8175727374206995e-06,7.218075118761678e-07
20,15,2.0,2.35,1.8536193640409003e-06,7.20033823155495e-07
20,15,2.0,2.4,1.8895739107286399e-06,7.181275781164409e-07
20,15,2.0,2.45,1.9254302351243617e-06,7.161081121098746e-07
20,15,2.0,2.5,1.9611831488593973e-06,7.139942427617348e-07
20,15,2.0,2.55,1.996828390711267e-06,7.118042324370295e-07
20,15,2.0,2.6,2.032362598000987e-06,7.09555755422178e-07
20,15,2.0,2.65,2.0677832764625577e-06,7.072658695855284e-07
20,15,2.0,2.7,2.1030887688023157e-06,7.04950992279932e-07
20,15,2.0,2.75,2.1382782221548807e-06,7.026268802564944e-07
20,15,2.0,2.8,2.173351554630169e-06,7.003086133637287e-07
20,15,2.0,2.85,2.2083094211354985e-06,6.98010581812251e-07
20,15,2.0,2.9,2.2431531786455638e-06,6.957464767907689e-07
20,15,2.0,2.95,2.277884851082667e-06,6.935292842249287e-07
20,15,2.0,3.0,2.312507093959129e-06,6.913712814762709e-07
20,15,2.0,3.05,2.347023158924241e-06,6.892840367842601e-07
20,15,2.0,3.1,2.381436858347596e-06,6.87278411259667e-07
20,15,2.0,3.15,2.4157525300622592e-06,6.85364563243349e-07
20,15,2.0,3.2,2.449975002381131e-06,6.835519548495951e-07
20,15,2.0,3.25,2.484109559491316e-06,6.81849360518645e-07
20,15,2.0,3.3,2.518161907323009e-06,6.80264877408454e-07
20,15,2.0,3.35,2.5521381399803124e-06,6.788059374609467e-07
20,15,2.0,3.4,2.586044706814077e-06,6.774793209836142e-07
20,15,2.0,3.45,2.6198883802082624e-06,6.762911715926372e-07
20,15,2.0,3.5,2.6536762241446845e-06,6.752470123695e-07
20,15,2.0,3.55,2.6874155636027123e-06,6.743517630885201e-07
20,15,2.0,3.6,2.7211139548443107e-06,6.736097583786895e-07
20,15,2.0,3.65,2.7547791566279217e-06,6.730247666890978e-07
20,15,2.0,3.7,2.788419102387893e-06,6.726000099330984e-07
20,15,2.0,3.75,2.822041873410779e-06,6.723381836926547e-07
20,15,2.0,3.8,2.8556556730334227e-06,6.722414778703256e-07
20,15,2.0,3.85,2.8892688018825493e-06,6.723115976826791e-07
20,15,2.0,3.9,2.9228896341706224e-06,6.725497848951528e-07
20,15,2.0,3.95,2.956526595057367e-06,6.729568392046861e-07
20,15,2.0,4.0,2.990188139082341e-06,6.735331396826718e-07
20,15,2.0,4.05,3.023882729669494e-06,6.742786661971085e-07
20,15,2.0,4.1,3.0576188197006406e-06,6.751930207388333e-07
20,15,2.0,4.15,3.091404833151578e-06,6.762754485829981e-07
20,15,2.0,4.2,3.1252491477805966e-06,6.775248592226625e-07
20,15,2.0,4.25,3.1591600788568755e-06,6.789398470173954e-07
20,15,2.0,4.3,3.1931458639132468e-06,6.805187115053286e-07
20,15,2.0,4.35,3.227214648504926e-06,6.822594773324934e-07
20,15,2.0,4.4,3.261374472954415e-06,6.841599137586604e-07
20,15,2.0,4.45,3.295633260060398e-06,6.862175537038608e-07
20,15,2.0,4.5,3.3299988037466548e-06,6.884297123044947e-07
20,15,2.0,4.55,3.3644787586261746e-06,6.907935049526716e-07
20,15,2.0,4.6,3.3990806304536514e-06,6.933058647965054e-07
20,15,2.0,4.65,3.433811767439246e-06,6.959635596833026e-07
20,15,2.0,4.7,3.46867935239525e-06,6.987632085312633e-07
20,15,2.0,4.75,3.5036903956868484e-06,7.017012971188876e-07
20,15,2.0,4.8,3.5388517289574686e-06,7.047741932844391e-07
20,15,2.0,4.85,3.5741699995995885e-06,7.079781615310142e-07
20,15,2.0,4.9,3.6096516659403377e-06,7.113093770351651e-07
20,15,2.0,4.95,3.6453029931134353e-06,7.147639390600172e-07
20,15,2.0,5.0,3.6811300495860763e-06,7.183378837754413e-07
20,15,3.0,0.0,1.67629597137833e-09,1.0876616869184487e-07
20,15,3.0,0.05,3.528449862848922e-08,1.84579354348217e-06
20,15,3.0,0.1,2.5697055401538487e-07,7.103846229955337e-06
20,15,3.0,0.15,6.590476860968363e-07,7.835083259314811e-06
20,15,3.0,0.2,9.791694644977262e-07,4.895296314135342e-06
20,15,3.0,0.25,1.1650263036865821e-06,2.7754800162134945e-06
20,15,3.0,0.3,1.2764614937005716e-06,1.8253218818906448e-06
20,15,3.0,0.35,1.3572497277990945e-06,1.4672576535561696e-06
20,15,3.0,0.4,1.4270755500404269e-06,1.3491327877894952e-06
20,15,3.0,0.45,1.4936158438384605e-06,1.3209988041293418e-06
20,15,3.0,0.5,1.5596946746840797e-06,1.3251035584699015e-06
20,15,3.0,0.55,1.626297925249645e-06,1.339915290162405e-06
20,15,3.0,0.6,1.6937296505720231e-06,1.3574823934564522e-06
20,15,3.0,0.65,1.7620422058289885e-06,1.3748665849021668e-06
20,15,3.0,0.7,1.8311946867702997e-06,1.3909736360499595e-06
20,15,3.0,0.75,1.9011112750571174e-06,1.4053906444683148e-06
20,15,3.0,0.8,1.9717029209585856e-06,1.4179608629048333e-06
20,15,3.0,0.85,2.0428756269200275e-06,1.4286283578519811e-06
20,15,3.0,0.9,2.1145338324827403e-06,1.43738111469973e-06
20,15,3.0,0.95,2.1865819987413936e-06,1.4442299691586421e-06
20,15,3.0,1.0,2.2589255182562322e-06,1.4492005285160659e-06
20,15,3.0,1.05,2.331471357670722e-06,1.452329771805794e-06
20,15,3.0,1.1,2.4041285790551618e-06,1.4536643141782747e-06
20,15,3.0,1.15,2.4768087914636167e-06,1.4532592493201041e-06
20,15,3.0,1.2,2.5494265503224346e-06,1.4511771848881602e-06
20,15,3.0,1.25,2.6218997104292346e-06,1.4474873400677888e-06
20,15,3.0,1.3,2.694149734469706e-06,1.4422646658602723e-06
20,15,3.0,1.35,2.7661019579383646e-06,1.4355889810405733e-06
20,15,3.0,1.4,2.8376858113176393e-06,1.4275441275459923e-06
20,15,3.0,1.45,2.9088350006515745e-06,1.4182171520609199e-06
20,15,3.0,1.5,2.9794876479997435e-06,1.4076975207422948e-06
20,15,3.0,1.55,3.049586393585711e-06,1.3960763732182942e-06
20,15,3.0,1.6,3.1190784617343844e-06,1.3834458208663971e-06
20,15,3.0,1.65,3.1879156929119934e-06,1.3698982931949618e-06
20,15,3.0,1.7,3.2560545443462615e-06,1.355525935018021e-06
20,15,3.0,1.75,3.3234560618113205e-06,1.3404200560701909e-06
20,15,3.0,1.8,3.3900858252211447e-06,1.324670633769617e-06
20,15,3.0,1.85,3.4559138706888694e-06,1.3083658690187527e-06
20,15,3.0,1.9,3.52091459168648e-06,1.291591794225288e-06
20,15,3.0,1.95,3.5850666218827863e-06,1.2744319321334685e-06
20,15,3.0,2.0,3.6483527021546392e-06,1.256967003571379e-06
20,15,3.0,2.05,3.710759534161436e-06,1.239274681832733e-06
20,15,3.0,2.1,3.7722776227516217e-06,1.2214293911183331e-06
20,15,3.0,2.15,3.832901109334892e-06,1.203502146249546e-06
20,15,3.0,2.2,3.892627598211119e-06,1.185560430726914e-06
20,15,3.0,2.25,3.951457977698403e-06,1.167668110130742e-06
20,15,3.0,2.3,4.009396237751642e-06,1.1498853778387811e-06
20,15,3.0,2.35,4.066449285612236e-06,1.1322687300598721e-06
20,15,3.0,2.4,4.122626760881055e-06,1.1148709672442597e-06
20,15,3.0,2.45,4.177940851261728e-06,1.0977412190230886e-06
20,15,3.0,2.5,4.232406110081895e-06,1.0809249899456043e-06
20,15,3.0,2.55,4.286039276567127e-06,1.064464223416517e-06
20,15,3.0,2.6,4.338859099714926e-06,1.0483973813825615e-06
20,15,3.0,2.65,4.3908861664990885e-06,1.0327595374729537e-06
20,15,3.0,2.7,4.442142735022127e-06,1.017582481458124e-06
20,15,3.0,2.75,4.49265257313253e-06,1.0028948330532824e-06
20,15,3.0,2.8,4.542440802927529e-06,9.887221632538464e-07
20,15,3.0,2.85,4.591533751476308e-06,9.75087121547809e-07
20,15,3.0,2.9,4.639958808018638e-06,9.620095675030657e-07
20,15,3.0,2.95,4.68774428782464e-06,9.495067053754618e-07
20,15,3.0,3.0,4.734919302833963e-06,9.375932205230593e-07
20,15,3.0,3.05,4.781513639138615e-06,9.262814165458181e-07
20,15,3.0,3.1,4.827557641320533e-06,9.155813521944372e-07
20,15,3.0,3.15,4.873082103611194e-06,9.055009772092558e-07
20,15,3.0,3.2,4.918118167800928e-06,8.96046266358796e-07
20,15,3.0,3.25,4.9626972277917955e-06,8.872213510481672e-07
20,15,3.0,3.3,5.006850840658925e-06,8.790286479601633e-07
20,15,3.0,3.35,5.050610644059893e-06,8.714689842767981e-07
20,15,3.0,3.4,5.09400827981196e-06,8.645417191065488e-07
20,15,3.0,3.45,5.137075323439146e-06,8.582448608129135e-07
20,15,3.0,3.5,5.179843219478383e-06,8.525751800035754e-07
20,15,3.0,3.55,5.222343222322293e-06,8.47528317996722e-07
20,15,3.0,3.6,5.2646063423697645e-06,8.430988906325811e-07
20,15,3.0,3.65,5.306663297248782e-06,8.392805873438445e-07
20,15,3.0,3.7,5.348544467872822e-06,8.360662654393179e-07
20,15,3.0,3.75,5.390279859092181e-06,8.334480395911566e-07
20,15,3.0,3.8,5.431899064699442e-06,8.314173665470329e-07
20,15,3.0,3.85,5.473431236552686e-06,8.299651251163824e-07
20,15,3.0,3.9,5.514905057580998e-06,8.290816915029958e-07
20,15,3.0,3.95,5.556348718442208e-06,8.287570100766685e-07
20,15,3.0,4.0,5.5977898976077445e-06,8.289806596935693e-07
20,15,3.0,4.05,5.639255744654133e-06,8.297419156890173e-07
20,15,3.0,4.1,5.680772866549575e-06,8.310298076782931e-07
20,15,3.0,4.15,5.722367316728049e-06,8.328331733100416e-07
20,15,3.0,4.2,5.7640645867533855e-06,8.351407081243486e-07
20,15,3.0,4.25,5.805889600382196e-06,8.379410116727332e-07
20,15,3.0,4.3,5.847866709842384e-06,8.412226300610121e-07
20,15,3.0,4.35,5.890019694153255e-06,8.449740950782894e-07
20,15,3.0,4.4,5.932371759319517e-06,8.491839600759972e-07
20,15,3.0,4.45,5.974945540241994e-06,8.538408327609846e-07
20,15,3.0,4.5,6.017763104193884e-06,8.589334050650264e-07
20,15,3.0,4.55,6.060845955720903e-06,8.644504802513177e-07
20,15,3.0,4.6,6.104215042830791e-06,8.703809974154248e-07
20,15,3.0,4.65,6.147890764346201e-06,8.767140535348626e-07
20,15,3.0,4.7,6.191892978301741e-06,8.834389232172332e-07
20,15,3.0,4.75,6.2362410112739045e-06,8.905450762925926e-07
20,15,3.0,4.8,6.280953668539899e-06,8.980221933907776e-07
20,15,3.0,4.85,6.326049244967363e-06,9.058601796393465e-07
20,15,3.0,4.9,6.371545536545349e-06,9.140491766125982e-07
20,15,3.0,4.95,6.417459852471053e-06,9.225795726564659e-07
20,15,3.0,5.0,6.463809027714944e-06,9.314420117087934e-07
20,15,4.0,0.0,2.07764266246302e-09,1.299472616923947e-07
20,15,4.0,0.05,4.871652617227802e-08,2.8329653390892387e-06
20,15,4.0,0.1,4.928995642734465e-07,1.6618848223535077e-05
20,15,4.0,0.15,1.586189038687953e-06,2.367379903082293e-05
20,15,4.0,0.2,2.5984172117728153e-06,1.5873177220180522e-05
20,15,4.0,0.25,3.1917244669282226e-06,8.538828084179988e-06
20,15,4.0,0.3,3.5173024177932205e-06,4.992056507931519e-06
20,15,4.0,0.35,3.7261458886742698e-06,3.58740039173869e-06
20,15,4.0,0.4,3.890496571380642e-06,3.0737065080624824e-06
20,15,4.0,0.45,4.038933071104694e-06,2.89550361677701e-06
20,15,4.0,0.5,4.181983011735329e-06,2.837525184644461e-06
20,15,4.0,0.55,4.323334010985883e-06,2.8199566840567293e-06
20,15,4.0,0.6,4.464157690263414e-06,2.8136786574864847e-06
20,15,4.0,0.65,4.604711197389096e-06,2.808160132899022e-06
20,15,4.0,0.7,4.744922563363433e-06,2.799646388681628e-06
20,15,4.0,0.75,4.884604140055836e-06,2.7868579949251288e-06
20,15,4.0,0.8,5.0235308708591114e-06,2.7694304938743634e-06
20,15,4.0,0.85,5.161469541350974e-06,2.747348425815098e-06
20,15,4.0,0.9,5.298190224912518e-06,2.7207391017705716e-06
20,15,4.0,0.95,5.433471206723256e-06,2.689796261967482e-06
20,15,4.0,1.0,5.567101456520093e-06,2.654750531928862e-06
20,15,4.0,1.05,5.6988821153693566e-06,2.615856704977405e-06
20,15,4.0,1.1,5.828627523109804e-06,2.5733870751309937e-06
20,15,4.0,1.15,5.956165976438049e-06,2.527626971076093e-06
20,15,4.0,1.2,6.081340287953714e-06,2.4788711363183108e-06
20,15,4.0,1.25,6.2040081748730805e-06,2.4274204952824213e-06
20,15,4.0,1.3,6.324042492411958e-06,2.3735791629044415e-06
20,15,4.0,1.35,6.4413313229534994e-06,2.317651665212051e-06
20,15,4.0,1.4,6.5557779315479605e-06,2.2599403736299536e-06
20,15,4.0,1.45,6.667300598703831e-06,2.2007431643116745e-06
20,15,4.0,1.5,6.7758323419978725e-06,2.140351313038572e-06
20,15,4.0,1.55,6.881320538469271e-06,2.079047632453502e-06
20,15,4.0,1.6,6.983726459991258e-06,2.017104853915869e-06
20,15,4.0,1.65,7.083024733816203e-06,1.954784251934985e-06
20,15,4.0,1.7,7.17920274029185e-06,1.892334505284726e-06
20,15,4.0,1.75,7.272259959364932e-06,1.8299907856218338e-06
20,15,4.0,1.8,7.362207276961389e-06,1.7679740617658144e-06
20,15,4.0,1.85,7.449066261685512e-06,1.7064906057230303e-06
20,15,4.0,1.9,7.532868421545106e-06,1.6457316850170146e-06
20,15,4.0,1.95,7.613654449609676e-06,1.5858734248814198e-06
20,15,4.0,2.0,7.69147346667088e-06,1.5270768233170635e-06
20,15,4.0,2.05,7.766382268120424e-06,1.4694879018564186e-06
20,15,4.0,2.1,7.838444581404006e-06,1.4132379750598379e-06
20,15,4.0,2.15,7.907730339573383e-06,1.3584440222277955e-06
20,15,4.0,2.2,7.97431497564763e-06,1.3052091454987902e-06
20,15,4.0,2.25,8.038278741725385e-06,1.2536230993628454e-06
20,15,4.0,2.3,8.09970605606427e-06,1.203762877608719e-06
20,15,4.0,2.35,8.158684880672905e-06,1.1556933447987902e-06
20,15,4.0,2.4,8.215306131341504e-06,1.1094679004927334e-06
20,15,4.0,2.45,8.269663121478943e-06,1.065129165589316e-06
20,15,4.0,2.5,8.321851040619565e-06,1.0227096812994207e-06
20,15,4.0,2.55,8.371966468017913e-06,9.822326123815428e-07
20,15,4.0,2.6,8.420106921357799e-06,9.437124473479616e-07
20,15,4.0,2.65,8.466370440263037e-06,9.071556893717906e-07
20,15,4.0,2.7,8.510855204008733e-06,8.725615325843784e-07
20,15,4.0,2.75,8.553659182588333e-06,8.399225193418966e-07
20,15,4.0,2.8,8.594879820091447e-06,8.092251748566617e-07
20,15,4.0,2.85,8.63461374918618e-06,7.804506163306895e-07
20,15,4.0,2.9,8.672956535373737e-06,7.53575134397216e-07
20,15,4.0,2.95,8.710002449588714e-06,7.285707452713017e-07
20,15,4.0,3.0,8.745844267650733e-06,7.054057125365469e-07
20,15,4.0,3.05,8.780573095033022e-06,6.840450379547468e-07
20,15,4.0,3.1,8.814278215391405e-06,6.644509210828297e-07
20,15,4.0,3.15,8.847046961297125e-06,6.465831878216335e-07
20,15,4.0,3.2,8.87896460562737e-06,6.303996883079136e-07
20,15,4.0,3.25,8.910114272097892e-06,6.158566648001607e-07
20,15,4.0,3.3,8.940576863456677e-06,6.029090904037381e-07
20,15,4.0,3.35,8.970431005905476e-06,5.91510979637367e-07
20,15,4.0,3.4,8.999753008368907e-06,5.816156719643817e-07
20,15,4.0,3.45,9.028616835289543e-06,5.731760895032943e-07
20,15,4.0,3.5,9.057094091689345e-06,5.661449701963608e-07
20,15,4.0,3.55,9.085254019303425e-06,5.604750777560899e-07
20,15,4.0,3.6,9.113163502658748e-06,5.56119389730831e-07
20,15,4.0,3.65,9.140887084036534e-06,5.530312650349243e-07
20,15,4.0,3.7,9.168486986326694e-06,5.511645922791728e-07
20,15,4.0,3.75,9.19602314284502e-06,5.504739202155406e-07
20,15,4.0,3.8,9.223553233253116e-06,5.509145715790655e-07
20,15,4.0,3.85,9.251132724780932e-06,5.524427415707804e-07
20,15,4.0,3.9,9.278814918015143e-06,5.550155821805409e-07
20,15,4.0,3.95,9.306650996572613e-06,5.585912734990876e-07
20,15,4.0,4.0,9.334690080038269e-06,5.631290831158567e-07
20,15,4.0,4.05,9.362979279596197e-06,5.685894146438618e-07
20,15,4.0,4.1,9.391563755836124e-06,5.749338463567474e-07
20,15,4.0,4.15,9.42048677826365e-06,5.821251608661234e-07
20,15,4.0,4.2,9.449789786088898e-06,5.901273667107226e-07
20,15,4.0,4.25,9.479512449909572e-06,5.989057126728697e-07
20,15,4.0,4.3,9.509692733943792e-06,6.08426695582867e-07
20,15,4.0,4.35,9.540366958505278e-06,6.186580623187267e-07
20,15,4.0,4.4,9.571569862446975e-06,6.295688066569882e-07
20,15,4.0,4.45,9.60333466533187e-06,6.411291615809415e-07
20,15,4.0,4.5,9.63569312911634e-06,6.533105876050744e-07
20,15,4.0,4.55,9.668675619162075e-06,6.66085757629595e-07
20,15,4.0,4.6,9.70231116441294e-06,6.794285387959572e-07
20,15,4.0,4.65,9.736627516599194e-06,6.933139717739995e-07
20,15,4.0,4.7,9.77165120835003e-06,7.07718247873142e-07
20,15,4.0,4.75,9.80740761011483e-06,7.226186843345072e-07
20,15,4.0,4.8,9.843920985809892e-06,7.379936981271601e-07
20,15,4.0,4.85,9.881214547124506e-06,7.538227785408034e-07
20,15,4.0,4.9,9.919310506431495e-06,7.700864588378999e-07
20,15,4.0,4.95,9.958230128261992e-06,7.867662872015004e-07
20,15,4.0,5.0,9.997993779314483e-06,8.038447971900551e-07
20,15,5.0,0.0,2.603387354345702e-09,1.5083548528122153e-07
20,15,5.0,0.05,6.043520942965966e-08,3.7688216571066253e-06
20,15,5.0,0.1,8.34244716197277e-07,3.370002412223465e-05
20,15,5.0,0.15,3.5088879899961916e-06,6.577256274585059e-05
20,15,5.0,0.2,6.525250115757963e-06,4.965175239560045e-05
20,15,5.0,0.25,8.382340843275447e-06,2.6196878677063724e-05
20,15,5.0,0.3,9.33837092631077e-06,1.373221963545623e-05
20,15,5.0,0.35,9.877163736536804e-06,8.61906824913985e-06
20,15,5.0,0.4,1.0251946814703992e-05,6.685475080518733e-06
20,15,5.0,0.45,1.056523889201891e-05,5.960964362670453e-06
20,15,5.0,0.5,1.0855068047106827e-05,5.672576020125839e-06
20,15,5.0,0.55,1.1134909625973454e-05,5.534386622588099e-06
20,15,5.0,0.6,1.140925207108712e-05,5.4428826708461885e-06
20,15,5.0,0.65,1.1679347152517161e-05,5.361042939675619e-06
20,15,5.0,0.7,1.194529663117966e-05,5.27587507517378e-06
20,15,5.0,0.75,1.2206805718114887e-05,5.183063780202669e-06
20,15,5.0,0.8,1.2463455655873868e-05,5.0814458120823315e-06
20,15,5.0,0.85,1.2714803323636416e-05,4.971022670519565e-06
20,15,5.0,0.9,1.2960418555222919e-05,4.852243072018251e-06
20,15,5.0,0.95,1.3199898869254377e-05,4.725740414674432e-06
20,15,5.0,1.0,1.3432875829308955e-05,4.592233097524056e-06
20,15,5.0,1.05,1.365901812258323e-05,4.45248314294109e-06
20,15,5.0,1.1,1.3878033181465237e-05,4.307275801427311e-06
20,15,5.0,1.15,1.4089668009317148e-05,4.157406881929647e-06
20,15,5.0,1.2,1.4293709460128891e-05,4.0036731476178805e-06
20,15,5.0,1.25,1.4489984078176111e-05,3.846864176695696e-06
20,15,5.0,1.3,1.4678357555413641e-05,3.687755166933946e-06
20,15,5.0,1.35,1.4858733849214256e-05,3.5271005341657462e-06
20,15,5.0,1.4,1.5031053999151268e-05,3.365628274501881e-06
20,15,5.0,1.45,1.5195294680977288e-05,3.2040350904962543e-06
20,15,5.0,1.5,1.5351466536029948e-05,3.042982281360272e-06
20,15,5.0,1.55,1.5499612314071915e-05,2.8830923875844663e-06
20,15,5.0,1.6,1.563980486680212e-05,2.724946568589336e-06
20,15,5.0,1.65,1.5772145027920318e-05,2.5690826810214726e-06
20,15,5.0,1.7,1.5896759413771588e-05,2.4159940160071195e-06
20,15,5.0,1.75,1.6013798176318785e-05,2.266128646369098e-06
20,15,5.0,1.8,1.6123432737602792e-05,2.119889329501128e-06
20,15,5.0,1.85,1.6225853532039122e-05,1.977633908162161e-06
20,15,5.0,1.9,1.6321267779965192e-05,1.8396761497451564e-06
20,15,5.0,1.95,1.6409897312869758e-05,1.7062869643475688e-06
20,15,5.0,2.0,1.6491976467769244e-05,1.5776959430411325e-06
20,15,5.0,2.05,1.6567750065322385e-05,1.4540931598524144e-06
20,15,5.0,2.1,1.6637471483512317e-05,1.3356311839266584e-06
20,15,5.0,2.15,1.6701400836144223e-05,1.22242725194169e-06
20,15,5.0,2.2,1.6759803263005312e-05,1.11456555488379e-06
20,15,5.0,2.25,1.681294733634656e-05,1.0120995976256022e-06
20,15,5.0,2.3,1.6861103586381663e-05,9.15054594214341e-07
20,15,5.0,2.35,1.690454314675524e-05,8.234298662622905e-07
20,15,5.0,2.4,1.6943536519410205e-05,7.372012162309553e-07
20,15,5.0,2.45,1.6978352456985312e-05,6.563232516341988e-07
20,15,5.0,2.5,1.700925695976973e-05,5.807316401916738e-07
20,15,5.0,2.55,1.703651238334539e-05,5.103452796980356e-07
20,15,5.0,2.6,1.7060376652316425e-05,4.450683698044249e-07
20,15,5.0,2.65,1.7081102574966914e-05,3.8479237601961277e-07
20,15,5.0,2.7,1.709893725327609e-05,3.2939787902286106e-07
20,15,5.0,2.75,1.7114121582433522e-05,2.787563048399356e-07
20,15,5.0,2.8,1.7126889833833633e-05,2.3273153357767085e-07
20,15,5.0,2.85,1.713746931545643e-05,1.9118138625525012e-07
20,15,5.0,2.9,1.7146080103563873e-05,1.5395899082972047e-07
20,15,5.0,2.95,1.7152934839723743e-05,1.2091402981052677e-07
20,15,5.0,3.0,1.7158238587323787e-05,9.189387291520851e-08
20,15,5.0,3.05,1.7162188741934038e-05,6.674459905930035e-08
20,15,5.0,3.1,1.7164974990101885e-05,4.531191262067182e-08
20,15,5.0,3.15,1.716677931143104e-05,2.7441959395273926e-08
20,15,5.0,3.2,1.71677760190687e-05,1.2982047988962494e-08
20,15,5.0,3.25,1.7168131834021743e-05,1.7812825891810404e-09
20,15,5.0,3.3,1.7168005989022692e-05,-6.3088868497304185e-09
20,15,5.0,3.35,1.7167550357964195e-05,-1.1434190975666864e-08
20,15,5.0,3.4,1.716690960722789e-05,-1.3737138008395553e-08
20,15,5.0,3.45,1.7166221365519033e-05,-1.335667549512936e-08
20,15,5.0,3.5,1.7165616409112676e-05,-1.0427911225789586e-08
20,15,5.0,3.55,1.716521885968784e-05,-5.08188790803822e-09
20,15,5.0,3.6,1.716514639219119e-05,2.554593543830498e-09
20,15,5.0,3.65,1.7165510450423753e-05,1.2359106977767854e-08
20,15,5.0,3.7,1.7166416468278234e-05,2.4213694816251822e-08
20,15,5.0,3.75,1.716796409477851e-05,3.800492700405029e-08
20,15,5.0,3.8,1.7170247421277415e-05,5.362392908946378e-08
20,15,5.0,3.85,1.7173355209366854e-05,7.096638314482988e-08
20,15,5.0,3.9,1.7177371118225237e-05,8.993250494581234e-08
20,15,5.0,3.95,1.7182373930296506e-05,1.1042700055202054e-07
20,15,5.0,4.0,1.7188437774344714e-05,1.3235900516355843e-07
20,15,5.0,4.05,1.719563234506168e-05,1.55642006873837e-07
20,15,5.0,4.1,1.7204023118536585e-05,1.8019375769637265e-07
20,15,5.0,4.15,1.7213671563002425e-05,2.0593617401529106e-07
20,15,5.0,4.2,1.722463534438247e-05,2.3279522839495462e-07
20,15,5.0,4.25,1.7236968526247527e-05,2.6070083448411364e-07
20,15,5.0,4.3,1.725072176387723e-05,2.895867265639767e-07
20,15,5.0,4.35,1.7265942492195675e-05,3.1939033511773287e-07
20,15,5.0,4.4,1.7282675107410535e-05,3.5005265964011556e-07
20,15,5.0,4.45,1.730096114224711e-05,3.815181397600595e-07
20,15,5.0,4.5,1.7320839434714942e-05,4.1373452561604414e-07
20,15,5.0,4.55,1.734234629039359e-05,4.466527483020961e-07
20,15,5.0,4.6,1.736551563825551e-05,4.802267910919672e-07
20,15,5.0,4.65,1.7390379180083875e-05,5.144135620485848e-07
20,15,5.0,4.7,1.7416966533565965e-05,5.491727685357914e-07
20,15,5.0,4.75,1.7445305369168615e-05,5.844667940678108e-07
20,15,5.0,4.8,1.7475421540922748e-05,6.202605778589153e-07
20,15,5.0,4.85,1.7507339211259024e-05,6.565214973706585e-07
20,15,5.0,4.9,1.754108097005072e-05,6.932192540958409e-07
20,15,5.0,4.95,1.7576667948031245e-05,7.303257627669623e-07
20,15,5.0,5.0,1.761411992476001e-05,7.678150441311849e-07
20,20,0.0,0.0,3.656765362716026e-12,1.9966860345769247e-10
20,20,0.0,0.05,3.017988118188051e-11,8.995932460663478e-10
20,20,0.0,0.1,8.308910860325979e-11,1.0468899604765054e-09
20,20,0.0,0.15,1.2480899906374526e-10,6.040641943836459e-10
20,20,0.0,0.2,1.458007167143529e-10,2.7212152875106913e-10
20,20,0.0,0.25,1.5510585545756515e-10,1.2246982898600807e-10
20,20,0.0,0.3,1.5954763203609047e-10,6.452880143429792e-11
20,20,0.0,0.35,1.62145805475888e-10,4.287648097751988e-11
20,20,0.0,0.4,1.6404978183144283e-10,3.45328489431634e-11
20,20,0.0,0.45,1.656756685142952e-10,3.094665627498614e-11
20,20,0.0,0.5,1.671716071807588e-10,2.9048435214065302e-11
20,20,0.0,0.55,1.685901817652537e-10,2.7751098389449245e-11
20,20,0.0,0.6,1.6995023875602577e-10,2.6672369957806213e-11
20,20,0.0,0.65,1.7125879770671135e-10,2.5678947935744813e-11
20,20,0.0,0.7,1.725187794198073e-10,2.4725178365299066e-11
20,20,0.0,0.75,1.7373172251214947e-10,2.3796139263767068e-11
20,20,0.0,0.8,1.7489873310496273e-10,2.2887591263660612e-11
20,20,0.0,0.85,1.7602081244160819e-10,2.19989245011837e-11
20,20,0.0,0.9,1.7709896585325803e-10,2.1130683420092834e-11
20,20,0.0,0.95,1.781342351498316e-10,2.0283703478150278e-11
20,20,0.0,1.0,1.7912770445696564e-10,1.945881528702184e-11
20,20,0.0,1.05,1.8008049710662982e-10,1.8656748469176614e-11
20,20,0.0,1.1,1.8099376977731712e-10,1.787810575630033e-11
20,20,0.0,1.15,1.818687060605322e-10,1.7123361697885216e-11
20,20,0.0,1.2,1.8270651021241501e-10,1.6392869854342794e-11
20,20,0.0,1.25,1.8350840134719487e-10,1.5686872737255336e-11
20,20,0.0,1.3,1.8427560814946154e-10,1.5005512423796396e-11
20,20,0.0,1.35,1.8500936411657121e-10,1.4348841071969587e-11
20,20,0.0,1.4,1.857109033174799e-10,1.3716831030688344e-11
20,20,0.0,1.45,1.8638145664401878e-10,1.3109384412651686e-11
20,20,0.0,1.5,1.8702224852598665e-10,1.2526342067706527e-11
20,20,0.0,1.55,1.87634494079264e-10,1.196749192643073e-11
20,20,0.0,1.6,1.8821939665505961e-10,1.143257670138306e-11
20,20,0.0,1.65,1.8877814575814363e-10,1.0921300945348381e-11
20,20,0.0,1.7,1.8931191530204902e-10,1.0433337474609774e-11
20,20,0.0,1.75,1.8982186216988594e-10,9.968333172184358e-12
20,20,0.0,1.8,1.9030912505020487e-10,9.525914191448117e-12
20,20,0.0,1.85,1.9077482351857796e-10,9.105690584893865e-12
20,20,0.0,1.9,1.9122005733682095e-10,8.707260386010785e-12
20,20,0.0,1.95,1.9164590594326265e-10,8.33021317480075e-12
20,20,0.0,2.0,1.9205342810905313e-10,7.974133159029848e-12
20,20,0.0,2.05,1.9244366173711773e-10,7.638601804384622e-12
20,20,0.0,2.1,1.9281762378203655e-10,7.323200047144338e-12
20,20,0.0,2.15,1.9317631027082038e-10,7.027510122972721e-12
20,20,0.0,2.2,1.9352069640623187e-10,6.7511170450295165e-12
20,20,0.0,2.25,1.9385173673591478e-10,6.493609763874751e-12
20,20,0.0,2.3,1.9417036537221996e-10,6.2545820406503304e-12
20,20,0.0,2.35,1.9447749624917189e-10,6.033633063829747e-12
20,20,0.0,2.4,1.947740234044465e-10,5.830367838475791e-12
20,20,0.0,2.45,1.950608212757055e-10,5.644397375471154e-12
20,20,0.0,2.5,1.9533874500195304e-10,5.475338706640843e-12
20,20,0.0,2.55,1.956086307217769e-10,5.322814750073339e-12
20,20,0.0,2.6,1.9587129586161285e-10,5.186454048323872e-12
20,20,0.0,2.65,1.9612753940816827e-10,5.065890400539542e-12
20,20,0.0,2.7,1.963781421602058e-10,4.9607624079289e-12
20,20,0.0,2.75,1.966238669558203e-10,4.8707129503960834e-12
20,20,0.0,2.8,1.968654588721575e-10,4.795388610605633e-12
20,20,0.0,2.85,1.9710364539534343e-10,4.734439060233559e-12
20,20,0.0,2.9,1.9733913655904384e-10,4.687516421706718e-12
20,20,0.0,2.95,1.9757262505077747e-10,4.654274617341519e-12
20,20,0.0,3.0,1.9780478628555894e-10,4.634368716468391e-12
20,20,0.0,3.05,1.9803627844706965e-10,4.6274542898731865e-12
20,20,0.0,3.1,1.9826774249689937e-10,4.6331867797003865e-12
20,20,0.0,3.15,1.9849980215281184e-10,4.651220891856645e-12
20,20,0.0,3.2,1.9873306383733403e-10,4.681210016910768e-12
20,20,0.0,3.25,1.989681165981966e-10,4.7228056845249065e-12
20,20,0.0,3.3,1.992055320024226e-10,4.775657055559006e-12
20,20,0.0,3.35,1.9944586400604383e-10,4.839410455171499e-12
20,20,0.0,3.4,1.9968964880154364e-10,4.913708949486688e-12
20,20,0.0,3.45,1.9993740464526636e-10,4.998191967721477e-12
20,20,0.0,3.5,2.0018963166709664e-10,5.092494971043424e-12
20,20,0.0,3.55,2.004468116647737e-10,5.196249168885887e-12
20,20,0.0,3.6,2.007094078851906e-10,5.3090812829483666e-12
20,20,0.0,3.65,2.009778647951108e-10,5.4306133586850955e-12
20,20,0.0,3.7,2.0125260784361415e-10,5.560462623700658e-12
20,20,0.0,3.75,2.0153404321863238e-10,5.69824139215325e-12
20,20,0.0,3.8,2.018225575998159e-10,5.843557013985071e-12
20,20,0.0,3.85,2.0211851790997075e-10,5.9960118675740784e-12
20,20,0.0,3.9,2.0242227106716232e-10,6.155203394211494e-12
20,20,0.0,3.95,2.0273414373956458e-10,6.320724172664326e-12
20,20,0.0,4.0,2.0305444210500195e-10,6.492162031967267e-12
20,20,0.0,4.05,2.033834516170384e-10,6.6691002005139365e-12
20,20,0.0,4.1,2.0372143677939327e-10,6.851117489462066e-12
20,20,0.0,4.15,2.0406864093034988e-10,7.037788508449301e-12
20,20,0.0,4.2,2.0442528603868896e-10,7.22868391160912e-12
20,20,0.0,4.25,2.0479157251267752e-10,7.42337067190382e-12
20,20,0.0,4.3,2.0516767902340705e-10,7.621412381817062e-12
20,20,0.0,4.35,2.0555376234381198e-10,7.822369578507285e-12
20,20,0.0,4.4,2.0594995720449638e-10,8.025800091578829e-12
20,20,0.0,4.45,2.06356376167503e-10,8.231259411700685e-12
20,20,0.0,4.5,2.0677310951897072e-10,8.43830107837526e-12
20,20,0.0,4.55,2.072002251816381e-10,8.646477085244566e-12
20,20,0.0,4.6,2.076377686480334e-10,8.855338301400352e-12
20,20,0.0,4.65,2.080857629350713e-10,9.064434907247514e-12
20,20,0.0,4.7,2.0854420856081e-10,9.273316843556245e-12
20,20,0.0,4.75,2.0901308354392033e-10,9.48153427240733e-12
20,20,0.0,4.8,2.094923434265246e-10,9.68863804882434e-12
20,20,0.0,4.85,2.099819213208234e-10,9.89418020194119e-12
20,20,0.0,4.9,2.1048172798001167e-10,1.0097714424628944e-11
20,20,0.0,4.95,2.1099165189386077e-10,1.0298796570556144e-11
20,20,0.0,5.0,2.1151155940932503e-10,1.0496985157711515e-11
20,20,1.0,0.0,7.398375130934335e-10,4.4693091249304945e-08
20,20,1.0,0.05,8.72359191695585e-09,3.215895327735785e-07
20,20,1.0,0.1,3.17605566103734e-08,5.287724167586112e-07
20,20,1.0,0.15,5.505467314993994e-08,3.7252999147799613e-07
20,20,1.0,0.2,6.894464314403859e-08,1.9737833057510132e-07
20,20,1.0,0.25,7.630279288801561e-08,1.0930626702275182e-07
20,20,1.0,0.3,8.074652593366141e-08,7.409115742658997e-08
20,20,1.0,0.35,8.407529632442044e-08,6.125845071159801e-08
20,20,1.0,0.4,8.700967347277122e-08,5.692691499801537e-08
20,20,1.0,0.45,8.981792803375784e-08,5.5693875119173286e-08
20,20,1.0,0.5,9.259674696493789e-08,5.555974080930046e-08
20,20,1.0,0.55,9.53798692167919e-08,5.5797360892588525e-08
20,20,1.0,0.6,9.817822015406147e-08,5.614417030598562e-08
20,20,1.0,0.65,1.0099450356101813e-07,5.650580932638081e-08
20,20,1.0,0.7,1.0382847681575888e-07,5.684863816578688e-08
20,20,1.0,0.75,1.0667885445041101e-07,5.716092494704463e-08
20,20,1.0,0.8,1.0954399528483803e-07,5.743885515792424e-08
20,20,1.0,0.85,1.1242215120367769e-07,5.7681490996899734e-08
20,20,1.0,0.9,1.1531155797045666e-07,5.788895397902564e-08
20,20,1.0,0.95,1.1821046903197457e-07,5.8061767687817166e-08
20,20,1.0,1.0,1.211171686466848e-07,5.8200618098513773e-08
20,20,1.0,1.05,1.2402997741952928e-07,5.830626438598096e-08
20,20,1.0,1.1,1.2694725496466385e-07,5.837950420068292e-08
20,20,1.0,1.15,1.2986740141200003e-07,5.842115889779604e-08
20,20,1.0,1.2,1.327888583927678e-07,5.843206629827309e-08
20,20,1.0,1.25,1.3571010974982442e-07,5.841307649117045e-08
20,20,1.0,1.3,1.386296820768951e-07,5.836504903031926e-08
20,20,1.0,1.35,1.4154614513840525e-07,5.828885089744983e-08
20,20,1.0,1.4,1.4445811220076758e-07,5.818535496891416e-08
20,20,1.0,1.45,1.4736424029673588e-07,5.805543885462012e-08
20,20,1.0,1.5,1.5026323043921802e-07,5.789998402609386e-08
20,20,1.0,1.55,1.531538277973679e-07,5.7719875169675363e-08
20,20,1.0,1.6,1.560348218448122e-07,5.751599970994537e-08
20,20,1.0,1.65,1.5890504648726257e-07,5.728924745421908e-08
20,20,1.0,1.7,1.6176338017445223e-07,5.7040510313758954e-08
20,20,1.0,1.75,1.6460874599921395e-07,5.6770682062036273e-08
20,20,1.0,1.8,1.674401117846454e-07,5.6480658094995835e-08
20,20,1.0,1.85,1.702564901587189e-07,5.617133516294432e-08
20,20,1.0,1.9,1.730569386142061e-07,5.584361104831706e-08
20,20,1.0,1.95,1.7584055955070385e-07,5.549838416816738e-08
20,20,1.0,2.0,1.7860650029453958e-07,5.513655308457509e-08
20,20,1.0,2.05,1.8135395309161962e-07,5.475901591041455e-08
20,20,1.0,2.1,1.8408215506776915e-07,5.4366669601883246e-08
20,20,1.0,2.15,1.8679038815075315e-07,5.3960409132891075e-08
20,20,1.0,2.2,1.8947797894803387e-07,5.354112654981976e-08
20,20,1.0,2.25,1.9214429857429125e-07,5.31097099082536e-08
20,20,1.0,2.3,1.9478876242292352e-07,5.26670420960621e-08
20,20,1.0,2.35,1.974108298760067e-07,5.221399954966022e-08
20,20,1.0,2.4,2.0001000394753945e-07,5.1751450872375514e-08
20,20,1.0,2.45,2.0258583085544131e-07,5.128025536568815e-08
20,20,1.0,2.5,2.051378995181315e-07,5.080126148553082e-08
20,20,1.0,2.55,2.0766584097235624e-07,5.0315305237063246e-08
20,20,1.0,2.6,2.101693277095004e-07,4.9823208522182255e-08
20,20,1.0,2.65,2.126480729284115e-07,4.9325777454651737e-08
20,20,1.0,2.7,2.151018297034788e-07,4.882380065806645e-08
20,20,1.0,2.75,2.175303900674989e-07,4.831804756197859e-08
20,20,1.0,2.8,2.1993358400963208e-07,4.780926671139005e-08
20,20,1.0,2.85,2.2231127838946314e-07,4.72981841044898e-08
20,20,1.0,2.9,2.2466337576896831e-07,4.678550157301951e-08
20,20,1.0,2.95,2.2698981316485014e-07,4.6271895218985494e-08
20,20,1.0,3.0,2.2929056072437723e-07,4.575801392063051e-08
20,20,1.0,3.05,2.3156562032852045e-07,4.5244477919674104e-08
20,20,1.0,3.1,2.3381502412670738e-07,4.47318775008007e-08
20,20,1.0,3.15,2.3603883300806676e-07,4.4220771773293646e-08
20,20,1.0,3.2,2.3823713501449165e-07,4.371168756355773e-08
20,20,1.0,3.25,2.4041004370126516e-07,4.320511842608906e-08
20,20,1.0,3.3,2.425576964513254e-07,4.2701523779233384e-08
20,20,1.0,3.35,2.446802527495459e-07,4.2201328170861806e-08
20,20,1.0,3.4,2.4677789242364175e-07,4.170492067788266e-08
20,20,1.0,3.45,2.488508138584455e-07,4.121265444231503e-08
20,20,1.0,3.5,2.508992321904407e-07,4.072484634550212e-08
20,20,1.0,3.55,2.529233774894844e-07,4.024177682093355e-08
20,20,1.0,3.6,2.54923492934584e-07,3.9763689805075516e-08
20,20,1.0,3.65,2.56899832990696e-07,3.9290792824643164e-08
20,20,1.0,3.7,2.588526615931946e-07,3.882325721778498e-08
20,20,1.0,3.75,2.607822503467088e-07,3.8361218485829066e-08
20,20,1.0,3.8,2.6268887674471934e-07,3.790477677144103e-08
20,20,1.0,3.85,2.645728224161263e-07,3.7453997458359665e-08
20,20,1.0,3.9,2.664343714047163e-07,3.7008911887243976e-08
20,20,1.0,3.95,2.682738084872211e-07,3.656951818164795e-08
20,20,1.0,4.0,2.7009141753528126e-07,3.613578217766115e-08
20,20,1.0,4.05,2.7188747992635297e-07,3.570763845039125e-08
20,20,1.0,4.1,2.736622730081892e-07,3.528499143014815e-08
20,20,1.0,4.15,2.754160686212616e-07,3.486771660097647e-08
20,20,1.0,4.2,2.771491316829578e-07,3.4455661773998645e-08
20,20,1.0,4.25,2.7886171883720025e-07,3.404864842796296e-08
20,20,1.0,4.3,2.8055407717259284e-07,3.364647310933671e-08
20,20,1.0,4.35,2.822264430119098e-07,3.324890888431509e-08
20,20,1.0,4.4,2.838790407753169e-07,3.285570683518698e-08
20,20,1.0,4.45,2.8551208191938036e-07,3.246659759362319e-08
20,20,1.0,4.5,2.8712576395348655e-07,3.20812929036045e-08
20,20,1.0,4.55,2.8872026953502124e-07,3.169948720691603e-08
20,20,1.0,4.6,2.902957656442429e-07,3.1320859244352565e-08
20,20,1.0,4.65,2.918524028394597e-07,3.094507366603989e-08
20,20,1.0,4.7,2.9339031459282733e-07,3.057178264455685e-08
20,20,1.0,4.75,2.9490961670675685e-07,3.020062748483363e-08
20,20,1.0,4.8,2.964104068105779e-07,2.983124022511065e-08
20,20,1.0,4.85,2.978927639369672e-07,2.9463245223573618e-08
20,20,1.0,4.9,2.993567481771998e-07,2.9096260725588905e-08
20,20,1.0,4.95,3.0080240041420834e-07,2.8729900406809375e-08
20,20,1.0,5.0,3.022297421320785e-07,2.8363774887741214e-08
20,20,2.0,0.0,2.719940115934052e-09,1.743922032227827e-07
20,20,2.0,0.05,4.401406681027967e-08,1.9464695362771457e-06
20,20,2.0,0.1,2.1882231680348167e-07,4.679712825948134e-06
20,20,2.0,0.15,4.4870396767847575e-07,4.033582605461782e-06
20,20,2.0,0.2,6.068813408250294e-07,2.363480785403548e-06
20,20,2.0,0.25,6.977410324674461e-07,1.3957881957716086e-06
20,20,2.0,0.3,7.558760657700109e-07,9.937718642591956e-07
20,20,2.0,0.35,8.01347671527638e-07,8.512569467799494e-07
20,20,2.0,0.4,8.426574268266623e-07,8.110433054762132e-07
20,20,2.0,0.45,8.830691706174475e-07,8.090634976959834e-07
20,20,2.0,0.5,9.237875665059398e-07,8.209677674525081e-07
20,20,2.0,0.55,9.652437551201286e-07,8.377098126966957e-07
20,20,2.0,0.6,1.007582435144374e-06,8.559473676154478e-07
20,20,2.0,0.65,1.0508423616970075e-06,8.744399621252947e-07
20,20,2.0,0.7,1.0950227301856806e-06,8.92718888117387e-07
20,20,2.0,0.75,1.140107553874579e-06,9.10599132581888e-07
20,20,2.0,0.8,1.1860746467112816e-06,9.280007585743097e-07
20,20,2.0,0.85,1.2328989757385239e-06,9.448836251573915e-07
20,20,2.0,0.9,1.2805539563525289e-06,9.612235415189821e-07
20,20,2.0,0.95,1.3290119959192178e-06,9.77003546904985e-07
20,20,2.0,1.0,1.378244762044487e-06,9.922107039870369e-07
20,20,2.0,1.05,1.4282233489725352e-06,1.006834897729877e-06
20,20,2.0,1.1,1.4789184051322014e-06,1.020868361235151e-06
20,20,2.0,1.15,1.5303002446218702e-06,1.0343054633993619e-06
20,20,2.0,1.2,1.5823389508019491e-06,1.0471425896316804e-06
20,20,2.0,1.25,1.6350044748705196e-06,1.0593780547425707e-06
20,20,2.0,1.3,1.68826673039504e-06,1.071012026280743e-06
20,20,2.0,1.35,1.7420956840999853e-06,1.0820464507559694e-06
20,20,2.0,1.4,1.7964614429811354e-06,1.0924849802601692e-06
20,20,2.0,1.45,1.8513343377441027e-06,1.102332898777924e-06
20,20,2.0,1.5,1.9066850025478197e-06,1.111597048072417e-06
20,20,2.0,1.55,1.962484451032757e-06,1.1202857532037072e-06
20,20,2.0,1.6,2.0187041486178195e-06,1.128408747765977e-06
20,20,2.0,1.65,2.0753160810533263e-06,1.1359770989144938e-06
20,20,2.0,1.7,2.132292819221414e-06,1.1430031322305906e-06
20,20,2.0,1.75,2.1896075801760695e-06,1.1495003564537416e-06
20,20,2.0,1.8,2.2472342844169703e-06,1.1554833880986595e-06
20,20,2.0,1.85,2.305147609391545e-06,1.1609678759711748e-06
20,20,2.0,1.9,2.3633230392205527e-06,1.1659704256007601e-06
20,20,2.0,1.95,2.4217369106439165e-06,1.1705085236166274e-06
20,20,2.0,2.0,2.48036645518466e-06,1.174600462107886e-06
20,20,2.0,2.05,2.539189837531621e-06,1.1782652630257154e-06
20,20,2.0,2.1,2.598186190144879e-06,1.1815226027045881e-06
20,20,2.0,2.15,2.657335644092268e-06,1.1843927365998022e-06
20,20,2.0,2.2,2.7166193561305632e-06,1.1868964243588393e-06
20,20,2.0,2.25,2.776019532051246e-06,1.1890548553634447e-06
20,20,2.0,2.3,2.8355194463186316e-06,1.190889574897639e-06
20,20,2.0,2.35,2.8951034580353065e-06,1.1924224111122637e-06
20,20,2.0,2.4,2.9547570232796125e-06,1.1936754029705446e-06
20,20,2.0,2.45,3.014466703869027e-06,1.1946707293694692e-06
20,20,2.0,2.5,3.074220172613117e-06,1.1954306396392641e-06
20,20,2.0,2.55,3.1340062151303746e-06,1.195977385627669e-06
20,20,2.0,2.6,3.193814728313001e-06,1.196333155576568e-06
20,20,2.0,2.65,3.2536367155347492e-06,1.1965200099967263e-06
20,20,2.0,2.7,3.313464278706696e-06,1.1965598197410477e-06
20,20,2.0,2.75,3.3732906072955136e-06,1.1964742064687588e-06
20,20,2.0,2.8,3.433109964428731e-06,1.196284485682481e-06
20,20,2.0,2.85,3.4929176702195353e-06,1.1960116125068925e-06
20,20,2.0,2.9,3.5527100824523756e-06,1.1956761303628345e-06
20,20,2.0,2.95,3.6124845747775774e-06,1.1952981226737526e-06
20,20,2.0,3.0,3.672239512569529e-06,1.19489716772313e-06
20,20,2.0,3.05,3.7319742266086227e-06,1.1944922967622278e-06
20,20,2.0,3.1,3.7916889847516192e-06,1.1941019554473386e-06
20,20,2.0,3.15,3.851384961758304e-06,1.1937439686650644e-06
20,20,2.0,3.2,3.911064207444941e-06,1.1934355087835207e-06
20,20,2.0,3.25,3.970729613336329e-06,1.1931930673466734e-06
20,20,2.0,3.3,4.030384877988768e-06,1.193032430208864e-06
20,20,2.0,3.35,4.090034471155024e-06,1.1929686560868688e-06
20,20,2.0,3.4,4.14968359696193e-06,1.1930160584883745e-06
20,20,2.0,3.45,4.209338156267154e-06,1.193188190957664e-06
20,20,2.0,3.5,4.269004708360062e-06,1.193497835563222e-06
20,20,2.0,3.55,4.328690432165974e-06,1.193956994536386e-06
20,20,2.0,3.6,4.388403087108868e-06,1.1945768849565596e-06
20,20,2.0,3.65,4.448150973782287e-06,1.195367936366209e-06
20,20,2.0,3.7,4.507942894571442e-06,1.1963397911879747e-06
20,20,2.0,3.75,4.567788114363635e-06,1.1975013078070858e-06
20,20,2.0,3.8,4.627696321476137e-06,1.1988605661744218e-06
20,20,2.0,3.85,4.687677588924204e-06,1.200424875779625e-06
20,20,2.0,3.9,4.747742336144045e-06,1.202200785838826e-06
20,20,2.0,3.95,4.8079012912765926e-06,1.2041940975382356e-06
20,20,2.0,4.0,4.8681654541124645e-06,1.2064098781733744e-06
20,20,2.0,4.05,4.928546059786809e-06,1.2088524770223956e-06
20,20,2.0,4.1,4.9890545433088555e-06,1.2115255427934815e-06
20,20,2.0,4.15,5.049702504999145e-06,1.2144320424871068e-06
20,20,2.0,4.2,5.110501676902341e-06,1.217574281517337e-06
20,20,2.0,4.25,5.171463890234237e-06,1.2209539249395721e-06
20,20,2.0,4.3,5.232601043914897e-06,1.2245720196366977e-06
20,20,2.0,4.35,5.293925074231877e-06,1.2284290173206302e-06
20,20,2.0,4.4,5.355447925671134e-06,1.2325247982119459e-06
20,20,2.0,4.45,5.417181522946152e-06,1.2368586952665064e-06
20,20,2.0,4.5,5.479137744249362e-06,1.2414295188243837e-06
20,20,2.0,4.55,5.541328395744127e-06,1.2462355815634705e-06
20,20,2.0,4.6,5.6037651873099044e-06,1.251274723647082e-06
20,20,2.0,4.65,5.666459709547162e-06,1.2565443379620566e-06
20,20,2.0,4.7,5.729423412044521e-06,1.2620413953511852e-06
20,20,2.0,4.75,5.792667582905721e-06,1.2677624697511686e-06
20,20,2.0,4.8,5.8562033295292555e-06,1.2737037631542066e-06
20,20,2.0,4.85,5.920041560629879e-06,1.2798611303186718e-06
20,20,2.0,4.9,5.984192969488423e-06,1.286230103161183e-06
20,20,2.0,4.95,6.048668018411628e-06,1.2928059147689672e-06
20,20,2.0,5.0,6.1134769243820395e-06,1.2995835229780308e-06
20,20,3.0,0.0,2.291445556477601e-09,1.489381457262057e-07
20,20,3.0,0.05,4.676971885075565e-08,2.393377376355418e-06
20,20,3.0,0.1,3.21567953106317e-07,8.570479912414575e-06
20,20,3.0,0.15,7.952917129806316e-07,9.07096776693439e-06
20,20,3.0,0.2,1.1629469547920692e-06,5.590653149262177e-06
20,20,3.0,0.25,1.3751904414877075e-06,3.175463167830242e-06
20,20,3.0,0.3,1.5031356022234425e-06,2.1049340932428963e-06
20,20,3.0,0.35,1.596623720689412e-06,1.7032818657096684e-06
20,20,3.0,0.4,1.677833456396177e-06,1.5713391626356087e-06
20,20,3.0,0.45,1.7553897875100645e-06,1.540497607674475e-06
20,20,3.0,0.5,1.8324688390078537e-06,1.5460092814419233e-06
20,20,3.0,0.55,1.9101874314050945e-06,1.5637758499976756e-06
20,20,3.0,0.6,1.9888998804977277e-06,1.5849160508213806e-06
20,20,3.0,0.65,2.0686797475879583e-06,1.6061599194285732e-06
20,20,3.0,0.7,2.1494970672733083e-06,1.6262979386349828e-06
20,20,3.0,0.75,2.231283450295952e-06,1.6448788689785684e-06
20,20,3.0,0.8,2.3139561326108534e-06,1.661733745542467e-06
20,20,3.0,0.85,2.3974270260257457e-06,1.6768020521358683e-06
20,20,3.0,0.9,2.481606289974947e-06,1.6900681538020082e-06
20,20,3.0,0.95,2.5664038951635946e-06,1.7015378846533154e-06
20,20,3.0,1.0,2.6517304420428726e-06,1.7112297291797874e-06
20,20,3.0,1.05,2.737497692583996e-06,1.7191712914041829e-06
20,20,3.0,1.1,2.823618981181396e-06,1.7253976712092198e-06
20,20,3.0,1.15,2.9100095643367223e-06,1.7299505238999957e-06
20,20,3.0,1.2,2.9965869304309992e-06,1.7328773630020726e-06
20,20,3.0,1.25,3.0832710771839563e-06,1.7342309506479943e-06
20,20,3.0,1.3,3.169984759615222e-06,1.7340687226438476e-06
20,20,3.0,1.35,3.2566537097536067e-06,1.7324522320997511e-06
20,20,3.0,1.4,3.343206828911765e-06,1.7294466083950142e-06
20,20,3.0,1.45,3.4295763533103535e-06,1.7251200324904226e-06
20,20,3.0,1.5,3.515697993920559e-06,1.719543230744471e-06
20,20,3.0,1.55,3.6015110515065343e-06,1.712788989440921e-06
20,20,3.0,1.6,3.6869585079526672e-06,1.704931691929206e-06
20,20,3.0,1.65,3.7719870950449715e-06,1.696046879871173e-06
20,20,3.0,1.7,3.856547341941013e-06,1.6862108396854784e-06
20,20,3.0,1.75,3.940593602607734e-06,1.67550021490556e-06
20,20,3.0,1.8,4.024084064533572e-06,1.6639916448365618e-06
20,20,3.0,1.85,4.106980740033729e-06,1.6517614296109074e-06
20,20,3.0,1.9,4.189249441465236e-06,1.638885221496517e-06
20,20,3.0,1.95,4.27085974165712e-06,1.6254377421066965e-06
20,20,3.0,2.0,4.351784920838035e-06,1.611492524991363e-06
20,20,3.0,2.05,4.432001901314303e-06,1.597121682949202e-06
20,20,3.0,2.1,4.511491171115891e-06,1.582395699290421e-06
20,20,3.0,2.15,4.590236697786638e-06,1.5673832421922477e-06
20,20,3.0,2.2,4.668225833450201e-06,1.5521510012228897e-06
20,20,3.0,2.25,4.7454492122364185e-06,1.5367635450610955e-06
20,20,3.0,2.3,4.821900641102548e-06,1.5212831994042402e-06
20,20,3.0,2.35,4.897576985033194e-06,1.5057699440363562e-06
20,20,3.0,2.4,4.972478047551064e-06,1.4902813280163022e-06
20,20,3.0,2.45,5.046606447418383e-06,1.474872401943315e-06
20,20,3.0,2.5,5.11996749235664e-06,1.4595956662614201e-06
20,20,3.0,2.55,5.192569050561656e-06,1.4445010345742037e-06
20,20,3.0,2.6,5.26442142073776e-06,1.4296358109553904e-06
20,20,3.0,2.65,5.335537201327153e-06,1.4150446802596208e-06
20,20,3.0,2.7,5.405931159559054e-06,1.4007697104584708e-06
20,20,3.0,2.75,5.475620100896777e-06,1.3868503660511053e-06
20,20,3.0,2.8,5.544622739412762e-06,1.3733235316245936e-06
20,20,3.0,2.85,5.6129595695763895e-06,1.3602235446665925e-06
20,20,3.0,2.9,5.680652739895835e-06,1.3475822367624679e-06
20,20,3.0,2.95,5.747725928811966e-06,1.3354289823391213e-06
20,20,3.0,3.0,5.814204223200773e-06,1.3237907541491333e-06
20,20,3.0,3.05,5.880113999802967e-06,1.3126921847216206e-06
20,20,3.0,3.1,5.945482809859151e-06,1.3021556330387965e-06
20,20,3.0,3.15,6.010339267195164e-06,1.2922012557314726e-06
20,20,3.0,3.2,6.074712939965801e-06,1.2828470821207976e-06
20,20,3.0,3.25,6.138634246233482e-06,1.27410909246837e-06
20,20,3.0,3.3,6.202134353527047e-06,1.2660012988318322e-06
20,20,3.0,3.35,6.265245082496616e-06,1.2585358279583504e-06
20,20,3.0,3.4,6.3279988147526146e-06,1.2517230056833757e-06
20,20,3.0,3.45,6.390428404952399e-06,1.2455714423375987e-06
20,20,3.0,3.5,6.452567097172299e-06,1.2400881186994706e-06
20,20,3.0,3.55,6.514448445582226e-06,1.2352784720656104e-06
20,20,3.0,3.6,6.5761062394182216e-06,1.2311464820452265e-06
20,20,3.0,3.65,6.637574432230617e-06,1.2276947557183174e-06
20,20,3.0,3.7,6.698887075366891e-06,1.2249246118299525e-06
20,20,3.0,3.75,6.76007825563431e-06,1.2228361637249598e-06
20,20,3.0,3.8,6.8211820370718055e-06,1.2214284007580961e-06
20,20,3.0,3.85,6.882232406749576e-06,1.2206992679447429e-06
20,20,3.0,3.9,6.9432632245030805e-06,1.2206457436457767e-06
20,20,3.0,3.95,7.004308176497717e-06,1.2212639151075812e-06
20,20,3.0,4.0,7.065400732514285e-06,1.2225490517046055e-06
20,20,3.0,4.05,7.126574106835997e-06,1.2244956757563182e-06
20,20,3.0,4.1,7.187861222613768e-06,1.2270976308140454e-06
20,20,3.0,4.15,7.249294679580559e-06,1.2303481473349466e-06
20,20,3.0,4.2,7.310906724982977e-06,1.2342399056810448e-06
20,20,3.0,4.25,7.372729227594887e-06,1.2387650964001457e-06
20,20,3.0,4.3,7.4347936546765485e-06,1.2439154777630865e-06
20,20,3.0,4.35,7.497131051742143e-06,1.249682430548057e-06
20,20,3.0,4.4,7.559772024997008e-06,1.2560570100771124e-06
20,20,3.0,4.45,7.62274672630918e-06,1.2630299955238605e-06
20,20,3.0,4.5,7.686084840578218e-06,1.270591936522761e-06
20,20,3.0,4.55,7.749815575368084e-06,1.2787331971215602e-06
20,20,3.0,4.6,7.813967652672228e-06,1.2874439971276809e-06
20,20,3.0,4.65,7.878569302682004e-06,1.2967144509075457e-06
20,20,3.0,4.7,7.943648259432694e-06,1.306534603705129e-06
20,20,3.0,4.75,8.009231758205188e-06,1.3168944655519254e-06
20,20,3.0,4.8,8.07534653456423e-06,1.3277840428455775e-06
20,20,3.0,4.85,8.142018824919233e-06,1.3391933676785346e-06
20,20,3.0,4.9,8.20927436849682e-06,1.3511125250012683e-06
20,20,3.0,4.95,8.277138410619494e-06,1.363531677707101e-06
20,20,3.0,5.0,8.34563570718807e-06,1.3764410897271875e-06
20,20,4.0,0.0,2.218409938219807e-09,1.3997810059226135e-07
20,20,4.0,0.05,5.1421577465538694e-08,2.9425487643216363e-06
20,20,4.0,0.1,4.914097678930167e-07,1.6019933252387875e-05
20,20,4.0,0.15,1.5145562749100904e-06,2.169309817025571e-05
20,20,4.0,0.2,2.431517795434625e-06,1.4252413704807142e-05
20,20,4.0,0.25,2.9630729784097366e-06,7.647004889427787e-06
20,20,4.0,0.3,3.2552825640232636e-06,4.495358230665484e-06
20,20,4.0,0.35,3.4439021240179557e-06,3.2491058822245543e-06
20,20,4.0,0.4,3.592956174358489e-06,2.7898369969578536e-06
20,20,4.0,0.45,3.7276593701345737e-06,2.626267460611461e-06
20,20,4.0,0.5,3.857289831742744e-06,2.5686917724569377e-06
20,20,4.0,0.55,3.985103038430246e-06,2.5469102940956423e-06
20,20,4.0,0.6,4.112143500384274e-06,2.53537080331624e-06
20,20,4.0,0.65,4.238654565951269e-06,2.524874006674391e-06
20,20,4.0,0.7,4.364593097786606e-06,2.512173060208316e-06
20,20,4.0,0.75,4.4898167535747575e-06,2.4961885335300543e-06
20,20,4.0,0.8,4.614152334333443e-06,2.4766358325692024e-06
20,20,4.0,0.85,4.737421020011579e-06,2.4535276072582703e-06
20,20,4.0,0.9,4.85944795832917e-06,2.4269926862499473e-06
20,20,4.0,0.95,4.980066135722175e-06,2.3972093385826383e-06
20,20,4.0,1.0,5.099118115133514e-06,2.3643797955224976e-06
20,20,4.0,1.05,5.216456934530926e-06,2.328719675216854e-06
20,20,4.0,1.1,5.33194663434393e-06,2.2904528227663493e-06
20,20,4.0,1.15,5.445462585180238e-06,2.2498081623411194e-06
20,20,4.0,1.2,5.556891680943453e-06,2.2070173480775086e-06
20,20,4.0,1.25,5.6661324247662986e-06,2.162312786475504e-06
20,20,4.0,1.3,5.773094922007943e-06,2.115925883333844e-06
20,20,4.0,1.35,5.877700790105127e-06,2.068085466778079e-06
20,20,4.0,1.4,5.9798829936325445e-06,2.0190163713070273e-06
20,20,4.0,1.45,6.079585612481366e-06,1.9689381779755886e-06
20,20,4.0,1.5,6.176763550892568e-06,1.918064107934573e-06
20,20,4.0,1.55,6.271382194934131e-06,1.866600065983949e-06
20,20,4.0,1.6,6.363417025812493e-06,1.8147438294964221e-06
20,20,4.0,1.65,6.452853196141954e-06,1.7626843767214793e-06
20,20,4.0,1.7,6.539685075967247e-06,1.7106013473152492e-06
20,20,4.0,1.75,6.623915774951175e-06,1.65866462702082e-06
20,20,4.0,1.8,6.705556646719342e-06,1.6070340477592363e-06
20,20,4.0,1.85,6.784626780904065e-06,1.5558591939554744e-06
20,20,4.0,1.9,6.86115248796469e-06,1.5052793057033453e-06
20,20,4.0,1.95,6.935166781390779e-06,1.4554232693248053e-06
20,20,4.0,2.0,7.006708861422759e-06,1.4064096859921596e-06
20,20,4.0,2.05,7.075823603965316e-06,1.3583470093129553e-06
20,20,4.0,2.1,7.142561057920597e-06,1.3113337431141954e-06
20,20,4.0,2.15,7.206975953741027e-06,1.265458691075982e-06
20,20,4.0,2.2,7.2691272255942e-06,1.220801250336465e-06
20,20,4.0,2.25,7.3290775491537395e-06,1.177431741703131e-06
20,20,4.0,2.3,7.386892896671282e-06,1.135411769642463e-06
20,20,4.0,2.35,7.442642110661746e-06,1.094794605770994e-06
20,20,4.0,2.4,7.496396497229112e-06,1.0556255901212112e-06
20,20,4.0,2.45,7.548229439791746e-06,1.0179425450004406e-06
20,20,4.0,2.5,7.598216033716725e-06,9.81776196789397e-07
20,20,4.0,2.55,7.646432742155655e-06,9.471506015365551e-07
20,20,4.0,2.6,7.692957073177827e-06,9.140835706889743e-07
20,20,4.0,2.65,7.737867278125471e-06,8.825870937576569e-07
20,20,4.0,2.7,7.781242070967365e-06,8.526677551437983e-07
20,20,4.0,2.75,7.823160368297216e-06,8.243271427499728e-07
20,20,4.0,2.8,7.8637010495148e-06,7.975622463676554e-07
20,20,4.0,2.85,7.902942736635245e-06,7.723658441688747e-07
20,20,4.0,2.9,7.940963593096511e-06,7.487268759365751e-07
20,20,4.0,2.95,7.977841140873941e-06,7.266308019459158e-07
20,20,4.0,3.0,8.013652095161693e-06,7.06059946658568e-07
20,20,4.0,3.05,8.048472215846297e-06,6.869938266158265e-07
20,20,4.0,3.1,8.082376174970688e-06,6.694094621149359e-07
20,20,4.0,3.15,8.115437439371568e-06,6.532816724287006e-07
20,20,4.0,3.2,8.147728167663816e-06,6.385833544823127e-07
20,20,4.0,3.25,8.179319120746122e-06,6.252857450354281e-07
20,20,4.0,3.3,8.210279585006767e-06,6.133586665331109e-07
20,20,4.0,3.35,8.240677307418527e-06,6.027707568881837e-07
20,20,4.0,3.4,8.270578441728268e-06,5.934896835411122e-07
20,20,4.0,3.45,8.300047504965241e-06,5.854823422133384e-07
20,20,4.0,3.5,8.329147343513388e-06,5.7871504082702e-07
20,20,4.0,3.55,8.357939108020616e-06,5.731536691104813e-07
20,20,4.0,3.6,8.386482236440967e-06,5.687638544442538e-07
20,20,4.0,3.65,8.414834444537716e-06,5.655111045298667e-07
20,20,4.0,3.7,8.443051723202876e-06,5.633609374825477e-07
20,20,4.0,3.75,8.471188341979923e-06,5.622789999610887e-07
20,20,4.0,3.8,8.499296858206163e-06,5.622311739541178e-07
20,20,4.0,3.85,8.527428131224434e-06,5.6318367284284e-07
20,20,4.0,3.9,8.555631341142582e-06,5.651031273561746e-07
20,20,4.0,3.95,8.583954011650249e-06,5.67956662026545e-07
20,20,4.0,4.0,8.612442036434071e-06,5.717119627432937e-07
20,20,4.0,4.05,8.641139708759512e-06,5.763373359866941e-07
20,20,4.0,4.1,8.670089753818954e-06,5.818017603091959e-07
20,20,4.0,4.15,8.699333363470852e-06,5.880749306123729e-07
20,20,4.0,4.2,8.728910233024028e-06,5.951272957482781e-07
20,20,4.0,4.25,8.758858599745858e-06,6.029300899530735e-07
20,20,4.0,4.3,8.789215282797685e-06,6.114553585990315e-07
20,20,4.0,4.35,8.820015724326052e-06,6.206759787288698e-07
20,20,4.0,4.4,8.851294031459124e-06,6.305656748136025e-07
20,20,4.0,4.45,8.88308301898015e-06,6.410990301523778e-07
20,20,4.0,4.5,8.91541425247105e-06,6.522514943102385e-07
20,20,4.0,4.55,8.94831809173559e-06,6.639993869670056e-07
20,20,4.0,4.6,8.981823734333559e-06,6.763198985285633e-07
20,20,4.0,4.65,9.015959259070888e-06,6.891910878300246e-07
20,20,4.0,4.7,9.050751669309139e-06,7.025918772391624e-07
20,20,4.0,4.75,9.086226935970737e-06,7.165020454479776e-07
20,20,4.0,4.8,9.122410040132064e-06,7.309022182204299e-07
20,20,4.0,4.85,9.159325015107787e-06,7.45773857345331e-07
20,20,4.0,4.9,9.196994987942772e-06,7.610992480249669e-07
20,20,4.0,4.95,9.235442220239001e-06,7.768614849127038e-07
20,20,4.0,5.0,9.27468814825491e-06,7.930444569959178e-07
20,20,5.0,0.0,2.4744924231585303e-09,1.4558082762761798e-07
20,20,5.0,0.05,5.7948052548237344e-08,3.578590933508117e-06
20,20,5.0,0.1,7.592430877870099e-07,2.975417443724917e-05
20,20,5.0,0.15,3.03638823003779e-06,5.463065378549448e-05
20,20,5.0,0.2,5.5012673052289145e-06,4.003477636662028e-05
20,20,5.0,0.25,6.98982221682319e-06,2.089095069673743e-05
20,20,5.0,0.3,7.7506883083533e-06,1.0907744047114169e-05
20,20,5.0,0.35,8.17798186546652e-06,6.82021105572185e-06
20,20,5.0,0.4,8.473706542257985e-06,5.256734701847881e-06
20,20,5.0,0.45,8.719098820658774e-06,4.649649316166429e-06
20,20,5.0,0.5,8.944224267765665e-06,4.387319545916365e-06
20,20,5.0,0.55,9.159746191657868e-06,4.2441893133822995e-06
20,20,5.0,0.6,9.369247711205366e-06,4.1388783047828765e-06
20,20,5.0,0.65,9.573772932626036e-06,4.042459427163614e-06
20,20,5.0,0.7,9.773471611994574e-06,3.944918480560295e-06
20,20,5.0,0.75,9.968191348679875e-06,3.843043809145336e-06
20,20,5.0,0.8,1.0157690621714138e-05,3.7360729931663372e-06
20,20,5.0,0.85,1.0341715602758673e-05,3.624128976401491e-06
20,20,5.0,0.9,1.0520027987006266e-05,3.5076564648839013e-06
20,20,5.0,0.95,1.0692415106953297e-05,3.3872165722582166e-06
20,20,5.0,1.0,1.0858693525680505e-05,3.26340979187955e-06
20,20,5.0,1.05,1.1018710124222288e-05,3.13684508562191e-06
20,20,5.0,1.1,1.1172342131271097e-05,3.0081257419074765e-06
20,20,5.0,1.15,1.1319496628044769e-05,2.8778415469734094e-06
20,20,5.0,1.2,1.1460109735298626e-05,2.746563552453789e-06
20,20,5.0,1.25,1.1594145573709375e-05,2.614840119202856e-06
20,20,5.0,1.3,1.172159504766178e-05,2.4831937647157755e-06
20,20,5.0,1.35,1.1842474487522882e-05,2.352118637238928e-06
20,20,5.0,1.4,1.1956824179592582e-05,2.22207853976007e-06
20,20,5.0,1.45,1.206470681003159e-05,2.093505458493495e-06
20,20,5.0,1.5,1.2166205847040529e-05,1.966798558397999e-06
20,20,5.0,1.55,1.2261423883723054e-05,1.842323608728931e-06
20,20,5.0,1.6,1.2350480962181056e-05,1.7204128002366702e-06
20,20,5.0,1.65,1.2433512897434542e-05,1.6013649143112582e-06
20,20,5.0,1.7,1.2510669617758934e-05,1.4854458037216977e-06
20,20,5.0,1.75,1.2582113536008378e-05,1.3728891447154161e-06
20,20,5.0,1.8,1.2648017964505173e-05,1.2638974210866855e-06
20,20,5.0,1.85,1.2708565584138029e-05,1.1586431022840168e-06
20,20,5.0,1.9,1.2763946976462167e-05,1.0572699795744138e-06
20,20,5.0,1.95,1.2814359225853031e-05,9.598946266092828e-07
20,20,5.0,2.0,1.2860004597145299e-05,8.666079533297189e-07
20,20,5.0,2.05,1.2901089292704868e-05,7.774768249033617e-07
20,20,5.0,2.1,1.2937822291537284e-05,6.925457202268585e-07
20,20,5.0,2.15,1.2970414271833454e-05,6.118384073763527e-07
20,20,5.0,2.2,1.2999076617292365e-05,5.353596161889329e-07
20,20,5.0,2.25,1.3024020506639988e-05,4.6309669086135423e-07
20,20,5.0,2.3,1.3045456084969648e-05,3.950212080225442e-07
20,20,5.0,2.35,1.3063591714865855e-05,3.3109054814667107e-07
20,20,5.0,2.4,1.3078633304721227e-05,2.7124941040512435e-07
20,20,5.0,2.45,1.3090783711214614e-05,2.1543126309783622e-07
20,20,5.0,2.5,1.3100242212571165e-05,1.6355972365216007e-07
20,20,5.0,2.55,1.3107204048967344e-05,1.1554986383042359e-07
20,20,5.0,2.6,1.3111860026264003e-05,7.130943725043126e-08
20,20,5.0,2.65,1.3114396179136804e-05,3.0740027602598067e-08
20,20,5.0,2.7,1.3114993489622154e-05,-6.261882946215126e-09
20,20,5.0,2.75,1.3113827657095279e-05,-3.980392472847262e-08
20,20,5.0,2.8,1.3111068915739498e-05,-6.999692970402468e-08
20,20,5.0,2.85,1.310688189564298e-05,-9.69540968566892e-08
20,20,5.0,2.9,1.3101425523767996e-05,-1.2079023144386808e-07
20,20,5.0,2.95,1.3094852961170768e-05,-1.4162105526290376e-07
20,20,5.0,3.0,1.3087311572996777e-05,-1.595625847765412e-07
20,20,5.0,3.05,1.3078942927944002e-05,-1.7473057370523737e-07
20,20,5.0,3.1,1.3069882824058477e-05,-1.872400165354949e-07
20,20,5.0,3.15,1.3060261337908112e-05,-1.9720470930006907e-07
20,20,5.0,3.2,1.3050202894360884e-05,-2.0473686394832736e-07
20,20,5.0,3.25,1.3039826354382513e-05,-2.0994677263466174e-07
20,20,5.0,3.3,1.3029245118447444e-05,-2.129425183012855e-07
20,20,5.0,3.35,1.3018567243336375e-05,-2.138297280122234e-07
20,20,5.0,3.4,1.3007895570271307e-05,-2.127113656016551e-07
20,20,5.0,3.45,1.2997327862503593e-05,-2.0968756032574988e-07
20,20,5.0,3.5,1.298695695063643e-05,-2.0485546834898194e-07
20,20,5.0,3.55,1.2976870884114925e-05,-1.9830916404817218e-07
20,20,5.0,3.6,1.2967153087465301e-05,-1.9013955827760742e-07
20,20,5.0,3.65,1.2957882520003437e-05,-1.8043434090287505e-07
20,20,5.0,3.7,1.2949133837863014e-05,-1.6927794507703087e-07
20,20,5.0,3.75,1.2940977557315962e-05,-1.567515308983666e-07
20,20,5.0,3.8,1.2933480218471143e-05,-1.4293298625247172e-07
20,20,5.0,3.85,1.2926704548544014e-05,-1.2789694280088315e-07
20,20,5.0,3.9,1.292070962398884e-05,-1.1171480523397304e-07
20,20,5.0,3.95,1.2915551030871664e-05,-9.445479205446772e-08
20,20,5.0,4.0,1.2911281022950127e-05,-7.618198630161713e-08
20,20,5.0,4.05,1.2907948676998766e-05,-5.695839476155984e-08
20,20,5.0,4.1,1.290560004498968e-05,-3.684301433904165e-08
20,20,5.0,4.15,1.290427830280095e-05,-1.58919043869536e-08
20,20,5.0,4.2,1.2904023895182286e-05,5.841736095135467e-09
20,20,5.0,4.25,1.2904874676759643e-05,2.8307487375382963e-08
20,20,5.0,4.3,1.2906866048907696e-05,5.1457624898974234e-08
20,20,5.0,4.35,1.2910031092358331e-05,7.52470329815525e-08
20,20,5.0,4.4,1.2914400695453321e-05,9.963311698993372e-08
20,20,5.0,4.45,1.292000367798268e-05,1.2457571463389366e-07
20,20,5.0,4.5,1.2926866910574969e-05,1.5003700691969226e-07
20,20,5.0,4.55,1.2935015429638772e-05,1.7598142924878278e-07
20,20,5.0,4.6,1.294447254787023e-05,2.0237558308380828e-07
20,20,5.0,4.65,1.295525996036741e-05,2.2918814854780875e-07
20,20,5.0,4.7,1.2967397846402911e-05,2.56389798271407e-07
20,20,5.0,4.75,1.2980904966926841e-05,2.8395311275667e-07
20,20,5.0,4.8,1.2995798757880518e-05,3.118524974840145e-07
20,20,5.0,4.85,1.3012095419412638e-05,3.4006410195105954e-07
20,20,5.0,4.9,1.302981000109962e-05,3.6856574079791613e-07
20,20,5.0,4.95,1.3048956483276369e-05,3.9733681714328677e-07
20,20,5.0,5.0,1.3069547854591914e-05,4.2635824822808084e-07
40,5,0.0,0.0,4.958183533177737e-11,2.9018135083221047e-09
40,5,0.0,0.05,5.157531409257209e-10,1.7676751103714632e-08
40,5,0.0,0.1,1.6916655056950556e-09,2.5576704267700144e-08
40,5,0.0,0.15,2.7781943362332625e-09,1.6796750726548917e-08
40,5,0.0,0.2,3.391139249593285e-09,8.492232424733341e-09
40,5,0.0,0.25,3.7012418919761906e-09,4.487337544906622e-09
40,5,0.0,0.3,3.879639168213881e-09,2.902216986471041e-09
40,5,0.0,0.35,4.007640765671491e-09,2.314861005778767e-09
40,5,0.0,0.4,4.11714358459175e-09,2.10047155578005e-09
40,5,0.0,0.45,4.2198403549290596e-09,2.01976086176508e-09
40,5,0.0,0.5,4.319859486977497e-09,1.9850985109926447e-09
40,5,0.0,0.55,4.418581677479122e-09,1.9649232989111008e-09
40,5,0.0,0.6,4.516402059949064e-09,1.9479778259636756e-09
40,5,0.0,0.65,4.61336609088773e-09,1.9303075070789064e-09
40,5,0.0,0.7,4.7093980907784695e-09,1.9105818939023153e-09
40,5,0.0,0.75,4.804383452005172e-09,1.8884167738514756e-09
40,5,0.0,0.8,4.898198388851751e-09,1.8637727173015683e-09
40,5,0.0,0.85,4.990720869854137e-09,1.8367389373268352e-09
40,5,0.0,0.9,5.081834767957759e-09,1.807454925577438e-09
40,5,0.0,0.95,5.171431531109745e-09,1.7760813366119357e-09
40,5,0.0,1.0,5.2594109117251094e-09,1.7427884969182454e-09
40,5,0.0,1.05,5.345681306582588e-09,1.7077512578460738e-09
40,5,0.0,1.1,5.430159906956996e-09,1.6711461772923908e-09
40,5,0.0,1.15,5.512772733777485e-09,1.6331496066463133e-09
40,5,0.0,1.2,5.593454588393993e-09,1.5939361818646813e-09
40,5,0.0,1.25,5.672148934039569e-09,1.5536775442218957e-09
40,5,0.0,1.3,5.7488077177073104e-09,1.5125412306385761e-09
40,5,0.0,1.35,5.8233911403054e-09,1.4706897123912832e-09
40,5,0.0,1.4,5.8958673822598654e-09,1.4282795732483177e-09
40,5,0.0,1.45,5.966212291385867e-09,1.3854608210754792e-09
40,5,0.0,1.5,6.034409039551229e-09,1.3423763269103072e-09
40,5,0.0,1.55,6.1004477543398135e-09,1.2991613846104868e-09
40,5,0.0,1.6,6.164325131549422e-09,1.2559433832133403e-09
40,5,0.0,1.65,6.2260440339463e-09,1.2128415833497691e-09
40,5,0.0,1.7,6.285613081251213e-09,1.1699669885135902e-09
40,5,0.0,1.75,6.3430462358622955e-09,1.1274223016906597e-09
40,5,0.0,1.8,6.3983623883444695e-09,1.0853019577837772e-09
40,5,0.0,1.85,6.451584946237707e-09,1.0436922223959238e-09
40,5,0.0,1.9,6.502741429271932e-09,1.0026713478215452e-09
40,5,0.0,1.95,6.5518630736287714e-09,9.623097775131562e-10
40,5,0.0,2.0,6.598984447466367e-09,9.226703908036917e-10
40,5,0.0,2.05,6.644143079526169e-09,8.838087802505768e-10
40,5,0.0,2.1,6.687379102274901e-09,8.457735545973241e-10
40,5,0.0,2.15,6.728734910701794e-09,8.086066610029092e-10
40,5,0.0,2.2,6.7682548375892046e-09,7.723437208493689e-10
40,5,0.0,2.25,6.805984845806096e-09,7.370143740898606e-10
40,5,0.0,2.3,6.841972237940245e-09,7.026426277305313e-10
40,5,0.0,2.35,6.8762653833766674e-09,6.69247204640739e-10
40,5,0.0,2.4,6.908913462756537e-09,6.36841889451091e-10
40,5,0.0,2.45,6.939966229600269e-09,6.054358688225156e-10
40,5,0.0,2.5,6.9694737887561446e-09,5.750340638494117e-10
40,5,0.0,2.55,6.997486391233751e-09,5.456374527945585e-10
40,5,0.0,2.6,7.024054244902341e-09,5.172433827431671e-10
40,5,0.0,2.65,7.049227340472428e-09,4.898458691085631e-10
40,5,0.0,2.7,7.073055292131483e-09,4.6343588222481455e-10
40,5,0.0,2.75,7.095587192176202e-09,4.38001620524402e-10
40,5,0.0,2.8,7.116871478962306e-09,4.1352877002388114e-10
40,5,0.0,2.85,7.136955817483254e-09,3.9000075003114814e-10
40,5,0.0,2.9,7.155886991891988e-09,3.6739894514691674e-10
40,5,0.0,2.95,7.1737108092836795e-09,3.4570292376364287e-10
40,5,0.0,3.0,7.190472014072051e-09,3.248906433704286e-10
40,5,0.0,3.05,7.206214212309165e-09,3.0493864305524626e-10
40,5,0.0,3.1,7.220979805319907e-09,2.85822223659341e-10
40,5,0.0,3.15,7.234809932045327e-09,2.6751561608469634e-10
40,5,0.0,3.2,7.247744419516541e-09,2.499921382874913e-10
40,5,0.0,3.25,7.259821740907413e-09,2.3322434150988063e-10
40,5,0.0,3.3,7.271078980640131e-09,2.171841463114247e-10
40,5,0.0,3.35,7.281551806050489e-09,2.0184296896230323e-10
40,5,0.0,3.4,7.291274445142758e-09,1.8717183875395416e-10
40,5,0.0,3.45,7.300279669994423e-09,1.7314150677092875e-10
40,5,0.0,3.5,7.308598785397101e-09,1.5972254665148825e-10
40,5,0.0,3.55,7.316261622346463e-09,1.4688544784500502e-10
40,5,0.0,3.6,7.3232965360161e-09,1.3460070185214918e-10
40,5,0.0,3.65,7.32973040787927e-09,1.2283888191047238e-10
40,5,0.0,3.7,7.335588651659389e-09,1.1157071656318205e-10
40,5,0.0,3.75,7.3408952228149845e-09,1.0076715752398822e-10
40,5,0.0,3.8,7.3456726312830624e-09,9.039944222562898e-11
40,5,0.0,3.85,7.3499419572251895e-09,8.043915141480667e-11
40,5,0.0,3.9,7.353722869535856e-09,7.085826213194203e-11
40,5,0.0,3.95,7.357033646891828e-09,6.162919639049037e-11
40,5,0.0,4.0,7.3598912011332774e-09,5.2724865847780716e-11
40,5,0.0,4.05,7.36231110278473e-09,4.41187127377182e-11
40,5,0.0,4.1,7.364307608533641e-09,3.578474731484815e-11
40,5,0.0,4.15,7.365893690499905e-09,2.7697582039907583e-11
40,5,0.0,4.2,7.367081067135847e-09,1.983246271835865e-11
40,5,0.0,4.25,7.367880235612969e-09,1.2165296786281876e-11
40,5,0.0,4.3,7.368300505554216e-09,4.6726789216526105e-12
40,5,0.0,4.35,7.368350033983657e-09,-2.6680858559415e-12
40,5,0.0,4.4,7.368035861371686e-09,-9.878961448221238e-12
40,5,0.0,4.45,7.367363948660917e-09,-1.69811621678576e-11
40,5,0.0,4.5,7.366339215163861e-09,-2.3995136330929832e-11
40,5,0.0,4.55,7.364965577231527e-09,-3.094055183949852e-11
40,5,0.0,4.6,7.36324598759496e-09,-3.783628365177527e-11
40,5,0.0,4.65,7.361182475288259e-09,-4.47004030467901e-11
40,5,0.0,4.7,7.358776186065213e-09,-5.155016859905456e-11
40,5,0.0,4.75,7.356027423225514e-09,-5.840201878660772e-11
40,5,0.0,4.8,7.3529356887720695e-09,-6.527156616285856e-11
40,5,0.0,4.85,7.349499724821478e-09,-7.217359302925616e-11
40,5,0.0,4.9,7.345717555194484e-09,-7.912204855144815e-11
40,5,0.0,4.95,7.34158652711588e-09,-8.613004726697466e-11
40,5,0.0,5.0,7.337103352955326e-09,-9.320986893700441e-11
40,5,1.0,0.0,2.2405613467601945e-09,1.4148287224750568e-07
40,5,1.0,0.05,3.2715911135608315e-08,1.3629147280827125e-06
40,5,1.0,0.1,1.455920566743042e-07,2.8667047078549098e-06
40,5,1.0,0.15,2.814388526711185e-07,2.3197321772775424e-06
40,5,1.0,0.2,3.715894544597559e-07,1.3417959533973246e-06
40,5,1.0,0.25,4.2345053023410515e-07,8.045236853561175e-07
40,5,1.0,0.3,4.573380411561178e-07,5.865041144998904e-07
40,5,1.0,0.35,4.844275877596543e-07,5.113946393741211e-07
40,5,1.0,0.4,5.09380952625201e-07,4.921312939192615e-07
40,5,1.0,0.45,5.339754721639611e-07,4.93612172130022e-07
40,5,1.0,0.5,5.588619788714424e-07,5.025306912824121e-07
40,5,1.0,0.55,5.842684256500801e-07,5.139345418963655e-07
40,5,1.0,0.6,6.102655722362081e-07,5.259807040534183e-07
40,5,1.0,0.65,6.368653793230632e-07,5.379723675546759e-07
40,5,1.0,0.7,6.640572450073173e-07,5.496348362345384e-07
40,5,1.0,0.75,6.918213777527941e-07,5.60849964440905e-07
40,5,1.0,0.8,7.201337952272324e-07,5.715590424534266e-07
40,5,1.0,0.85,7.489682636037233e-07,5.817273585231292e-07
40,5,1.0,0.9,7.782971212806307e-07,5.913312892830683e-07
40,5,1.0,0.95,8.080916962168547e-07,6.003535922308802e-07
40,5,1.0,1.0,8.383225744893028e-07,6.087816649796559e-07
40,5,1.0,1.05,8.689598127636505e-07,6.166068614669963e-07
40,5,1.0,1.1,8.999731272804577e-07,6.238241707620111e-07
40,5,1.0,1.15,9.313320701722765e-07,6.304320080682215e-07
40,5,1.0,1.2,9.630061961285982e-07,6.364320295935382e-07
40,5,1.0,1.25,9.949652197316916e-07,6.418289420756539e-07
40,5,1.0,1.3,1.0271791629523468e-06,6.466302992507853e-07
40,5,1.0,1.35,1.059618492135357e-06,6.508462852853016e-07
40,5,1.0,1.4,1.0922542438841646e-06,6.544894878539905e-07
40,5,1.0,1.45,1.1250581394122364e-06,6.575746643292685e-07
40,5,1.0,1.5,1.1580026871055345e-06,6.601185046091037e-07
40,5,1.0,1.55,1.191061273211924e-06,6.621393938931834e-07
40,5,1.0,1.6,1.2242082407309188e-06,6.636571783850059e-07
40,5,1.0,1.65,1.257418956716677e-06,6.646929365202745e-07
40,5,1.0,1.7,1.290669868327322e-06,6.652687579317418e-07
40,5,1.0,1.75,1.323938548054935e-06,6.654075319755785e-07
40,5,1.0,1.8,1.3572037286516786e-06,6.651327472734598e-07
40,5,1.0,1.85,1.390445328332444e-06,6.644683033784834e-07
40,5,1.0,1.9,1.4236444668807556e-06,6.634383353526796e-07
40,5,1.0,1.95,1.4567834733173765e-06,6.620670517566723e-07
40,5,1.0,2.0,1.4898458858093108e-06,6.603785862962492e-07
40,5,1.0,2.05,1.5228164445034652e-06,6.583968631489475e-07
40,5,1.0,2.1,1.5556810779654698e-06,6.56145475804599e-07
40,5,1.0,2.15,1.5884268838919552e-06,6.536475790964198e-07
40,5,1.0,2.2,1.621042104744994e-06,6.509257939713298e-07
40,5,1.0,2.25,1.6535160989322772e-06,6.480021244477839e-07
40,5,1.0,2.3,1.6858393081267181e-06,6.448978861336025e-07
40,5,1.0,2.35,1.7180032212871355e-06,6.416336456229345e-07
40,5,1.0,2.4,1.7500003359055932e-06,6.382291700567641e-07
40,5,1.0,2.45,1.7818241169719388e-06,6.347033861140691e-07
40,5,1.0,2.5,1.8134689541079682e-06,6.310743476965155e-07
40,5,1.0,2.55,1.8449301172882436e-06,6.273592115778701e-07
40,5,1.0,2.6,1.8762037115273544e-06,6.235742203060623e-07
40,5,1.0,2.65,1.9072866308794575e-06,6.1973469167073e-07
40,5,1.0,2.7,1.9381765120614106e-06,6.158550140788543e-07
40,5,1.0,2.75,1.9688716879794134e-06,6.119486472154209e-07
40,5,1.0,2.8,1.9993711414084064e-06,6.080281274026603e-07
40,5,1.0,2.85,2.029674459045599e-06,6.041050771099171e-07
40,5,1.0,2.9,2.059781786132349e-06,6.001902181048948e-07
40,5,1.0,2.95,2.0896937818149104e-06,5.962933877760673e-07
40,5,1.0,3.0,2.119411575391382e-06,5.924235581938648e-07
40,5,1.0,3.05,2.148936723571987e-06,5.885888575152092e-07
40,5,1.0,3.1,2.1782711688605033e-06,5.847965933711004e-07
40,5,1.0,3.15,2.2074171991478314e-06,5.810532779104324e-07
40,5,1.0,3.2,2.2363774085928296e-06,5.773646542046195e-07
40,5,1.0,3.25,2.265154659852026e-06,5.737357237470805e-07
40,5,1.0,3.3,2.293752047706344e-06,5.701707748087051e-07
40,5,1.0,3.35,2.322172864122785e-06,5.666734114358881e-07
40,5,1.0,3.4,2.350420564777826e-06,5.632465829005723e-07
40,5,1.0,3.45,2.3784987370612834e-06,5.598926134331796e-07
40,5,1.0,3.5,2.406411069570552e-06,5.566132320883985e-07
40,5,1.0,3.55,2.43416132309877e-06,5.53409602611516e-07
40,5,1.0,3.6,2.461753303113721e-06,5.50282353188735e-07
40,5,1.0,3.65,2.489190833719419e-06,5.472316059794301e-07
40,5,1.0,3.7,2.5164777330866942e-06,5.44257006341031e-07
40,5,1.0,3.75,2.543617790336015e-06,5.413577516691374e-07
40,5,1.0,3.8,2.570614743850971e-06,5.385326197855872e-07
40,5,1.0,3.85,2.5974722609988783e-06,5.357799968169334e-07
40,5,1.0,3.9,2.62419391923132e-06,5.330979045138206e-07
40,5,1.0,3.95,2.65078318853596e-06,5.304840269695572e-07
40,5,1.0,4.0,2.6772434152084895e-06,5.279357367026195e-07
40,5,1.0,4.05,2.7035778069120525e-06,5.254501200739143e-07
40,5,1.0,4.1,2.7297894189905394e-06,5.230240020149278e-07
40,5,1.0,4.15,2.755881142000642e-06,5.206539700475792e-07
40,5,1.0,4.2,2.7818556904266844e-06,5.183363975807123e-07
40,5,1.0,4.25,2.8077155925422667e-06,5.160674664720954e-07
40,5,1.0,4.3,2.8334631813811824e-06,5.138431888477812e-07
40,5,1.0,4.35,2.8591005867808044e-06,5.116594281738424e-07
40,5,1.0,4.4,2.8846297284602258e-06,5.095119195778696e-07
40,5,1.0,4.45,2.9100523100958023e-06,5.073962894200177e-07
40,5,1.0,4.5,2.935369814356335e-06,5.053080741151835e-07
40,5,1.0,4.55,2.960583498860891e-06,5.032427382098123e-07
40,5,1.0,4.6,2.9856943930219157e-06,5.011956917181796e-07
40,5,1.0,4.65,3.010703295736557e-06,4.991623067243236e-07
40,5,1.0,4.7,3.0356107738902217e-06,4.971379332570435e-07
40,5,1.0,4.75,3.060417161635615e-06,4.951179144461491e-07
40,5,1.0,4.8,3.085122560411854e-06,4.93097600969118e-07
40,5,1.0,4.85,3.109726839668503e-06,4.910723647979956e-07
40,5,1.0,4.9,3.1342296382595073e-06,4.89037612256889e-07
40,5,1.0,4.95,3.1586303664731115e-06,4.869887964009883e-07
40,5,1.0,5.0,3.182928208663991e-06,4.84921428728407e-07
40,5,2.0,0.0,4.395061062147067e-09,2.8604650093839986e-07
40,5,2.0,0.05,8.377316001161448e-08,4.090834112388204e-06
40,5,2.0,0.1,5.142028121914625e-07,1.2738578166771692e-05
40,5,2.0,0.15,1.1904723544659636e-06,1.2603528627599242e-05
40,5,2.0,0.2,1.6988737260552383e-06,7.76765893529223e-06
40,5,2.0,0.25,1.999259033723968e-06,4.625596482752847e-06
40,5,2.0,0.3,2.191526265822161e-06,3.277783280171079e-06
40,5,2.0,0.35,2.341285270665518e-06,2.801899176781312e-06
40,5,2.0,0.4,2.4774072690283318e-06,2.677264834300996e-06
40,5,2.0,0.45,2.611154714332198e-06,2.6853040924655593e-06
40,5,2.0,0.5,2.7467179815307744e-06,2.741735723291762e-06
40,5,2.0,0.55,2.885596933802768e-06,2.8148745224211177e-06
40,5,2.0,0.6,3.0282819086415575e-06,2.892819699752028e-06
40,5,2.0,0.65,3.174881705441883e-06,2.971013590465214e-06
40,5,2.0,0.7,3.3253562514153856e-06,3.047616549173033e-06
40,5,2.0,0.75,3.4796028577242024e-06,3.1218008350553617e-06
40,5,2.0,0.8,3.6374885702240556e-06,3.193123943335143e-06
40,5,2.0,0.85,3.7988627541060176e-06,3.261299419463932e-06
40,5,2.0,0.9,3.963562467978444e-06,3.326113608804504e-06
40,5,2.0,0.95,4.131415230257618e-06,3.3873957703504396e-06
40,5,2.0,1.0,4.302240855941132e-06,3.4450075364967343e-06
40,5,2.0,1.05,4.475852967660797e-06,3.4988392363990252e-06
40,5,2.0,1.1,4.65206039112779e-06,3.5488085147871214e-06
40,5,2.0,1.15,4.830668501304108e-06,3.594859585993171e-06
40,5,2.0,1.2,5.0114805337329755e-06,3.636962532164283e-06
40,5,2.0,1.25,5.194298857372085e-06,3.675112448739209e-06
40,5,2.0,1.3,5.378926199668588e-06,3.709328386281543e-06
40,5,2.0,1.35,5.5651668136521335e-06,3.739652092265079e-06
40,5,2.0,1.4,5.752827577594664e-06,3.7661465767830335e-06
40,5,2.0,1.45,5.941719019198627e-06,3.7888945334717785e-06
40,5,2.0,1.5,6.131656257905759e-06,3.8079966489797066e-06
40,5,2.0,1.55,6.32245986058255e-06,3.823569833981029e-06
40,5,2.0,1.6,6.513956607455673e-06,3.835745407198946e-06
40,5,2.0,1.65,6.705980166686665e-06,3.8446672616492045e-06
40,5,2.0,1.7,6.898371677373669e-06,3.850490039626697e-06
40,5,2.0,1.75,7.090980242017849e-06,3.853377339987598e-06
40,5,2.0,1.8,7.283663330593583e-06,3.853499978168591e-06
40,5,2.0,1.85,7.476287099305336e-06,3.851034316236202e-06
40,5,2.0,1.9,7.668726627899106e-06,3.8461606771547835e-06
40,5,2.0,1.95,7.860866080032518e-06,3.8390618544773405e-06
40,5,2.0,2.0,8.052598791695657e-06,3.829921725854959e-06
40,5,2.0,2.05,8.243827293028093e-06,3.818923976161751e-06
40,5,2.0,2.1,8.434463269109602e-06,3.8062509336829666e-06
40,5,2.0,2.15,8.624427465418757e-06,3.7920825207201828e-06
40,5,2.0,2.2,8.813649543675809e-06,3.776595318143665e-06
40,5,2.0,2.25,9.002067893722731e-06,3.7599617418629297e-06
40,5,2.0,2.3,9.189629406957396e-06,3.7423493278852066e-06
40,5,2.0,2.35,9.376289216646471e-06,3.7239201215750313e-06
40,5,2.0,2.4,9.562010410198371e-06,3.704830165897885e-06
40,5,2.0,2.45,9.74676371820296e-06,3.6852290828092253e-06
40,5,2.0,2.5,9.930527184738665e-06,3.6652597415133124e-06
40,5,2.0,2.55,1.0113285823129123e-05,3.6450580070448164e-06
40,5,2.0,2.6,1.0295031260997297e-05,3.6247525624956804e-06
40,5,2.0,2.65,1.0475761378132705e-05,3.604464798201672e-06
40,5,2.0,2.7,1.065547994035467e-05,3.584308761295721e-06
40,5,2.0,2.75,1.0834196232227831e-05,3.5643911592099044e-06
40,5,2.0,2.8,1.1011924691172515e-05,3.5448114109495396e-06
40,5,2.0,2.85,1.118868454520971e-05,3.5256617402536128e-06
40,5,2.0,2.9,1.1364499456294604e-05,3.5070273050843656e-06
40,5,2.0,2.95,1.153939717092409e-05,3.4889863582424977e-06
40,5,2.0,3.0,1.1713409179450953e-05,3.4716104342727144e-06
40,5,2.0,3.05,1.1886570385307787e-05,3.4549645582005083e-06
40,5,2.0,3.1,1.2058918785126802e-05,3.439107472015263e-06
40,5,2.0,3.15,1.2230495160549775e-05,3.42409187518449e-06
40,5,2.0,3.2,1.2401342782343995e-05,3.4099646758422093e-06
40,5,2.0,3.25,1.2571507127280162e-05,3.3967672496383087e-06
40,5,2.0,3.3,1.2741035608089018e-05,3.384535703564315e-06
40,5,2.0,3.35,1.2909977316682055e-05,3.37330114237872e-06
40,5,2.0,3.4,1.3078382780715737e-05,3.3630899355456278e-06
40,5,2.0,3.45,1.324630373347606e-05,3.3539239828683428e-06
40,5,2.0,3.5,1.3413792896979986e-05,3.3458209772488705e-06
40,5,2.0,3.55,1.3580903778113506e-05,3.3387946632313212e-06
40,5,2.0,3.6,1.374769047756807e-05,3.332855090196576e-06
40,5,2.0,3.65,1.3914207511283441e-05,3.32800885926372e-06
40,5,2.0,3.7,1.4080509644060697e-05,3.3242593631244242e-06
40,5,2.0,3.75,1.4246651734977806e-05,3.3216070181900496e-06
40,5,2.0,3.8,1.4412688594210306e-05,3.320049488568062e-06
40,5,2.0,3.85,1.457867485083784e-05,3.319581901505317e-06
40,5,2.0,3.9,1.4744664831205e-05,3.3201970540441013e-06
40,5,2.0,3.95,1.491071244739079e-05,3.32188561073025e-06
40,5,2.0,4.0,1.5076871095338874e-05,3.324636292295613e-06
40,5,2.0,4.05,1.5243193562195794e-05,3.328436055307985e-06
40,5,2.0,4.1,1.5409731942406473e-05,3.333270262842846e-06
40,5,2.0,4.15,1.55765375621216e-05,3.3391228462839987e-06
40,5,2.0,4.2,1.574366091147562e-05,3.3459764584034818e-06
40,5,2.0,4.25,1.5911151584305567e-05,3.3538126179087112e-06
40,5,2.0,4.3,1.6079058224886866e-05,3.3626118456737265e-06
40,5,2.0,4.35,1.624742848127972e-05,3.372353792897425e-06
40,5,2.0,4.4,1.6416308964885194e-05,3.3830173614487816e-06
40,5,2.0,4.45,1.6585745215830286e-05,3.3945808166753973e-06
40,5,2.0,4.5,1.6755781673810123e-05,3.4070218929608123e-06
40,5,2.0,4.55,1.6926461654033056e-05,3.42031789232396e-06
40,5,2.0,4.6,1.709782732792823e-05,3.434445776357638e-06
40,5,2.0,4.65,1.7269919708289453e-05,3.4493822518041155e-06
40,5,2.0,4.7,1.7442778638544954e-05,3.4651038500652193e-06
40,5,2.0,4.75,1.7616442785857715e-05,3.481587000941419e-06
40,5,2.0,4.8,1.7790949637773485e-05,3.4988081008893545e-06
40,5,2.0,4.85,1.796633550215162e-05,3.5167435760822666e-06
40,5,2.0,4.9,1.8142635510124106e-05,3.5353699405498462e-06
40,5,2.0,4.95,1.831988362184464e-05,3.554663849666999e-06
40,5,2.0,5.0,1.8498112634800895e-05,3.574602149251631e-06
40,5,3.0,0.0,5.192368831919954e-09,3.331341137579079e-07
40,5,3.0,0.05,1.1697738491451206e-07,6.466554381960915e-06
40,5,3.0,0.1,9.982004644998932e-07,3.0425067023382742e-05
40,5,3.0,0.15,2.8444898021763155e-06,3.784496901536365e-05
40,5,3.0,0.2,4.42840231933988e-06,2.4635885557040875e-05
40,5,3.0,0.25,5.3644583344336486e-06,1.3912615552592332e-05
40,5,3.0,0.3,5.917751870514717e-06,8.956669620884754e-06
40,5,3.0,0.35,6.310660172254428e-06,7.081359221667079e-06
40,5,3.0,0.4,6.64647846640538e-06,6.4756444370281076e-06
40,5,3.0,0.45,6.965980486575211e-06,6.350128889456536e-06
40,5,3.0,0.5,7.284291028521788e-06,6.398340202147717e-06
40,5,3.0,0.55,7.606761195393775e-06,6.5054965877728526e-06
40,5,3.0,0.6,7.93509889975856e-06,6.6289359252524336e-06
40,5,3.0,0.65,8.26965462724501e-06,6.752656347954162e-06
40,5,3.0,0.7,8.610264309746123e-06,6.870470977163311e-06
40,5,3.0,0.75,8.956560034422213e-06,6.979825041618082e-06
40,5,3.0,0.8,9.3080858286363e-06,7.079536533127438e-06
40,5,3.0,0.85,9.664342312874662e-06,7.168973254331791e-06
40,5,3.0,0.9,1.0024805480309612e-05,7.247754080436154e-06
40,5,3.0,0.95,1.0388936096278029e-05,7.315640795539344e-06
40,5,3.0,1.0,1.0756185697162245e-05,7.372498667367146e-06
40,5,3.0,1.05,1.1126001331276821e-05,7.418281342537537e-06
40,5,3.0,1.1,1.1497829787066783e-05,7.453023918932256e-06
40,5,3.0,1.15,1.1871121547466384e-05,7.476838375462795e-06
40,5,3.0,1.2,1.2245334528118101e-05,7.4899093111524215e-06
40,5,3.0,1.25,1.2619937594944104e-05,7.49248932601606e-06
40,5,3.0,1.3,1.2994413837936477e-05,7.48489388322834e-06
40,5,3.0,1.35,1.3368263575438329e-05,7.467495678623241e-06
40,5,3.0,1.4,1.3741007066467778e-05,7.440718611156257e-06
40,5,3.0,1.45,1.4112186913984456e-05,7.405031470173953e-06
40,5,3.0,1.5,1.4481370147939091e-05,7.360941459182038e-06
40,5,3.0,1.55,1.484814998284287e-05,7.308987671449411e-06
40,5,3.0,1.6,1.5212147250157439e-05,7.249734624260361e-06
40,5,3.0,1.65,1.557301151088978e-05,7.18376594775447e-06
40,5,3.0,1.7,1.5930421858261477e-05,7.111678312035517e-06
40,5,3.0,1.75,1.6284087424193202e-05,7.0340756632901906e-06
40,5,3.0,1.8,1.6633747606545435e-05,6.9515638264985275e-06
40,5,3.0,1.85,1.6979172036618364e-05,6.86474551939343e-06
40,5,3.0,1.9,1.7320160308326076e-05,6.774215809941873e-06
40,5,3.0,1.95,1.765654149178789e-05,6.680558038051709e-06
40,5,3.0,2.0,1.7988173454843236e-05,6.584340211657388e-06
40,5,3.0,2.05,1.8314942016262282e-05,6.486111877916447e-06
40,5,3.0,2.1,1.863675995425595e-05,6.386401462062296e-06
40,5,3.0,2.15,1.8953565893330943e-05,6.285714059511453e-06
40,5,3.0,2.2,1.926532309167421e-05,6.184529661118127e-06
40,5,3.0,2.25,1.9572018150123225e-05,6.083301786947673e-06
40,5,3.0,2.3,1.9873659662459505e-05,5.982456500535814e-06
40,5,3.0,2.35,2.0170276825297062e-05,5.8823917732177615e-06
40,5,3.0,2.4,2.0461918024277927e-05,5.783477166646316e-06
40,5,3.0,2.45,2.074864941166908e-05,5.68605380095655e-06
40,5,3.0,2.5,2.1030553488831573e-05,5.590434576068332e-06
40,5,3.0,2.55,2.1307727705417627e-05,5.496904614228297e-06
40,5,3.0,2.6,2.1580283085578958e-05,5.405721892976496e-06
40,5,3.0,2.65,2.184834288997071e-05,5.317118039181262e-06
40,5,3.0,2.7,2.2112041320903806e-05,5.2312992565222696e-06
40,5,3.0,2.75,2.237152227666858e-05,5.148447360740182e-06
40,5,3.0,2.8,2.2626938159818928e-05,5.0687208990364105e-06
40,5,3.0,2.85,2.287844874307683e-05,4.992256332137456e-06
40,5,3.0,2.9,2.312622009550157e-05,4.91916925968521e-06
40,5,3.0,2.95,2.337042357064625e-05,4.8495556717294e-06
40,5,3.0,3.0,2.3611234857622714e-05,4.783493211154449e-06
40,5,3.0,3.05,2.3848833095281504e-05,4.72104243383576e-06
40,5,3.0,3.1,2.408340004910265e-05,4.6622480551762705e-06
40,5,3.0,3.15,2.4315119349869834e-05,4.6071401734055545e-06
40,5,3.0,3.2,2.4544175792757342e-05,4.555735461623253e-06
40,5,3.0,3.25,2.477075469509865e-05,4.508038322032278e-06
40,5,3.0,3.3,2.4995041310810726e-05,4.464041997132734e-06
40,5,3.0,3.35,2.521722029921395e-05,4.4237296338375325e-06
40,5,3.0,3.4,2.5437475245818218e-05,4.3870752975301685e-06
40,5,3.0,3.45,2.565598823251592e-05,4.3540449340177164e-06
40,5,3.0,3.5,2.5872939454541624e-05,4.324597278146971e-06
40,5,3.0,3.55,2.608850688151805e-05,4.298684708555839e-06
40,5,3.0,3.6,2.6302865959892433e-05,4.276254048633684e-06
40,5,3.0,3.65,2.651618935408842e-05,4.257247314272398e-06
40,5,3.0,3.7,2.6728646723734348e-05,4.2416024094129336e-06
40,5,3.0,3.75,2.6940404534391705e-05,4.229253770738248e-06
40,5,3.0,3.8,2.715162589928084e-05,4.220132963142072e-06
40,5,3.0,3.85,2.7362470449586002e-05,4.21416922781926e-06
40,5,3.0,3.9,2.7573094231024596e-05,4.2112899849884425e-06
40,5,3.0,3.95,2.7783649624459665e-05,4.211421293373727e-06
40,5,3.0,4.0,2.7994285288454017e-05,4.214488268650695e-06
40,5,3.0,4.05,2.820514612176456e-05,4.220415463102619e-06
40,5,3.0,4.1,2.841637324389953e-05,4.22912720874793e-06
40,5,3.0,4.15,2.862810399196429e-05,4.240547926186638e-06
40,5,3.0,4.2,2.884047193213885e-05,4.254602401382745e-06
40,5,3.0,4.25,2.9053606884238475e-05,4.271216032550378e-06
40,5,3.0,4.3,2.926763495791529e-05,4.29031504924966e-06
40,5,3.0,4.35,2.9482678599161604e-05,4.311826705725381e-06
40,5,3.0,4.4,2.9698856645878314e-05,4.335679450441831e-06
40,5,3.0,4.45,2.9916284391363516e-05,4.361803073679769e-06
40,5,3.0,4.5,3.0135073654669405e-05,4.390128834972012e-06
40,5,3.0,4.55,3.035533285686185e-05,4.4205895720608936e-06
40,5,3.0,4.6,3.0577167102301e-05,4.4531197929683005e-06
40,5,3.0,4.65,3.0800678264132376e-05,4.487655752673762e-06
40,5,3.0,4.7,3.102596507325814e-05,4.5241355158052876e-06
40,5,3.0,4.75,3.125312321011982e-05,4.562499006655879e-06
40,5,3.0,4.8,3.1482245398690295e-05,4.602688047750832e-06
40,5,3.0,4.85,3.1713421502134336e-05,4.644646388105875e-06
40,5,3.0,4.9,3.1946738619643206e-05,4.6883197222327035e-06
40,5,3.0,4.95,3.218228118401041e-05,4.733655700871665e-06
40,5,3.0,5.0,3.242013105955708e-05,4.780603934355122e-06
40,5,4.0,0.0,6.201450101631041e-09,3.7624280708881204e-07
40,5,4.0,0.05,1.4726965795171361e-07,8.899271349432054e-06
40,5,4.0,0.1,1.7362513783013413e-06,6.399578322475029e-05
40,5,4.0,0.15,6.325312309951967e-06,0.00010552058177340777
40,5,4.0,0.2,1.0992425762021031e-05,7.509626989141033e-05
40,5,4.0,0.25,1.3816612700574642e-05,4.066548966215462e-05
40,5,4.0,0.3,1.535568490728526e-05,2.333403012561585e-05
40,5,4.0,0.35,1.632216942280655e-05,1.6443809927658684e-05
40,5,4.0,0.4,1.7072122909812223e-05,1.3990804186980339e-05
40,5,4.0,0.45,1.7748497543564762e-05,1.3224656525174283e-05
40,5,4.0,0.5,1.840442665016153e-05,1.3069074512473365e-05
40,5,4.0,0.55,1.9058772781711743e-05,1.3123095834444479e-05
40,5,4.0,0.6,1.9717730244354726e-05,1.3239514120220178e-05
40,5,4.0,0.65,2.0382846650813838e-05,1.3364284126935461e-05
40,5,4.0,0.7,2.105395730224346e-05,1.3477340289632764e-05
40,5,4.0,0.75,2.1730255828826107e-05,1.3571042171819184e-05
40,5,4.0,0.8,2.2410687575633918e-05,1.3642360822248262e-05
40,5,4.0,0.85,2.309409774724625e-05,1.3690052927461204e-05
40,5,4.0,0.9,2.3779290910046846e-05,1.3713639908274094e-05
40,5,4.0,0.95,2.44650584537526e-05,1.3713038179196526e-05
40,5,4.0,1.0,2.5150194391327682e-05,1.3688423004063412e-05
40,5,4.0,1.05,2.5833506774860528e-05,1.36401750515939e-05
40,5,4.0,1.1,2.6513827274950148e-05,1.3568855267990117e-05
40,5,4.0,1.15,2.719001977041072e-05,1.3475188603101915e-05
40,5,4.0,1.2,2.7860988190475057e-05,1.3360049764338455e-05
40,5,4.0,1.25,2.8525683643869134e-05,1.3224448750964195e-05
40,5,4.0,1.3,2.9183110805191477e-05,1.3069515582278114e-05
40,5,4.0,1.35,2.9832333517239306e-05,1.2896484234150758e-05
40,5,4.0,1.4,3.047247957489275e-05,1.2706676010665536e-05
40,5,4.0,1.45,3.110274466951835e-05,1.2501482643922486e-05
40,5,4.0,1.5,3.17223954878781e-05,1.2282349423927837e-05
40,5,4.0,1.55,3.2330771974296334e-05,1.205075864467588e-05
40,5,4.0,1.6,3.2927288778488865e-05,1.1808213624909272e-05
40,5,4.0,1.65,3.3511435923552746e-05,1.155622352828272e-05
40,5,4.0,1.7,3.408277873894168e-05,1.1296289170693899e-05
40,5,4.0,1.75,3.464095711168233e-05,1.1029889964403098e-05
40,5,4.0,1.8,3.518568411562335e-05,1.0758472110676793e-05
40,5,4.0,1.85,3.5716744083169945e-05,1.0483438116230858e-05
40,5,4.0,1.9,3.623399018686015e-05,1.0206137674640436e-05
40,5,4.0,1.95,3.673734159940788e-05,9.927859922835603e-06
40,5,4.0,2.0,3.7226780300637485e-05,9.64982705528868e-06
40,5,4.0,2.05,3.770234759825782e-05,9.3731892548161e-06
40,5,4.0,2.1,3.816414042686104e-05,9.099020879206803e-06
40,5,4.0,2.15,3.861230748608206e-05,8.828317827108096e-06
40,5,4.0,2.2,3.904704527470877e-05,8.56199599460973e-06
40,5,4.0,2.25,3.946859407287996e-05,8.300890725528652e-06
40,5,4.0,2.3,3.987723391951984e-05,8.045757153192946e-06
40,5,4.0,2.35,4.027328062697133e-05,7.797271329196209e-06
40,5,4.0,2.4,4.065708186956322e-05,7.556032034760619e-06
40,5,4.0,2.45,4.1029013377680206e-05,7.322563172611611e-06
40,5,4.0,2.5,4.138947526387988e-05,7.097316641242416e-06
40,5,4.0,2.55,4.173888850284153e-05,6.8806755987711005e-06
40,5,4.0,2.6,4.207769158242882e-05,6.672958029915867e-06
40,5,4.0,2.65,4.240633733900968e-05,6.474420536635503e-06
40,5,4.0,2.7,4.272528998638487e-05,6.285262280424577e-06
40,5,4.0,2.75,4.303502234426242e-05,6.105629011883268e-06
40,5,4.0,2.8,4.3336013269198545e-05,5.935617130805591e-06
40,5,4.0,2.85,4.362874528825976e-05,5.775277727479242e-06
40,5,4.0,2.9,4.3913702433389515e-05,5.62462056304709e-06
40,5,4.0,2.95,4.419136827251817e-05,5.483617953538667e-06
40,5,4.0,3.0,4.4462224131848845e-05,5.352208528477764e-06
40,5,4.0,3.05,4.472674750243934e-05,5.230300840758001e-06
40,5,4.0,3.1,4.498541062317399e-05,5.117776809731869e-06
40,5,4.0,3.15,4.523867923143328e-05,5.014494984167401e-06
40,5,4.0,3.2,4.54870114722094e-05,4.920293615898855e-06
40,5,4.0,3.25,4.57308569560473e-05,4.8349935386474164e-06
40,5,4.0,3.3,4.5970655956005234e-05,4.7584008496417825e-06
40,5,4.0,3.35,4.620683873376179e-05,4.690309394353361e-06
40,5,4.0,3.4,4.643982498509299e-05,4.630503056916279e-06
40,5,4.0,3.45,4.667002339509692e-05,4.578757860657796e-06
40,5,4.0,3.5,4.6897831293821216e-05,4.534843884666494e-06
40,5,4.0,3.55,4.7123634403263276e-05,4.498527003502854e-06
40,5,4.0,3.6,4.7347806667102696e-05,4.469570458053638e-06
40,5,4.0,3.65,4.7570710154931775e-05,4.44773626617678e-06
40,5,4.0,3.7,4.779269503320249e-05,4.432786482215804e-06
40,5,4.0,3.75,4.80140995955643e-05,4.424484314709089e-06
40,5,4.0,3.8,4.8235250345739895e-05,4.422595111709885e-06
40,5,4.0,3.85,4.845646212655128e-05,4.426887223093926e-06
40,5,4.0,3.9,4.8678038289178574e-05,4.437132749083732e-06
40,5,4.0,3.95,4.89002708971903e-05,4.453108183986726e-06
40,5,4.0,4.0,4.912344096032017e-05,4.474594963841902e-06
40,5,4.0,4.05,4.934781869340126e-05,4.501379926317257e-06
40,5,4.0,4.1,4.9573663796264755e-05,4.533255690807325e-06
40,5,4.0,4.15,4.980122575080969e-05,4.57002096626319e-06
40,5,4.0,4.2,5.003074413180306e-05,4.611480793851132e-06
40,5,4.0,4.25,5.026244892832586e-05,4.657446731094651e-06
40,5,4.0,4.3,5.049656087309177e-05,4.707736983710105e-06
40,5,4.0,4.35,5.073329177717221e-05,4.762176490907942e-06
40,5,4.0,4.4,5.0972844867934164e-05,4.820596969501434e-06
40,5,4.0,4.45,5.121541512825841e-05,4.882836921749052e-06
40,5,4.0,4.5,5.146118963533721e-05,4.948741611455258e-06
40,5,4.0,4.55,5.17103478975718e-05,5.018163012472213e-06
40,5,4.0,4.6,5.1963062188281905e-05,5.090959733380454e-06
40,5,4.0,4.65,5.221949787513034e-05,5.1669969217847955e-06
40,5,4.0,4.7,5.247981374431304e-05,5.246146151336469e-06
40,5,4.0,4.75,5.274416231873156e-05,5.328285294293148e-06
40,5,4.0,4.8,5.301269016948439e-05,5.413298382145182e-06
40,5,4.0,4.85,5.328553822013702e-05,5.5010754565758635e-06
40,5,4.0,4.9,5.3562842043343065e-05,5.59151241278222e-06
40,5,4.0,4.95,5.384473214947879e-05,5.6845108369597115e-06
40,5,4.0,5.0,5.4131334267037634e-05,5.779977839549888e-06
40,5,5.0,0.0,6.853911988994852e-09,3.784083915333689e-07
40,5,5.0,0.05,1.5232372900656332e-07,9.693949676266663e-06
40,5,5.0,0.1,2.403046232153407e-06,0.0001050187359010089
40,5,5.0,0.15,1.1649727205628261e-05,0.00024354607930419302
40,5,5.0,0.2,2.335003683194689e-05,0.00019976496103603147
40,5,5.0,0.25,3.0927263712193125e-05,0.00010790437702840989
40,5,5.0,0.3,3.4860655285736136e-05,5.6230831741057784e-05
40,5,5.0,0.35,3.705347874612028e-05,3.485243592030151e-05
40,5,5.0,0.4,3.856543902226745e-05,2.696585522653395e-05
40,5,5.0,0.45,3.9833922348702246e-05,2.426848049677053e-05
40,5,5.0,0.5,4.10227176172196e-05,2.3459383859320334e-05
40,5,5.0,0.55,4.2190470756311226e-05,2.3310071943378486e-05
40,5,5.0,0.6,4.33571190217245e-05,2.3372840769214465e-05
40,5,5.0,0.65,4.452853140385605e-05,2.348524899842453e-05
40,5,5.0,0.7,4.5705465995134526e-05,2.3588083311520102e-05
40,5,5.0,0.75,4.688680895926446e-05,2.365947387560979e-05
40,5,5.0,0.8,4.807074944049497e-05,2.3691179877074177e-05
40,5,5.0,0.85,4.925521238790239e-05,2.3680074370766202e-05
40,5,5.0,0.9,5.0438025071445354e-05,2.3625090244625857e-05
40,5,5.0,0.95,5.161698807174081e-05,2.3526123705758136e-05
40,5,5.0,1.0,5.27899118752195e-05,2.338363672379539e-05
40,5,5.0,1.05,5.395464083525939e-05,2.3198506814860364e-05
40,5,5.0,1.1,5.5109072140492816e-05,2.297196237899139e-05
40,5,5.0,1.15,5.625117238057975e-05,2.2705545880481687e-05
40,5,5.0,1.2,5.737899250559238e-05,2.2401084548481644e-05
40,5,5.0,1.25,5.8490681351501557e-05,2.206066172377057e-05
40,5,5.0,1.3,5.9584497702017956e-05,2.1686586827138988e-05
40,5,5.0,1.35,6.06588208069387e-05,2.128136367755825e-05
40,5,5.0,1.4,6.171215928196378e-05,2.08476575172789e-05
40,5,5.0,1.45,6.274315833913837e-05,2.0388261314190655e-05
40,5,5.0,1.5,6.375060532731947e-05,1.990606196430994e-05
40,5,5.0,1.55,6.473343359301626e-05,1.940400700225179e-05
40,5,5.0,1.6,6.569072470125687e-05,1.8885072380372044e-05
40,5,5.0,1.65,6.66217090826169e-05,1.8352231812774383e-05
40,5,5.0,1.7,6.752576519552577e-05,1.780842810611197e-05
40,5,5.0,1.75,6.840241731208043e-05,1.7256546819636343e-05
40,5,5.0,1.8,6.925133205071389e-05,1.66993925160502e-05
40,5,5.0,1.85,7.00723137901291e-05,1.613966778512145e-05
40,5,5.0,1.9,7.08652991060919e-05,1.5579955146208956e-05
40,5,5.0,1.95,7.163035037621416e-05,1.5022701865742127e-05
40,5,5.0,2.0,7.23676486980421e-05,1.447020766266496e-05
40,5,5.0,2.05,7.307748626301188e-05,1.3924615219922968e-05
40,5,5.0,2.1,7.376025832354509e-05,1.338790337378843e-05
40,5,5.0,2.15,7.441645488317273e-05,1.286188281533957e-05
40,5,5.0,2.2,7.504665223052856e-05,1.2348194109600171e-05
40,5,5.0,2.25,7.56515044278027e-05,1.1848307817287971e-05
40,5,5.0,2.3,7.623173485310423e-05,1.13635264911801e-05
40,5,5.0,2.35,7.67881278846466e-05,1.089498831303161e-05
40,5,5.0,2.4,7.732152080289712e-05,1.0443672136892006e-05
40,5,5.0,2.45,7.783279597527198e-05,1.0010403709670896e-05
40,5,5.0,2.5,7.832287337667727e-05,9.59586284897014e-06
40,5,5.0,2.55,7.879270348852133e-05,9.20059137066426e-06
40,5,5.0,2.6,7.92432606088078e-05,8.825001573626332e-06
40,5,5.0,2.65,7.967553659668534e-05,8.469385105610044e-06
40,5,5.0,2.7,8.009053506648893e-05,8.133922051940903e-06
40,5,5.0,2.75,8.048926603882206e-05,7.818690106747022e-06
40,5,5.0,2.8,8.087274104968182e-05,7.523673704488742e-06
40,5,5.0,2.85,8.124196871295306e-05,7.2487730071208114e-06
40,5,5.0,2.9,8.159795072678403e-05,6.9938126590220094e-06
40,5,5.0,2.95,8.194167831037198e-05,6.75855023762259e-06
40,5,5.0,3.0,8.227412905444831e-05,6.542684342271191e-06
40,5,5.0,3.05,8.259626416621293e-05,6.345862277210064e-06
40,5,5.0,3.1,8.290902608758023e-05,6.167687296509678e-06
40,5,5.0,3.15,8.321333646425377e-05,6.007725389439802e-06
40,5,5.0,3.2,8.351009444230622e-05,5.8655115940435116e-06
40,5,5.0,3.25,8.380017526853346e-05,5.740555834687673e-06
40,5,5.0,3.3,8.408442917084208e-05,5.632348286152154e-06
40,5,5.0,3.35,8.436368049514811e-05,5.540364272474622e-06
40,5,5.0,3.4,8.463872707585742e-05,5.464068713388636e-06
40,5,5.0,3.45,8.491033981769233e-05,5.402920134866841e-06
40,5,5.0,3.5,8.517926246754407e-05,5.356374263116937e-06
40,5,5.0,3.55,8.544621155605694e-05,5.323887223470763e-06
40,5,5.0,3.6,8.57118764897545e-05,5.3049183670502935e-06
40,5,5.0,3.65,8.597691977568283e-05,5.298932748980464e-06
40,5,5.0,3.7,8.624197736176219e-05,5.305403282331078e-06
40,5,5.0,3.75,8.650765907723207e-05,5.323812591984638e-06
40,5,5.0,3.8,8.677454915878219e-05,5.353654592313849e-06
40,5,5.0,3.85,8.704320684915627e-05,5.3944358119791675e-06
40,5,5.0,3.9,8.731416705613852e-05,5.445676488368395e-06
40,5,5.0,3.95,8.758794106096142e-05,5.506911453260752e-06
40,5,5.0,4.0,8.786501726620027e-05,5.577690830232754e-06
40,5,5.0,4.05,8.814586197424318e-05,5.657580563185597e-06
40,5,5.0,4.1,8.843092018834374e-05,5.7461627941796265e-06
40,5,5.0,4.15,8.872061642915596e-05,5.843036107548791e-06
40,5,5.0,4.2,8.901535556046078e-05,5.94781565604884e-06
40,5,5.0,4.25,8.931552361855992e-05,6.060133183591851e-06
40,5,5.0,4.3,8.962148864049641e-05,6.179636957944395e-06
40,5,5.0,4.35,8.993360148692452e-05,6.305991625633753e-06
40,5,5.0,4.4,9.025219665600573e-05,6.438878000217892e-06
40,5,5.0,4.45,9.057759308527392e-05,6.577992794043261e-06
40,5,5.0,4.5,9.091009493886043e-05,6.723048302636231e-06
40,5,5.0,4.55,9.124999237793572e-05,6.873772049959565e-06
40,5,5.0,4.6,9.159756231258174e-05,7.029906401907461e-06
40,5,5.0,4.65,9.195306913369419e-05,7.1912081546199015e-06
40,5,5.0,4.7,9.231676542378222e-05,7.357448103458571e-06
40,5,5.0,4.75,9.268889264585451e-05,7.5284105978139055e-06
40,5,5.0,4.8,9.306968180977764e-05,7.703893086287345e-06
40,5,5.0,4.85,9.34593541157431e-05,7.883705656229195e-06
40,5,5.0,4.9,9.385812157464115e-05,8.06767057109463e-06
40,5,5.0,4.95,9.426618760531047e-05,8.255621808612814e-06
40,5,5.0,5.0,9.468374760877132e-05,8.447404602340788e-06
40,10,0.0,0.0,5.257135679178503e-12,3.0227797478375523e-10
40,10,0.0,0.05,5.1329171459611287e-11,1.6944967994042944e-09
40,10,0.0,0.1,1.600553086671791e-10,2.30020650860379e-09
40,10,0.0,0.15,2.557993086456178e-10,1.4485761294613961e-09
40,10,0.0,0.2,3.0772682197191915e-10,7.018838203757319e-10
40,10,0.0,0.25,3.3271938142218775e-10,3.4908119339053684e-10
40,10,0.0,0.3,3.4614107121473496e-10,2.0995881719983254e-10
40,10,0.0,0.35,3.5512264398126416e-10,1.5770669381454674e-10
40,10,0.0,0.4,3.6243182028622724e-10,1.376993311849775e-10
40,10,0.0,0.45,3.6907849673399943e-10,1.2924012628810204e-10
40,10,0.0,0.5,3.7542065926461423e-10,1.2481320793048115e-10
40,10,0.0,0.55,3.815814244609905e-10,1.2173381957602362e-10
40,10,0.0,0.6,3.8760038504372574e-10,1.19053275040604e-10
40,10,0.0,0.65,3.934878034149853e-10,1.1644229311591418e-10
40,10,0.0,0.7,3.9924391955070615e-10,1.1379192006948811e-10
40,10,0.0,0.75,4.048658126884109e-10,1.1107139367929684e-10
40,10,0.0,0.8,4.103498326058659e-10,1.0827756981989223e-10
40,10,0.0,0.85,4.1569245429075726e-10,1.0541691522833515e-10
40,10,0.0,0.9,4.208905706342546e-10,1.024990746827764e-10
40,10,0.0,0.95,4.259415837631223e-10,9.953455285496602e-11
40,10,0.0,1.0,4.3084342328990277e-10,9.653386194257387e-11
40,10,0.0,1.05,4.355945372785272e-10,9.350719490980212e-11
40,10,0.0,1.1,4.4019387244808293e-10,9.04642906085415e-11
40,10,0.0,1.15,4.4464084974089585e-10,8.741437212047679e-11
40,10,0.0,1.2,4.4893533767696905e-10,8.436611586492007e-11
40,10,0.0,1.25,4.5307762458336166e-10,8.132763599000603e-11
40,10,0.0,1.3,4.570683902916838e-10,7.830647810164594e-11
40,10,0.0,1.35,4.609086776985289e-10,7.530961975687969e-11
40,10,0.0,1.4,4.645998644897787e-10,7.23434763480086e-11
40,10,0.0,1.45,4.681436352740297e-10,6.941391144338124e-11
40,10,0.0,1.5,4.715419543283788e-10,6.6526250827662e-11
40,10,0.0,1.55,4.747970391247394e-10,6.368529957390553e-11
40,10,0.0,1.6,4.779113347727977e-10,6.089536154156252e-11
40,10,0.0,1.65,4.808874894868984e-10,5.816026074920689e-11
40,10,0.0,1.7,4.837283311579821e-10,5.548336412388432e-11
40,10,0.0,1.75,4.864368450880114e-10,5.286760518180612e-11
40,10,0.0,1.8,4.89016152923382e-10,5.0315508247373247e-11
40,10,0.0,1.85,4.914694928055751e-10,4.782921286848736e-11
40,10,0.0,1.9,4.938002007412158e-10,4.541049813458135e-11
40,10,0.0,1.95,4.960116931804035e-10,4.3060806650140824e-11
40,10,0.0,2.0,4.981074507807007e-10,4.0781267959050665e-11
40,10,0.0,2.05,5.000910033251741e-10,3.8572721254572714e-11
40,10,0.0,2.1,5.019659157552134e-10,3.643573724537005e-11
40,10,0.0,2.15,5.037357752735109e-10,3.437063907997741e-11
40,10,0.0,2.2,5.054041794682318e-10,3.237752226036024e-11
40,10,0.0,2.25,5.069747254065786e-10,3.04562734999232e-11
40,10,0.0,2.3,5.084509996443757e-10,2.8606588502608146e-11
40,10,0.0,2.35,5.098365690974722e-10,2.6827988657820553e-11
40,10,0.0,2.4,5.111349727209579e-10,2.511983666104484e-11
40,10,0.0,2.45,5.123497139430252e-10,2.3481351082428513e-11
40,10,0.0,2.5,5.134842538015668e-10,2.1911619915565455e-11
40,10,0.0,2.55,5.145420047335885e-10,2.0409613146480103e-11
40,10,0.0,2.6,5.155263249694653e-10,1.8974194388625518e-11
40,10,0.0,2.65,5.164405134867222e-10,1.760413163384292e-11
40,10,0.0,2.7,5.17287805480219e-10,1.6298107171872283e-11
40,10,0.0,2.75,5.180713683087629e-10,1.5054726732425442e-11
40,10,0.0,2.8,5.187942978804928e-10,1.3872527904171585e-11
40,10,0.0,2.85,5.194596154422124e-10,1.2749987884470494e-11
40,10,0.0,2.9,5.200702647406355e-10,1.1685530612462053e-11
40,10,0.0,2.95,5.20629109525931e-10,1.0677533336333091e-11
40,10,0.0,3.0,5.211389313704395e-10,9.72433266334888e-12
40,10,0.0,3.05,5.216024277779984e-10,8.824230138710225e-12
40,10,0.0,3.1,5.220222105613039e-10,7.97549739651236e-12
40,10,0.0,3.15,5.224008044669641e-10,7.1763809231987095e-12
40,10,0.0,3.2,5.227406460298588e-10,6.4251064709100336e-12
40,10,0.0,3.25,5.230440826401004e-10,5.7198831551643336e-12
40,10,0.0,3.3,5.233133718076601e-10,5.0589072683546466e-12
40,10,0.0,3.35,5.235506806111581e-10,4.44036583769231e-12
40,10,0.0,3.4,5.237580853187539e-10,3.862439953470365e-12
40,10,0.0,3.45,5.239375711701252e-10,3.3233078909018028e-12
40,10,0.0,3.5,5.240910323098554e-10,2.821148046315607e-12
40,10,0.0,3.55,5.242202718634225e-10,2.35414170618686e-12
40,10,0.0,3.6,5.243270021476834e-10,1.920475665329126e-12
40,10,0.0,3.65,5.244128450089384e-10,1.5183447086097173e-12
40,10,0.0,3.7,5.24479332281828e-10,1.1459539687388868e-12
40,10,0.0,3.75,5.245279063633241e-10,8.01521171049818e-13
40,10,0.0,3.8,5.245599208962889e-10,4.83278774704393e-13
40,10,0.0,3.85,5.245766415577097e-10,1.8947601843427266e-13
40,10,0.0,3.9,5.245792469469381e-10,-8.161912225208075e-14
40,10,0.0,3.95,5.24568829569741e-10,-3.317180605170852e-13
40,10,0.0,4.0,5.245463969141043e-10,-5.625098013355945e-13
40,10,0.0,4.05,5.245128726140129e-10,-7.756592181748649e-13
40,10,0.0,4.1,5.244690976976556e-10,-9.72805399764002e-13
40,10,0.0,4.15,5.244158319165984e-10,-1.1555600641070165e-12
40,10,0.0,4.2,5.243537551525657e-10,-1.3255060374168984e-12
40,10,0.0,4.25,5.242834688987968e-10,-1.4841957960979539e-12
40,10,0.0,4.3,5.242054978126542e-10,-1.6331500702798168e-12
40,10,0.0,4.35,5.241202913366242e-10,-1.7738565077314565e-12
40,10,0.0,4.4,5.240282253845716e-10,-1.9077683972550225e-12
40,10,0.0,4.45,5.239296040904101e-10,-2.036303450887306e-12
40,10,0.0,4.5,5.238246616161301e-10,-2.1608426444235036e-12
40,10,0.0,4.55,5.237135640163997e-10,-2.2827291159448698e-12
40,10,0.0,4.6,5.235964111568064e-10,-2.4032671221564233e-12
40,10,0.0,4.65,5.234732386827797e-10,-2.523721052453976e-12
40,10,0.0,4.7,5.233440200364357e-10,-2.6453145007326477e-12
40,10,0.0,4.75,5.232086685183364e-10,-2.7692293950230315e-12
40,10,0.0,4.8,5.230670393913197e-10,-2.896605185101904e-12
40,10,0.0,4.85,5.229189320235336e-10,-3.02853808828491e-12
40,10,0.0,4.9,5.227640920676938e-10,-3.1660803936390162e-12
40,10,0.0,4.95,5.226022136736517e-10,-3.3102398249005717e-12
40,10,0.0,5.0,5.224329417313935e-10,-3.4619789624047175e-12
40,10,1.0,0.0,5.566924930988731e-10,3.4791529890587974e-08
40,10,1.0,0.05,7.688762863965919e-09,3.1030714114255277e-07
40,10,1.0,0.1,3.2366517773457974e-08,6.095395271002395e-07
40,10,1.0,0.15,6.065216505497364e-08,4.740513291354965e-07
40,10,1.0,0.2,7.88501275801456e-08,2.6715161409772196e-07
40,10,1.0,0.25,8.906178992193861e-08,1.5632259182339548e-07
40,10,1.0,0.3,9.557347474206156e-08,1.1138847705890958e-07
40,10,1.0,0.35,1.0067238666250821e-07,9.545503597278086e-08
40,10,1.0,0.4,1.0530047497898851e-07,9.074682630781351e-08
40,10,1.0,0.45,1.0981377966428441e-07,9.017463997171113e-08
40,10,1.0,0.5,1.1434159964568443e-07,9.107218137757493e-08
40,10,1.0,0.55,1.1892878872104327e-07,9.245562506704235e-08
40,10,1.0,0.6,1.2358912509460377e-07,9.396359677198511e-08
40,10,1.0,0.65,1.2832496246783356e-07,9.54628825431469e-08
40,10,1.0,0.7,1.3313442468481656e-07,9.690375684064046e-08
40,10,1.0,0.75,1.380140415131288e-07,9.826717255201818e-08
40,10,1.0,0.8,1.4295972196835324e-07,9.95455226297656e-08
40,10,1.0,0.85,1.479671221744324e-07,1.007356336496513e-07
40,10,1.0,0.9,1.530317925716564e-07,1.0183620810101907e-07
40,10,1.0,0.95,1.5814924433409016e-07,1.0284688202495788e-07
40,10,1.0,1.0,1.6331498573911142e-07,1.0376786794956143e-07
40,10,1.0,1.05,1.685245468522496e-07,1.0459980921109818e-07
40,10,1.0,1.1,1.737734991465421e-07,1.0534371023580693e-07
40,10,1.0,1.15,1.7905747242879884e-07,1.0600089394587917e-07
40,10,1.0,1.2,1.843721699186915e-07,1.0657296884603939e-07
40,10,1.0,1.25,1.8971338178573707e-07,1.0706179969969438e-07
40,10,1.0,1.3,1.9507699726382158e-07,1.0746947978557e-07
40,10,1.0,1.35,2.0045901540493647e-07,1.0779830417301258e-07
40,10,1.0,1.4,2.0585555452028036e-07,1.0805074394798947e-07
40,10,1.0,1.45,2.1126286035804035e-07,1.0822942147242876e-07
40,10,1.0,1.5,2.166773130722835e-07,1.0833708678804293e-07
40,10,1.0,1.55,2.220954330427582e-07,1.0837659526255182e-07
40,10,1.0,1.6,2.275138856096276e-07,1.0835088655048487e-07
40,10,1.0,1.65,2.3292948479008662e-07,1.082629649132428e-07
40,10,1.0,1.7,2.383391960454094e-07,1.0811588091742316e-07
40,10,1.0,1.75,2.437401381673562e-07,1.0791271450822017e-07
40,10,1.0,1.8,2.4912958435218093e-07,1.0765655943590885e-07
40,10,1.0,1.85,2.545049625290771e-07,1.0735050899846697e-07
40,10,1.0,1.9,2.5986385500762383e-07,1.069976430514078e-07
40,10,1.0,1.95,2.6520399750625964e-07,1.0660101622730878e-07
40,10,1.0,2.0,2.705232776206189e-07,1.0616364730128185e-07
40,10,1.0,2.05,2.758197327874219e-07,1.0568850963498223e-07
40,10,1.0,2.1,2.8109154779606707e-07,1.0517852262989758e-07
40,10,1.0,2.15,2.8633705189667443e-07,1.0463654412056619e-07
40,10,1.0,2.2,2.915547155498829e-07,1.0406536363955725e-07
40,10,1.0,2.25,2.9674314686029195e-07,1.0346769648827221e-07
40,10,1.0,2.3,3.019010877322674e-07,1.0284617855066949e-07
40,10,1.0,2.35,3.0702740978379806e-07,1.0220336179060849e-07
40,10,1.0,2.4,3.1212111005108627e-07,1.0154171037740534e-07
40,10,1.0,2.45,3.171813065141173e-07,1.0086359738840908e-07
40,10,1.0,2.5,3.2220723347073633e-07,1.0017130204150909e-07
40,10,1.0,2.55,3.2719823678472533e-07,9.946700741468586e-08
40,10,1.0,2.6,3.3215376903121203e-07,9.875279861366226e-08
40,10,1.0,2.65,3.370733845609049e-07,9.803066135248072e-08
40,10,1.0,2.7,3.419567345030567e-07,9.730248091536021e-08
40,10,1.0,2.75,3.4680356172539e-07,9.657004147134488e-08
40,10,1.0,2.8,3.516136957680949e-07,9.583502571621277e-08
40,10,1.0,2.85,3.5638704776759657e-07,9.509901481863463e-08
40,10,1.0,2.9,3.6112360538478933e-07,9.436348864985996e-08
40,10,1.0,2.95,3.658234277514711e-07,9.362982627817117e-08
40,10,1.0,3.0,3.704866404477448e-07,9.289930671099862e-08
40,10,1.0,3.05,3.7511343052239156e-07,9.21731098690154e-08
40,10,1.0,3.1,3.79704041567448e-07,9.145231777769185e-08
40,10,1.0,3.15,3.8425876885750985e-07,9.073791596274044e-08
40,10,1.0,3.2,3.8877795456362727e-07,9.003079503665018e-08
40,10,1.0,3.25,3.932619830510836e-07,8.933175246412478e-08
40,10,1.0,3.3,3.9771127626961747e-07,8.864149449467612e-08
40,10,1.0,3.35,4.021262892442673e-07,8.796063825103316e-08
40,10,1.0,3.4,4.065075056742691e-07,8.72897139622448e-08
40,10,1.0,3.45,4.108554336470271e-07,8.662916733059857e-08
40,10,1.0,3.5,4.151706014735081e-07,8.597936202159724e-08
40,10,1.0,3.55,4.194535536510479e-07,8.534058226639454e-08
40,10,1.0,3.6,4.237048469588101e-07,8.471303556615412e-08
40,10,1.0,3.65,4.279250466908457e-07,8.409685548793183e-08
40,10,1.0,3.7,4.321147230309827e-07,8.349210454175894e-08
40,10,1.0,3.75,4.362744475734094e-07,8.289877712873193e-08
40,10,1.0,3.8,4.404047899922284e-07,8.231680255004353e-08
40,10,1.0,3.85,4.445063148627542e-07,8.174604806704492e-08
40,10,1.0,3.9,4.485795786369151e-07,8.118632200262008e-08
40,10,1.0,3.95,4.5262512677453693e-07,8.063737687435582e-08
40,10,1.0,4.0,4.566434910319113e-07,8.009891255023692e-08
40,10,1.0,4.05,4.606351869084846e-07,7.957057941785162e-08
40,10,1.0,4.1,4.6460071125220475e-07,7.905198155840685e-08
40,10,1.0,4.15,4.685405400235011e-07,7.854267991715157e-08
40,10,1.0,4.2,4.7245512621749057e-07,7.804219546214448e-08
40,10,1.0,4.25,4.76344897943725e-07,7.755001232369594e-08
40,10,1.0,4.3,4.802102566622468e-07,7.706558090714377e-08
40,10,1.0,4.35,4.840515755744667e-07,7.658832097204391e-08
40,10,1.0,4.4,4.878691981670256e-07,7.611762467124287e-08
40,10,1.0,4.45,4.916634369065124e-07,7.565285954371907e-08
40,10,1.0,4.5,4.954345720824882e-07,7.519337145545823e-08
40,10,1.0,4.55,4.991828507961901e-07,7.473848748308106e-08
40,10,1.0,4.6,5.029084860918768e-07,7.428751873531347e-08
40,10,1.0,4.65,5.066116562275731e-07,7.383976310780931e-08
40,10,1.0,4.7,5.102925040818332e-07,7.33945079672338e-08
40,10,1.0,4.75,5.139511366928513e-07,7.295103276089569e-08
40,10,1.0,4.8,5.175876249261171e-07,7.250861154859536e-08
40,10,1.0,4.85,5.212020032666453e-07,7.206651545372375e-08
40,10,1.0,4.9,5.247942697317332e-07,7.162401503100521e-08
40,10,1.0,4.95,5.283643858999099e-07,7.118038254859258e-08
40,10,1.0,5.0,5.319122770518509e-07,7.07348941825763e-08
40,10,2.0,0.0,1.730770553502935e-09,1.1239566032228012e-07
40,10,2.0,0.05,3.169398892344164e-08,1.5093183013480762e-06
40,10,2.0,0.1,1.8377095032727012e-07,4.380900546038916e-06
40,10,2.0,0.15,4.113376594671309e-07,4.1707265496142465e-06
40,10,2.0,0.2,5.782203201490123e-07,2.5331778455664242e-06
40,10,2.0,0.25,6.759717756146582e-07,1.5031151216222397e-06
40,10,2.0,0.3,7.384255937188297e-07,1.0642311914264015e-06
40,10,2.0,0.35,7.870082476163939e-07,9.078790423314688e-07
40,10,2.0,0.4,8.310442407844049e-07,8.645591450586511e-07
40,10,2.0,0.45,8.741499771336642e-07,8.637116377348629e-07
40,10,2.0,0.5,9.176633256306433e-07,8.782462555529095e-07
40,10,2.0,0.55,9.620587935212848e-07,8.980213539843699e-07
40,10,2.0,0.6,1.0074886065048465e-06,9.192550655878172e-07
40,10,2.0,0.65,1.053984418310229e-06,9.405216807266587e-07
40,10,2.0,0.7,1.1015319103440553e-06,9.612660341789946e-07
40,10,2.0,0.75,1.150098391080774e-06,9.81256190187566e-07
40,10,2.0,0.8,1.199643107204809e-06,1.000382478507558e-06
40,10,2.0,0.85,1.2501212126605404e-06,1.018583854866457e-06
40,10,2.0,0.9,1.3014854150973428e-06,1.035820947410418e-06
40,10,2.0,0.95,1.3536867718985624e-06,1.0520661726860325e-06
40,10,2.0,1.0,1.4066751731012592e-06,1.0673000620054195e-06
40,10,2.0,1.05,1.4603997059730172e-06,1.0815098237303668e-06
40,10,2.0,1.1,1.5148089707753913e-06,1.0946886910343455e-06
40,10,2.0,1.15,1.5698513716389558e-06,1.1068355291107718e-06
40,10,2.0,1.2,1.6254753900229697e-06,1.1179545140001047e-06
40,10,2.0,1.25,1.6816298424405088e-06,1.1280548187512973e-06
40,10,2.0,1.3,1.738264122226528e-06,1.1371502876004744e-06
40,10,2.0,1.35,1.7953284246339669e-06,1.1452590950455761e-06
40,10,2.0,1.4,1.852773954553305e-06,1.1524033923368118e-06
40,10,2.0,1.45,1.9105531163296023e-06,1.1586089456559334e-06
40,10,2.0,1.5,1.968619685376608e-06,1.163904770567782e-06
40,10,2.0,1.55,2.0269289615116133e-06,1.1683227670976417e-06
40,10,2.0,1.6,2.0854379041427575e-06,1.1718973593569767e-06
40,10,2.0,1.65,2.1441052496235236e-06,1.1746651431415788e-06
40,10,2.0,1.7,2.2028916112483033e-06,1.1766645444128123e-06
40,10,2.0,1.75,2.261759562495231e-06,1.1779354910739628e-06
40,10,2.0,1.8,2.3206737042316648e-06,1.1785190999786762e-06
40,10,2.0,1.85,2.3796007166828764e-06,1.1784573806706523e-06
40,10,2.0,1.9,2.4385093970295726e-06,1.1777929569500934e-06
40,10,2.0,1.95,2.497370683545681e-06,1.1765688070050872e-06
40,10,2.0,2.0,2.5561576672158846e-06,1.1748280225250302e-06
40,10,2.0,2.05,2.6148455917870705e-06,1.1726135869373918e-06
40,10,2.0,2.1,2.673411843207876e-06,1.169968172670659e-06
40,10,2.0,2.15,2.731835929401427e-06,1.1669339571466788e-06
40,10,2.0,2.2,2.790099451296615e-06,1.1635524570401434e-06
40,10,2.0,2.25,2.8481860660166346e-06,1.1598643802096337e-06
40,10,2.0,2.3,2.906081443091624e-06,1.1559094946003843e-06
40,10,2.0,2.35,2.963773214524761e-06,1.151726513339743e-06
40,10,2.0,2.4,3.021250919500237e-06,1.1473529951894468e-06
40,10,2.0,2.45,3.078505944480197e-06,1.1428252594821739e-06
40,10,2.0,2.5,3.135531459391403e-06,1.1381783146481634e-06
40,10,2.0,2.55,3.1923223505597277e-06,1.1334457994316127e-06
40,10,2.0,2.6,3.248875151003733e-06,1.1286599359003754e-06
40,10,2.0,2.65,3.305187968655213e-06,1.123851493366692e-06
40,10,2.0,2.7,3.3612604130305963e-06,1.1190497623577726e-06
40,10,2.0,2.75,3.4170935208346096e-06,1.1142825378019936e-06
40,10,2.0,2.8,3.4726896809369146e-06,1.1095761106279173e-06
40,10,2.0,2.85,3.528052559122943e-06,1.104955267007668e-06
40,10,2.0,2.9,3.5831870229824926e-06,1.1004432945127307e-06
40,10,2.0,2.95,3.638099067264756e-06,1.0960619944883375e-06
40,10,2.0,3.0,3.6927957399934044e-06,1.0918316999905497e-06
40,10,2.0,3.05,3.7472850696048646e-06,1.0877712986690936e-06
40,10,2.0,3.1,3.8015759933422824e-06,1.083898260016761e-06
40,10,2.0,3.15,3.855678287109527e-06,1.0802286664435256e-06
40,10,2.0,3.2,3.9096024969642585e-06,1.0767772476701171e-06
40,10,2.0,3.25,3.963359872403361e-06,1.0735574179705623e-06
40,10,2.0,3.3,4.016962301572992e-06,1.070581315827564e-06
40,10,2.0,3.35,4.070422248512967e-06,1.0678598455966508e-06
40,10,2.0,3.4,4.123752692526863e-06,1.0654027208064109e-06
40,10,2.0,3.45,4.176967069750731e-06,1.0632185087515895e-06
40,10,2.0,3.5,4.230079216977266e-06,1.0613146760641083e-06
40,10,2.0,3.55,4.28310331777693e-06,1.0596976349737231e-06
40,10,2.0,3.6,4.336053850943651e-06,1.0583727899954185e-06
40,10,2.0,3.65,4.388945541280692e-06,1.0573445848046296e-06
40,10,2.0,3.7,4.441793312730476e-06,1.0566165490840047e-06
40,10,2.0,3.75,4.494612243841649e-06,1.0561913451466064e-06
40,10,2.0,3.8,4.5474175255584546e-06,1.056070814160892e-06
40,10,2.0,3.85,4.600224421307614e-06,1.0562560218212003e-06
40,10,2.0,3.9,4.6530482293525255e-06,1.0567473033256922e-06
40,10,2.0,3.95,4.70590424737587e-06,1.057544307539809e-06
40,10,2.0,4.0,4.75880773924833e-06,1.0586460402392257e-06
40,10,2.0,4.05,4.811773903934042e-06,1.0600509063403982e-06
40,10,2.0,4.1,4.864817846481004e-06,1.0617567510405124e-06
40,10,2.0,4.15,4.917954551039536e-06,1.0637608998009681e-06
40,10,2.0,4.2,4.97119885585003e-06,1.066060197120177e-06
40,10,2.0,4.25,5.024565430137922e-06,1.0686510440520696e-06
40,10,2.0,4.3,5.0780687528528485e-06,1.0715294344366432e-06
40,10,2.0,4.35,5.131723093186297e-06,1.0746909898176423e-06
40,10,2.0,4.4,5.1855424928019625e-06,1.078130993030925e-06
40,10,2.0,4.45,5.239540749712538e-06,1.0818444204545015e-06
40,10,2.0,4.5,5.293731403734675e-06,1.0858259729176442e-06
40,10,2.0,4.55,5.348127723456695e-06,1.0900701052731715e-06
40,10,2.0,4.6,5.402742694651456e-06,1.0945710546418935e-06
40,10,2.0,4.65,5.457589010068117e-06,1.0993228673431998e-06
40,10,2.0,4.7,5.51267906053866e-06,1.10431942453029e-06
40,10,2.0,4.75,5.568024927333684e-06,1.1095544665518732e-06
40,10,2.0,4.8,5.623638375705208e-06,1.1150216160656556e-06
40,10,2.0,4.85,5.679530849554442e-06,1.1207143999316534e-06
40,10,2.0,4.9,5.735713467164458e-06,1.126626269915615e-06
40,10,2.0,4.95,5.792197017938811e-06,1.132750622234828e-06
40,10,2.0,5.0,5.848991960089315e-06,1.1390808159801361e-06
40,10,3.0,0.0,2.461300242948029e-09,1.5876406356990875e-07
40,10,3.0,0.05,5.428538679871039e-08,2.9445050017202357e-06
40,10,3.0,0.1,4.375142986290773e-07,1.288000356125554e-05
40,10,3.0,0.15,1.199160197980988e-06,1.532453766412215e-05
40,10,3.0,0.2,1.8348373203383495e-06,9.825550540452416e-06
40,10,3.0,0.25,2.208042114833445e-06,5.555869165671541e-06
40,10,3.0,0.3,2.4296946054982888e-06,3.6017050422109485e-06
40,10,3.0,0.35,2.588082015733796e-06,2.8597781685549562e-06
40,10,3.0,0.4,2.72372009353757e-06,2.614212167251603e-06
40,10,3.0,0.45,2.8525223693301204e-06,2.55561426718363e-06
40,10,3.0,0.5,2.980364172504589e-06,2.564222901243377e-06
40,10,3.0,0.55,3.109304903624646e-06,2.5952840554274935e-06
40,10,3.0,0.6,3.2399855992119686e-06,2.6322352843968096e-06
40,10,3.0,0.65,3.372522313983075e-06,2.6689330425106433e-06
40,10,3.0,0.7,3.5068355116109486e-06,2.7030693623481763e-06
40,10,3.0,0.75,3.6427714768784324e-06,2.7337552072705735e-06
40,10,3.0,0.8,3.780147518681084e-06,2.760636610368715e-06
40,10,3.0,0.85,3.91876932012269e-06,2.783571829764881e-06
40,10,3.0,0.9,4.05843811158027e-06,2.802513235870372e-06
40,10,3.0,0.95,4.198954109526491e-06,2.8174636858862836e-06
40,10,3.0,1.0,4.340118560946961e-06,2.828459865776357e-06
40,10,3.0,1.05,4.48173523748502e-06,2.8355652993956423e-06
40,10,3.0,1.1,4.623611679638281e-06,2.8388667495251405e-06
40,10,3.0,1.15,4.765560294641298e-06,2.8384717533124615e-06
40,10,3.0,1.2,4.9073993414095725e-06,2.8345064967979397e-06
40,10,3.0,1.25,5.048953811633778e-06,2.8271137640259844e-06
40,10,3.0,1.3,5.1900562084788074e-06,2.8164508877230937e-06
40,10,3.0,1.35,5.3305472226805194e-06,2.8026876962813104e-06
40,10,3.0,1.4,5.470276306239258e-06,2.7860044743261585e-06
40,10,3.0,1.45,5.609102144963347e-06,2.7665899600912474e-06
40,10,3.0,1.5,5.746893032285365e-06,2.7446394026342976e-06
40,10,3.0,1.55,5.883527147870566e-06,2.7203526994884478e-06
40,10,3.0,1.6,6.0188927454879125e-06,2.693932632112874e-06
40,10,3.0,1.65,6.152888255395897e-06,2.6655832130852762e-06
40,10,3.0,1.7,6.2854223071091e-06,2.6355081556139693e-06
40,10,3.0,1.75,6.4164136788582425e-06,2.6039094727667116e-06
40,10,3.0,1.8,6.545791180353992e-06,2.5709862108971254e-06
40,10,3.0,1.85,6.673493475620599e-06,2.5369333191182277e-06
40,10,3.0,1.9,6.799468852699207e-06,2.501940654365856e-06
40,10,3.0,1.95,6.923674946946723e-06,2.466192119603105e-06
40,10,3.0,2.0,7.046078424490806e-06,2.4298649310509018e-06
40,10,3.0,2.05,7.166654632160265e-06,2.393129008964175e-06
40,10,3.0,2.1,7.285387219908646e-06,2.3561464854008526e-06
40,10,3.0,2.15,7.402267741398355e-06,2.3190713216223176e-06
40,10,3.0,2.2,7.517295238031915e-06,2.28204902719848e-06
40,10,3.0,2.25,7.630475811309123e-06,2.245216472537714e-06
40,10,3.0,2.3,7.741822187969777e-06,2.208701786396655e-06
40,10,3.0,2.35,7.85135328196124e-06,2.1726243299202333e-06
40,10,3.0,2.4,7.95909375684658e-06,2.1370947388899127e-06
40,10,3.0,2.45,8.065073591861747e-06,2.1022150260973402e-06
40,10,3.0,2.5,8.169327654432108e-06,2.0680787360856703e-06
40,10,3.0,2.55,8.271895281580858e-06,2.0347711448933664e-06
40,10,3.0,2.6,8.37281987230453e-06,2.0023694978767277e-06
40,10,3.0,2.65,8.472148492656062e-06,1.9709432791614864e-06
40,10,3.0,2.7,8.569931494966351e-06,1.9405545067678706e-06
40,10,3.0,2.75,8.666222152348912e-06,1.9112580479547728e-06
40,10,3.0,2.8,8.761076309373064e-06,1.883101949828921e-06
40,10,3.0,2.85,8.85455204955536e-06,1.856127780755359e-06
40,10,3.0,2.9,8.946709380107448e-06,1.830370978580264e-06
40,10,3.0,2.95,9.037609934190541e-06,1.8058612021316128e-06
40,10,3.0,3.0,9.127316690761711e-06,1.7826226828940653e-06
40,10,3.0,3.05,9.215893711951131e-06,1.7606745741583547e-06
40,10,3.0,3.1,9.303405897784407e-06,1.7400312953221046e-06
40,10,3.0,3.15,9.389918757957037e-06,1.7207028693668627e-06
40,10,3.0,3.2,9.475498200276814e-06,1.7026952518552774e-06
40,10,3.0,3.25,9.56021033531526e-06,1.686010650083183e-06
40,10,3.0,3.3,9.644121296747023e-06,1.6706478312844389e-06
40,10,3.0,3.35,9.727297076807192e-06,1.656602419023187e-06
40,10,3.0,3.4,9.809803376259259e-06,1.643867177119581e-06
40,10,3.0,3.45,9.891705468237058e-06,1.6324322806424131e-06
40,10,3.0,3.5,9.97306807530687e-06,1.6222855736677616e-06
40,10,3.0,3.55,1.0053955259083085e-05,1.613412813647042e-06
40,10,3.0,3.6,1.0134430321726218e-05,1.6057979023533963e-06
40,10,3.0,3.65,1.0214555718654505e-05,1.5994231034835583e-06
40,10,3.0,3.7,1.029439298180499e-05,1.594269247083961e-06
40,10,3.0,3.75,1.037400265279211e-05,1.5903159210477412e-06
40,10,3.0,3.8,1.0453444225323487e-05,1.5875416499933077e-06
40,10,3.0,3.85,1.0532776096251977e-05,1.5859240618882429e-06
40,10,3.0,3.9,1.0612055524661426e-05,1.5854400428243434e-06
40,10,3.0,3.95,1.0691338598403103e-05,1.5860658803824297e-06
40,10,3.0,4.0,1.0770680207525425e-05,1.5877773960505715e-06
40,10,3.0,4.05,1.0850134024060765e-05,1.5905500671766844e-06
40,10,3.0,4.1,1.0929752487658545e-05,1.594359138947648e-06
40,10,3.0,4.15,1.100958679657794e-05,1.5991797268930067e-06
40,10,3.0,4.2,1.1089686903579716e-05,1.6049869104122571e-06
40,10,3.0,4.25,1.1170101516280221e-05,1.611755817821889e-06
40,10,3.0,4.3,1.1250878101555836e-05,1.61946170341176e-06
40,10,3.0,4.35,1.1332062893610792e-05,1.628080016991549e-06
40,10,3.0,4.4,1.1413700905343909e-05,1.637586466396072e-06
40,10,3.0,4.45,1.1495835942674726e-05,1.6479570734052387e-06
40,10,3.0,4.5,1.1578510621509271e-05,1.6591682235189014e-06
40,10,3.0,4.55,1.1661766387051147e-05,1.6711967100114133e-06
40,10,3.0,4.6,1.1745643535179395e-05,1.6840197726727661e-06
40,10,3.0,4.65,1.1830181235639926e-05,1.6976151316265187e-06
40,10,3.0,4.7,1.1915417556811683e-05,1.7119610165957493e-06
40,10,3.0,4.75,1.2001389491830521e-05,1.7270361919708743e-06
40,10,3.0,4.8,1.2088132985867783e-05,1.7428199780141593e-06
40,10,3.0,4.85,1.217568296437948e-05,1.759292268518292e-06
40,10,3.0,4.9,1.226407336215631e-05,1.7764335452179887e-06
40,10,3.0,4.95,1.235333715301854e-05,1.7942248892363915e-06
40,10,3.0,5.0,1.2443506380014737e-05,1.8126479898306782e-06
40,10,4.0,0.0,3.4309491419101423e-09,2.1075850033890837e-07
40,10,4.0,0.05,8.143564277274002e-08,4.85897197760072e-06
40,10,4.0,0.1,9.095579303688507e-07,3.24878744535071e-05
40,10,4.0,0.15,3.1664738002004647e-06,5.077603110831146e-05
40,10,4.0,0.2,5.384769967504755e-06,3.536806779340063e-05
40,10,4.0,0.25,6.71234773139892e-06,1.9120906566357435e-05
40,10,4.0,0.3,7.4381725822193655e-06,1.1051223441197371e-05
40,10,4.0,0.35,7.897411320982485e-06,7.83516099583133e-06
40,10,4.0,0.4,8.254910871203768e-06,6.665624348620927e-06
40,10,4.0,0.45,8.576487669635933e-06,6.270960813927641e-06
40,10,4.0,0.5,8.88649920328278e-06,6.1551834150059475e-06
40,10,4.0,0.55,9.193522662366627e-06,6.1338781973437084e-06
40,10,4.0,0.6,9.500316147817026e-06,6.139590894115013e-06
40,10,4.0,0.65,9.807515730126183e-06,6.147805309065837e-06
40,10,4.0,0.7,1.0114988025929875e-05,6.149669965304218e-06
40,10,4.0,0.75,1.0422323792773372e-05,6.142061539662179e-06
40,10,4.0,0.8,1.0729019211905179e-05,6.1239793905919195e-06
40,10,4.0,0.85,1.103454390991796e-05,6.0952382324788085e-06
40,10,4.0,0.9,1.1338367873749813e-05,6.055992501892494e-06
40,10,4.0,0.95,1.1639973345024598e-05,6.0065609682700605e-06
40,10,4.0,1.0,1.1938861099198224e-05,5.947359382278198e-06
40,10,4.0,1.05,1.2234554487167858e-05,5.87887179291535e-06
40,10,4.0,1.1,1.2526602444284497e-05,5.801635585237216e-06
40,10,4.0,1.15,1.2814581892380802e-05,5.716231334770478e-06
40,10,4.0,1.2,1.3098099684071655e-05,5.623274360097634e-06
40,10,4.0,1.25,1.3376794143377925e-05,5.5234069343206505e-06
40,10,4.0,1.3,1.3650336226433774e-05,5.417290856822808e-06
40,10,4.0,1.35,1.3918430318683493e-05,5.3056003439769735e-06
40,10,4.0,1.4,1.4180814685376392e-05,5.189015279886703e-06
40,10,4.0,1.45,1.4437261594853622e-05,5.068214887508393e-06
40,10,4.0,1.5,1.4687577137108652e-05,4.943871877102394e-06
40,10,4.0,1.55,1.4931600762682927e-05,4.816647117746698e-06
40,10,4.0,1.6,1.5169204568915188e-05,4.6871848642157655e-06
40,10,4.0,1.65,1.5400292361838794e-05,4.556108558064499e-06
40,10,4.0,1.7,1.5624798522643727e-05,4.424017209187501e-06
40,10,4.0,1.75,1.5842686707645153e-05,4.2914823528646545e-06
40,10,4.0,1.8,1.605394841020335e-05,4.159045567541339e-06
40,10,4.0,1.85,1.625860141208793e-05,4.027216530404391e-06
40,10,4.0,1.9,1.645668815046029e-05,3.896471581187038e-06
40,10,4.0,1.95,1.6648274025040544e-05,3.767252759523058e-06
40,10,4.0,2.0,1.6833445668185264e-05,3.6399672774674475e-06
40,10,4.0,2.05,1.7012309198624945e-05,3.5149873863889554e-06
40,10,4.0,2.1,1.7184988477529985e-05,3.39265059618352e-06
40,10,4.0,2.15,1.735162338346413e-05,3.273260204502907e-06
40,10,4.0,2.2,1.7512368120677927e-05,3.157086094291397e-06
40,10,4.0,2.25,1.7667389573141618e-05,3.0443657592257775e-06
40,10,4.0,2.3,1.7816865714740187e-05,2.935305518518616e-06
40,10,4.0,2.35,1.796098408418265e-05,2.8300818848390435e-06
40,10,4.0,2.4,1.809994033142784e-05,2.728843051710303e-06
40,10,4.0,2.45,1.8233936840820178e-05,2.631710469552771e-06
40,10,4.0,2.5,1.8363181434653932e-05,2.538780482460786e-06
40,10,4.0,2.55,1.8487886159570878e-05,2.4501260007562996e-06
40,10,4.0,2.6,1.860826615701334e-05,2.3657981872828444e-06
40,10,4.0,2.65,1.8724538617930505e-05,2.28582813824064e-06
40,10,4.0,2.7,1.8836921821040372e-05,2.2102285420744974e-06
40,10,4.0,2.75,1.8945634253193286e-05,2.1389953024812624e-06
40,10,4.0,2.8,1.9050893809741534e-05,2.072109113980191e-06
40,10,4.0,2.85,1.915291707230424e-05,2.0095369806761096e-06
40,10,4.0,2.9,1.925191866089029e-05,1.9512336708316504e-06
40,10,4.0,2.95,1.934811065702686e-05,1.8971431016532769e-06
40,10,4.0,3.0,1.9441702094294858e-05,1.8471996502857875e-06
40,10,4.0,3.05,1.9532898512513272e-05,1.801329388410454e-06
40,10,4.0,3.1,1.9621901571711714e-05,1.759451239060507e-06
40,10,4.0,3.15,1.9708908721990432e-05,1.721478055315747e-06
40,10,4.0,3.2,1.9794112925371437e-05,1.6873176214278774e-06
40,10,4.0,3.25,1.987770242579375e-05,1.6568735776726006e-06
40,10,4.0,3.3,1.9959860563479994e-05,1.6300462708359546e-06
40,10,4.0,3.35,2.0040765630021694e-05,1.6067335327366136e-06
40,10,4.0,3.4,2.0120590760644227e-05,1.586831389571119e-06
40,10,4.0,3.45,2.0199503860277348e-05,1.5702347051636347e-06
40,10,4.0,3.5,2.027766756020163e-05,1.5568377614114604e-06
40,10,4.0,3.55,2.0355239202218685e-05,1.5465347793578502e-06
40,10,4.0,3.6,2.04323708474651e-05,1.5392203844023805e-06
40,10,4.0,3.65,2.0509209307162005e-05,1.5347900191851813e-06
40,10,4.0,3.7,2.0585896192775813e-05,1.5331403076653075e-06
40,10,4.0,3.75,2.0662567983234087e-05,1.5341693738602094e-06
40,10,4.0,3.8,2.0739356107016273e-05,1.5377771186317997e-06
40,10,4.0,3.85,2.0816387037103076e-05,1.5438654577987642e-06
40,10,4.0,3.9,2.0893782396930566e-05,1.5523385247318946e-06
40,10,4.0,3.95,2.0971659075649782e-05,1.5631028404520446e-06
40,10,4.0,4.0,2.1050129351138656e-05,1.5760674541036175e-06
40,10,4.0,4.05,2.1129301019354327e-05,1.5911440565238349e-06
40,10,4.0,4.1,2.1209277528744065e-05,1.6082470694711844e-06
40,10,4.0,4.15,2.129015811856097e-05,1.6272937129196363e-06
40,10,4.0,4.2,2.1372037960042212e-05,1.6482040526677032e-06
40,10,4.0,4.25,2.145500829952013e-05,1.6709010303580138e-06
40,10,4.0,4.3,2.1539156602634616e-05,1.6953104778519731e-06
40,10,4.0,4.35,2.1624566698912052e-05,1.721361117759028e-06
40,10,4.0,4.4,2.1711318926058152e-05,1.7489845517793873e-06
40,10,4.0,4.45,2.1799490273396207e-05,1.7781152383855008e-06
40,10,4.0,4.5,2.188915452395271e-05,1.8086904612398833e-06
40,10,4.0,4.55,2.198038239475696e-05,1.8406502896260977e-06
40,10,4.0,4.6,2.2073241674989567e-05,1.8739375320563166e-06
40,10,4.0,4.65,2.2167797361661642e-05,1.90849768411161e-06
40,10,4.0,4.7,2.226411179256162e-05,1.944278871471162e-06
40,10,4.0,4.75,2.236224477625289e-05,1.9812317889937893e-06
40,10,4.0,4.8,2.246225371894134e-05,2.0193096366277587e-06
40,10,4.0,4.85,2.2564193748075322e-05,2.0584680528452923e-06
40,10,4.0,4.9,2.2668117832567265e-05,2.0986650462233164e-06
40,10,4.0,4.95,2.2774076899560754e-05,2.13986092572411e-06
40,10,4.0,5.0,2.2882119947689292e-05,2.182018230166212e-06
40,10,5.0,0.0,4.364778206675188e-09,2.4558233878981504e-07
40,10,5.0,0.05,9.896543522290182e-08,6.26052779850578e-06
40,10,5.0,0.1,1.4911170297701048e-06,6.339851244448086e-05
40,10,5.0,0.15,6.865272046646479e-06,0.0001380865870739657
40,10,5.0,0.2,1.3388063529803617e-05,0.0001099312030405499
40,10,5.0,0.25,1.7538693386691987e-05,5.895036639420906e-05
40,10,5.0,0.3,1.9690038700187e-05,3.0833760142379306e-05
40,10,5.0,0.35,2.0895425173683796e-05,1.920072355711589e-05
40,10,5.0,0.4,2.1728264086445518e-05,1.4832151999579257e-05
40,10,5.0,0.45,2.2423586762774153e-05,1.324549920436519e-05
40,10,5.0,0.5,2.3069049437967943e-05,1.2666550002437784e-05
40,10,5.0,0.55,2.3695847782617958e-05,1.2436416799869843e-05
40,10,5.0,0.6,2.4314440302034925e-05,1.2315762061374983e-05
40,10,5.0,0.65,2.4927786410120157e-05,1.2218488572506524e-05
40,10,5.0,0.7,2.5536158293943028e-05,1.2113954996775374e-05
40,10,5.0,0.75,2.6138880963050362e-05,1.1991580729247215e-05
40,10,5.0,0.8,2.6734963213331546e-05,1.1848098223884419e-05
40,10,5.0,0.85,2.7323329436432204e-05,1.1682966986761313e-05
40,10,5.0,0.9,2.7902907734426557e-05,1.1496719487345085e-05
40,10,5.0,0.95,2.8472666026561415e-05,1.129035811235196e-05
40,10,5.0,1.0,2.903162898712641e-05,1.1065128056121911e-05
40,10,5.0,1.05,2.9578887546146035e-05,1.0822424257850628e-05
40,10,5.0,1.1,3.011360512940703e-05,1.0563745953843468e-05
40,10,5.0,1.15,3.0635022120201e-05,1.0290668140663094e-05
40,10,5.0,1.2,3.1142459072720635e-05,1.0004819194570835e-05
40,10,5.0,1.25,3.163531887745137e-05,9.707861014144656e-06
40,10,5.0,1.3,3.2113087971141035e-05,9.401470576342872e-06
40,10,5.0,1.35,3.257533665417855e-05,9.087322671282837e-06
40,10,5.0,1.4,3.3021718574961464e-05,8.767073864805663e-06
40,10,5.0,1.45,3.345196944558471e-05,8.44234780983109e-06
40,10,5.0,1.5,3.386590505931758e-05,8.11472202409686e-06
40,10,5.0,1.55,3.42634186855445e-05,7.785716222823041e-06
40,10,5.0,1.6,3.46444779213784e-05,7.456782258533229e-06
40,10,5.0,1.65,3.5009121080845874e-05,7.129295683864977e-06
40,10,5.0,1.7,3.535745320248388e-05,6.8045489195637884e-06
40,10,5.0,1.75,3.5689641754531735e-05,6.483745980334955e-06
40,10,5.0,1.8,3.6005912113905135e-05,6.16799868626457e-06
40,10,5.0,1.85,3.6306542890988506e-05,5.858324267374128e-06
40,10,5.0,1.9,3.659186116726226e-05,5.555644253398089e-06
40,10,5.0,1.95,3.686223770708947e-05,5.260784529886505e-06
40,10,5.0,2.0,3.711808219885497e-05,4.974476434857835e-06
40,10,5.0,2.05,3.7359838574265704e-05,4.697358767051325e-06
40,10,5.0,2.1,3.758798044816746e-05,4.42998057688594e-06
40,10,5.0,2.15,3.7803006714835716e-05,4.1728046140166e-06
40,10,5.0,2.2,3.800543733052947e-05,3.9262113104128e-06
40,10,5.0,2.25,3.819580930618592e-05,3.6905031846785888e-06
40,10,5.0,2.3,3.837467292863478e-05,3.465909561453369e-06
40,10,5.0,2.35,3.854258822361519e-05,3.2525915087651097e-06
40,10,5.0,2.4,3.870012166926564e-05,3.0506469057958826e-06
40,10,5.0,2.45,3.8847843164622414e-05,2.8601155633489545e-06
40,10,5.0,2.5,3.8986323254024394e-05,2.680984329115174e-06
40,10,5.0,2.55,3.9116130605166374e-05,2.513192119408107e-06
40,10,5.0,2.6,3.9237829735858665e-05,2.3566348282018773e-06
40,10,5.0,2.65,3.935197898230787e-05,2.2111700729344653e-06
40,10,5.0,2.7,3.9459128699916104e-05,2.0766217445400244e-06
40,10,5.0,2.75,3.955981968614436e-05,1.9527843364869865e-06
40,10,5.0,2.8,3.965458181390523e-05,1.8394270341939574e-06
40,10,5.0,2.85,3.9743932863156604e-05,1.7362975520614453e-06
40,10,5.0,2.9,3.982837753787043e-05,1.643125710506937e-06
40,10,5.0,2.95,3.9908406655276684e-05,1.5596267498460741e-06
40,10,5.0,3.0,3.998449649423266e-05,1.4855043816613321e-06
40,10,5.0,3.05,4.00571082896687e-05,1.4204535814826704e-06
40,10,5.0,3.1,4.01266878603305e-05,1.3641631292234765e-06
40,10,5.0,3.15,4.0193665357412185e-05,1.3163179059194069e-06
40,10,5.0,3.2,4.025845512214446e-05,1.276600956960843e-06
40,10,5.0,3.25,4.03214556409398e-05,1.244695333243247e-06
40,10,5.0,3.3,4.038304958730056e-05,1.2202857225354507e-06
40,10,5.0,3.35,4.044360394031604e-05,1.2030598839303588e-06
40,10,5.0,3.4,4.05034701702353e-05,1.1927098985423645e-06
40,10,5.0,3.45,4.056298448225561e-05,1.1889332496909961e-06
40,10,5.0,3.5,4.062246811033064e-05,1.1914337457003038e-06
40,10,5.0,3.55,4.0682227653453585e-05,1.1999222981820728e-06
40,10,5.0,3.6,4.074255544750416e-05,1.2141175682876479e-06
40,10,5.0,3.65,4.080372996635549e-05,1.233746492936003e-06
40,10,5.0,3.7,4.0866016246533034e-05,1.2585447024786313e-06
40,10,5.0,3.75,4.0929666330272115e-05,1.2882568406626059e-06
40,10,5.0,3.8,4.09949197223435e-05,1.3226367971226694e-06
40,10,5.0,3.85,4.106200385651701e-05,1.3614478619825884e-06
40,10,5.0,3.9,4.113113456799854e-05,1.404462811490367e-06
40,10,5.0,3.95,4.120251656859396e-05,1.451463932958782e-06
40,10,5.0,4.0,4.127634392176811e-05,1.5022429966423528e-06
40,10,5.0,4.05,4.135280051511279e-05,1.556601181558586e-06
40,10,5.0,4.1,4.143206052809333e-05,1.614348961661993e-06
40,10,5.0,4.15,4.151428889323407e-05,1.675305958206151e-06
40,10,5.0,4.2,4.1599641749186974e-05,1.739300763585512e-06
40,10,5.0,4.25,4.1688266884381915e-05,1.80617074143563e-06
40,10,5.0,4.3,4.178030417017595e-05,1.8757618072898106e-06
40,10,5.0,4.35,4.187588598263533e-05,1.9479281936418787e-06
40,10,5.0,4.4,4.1975137612246404e-05,2.0225322028470963e-06
40,10,5.0,4.45,4.207817766103888e-05,2.0994439509096653e-06
40,10,5.0,4.5,4.218511842672174e-05,2.178541104848964e-06
40,10,5.0,4.55,4.229606627357995e-05,2.2597086160127737e-06
40,10,5.0,4.6,4.241112198997878e-05,2.3428384514075885e-06
40,10,5.0,4.65,4.2530381132422044e-05,2.427829324846045e-06
40,10,5.0,4.7,4.2653934356197386e-05,2.5145864294657214e-06
40,10,5.0,4.75,4.2781867732709054e-05,2.6030211729518105e-06
40,10,5.0,4.8,4.291426305366387e-05,2.693050916595837e-06
40,10,5.0,4.85,4.305119812232464e-05,2.7845987191433193e-06
40,10,5.0,4.9,4.3192747032097086e-05,2.8775930862224206e-06
40,10,5.0,4.95,4.333898043273422e-05,2.9719677260018716e-06
40,10,5.0,5.0,4.34899657844979e-05,3.0676613115999283e-06
40,15,0.0,0.0,1.541266213431564e-12,8.698357279158635e-11
40,15,0.0,0.05,1.4127381649228266e-11,4.4901640026006254e-10
40,15,0.0,0.1,4.196080465512134e-11,5.732598867040063e-10
40,15,0.0,0.15,6.536999687226358e-11,3.4702088141475916e-10
40,15,0.0,0.2,7.760395873448517e-11,1.6149571351397665e-10
40,15,0.0,0.25,8.321498488694454e-11,7.558928288972006e-11
40,15,0.0,0.3,8.601974145082856e-11,4.1977895725385866e-11
40,15,0.0,0.35,8.775267271610875e-11,2.936100797443018e-11
40,15,0.0,0.4,8.90807476037375e-11,2.4491087802893383e-11
40,15,0.0,0.45,9.024643868184394e-11,2.2395171196640735e-11
40,15,0.0,0.5,9.133602916179334e-11,2.1279226514711216e-11
40,15,0.0,0.55,9.237986639435504e-11,2.050572579403245e-11
40,15,0.0,0.6,9.338849456478082e-11,1.9850093801147523e-11
40,15,0.0,0.65,9.436551235471639e-11,1.923417449454704e-11
40,15,0.0,0.7,9.531212453591183e-11,1.8631540135122016e-11
40,15,0.0,0.75,9.622874758432419e-11,1.80339645194883e-11
40,15,0.0,0.8,9.711557295516736e-11,1.743956986742321e-11
40,15,0.0,0.85,9.797276199174506e-11,1.684864004574877e-11
40,15,0.0,0.9,9.880051077329876e-11,1.6262143389271468e-11
40,15,0.0,0.95,9.959906911779514e-11,1.56812130092964e-11
40,15,0.0,1.0,1.0036874350297148e-10,1.5106965621162908e-11
40,15,0.0,1.05,1.0110989443507034e-10,1.4540440282513027e-11
40,15,0.0,1.1,1.0182293200125592e-10,1.3982579811021674e-11
40,15,0.0,1.15,1.0250831094045558e-10,1.3434227553683049e-11
40,15,0.0,1.2,1.0316652571632724e-10,1.2896129791407927e-11
40,15,0.0,1.25,1.0379810577222129e-10,1.2368940280620023e-11
40,15,0.0,1.3,1.0440361103736147e-10,1.1853225633108796e-11
40,15,0.0,1.35,1.0498362771143658e-10,1.1349471018344011e-11
40,15,0.0,1.4,1.0553876433722391e-10,1.0858085956045296e-11
40,15,0.0,1.45,1.0606964816239568e-10,1.0379410074181279e-11
40,15,0.0,1.5,1.0657692178661801e-10,9.913718752474699e-12
40,15,0.0,1.55,1.0706124008674743e-10,9.461228593950864e-12
40,15,0.0,1.6,1.0752326741037456e-10,9.02210268107614e-12
40,15,0.0,1.65,1.0796367502607811e-10,8.59645558347317e-12
40,15,0.0,1.7,1.0838313881733627e-10,8.184358092907414e-12
40,15,0.0,1.75,1.0878233720600144e-10,7.785841668645798e-12
40,15,0.0,1.8,1.0916194929056852e-10,7.400902582767583e-12
40,15,0.0,1.85,1.0952265318410561e-10,7.029505760647196e-12
40,15,0.0,1.9,1.0986512453656861e-10,6.671588316552653e-12
40,15,0.0,1.95,1.1019003522636167e-10,6.327062788437106e-12
40,15,0.0,2.0,1.1049805220625296e-10,5.995820079309959e-12
40,15,0.0,2.05,1.1078983648924344e-10,5.677732115349594e-12
40,15,0.0,2.1,1.1106604226050009e-10,5.37265423308587e-12
40,15,0.0,2.15,1.1132731610216859e-10,5.080427309659153e-12
40,15,0.0,2.2,1.1157429631859794e-10,4.800879651383614e-12
40,15,0.0,2.25,1.1180761235027341e-10,4.533828656676242e-12
40,15,0.0,2.3,1.1202788426560394e-10,4.279082269903358e-12
40,15,0.0,2.35,1.1223572232052965e-10,4.036440242893663e-12
40,15,0.0,2.4,1.1243172657673259e-10,3.805695220814925e-12
40,15,0.0,2.45,1.1261648657010311e-10,3.5866336688532565e-12
40,15,0.0,2.5,1.1279058102189182e-10,3.3790366557020676e-12
40,15,0.0,2.55,1.1295457758577893e-10,3.1826805092984316e-12
40,15,0.0,2.6,1.1310903262484565e-10,2.9973373595653978e-12
40,15,0.0,2.65,1.1325449101315506e-10,2.8227755821554226e-12
40,15,0.0,2.7,1.1339148595731337e-10,2.6587601563660567e-12
40,15,0.0,2.75,1.1352053883404325e-10,2.5050529495340386e-12
40,15,0.0,2.8,1.1364215904038529e-10,2.361412939322037e-12
40,15,0.0,2.85,1.1375684385366807e-10,2.227596384413647e-12
40,15,0.0,2.9,1.1386507829893867e-10,2.1033569532338156e-12
40,15,0.0,2.95,1.1396733502195913e-10,1.988445819426127e-12
40,15,0.0,3.0,1.1406407416630455e-10,1.882611731955647e-12
40,15,0.0,3.05,1.1415574325349101e-10,1.7856010668693312e-12
40,15,0.0,3.1,1.1424277706535583e-10,1.6971578669460227e-12
40,15,0.0,3.15,1.1432559752824143e-10,1.6170238747034123e-12
40,15,0.0,3.2,1.1440461359875168e-10,1.5449385635094274e-12
40,15,0.0,3.25,1.1448022115112227e-10,1.480639170867931e-12
40,15,0.0,3.3,1.1455280286635246e-10,1.42386073731749e-12
40,15,0.0,3.35,1.1462272812351666e-10,1.3743361537968307e-12
40,15,0.0,3.4,1.1469035289368156e-10,1.331796219794095e-12
40,15,0.0,3.45,1.1475601963704509e-10,1.2959697141036211e-12
40,15,0.0,3.5,1.1482005720396456e-10,1.2665834795707887e-12
40,15,0.0,3.55,1.1488278074058813e-10,1.2433625228028321e-12
40,15,0.0,3.6,1.1494449159985318e-10,1.2260301294658294e-12
40,15,0.0,3.65,1.1500547725866055e-10,1.214307995472882e-12
40,15,0.0,3.7,1.1506601124198972e-10,1.2079163740895832e-12
40,15,0.0,3.75,1.1512635305478253e-10,1.2065742387438244e-12
40,15,0.0,3.8,1.1518674812233126e-10,1.2099994611219177e-12
40,15,0.0,3.85,1.1524742773995967e-10,1.2179090039596185e-12
40,15,0.0,3.9,1.153086090326794e-10,1.230019127795185e-12
40,15,0.0,3.95,1.1537049492553259e-10,1.2460456108350082e-12
40,15,0.0,4.0,1.1543327412522053e-10,1.2657039809937649e-12
40,15,0.0,4.05,1.1549712111362861e-10,1.2887097591030588e-12
40,15,0.0,4.1,1.1556219615376481e-10,1.3147787122344985e-12
40,15,0.0,4.15,1.156286453085975e-10,1.3436271160559292e-12
40,15,0.0,4.2,1.1569660047320512e-10,1.3749720251232617e-12
40,15,0.0,4.25,1.1576617942063057e-10,1.4085315500117869e-12
40,15,0.0,4.3,1.1583748586172521e-10,1.4440251402018553e-12
40,15,0.0,4.35,1.1591060951927396e-10,1.4811738716532293e-12
40,15,0.0,4.4,1.1598562621657685e-10,1.5197007380325006e-12
40,15,0.0,4.45,1.1606259798068547e-10,1.5593309445908316e-12
40,15,0.0,4.5,1.1614157316035547e-10,1.599792203729357e-12
40,15,0.0,4.55,1.1622258655881155e-10,1.6408150313313307e-12
40,15,0.0,4.6,1.1630565958133698e-10,1.6821330429844714e-12
40,15,0.0,4.65,1.1639080039763696e-10,1.72348324926167e-12
40,15,0.0,4.7,1.1647800411894576e-10,1.7646063492743663e-12
40,15,0.0,4.75,1.1656725298973528e-10,1.8052470217563283e-12
40,15,0.0,4.8,1.1665851659390553e-10,1.8451542129792026e-12
40,15,0.0,4.85,1.167517520752925e-10,1.884081420841436e-12
40,15,0.0,4.9,1.1684690437225003e-10,1.921786974512074e-12
40,15,0.0,4.95,1.169439064661041e-10,1.958034309044914e-12
40,15,0.0,5.0,1.1704267964320227e-10,1.9925922344139517e-12
40,15,1.0,0.0,2.6024346387756487e-10,1.6073126884685754e-08
40,15,1.0,0.05,3.391875631171809e-09,1.3244598953419798e-07
40,15,1.0,0.1,1.3509920191109039e-08,2.4297746263339305e-07
40,15,1.0,0.15,2.454938184828655e-08,1.8143773224843267e-07
40,15,1.0,0.2,3.14213192231464e-08,9.930265268101342e-08
40,15,1.0,0.25,3.516698160519597e-08,5.6412265411194994e-08
40,15,1.0,0.3,3.748511270981164e-08,3.9089978128484304e-08
40,15,1.0,0.35,3.9255862192034333e-08,3.2835233029280024e-08
40,15,1.0,0.4,4.0837275177827985e-08,3.0827832585674965e-08
40,15,1.0,0.45,4.236375650107451e-08,3.037782895790814e-08
40,15,1.0,0.5,4.388397112721477e-08,3.0481516566169586e-08
40,15,1.0,0.55,4.541489624376893e-08,3.0771408817015915e-08
40,15,1.0,0.6,4.696194580104831e-08,3.111384478667508e-08
40,15,1.0,0.65,4.8526332837720204e-08,3.1460321125252e-08
40,15,1.0,0.7,5.010774680878048e-08,3.17932632835435e-08
40,15,1.0,0.75,5.170532603798234e-08,3.210633928811899e-08
40,15,1.0,0.8,5.33180118366524e-08,3.239732650016547e-08
40,15,1.0,0.85,5.494467863032848e-08,3.2665527842416294e-08
40,15,1.0,0.9,5.6584182919027794e-08,3.2910834558803957e-08
40,15,1.0,0.95,5.823538274247762e-08,3.31333843834531e-08
40,15,1.0,1.0,5.989714633165374e-08,3.333343494044445e-08
40,15,1.0,1.05,6.156835670064087e-08,3.351131499784992e-08
40,15,1.0,1.1,6.324791462458857e-08,3.366740398238358e-08
40,15,1.0,1.15,6.493474089492047e-08,3.3802121869446785e-08
40,15,1.0,1.2,6.662777818249664e-08,3.3915923004950116e-08
40,15,1.0,1.25,6.832599263762177e-08,3.4009291538011195e-08
40,15,1.0,1.3,7.002837528296474e-08,3.4082737625621626e-08
40,15,1.0,1.35,7.173394322905803e-08,3.413679410079408e-08
40,15,1.0,1.4,7.344174073208837e-08,3.417201348383403e-08
40,15,1.0,1.45,7.515084010962844e-08,3.418896528193028e-08
40,15,1.0,1.5,7.68603425278516e-08,3.418823354430654e-08
40,15,1.0,1.55,7.856937867234611e-08,3.417041464708399e-08
40,15,1.0,1.6,8.027710931342241e-08,3.413611528401564e-08
40,15,1.0,1.65,8.198272577561458e-08,3.408595063988868e-08
40,15,1.0,1.7,8.368545031994486e-08,3.402054272388505e-08
40,15,1.0,1.75,8.53845364464031e-08,3.39405188409889e-08
40,15,1.0,1.8,8.707926912299585e-08,3.384651018057622e-08
40,15,1.0,1.85,8.876896494676564e-08,3.3739150502764985e-08
40,15,1.0,1.9,9.045297224117887e-08,3.3619074904690555e-08
40,15,1.0,1.95,9.213067109350195e-08,3.348691865073417e-08
40,15,1.0,2.0,9.380147333498151e-08,3.334331605261557e-08
40,15,1.0,2.05,9.546482246602647e-08,3.318889938727218e-08
40,15,1.0,2.1,9.712019352800951e-08,3.3024297842418944e-08
40,15,1.0,2.15,9.87670929228631e-08,3.2850136481641314e-08
40,15,1.0,2.2,1.0040505818129331e-07,3.2667035222752604e-08
40,15,1.0,2.25,1.0203365768013762e-07,3.247560782491523e-08
40,15,1.0,2.3,1.0365249030923284e-07,3.227646088168429e-08
40,15,1.0,2.35,1.0526118508806799e-07,3.207019281864587e-08
40,15,1.0,2.4,1.0685940073240877e-07,3.18573928956598e-08
40,15,1.0,2.45,1.0844682517119546e-07,3.1638640214939223e-08
40,15,1.0,2.5,1.1002317501401693e-07,3.141450273719953e-08
40,15,1.0,2.55,1.115881949696711e-07,3.118553630899636e-08
40,15,1.0,2.6,1.1314165721643892e-07,3.0952283705056414e-08
40,15,1.0,2.65,1.1468336072494968e-07,3.0715273689960665e-08
40,15,1.0,2.7,1.16213130534705e-07,3.047502010392238e-08
40,15,1.0,2.75,1.1773081698559707e-07,3.023202097766103e-08
40,15,1.0,2.8,1.1923629490601583e-07,2.998675768149412e-08
40,15,1.0,2.85,1.2072946275935707e-07,2.9739694113760365e-08
40,15,1.0,2.9,1.2221024175105248e-07,2.9491275933594395e-08
40,15,1.0,2.95,1.2367857489844427e-07,2.9241929842858576e-08
40,15,1.0,3.0,1.2513442606607455e-07,2.899206292175519e-08
40,15,1.0,3.05,1.265777789691928e-07,2.8742062022288686e-08
40,15,1.0,3.1,1.2800863614845687e-07,2.8492293223325877e-08
40,15,1.0,3.15,1.2942701791900263e-07,2.8243101350545187e-08
40,15,1.0,3.2,1.3083296129718083e-07,2.7994809564061953e-08
40,15,1.0,3.25,1.322265189084307e-07,2.774771901600351e-08
40,15,1.0,3.3,1.3360775787980363e-07,2.7502108579758403e-08
40,15,1.0,3.35,1.3497675872077763e-07,2.7258234652094105e-08
40,15,1.0,3.4,1.363336141960088e-07,2.7016331028787862e-08
40,15,1.0,3.45,1.3767842819370716e-07,2.6776608853889837e-08
40,15,1.0,3.5,1.390113145933072e-07,2.6539256642225002e-08
40,15,1.0,3.55,1.4033239613608907e-07,2.6304440374252607e-08
40,15,1.0,3.6,1.4164180330229493e-07,2.607230366192746e-08
40,15,1.0,3.65,1.429396731983175e-07,2.5842967983799957e-08
40,15,1.0,3.7,1.4422614845729617e-07,2.5616532987167137e-08
40,15,1.0,3.75,1.4550137615646166e-07,2.5393076854750995e-08
40,15,1.0,3.8,1.4676550675436846e-07,2.5172656733045877e-08
40,15,1.0,3.85,1.480186930510149e-07,2.4955309219201268e-08
40,15,1.0,3.9,1.4926108917370659e-07,2.4741050903063454e-08
40,15,1.0,3.95,1.5049284959131876e-07,2.4529878960798177e-08
40,15,1.0,4.0,1.5171412815946813e-07,2.4321771796356006e-08
40,15,1.0,4.05,1.5292507719885148e-07,2.4116689726910686e-08
40,15,1.0,4.1,1.5412584660889634e-07,2.3914575708321832e-08
40,15,1.0,4.15,1.5531658301858153e-07,2.37153560966085e-08
40,15,1.0,4.2,1.564974289761589e-07,2.3518941441404524e-08
40,15,1.0,4.25,1.5766852217926557e-07,2.332522730737444e-08
40,15,1.0,4.3,1.588299947467103e-07,2.313409511959595e-08
40,15,1.0,4.35,1.599819725330636e-07,2.294541302898631e-08
40,15,1.0,4.4,1.6112457448692176e-07,2.2759036793918804e-08
40,15,1.0,4.45,1.622579120535986e-07,2.2574810674290703e-08
40,15,1.0,4.5,1.6338208862272984e-07,2.2392568334407782e-08
40,15,1.0,4.55,1.644971990211936e-07,2.221213375119899e-08
40,15,1.0,4.6,1.6560332905149477e-07,2.2033322124407716e-08
40,15,1.0,4.65,1.667005550756361e-07,2.185594078556608e-08
40,15,1.0,4.7,1.6778894364435244e-07,2.1679790102724555e-08
40,15,1.0,4.75,1.6886855117142013e-07,2.150466437807158e-08
40,15,1.0,4.8,1.699394236525883e-07,2.133035273575135e-08
40,15,1.0,4.85,1.710015964286389e-07,2.1156639997369996e-08
40,15,1.0,4.9,1.7205509399183213e-07,2.09833075428412e-08
40,15,1.0,4.95,1.7309992983500864e-07,2.0810134154411815e-08
40,15,1.0,5.0,1.7413610634240627e-07,2.063689684186544e-08
40,15,2.0,0.0,1.0288769677543999e-09,6.656436579971235e-08
40,15,2.0,0.05,1.8037772548727725e-08,8.36597507870865e-07
40,15,2.0,0.1,9.877314526208083e-08,2.2631059199878123e-06
40,15,2.0,0.15,2.1380922415346373e-07,2.072578547128454e-06
40,15,2.0,0.2,2.96019790376657e-07,1.2385467530335785e-06
40,15,2.0,0.25,3.4365812186839364e-07,7.304870919193352e-07
40,15,2.0,0.3,3.739683505243912e-07,5.158324464614984e-07
40,15,2.0,0.35,3.974917097529836e-07,4.390973935231097e-07
40,15,2.0,0.4,4.187658636244301e-07,4.1719298383359695e-07
40,15,2.0,0.45,4.3954278699951696e-07,4.1583898871884794e-07
40,15,2.0,0.5,4.604698777671724e-07,4.2193736747578175e-07
40,15,2.0,0.55,4.817778365740147e-07,4.3060578365716497e-07
40,15,2.0,0.6,5.035425691573352e-07,4.4003462600238376e-07
40,15,2.0,0.65,5.257825239368794e-07,4.4954933312042825e-07
40,15,2.0,0.7,5.484945789879285e-07,4.588932012102888e-07
40,15,2.0,0.75,5.716672595950492e-07,4.679637103812923e-07
40,15,2.0,0.8,5.952856331709782e-07,4.7671587019795673e-07
40,15,2.0,0.85,6.193331554772779e-07,4.851268406539763e-07
40,15,2.0,0.9,6.43792401173119e-07,4.931829856407982e-07
40,15,2.0,0.95,6.686453858259318e-07,5.008751238214084e-07
40,15,2.0,1.0,6.938737375568641e-07,5.081967680705704e-07
40,15,2.0,1.05,7.194588123084036e-07,5.151434502025156e-07
40,15,2.0,1.1,7.453817867711583e-07,5.217124367936007e-07
40,15,2.0,1.15,7.716237411647953e-07,5.279025836633402e-07
40,15,2.0,1.2,7.981657361428862e-07,5.337142377779633e-07
40,15,2.0,1.25,8.249888852407166e-07,5.391491540637003e-07
40,15,2.0,1.3,8.520744232817358e-07,5.442104159428135e-07
40,15,2.0,1.35,8.794037708231794e-07,5.489023560973349e-07
40,15,2.0,1.4,9.069585946269901e-07,5.532304766936895e-07
40,15,2.0,1.45,9.347208641308239e-07,5.572013692249398e-07
40,15,2.0,1.5,9.626729039104981e-07,5.608226344006133e-07
40,15,2.0,1.55,9.907974421478332e-07,5.641028025538422e-07
40,15,2.0,1.6,1.019077655141026e-06,5.670512549980375e-07
40,15,2.0,1.65,1.0474972079143624e-06,5.696781467039506e-07
40,15,2.0,1.7,1.0760402910013825e-06,5.719943306040768e-07
40,15,2.0,1.75,1.104691653489185e-06,5.740112837729706e-07
40,15,2.0,1.8,1.1334366324228701e-06,5.757410356796081e-07
40,15,2.0,1.85,1.1622611786776614e-06,5.771960986637422e-07
40,15,2.0,1.9,1.1911518794128356e-06,5.783894007509643e-07
40,15,2.0,1.95,1.2200959772267796e-06,5.79334220890788e-07
40,15,2.0,2.0,1.2490813861356981e-06,5.800441266772224e-07
40,15,2.0,2.05,1.2780967045014312e-06,5.805329145921626e-07
40,15,2.0,2.1,1.3071312250348997e-06,5.808145527965095e-07
40,15,2.0,2.15,1.3361749420032007e-06,5.809031264827435e-07
40,15,2.0,2.2,1.36521855576851e-06,5.808127857939441e-07
40,15,2.0,2.25,1.3942534747869981e-06,5.805576963079371e-07
40,15,2.0,2.3,1.423271815195976e-06,5.801519920807338e-07
40,15,2.0,2.35,1.4522663981171168e-06,5.796097312400029e-07
40,15,2.0,2.4,1.481230744802722e-06,5.78944854116546e-07
40,15,2.0,2.45,1.510159069751817e-06,5.781711438996856e-07
40,15,2.0,2.5,1.5390462719216606e-06,5.773021898002174e-07
40,15,2.0,2.55,1.5678879241599144e-06,5.763513527025892e-07
40,15,2.0,2.6,1.5966802609809978e-06,5.753317332852761e-07
40,15,2.0,2.65,1.6254201648098198e-06,5.742561425858398e-07
40,15,2.0,2.7,1.6541051508143015e-06,5.731370749838083e-07
40,15,2.0,2.75,1.6827333504468262e-06,5.719866835709752e-07
40,15,2.0,2.8,1.7113034938132244e-06,5.708167578747755e-07
40,15,2.0,2.85,1.7398148909859667e-06,5.696387038959984e-07
40,15,2.0,2.9,1.7682674123761295e-06,5.68463526417433e-07
40,15,2.0,2.95,1.7966614682766656e-06,5.673018135352616e-07
40,15,2.0,3.0,1.824997987686665e-06,5.661637233599012e-07
40,15,2.0,3.05,1.8532783965236935e-06,5.650589728280048e-07
40,15,2.0,3.1,1.8815045953281896e-06,5.639968285622958e-07
40,15,2.0,3.15,1.909678936560685e-06,5.629860997110553e-07
40,15,2.0,3.2,1.9378042015889558e-06,5.620351326943972e-07
40,15,2.0,3.25,1.9658835774585092e-06,5.611518077801082e-07
40,15,2.0,3.3,1.9939206335360167e-06,5.603435374078828e-07
40,15,2.0,3.35,2.021919298110798e-06,5.596172661771412e-07
40,15,2.0,3.4,2.0498838350355834e-06,5.589794724106085e-07
40,15,2.0,3.45,2.0778188204828197e-06,5.584361712031682e-07
40,15,2.0,3.5,2.105729119888788e-06,5.579929188635764e-07
40,15,2.0,3.55,2.1336198651526003e-06,5.576548186550311e-07
40,15,2.0,3.6,2.1614964321526054e-06,5.574265277397262e-07
40,15,2.0,3.65,2.189364418638416e-06,5.573122652322743e-07
40,15,2.0,3.7,2.2172296225510333e-06,5.573158212668497e-07
40,15,2.0,3.75,2.245098020819943e-06,5.574405669838956e-07
40,15,2.0,3.8,2.2729757486805234e-06,5.576894653433251e-07
40,15,2.0,3.85,2.3008690795507468e-06,5.580650826728848e-07
40,15,2.0,3.9,2.3287844055020107e-06,5.585696008625994e-07
40,15,2.0,3.95,2.356728218353948e-06,5.5920483011869e-07
40,15,2.0,4.0,2.3847070914191168e-06,5.59972222193285e-07
40,15,2.0,4.05,2.412727661919477e-06,5.608728840095694e-07
40,15,2.0,4.1,2.4407966140923387e-06,5.619075916054079e-07
40,15,2.0,4.15,2.468920662999995e-06,5.630768043223228e-07
40,15,2.0,4.2,2.497106539053365e-06,5.643806791705228e-07
40,15,2.0,4.25,2.5253609732570124e-06,5.658190853048192e-07
40,15,2.0,4.3,2.553690683179467e-06,5.673916185503774e-07
40,15,2.0,4.35,2.582102359649877e-06,5.690976159214422e-07
40,15,2.0,4.4,2.6106026541791836e-06,5.709361700803992e-07
40,15,2.0,4.45,2.639198167101933e-06,5.729061436888349e-07
40,15,2.0,4.5,2.667895436431973e-06,5.750061836062909e-07
40,15,2.0,4.55,2.6967009274232196e-06,5.772347348965394e-07
40,15,2.0,4.6,2.7256210228255353e-06,5.795900546053364e-07
40,15,2.0,4.65,2.7546620138227246e-06,5.820702252772061e-07
40,15,2.0,4.7,2.783830091639554e-06,5.846731681828211e-07
40,15,2.0,4.75,2.81313133980214e-06,5.873966562319154e-07
40,15,2.0,4.8,2.842571727035851e-06,5.902383265501984e-07
40,15,2.0,4.85,2.872157100783087e-06,5.931956927018558e-07
40,15,2.0,4.9,2.9018931813231704e-06,5.962661565423971e-07
40,15,2.0,4.95,2.9317855564752775e-06,5.994470196893257e-07
40,15,2.0,5.0,2.961839676865097e-06,6.02735494600838e-07
40,15,3.0,0.0,1.399928380989245e-09,9.064615502693283e-08
40,15,3.0,0.05,3.009708620391162e-08,1.5996011425549137e-06
40,15,3.0,0.1,2.288787398401708e-07,6.500485785447827e-06
40,15,3.0,0.15,6.035494431012837e-07,7.397956824784471e-06
40,15,3.0,0.2,9.075686858233152e-07,4.666123113018842e-06
40,15,3.0,0.25,1.0845609737060896e-06,2.6354017682424757e-06
40,15,3.0,0.3,1.1899075656979114e-06,1.7161974102814529e-06
40,15,3.0,0.35,1.2655215053636172e-06,1.3673539792437111e-06
40,15,3.0,0.4,1.3304045876162872e-06,1.2505896912278575e-06
40,15,3.0,0.45,1.391988589500265e-06,1.2210382932949292e-06
40,15,3.0,0.5,1.453013245441961e-06,1.2228259417305015e-06
40,15,3.0,0.55,1.5144398751532655e-06,1.2351256782166526e-06
40,15,3.0,0.6,1.5765706196312436e-06,1.2502575670571275e-06
40,15,3.0,0.65,1.6394648236155218e-06,1.265393754150501e-06
40,15,3.0,0.7,1.7030923269857068e-06,1.2794893265549038e-06
40,15,3.0,0.75,1.767389827434857e-06,1.2921564624370893e-06
40,15,3.0,0.8,1.8322817463124968e-06,1.3032528305600843e-06
40,15,3.0,0.85,1.897688124274675e-06,1.3127312447513506e-06
40,15,3.0,0.9,1.9635277766841907e-06,1.3205846289828594e-06
40,15,3.0,0.95,2.0297197085025965e-06,1.3268256785256114e-06
40,15,3.0,1.0,2.0961838795540388e-06,1.3314791183446392e-06
40,15,3.0,1.05,2.1628417156287603e-06,1.3345785168220344e-06
40,15,3.0,1.1,2.229616508077339e-06,1.336164735942201e-06
40,15,3.0,1.15,2.2964337529462567e-06,1.3362849636701636e-06
40,15,3.0,1.2,2.3632214477439957e-06,1.3349919518000095e-06
40,15,3.0,1.25,2.429910352252858e-06,1.3323433281096268e-06
40,15,3.0,1.3,2.496434215827614e-06,1.3284009401681965e-06
40,15,3.0,1.35,2.562729972411835e-06,1.3232302196120827e-06
40,15,3.0,1.4,2.6287379042612383e-06,1.3168995664860181e-06
40,15,3.0,1.45,2.694401775443566e-06,1.3094797565460126e-06
40,15,3.0,1.5,2.7596689363513344e-06,1.3010433750392716e-06
40,15,3.0,1.55,2.824490400633133e-06,1.291664280157365e-06
40,15,3.0,1.6,2.888820896094778e-06,1.281417098747822e-06
40,15,3.0,1.65,2.952618891233509e-06,1.2703767561915261e-06
40,15,3.0,1.7,3.0158465991479607e-06,1.258618041707303e-06
40,15,3.0,1.75,3.0784699606138335e-06,1.2462152097507395e-06
40,15,3.0,1.8,3.140458608136117e-06,1.2332416176544003e-06
40,15,3.0,1.85,3.2017858127837767e-06,1.2197693992023606e-06
40,15,3.0,1.9,3.2624284155878156e-06,1.2058691734515294e-06
40,15,3.0,1.95,3.3223667452412436e-06,1.1916097877928527e-06
40,15,3.0,2.0,3.3815845237822796e-06,1.17705809399042e-06
40,15,3.0,2.05,3.440068761873799e-06,1.1622787557332184e-06
40,15,3.0,2.1,3.4978096452146898e-06,1.1473340860826494e-06
40,15,3.0,2.15,3.5548004135352286e-06,1.13228391308991e-06
40,15,3.0,2.2,3.611037233540272e-06,1.11718547178677e-06
40,15,3.0,2.25,3.6665190670731813e-06,1.1020933207153976e-06
40,15,3.0,2.3,3.721247535681099e-06,1.087059281152821e-06
40,15,3.0,2.35,3.7752267826708783e-06,1.0721323971990468e-06
40,15,3.0,2.4,3.828463333653195e-06,1.0573589149299237e-06
40,15,3.0,2.45,3.880965956484563e-06,1.0427822788637846e-06
40,15,3.0,2.5,3.932745521429843e-06,1.0284431440505429e-06
40,15,3.0,2.55,3.98381486228619e-06,1.0143794021612016e-06
40,15,3.0,2.6,4.0341886391288585e-06,1.0006262200313926e-06
40,15,3.0,2.65,4.083883203264828e-06,9.872160891932417e-07
40,15,3.0,2.7,4.13291646490892e-06,9.741788850133603e-07
40,15,3.0,2.75,4.181307764029526e-06,9.615419341395515e-07
40,15,3.0,2.8,4.229077744749308e-06,9.493300890442287e-07
40,15,3.0,2.85,4.276248233626384e-06,9.375658085366624e-07
40,15,3.0,2.9,4.322842122088694e-06,9.262692431994762e-07
40,15,3.0,2.95,4.368883253243136e-06,9.154583247853675e-07
40,15,3.0,3.0,4.414396313234621e-06,9.051488586882988e-07
40,15,3.0,3.05,4.459406727288715e-06,8.953546186788233e-07
40,15,3.0,3.1,4.50394056053206e-06,8.860874431652334e-07
40,15,3.0,3.15,4.5480244236500085e-06,8.773573323110329e-07
40,15,3.0,3.2,4.591685383408764e-06,8.691725454045445e-07
40,15,3.0,3.25,4.634950878040764e-06,8.61539697938365e-07
40,15,3.0,3.3,4.677848637466784e-06,8.544638579147004e-07
40,15,3.0,3.35,4.72040660830466e-06,8.479486409474902e-07
40,15,3.0,3.4,4.762652883595465e-06,8.419963037837962e-07
40,15,3.0,3.45,4.80461563715881e-06,8.366078359148571e-07
40,15,3.0,3.5,4.846323062475243e-06,8.317830489923288e-07
40,15,3.0,3.55,4.887803315979312e-06,8.275206638067486e-07
40,15,3.0,3.6,4.9290844646363245e-06,8.238183946240521e-07
40,15,3.0,3.65,4.970194437666252e-06,8.206730307115884e-07
40,15,3.0,3.7,5.011160982270859e-06,8.180805149180777e-07
40,15,3.0,3.75,5.0520116232138525e-06,8.160360192020085e-07
40,15,3.0,3.8,5.092773626099526e-06,8.145340170306831e-07
40,15,3.0,3.85,5.133473964191932e-06,8.135683525971632e-07
40,15,3.0,3.9,5.174139288614799e-06,8.131323068251467e-07
40,15,3.0,3.95,5.214795901770848e-06,8.132186601523315e-07
40,15,3.0,4.0,5.25546973382046e-06,8.138197521013226e-07
40,15,3.0,4.05,5.296186322058394e-06,8.149275376633515e-07
40,15,3.0,4.1,5.336970793031268e-06,8.165336405348533e-07
40,15,3.0,4.15,5.377847847239231e-06,8.186294032595846e-07
40,15,3.0,4.2,5.41884174626846e-06,8.21205934340032e-07
40,15,3.0,4.25,5.45997630220515e-06,8.24254152391564e-07
40,15,3.0,4.3,5.501274869184935e-06,8.277648274207835e-07
40,15,3.0,4.35,5.542760336936122e-06,8.31728619316368e-07
40,15,3.0,4.4,5.584455126179806e-06,8.361361136462784e-07
40,15,3.0,4.45,5.6263811857544335e-06,8.409778548595386e-07
40,15,3.0,4.5,5.668559991337669e-06,8.462443769942659e-07
40,15,3.0,4.55,5.711012545643761e-06,8.519262319960622e-07
40,15,3.0,4.6,5.753759379978736e-06,8.580140157522791e-07
40,15,3.0,4.65,5.796820557043051e-06,8.644983919487831e-07
40,15,3.0,4.7,5.840215674874539e-06,8.71370113855565e-07
40,15,3.0,4.75,5.883963871830824e-06,8.7862004414727e-07
40,15,3.0,4.8,5.928083832516504e-06,8.862391728636345e-07
40,15,3.0,4.85,5.972593794563142e-06,8.942186336130113e-07
40,15,3.0,4.9,6.0175115561786e-06,9.025497181205903e-07
40,15,3.0,4.95,6.062854484383516e-06,9.112238892200999e-07
40,15,3.0,5.0,6.108639523861184e-06,9.202327923855843e-07
40,15,4.0,0.0,1.9468890923900718e-09,1.208971985511575e-07
40,15,4.0,0.05,4.596247009578486e-08,2.703705847380953e-06
40,15,4.0,0.1,4.853418005670627e-07,1.677788655127144e-05
40,15,4.0,0.15,1.614643441992866e-06,2.4849782052403883e-05
40,15,4.0,0.2,2.68643017245521e-06,1.6915391485824887e-05
40,15,4.0,0.25,3.3192469414291503e-06,9.097086308970914e-06
40,15,4.0,0.3,3.6648168649320355e-06,5.269172567657185e-06
40,15,4.0,0.35,3.884037747723319e-06,3.7432656847466323e-06
40,15,4.0,0.4,4.054766091264432e-06,3.1801066057846443e-06
40,15,4.0,0.45,4.207914814551416e-06,2.9802657598571817e-06
40,15,4.0,0.5,4.354894702305655e-06,2.9109393673155678e-06
40,15,4.0,0.55,4.499718027921357e-06,2.88579825111422e-06
40,15,4.0,0.6,4.643676672623193e-06,2.87338086228718e-06
40,15,4.0,0.65,4.787075472556488e-06,2.862341461468628e-06
40,15,4.0,0.7,4.929865483293576e-06,2.848660854120089e-06
40,15,4.0,0.75,5.071874572308841e-06,2.830990171245454e-06
40,15,4.0,0.8,5.212891694434783e-06,2.8089621169197722e-06
40,15,4.0,0.85,5.352698120602744e-06,2.782578660168616e-06
40,15,4.0,0.9,5.491079409686584e-06,2.7519881205665805e-06
40,15,4.0,0.95,5.6278303370953335e-06,2.7174028672425817e-06
40,15,4.0,1.0,5.762757188120663e-06,2.6790677330009534e-06
40,15,4.0,1.05,5.895679005609091e-06,2.637246719979651e-06
40,15,4.0,1.1,6.026428366002419e-06,2.592216332850443e-06
40,15,4.0,1.15,6.1548518930711686e-06,2.5442613626850787e-06
40,15,4.0,1.2,6.280810588491699e-06,2.4936716395354503e-06
40,15,4.0,1.25,6.404180012554003e-06,2.4407392383369578e-06
40,15,4.0,1.3,6.524850332581729e-06,2.3857559666841873e-06
40,15,4.0,1.35,6.64272625159914e-06,2.329011083027824e-06
40,15,4.0,1.4,6.75772682838955e-06,2.2707892335644256e-06
40,15,4.0,1.45,6.8697851998465316e-06,2.2113686072431127e-06
40,15,4.0,1.5,6.978848216545219e-06,2.1510193095461557e-06
40,15,4.0,1.55,7.084876002450111e-06,2.090001953711589e-06
40,15,4.0,1.6,7.187841449539884e-06,2.0285664652791238e-06
40,15,4.0,1.65,7.287729657855074e-06,1.9669510931164678e-06
40,15,4.0,1.7,7.384537331072424e-06,1.9053816177232464e-06
40,15,4.0,1.75,7.4782721371973266e-06,1.8440707456958667e-06
40,15,4.0,1.8,7.568952043374521e-06,1.7832176777808475e-06
40,15,4.0,1.85,7.65660463315939e-06,1.7230078369154109e-06
40,15,4.0,1.9,7.741266413894916e-06,1.6636127420160994e-06
40,15,4.0,1.95,7.822982121119562e-06,1.6051900129802864e-06
40,15,4.0,2.0,7.90180402620207e-06,1.5478834923667893e-06
40,15,4.0,2.05,7.977791252679066e-06,1.4918234694695465e-06
40,15,4.0,2.1,8.051009106066547e-06,1.4371269929523245e-06
40,15,4.0,2.15,8.121528421240738e-06,1.383898258826688e-06
40,15,4.0,2.2,8.189424930839394e-06,1.3322290612933015e-06
40,15,4.0,2.25,8.254778657532225e-06,1.2821992947937257e-06
40,15,4.0,2.3,8.317673332448244e-06,1.23387749650544e-06
40,15,4.0,2.35,8.37819584153136e-06,1.187321419430677e-06
40,15,4.0,2.4,8.436435701127885e-06,1.1425786271587564e-06
40,15,4.0,2.45,8.492484563685264e-06,1.0996871023018356e-06
40,15,4.0,2.5,8.546435754064572e-06,1.0586758615025253e-06
40,15,4.0,2.55,8.598383836636315e-06,1.019565570775371e-06
40,15,4.0,2.6,8.648424213036414e-06,9.823691557650051e-07
40,15,4.0,2.65,8.696652750210864e-06,9.470924022752156e-07
40,15,4.0,2.7,8.743165438159138e-06,9.137345431403691e-07
40,15,4.0,2.75,8.788058076611048e-06,8.822888281725799e-07
40,15,4.0,2.8,8.831425989721253e-06,8.527430745221819e-07
40,15,4.0,2.85,8.873363767746436e-06,8.250801953369163e-07
40,15,4.0,2.9,8.91396503457891e-06,7.992787050974988e-07
40,15,4.0,2.95,8.953322239937791e-06,7.753132004458803e-07
40,15,4.0,3.0,8.991526474971794e-06,7.531548157104608e-07
40,15,4.0,3.05,9.028667309995761e-06,7.327716526722571e-07
40,15,4.0,3.1,9.064832653067358e-06,7.141291844110794e-07
40,15,4.0,3.15,9.100108628109352e-06,6.971906333243652e-07
40,15,4.0,3.2,9.134579471293926e-06,6.819173236271353e-07
40,15,4.0,3.25,9.168327444422951e-06,6.682690088221876e-07
40,15,4.0,3.3,9.2014327640697e-06,6.562041747795872e-07
40,15,4.0,3.35,9.233973545280002e-06,6.456803191859416e-07
40,15,4.0,3.4,9.266025758673361e-06,6.366542082203331e-07
40,15,4.0,3.45,9.297663199826691e-06,6.290821113879584e-07
40,15,4.0,3.5,9.328957469875706e-06,6.229200154972338e-07
40,15,4.0,3.55,9.359977966313645e-06,6.181238188033022e-07
40,15,4.0,3.6,9.390791883023423e-06,6.146495063637342e-07
40,15,4.0,3.65,9.421464218630511e-06,6.124533076620185e-07
40,15,4.0,3.7,9.452057792314828e-06,6.114918375531112e-07
40,15,4.0,3.75,9.48263326627523e-06,6.11722221575329e-07
40,15,4.0,3.8,9.513249174089955e-06,6.131022066547176e-07
40,15,4.0,3.85,9.54396195426833e-06,6.155902582038316e-07
40,15,4.0,3.9,9.574825988337039e-06,6.191456445873042e-07
40,15,4.0,3.95,9.60589364285415e-06,6.237285098934054e-07
40,15,4.0,4.0,9.637215314787793e-06,6.292999359138578e-07
40,15,4.0,4.05,9.668839479742278e-06,6.358219941956079e-07
40,15,4.0,4.1,9.700812742555744e-06,6.432577889875454e-07
40,15,4.0,4.15,9.733179889833987e-06,6.515714918639049e-07
40,15,4.0,4.2,9.765983944022932e-06,6.607283687639971e-07
40,15,4.0,4.25,9.799266218657803e-06,6.706948001460871e-07
40,15,4.0,4.3,9.833066374462103e-06,6.814382949116319e-07
40,15,4.0,4.35,9.867422475999345e-06,6.929274987151042e-07
40,15,4.0,4.4,9.902371048612631e-06,7.051321972348158e-07
40,15,4.0,4.45,9.937947135412618e-06,7.180233149410369e-07
40,15,4.0,4.5,9.97418435410188e-06,7.315729098602966e-07
40,15,4.0,4.55,1.0011114953447165e-05,7.457541647985516e-07
40,15,4.0,4.6,1.0048769869233294e-05,7.60541375451196e-07
40,15,4.0,4.65,1.0087178779552931e-05,7.75909935794832e-07
40,15,4.0,4.7,1.0126370159305574e-05,7.918363211241905e-07
40,15,4.0,4.75,1.0166371333796781e-05,8.082980690678853e-07
40,15,4.0,4.8,1.0207208531343847e-05,8.252737588882171e-07
40,15,4.0,4.85,1.0248906934809409e-05,8.427429893439517e-07
40,15,4.0,4.9,1.0291490731997722e-05,8.606863553697038e-07
40,15,4.0,4.95,1.0334983164860396e-05,8.790854238024468e-07
40,15,4.0,5.0,1.0379406577468218e-05,8.979227083634157e-07
40,15,5.0,0.0,2.6302512703004185e-09,1.5056941679856747e-07
40,15,5.0,0.05,6.054155304992822e-08,3.8005944983451467e-06
40,15,5.0,0.1,8.683104705894934e-07,3.586495622311203e-05
40,15,5.0,0.15,3.794829146141049e-06,7.331140301044051e-05
40,15,5.0,0.2,7.197613469655818e-06,5.653692169589406e-05
40,15,5.0,0.25,9.31840587127776e-06,2.9949652596120922e-05
40,15,5.0,0.3,1.040870228406818e-05,1.558624197521951e-05
40,15,5.0,0.35,1.1016604165168072e-05,9.652004151746524e-06
40,15,5.0,0.4,1.1433612533846142e-05,7.390874600137095e-06
40,15,5.0,0.45,1.1778313305370798e-05,6.530223462042892e-06
40,15,5.0,0.5,1.2094789362676368e-05,6.175779487964962e-06
40,15,5.0,0.55,1.239870734933975e-05,5.99656889738249e-06
40,15,5.0,0.6,1.2695333474396725e-05,5.8728659215546665e-06
40,15,5.0,0.65,1.2986193457996908e-05,5.761953946973781e-06
40,15,5.0,0.7,1.327148867498992e-05,5.648925798606749e-06
40,15,5.0,0.75,1.3550967583889761e-05,5.528897314028807e-06
40,15,5.0,0.8,1.3824240071937187e-05,5.400607873651724e-06
40,15,5.0,0.85,1.4090891479352706e-05,5.264119558746823e-06
40,15,5.0,0.9,1.4350524531257387e-05,5.1199871355651596e-06
40,15,5.0,0.95,1.4602775160897984e-05,4.96895507964747e-06
40,15,5.0,1.0,1.484731869712451e-05,4.8118433840448395e-06
40,15,5.0,1.05,1.5083872319759325e-05,4.649501124172253e-06
40,15,5.0,1.1,1.5312195907837687e-05,4.482784564287644e-06
40,15,5.0,1.15,1.5532092058047806e-05,4.312544424038729e-06
40,15,5.0,1.2,1.5743405572026523e-05,4.139616860797478e-06
40,15,5.0,1.25,1.594602254234775e-05,3.964816259345171e-06
40,15,5.0,1.3,1.613986910819269e-05,3.788929169266651e-06
40,15,5.0,1.35,1.6324909931445355e-05,3.6127091636293146e-06
40,15,5.0,1.4,1.6501146436897984e-05,3.4368725359923297e-06
40,15,5.0,1.45,1.6668614857376094e-05,3.26209479440749e-06
40,15,5.0,1.5,1.6827384122772036e-05,3.0890079178181294e-06
40,15,5.0,1.55,1.6977553630164774e-05,2.9181983361209544e-06
40,15,5.0,1.6,1.7119250930104657e-05,2.7502055885399376e-06
40,15,5.0,1.65,1.725262936171184e-05,2.5855216088668456e-06
40,15,5.0,1.7,1.7377865666548945e-05,2.42459058146646e-06
40,15,5.0,1.75,1.7495157608333754e-05,2.267809308936735e-06
40,15,5.0,1.8,1.7604721622569225e-05,2.1155280309090126e-06
40,15,5.0,1.85,1.7706790517126483e-05,1.9680516334758297e-06
40,15,5.0,1.9,1.7801611241828837e-05,1.8256411899692826e-06
40,15,5.0,1.95,1.7889442742162103e-05,1.6885157760333336e-06
40,15,5.0,2.0,1.7970553909464363e-05,1.556854504966198e-06
40,15,5.0,2.05,1.8045221637330295e-05,1.4307987329246607e-06
40,15,5.0,2.1,1.8113728991548917e-05,1.310454387628516e-06
40,15,5.0,2.15,1.817636349867685e-05,1.195894378505875e-06
40,15,5.0,2.2,1.8233415556363642e-05,1.0871610506495018e-06
40,15,5.0,2.25,1.8285176966767495e-05,9.842686493908154e-07
40,15,5.0,2.3,1.8331939592857004e-05,8.872057666489008e-07
40,15,5.0,2.35,1.8373994136051842e-05,7.95937744398272e-07
40,15,5.0,2.4,1.8411629032525714e-05,7.104090145652974e-07
40,15,5.0,2.45,1.8445129464554054e-05,6.305453583646616e-07
40,15,5.0,2.5,1.8474776482524166e-05,5.562560714970824e-07
40,15,5.0,2.55,1.8500846232629085e-05,4.874360247304853e-07
40,15,5.0,2.6,1.8523609284807098e-05,4.2396761217254593e-07
40,15,5.0,2.65,1.8543330055175944e-05,3.657225820150542e-07
40,15,5.0,2.7,1.856026631699638e-05,3.125637466976051e-07
40,15,5.0,2.75,1.8574668794103443e-05,2.643465713135263e-07
40,15,5.0,2.8,1.8586780830717502e-05,2.2092064068100452e-07
40,15,5.0,2.85,1.8596838131611758e-05,1.82131006846924e-07
40,15,5.0,2.9,1.860506856672317e-05,1.478194199009276e-07
40,15,5.0,2.95,1.861169203446287e-05,1.1782544587397541e-07
40,15,5.0,3.0,1.8616920378192567e-05,9.198747620172511e-08
40,15,5.0,3.05,1.8620957350564544e-05,7.014363376902168e-08
40,15,5.0,3.1,1.862399862069305e-05,5.2132580939062124e-08
40,15,5.0,3.15,1.8626231819391683e-05,3.7794235228199874e-08
40,15,5.0,3.2,1.8627836618008042e-05,2.6970398433609477e-08
40,15,5.0,3.25,1.862898483667307e-05,1.9505305073021833e-08
40,15,5.0,3.3,1.8629840578076177e-05,1.5246095967993435e-08
40,15,5.0,3.35,1.8630560383168118e-05,1.4043222709982748e-08
40,15,5.0,3.4,1.8631293405476904e-05,1.575078860277439e-08
40,15,5.0,3.45,1.863218160099482e-05,2.022683148772614e-08
40,15,5.0,3.5,1.8633359930862512e-05,2.733355363856711e-08
40,15,5.0,3.55,1.863495657432911e-05,3.69375036693204e-08
40,15,5.0,3.6,1.863709314970414e-05,4.890971513893771e-08
40,15,5.0,3.65,1.863988494125212e-05,6.312580626571748e-08
40,15,5.0,3.7,1.8643441130185258e-05,7.946604488908926e-08
40,15,5.0,3.75,1.8647865028117444e-05,9.781538253962549e-08
40,15,5.0,3.8,1.8653254311525122e-05,1.1806346120435347e-07
40,15,5.0,3.85,1.8659701255932282e-05,1.401045961057231e-07
40,15,5.0,3.9,1.8667292968699992e-05,1.6383773755222987e-07
40,15,5.0,3.95,1.867611161944391e-05,1.891664146673742e-07
40,15,5.0,4.0,1.8686234667239e-05,2.1599866356341645e-07
40,15,5.0,4.05,1.8697735083893746e-05,2.4424694229807667e-07
40,15,5.0,4.1,1.8710681572685364e-05,2.73828034736081e-07
40,15,5.0,4.15,1.8725138782052563e-05,3.0466294523446763e-07
40,15,5.0,4.2,1.874116751382813e-05,3.3667678587991954e-07
40,15,5.0,4.25,1.8758824925681034e-05,3.697986578291869e-07
40,15,5.0,4.3,1.8778164727506106e-05,4.0396152813830006e-07
40,15,5.0,4.35,1.8799237371569822e-05,4.391021033141113e-07
40,15,5.0,4.4,1.8822090236273467e-05,4.7516070068058396e-07
40,15,5.0,4.45,1.884676780345099e-05,5.12081118523051e-07
40,15,5.0,4.5,1.8873311829161312e-05,5.498105058551203e-07
40,15,5.0,4.55,1.890176150797482e-05,5.882992325446582e-07
40,15,5.0,4.6,1.8932153630788945e-05,6.275007604367545e-07
40,15,5.0,4.65,1.8964522736236103e-05,6.673715160221927e-07
40,15,5.0,4.7,1.8998901255774007e-05,7.078707651190557e-07
40,15,5.0,4.75,1.9035319652568253e-05,7.489604899620959e-07
40,15,5.0,4.8,1.907380655429686e-05,7.906052690289505e-07
40,15,5.0,4.85,1.9114388880020366e-05,8.32772159873514e-07
40,15,5.0,4.9,1.9157091961273106e-05,8.754305851841635e-07
40,15,5.0,4.95,1.920193965754173e-05,9.185522222380043e-07
40,15,5.0,5.0,1.9248954466304606e-05,9.621108958807138e-07
40,20,0.0,0.0,2.411613146703903e-12,1.3344489560453616e-10
40,20,0.0,0.05,2.0749203112353007e-11,6.344843696168613e-10
40,20,0.0,0.1,5.8788505564422e-11,7.630696159245884e-10
40,20,0.0,0.15,8.937464043690124e-11,4.4431123984137155e-10
40,20,0.0,0.2,1.0477575032909484e-10,1.9830779671692742e-10
40,20,0.0,0.25,1.1148304445458588e-10,8.664643945675537e-11
40,20,0.0,0.3,1.1455989831805398e-10,4.34016014253876e-11
40,20,0.0,0.35,1.1626231453690038e-10,2.7296996706138003e-11
40,20,0.0,0.4,1.174500326680754e-10,2.114671260609964e-11
40,20,0.0,0.45,1.184342560501764e-10,1.8554438561552613e-11
40,20,0.0,0.5,1.19325817135642e-10,1.722624481100576e-11
40,20,0.0,0.55,1.201641621353643e-10,1.635039728629464e-11
40,20,0.0,0.6,1.2096354691401165e-10,1.5641396195346387e-11
40,20,0.0,0.65,1.2172938592307466e-10,1.4999357893286677e-11
40,20,0.0,0.7,1.2246401053841407e-10,1.438965951913073e-11
40,20,0.0,0.75,1.2316869111208305e-10,1.3800548251795195e-11
40,20,0.0,0.8,1.2384434399015558e-10,1.3228234062429974e-11
40,20,0.0,0.85,1.2449177633597713e-10,1.2671654710843147e-11
40,20,0.0,0.9,1.2511176878578067e-10,1.2130641937375109e-11
40,20,0.0,0.95,1.2570510141495545e-10,1.1605283014444797e-11
40,20,0.0,1.0,1.2627256007692715e-10,1.1095702155476683e-11
40,20,0.0,1.05,1.2681493612698205e-10,1.0601989220909162e-11
40,20,0.0,1.1,1.2733302409132116e-10,1.0124179935454042e-11
40,20,0.0,1.15,1.2782761887113368e-10,9.66225394643297e-12
40,20,0.0,1.2,1.282995130269423e-10,9.216138876731148e-12
40,20,0.0,1.25,1.287494943207932e-10,8.785716195652893e-12
40,20,0.0,1.3,1.291783435639041e-10,8.370827429216247e-12
40,20,0.0,1.35,1.295868327714097e-10,7.971280183882376e-12
40,20,0.0,1.4,1.299757236093706e-10,7.586853796570835e-12
40,20,0.0,1.45,1.3034576611349432e-10,7.217304546810805e-12
40,20,0.0,1.5,1.3069769765707206e-10,6.862370413376847e-12
40,20,0.0,1.55,1.31032242145388e-10,6.5217753769645865e-12
40,20,0.0,1.6,1.313501094141174e-10,6.195233279462217e-12
40,20,0.0,1.65,1.3165199480991232e-10,5.882451255342766e-12
40,20,0.0,1.7,1.3193857893225422e-10,5.583132753875403e-12
40,20,0.0,1.75,1.32210527516609e-10,5.29698017293487e-12
40,20,0.0,1.8,1.3246849144002534e-10,5.023697126609592e-12
40,20,0.0,1.85,1.3271310683144028e-10,4.762990369793122e-12
40,20,0.0,1.9,1.329449952701295e-10,4.514571403333308e-12
40,20,0.0,1.95,1.3316476405692886e-10,4.2781577835644745e-12
40,20,0.0,2.0,1.3337300654402528e-10,4.053474159845475e-12
40,20,0.0,2.05,1.3357030251032754e-10,3.840253063392833e-12
40,20,0.0,2.1,1.337572185705153e-10,3.638235470130063e-12
40,20,0.0,2.15,1.339343086070537e-10,3.447171159572526e-12
40,20,0.0,2.2,1.3410211421549934e-10,3.266818890940845e-12
40,20,0.0,2.25,1.342611651544569e-10,3.0969464167856704e-12
40,20,0.0,2.3,1.3441197979256733e-10,2.9373303534312693e-12
40,20,0.0,2.35,1.345550655458187e-10,2.7877559265254987e-12
40,20,0.0,2.4,1.346909192993738e-10,2.6480166089383537e-12
40,20,0.0,2.45,1.3482002780893828e-10,2.5179136671924735e-12
40,20,0.0,2.5,1.349428680774858e-10,2.3972556315503307e-12
40,20,0.0,2.55,1.3505990770387401e-10,2.2858577038311666e-12
40,20,0.0,2.6,1.3517160520055803e-10,2.1835411159962623e-12
40,20,0.0,2.65,1.3527841027827798e-10,2.0901324515267015e-12
40,20,0.0,2.7,1.3538076409608887e-10,2.005462940632432e-12
40,20,0.0,2.75,1.354790994757262e-10,1.92936773937288e-12
40,20,0.0,2.8,1.3557384107971673e-10,1.8616852018469044e-12
40,20,0.0,2.85,1.3566540555309518e-10,1.8022561537187411e-12
40,20,0.0,2.9,1.357542016289868e-10,1.7509231744959691e-12
40,20,0.0,2.95,1.35840630198671e-10,1.7075298951585563e-12
40,20,0.0,3.0,1.3592508434701526e-10,1.6719203169610147e-12
40,20,0.0,3.05,1.3600794935450343e-10,1.6439381564931851e-12
40,20,0.0,3.1,1.3608960266725608e-10,1.6234262213836487e-12
40,20,0.0,3.15,1.3617041383668632e-10,1.610225820370783e-12
40,20,0.0,3.2,1.3625074443057738e-10,1.6041762108468452e-12
40,20,0.0,3.25,1.3633094791754365e-10,1.6051140863960735e-12
40,20,0.0,3.3,1.3641136952688332e-10,1.6128731063079347e-12
40,20,0.0,3.35,1.3649234608601798e-10,1.6272834685403516e-12
40,20,0.0,3.4,1.3657420583767031e-10,1.6481715271420225e-12
40,20,0.0,3.45,1.366572682390374e-10,1.6753594547164493e-12
40,20,0.0,3.5,1.367418437452296e-10,1.7086649501153466e-12
40,20,0.0,3.55,1.3682823357921445e-10,1.7479009911973324e-12
40,20,0.0,3.6,1.3691672949050758e-10,1.792875632166743e-12
40,20,0.0,3.65,1.370076135048491e-10,1.843391844722259e-12
40,20,0.0,3.7,1.371011576669913e-10,1.8992474019940906e-12
40,20,0.0,3.75,1.371976237787459e-10,1.9602348040290396e-12
40,20,0.0,3.8,1.3729726313429803e-10,2.026141243394355e-12
40,20,0.0,3.85,1.3740031625478601e-10,2.0967486093132075e-12
40,20,0.0,3.9,1.3750701262400247e-10,2.1718335286139554e-12
40,20,0.0,3.95,1.3761757042703348e-10,2.251167441671601e-12
40,20,0.0,4.0,1.377321962935277e-10,2.3345167114412275e-12
40,20,0.0,4.05,1.378510850472021e-10,2.4216427636273415e-12
40,20,0.0,4.1,1.3797441946309948e-10,2.5123022559986934e-12
40,20,0.0,4.15,1.3810237003399397e-10,2.606247274843769e-12
40,20,0.0,4.2,1.3823509474724798e-10,2.703225556564776e-12
40,20,0.0,4.25,1.3837273887335445e-10,2.8029807324266055e-12
40,20,0.0,4.3,1.3851543476723757e-10,2.90525259451171e-12
40,20,0.0,4.35,1.3866330168335314e-10,3.0097773809740097e-12
40,20,0.0,4.4,1.3881644560548538e-10,3.1162880787419833e-12
40,20,0.0,4.45,1.3897495909209375e-10,3.224514741886729e-12
40,20,0.0,4.5,1.3913892113791075e-10,3.3341848239366506e-12
40,20,0.0,4.55,1.3930839705248725e-10,3.4450235225019035e-12
40,20,0.0,4.6,1.3948343835624154e-10,3.5567541346482207e-12
40,20,0.0,4.65,1.3966408269450997e-10,3.669098421543211e-12
40,20,0.0,4.7,1.3985035377003978e-10,3.781776980981585e-12
40,20,0.0,4.75,1.4004226129426503e-10,3.894509626477173e-12
40,20,0.0,4.8,1.4023980095768974e-10,4.0070157716949235e-12
40,20,0.0,4.85,1.40442954419593e-10,4.119014819071061e-12
40,20,0.0,4.9,1.4065168931725255e-10,4.230226551550375e-12
40,20,0.0,4.95,1.4086595929480477e-10,4.340371526439013e-12
40,20,0.0,5.0,1.410857040518456e-10,4.449171470441561e-12
40,20,1.0,0.0,5.847025217759814e-10,3.56363116796502e-08
40,20,1.0,0.05,7.176996512206748e-09,2.7081012703345003e-07
40,20,1.0,0.1,2.7059558407307102e-08,4.6408098953429515e-07
40,20,1.0,0.15,4.769985216284852e-08,3.323861997199809e-07
40,20,1.0,0.2,6.010434603592488e-08,1.760305430349574e-07
40,20,1.0,0.25,6.663856981580241e-08,9.643058841130403e-08
40,20,1.0,0.3,7.053345155491202e-08,6.447874538574964e-08
40,20,1.0,0.35,7.341594042363583e-08,5.2816762458279294e-08
40,20,1.0,0.4,7.593984044541272e-08,4.8875801013782986e-08
40,20,1.0,0.45,7.834896340952273e-08,4.775405983357177e-08
40,20,1.0,0.5,8.07314192448624e-08,4.7636947793997804e-08
40,20,1.0,0.55,8.31181993542325e-08,4.786475942218112e-08
40,20,1.0,0.6,8.551959892273114e-08,4.8199294151987855e-08
40,20,1.0,0.65,8.79384520445689e-08,4.855484681812364e-08
40,20,1.0,0.7,9.03749122664526e-08,4.890070311122855e-08
40,20,1.0,0.75,9.282817546356459e-08,4.922595623938343e-08
40,20,1.0,0.8,9.52971003859706e-08,4.952683505926898e-08
40,20,1.0,0.85,9.7780432342997e-08,4.980214389102398e-08
40,20,1.0,0.9,1.0027688409013388e-07,5.0051621819256135e-08
40,20,1.0,0.95,1.0278516533209025e-07,5.027535209047461e-08
40,20,1.0,1.0,1.0530399371840406e-07,5.047354915363915e-08
40,20,1.0,1.05,1.078320991570533e-07,5.064648160294795e-08
40,20,1.0,1.1,1.103682257052688e-07,5.0794444154497116e-08
40,20,1.0,1.15,1.1291113257804482e-07,5.0917747439659157e-08
40,20,1.0,1.2,1.1545959483737915e-07,5.101671438303333e-08
40,20,1.0,1.25,1.1801240397317483e-07,5.109167910552548e-08
40,20,1.0,1.3,1.2056836845883215e-07,5.114298686631445e-08
40,20,1.0,1.35,1.2312631431725374e-07,5.1170994480728454e-08
40,20,1.0,1.4,1.2568508571447589e-07,5.117607098301039e-08
40,20,1.0,1.45,1.28243545590145e-07,5.1158598423388326e-08
40,20,1.0,1.5,1.3080057632977346e-07,5.111897273364492e-08
40,20,1.0,1.55,1.3335508048097868e-07,5.1057604613457e-08
40,20,1.0,1.6,1.35905981513726e-07,5.097492039836303e-08
40,20,1.0,1.65,1.384522246227986e-07,5.087136287549776e-08
40,20,1.0,1.7,1.4099277756911877e-07,5.074739201751062e-08
40,20,1.0,1.75,1.4352663155518997e-07,5.060348560891914e-08
40,20,1.0,1.8,1.460528021286767e-07,5.0440139742853257e-08
40,20,1.0,1.85,1.4857033010721443e-07,5.0257869169872815e-08
40,20,1.0,1.9,1.5107828251663045e-07,5.0057207484032775e-08
40,20,1.0,1.95,1.5357575353416942e-07,4.983870713491184e-08
40,20,1.0,2.0,1.560618654277884e-07,4.960293925760337e-08
40,20,1.0,2.05,1.5853576948229727e-07,4.9350493315889374e-08
40,20,1.0,2.1,1.6099664690293745e-07,4.908197655681396e-08
40,20,1.0,2.15,1.6344370968700332e-07,4.879801327770461e-08
40,20,1.0,2.2,1.6587620145418747e-07,4.8499243909288424e-08
40,20,1.0,2.25,1.68293398226605e-07,4.8186323920961856e-08
40,20,1.0,2.3,1.7069460914980754e-07,4.785992255643829e-08
40,20,1.0,2.35,1.7307917714655146e-07,4.752072140994157e-08
40,20,1.0,2.4,1.7544647949560974e-07,4.716941285480845e-08
40,20,1.0,2.45,1.7779592832863562e-07,4.680669833786035e-08
40,20,1.0,2.5,1.801269710386555e-07,4.6433286554102585e-08
40,20,1.0,2.55,1.82439090594657e-07,4.6049891517349494e-08
40,20,1.0,2.6,1.8473180575742101e-07,4.565723054311776e-08
40,20,1.0,2.65,1.870046711926771e-07,4.525602216070962e-08
40,20,1.0,2.7,1.892572774784401e-07,4.484698397172888e-08
40,20,1.0,2.75,1.9148925100429103e-07,4.4430830472419194e-08
40,20,1.0,2.8,1.93700253761251e-07,4.400827085716102e-08
40,20,1.0,2.85,1.9588998302169421e-07,4.3580006820210516e-08
40,20,1.0,2.9,1.9805817090966737e-07,4.314673037237659e-08
40,20,1.0,2.95,2.002045838627505e-07,4.270912168876058e-08
40,20,1.0,3.0,2.0232902198739476e-07,4.2267847002983494e-08
40,20,1.0,3.05,2.0443131831045343e-07,4.1823556562516025e-08
40,20,1.0,3.1,2.0651133793028747e-07,4.137688265877913e-08
40,20,1.0,3.15,2.0856897707151085e-07,4.092843774467162e-08
40,20,1.0,3.2,2.1060416204804459e-07,4.047881265107944e-08
40,20,1.0,3.25,2.1261684813968675e-07,4.002857491276039e-08
40,20,1.0,3.3,2.146070183879042e-07,3.957826721279756e-08
40,20,1.0,3.35,2.1657468231697773e-07,3.912840595358305e-08
40,20,1.0,3.4,2.1851987458701328e-07,3.8679479961045146e-08
40,20,1.0,3.45,2.20442653585603e-07,3.82319493275828e-08
40,20,1.0,3.5,2.2234309996518487e-07,3.7786244397935394e-08
40,20,1.0,3.55,2.2422131513335884e-07,3.734276490101168e-08
40,20,1.0,3.6,2.2607741970344705e-07,3.690187922950677e-08
40,20,1.0,3.65,2.2791155191278292e-07,3.646392386802644e-08
40,20,1.0,3.7,2.2972386601608994e-07,3.602920296933753e-08
40,20,1.0,3.75,2.315145306613612e-07,3.5597988077359706e-08
40,20,1.0,3.8,2.332837272555046e-07,3.517051799454998e-08
40,20,1.0,3.85,2.350316483269067e-07,3.474699879046325e-08
40,20,1.0,3.9,2.3675849589186114e-07,3.4327603947452955e-08
40,20,1.0,3.95,2.3846447983162317e-07,3.391247463876582e-08
40,20,1.0,4.0,2.401498162865692e-07,3.3501720133625093e-08
40,20,1.0,4.05,2.4181472607365117e-07,3.309541832333471e-08
40,20,1.0,4.1,2.43459433133051e-07,3.269361636195344e-08
40,20,1.0,4.15,2.450841630096079e-07,3.229633141468139e-08
40,20,1.0,4.2,2.466891413741799e-07,3.190355150676015e-08
40,20,1.0,4.25,2.482745925898281e-07,3.1515236465448605e-08
40,20,1.0,4.3,2.4984073832726595e-07,3.113131894743839e-08
40,20,1.0,4.35,2.513877962336484e-07,3.0751705543957106e-08
40,20,1.0,4.4,2.5291597865839287e-07,3.0376277955755276e-08
40,20,1.0,4.45,2.5442549143935767e-07,3.000489423017579e-08
40,20,1.0,4.5,2.559165327522266e-07,2.9637390052551795e-08
40,20,1.0,4.55,2.5738929202568773e-07,2.927358008429945e-08
40,20,1.0,4.6,2.5884394892452723e-07,2.8913259340208737e-08
40,20,1.0,4.65,2.6028067240240423e-07,2.8556204597626415e-08
40,20,1.0,4.7,2.616996198257401e-07,2.820217583044993e-08
40,20,1.0,4.75,2.631009361697929e-07,2.785091766109907e-08
40,20,1.0,4.8,2.644847532876198e-07,2.750216082390417e-08
40,20,1.0,4.85,2.658511892523851e-07,2.7155623633654347e-08
40,20,1.0,4.9,2.6720034777309057e-07,2.6811013453351636e-08
40,20,1.0,4.95,2.6853231768356165e-07,2.6468028155543335e-08
40,20,1.0,5.0,2.6984717250421596e-07,2.612635757193734e-08
40,20,2.0,0.0,2.7417778369177194e-09,1.764777326472347e-07
40,20,2.0,0.05,4.5893282928902497e-08,2.0708771098362195e-06
40,20,2.0,0.1,2.37431651529621e-07,5.224674720636039e-06
40,20,2.0,0.15,4.974649741243182e-07,4.6066499712105175e-06
40,20,2.0,0.2,6.786315787677637e-07,2.708986658601451e-06
40,20,2.0,0.25,7.824928355884763e-07,1.5883501366150515e-06
40,20,2.0,0.3,8.483314101117846e-07,1.1196358004266252e-06
40,20,2.0,0.35,8.993747714638875e-07,9.525780903423354e-07
40,20,2.0,0.4,9.455196535212333e-07,9.047835404792364e-07
40,20,2.0,0.45,9.905742300901042e-07,9.016572362200396e-07
40,20,2.0,0.5,1.0359481292699332e-06,9.148283483685938e-07
40,20,2.0,0.55,1.0821497853960943e-06,9.337599994054771e-07
40,20,2.0,0.6,1.1293541076136616e-06,9.545628774600736e-07
40,20,2.0,0.65,1.1776127995328148e-06,9.757959224056107e-07
40,20,2.0,0.7,1.226931656409137e-06,9.969161106441088e-07
40,20,2.0,0.75,1.2772989088893925e-06,1.0177097917408252e-06
40,20,2.0,0.8,1.328695632988374e-06,1.038084665235955e-06
40,20,2.0,0.85,1.3810996043176812e-06,1.0579938014204059e-06
40,20,2.0,0.9,1.4344867590261948e-06,1.0774079210175858e-06
40,20,2.0,0.95,1.4888317818982065e-06,1.0963052901495436e-06
40,20,2.0,1.0,1.5441083763313574e-06,1.1146680377649774e-06
40,20,2.0,1.05,1.6002894183372967e-06,1.1324808115765638e-06
40,20,2.0,1.1,1.6573470681153443e-06,1.1497302838658886e-06
40,20,2.0,1.15,1.7152528658957805e-06,1.1664049650841003e-06
40,20,2.0,1.2,1.7739778216952885e-06,1.1824951280695717e-06
40,20,2.0,1.25,1.8334925024270776e-06,1.1979927712269328e-06
40,20,2.0,1.3,1.8937671175546806e-06,1.2128915946275047e-06
40,20,2.0,1.35,1.954771603658869e-06,1.227186979530461e-06
40,20,2.0,1.4,2.0164757079866754e-06,1.240875967797293e-06
40,20,2.0,1.45,2.078849070937439e-06,1.2539572398157825e-06
40,20,2.0,1.5,2.1418613073939797e-06,1.2664310903108551e-06
40,20,2.0,1.55,2.205482086783972e-06,1.2782994016877437e-06
40,20,2.0,1.6,2.269681211741204e-06,1.28956561464985e-06
40,20,2.0,1.65,2.334428695225063e-06,1.3002346958756565e-06
40,20,2.0,1.7,2.399694835946415e-06,1.3103131025660036e-06
40,20,2.0,1.75,2.4654502919390658e-06,1.3198087437012038e-06
40,20,2.0,1.8,2.5316661521092442e-06,1.3287309378788216e-06
40,20,2.0,1.85,2.5983140055893694e-06,1.3370903676393415e-06
40,20,2.0,1.9,2.665366008719024e-06,1.3448990302273344e-06
40,20,2.0,1.95,2.7327949494748667e-06,1.3521701847795293e-06
40,20,2.0,2.0,2.8005743091709704e-06,1.3589182959756735e-06
40,20,2.0,2.05,2.868678321255148e-06,1.3651589742348265e-06
40,20,2.0,2.1,2.937082027031139e-06,1.3709089125846232e-06
40,20,2.0,2.15,3.005761328144611e-06,1.3761858203755006e-06
40,20,2.0,2.2,3.074693035680445e-06,1.3810083540537421e-06
40,20,2.0,2.25,3.143854915730186e-06,1.385396045245979e-06
40,20,2.0,2.3,3.2132257313025435e-06,1.3893692264433815e-06
40,20,2.0,2.35,3.2827852804647328e-06,1.3929489546047927e-06
40,20,2.0,2.4,3.3525144306190016e-06,1.3961569330247956e-06
40,20,2.0,2.45,3.422395148836825e-06,1.3990154318347027e-06
40,20,2.0,2.5,3.4924105281919185e-06,1.4015472075213514e-06
40,20,2.0,2.55,3.5625448100531546e-06,1.4037754218606385e-06
40,20,2.0,2.6,3.632783402317503e-06,1.4057235606692107e-06
40,20,2.0,2.65,3.7031128935848265e-06,1.4074153527802413e-06
40,20,2.0,2.7,3.7735210632952916e-06,1.408874689645891e-06
40,20,2.0,2.75,3.843996887870777e-06,1.4101255459619555e-06
40,20,2.0,2.8,3.914530542921359e-06,1.4111919016987114e-06
40,20,2.0,2.85,3.985113401595895e-06,1.4120976659061826e-06
40,20,2.0,2.9,4.055738029174674e-06,1.412866602643464e-06
40,20,2.0,2.95,4.1263981740186774e-06,1.4135222593595545e-06
40,20,2.0,3.0,4.197088755005229e-06,1.4140878980282802e-06
40,20,2.0,3.05,4.2678058455952956e-06,1.4145864293133073e-06
40,20,2.0,3.1,4.338546654689746e-06,1.4150403500102148e-06
40,20,2.0,3.15,4.409309504444648e-06,1.4154716839829543e-06
40,20,2.0,3.2,4.480093805224213e-06,1.4159019267806345e-06
40,20,2.0,3.25,4.550900027880076e-06,1.4163519940896587e-06
40,20,2.0,3.3,4.621729673551969e-06,1.4168421741446078e-06
40,20,2.0,3.35,4.6925852411893465e-06,1.4173920841897808e-06
40,20,2.0,3.4,4.763470192999145e-06,1.4180206310533368e-06
40,20,2.0,3.45,4.834388918025672e-06,1.4187459758658808e-06
40,20,2.0,3.5,4.905346694070039e-06,1.4195855029270721e-06
40,20,2.0,3.55,4.976349648156436e-06,1.4205557926969988e-06
40,20,2.0,3.6,5.047404715749772e-06,1.4216725988634982e-06
40,20,2.0,3.65,5.1185195989276e-06,1.4229508294134378e-06
40,20,2.0,3.7,5.189702723703317e-06,1.4244045316139846e-06
40,20,2.0,3.75,5.26096319669413e-06,1.4260468807907925e-06
40,20,2.0,3.8,5.332310761320171e-06,1.4278901727723859e-06
40,20,2.0,3.85,5.403755753714474e-06,1.4299458198548036e-06
40,20,2.0,3.9,5.475309058515518e-06,1.432224350127248e-06
40,20,2.0,3.95,5.546982064707299e-06,1.4347354099890162e-06
40,20,2.0,4.0,5.618786621660532e-06,1.437487769678168e-06
40,20,2.0,4.05,5.690734995522282e-06,1.4404893316262902e-06
40,20,2.0,4.1,5.7628398260896995e-06,1.4437471414480021e-06
40,20,2.0,4.15,5.83511408429539e-06,1.447267401371146e-06
40,20,2.0,4.2,5.907571030420592e-06,1.4510554859114891e-06
40,20,2.0,4.25,5.9802241731448505e-06,1.4551159595965715e-06
40,20,2.0,4.3,6.053087229528674e-06,1.4594525965440875e-06
40,20,2.0,4.35,6.126174086017578e-06,1.4640684017034638e-06
40,20,2.0,4.4,6.1994987605456165e-06,1.4689656335730663e-06
40,20,2.0,4.45,6.273075365808461e-06,1.4741458282108121e-06
40,20,2.0,4.5,6.3469180737649055e-06,1.479609824361262e-06
40,20,2.0,4.55,6.421041081419584e-06,1.4853577895297732e-06
40,20,2.0,4.6,6.495458577929686e-06,1.491389246841034e-06
40,20,2.0,4.65,6.570184713070508e-06,1.4977031025272883e-06
40,20,2.0,4.7,6.645233567088632e-06,1.5042976739001371e-06
40,20,2.0,4.75,6.720619121962676e-06,1.5111707176678999e-06
40,20,2.0,4.8,6.796355234085686e-06,1.518319458469542e-06
40,20,2.0,4.85,6.872455608377338e-06,1.5257406175050026e-06
40,20,2.0,4.9,6.948933773827624e-06,1.533430441150465e-06
40,20,2.0,4.95,7.025803060468961e-06,1.5413847294561151e-06
40,20,2.0,5.0,7.103076577767763e-06,1.549598864432261e-06
40,20,3.0,0.0,2.797282824252402e-09,1.8158014030348417e-07
40,20,3.0,0.05,5.842282357447954e-08,3.0392478645820023e-06
40,20,3.0,0.1,4.192130839145306e-07,1.1480084556373292e-05
40,20,3.0,0.15,1.0647676010137061e-06,1.2516519741770811e-05
40,20,3.0,0.2,1.5746853519579592e-06,7.776944079460358e-06
40,20,3.0,0.25,1.8695053772795067e-06,4.3956800182879466e-06
40,20,3.0,0.3,2.04579043670162e-06,2.884009122661386e-06
40,20,3.0,0.35,2.1733146275022272e-06,2.313935372004694e-06
40,20,3.0,0.4,2.283359723613685e-06,2.1249821531365844e-06
40,20,3.0,0.45,2.3881242904287463e-06,2.079194055599793e-06
40,20,3.0,0.5,2.4921117511015717e-06,2.085081951681232e-06
40,20,3.0,0.55,2.5969156415361663e-06,2.1085980347824195e-06
40,20,3.0,0.6,2.7030524652474546e-06,2.1372036154410883e-06
40,20,3.0,0.65,2.8106425512151113e-06,2.166288164899751e-06
40,20,3.0,0.7,2.9196603653380312e-06,2.194149347103306e-06
40,20,3.0,0.75,3.030026326805333e-06,2.220152711729343e-06
40,20,3.0,0.8,3.1416406157351325e-06,2.2440593046238825e-06
40,20,3.0,0.85,3.254395800442223e-06,2.2657803138079377e-06
40,20,3.0,0.9,3.368181735647641e-06,2.2852874883158047e-06
40,20,3.0,0.95,3.4828876347599647e-06,2.3025802822589736e-06
40,20,3.0,1.0,3.5984031004670984e-06,2.3176736197880104e-06
40,20,3.0,1.05,3.714618761682683e-06,2.3305931394074025e-06
40,20,3.0,1.1,3.831426751598423e-06,2.3413731420528747e-06
40,20,3.0,1.15,3.948721111537299e-06,2.350055511602906e-06
40,20,3.0,1.2,4.066398150987951e-06,2.356688982846164e-06
40,20,3.0,1.25,4.184356774655014e-06,2.3613285333500146e-06
40,20,3.0,1.3,4.30249878042118e-06,2.364034820948412e-06
40,20,3.0,1.35,4.420729129730027e-06,2.364873640873275e-06
40,20,3.0,1.4,4.538956191144631e-06,2.363915395168006e-06
40,20,3.0,1.45,4.657091957658283e-06,2.3612345734542374e-06
40,20,3.0,1.5,4.775052238349322e-06,2.35690924617492e-06
40,20,3.0,1.55,4.892756825043558e-06,2.3510205719342166e-06
40,20,3.0,1.6,5.010129634729137e-06,2.3436523205131757e-06
40,20,3.0,1.65,5.1270988285438485e-06,2.334890412937429e-06
40,20,3.0,1.7,5.243596908215435e-06,2.3248224797292307e-06
40,20,3.0,1.75,5.359560790889119e-06,2.3135374382470215e-06
40,20,3.0,1.8,5.47493186331361e-06,2.3011250898038636e-06
40,20,3.0,1.85,5.589656016388722e-06,2.287675737078407e-06
40,20,3.0,1.9,5.703683661098527e-06,2.2732798221711517e-06
40,20,3.0,1.95,5.816969726868115e-06,2.2580275855246774e-06
40,20,3.0,2.0,5.92947364339066e-06,2.2420087458118495e-06
40,20,3.0,2.05,6.0411593069729125e-06,2.2253122007933115e-06
40,20,3.0,2.1,6.15199503244648e-06,2.2080257490605535e-06
40,20,3.0,2.15,6.261953491685281e-06,2.1902358325039585e-06
40,20,3.0,2.2,6.371011639759574e-06,2.1720272992778744e-06
40,20,3.0,2.25,6.479150629745055e-06,2.1534831869746867e-06
40,20,3.0,2.3,6.586355717188747e-06,2.1346845256648075e-06
40,20,3.0,2.35,6.692616155215579e-06,2.1157101604092227e-06
40,20,3.0,2.4,6.797925081238032e-06,2.0966365928044595e-06
40,20,3.0,2.45,6.902279396209163e-06,2.0775378410763862e-06
40,20,3.0,2.5,7.005679637332987e-06,2.0584853181980047e-06
40,20,3.0,2.55,7.108129845119832e-06,2.0395477274681654e-06
40,20,3.0,2.6,7.209637425644704e-06,2.020790974951951e-06
40,20,3.0,2.65,7.310213008835901e-06,2.0022780981499835e-06
40,20,3.0,2.7,7.409870303589399e-06,1.984069210233196e-06
40,20,3.0,2.75,7.5086259504695475e-06,1.9662214591512987e-06
40,20,3.0,2.8,7.6064993727221e-06,1.948789000898358e-06
40,20,3.0,2.85,7.703512626289347e-06,1.9318229861972427e-06
40,20,3.0,2.9,7.799690249478784e-06,1.9153715598461624e-06
40,20,3.0,2.95,7.89505911290028e-06,1.8994798719564604e-06
40,20,3.0,3.0,7.98964827024544e-06,1.884190100299404e-06
40,20,3.0,3.05,8.083488810446056e-06,1.86954148297361e-06
40,20,3.0,3.1,8.176613711707316e-06,1.8555703606013683e-06
40,20,3.0,3.15,8.269057697872565e-06,1.8423102272635374e-06
40,20,3.0,3.2,8.360857097537144e-06,1.8297917893878445e-06
40,20,3.0,3.25,8.45204970628848e-06,1.818043031814042e-06
40,20,3.0,3.3,8.54267465241437e-06,1.8070892902727987e-06
40,20,3.0,3.35,8.632772266378204e-06,1.796953329530262e-06
40,20,3.0,3.4,8.722383954329313e-06,1.7876554264711307e-06
40,20,3.0,3.45,8.811552075875383e-06,1.7792134574144361e-06
40,20,3.0,3.5,8.900319826312372e-06,1.7716429889822855e-06
40,20,3.0,3.55,8.988731123473418e-06,1.764957371869433e-06
40,20,3.0,3.6,9.076830499325048e-06,1.7591678368913565e-06
40,20,3.0,3.65,9.16466299641119e-06,1.75428359272055e-06
40,20,3.0,3.7,9.25227406921377e-06,1.7503119247536247e-06
40,20,3.0,3.75,9.339709490474434e-06,1.7472582945865156e-06
40,20,3.0,3.8,9.427015262494932e-06,1.7451264396101048e-06
40,20,3.0,3.85,9.514237533410749e-06,1.7439184722743584e-06
40,20,3.0,3.9,9.601422518410633e-06,1.7436349786047787e-06
40,20,3.0,3.95,9.688616425855993e-06,1.7442751155913535e-06
40,20,3.0,4.0,9.775865388233394e-06,1.7458367071048664e-06
40,20,3.0,4.05,9.86321539786035e-06,1.7483163380311302e-06
40,20,3.0,4.1,9.950712247246827e-06,1.7517094463471965e-06
40,20,3.0,4.15,1.003840147400426e-05,1.7560104128971109e-06
40,20,3.0,4.2,1.0126328310181703e-05,1.7612126486565919e-06
40,20,3.0,4.25,1.0214537635897654e-05,1.7673086793063153e-06
40,20,3.0,4.3,1.030307393713155e-05,1.7742902269634841e-06
40,20,3.0,4.35,1.0391981267526562e-05,1.782148288947832e-06
40,20,3.0,4.4,1.0481303214055587e-05,1.7908732134855138e-06
40,20,3.0,4.45,1.0571082866394191e-05,1.8004547722777652e-06
40,20,3.0,4.5,1.0661362789841723e-05,1.8108822298841388e-06
40,20,3.0,4.55,1.0752185001632415e-05,1.8221444098915798e-06
40,20,3.0,4.6,1.0843590950473529e-05,1.834229757859008e-06
40,20,3.0,4.65,1.0935621499150532e-05,1.847126401045286e-06
40,20,3.0,4.7,1.1028316910038817e-05,1.860822204944056e-06
40,20,3.0,4.75,1.1121716833362899e-05,1.875304826663227e-06
40,20,3.0,4.8,1.1215860298046828e-05,1.8905617651995295e-06
40,20,3.0,4.85,1.1310785705001938e-05,1.9065804086698618e-06
40,20,3.0,4.9,1.1406530822701459e-05,1.9233480785706092e-06
40,20,3.0,4.95,1.1503132784895936e-05,1.9408520711448848e-06
40,20,3.0,5.0,1.1600628090325556e-05,1.959079695944053e-06
40,20,4.0,0.0,2.9799986491178893e-09,1.868175599172715e-07
40,20,4.0,0.05,6.969393687294482e-08,4.036841939965692e-06
40,20,4.0,0.1,6.950658164168677e-07,2.3236489166871803e-05
40,20,4.0,0.15,2.211773943753761e-06,3.265490821627824e-05
40,20,4.0,0.2,3.6029648446212216e-06,2.1743534285839734e-05
40,20,4.0,0.25,4.414011530252992e-06,1.164383462038953e-05
40,20,4.0,0.3,4.856984847672746e-06,6.772128536890005e-06
40,20,4.0,0.35,5.139480151584611e-06,4.836569814995657e-06
40,20,4.0,0.4,5.360411438925609e-06,4.119754523184858e-06
40,20,4.0,0.45,5.558864706928637e-06,3.861853531257415e-06
40,20,4.0,0.5,5.7492541118204e-06,3.7689390167054934e-06
40,20,4.0,0.55,5.9366611370929765e-06,3.7322296886639317e-06
40,20,4.0,0.6,6.122741740184937e-06,3.7121492095792283e-06
40,20,4.0,0.65,6.307911362548838e-06,3.6944591561438347e-06
40,20,4.0,0.7,6.492142104236896e-06,3.674134903245335e-06
40,20,4.0,0.75,6.6752524066116685e-06,3.6495000221627496e-06
40,20,4.0,0.8,6.857012473682448e-06,3.62010060176039e-06
40,20,4.0,0.85,7.037182951564246e-06,3.5859354401154286e-06
40,20,4.0,0.9,7.2155294192484575e-06,3.547176510528118e-06
40,20,4.0,0.95,7.391828067231983e-06,3.5040664468722594e-06
40,20,4.0,1.0,7.565868113900784e-06,3.4568799007533035e-06
40,20,4.0,1.05,7.737452962538677e-06,3.40590796607909e-06
40,20,4.0,1.1,7.906400823546775e-06,3.351450981082048e-06
40,20,4.0,1.15,8.0725450666807e-06,3.293814431663114e-06
40,20,4.0,1.2,8.235734403204962e-06,3.233306068051823e-06
40,20,4.0,1.25,8.395832938989215e-06,3.1702335633389877e-06
40,20,4.0,1.3,8.552720118712288e-06,3.104902477391362e-06
40,20,4.0,1.35,8.706290574025976e-06,3.037614443727813e-06
40,20,4.0,1.4,8.856453885980343e-06,2.968665550343878e-06
40,20,4.0,1.45,9.00313427108483e-06,2.8983449029835614e-06
40,20,4.0,1.5,9.146270199952385e-06,2.82693336425594e-06
40,20,4.0,1.55,9.285813957172977e-06,2.7547024625971573e-06
40,20,4.0,1.6,9.421731150742716e-06,2.6819134643763213e-06
40,20,4.0,1.65,9.55400017901933e-06,2.6088166014651624e-06
40,20,4.0,1.7,9.682611662765906e-06,2.5356504457148927e-06
40,20,4.0,1.75,9.807567849399548e-06,2.4626414210941335e-06
40,20,4.0,1.8,9.928881996087257e-06,2.390003443772882e-06
40,20,4.0,1.85,1.00465777378363e-05,2.3179376801687677e-06
40,20,4.0,1.9,1.0160688446226446e-05,2.2466324128838264e-06
40,20,4.0,1.95,1.0271256583927503e-05,2.176263004516723e-06
40,20,4.0,2.0,1.0378333059648816e-05,2.1069919495295042e-06
40,20,4.0,2.05,1.0481976587684832e-05,2.038969004633578e-06
40,20,4.0,2.1,1.0582253055749877e-05,1.972331388532564e-06
40,20,4.0,2.15,1.067923490435258e-05,1.9072040422918477e-06
40,20,4.0,2.2,1.077300052053062e-05,1.8436999420806191e-06
40,20,4.0,2.25,1.0863633648369783e-05,1.781920456539045e-06
40,20,4.0,2.3,1.0951222818354908e-05,1.7219557415469138e-06
40,20,4.0,2.35,1.10358607972544e-05,1.663885165701168e-06
40,20,4.0,2.4,1.1117644059916375e-05,1.6077777603390945e-06
40,20,4.0,2.45,1.1196672284061278e-05,1.5536926884652256e-06
40,20,4.0,2.5,1.127304786888516e-05,1.50167972744734e-06
40,20,4.0,2.55,1.1346875478044568e-05,1.451779760836368e-06
40,20,4.0,2.6,1.1418261607372192e-05,1.4040252751334012e-06
40,20,4.0,2.65,1.1487314177476143e-05,1.3584408577718957e-06
40,20,4.0,2.7,1.155414215119894e-05,1.3150436930035428e-06
40,20,4.0,2.75,1.1618855175756425e-05,1.2738440527707065e-06
40,20,4.0,2.8,1.1681563249241815e-05,1.2348457800174119e-06
40,20,4.0,2.85,1.1742376411058747e-05,1.1980467622333036e-06
40,20,4.0,2.9,1.1801404455748498e-05,1.1634393933429749e-06
40,20,4.0,2.95,1.1858756669585164e-05,1.1310110223452509e-06
40,20,4.0,3.0,1.1914541589244815e-05,1.1007443873762682e-06
40,20,4.0,3.05,1.1968866781789339e-05,1.072618034115528e-06
40,20,4.0,3.1,1.2021838645161085e-05,1.0466067176782548e-06
40,20,4.0,3.15,1.2073562228345793e-05,1.022681787340295e-06
40,20,4.0,3.2,1.2124141070331855e-05,1.0008115536251917e-06
40,20,4.0,3.25,1.2173677056976375e-05,9.809616374478876e-07
40,20,4.0,3.3,1.222227029487675e-05,9.630953011570562e-07
40,20,4.0,3.35,1.2270019001339958e-05,9.47173761449106e-07
40,20,4.0,3.4,1.2317019409547604e-05,9.331564842432776e-07
40,20,4.0,3.45,1.2363365688015668e-05,9.210014617086975e-07
40,20,4.0,3.5,1.2409149873466527e-05,9.106654717237312e-07
40,20,4.0,3.55,1.2454461816241483e-05,9.021043201242675e-07
40,20,4.0,3.6,1.2499389137403812e-05,8.952730661634771e-07
40,20,4.0,3.65,1.2544017196705576e-05,8.901262316609066e-07
40,20,4.0,3.7,1.2588429070614495e-05,8.866179943647059e-07
40,20,4.0,3.75,1.263270553962619e-05,8.847023660881676e-07
40,20,4.0,3.8,1.2676925084114123e-05,8.843333562112948e-07
40,20,4.0,3.85,1.2721163888002913e-05,8.854651211606778e-07
40,20,4.0,3.9,1.276549584957667e-05,8.880521004966739e-07
40,20,4.0,3.95,1.2809992598771066e-05,8.920491402474114e-07
40,20,4.0,4.0,1.2854723520326609e-05,8.974116041340495e-07
40,20,4.0,4.05,1.2899755782213238e-05,9.040954733321137e-07
40,20,4.0,4.1,1.2945154368770998e-05,9.120574354102084e-07
40,20,4.0,4.15,1.2990982118038897e-05,9.212549630800911e-07
40,20,4.0,4.2,1.3037299762780908e-05,9.316463833817667e-07
40,20,4.0,4.25,1.3084165974743534e-05,9.431909379142115e-07
40,20,4.0,4.3,1.3131637411714722e-05,9.558488347070046e-07
40,20,4.0,4.35,1.317976876697873e-05,9.695812923108758e-07
40,20,4.0,4.4,1.3228612820792629e-05,9.843505766662066e-07
40,20,4.0,4.45,1.3278220493537444e-05,1.0001200312885628e-06
40,20,4.0,4.5,1.3328640900221931e-05,1.016854101288905e-06
40,20,4.0,4.55,1.3379921406043759e-05,1.0345183517244366e-06
40,20,4.0,4.6,1.3432107682736513e-05,1.053079480753423e-06
40,20,4.0,4.65,1.3485243765453473e-05,1.0725053280446619e-06
40,20,4.0,4.7,1.3539372109963059e-05,1.0927648788693425e-06
40,20,4.0,4.75,1.3594533649948588e-05,1.1138282642801677e-06
40,20,4.0,4.8,1.3650767854227646e-05,1.1356667577599385e-06
40,20,4.0,4.85,1.3708112783722882e-05,1.15825276869943e-06
40,20,4.0,4.9,1.3766605148034878e-05,1.1815598330424064e-06
40,20,4.0,4.95,1.3826280361482693e-05,1.2055626014141346e-06
40,20,4.0,5.0,1.3887172598494383e-05,1.2302368250289573e-06
40,20,5.0,0.0,3.3934098139036307e-09,1.9736980339113504e-07
40,20,5.0,0.05,7.895070067846917e-08,4.911393176040982e-06
40,20,5.0,0.1,1.075328531768047e-06,4.3100871239784395e-05
40,20,5.0,0.15,4.462599982805728e-06,8.272474616686135e-05
40,20,5.0,0.2,8.23630733468466e-06,6.180338009506301e-05
40,20,5.0,0.25,1.0538733644720098e-05,3.230727974447088e-05
40,20,5.0,0.3,1.1711102318976285e-05,1.6700966291019337e-05
40,20,5.0,0.35,1.2360647335266232e-05,1.027685431547344e-05
40,20,5.0,0.4,1.2803081166836802e-05,7.809900974753648e-06
40,20,5.0,0.45,1.3165909659495394e-05,6.845925791506117e-06
40,20,5.0,0.5,1.349642140910083e-05,6.425003557226771e-06
40,20,5.0,0.55,1.3811447143894182e-05,6.193022016385496e-06
40,20,5.0,0.6,1.4116703652294446e-05,6.02227352331645e-06
40,20,5.0,0.65,1.4413924369081898e-05,5.867391495022484e-06
40,20,5.0,0.7,1.4703440241356863e-05,5.7126694655983975e-06
40,20,5.0,0.75,1.498510780013643e-05,5.553048983165137e-06
40,20,5.0,0.8,1.5258642170373708e-05,5.387290659481565e-06
40,20,5.0,0.85,1.552373648596972e-05,5.215523885569303e-06
40,20,5.0,0.9,1.5780104620658855e-05,5.038365744287369e-06
40,20,5.0,0.95,1.602749626984926e-05,4.8566015898064185e-06
40,20,5.0,1.0,1.6265701933454135e-05,4.671066701325159e-06
40,20,5.0,1.05,1.6494554088307874e-05,4.4826001403374894e-06
40,20,5.0,1.1,1.671392681620753e-05,4.2920248123585045e-06
40,20,5.0,1.15,1.692373471848127e-05,4.100137331536673e-06
40,20,5.0,1.2,1.712393143637087e-05,3.907701840924723e-06
40,20,5.0,1.25,1.7314507913950645e-05,3.7154456964460566e-06
40,20,5.0,1.3,1.7495490474644475e-05,3.5240562535686127e-06
40,20,5.0,1.35,1.7666938758082737e-05,3.3341784638929045e-06
40,20,5.0,1.4,1.78289435541551e-05,3.1464131510450596e-06
40,20,5.0,1.45,1.7981624566203507e-05,2.9613158897024286e-06
40,20,5.0,1.5,1.812512813200097e-05,2.7793964287431827e-06
40,20,5.0,1.55,1.8259624928358772e-05,2.6011186043660496e-06
40,20,5.0,1.6,1.8385307682535877e-05,2.4269006903190495e-06
40,20,5.0,1.65,1.850238891099977e-05,2.257116133083807e-06
40,20,5.0,1.7,1.8611098703503265e-05,2.0920946209573486e-06
40,20,5.0,1.75,1.871168256792957e-05,1.9321234376600084e-06
40,20,5.0,1.8,1.8804399348945546e-05,1.777449053359987e-06
40,20,5.0,1.85,1.88895192312087e-05,1.628278908738721e-06
40,20,5.0,1.9,1.8967321835738625e-05,1.4847833508201501e-06
40,20,5.0,1.95,1.9038094416075018e-05,1.347097682603241e-06
40,20,5.0,2.0,1.9102130159037212e-05,1.2153242920091794e-06
40,20,5.0,2.05,1.9159726593260097e-05,1.0895348291531414e-06
40,20,5.0,2.1,1.921118410722252e-05,9.697724044303786e-07
40,20,5.0,2.15,1.9256804577190188e-05,8.560537832886901e-07
40,20,5.0,2.2,1.9296890104372905e-05,7.483715568058833e-07
40,20,5.0,2.25,1.933174185962859e-05,6.466962702612898e-07
40,20,5.0,2.3,1.9361659033228936e-05,5.509784947611624e-07
40,20,5.0,2.35,1.938693788652097e-05,4.6115082963117016e-07
40,20,5.0,2.4,1.94078709017683e-05,3.7712982571657223e-07
40,20,5.0,2.45,1.942474602601495e-05,2.988178219284734e-07
40,20,5.0,2.5,1.9437846004485898e-05,2.261046893456433e-07
40,20,5.0,2.55,1.9447447798796306e-05,1.5886947893133772e-07
40,20,5.0,2.6,1.9453822085083802e-05,9.69819704631197e-08
40,20,5.0,2.65,1.945723282709246e-05,4.0304121611679195e-08
40,20,5.0,2.7,1.9457936919214734e-05,-1.1308582744032442e-08
40,20,5.0,2.75,1.945618389452524e-05,-5.8005879900298516e-08
40,20,5.0,2.8,1.945221569291565e-05,-9.994157552615755e-08
40,20,5.0,2.85,1.9446266484551083e-05,-1.3727248411535982e-07
40,20,5.0,2.9,1.943856254401136e-05,-1.7015746058747162e-07
40,20,5.0,2.95,1.9429322170647724e-05,-1.9875651950356489e-07
40,20,5.0,3.0,1.9418755650865465e-05,-2.232300380343835e-07
40,20,5.0,3.05,1.9407065258252157e-05,-2.437380385828222e-07
40,20,5.0,3.1,1.9394445287670612e-05,-2.6043954680349367e-07
40,20,5.0,3.15,1.9381082119655774e-05,-2.734920206722795e-07
40,20,5.0,3.2,1.936715431167484e-05,-2.830508462257368e-07
40,20,5.0,3.25,1.9352832713022665e-05,-2.892688956069304e-07
40,20,5.0,3.3,1.933828060034884e-05,-2.9229614311172484e-07
40,20,5.0,3.35,1.9323653831019187e-05,-2.9227933502044075e-07
40,20,5.0,3.4,1.9309101011727958e-05,-2.893617091187417e-07
40,20,5.0,3.45,1.929476367997254e-05,-2.836827599513205e-07
40,20,5.0,3.5,1.9280776496204224e-05,-2.753780460093486e-07
40,20,5.0,3.55,1.9267267444644664e-05,-2.645790352215511e-07
40,20,5.0,3.6,1.925435804094452e-05,-2.5141298529703527e-07
40,20,5.0,3.65,1.924216354502094e-05,-2.360028556512384e-07
40,20,5.0,3.7,1.923079317757417e-05,-2.1846724783236537e-07
40,20,5.0,3.75,1.9220350338931245e-05,-1.9892037155260668e-07
40,20,5.0,3.8,1.9210932829004447e-05,-1.774720336128093e-07
40,20,5.0,3.85,1.920263306728455e-05,-1.5422764719177237e-07
40,20,5.0,3.9,1.9195538311909668e-05,-1.292882591483142e-07
40,20,5.0,3.95,1.9189730876964716e-05,-1.0275059315680217e-07
40,20,5.0,4.0,1.9185288347269872e-05,-7.470710666221873e-08
40,20,5.0,4.05,1.918228379001614e-05,-4.524605980036667e-08
40,20,5.0,4.1,1.918078596268959e-05,-1.4451594580198663e-08
40,20,5.0,4.15,1.918085951681476e-05,1.7596177230171748e-08
40,20,5.0,4.2,1.9182565197113985e-05,5.082107893593206e-08
40,20,5.0,4.25,1.9185960035755642e-05,8.515076775961477e-08
40,20,5.0,4.3,1.919109754141768e-05,1.2051662886897374e-07
40,20,5.0,4.35,1.9198027882955888e-05,1.5685366564747298e-07
40,20,5.0,4.4,1.920679806751057e-05,1.941003871601171e-07
40,20,5.0,4.45,1.9217452112935417e-05,2.3219869366899917e-07
40,20,5.0,4.5,1.923003121446874e-05,2.710937609608765e-07
40,20,5.0,4.55,1.9244573905606114e-05,3.107339241647807e-07
40,20,5.0,4.6,1.9261116213163544e-05,3.5107056165892075e-07
40,20,5.0,4.65,1.9279691806549766e-05,3.9205797959413396e-07
40,20,5.0,4.7,1.9300332141288904e-05,4.336532974948734e-07
40,20,5.0,4.75,1.932306659685988e-05,4.758163353379506e-07
40,20,5.0,4.8,1.934792260893275e-05,5.185095024537282e-07
40,20,5.0,4.85,1.937492579610292e-05,5.616976885440081e-07
40,20,5.0,4.9,1.9404100081233624e-05,6.053481570647261e-07
40,20,5.0,4.95,1.943546780753149e-05,6.494304411801858e-07
40,20,5.0,5.0,1.9469049849488032e-05,6.939162424576872e-07
80,5,0.0,0.0,5.302905809565978e-11,3.1695608671269138e-09
80,5,0.0,0.05,5.997516665860212e-10,2.158693550224026e-08
80,5,0.0,0.1,2.105158927463639e-09,3.3843369694295684e-08
80,5,0.0,0.15,3.5694708713261546e-09,2.295289833396535e-08
80,5,0.0,0.2,4.409034606386859e-09,1.1611126171603417e-08
80,5,0.0,0.25,4.829723108595611e-09,6.009800920803152e-09
80,5,0.0,0.3,5.0653720594432946e-09,3.771734792927214e-09
80,5,0.0,0.35,5.229639751135365e-09,2.935705164996885e-09
80,5,0.0,0.4,5.367438588226719e-09,2.626081076801993e-09
80,5,0.0,0.45,5.495302629130066e-09,2.5061257490841347e-09
80,5,0.0,0.5,5.61911698366562e-09,2.4524573162223274e-09
80,5,0.0,0.55,5.740899043597438e-09,2.4206727306121335e-09
80,5,0.0,0.6,5.861280281364705e-09,2.3949518512721195e-09
80,5,0.0,0.65,5.9804008615154965e-09,2.369737110169667e-09
80,5,0.0,0.7,6.098230402587342e-09,2.3431456924112854e-09
80,5,0.0,0.75,6.214682793725681e-09,2.3146099187558734e-09
80,5,0.0,0.8,6.329657293612175e-09,2.2840330630376368e-09
80,5,0.0,0.85,6.443053252163627e-09,2.251487103893002e-09
80,5,0.0,0.9,6.554775376365899e-09,2.2171040895287055e-09
80,5,0.0,0.95,6.664735584864835e-09,2.1810366654478766e-09
80,5,0.0,1.0,6.7728536114273514e-09,2.1434433422498343e-09
80,5,0.0,1.05,6.879057131234929e-09,2.104482658039801e-09
80,5,0.0,1.1,6.983281689648678e-09,2.064310586209612e-09
80,5,0.0,1.15,7.0854705368531525e-09,2.023079174080766e-09
80,5,0.0,1.2,7.185574408890481e-09,1.9809356921580365e-09
80,5,0.0,1.25,7.283551273038466e-09,1.9380220338291337e-09
80,5,0.0,1.3,7.379366047249354e-09,1.894474268447491e-09
80,5,0.0,1.35,7.472990300195458e-09,1.8504223082847985e-09
80,5,0.0,1.4,7.56440193708709e-09,1.805989669999538e-09
80,5,0.0,1.45,7.653584875662416e-09,1.7612933182884894e-09
80,5,0.0,1.5,7.740528716205825e-09,1.7164435818646193e-09
80,5,0.0,1.55,7.825228408988362e-09,1.6715441328851969e-09
80,5,0.0,1.6,7.907683922090125e-09,1.6266920214829617e-09
80,5,0.0,1.65,7.987899912161967e-09,1.5819777575073532e-09
80,5,0.0,1.7,8.065885400298001e-09,1.5374854320472877e-09
80,5,0.0,1.75,8.14165345483495e-09,1.493292871826079e-09
80,5,0.0,1.8,8.21522088255786e-09,1.4494718201156686e-09
80,5,0.0,1.85,8.28660792949412e-09,1.4060881383962031e-09
80,5,0.0,1.9,8.355837992199905e-09,1.3632020235804522e-09
80,5,0.0,1.95,8.422937340199448e-09,1.3208682362112787e-09
80,5,0.0,2.0,8.487934850024203e-09,1.2791363356132464e-09
80,5,0.0,2.05,8.550861751109947e-09,1.2380509185303925e-09
80,5,0.0,2.1,8.61175138365016e-09,1.1976518583010522e-09
80,5,0.0,2.15,8.670638968369612e-09,1.1579745421044292e-09
80,5,0.0,2.2,8.727561388068877e-09,1.1190501042575166e-09
80,5,0.0,2.25,8.782556980700594e-09,1.0809056539447813e-09
80,5,0.0,2.3,8.835665343665968e-09,1.0435644961245917e-09
80,5,0.0,2.35,8.886927148966535e-09,1.0070463446772797e-09
80,5,0.0,2.4,8.9363839688041e-09,9.71367527140178e-10
80,5,0.0,2.45,8.984078111198857e-09,9.365411806178028e-10
80,5,0.0,2.5,9.030052465177935e-09,9.025774386617113e-10
80,5,0.0,2.55,9.074350355080294e-09,8.694836090876264e-10
80,5,0.0,2.6,9.117015403528603e-09,8.372643428402182e-10
80,5,0.0,2.65,9.158091402625413e-09,8.059217941304175e-10
80,5,0.0,2.7,9.197622192943128e-09,7.754557721597164e-10
80,5,0.0,2.75,9.235651549898776e-09,7.458638848139652e-10
80,5,0.0,2.8,9.272223077121286e-09,7.171416747569779e-10
80,5,0.0,2.85,9.307380106443307e-09,6.892827483858282e-10
80,5,0.0,2.9,9.341165604171171e-09,6.622788981266114e-10
80,5,0.0,2.95,9.373622083315503e-09,6.36120218554846e-10
80,5,0.0,3.0,9.404791521480451e-09,6.107952168186725e-10
80,5,0.0,3.05,9.43471528414398e-09,5.862909178309614e-10
80,5,0.0,3.1,9.463434053074884e-09,5.625929646757643e-10
80,5,0.0,3.15,9.490987759660011e-09,5.396857146505919e-10
80,5,0.0,3.2,9.517415522932196e-09,5.17552331337475e-10
80,5,0.0,3.25,9.542755592110897e-09,4.961748730654394e-10
80,5,0.0,3.3,9.567045293481312e-09,4.755343780945891e-10
80,5,0.0,3.35,9.590320981458703e-09,4.556109468198341e-10
80,5,0.0,3.4,9.61261799369253e-09,4.3638382125926115e-10
80,5,0.0,3.45,9.63397061008315e-09,4.1783146206070293e-10
80,5,0.0,3.5,9.654412015590069e-09,3.999316232291036e-10
80,5,0.0,3.55,9.67397426672464e-09,3.8266142474836374e-10
80,5,0.0,3.6,9.692688261622545e-09,3.6599742324370514e-10
80,5,0.0,3.65,9.710583713604265e-09,3.499156808056211e-10
80,5,0.0,3.7,9.727689128132573e-09,3.343918320728525e-10
80,5,0.0,3.75,9.744031783082283e-09,3.194011496510567e-10
80,5,0.0,3.8,9.759637712240163e-09,3.049186079248244e-10
80,5,0.0,3.85,9.77453169195706e-09,2.909189453041274e-10
80,5,0.0,3.9,9.788737230872521e-09,2.773767249315715e-10
80,5,0.0,3.95,9.802276562637696e-09,2.6426639386441913e-10
80,5,0.0,4.0,9.815170641559104e-09,2.515623407346592e-10
80,5,0.0,4.05,9.827439141086682e-09,2.392389518814149e-10
80,5,0.0,4.1,9.839100455070426e-09,2.2727066594299378e-10
80,5,0.0,4.15,9.85017170170843e-09,2.1563202689005363e-10
80,5,0.0,4.2,9.860668730105227e-09,2.0429773547689922e-10
80,5,0.0,4.25,9.87060612936486e-09,1.9324269908514313e-10
80,5,0.0,4.3,9.879997240133618e-09,1.824420799314877e-10
80,5,0.0,4.35,9.888854168512804e-09,1.7187134161060603e-10
80,5,0.0,4.4,9.897187802255706e-09,1.615062939435829e-10
80,5,0.0,4.45,9.905007829164768e-09,1.513231361029178e-10
80,5,0.0,4.5,9.912322757600078e-09,1.4129849798581325e-10
80,5,0.0,4.55,9.919139939013384e-09,1.3140947980919942e-10
80,5,0.0,4.6,9.92546559241641e-09,1.2163368990151174e-10
80,5,0.0,4.65,9.931304830693287e-09,1.1194928066836746e-10
80,5,0.0,4.7,9.936661688665188e-09,1.023349827118187e-10
80,5,0.0,4.75,9.941539152813865e-09,9.277013708500623e-11
80,5,0.0,4.8,9.945939192571853e-09,8.323472566701576e-11
80,5,0.0,4.85,9.949862793083783e-09,7.370939964507986e-11
80,5,0.0,4.9,9.953309989343853e-09,6.417550609423359e-11
80,5,0.0,4.95,9.956279901615111e-09,5.461511264704412e-11
80,5,0.0,5.0,9.95877077203465e-09,4.5011030248861896e-11
80,5,1.0,0.0,3.6306580620469614e-09,2.318574553250626e-07
80,5,1.0,0.05,5.70729639482295e-08,2.4816854217735544e-06
80,5,1.0,0.1,2.7468242848128157e-07,5.7359765377218175e-06
80,5,1.0,0.15,5.533589605570816e-07,4.8482496069200355e-06
80,5,1.0,0.2,7.428430778302164e-07,2.8252139712204742e-06
80,5,1.0,0.25,8.515135932663075e-07,1.6720816441502545e-06
80,5,1.0,0.3,9.213144021583085e-07,1.1963111961216685e-06
80,5,1.0,0.35,9.761672097666612e-07,1.0288111469261348e-06
80,5,1.0,0.4,1.026155436701655e-06,9.824318279854234e-07
80,5,1.0,0.45,1.0751387266513874e-06,9.811801486103207e-07
80,5,1.0,0.5,1.124535750946952e-06,9.962072713019892e-07
80,5,1.0,0.55,1.1748487735785654e-06,1.0167939827558521e-06
80,5,1.0,0.6,1.2262404674728057e-06,1.0389734986944047e-06
80,5,1.0,0.65,1.2787475729780695e-06,1.0612670687019208e-06
80,5,1.0,0.7,1.3323595045324902e-06,1.0831104469540467e-06
80,5,1.0,0.75,1.3870472700232796e-06,1.1042767152378842e-06
80,5,1.0,0.8,1.442774187158923e-06,1.1246651160603393e-06
80,5,1.0,0.85,1.499499943856005e-06,1.1442238823320367e-06
80,5,1.0,0.9,1.5571822262350868e-06,1.1629220243493469e-06
80,5,1.0,0.95,1.615777456170637e-06,1.180738969467359e-06
80,5,1.0,1.0,1.6752412000881467e-06,1.1976606937565914e-06
80,5,1.0,1.05,1.7355284528850612e-06,1.2136782023985415e-06
80,5,1.0,1.1,1.796593870464112e-06,1.228786851102731e-06
80,5,1.0,1.15,1.85839197699192e-06,1.2429859622205004e-06
80,5,1.0,1.2,1.9208773558856172e-06,1.2562785394851761e-06
80,5,1.0,1.25,1.9840048274400237e-06,1.268671012654541e-06
80,5,1.0,1.3,2.0477296139161903e-06,1.2801729894290493e-06
80,5,1.0,1.35,2.112007492263485e-06,1.2907970085226466e-06
80,5,1.0,1.4,2.176794934510714e-06,1.3005582934988216e-06
80,5,1.0,1.45,2.2420492358964614e-06,1.3094745088035604e-06
80,5,1.0,1.5,2.30772863089437e-06,1.3175655198378209e-06
80,5,1.0,1.55,2.3737923973799526e-06,1.3248531588194027e-06
80,5,1.0,1.6,2.4402009492671033e-06,1.3313609979308409e-06
80,5,1.0,1.65,2.5069159180096507e-06,1.3371141309533209e-06
80,5,1.0,1.7,2.5739002234164506e-06,1.3421389643003735e-06
80,5,1.0,1.75,2.6411181342672448e-06,1.3464630181001884e-06
80,5,1.0,1.8,2.7085353192426397e-06,1.3501147377423801e-06
80,5,1.0,1.85,2.7761188886983904e-06,1.3531233161047952e-06
80,5,1.0,1.9,2.843837427818896e-06,1.355518526506358e-06
80,5,1.0,1.95,2.9116610216849887e-06,1.3573305662935795e-06
80,5,1.0,2.0,2.9795612727828426e-06,1.3585899108568488e-06
80,5,1.0,2.05,3.047511311468416e-06,1.3593271777870838e-06
80,5,1.0,2.1,3.11548579988636e-06,1.3595730008199306e-06
80,5,1.0,2.15,3.1834609298219516e-06,1.3593579131700679e-06
80,5,1.0,2.2,3.2514144149465283e-06,1.3587122398317443e-06
80,5,1.0,2.25,3.3193254778922502e-06,1.357665998406812e-06
80,5,1.0,2.3,3.3871748325727155e-06,1.3562488080203015e-06
80,5,1.0,2.35,3.4549446621423847e-06,1.3544898058894808e-06
80,5,1.0,2.4,3.522618592966816e-06,1.352417571125912e-06
80,5,1.0,2.45,3.590181664955701e-06,1.350060055368571e-06
80,5,1.0,2.5,3.6576202985901173e-06,1.3474445198673952e-06
80,5,1.0,2.55,3.7249222589578534e-06,1.3445974786604877e-06
80,5,1.0,2.6,3.7920766170929787e-06,1.3415446475125405e-06
80,5,1.0,2.65,3.859073708899741e-06,1.3383108983062044e-06
80,5,1.0,2.7,3.925905091926637e-06,1.3349202186018787e-06
80,5,1.0,2.75,3.992563500241831e-06,1.331395676103106e-06
80,5,1.0,2.8,4.059042797649785e-06,1.3277593877854784e-06
80,5,1.0,2.85,4.125337929475804e-06,1.324032493464835e-06
80,5,1.0,2.9,4.191444873136005e-06,1.3202351335971588e-06
80,5,1.0,2.95,4.257360587698773e-06,1.3163864311161602e-06
80,5,1.0,3.0,4.323082962635183e-06,1.3125044771265943e-06
80,5,1.0,3.05,4.388610765947163e-06,1.3086063202812608e-06
80,5,1.0,3.1,4.453943591852752e-06,1.3047079596772398e-06
80,5,1.0,3.15,4.519081808201225e-06,1.3008243411136015e-06
80,5,1.0,3.2,4.58402650378178e-06,1.2969693565571567e-06
80,5,1.0,3.25,4.648779435682552e-06,1.293155846666496e-06
80,5,1.0,3.3,4.713342976849261e-06,1.2893956062269015e-06
80,5,1.0,3.35,4.777720063985316e-06,1.2856993923502752e-06
80,5,1.0,3.4,4.841914145927929e-06,1.2820769352950462e-06
80,5,1.0,3.45,4.905929132628051e-06,1.2785369517616571e-06
80,5,1.0,3.5,4.9697693448535306e-06,1.2750871605190411e-06
80,5,1.0,3.55,5.033439464729264e-06,1.2717343002180108e-06
80,5,1.0,3.6,5.096944487219008e-06,1.268484149246959e-06
80,5,1.0,3.65,5.160289672649211e-06,1.2653415474863003e-06
80,5,1.0,3.7,5.223480500363669e-06,1.2623104198173296e-06
80,5,1.0,3.75,5.286522623595568e-06,1.259393801243161e-06
80,5,1.0,3.8,5.349421825632317e-06,1.2565938634794273e-06
80,5,1.0,3.85,5.412183977344137e-06,1.253911942874669e-06
80,5,1.0,3.9,5.474814996138561e-06,1.2513485695216098e-06
80,5,1.0,3.95,5.537320806397816e-06,1.248903497423481e-06
80,5,1.0,4.0,5.599707301448076e-06,1.2465757355818136e-06
80,5,1.0,4.05,5.661980307103087e-06,1.2443635798755191e-06
80,5,1.0,4.1,5.72414554681932e-06,1.2422646456047766e-06
80,5,1.0,4.15,5.7862086084920445e-06,1.2402759005769409e-06
80,5,1.0,4.2,5.848174912917097e-06,1.23839369861621e-06
80,5,1.0,4.25,5.910049683935916e-06,1.236613813383142e-06
80,5,1.0,4.3,5.97183792027731e-06,1.2349314723951771e-06
80,5,1.0,4.35,6.033544369103194e-06,1.2333413911442076e-06
80,5,1.0,4.4,6.09517350126027e-06,1.231837807212353e-06
80,5,1.0,4.45,6.15672948823575e-06,1.2304145142926264e-06
80,5,1.0,4.5,6.21821618080957e-06,1.2290648960263253e-06
80,5,1.0,4.55,6.279637089392595e-06,1.2277819595746354e-06
80,5,1.0,4.6,6.340995366034871e-06,1.226558368847067e-06
80,5,1.0,4.65,6.402293788085081e-06,1.2253864773149026e-06
80,5,1.0,4.7,6.463534743479116e-06,1.2242583603431227e-06
80,5,1.0,4.75,6.524720217632298e-06,1.2231658469794358e-06
80,5,1.0,4.8,6.585851781905105e-06,1.2221005511438255e-06
80,5,1.0,4.85,6.6469305836136215e-06,1.2210539021676328e-06
80,5,1.0,4.9,6.70795733754903e-06,1.2200171746351557e-06
80,5,1.0,4.95,6.768932318970856e-06,1.218981517485814e-06
80,5,1.0,5.0,6.8298553580363145e-06,1.2179379823391301e-06
80,5,2.0,0.0,9.732997292520546e-09,6.341121331671079e-07
80,5,2.0,0.05,1.9598419259184423e-07,9.918710196084696e-06
80,5,2.0,0.1,1.3105919100591645e-06,3.433951239794105e-05
80,5,2.0,0.15,3.1945896331683947e-06,3.5973715219078037e-05
80,5,2.0,0.2,4.6602493102897516e-06,2.252693473374658e-05
80,5,2.0,0.25,5.529409526834093e-06,1.3307071718851954e-05
80,5,2.0,0.3,6.0781470928411245e-06,9.268332694965873e-06
80,5,2.0,0.35,6.498429690514254e-06,7.808649611778354e-06
80,5,2.0,0.4,6.8759692817262695e-06,7.39521021433963e-06
80,5,2.0,0.45,7.244345208963027e-06,7.377635910737907e-06
80,5,2.0,0.5,7.616060874724875e-06,7.504445231224378e-06
80,5,2.0,0.55,7.995592530917753e-06,7.68118245670874e-06
80,5,2.0,0.6,8.384412243631309e-06,7.87255902055745e-06
80,5,2.0,0.65,8.782866427859817e-06,8.06525635120614e-06
80,5,2.0,0.7,9.190871900011866e-06,8.254084583289228e-06
80,5,2.0,0.75,9.608173665247507e-06,8.436873529918282e-06
80,5,2.0,0.8,1.0034441216798397e-05,8.612593867569502e-06
80,5,2.0,0.85,1.04693055111743e-05,8.780667848553744e-06
80,5,2.0,0.9,1.0912374196307514e-05,8.940716866396552e-06
80,5,2.0,0.95,1.1363238877191004e-05,9.092468992514499e-06
80,5,2.0,1.0,1.1821479457796349e-05,9.235724806647762e-06
80,5,2.0,1.05,1.228666738867355e-05,9.370344248711937e-06
80,5,2.0,1.1,1.2758368474353852e-05,9.496240866541185e-06
80,5,2.0,1.15,1.3236145465899066e-05,9.613378507318317e-06
80,5,2.0,1.2,1.3719560508874093e-05,9.721768678657268e-06
80,5,2.0,1.25,1.4208177462186717e-05,9.821467968381198e-06
80,5,2.0,1.3,1.4701564085062806e-05,9.912575336481603e-06
80,5,2.0,1.35,1.5199294084582371e-05,9.995229246333781e-06
80,5,2.0,1.4,1.5700949016146916e-05,1.0069604656316503e-05
80,5,2.0,1.45,1.6206120030825642e-05,1.0135909910302561e-05
80,5,2.0,1.5,1.671440946557552e-05,1.019438356910687e-05
80,5,2.0,1.55,1.7225432274408558e-05,1.024529122341279e-05
80,5,2.0,1.6,1.7738817300521537e-05,1.028892232514706e-05
80,5,2.0,1.65,1.8254208391145718e-05,1.0325587070004775e-05
80,5,2.0,1.7,1.8771265358398826e-05,1.0355613359333875e-05
80,5,2.0,1.75,1.9289664790719806e-05,1.037934386516437e-05
80,5,2.0,1.8,1.9809100720548868e-05,1.0397133217895508e-05
80,5,2.0,1.85,2.0329285154789936e-05,1.0409345332165414e-05
80,5,2.0,1.9,2.0849948475273188e-05,1.04163508827267e-05
80,5,2.0,1.95,2.1370839716947286e-05,1.0418524938801765e-05
80,5,2.0,2.0,2.189172673186862e-05,1.0416244762391853e-05
80,5,2.0,2.05,2.241239624727031e-05,1.040988777336618e-05
80,5,2.0,2.1,2.2932653826070098e-05,1.039982968186312e-05
80,5,2.0,2.15,2.3452323738154308e-05,1.0386442786572687e-05
80,5,2.0,2.2,2.3971248750663695e-05,1.0370094435824443e-05
80,5,2.0,2.25,2.4489289845311813e-05,1.0351145647046249e-05
80,5,2.0,2.3,2.5006325870523996e-05,1.032994987907384e-05
80,5,2.0,2.35,2.552225313588161e-05,1.0306851950937619e-05
80,5,2.0,2.4,2.6036984956020898e-05,1.0282187100115753e-05
80,5,2.0,2.45,2.655045115077959e-05,1.0256280172792308e-05
80,5,2.0,2.5,2.706259750799228e-05,1.022944493836296e-05
80,5,2.0,2.55,2.7573385214954165e-05,1.0201983520280042e-05
80,5,2.0,2.6,2.8082790264170553e-05,1.0174185935287787e-05
80,5,2.0,2.65,2.859080283861103e-05,1.0146329733152694e-05
80,5,2.0,2.7,2.9097426681302204e-05,1.0118679729131192e-05
80,5,2.0,2.75,2.960267845370455e-05,1.0091487821610335e-05
80,5,2.0,2.8,3.0106587086945623e-05,1.0064992887601681e-05
80,5,2.0,2.85,3.0609193129628824e-05,1.0039420749051915e-05
80,5,2.0,2.9,3.111054809558676e-05,1.0014984203239788e-05
80,5,2.0,2.95,3.161071381462236e-05,9.991883110855886e-06
80,5,2.0,3.0,3.210976178896846e-05,9.970304535699416e-06
80,5,2.0,3.05,3.2607772557904214e-05,9.950422930269456e-06
80,5,2.0,3.1,3.310483507268329e-05,9.932400361869993e-06
80,5,2.0,3.15,3.360104608367775e-05,9.9163867741912e-06
80,5,2.0,3.2,3.409650954138557e-05,9.902520279660396e-06
80,5,2.0,3.25,3.459133601273579e-05,9.890927478185883e-06
80,5,2.0,3.3,3.508564211390355e-05,9.881723798229443e-06
80,5,2.0,3.35,3.557954996066067e-05,9.875013856451298e-06
80,5,2.0,3.4,3.607318663709608e-05,9.870891832459994e-06
80,5,2.0,3.45,3.656668368338781e-05,9.869441855484167e-06
80,5,2.0,3.5,3.7060176603144226e-05,9.870738400046301e-06
80,5,2.0,3.55,3.755380439069677e-05,9.874846687973478e-06
80,5,2.0,3.6,3.804770907860337e-05,9.881823094322564e-06
80,5,2.0,3.65,3.8542035305496805e-05,9.891715555021244e-06
80,5,2.0,3.7,3.903692990431756e-05,9.904563974244989e-06
80,5,2.0,3.75,3.953254151087275e-05,9.920400629750276e-06
80,5,2.0,3.8,4.0029020192574215e-05,9.939250574574669e-06
80,5,2.0,3.85,4.0526517097144635e-05,9.961132033694631e-06
80,5,2.0,3.9,4.102518412099998e-05,9.986056794395828e-06
80,5,2.0,3.95,4.152517359697527e-05,1.0014030589270714e-05
80,5,2.0,4.0,4.202663800099159e-05,1.0045053470899259e-05
80,5,2.0,4.05,4.2529729677234025e-05,1.0079120177407088e-05
80,5,2.0,4.1,4.303460058136604e-05,1.011622048821886e-05
80,5,2.0,4.15,4.35414020412725e-05,1.0156339569440279e-05
80,5,2.0,4.2,4.405028453480251e-05,1.0199458308409343e-05
80,5,2.0,4.25,4.456139748396474e-05,1.0245553637056085e-05
80,5,2.0,4.3,4.507488906499991e-05,1.0294598843796559e-05
80,5,2.0,4.35,4.5590906033761236e-05,1.0346563873773055e-05
80,5,2.0,4.4,4.6109593565812565e-05,1.0401415617323083e-05
80,5,2.0,4.45,4.6631095110651656e-05,1.0459118186627376e-05
80,5,2.0,4.5,4.715555225947375e-05,1.0519633180549268e-05
80,5,2.0,4.55,4.768310462588166e-05,1.0582919937729014e-05
80,5,2.0,4.6,4.8213889738958766e-05,1.0648935778046091e-05
80,5,2.0,4.65,4.874804294812867e-05,1.0717636232604357e-05
80,5,2.0,4.7,4.928569733922989e-05,1.0788975262430673e-05
80,5,2.0,4.75,4.982698366124931e-05,1.0862905466111546e-05
80,5,2.0,4.8,5.03720302631647e-05,1.0939378276617022e-05
80,5,2.0,4.85,5.092096304036444e-05,1.1018344147586105e-05
80,5,2.0,4.9,5.147390539012345e-05,1.1099752729365524e-05
80,5,2.0,4.95,5.203097817563359e-05,1.1183553035110606e-05
80,5,2.0,5.0,5.259229969809302e-05,1.1269693597266142e-05
80,5,3.0,0.0,1.422313969535521e-08,9.041490252533443e-07
80,5,3.0,0.05,3.297680473818809e-07,1.873942740606891e-05
80,5,3.0,0.1,3.0728166770486445e-06,9.871439087284367e-05
80,5,3.0,0.15,9.320760187302662e-06,0.00013200162994131832
80,5,3.0,0.2,1.4931678665796919e-05,8.826547339397786e-05
80,5,3.0,0.25,1.8289504386575455e-05,4.9789645302007095e-05
80,5,3.0,0.3,2.025665025880288e-05,3.155788381412632e-05
80,5,3.0,0.35,2.1629270293569433e-05,2.4525596034168303e-05
80,5,3.0,0.4,2.2784845567448295e-05,2.2154731370956187e-05
80,5,3.0,0.45,2.3873297159476716e-05,2.155154146303133e-05
80,5,3.0,0.5,2.495029989610838e-05,2.158754432340623e-05
80,5,3.0,0.55,2.6035527719100837e-05,2.1840031523963972e-05
80,5,3.0,0.6,2.713525423532768e-05,2.215251004611366e-05
80,5,3.0,0.65,2.8250794178595627e-05,2.2466990115493104e-05
80,5,3.0,0.7,2.938161792313764e-05,2.2761748077780854e-05
80,5,3.0,0.75,3.0526499100991254e-05,2.3028462745159872e-05
80,5,3.0,0.8,3.168394108597095e-05,2.3263850156053575e-05
80,5,3.0,0.85,3.285233984316915e-05,2.3466607542423056e-05
80,5,3.0,0.9,3.403005044745918e-05,2.363629553291107e-05
80,5,3.0,0.95,3.5215418277277466e-05,2.377292587776407e-05
80,5,3.0,1.0,3.6406797052648136e-05,2.3876804813450892e-05
80,5,3.0,1.05,3.7602561724278965e-05,2.394846822360937e-05
80,5,3.0,1.1,3.8801119069280026e-05,2.3988649130691465e-05
80,5,3.0,1.15,4.000091698433629e-05,2.399825609749613e-05
80,5,3.0,1.2,4.120045279972637e-05,2.3978354966645714e-05
80,5,3.0,1.25,4.239828070565226e-05,2.3930151395686585e-05
80,5,3.0,1.3,4.3593018308244495e-05,2.385497346162544e-05
80,5,3.0,1.35,4.4783352315192545e-05,2.3754254253189608e-05
80,5,3.0,1.4,4.596804335330139e-05,2.362951458558403e-05
80,5,3.0,1.45,4.7145929928862176e-05,2.348234603195535e-05
80,5,3.0,1.5,4.83159315516267e-05,2.3314394467238395e-05
80,5,3.0,1.55,4.947705105249886e-05,2.31273443002376e-05
80,5,3.0,1.6,5.0628376133192e-05,2.2922903542488535e-05
80,5,3.0,1.65,5.176908019279513e-05,2.270278983313444e-05
80,5,3.0,1.7,5.289842248142213e-05,2.2468717510175663e-05
80,5,3.0,1.75,5.401574763495102e-05,2.2222385791123113e-05
80,5,3.0,1.8,5.5120484647370834e-05,2.1965468100926097e-05
80,5,3.0,1.85,5.6212145338566096e-05,2.1699602562443657e-05
80,5,3.0,1.9,5.729032237563018e-05,2.1426383644853785e-05
80,5,3.0,1.95,5.8354686905128925e-05,2.1147354948260345e-05
80,5,3.0,2.0,5.940498585227243e-05,2.0864003088443633e-05
80,5,3.0,2.05,6.044103894085446e-05,2.0577752633981627e-05
80,5,3.0,2.1,6.146273548518814e-05,2.0289962038789166e-05
80,5,3.0,2.15,6.24700310022315e-05,2.000192050622709e-05
80,5,3.0,2.2,6.346294368879101e-05,1.971484571614094e-05
80,5,3.0,2.25,6.444155080515726e-05,1.942988234323438e-05
80,5,3.0,2.3,6.540598500292618e-05,1.914810129385991e-05
80,5,3.0,2.35,6.635643063110222e-05,1.8870499588358916e-05
80,5,3.0,2.4,6.72931200509586e-05,1.859800081728936e-05
80,5,3.0,2.45,6.821632998660317e-05,1.833145610203425e-05
80,5,3.0,2.5,6.91263779347882e-05,1.8071645493182004e-05
80,5,3.0,2.55,7.002361865426363e-05,1.7819279743544105e-05
80,5,3.0,2.6,7.090844075190114e-05,1.7575002396559327e-05
80,5,3.0,2.65,7.178126337996662e-05,1.7339392134999315e-05
80,5,3.0,2.7,7.264253305627246e-05,1.7112965339212715e-05
80,5,3.0,2.75,7.349272061649972e-05,1.6896178808522485e-05
80,5,3.0,2.8,7.433231830578931e-05,1.6689432603753014e-05
80,5,3.0,2.85,7.516183701468805e-05,1.6493072973123525e-05
80,5,3.0,2.9,7.59818036627693e-05,1.630739532787034e-05
80,5,3.0,2.95,7.679275873164533e-05,1.6132647237891274e-05
80,5,3.0,3.0,7.759525394771978e-05,1.5969031421432797e-05
80,5,3.0,3.05,7.838985011379397e-05,1.5816708706320215e-05
80,5,3.0,3.1,7.91771150876219e-05,1.5675800943476708e-05
80,5,3.0,3.15,7.995762190459714e-05,1.554639385645562e-05
80,5,3.0,3.2,8.073194704103458e-05,1.54285398134492e-05
80,5,3.0,3.25,8.150066881387608e-05,1.5322260510713197e-05
80,5,3.0,3.3,8.226436591216615e-05,1.5227549558590121e-05
80,5,3.0,3.35,8.302361605524822e-05,1.5144374963319904e-05
80,5,3.0,3.4,8.377899477233479e-05,1.5072681499612279e-05
80,5,3.0,3.45,8.453107429790463e-05,1.5012392970536999e-05
80,5,3.0,3.5,8.528042257723244e-05,1.4963414352669867e-05
80,5,3.0,3.55,8.602760237627983e-05,1.4925633825638767e-05
80,5,3.0,3.6,8.677317049018473e-05,1.489892468625778e-05
80,5,3.0,3.65,8.751767704458676e-05,1.4883147148321463e-05
80,5,3.0,3.7,8.826166488412321e-05,1.4878150029888702e-05
80,5,3.0,3.75,8.900566904252453e-05,1.4883772330509406e-05
80,5,3.0,3.8,8.975021628888299e-05,1.489984470136806e-05
80,5,3.0,3.85,9.049582474482164e-05,1.4926190811731893e-05
80,5,3.0,3.9,9.124300356746426e-05,1.4962628615420158e-05
80,5,3.0,3.95,9.199225269331957e-05,1.5008971521264698e-05
80,5,3.0,4.0,9.27440626383702e-05,1.506502947170816e-05
80,5,3.0,4.05,9.349891434988378e-05,1.5130609933810822e-05
80,5,3.0,4.1,9.42572791056751e-05,1.5205518807004782e-05
80,5,3.0,4.15,9.501961845676694e-05,1.52895612519595e-05
80,5,3.0,4.2,9.578638420961133e-05,1.538254244490641e-05
80,5,3.0,4.25,9.655801844425248e-05,1.548426826172559e-05
80,5,3.0,4.3,9.733495356503028e-05,1.5594545896022993e-05
80,5,3.0,4.35,9.811761238061667e-05,1.5713184415328572e-05
80,5,3.0,4.4,9.890640821040815e-05,1.5839995259434466e-05
80,5,3.0,4.45,9.970174501446032e-05,1.5974792684757955e-05
80,5,3.0,4.5,0.00010050401754437769,1.6117394158478387e-05
80,5,3.0,4.55,0.00010131361151272386,1.6267620706043254e-05
80,5,3.0,4.6,0.0001021309037787188,1.642529721548668e-05
80,5,3.0,4.65,0.00010295626254813262,1.659025270184092e-05
80,5,3.0,4.7,0.0001037900475854825,1.676232053476507e-05
80,5,3.0,4.75,0.00010463261043673494,1.6941338632346074e-05
80,5,3.0,4.8,0.00010548429466092234,1.712714962387369e-05
80,5,3.0,4.85,0.00010634543606918169,1.7319600984229506e-05
80,5,3.0,4.9,0.00010721636296984102,1.7518545142368977e-05
80,5,3.0,4.95,0.00010809739641834444,1.772383956623442e-05
80,5,3.0,5.0,0.00010898885047087388,1.7935346826278594e-05
80,5,4.0,0.0,1.96545888097663e-08,1.1698249087705399e-06
80,5,4.0,0.05,4.6607888852293796e-07,2.8684707195057084e-05
80,5,4.0,0.1,5.970609174921352e-06,0.00023083226057249144
80,5,4.0,0.15,2.3405070262143844e-05,0.00041543430207337544
80,5,4.0,0.2,4.218568616793279e-05,0.00030741271350145114
80,5,4.0,0.25,5.380834327271298e-05,0.00016770039084376608
80,5,4.0,0.3,6.012956025142043e-05,9.512495741908744e-05
80,5,4.0,0.35,6.403455523416712e-05,6.575307576275502e-05
80,5,4.0,0.4,6.700736086876467e-05,5.49964473549056e-05
80,5,4.0,0.45,6.964900092931527e-05,5.134554587357238e-05
80,5,4.0,0.5,7.218336804995741e-05,5.026728500446176e-05
80,5,4.0,0.55,7.468989478634524e-05,5.007079294586067e-05
80,5,4.0,0.6,7.719462995388689e-05,5.013691740196069e-05
80,5,4.0,0.65,7.970414006548315e-05,5.024050334543291e-05
80,5,4.0,0.7,8.2217922112978e-05,5.030015164467597e-05
80,5,4.0,0.75,8.47329319913473e-05,5.028698076272077e-05
80,5,4.0,0.8,8.72452449126528e-05,5.0191514027452975e-05
80,5,4.0,0.85,8.975067565867652e-05,5.001167503010391e-05
80,5,4.0,0.9,9.224502147561088e-05,4.9748424007273735e-05
80,5,4.0,0.95,9.472416729861083e-05,4.940415351243508e-05
80,5,4.0,1.0,9.7184139760532e-05,4.8982077490115364e-05
80,5,4.0,1.05,9.962114105312774e-05,4.848597624194128e-05
80,5,4.0,1.1,0.00010203157373694352,4.7920067864596005e-05
80,5,4.0,1.15,0.00010441206042595848,4.7288924157845314e-05
80,5,4.0,1.2,0.00010675945972453363,4.65974021729419e-05
80,5,4.0,1.25,0.00010907087891114061,4.585058169367145e-05
80,5,4.0,1.3,0.00011134368357754631,4.50537057667388e-05
80,5,4.0,1.35,0.00011357550435802305,4.421212378076068e-05
80,5,4.0,1.4,0.00011576424088132315,4.333123737010466e-05
80,5,4.0,1.45,0.00011790806309825286,4.2416449616375484e-05
80,5,4.0,1.5,0.00012000541016151227,4.1473118008250254e-05
80,5,4.0,1.55,0.00012205498705552935,4.050651153566274e-05
80,5,4.0,1.6,0.00012405575919021235,3.952177218814449e-05
80,5,4.0,1.65,0.00012600694518331523,3.852388101912768e-05
80,5,4.0,1.7,0.00012790800806161757,3.7517628836498925e-05
80,5,4.0,1.75,0.00012975864511182063,3.650759148843688e-05
80,5,4.0,1.8,0.0001315587766084671,3.5498109634170264e-05
80,5,4.0,1.85,0.000133308533638952,3.449327282244272e-05
80,5,4.0,1.9,0.00013500824523542313,3.349690764622908e-05
80,5,4.0,1.95,0.00013665842501069868,3.2512569700112893e-05
80,5,4.0,2.0,0.00013825975748083026,3.154353903608422e-05
80,5,4.0,2.05,0.00013981308424118426,3.059281879325765e-05
80,5,4.0,2.1,0.00014131939014638126,2.9663136666164056e-05
80,5,4.0,2.15,0.00014277978962757567,2.875694887356009e-05
80,5,4.0,2.2,0.00014419551326370078,2.7876446293940696e-05
80,5,4.0,2.25,0.00014556789470690623,2.7023562443953277e-05
80,5,4.0,2.3,0.00014689835804648825,2.6199982990497195e-05
80,5,4.0,2.35,0.00014818840568068132,2.5407156505452562e-05
80,5,4.0,2.4,0.0001494396067515578,2.4646306192673352e-05
80,5,4.0,2.45,0.00015065358618538343,2.391844233929683e-05
80,5,4.0,2.5,0.0001518320143689075,2.3224375266769373e-05
80,5,4.0,2.55,0.0001529765974814677,2.2564728580651203e-05
80,5,4.0,2.6,0.00015408906849330724,2.193995254169987e-05
80,5,4.0,2.65,0.00015517117883220733,2.135033740350864e-05
80,5,4.0,2.7,0.00015622469071335446,2.0796026583768056e-05
80,5,4.0,2.75,0.00015725137012122316,2.02770295567618e-05
80,5,4.0,2.8,0.00015825298042714697,1.979323437383654e-05
80,5,4.0,2.85,0.00015923127662198378,1.9344419736170743e-05
80,5,4.0,2.9,0.00016018800013996008,1.8930266560173792e-05
80,5,4.0,2.95,0.00016112487424714086,1.855036899023444e-05
80,5,4.0,3.0,0.00016204359996600107,1.8204244826342844e-05
80,5,4.0,3.05,0.00016294585250629462,1.789134534538936e-05
80,5,4.0,3.1,0.00016383327817158077,1.7611064504751744e-05
80,5,4.0,3.15,0.00016470749171039806,1.7362747525216302e-05
80,5,4.0,3.2,0.0001655700740811532,1.7145698857446108e-05
80,5,4.0,3.25,0.0001664225706001137,1.6959189542189905e-05
80,5,4.0,3.3,0.00016726648944256727,1.6802463979353445e-05
80,5,4.0,3.35,0.0001681033004680429,1.6674746125015226e-05
80,5,4.0,3.4,0.00016893443434154212,1.6575245138578087e-05
80,5,4.0,3.45,0.00016976128192388462,1.650316050459884e-05
80,5,4.0,3.5,0.000170585193905555,1.6457686655531624e-05
80,5,4.0,3.55,0.00017140748065978822,1.643801712273751e-05
80,5,4.0,3.6,0.0001722294122919793,1.6443348243740927e-05
80,5,4.0,3.65,0.00017305221886395716,1.647288245392356e-05
80,5,4.0,3.7,0.00017387709077304489,1.652583119071084e-05
80,5,4.0,3.75,0.00017470517926720453,1.6601417437873675e-05
80,5,4.0,3.8,0.0001755375970789772,1.6698877936915138e-05
80,5,4.0,3.85,0.00017637541916220477,1.681746509165807e-05
80,5,4.0,3.9,0.00017721968351684482,1.6956448591162614e-05
80,5,4.0,3.95,0.00017807139208838893,1.711511677500176e-05
80,5,4.0,4.0,0.0001789315117295821,1.7292777763746947e-05
80,5,4.0,4.05,0.0001798009752132478,1.7488760376291627e-05
80,5,4.0,4.1,0.00018068068228608542,1.7702414854387457e-05
80,5,4.0,4.15,0.0001815715007542677,1.7933113413507954e-05
80,5,4.0,4.2,0.00018247426759261385,1.8180250637900054e-05
80,5,4.0,4.25,0.0001833897900699769,1.8443243736456683e-05
80,5,4.0,4.3,0.00018431884688426074,1.8721532674835663e-05
80,5,4.0,4.35,0.0001852621893012549,1.9014580198094702e-05
80,5,4.0,4.4,0.0001862205422921336,1.932187175698918e-05
80,5,4.0,4.45,0.00018719460566512112,1.9642915350016913e-05
80,5,4.0,4.5,0.00018818505518738345,1.9977241292275015e-05
80,5,4.0,4.55,0.00018919254369374874,2.032440192123613e-05
80,5,4.0,4.6,0.0001902177021793237,2.0683971248644456e-05
80,5,4.0,4.65,0.00019126114087354194,2.1055544566885066e-05
80,5,4.0,4.7,0.00019232345029355488,2.1438738017384076e-05
80,5,4.0,4.75,0.0001934052022752245,2.183318812785696e-05
80,5,4.0,4.8,0.0001945069509803376,2.2238551324536703e-05
80,5,4.0,4.85,0.00019562923387892212,2.2654503424875077e-05
80,5,4.0,4.9,0.000196772572705811,2.3080739115623386e-05
80,5,4.0,4.95,0.00019793747439083472,2.351697142065529e-05
80,5,4.0,5.0,0.00019912443196223515,2.396293116240122e-05
80,5,5.0,0.0,2.4161815646614803e-08,1.296718256833802e-06
80,5,5.0,0.05,5.204800609301753e-07,3.3397224414702444e-05
80,5,5.0,0.1,8.801968786001276e-06,0.00040096182533788416
80,5,5.0,0.15,4.634036050337638e-05,0.0010288455287786496
80,5,5.0,0.2,9.722755937681628e-05,0.0008890180751620492
80,5,5.0,0.25,0.00013127674601934704,0.00048825438690736756
80,5,5.0,0.3,0.00014906181461749312,0.00025319131203932466
80,5,5.0,0.35,0.0001588596177568697,0.00015407269054971295
80,5,5.0,0.4,0.00016547415281020794,0.00011666641257097677
80,5,5.0,0.45,0.0001709122091725355,0.00010313610197624727
80,5,5.0,0.5,0.00017592793082132872,9.830317246719254e-05
80,5,5.0,0.55,0.00018079131520508482,9.650460546289789e-05
80,5,5.0,0.6,0.0001855939627921323,9.567929258770259e-05
80,5,5.0,0.65,0.00019036285353301374,9.508461153676738e-05
80,5,5.0,0.7,0.00019510176390900668,9.445542295188534e-05
80,5,5.0,0.75,0.00019980624902019153,9.36992831543311e-05
80,5,5.0,0.8,0.00020446907187942942,9.278661544755056e-05
80,5,5.0,0.85,0.00020908219345992996,9.171119433350428e-05
80,5,5.0,0.9,0.0002136375247845766,9.047590145618509e-05
80,5,5.0,0.95,0.0002181272315130646,8.908754547370277e-05
80,5,5.0,1.0,0.00022254387428498183,8.755492566933027e-05
80,5,5.0,1.05,0.00022688048606869852,8.588805281170052e-05
80,5,5.0,1.1,0.00023113062257684543,8.409778112151937e-05
80,5,5.0,1.15,0.000235288398539102,8.219558589125924e-05
80,5,5.0,1.2,0.0002393485143793591,8.019339348189837e-05
80,5,5.0,1.25,0.00024330627497846555,7.810343194527068e-05
80,5,5.0,1.3,0.0002471576012555529,7.593809236851649e-05
80,5,5.0,1.35,0.0002508990350296639,7.370979865682127e-05
80,5,5.0,1.4,0.00025452773758408945,7.143088598455348e-05
80,5,5.0,1.45,0.00025804148238863677,6.911348882686789e-05
80,5,5.0,1.5,0.0002614386424828907,6.676943951144124e-05
80,5,5.0,1.55,0.0002647181730660483,6.441017803174161e-05
80,5,5.0,1.6,0.00026787958986942745,6.204667359661591e-05
80,5,5.0,1.65,0.00027092294390459326,5.9689358117467285e-05
80,5,5.0,1.7,0.0002738487931836638,5.73480715782671e-05
80,5,5.0,1.75,0.0002766581719997163,5.503201900631231e-05
80,5,5.0,1.8,0.0002793525583361992,5.274973856743754e-05
80,5,5.0,1.85,0.00028193383994627925,5.050908015039744e-05
80,5,5.0,1.9,0.0002844042796079873,4.8317193680865615e-05
80,5,5.0,1.95,0.0002867664800207816,4.6180526314834564e-05
80,5,5.0,2.0,0.00028902334876487203,4.410482760155765e-05
80,5,5.0,2.05,0.00029117806369835427,4.209516167470391e-05
80,5,5.0,2.1,0.0002932340391198466,4.0155925523717125e-05
80,5,5.0,2.15,0.00029519489297719103,3.8290872411827656e-05
80,5,5.0,2.2,0.0002970644153568591,3.650313953918314e-05
80,5,5.0,2.25,0.00029884653844469727,3.4795279095583715e-05
80,5,5.0,2.3,0.00030054530810728864,3.316929190399266e-05
80,5,5.0,2.35,0.00030216485720480904,3.1626662920265284e-05
80,5,5.0,2.4,0.00030370938071126497,3.0168397923668747e-05
80,5,5.0,2.45,0.000305183112686509,2.8795060804336705e-05
80,5,5.0,2.5,0.00030659030511651764,2.7506810925791897e-05
80,5,5.0,2.55,0.0003079352086141475,2.6303440111395098e-05
80,5,5.0,2.6,0.00030922205495168036,2.5184408871686208e-05
80,5,5.0,2.65,0.0003104550413789975,2.4148881554042567e-05
80,5,5.0,2.7,0.00031163831666678837,2.3195760156150598e-05
80,5,5.0,2.75,0.0003127759688026859,2.232371659994417e-05
80,5,5.0,2.8,0.0003138720142593159,2.1531223312631734e-05
80,5,5.0,2.85,0.0003149303887467273,2.0816582006093413e-05
80,5,5.0,2.9,0.00031595493935722906,2.0177950585315195e-05
80,5,5.0,2.95,0.0003169494180080795,1.961336815077978e-05
80,5,5.0,3.0,0.0003179174760864638,1.9120778089106827e-05
80,5,5.0,3.05,0.00031886266020158144,1.8698049271007307e-05
80,5,5.0,3.1,0.0003197884089500726,1.8342995396148124e-05
80,5,5.0,3.15,0.00032069805060352973,1.8053392541186667e-05
80,5,5.0,3.2,0.00032159480162989676,1.7826994980392922e-05
80,5,5.0,3.25,0.0003224817659643513,1.766154935833604e-05
80,5,5.0,3.3,0.0003233619349494339,1.7554807301430223e-05
80,5,5.0,3.35,0.0003242381878686188,1.7504536560069515e-05
80,5,5.0,3.4,0.00032511329300221687,1.7508530775974163e-05
80,5,5.0,3.45,0.000325989909139296,1.7564617970535516e-05
80,5,5.0,3.5,0.0003268705874840028,1.767066784964971e-05
80,5,5.0,3.55,0.00032775777389953004,1.7824598019061213e-05
80,5,5.0,3.6,0.0003286538114375068,1.8024379201794855e-05
80,5,5.0,3.65,0.00032956094310518044,1.8268039546068658e-05
80,5,5.0,3.7,0.00033048131482700977,1.8553668108309822e-05
80,5,5.0,3.75,0.00033141697856148224,1.8879417591712813e-05
80,5,5.0,3.8,0.00033236989553783844,1.9243506416307704e-05
80,5,5.0,3.85,0.00033334193958107946,1.964422019185768e-05
80,5,5.0,3.9,0.0003343349004970959,2.007991266018004e-05
80,5,5.0,3.95,0.0003353504874929299,2.0549006168759445e-05
80,5,5.0,4.0,0.000336390332610225,2.104999173285787e-05
80,5,5.0,4.05,0.0003374559941525829,2.1581428738773768e-05
80,5,5.0,4.1,0.0003385489600901239,2.2141944336500866e-05
80,5,5.0,4.15,0.0003396706514268637,2.2730232565830933e-05
80,5,5.0,4.2,0.00034082242551854175,2.3345053255917736e-05
80,5,5.0,4.25,0.0003420055793305612,2.398523073453986e-05
80,5,5.0,4.3,0.0003432213526272816,2.4649652379720633e-05
80,5,5.0,4.35,0.0003444709310856109,2.5337267043041907e-05
80,5,5.0,4.4,0.0003457554493270813,2.604708337087181e-05
80,5,5.0,4.45,0.00034707599386393025,2.6778168046859655e-05
80,5,5.0,4.5,0.0003484336059557874,2.7529643976396155e-05
80,5,5.0,4.55,0.00034982928437449993,2.830068843129602e-05
80,5,5.0,4.6,0.00035126398807554954,2.909053117073479e-05
80,5,5.0,4.65,0.000352738638775214,2.9898452552428065e-05
80,5,5.0,4.7,0.00035425412343330744,3.0723781646195994e-05
80,5,5.0,4.75,0.0003558112966418515,3.15658943603752e-05
80,5,5.0,4.8,0.00035741098292062424,3.2424211590032415e-05
80,5,5.0,4.85,0.00035905397892078256,3.329819739456151e-05
80,5,5.0,4.9,0.00036074105553826516,3.4187357211034416e-05
80,5,5.0,4.95,0.0003624729599388357,3.509123610857508e-05
80,5,5.0,5.0,0.0003642504174970024,3.600941708806245e-05
80,10,0.0,0.0,2.917853208847914e-12,1.7157531904560392e-10
80,10,0.0,0.05,3.097930231795948e-11,1.0746809399790865e-09
80,10,0.0,0.1,1.0311108714902317e-10,1.5754178983490803e-09
80,10,0.0,0.15,1.6980101568194977e-10,1.0217039375736767e-09
80,10,0.0,0.2,2.0646963205509466e-10,4.939405731758834e-10
80,10,0.0,0.25,2.2388946430153263e-10,2.3943892534578706e-10
80,10,0.0,0.3,2.3293712089805026e-10,1.385225494877586e-10
80,10,0.0,0.35,2.387632653539553e-10,1.0063422837834121e-10
80,10,0.0,0.4,2.4337923416023724e-10,8.622100393083773e-11
80,10,0.0,0.45,2.4752127356906463e-10,8.024786284007362e-11
80,10,0.0,0.5,2.51451931158046e-10,7.725306531506145e-11
80,10,0.0,0.55,2.5526308488198857e-10,7.528565302431594e-11
80,10,0.0,0.6,2.5898589017478714e-10,7.365506077996027e-11
80,10,0.0,0.65,2.6263009995630856e-10,7.211968952767167e-11
80,10,0.0,0.7,2.661980478668135e-10,7.05972979838917e-11
80,10,0.0,0.75,2.696896054820929e-10,6.906203156050889e-11
80,10,0.0,0.8,2.731039327199175e-10,6.750786750821646e-11
80,10,0.0,0.85,2.764400901921002e-10,6.593564644711192e-11
80,10,0.0,0.9,2.79697247859456e-10,6.434847260000246e-11
80,10,0.0,0.95,2.8287475050616277e-10,6.275008255424996e-11
80,10,0.0,1.0,2.859721324560257e-10,6.114426758189966e-11
80,10,0.0,1.05,2.889891143559007e-10,5.953467070037316e-11
80,10,0.0,1.1,2.919255937256677e-10,5.792471782337249e-11
80,10,0.0,1.15,2.947816334822054e-10,5.631759758516276e-11
80,10,0.0,1.2,2.9755744998182774e-10,5.471625939728841e-11
80,10,0.0,1.25,3.0025340117320636e-10,5.31234187666624e-11
80,10,0.0,1.3,3.028699751060059e-10,5.1541565806760557e-11
80,10,0.0,1.35,3.054077789088458e-10,4.997297533123343e-11
80,10,0.0,1.4,3.078675282954822e-10,4.84197178051097e-11
80,10,0.0,1.45,3.1025003763142716e-10,4.688367075951356e-11
80,10,0.0,1.5,3.125562105772977e-10,4.536653040999629e-11
80,10,0.0,1.55,3.147870313140122e-10,4.3869823282763984e-11
80,10,0.0,1.6,3.1694355634616165e-10,4.239491769188385e-11
80,10,0.0,1.65,3.1902690687280505e-10,4.0943034939307384e-11
80,10,0.0,1.7,3.2103826170908156e-10,3.951526013371147e-11
80,10,0.0,1.75,3.229788507375399e-10,3.811255254554868e-11
80,10,0.0,1.8,3.248499488641965e-10,3.673575543477243e-11
80,10,0.0,1.85,3.26652870451831e-10,3.538560530494584e-11
80,10,0.0,1.9,3.283889642009875e-10,3.4062740552631756e-11
80,10,0.0,1.95,3.3005960844789253e-10,3.276770949442788e-11
80,10,0.0,2.0,3.316662068480494e-10,3.1500977765619114e-11
80,10,0.0,2.05,3.3321018441412025e-10,3.026293509447454e-11
80,10,0.0,2.1,3.3469298387713165e-10,2.9053901464639333e-11
80,10,0.0,2.15,3.3611606234092884e-10,2.7874132685111655e-11
80,10,0.0,2.2,3.374808882007944e-10,2.6723825392971935e-11
80,10,0.0,2.25,3.387889382986834e-10,2.56031215185549e-11
80,10,0.0,2.3,3.4004169528890524e-10,2.4512112246155866e-11
80,10,0.0,2.35,3.4124064519002244e-10,2.3450841505851862e-11
80,10,0.0,2.4,3.423872751003403e-10,2.2419309033604507e-11
80,10,0.0,2.45,3.434830710564229e-10,2.141747303770455e-11
80,10,0.0,2.5,3.4452951601590617e-10,2.0445252509828e-11
80,10,0.0,2.55,3.455280879477314e-10,1.9502529218649782e-11
80,10,0.0,2.6,3.4648025801492886e-10,1.8589149423169262e-11
80,10,0.0,2.65,3.473874888368135e-10,1.7704925341713572e-11
80,10,0.0,2.7,3.482512328192145e-10,1.6849636411077492e-11
80,10,0.0,2.75,3.4907293054313996e-10,1.6023030368510592e-11
80,10,0.0,2.8,3.498540092037207e-10,1.5224824187293226e-11
80,10,0.0,2.85,3.5059588109290764e-10,1.4454704894550212e-11
80,10,0.0,2.9,3.5129994212063504e-10,1.3712330297745671e-11
80,10,0.0,2.95,3.519675703705864e-10,1.2997329644038742e-11
80,10,0.0,3.0,3.5260012468764025e-10,1.2309304234394268e-11
80,10,0.0,3.05,3.5319894329536003e-10,1.1647828012063009e-11
80,10,0.0,3.1,3.53765342442617e-10,1.1012448142798489e-11
80,10,0.0,3.15,3.5430061507933e-10,1.0402685601977888e-11
80,10,0.0,3.2,3.5480602956201576e-10,9.818035781685727e-12
80,10,0.0,3.25,3.552828283904376e-10,9.257969128782175e-12
80,10,0.0,3.3,3.5573222697709717e-10,8.721931823055082e-12
80,10,0.0,3.35,3.561554124518185e-10,8.20934650274159e-12
80,10,0.0,3.4,3.565535425039019e-10,7.719613043010374e-12
80,10,0.0,3.45,3.56927744264614e-10,7.252109391426094e-12
80,10,0.0,3.5,3.572791132329193e-10,6.806192462982179e-12
80,10,0.0,3.55,3.5760871224752454e-10,6.381199095974164e-12
80,10,0.0,3.6,3.5791757050817543e-10,5.976447068809479e-12
80,10,0.0,3.65,3.582066826493554e-10,5.591236176795234e-12
80,10,0.0,3.7,3.584770078692633e-10,5.224849367022492e-12
80,10,0.0,3.75,3.587294691169288e-10,4.8765539286564e-12
80,10,0.0,3.8,3.5896495234016943e-10,4.545602735260421e-12
80,10,0.0,3.85,3.5918430579689287e-10,4.231235535196553e-12
80,10,0.0,3.9,3.5938833943199067e-10,3.9326802856779016e-12
80,10,0.0,3.95,3.595778243219621e-10,3.6491545256708635e-12
80,10,0.0,4.0,3.597534921890504e-10,3.3798667825639253e-12
80,10,0.0,4.05,3.5991603498641754e-10,3.1240180073139103e-12
80,10,0.0,4.1,3.600661045557021e-10,2.880803032661465e-12
80,10,0.0,4.15,3.602043123579487e-10,2.6494120489465836e-12
80,10,0.0,4.2,3.603312292786346e-10,2.4290320920650715e-12
80,10,0.0,4.25,3.604473855073005e-10,2.2188485381587423e-12
80,10,0.0,4.3,3.605532704919723e-10,2.0180465997436923e-12
80,10,0.0,4.35,3.6064933296832605e-10,1.8258128181246144e-12
80,10,0.0,4.4,3.607359810632455e-10,1.6413365471175912e-12
80,10,0.0,4.45,3.6081358247229834e-10,1.463811423317841e-12
80,10,0.0,4.5,3.6088246471024423e-10,1.2924368183716518e-12
80,10,0.0,4.55,3.6094291543363445e-10,1.1264192689572335e-12
80,10,0.0,4.6,3.609951828342969e-10,9.649738804367156e-13
80,10,0.0,4.65,3.610394761022134e-10,8.073257004085598e-13
80,10,0.0,4.7,3.6107596595630994e-10,6.52711058648662e-13
80,10,0.0,4.75,3.6110478524127203e-10,5.003788702095034e-13
80,10,0.0,4.8,3.611260295885718e-10,3.495918987008058e-13
80,10,0.0,4.85,3.611397581396112e-10,1.9962797704323297e-13
80,10,0.0,4.9,3.611459943287561e-10,4.978118323667935e-14
80,10,0.0,4.95,3.611447267240048e-10,-1.0063703106706199e-13
80,10,0.0,5.0,3.6113590992288974e-10,-2.5229676116667704e-13
80,10,1.0,0.0,3.812361594740528e-10,2.4131244782984847e-08
80,10,1.0,0.05,5.67773758533557e-09,2.393728135907466e-07
80,10,1.0,0.1,2.5790047873629672e-08,5.15083956628785e-07
80,10,1.0,0.15,5.02547051824772e-08,4.171596995731848e-07
80,10,1.0,0.2,6.634130233538301e-08,2.3626934809963665e-07
80,10,1.0,0.25,7.532004726302471e-08,1.361601659284254e-07
80,10,1.0,0.3,8.093637399460644e-08,9.505524794790309e-08
80,10,1.0,0.35,8.525464110931231e-08,8.030970983760719e-08
80,10,1.0,0.4,8.913324791086378e-08,7.582239139883891e-08
80,10,1.0,0.45,9.289814723019413e-08,7.513274241933883e-08
80,10,1.0,0.5,9.666851036581707e-08,7.580812320943691e-08
80,10,1.0,0.55,1.0048648278908646e-07,7.695173806653292e-08
80,10,1.0,0.6,1.0436590964210697e-07,7.823503634807744e-08
80,10,1.0,0.65,1.083102689574089e-07,7.953753203005241e-08
80,10,1.0,0.7,1.1231922671111701e-07,8.081468004545616e-08
80,10,1.0,0.75,1.1639102938912319e-07,8.204967558142085e-08
80,10,1.0,0.8,1.2052337968206804e-07,8.323590923375446e-08
80,10,1.0,0.85,1.2471376028350255e-07,8.437058587246895e-08
80,10,1.0,0.9,1.289595569401193e-07,8.54524024071742e-08
80,10,1.0,0.95,1.3325810836391414e-07,8.648069969075191e-08
80,10,1.0,1.0,1.3760672933537234e-07,8.745514936093823e-08
80,10,1.0,1.05,1.4200272380554896e-07,8.837563470755107e-08
80,10,1.0,1.1,1.4644339409401214e-07,8.924220195768978e-08
80,10,1.0,1.15,1.5092604839827846e-07,9.005503722363792e-08
80,10,1.0,1.2,1.554480074259696e-07,9.081445294036765e-08
80,10,1.0,1.25,1.6000661045411247e-07,9.152087796493569e-08
80,10,1.0,1.3,1.6459922093755272e-07,9.21748492454307e-08
80,10,1.0,1.35,1.6922323172306983e-07,9.277700430958469e-08
80,10,1.0,1.4,1.7387606990226752e-07,9.332807430073683e-08
80,10,1.0,1.45,1.7855520132757312e-07,9.382887745489665e-08
80,10,1.0,1.5,1.8325813481198788e-07,9.428031296757771e-08
80,10,1.0,1.55,1.8798242603119165e-07,9.468335521489766e-08
80,10,1.0,1.6,1.9272568114486768e-07,9.503904829638863e-08
80,10,1.0,1.65,1.9748556015251942e-07,9.534850086627836e-08
80,10,1.0,1.7,2.022597799973609e-07,9.561288121894952e-08
80,10,1.0,1.75,2.0704611743010683e-07,9.583341259376808e-08
80,10,1.0,1.8,2.118424116427564e-07,9.601136866506905e-08
80,10,1.0,1.85,2.1664656668084139e-07,9.614806918432433e-08
80,10,1.0,1.9,2.2145655364092e-07,9.624487574375828e-08
80,10,1.0,1.95,2.2627041265871009e-07,9.630318763339675e-08
80,10,1.0,2.0,2.3108625469188002e-07,9.632443776675157e-08
80,10,1.0,2.05,2.359022631003934e-07,9.631008865394253e-08
80,10,1.0,2.1,2.407166950263258e-07,9.62616284048041e-08
80,10,1.0,2.15,2.4552788257428394e-07,9.618056674838195e-08
80,10,1.0,2.2,2.5033423379302046e-07,9.606843105907885e-08
80,10,1.0,2.25,2.5513423345836567e-07,9.592676238341896e-08
80,10,1.0,2.3,2.59926443657471e-07,9.57571114649964e-08
80,10,1.0,2.35,2.6470950417426013e-07,9.556103476848167e-08
80,10,1.0,2.4,2.694821326761293e-07,9.534009050661659e-08
80,10,1.0,2.45,2.7424312470221435e-07,9.50958346768649e-08
80,10,1.0,2.5,2.7899135345390994e-07,9.482981711676612e-08
80,10,1.0,2.55,2.8372576938885093e-07,9.454357758907623e-08
80,10,1.0,2.6,2.8844539962015777e-07,9.423864190944815e-08
80,10,1.0,2.65,2.931493471234283e-07,9.391651813070404e-08
80,10,1.0,2.7,2.978367897546606e-07,9.357869279869241e-08
80,10,1.0,2.75,3.025069790830733e-07,9.32266272953262e-08
80,10,1.0,2.8,3.071592390436103e-07,9.286175428468181e-08
80,10,1.0,2.85,3.1179296441464673e-07,9.248547427798403e-08
80,10,1.0,2.9,3.164076191272277e-07,9.209915233300004e-08
80,10,1.0,2.95,3.210027344129765e-07,9.170411490280983e-08
80,10,1.0,3.0,3.255779067984489e-07,9.130164684809556e-08
80,10,1.0,3.05,3.301327959544719e-07,9.089298862612967e-08
80,10,1.0,3.1,3.3466712240961805e-07,9.047933366847667e-08
80,10,1.0,3.15,3.391806651374906e-07,9.006182595811489e-08
80,10,1.0,3.2,3.4367325902804793e-07,8.964155781530075e-08
80,10,1.0,3.25,3.481447922536236e-07,8.921956790001189e-08
80,10,1.0,3.3,3.5259520354059706e-07,8.879683943725879e-08
80,10,1.0,3.35,3.570244793580118e-07,8.837429867001e-08
80,10,1.0,3.4,3.614326510346067e-07,8.795281354290138e-08
80,10,1.0,3.45,3.65819791815824e-07,8.753319261834562e-08
80,10,1.0,3.5,3.701860138724506e-07,8.711618422516006e-08
80,10,1.0,3.55,3.7453146527248523e-07,8.670247583836405e-08
80,10,1.0,3.6,3.788563269276852e-07,8.629269368739735e-08
80,10,1.0,3.65,3.831608095261995e-07,8.588740258873287e-08
80,10,1.0,3.7,3.8744515046230913e-07,8.548710599760449e-08
80,10,1.0,3.75,3.9170961077409014e-07,8.509224627247082e-08
80,10,1.0,3.8,3.959544720995024e-07,8.470320514483058e-08
80,10,1.0,3.85,4.001800336609008e-07,8.432030438608103e-08
80,10,1.0,3.9,4.0438660928763737e-07,8.394380666233652e-08
80,10,1.0,3.95,4.085745244858881e-07,8.35739165674397e-08
80,10,1.0,4.0,4.127441135644178e-07,8.32107818238423e-08
80,10,1.0,4.05,4.1689571682429377e-07,8.285449464054324e-08
80,10,1.0,4.1,4.210296778202362e-07,8.2505093216962e-08
80,10,1.0,4.15,4.2514634070057775e-07,8.216256338135012e-08
80,10,1.0,4.2,4.292460476322276e-07,8.182684035218154e-08
80,10,1.0,4.25,4.3332913631658245e-07,8.149781061093005e-08
80,10,1.0,4.3,4.3739593760158e-07,8.11753138746252e-08
80,10,1.0,4.35,4.414467731946714e-07,8.085914515670722e-08
80,10,1.0,4.4,4.4548195348077556e-07,8.054905690483607e-08
80,10,1.0,4.45,4.4950177544884824e-07,8.024476120456875e-08
80,10,1.0,4.5,4.5350652073002193e-07,7.994593203807213e-08
80,10,1.0,4.55,4.5749645374984853e-07,7.965220758739449e-08
80,10,1.0,4.6,4.6147181999663204e-07,7.936319257217992e-08
80,10,1.0,4.65,4.654328444072754e-07,7.907846061210994e-08
80,10,1.0,4.7,4.6937972987168537e-07,7.879755660480026e-08
80,10,1.0,4.75,4.733126558562736e-07,7.851999911033312e-08
80,10,1.0,4.8,4.772317771466777e-07,7.824528273407294e-08
80,10,1.0,4.85,4.811372227093968e-07,7.797288049989414e-08
80,10,1.0,4.9,4.850290946717298e-07,7.770224620645076e-08
80,10,1.0,4.95,4.889074674189239e-07,7.743281675958357e-08
80,10,1.0,5.0,4.927723868072263e-07,7.7164014474467e-08
80,10,2.0,0.0,1.4805563614440872e-09,9.638867810288152e-08
80,10,2.0,0.05,2.8726168932652784e-08,1.4191595986737839e-06
80,10,2.0,0.1,1.811536505370214e-07,4.567418743669349e-06
80,10,2.0,0.15,4.258506128262914e-07,4.587537531579286e-06
80,10,2.0,0.2,6.109815324139667e-07,2.8224531146032916e-06
80,10,2.0,0.25,7.195148458091125e-07,1.6570971312257276e-06
80,10,2.0,0.3,7.877693390954504e-07,1.1516574002582878e-06
80,10,2.0,0.35,8.399489530235305e-07,9.685625882553632e-07
80,10,2.0,0.4,8.867294927660192e-07,9.153232554784449e-07
80,10,2.0,0.45,9.32272311502012e-07,9.110639356789218e-07
80,10,2.0,0.5,9.781238812614174e-07,9.246671765181958e-07
80,10,2.0,0.55,1.024839132212468e-06,9.444940524108378e-07
80,10,2.0,0.6,1.0726036139868647e-06,9.662209078490477e-07
80,10,2.0,0.65,1.1214654801876262e-06,9.882327976494845e-07
80,10,2.0,0.7,1.1714211942299728e-06,1.009913656960375e-06
80,10,2.0,0.75,1.2224471432461183e-06,1.0310164511715922e-06
80,10,2.0,0.8,1.2745113575723967e-06,1.0514319231667817e-06
80,10,2.0,0.85,1.3275779317924945e-06,1.0711038345056206e-06
80,10,2.0,0.9,1.3816087718143125e-06,1.0899979218794365e-06
80,10,2.0,0.95,1.4365643622828902e-06,1.108090511174417e-06
80,10,2.0,1.0,1.4924041737802767e-06,1.1253643074409364e-06
80,10,2.0,1.05,1.549086935582638e-06,1.1418067931059318e-06
80,10,2.0,1.1,1.6065708557803128e-06,1.157409565946387e-06
80,10,2.0,1.15,1.664813818037096e-06,1.17216800919346e-06
80,10,2.0,1.2,1.7237735651767233e-06,1.1860810738410728e-06
80,10,2.0,1.25,1.7834078729097019e-06,1.1991510946958538e-06
80,10,2.0,1.3,1.8436747145910657e-06,1.2113836131763344e-06
80,10,2.0,1.35,1.904532417093373e-06,1.2227871984826825e-06
80,10,2.0,1.4,1.9659398076544483e-06,1.2333732653860408e-06
80,10,2.0,1.45,2.027856351538669e-06,1.2431558891508644e-06
80,10,2.0,1.5,2.0902422803970526e-06,1.2521516187834378e-06
80,10,2.0,1.55,2.1530587112752413e-06,1.2603792899133658e-06
80,10,2.0,1.6,2.2162677562822324e-06,1.2678598385307766e-06
80,10,2.0,1.65,2.2798326229900546e-06,1.2746161166572873e-06
80,10,2.0,1.7,2.343717705684915e-06,1.2806727108745634e-06
80,10,2.0,1.75,2.4078886676326603e-06,1.2860557644866737e-06
80,10,2.0,1.8,2.4723125145569376e-06,1.2907928039594224e-06
80,10,2.0,1.85,2.5369576595573247e-06,1.2949125701624797e-06
80,10,2.0,1.9,2.601793979718735e-06,1.2984448548387579e-06
80,10,2.0,1.95,2.66679286468212e-06,1.3014203426380477e-06
80,10,2.0,2.0,2.731927257461613e-06,1.3038704589796085e-06
80,10,2.0,2.05,2.7971716878049244e-06,1.3058272239460511e-06
80,10,2.0,2.1,2.86250229840237e-06,1.307323112360498e-06
80,10,2.0,2.15,2.927896864256752e-06,1.3083909201569172e-06
80,10,2.0,2.2,2.9933348055306925e-06,1.3090636371189834e-06
80,10,2.0,2.25,3.0587971941912978e-06,1.3093743260344464e-06
80,10,2.0,2.3,3.124266754773183e-06,1.309356008288259e-06
80,10,2.0,2.35,3.189727859582535e-06,1.3090415558982875e-06
80,10,2.0,2.4,3.2551665186635365e-06,1.3084635899800982e-06
80,10,2.0,2.45,3.3205703648483743e-06,1.3076543856127477e-06
80,10,2.0,2.5,3.385928634209593e-06,1.3066457830637488e-06
80,10,2.0,2.55,3.4512321422316305e-06,1.305469105318902e-06
80,10,2.0,2.6,3.516473256015138e-06,1.3041550818504445e-06
80,10,2.0,2.65,3.5816458628240033e-06,1.302733778545014e-06
80,10,2.0,2.7,3.6467453352808316e-06,1.3012345337009752e-06
80,10,2.0,2.75,3.711768493512179e-06,1.2996858999928084e-06
80,10,2.0,2.8,3.776713564538473e-06,1.2981155922878325e-06
80,10,2.0,2.85,3.841580139198725e-06,1.2965504411888065e-06
80,10,2.0,2.9,3.9063691268925555e-06,1.295016352163503e-06
80,10,2.0,2.95,3.9710827084153675e-06,1.2935382701105368e-06
80,10,2.0,3.0,4.035724287153962e-06,1.292140149198793e-06
80,10,2.0,3.05,4.100298438903057e-06,1.2908449278070276e-06
80,10,2.0,3.1,4.164810860551786e-06,1.289674508378631e-06
80,10,2.0,3.15,4.22926831788216e-06,1.2886497419973228e-06
80,10,2.0,3.2,4.293678592709985e-06,1.2877904174798853e-06
80,10,2.0,3.25,4.358050429589129e-06,1.2871152547740045e-06
80,10,2.0,3.3,4.422393482288344e-06,1.2866419024419467e-06
80,10,2.0,3.35,4.486718260240164e-06,1.2863869390051917e-06
80,10,2.0,3.4,4.551036075148648e-06,1.2863658779200087e-06
80,10,2.0,3.45,4.615358987931617e-06,1.286593175950584e-06
80,10,2.0,3.5,4.679699756161856e-06,1.2870822447043506e-06
80,10,2.0,3.55,4.74407178215921e-06,1.287845465092995e-06
80,10,2.0,3.6,4.808489061873519e-06,1.288894204483057e-06
80,10,2.0,3.65,4.8729661346881905e-06,1.2902388363020903e-06
80,10,2.0,3.7,4.937518034259823e-06,1.2918887618684996e-06
80,10,2.0,3.75,5.002160240500785e-06,1.293852434217938e-06
80,10,2.0,3.8,5.06690863279814e-06,1.2961373837036613e-06
80,10,2.0,3.85,5.131779444552319e-06,1.2987502451545007e-06
80,10,2.0,3.9,5.196789219108467e-06,1.3016967863810591e-06
80,10,2.0,3.95,5.26195476714237e-06,1.3049819378283593e-06
80,10,2.0,4.0,5.327293125553856e-06,1.3086098231816718e-06
80,10,2.0,4.05,5.392821517910323e-06,1.3125837907411003e-06
80,10,2.0,4.1,5.45855731647447e-06,1.3169064453899998e-06
80,10,2.0,4.15,5.524518005842101e-06,1.321579680992248e-06
80,10,2.0,4.2,5.590721148206845e-06,1.3266047130632037e-06
80,10,2.0,4.25,5.657184350262773e-06,1.3319821115698132e-06
80,10,2.0,4.3,5.723925231746899e-06,1.3377118337252745e-06
80,10,2.0,4.35,5.790961395619087e-06,1.343793256654415e-06
80,10,2.0,4.4,5.85831039986928e-06,1.3502252098159048e-06
80,10,2.0,4.45,5.925989730937851e-06,1.3570060070777743e-06
80,10,2.0,4.5,5.994016778728806e-06,1.3641334783524363e-06
80,10,2.0,4.55,6.062408813192323e-06,1.3716050007072872e-06
80,10,2.0,4.6,6.13118296244776e-06,1.379417528876001e-06
80,10,2.0,4.65,6.200356192416097e-06,1.3875676251048756e-06
80,10,2.0,4.7,6.2699452879267205e-06,1.3960514882769415e-06
80,10,2.0,4.75,6.339966835261469e-06,1.4048649822649052e-06
80,10,2.0,4.8,6.410437206096082e-06,1.4140036634714524e-06
80,10,2.0,4.85,6.481372542797606e-06,1.423462807522907e-06
80,10,2.0,4.9,6.552788745034696e-06,1.433237435088842e-06
80,10,2.0,4.95,6.624701457656743e-06,1.4433223368066995e-06
80,10,2.0,5.0,6.697126059796496e-06,1.453712097296143e-06
80,10,3.0,0.0,2.5770906297095955e-09,1.6494043743328402e-07
80,10,3.0,0.05,5.8724379444801997e-08,3.2781338134963073e-06
80,10,3.0,0.1,5.164051843620471e-07,1.6025870021439783e-05
80,10,3.0,0.15,1.5025996439840421e-06,2.0418701871101996e-05
80,10,3.0,0.2,2.3613238300577147e-06,1.3399146303281739e-05
80,10,3.0,0.25,2.8700862532086457e-06,7.542007783211211e-06
80,10,3.0,0.3,3.1686259556556982e-06,4.801906376617163e-06
80,10,3.0,0.35,3.377921506532741e-06,3.7462373211115877e-06
80,10,3.0,0.4,3.5545415753286257e-06,3.3867235316102703e-06
80,10,3.0,0.45,3.7208458964389355e-06,3.29047987149564e-06
80,10,3.0,0.5,3.885122042449739e-06,3.2893436894380393e-06
80,10,3.0,0.55,4.050298501755043e-06,3.320480365569052e-06
80,10,3.0,0.6,4.217314307317249e-06,3.360704966112935e-06
80,10,3.0,0.65,4.386375581529243e-06,3.401484026210213e-06
80,10,3.0,0.7,4.557418503637782e-06,3.4396694777041084e-06
80,10,3.0,0.75,4.730279530525345e-06,3.4740969681468907e-06
80,10,3.0,0.8,4.904758346696782e-06,3.5043417560709876e-06
80,10,3.0,0.85,5.080641606996967e-06,3.530264197170565e-06
80,10,3.0,0.9,5.257712349263617e-06,3.5518433905898124e-06
80,10,3.0,0.95,5.4357541475459664e-06,3.5691157607023494e-06
80,10,3.0,1.0,5.614553305730448e-06,3.582151754930616e-06
80,10,3.0,1.05,5.793900288467168e-06,3.591046334392204e-06
80,10,3.0,1.1,5.973590821521403e-06,3.5959144257334804e-06
80,10,3.0,1.15,6.15342681645275e-06,3.596888142197587e-06
80,10,3.0,1.2,6.33321717468199e-06,3.59411463181559e-06
80,10,3.0,1.25,6.5127784905746875e-06,3.5877541537913335e-06
80,10,3.0,1.3,6.691935661049609e-06,3.577978252190333e-06
80,10,3.0,1.35,6.870522405471318e-06,3.5649679914860946e-06
80,10,3.0,1.4,7.04838169878107e-06,3.5489122513419066e-06
80,10,3.0,1.45,7.22536612099707e-06,3.530006088177911e-06
80,10,3.0,1.5,7.4013381266635014e-06,3.508449173118487e-06
80,10,3.0,1.55,7.5761702382923435e-06,3.484444315116129e-06
80,10,3.0,1.6,7.749745168243303e-06,3.4581960763407905e-06
80,10,3.0,1.65,7.921955873790896e-06,3.4299094850168606e-06
80,10,3.0,1.7,8.092705550343467e-06,3.399788849050003e-06
80,10,3.0,1.75,8.261907567900565e-06,3.368036672107144e-06
80,10,3.0,1.8,8.429485355883036e-06,3.334852672325943e-06
80,10,3.0,1.85,8.59537224144289e-06,3.3004329025545676e-06
80,10,3.0,1.9,8.75951124628043e-06,3.2649689699368333e-06
80,10,3.0,1.95,8.921854846861722e-06,3.2286473517622596e-06
80,10,3.0,2.0,9.082364702757162e-06,3.1916488037833722e-06
80,10,3.0,2.05,9.24101135761766e-06,3.1541478566368413e-06
80,10,3.0,2.1,9.397773917075855e-06,3.1163123955875417e-06
80,10,3.0,2.15,9.552639707611933e-06,3.0783033185196177e-06
80,10,3.0,2.2,9.705603920166186e-06,3.040274266915314e-06
80,10,3.0,2.25,9.856669242013708e-06,3.002371424472287e-06
80,10,3.0,2.3,1.0005845480149162e-05,2.964733378000804e-06
80,10,3.0,2.35,1.0153149179162729e-05,2.9274910352993814e-06
80,10,3.0,2.4,1.029860323632601e-05,2.890767594819392e-06
80,10,3.0,2.45,1.0442236516350942e-05,2.8546785620846105e-06
80,10,3.0,2.5,1.0584083468036162e-05,2.819331808021271e-06
80,10,3.0,2.55,1.0724183744782149e-05,2.78482766457076e-06
80,10,3.0,2.6,1.0862581830725667e-05,2.7512590531901613e-06
80,10,3.0,2.65,1.0999326674035762e-05,2.7187116420937276e-06
80,10,3.0,2.7,1.1134471328707451e-05,2.6872640283413793e-06
80,10,3.0,2.75,1.1268072606005939e-05,2.656987941138125e-06
80,10,3.0,2.8,1.140019073653415e-05,2.627948462963835e-06
80,10,3.0,2.85,1.1530889043737219e-05,2.600204265406205e-06
80,10,3.0,2.9,1.1660233629505995e-05,2.573807856816709e-06
80,10,3.0,2.95,1.1788293072402768e-05,2.548805839148603e-06
80,10,3.0,3.0,1.1915138138908299e-05,2.5252391715673553e-06
80,10,3.0,3.05,1.2040841507972637e-05,2.5031434386445074e-06
80,10,3.0,3.1,1.2165477509047885e-05,2.482549121156269e-06
80,10,3.0,3.15,1.228912187368953e-05,2.4634818677083544e-06
80,10,3.0,3.2,1.2411851500725507e-05,2.4459627655962285e-06
80,10,3.0,3.25,1.2533744234919648e-05,2.430008609487907e-06
80,10,3.0,3.3,1.2654878658988248e-05,2.415632166681969e-06
80,10,3.0,3.35,1.2775333898771053e-05,2.402842437849287e-06
80,10,3.0,3.4,1.2895189441306696e-05,2.3916449123110106e-06
80,10,3.0,3.45,1.3014524965517433e-05,2.382041817039478e-06
80,10,3.0,3.5,1.3133420185173193e-05,2.374032358693211e-06
80,10,3.0,3.55,1.3251954703770716e-05,2.3676129581110145e-06
80,10,3.0,3.6,1.337020788093884e-05,2.3627774767956275e-06
80,10,3.0,3.65,1.3488258709959592e-05,2.3595174350135863e-06
80,10,3.0,3.7,1.3606185705979096e-05,2.3578222212258695e-06
80,10,3.0,3.75,1.3724066804468219e-05,2.3576792926434797e-06
80,10,3.0,3.8,1.384197926948656e-05,2.3590743667746345e-06
80,10,3.0,3.85,1.395999961129698e-05,2.3619916038952153e-06
80,10,3.0,3.9,1.4078203512876557e-05,2.366413780432315e-06
80,10,3.0,3.95,1.4196665764869787e-05,2.3723224533027374e-06
80,10,3.0,4.0,1.4315460208534749e-05,2.3796981152944976e-06
80,10,3.0,4.05,1.4434659686237365e-05,2.388520341619598e-06
80,10,3.0,4.1,1.4554335999055029e-05,2.3987679278013466e-06
80,10,3.0,4.15,1.4674559871062709e-05,2.4104190190905367e-06
80,10,3.0,4.2,1.4795400919882154e-05,2.4234512316300197e-06
80,10,3.0,4.25,1.4916927633088403e-05,2.437841765609495e-06
80,10,3.0,4.3,1.5039207350078708e-05,2.4535675106697894e-06
80,10,3.0,4.35,1.5162306249024319e-05,2.470605143831015e-06
80,10,3.0,4.4,1.528628933853654e-05,2.4889312202293674e-06
80,10,3.0,4.45,1.5411220453697197e-05,2.508522256956594e-06
80,10,3.0,4.5,1.55371622561142e-05,2.529354810301093e-06
80,10,3.0,4.55,1.566417623768047e-05,2.551405546693262e-06
80,10,3.0,4.6,1.5792322727729212e-05,2.5746513076588694e-06
80,10,3.0,4.65,1.5921660903293493e-05,2.599069169083428e-06
80,10,3.0,4.7,1.6052248802192958e-05,2.624636495088082e-06
80,10,3.0,4.75,1.6184143338685715e-05,2.651330986813672e-06
80,10,3.0,4.8,1.631740032143828e-05,2.6791307264044842e-06
80,10,3.0,4.85,1.645207447358073e-05,2.7080142164767873e-06
80,10,3.0,4.9,1.658821945462844e-05,2.7379604153500905e-06
80,10,3.0,4.95,1.6725887884064482e-05,2.768948768310908e-06
80,10,3.0,5.0,1.6865131366391766e-05,2.8009592351702083e-06
80,10,4.0,0.0,4.277193904674636e-09,2.580891022508389e-07
80,10,4.0,0.05,1.0179997931294625e-07,6.194357142854599e-06
80,10,4.0,0.1,1.2359735129049352e-06,4.632568920752144e-05
80,10,4.0,0.15,4.617438292533418e-06,7.871713869985405e-05
80,10,4.0,0.2,8.125376156901745e-06,5.677794694440302e-05
80,10,4.0,0.25,1.0263820081809213e-05,3.0787119271297295e-05
80,10,4.0,0.3,1.1425301984220878e-05,1.7511001097112793e-05
80,10,4.0,0.35,1.2145417852438485e-05,1.2144106929372455e-05
80,10,4.0,0.4,1.2694565895748998e-05,1.015427913928556e-05
80,10,4.0,0.45,1.3181595873241924e-05,9.449036649367323e-06
80,10,4.0,0.5,1.364694777726521e-05,9.207967687205201e-06
80,10,4.0,0.55,1.4104945486012671e-05,9.125827313248729e-06
80,10,4.0,0.6,1.4560287403285894e-05,9.091206432246199e-06
80,10,4.0,0.65,1.5014174754272011e-05,9.063869344642912e-06
80,10,4.0,0.7,1.5466552691967727e-05,9.029512702644086e-06
80,10,4.0,0.75,1.591692638944751e-05,8.98328056277358e-06
80,10,4.0,0.8,1.636465902475184e-05,8.923783607734855e-06
80,10,4.0,0.85,1.680908189781424e-05,8.850930802378365e-06
80,10,4.0,0.9,1.72495363708265e-05,8.765140641209036e-06
80,10,4.0,0.95,1.7685390909408207e-05,8.667050723887362e-06
80,10,4.0,1.0,1.8116048848091564e-05,8.557407108011368e-06
80,10,4.0,1.05,1.8540952515195836e-05,8.437018506158215e-06
80,10,4.0,1.1,1.895958575168451e-05,8.306733959666513e-06
80,10,4.0,1.15,1.9371475564644462e-05,8.167429161734465e-06
80,10,4.0,1.2,1.977619319362115e-05,8.019996159290809e-06
80,10,4.0,1.25,2.0173354704697246e-05,7.865334593268063e-06
80,10,4.0,1.3,2.0562621170947304e-05,7.704343859383522e-06
80,10,4.0,1.35,2.0943698479571337e-05,7.53791599968344e-06
80,10,4.0,1.4,2.1316336800778467e-05,7.366929278295521e-06
80,10,4.0,1.45,2.1680329752431475e-05,7.192242436475577e-06
80,10,4.0,1.5,2.2035513294460723e-05,7.014689628252308e-06
80,10,4.0,1.55,2.2381764387007224e-05,6.835076032535807e-06
80,10,4.0,1.6,2.271899944583705e-05,6.654174129057336e-06
80,10,4.0,1.65,2.304717262772401e-05,6.472720617014063e-06
80,10,4.0,1.7,2.3366273977253068e-05,6.291413947862278e-06
80,10,4.0,1.75,2.367632746490523e-05,6.1109124376742775e-06
80,10,4.0,1.8,2.3977388944441247e-05,5.931832919856394e-06
80,10,4.0,1.85,2.4269544055551205e-05,5.754749895774067e-06
80,10,4.0,1.9,2.4552906095558818e-05,5.580195138803877e-06
80,10,4.0,1.95,2.4827613881718053e-05,5.408657706383564e-06
80,10,4.0,2.0,2.5093829623364695e-05,5.240584314631127e-06
80,10,4.0,2.05,2.5351736820930677e-05,5.0763800308767985e-06
80,10,4.0,2.1,2.560153820662844e-05,4.916409240879513e-06
80,10,4.0,2.15,2.5843453739497143e-05,4.7609968494327e-06
80,10,4.0,2.2,2.607771866549924e-05,4.610429675390214e-06
80,10,4.0,2.25,2.630458165146306e-05,4.464958004746601e-06
80,10,4.0,2.3,2.6524302999926536e-05,4.32479726819735e-06
80,10,4.0,2.35,2.673715295032539e-05,4.190129812495105e-06
80,10,4.0,2.4,2.6943410070510344e-05,4.061106737841346e-06
80,10,4.0,2.45,2.7143359741258613e-05,3.937849776449232e-06
80,10,4.0,2.5,2.733729273528078e-05,3.820453190237862e-06
80,10,4.0,2.55,2.752550389118093e-05,3.7089856683303882e-06
80,10,4.0,2.6,2.770829088193232e-05,3.603492207604748e-06
80,10,4.0,2.65,2.7885953076654254e-05,3.5039959619639687e-06
80,10,4.0,2.7,2.805879049381452e-05,3.410500048239292e-06
80,10,4.0,2.75,2.822710284342888e-05,3.32298929870831e-06
80,10,4.0,2.8,2.839118865537954e-05,3.241431952097884e-06
80,10,4.0,2.85,2.8551344490608746e-05,3.1657812766490886e-06
80,10,4.0,2.9,2.8707864231662127e-05,3.0959771203529583e-06
80,10,4.0,2.95,2.8861038448846636e-05,3.031947384828675e-06
80,10,4.0,3.0,2.90111538381243e-05,2.9736094205176977e-06
80,10,4.0,3.05,2.9158492726766686e-05,2.9208713419168653e-06
80,10,4.0,3.1,2.9303332642766807e-05,2.8736332624843255e-06
80,10,4.0,3.15,2.944594594399185e-05,2.831788449629751e-06
80,10,4.0,3.2,2.9586599503110265e-05,2.7952244008615942e-06
80,10,4.0,3.25,2.9725554444387497e-05,2.763823842714983e-06
80,10,4.0,3.3,2.986306592854097e-05,2.737465654537698e-06
80,10,4.0,3.35,2.9999382981954315e-05,2.7160257195777096e-06
80,10,4.0,3.4,3.01347483666866e-05,2.6993777061036745e-06
80,10,4.0,3.45,3.0269398487847897e-05,2.6873937815087747e-06
80,10,4.0,3.5,3.0403563335071845e-05,2.679945262506886e-06
80,10,4.0,3.55,3.053746645496331e-05,2.676903204634904e-06
80,10,4.0,3.6,3.0671324951575446e-05,2.6781389343365933e-06
80,10,4.0,3.65,3.0805349512122024e-05,2.6835245269227785e-06
80,10,4.0,3.7,3.0939744455303755e-05,2.692933233691781e-06
80,10,4.0,3.75,3.107470779978793e-05,2.7062398614532068e-06
80,10,4.0,3.8,3.1210431350540106e-05,2.7233211076356544e-06
80,10,4.0,3.85,3.134710080086462e-05,2.74405585407636e-06
80,10,4.0,3.9,3.148489584816736e-05,2.7683254224947095e-06
80,10,4.0,3.95,3.162399032159079e-05,2.7960137945411904e-06
80,10,4.0,4.0,3.176455231982716e-05,2.8270077991971344e-06
80,10,4.0,4.05,3.190674435753943e-05,2.8611972701749172e-06
80,10,4.0,4.1,3.20507235189549e-05,2.898475175840354e-06
80,10,4.0,4.15,3.219664161731928e-05,2.938737724048159e-06
80,10,4.0,4.2,3.2344645359010705e-05,2.9818844441485273e-06
80,10,4.0,4.25,3.2494876511230605e-05,3.0278182482927686e-06
80,10,4.0,4.3,3.264747207228151e-05,3.0764454740346236e-06
80,10,4.0,4.35,3.28025644435487e-05,3.1276759100977635e-06
80,10,4.0,4.4,3.296028160238383e-05,3.181422807054782e-06
80,10,4.0,4.45,3.312074727518211e-05,3.2376028745436768e-06
80,10,4.0,4.5,3.3284081110012954e-05,3.296136266530788e-06
80,10,4.0,4.55,3.345039884824616e-05,3.356946556018428e-06
80,10,4.0,4.6,3.361981249467428e-05,3.4199607004886584e-06
80,10,4.0,4.65,3.3792430485704095e-05,3.4851089992734824e-06
80,10,4.0,4.7,3.3968357855234477e-05,3.5523250439447566e-06
80,10,4.0,4.75,3.41476963979024e-05,3.621545662726958e-06
80,10,4.0,4.8,3.4330544829417535e-05,3.692710859848897e-06
80,10,4.0,4.85,3.451699894375832e-05,3.765763750670668e-06
80,10,4.0,4.9,3.470715176703118e-05,3.840650493345091e-06
80,10,4.0,4.95,3.490109370784375e-05,3.917320217703017e-06
80,10,4.0,5.0,3.509891270406488e-05,3.995724951984817e-06
80,10,5.0,0.0,6.409826311477693e-09,3.509454304448873e-07
80,10,5.0,0.05,1.4138832496129807e-07,9.030701438988392e-06
80,10,5.0,0.1,2.2877433338210617e-06,0.00010145786108548287
80,10,5.0,0.15,1.1410691936960287e-05,0.00024361073304511154
80,10,5.0,0.2,2.323092182921715e-05,0.0002033958594431455
80,10,5.0,0.25,3.096807293915445e-05,0.00011033043869747106
80,10,5.0,0.3,3.498005487675954e-05,5.704309635210194e-05
80,10,5.0,0.35,3.7185821944221416e-05,3.4641984584369495e-05
80,10,5.0,0.4,3.86696434728084e-05,2.6087926704071495e-05
80,10,5.0,0.45,3.9880804064159416e-05,2.2867041936192755e-05
80,10,5.0,0.5,4.0987584328778376e-05,2.1584653519314164e-05
80,10,5.0,0.55,4.205013670422531e-05,2.097820177254711e-05
80,10,5.0,0.6,4.3088893731895346e-05,2.058979204253023e-05
80,10,5.0,0.65,4.410996719769142e-05,2.025559524222352e-05
80,10,5.0,0.7,4.511437938728946e-05,1.9918096642828175e-05
80,10,5.0,0.75,4.6101395414931136e-05,1.955812016436104e-05
80,10,5.0,0.8,4.706972570274312e-05,1.9170351160068584e-05
80,10,5.0,0.85,4.801796210773658e-05,1.8754532698926423e-05
80,10,5.0,0.9,4.8944738219435896e-05,1.8312290816815247e-05
80,10,5.0,0.95,4.984878986038271e-05,1.784597809372964e-05
80,10,5.0,1.0,5.072897888630443e-05,1.7358240494122997e-05
80,10,5.0,1.05,5.158430290359344e-05,1.68518437344262e-05
80,10,5.0,1.1,5.24138990379382e-05,1.632959344561142e-05
80,10,5.0,1.15,5.32170447174923e-05,1.5794290078458146e-05
80,10,5.0,1.2,5.399315659525361e-05,1.5248697622197644e-05
80,10,5.0,1.25,5.4741788085949665e-05,1.4695518789490017e-05
80,10,5.0,1.3,5.546262576612302e-05,1.413737412809798e-05
80,10,5.0,1.35,5.6155484808320876e-05,1.3576784194687546e-05
80,10,5.0,1.4,5.682030359368499e-05,1.3016154486676803e-05
80,10,5.0,1.45,5.745713763711388e-05,1.2457762995434123e-05
80,10,5.0,1.5,5.8066152953445126e-05,1.190375027598857e-05
80,10,5.0,1.55,5.864761898765475e-05,1.135611191687606e-05
80,10,5.0,1.6,5.920190122571156e-05,1.0816693271433624e-05
80,10,5.0,1.65,5.9729453595232674e-05,1.0287186290296911e-05
80,10,5.0,1.7,6.023081075662859e-05,9.769128277780853e-06
80,10,5.0,1.75,6.070658037624478e-05,9.263902383180302e-06
80,10,5.0,1.8,6.115743546338097e-05,8.772739631741619e-06
80,10,5.0,1.85,6.158410684324652e-05,8.296722298568834e-06
80,10,5.0,1.9,6.198737582813664e-05,7.836788431468141e-06
80,10,5.0,1.95,6.236806713954121e-05,7.393737334913283e-06
80,10,5.0,2.0,6.272704212473337e-05,6.9682358363157e-06
80,10,5.0,2.05,6.306519230271144e-05,6.560825166910448e-06
80,10,5.0,2.1,6.338343326629215e-05,6.171928302256097e-06
80,10,5.0,2.15,6.368269895974763e-05,5.80185762103393e-06
80,10,5.0,2.2,6.396393634465863e-05,5.4508227550661965e-06
80,10,5.0,2.25,6.422810046067619e-05,5.118938517853427e-06
80,10,5.0,2.3,6.447614988258795e-05,4.806232813123675e-06
80,10,5.0,2.35,6.470904257052048e-05,4.512654438629986e-06
80,10,5.0,2.4,6.492773210619243e-05,4.238080713517663e-06
80,10,5.0,2.45,6.513316430486319e-05,3.982324869855615e-06
80,10,5.0,2.5,6.53262741899411e-05,3.745143160283454e-06
80,10,5.0,2.55,6.550798331506621e-05,3.5262416440980984e-06
80,10,5.0,2.6,6.567919741685739e-05,3.3252826234659087e-06
80,10,5.0,2.65,6.584080438028488e-05,3.141890709787908e-06
80,10,5.0,2.7,6.599367249784185e-05,2.9756585075959305e-06
80,10,5.0,2.75,6.613864900320577e-05,2.826151909745113e-06
80,10,5.0,2.8,6.627655885991569e-05,2.6929150031532397e-06
80,10,5.0,2.85,6.64082037856722e-05,2.575474588970827e-06
80,10,5.0,2.9,6.653436149316258e-05,2.473344324923418e-06
80,10,5.0,2.95,6.665578512877629e-05,2.38602850071004e-06
80,10,5.0,3.0,6.677320289119188e-05,2.3130254598470175e-06
80,10,5.0,3.05,6.688731781253462e-05,2.2538306832779902e-06
80,10,5.0,3.1,6.69988076856041e-05,2.2079395515007774e-06
80,10,5.0,3.15,6.7108325121537e-05,2.174849802951414e-06
80,10,5.0,3.2,6.721649772318315e-05,2.154063706997429e-06
80,10,5.0,3.25,6.732392836037656e-05,2.1450899701781427e-06
80,10,5.0,3.3,6.743119553424572e-05,2.1474453943471786e-06
80,10,5.0,3.35,6.753885381860884e-05,2.1606563051599928e-06
80,10,5.0,3.4,6.76474343674311e-05,2.1842597689554194e-06
80,10,5.0,3.45,6.775744547820194e-05,2.2178046155370825e-06
80,10,5.0,3.5,6.786937320194965e-05,2.260852283703117e-06
80,10,5.0,3.55,6.798368199144162e-05,2.3129775056288014e-06
80,10,5.0,3.6,6.81008153798916e-05,2.373768845400541e-06
80,10,5.0,3.65,6.822119668325299e-05,2.4428291061520327e-06
80,10,5.0,3.7,6.834522971986825e-05,2.5197756193831424e-06
80,10,5.0,3.75,6.847329954190425e-05,2.604240429163169e-06
80,10,5.0,3.8,6.860577317361938e-05,2.6958703830439277e-06
80,10,5.0,3.85,6.874300035207307e-05,2.7943271406487e-06
80,10,5.0,3.9,6.888531426642064e-05,2.8992871100606132e-06
80,10,5.0,3.95,6.90330322924178e-05,3.0104413213260288e-06
80,10,5.0,4.0,6.918645671920445e-05,3.127495245606699e-06
80,10,5.0,4.05,6.934587546585943e-05,3.2501685677748105e-06
80,10,5.0,4.1,6.95115627855587e-05,3.3781949195394948e-06
80,10,5.0,4.15,6.968377995554902e-05,3.5113215795315028e-06
80,10,5.0,4.2,6.986277595141517e-05,3.6493091461484805e-06
80,10,5.0,4.25,7.00487881044209e-05,3.7919311883828116e-06
80,10,5.0,4.3,7.024204274093964e-05,3.93897387931144e-06
80,10,5.0,4.35,7.04427558032129e-05,4.0902356164250605e-06
80,10,5.0,4.4,7.065113345087596e-05,4.245526632510744e-06
80,10,5.0,4.45,7.086737264285942e-05,4.404668600373844e-06
80,10,5.0,4.5,7.10916616994353e-05,4.567494234294021e-06
80,10,5.0,4.55,7.132418084430674e-05,4.733846890750649e-06
80,10,5.0,4.6,7.156510272676208e-05,4.903580170626224e-06
80,10,5.0,4.65,7.181459292401874e-05,5.076557524799475e-06
80,10,5.0,4.7,7.207281042396274e-05,5.2526518647680365e-06
80,10,5.0,4.75,7.23399080885778e-05,5.4317451797004815e-06
80,10,5.0,4.8,7.261603309841015e-05,5.613728161093621e-06
80,10,5.0,4.85,7.290132737848059e-05,5.79849983601767e-06
80,10,5.0,4.9,7.319592800608665e-05,5.985967209751765e-06
80,10,5.0,4.95,7.349996760098729e-05,6.17604491845766e-06
80,10,5.0,5.0,7.381357469848244e-05,6.368654892396818e-06
80,15,0.0,0.0,1.2033368076527594e-12,6.955271497275483e-11
80,15,0.0,0.05,1.1996644313567624e-11,4.0097254357716174e-10
80,15,0.0,0.1,3.794695013567531e-11,5.512172281670635e-10
80,15,0.0,0.15,6.081115264235317e-11,3.4285161564495093e-10
80,15,0.0,0.2,7.290216042211078e-11,1.5886374233775168e-10
80,15,0.0,0.25,7.836045652636971e-11,7.21295213549108e-11
80,15,0.0,0.3,8.097961727569317e-11,3.809032766995627e-11
80,15,0.0,0.35,8.25148817805217e-11,2.5377392835340314e-11
80,15,0.0,0.4,8.364452759989625e-11,2.0551267249938536e-11
80,15,0.0,0.45,8.46155478337032e-11,1.855374227672173e-11
80,15,0.0,0.5,8.551605355058355e-11,1.7560009477215737e-11
80,15,0.0,0.55,8.63772668694219e-11,1.692169324382715e-11
80,15,0.0,0.6,8.721026067351656e-11,1.6410005398813226e-11
80,15,0.0,0.65,8.801901507517591e-11,1.5944715162710588e-11
80,15,0.0,0.7,8.880503295179203e-11,1.549801124030557e-11
80,15,0.0,0.75,8.956896664600241e-11,1.5060523009028275e-11
80,15,0.0,0.8,9.03111891053486e-11,1.462933090385957e-11
80,15,0.0,0.85,9.103199275114196e-11,1.4203741081774657e-11
80,15,0.0,0.9,9.173165724310378e-11,1.3783799190286598e-11
80,15,0.0,0.95,9.241047119914267e-11,1.3369769934021883e-11
80,15,0.0,1.0,9.306873785653654e-11,1.2961957033534573e-11
80,15,0.0,1.05,9.370677524091967e-11,1.2560643085835029e-11
80,15,0.0,1.1,9.432491456325811e-11,1.2166071599851919e-11
80,15,0.0,1.15,9.492349815150545e-11,1.1778443797998483e-11
80,15,0.0,1.2,9.550287737205562e-11,1.1397920506458036e-11
80,15,0.0,1.25,9.606341069525591e-11,1.1024625706086372e-11
80,15,0.0,1.3,9.660546195227206e-11,1.0658650520356225e-11
80,15,0.0,1.35,9.712939879223818e-11,1.0300057196773639e-11
80,15,0.0,1.4,9.763559133459052e-11,9.948882916332676e-12
80,15,0.0,1.45,9.812441100613326e-11,9.605143366694073e-12
80,15,0.0,1.5,9.859622955025825e-11,9.268836053263451e-12
80,15,0.0,1.55,9.905141819496106e-11,8.939943338364188e-12
80,15,0.0,1.6,9.94903469659531e-11,8.618435206519152e-12
80,15,0.0,1.65,9.991338413124506e-11,8.304271758395052e-12
80,15,0.0,1.7,1.0032089576374739e-10,7.9974054391178e-12
80,15,0.0,1.75,1.0071324540882665e-10,7.697783008988737e-12
80,15,0.0,1.8,1.0109079384413449e-10,7.4053472664937e-12
80,15,0.0,1.85,1.0145389891965104e-10,7.120038534877536e-12
80,15,0.0,1.9,1.018029154663896e-10,6.841795924685866e-12
80,15,0.0,1.95,1.0213819526290566e-10,6.570558385474676e-12
80,15,0.0,2.0,1.0246008704940307e-10,6.306265560431611e-12
80,15,0.0,2.05,1.0276893657994392e-10,6.048858458019335e-12
80,15,0.0,2.1,1.0306508670395256e-10,5.79827995490416e-12
80,15,0.0,2.15,1.0334887746895672e-10,5.554475144447204e-12
80,15,0.0,2.2,1.0362064623717947e-10,5.317391544906374e-12
80,15,0.0,2.25,1.0388072780933071e-10,5.0869791812660964e-12
80,15,0.0,2.3,1.0412945454960792e-10,4.863190554279901e-12
80,15,0.0,2.35,1.0436715650661376e-10,4.645980509907838e-12
80,15,0.0,2.4,1.0459416152551331e-10,4.4353060218605484e-12
80,15,0.0,2.45,1.0481079534740173e-10,4.231125899444375e-12
80,15,0.0,2.5,1.0501738169244804e-10,4.033400432340054e-12
80,15,0.0,2.55,1.0521424232392349e-10,3.842090983357763e-12
80,15,0.0,2.6,1.0540169709078909e-10,3.657159539596358e-12
80,15,0.0,2.65,1.0558006394701334e-10,3.478568231801942e-12
80,15,0.0,2.7,1.0574965894624063e-10,3.306278831078346e-12
80,15,0.0,2.75,1.0591079621091828e-10,3.1402522314537792e-12
80,15,0.0,2.8,1.0606378787536133e-10,2.9804479261562813e-12
80,15,0.0,2.85,1.06208944002623e-10,2.8268234848032917e-12
80,15,0.0,2.9,1.0634657247538592e-10,2.679334038068087e-12
80,15,0.0,2.95,1.0647697886140586e-10,2.5379317757528665e-12
80,15,0.0,3.0,1.0660046625429026e-10,2.4025654635773064e-12
80,15,0.0,3.05,1.0671733509069716e-10,2.2731799833853878e-12
80,15,0.0,3.1,1.0682788294521399e-10,2.149715900882585e-12
80,15,0.0,3.15,1.0693240430438033e-10,2.03210906444708e-12
80,15,0.0,3.2,1.0703119032150146e-10,1.9202902380083847e-12
80,15,0.0,3.25,1.0712452855400197e-10,1.8141847704603793e-12
80,15,0.0,3.3,1.0721270268520605e-10,1.7137123035759657e-12
80,15,0.0,3.35,1.072959922325116e-10,1.6187865199125266e-12
80,15,0.0,3.4,1.0737467224398103e-10,1.5293149317514796e-12
80,15,0.0,3.45,1.0744901298541773e-10,1.445198711693093e-12
80,15,0.0,3.5,1.0751927962001734e-10,1.3663325651372244e-12
80,15,0.0,3.55,1.0758573188269734e-10,1.2926046445203814e-12
80,15,0.0,3.6,1.0764862375115602e-10,1.223896504845329e-12
80,15,0.0,3.65,1.0770820311574277e-10,1.160083099741509e-12
80,15,0.0,3.7,1.0776471145011249e-10,1.1010328170200982e-12
80,15,0.0,3.75,1.0781838348462792e-10,1.0466075524487954e-12
80,15,0.0,3.8,1.0786944688436303e-10,9.966628202587953e-13
80,15,0.0,3.85,1.0791812193353077e-10,9.510478987128089e-13
80,15,0.0,3.9,1.0796462122801427e-10,9.096060089087244e-13
80,15,0.0,3.95,1.0800914937763524e-10,8.721745248657117e-13
80,15,0.0,4.0,1.0805190271967003e-10,8.385852128361765e-13
80,15,0.0,4.05,1.0809306904500823e-10,8.086644977096359e-13
80,15,0.0,4.1,1.0813282733826851e-10,7.822337543205698e-13
80,15,0.0,4.15,1.0817134753306088e-10,7.591096214381323e-13
80,15,0.0,4.2,1.082087902834572e-10,7.391043362013776e-13
80,15,0.0,4.25,1.082453067526578e-10,7.220260867714225e-13
80,15,0.0,4.3,1.0828103841969576e-10,7.076793809894436e-13
80,15,0.0,4.35,1.0831611690493217e-10,6.958654288690411e-13
80,15,0.0,4.4,1.0835066381497129e-10,6.863825367979204e-13
80,15,0.0,4.45,1.0838479060754864e-10,6.790265113864481e-13
80,15,0.0,4.5,1.084185984767895e-10,6.735910709692021e-13
80,15,0.0,4.55,1.0845217825921203e-10,6.698682628452076e-13
80,15,0.0,4.6,1.0848561036069488e-10,6.676488844255959e-13
80,15,0.0,4.65,1.0851896470455358e-10,6.667229065490182e-13
80,15,0.0,4.7,1.0855230070081543e-10,6.668798973170685e-13
80,15,0.0,4.75,1.0858566723665428e-10,6.679094448975942e-13
80,15,0.0,4.8,1.0861910268791816e-10,6.696015778419693e-13
80,15,0.0,4.85,1.0865263495157956e-10,6.71747181556881e-13
80,15,0.0,4.9,1.086862814988841e-10,6.741384096696259e-13
80,15,0.0,4.95,1.0872004944891673e-10,6.765690891182528e-13
80,15,0.0,5.0,1.0875393566224981e-10,6.78835117890483e-13
80,15,1.0,0.0,2.501183428791042e-10,1.5670116223760288e-08
80,15,1.0,0.05,3.5210085873625277e-09,1.437601641326794e-07
80,15,1.0,0.1,1.510176921983769e-08,2.881170087464013e-07
80,15,1.0,0.15,2.848164582205971e-08,2.2350725146648362e-07
80,15,1.0,0.2,3.697894584133217e-08,1.227505973415789e-07
80,15,1.0,0.25,4.1579372513896766e-08,6.857703737806791e-08
80,15,1.0,0.3,4.436790953315156e-08,4.648610227957418e-08
80,15,1.0,0.35,4.6456911487945206e-08,3.8471839363841726e-08
80,15,1.0,0.4,4.8302840775411416e-08,3.5886102374546e-08
80,15,1.0,0.45,5.00777652569891e-08,3.5299687334723394e-08
80,15,1.0,0.5,5.184438084473486e-08,3.543169117970776e-08
80,15,1.0,0.55,5.36249466248694e-08,3.5813259306575175e-08
80,15,1.0,0.6,5.5426971736965e-08,3.6273931940488196e-08
80,15,1.0,0.65,5.725260718571845e-08,3.675180830001028e-08
80,15,1.0,0.7,5.910205647123751e-08,3.722433952762058e-08
80,15,1.0,0.75,6.097481120255605e-08,3.7683227091303425e-08
80,15,1.0,0.8,6.287009864054106e-08,3.812533783605063e-08
80,15,1.0,0.85,6.478704415497002e-08,3.854941925676421e-08
80,15,1.0,0.9,6.672473063043185e-08,3.895491241892961e-08
80,15,1.0,0.95,6.868222063057975e-08,3.9341522912218785e-08
80,15,1.0,1.0,7.065856509811117e-08,3.970906563991068e-08
80,15,1.0,1.05,7.265280718041676e-08,4.00574085614082e-08
80,15,1.0,1.1,7.466398428676112e-08,4.0386452257939353e-08
80,15,1.0,1.15,7.669112950345136e-08,4.069612253736951e-08
80,15,1.0,1.2,7.873327277892752e-08,4.098636784951219e-08
80,15,1.0,1.25,8.078944203242197e-08,4.125715853060129e-08
80,15,1.0,1.3,8.285866424591026e-08,4.150848678575025e-08
80,15,1.0,1.35,8.493996656438087e-08,4.174036699857529e-08
80,15,1.0,1.4,8.703237741605677e-08,4.195283620207423e-08
80,15,1.0,1.45,8.913492765849604e-08,4.214595463326065e-08
80,15,1.0,1.5,9.124665175352714e-08,4.2319806326375965e-08
80,15,1.0,1.55,9.3366588972131e-08,4.2474499711993235e-08
80,15,1.0,1.6,9.549378462883742e-08,4.26101681947516e-08
80,15,1.0,1.65,9.762729134397327e-08,4.272697068560457e-08
80,15,1.0,1.7,9.976617033092543e-08,4.2825092066877676e-08
80,15,1.0,1.75,1.0190949270457054e-07,4.2904743570670336e-08
80,15,1.0,1.8,1.040563408060886e-07,4.296616305341554e-08
80,15,1.0,1.85,1.0620580953860469e-07,4.3009615151753575e-08
80,15,1.0,1.9,1.0835700770737938e-07,4.303539130719333e-08
80,15,1.0,1.95,1.1050905935774871e-07,4.304380964948363e-08
80,15,1.0,2.0,1.1266110510352388e-07,4.30352147309447e-08
80,15,1.0,2.05,1.1481230343827382e-07,4.3009977106393355e-08
80,15,1.0,2.1,1.1696183202166582e-07,4.296849275556225e-08
80,15,1.0,2.15,1.1910888893297322e-07,4.291118234713643e-08
80,15,1.0,2.2,1.2125269388384643e-07,4.28384903456301e-08
80,15,1.0,2.25,1.2339248938255637e-07,4.275088396431791e-08
80,15,1.0,2.3,1.2552754184214338e-07,4.264885196929758e-08
80,15,1.0,2.35,1.276571426251853e-07,4.253290334146768e-08
80,15,1.0,2.4,1.2978060901827585e-07,4.240356580475798e-08
80,15,1.0,2.45,1.318972851297828e-07,4.226138423035073e-08
80,15,1.0,2.5,1.3400654270493231e-07,4.21069189278364e-08
80,15,1.0,2.55,1.36107781852878e-07,4.194074383530259e-08
80,15,1.0,2.6,1.3820043168101148e-07,4.1763444621218395e-08
80,15,1.0,2.65,1.4028395083244698e-07,4.157561671166432e-08
80,15,1.0,2.7,1.423578279232871e-07,4.137786325697149e-08
80,15,1.0,2.75,1.4442158187701242e-07,4.1170793052177966e-08
80,15,1.0,2.8,1.4647476215403302e-07,4.095501842587661e-08
80,15,1.0,2.85,1.485169488752116e-07,4.0731153112051376e-08
80,15,1.0,2.9,1.505477528388374e-07,4.049981011934552e-08
80,15,1.0,2.95,1.5256681543131353e-07,4.026159961193692e-08
80,15,1.0,3.0,1.545738084324407e-07,4.00171268157623e-08
80,15,1.0,3.05,1.5656843371695485e-07,3.976698996331703e-08
80,15,1.0,3.1,1.5855042285449988e-07,3.951177828958319e-08
80,15,1.0,3.15,1.6051953661095115e-07,3.9252070090922994e-08
80,15,1.0,3.2,1.6247556435446363e-07,3.898843085792372e-08
80,15,1.0,3.25,1.6441832337024947e-07,3.872141149230671e-08
80,15,1.0,3.3,1.6634765808846717e-07,3.84515466170375e-08
80,15,1.0,3.35,1.6826343923014376e-07,3.8179352987801684e-08
80,15,1.0,3.4,1.7016556287633652e-07,3.7905328012964104e-08
80,15,1.0,3.45,1.7205394946614747e-07,3.7629948388102036e-08
80,15,1.0,3.5,1.7392854272942478e-07,3.735366885014219e-08
80,15,1.0,3.55,1.757893085602611e-07,3.707692105509768e-08
80,15,1.0,3.6,1.7763623383750665e-07,3.680011258236163e-08
80,15,1.0,3.65,1.7946932519873766e-07,3.652362606753154e-08
80,15,1.0,3.7,1.8128860777407517e-07,3.6247818464750656e-08
80,15,1.0,3.75,1.8309412388637213e-07,3.597302043864371e-08
80,15,1.0,3.8,1.8488593172422227e-07,3.5699535885041456e-08
80,15,1.0,3.85,1.8666410399419996e-07,3.5427641578872903e-08
80,15,1.0,3.9,1.8842872655860575e-07,3.515758694682923e-08
80,15,1.0,3.95,1.901798970649196e-07,3.4889593961724176e-08
80,15,1.0,4.0,1.9191772357293132e-07,3.462385715482227e-08
80,15,1.0,4.05,1.936423231853521e-07,3.4360543741851085e-08
80,15,1.0,4.1,1.953538206874621e-07,3.409979385790533e-08
80,15,1.0,4.15,1.9705234720112892e-07,3.3841720896028095e-08
80,15,1.0,4.2,1.9873803885822016e-07,3.358641194387562e-08
80,15,1.0,4.25,2.0041103549818243e-07,3.333392831258448e-08
80,15,1.0,4.3,2.0207147939425098e-07,3.308430615171583e-08
80,15,1.0,4.35,2.03719514012411e-07,3.2837557143970243e-08
80,15,1.0,4.4,2.0535528280696894e-07,3.2593669273255804e-08
80,15,1.0,4.45,2.069789280562271e-07,3.2352607659620134e-08
80,15,1.0,4.5,2.0859058974142256e-07,3.2114315454536385e-08
80,15,1.0,4.55,2.101904044718201e-07,3.187871479007532e-08
80,15,1.0,4.6,2.1177850445847896e-07,3.164570777555706e-08
80,15,1.0,4.65,2.1335501653890118e-07,3.141517753538748e-08
80,15,1.0,4.7,2.1492006125446842e-07,3.118698928193042e-08
80,15,1.0,4.75,2.1647375198229107e-07,3.0960991417440795e-08
80,15,1.0,4.8,2.1801619412273105e-07,3.0737016659273435e-08
80,15,1.0,4.85,2.1954748434368424e-07,3.051488318281749e-08
80,15,1.0,4.9,2.210677098823122e-07,3.029439577682745e-08
80,15,1.0,4.95,2.2257694790476495e-07,3.0075347006088265e-08
80,15,1.0,5.0,2.2407526492410488e-07,2.9857518376604044e-08
80,15,2.0,0.0,1.1982171538663027e-09,7.783634647118004e-08
80,15,2.0,0.05,2.2323661757784933e-08,1.0752305508766331e-06
80,15,2.0,0.1,1.3273741225589786e-07,3.217117566803259e-06
80,15,2.0,0.15,3.0109954804114004e-07,3.0988098553068683e-06
80,15,2.0,0.2,4.2492709791665507e-07,1.8714502320132595e-06
80,15,2.0,0.25,4.965975889932106e-07,1.0902656453753904e-06
80,15,2.0,0.3,5.414246486010542e-07,7.551884001344908e-07
80,15,2.0,0.35,5.756097784347545e-07,6.340295299171227e-07
80,15,2.0,0.4,6.062140029822741e-07,5.984719427299339e-07
80,15,2.0,0.45,6.359773392777653e-07,5.951392513942099e-07
80,15,2.0,0.5,6.659180934685949e-07,6.035996677172847e-07
80,15,2.0,0.55,6.964046175617653e-07,6.162412464343144e-07
80,15,2.0,0.6,7.275641074243162e-07,6.302486502168706e-07
80,15,2.0,0.65,7.594345094866713e-07,6.445769290405777e-07
80,15,2.0,0.7,7.920204551133191e-07,6.588315693196466e-07
80,15,2.0,0.75,8.253138021274122e-07,6.728569649678172e-07
80,15,2.0,0.8,8.593011903771018e-07,6.865856685851823e-07
80,15,2.0,0.85,8.93966844108585e-07,6.999832660831373e-07
80,15,2.0,0.9,9.292936371846206e-07,7.130282449182091e-07
80,15,2.0,0.95,9.652635242085488e-07,7.257046505089041e-07
80,15,2.0,1.0,1.001857740439973e-06,7.37999409783738e-07
80,15,2.0,1.05,1.0390569174413806e-06,7.499013551433268e-07
80,15,2.0,1.1,1.0768411679361359e-06,7.614008662156537e-07
80,15,2.0,1.15,1.1151901592690466e-06,7.724897347827384e-07
80,15,2.0,1.2,1.15408318244156e-06,7.831611092310116e-07
80,15,2.0,1.25,1.1934992191760078e-06,7.934094663253444e-07
80,15,2.0,1.3,1.2334170078231977e-06,8.0323059137941e-07
80,15,2.0,1.35,1.27381510833337e-06,8.126215599746463e-07
80,15,2.0,1.4,1.3146719662957403e-06,8.215807187498974e-07
80,15,2.0,1.45,1.3559659759738223e-06,8.301076643548869e-07
80,15,2.0,1.5,1.3976755422347232e-06,8.382032202197278e-07
80,15,2.0,1.55,1.4397791412589026e-06,8.458694109889785e-07
80,15,2.0,1.6,1.4822553799116105e-06,8.53109434540241e-07
80,15,2.0,1.65,1.5250830536535724e-06,8.59927631534109e-07
80,15,2.0,1.7,1.5682412028668724e-06,8.663294524612907e-07
80,15,2.0,1.75,1.6117091674700993e-06,8.723214221674526e-07
80,15,2.0,1.8,1.6554666396965777e-06,8.779111018559903e-07
80,15,2.0,1.85,1.6994937149102367e-06,8.831070485896653e-07
80,15,2.0,1.9,1.7437709403347247e-06,8.879187723355638e-07
80,15,2.0,1.95,1.7882793615749557e-06,8.923566906242461e-07
80,15,2.0,2.0,1.8330005668137117e-06,8.964320809190739e-07
80,15,2.0,2.05,1.8779167285722033e-06,9.001570308193445e-07
80,15,2.0,2.1,1.9230106429294987e-06,9.035443862462807e-07
80,15,2.0,2.15,1.9682657661045365e-06,9.066076977862744e-07
80,15,2.0,2.2,2.0136662483131797e-06,9.093611653887479e-07
80,15,2.0,2.25,2.059196964823718e-06,9.118195816373141e-07
80,15,2.0,2.3,2.1048435441449186e-06,9.139982738311001e-07
80,15,2.0,2.35,2.150592393293911e-06,9.159130451291367e-07
80,15,2.0,2.4,2.196430720103084e-06,9.175801150227669e-07
80,15,2.0,2.45,2.242346552539783e-06,9.190160594107799e-07
80,15,2.0,2.5,2.2883287550254554e-06,9.202377505574751e-07
80,15,2.0,2.55,2.334367041755754e-06,9.212622972167666e-07
80,15,2.0,2.6,2.380451987036911e-06,9.221069852046336e-07
80,15,2.0,2.65,2.4265750326677087e-06,9.227892186983387e-07
80,15,2.0,2.7,2.4727284924102e-06,9.233264625339793e-07
80,15,2.0,2.75,2.5189055536059596e-06,9.237361857643547e-07
80,15,2.0,2.8,2.565100276006696e-06,9.24035806726572e-07
80,15,2.0,2.85,2.611307587901049e-06,9.242426398545493e-07
80,15,2.0,2.9,2.6575232796302647e-06,9.24373844454778e-07
80,15,2.0,2.95,2.703743994595912e-06,9.24446375645348e-07
80,15,2.0,3.0,2.74996721787232e-06,9.244769376384927e-07
80,15,2.0,3.05,2.7961912625452443e-06,9.244819395261563e-07
80,15,2.0,3.1,2.842415253905291e-06,9.244774537062512e-07
80,15,2.0,3.15,2.888639111630971e-06,9.244791770651047e-07
80,15,2.0,3.2,2.934863530102049e-06,9.245023950094819e-07
80,15,2.0,3.25,2.981089956986871e-06,9.245619484188161e-07
80,15,2.0,3.3,3.0273205702518e-06,9.246722035668448e-07
80,15,2.0,3.35,3.0735582537412713e-06,9.248470250399084e-07
80,15,2.0,3.4,3.119806571478903e-06,9.25099751658875e-07
80,15,2.0,3.45,3.166069740839801e-06,9.254431753918784e-07
80,15,2.0,3.5,3.2123526047423015e-06,9.258895232262892e-07
80,15,2.0,3.55,3.2586606030066443e-06,9.264504419513289e-07
80,15,2.0,3.6,3.3049997430239953e-06,9.271369857864306e-07
80,15,2.0,3.65,3.351376569876447e-06,9.279596067761565e-07
80,15,2.0,3.7,3.397798136044147e-06,9.289281478593633e-07
80,15,2.0,3.75,3.4442719708305094e-06,9.300518385087281e-07
80,15,2.0,3.8,3.490806049631286e-06,9.3133929282689e-07
80,15,2.0,3.85,3.5374087631673647e-06,9.32798509977022e-07
80,15,2.0,3.9,3.5840888867948653e-06,9.34436876818704e-07
80,15,2.0,3.95,3.6308555499991332e-06,9.362611726145187e-07
80,15,2.0,4.0,3.6777182061732328e-06,9.3827757566891e-07
80,15,2.0,4.05,3.7246866027735994e-06,9.404916717579886e-07
80,15,2.0,4.1,3.771770751938938e-06,9.429084642076633e-07
80,15,2.0,4.15,3.818980901651401e-06,9.455323854773406e-07
80,15,2.0,4.2,3.8663275075115135e-06,9.483673101071447e-07
80,15,2.0,4.25,3.913821205191657e-06,9.514165688886372e-07
80,15,2.0,4.3,3.961472783625887e-06,9.546829641217173e-07
80,15,2.0,4.35,4.009293158986847e-06,9.581687858239284e-07
80,15,2.0,4.4,4.057293349494234e-06,9.618758287627028e-07
80,15,2.0,4.45,4.105484451092977e-06,9.658054101859844e-07
80,15,2.0,4.5,4.153877614032902e-06,9.699583881318704e-07
80,15,2.0,4.55,4.2024840203756964e-06,9.743351802037843e-07
80,15,2.0,4.6,4.251314862450382e-06,9.7893578270386e-07
80,15,2.0,4.65,4.300381322272157e-06,9.837597900233712e-07
80,15,2.0,4.7,4.349694551935099e-06,9.88806414195578e-07
80,15,2.0,4.75,4.399265654984903e-06,9.940745045230507e-07
80,15,2.0,4.8,4.44910566877295e-06,9.995625671979387e-07
80,15,2.0,4.85,4.499225547789811e-06,1.0052687848404007e-06
80,15,2.0,4.9,4.549636147972044e-06,1.0111910358867043e-06
80,15,2.0,4.95,4.600348211973496e-06,1.0173269137650324e-06
80,15,2.0,5.0,4.651372355388703e-06,1.0236737458030088e-06
80,15,3.0,0.0,1.8870907093184375e-09,1.2142069793316833e-07
80,15,3.0,0.05,4.208168035867181e-08,2.3044962485376953e-06
80,15,3.0,0.1,3.48884525592013e-07,1.044826512802303e-05
80,15,3.0,0.15,9.742751461541776e-07,1.2688669300156089e-05
80,15,3.0,0.2,1.5021642585089913e-06,8.166421099765165e-06
80,15,3.0,0.25,1.8114477021646077e-06,4.579610614261241e-06
80,15,3.0,0.3,1.992931358210454e-06,2.9246247247654266e-06
80,15,3.0,0.35,2.1206378529146403e-06,2.289851867314034e-06
80,15,3.0,0.4,2.2287058603105553e-06,2.0737908640083876e-06
80,15,3.0,0.45,2.3305692060937755e-06,2.015774072908278e-06
80,15,3.0,0.5,2.4312050871202465e-06,2.014961571688109e-06
80,15,3.0,0.55,2.5323805266164413e-06,2.0337645295012083e-06
80,15,3.0,0.6,2.634673481122458e-06,2.0583434570178036e-06
80,15,3.0,0.65,2.7382248883137524e-06,2.0836184319347046e-06
80,15,3.0,0.7,2.8430152226187687e-06,2.107722202939232e-06
80,15,3.0,0.75,2.9489659004404995e-06,2.1299664091528716e-06
80,15,3.0,0.8,3.0559765819851587e-06,2.150098634265867e-06
80,15,3.0,0.85,3.1639390727460753e-06,2.1680313785516687e-06
80,15,3.0,0.9,3.2727426880036887e-06,2.1837431251627493e-06
80,15,3.0,0.95,3.3822764964455936e-06,2.1972420539814307e-06
80,15,3.0,1.0,3.492430413168733e-06,2.208552522530848e-06
80,15,3.0,1.05,3.6030958575053474e-06,2.217709803819548e-06
80,15,3.0,1.1,3.7141662348618125e-06,2.2247578104670386e-06
80,15,3.0,1.15,3.825537336178529e-06,2.2297478951486913e-06
80,15,3.0,1.2,3.937107688710331e-06,2.2327380381959936e-06
80,15,3.0,1.25,4.048778870278318e-06,2.233792175920766e-06
80,15,3.0,1.3,4.160455791494869e-06,2.2329795833678133e-06
80,15,3.0,1.35,4.272046947831065e-06,2.230374282818424e-06
80,15,3.0,1.4,4.383464642562052e-06,2.2260544698475438e-06
80,15,3.0,1.45,4.4946251814237485e-06,2.220101955801058e-06
80,15,3.0,1.5,4.605449039824814e-06,2.2126016277950805e-06
80,15,3.0,1.55,4.7158610035311194e-06,2.2036409278669817e-06
80,15,3.0,1.6,4.825790283818825e-06,2.1933093528422064e-06
80,15,3.0,1.65,4.935170608167416e-06,2.1816979762367593e-06
80,15,3.0,1.7,5.043940287620514e-06,2.1688989932312465e-06
80,15,3.0,1.75,5.152042261988848e-06,2.1550052894800302e-06
80,15,3.0,1.8,5.2594241241006545e-06,2.140110034273672e-06
80,15,3.0,1.85,5.366038124326066e-06,2.124306298360254e-06
80,15,3.0,1.9,5.471841156611417e-06,2.107686696545403e-06
80,15,3.0,1.95,5.576794727263165e-06,2.090343055032342e-06
80,15,3.0,2.0,5.6808649077133355e-06,2.072366103329831e-06
80,15,3.0,2.05,5.78402227248924e-06,2.0538451904396787e-06
80,15,3.0,2.1,5.886241823591401e-06,2.0348680249385174e-06
80,15,3.0,2.15,5.987502902463439e-06,2.0155204384853954e-06
80,15,3.0,2.2,6.087789090712086e-06,1.995886172215616e-06
80,15,3.0,2.25,6.1870881007062544e-06,1.9760466854202864e-06
80,15,3.0,2.3,6.285391657153976e-06,1.9560809858589454e-06
80,15,3.0,2.35,6.3826953707213034e-06,1.9360654810073235e-06
80,15,3.0,2.4,6.47899860472169e-06,1.916073849503037e-06
80,15,3.0,2.45,6.574304335866691e-06,1.8961769320182626e-06
80,15,3.0,2.5,6.668619010029076e-06,1.876442640758897e-06
80,15,3.0,2.55,6.761952393929669e-06,1.8569358867648137e-06
80,15,3.0,2.6,6.854317423616716e-06,1.837718524164375e-06
80,15,3.0,2.65,6.945730050563521e-06,1.8188493105186135e-06
80,15,3.0,2.7,7.0362090861674065e-06,1.8003838823767399e-06
80,15,3.0,2.75,7.125776045388383e-06,1.7823747451539957e-06
80,15,3.0,2.8,7.21445499022085e-06,1.7648712764358211e-06
80,15,3.0,2.85,7.30227237364783e-06,1.7479197418091176e-06
80,15,3.0,2.9,7.389256884680516e-06,1.7315633223212089e-06
80,15,3.0,2.95,7.47543929504354e-06,1.7158421526712695e-06
80,15,3.0,3.0,7.5608523080192904e-06,1.7007933692458505e-06
80,15,3.0,3.05,7.645530409921534e-06,1.6864511671209617e-06
80,15,3.0,3.1,7.729509724625735e-06,1.6728468651676845e-06
80,15,3.0,3.15,7.812827871539225e-06,1.6600089784152644e-06
80,15,3.0,3.2,7.895523827354289e-06,1.6479632968467689e-06
80,15,3.0,3.25,7.977637791884083e-06,1.6367329698254471e-06
80,15,3.0,3.3,8.059211058245462e-06,1.626338595377021e-06
80,15,3.0,3.35,8.140285887611246e-06,1.6167983135813742e-06
80,15,3.0,3.4,8.220905388719776e-06,1.6081279033585886e-06
80,15,3.0,3.45,8.30111340229447e-06,1.600340881967396e-06
80,15,3.0,3.5,8.380954390492583e-06,1.5934486065688713e-06
80,15,3.0,3.55,8.460473331471032e-06,1.587460377244343e-06
80,15,3.0,3.6,8.539715619127117e-06,1.5823835408938168e-06
80,15,3.0,3.65,8.618726968045328e-06,1.5782235954792988e-06
80,15,3.0,3.7,8.697553323654345e-06,1.574984294115738e-06
80,15,3.0,3.75,8.776240777575067e-06,1.5726677485510338e-06
80,15,3.0,3.8,8.854835488118671e-06,1.5712745316152686e-06
80,15,3.0,3.85,8.933383605873099e-06,1.570803778257267e-06
80,15,3.0,3.9,9.011931204299269e-06,1.5712532848244303e-06
80,15,3.0,3.95,9.090524215240424e-06,1.572619606278366e-06
80,15,3.0,4.0,9.169208369234996e-06,1.5748981510746843e-06
80,15,3.0,4.05,9.24802914051027e-06,1.5780832734698987e-06
80,15,3.0,4.1,9.327031696522725e-06,1.5821683630514197e-06
80,15,3.0,4.15,9.406260851901458e-06,1.587145931318402e-06
80,15,3.0,4.2,9.485761026644272e-06,1.5930076951712816e-06
80,15,3.0,4.25,9.565576208408574e-06,1.599744657196326e-06
80,15,3.0,4.3,9.645749918734099e-06,1.6073471826578588e-06
80,15,3.0,4.35,9.726325183031889e-06,1.6158050731361545e-06
80,15,3.0,4.4,9.80734450417046e-06,1.6251076367717072e-06
80,15,3.0,4.45,9.88884983948878e-06,1.6352437550979198e-06
80,15,3.0,4.5,9.970882581065778e-06,1.6462019464636818e-06
80,15,3.0,4.55,1.005348353907578e-05,1.657970426064951e-06
80,15,3.0,4.6,1.0136692928061868e-05,1.670537162620399e-06
80,15,3.0,4.65,1.0220550355959789e-05,1.6838899317402633e-06
80,15,3.0,4.7,1.0305094815708904e-05,1.698016366050131e-06
80,15,3.0,4.75,1.0390364679289942e-05,1.712904002142619e-06
80,15,3.0,4.8,1.0476397694032641e-05,1.7285403244390318e-06
80,15,3.0,4.85,1.0563230981040769e-05,1.744912806051334e-06
80,15,3.0,4.9,1.0650901035587916e-05,1.7620089467417758e-06
80,15,3.0,4.95,1.0739443729339969e-05,1.7798163080823993e-06
80,15,3.0,5.0,1.0828894314268633e-05,1.7983225459217655e-06
80,15,4.0,0.0,2.83153522177384e-09,1.7294662639450121e-07
80,15,4.0,0.05,6.731503996799163e-08,4.043502824739002e-06
80,15,4.0,0.1,7.729007821368641e-07,2.8049666915752626e-05
80,15,4.0,0.15,2.75208939763638e-06,4.499856422678844e-05
80,15,4.0,0.2,4.728247214272648e-06,3.1603562857190695e-05
80,15,4.0,0.25,5.912667271813089e-06,1.698578573779662e-05
80,15,4.0,0.3,6.552912415934675e-06,9.649546980660667e-06
80,15,4.0,0.35,6.9498112138454285e-06,6.694073679966381e-06
80,15,4.0,0.4,7.252403787760946e-06,5.591576124503213e-06
80,15,4.0,0.45,7.520314378022298e-06,5.191580284957728e-06
80,15,4.0,0.5,7.775649798578868e-06,5.045335640893132e-06
80,15,4.0,0.55,8.026249837673662e-06,4.986348226438378e-06
80,15,4.0,0.6,8.274709593740616e-06,4.9540066464765646e-06
80,15,4.0,0.65,8.521724127815192e-06,4.926499228802182e-06
80,15,4.0,0.7,8.767309139462014e-06,4.8961204148610185e-06
80,15,4.0,0.75,9.011244322318288e-06,4.860285933782659e-06
80,15,4.0,0.8,9.253234495484546e-06,4.818277593057337e-06
80,15,4.0,0.85,9.492968549082458e-06,4.770065062668864e-06
80,15,4.0,0.9,9.73014138170063e-06,4.715878465765871e-06
80,15,4.0,0.95,9.964462374016416e-06,4.656051962871218e-06
80,15,4.0,1.0,1.0195658893517726e-05,4.5909650810648535e-06
80,15,4.0,1.05,1.0423477894911735e-05,4.521019330712612e-06
80,15,4.0,1.1,1.0647686724436675e-05,4.446627630460282e-06
80,15,4.0,1.15,1.086807353274942e-05,4.368208467252452e-06
80,15,4.0,1.2,1.1084447448702524e-05,4.286181901264028e-06
80,15,4.0,1.25,1.1296638576155284e-05,4.200966386317195e-06
80,15,4.0,1.3,1.150449784393475e-05,4.112976041657186e-06
80,15,4.0,1.35,1.1707896727762113e-05,4.02261824684771e-06
80,15,4.0,1.4,1.1906726858960227e-05,3.930291513561506e-06
80,15,4.0,1.45,1.2100899533250671e-05,3.836383615212035e-06
80,15,4.0,1.5,1.2290345132240869e-05,3.7412699632331607e-06
80,15,4.0,1.55,1.2475012469685391e-05,3.6453122200932307e-06
80,15,4.0,1.6,1.265486807409637e-05,3.5488571383695225e-06
80,15,4.0,1.65,1.2829895418714287e-05,3.452235614014278e-06
80,15,4.0,1.7,1.3000094109229047e-05,3.3557619408386504e-06
80,15,4.0,1.75,1.3165479038968642e-05,3.2597332524196343e-06
80,15,4.0,1.8,1.3326079520571948e-05,3.1644291370955774e-06
80,15,4.0,1.85,1.3481938402434141e-05,3.070111411470068e-06
80,15,4.0,1.9,1.363311117748598e-05,2.9770240378289152e-06
80,15,4.0,1.95,1.3779665091141364e-05,2.8853931710776973e-06
80,15,4.0,2.0,1.3921678254536317e-05,2.79542732117694e-06
80,15,4.0,2.05,1.4059238768494887e-05,2.7073176175549313e-06
80,15,4.0,2.1,1.4192443862994249e-05,2.6212381625910873e-06
80,15,4.0,2.15,1.4321399056274686e-05,2.537346461950465e-06
80,15,4.0,2.2,1.4446217337147821e-05,2.4557839202930306e-06
80,15,4.0,2.25,1.4567018373498706e-05,2.376676391656652e-06
80,15,4.0,2.3,1.468392774946643e-05,2.3001347746061558e-06
80,15,4.0,2.35,1.4797076233311024e-05,2.2262556430347236e-06
80,15,4.0,2.4,1.4906599077533765e-05,2.155121904288137e-06
80,15,4.0,2.45,1.5012635352430836e-05,2.08680347704942e-06
80,15,4.0,2.5,1.5115327313889198e-05,2.0213579821593854e-06
80,15,4.0,2.55,1.5214819805919302e-05,1.9588314402575187e-06
80,15,4.0,2.6,1.531125969812498e-05,1.8992589707993937e-06
80,15,4.0,2.65,1.540479535805775e-05,1.8426654876408238e-06
80,15,4.0,2.7,1.5495576158174633e-05,1.7890663869733607e-06
80,15,4.0,2.75,1.5583752016925087e-05,1.7384682239494742e-06
80,15,4.0,2.8,1.5669472973319142e-05,1.690869374849189e-06
80,15,4.0,2.85,1.5752888794185908e-05,1.6462606821135373e-06
80,15,4.0,2.9,1.5834148613208228e-05,1.6046260800052287e-06
80,15,4.0,2.95,1.591340060071637e-05,1.5659431990538779e-06
80,15,4.0,3.0,1.599079166314261e-05,1.530183947805413e-06
80,15,4.0,3.05,1.6066467170970774e-05,1.4973150707220025e-06
80,15,4.0,3.1,1.614057071396584e-05,1.4672986813746898e-06
80,15,4.0,3.15,1.6213243882434252e-05,1.4400927703355718e-06
80,15,4.0,3.2,1.6284626073235462e-05,1.4156516874125373e-06
80,15,4.0,3.25,1.6354854319263407e-05,1.3939265980804063e-06
80,15,4.0,3.3,1.642406314110324e-05,1.3748659141464846e-06
80,15,4.0,3.35,1.6492384419580848e-05,1.358415698851886e-06
80,15,4.0,3.4,1.6559947287936462e-05,1.344520046750971e-06
80,15,4.0,3.45,1.662687804237001e-05,1.3331214388332081e-06
80,15,4.0,3.5,1.6693300069735746e-05,1.3241610734559437e-06
80,15,4.0,3.55,1.675933379119224e-05,1.3175791737443366e-06
80,15,4.0,3.6,1.6825096620649133e-05,1.3133152721876838e-06
80,15,4.0,3.65,1.689070293688985e-05,1.3113084732207082e-06
80,15,4.0,3.7,1.6956264068290304e-05,1.3114976946255543e-06
80,15,4.0,3.75,1.7021888289096595e-05,1.3138218886262085e-06
80,15,4.0,3.8,1.7087680826267905e-05,1.3182202435733456e-06
80,15,4.0,3.85,1.715374387593806e-05,1.3246323671346399e-06
80,15,4.0,3.9,1.7220176628592982e-05,1.332998451914739e-06
80,15,4.0,3.95,1.7287075302109202e-05,1.3432594244316428e-06
80,15,4.0,4.0,1.735453318184472e-05,1.3553570783717817e-06
80,15,4.0,4.05,1.7422640667018538e-05,1.3692341930370202e-06
80,15,4.0,4.1,1.7491485322660785e-05,1.3848346378822416e-06
80,15,4.0,4.15,1.7561151936460402e-05,1.402103464024488e-06
80,15,4.0,4.2,1.7631722579881093e-05,1.4209869835823903e-06
80,15,4.0,4.25,1.770327667295678e-05,1.4414328376805097e-06
80,15,4.0,4.3,1.7775891052220858e-05,1.4633900539259138e-06
80,15,4.0,4.35,1.784964004126323e-05,1.4868090941358982e-06
80,15,4.0,4.4,1.7924595523444092e-05,1.5116418930646878e-06
80,15,4.0,4.45,1.8000827016335555e-05,1.5378418888463685e-06
80,15,4.0,4.5,1.807840174749177e-05,1.5653640458381476e-06
80,15,4.0,4.55,1.8157384731185074e-05,1.5941648705159076e-06
80,15,4.0,4.6,1.8237838845776263e-05,1.6242024210408355e-06
80,15,4.0,4.65,1.8319824911417344e-05,1.6554363110829423e-06
80,15,4.0,4.7,1.840340176781311e-05,1.6878277084546944e-06
80,15,4.0,4.75,1.8488626351795655e-05,1.7213393290758677e-06
80,15,4.0,4.8,1.8575553774491572e-05,1.7559354267588862e-06
80,15,4.0,4.85,1.866423739788155e-05,1.7915817792729115e-06
80,15,4.0,4.9,1.875472891058152e-05,1.8282456711154069e-06
80,15,4.0,4.95,1.8847078402686783e-05,1.865895873389999e-06
80,15,4.0,5.0,1.8941334439545926e-05,1.9045026211618841e-06
80,15,5.0,0.0,3.923045713875637e-09,2.187679551893755e-07
80,15,5.0,0.05,8.817545851094446e-08,5.596576242089498e-06
80,15,5.0,0.1,1.3601911766703557e-06,5.8638592087799305e-05
80,15,5.0,0.15,6.42360854349729e-06,0.00013165018014634327
80,15,5.0,0.2,1.2686711277048873e-05,0.00010602869985766651
80,15,5.0,0.25,1.6685902763191198e-05,5.6556504606755955e-05
80,15,5.0,0.3,1.873240295866673e-05,2.8927924338494434e-05
80,15,5.0,0.35,1.9845403825653717e-05,1.7371466544415043e-05
80,15,5.0,0.4,2.0585214792172553e-05,1.2925459385114456e-05
80,15,5.0,0.45,2.11819805142567e-05,1.1204686234115295e-05
80,15,5.0,0.5,2.172162428070631e-05,1.0473269097750188e-05
80,15,5.0,0.55,2.2234876021819986e-05,1.008815530569787e-05
80,15,5.0,0.6,2.2732264896697796e-05,9.816965338716795e-06
80,15,5.0,0.65,2.321706589594448e-05,9.57696567151894e-06
80,15,5.0,0.7,2.3689991935668474e-05,9.339364852727735e-06
80,15,5.0,0.75,2.4150881925295004e-05,9.094741290416815e-06
80,15,5.0,0.8,2.45993065613947e-05,8.840620876130856e-06
80,15,5.0,0.85,2.5034785565194127e-05,8.577019752526003e-06
80,15,5.0,0.9,2.5456865448543296e-05,8.304842390534177e-06
80,15,5.0,0.95,2.586514703899261e-05,8.025301825781821e-06
80,15,5.0,1.0,2.625929470275292e-05,7.73970580322919e-06
80,15,5.0,1.05,2.6639038707282178e-05,7.4493742379114395e-06
80,15,5.0,1.1,2.7004174841936008e-05,7.155604234897929e-06
80,15,5.0,1.15,2.7354562801680804e-05,6.8596527961670536e-06
80,15,5.0,1.2,2.7690123906984703e-05,6.562726563454712e-06
80,15,5.0,1.25,2.8010838400503226e-05,6.265974788474241e-06
80,15,5.0,1.3,2.8316742441739985e-05,5.970484149085731e-06
80,15,5.0,1.35,2.8607924876850913e-05,5.677274885204598e-06
80,15,5.0,1.4,2.88845238431767e-05,5.387298025460948e-06
80,15,5.0,1.45,2.9146723259603743e-05,5.101433576110967e-06
80,15,5.0,1.5,2.9394749248393207e-05,4.820489575871271e-06
80,15,5.0,1.55,2.962886652958041e-05,4.545201929738827e-06
80,15,5.0,1.6,2.9849374824780204e-05,4.276234937459325e-06
80,15,5.0,1.65,3.005660530304927e-05,4.014182433611882e-06
80,15,5.0,1.7,3.025091709734476e-05,3.759569458049783e-06
80,15,5.0,1.75,3.0432693916120436e-05,3.5128543781294785e-06
80,15,5.0,1.8,3.060234077075953e-05,3.274431387759656e-06
80,15,5.0,1.85,3.076028083589773e-05,3.0446333126717227e-06
80,15,5.0,1.9,3.0906952456288066e-05,2.8237346562311423e-06
80,15,5.0,1.95,3.1042806310700464e-05,2.611954825434431e-06
80,15,5.0,2.0,3.116830274047041e-05,2.4094614822607415e-06
80,15,5.0,2.05,3.128390924771466e-05,2.2163739711489594e-06
80,15,5.0,2.1,3.1390098165899565e-05,2.0327667789267813e-06
80,15,5.0,2.15,3.1487344503411026e-05,1.8586729889244009e-06
80,15,5.0,2.2,3.157612395898483e-05,1.6940876961892706e-06
80,15,5.0,2.25,3.165691110632697e-05,1.5389713556204423e-06
80,15,5.0,2.3,3.1730177743964345e-05,1.3932530394219163e-06
80,15,5.0,2.35,3.179639140528883e-05,1.256833584504211e-06
80,15,5.0,2.4,3.185601402288913e-05,1.1295886143303098e-06
80,15,5.0,2.45,3.190950074057983e-05,1.011371423200148e-06
80,15,5.0,2.5,3.195729886601396e-05,9.020157141006832e-07
80,15,5.0,2.55,3.199984695639471e-05,8.013381840268951e-07
80,15,5.0,2.6,3.203757402956187e-05,7.091409531179529e-07
80,15,5.0,2.65,3.207089889258941e-05,6.252138360698967e-07
80,15,5.0,2.7,3.2100229580017467e-05,5.49336456104627e-07
80,15,5.0,2.75,3.212596289388025e-05,4.812802033155815e-07
80,15,5.0,2.8,3.214848403782235e-05,4.208100404978288e-07
80,15,5.0,2.85,3.216816633777868e-05,3.676861606278716e-07
80,15,5.0,2.9,3.2185371041924634e-05,3.216655010091412e-07
80,15,5.0,2.95,3.220044719286327e-05,2.825031197652676e-07
80,15,5.0,3.0,3.221373156532912e-05,2.4995344086699743e-07
80,15,5.0,3.05,3.2225548662987185e-05,2.2377137423899641e-07
80,15,5.0,3.1,3.2236210768259936e-05,2.0371331772918655e-07
80,15,5.0,3.15,3.224601803943926e-05,1.8953804785286882e-07
80,15,5.0,3.2,3.225525864970277e-05,1.810075062625108e-07
80,15,5.0,3.25,3.2264208962989146e-05,1.778874888555062e-07
80,15,5.0,3.3,3.227313374203805e-05,1.7994824433014388e-07
80,15,5.0,3.35,3.228228638423227e-05,1.8696498884538e-07
80,15,5.0,3.4,3.229190918121042e-05,1.987183432429471e-07
80,15,5.0,3.45,3.2302233598536554e-05,2.1499469906061304e-07
80,15,5.0,3.5,3.231348057201306e-05,2.3558651930961953e-07
80,15,5.0,3.55,3.2325860817522494e-05,2.6029257971536644e-07
80,15,5.0,3.6,3.233957515155573e-05,2.889181558340373e-07
80,15,5.0,3.65,3.2354814819850205e-05,3.21275161163444e-07
80,15,5.0,3.7,3.237176183180933e-05,3.571822410686251e-07
80,15,5.0,3.75,3.2390589298609036e-05,3.964648270457476e-07
80,15,5.0,3.8,3.2411461773114015e-05,4.389551555533647e-07
80,15,5.0,3.85,3.2434535589933265e-05,4.844922553519493e-07
80,15,5.0,3.9,3.245995920413057e-05,5.329219070111685e-07
80,15,5.0,3.95,3.2487873527287677e-05,5.840965779733982e-07
80,15,5.0,4.0,3.251841225977409e-05,6.378753362998052e-07
80,15,5.0,4.05,3.255170221823094e-05,6.941237459758309e-07
80,15,5.0,4.1,3.2587863657416266e-05,7.527137464138927e-07
80,15,5.0,4.15,3.262701058567999e-05,8.135235185658572e-07
80,15,5.0,4.2,3.266925107345641e-05,8.764373398433657e-07
80,15,5.0,4.25,3.2714687554264586e-05,9.413454298435315e-07
80,15,5.0,4.3,3.2763417117802834e-05,1.0081437886883957e-06
80,15,5.0,4.35,3.281553179481151e-05,1.0767340296101205e-06
80,15,5.0,4.4,3.2871118833449866e-05,1.1470232072490525e-06
80,15,5.0,4.45,3.2930260967010024e-05,1.2189236429786982e-06
80,15,5.0,4.5,3.299303667284675e-05,1.2923527484297703e-06
80,15,5.0,4.55,3.305952042246137e-05,1.3672328482537147e-06
80,15,5.0,4.6,3.3129782922721955e-05,1.4434910030455228e-06
80,15,5.0,4.65,3.320389134825301e-05,1.52105883323374e-06
80,15,5.0,4.7,3.328190956505847e-05,1.5998723446436294e-06
80,15,5.0,4.75,3.336389834547582e-05,1.6798717563457155e-06
80,15,5.0,4.8,3.344991557459343e-05,1.7610013313167916e-06
80,15,5.0,4.85,3.3540016448278355e-05,1.8432092103622325e-06
80,15,5.0,4.9,3.3634253662991596e-05,1.926447249678748e-06
80,15,5.0,4.95,3.373267759757901e-05,2.0106708623720093e-06
80,15,5.0,5.0,3.383533648724083e-05,2.095838864186427e-06
80,20,0.0,0.0,1.6203586851324853e-12,9.196779565888413e-11
80,20,0.0,0.05,1.5167061688209172e-11,4.881381860325981e-10
80,20,0.0,0.1,4.56693622485857e-11,6.304949625847809e-10
80,20,0.0,0.15,7.131539743556545e-11,3.765518597846568e-10
80,20,0.0,0.2,8.436457220727433e-11,1.6708363341183816e-10
80,20,0.0,0.25,8.994515993746753e-11,7.046268184508504e-11
80,20,0.0,0.3,9.237966328529759e-11,3.298064195613247e-11
80,20,0.0,0.35,9.362556739624088e-11,1.912306430139807e-11
80,20,0.0,0.4,9.443179072514071e-11,1.3940558836906688e-11
80,20,0.0,0.45,9.506951159567303e-11,1.1857581644499231e-11
80,20,0.0,0.5,9.563525986357881e-11,1.0875298747325277e-11
80,20,0.0,0.55,9.616338173656811e-11,1.0286876708396172e-11
80,20,0.0,0.6,9.666628762469118e-11,9.843590011729773e-12
80,20,0.0,0.65,9.714867568370169e-11,9.458060427806867e-12
80,20,0.0,0.7,9.76125347376268e-11,9.099576824337175e-12
80,20,0.0,0.75,9.805889995177288e-11,8.75729159057038e-12
80,20,0.0,0.8,9.848846762291056e-11,8.427300456608318e-12
80,20,0.0,0.85,9.890180963982879e-11,8.10811196068317e-12
80,20,0.0,0.9,9.929944765668166e-11,7.799061650297358e-12
80,20,0.0,0.95,9.968187823133603e-11,7.499759287094727e-12
80,20,0.0,1.0,1.000495809309623e-10,7.209898162975923e-12
80,20,0.0,1.05,1.0040302061732667e-10,6.929191164694262e-12
80,20,0.0,1.1,1.0074264783150683e-10,6.657351040199593e-12
80,20,0.0,1.15,1.0106889864046392e-10,6.394085925585213e-12
80,20,0.0,1.2,1.0138219441140163e-10,6.1390999920269006e-12
80,20,0.0,1.25,1.016829416659884e-10,5.892095665292812e-12
80,20,0.0,1.3,1.0197153205682745e-10,5.6527761826859275e-12
80,20,0.0,1.35,1.0224834247056278e-10,5.420848063729121e-12
80,20,0.0,1.4,1.0251373524919287e-10,5.196023355794693e-12
80,20,0.0,1.45,1.0276805851713903e-10,4.978021616280909e-12
80,20,0.0,1.5,1.0301164660072827e-10,4.7665716282958584e-12
80,20,0.0,1.55,1.0324482052699434e-10,4.561412859370184e-12
80,20,0.0,1.6,1.0346788858926929e-10,4.362296677085716e-12
80,20,0.0,1.65,1.0368114696780128e-10,4.168987336896203e-12
80,20,0.0,1.7,1.0388488039438438e-10,3.981262757755817e-12
80,20,0.0,1.75,1.0407936285080427e-10,3.7989151009738094e-12
80,20,0.0,1.8,1.0426485829159745e-10,3.621751167340961e-12
80,20,0.0,1.85,1.0444162138245009e-10,3.449592627148852e-12
80,20,0.0,1.9,1.0460989824620503e-10,3.2822760971182354e-12
80,20,0.0,1.95,1.0476992720916905e-10,3.1196530777655924e-12
80,20,0.0,2.0,1.0492193954107417e-10,2.961589764105351e-12
80,20,0.0,2.05,1.0506616018266309e-10,2.8079667420343027e-12
80,20,0.0,2.1,1.0520280845548215e-10,2.6586785821604317e-12
80,20,0.0,2.15,1.0533209874903675e-10,2.5136333422771744e-12
80,20,0.0,2.2,1.0545424118100782e-10,2.3727519891372755e-12
80,20,0.0,2.25,1.0556944222675819e-10,2.2359677496492626e-12
80,20,0.0,2.3,1.056779053148241e-10,2.1032254011108235e-12
80,20,0.0,2.35,1.0577983138560268e-10,1.9744805096024596e-12
80,20,0.0,2.4,1.0587541941082158e-10,1.849698625192163e-12
80,20,0.0,2.45,1.059648668718785e-10,1.728854442149244e-12
80,20,0.0,2.5,1.0604837019547773e-10,1.6119309319275477e-12
80,20,0.0,2.55,1.0612612514537543e-10,1.4989184562552444e-12
80,20,0.0,2.6,1.0619832716944467e-10,1.389813867259155e-12
80,20,0.0,2.65,1.0626517170155028e-10,1.2846196011510842e-12
80,20,0.0,2.7,1.0632685441807177e-10,1.1833427716143323e-12
80,20,0.0,2.75,1.0638357144921943e-10,1.0859942686441846e-12
80,20,0.0,2.8,1.0643551954552982e-10,9.925878682200187e-13
80,20,0.0,2.85,1.0648289620023416e-10,9.0313935781125e-13
80,20,0.0,2.9,1.0652589972837868e-10,8.176656823522338e-13
80,20,0.0,2.95,1.0656472930386694e-10,7.361841149512984e-13
80,20,0.0,3.0,1.0659958495571118e-10,6.58711456236283e-13
80,20,0.0,3.05,1.0663066752506277e-10,5.852632658751588e-13
80,20,0.0,3.1,1.0665817858468394e-10,5.158531294494386e-13
80,20,0.0,3.15,1.0668232032269852e-10,4.504919635020011e-13
80,20,0.0,3.2,1.0670329539261659e-10,3.891873612238162e-13
80,20,0.0,3.25,1.0672130673169025e-10,3.3194298089681413e-13
80,20,0.0,3.3,1.0673655734980511e-10,2.7875797886322645e-13
80,20,0.0,3.35,1.0674925009116135e-10,2.2962648845417383e-13
80,20,0.0,3.4,1.0675958737107754e-10,1.8453714597989062e-13
80,20,0.0,3.45,1.067677708902815e-10,1.434726645621161e-13
80,20,0.0,3.5,1.0677400132910447e-10,1.0640945627830404e-13
80,20,0.0,3.55,1.0677847802399774e-10,7.331730278995841e-14
80,20,0.0,3.6,1.0678139862877361e-10,4.4159074339441105e-14
80,20,0.0,3.65,1.0678295876302183e-10,1.8890496731332944e-14
80,20,0.0,3.7,1.0678335165004215e-10,-2.540034342734662e-15
80,20,0.0,3.75,1.0678276774667351e-10,-2.0191592511911488e-14
80,20,0.0,3.8,1.067813943672908e-10,-3.413081456680086e-14
80,20,0.0,3.85,1.0677941530422551e-10,-4.443195023038124e-14
80,20,0.0,3.9,1.0677701044676145e-10,-5.1176869341592245e-14
80,20,0.0,3.95,1.0677435540080771e-10,-5.445502809479439e-14
80,20,0.0,4.0,1.0677162111124594e-10,-5.436339612145518e-14
80,20,0.0,4.05,1.0676897348886057e-10,-5.100634632164341e-14
80,20,0.0,4.1,1.0676657304366574e-10,-4.449550945720339e-14
80,20,0.0,4.15,1.0676457452634918e-10,-3.494959559843764e-14
80,20,0.0,4.2,1.0676312657941193e-10,-2.2494184583087764e-14
80,20,0.0,4.25,1.0676237139952872e-10,-7.261487688628566e-15
80,20,0.0,4.3,1.0676244441248914e-10,1.0609917251328977e-14
80,20,0.0,4.35,1.0676347396200615e-10,3.0975375046365796e-14
80,20,0.0,4.4,1.0676558101353974e-10,5.3684464427979453e-14
80,20,0.0,4.45,1.0676887887419735e-10,7.858132919135836e-14
80,20,0.0,4.5,1.0677347292963424e-10,1.0550502701683217e-13
80,20,0.0,4.55,1.0677946039879702e-10,1.3428989383092753e-13
80,20,0.0,4.6,1.0678693010723176e-10,1.6476592162443872e-13
80,20,0.0,4.65,1.0679596227957242e-10,1.9675914770804676e-13
80,20,0.0,4.7,1.0680662835174576e-10,2.300920534593675e-13
80,20,0.0,4.75,1.0681899080329786e-10,2.6458397069559967e-13
80,20,0.0,4.8,1.0683310301020488e-10,3.000514938889472e-13
80,20,0.0,4.85,1.0684900911840135e-10,3.3630889653308923e-13
80,20,0.0,4.9,1.0686674393819676e-10,3.7316855005854104e-13
80,20,0.0,4.95,1.0688633285966691e-10,4.104413437911606e-13
80,20,0.0,5.0,1.069077917890502e-10,4.4793710453832093e-13
80,20,1.0,0.0,5.756935385737011e-10,3.5650711207356633e-08
80,20,1.0,0.05,7.645109320105402e-09,3.0194668754534244e-07
80,20,1.0,0.1,3.0980690693512406e-08,5.638988869074153e-07
80,20,1.0,0.15,5.658617631020714e-08,4.187832913904107e-07
80,20,1.0,0.2,7.226645707640225e-08,2.2233879406684192e-07
80,20,1.0,0.25,8.046348445749498e-08,1.1964325742162305e-07
80,20,1.0,0.3,8.524149606426741e-08,7.810499936923678e-08
80,20,1.0,0.35,8.870235566725276e-08,6.293071007731423e-08
80,20,1.0,0.4,9.16973108395478e-08,5.783009113705785e-08
80,20,1.0,0.45,9.454485157069612e-08,5.641939167553961e-08
80,20,1.0,0.5,9.736058033677651e-08,5.633317979322585e-08
80,20,1.0,0.55,1.0018564145677924e-07,5.671151041856661e-08
80,20,1.0,0.6,1.0303419906122088e-07,5.7243758620004746e-08
80,20,1.0,0.65,1.0591067972664806e-07,5.781785918931386e-08
80,20,1.0,0.7,1.0881599398757453e-07,5.8393257780684656e-08
80,20,1.0,0.75,1.1174977519330698e-07,5.895510963044331e-08
80,20,1.0,0.8,1.1471118399028099e-07,5.9497801325598804e-08
80,20,1.0,0.85,1.1769919701426789e-07,6.001902917702143e-08
80,20,1.0,0.9,1.207127103113236e-07,6.051767366141994e-08
80,20,1.0,0.95,1.237505763041069e-07,6.09930380186628e-08
80,20,1.0,1.0,1.2681161699440426e-07,6.144457690514544e-08
80,20,1.0,1.05,1.2989462873765552e-07,6.187180110050781e-08
80,20,1.0,1.1,1.3299838410017562e-07,6.227424550873514e-08
80,20,1.0,1.15,1.361216327816863e-07,6.265145996227609e-08
80,20,1.0,1.2,1.392631023185679e-07,6.300300827667577e-08
80,20,1.0,1.25,1.4242149882734836e-07,6.332847030930198e-08
80,20,1.0,1.3,1.4559550788306818e-07,6.362744511363004e-08
80,20,1.0,1.35,1.487837955667205e-07,6.389955447785329e-08
80,20,1.0,1.4,1.51985009692927e-07,6.414444656672734e-08
80,20,1.0,1.45,1.5519778121951432e-07,6.436179954092119e-08
80,20,1.0,1.5,1.584207258359997e-07,6.455132508513746e-08
80,20,1.0,1.55,1.616524457252019e-07,6.471277179821809e-08
80,20,1.0,1.6,1.6489153149011884e-07,6.484592840789977e-08
80,20,1.0,1.65,1.6813656423647712e-07,6.495062677796169e-08
80,20,1.0,1.7,1.7138611779984876e-07,6.50267446790928e-08
80,20,1.0,1.75,1.7463876110486057e-07,6.507420829788926e-08
80,20,1.0,1.8,1.7789306064282775e-07,6.509299446140557e-08
80,20,1.0,1.85,1.811475830531018e-07,6.50831325576516e-08
80,20,1.0,1.9,1.8440089779247003e-07,6.504470613542423e-08
80,20,1.0,1.95,1.8765157987626392e-07,6.497785416996971e-08
80,20,1.0,2.0,1.9089821267414682e-07,6.488277198397106e-08
80,20,1.0,2.05,1.9413939074320595e-07,6.475971181649891e-08
80,20,1.0,2.1,1.9737372268055966e-07,6.460898303557459e-08
80,20,1.0,2.15,2.0059983397766826e-07,6.443095199307353e-08
80,20,1.0,2.2,2.0381636985848935e-07,6.422604152365926e-08
80,20,1.0,2.25,2.0702199808374004e-07,6.399473009233629e-08
80,20,1.0,2.3,2.1021541170392675e-07,6.373755059805984e-08
80,20,1.0,2.35,2.1339533174415987e-07,6.345508884351545e-08
80,20,1.0,2.4,2.1656050980434288e-07,6.314798168374759e-08
80,20,1.0,2.45,2.1970973055912364e-07,6.281691486876001e-08
80,20,1.0,2.5,2.2284181414263317e-07,6.246262059739355e-08
80,20,1.0,2.55,2.2595561840413028e-07,6.208587480188883e-08
80,20,1.0,2.6,2.2905004102156145e-07,6.168749418433627e-08
80,20,1.0,2.65,2.3212402146124074e-07,6.126833302786735e-08
80,20,1.0,2.7,2.351765427729155e-07,6.082927980679134e-08
80,20,1.0,2.75,2.382066332108842e-07,6.037125362107168e-08
80,20,1.0,2.8,2.4121336767296674e-07,5.989520048139313e-08
80,20,1.0,2.85,2.4419586895055315e-07,5.940208947174228e-08
80,20,1.0,2.9,2.4715330878430356e-07,5.8892908816821076e-08
80,20,1.0,2.95,2.5008490872139773e-07,5.836866188174738e-08
80,20,1.0,3.0,2.5298994077164504e-07,5.78303631314108e-08
80,20,1.0,3.05,2.5586772786112995e-07,5.727903407652038e-08
80,20,1.0,3.1,2.587176440833754e-07,5.671569923281409e-08
80,20,1.0,3.15,2.6153911474932543e-07,5.61413821191229e-08
80,20,1.0,3.2,2.643316162387343e-07,5.555710131902487e-08
80,20,1.0,3.25,2.6709467565670725e-07,5.496386662963974e-08
80,20,1.0,3.3,2.6982787030033605e-07,5.436267531981666e-08
80,20,1.0,3.35,2.7253082694139935e-07,5.3754508518474104e-08
80,20,1.0,3.4,2.7520322093216877e-07,5.314032775227865e-08
80,20,1.0,3.45,2.7784477514215877e-07,5.252107165011393e-08
80,20,1.0,3.5,2.8045525873462984e-07,5.189765283003932e-08
80,20,1.0,3.55,2.830344857922949e-07,5.127095498256499e-08
80,20,1.0,3.6,2.8558231380231243e-07,5.064183016217943e-08
80,20,1.0,3.65,2.8809864201133536e-07,5.001109629717749e-08
80,20,1.0,3.7,2.9058340966162276e-07,4.93795349258861e-08
80,20,1.0,3.75,2.930365941197979e-07,4.874788916552796e-08
80,20,1.0,3.8,2.954582089099444e-07,4.811686191807594e-08
80,20,1.0,3.85,2.978483016629723e-07,4.748711431565893e-08
80,20,1.0,3.9,3.002069519942774e-07,4.6859264406335205e-08
80,20,1.0,3.95,3.0253426932166e-07,4.6233886079387686e-08
80,20,1.0,4.0,3.048303906354853e-07,4.561150822773305e-08
80,20,1.0,4.05,3.0709547823278286e-07,4.499261414355839e-08
80,20,1.0,4.1,3.0932971742685983e-07,4.437764114195325e-08
80,20,1.0,4.15,3.1153331424368163e-07,4.3766980406058434e-08
80,20,1.0,4.2,3.1370649311585977e-07,4.316097704612282e-08
80,20,1.0,4.25,3.158494945847952e-07,4.2559930363878766e-08
80,20,1.0,4.3,3.1796257302094796e-07,4.196409431275093e-08
80,20,1.0,4.35,3.200459943718282e-07,4.137367814368224e-08
80,20,1.0,4.4,3.221000339466748e-07,4.078884722571451e-08
80,20,1.0,4.45,3.241249742463105e-07,4.0209724029972054e-08
80,20,1.0,4.5,3.2612110284602565e-07,3.9636389265283466e-08
80,20,1.0,4.55,3.280887103387762e-07,3.906888315341449e-08
80,20,1.0,4.6,3.300280883454133e-07,3.850720683169884e-08
80,20,1.0,4.65,3.319395275979373e-07,3.795132387077328e-08
80,20,1.0,4.7,3.338233161012683e-07,3.740116189514738e-08
80,20,1.0,4.75,3.3567973737839365e-07,3.685661429443637e-08
80,20,1.0,4.8,3.375090688030356e-07,3.6317542013248496e-08
80,20,1.0,4.85,3.393115800235854e-07,3.5783775407988383e-08
80,20,1.0,4.9,3.4108753148128866e-07,3.525511615912472e-08
80,20,1.0,4.95,3.428371730251982e-07,3.473133922784211e-08
80,20,1.0,5.0,3.445607426258543e-07,3.4212194846405896e-08
80,20,2.0,0.0,3.674120599906956e-09,2.3785799919101e-07
80,20,2.0,0.05,6.556442033402681e-08,3.076037982071208e-06
80,20,2.0,0.1,3.6784007953434016e-07,8.566189429949858e-06
80,20,2.0,0.15,8.061788706090218e-07,7.92576694027343e-06
80,20,2.0,0.2,1.1199847300585348e-06,4.704673718921718e-06
80,20,2.0,0.25,1.2995467851977608e-06,2.724027822351174e-06
80,20,2.0,0.3,1.4114566831082896e-06,1.8845911947219518e-06
80,20,2.0,0.35,1.4967836942479299e-06,1.5830900043674358e-06
80,20,2.0,0.4,1.5732304394390517e-06,1.495582480931513e-06
80,20,2.0,0.45,1.6476416490714253e-06,1.4885677734728959e-06
80,20,2.0,0.5,1.7225650763818107e-06,1.5111794568860916e-06
80,20,2.0,0.55,1.798932651560573e-06,1.5445284686076595e-06
80,20,2.0,0.6,1.8770786261539088e-06,1.5816496345641704e-06
80,20,2.0,0.65,1.9571167492210027e-06,1.6199664190432703e-06
80,20,2.0,0.7,2.0390787529469834e-06,1.658509681752391e-06
80,20,2.0,0.75,2.1229650284368492e-06,1.6968979642663737e-06
80,20,2.0,0.8,2.208763151549788e-06,1.7349647120014457e-06
80,20,2.0,0.85,2.2964546648159102e-06,1.7726222405071986e-06
80,20,2.0,0.9,2.3860175769386285e-06,1.8098121880386708e-06
80,20,2.0,0.95,2.4774273043909715e-06,1.846487529567546e-06
80,20,2.0,1.0,2.570657049029377e-06,1.882606099857311e-06
80,20,2.0,1.05,2.665677974079716e-06,1.9181283112280808e-06
80,20,2.0,1.1,2.7624593105466698e-06,1.9530163998121857e-06
80,20,2.0,1.15,2.8609684421642713e-06,1.987234228781863e-06
80,20,2.0,1.2,2.9611709864187846e-06,2.0207472943816267e-06
80,20,2.0,1.25,3.063030878015137e-06,2.0535228052995536e-06
80,20,2.0,1.3,3.1665104570666782e-06,2.0855297876239943e-06
80,20,2.0,1.35,3.2715705627653615e-06,2.1167391973173042e-06
80,20,2.0,1.4,3.3781706327008464e-06,2.147124032915873e-06
80,20,2.0,1.45,3.486268807745681e-06,2.1766594450842675e-06
80,20,2.0,1.5,3.5958220422979155e-06,2.2053228410876264e-06
80,20,2.0,1.55,3.7067862195905797e-06,2.2330939827935507e-06
80,20,2.0,1.6,3.81911627171543e-06,2.259955077050112e-06
80,20,2.0,1.65,3.932766303952851e-06,2.2858908574123e-06
80,20,2.0,1.7,4.047689722953068e-06,2.310888656290709e-06
80,20,2.0,1.75,4.163839368266928e-06,2.3349384666881802e-06
80,20,2.0,1.8,4.281167646688376e-06,2.358032992788571e-06
80,20,2.0,1.85,4.399626668833761e-06,2.3801676887673972e-06
80,20,2.0,1.9,4.519168387356692e-06,2.401340785303828e-06
80,20,2.0,1.95,4.6397447361717904e-06,2.421553303389136e-06
80,20,2.0,2.0,4.761307770045464e-06,2.440809055146096e-06
80,20,2.0,2.05,4.883809803899128e-06,2.459114631494552e-06
80,20,2.0,2.1,5.007203551165583e-06,2.47647937661986e-06
80,20,2.0,2.15,5.1314422605404275e-06,2.4929153493213863e-06
80,20,2.0,2.2,5.256479850476674e-06,2.5084372714359714e-06
80,20,2.0,2.25,5.382271040783466e-06,2.5230624636450917e-06
80,20,2.0,2.3,5.508771480708464e-06,2.536810769083533e-06
80,20,2.0,2.35,5.63593787290621e-06,2.5497044652693725e-06
80,20,2.0,2.4,5.763728092723513e-06,2.56176816497027e-06
80,20,2.0,2.45,5.892101302266247e-06,2.573028706707843e-06
80,20,2.0,2.5,6.021018058748275e-06,2.583515035679159e-06
80,20,2.0,2.55,6.1504404166645385e-06,2.593258075942381e-06
80,20,2.0,2.6,6.280332023373394e-06,2.602290594770952e-06
80,20,2.0,2.65,6.410658207721078e-06,2.610647060128084e-06
80,20,2.0,2.7,6.541386061388128e-06,2.6183634922490094e-06
80,20,2.0,2.75,6.672484512688828e-06,2.6254773103442322e-06
80,20,2.0,2.8,6.803924392604922e-06,2.6320271754514245e-06
80,20,2.0,2.85,6.935678492887897e-06,2.6380528304683868e-06
80,20,2.0,2.9,7.067721616112716e-06,2.643594938392433e-06
80,20,2.0,2.95,7.200030617620901e-06,2.6486949197776377e-06
80,20,2.0,3.0,7.332584439336693e-06,2.653394790395155e-06
80,20,2.0,3.05,7.465364135491805e-06,2.657737000050087e-06
80,20,2.0,3.1,7.598352890338699e-06,2.661764273466884e-06
80,20,2.0,3.15,7.731536027977943e-06,2.665519454108083e-06
80,20,2.0,3.2,7.86490101446721e-06,2.669045351737947e-06
80,20,2.0,3.25,7.99843745241761e-06,2.672384594483325e-06
80,20,2.0,3.3,8.13213706831982e-06,2.67557948608157e-06
80,20,2.0,3.35,8.265993692876033e-06,2.6786718689395458e-06
80,20,2.0,3.4,8.400003234641197e-06,2.681702993558235e-06
80,20,2.0,3.45,8.534163647305196e-06,2.6847133948083345e-06
80,20,2.0,3.5,8.668474890968835e-06,2.687742775470677e-06
80,20,2.0,3.55,8.80293888778579e-06,2.690829897384944e-06
80,20,2.0,3.6,8.937559472357952e-06,2.6940124804798568e-06
80,20,2.0,3.65,9.072342337283732e-06,2.697327109889934e-06
80,20,2.0,3.7,9.207294974267328e-06,2.7008091512973525e-06
80,20,2.0,3.75,9.342426611202822e-06,2.7044926745740063e-06
80,20,2.0,3.8,9.477748145647693e-06,2.7084103857380817e-06
80,20,2.0,3.85,9.613272075101414e-06,2.71259356718297e-06
80,20,2.0,3.9,9.749012424501148e-06,2.7170720260833368e-06
80,20,2.0,3.95,9.884984671338043e-06,2.7218740508337454e-06
80,20,2.0,4.0,1.0021205668793407e-05,2.7270263753318476e-06
80,20,2.0,4.05,1.0157693567279907e-05,2.7325541508773743e-06
80,20,2.0,4.1,1.0294467734763213e-05,2.7384809254233067e-06
80,20,2.0,4.15,1.043154867622345e-05,2.7448286298845404e-06
80,20,2.0,4.2,1.0568957952601971e-05,2.7516175711833678e-06
80,20,2.0,4.25,1.0706718099561743e-05,2.7588664316892204e-06
80,20,2.0,4.3,1.084485254637281e-05,2.766592274692771e-06
80,20,2.0,4.35,1.098338553521295e-05,2.7748105555404256e-06
80,20,2.0,4.4,1.1122342041160496e-05,2.7835351380472372e-06
80,20,2.0,4.45,1.1261747693130038e-05,2.792778315798724e-06
80,20,2.0,4.5,1.1401628695988683e-05,2.8025508379513738e-06
80,20,2.0,4.55,1.1542011754065424e-05,2.8128619391411363e-06
80,20,2.0,4.6,1.1682923996251605e-05,2.8237193731139603e-06
80,20,2.0,4.65,1.182439290286716e-05,2.835129449697937e-06
80,20,2.0,4.7,1.1966446234452196e-05,2.8470970747458544e-06
80,20,2.0,4.75,1.2109111962621561e-05,2.859625792687051e-06
80,20,2.0,4.8,1.2252418203105062e-05,2.8727178313402087e-06
80,20,2.0,4.85,1.2396393151078604e-05,2.886374148652727e-06
80,20,2.0,4.9,1.254106501887285e-05,2.9005944810466063e-06
80,20,2.0,4.95,1.2686461976133363e-05,2.9153773930678267e-06
80,20,2.0,5.0,1.2832612092490085e-05,2.9307203280522156e-06
80,20,3.0,0.0,4.7476949230929025e-09,3.06766857725767e-07
80,20,3.0,0.05,1.0330679694074603e-07,5.545078361538914e-06
80,20,3.0,0.1,8.0782098430877e-07,2.3340729357213903e-05
80,20,3.0,0.15,2.16874714908599e-06,2.7088538317077935e-05
80,20,3.0,0.2,3.285117250054083e-06,1.7150992523759154e-05
80,20,3.0,0.25,3.9342037526682374e-06,9.624769874701797e-06
80,20,3.0,0.3,4.317071812871866e-06,6.201700786417626e-06
80,20,3.0,0.35,4.589150194633596e-06,4.901439005491294e-06
80,20,3.0,0.4,4.821260305679978e-06,4.467570905826492e-06
80,20,3.0,0.45,5.041187462873191e-06,4.360670342135469e-06
80,20,3.0,0.5,5.259244600093853e-06,4.372714664862516e-06
80,20,3.0,0.55,5.479126221441581e-06,4.426250153175997e-06
80,20,3.0,0.6,5.70207697977353e-06,4.492761579374533e-06
80,20,3.0,0.65,5.928440654093099e-06,4.561764935426072e-06
80,20,3.0,0.7,6.158229164550875e-06,4.6293813058879035e-06
80,20,3.0,0.75,6.39133087947131e-06,4.694149693315457e-06
80,20,3.0,0.8,6.627586971473701e-06,4.755498194093148e-06
80,20,3.0,0.85,6.866819636213906e-06,4.81318679604308e-06
80,20,3.0,0.9,7.108842774504318e-06,4.867104480692514e-06
80,20,3.0,0.95,7.353466288970432e-06,4.917195325398363e-06
80,20,3.0,1.0,7.600498052935331e-06,4.963431506823142e-06
80,20,3.0,1.05,7.849745025795016e-06,5.005803326258071e-06
80,20,3.0,1.1,8.101014049355238e-06,5.044315394327511e-06
80,20,3.0,1.15,8.354112518107594e-06,5.07898503075035e-06
80,20,3.0,1.2,8.608848992495409e-06,5.1098414490214796e-06
80,20,3.0,1.25,8.865033779321966e-06,5.136925208640729e-06
80,20,3.0,1.3,9.122479487237248e-06,5.160287748554715e-06
80,20,3.0,1.35,9.381001559420852e-06,5.179990935392265e-06
80,20,3.0,1.4,9.640418783522555e-06,5.1961066034676965e-06
80,20,3.0,1.45,9.900553778228198e-06,5.208716079224431e-06
80,20,3.0,1.5,1.0161233455618955e-05,5.217909688475803e-06
80,20,3.0,1.55,1.0422289458469353e-05,5.2237862468919335e-06
80,20,3.0,1.6,1.06835585716764e-05,5.226452534984293e-06
80,20,3.0,1.65,1.0944883107082723e-05,5.226022759179229e-06
80,20,3.0,1.7,1.1206111261042726e-05,5.222618000764209e-06
80,20,3.0,1.75,1.1467097444172106e-05,5.216365654619829e-06
80,20,3.0,1.8,1.1727702582821077e-05,5.20739885975732e-06
80,20,3.0,1.85,1.1987794391912984e-05,5.195855923779429e-06
80,20,3.0,1.9,1.2247247618900087e-05,5.181879743467349e-06
80,20,3.0,1.95,1.2505944258698963e-05,5.165617223761146e-06
80,20,3.0,2.0,1.2763773739582905e-05,5.1472186974591655e-06
80,20,3.0,2.05,1.3020633080126642e-05,5.1268373479901365e-06
80,20,3.0,2.1,1.3276427017415007e-05,5.104628637625398e-06
80,20,3.0,2.15,1.3531068106848716e-05,5.080749743488581e-06
80,20,3.0,2.2,1.3784476793992863e-05,5.055359003684855e-06
80,20,3.0,2.25,1.4036581459032523e-05,5.028615375816851e-06
80,20,3.0,2.3,1.4287318434509928e-05,5.0006779100751335e-06
80,20,3.0,2.35,1.4536631997124238e-05,4.971705238990404e-06
80,20,3.0,2.4,1.4784474334475753e-05,4.941855085814547e-06
80,20,3.0,2.45,1.503080548773557e-05,4.9112837933600465e-06
80,20,3.0,2.5,1.5275593271300605e-05,4.880145874970143e-06
80,20,3.0,2.55,1.5518813170585263e-05,4.848593589126979e-06
80,20,3.0,2.6,1.5760448219160445e-05,4.816776539021556e-06
80,20,3.0,2.65,1.600048885652043e-05,4.7848412982225266e-06
80,20,3.0,2.7,1.6238932767804262e-05,4.752931063384065e-06
80,20,3.0,2.75,1.6475784706845842e-05,4.721185334735104e-06
80,20,3.0,2.8,1.671105630395428e-05,4.689739624890731e-06
80,20,3.0,2.85,1.6944765859849164e-05,4.6587251963273565e-06
80,20,3.0,2.9,1.717693812719219e-05,4.62826882766876e-06
80,20,3.0,2.95,1.7407604081149646e-05,4.5984926087372375e-06
80,20,3.0,3.0,1.7636800680425314e-05,4.569513764144501e-06
80,20,3.0,3.05,1.786457062017594e-05,4.5414445050203375e-06
80,20,3.0,3.1,1.8090962078207104e-05,4.514391908316691e-06
80,20,3.0,3.15,1.8316028455807554e-05,4.488457822971974e-06
80,20,3.0,3.2,1.853982811454612e-05,4.463738802083988e-06
80,20,3.0,3.25,1.8762424110309095e-05,4.440326060115593e-06
80,20,3.0,3.3,1.898388392579841e-05,4.418305454045868e-06
80,20,3.0,3.35,1.9204279202663537e-05,4.397757487287315e-06
80,20,3.0,3.4,1.9423685474372627e-05,4.378757335107229e-06
80,20,3.0,3.45,1.9642181900862715e-05,4.361374890226344e-06
80,20,3.0,3.5,1.9859851005947695e-05,4.345674827218054e-06
80,20,3.0,3.55,2.0076778418386043e-05,4.3317166842930644e-06
80,20,3.0,3.6,2.0293052617442576e-05,4.319554961032105e-06
80,20,3.0,3.65,2.050876468370485e-05,4.309239230618124e-06
80,20,3.0,3.7,2.0724008055844796e-05,4.3008142651218905e-06
80,20,3.0,3.75,2.0938878293940176e-05,4.294320172406334e-06
80,20,3.0,3.8,2.1153472849901384e-05,4.289792543239014e-06
80,20,3.0,3.85,2.1367890845482587e-05,4.287262607234695e-06
80,20,3.0,3.9,2.158223285828067e-05,4.286757396288954e-06
80,20,3.0,3.95,2.179660071606706e-05,4.288299914213689e-06
80,20,3.0,4.0,2.2011097299730644e-05,4.291909311337994e-06
80,20,3.0,4.05,2.2225826355049324e-05,4.29760106289776e-06
80,20,3.0,4.1,2.244089231345399e-05,4.305387150101303e-06
80,20,3.0,4.15,2.2656400121889202e-05,4.315276242824506e-06
80,20,3.0,4.2,2.2872455081829327e-05,4.327273882959094e-06
80,20,3.0,4.25,2.3089162697460148e-05,4.341382667508661e-06
80,20,3.0,4.3,2.3306628532990472e-05,4.357602430598279e-06
80,20,3.0,4.35,2.3524958079021815e-05,4.375930423636513e-06
80,20,3.0,4.4,2.3744256627864296e-05,4.396361492939277e-06
80,20,3.0,4.45,2.3964629157659052e-05,4.418888254196357e-06
80,20,3.0,4.5,2.4186180225131638e-05,4.443501263229022e-06
80,20,3.0,4.55,2.440901386678163e-05,4.470189182555119e-06
80,20,3.0,4.6,2.463323350828582e-05,4.498938943341315e-06
80,20,3.0,4.65,2.4858941881876734e-05,4.5297359023845725e-06
80,20,3.0,4.7,2.508624095143964e-05,4.56256399382282e-06
80,20,3.0,4.75,2.531523184505756e-05,4.597405875330281e-06
80,20,3.0,4.8,2.5546014794724676e-05,4.634243068605123e-06
80,20,3.0,4.85,2.5778689082937842e-05,4.673056094005062e-06
80,20,3.0,4.9,2.6013352995871916e-05,4.713824599231832e-06
80,20,3.0,4.95,2.6250103782838386e-05,4.756527482006651e-06
80,20,3.0,5.0,2.6489037621728297e-05,4.801143006716829e-06
80,20,4.0,0.0,5.8758247861485715e-09,3.628923441107514e-07
80,20,4.0,0.05,1.390681618760167e-07,8.238177258759897e-06
80,20,4.0,0.1,1.5092606219995782e-06,5.301169722241348e-05
80,20,4.0,0.15,5.130455651684425e-06,8.048533085428506e-05
80,20,4.0,0.2,8.618399307551254e-06,5.519880402059174e-05
80,20,4.0,0.25,1.0680435184610086e-05,2.953025594372962e-05
80,20,4.0,0.3,1.1795677004290325e-05,1.686801466944176e-05
80,20,4.0,0.35,1.2492230054129933e-05,1.179964683567252e-05
80,20,4.0,0.4,1.302735066440739e-05,9.917431793782997e-06
80,20,4.0,0.45,1.350343721965793e-05,9.24053437796211e-06
80,20,4.0,0.5,1.3958425679402542e-05,8.999459069050765e-06
80,20,4.0,0.55,1.4405806067095048e-05,8.909141458610847e-06
80,20,4.0,0.6,1.4850090788641587e-05,8.865844056777838e-06
80,20,4.0,0.65,1.529253947844928e-05,8.832198782196911e-06
80,20,4.0,0.7,1.5733246177780973e-05,8.794942098260134e-06
80,20,4.0,0.75,1.6171896503448987e-05,8.74954806998484e-06
80,20,4.0,0.8,1.6608042257816405e-05,8.694664823911541e-06
80,20,4.0,0.85,1.704120146265145e-05,8.63010310882314e-06
80,20,4.0,0.9,1.7470895267997584e-05,8.556108455400316e-06
80,20,4.0,0.95,1.7896661982800322e-05,8.473096486984225e-06
80,20,4.0,1.0,1.831806274330343e-05,8.381555203242521e-06
80,20,4.0,1.05,1.8734684052045277e-05,8.28200746454933e-06
80,20,4.0,1.1,1.9146139075473878e-05,8.174995234694649e-06
80,20,4.0,1.15,1.9552068384597947e-05,8.061071760238723e-06
80,20,4.0,1.2,1.9952140390642194e-05,7.940796725469963e-06
80,20,4.0,1.25,2.0346051572586406e-05,7.814732606255574e-06
80,20,4.0,1.3,2.0733526537989163e-05,7.683441588195226e-06
80,20,4.0,1.35,2.1114317938698502e-05,7.547482822750184e-06
80,20,4.0,1.4,2.1488206255979776e-05,7.407409939972636e-06
80,20,4.0,1.45,2.1854999467004206e-05,7.263768787163292e-06
80,20,4.0,1.5,2.2214532603622176e-05,7.1170953799237575e-06
80,20,4.0,1.55,2.2566667213822634e-05,6.9679140573533155e-06
80,20,4.0,1.6,2.2911290735908067e-05,6.816735834368039e-06
80,20,4.0,1.65,2.3248315795068777e-05,6.6640569440244606e-06
80,20,4.0,1.7,2.357767943166446e-05,6.510357562317312e-06
80,20,4.0,1.75,2.389934227014324e-05,6.356100707454565e-06
80,20,4.0,1.8,2.4213287637114068e-05,6.2017313052847265e-06
80,20,4.0,1.85,2.4519520636665528e-05,6.0476754122795004e-06
80,20,4.0,1.9,2.481806719058844e-05,5.8943395873416975e-06
80,20,4.0,1.95,2.5108973050730042e-05,5.742110403644982e-06
80,20,4.0,2.0,2.5392302790255102e-05,5.591354091728076e-06
80,20,4.0,2.05,2.5668138780163673e-05,5.442416305137017e-06
80,20,4.0,2.1,2.5936580156973545e-05,5.295622000033082e-06
80,20,4.0,2.15,2.619774178705756e-05,5.151275420342906e-06
80,20,4.0,2.2,2.6451753232704712e-05,5.009660180216695e-06
80,20,4.0,2.25,2.6698757724570382e-05,4.8710394357731865e-06
80,20,4.0,2.3,2.6938911144779947e-05,4.73565613834032e-06
80,20,4.0,2.35,2.717238102457826e-05,4.603733361647954e-06
80,20,4.0,2.4,2.7399345560032584e-05,4.475474695682581e-06
80,20,4.0,2.45,2.7619992648948327e-05,4.351064700181361e-06
80,20,4.0,2.5,2.7834518951809434e-05,4.230669411014346e-06
80,20,4.0,2.55,2.804312897922538e-05,4.114436892981668e-06
80,20,4.0,2.6,2.8246034208046867e-05,4.002497832835311e-06
80,20,4.0,2.65,2.8443452228017426e-05,3.894966166621944e-06
80,20,4.0,2.7,2.8635605920529943e-05,3.7919397357320905e-06
80,20,4.0,2.75,2.882272267079275e-05,3.6935009663337333e-06
80,20,4.0,2.8,2.9005033614448665e-05,3.599717567161937e-06
80,20,4.0,2.85,2.9182772919439073e-05,3.510643240930108e-06
80,20,4.0,2.9,2.9356177103690015e-05,3.4263184049249447e-06
80,20,4.0,2.95,2.9525484388967277e-05,3.346770916639997e-06
80,20,4.0,3.0,2.9690934091062358e-05,3.2720168005974353e-06
80,20,4.0,3.05,2.985276604626928e-05,3.2020609727964732e-06
80,20,4.0,3.1,3.0011220073960677e-05,3.136897959516787e-06
80,20,4.0,3.15,3.0166535474896895e-05,3.0765126074860586e-06
80,20,4.0,3.2,3.031895056477122e-05,3.0208807827006404e-06
80,20,4.0,3.25,3.04687022423618e-05,2.9699700554594487e-06
80,20,4.0,3.3,3.0616025591544535e-05,2.9237403694357136e-06
80,20,4.0,3.35,3.0761153516319197e-05,2.8821446928680968e-06
80,20,4.0,3.4,3.0904316407913414e-05,2.8451296502004722e-06
80,20,4.0,3.45,3.104574184294925e-05,2.812636132737192e-06
80,20,4.0,3.5,3.118565431159353e-05,2.7845998871088036e-06
80,20,4.0,3.55,3.132427497455313e-05,2.760952080558685e-06
80,20,4.0,3.6,3.1461821447741563e-05,2.7416198422675556e-06
80,20,4.0,3.65,3.159850761339721e-05,2.7265267801237556e-06
80,20,4.0,3.7,3.1734543456418706e-05,2.7155934725298453e-06
80,20,4.0,3.75,3.187013492466158e-05,2.708737935002416e-06
80,20,4.0,3.8,3.200548381193155e-05,2.7058760614789714e-06
80,20,4.0,3.85,3.2140787662411966e-05,2.706922040387286e-06
80,20,4.0,3.9,3.2276239695268266e-05,2.71178874566394e-06
80,20,4.0,3.95,3.241202874818179e-05,2.72038810302592e-06
80,20,4.0,4.0,3.2548339238588054e-05,2.7326314319052653e-06
80,20,4.0,4.05,3.268535114141313e-05,2.748429763550564e-06
80,20,4.0,4.1,3.282323998213136e-05,2.767694135881191e-06
80,20,4.0,4.15,3.296217684399798e-05,2.7903358657523615e-06
80,20,4.0,4.2,3.310232838834591e-05,2.8162667993495264e-06
80,20,4.0,4.25,3.324385688686989e-05,2.8453995414814076e-06
80,20,4.0,4.3,3.3386920264866164e-05,2.87764766458354e-06
80,20,4.0,4.35,3.3531672154432287e-05,2.9129258982758285e-06
80,20,4.0,4.4,3.3678261956675744e-05,2.951150300342921e-06
80,20,4.0,4.45,3.3826834912026875e-05,2.992238410023113e-06
80,20,4.0,4.5,3.397753217779121e-05,3.0361093845011976e-06
80,20,4.0,4.55,3.413049091212693e-05,3.082684119504728e-06
80,20,4.0,4.6,3.4285844363672e-05,3.1318853549005977e-06
80,20,4.0,4.65,3.4443721966095294e-05,3.183637766182049e-06
80,20,4.0,4.7,3.460424943688826e-05,3.2378680427237035e-06
80,20,4.0,4.75,3.47675488797548e-05,3.2945049536667725e-06
80,20,4.0,4.8,3.493373889000578e-05,3.35347940227684e-06
80,20,4.0,4.85,3.510293466239846e-05,3.4147244695940833e-06
80,20,4.0,4.9,3.52752481009099e-05,3.4781754481705843e-06
80,20,4.0,4.95,3.545078792996229e-05,3.5437698666622515e-06
80,20,4.0,5.0,3.562965980666732e-05,3.611447506014103e-06
80,20,5.0,0.0,7.31579518431674e-09,4.1507378121126386e-07
80,20,5.0,0.05,1.6697735306747172e-07,1.0519172733190761e-05
80,20,5.0,0.1,2.4511676288948554e-06,0.00010264231849586421
80,20,5.0,0.15,1.0972263352968086e-05,0.00021582389495226656
80,20,5.0,0.2,2.1050134670474174e-05,0.00016800460358808403
80,20,5.0,0.25,2.7339605575525208e-05,8.833223323085338e-05
80,20,5.0,0.3,3.052556236217422e-05,4.488640361468848e-05
80,20,5.0,0.35,3.2248953334351945e-05,2.6834338160944075e-05
80,20,5.0,0.4,3.338943340643009e-05,1.9880915586083925e-05
80,20,5.0,0.45,3.430547285716654e-05,1.716370492300863e-05
80,20,5.0,0.5,3.513056916701065e-05,1.5983591295276586e-05
80,20,5.0,0.55,3.591252097432708e-05,1.5343717212598975e-05
80,20,5.0,0.6,3.6667838526860516e-05,1.4884539715344904e-05
80,20,5.0,0.65,3.7401814921883605e-05,1.4478216203511667e-05
80,20,5.0,0.7,3.811578480984904e-05,1.4080251207571708e-05
80,20,5.0,0.75,3.8809730057164645e-05,1.367600080905036e-05
80,20,5.0,0.8,3.9483211919878965e-05,1.3261483631702415e-05
80,20,5.0,0.85,4.0135703494735726e-05,1.2836509930001186e-05
80,20,5.0,0.9,4.0766707430047975e-05,1.2402220191561037e-05
80,20,5.0,0.95,4.137579661639812e-05,1.19602000339246e-05
80,20,5.0,1.0,4.1962627078603584e-05,1.1512158449530299e-05
80,20,5.0,1.05,4.252694066827983e-05,1.1059807718488731e-05
80,20,5.0,1.1,4.3068563870191975e-05,1.0604815972056221e-05
80,20,5.0,1.15,4.3587405010708545e-05,1.0148786407646732e-05
80,20,5.0,1.2,4.408345072147069e-05,9.693246743795052e-06
80,20,5.0,1.25,4.455676199866271e-05,9.239643034791051e-06
80,20,5.0,1.3,4.500747001369811e-05,8.789335707190083e-06
80,20,5.0,1.35,4.543577176305177e-05,8.343597007531112e-06
80,20,5.0,1.4,4.5841925618176436e-05,7.903609519948533e-06
80,20,5.0,1.45,4.6226246824221016e-05,7.470465578110464e-06
80,20,5.0,1.5,4.658910298921908e-05,7.0451674548642444e-06
80,20,5.0,1.55,4.693090960019423e-05,6.628628234847567e-06
80,20,5.0,1.6,4.7252125598193454e-05,6.2216732848166915e-06
80,20,5.0,1.65,4.755324904009786e-05,5.825042242005589e-06
80,20,5.0,1.7,4.783481287123834e-05,5.439391445490842e-06
80,20,5.0,1.75,4.8097380829173186e-05,5.065296740122137e-06
80,20,5.0,1.8,4.834154349559862e-05,4.703256587340754e-06
80,20,5.0,1.85,4.85679145101983e-05,4.353695422174191e-06
80,20,5.0,1.9,4.877712695732362e-05,4.016967200684208e-06
80,20,5.0,1.95,4.8969829933742984e-05,3.6933590872175727e-06
80,20,5.0,2.0,4.914668530328839e-05,3.383095235747459e-06
80,20,5.0,2.05,4.9308364642054605e-05,3.086340624413122e-06
80,20,5.0,2.1,4.9455546375896424e-05,2.8032049069973715e-06
80,20,5.0,2.15,4.9588913110244934e-05,2.5337462494719154e-06
80,20,5.0,2.2,4.9709149150795794e-05,2.277975123878239e-06
80,20,5.0,2.25,4.981693821231903e-05,2.0358580356730462e-06
80,20,5.0,2.3,4.991296131174025e-05,1.8073211642426522e-06
80,20,5.0,2.35,4.999789484072006e-05,1.5922538995800017e-06
80,20,5.0,2.4,5.0072408812170535e-05,1.3905122611220341e-06
80,20,5.0,2.45,5.013716527453007e-05,1.2019221874714998e-06
80,20,5.0,2.5,5.019281688710379e-05,1.0262826881868488e-06
80,20,5.0,2.55,5.024000564940942e-05,8.633688510280979e-07
80,20,5.0,2.6,5.027936177716428e-05,7.129347000104436e-07
80,20,5.0,2.65,5.031150271738747e-05,5.747159013552629e-07
80,20,5.0,2.7,5.033703229495852e-05,4.484323159567292e-07
80,20,5.0,2.75,5.035653998296881e-05,3.337903983153521e-07
80,20,5.0,2.8,5.0370600289188854e-05,2.3048544304571435e-07
80,20,5.0,2.85,5.037977225110459e-05,1.3820368105686526e-07
80,20,5.0,2.9,5.0384599032056534e-05,5.6624228346509576e-08
80,20,5.0,2.95,5.038560761121187e-05,-1.4579108942194784e-08
80,20,5.0,3.0,5.038330856028228e-05,-7.57361689667585e-08
80,20,5.0,3.05,5.037819590012891e-05,-1.2717890342383734e-07
80,20,5.0,3.1,5.0370747030641705e-05,-1.6923997649220054e-07
80,20,5.0,3.15,5.036142272753986e-05,-2.02251488101295e-07
80,20,5.0,3.2,5.035066720001682e-05,-2.2654381593451706e-07
80,20,5.0,3.25,5.033890820343687e-05,-2.4244457043218686e-07
80,20,5.0,3.3,5.032655720157658e-05,-2.502776569758967e-07
80,20,5.0,3.35,5.03140095732005e-05,-2.503624394049002e-07
80,20,5.0,3.4,5.0301644858047506e-05,-2.4301299903086803e-07
80,20,5.0,3.45,5.0289827037601935e-05,-2.285374833717873e-07
80,20,5.0,3.5,5.0278904846302115e-05,-2.0723753891489636e-07
80,20,5.0,3.55,5.02692121091273e-05,-1.7940782233619953e-07
80,20,5.0,3.6,5.026106810177367e-05,-1.4533558474533131e-07
80,20,5.0,3.65,5.025477792990712e-05,-1.0530032368708073e-07
80,20,5.0,3.7,5.0250632924222664e-05,-5.957349780820897e-08
80,20,5.0,3.75,5.024891104831085e-05,-8.418299289146117e-09
80,20,5.0,3.8,5.0249877316555354e-05,4.791052065923555e-08
80,20,5.0,3.85,5.0253784219521496e-05,1.0916677772566313e-07
80,20,5.0,3.9,5.0260872154520116e-05,1.7511293613488875e-07
80,20,5.0,3.95,5.027136985922741e-05,2.4552015005468504e-07
80,20,5.0,4.0,5.028549484645254e-05,3.201682686215819e-07
80,20,5.0,4.05,5.030345383832168e-05,3.9884580821786893e-07
80,20,5.0,4.1,5.0325443198329284e-05,4.813498954196439e-07
80,20,5.0,4.15,5.0351649359870724e-05,5.674861838253549e-07
80,20,5.0,4.2,5.038224925002835e-05,6.570687477690913e-07
80,20,5.0,4.25,5.041741070751935e-05,7.499199557223725e-07
80,20,5.0,4.3,5.045729289386593e-05,8.458703259938604e-07
80,20,5.0,4.35,5.050204669695599e-05,9.447583671489905e-07
80,20,5.0,4.4,5.0551815126290295e-05,1.0464304053897795e-06
80,20,5.0,4.45,5.0606733699316176e-05,1.1507404009627837e-06
80,20,5.0,4.5,5.066693081834607e-05,1.2575497554959626e-06
80,20,5.0,4.55,5.0732528137656216e-05,1.3667271120083884e-06
80,20,5.0,4.6,5.080364092043255e-05,1.4781481491853782e-06
80,20,5.0,4.65,5.088037838531774e-05,1.59169537137008e-06
80,20,5.0,4.7,5.096284404238212e-05,1.7072578955874813e-06
80,20,5.0,4.75,5.105113601839184e-05,1.8247312367909184e-06
80,20,5.0,4.8,5.114534737131953e-05,1.9440170924010795e-06
80,20,5.0,4.85,5.124556639408723e-05,2.0650231270973443e-06
80,20,5.0,4.9,5.135187690756666e-05,2.1876627587156285e-06
80,20,5.0,4.95,5.146435854292514e-05,2.3118549460115972e-06
80,20,5.0,5.0,5.158308701341525e-05,2.437523978956053e-06
160,5,0.0,0.0,1.9717017912978193e-10,1.2190577223874061e-08
160,5,0.0,0.05,2.6140111732952913e-09,1.0321565556744448e-07
160,5,0.0,0.1,1.0571350000147673e-08,1.9156876788678358e-07
160,5,0.0,0.15,1.9197422499097318e-08,1.3930442982136516e-07
160,5,0.0,0.2,2.4319841325841767e-08,7.058496031652919e-08
160,5,0.0,0.25,2.6834531165423167e-08,3.491894215887303e-08
160,5,0.0,0.3,2.816204917216468e-08,2.046489831656741e-08
160,5,0.0,0.35,2.9027883108215443e-08,1.505529723417573e-08
160,5,0.0,0.4,2.9722809634460016e-08,1.306663845362654e-08
160,5,0.0,0.45,3.0354533275831934e-08,1.2318533800752873e-08
160,5,0.0,0.5,3.09617586107352e-08,1.2011321507069543e-08
160,5,0.0,0.55,3.155812919449907e-08,1.1857388032001652e-08
160,5,0.0,0.6,3.214830944591066e-08,1.1754125212884065e-08
160,5,0.0,0.65,3.273376822990618e-08,1.1665147707362752e-08
160,5,0.0,0.7,3.331484535731759e-08,1.1577685637089771e-08
160,5,0.0,0.75,3.389148780557112e-08,1.1487371878045598e-08
160,5,0.0,0.8,3.4463511411455747e-08,1.1392820960865699e-08
160,5,0.0,0.85,3.5030693543788464e-08,1.1293699259982789e-08
160,5,0.0,0.9,3.5592805630052687e-08,1.1190038641470412e-08
160,5,0.0,0.95,3.6149624302987817e-08,1.1081992720606339e-08
160,5,0.0,1.0,3.670093496406632e-08,1.0969750627545146e-08
160,5,0.0,1.05,3.72465326738593e-08,1.0853506835584758e-08
160,5,0.0,1.1,3.778622211751286e-08,1.0733450964396862e-08
160,5,0.0,1.15,3.8319817268772415e-08,1.0609764717888998e-08
160,5,0.0,1.2,3.884714097560511e-08,1.048262138187255e-08
160,5,0.0,1.25,3.9368024547642005e-08,1.0352186244926625e-08
160,5,0.0,1.3,3.9882307374354484e-08,1.021861735059586e-08
160,5,0.0,1.35,4.0389836584166754e-08,1.0082066361134643e-08
160,5,0.0,1.4,4.089046674760639e-08,9.94267944623195e-09
160,5,0.0,1.45,4.1384059624670074e-08,9.800598158523475e-09
160,5,0.0,1.5,4.187048395519515e-08,9.65596027593397e-09
160,5,0.0,1.55,4.23496152902527e-08,9.508900598405716e-09
160,5,0.0,1.6,4.2821335862049976e-08,9.359551690176137e-09
160,5,0.0,1.65,4.3285534489438664e-08,9.208044561002267e-09
160,5,0.0,1.7,4.374210651585534e-08,9.054509281310818e-09
160,5,0.0,1.75,4.419095377628769e-08,8.899075527653192e-09
160,5,0.0,1.8,4.46319845897165e-08,8.741873056019147e-09
160,5,0.0,1.85,4.506511377339206e-08,8.583032101655228e-09
160,5,0.0,1.9,4.549026267525197e-08,8.422683705003479e-09
160,5,0.0,1.95,4.5907359220798766e-08,8.26095996426919e-09
160,5,0.0,2.0,4.631633797079763e-08,8.097994215905058e-09
160,5,0.0,2.05,4.67171401862358e-08,7.933921145012052e-09
160,5,0.0,2.1,4.710971389710294e-08,7.76887682827675e-09
160,5,0.0,2.15,4.7494013971695646e-08,7.602998712610368e-09
160,5,0.0,2.2,4.7870002183325126e-08,7.436425533124411e-09
160,5,0.0,2.25,4.823764727148632e-08,7.269297174475914e-09
160,5,0.0,2.3,4.859692499477142e-08,7.101754479949089e-09
160,5,0.0,2.35,4.894781817302609e-08,6.933939012907007e-09
160,5,0.0,2.4,4.9290316716486835e-08,6.765992775455379e-09
160,5,0.0,2.45,4.962441763988756e-08,6.59805788931185e-09
160,5,0.0,2.5,4.9950125059770096e-08,6.430276243970007e-09
160,5,0.0,2.55,5.026745017349111e-08,6.262789117294066e-09
160,5,0.0,2.6,5.057641121867842e-08,6.0957367736780865e-09
160,5,0.0,2.65,5.087703341214019e-08,5.929258044857115e-09
160,5,0.0,2.7,5.116934886748266e-08,5.76348989836896e-09
160,5,0.0,2.75,5.145339649094667e-08,5.598566998539857e-09
160,5,0.0,2.8,5.172922185520629e-08,5.434621264704457e-09
160,5,0.0,2.85,5.1996877051100395e-08,5.271781431176279e-09
160,5,0.0,2.9,5.225642051749761e-08,5.11017261326294e-09
160,5,0.0,2.95,5.250791684970172e-08,4.949915883372185e-09
160,5,0.0,3.0,5.275143658698676e-08,4.791127860982898e-09
160,5,0.0,3.05,5.298705598005652e-08,4.633920319969071e-09
160,5,0.0,3.1,5.321485673936982e-08,4.478399816458516e-09
160,5,0.0,3.15,5.343492576542893e-08,4.324667340092108e-09
160,5,0.0,3.2,5.3647354862274436e-08,4.1728179912267415e-09
160,5,0.0,3.25,5.3852240435534616e-08,4.022940686293269e-09
160,5,0.0,3.3,5.4049683176482206e-08,3.875117893189734e-09
160,5,0.0,3.35,5.423978773364873e-08,3.729425398260189e-09
160,5,0.0,3.4,5.442266237360545e-08,3.585932106081744e-09
160,5,0.0,3.45,5.459841863256635e-08,3.4446998729616477e-09
160,5,0.0,3.5,5.4767170960528425e-08,3.3057833747372858e-09
160,5,0.0,3.55,5.4929036359664384e-08,3.1692300091703652e-09
160,5,0.0,3.6,5.508413401869784e-08,3.035079832941638e-09
160,5,0.0,3.65,5.52325849449904e-08,2.9033655329824545e-09
160,5,0.0,3.7,5.5374511596045244e-08,2.7741124316254003e-09
160,5,0.0,3.75,5.551003751209541e-08,2.647338524821389e-09
160,5,0.0,3.8,5.563928695141099e-08,2.523054552455014e-09
160,5,0.0,3.85,5.576238452990308e-08,2.401264099595191e-09
160,5,0.0,3.9,5.587945486652989e-08,2.2819637273417874e-09
160,5,0.0,3.95,5.5990622235961634e-08,2.1651431317775585e-09
160,5,0.0,4.0,5.6096010229856556e-08,2.050785329400161e-09
160,5,0.0,4.05,5.619574142803902e-08,1.9388668672987667e-09
160,5,0.0,4.1,5.628993708076155e-08,1.8293580562474493e-09
160,5,0.0,4.15,5.637871680316308e-08,1.7222232248179893e-09
160,5,0.0,4.2,5.646219828290773e-08,1.61742099256055e-09
160,5,0.0,4.25,5.6540497001927276e-08,1.514904560269242e-09
160,5,0.0,4.3,5.66137259730556e-08,1.4146220153318068e-09
160,5,0.0,4.35,5.668199549227175e-08,1.3165166501630517e-09
160,5,0.0,4.4,5.674541290714355e-08,1.2205272917357858e-09
160,5,0.0,4.45,5.6804082401994316e-08,1.1265886402530975e-09
160,5,0.0,4.5,5.6858104800179345e-08,1.0346316150444188e-09
160,5,0.0,4.55,5.690757738380749e-08,9.44583705822026e-10
160,5,0.0,4.6,5.695259373111997e-08,8.563693274948889e-10
160,5,0.0,4.65,5.699324357166227e-08,7.699101768075912e-10
160,5,0.0,4.7,5.702961265929866e-08,6.85125589149068e-10
160,5,0.0,4.75,5.70617826630369e-08,6.019328939593444e-10
160,5,0.0,4.8,5.708983107556056e-08,5.202477672503595e-10
160,5,0.0,4.85,5.7113831139284556e-08,4.399845798478397e-10
160,5,0.0,4.9,5.7133851789686933e-08,3.610567400561735e-10
160,5,0.0,4.95,5.714995761560966e-08,2.833770295426856e-10
160,5,0.0,5.0,5.716220883616699e-08,2.068579313345833e-10
160,5,1.0,0.0,1.114809906616521e-08,7.211837384869753e-07
160,5,1.0,0.05,1.994243432403766e-07,9.377423113655678e-06
160,5,1.0,0.1,1.1239963916658868e-06,2.624189312082301e-05
160,5,1.0,0.15,2.4658880832576264e-06,2.420873523882133e-05
160,5,1.0,0.2,3.419700477055072e-06,1.4189260322596916e-05
160,5,1.0,0.25,3.956093283017775e-06,8.031318429671516e-06
160,5,1.0,0.3,4.281972900946929e-06,5.413141817577379e-06
160,5,1.0,0.35,4.524527889497838e-06,4.457358794529895e-06
160,5,1.0,0.4,4.738364610918965e-06,4.1598920321117724e-06
160,5,1.0,0.45,4.944489232821559e-06,4.1085170201964515e-06
160,5,1.0,0.5,5.1506612006757175e-06,4.146776716031104e-06
160,5,1.0,0.55,5.359678380979343e-06,4.21681126553728e-06
160,5,1.0,0.6,5.572511432995843e-06,4.297389673370371e-06
160,5,1.0,0.65,5.7894606960847515e-06,4.380713937210608e-06
160,5,1.0,0.7,6.0105794686293965e-06,4.463889564550242e-06
160,5,1.0,0.75,6.23582840742866e-06,4.545809785636877e-06
160,5,1.0,0.8,6.465131837520976e-06,4.626020527125351e-06
160,5,1.0,0.85,6.698398353602247e-06,4.704307544932069e-06
160,5,1.0,0.9,6.93552843827904e-06,4.7805463988318806e-06
160,5,1.0,0.95,7.176417364554458e-06,4.854647994389497e-06
160,5,1.0,1.0,7.420956387565953e-06,4.926538848193312e-06
160,5,1.0,1.05,7.669033317212906e-06,4.99615396491552e-06
160,5,1.0,1.1,7.920532868187792e-06,5.063434296519081e-06
160,5,1.0,1.15,8.175336931556076e-06,5.128325869201686e-06
160,5,1.0,1.2,8.433324820433675e-06,5.190779520245625e-06
160,5,1.0,1.25,8.69437350905289e-06,5.250750860176497e-06
160,5,1.0,1.3,8.958357872387e-06,5.30820031950161e-06
160,5,1.0,1.35,9.225150929042839e-06,5.363093227506641e-06
160,5,1.0,1.4,9.494624088430114e-06,5.4153999024502045e-06
160,5,1.0,1.45,9.766647402524288e-06,5.465095743975762e-06
160,5,1.0,1.5,1.0041089822194939e-05,5.512161322715077e-06
160,5,1.0,1.55,1.0317819457870451e-05,5.556582463593432e-06
160,5,1.0,1.6,1.0596703844149952e-05,5.59835031996044e-06
160,5,1.0,1.65,1.0877610207838126e-05,5.637461435988359e-06
160,5,1.0,1.7,1.116040573875777e-05,5.673917795007073e-06
160,5,1.0,1.75,1.1444957862583924e-05,5.7077268516610665e-06
160,5,1.0,1.8,1.1731134514839568e-05,5.738901546001439e-06
160,5,1.0,1.85,1.2018804415112021e-05,5.767460297878017e-06
160,5,1.0,1.9,1.2307837340465187e-05,5.793426980252507e-06
160,5,1.0,1.95,1.2598104396968365e-05,5.816830870335341e-06
160,5,1.0,2.0,1.2889478288209483e-05,5.837706577728059e-06
160,5,1.0,2.05,1.3181833579628405e-05,5.856093949042913e-06
160,5,1.0,2.1,1.3475046957488337e-05,5.872037948758416e-06
160,5,1.0,2.15,1.3768997481295954e-05,5.885588516351992e-06
160,5,1.0,2.2,1.4063566828490353e-05,5.896800400025829e-06
160,5,1.0,2.25,1.4358639530246372e-05,5.905732967607655e-06
160,5,1.0,2.3,1.4654103197267201e-05,5.9124499954550216e-06
160,5,1.0,2.35,1.4949848734495626e-05,5.917019436427977e-06
160,5,1.0,2.4,1.5245770543725245e-05,5.919513168205863e-06
160,5,1.0,2.45,1.5541766713167817e-05,5.9200067234197734e-06
160,5,1.0,2.5,1.583773919310573e-05,5.918579003240453e-06
160,5,1.0,2.55,1.61335939568472e-05,5.915311976209608e-06
160,5,1.0,2.6,1.6429241146294324e-05,5.910290364225001e-06
160,5,1.0,2.65,1.6724595201529574e-05,5.903601317686383e-06
160,5,1.0,2.7,1.7019574973933446e-05,5.895334081883642e-06
160,5,1.0,2.75,1.7314103822445802e-05,5.885579656754531e-06
160,5,1.0,2.8,1.760810969269414e-05,5.874430452164226e-06
160,5,1.0,2.85,1.7901525178819497e-05,5.861979940858968e-06
160,5,1.0,2.9,1.8194287567935663e-05,5.848322311223203e-06
160,5,1.0,2.95,1.8486338867265088e-05,5.833552121927225e-06
160,5,1.0,3.0,1.8777625814096914e-05,5.8177639604888915e-06
160,5,1.0,3.05,1.9068099868811345e-05,5.801052107692256e-06
160,5,1.0,3.1,1.9357717191310027e-05,5.783510209709308e-06
160,5,1.0,3.15,1.964643860128221e-05,5.765230959659704e-06
160,5,1.0,3.2,1.9934229522817723e-05,5.74630579021956e-06
160,5,1.0,3.25,2.022105991395825e-05,5.726824578757369e-06
160,5,1.0,3.3,2.0506904181846365e-05,5.706875366332769e-06
160,5,1.0,3.35,2.0791741084196676e-05,5.686544091746263e-06
160,5,1.0,3.4,2.1075553617866994e-05,5.665914341675133e-06
160,5,1.0,3.45,2.135832889535739e-05,5.645067117776764e-06
160,5,1.0,3.5,2.164005801010426e-05,5.624080621485322e-06
160,5,1.0,3.55,2.192073589146914e-05,5.6030300570737694e-06
160,5,1.0,3.6,2.220036115034448e-05,5.581987453401518e-06
160,5,1.0,3.65,2.2478935916322744e-05,5.561021504622776e-06
160,5,1.0,3.7,2.2756465667375025e-05,5.540197429986606e-06
160,5,1.0,3.75,2.3032959053000135e-05,5.519576852727924e-06
160,5,1.0,3.8,2.3308427711790672e-05,5.499217697918095e-06
160,5,1.0,3.85,2.3582886084361957e-05,5.479174109028056e-06
160,5,1.0,3.9,2.3856351222569745e-05,5.45949638284491e-06
160,5,1.0,3.95,2.4128842595921218e-05,5.4402309222833725e-06
160,5,1.0,4.0,2.4400381896066677e-05,5.4214202065442e-06
160,5,1.0,4.05,2.4670992840215206e-05,5.40310277798871e-06
160,5,1.0,4.1,2.4940700974301823e-05,5.385313245031918e-06
160,5,1.0,4.15,2.520953347668033e-05,5.368082300293284e-06
160,5,1.0,4.2,2.5477518963091037e-05,5.351436753196802e-06
160,5,1.0,4.25,2.5744687293600778e-05,5.335399576169797e-06
160,5,1.0,4.3,2.6011069382175327e-05,5.319989963559778e-06
160,5,1.0,4.35,2.627669700949545e-05,5.305223402365332e-06
160,5,1.0,4.4,2.6541602639587317e-05,5.291111753864402e-06
160,5,1.0,4.45,2.680581924078739e-05,5.277663345216117e-06
160,5,1.0,4.5,2.7069380111515585e-05,5.264883070113419e-06
160,5,1.0,4.55,2.7332318711291152e-05,5.252772497572735e-06
160,5,1.0,4.6,2.7594668497370043e-05,5.241329987958699e-06
160,5,1.0,4.65,2.7856462767347855e-05,5.230550815362817e-06
160,5,1.0,4.7,2.81177345080216e-05,5.2204272954774145e-06
160,5,1.0,4.75,2.8378516250765463e-05,5.210948918134836e-06
160,5,1.0,4.8,2.863883993363386e-05,5.202102483712832e-06
160,5,1.0,4.85,2.889873677036389e-05,5.193872242641058e-06
160,5,1.0,4.9,2.9158237126417976e-05,5.186240037281254e-06
160,5,1.0,4.95,2.94173704021628e-05,5.179185445490202e-06
160,5,1.0,5.0,2.967616492325614e-05,5.172685925215771e-06
160,5,2.0,0.0,1.7064185329915795e-08,1.1030152514426647e-06
160,5,2.0,0.05,3.7393725089568054e-07,2.015760226036534e-05
160,5,2.0,0.1,2.959562191138443e-06,8.617106485568053e-05
160,5,2.0,0.15,8.018233617130005e-06,0.00010130488272370231
160,5,2.0,0.2,1.2217034099251707e-05,6.496306617208048e-05
160,5,2.0,0.25,1.4693392764710939e-05,3.7076784998601856e-05
160,5,2.0,0.3,1.618202135857684e-05,2.437338667447556e-05
160,5,2.0,0.35,1.7260562567995193e-05,1.959198613234525e-05
160,5,2.0,0.4,1.8193917121728208e-05,1.806046294498796e-05
160,5,2.0,0.45,1.9086516975775363e-05,1.776136094012808e-05
160,5,2.0,0.5,1.997732786124368e-05,1.791339853836867e-05
160,5,2.0,0.55,2.0880416846931193e-05,1.822450829454265e-05
160,5,2.0,0.6,2.180059580180188e-05,1.8586661732398716e-05
160,5,2.0,0.65,2.273925498267697e-05,1.8959873586482815e-05
160,5,2.0,0.7,2.36965133575159e-05,1.9329169348685764e-05
160,5,2.0,0.75,2.4672008537592383e-05,1.96887628656738e-05
160,5,2.0,0.8,2.566518741233944e-05,2.0036260338256784e-05
160,5,2.0,0.85,2.6675414044750055e-05,2.0370541180494965e-05
160,5,2.0,0.9,2.7702010787585733e-05,2.0690984066933704e-05
160,5,2.0,0.95,2.8744275015208423e-05,2.0997184332828372e-05
160,5,2.0,1.0,2.9801486946724833e-05,2.1288850572349414e-05
160,5,2.0,1.05,3.087291420004184e-05,2.156576645725482e-05
160,5,2.0,1.1,3.195781512677935e-05,2.18277762097289e-05
160,5,2.0,1.15,3.305544166959711e-05,2.20747785918858e-05
160,5,2.0,1.2,3.416504200737927e-05,2.2306723910112864e-05
160,5,2.0,1.25,3.5285863080881786e-05,2.2523612041353048e-05
160,5,2.0,1.3,3.641715302899489e-05,2.2725490764387005e-05
160,5,2.0,1.35,3.755816354343365e-05,2.2912454142164396e-05
160,5,2.0,1.4,3.870815214184191e-05,2.3084640868573478e-05
160,5,2.0,1.45,3.986638435673758e-05,2.32422325531277e-05
160,5,2.0,1.5,4.103213583700263e-05,2.338545193828301e-05
160,5,2.0,1.55,4.220469435859744e-05,2.3514561051426572e-05
160,5,2.0,1.6,4.338336174132516e-05,2.3629859295959936e-05
160,5,2.0,1.65,4.456745566873883e-05,2.3731681486616017e-05
160,5,2.0,1.7,4.5756311408527044e-05,2.3820395834380158e-05
160,5,2.0,1.75,4.6949283431004355e-05,2.3896401886487745e-05
160,5,2.0,1.8,4.814574692359174e-05,2.396012842712502e-05
160,5,2.0,1.85,4.934509919947275e-05,2.401203134465397e-05
160,5,2.0,1.9,5.054676099889798e-05,2.4052591471446236e-05
160,5,2.0,1.95,5.175017768193111e-05,2.4082312402679888e-05
160,5,2.0,2.0,5.295482031174451e-05,2.4101718300772146e-05
160,5,2.0,2.05,5.416018662792259e-05,2.4111351692395712e-05
160,5,2.0,2.1,5.536580190958137e-05,2.411177126530239e-05
160,5,2.0,2.15,5.657121972847736e-05,2.4103549672397388e-05
160,5,2.0,2.2,5.777602259266201e-05,2.4087271350682197e-05
160,5,2.0,2.25,5.89798224816136e-05,2.4063530362786525e-05
160,5,2.0,2.3,6.018226127417242e-05,2.403292826884792e-05
160,5,2.0,2.35,6.138301107099227e-05,2.3996072036455077e-05
160,5,2.0,2.4,6.258177441359606e-05,2.395357199624764e-05
160,5,2.0,2.45,6.377828440250793e-05,2.3906039850568596e-05
160,5,2.0,2.5,6.497230471729423e-05,2.385408674228751e-05
160,5,2.0,2.55,6.616362954169245e-05,2.37983213905606e-05
160,5,2.0,2.6,6.735208339733239e-05,2.3739348299875108e-05
160,5,2.0,2.65,6.85375208898668e-05,2.3677766048244892e-05
160,5,2.0,2.7,6.971982637160191e-05,2.361416565988691e-05
160,5,2.0,2.75,7.089891352497551e-05,2.3549129067126948e-05
160,5,2.0,2.8,7.207472487144506e-05,2.3483227665660818e-05
160,5,2.0,2.85,7.32472312105519e-05,2.3417020966652042e-05
160,5,2.0,2.9,7.441643099406403e-05,2.3351055348472954e-05
160,5,2.0,2.95,7.558234964025078e-05,2.328586291022411e-05
160,5,2.0,3.0,7.67450387934024e-05,2.322196042847818e-05
160,5,2.0,3.05,7.790457553379204e-05,2.315984841802799e-05
160,5,2.0,3.1,7.906106154327008e-05,2.310001029674927e-05
160,5,2.0,3.15,8.021462223170411e-05,2.30429116540598e-05
160,5,2.0,3.2,8.136540582940447e-05,2.2988999621836597e-05
160,5,2.0,3.25,8.251358245062187e-05,2.293870234608047e-05
160,5,2.0,3.3,8.36593431331037e-05,2.289242855707708e-05
160,5,2.0,3.35,8.480289885856266e-05,2.285056723530671e-05
160,5,2.0,3.4,8.594447955877e-05,2.2813487369903132e-05
160,5,2.0,3.45,8.708433311181285e-05,2.2781537806061045e-05
160,5,2.0,3.5,8.822272433285621e-05,2.2755047177432386e-05
160,5,2.0,3.55,8.9359933963573e-05,2.2734323919258393e-05
160,5,2.0,3.6,9.049625766414577e-05,2.2719656357719288e-05
160,5,2.0,3.65,9.163200501154862e-05,2.271131287079008e-05
160,5,2.0,3.7,9.276749850755497e-05,2.2709542115731492e-05
160,5,2.0,3.75,9.390307259968798e-05,2.271457331824098e-05
160,5,2.0,3.8,9.503907271805625e-05,2.272661661822185e-05
160,5,2.0,3.85,9.617585433079753e-05,2.274586346711716e-05
160,5,2.0,3.9,9.731378202056616e-05,2.277248707176489e-05
160,5,2.0,3.95,9.845322858427515e-05,2.280664287979626e-05
160,5,2.0,4.0,9.959457415804662e-05,2.284846910168497e-05
160,5,2.0,4.05,0.00010073820536907594,2.2898087264674728e-05
160,5,2.0,4.1,0.00010188451451589646,2.2955602793962098e-05
160,5,2.0,4.15,0.00010303389877829415,2.302110561668019e-05
160,5,2.0,4.2,0.0001041867594578934,2.3094670784415697e-05
160,5,2.0,4.25,0.00010534350125025419,2.3176359110204182e-05
160,5,2.0,4.3,0.00010650453154910269,2.3266217816162544e-05
160,5,2.0,4.35,0.0001076702597831251,2.336428118814754e-05
160,5,2.0,4.4,0.00010884109678560515,2.3470571234069518e-05
160,5,2.0,4.45,0.0001100174541970015,2.3585098342729094e-05
160,5,2.0,4.5,0.00011119974390042092,2.3707861940288195e-05
160,5,2.0,4.55,0.00011238837748979811,2.383885114173034e-05
160,5,2.0,4.6,0.00011358376577047383,2.3978045394906163e-05
160,5,2.0,4.65,0.00011478631829174205,2.4125415114996305e-05
160,5,2.0,4.7,0.0001159964429108454,2.4280922307455325e-05
160,5,2.0,4.75,0.0001172145453877854,2.444452117772241e-05
160,5,2.0,4.8,0.00011844102901026766,2.461615872620354e-05
160,5,2.0,4.85,0.00011967629424798334,2.4795775327227864e-05
160,5,2.0,4.9,0.00012092073843543268,2.4983305290889202e-05
160,5,2.0,4.95,0.00012217475548238437,2.517867740685554e-05
160,5,2.0,5.0,0.00012343873561105505,2.5381815469409955e-05
160,5,3.0,0.0,1.4402903768148123e-08,8.900471284219228e-07
160,5,3.0,0.05,3.4352580355773e-07,2.0441405110634698e-05
160,5,3.0,0.1,3.786243053998917e-06,0.00013417472395881323
160,5,3.0,0.15,1.3049467604702399e-05,0.00020778853615845182
160,5,3.0,0.2,2.2144847214894207e-05,0.00014575654469809585
160,5,3.0,0.25,2.7666661866565365e-05,8.067455335161322e-05
160,5,3.0,0.3,3.077807489699147e-05,4.834456409871798e-05
160,5,3.0,0.35,3.282181419031415e-05,3.5483212040846665e-05
160,5,3.0,0.4,3.44603047913214e-05,3.086842011805222e-05
160,5,3.0,0.45,3.595942451984173e-05,2.939602233679248e-05
160,5,3.0,0.5,3.741831900334885e-05,2.906599354009011e-05
160,5,3.0,0.55,3.8872379487836605e-05,2.9131353155675316e-05
160,5,3.0,0.6,4.033338605717203e-05,2.9317778748699228e-05
160,5,3.0,0.65,4.180447622523562e-05,2.9525222584388074e-05
160,5,3.0,0.7,4.3285642564434356e-05,2.9717411063591047e-05
160,5,3.0,0.75,4.477574292266079e-05,2.9881388834356247e-05
160,5,3.0,0.8,4.627323662441028e-05,3.00127724294704e-05
160,5,3.0,0.85,4.777645666196662e-05,3.0110383260107707e-05
160,5,3.0,0.9,4.928371298836444e-05,3.01742926404581e-05
160,5,3.0,0.95,5.0793334183895285e-05,3.0205105852757555e-05
160,5,3.0,1.0,5.230368642710066e-05,3.020369552119898e-05
160,5,3.0,1.05,5.3813183880302885e-05,3.0171097723721337e-05
160,5,3.0,1.1,5.532029559878418e-05,3.0108467021431344e-05
160,5,3.0,1.15,5.682355081457289e-05,3.0017052875951577e-05
160,5,3.0,1.2,5.8321543269640645e-05,2.9898183938759715e-05
160,5,3.0,1.25,5.98129348508204e-05,2.9753255380652055e-05
160,5,3.0,1.3,6.129645862859912e-05,2.9583717561257403e-05
160,5,3.0,1.35,6.277092134973607e-05,2.9391065461761737e-05
160,5,3.0,1.4,6.423520541647273e-05,2.9176828701877607e-05
160,5,3.0,1.45,6.568827038018345e-05,2.89425620986437e-05
160,5,3.0,1.5,6.712915397649409e-05,2.8689836767691452e-05
160,5,3.0,1.55,6.855697272924393e-05,2.8420231777642346e-05
160,5,3.0,1.6,6.997092215120136e-05,2.8135326367087866e-05
160,5,3.0,1.65,7.137027656980638e-05,2.7836692729074477e-05
160,5,3.0,1.7,7.275438860633072e-05,2.752588936282357e-05
160,5,3.0,1.75,7.412268833670497e-05,2.7204454987607732e-05
160,5,3.0,1.8,7.547468216191431e-05,2.6873903009479344e-05
160,5,3.0,1.85,7.680995141528454e-05,2.6535716528048113e-05
160,5,3.0,1.9,7.81281507332891e-05,2.6191343867606533e-05
160,5,3.0,1.95,7.942900621565222e-05,2.584219461460809e-05
160,5,3.0,2.0,8.071231339957189e-05,2.5489636141716312e-05
160,5,3.0,2.05,8.197793507187634e-05,2.5134990597282344e-05
160,5,3.0,2.1,8.322579894182492e-05,2.477953233814182e-05
160,5,3.0,2.15,8.445589519616316e-05,2.442448578297015e-05
160,5,3.0,2.2,8.566827395687827e-05,2.40710236630456e-05
160,5,3.0,2.25,8.686304266093769e-05,2.3720265647107518e-05
160,5,3.0,2.3,8.804036338014266e-05,2.3373277317022324e-05
160,5,3.0,2.35,8.920045009804784e-05,2.3031069471138877e-05
160,5,3.0,2.4,9.034356595977465e-05,2.269459773251777e-05
160,5,3.0,2.45,9.147002050937469e-05,2.2364762439608232e-05
160,5,3.0,2.5,9.258016692834166e-05,2.20424087974392e-05
160,5,3.0,2.55,9.367439928775027e-05,2.172832726792965e-05
160,5,3.0,2.6,9.475314982544122e-05,2.1423254178523106e-05
160,5,3.0,2.65,9.581688625868999e-05,2.1127872529008666e-05
160,5,3.0,2.7,9.686610914175389e-05,2.0842812977060242e-05
160,5,3.0,2.75,9.79013492767756e-05,2.0568654983745735e-05
160,5,3.0,2.8,9.892316518558745e-05,2.0305928100995548e-05
160,5,3.0,2.85,9.99321406490713e-05,2.005511338377054e-05
160,5,3.0,2.9,0.00010092888231990355,1.981664491045164e-05
160,5,3.0,2.95,0.0001019140174136945,1.9590911395754104e-05
160,5,3.0,3.0,0.00010288819148277435,1.9378257881270266e-05
160,5,3.0,3.05,0.00010385206627615532,1.9178987489547508e-05
160,5,3.0,3.1,0.0001048063176885023,1.899336322841611e-05
160,5,3.0,3.15,0.00010575163380031967,1.882160983309305e-05
160,5,3.0,3.2,0.00010668871301093501,1.8663915634395182e-05
160,5,3.0,3.25,0.00010761826226532975,1.8520434442202416e-05
160,5,3.0,3.3,0.00010854099537530421,1.839128743410376e-05
160,5,3.0,3.35,0.00010945763143501302,1.8276565039951107e-05
160,5,3.0,3.4,0.0001103688933304449,1.8176328813817293e-05
160,5,3.0,3.45,0.00011127550634202492,1.809061328561586e-05
160,5,3.0,3.5,0.00011217819683914146,1.8019427785377964e-05
160,5,3.0,3.55,0.00011307769106507063,1.7962758233904257e-05
160,5,3.0,3.6,0.00011397471401047499,1.792056889420439e-05
160,5,3.0,3.65,0.00011486998837338848,1.789280407880917e-05
160,5,3.0,3.7,0.00011576423360337682,1.7879389808685225e-05
160,5,3.0,3.75,0.00011665816502735267,1.7880235420094712e-05
160,5,3.0,3.8,0.00011755249305437249,1.7895235116332162e-05
160,5,3.0,3.85,0.00011844792245658293,1.792426946181806e-05
160,5,3.0,3.9,0.00011934515172338814,1.7967206816554685e-05
160,5,3.0,3.95,0.00012024487248582565,1.8023904709436866e-05
160,5,3.0,4.0,0.00012114776900804067,1.8094211149360125e-05
160,5,3.0,4.05,0.00012205451774276445,1.817796587349774e-05
160,5,3.0,4.1,0.00012296578694761447,1.8275001532496674e-05
160,5,3.0,4.15,0.00012388223635908851,1.838514481270389e-05
160,5,3.0,4.2,0.00012480451692110047,1.8508217495851878e-05
160,5,3.0,4.25,0.00012573327056495135,1.8644037456924386e-05
160,5,3.0,4.3,0.00012666913003767048,1.8792419601180874e-05
160,5,3.0,4.35,0.00012761271877570807,1.895317674154867e-05
160,5,3.0,4.4,0.00012856465082103718,1.912612041779235e-05
160,5,3.0,4.45,0.0001295255307767909,1.9311061659042454e-05
160,5,3.0,4.5,0.00013049595379965019,1.9507811691414885e-05
160,5,3.0,4.55,0.00013147650562626847,1.9716182592572717e-05
160,5,3.0,4.6,0.00013246776263114646,1.993598789518648e-05
160,5,3.0,4.65,0.00013347029191344365,2.0167043141324685e-05
160,5,3.0,4.7,0.00013448465141032662,2.0409166389867068e-05
160,5,3.0,4.75,0.00013551139003455115,2.0662178679072927e-05
160,5,3.0,4.8,0.000136551047834102,2.0925904446464365e-05
160,5,3.0,4.85,0.00013760415617181113,2.1200171908190933e-05
160,5,3.0,4.9,0.00013867123792296298,2.1484813400036778e-05
160,5,3.0,4.95,0.00013975280768904313,2.1779665682218823e-05
160,5,3.0,5.0,0.00014084937202586998,2.2084570210095125e-05
160,5,4.0,0.0,1.3994618901509823e-08,7.941163182871864e-07
160,5,4.0,0.05,3.2119001626370273e-07,2.0308056395845828e-05
160,5,4.0,0.1,4.7877858754073575e-06,0.00020212126505101915
160,5,4.0,0.15,2.1771566425336006e-05,0.00043426169941630105
160,5,4.0,0.2,4.2270663463703024e-05,0.000346155184696587
160,5,4.0,0.25,5.5421078851306645e-05,0.00018872634150455202
160,5,4.0,0.3,6.239697473008376e-05,0.00010178660300304957
160,5,4.0,0.35,6.644145633412348e-05,6.560244684884203e-05
160,5,4.0,0.4,6.932222016099632e-05,5.1855179371962105e-05
160,5,4.0,0.45,7.176641038581836e-05,4.673589939094364e-05
160,5,4.0,0.5,7.404644062408956e-05,4.4758180900041834e-05
160,5,4.0,0.55,7.62598704792939e-05,4.387762417603764e-05
160,5,4.0,0.6,7.843985321010559e-05,4.335017610968335e-05
160,5,4.0,0.65,8.059623326099002e-05,4.2908545352937874e-05
160,5,4.0,0.7,8.273053576090653e-05,4.245844228014323e-05
160,5,4.0,0.75,8.484139678510051e-05,4.1968166051383386e-05
160,5,4.0,0.8,8.692652820921186e-05,4.1428684473715036e-05
160,5,4.0,0.85,8.898343072777028e-05,4.0839222980702736e-05
160,5,4.0,0.9,9.100965482449952e-05,4.0202054871045295e-05
160,5,4.0,0.95,9.300289796364204e-05,3.9520605171396266e-05
160,5,4.0,1.0,9.496104178094473e-05,3.879874711481898e-05
160,5,4.0,1.05,9.688216663493428e-05,3.804052832681179e-05
160,5,4.0,1.1,9.87645570034735e-05,3.72500527058294e-05
160,5,4.0,1.15,0.00010060670264083098,3.643141974204367e-05
160,5,4.0,1.2,0.00010240729733992831,3.5588686110397784e-05
160,5,4.0,1.25,0.00010416523604651852,3.4725836978031794e-05
160,5,4.0,1.3,0.00010587961067992572,3.3846762537664584e-05
160,5,4.0,1.35,0.0001075497048743853,3.295523814164996e-05
160,5,4.0,1.4,0.00010917498780310928,3.2054907412490655e-05
160,5,4.0,1.45,0.00011075510722603386,3.114926804408184e-05
160,5,4.0,1.5,0.00011228988189103915,3.024166011325207e-05
160,5,4.0,1.55,0.00011377929341027876,2.933525674675971e-05
160,5,4.0,1.6,0.0001152234777255297,2.843305698928032e-05
160,5,4.0,1.65,0.00011662271626865284,2.753788071217233e-05
160,5,4.0,1.7,0.00011797742691505626,2.665236539755495e-05
160,5,4.0,1.75,0.00011928815481975389,2.577896462923685e-05
160,5,4.0,1.8,0.0001205555632171136,2.491994812184452e-05
160,5,4.0,1.85,0.00012178042425705154,2.4077403121830418e-05
160,5,4.0,1.9,0.00012296360994218416,2.3253237018427138e-05
160,5,4.0,1.95,0.0001241060832225214,2.244918100891029e-05
160,5,4.0,2.0,0.00012520888929667444,2.166679467005045e-05
160,5,4.0,2.05,0.00012627314716137064,2.0907471296214327e-05
160,5,4.0,2.1,0.00012730004144430112,2.0172443873843926e-05
160,5,4.0,2.15,0.00012829081454906896,1.946279157171466e-05
160,5,4.0,2.2,0.00012924675913522085,1.8779446636242853e-05
160,5,4.0,2.25,0.00013016921095104482,1.8123201590971335e-05
160,5,4.0,2.3,0.00013105954203202633,1.749471664906948e-05
160,5,4.0,2.35,0.00013191915427354165,1.6894527257102573e-05
160,5,4.0,2.4,0.0001327494733824732,1.6323051697365507e-05
160,5,4.0,2.45,0.00013355194320907208,1.57805986846737e-05
160,5,4.0,2.5,0.00013432802045731742,1.5267374901590398e-05
160,5,4.0,2.55,0.00013507916976948943,1.478349242364039e-05
160,5,4.0,2.6,0.00013580685917837144,1.4328975993070256e-05
160,5,4.0,2.65,0.000136512555918606,1.39037701061818e-05
160,5,4.0,2.7,0.00013719772258714863,1.3507745885182368e-05
160,5,4.0,2.75,0.00013786381364142095,1.3140707710879296e-05
160,5,4.0,2.8,0.00013851227222271158,1.2802399597412816e-05
160,5,4.0,2.85,0.00013914452729156835,1.2492511294603293e-05
160,5,4.0,2.9,0.000139761991061255,1.221068410739441e-05
160,5,4.0,2.95,0.0001403660567149729,1.1956516425353712e-05
160,5,4.0,3.0,0.00014095809639220878,1.1729568958253978e-05
160,5,4.0,3.05,0.00014153945942947606,1.1529369676447547e-05
160,5,4.0,3.1,0.00014211147084072925,1.1355418457086011e-05
160,5,4.0,3.15,0.00014267543002278486,1.1207191439250308e-05
160,5,4.0,3.2,0.00014323260967131536,1.1084145092783912e-05
160,5,4.0,3.25,0.00014378425489326106,1.0985720007079054e-05
160,5,4.0,3.3,0.0001443315825018335,1.0911344407281209e-05
160,5,4.0,3.35,0.0001448757804806856,1.086043740637586e-05
160,5,4.0,3.4,0.00014541800760427208,1.0832412002425392e-05
160,5,4.0,3.45,0.00014595939320192212,1.0826677830853184e-05
160,5,4.0,3.5,0.0001465010370535867,1.0842643682140828e-05
160,5,4.0,3.55,0.00014704400940586466,1.0879719795645903e-05
160,5,4.0,3.6,0.0001475893510973225,1.0937319940454728e-05
160,5,4.0,3.65,0.00014813807378277413,1.1014863294295352e-05
160,5,4.0,3.7,0.00014869116024668355,1.1111776131549008e-05
160,5,4.0,3.75,0.0001492495647964356,1.1227493331331511e-05
160,5,4.0,3.8,0.00014981421372671649,1.136145971647968e-05
160,5,4.0,3.85,0.00015038600584686208,1.1513131234086654e-05
160,5,4.0,3.9,0.00015096581306347178,1.1681975987981531e-05
160,5,4.0,3.95,0.0001515544810111654,1.1867475133267828e-05
160,5,4.0,4.0,0.0001521528297248241,1.2069123642714993e-05
160,5,4.0,4.05,0.0001527616543471333,1.2286430954449785e-05
160,5,4.0,4.1,0.00015338172586574873,1.2518921510032286e-05
160,5,4.0,4.15,0.00015401379187479495,1.2766135191615025e-05
160,5,4.0,4.2,0.0001546585773558787,1.3027627666493962e-05
160,5,4.0,4.25,0.000155316785474184,1.3302970646959895e-05
160,5,4.0,4.3,0.00015598909838558534,1.3591752072954671e-05
160,5,4.0,4.35,0.00015667617805113136,1.3893576224640239e-05
160,5,4.0,4.4,0.00015737866705553219,1.4208063771581889e-05
160,5,4.0,4.45,0.00015809718942665736,1.4534851764861156e-05
160,5,4.0,4.5,0.0001588323514533384,1.4873593578042588e-05
160,5,4.0,4.55,0.0001595847424990528,1.5223958802543575e-05
160,5,4.0,4.6,0.00016035493580935362,1.5585633102592355e-05
160,5,4.0,4.65,0.0001611434893111307,1.5958318034600014e-05
160,5,4.0,4.7,0.00016195094640204737,1.634173083543438e-05
160,5,4.0,4.75,0.00016277783672869815,1.673560418375382e-05
160,5,4.0,4.8,0.0001636246769522477,1.7139685938244833e-05
160,5,4.0,4.85,0.00016449197150046832,1.7553738856304826e-05
160,5,4.0,4.9,0.00016538021330530535,1.7977540296429474e-05
160,5,4.0,4.95,0.00016628988452519698,1.8410881907286533e-05
160,5,4.0,5.0,0.00016722145725159163,1.885356930620908e-05
160,5,5.0,0.0,1.5104408174670028e-08,7.59168781904523e-07
160,5,5.0,0.05,2.9752086606262003e-07,1.9215293967014046e-05
160,5,5.0,0.1,5.659877042745242e-06,0.00027784363858802984
160,5,5.0,0.15,3.512447606713273e-05,0.0008731209725477262
160,5,5.0,0.2,8.092531509544251e-05,0.0008358207871774452
160,5,5.0,0.25,0.00011340005074944941,0.00046803056219142127
160,5,5.0,0.3,0.00013022592893939292,0.000233376534469247
160,5,5.0,0.35,0.00013895730961265742,0.00013129456359846085
160,5,5.0,0.4,0.0001443737563738436,9.164314214718992e-05
160,5,5.0,0.45,0.0001485162606942784,7.639441300242198e-05
160,5,5.0,0.5,0.00015215724627390035,7.008208494606289e-05
160,5,5.0,0.55,0.00015557532550302555,6.693063523051501e-05
160,5,5.0,0.6,0.00015886746092354424,6.484800883417143e-05
160,5,5.0,0.65,0.00016206526655669645,6.308808735276062e-05
160,5,5.0,0.7,0.00016517721189133054,6.138982094713718e-05
160,5,5.0,0.75,0.00016820379368531405,5.966608826427674e-05
160,5,5.0,0.8,0.0001711429705417765,5.789199879980033e-05
160,5,5.0,0.85,0.00017399210588696273,5.606488008558574e-05
160,5,5.0,0.9,0.00017674866010791574,5.4189933988312965e-05
160,5,5.0,0.95,0.0001794104335961524,5.2275069893298516e-05
160,5,5.0,1.0,0.0001819756472608105,5.032901778050259e-05
160,5,5.0,1.05,0.000184442962984785,4.836061574473206e-05
160,5,5.0,1.1,0.00018681148080282529,4.63785210966548e-05
160,5,5.0,1.15,0.00018908072616119544,4.439107749835252e-05
160,5,5.0,1.2,0.00019125063227490215,4.240624280396611e-05
160,5,5.0,1.25,0.00019332151962292427,4.0431543533707015e-05
160,5,5.0,1.3,0.00019529407355401774,3.847404363877177e-05
160,5,5.0,1.35,0.000197169320583008,3.654032288450227e-05
160,5,5.0,1.4,0.00019894860380258706,3.463646286088329e-05
160,5,5.0,1.45,0.00020063355776313665,3.276803955127396e-05
160,5,5.0,1.5,0.000202226083128814,3.094012169847033e-05
160,5,5.0,1.55,0.00020372832138301278,2.915727430788622e-05
160,5,5.0,1.6,0.0002051426298243699,2.7423566663632743e-05
160,5,5.0,1.65,0.00020647155706376814,2.574258425383794e-05
160,5,5.0,1.7,0.00020771781920316765,2.4117444022570973e-05
160,5,5.0,1.75,0.00020888427684851642,2.2550812391990636e-05
160,5,5.0,1.8,0.0002099739130820548,2.1044925529897406e-05
160,5,5.0,1.85,0.00021098981249383311,1.9601611373878712e-05
160,5,5.0,1.9,0.0002119351413489272,1.8222312962544063e-05
160,5,5.0,1.95,0.0002128131289452875,1.690811266550917e-05
160,5,5.0,2.0,0.00021362705019783542,1.5659756945730637e-05
160,5,5.0,2.05,0.00021438020946714493,1.4477681329656665e-05
160,5,5.0,2.1,0.00021507592563582296,1.3362035301397766e-05
160,5,5.0,2.15,0.00021571751842252782,1.2312706876375905e-05
160,5,5.0,2.2,0.00021630829591226565,1.1329346647020804e-05
160,5,5.0,2.25,0.00021685154327209878,1.0411391127759345e-05
160,5,5.0,2.3,0.0002173505126135979,9.558085258577829e-06
160,5,5.0,2.35,0.00021780841395705039,8.768503955660019e-06
160,5,5.0,2.4,0.000218228407247553,8.041572624001123e-06
160,5,5.0,2.45,0.00021861359536946688,7.3760865704718615e-06
160,5,5.0,2.5,0.00021896701810313702,6.770729276639441e-06
160,5,5.0,2.55,0.0002192916469662523,6.224089508859311e-06
160,5,5.0,2.6,0.00021959038088146407,5.734677258881869e-06
160,5,5.0,2.65,0.00021986604261192485,5.3009385216257225e-06
160,5,5.0,2.7,0.0002201213759069771,4.921268928054145e-06
160,5,5.0,2.75,0.00022035904330143508,4.594026260419237e-06
160,5,5.0,2.8,0.00022058162451338853,4.3175418847108526e-06
160,5,5.0,2.85,0.00022079161538739682,4.090131141139836e-06
160,5,5.0,2.9,0.00022099142733211067,3.910102738079279e-06
160,5,5.0,2.95,0.00022118338720366677,3.775767198251464e-06
160,5,5.0,3.0,0.00022136973758878602,3.6854444082384055e-06
160,5,5.0,3.05,0.00022155263744398849,3.63747032376193e-06
160,5,5.0,3.1,0.00022173416305010352,3.6302028837561467e-06
160,5,5.0,3.15,0.00022191630924378022,3.6620271861658977e-06
160,5,5.0,3.2,0.0002221009908904432,3.731359977762962e-06
160,5,5.0,3.25,0.00022229004456564343,3.836653509171943e-06
160,5,5.0,3.3,0.0002224852304143406,3.976398804831361e-06
160,5,5.0,3.35,0.0002226882341600476,4.149128395865222e-06
160,5,5.0,3.4,0.00022290066923817995,4.353418561860116e-06
160,5,5.0,3.45,0.00022312407903009624,4.58789112541172e-06
160,5,5.0,3.5,0.00022335993917659144,4.851214841054371e-06
160,5,5.0,3.55,0.0002236096599515086,5.142106417876587e-06
160,5,5.0,3.6,0.00022387458867808324,5.459331212777977e-06
160,5,5.0,3.65,0.00022415601217246823,5.801703628983535e-06
160,5,5.0,3.7,0.0002244551592004793,6.168087252109025e-06
160,5,5.0,3.75,0.00022477320293520835,6.557394753801279e-06
160,5,5.0,3.8,0.00022511126340460158,6.96858759076885e-06
160,5,5.0,3.85,0.00022547040991941354,7.400675524883727e-06
160,5,5.0,3.9,0.00022585166347317611,7.852715987985972e-06
160,5,5.0,3.95,0.00022625599910700497,8.323813313070433e-06
160,5,5.0,4.0,0.00022668434823301458,8.813117851674017e-06
160,5,5.0,4.05,0.00022713760091115355,9.319824995524327e-06
160,5,5.0,4.1,0.00022761660807507674,9.843174118856408e-06
160,5,5.0,4.15,0.00022812218370344607,1.0382447456246737e-05
160,5,5.0,4.2,0.00022865510693380916,1.0936968929362505e-05
160,5,5.0,4.25,0.00022921612411678667,1.1506102934666578e-05
160,5,5.0,4.3,0.0002298059508088917,1.2089253102858336e-05
160,5,5.0,4.35,0.00023042527370282357,1.2685861039666822e-05
160,5,5.0,4.4,0.0002310747524945092,1.3295405056528494e-05
160,5,5.0,4.45,0.0002317550216865849,1.3917398898695046e-05
160,5,5.0,4.5,0.00023246669232837244,1.4551390477397981e-05
160,5,5.0,4.55,0.00023321035369266375,1.519696061186395e-05
160,5,5.0,4.6,0.00023398657488997993,1.585372178621118e-05
160,5,5.0,4.65,0.00023479590642112584,1.652131692555679e-05
160,5,5.0,4.7,0.00023563888166911473,1.719941819503824e-05
160,5,5.0,4.75,0.00023651601833168313,1.7887725824872922e-05
160,5,5.0,4.8,0.00023742781979575885,1.8585966964066146e-05
160,5,5.0,4.85,0.00023837477645538533,1.9293894564908175e-05
160,5,5.0,4.9,0.0002393573669746703,2.001128629998306e-05
160,5,5.0,4.95,0.0002403760594974322,2.0737943513037266e-05
160,5,5.0,5.0,0.00024143131280524466,2.1473690204718295e-05
160,10,0.0,0.0,4.825927355264348e-11,2.9468272382009235e-09
160,10,0.0,0.05,6.032856863814473e-10,2.302907956911341e-08
160,10,0.0,0.1,2.3088470644635055e-09,3.989703123828576e-08
160,10,0.0,0.15,4.066843985936976e-09,2.7798964417403604e-08
160,10,0.0,0.2,5.073234830176441e-09,1.3587113709725408e-08
160,10,0.0,0.25,5.547831763850613e-09,6.404670208840404e-09
160,10,0.0,0.3,5.7846501887600105e-09,3.526000576320549e-09
160,10,0.0,0.35,5.929739052853634e-09,2.453679935903225e-09
160,10,0.0,0.4,6.040956465590522e-09,2.059186255408716e-09
160,10,0.0,0.45,6.139600846669837e-09,1.9095120983899535e-09
160,10,0.0,0.5,6.233309560756924e-09,1.8469443136082938e-09
160,10,0.0,0.55,6.324788893962415e-09,1.815063989955177e-09
160,10,0.0,0.6,6.4149869698441736e-09,1.7938247840989468e-09
160,10,0.0,0.65,6.504228164586466e-09,1.7761280110860753e-09
160,10,0.0,0.7,6.5926162554336584e-09,1.759468046292796e-09
160,10,0.0,0.75,6.680177309255385e-09,1.7429653358356197e-09
160,10,0.0,0.8,6.766910223735631e-09,1.7263146257717341e-09
160,10,0.0,0.85,6.852804547941027e-09,1.7094125338487003e-09
160,10,0.0,0.9,6.937846722434956e-09,1.692225849935925e-09
160,10,0.0,0.95,7.022022228127994e-09,1.674745090257295e-09
160,10,0.0,1.0,7.105316295618712e-09,1.656968229562376e-09
160,10,0.0,1.05,7.187714113468185e-09,1.6388951089686792e-09
160,10,0.0,1.1,7.269200867243539e-09,1.6205256156286914e-09
160,10,0.0,1.15,7.349761726440437e-09,1.6018591904810618e-09
160,10,0.0,1.2,7.4293818203800685e-09,1.5828947988597003e-09
160,10,0.0,1.25,7.508046217258253e-09,1.5636310573007354e-09
160,10,0.0,1.3,7.585739910969193e-09,1.5440664075585536e-09
160,10,0.0,1.35,7.662447816928345e-09,1.5241992988407735e-09
160,10,0.0,1.4,7.738154776891772e-09,1.5040283641206163e-09
160,10,0.0,1.45,7.812845572325388e-09,1.48355258525297e-09
160,10,0.0,1.5,7.88650494570244e-09,1.4627714448443989e-09
160,10,0.0,1.55,7.959117629045612e-09,1.4416850640331303e-09
160,10,0.0,1.6,8.03066837899793e-09,1.4202943258328493e-09
160,10,0.0,1.65,8.101142017696818e-09,1.3986009839279938e-09
160,10,0.0,1.7,8.170523478724644e-09,1.37660775694512e-09
160,10,0.0,1.75,8.238797857412692e-09,1.3543184083229414e-09
160,10,0.0,1.8,8.30595046478171e-09,1.33173781198117e-09
160,10,0.0,1.85,8.37196688441678e-09,1.3088720040583181e-09
160,10,0.0,1.9,8.43683303158793e-09,1.2857282210481332e-09
160,10,0.0,1.95,8.500535213944869e-09,1.2623149247222684e-09
160,10,0.0,2.0,8.56306019313664e-09,1.2386418142763126e-09
160,10,0.0,2.05,8.624395246730116e-09,1.2147198261852692e-09
160,10,0.0,2.1,8.684528229823325e-09,1.1905611222974198e-09
160,10,0.0,2.15,8.743447635782147e-09,1.1661790667369838e-09
160,10,0.0,2.2,8.801142655555564e-09,1.141588192222974e-09
160,10,0.0,2.25,8.85760323505394e-09,1.116804156445694e-09
160,10,0.0,2.3,8.912820130113145e-09,1.091843689174084e-09
160,10,0.0,2.35,8.966784958596078e-09,1.0667245307943704e-09
160,10,0.0,2.4,9.01949024922149e-09,1.0414653630050365e-09
160,10,0.0,2.45,9.070929486748323e-09,1.0160857324144213e-09
160,10,0.0,2.5,9.121097153176878e-09,9.906059678037147e-10
160,10,0.0,2.55,9.16998876467201e-09,9.650470918319897e-10
160,10,0.0,2.6,9.217600903948377e-09,9.394307279686724e-10
160,10,0.0,2.65,9.263931247900132e-09,9.137790034440112e-10
160,10,0.0,2.7,9.30897859029373e-09,8.881144490083503e-10
160,10,0.0,2.75,9.352742859386941e-09,8.624598962876765e-10
160,10,0.0,2.8,9.395225130370795e-09,8.368383735137985e-10
160,10,0.0,2.85,9.436427632573676e-09,8.112730003951433e-10
160,10,0.0,2.9,9.476353751402792e-09,7.857868828764542e-10
160,10,0.0,2.95,9.515008025037136e-09,7.604030085140334e-10
160,10,0.0,3.0,9.552396135917448e-09,7.351441431668947e-10
160,10,0.0,3.05,9.588524897119299e-09,7.100327296744213e-10
160,10,0.0,3.1,9.623402233722076e-09,6.850907891568792e-10
160,10,0.0,3.15,9.657037159321857e-09,6.603398255379239e-10
160,10,0.0,3.2,9.689439747861743e-09,6.358007338472829e-10
160,10,0.0,3.25,9.720621100983979e-09,6.114937128187422e-10
160,10,0.0,3.3,9.75059331112756e-09,5.874381822520104e-10
160,10,0.0,3.35,9.779369420623272e-09,5.636527055596906e-10
160,10,0.0,3.4,9.806963377053063e-09,5.401549178705108e-10
160,10,0.0,3.45,9.833389985160245e-09,5.16961460009563e-10
160,10,0.0,3.5,9.858664855610969e-09,4.94087918624761e-10
160,10,0.0,3.55,9.88280435092179e-09,4.715487726774093e-10
160,10,0.0,3.6,9.905825528871973e-09,4.493573464629286e-10
160,10,0.0,3.65,9.927746083734952e-09,4.275257692777721e-10
160,10,0.0,3.7,9.94858428565951e-09,4.060649417984136e-10
160,10,0.0,3.75,9.968358918538567e-09,3.8498450919050764e-10
160,10,0.0,3.8,9.987089216700792e-09,3.6429284092003735e-10
160,10,0.0,3.85,1.0004794800760111e-08,3.4399701719421263e-10
160,10,0.0,3.9,1.0021495612948694e-08,3.2410282191823396e-10
160,10,0.0,3.95,1.0037211852259412e-08,3.046147420154376e-10
160,10,0.0,4.0,1.005196390970861e-08,2.855359729222836e-10
160,10,0.0,4.05,1.0065772304023821e-08,2.668684300370163e-10
160,10,0.0,4.1,1.0078657618046966e-08,2.4861276587138597e-10
160,10,0.0,4.15,1.0090640436133496e-08,2.3076839262876278e-10
160,10,0.0,4.2,1.0101741282807824e-08,2.1333350990915644e-10
160,10,0.0,4.25,1.011198056292708e-08,1.963051372226289e-10
160,10,0.0,4.3,1.0121378503583312e-08,1.796791509765657e-10
160,10,0.0,4.35,1.0129955097959922e-08,1.634503255897984e-10
160,10,0.0,4.4,1.0137730051339078e-08,1.4761237837729423e-10
160,10,0.0,4.45,1.0144722729440936e-08,1.321580178430636e-10
160,10,0.0,4.5,1.0150952109253953e-08,1.1707899501556412e-10
160,10,0.0,4.55,1.0156436732501227e-08,1.0236615745979659e-10
160,10,0.0,4.6,1.0161194661866628e-08,8.800950560220118e-11
160,10,0.0,4.65,1.0165243440087476e-08,7.399825100951136e-11
160,10,0.0,4.7,1.0168600052002775e-08,6.03208762692858e-11
160,10,0.0,4.75,1.0171280889627695e-08,4.696519612890883e-11
160,10,0.0,4.8,1.0173301720310305e-08,3.391841956050672e-11
160,10,0.0,4.85,1.0174677658007827e-08,2.1167212431253775e-11
160,10,0.0,4.9,1.0175423137704736e-08,8.697760472302706e-12
160,10,0.0,4.95,1.0175551892980842e-08,-3.5041677460103014e-12
160,10,0.0,5.0,1.01750769367233e-08,-1.5453158109324677e-11
160,10,1.0,0.0,4.663567937710688e-09,3.001401206233168e-07
160,10,1.0,0.05,7.956300310811238e-08,3.637589903930561e-06
160,10,1.0,0.1,4.2240725890462233e-07,9.450996896165158e-06
160,10,1.0,0.15,8.941695157022282e-07,8.33910895858039e-06
160,10,1.0,0.2,1.2185485415549593e-06,4.760633637912451e-06
160,10,1.0,0.25,1.3967546851692363e-06,2.637439818301639e-06
160,10,1.0,0.3,1.5027990194420826e-06,1.7445238338577074e-06
160,10,1.0,0.35,1.5804419337242713e-06,1.4182005950242545e-06
160,10,1.0,0.4,1.6482178404329453e-06,1.3143160723283304e-06
160,10,1.0,0.45,1.7132093796576266e-06,1.293216103961273e-06
160,10,1.0,0.5,1.778025318772807e-06,1.3022594579147708e-06
160,10,1.0,0.55,1.8436089434388448e-06,1.3220840239854307e-06
160,10,1.0,0.6,1.9102933920241696e-06,1.34562145513941e-06
160,10,1.0,0.65,1.978189135291155e-06,1.3702897985880326e-06
160,10,1.0,0.7,2.047325057947105e-06,1.395136746640131e-06
160,10,1.0,0.75,2.117699655284645e-06,1.4198007276777493e-06
160,10,1.0,0.8,2.1892995818212285e-06,1.4441340589887174e-06
160,10,1.0,0.85,2.2621063650610156e-06,1.4680664498607188e-06
160,10,1.0,0.9,2.3360988349510263e-06,1.4915556308297853e-06
160,10,1.0,0.95,2.411254005061172e-06,1.5145695400882557e-06
160,10,1.0,1.0,2.487547396265022e-06,1.537079934785163e-06
160,10,1.0,1.05,2.5649531616037077e-06,1.559060138566755e-06
160,10,1.0,1.1,2.643444142223619e-06,1.5804842879114219e-06
160,10,1.0,1.15,2.722991901499234e-06,1.60132712306396e-06
160,10,1.0,1.2,2.803566754498296e-06,1.621563978143628e-06
160,10,1.0,1.25,2.8851377990945913e-06,1.6411708450284547e-06
160,10,1.0,1.3,2.967672951081093e-06,1.660124465090463e-06
160,10,1.0,1.35,3.0511389841780026e-06,1.6784024315428428e-06
160,10,1.0,1.4,3.135501575269057e-06,1.6959832955072777e-06
160,10,1.0,1.45,3.220725354964888e-06,1.7128466726491782e-06
160,10,1.0,1.5,3.3067739634731674e-06,1.7289733485840044e-06
160,10,1.0,1.55,3.393610111681457e-06,1.7443453817651811e-06
160,10,1.0,1.6,3.481195647298096e-06,1.758946202767128e-06
160,10,1.0,1.65,3.569491625846782e-06,1.7727607089776882e-06
160,10,1.0,1.7,3.6584583862615145e-06,1.7857753537840272e-06
160,10,1.0,1.75,3.748055630785601e-06,1.797978229396754e-06
160,10,1.0,1.8,3.838242508835684e-06,1.8093591425212435e-06
160,10,1.0,1.85,3.928977704455831e-06,1.8199096821535744e-06
160,10,1.0,1.9,4.020219526950539e-06,1.8296232788514932e-06
160,10,1.0,1.95,4.111926004256142e-06,1.8384952549097725e-06
160,10,1.0,2.0,4.204054978583367e-06,1.8465228649514534e-06
160,10,1.0,2.05,4.296564203841111e-06,1.8537053265330825e-06
160,10,1.0,2.1,4.389411444334317e-06,1.8600438404510135e-06
160,10,1.0,2.15,4.48255457421474e-06,1.8655416005266422e-06
160,10,1.0,2.2,4.575951677154957e-06,1.8702037927404894e-06
160,10,1.0,2.25,4.669561145712118e-06,1.8740375836772624e-06
160,10,1.0,2.3,4.763341779847484e-06,1.8770520983349487e-06
160,10,1.0,2.35,4.857252884073104e-06,1.8792583874407755e-06
160,10,1.0,2.4,4.951254362706967e-06,1.8806693845040794e-06
160,10,1.0,2.45,5.045306812730214e-06,1.881299852919187e-06
160,10,1.0,2.5,5.139371613759096e-06,1.8811663235113263e-06
160,10,1.0,2.55,5.233411014664645e-06,1.8802870229924051e-06
160,10,1.0,2.6,5.3273882163989335e-06,1.8786817938625186e-06
160,10,1.0,2.65,5.421267450615048e-06,1.876372006355298e-06
160,10,1.0,2.7,5.5150140536988324e-06,1.8733804630806942e-06
160,10,1.0,2.75,5.608594535864593e-06,1.8697312970670554e-06
160,10,1.0,2.8,5.701976645003625e-06,1.8654498639452588e-06
160,10,1.0,2.85,5.795129425011263e-06,1.8605626290500045e-06
160,10,1.0,2.9,5.88802326835877e-06,1.85509705023859e-06
160,10,1.0,2.95,5.980629962716047e-06,1.8490814572439717e-06
160,10,1.0,3.0,6.072922731472386e-06,1.8425449283875577e-06
160,10,1.0,3.05,6.164876268044283e-06,1.8355171654783652e-06
160,10,1.0,3.1,6.256466763899885e-06,1.8280283677180525e-06
160,10,1.0,3.15,6.347671930270824e-06,1.820109105417531e-06
160,10,1.0,3.2,6.4384710135610315e-06,1.8117901943096206e-06
160,10,1.0,3.25,6.5288448045028135e-06,1.8031025712155187e-06
160,10,1.0,3.3,6.618775641144296e-06,1.7940771717885705e-06
160,10,1.0,3.35,6.708247405791143e-06,1.7847448110215109e-06
160,10,1.0,3.4,6.7972455160556884e-06,1.775136067159145e-06
160,10,1.0,3.45,6.885756910199517e-06,1.7652811696118289e-06
160,10,1.0,3.5,6.973770026983496e-06,1.7552098914144724e-06
160,10,1.0,3.55,7.061274780264178e-06,1.7449514467222532e-06
160,10,1.0,3.6,7.14826252860032e-06,1.7345343937795272e-06
160,10,1.0,3.65,7.2347260401532325e-06,1.723986543741751e-06
160,10,1.0,3.7,7.3206594531803615e-06,1.713334875672757e-06
160,10,1.0,3.75,7.406058232439869e-06,1.7026054579833153e-06
160,10,1.0,3.8,7.490919121831607e-06,1.6918233765193251e-06
160,10,1.0,3.85,7.575240093613214e-06,1.681012669453533e-06
160,10,1.0,3.9,7.659020294531813e-06,1.6701962690795347e-06
160,10,1.0,3.95,7.742259989219974e-06,1.659395950556218e-06
160,10,1.0,4.0,7.824960501202259e-06,1.64863228760035e-06
160,10,1.0,4.05,7.907124151859607e-06,1.6379246150790492e-06
160,10,1.0,4.1,7.988754197693326e-06,1.627290998409811e-06
160,10,1.0,4.15,8.069854766227452e-06,1.6167482096361747e-06
160,10,1.0,4.2,8.150430790877517e-06,1.6063117100094892e-06
160,10,1.0,4.25,8.230487945107526e-06,1.5959956388750436e-06
160,10,1.0,4.3,8.310032576183684e-06,1.5858128086305542e-06
160,10,1.0,4.35,8.389071638822762e-06,1.57577470549979e-06
160,10,1.0,4.4,8.467612629018672e-06,1.565891495841768e-06
160,10,1.0,4.45,8.545663518316791e-06,1.5561720376976681e-06
160,10,1.0,4.5,8.62323268878987e-06,1.5466238972625594e-06
160,10,1.0,4.55,8.700328868954118e-06,1.5372533699577954e-06
160,10,1.0,4.6,8.776961070846877e-06,1.5280655057713475e-06
160,10,1.0,4.65,8.853138528471229e-06,1.5190641385285684e-06
160,10,1.0,4.7,8.928870637795028e-06,1.510251918753204e-06
160,10,1.0,4.75,9.004166898475736e-06,1.5016303497790946e-06
160,10,1.0,4.8,9.079036857465126e-06,1.4931998267757468e-06
160,10,1.0,4.85,9.153490054631276e-06,1.4849596783559845e-06
160,10,1.0,4.9,9.227535970518598e-06,1.4769082104407745e-06
160,10,1.0,4.95,9.301183976350797e-06,1.469042752065282e-06
160,10,1.0,5.0,9.3744432863666e-06,1.4613597028203163e-06
160,10,2.0,0.0,9.301834416624259e-09,6.029593072694586e-07
160,10,2.0,0.05,1.981300556730732e-07,1.0455394479146177e-05
160,10,2.0,0.1,1.4774696298737114e-06,4.145622690300018e-05
160,10,2.0,0.15,3.847896785657301e-06,4.654558823773715e-05
160,10,2.0,0.2,5.7572580988314935e-06,2.9295994449829124e-05
160,10,2.0,0.25,6.871141843620518e-06,1.6657164267469645e-05
160,10,2.0,0.3,7.540675702923265e-06,1.0983688356427363e-05
160,10,2.0,0.35,8.027760699252493e-06,8.867725164132135e-06
160,10,2.0,0.4,8.450952099641063e-06,8.201741552955472e-06
160,10,2.0,0.45,8.856808968224436e-06,8.085146299927982e-06
160,10,2.0,0.5,9.262726760153074e-06,8.170672434055433e-06
160,10,2.0,0.55,9.675046006322795e-06,8.328813317183608e-06
160,10,2.0,0.6,1.0096006472932465e-05,8.511750104331027e-06
160,10,2.0,0.65,1.052633417252272e-05,8.701803432433837e-06
160,10,2.0,0.7,1.0966193005690162e-05,8.89234787964385e-06
160,10,2.0,0.75,1.1415533438475956e-05,9.080804912372773e-06
160,10,2.0,0.8,1.1874220185134169e-05,9.266079465329525e-06
160,10,2.0,0.85,1.234207911647239e-05,9.447624051763049e-06
160,10,2.0,0.9,1.2818914700258165e-05,9.625097719700338e-06
160,10,2.0,0.95,1.3304516714842275e-05,9.798242136042831e-06
160,10,2.0,1.0,1.3798663073748448e-05,9.966836842103293e-06
160,10,2.0,1.05,1.4301121253363005e-05,1.013068334533592e-05
160,10,2.0,1.1,1.4811649230871821e-05,1.028959969667706e-05
160,10,2.0,1.15,1.532999626190003e-05,1.044341886724568e-05
160,10,2.0,1.2,1.585590361684738e-05,1.059198848819826e-05
160,10,2.0,1.25,1.6389105318183064e-05,1.0735171064747752e-05
160,10,2.0,1.3,1.6929328892921466e-05,1.0872844338164849e-05
160,10,2.0,1.35,1.747629614415533e-05,1.1004901674168813e-05
160,10,2.0,1.4,1.802972394160805e-05,1.1131252430522444e-05
160,10,2.0,1.45,1.8589325029599905e-05,1.1251822283795992e-05
160,10,2.0,1.5,1.915480885011342e-05,1.1366553505312237e-05
160,10,2.0,1.55,1.9725882378254324e-05,1.1475405180195701e-05
160,10,2.0,1.6,2.0302250967149162e-05,1.1578353365148423e-05
160,10,2.0,1.65,2.08836191991273e-05,1.1675391181545543e-05
160,10,2.0,1.7,2.146969173988221e-05,1.176652884115129e-05
160,10,2.0,1.75,2.206017419219182e-05,1.185179360241646e-05
160,10,2.0,1.8,2.265477394568694e-05,1.1931229655962561e-05
160,10,2.0,1.85,2.3253201019106657e-05,1.2004897938512005e-05
160,10,2.0,1.9,2.385516889145842e-05,1.2072875875197182e-05
160,10,2.0,1.95,2.446039531851481e-05,1.2135257050832671e-05
160,10,2.0,2.0,2.5068603131122385e-05,1.2192150811402908e-05
160,10,2.0,2.05,2.5679521011877385e-05,1.2243681797646387e-05
160,10,2.0,2.1,2.6292884246833956e-05,1.228998941323684e-05
160,10,2.0,2.15,2.690843544905196e-05,1.2331227230640482e-05
160,10,2.0,2.2,2.7525925250949278e-05,1.2367562338263556e-05
160,10,2.0,2.25,2.8145112962632303e-05,1.2399174633004207e-05
160,10,2.0,2.3,2.8765767193581413e-05,1.242625606275725e-05
160,10,2.0,2.35,2.938766643531305e-05,1.2449009823808563e-05
160,10,2.0,2.4,3.001059960289181e-05,1.2467649518379276e-05
160,10,2.0,2.45,3.063436653344016e-05,1.2482398277845427e-05
160,10,2.0,2.5,3.1258778440067395e-05,1.2493487857354829e-05
160,10,2.0,2.55,3.1883658319938296e-05,1.250115770770353e-05
160,10,2.0,2.6,3.250884131549042e-05,1.2505654030403786e-05
160,10,2.0,2.65,3.313417502810614e-05,1.2507228821886598e-05
160,10,2.0,2.7,3.375951978384989e-05,1.2506138912735758e-05
160,10,2.0,2.75,3.438474885116039e-05,1.2502645007738857e-05
160,10,2.0,2.8,3.5009748610686024e-05,1.249701073238604e-05
160,10,2.0,2.85,3.5634418677718144e-05,1.2489501691233807e-05
160,10,2.0,2.9,3.625867197794732e-05,1.2480384543298455e-05
160,10,2.0,2.95,3.688243477751897e-05,1.2469926099349399e-05
160,10,2.0,3.0,3.7505646668594176e-05,1.2458392445639967e-05
160,10,2.0,3.05,3.812826051184739e-05,1.2446048098257333e-05
160,10,2.0,3.1,3.875024233752572e-05,1.2433155191886495e-05
160,10,2.0,3.15,3.937157120687954e-05,1.2419972706382943e-05
160,10,2.0,3.2,3.999223903593044e-05,1.2406755734132322e-05
160,10,2.0,3.25,4.061225038367745e-05,1.239375479075028e-05
160,10,2.0,3.3,4.123162220697171e-05,1.2381215171253725e-05
160,10,2.0,3.35,4.1850383584369706e-05,1.236937635340506e-05
160,10,2.0,3.4,4.246857541136177e-05,1.2358471449517333e-05
160,10,2.0,3.45,4.3086250069420744e-05,1.234872670759856e-05
160,10,2.0,3.5,4.370347107135338e-05,1.2340361062322739e-05
160,10,2.0,3.55,4.432031268544969e-05,1.2333585735938309e-05
160,10,2.0,3.6,4.493685954091823e-05,1.232860388887016e-05
160,10,2.0,3.65,4.555320621708644e-05,1.2325610319442433e-05
160,10,2.0,3.7,4.616945681879539e-05,1.232479121183948e-05
160,10,2.0,3.75,4.6785724540376135e-05,1.2326323931144163e-05
160,10,2.0,3.8,4.7402131220524746e-05,1.2330376864039437e-05
160,10,2.0,3.85,4.8018806890318796e-05,1.2337109303534806e-05
160,10,2.0,3.9,4.8635889316539204e-05,1.2346671375885142e-05
160,10,2.0,3.95,4.925352354234226e-05,1.2359204007697557e-05
160,10,2.0,4.0,4.987186142725611e-05,1.2374838931088978e-05
160,10,2.0,4.05,5.049106118833303e-05,1.2393698724638524e-05
160,10,2.0,4.1,5.1111286944200435e-05,1.2415896887798762e-05
160,10,2.0,4.15,5.1732708263615446e-05,1.2441537946364449e-05
160,10,2.0,4.2,5.2355499720021144e-05,1.2470717586564906e-05
160,10,2.0,4.25,5.2979840453469015e-05,1.2503522815327857e-05
160,10,2.0,4.3,5.360591374116344e-05,1.2540032144272326e-05
160,10,2.0,4.35,5.423390657774159e-05,1.258031579500833e-05
160,10,2.0,4.4,5.486400926630606e-05,1.2624435923367704e-05
160,10,2.0,4.45,5.549641502109326e-05,1.267244686024471e-05
160,10,2.0,4.5,5.613131958254919e-05,1.2724395366794353e-05
160,10,2.0,4.55,5.6768920845484265e-05,1.2780320901822374e-05
160,10,2.0,4.6,5.740941850085013e-05,1.2840255899286164e-05
160,10,2.0,4.65,5.805301369161436e-05,1.2904226053933304e-05
160,10,2.0,4.7,5.869990868307111e-05,1.2972250613201746e-05
160,10,2.0,4.75,5.9350306547871484e-05,1.3044342673623713e-05
160,10,2.0,4.8,6.0004410865951386e-05,1.3120509480086225e-05
160,10,2.0,4.85,6.066242543946127e-05,1.3200752726417591e-05
160,10,2.0,4.9,6.132455402272933e-05,1.3285068855887337e-05
160,10,2.0,4.95,6.199100006721867e-05,1.3373449360323217e-05
160,10,2.0,5.0,6.266196648138365e-05,1.3465881076665834e-05
160,10,3.0,0.0,9.567735182593539e-09,5.972779520616221e-07
160,10,3.0,0.05,2.2653816507330321e-07,1.3282619979065191e-05
160,10,3.0,0.1,2.3589770714964953e-06,8.088420206741664e-05
160,10,3.0,0.15,7.771266831559336e-06,0.00011878369453576908
160,10,3.0,0.2,1.2907569059010914e-05,8.155683726195607e-05
160,10,3.0,0.25,1.599133413618534e-05,4.5072731634681026e-05
160,10,3.0,0.3,1.773606919378012e-05,2.7259785098352433e-05
160,10,3.0,0.35,1.8894854458043297e-05,2.023665649462184e-05
160,10,3.0,0.4,1.9833383394867403e-05,1.7750612381851508e-05
160,10,3.0,0.45,2.0697811134467443e-05,1.699130597260713e-05
160,10,3.0,0.5,2.1542661579165533e-05,1.6861506343136128e-05
160,10,3.0,0.55,2.2387502583232756e-05,1.6951852916502617e-05
160,10,3.0,0.6,2.3238962804553894e-05,1.7111981177974263e-05
160,10,3.0,0.65,2.4098930737722027e-05,1.728694359676747e-05
160,10,3.0,0.7,2.4967563846709462e-05,1.7456683659578e-05
160,10,3.0,0.75,2.584438780921126e-05,1.7613884156802797e-05
160,10,3.0,0.8,2.6728698246233252e-05,1.7755895038677734e-05
160,10,3.0,0.85,2.7619708507833675e-05,1.7881797427022964e-05
160,10,3.0,0.9,2.8516605124091378e-05,1.7991336261779737e-05
160,10,3.0,0.95,2.941856967501546e-05,1.8084531679812852e-05
160,10,3.0,1.0,3.0324788407945255e-05,1.8161536591702452e-05
160,10,3.0,1.05,3.123445733451972e-05,1.8222583434957406e-05
160,10,3.0,1.1,3.2146785605887533e-05,1.826796316893719e-05
160,10,3.0,1.15,3.306099817695057e-05,1.8298015894575783e-05
160,10,3.0,1.2,3.397633812347014e-05,1.8313125646349782e-05
160,10,3.0,1.25,3.4892068742238034e-05,1.8313716670448344e-05
160,10,3.0,1.3,3.5807475480501615e-05,1.830025022682858e-05
160,10,3.0,1.35,3.6721867710869976e-05,1.8273221575162768e-05
160,10,3.0,1.4,3.7634580357474744e-05,1.8233157028820946e-05
160,10,3.0,1.45,3.854497537570625e-05,1.8180611041362716e-05
160,10,3.0,1.5,3.9452443086917364e-05,1.811616331858298e-05
160,10,3.0,1.55,4.035640336941714e-05,1.804041595907323e-05
160,10,3.0,1.6,4.125630670733623e-05,1.7953990629580403e-05
160,10,3.0,1.65,4.21516350992775e-05,1.7857525782403783e-05
160,10,3.0,1.7,4.304190282904429e-05,1.7751673922226645e-05
160,10,3.0,1.75,4.3926657101096835e-05,1.7637098929681213e-05
160,10,3.0,1.8,4.4805478543754206e-05,1.7514473448722652e-05
160,10,3.0,1.85,4.567798158350336e-05,1.7384476344699984e-05
160,10,3.0,1.9,4.654381469411637e-05,1.7247790239714732e-05
160,10,3.0,1.95,4.740266052460431e-05,1.710509913161533e-05
160,10,3.0,2.0,4.825423591033254e-05,1.6957086102652755e-05
160,10,3.0,2.05,4.909829177193249e-05,1.6804431123478e-05
160,10,3.0,2.1,4.993461290691044e-05,1.6647808957778096e-05
160,10,3.0,2.15,5.076301767909948e-05,1.6487887172410205e-05
160,10,3.0,2.2,5.158335761135596e-05,1.6325324257427414e-05
160,10,3.0,2.25,5.2395516887080754e-05,1.6160767859863137e-05
160,10,3.0,2.3,5.319941176634491e-05,1.599485313459406e-05
160,10,3.0,2.35,5.399498992254774e-05,1.5828201215011295e-05
160,10,3.0,2.4,5.4782229705642255e-05,1.566141780561155e-05
160,10,3.0,2.45,5.556113933807636e-05,1.5495091897990604e-05
160,10,3.0,2.5,5.633175604963225e-05,1.5329794611066252e-05
160,10,3.0,2.55,5.7094145157394554e-05,1.5166078155710745e-05
160,10,3.0,2.6,5.784839909704289e-05,1.500447492331313e-05
160,10,3.0,2.65,5.8594636411657736e-05,1.4845496697159444e-05
160,10,3.0,2.7,5.933300070412295e-05,1.468963398488465e-05
160,10,3.0,2.75,6.0063659559136315e-05,1.4537355469658032e-05
160,10,3.0,2.8,6.078680344068492e-05,1.438910757718767e-05
160,10,3.0,2.85,6.150264457069636e-05,1.4245314155098684e-05
160,10,3.0,2.9,6.221141579438498e-05,1.4106376260745437e-05
160,10,3.0,2.95,6.291336943761467e-05,1.3972672053071733e-05
160,10,3.0,3.0,6.360877616134912e-05,1.3844556783729245e-05
160,10,3.0,3.05,6.429792381804088e-05,1.3722362882321036e-05
160,10,3.0,3.1,6.498111631451627e-05,1.3606400130334695e-05
160,10,3.0,3.15,6.56586724856617e-05,1.3496955918091056e-05
160,10,3.0,3.2,6.63309249829086e-05,1.3394295578841926e-05
160,10,3.0,3.25,6.699821918122468e-05,1.3298662794013043e-05
160,10,3.0,3.3,6.766091210802539e-05,1.3210280063505458e-05
160,10,3.0,3.35,6.831937139709385e-05,1.3129349234929046e-05
160,10,3.0,3.4,6.897397427031019e-05,1.3056052085655269e-05
160,10,3.0,3.45,6.962510654967799e-05,1.2990550951632182e-05
160,10,3.0,3.5,7.027316170183566e-05,1.293298939700069e-05
160,10,3.0,3.55,7.091853991694812e-05,1.288349291868669e-05
160,10,3.0,3.6,7.156164722357993e-05,1.2842169680312676e-05
160,10,3.0,3.65,7.220289464089104e-05,1.2809111269973664e-05
160,10,3.0,3.7,7.284269736919987e-05,1.2784393476644694e-05
160,10,3.0,3.75,7.348147401973267e-05,1.2768077080240232e-05
160,10,3.0,3.8,7.411964588411805e-05,1.2760208650611316e-05
160,10,3.0,3.85,7.475763624396271e-05,1.2760821351048659e-05
160,10,3.0,3.9,7.539586972062395e-05,1.2769935742153748e-05
160,10,3.0,3.95,7.603477166511006e-05,1.2787560582244652e-05
160,10,3.0,4.0,7.667476758783537e-05,1.2813693620764677e-05
160,10,3.0,4.05,7.731628262780845e-05,1.2848322381475424e-05
160,10,3.0,4.1,7.795974106065433e-05,1.2891424932517058e-05
160,10,3.0,4.15,7.86055658447698e-05,1.2942970640728114e-05
160,10,3.0,4.2,7.925417820473635e-05,1.300292090790588e-05
160,10,3.0,4.25,7.990599725106538e-05,1.3071229886985847e-05
160,10,3.0,4.3,8.056143963520715e-05,1.3147845176390277e-05
160,10,3.0,4.35,8.122091923870002e-05,1.323270849106752e-05
160,10,3.0,4.4,8.188484689526436e-05,1.332575630899767e-05
160,10,3.0,4.45,8.255363014458626e-05,1.3426920492181016e-05
160,10,3.0,4.5,8.322767301649869e-05,1.3536128881353236e-05
160,10,3.0,4.55,8.390737584422683e-05,1.3653305863882642e-05
160,10,3.0,4.6,8.459313510535295e-05,1.3778372914503013e-05
160,10,3.0,4.65,8.528534328913172e-05,1.3911249108714531e-05
160,10,3.0,4.7,8.598438878879594e-05,1.4051851608854748e-05
160,10,3.0,4.75,8.66906558174833e-05,1.4200096122988585e-05
160,10,3.0,4.8,8.740452434643203e-05,1.4355897336904681e-05
160,10,3.0,4.85,8.812637006411706e-05,1.4519169319625957e-05
160,10,3.0,4.9,8.885656435500457e-05,1.4689825902948112e-05
160,10,3.0,4.95,8.959547429665174e-05,1.4867781035615496e-05
160,10,3.0,5.0,9.034346267388924e-05,1.5052949112821946e-05
160,10,4.0,0.0,1.2042660079923645e-08,6.94831334182077e-07
160,10,4.0,0.05,2.80110840968985e-07,1.7566624976121515e-05
160,10,4.0,0.1,3.971421932588148e-06,0.00016283695679274185
160,10,4.0,0.15,1.7148916328930037e-05,0.0003286311493208325
160,10,4.0,0.2,3.240448466429992e-05,0.00025425839071017454
160,10,4.0,0.25,4.201727228263071e-05,0.00013755597799382555
160,10,4.0,0.3,4.7108375425859085e-05,7.452318089473542e-05
160,10,4.0,0.35,5.008217591797103e-05,4.848411203957166e-05
160,10,4.0,0.4,5.221992839603132e-05,3.862834460061726e-05
160,10,4.0,0.45,5.4045269431039526e-05,3.4977291011879505e-05
160,10,4.0,0.5,5.5754077134949424e-05,3.358599495899043e-05
160,10,4.0,0.55,5.7416610816210735e-05,3.2986945130255016e-05
160,10,4.0,0.6,5.905690935367476e-05,3.264626730811077e-05
160,10,4.0,0.65,6.0682283852736996e-05,3.2372027211485284e-05
160,10,4.0,0.7,6.229406479528123e-05,3.209627207920696e-05
160,10,4.0,0.75,6.38914920667283e-05,3.179585508576943e-05
160,10,4.0,0.8,6.547312051363766e-05,3.14638241433441e-05
160,10,4.0,0.85,6.703732856525403e-05,3.109910190276285e-05
160,10,4.0,0.9,6.858250334467607e-05,3.070276194896364e-05
160,10,4.0,0.95,7.010710890558278e-05,3.0276679933120674e-05
160,10,4.0,1.0,7.160971196391722e-05,2.982303911788647e-05
160,10,4.0,1.05,7.308899187980636e-05,2.9344143398936953e-05
160,10,4.0,1.1,7.454374452666944e-05,2.8842341302403555e-05
160,10,4.0,1.15,7.597288353725696e-05,2.8319990441214305e-05
160,10,4.0,1.2,7.737544021133232e-05,2.7779437151612292e-05
160,10,4.0,1.25,7.875056257954349e-05,2.7223002253848814e-05
160,10,4.0,1.3,8.009751383486055e-05,2.6652969688349187e-05
160,10,4.0,1.35,8.141567024112404e-05,2.6071576851745277e-05
160,10,4.0,1.4,8.270451859099778e-05,2.5481006193309363e-05
160,10,4.0,1.45,8.396365327123338e-05,2.4883377891026676e-05
160,10,4.0,1.5,8.519277298672479e-05,2.428074351545603e-05
160,10,4.0,1.55,8.639167719112233e-05,2.367508061863053e-05
160,10,4.0,1.6,8.756026226888335e-05,2.3068288193808773e-05
160,10,4.0,1.65,8.86985175109836e-05,2.2462182953755982e-05
160,10,4.0,1.7,8.980652092392884e-05,2.1858496375323873e-05
160,10,4.0,1.75,9.08844349090504e-05,2.125887245796617e-05
160,10,4.0,1.8,9.19325018465013e-05,2.0664866144095422e-05
160,10,4.0,1.85,9.295103961572933e-05,2.007794234981748e-05
160,10,4.0,1.9,9.394043708170213e-05,1.9499475555687813e-05
160,10,4.0,1.95,9.490114957364555e-05,1.8930749908496733e-05
160,10,4.0,2.0,9.583369438065927e-05,1.8372959786800688e-05
160,10,4.0,2.05,9.673864628624527e-05,1.7827210784750572e-05
160,10,4.0,2.1,9.761663316158486e-05,1.729452107079206e-05
160,10,4.0,2.15,9.846833163525186e-05,1.6775823079896968e-05
160,10,4.0,2.2,9.929446285505394e-05,1.6271965500132427e-05
160,10,4.0,2.25,0.00010009578835578947,1.5783715516540058e-05
160,10,4.0,2.3,0.00010087310604489404,1.5311761277451637e-05
160,10,4.0,2.35,0.00010162724631628201,1.4856714550506009e-05
160,10,4.0,2.4,0.00010235906830108717,1.4419113537723123e-05
160,10,4.0,2.45,0.0001030694562625336,1.3999425821038504e-05
160,10,4.0,2.5,0.00010375931614078493,1.3598051411687132e-05
160,10,4.0,2.55,0.00010442957225234364,1.3215325878755423e-05
160,10,4.0,2.6,0.00010508116414737582,1.2851523534077384e-05
160,10,4.0,2.65,0.00010571504362724724,1.2506860652448864e-05
160,10,4.0,2.7,0.00010633217192355124,1.2181498707858071e-05
160,10,4.0,2.75,0.00010693351703897189,1.1875547608089629e-05
160,10,4.0,2.8,0.00010752005124950387,1.1589068911652084e-05
160,10,4.0,2.85,0.00010809274876676872,1.1322079012500198e-05
160,10,4.0,2.9,0.00010865258355848679,1.107455227948224e-05
160,10,4.0,2.95,0.00010920052732454422,1.0846424138833092e-05
160,10,4.0,3.0,0.00010973754762554414,1.0637594089359396e-05
160,10,4.0,3.05,0.00011026460616023823,1.0447928641224153e-05
160,10,4.0,3.1,0.00011078265718782216,1.0277264170434414e-05
160,10,4.0,3.15,0.00011129264609070979,1.0125409682268894e-05
160,10,4.0,3.2,0.00011179550807307182,9.992149477949367e-06
160,10,4.0,3.25,0.00011229216699020032,9.877245719869269e-06
160,10,4.0,3.3,0.0001127835343035083,9.780440891632139e-06
160,10,4.0,3.35,0.00011327050815584796,9.701460150038582e-06
160,10,4.0,3.4,0.00011375397256167752,9.6400135669779e-06
160,10,4.0,3.45,0.00011423479670654723,9.595798259942382e-06
160,10,4.0,3.5,0.00011471383435030804,9.568500410582211e-06
160,10,4.0,3.55,0.00011519192332845249,9.557797171361994e-06
160,10,4.0,3.6,0.00011566988514600045,9.563358460965673e-06
160,10,4.0,3.65,0.00011614852465839945,9.584848649625623e-06
160,10,4.0,3.7,0.00011662862983397417,9.621928136030718e-06
160,10,4.0,3.75,0.00011711097159255059,9.674254817887727e-06
160,10,4.0,3.8,0.00011759630371499736,9.741485458589318e-06
160,10,4.0,3.85,0.00011808536281857284,9.823276952766427e-06
160,10,4.0,3.9,0.00011857886839306529,9.919287493780097e-06
160,10,4.0,3.95,0.00011907752289294292,1.0029177646451211e-05
160,10,4.0,4.0,0.0001195820118808347,1.015261132851597e-05
160,10,4.0,4.05,0.00012009300421787746,1.0289256704456834e-05
160,10,4.0,4.1,0.00012061115229664542,1.0438786995477915e-05
160,10,4.0,4.15,0.00012113709231255917,1.060088120948305e-05
160,10,4.0,4.2,0.00012167144456987953,1.0775224794971486e-05
160,10,4.0,4.25,0.00012221481381857134,1.0961510222794494e-05
160,10,4.0,4.3,0.0001227677896185369,1.1159437499720917e-05
160,10,4.0,4.35,0.00012333094672790522,1.136871461773731e-05
160,10,4.0,4.4,0.00012390484551225685,1.1589057942969262e-05
160,10,4.0,4.45,0.000124490032371871,1.1820192548049845e-05
160,10,4.0,4.5,0.00012508704018424855,1.2061852491684251e-05
160,10,4.0,4.55,0.00012569638875937648,1.2313781049071631e-05
160,10,4.0,4.6,0.00012631858530535525,1.2575730896739925e-05
160,10,4.0,4.65,0.0001269541249022015,1.2847464255239074e-05
160,10,4.0,4.7,0.00012760349098180003,1.3128752993014445e-05
160,10,4.0,4.75,0.0001282671558121484,1.3419378694656779e-05
160,10,4.0,4.8,0.0001289455809841815,1.3719132696587949e-05
160,10,4.0,4.85,0.00012963921789963846,1.4027816093109346e-05
160,10,4.0,4.9,0.00013034850825853904,1.4345239715594062e-05
160,10,4.0,4.95,0.00013107388454500595,1.467122408746701e-05
160,10,4.0,5.0,0.0001318157705102875,1.5005599357474883e-05
160,10,5.0,0.0,1.6798754734541104e-08,8.633940525097913e-07
160,10,5.0,0.05,3.4146119973608026e-07,2.202197513835444e-05
160,10,5.0,0.1,6.251740902896348e-06,0.00029939820398844076
160,10,5.0,0.15,3.664021933969347e-05,0.0008760735085503232
160,10,5.0,0.2,8.157258463417875e-05,0.0008055321622999042
160,10,5.0,0.25,0.00011259206919670418,0.00044354062895676116
160,10,5.0,0.3,0.00012848600955832196,0.0002198131577149837
160,10,5.0,0.35,0.00013669973210761764,0.0001233577203914017
160,10,5.0,0.4,0.00014178371996810085,8.591451127812051e-05
160,10,5.0,0.45,0.00014566225154172743,7.142253466530188e-05
160,10,5.0,0.5,0.00014906130597931667,6.5326766804612e-05
160,10,5.0,0.55,0.00015224285310227946,6.220924047353933e-05
160,10,5.0,0.6,0.00015529859548926315,6.011087615796558e-05
160,10,5.0,0.65,0.00015825907146286663,5.833372189959223e-05
160,10,5.0,0.7,0.00016113317082805457,5.663353453381002e-05
160,10,5.0,0.75,0.00016392231442682062,5.49284208238264e-05
160,10,5.0,0.8,0.00016662552088914513,5.3194389655099805e-05
160,10,5.0,0.85,0.00016924121054956705,5.1427998724004445e-05
160,10,5.0,0.9,0.00017176784277909358,4.963299872379436e-05
160,10,5.0,0.95,0.00017420413590748892,4.7815546775337696e-05
160,10,5.0,1.0,0.00017654913718112962,4.598247841231121e-05
160,10,5.0,1.05,0.0001788022382413922,4.4140672478670386e-05
160,10,5.0,1.1,0.00018096317029687653,4.2296808462917275e-05
160,10,5.0,1.15,0.0001830319913192194,4.0457266768013084e-05
160,10,5.0,1.2,0.00018500906981091137,3.8628082990648794e-05
160,10,5.0,1.25,0.00018689506691678076,3.6814924392452744e-05
160,10,5.0,1.3,0.00018869091765313584,3.502307703039722e-05
160,10,5.0,1.35,0.00019039781166226046,3.325743920803872e-05
160,10,5.0,1.4,0.00019201717375764806,3.152251945784225e-05
160,10,5.0,1.45,0.00019355064446225785,2.982243816897501e-05
160,10,5.0,1.5,0.0001950000607072854,2.816093229991811e-05
160,10,5.0,1.55,0.00019636743683441475,2.6541362738304687e-05
160,10,5.0,1.6,0.0001976549460241926,2.4966723924578514e-05
160,10,5.0,1.65,0.00019886490225479376,2.3439655388041116e-05
160,10,5.0,1.7,0.00019999974287857145,2.19624548692858e-05
160,10,5.0,1.75,0.0002010620118880327,2.053709272724653e-05
160,10,5.0,1.8,0.00020205434392846382,1.916522735322902e-05
160,10,5.0,1.85,0.00020297944910109547,1.78482213387296e-05
160,10,5.0,1.9,0.0002038400985886845,1.658715816807007e-05
160,10,5.0,1.95,0.00020463911112453555,1.538285923071149e-05
160,10,5.0,2.0,0.0002053793403162752,1.4235900971277458e-05
160,10,5.0,2.05,0.00020606366282720806,1.3146632017300007e-05
160,10,5.0,2.1,0.00020669496741055555,1.2115190145689358e-05
160,10,5.0,2.15,0.0002072761447854648,1.1141518968488266e-05
160,10,5.0,2.2,0.00020781007833813885,1.0225384236658764e-05
160,10,5.0,2.25,0.00020829963562681313,9.366389677395727e-06
160,10,5.0,2.3,0.00020874766066546953,8.563992295745502e-06
160,10,5.0,2.35,0.00020915696695804722,7.817517085168378e-06
160,10,5.0,2.4,0.00020953033125250254,7.126171104149511e-06
160,10,5.0,2.45,0.00020987048798214866,6.489056887097417e-06
160,10,5.0,2.5,0.00021018012436044514,5.9051851676398155e-06
160,10,5.0,2.55,0.00021046187609444962,5.37348690111129e-06
160,10,5.0,2.6,0.00021071832368175104,4.89282458060906e-06
160,10,5.0,2.65,0.00021095198925555689,4.462002847554092e-06
160,10,5.0,2.7,0.00021116533394278502,4.079778403317464e-06
160,10,5.0,2.75,0.00021136075570050544,3.7448692332482366e-06
160,10,5.0,2.8,0.00021154058759669192,3.455963158434969e-06
160,10,5.0,2.85,0.00021170709650214427,3.2117257338382663e-06
160,10,5.0,2.9,0.00021186248216142022,3.010807514110461e-06
160,10,5.0,2.95,0.0002120088766117162,2.851850710541597e-06
160,10,5.0,3.0,0.0002121483439199239,2.7334952642039362e-06
160,10,5.0,3.05,0.00021228288020925962,2.654384361560425e-06
160,10,5.0,3.1,0.00021241441394832943,2.613169419622152e-06
160,10,5.0,3.15,0.00021254480647674555,2.6085145682212298e-06
160,10,5.0,3.2,0.00021267585274286385,2.6391006571648864e-06
160,10,5.0,3.25,0.00021280928223058951,2.7036288159858865e-06
160,10,5.0,3.3,0.0002129467600535494,2.8008235937451246e-06
160,10,5.0,3.35,0.00021308988819632236,2.9294357059046275e-06
160,10,5.0,3.4,0.00021324020688373823,3.0882444147028183e-06
160,10,5.0,3.45,0.0002133991960605786,3.276059568757287e-06
160,10,5.0,3.5,0.000213568276965251,3.4917233268095374e-06
160,10,5.0,3.55,0.00021374881378226286,3.734111589643202e-06
160,10,5.0,3.6,0.00021394211535947803,4.002135163258771e-06
160,10,5.0,3.65,0.00021414943697726642,4.294740675396147e-06
160,10,5.0,3.7,0.00021437198215776737,4.610911266474003e-06
160,10,5.0,3.75,0.00021461090450347294,4.949667074974599e-06
160,10,5.0,3.8,0.00021486730955534256,5.310065536251228e-06
160,10,5.0,3.85,0.00021514225666156077,5.691201512690498e-06
160,10,5.0,3.9,0.00021543676084895933,6.092207272116451e-06
160,10,5.0,3.95,0.00021575179468987212,6.5122523303042915e-06
160,10,5.0,4.0,0.00021608829015805803,6.950543172461905e-06
160,10,5.0,4.05,0.00021644714046793802,7.4063228675628904e-06
160,10,5.0,4.1,0.0002168292018921616,7.878870588460729e-06
160,10,5.0,4.15,0.00021723529555306084,8.367501049798656e-06
160,10,5.0,4.2,0.0002176662091841911,8.871563874843945e-06
160,10,5.0,4.25,0.000218122698858642,9.390442901528707e-06
160,10,5.0,4.3,0.0002186054906813346,9.923555437168735e-06
160,10,5.0,4.35,0.00021911528244295396,1.0470351470559003e-05
160,10,5.0,4.4,0.00021965274523358543,1.1030312849413206e-05
160,10,5.0,4.45,0.00022021852501451943,1.160295243041735e-05
160,10,5.0,4.5,0.0002208132441469939,1.2187813208512275e-05
160,10,5.0,4.55,0.00022143750287702868,1.2784467431402878e-05
160,10,5.0,4.6,0.0002220918807757194,1.3392515704710516e-05
160,10,5.0,4.65,0.00022277693813465543,1.4011586092638431e-05
160,10,5.0,4.7,0.00022349321731635915,1.4641333218516764e-05
160,10,5.0,4.75,0.00022424124405982248,1.5281437369114353e-05
160,10,5.0,4.8,0.0002250215287414359,1.5931603606166962e-05
160,10,5.0,4.85,0.00022583456759172731,1.659156088816161e-05
160,10,5.0,4.9,0.00022668084386851125,1.7261061205037254e-05
160,10,5.0,4.95,0.00022756082898714263,1.7939878728116258e-05
160,10,5.0,5.0,0.00022847498360868525,1.862780897725485e-05
160,15,0.0,0.0,1.3465759996672399e-11,8.113037272278113e-10
160,15,0.0,0.05,1.58651646779823e-10,5.8518684473392655e-09
160,15,0.0,0.1,5.756616076556326e-10,9.48577716617351e-09
160,15,0.0,0.15,9.851789722639446e-10,6.347057403092296e-09
160,15,0.0,0.2,1.2116028971554697e-09,2.9973355563573344e-09
160,15,0.0,0.25,1.3142860190078408e-09,1.3456846338662403e-09
160,15,0.0,0.3,1.3625812589420402e-09,6.911142291116377e-10
160,15,0.0,0.35,1.3900856882993722e-09,4.4908057535836793e-10
160,15,0.0,0.4,1.4099680857163927e-09,3.607186770359777e-10
160,15,0.0,0.45,1.4270474644279729e-09,3.276238925431524e-10
160,15,0.0,0.5,1.4430465576023308e-09,3.141709592011583e-10
160,15,0.0,0.55,1.4585764993035944e-09,3.0767521849254964e-10
160,15,0.0,0.6,1.4738537612769936e-09,3.036456086973252e-10
160,15,0.0,0.65,1.4889551940293069e-09,3.004941167169566e-10
160,15,0.0,0.7,1.503908255145923e-09,2.976581652335636e-10
160,15,0.0,0.75,1.518722858963905e-09,2.949368544256685e-10
160,15,0.0,0.8,1.533402604478168e-09,2.922566900279042e-10
160,15,0.0,0.85,1.547948727790315e-09,2.8958897483010027e-10
160,15,0.0,0.9,1.5623614901559862e-09,2.869207113743105e-10
160,15,0.0,0.95,1.5766406634671396e-09,2.842443757015935e-10
160,15,0.0,1.0,1.590785699118307e-09,2.815543430523032e-10
160,15,0.0,1.05,1.6047957867481271e-09,2.7884565667414656e-10
160,15,0.0,1.1,1.6186698755519043e-09,2.7611362067869744e-10
160,15,0.0,1.15,1.6324066836966158e-09,2.7335368153696444e-10
160,15,0.0,1.2,1.6460047047483225e-09,2.705614095533583e-10
160,15,0.0,1.25,1.6594622141659176e-09,2.677325138687746e-10
160,15,0.0,1.3,1.6727772768527312e-09,2.648628676097984e-10
160,15,0.0,1.35,1.6859477560331537e-09,2.619485349749511e-10
160,15,0.0,1.4,1.6989713234668162e-09,2.5898579739493007e-10
160,15,0.0,1.45,1.7118454709256237e-09,2.559711777873999e-10
160,15,0.0,1.5,1.7245675228282158e-09,2.52901462589473e-10
160,15,0.0,1.55,1.7371346499189423e-09,2.4977372148448333e-10
160,15,0.0,1.6,1.7495438838751073e-09,2.465853248208993e-10
160,15,0.0,1.65,1.7617921327281607e-09,2.4333395874981823e-10
160,15,0.0,1.7,1.773876196985348e-09,2.400176381166496e-10
160,15,0.0,1.75,1.785792786340765e-09,2.36634717145941e-10
160,15,0.0,1.8,1.7975385368660479e-09,2.331838979592732e-10
160,15,0.0,1.85,1.8091100285739192e-09,2.2966423696746098e-10
160,15,0.0,1.9,1.8205038032489132e-09,2.260751491787309e-10
160,15,0.0,1.95,1.8317163824423206e-09,2.2241641046676833e-10
160,15,0.0,2.0,1.842744285530565e-09,2.1868815784421643e-10
160,15,0.0,2.05,1.8535840477383624e-09,2.148908877902132e-10
160,15,0.0,2.1,1.8642322380305586e-09,2.1102545268382712e-10
160,15,0.0,2.15,1.874685476779608e-09,2.0709305539923453e-10
160,15,0.0,2.2,1.88494045311806e-09,2.0309524212282718e-10
160,15,0.0,2.25,1.894993941888701e-09,1.9903389345735946e-10
160,15,0.0,2.3,1.9048428201086754e-09,1.9491121388349977e-10
160,15,0.0,2.35,1.9144840828670433e-09,1.907297196546208e-10
160,15,0.0,2.4,1.9239148585797255e-09,1.864922252064221e-10
160,15,0.0,2.45,1.933132423529505e-09,1.822018281687426e-10
160,15,0.0,2.5,1.9421342156236723e-09,1.7786189307270635e-10
160,15,0.0,2.55,1.9509178473064227e-09,1.7347603385201783e-10
160,15,0.0,2.6,1.9594811175683326e-09,1.690480952426398e-10
160,15,0.0,2.65,1.967822023000604e-09,1.6458213319022468e-10
160,15,0.0,2.7,1.9759387678471684e-09,1.600823943793355e-10
160,15,0.0,2.75,1.983829773013724e-09,1.5555329500270337e-10
160,15,0.0,2.8,1.9914936839989343e-09,1.5099939889235283e-10
160,15,0.0,2.85,1.9989293777186123e-09,1.464253951373069e-10
160,15,0.0,2.9,2.0061359682007104e-09,1.4183607531482276e-10
160,15,0.0,2.95,2.013112811134969e-09,1.37236310463458e-10
160,15,0.0,3.0,2.0198595072672324e-09,1.3263102792682032e-10
160,15,0.0,3.05,2.0263759046355062e-09,1.2802518819657824e-10
160,15,0.0,3.1,2.0326620996508766e-09,1.2342376188208394e-10
160,15,0.0,3.15,2.0387184370326362e-09,1.1883170693187723e-10
160,15,0.0,3.2,2.044545508613208e-09,1.1425394622936326e-10
160,15,0.0,3.25,2.050144151035003e-09,1.0969534568114066e-10
160,15,0.0,3.3,2.0555154423659635e-09,1.0516069291172292e-10
160,15,0.0,3.35,2.0606606976676654e-09,1.0065467667298894e-10
160,15,0.0,3.4,2.065581463553678e-09,9.618186707040626e-11
160,15,0.0,3.45,2.0702795117816582e-09,9.174669670122696e-11
160,15,0.0,3.5,2.074756831927156e-09,8.735344279228448e-11
160,15,0.0,3.55,2.079015623190826e-09,8.300621041700026e-11
160,15,0.0,3.6,2.083058285394973e-09,7.87089168626529e-11
160,15,0.0,3.65,2.0868874092285514e-09,7.446527721012519e-11
160,15,0.0,3.7,2.090505765802667e-09,7.027879117912857e-11
160,15,0.0,3.75,2.093916295580849e-09,6.615273128258868e-11
160,15,0.0,3.8,2.0971220967504393e-09,6.209013232439213e-11
160,15,0.0,3.85,2.1001264131031335e-09,5.809378226527175e-11
160,15,0.0,3.9,2.1029326214931383e-09,5.416621447218745e-11
160,15,0.0,3.95,2.1055442189428168e-09,5.030970135740952e-11
160,15,0.0,4.0,2.1079648094647446e-09,4.652624940448016e-11
160,15,0.0,4.05,2.110198090669646e-09,4.281759556964839e-11
160,15,0.0,4.1,2.112247840228342e-09,3.9185205039098863e-11
160,15,0.0,4.15,2.1141179022550047e-09,3.563027031450256e-11
160,15,0.0,4.2,2.1158121736769542e-09,3.2153711592113573e-11
160,15,0.0,4.25,2.117334590655181e-09,2.8756178393933677e-11
160,15,0.0,4.3,2.118689115116488e-09,2.5438052403270984e-11
160,15,0.0,4.35,2.11987972145667e-09,2.2199451451525276e-11
160,15,0.0,4.4,2.120910383470346e-09,1.9040234598106156e-11
160,15,0.0,4.45,2.12178506156122e-09,1.596000824119295e-11
160,15,0.0,4.5,2.1225076902817036e-09,1.295813319340384e-11
160,15,0.0,4.55,2.1230821662495408e-09,1.0033732653559088e-11
160,15,0.0,4.6,2.123512336483745e-09,7.185701003419874e-12
160,15,0.0,4.65,2.1238019871994336e-09,4.412713356602356e-12
160,15,0.0,4.7,2.1239548330974805e-09,1.713235785852072e-12
160,15,0.0,4.75,2.1239745071808395e-09,-9.144638456604885e-13
160,15,0.0,4.8,2.123864551126077e-09,-3.472304523243257e-12
160,15,0.0,4.85,2.123628406234628e-09,-5.962380263483723e-12
160,15,0.0,4.9,2.1232694049847753e-09,-8.386947913536879e-12
160,15,0.0,4.95,2.1227907632017853e-09,-1.0748414638061707e-11
160,15,0.0,5.0,2.1221955728601894e-09,-1.304932516306996e-11
160,15,1.0,0.0,2.189971529321146e-09,1.4003979999039255e-07
160,15,1.0,0.05,3.554687498144244e-08,1.5785304462886546e-06
160,15,1.0,0.1,1.7787685749714117e-07,3.8107390464106354e-06
160,15,1.0,0.15,3.63656623756702e-07,3.217566158499391e-06
160,15,1.0,0.2,4.871859670592243e-07,1.787031577939264e-06
160,15,1.0,0.25,5.533483576325672e-07,9.660853337916448e-07
160,15,1.0,0.3,5.917677987604738e-07,6.245661517396116e-07
160,15,1.0,0.35,6.193333641484855e-07,4.997234548922115e-07
160,15,1.0,0.4,6.431037559511888e-07,4.5920671635428746e-07
160,15,1.0,0.45,6.657577775093373e-07,4.4991760114850566e-07
160,15,1.0,0.5,6.882784208162501e-07,4.5197765061938247e-07
160,15,1.0,0.55,7.110212032062995e-07,4.5811431653075577e-07
160,15,1.0,0.6,7.341129334356376e-07,4.6568548829762877e-07
160,15,1.0,0.65,7.575973515219318e-07,4.7373056471055733e-07
160,15,1.0,0.7,7.814879025554668e-07,4.818968665587096e-07
160,15,1.0,0.75,8.057867964831654e-07,4.90050992841925e-07
160,15,1.0,0.8,8.304918769396773e-07,4.981384582695003e-07
160,15,1.0,0.85,8.555990897776672e-07,5.061330673286888e-07
160,15,1.0,0.9,8.811033653632918e-07,5.140186804432592e-07
160,15,1.0,0.95,9.069989301132968e-07,5.217826649366345e-07
160,15,1.0,1.0,9.332794135283737e-07,5.294135597210838e-07
160,15,1.0,1.05,9.599378828004088e-07,5.369002596991282e-07
160,15,1.0,1.1,9.8696685264319e-07,5.442317488171297e-07
160,15,1.0,1.15,1.014358287567578e-06,5.513970318050143e-07
160,15,1.0,1.2,1.0421036028534838e-06,5.583851384173793e-07
160,15,1.0,1.25,1.0701936665144948e-06,5.651851545803637e-07
160,15,1.0,1.3,1.0986188031171992e-06,5.717862638524453e-07
160,15,1.0,1.35,1.1273687997924673e-06,5.781777930388915e-07
160,15,1.0,1.4,1.156432914577189e-06,5.843492595456495e-07
160,15,1.0,1.45,1.1857998871435328e-06,5.902904194015855e-07
160,15,1.0,1.5,1.2154579519331534e-06,5.959913153575741e-07
160,15,1.0,1.55,1.2453948536894006e-06,6.014423246416486e-07
160,15,1.0,1.6,1.2755978653611163e-06,6.066342060103226e-07
160,15,1.0,1.65,1.3060538083343396e-06,6.115581457593157e-07
160,15,1.0,1.7,1.3367490749317148e-06,6.162058023681934e-07
160,15,1.0,1.75,1.367669653103452e-06,6.205693494614323e-07
160,15,1.0,1.8,1.3988011532176327e-06,6.246415167778988e-07
160,15,1.0,1.85,1.4301288368431678e-06,6.284156288512008e-07
160,15,1.0,1.9,1.46163764740345e-06,6.318856411170281e-07
160,15,1.0,1.95,1.493312242565523e-06,6.350461731792603e-07
160,15,1.0,2.0,1.5251370282161883e-06,6.378925389846344e-07
160,15,1.0,2.05,1.5570961938648775e-06,6.404207736766761e-07
160,15,1.0,2.1,1.58917374930164e-06,6.42627656922058e-07
160,15,1.0,2.15,1.6213535623295671e-06,6.445107325278168e-07
160,15,1.0,2.2,1.6536193973820316e-06,6.460683241943713e-07
160,15,1.0,2.25,1.6859549548282607e-06,6.472995472777766e-07
160,15,1.0,2.3,1.7183439107652042e-06,6.482043164644402e-07
160,15,1.0,2.35,1.7507699570894596e-06,6.487833492923097e-07
160,15,1.0,2.4,1.783216841640623e-06,6.490381654841962e-07
160,15,1.0,2.45,1.8156684082065757e-06,6.489710820909876e-07
160,15,1.0,2.5,1.8481086361817294e-06,6.485852044745743e-07
160,15,1.0,2.55,1.880521679671532e-06,6.478844131922521e-07
160,15,1.0,2.6,1.9128919058406612e-06,6.468733468757787e-07
160,15,1.0,2.65,1.9452039323076075e-06,6.455573812286522e-07
160,15,1.0,2.7,1.9774426633951406e-06,6.439426042943072e-07
160,15,1.0,2.75,2.009593325054647e-06,6.420357881756606e-07
160,15,1.0,2.8,2.041641498291944e-06,6.398443574121568e-07
160,15,1.0,2.85,2.073573150933333e-06,6.373763542442858e-07
160,15,1.0,2.9,2.105374667581934e-06,6.346404010166363e-07
160,15,1.0,2.95,2.137032877628524e-06,6.316456599897016e-07
160,15,1.0,3.0,2.168535081193897e-06,6.284017908463966e-07
160,15,1.0,3.05,2.1998690728952807e-06,6.249189061927463e-07
160,15,1.0,3.1,2.231023163343955e-06,6.212075253623082e-07
160,15,1.0,3.15,2.2619861982974282e-06,6.172785268413056e-07
160,15,1.0,3.2,2.2927475754048906e-06,6.131430996355933e-07
160,15,1.0,3.25,2.3232972585014366e-06,6.088126939019722e-07
160,15,1.0,3.3,2.3536257894220016e-06,6.0429897116458e-07
160,15,1.0,3.35,2.3837242973225587e-06,5.996137544327335e-07
160,15,1.0,3.4,2.4135845055110024e-06,5.947689785291488e-07
160,15,1.0,3.45,2.443198735805989e-06,5.897766409279007e-07
160,15,1.0,3.5,2.47255991045657e-06,5.846487533892571e-07
160,15,1.0,3.55,2.5016615516691087e-06,5.793972946641411e-07
160,15,1.0,3.6,2.5304977788014236e-06,5.740341645247954e-07
160,15,1.0,3.65,2.5590633032968683e-06,5.685711393603444e-07
160,15,1.0,3.7,2.587353421441754e-06,5.630198295564162e-07
160,15,1.0,3.75,2.6153640050405955e-06,5.57391638857579e-07
160,15,1.0,3.8,2.643091490112779e-06,5.516977258897895e-07
160,15,1.0,3.85,2.6705328637226593e-06,5.459489679980179e-07
160,15,1.0,3.9,2.6976856490621573e-06,5.401559275316005e-07
160,15,1.0,3.95,2.724547888911179e-06,5.343288206873587e-07
160,15,1.0,4.0,2.7511181276061326e-06,5.284774889978812e-07
160,15,1.0,4.05,2.7773953916501535e-06,5.22611373530154e-07
160,15,1.0,4.1,2.803379169102129e-06,5.167394918380881e-07
160,15,1.0,4.15,2.8290693878828097e-06,5.1087041769152e-07
160,15,1.0,4.2,2.854466393136565e-06,5.050122635840401e-07
160,15,1.0,4.25,2.8795709237879787e-06,4.991726660032408e-07
160,15,1.0,4.3,2.9043840884301385e-06,4.933587734288714e-07
160,15,1.0,4.35,2.9289073406802767e-06,4.875772370079661e-07
160,15,1.0,4.4,2.9531424541343227e-06,4.81834203840609e-07
160,15,1.0,4.45,2.9770914970498473e-06,4.761353127964702e-07
160,15,1.0,4.5,3.000756806880746e-06,4.7048569276956984e-07
160,15,1.0,4.55,3.0241409647838052e-06,4.648899632682041e-07
160,15,1.0,4.6,3.0472467702107556e-06,4.593522372273726e-07
160,15,1.0,4.65,3.0700772156938336e-06,4.5387612592321875e-07
160,15,1.0,4.7,3.092635461927239e-06,4.484647458626671e-07
160,15,1.0,4.75,3.114924813239651e-06,4.4312072751621656e-07
160,15,1.0,4.8,3.1369486935463366e-06,4.3784622575823905e-07
160,15,1.0,4.85,3.158710622863576e-06,4.3264293187681037e-07
160,15,1.0,4.9,3.180214194459644e-06,4.275120870137043e-07
160,15,1.0,4.95,3.2014630527105022e-06,4.2245449689517817e-07
160,15,1.0,5.0,3.2224608717218357e-06,4.174705477152004e-07
160,15,2.0,0.0,5.409455553040332e-09,3.512086609962953e-07
160,15,2.0,0.05,1.116470720618243e-07,5.761678275211118e-06
160,15,2.0,0.1,7.84580288381502e-07,2.1203395859538552e-05
160,15,2.0,0.15,1.966591923710658e-06,2.2770176495911572e-05
160,15,2.0,0.2,2.8915303569989396e-06,1.4080136085637917e-05
160,15,2.0,0.25,3.425685958732553e-06,7.98134214149515e-06
160,15,2.0,0.3,3.7469770109767308e-06,5.283449383907834e-06
160,15,2.0,0.35,3.9818838583687495e-06,4.2880949889993385e-06
160,15,2.0,0.4,4.1869632190202724e-06,3.982456772871028e-06
160,15,2.0,0.45,4.384348111421619e-06,3.9379977989489785e-06
160,15,2.0,0.5,4.5823216348786456e-06,3.990147842491597e-06
160,15,2.0,0.55,4.783933309830756e-06,4.077670770469045e-06
160,15,2.0,0.6,4.990294958322928e-06,4.177990167174659e-06
160,15,2.0,0.65,5.2018040437277405e-06,4.282766802166349e-06
160,15,2.0,0.7,5.418592864787196e-06,4.38887328261323e-06
160,15,2.0,0.75,5.640692784076595e-06,4.495084991720632e-06
160,15,2.0,0.8,5.868094142470705e-06,4.600870875333113e-06
160,15,2.0,0.85,6.100768087478119e-06,4.705952431437433e-06
160,15,2.0,0.9,6.338674522668728e-06,4.8101432133614364e-06
160,15,2.0,0.95,6.581765013395963e-06,4.913290657701144e-06
160,15,2.0,1.0,6.829983870724147e-06,5.0152552134738465e-06
160,15,2.0,1.05,7.083268587874671e-06,5.115903064722292e-06
160,15,2.0,1.1,7.341550057156292e-06,5.215103807903295e-06
160,15,2.0,1.15,7.6047527234212855e-06,5.312729937087049e-06
160,15,2.0,1.2,7.872794731023309e-06,5.4086569898309e-06
160,15,2.0,1.25,8.145588085098862e-06,5.502763934289807e-06
160,15,2.0,1.3,8.423038834737662e-06,5.594933642700725e-06
160,15,2.0,1.35,8.705047280663644e-06,5.685053392495355e-06
160,15,2.0,1.4,8.991508208130297e-06,5.773015371188672e-06
160,15,2.0,1.45,9.282311144908146e-06,5.858717173864021e-06
160,15,2.0,1.5,9.577340643820416e-06,5.942062286713639e-06
160,15,2.0,1.55,9.876476589005766e-06,6.022960551838176e-06
160,15,2.0,1.6,1.0179594524865885e-05,6.101328609227152e-06
160,15,2.0,1.65,1.0486566006464775e-05,6.1770903122199526e-06
160,15,2.0,1.7,1.0797258969964874e-05,6.250177113016641e-06
160,15,2.0,1.75,1.1111538121524985e-05,6.320528415068606e-06
160,15,2.0,1.8,1.1429265342927049e-05,6.388091889446189e-06
160,15,2.0,1.85,1.175030011206707e-05,6.452823752579912e-06
160,15,2.0,1.9,1.20744999363183e-05,6.514689003087027e-06
160,15,2.0,1.95,1.2401720796671993e-05,6.573661615736777e-06
160,15,2.0,2.0,1.2731817600470994e-05,6.629724690969958e-06
160,15,2.0,2.05,1.3064644640482387e-05,6.682870558758661e-06
160,15,2.0,2.1,1.340005605800237e-05,6.733100835978835e-06
160,15,2.0,2.15,1.3737906307659938e-05,6.780426436860477e-06
160,15,2.0,2.2,1.4078050621565484e-05,6.8248675364689315e-06
160,15,2.0,2.25,1.4420345470468346e-05,6.866453487565504e-06
160,15,2.0,2.3,1.4764649019603852e-05,6.905222691572998e-06
160,15,2.0,2.35,1.511082157696585e-05,6.94122242474772e-06
160,15,2.0,2.4,1.5458726031794777e-05,6.974508621010236e-06
160,15,2.0,2.45,1.5808228281163156e-05,7.0051456132284755e-06
160,15,2.0,2.5,1.6159197642627977e-05,7.033205835055754e-06
160,15,2.0,2.55,1.6511507251038314e-05,7.058769485716602e-06
160,15,2.0,2.6,1.6865034437711992e-05,7.081924160392213e-06
160,15,2.0,2.65,1.721966109032885e-05,7.102764449082984e-06
160,15,2.0,2.7,1.7575273992045e-05,7.121391507024474e-06
160,15,2.0,2.75,1.7931765138482315e-05,7.137912599890583e-06
160,15,2.0,2.8,1.8289032031417978e-05,7.15244062714622e-06
160,15,2.0,2.85,1.8646977948167953e-05,7.165093627001564e-06
160,15,2.0,2.9,1.900551218582931e-05,7.175994266473962e-06
160,15,2.0,2.95,1.93645502797294e-05,7.1852693200864754e-06
160,15,2.0,3.0,1.9724014195596636e-05,7.193049140714819e-06
160,15,2.0,3.05,2.0083832495151673e-05,7.199467126051654e-06
160,15,2.0,3.1,2.0443940474981442e-05,7.204659184077144e-06
160,15,2.0,3.15,2.080428027873222e-05,7.20876320082098e-06
160,15,2.0,3.2,2.1164800982812648e-05,7.211918513566772e-06
160,15,2.0,3.25,2.1525458655956373e-05,7.214265392494728e-06
160,15,2.0,3.3,2.1886216393136727e-05,7.215944533580231e-06
160,15,2.0,3.35,2.2247044324463132e-05,7.21709656537083e-06
160,15,2.0,3.4,2.2607919599813787e-05,7.217861572052369e-06
160,15,2.0,3.45,2.2968826350074706e-05,7.218378634992391e-06
160,15,2.0,3.5,2.3329755625959122e-05,7.218785394716311e-06
160,15,2.0,3.55,2.3690705315473762e-05,7.219217635033498e-06
160,15,2.0,3.6,2.4051680041174906e-05,7.219808890787442e-06
160,15,2.0,3.65,2.44126910384296e-05,7.220690080463059e-06
160,15,2.0,3.7,2.4773756015949613e-05,7.221989164642613e-06
160,15,2.0,3.75,2.513489899991126e-05,7.223830831066052e-06
160,15,2.0,3.8,2.549615016300321e-05,7.226336206821687e-06
160,15,2.0,3.85,2.585754563977061e-05,7.22962259797361e-06
160,15,2.0,3.9,2.6219127329628362e-05,7.233803256720193e-06
160,15,2.0,3.95,2.6580942688918354e-05,7.238987175980844e-06
160,15,2.0,4.0,2.694304451337577e-05,7.24527891112225e-06
160,15,2.0,4.05,2.7305490712353154e-05,7.25277842836552e-06
160,15,2.0,4.1,2.766834407611633e-05,7.2615809792567406e-06
160,15,2.0,4.15,2.803167203750234e-05,7.2717770004466566e-06
160,15,2.0,4.2,2.8395546429179714e-05,7.283452037896919e-06
160,15,2.0,4.25,2.876004323770926e-05,7.296686694523433e-06
160,15,2.0,4.3,2.9125242355551765e-05,7.311556600193901e-06
160,15,2.0,4.35,2.9491227332108978e-05,7.3281324029182995e-06
160,15,2.0,4.4,2.9858085124829035e-05,7.346479780009225e-06
160,15,2.0,4.45,3.0225905851343456e-05,7.366659467941622e-06
160,15,2.0,4.5,3.0594782543536534e-05,7.388727309605597e-06
160,15,2.0,4.55,3.0964810904384585e-05,7.412734317626834e-06
160,15,2.0,4.6,3.133608906833544e-05,7.438726752419379e-06
160,15,2.0,4.65,3.170871736593267e-05,7.466746213638508e-06
160,15,2.0,4.7,3.208279809331595e-05,7.496829743712418e-06
160,15,2.0,4.75,3.245843528717671e-05,7.529009942156932e-06
160,15,2.0,4.8,3.283573450567154e-05,7.563315089404116e-06
160,15,2.0,4.85,3.321480261573741e-05,7.5997692789151575e-06
160,15,2.0,4.9,3.359574758719741e-05,7.63839255639192e-06
160,15,2.0,4.95,3.397867829397969e-05,7.67920106494979e-06
160,15,2.0,5.0,3.4363704322719894e-05,7.722207195168066e-06
160,15,3.0,0.0,5.49350081023469e-09,3.4604458966017845e-07
160,15,3.0,0.05,1.286845415733476e-07,7.426969163224339e-06
160,15,3.0,0.1,1.2654953065467711e-06,4.196329363553948e-05
160,15,3.0,0.15,3.990493094595025e-06,5.8559569180163795e-05
160,15,3.0,0.2,6.4944291035997165e-06,3.943678464372423e-05
160,15,3.0,0.25,7.984310145006418e-06,2.1816513932715465e-05
160,15,3.0,0.3,8.833131941505939e-06,1.3358885751599042e-05
160,15,3.0,0.35,9.40502037980192e-06,1.0061352205503185e-05
160,15,3.0,0.4,9.874251294075654e-06,8.919644409963532e-06
160,15,3.0,0.45,1.0310232752093237e-05,8.598000711712195e-06
160,15,3.0,0.5,1.0738890685057716e-05,8.576498118389457e-06
160,15,3.0,0.55,1.1169592989222685e-05,8.661263744486646e-06
160,15,3.0,0.6,1.160557791706801e-05,8.781017758276728e-06
160,15,3.0,0.65,1.2047834229944549e-05,8.909627830034733e-06
160,15,3.0,0.7,1.2496524886207803e-05,9.037467123618491e-06
160,15,3.0,0.75,1.2951506935181555e-05,9.160931102838762e-06
160,15,3.0,0.8,1.3412521289682766e-05,9.278616727475092e-06
160,15,3.0,0.85,1.3879262296825145e-05,9.389932833561409e-06
160,15,3.0,0.9,1.4351403619642237e-05,9.494595479842325e-06
160,15,3.0,0.95,1.4828608261963729e-05,9.592444944146828e-06
160,15,3.0,1.0,1.531053284717107e-05,9.683379478310766e-06
160,15,3.0,1.05,1.5796829818805334e-05,9.76733138180644e-06
160,15,3.0,1.1,1.6287148891221748e-05,9.84425837396258e-06
160,15,3.0,1.15,1.678113822948953e-05,9.914140464802655e-06
160,15,3.0,1.2,1.7278445529888033e-05,9.976978772340722e-06
160,15,3.0,1.25,1.7778719060794348e-05,1.003279499922546e-05
160,15,3.0,1.3,1.8281608683328434e-05,1.0081631102263621e-05
160,15,3.0,1.35,1.8786766856465382e-05,1.0123548985655935e-05
160,15,3.0,1.4,1.9293849626016277e-05,1.015863015661641e-05
160,15,3.0,1.45,1.980251759494811e-05,1.0186975321378589e-05
160,15,3.0,1.5,2.031243687184565e-05,1.0208703914175373e-05
160,15,3.0,1.55,2.082327999410185e-05,1.0223953557426469e-05
160,15,3.0,1.6,2.1334726822410562e-05,1.0232879453805905e-05
160,15,3.0,1.65,2.184646540319499e-05,1.023565371211976e-05
160,15,3.0,1.7,2.2358192795734935e-05,1.0232464609764098e-05
160,15,3.0,1.75,2.2869615860899022e-05,1.0223515795188003e-05
160,15,3.0,1.8,2.338045200858388e-05,1.0209025434358395e-05
160,15,3.0,1.85,2.389042990116839e-05,1.0189225305740399e-05
160,15,3.0,1.9,2.439929011053404e-05,1.0164359848768306e-05
160,15,3.0,1.95,2.4906785726455113e-05,1.0134685171172787e-05
160,15,3.0,2.0,2.54126829144478e-05,1.0100468020891553e-05
160,15,3.0,2.05,2.5916761421452124e-05,1.0061984728554958e-05
160,15,3.0,2.1,2.6418815028031586e-05,1.0019520126762071e-05
160,15,3.0,2.15,2.6918651946089005e-05,9.973366452507134e-06
160,15,3.0,2.2,2.7416095161417957e-05,9.923822239197237e-06
160,15,3.0,2.25,2.791098272072598e-05,9.87119120471173e-06
160,15,3.0,2.3,2.840316796309898e-05,9.815781141905029e-06
160,15,3.0,2.35,2.889251969618106e-05,9.757902817832504e-06
160,15,3.0,2.4,2.9378922317660928e-05,9.697868887804793e-06
160,15,3.0,2.45,2.9862275882956362e-05,9.635992830141547e-06
160,15,3.0,2.5,3.0342496120269153e-05,9.572587907208953e-06
160,15,3.0,2.55,3.081951439446098e-05,9.507966157994311e-06
160,15,3.0,2.6,3.129327762144612e-05,9.44243742709626e-06
160,15,3.0,2.65,3.1763748135041494e-05,9.37630843460276e-06
160,15,3.0,2.7,3.223090350841526e-05,9.309881890888629e-06
160,15,3.0,2.75,3.26947363324748e-05,9.243455659905799e-06
160,15,3.0,2.8,3.315525395369654e-05,9.177321974061631e-06
160,15,3.0,2.85,3.361247817404542e-05,9.111766703293138e-06
160,15,3.0,2.9,3.406644491574735e-05,9.047068680452457e-06
160,15,3.0,2.95,3.451720385377355e-05,8.983499084628404e-06
160,15,3.0,3.0,3.496481801896516e-05,8.921320883544955e-06
160,15,3.0,3.05,3.5409363374767795e-05,8.86078833570378e-06
160,15,3.0,3.1,3.5850928370574715e-05,8.802146552483422e-06
160,15,3.0,3.15,3.628961347466735e-05,8.745631119969298e-06
160,15,3.0,3.2,3.6725530689730135e-05,8.691467779879206e-06
160,15,3.0,3.25,3.7158803053866046e-05,8.639872168561966e-06
160,15,3.0,3.3,3.7589564129991075e-05,8.591049612693397e-06
160,15,3.0,3.35,3.801795748638854e-05,8.545194979966692e-06
160,15,3.0,3.4,3.844413617113942e-05,8.502492582788614e-06
160,15,3.0,3.45,3.8868262183010465e-05,8.463116132730408e-06
160,15,3.0,3.5,3.9290505941285996e-05,8.42722874326524e-06
160,15,3.0,3.55,3.971104575688873e-05,8.394982978133357e-06
160,15,3.0,3.6,4.013006730699786e-05,8.3665209425232e-06
160,15,3.0,3.65,4.054776311524131e-05,8.341974414139058e-06
160,15,3.0,3.7,4.096433203936905e-05,8.32146501113425e-06
160,15,3.0,3.75,4.137997876818787e-05,8.30510439383677e-06
160,15,3.0,3.8,4.1794913329356406e-05,8.292994497162413e-06
160,15,3.0,3.85,4.220935060950817e-05,8.285227790614187e-06
160,15,3.0,3.9,4.262350988799527e-05,8.281887562788532e-06
160,15,3.0,3.95,4.303761438541166e-05,8.283048227360772e-06
160,15,3.0,4.0,4.345189082788771e-05,8.288775647588009e-06
160,15,3.0,4.05,4.386656902801359e-05,8.299127476457688e-06
160,15,3.0,4.1,4.428188148310384e-05,8.314153509713127e-06
160,15,3.0,4.15,4.46980629913783e-05,8.333896049105174e-06
160,15,3.0,4.2,4.5115350286510367e-05,8.358390273349237e-06
160,15,3.0,4.25,4.553398169086407e-05,8.387664614404858e-06
160,15,3.0,4.3,4.595419678763293e-05,8.421741136842433e-06
160,15,3.0,4.35,4.637623611197903e-05,8.4606359182126e-06
160,15,3.0,4.4,4.6800340861174965e-05,8.50435942848901e-06
160,15,3.0,4.45,4.722675262366063e-05,8.552916906813552e-06
160,15,3.0,4.5,4.765571312683129e-05,8.606308733927402e-06
160,15,3.0,4.55,4.808746400331165e-05,8.66453079883014e-06
160,15,3.0,4.6,4.852224657539123e-05,8.727574858361338e-06
160,15,3.0,4.65,4.896030165723521e-05,8.795428888547713e-06
160,15,3.0,4.7,4.940186937443746e-05,8.868077426705932e-06
160,15,3.0,4.75,4.9847189000428635e-05,8.9455019034296e-06
160,15,3.0,4.8,5.029649880921451e-05,9.027680963722512e-06
160,15,3.0,4.85,5.075003594388765e-05,9.114590776667117e-06
160,15,3.0,4.9,5.1208036300324165e-05,9.206205333136507e-06
160,15,3.0,4.95,5.1670734425459756e-05,9.302496731170584e-06
160,15,3.0,5.0,5.213836342952175e-05,9.403435448741263e-06
160,15,4.0,0.0,7.2962581650151976e-09,4.276121140336452e-07
160,15,4.0,0.05,1.714297991253631e-07,1.0651777704129577e-05
160,15,4.0,0.1,2.308770283927631e-06,9.18879881158863e-05
160,15,4.0,0.15,9.47969738434498e-06,0.0001745494510412863
160,15,4.0,0.2,1.745788949850233e-05,0.0001313980489898354
160,15,4.0,0.25,2.2408146327420998e-05,7.07584926320141e-05
160,15,4.0,0.3,2.5035614383429775e-05,3.8690311987977374e-05
160,15,4.0,0.35,2.659030363851328e-05,2.555756229844728e-05
160,15,4.0,0.4,2.772474773942249e-05,2.063104493661475e-05
160,15,4.0,0.45,2.870412187759962e-05,1.884338158490217e-05
160,15,4.0,0.5,2.9627520902988535e-05,1.8199520371290657e-05
160,15,4.0,0.55,3.053054608212679e-05,1.7957992423778652e-05
160,15,4.0,0.6,3.1425442044162e-05,1.784888194961836e-05
160,15,4.0,0.65,3.231598895878917e-05,1.7774899847265856e-05
160,15,4.0,0.7,3.3202928091000216e-05,1.770134885734138e-05
160,15,4.0,0.75,3.408592577324167e-05,1.7616154880593114e-05
160,15,4.0,0.8,3.496428314341282e-05,1.7515422437895554e-05
160,15,4.0,0.85,3.5837193063335185e-05,1.739822506845888e-05
160,15,4.0,0.9,3.6703833769595714e-05,1.726472714711801e-05
160,15,4.0,0.95,3.756340363357719e-05,1.7115505561495565e-05
160,15,4.0,1.0,3.8415134606084e-05,1.69513030904551e-05
160,15,4.0,1.05,3.925829786204107e-05,1.677293701444962e-05
160,15,4.0,1.1,4.009220650522665e-05,1.658126355953003e-05
160,15,4.0,1.15,4.09162170824229e-05,1.637716247521554e-05
160,15,4.0,1.2,4.1729730539672944e-05,1.6161528938150485e-05
160,15,4.0,1.25,4.2532192852896195e-05,1.5935268192158198e-05
160,15,4.0,1.3,4.332309542171717e-05,1.5699291282940063e-05
160,15,4.0,1.35,4.410197526411876e-05,1.545451130152816e-05
160,15,4.0,1.4,4.4868415031262245e-05,1.5201839928190504e-05
160,15,4.0,1.45,4.5622042855347944e-05,1.4942184203105431e-05
160,15,4.0,1.5,4.6362532041086434e-05,1.4676443497902295e-05
160,15,4.0,1.55,4.7089600610561254e-05,1.4405506678870225e-05
160,15,4.0,1.6,4.7803010710970105e-05,1.4130249458357912e-05
160,15,4.0,1.65,4.850256789459638e-05,1.3851531932627498e-05
160,15,4.0,1.7,4.918812028031462e-05,1.3570196304869242e-05
160,15,4.0,1.75,4.985955760584102e-05,1.3287064791955431e-05
160,15,4.0,1.8,5.051681017988649e-05,1.3002937713309787e-05
160,15,4.0,1.85,5.115984774326055e-05,1.2718591759890673e-05
160,15,4.0,1.9,5.178867824788439e-05,1.243477844099683e-05
160,15,4.0,1.95,5.240334656253165e-05,1.215222270618668e-05
160,15,4.0,2.0,5.3003933113980405e-05,1.1871621739250137e-05
160,15,4.0,2.05,5.3590552472094494e-05,1.1593643920752794e-05
160,15,4.0,2.1,5.416335188716541e-05,1.1318927955273197e-05
160,15,4.0,2.15,5.4722509787644263e-05,1.104808215903414e-05
160,15,4.0,2.2,5.5268234246169133e-05,1.0781683903212891e-05
160,15,4.0,2.25,5.580076142154413e-05,1.0520279207800825e-05
160,15,4.0,2.3,5.6320353984056615e-05,1.0264382480479438e-05
160,15,4.0,2.35,5.68272995312484e-05,1.0014476394593959e-05
160,15,4.0,2.4,5.732190900092581e-05,9.77101189993679e-06
160,15,4.0,2.45,5.780451508789577e-05,9.534408359718184e-06
160,15,4.0,2.5,5.8275470670560456e-05,9.305053806793939e-06
160,15,4.0,2.55,5.87351472531548e-05,9.083305311952174e-06
160,15,4.0,2.6,5.918393342904557e-05,8.869489456834132e-06
160,15,4.0,2.65,5.9622233370135234e-05,8.66390290388096e-06
160,15,4.0,2.7,6.005046534702634e-05,8.46681305556133e-06
160,15,4.0,2.75,6.04690602842175e-05,8.27845879504661e-06
160,15,4.0,2.8,6.087846035420345e-05,8.099051300460443e-06
160,15,4.0,2.85,6.127911761396449e-05,7.928774924838056e-06
160,15,4.0,2.9,6.167149268693541e-05,7.767788133987843e-06
160,15,4.0,2.95,6.205605349314922e-05,7.616224494549284e-06
160,15,4.0,3.0,6.243327402988672e-05,7.474193704690847e-06
160,15,4.0,3.05,6.280363320476754e-05,7.341782660078117e-06
160,15,4.0,3.1,6.316761372287797e-05,7.21905654797195e-06
160,15,4.0,3.15,6.352570102915684e-05,7.106059962576949e-06
160,15,4.0,3.2,6.387838230694732e-05,7.0028180350579985e-06
160,15,4.0,3.25,6.422614553328229e-05,6.909337571960382e-06
160,15,4.0,3.3,6.456947859117805e-05,6.825608196117787e-06
160,15,4.0,3.35,6.490886843891728e-05,6.751603484493838e-06
160,15,4.0,3.4,6.52448003360414e-05,6.687282097784805e-06
160,15,4.0,3.45,6.557775712551556e-05,6.632588896999933e-06
160,15,4.0,3.5,6.590821857130388e-05,6.587456042634159e-06
160,15,4.0,3.55,6.623666075038551e-05,6.551804072448865e-06
160,15,4.0,3.6,6.656355549804973e-05,6.5255429542775e-06
160,15,4.0,3.65,6.688936990513836e-05,6.508573110668903e-06
160,15,4.0,3.7,6.72145658657567e-05,6.50078641257262e-06
160,15,4.0,3.75,6.753959967384927e-05,6.5020671396519014e-06
160,15,4.0,3.8,6.786492166690413e-05,6.512292905177054e-06
160,15,4.0,3.85,6.819097591498809e-05,6.531335543810431e-06
160,15,4.0,3.9,6.851819995321262e-05,6.559061960930595e-06
160,15,4.0,3.95,6.884702455567958e-05,6.59533494246658e-06
160,15,4.0,4.0,6.917787354892107e-05,6.640013924516636e-06
160,15,4.0,4.05,6.951116366279804e-05,6.692955722308264e-06
160,15,4.0,4.1,6.984730441683358e-05,6.7540152183214905e-06
160,15,4.0,4.15,7.018669803992631e-05,6.8230460096386324e-06
160,15,4.0,4.2,7.052973942142101e-05,6.899901014806718e-06
160,15,4.0,4.25,7.087681609151894e-05,6.984433040699558e-06
160,15,4.0,4.3,7.122830822904337e-05,7.0764953100468384e-06
160,15,4.0,4.35,7.158458869461886e-05,7.17594195045887e-06
160,15,4.0,4.4,7.194602308735349e-05,7.282628445915294e-06
160,15,4.0,4.45,7.231296982318666e-05,7.396412051809865e-06
160,15,4.0,4.5,7.268578023309573e-05,7.517152174745091e-06
160,15,4.0,4.55,7.306479867944253e-05,7.644710718359416e-06
160,15,4.0,4.6,7.345036268878798e-05,7.77895239653925e-06
160,15,4.0,4.65,7.384280309958228e-05,7.919745015423238e-06
160,15,4.0,4.7,7.424244422320172e-05,8.066959725647509e-06
160,15,4.0,4.75,7.464960401689359e-05,8.220471246310643e-06
160,15,4.0,4.8,7.506459426723015e-05,8.380158062148918e-06
160,15,4.0,4.85,7.548772078279409e-05,8.54590259542283e-06
160,15,4.0,4.9,7.59192835948528e-05,8.717591354007466e-06
160,15,4.0,4.95,7.635957716487199e-05,8.895115057167195e-06
160,15,4.0,5.0,7.68088905977922e-05,9.078368740474075e-06
160,15,5.0,0.0,1.1447679675531925e-08,6.011042345076404e-07
160,15,5.0,0.05,2.394447146147614e-07,1.540293572686789e-05
160,15,5.0,0.1,4.209469588458028e-06,0.00019651021675239116
160,15,5.0,0.15,2.3320473948751695e-05,0.000536242564680562
160,15,5.0,0.2,5.0244838638278636e-05,0.00047468723322873055
160,15,5.0,0.25,6.838245165571017e-05,0.00025770364628288964
160,15,5.0,0.3,7.760379761362639e-05,0.00012751527606375893
160,15,5.0,0.35,8.237768060800904e-05,7.191497760353632e-05
160,15,5.0,0.4,8.535076162624123e-05,5.041273760126459e-05
160,15,5.0,0.45,8.763236266673782e-05,4.211312341879913e-05
160,15,5.0,0.5,8.963984020957998e-05,3.8638483243555636e-05
160,15,5.0,0.55,9.152379328379552e-05,3.687777086385621e-05
160,15,5.0,0.6,9.333709236159613e-05,3.570691365161807e-05
160,15,5.0,0.65,9.50975096353116e-05,3.47252136989456e-05
160,15,5.0,0.7,9.68103760307582e-05,3.379198760850397e-05
160,15,5.0,0.75,9.84767049569375e-05,3.285952985043258e-05
160,15,5.0,0.8,0.00010009609336354273,3.1913278614825144e-05
160,15,5.0,0.85,0.00010166775427647433,3.095043594659925e-05
160,15,5.0,0.9,0.00010319088195240887,2.997233373197836e-05
160,15,5.0,0.95,0.00010466477867841328,2.8981705207302882e-05
160,15,5.0,1.0,0.0001060888962674909,2.798170582560328e-05
160,15,5.0,1.05,0.00010746284682962856,2.6975558126671654e-05
160,15,5.0,1.1,0.00010878640230155344,2.5966419726041356e-05
160,15,5.0,1.15,0.00011005948971945296,2.495733169987509e-05
160,15,5.0,1.2,0.00011128218476929011,2.3951196549174812e-05
160,15,5.0,1.25,0.00011245470456415579,2.2950767616215175e-05
160,15,5.0,1.3,0.00011357740003139492,2.195864344325563e-05
160,15,5.0,1.35,0.0001146507480873937,2.097726468926733e-05
160,15,5.0,1.4,0.00011567534370152277,2.0008912685563934e-05
160,15,5.0,1.45,0.00011665189192002389,1.9055709232702715e-05
160,15,5.0,1.5,0.00011758119990620045,1.811961742837318e-05
160,15,5.0,1.55,0.00011846416904475708,1.7202443385457295e-05
160,15,5.0,1.6,0.0001193017871519305,1.630583872742706e-05
160,15,5.0,1.65,0.00012009512082771451,1.5431303761805123e-05
160,15,5.0,1.7,0.00012084530798182576,1.4580191241017225e-05
160,15,5.0,1.75,0.00012155355056061688,1.375371062680267e-05
160,15,5.0,1.8,0.00012222110749818873,1.2952932780594317e-05
160,15,5.0,1.85,0.00012284928791115617,1.2178795008211546e-05
160,15,5.0,1.9,0.00012343944455311877,1.1432106392951698e-05
160,15,5.0,1.95,0.0001239929675417353,1.0713553356643817e-05
160,15,5.0,2.0,0.00012451127836838103,1.002370539351875e-05
160,15,5.0,2.05,0.00012499582419777197,9.3630209267451e-06
160,15,5.0,2.1,0.000125448072462519,8.73185324223158e-06
160,15,5.0,2.15,0.00012586950575545303,8.130456458754788e-06
160,15,5.0,2.2,0.00012626161702057514,7.558991497659782e-06
160,15,5.0,2.25,0.0001266259050418067,7.017532019290712e-06
160,15,5.0,2.3,0.0001269638702270982,6.506070296958326e-06
160,15,5.0,2.35,0.00012727701068414177,6.0245230026401476e-06
160,15,5.0,2.4,0.00012756681858267776,5.572736881758218e-06
160,15,5.0,2.45,0.0001278347767973507,5.150494297294965e-06
160,15,5.0,2.5,0.0001280823558241479,4.75751862620849e-06
160,15,5.0,2.55,0.00012831101096265191,4.393479493601609e-06
160,15,5.0,2.6,0.00012852217975569465,4.057997832403808e-06
160,15,5.0,2.65,0.00012871727967740806,3.750650758446965e-06
160,15,5.0,2.7,0.00012889770606024737,3.4709762527726145e-06
160,15,5.0,2.75,0.00012906483025117385,3.2184776448039554e-06
160,15,5.0,2.8,0.000129219997986906,2.992627891667445e-06
160,15,5.0,2.85,0.00012936452797799092,2.7928736504575874e-06
160,15,5.0,2.9,0.00012949971069124605,2.618639141619679e-06
160,15,5.0,2.95,0.00012962680732016066,2.469329802881445e-06
160,15,5.0,3.0,0.00012974704893274497,2.34433573430468e-06
160,15,5.0,3.05,0.0001298616357864533,2.243034936058764e-06
160,15,5.0,3.1,0.00012997173679986276,2.1647963414442347e-06
160,15,5.0,3.15,0.0001300784891709483,2.1089826485220444e-06
160,15,5.0,3.2,0.00013018299813199406,2.074952954439636e-06
160,15,5.0,3.25,0.00013028633683138488,2.062065197189389e-06
160,15,5.0,3.3,0.00013038954633277737,2.0696784100996853e-06
160,15,5.0,3.35,0.000130493635722433,2.0971547948404665e-06
160,15,5.0,3.4,0.00013059958231580152,2.143861619135317e-06
160,15,5.0,3.45,0.00013070833195472878,2.2091729457110185e-06
160,15,5.0,3.5,0.00013082079938704942,2.2924711992873812e-06
160,15,5.0,3.55,0.00013093786872061202,2.3931485786235397e-06
160,15,5.0,3.6,0.00013106039394419387,2.5106083207897844e-06
160,15,5.0,3.65,0.0001311891995080751,2.6442658249359332e-06
160,15,5.0,3.7,0.0001313250809574544,2.7935496428789368e-06
160,15,5.0,3.75,0.00013146880561220394,2.957902343839313e-06
160,15,5.0,3.8,0.00013162111328687435,3.136781260622833e-06
160,15,5.0,3.85,0.0001317827170451952,3.329659124472632e-06
160,15,5.0,3.9,0.00013195430398368197,3.5360245957108238e-06
160,15,5.0,3.95,0.00013213653603931679,3.7553826971576535e-06
160,15,5.0,4.0,0.00013233005081660996,3.987255157152518e-06
160,15,5.0,4.05,0.00013253546242969537,4.231180668820525e-06
160,15,5.0,4.1,0.00013275336235542542,4.486715072023879e-06
160,15,5.0,4.15,0.0001329843202937646,4.75343146421911e-06
160,15,5.0,4.2,0.0001332288850320688,5.030920246208202e-06
160,15,5.0,4.25,0.00013348758531015324,5.3187891085279816e-06
160,15,5.0,4.3,0.00013376093068330068,5.616662963969408e-06
160,15,5.0,4.35,0.00013404941238066636,5.924183831462881e-06
160,15,5.0,4.4,0.00013435350415676314,6.2410106763012e-06
160,15,5.0,4.45,0.00013467366313395804,6.566819211410642e-06
160,15,5.0,4.5,0.00013501033063416663,6.901301664116697e-06
160,15,5.0,4.55,0.00013536393299809707,7.244166512589161e-06
160,15,5.0,4.6,0.00013573488239064494,7.595138195892998e-06
160,15,5.0,4.65,0.00013612357759121177,7.953956801317995e-06
160,15,5.0,4.7,0.0001365304047678886,8.320377732410592e-06
160,15,5.0,4.75,0.00013695573823462671,8.694171360890957e-06
160,15,5.0,4.8,0.00013739994119066874,9.075122665402074e-06
160,15,5.0,4.85,0.00013786336644163434,9.46303085981199e-06
160,15,5.0,4.9,0.00013834635710182234,9.857709013572555e-06
160,15,5.0,4.95,0.00013884924727737512,1.0258983666428353e-05
160,15,5.0,5.0,0.00013937236273008606,1.0666694439570124e-05
160,20,0.0,0.0,6.794256560633628e-12,4.0340713352333807e-10
160,20,0.0,0.05,7.53567223843789e-11,2.6832319125024204e-09
160,20,0.0,0.1,2.5949492135067577e-10,4.073383559976991e-09
160,20,0.0,0.15,4.318159850144056e-10,2.6163782961848204e-09
160,20,0.0,0.2,5.236828937310274e-10,1.1892197283129008e-09
160,20,0.0,0.25,5.63473604477379e-10,5.020820578365544e-10
160,20,0.0,0.3,5.80758464071308e-10,2.328745700002668e-10
160,20,0.0,0.35,5.895233967656903e-10,1.341762916103344e-10
160,20,0.0,0.4,5.951923710637713e-10,9.851095541467821e-11
160,20,0.0,0.45,5.997375133398463e-10,8.539824734381938e-11
160,20,0.0,0.5,6.038607167341232e-10,8.027386847125917e-11
160,20,0.0,0.55,6.078104074698997e-10,7.797800015747608e-11
160,20,0.0,0.6,6.11674762435628e-10,7.669140931208747e-11
160,20,0.0,0.65,6.154854774975764e-10,7.577270352505528e-11
160,20,0.0,0.7,6.19254306430703e-10,7.49946803211773e-11
160,20,0.0,0.75,6.229859037792215e-10,7.42756498221523e-11
160,20,0.0,0.8,6.266823362315851e-10,7.358503503773403e-11
160,20,0.0,0.85,6.303446676373184e-10,7.291022740927043e-11
160,20,0.0,0.9,6.33973516822346e-10,7.224495730476704e-11
160,20,0.0,0.95,6.375692551429744e-10,7.158521856574456e-11
160,20,0.0,1.0,6.411320779163779e-10,7.092784450034663e-11
160,20,0.0,1.05,6.446620318944981e-10,7.027001406923962e-11
160,20,0.0,1.1,6.481590275969804e-10,6.960908405793755e-11
160,20,0.0,1.15,6.51622846592504e-10,6.894253518765677e-11
160,20,0.0,1.2,6.550531472465041e-10,6.82679577721761e-11
160,20,0.0,1.25,6.584494701488565e-10,6.758305084028967e-11
160,20,0.0,1.3,6.618112436271058e-10,6.68856255957785e-11
160,20,0.0,1.35,6.65137789468954e-10,6.617361003245672e-11
160,20,0.0,1.4,6.68428328879351e-10,6.54450536053555e-11
160,20,0.0,1.45,6.716819886641862e-10,6.4698131587063e-11
160,20,0.0,1.5,6.748978076210782e-10,6.393114899120564e-11
160,20,0.0,1.55,6.780747431148832e-10,6.314254403121772e-11
160,20,0.0,1.6,6.81211677814428e-10,6.233089111048247e-11
160,20,0.0,1.65,6.843074265670001e-10,6.149490334817167e-11
160,20,0.0,1.7,6.873607433877676e-10,6.063343464578026e-11
160,20,0.0,1.75,6.903703285410414e-10,5.974548129843469e-11
160,20,0.0,1.8,6.933348356908129e-10,5.883018315370462e-11
160,20,0.0,1.85,6.962528790979303e-10,5.788682431888568e-11
160,20,0.0,1.9,6.991230408413737e-10,5.691483341681699e-11
160,20,0.0,1.95,7.019438780410185e-10,5.591378338951811e-11
160,20,0.0,2.0,7.047139300591924e-10,5.488339084845357e-11
160,20,0.0,2.05,7.074317256585379e-10,5.3823514970359955e-11
160,20,0.0,2.1,7.100957900930805e-10,5.273415593786894e-11
160,20,0.0,2.15,7.127046521101098e-10,5.161545292494843e-11
160,20,0.0,2.2,7.152568508399234e-10,5.046768162819709e-11
160,20,0.0,2.25,7.177509425508032e-10,4.929125134640057e-11
160,20,0.0,2.3,7.201855072467563e-10,4.808670161238598e-11
160,20,0.0,2.35,7.225591550858711e-10,4.685469838308605e-11
160,20,0.0,2.4,7.248705325971216e-10,4.5596029795774915e-11
160,20,0.0,2.45,7.271183286744992e-10,4.431160150072341e-11
160,20,0.0,2.5,7.293012803273683e-10,4.300243158287866e-11
160,20,0.0,2.55,7.314181781669743e-10,4.166964508766228e-11
160,20,0.0,2.6,7.334678716096602e-10,4.0314468168532416e-11
160,20,0.0,2.65,7.354492737785006e-10,3.893822187651292e-11
160,20,0.0,2.7,7.373613660858499e-10,3.7542315614439116e-11
160,20,0.0,2.75,7.392032024807663e-10,3.6128240281161366e-11
160,20,0.0,2.8,7.409739133465097e-10,3.469756113336179e-11
160,20,0.0,2.85,7.426727090346101e-10,3.325191039488508e-11
160,20,0.0,2.9,7.442988830238237e-10,3.1792979645622683e-11
160,20,0.0,2.95,7.458518146937237e-10,3.032251202389003e-11
160,20,0.0,3.0,7.473309717043894e-10,2.884229427793504e-11
160,20,0.0,3.05,7.487359119758154e-10,2.7354148703674797e-11
160,20,0.0,3.1,7.50066285262036e-10,2.5859925006918962e-11
160,20,0.0,3.15,7.513218343173492e-10,2.4361492129240317e-11
160,20,0.0,3.2,7.525023956537549e-10,2.2860730077232504e-11
160,20,0.0,3.25,7.536078998907412e-10,2.1359521795162583e-11
160,20,0.0,3.3,7.546383717006548e-10,1.9859745120979854e-11
160,20,0.0,3.35,7.555939293547149e-10,1.836326486525654e-11
160,20,0.0,3.4,7.564747838769853e-10,1.6871925051950906e-11
160,20,0.0,3.45,7.572812378150887e-10,1.5387541358848644e-11
160,20,0.0,3.5,7.58013683638763e-10,1.3911893794229722e-11
160,20,0.0,3.55,7.58672601778922e-10,1.2446719644686425e-11
160,20,0.0,3.6,7.592585583214989e-10,1.099370672712199e-11
160,20,0.0,3.65,7.597722023721807e-10,9.55448697581397e-12
160,20,0.0,3.7,7.602142631094708e-10,8.130630393049903e-12
160,20,0.0,3.75,7.605855465449608e-10,6.723639389247333e-12
160,20,0.0,3.8,7.608869320107358e-10,5.33494353571715e-12
160,20,0.0,3.85,7.611193683952576e-10,3.9658947503072924e-12
160,20,0.0,3.9,7.612838701496662e-10,2.6177629331496884e-12
160,20,0.0,3.95,7.613815130874218e-10,1.291732066604704e-12
160,20,0.0,4.0,7.614134300008012e-10,-1.1103209650180222e-14
160,20,0.0,4.05,7.613808061182086e-10,-1.2897405406398962e-12
160,20,0.0,4.1,7.612848744265063e-10,-2.54327231063264e-12
160,20,0.0,4.15,7.611269108829185e-10,-3.770887608756391e-12
160,20,0.0,4.2,7.609082295407569e-10,-4.971873707298022e-12
160,20,0.0,4.25,7.606301776134226e-10,-6.145617057260664e-12
160,20,0.0,4.3,7.602941305004638e-10,-7.29160380859243e-12
160,20,0.0,4.35,7.59901486799372e-10,-8.409419865186895e-12
160,20,0.0,4.4,7.594536633259437e-10,-9.498750487295445e-12
160,20,0.0,4.45,7.589520901655818e-10,-1.0559379456324071e-11
160,20,0.0,4.5,7.583982057768939e-10,-1.1591187819135639e-11
160,20,0.0,4.55,7.577934521681987e-10,-1.2594152230916407e-11
160,20,0.0,4.6,7.571392701665637e-10,-1.3568342917383751e-11
160,20,0.0,4.65,7.564370947977011e-10,-1.4513921278593458e-11
160,20,0.0,4.7,7.556883507941941e-10,-1.5431137157882738e-11
160,20,0.0,4.75,7.548944482481324e-10,-1.632032580051408e-11
160,20,0.0,4.8,7.540567784230296e-10,-1.718190452739618e-11
160,20,0.0,4.85,7.531767097386381e-10,-1.8016369149848896e-11
160,20,0.0,4.9,7.522555839409835e-10,-1.882429015175757e-11
160,20,0.0,4.95,7.512947124685152e-10,-1.9606308665626376e-11
160,20,0.0,5.0,7.502953730240946e-10,-2.0363132269021197e-11
160,20,1.0,0.0,2.3943568610630363e-09,1.5189356691835467e-07
160,20,1.0,0.05,3.686165265413104e-08,1.5876439535404711e-06
160,20,1.0,0.1,1.738203260602067e-07,3.55931096151967e-06
160,20,1.0,0.15,3.4320552586415464e-07,2.870429344233672e-06
160,20,1.0,0.2,4.517462948267367e-07,1.5421937874112009e-06
160,20,1.0,0.25,5.079644793806948e-07,8.043917079048231e-07
160,20,1.0,0.3,5.393879849508347e-07,5.006347688175838e-07
160,20,1.0,0.35,5.611577615261442e-07,3.8926250417077286e-07
160,20,1.0,0.4,5.79512211783875e-07,3.5201578646595125e-07
160,20,1.0,0.45,5.967988625102581e-07,3.420274798502515e-07
160,20,1.0,0.5,6.13873645029506e-07,3.4188918652675964e-07
160,20,1.0,0.55,6.310444862129663e-07,3.4527260725143136e-07
160,20,1.0,0.6,6.484207904857598e-07,3.49892142135365e-07
160,20,1.0,0.65,6.660402745526411e-07,3.54921583864984e-07
160,20,1.0,0.7,6.83914662814055e-07,3.600594059889247e-07
160,20,1.0,0.75,7.020461002061125e-07,3.6519231504747216e-07
160,20,1.0,0.8,7.204330354792841e-07,3.702744003507348e-07
160,20,1.0,0.85,7.390723242546514e-07,3.752837755982533e-07
160,20,1.0,0.9,7.579599764710799e-07,3.8020704247908523e-07
160,20,1.0,0.95,7.770914185144355e-07,3.850337378549931e-07
160,20,1.0,1.0,7.96461582283861e-07,3.8975436256650823e-07
160,20,1.0,1.05,8.160649332178788e-07,3.9435969529476535e-07
160,20,1.0,1.1,8.358954774841413e-07,3.988405678889511e-07
160,20,1.0,1.15,8.559467627828222e-07,4.031878068495037e-07
160,20,1.0,1.2,8.762118779790252e-07,4.073922350536514e-07
160,20,1.0,1.25,8.966834534662127e-07,4.11444695684166e-07
160,20,1.0,1.3,9.173536629703256e-07,4.153360846341344e-07
160,20,1.0,1.35,9.382142270726487e-07,4.19057386360888e-07
160,20,1.0,1.4,9.592564185683468e-07,4.2259971127108627e-07
160,20,1.0,1.45,9.804710697146673e-07,4.259543338247991e-07
160,20,1.0,1.5,1.0018485813929664e-06,4.291127309365493e-07
160,20,1.0,1.55,1.0233789341922236e-06,4.320666203852939e-07
160,20,1.0,1.6,1.045051701408065e-06,4.3480799898906873e-07
160,20,1.0,1.65,1.0668560639398575e-06,4.373291803117228e-07
160,20,1.0,1.7,1.088780827056532e-06,4.3962283167151874e-07
160,20,1.0,1.75,1.1108144389907563e-06,4.416820102204818e-07
160,20,1.0,1.8,1.1329450113087703e-06,4.4350019786288426e-07
160,20,1.0,1.85,1.1551603409925546e-06,4.4507133478268457e-07
160,20,1.0,1.9,1.1774479341587039e-06,4.463898513524309e-07
160,20,1.0,1.95,1.1997950313277147e-06,4.474506982012561e-07
160,20,1.0,2.0,1.2221886341460355e-06,4.482493742264486e-07
160,20,1.0,2.05,1.2446155334531766e-06,4.487819523426411e-07
160,20,1.0,2.1,1.2670623385753927e-06,4.4904510277362545e-07
160,20,1.0,2.15,1.289515507718804e-06,4.490361137056068e-07
160,20,1.0,2.2,1.3119613793258882e-06,4.487529091360197e-07
160,20,1.0,2.25,1.3343862042508488e-06,4.4819406376922123e-07
160,20,1.0,2.3,1.3567761786035146e-06,4.4735881482989047e-07
160,20,1.0,2.35,1.3791174771043697e-06,4.4624707068527636e-07
160,20,1.0,2.4,1.4013962867890374e-06,4.448594161898139e-07
160,20,1.0,2.45,1.4235988408968597e-06,4.4319711468893696e-07
160,20,1.0,2.5,1.445711452775107e-06,4.4126210664305025e-07
160,20,1.0,2.55,1.4677205496296316e-06,4.390570048577855e-07
160,20,1.0,2.6,1.4896127059523754e-06,4.3658508633200344e-07
160,20,1.0,2.65,1.511374676457445e-06,4.3385028076062515e-07
160,20,1.0,2.7,1.53299342835991e-06,4.3085715575483403e-07
160,20,1.0,2.75,1.5544561728353362e-06,4.2761089886732535e-07
160,20,1.0,2.8,1.5757503955030058e-06,4.241172965346367e-07
160,20,1.0,2.85,1.5968638857819765e-06,4.2038271007206164e-07
160,20,1.0,2.9,1.617784764976363e-06,4.1641404887887146e-07
160,20,1.0,2.95,1.6385015129550102e-06,4.1221874103241156e-07
160,20,1.0,3.0,1.6590029932992913e-06,4.078047014685442e-07
160,20,1.0,3.05,1.6792784768044878e-06,4.0318029796344186e-07
160,20,1.0,3.1,1.6993176632297136e-06,3.9835431514645454e-07
160,20,1.0,3.15,1.7191107012044868e-06,3.933359167870096e-07
160,20,1.0,3.2,1.738648206211616e-06,3.8813460660883394e-07
160,20,1.0,3.25,1.7579212765795578e-06,3.8276018789305475e-07
160,20,1.0,3.3,1.7769215074301143e-06,3.7722272213724635e-07
160,20,1.0,3.35,1.7956410025410642e-06,3.715324870406528e-07
160,20,1.0,3.4,1.8140723840969966e-06,3.6569993408644207e-07
160,20,1.0,3.45,1.8322088003146841e-06,3.597356459898883e-07
160,20,1.0,3.5,1.8500439309430898e-06,3.536502942771795e-07
160,20,1.0,3.55,1.8675719906509418e-06,3.474545972529383e-07
160,20,1.0,3.6,1.8847877303275986e-06,3.4115927860582644e-07
160,20,1.0,3.65,1.901686436335229e-06,3.347750268908308e-07
160,20,1.0,3.7,1.9182639277616737e-06,3.2831245611420235e-07
160,20,1.0,3.75,1.93451655173459e-06,3.21782067632767e-07
160,20,1.0,3.8,1.95044117686757e-06,3.151942135635952e-07
160,20,1.0,3.85,1.9660351849182253e-06,3.085590618830538e-07
160,20,1.0,3.9,1.981296460746829e-06,3.0188656337625345e-07
160,20,1.0,3.95,1.9962233806718193e-06,2.9518642057923376e-07
160,20,1.0,4.0,2.0108147993246596e-06,2.884680588367313e-07
160,20,1.0,4.05,2.0250700351128105e-06,2.8174059957890767e-07
160,20,1.0,4.1,2.038988854403674e-06,2.7501283590046044e-07
160,20,1.0,4.15,2.0525714545466412e-06,2.6829321050601184e-07
160,20,1.0,4.2,2.0658184458521605e-06,2.6158979606608906e-07
160,20,1.0,4.25,2.0787308326498154e-06,2.5491027800932716e-07
160,20,1.0,4.3,2.091309993546882e-06,2.482619397580507e-07
160,20,1.0,4.35,2.1035576610096533e-06,2.4165165039706363e-07
160,20,1.0,4.4,2.1154759003884905e-06,2.3508585474888734e-07
160,20,1.0,4.45,2.1270670885060242e-06,2.285705658132587e-07
160,20,1.0,4.5,2.1383338919250846e-06,2.2211135951431272e-07
160,20,1.0,4.55,2.149279245010425e-06,2.1571337168588982e-07
160,20,1.0,4.6,2.1599063278940484e-06,2.093812972134969e-07
160,20,1.0,4.65,2.1702185444494386e-06,2.0311939124100424e-07
160,20,1.0,4.7,2.1802195003758627e-06,1.969314723410675e-07
160,20,1.0,4.75,2.189912981487955e-06,1.9082092754039771e-07
160,20,1.0,4.8,2.19930293230042e-06,1.847907190846011e-07
160,20,1.0,4.85,2.208393434992247e-06,1.7884339282220014e-07
160,20,1.0,4.9,2.217188688827725e-06,1.7298108808348162e-07
160,20,1.0,4.95,2.2256929901063847e-06,1.672055489273029e-07
160,20,1.0,5.0,2.233910712706555e-06,1.615181366273677e-07
160,20,2.0,0.0,8.208535953280098e-09,5.330645482997389e-07
160,20,2.0,0.05,1.6359759734616384e-07,8.24671314166049e-06
160,20,2.0,0.1,1.0832184453483022e-06,2.81697590976541e-05
160,20,2.0,0.15,2.6149301541543464e-06,2.8946628404957004e-05
160,20,2.0,0.2,3.7789300168953566e-06,1.7567681436422284e-05
160,20,2.0,0.25,4.443207301228605e-06,9.90241670970961e-06
160,20,2.0,0.3,4.841810185994025e-06,6.558775473292047e-06
160,20,2.0,0.35,5.1337587639322405e-06,5.336444383589037e-06
160,20,2.0,0.4,5.389284387936227e-06,4.967840548733027e-06
160,20,2.0,0.45,5.635755612011718e-06,4.922002441991497e-06
160,20,2.0,0.5,5.883417318005635e-06,4.995940187708375e-06
160,20,2.0,0.55,6.136066920232175e-06,5.1143283526728955e-06
160,20,2.0,0.6,6.395120506015193e-06,5.2494556045054286e-06
160,20,2.0,0.65,6.661118043685882e-06,5.391105635476569e-06
160,20,2.0,0.7,6.9342748766140775e-06,5.535452861629837e-06
160,20,2.0,0.75,7.214682889034026e-06,5.6809985684771415e-06
160,20,2.0,0.8,7.502383648836514e-06,5.827088164171506e-06
160,20,2.0,0.85,7.797394875432588e-06,5.973371124346454e-06
160,20,2.0,0.9,8.099719919905762e-06,6.119604669293276e-06
160,20,2.0,0.95,8.409351078080072e-06,6.2655826732912725e-06
160,20,2.0,1.0,8.726270678087531e-06,6.41111018489605e-06
160,20,2.0,1.05,9.05045137810967e-06,6.5559945652066626e-06
160,20,2.0,1.1,9.381856197683533e-06,6.700042692121179e-06
160,20,2.0,1.15,9.720438473980394e-06,6.8430603910119675e-06
160,20,2.0,1.2,1.0066141813646214e-05,6.984852693934128e-06
160,20,2.0,1.25,1.041890006677353e-05,7.1252244170143826e-06
160,20,2.0,1.3,1.0778637333448486e-05,7.263980867965033e-06
160,20,2.0,1.35,1.1145268007323292e-05,7.400928612528117e-06
160,20,2.0,1.4,1.1518696858339107e-05,7.535876270903873e-06
160,20,2.0,1.45,1.1898819155716901e-05,7.668635330390518e-06
160,20,2.0,1.5,1.2285520831805539e-05,7.799020965848055e-06
160,20,2.0,1.55,1.2678678687011035e-05,7.926852861452688e-06
160,20,2.0,1.6,1.3078160635721666e-05,8.051956027812957e-06
160,20,2.0,1.65,1.3483825992853318e-05,8.174161608714056e-06
160,20,2.0,1.7,1.3895525800354137e-05,8.293307671814924e-06
160,20,2.0,1.75,1.4313103192726249e-05,8.409239977692503e-06
160,20,2.0,1.8,1.4736393800343132e-05,8.521812721707016e-06
160,20,2.0,1.85,1.5165226189067503e-05,8.630889243306034e-06
160,20,2.0,1.9,1.5599422334412503e-05,8.736342697566594e-06
160,20,2.0,1.95,1.6038798128231536e-05,8.838056684010085e-06
160,20,2.0,2.0,1.6483163915682722e-05,8.935925828016948e-06
160,20,2.0,2.05,1.693232505998752e-05,9.029856310497153e-06
160,20,2.0,2.1,1.7386082532296155e-05,9.119766341855813e-06
160,20,2.0,2.15,1.7844233523784546e-05,9.205586576713065e-06
160,20,2.0,2.2,1.8306572076939603e-05,9.287260466293784e-06
160,20,2.0,2.25,1.8772889732851782e-05,9.364744545894272e-06
160,20,2.0,2.3,1.92429761912127e-05,9.438008655347213e-06
160,20,2.0,2.35,1.9716619979629215e-05,9.507036090944607e-06
160,20,2.0,2.4,2.0193609128795507e-05,9.571823687827277e-06
160,20,2.0,2.45,2.067373185003917e-05,9.632381832414106e-06
160,20,2.0,2.5,2.1156777211739556e-05,9.688734405001562e-06
160,20,2.0,2.55,2.1642535811143887e-05,9.74091865322519e-06
160,20,2.0,2.6,2.2130800438153872e-05,9.788984997621538e-06
160,20,2.0,2.65,2.2621366727726087e-05,9.832996771057957e-06
160,20,2.0,2.7,2.3114033797640247e-05,9.873029894309726e-06
160,20,2.0,2.75,2.3608604868503664e-05,9.90917249053943e-06
160,20,2.0,2.8,2.4104887863019913e-05,9.94152444188494e-06
160,20,2.0,2.85,2.4602695981713016e-05,9.970196891769183e-06
160,20,2.0,2.9,2.5101848252493144e-05,9.995311696914207e-06
160,20,2.0,2.95,2.5602170051654727e-05,1.0017000833364816e-05
160,20,2.0,3.0,2.6103493594120282e-05,1.0035405761102194e-05
160,20,2.0,3.05,2.6605658390978926e-05,1.0050676752054268e-05
160,20,2.0,3.1,2.7108511672616564e-05,1.0062972186485987e-05
160,20,2.0,3.15,2.7611908775977543e-05,1.0072457822872316e-05
160,20,2.0,3.2,2.8115713494767508e-05,1.0079306046434092e-05
160,20,2.0,3.25,2.8619798391657065e-05,1.0083695101534754e-05
160,20,2.0,3.3,2.912404507180873e-05,1.008580831310943e-05
160,20,2.0,3.35,2.962834441731008e-05,1.0085833302224565e-05
160,20,2.0,3.4,3.0132596782338887e-05,1.008396120074345e-05
160,20,2.0,3.45,3.063671214914253e-05,1.0080385869915535e-05
160,20,2.0,3.5,3.1140610245140434e-05,1.0075303127505089e-05
160,20,2.0,3.55,3.1644220621688016e-05,1.0068909987841664e-05
160,20,2.0,3.6,3.214748269525411e-05,1.006140391891113e-05
160,20,2.0,3.65,3.265034575195683e-05,1.0052982120313067e-05
160,20,2.0,3.7,3.315276891659459e-05,1.004384082560031e-05
160,20,2.0,3.75,3.365472108747152e-05,1.0034174632184673e-05
160,20,2.0,3.8,3.415618083846482e-05,1.0024175861648966e-05
160,20,2.0,3.85,3.4657136289922074e-05,1.0014033952956064e-05
160,20,2.0,3.9,3.5157584950086154e-05,1.0003934890686763e-05
160,20,2.0,3.95,3.565753352884654e-05,9.994060670083741e-06
160,20,2.0,4.0,3.61569977256912e-05,9.98458880032262e-06
160,20,2.0,4.05,3.665600199380196e-05,9.975691847087674e-06
160,20,2.0,4.1,3.7154579282279104e-05,9.967537015191433e-06
160,20,2.0,4.15,3.765277075850425e-05,9.960285771653128e-06
160,20,2.0,4.2,3.8150625512673104e-05,9.954093509345229e-06
160,20,2.0,4.25,3.864820024652239e-05,9.949109251025574e-06
160,20,2.0,4.3,3.914555894825644e-05,9.94547539330091e-06
160,20,2.0,4.35,3.9642772555659844e-05,9.943327489821104e-06
160,20,2.0,4.4,4.013991860932739e-05,9.942794072771134e-06
160,20,2.0,4.45,4.0637080897907314e-05,9.943996511528082e-06
160,20,2.0,4.5,4.1134349097174667e-05,9.947048907163484e-06
160,20,2.0,4.55,4.163181840469994e-05,9.952058021318961e-06
160,20,2.0,4.6,4.212958917178427e-05,9.959123237842712e-06
160,20,2.0,4.65,4.2627766534261585e-05,9.968336555466706e-06
160,20,2.0,4.7,4.3126460043672766e-05,9.979782609711508e-06
160,20,2.0,4.75,4.3625783300225866e-05,9.993538722138855e-06
160,20,2.0,4.8,4.412585358886303e-05,1.0009674975023146e-05
160,20,2.0,4.85,4.4626791519656305e-05,1.002825430948389e-05
160,20,2.0,4.9,4.5128720673655205e-05,1.0049332645109838e-05
160,20,2.0,4.95,4.5631767255211246e-05,1.007295901911065e-05
160,20,2.0,5.0,4.613605975170736e-05,1.0099175743052057e-05
160,20,3.0,0.0,6.457164344925121e-09,4.099621719057147e-07
160,20,3.0,0.05,1.4913877697007508e-07,8.463912370457247e-06
160,20,3.0,0.1,1.3846240861903825e-06,4.438057683944461e-05
160,20,3.0,0.15,4.184756490046626e-06,5.8961701506277865e-05
160,20,3.0,0.2,6.6798371297428965e-06,3.901138685168567e-05
160,20,3.0,0.25,8.153443899160825e-06,2.163739587450927e-05
160,20,3.0,0.3,9.000249310493445e-06,1.3435523671963783e-05
160,20,3.0,0.35,9.579828924280027e-06,1.0277500463666138e-05
160,20,3.0,0.4,1.0061986756728484e-05,9.214445212689098e-06
160,20,3.0,0.45,1.0514147346002186e-05,8.948292154691791e-06
160,20,3.0,0.5,1.0961541918860832e-05,8.975171691049688e-06
160,20,3.0,0.55,1.1413359232924561e-05,9.107260652721142e-06
160,20,3.0,0.6,1.1872847780999473e-05,9.275431657151927e-06
160,20,3.0,0.65,1.234107218558069e-05,9.4542624661194e-06
160,20,3.0,0.7,1.2818291421526876e-05,9.634309186486309e-06
160,20,3.0,0.75,1.3304462045412193e-05,9.811955227740157e-06
160,20,3.0,0.8,1.3799421702895302e-05,9.985709838077383e-06
160,20,3.0,0.85,1.4302956167750985e-05,1.015486137037415e-05
160,20,3.0,0.9,1.4814824040128411e-05,1.0318988301911497e-05
160,20,3.0,0.95,1.5334766090397722e-05,1.0477782295823284e-05
160,20,3.0,1.0,1.5862509061602644e-05,1.063098466157498e-05
160,20,3.0,1.05,1.6397767495023965e-05,1.0778363977305529e-05
160,20,3.0,1.1,1.6940244871775587e-05,1.0919708623524393e-05
160,20,3.0,1.15,1.7489634538059247e-05,1.1054824693014e-05
160,20,3.0,1.2,1.804562058192135e-05,1.1183535812818215e-05
160,20,3.0,1.25,1.8607878720385867e-05,1.130568361766141e-05
160,20,3.0,1.3,1.9176077216115396e-05,1.142112841349567e-05
160,20,3.0,1.35,1.9749877828134286e-05,1.152974985985669e-05
160,20,3.0,1.4,2.032893679565993e-05,1.1631447605089421e-05
160,20,3.0,1.45,2.0912905851902897e-05,1.1726141847038009e-05
160,20,3.0,1.5,2.150143326375462e-05,1.1813773806203213e-05
160,20,3.0,1.55,2.2094164892783532e-05,1.1894306104049279e-05
160,20,3.0,1.6,2.2690745272674264e-05,1.1967723041715251e-05
160,20,3.0,1.65,2.3290818698041417e-05,1.2034030775865763e-05
160,20,3.0,1.7,2.3894030319416945e-05,1.2093257389498527e-05
160,20,3.0,1.75,2.450002723912445e-05,1.214545285649716e-05
160,20,3.0,1.8,2.5108459602717078e-05,1.2190688899632515e-05
160,20,3.0,1.85,2.5718981680662744e-05,1.2229058742623285e-05
160,20,3.0,1.9,2.633125293501177e-05,1.2260676757758421e-05
160,20,3.0,1.95,2.6944939065885255e-05,1.228567801143831e-05
160,20,3.0,2.0,2.7559713032749115e-05,1.2304217710838426e-05
160,20,3.0,2.05,2.8175256045635324e-05,1.231647055569036e-05
160,20,3.0,2.1,2.879125852167429e-05,1.2322629999923296e-05
160,20,3.0,2.15,2.9407421002569688e-05,1.2322907428606612e-05
160,20,3.0,2.2,3.002345502892709e-05,1.2317531256261934e-05
160,20,3.0,2.25,3.063908396767006e-05,1.2306745953178148e-05
160,20,3.0,2.3,3.1254043789119956e-05,1.2290811006850143e-05
160,20,3.0,2.35,3.186808379068053e-05,1.226999982607257e-05
160,20,3.0,2.4,3.248096726445757e-05,1.2244598595550938e-05
160,20,3.0,2.45,3.309247210654178e-05,1.22149050891383e-05
160,20,3.0,2.5,3.3702391366088703e-05,1.2181227449966948e-05
160,20,3.0,2.55,3.4310533732753085e-05,1.2143882945827148e-05
160,20,3.0,2.6,3.49167239614486e-05,1.210319670814058e-05
160,20,3.0,2.65,3.552080323381483e-05,1.2059500462792211e-05
160,20,3.0,2.7,3.6122629456195694e-05,1.2013131260930732e-05
160,20,3.0,2.75,3.672207749431958e-05,1.1964430217611945e-05
160,20,3.0,2.8,3.731903934526586e-05,1.1913741265865402e-05
160,20,3.0,2.85,3.7913424247674014e-05,1.1861409933406099e-05
160,20,3.0,2.9,3.850515873149403e-05,1.1807782148796767e-05
160,20,3.0,2.95,3.9094186608917895e-05,1.1753203083408404e-05
160,20,3.0,3.0,3.968046890842354e-05,1.1698016035019943e-05
160,20,3.0,3.05,4.026398375415287e-05,1.1642561358364027e-05
160,20,3.0,3.1,4.084472619309273e-05,1.158717544736182e-05
160,20,3.0,3.15,4.142270797274384e-05,1.1532189773204891e-05
160,20,3.0,3.2,4.1997957272167314e-05,1.1477929981851394e-05
160,20,3.0,3.25,4.2570518389457005e-05,1.1424715053903005e-05
160,20,3.0,3.3,4.314045138881067e-05,1.1372856529228483e-05
160,20,3.0,3.35,4.370783171049396e-05,1.1322657798116268e-05
160,20,3.0,3.4,4.427274974704793e-05,1.1274413460156926e-05
160,20,3.0,3.45,4.4835310389151535e-05,1.1228408751504877e-05
160,20,3.0,3.5,4.539563254455688e-05,1.1184919040633338e-05
160,20,3.0,3.55,4.595384863352241e-05,1.1144209392196228e-05
160,20,3.0,3.6,4.651010406411827e-05,1.1106534198134827e-05
160,20,3.0,3.65,4.7064556690747965e-05,1.1072136874735474e-05
160,20,3.0,3.7,4.761737625913382e-05,1.1041249623940721e-05
160,20,3.0,3.75,4.816874384093373e-05,1.1014093256858383e-05
160,20,3.0,3.8,4.871885126103816e-05,1.0990877077092027e-05
160,20,3.0,3.85,4.926790052047425e-05,1.0971798821237096e-05
160,20,3.0,3.9,4.981610321770628e-05,1.095704465364896e-05
160,20,3.0,3.95,5.03636799709654e-05,1.0946789212389737e-05
160,20,3.0,4.0,5.091085984408887e-05,1.0941195703103065e-05
160,20,3.0,4.05,5.145787977818008e-05,1.0940416037445106e-05
160,20,3.0,4.1,5.200498403123668e-05,1.094459101261798e-05
160,20,3.0,4.15,5.2552423627703725e-05,1.0953850528498906e-05
160,20,3.0,4.2,5.3100455819754456e-05,1.0968313838846925e-05
160,20,3.0,4.25,5.364934356190766e-05,1.0988089833078202e-05
160,20,3.0,4.3,5.419935500042866e-05,1.1013277345145704e-05
160,20,3.0,4.35,5.47507629787774e-05,1.1043965486122399e-05
160,20,3.0,4.4,5.530384456020983e-05,1.1080233997177968e-05
160,20,3.0,4.45,5.5858880568473715e-05,1.1122153619747434e-05
160,20,3.0,4.5,5.641615514737661e-05,1.1169786479813324e-05
160,20,3.0,4.55,5.697595533985607e-05,1.1223186483364396e-05
160,20,3.0,4.6,5.753857068705031e-05,1.1282399720246384e-05
160,20,3.0,4.65,5.810429284771031e-05,1.1347464873777847e-05
160,20,3.0,4.7,5.867341523818942e-05,1.1418413633675717e-05
160,20,3.0,4.75,5.924623269311071e-05,1.1495271110005003e-05
160,20,3.0,4.8,5.982304114671633e-05,1.1578056246045153e-05
160,20,3.0,4.85,6.040413733478904e-05,1.1666782228139648e-05
160,20,3.0,4.9,6.0989818516957516e-05,1.1761456890774076e-05
160,20,3.0,4.95,6.158038221909856e-05,1.1862083115298402e-05
160,20,3.0,5.0,6.217612599549298e-05,1.1968659220883456e-05
160,20,4.0,0.0,6.526206721235822e-09,3.8812818785960197e-07
160,20,4.0,0.05,1.5439545472253526e-07,9.494984442401733e-06
160,20,4.0,0.1,1.9731354765703142e-06,7.618691299742937e-05
160,20,4.0,0.15,7.714806962377914e-06,0.00013651823666166593
160,20,4.0,0.2,1.3866286028896812e-05,0.00010024176750273229
160,20,4.0,0.25,1.7634307495744993e-05,5.389632758929701e-05
160,20,4.0,0.3,1.9645929769874795e-05,2.9871229404553577e-05
160,20,4.0,0.35,2.0857262314905163e-05,2.0125370095530012e-05
160,20,4.0,0.4,2.175817553740899e-05,1.6516537027658433e-05
160,20,4.0,0.45,2.2546772463350508e-05,1.5250943655714992e-05
160,20,4.0,0.5,2.3297045872937116e-05,1.4840022398578931e-05
160,20,4.0,0.55,2.4035627585615213e-05,1.4730709759402097e-05
160,20,4.0,0.6,2.477172032765312e-05,1.4721410395136025e-05
160,20,4.0,0.65,2.550819726795798e-05,1.4739207767329876e-05
160,20,4.0,0.7,2.624564721321147e-05,1.475786995684107e-05
160,20,4.0,0.75,2.6983839934499213e-05,1.476805276937825e-05
160,20,4.0,0.8,2.7722256206755508e-05,1.4766524273096765e-05
160,20,4.0,0.85,2.8460279965427962e-05,1.4752276353102788e-05
160,20,4.0,0.9,2.9197268591056265e-05,1.4725122826270598e-05
160,20,4.0,0.95,2.993257925758843e-05,1.4685193934105273e-05
160,20,4.0,1.0,3.0665579425480996e-05,1.4632753595403292e-05
160,20,4.0,1.05,3.1395651586042446e-05,1.4568132742257548e-05
160,20,4.0,1.1,3.212219588982062e-05,1.449170434450088e-05
160,20,4.0,1.15,3.2844631962463506e-05,1.4403873367877706e-05
160,20,4.0,1.2,3.356240037411341e-05,1.4305072053683537e-05
160,20,4.0,1.25,3.4274963927693765e-05,1.4195757071199261e-05
160,20,4.0,1.3,3.498180882367643e-05,1.4076407308857285e-05
160,20,4.0,1.35,3.5682445720423374e-05,1.3947521865465445e-05
160,20,4.0,1.4,3.6376410695615644e-05,1.3809618088491358e-05
160,20,4.0,1.45,3.706326610962019e-05,1.366322960920025e-05
160,20,4.0,1.5,3.774260137022598e-05,1.3508904361565129e-05
160,20,4.0,1.55,3.8414033597914105e-05,1.334720258548299e-05
160,20,4.0,1.6,3.907720819101114e-05,1.31786948199147e-05
160,20,4.0,1.65,3.973179929040151e-05,1.3003959893597253e-05
160,20,4.0,1.7,4.03775101438933e-05,1.2823582921812807e-05
160,20,4.0,1.75,4.101407337075582e-05,1.2638153318072644e-05
160,20,4.0,1.8,4.164125112740272e-05,1.2448262829709477e-05
160,20,4.0,1.85,4.225883517564004e-05,1.225450360635273e-05
160,20,4.0,1.9,4.286664685534255e-05,1.2057466310136966e-05
160,20,4.0,1.95,4.3464536963868134e-05,1.185773827625737e-05
160,20,4.0,2.0,4.405238554492658e-05,1.1655901732168568e-05
160,20,4.0,2.05,4.4630101590045354e-05,1.145253208330694e-05
160,20,4.0,2.1,4.5197622656135535e-05,1.124819627272898e-05
160,20,4.0,2.15,4.575491440303269e-05,1.104345122149838e-05
160,20,4.0,2.2,4.6301970055207184e-05,1.0838842356030882e-05
160,20,4.0,2.25,4.6838809792130685e-05,1.063490222792919e-05
160,20,4.0,2.3,4.736548007205032e-05,1.0432149231122185e-05
160,20,4.0,2.35,4.788205289413751e-05,1.0231086420368836e-05
160,20,4.0,2.4,4.838862500416632e-05,1.0032200434412003e-05
160,20,4.0,2.45,4.8885317049020044e-05,9.835960526278154e-06
160,20,4.0,2.5,4.937227268542723e-05,9.642817702426153e-06
160,20,4.0,2.55,4.984965764839841e-05,9.453203971661827e-06
160,20,4.0,2.6,5.0317658784857354e-05,9.26753170396393e-06
160,20,4.0,2.65,5.077648305794912e-05,9.086193098616589e-06
160,20,4.0,2.7,5.1226356527461756e-05,8.909559760327658e-06
160,20,4.0,2.75,5.166752331171415e-05,8.737982381329924e-06
160,20,4.0,2.8,5.2100244536143355e-05,8.5717905268259e-06
160,20,4.0,2.85,5.252479727368422e-05,8.41129252054784e-06
160,20,4.0,2.9,5.29414734818471e-05,8.256775426667228e-06
160,20,4.0,2.95,5.3350578941219904e-05,8.1085051238107e-06
160,20,4.0,3.0,5.375243219987051e-05,7.966726466512714e-06
160,20,4.0,3.05,5.4147363527906815e-05,7.831663529076224e-06
160,20,4.0,3.1,5.4535713886178415e-05,7.703519926508685e-06
160,20,4.0,3.15,5.491783391283856e-05,7.582479206958435e-06
160,20,4.0,3.2,5.529408293119192e-05,7.4687053098935484e-06
160,20,4.0,3.25,5.56648279819747e-05,7.362343084140237e-06
160,20,4.0,3.3,5.60304428829099e-05,7.263518859827545e-06
160,20,4.0,3.35,5.639130731808192e-05,7.172341068267868e-06
160,20,4.0,3.4,5.674780595937894e-05,7.0889009038352994e-06
160,20,4.0,3.45,5.710032762196032e-05,7.0132730219829425e-06
160,20,4.0,3.5,5.744926445540266e-05,6.945516267659826e-06
160,20,4.0,3.55,5.7795011171916505e-05,6.885674428549067e-06
160,20,4.0,3.6,5.813796431272867e-05,6.8337770077402185e-06
160,20,4.0,3.65,5.847852155347633e-05,6.789840010672655e-06
160,20,4.0,3.7,5.881708104920429e-05,6.753866741435524e-06
160,20,4.0,3.75,5.915404081931177e-05,6.725848603778563e-06
160,20,4.0,3.8,5.948979817257673e-05,6.705765902475657e-06
160,20,4.0,3.85,5.9824749172172956e-05,6.693588640982978e-06
160,20,4.0,3.9,6.0159288140394816e-05,6.689277311641655e-06
160,20,4.0,3.95,6.0493807202639804e-05,6.692783674992173e-06
160,20,4.0,4.0,6.082869587001478e-05,6.704051525081983e-06
160,20,4.0,4.05,6.116434065979807e-05,6.723017437966567e-06
160,20,4.0,4.1,6.150112475285633e-05,6.749611500915839e-06
160,20,4.0,4.15,6.183942768699085e-05,6.783758020144912e-06
160,20,4.0,4.2,6.217962508509745e-05,6.82537620518694e-06
160,20,4.0,4.25,6.252208841692237e-05,6.874380828312256e-06
160,20,4.0,4.3,6.286718479314104e-05,6.930682857675859e-06
160,20,4.0,4.35,6.321527679041247e-05,6.994190063136895e-06
160,20,4.0,4.4,6.356672230602602e-05,7.064807593942172e-06
160,20,4.0,4.45,6.392187444071608e-05,7.142438527698398e-06
160,20,4.0,4.5,6.428108140819735e-05,7.226984390274587e-06
160,20,4.0,4.55,6.464468646996814e-05,7.318345646477618e-06
160,20,4.0,4.6,6.501302789391668e-05,7.416422161526212e-06
160,20,4.0,4.65,6.538643893526995e-05,7.521113633516871e-06
160,20,4.0,4.7,6.576524783845484e-05,7.632319997227652e-06
160,20,4.0,4.75,6.614977785843765e-05,7.749941799737586e-06
160,20,4.0,4.8,6.654034730015207e-05,7.87388054846193e-06
160,20,4.0,4.85,6.693726957465803e-05,8.004039032306428e-06
160,20,4.0,4.9,6.734085327069825e-05,8.14032161673247e-06
160,20,4.0,4.95,6.775140224037505e-05,8.282634513603392e-06
160,20,4.0,5.0,6.816921569770945e-05,8.430886026743211e-06
160,20,5.0,0.0,8.70749866131419e-09,4.6671199184956314e-07
160,20,5.0,0.05,1.8689555318381759e-07,1.1978440192566056e-05
160,20,5.0,0.1,3.1484809258730205e-06,0.0001431720221262443
160,20,5.0,0.15,1.650600316225933e-05,0.0003649916606786101
160,20,5.0,0.2,3.4469769894491887e-05,0.00031181117912574207
160,20,5.0,0.25,4.630601090816316e-05,0.00016738296556369716
160,20,5.0,0.3,5.2297883465220235e-05,8.30778010085077e-05
160,20,5.0,0.35,5.542333415025514e-05,4.741124871741915e-05
160,20,5.0,0.4,5.7396398596201277e-05,3.3696252069344094e-05
160,20,5.0,0.45,5.892978233406051e-05,2.844749846478659e-05
160,20,5.0,0.5,6.029096073129637e-05,2.6289476969406583e-05
160,20,5.0,0.55,6.157639986091374e-05,2.522941647217305e-05
160,20,5.0,0.6,6.281997452384958e-05,2.4547347829602222e-05
160,20,5.0,0.65,6.403306950982643e-05,2.3986271407403554e-05
160,20,5.0,0.7,6.521907872690306e-05,2.345556998232694e-05
160,20,5.0,0.75,6.637860392417957e-05,2.292413813672969e-05
160,20,5.0,0.8,6.75113121610878e-05,2.2382105791205342e-05
160,20,5.0,0.85,6.861659801519821e-05,2.1827162835353646e-05
160,20,5.0,0.9,6.969381894998912e-05,2.125967759482256e-05
160,20,5.0,0.95,7.074237831195652e-05,2.0680953608826783e-05
160,20,5.0,1.0,7.176175386723503e-05,2.009260537518181e-05
160,20,5.0,1.05,7.275150678078323e-05,1.949633292670105e-05
160,20,5.0,1.1,7.371128348058616e-05,1.889383865984687e-05
160,20,5.0,1.15,7.464081484935741e-05,1.828679506575878e-05
160,20,5.0,1.2,7.553991433863615e-05,1.7676830856562283e-05
160,20,5.0,1.25,7.640847558692365e-05,1.7065523918611752e-05
160,20,5.0,1.3,7.724646976273773e-05,1.6454396969642398e-05
160,20,5.0,1.35,7.805394272467791e-05,1.584491444245958e-05
160,20,5.0,1.4,7.883101204418723e-05,1.5238480057440677e-05
160,20,5.0,1.45,7.957786391957017e-05,1.4636434879999745e-05
160,20,5.0,1.5,8.029475000312139e-05,1.4040055777888767e-05
160,20,5.0,1.55,8.098198416017904e-05,1.3450554235821705e-05
160,20,5.0,1.6,8.163993917726789e-05,1.2869075500303177e-05
160,20,5.0,1.65,8.226904343528434e-05,1.2296698033506292e-05
160,20,5.0,1.7,8.28697775627157e-05,1.1734433257408657e-05
160,20,5.0,1.75,8.34426710829471e-05,1.1183225570634289e-05
160,20,5.0,1.8,8.398829906888043e-05,1.0643952621117946e-05
160,20,5.0,1.85,8.450727881724041e-05,1.011742581822862e-05
160,20,5.0,1.9,8.500026655413335e-05,9.604391068360164e-06
160,20,5.0,1.95,8.546795418265375e-05,9.105529718335407e-06
160,20,5.0,2.0,8.591106608253205e-05,8.621459691244476e-06
160,20,5.0,2.05,8.633035597106473e-05,8.152736799579454e-06
160,20,5.0,2.1,8.672660383383044e-05,7.699856220764986e-06
160,20,5.0,2.15,8.710061293293127e-05,7.263254120392116e-06
160,20,5.0,2.2,8.745320689978778e-05,6.843309408682412e-06
160,20,5.0,2.25,8.778522691878853e-05,6.44034561593172e-06
160,20,5.0,2.3,8.809752900739778e-05,6.054632872923313e-06
160,20,5.0,2.35,8.839098139761714e-05,5.686389982561661e-06
160,20,5.0,2.4,8.866646202303307e-05,5.335786569271483e-06
160,20,5.0,2.45,8.892485611499726e-05,5.002945293028474e-06
160,20,5.0,2.5,8.916705391086356e-05,4.687944115251109e-06
160,20,5.0,2.55,8.93939484765575e-05,4.3908186041793886e-06
160,20,5.0,2.6,8.960643364514418e-05,4.111564267804934e-06
160,20,5.0,2.65,8.980540207250486e-05,3.85013890289303e-06
160,20,5.0,2.7,8.999174341062315e-05,3.606464949148122e-06
160,20,5.0,2.75,9.016634259850458e-05,3.380431838124552e-06
160,20,5.0,2.8,9.033007827019105e-05,3.1718983270609652e-06
160,20,5.0,2.85,9.048382127890833e-05,2.9806948084258766e-06
160,20,5.0,2.9,9.062843333589499e-05,2.806625586590931e-06
160,20,5.0,2.95,9.076476576208169e-05,2.649471113699309e-06
160,20,5.0,3.0,9.089365835038853e-05,2.508990177459697e-06
160,20,5.0,3.05,9.101593833607412e-05,2.3849220342689354e-06
160,20,5.0,3.1,9.113241947224026e-05,2.2769884817429207e-06
160,20,5.0,3.15,9.124390120735505e-05,2.1848958654107857e-06
160,20,5.0,3.2,9.135116796134955e-05,2.1083370149959405e-06
160,20,5.0,3.25,9.14549884966952e-05,2.046993106365871e-06
160,20,5.0,3.3,9.155611538065237e-05,2.00053544587614e-06
160,20,5.0,3.35,9.165528453473048e-05,1.9686271744567682e-06
160,20,5.0,3.4,9.175321486731262e-05,1.950924889390551e-06
160,20,5.0,3.45,9.185060798527044e-05,1.9470801823078315e-06
160,20,5.0,3.5,9.194814798037223e-05,1.9567410924666345e-06
160,20,5.0,3.55,9.204650128621683e-05,1.9795534749026564e-06
160,20,5.0,3.6,9.214631660146124e-05,2.015162283514579e-06
160,20,5.0,3.65,9.224822487506966e-05,2.0632127695956565e-06
160,20,5.0,3.7,9.235283934940806e-05,2.1233515967350328e-06
160,20,5.0,3.75,9.246075565700967e-05,2.195227873385256e-06
160,20,5.0,3.8,9.257255196694754e-05,2.2784941047322575e-06
160,20,5.0,3.85,9.268878917682521e-05,2.3728070658048025e-06
160,20,5.0,3.9,9.281001114649328e-05,2.4778285980267667e-06
160,20,5.0,3.95,9.293674496973527e-05,2.593226331647993e-06
160,20,5.0,4.0,9.306950128027587e-05,2.718674336684805e-06
160,20,5.0,4.05,9.320877458860248e-05,2.85385370516746e-06
160,20,5.0,4.1,9.335504364624782e-05,2.9984530676244025e-06
160,20,5.0,4.15,9.350877183431512e-05,3.152169046837527e-06
160,20,5.0,4.2,9.367040757318075e-05,3.3147066519782433e-06
160,20,5.0,4.25,9.38403847504909e-05,3.4857796162851997e-06
160,20,5.0,4.3,9.401912316468592e-05,3.6651106814696857e-06
160,20,5.0,4.35,9.420702898148496e-05,3.852431832039623e-06
160,20,5.0,4.4,9.440449520090315e-05,4.047484482717276e-06
160,20,5.0,4.45,9.46119021325239e-05,4.25001962209114e-06
160,20,5.0,4.5,9.48296178769329e-05,4.45979791559273e-06
160,20,5.0,4.55,9.50579988113468e-05,4.67658977082516e-06
160,20,5.0,4.6,9.529739007762094e-05,4.900175368192399e-06
160,20,5.0,4.65,9.554812607098803e-05,5.130344659691291e-06
160,20,5.0,4.7,9.581053092799873e-05,5.366897338631892e-06
160,20,5.0,4.75,9.608491901227097e-05,5.609642782947575e-06
160,20,5.0,4.8,9.637159539680295e-05,5.858399974645355e-06
160,20,5.0,4.85,9.667085634171396e-05,6.112997397835208e-06
160,20,5.0,4.9,9.698298976639455e-05,6.373272917654429e-06
160,20,5.0,4.95,9.730827571517482e-05,6.639073642288319e-06
160,20,5.0,5.0,9.764698681571807e-05,6.910255770163485e-06
