device,VG,VD,ID,IG,IS,W,L,gm,absIg,absId,Ca,mobLin,SS,d2
bot1,-5.0,0.1,-4.8282e-12,2.3410000000000003e-11,-3.165e-11,10,5,7.765400000000029e-11,2.3410000000000003e-11,4.8282e-12,1.33e-07,0.0029193233082706,-2.1585173217482176,-5.93820000000005e-10
bot1,-4.9,0.1,2.9372e-12,-2.59e-12,-3.290000000000001e-12,10,5,1.8271999999999984e-11,2.59e-12,2.9372e-12,1.33e-07,0.000686917293233,-3.0709557326652144,-5.545900000000008e-10
bot1,-4.8,0.1,-1.1738e-12,4.42e-12,2.960000000000001e-12,10,5,-3.3263999999999967e-11,4.42e-12,1.1738e-12,1.33e-07,-0.0012505263157894,0.5104771733543862,5.7705000000000526e-11
bot1,-4.7,0.1,-3.7156e-12,4.961e-11,9.94e-12,10,5,2.981300000000009e-11,4.961e-11,3.7156e-12,1.33e-07,0.0011207894736842,3.053162971592817,3.0306000000000076e-10
bot1,-4.6000000000000005,0.1,4.7888e-12,-2.578e-11,-3.606e-11,10,5,2.7347999999999968e-11,2.578e-11,4.7888e-12,1.33e-07,0.0010281203007518,-1.629996825883165,-3.24865e-10
bot1,-4.5,0.1,1.754e-12,-2.18e-12,5.800000000000003e-13,10,5,-3.5159999999999966e-11,2.18e-12,1.754e-12,1.33e-07,-0.0013218045112781,-1.6467935160477585,-2.8247999999999947e-10
bot1,-4.4,0.1,-2.2432e-12,1.5780000000000003e-11,4.450000000000001e-12,10,5,-2.9147999999999974e-11,1.5780000000000003e-11,2.2432e-12,1.33e-07,-0.0010957894736842,1.8308098226930165,3.5572999999999925e-10
bot1,-4.3,0.1,-4.0756e-12,5.928e-11,1.557e-11,10,5,3.598599999999997e-11,5.928e-11,4.0756e-12,1.33e-07,0.0013528571428571,1.7204400298162688,1.8884999999999966e-10
bot1,-4.2,0.1,4.954e-12,-2.8e-12,-3.58e-11,10,5,8.621999999999995e-12,2.8e-12,4.954e-12,1.33e-07,0.0003241353383458,-1.1945099025203454,-2.614899999999996e-10
bot1,-4.1,0.1,-2.3512e-12,1.7700000000000001e-12,9.5e-13,10,5,-1.6311999999999988e-11,1.7700000000000001e-12,2.3512e-12,1.33e-07,-0.0006132330827067,-2.3332916288747696,1.1395000000000012e-10
bot1,-4.0,0.1,1.6916e-12,-9.01e-12,-3.48e-12,10,5,3.141200000000004e-11,9.01e-12,1.6916e-12,1.33e-07,0.001180902255639,1.1161778303572516,-8.337000000000038e-11
bot1,-3.9,0.1,3.9312e-12,-5.6580000000000006e-11,-1.264e-11,10,5,-3.2986000000000044e-11,5.6580000000000006e-11,3.9312e-12,1.33e-07,-0.0012400751879699,2.311972283497091,-1.7996500000000047e-10
bot1,-3.8,0.1,-4.9056e-12,1.148e-11,3.646e-11,10,5,-4.5810000000000064e-12,1.148e-11,4.9056e-12,1.33e-07,-0.0001722180451127,-0.5761891132991711,2.5931500000000046e-10
bot1,-3.7,0.1,3.015e-12,-2.37e-12,-3.490000000000001e-12,10,5,1.8876999999999978e-11,2.37e-12,3.015e-12,1.33e-07,0.0007096616541353,-3.187684151062011,-1.4866999999999968e-10
bot1,-3.6,0.1,-1.1302e-12,4.6900000000000004e-12,2.730000000000001e-12,10,5,-3.431499999999997e-11,4.6900000000000004e-12,1.1302e-12,1.33e-07,-0.0012900375939849,0.5297387344480237,5.456499999999992e-11
bot1,-3.5,0.1,-3.848e-12,5.3230000000000006e-11,1.088e-11,10,5,2.978999999999997e-11,5.3230000000000006e-11,3.848e-12,1.33e-07,0.00111992481203,3.152969837164413,3.047849999999997e-10
bot1,-3.4,0.1,4.8278e-12,-1.9660000000000003e-11,-3.6950000000000006e-11,10,5,2.6642000000000035e-11,1.9660000000000003e-11,4.8278e-12,1.33e-07,0.0010015789473684,-2.074279934713508,-3.291100000000005e-10
bot1,-3.3000000000000003,0.1,1.4804e-12,-2.3200000000000002e-12,7.100000000000001e-13,10,5,-3.603200000000005e-11,2.3200000000000002e-12,1.4804e-12,1.33e-07,-0.0013545864661654,-1.537139279237396,-2.7146000000000037e-10
bot1,-3.2,0.1,-2.3786e-12,1.772e-11,4.610000000000001e-12,10,5,-2.7649999999999977e-11,1.772e-11,2.3786e-12,1.33e-07,-0.0010394736842105,2.18516525695552,3.627599999999997e-10
bot1,-3.1,0.1,-4.0496e-12,6.012000000000001e-11,1.5210000000000002e-11,10,5,3.651999999999997e-11,6.012000000000001e-11,4.0496e-12,1.33e-07,0.001372932330827,1.580600457511546,1.7351999999999968e-10
bot1,-3.0,0.1,4.9254e-12,-5.150000000000001e-12,-3.617e-11,10,5,7.053999999999994e-12,5.150000000000001e-12,4.9254e-12,1.33e-07,0.0002651879699248,-0.9300282620288228,-2.6659999999999973e-10
bot1,-2.9,0.1,-2.6388e-12,1.5800000000000001e-12,1.4200000000000002e-12,10,5,-1.6800000000000022e-11,1.5800000000000001e-12,2.6388e-12,1.33e-07,-0.0006315789473684,-2.48908088282865,1.2865500000000042e-10
bot1,-2.8000000000000003,0.1,1.5654e-12,-7.590000000000001e-12,-3.490000000000001e-12,10,5,3.2785000000000045e-11,7.590000000000001e-12,1.5654e-12,1.33e-07,0.0012325187969924,0.8584006243851771,-7.849499999999984e-11
bot1,-2.7,0.1,3.9182e-12,-5.528e-11,-1.234e-11,10,5,-3.249899999999997e-11,5.528e-11,3.9182e-12,1.33e-07,-0.0012217669172932,2.493045112754906,-2.9253999999999985e-10
bot1,-2.6,0.1,-4.9344e-12,1.434e-11,3.657e-11,10,5,-2.5722999999999977e-11,1.434e-11,4.9344e-12,1.33e-07,-0.0009670300751879,-2.5222722921956526,3.518649999999993e-10
bot1,-2.5,0.1,-1.2264e-12,2.5600000000000004e-12,-1.5400000000000001e-12,10,5,3.787399999999997e-11,2.5600000000000004e-12,1.2264e-12,1.33e-07,0.0014238345864661,-1.3578231397764895,2.656849999999997e-10
bot1,-2.4,0.1,2.6404e-12,-2.2370000000000003e-11,-5.34e-12,10,5,2.741400000000004e-11,2.2370000000000003e-11,2.6404e-12,1.33e-07,0.0010306015037593,2.702051463366248,-3.7906500000000044e-10
bot1,-2.3000000000000003,0.1,4.2564e-12,-6.214e-11,-1.786e-11,10,5,-3.793900000000005e-11,6.214e-11,4.2564e-12,1.33e-07,-0.0014262781954887,1.363536503254565,-1.960100000000004e-10
bot1,-2.2,0.1,-4.9474e-12,1.18e-12,3.415e-11,10,5,-1.1787999999999988e-11,1.18e-12,4.9474e-12,1.33e-07,-0.0004431578947368,-1.752816057366225,2.6201499999999995e-10
bot1,-2.1,0.1,1.8988e-12,-2.3300000000000004e-12,1.6000000000000005e-13,10,5,1.4463999999999984e-11,2.3300000000000004e-12,1.8988e-12,1.33e-07,0.0005437593984962,-1.9082487047616752,-8.941499999999997e-11
bot1,-2.0,0.1,-2.0546e-12,1.283e-11,4.12e-12,10,5,-2.9671e-11,1.283e-11,2.0546e-12,1.33e-07,-0.0011154511278195,1.6370368330734313,9.966000000000015e-11
bot1,-1.9,0.1,-4.0354e-12,5.899000000000001e-11,1.396e-11,10,5,3.439600000000001e-11,5.899000000000001e-11,4.0354e-12,1.33e-07,0.0012930827067669,1.8536701436080265,1.8002000000000002e-10
bot1,-1.8,0.1,4.8246e-12,-6.7e-12,-3.652e-11,10,5,6.332999999999993e-12,6.7e-12,4.8246e-12,1.33e-07,0.0002380827067669,-0.8179750168746827,-2.5955499999999983e-10
bot1,-1.7,0.1,-2.7688e-12,2.26e-12,2.400000000000001e-12,10,5,-1.7515000000000007e-11,2.26e-12,2.7688e-12,1.33e-07,-0.0006584586466165,-2.8118064126171127,1.3165000000000008e-10
bot1,-1.6,0.1,1.3216e-12,-5.970000000000002e-12,-3.56e-12,10,5,3.2663000000000007e-11,5.970000000000002e-12,1.3216e-12,1.33e-07,0.001227932330827,0.6666747581745281,-6.678500000000003e-11
bot1,-1.5,0.1,3.7638e-12,-5.27e-11,-1.117e-11,10,5,-3.087200000000001e-11,5.27e-11,3.7638e-12,1.33e-07,-0.0011606015037593,2.8244618149514094,-3.0111000000000016e-10
bot1,-1.4,0.1,-4.8528e-12,2.011e-11,3.6370000000000006e-11,10,5,-2.7559000000000007e-11,2.011e-11,4.8528e-12,1.33e-07,-0.0010360526315789,-1.6654255481129714,3.3235999999999987e-10
bot1,-1.3,0.1,-1.748e-12,2.29e-12,-1.0600000000000001e-12,10,5,3.5599999999999966e-11,2.29e-12,1.748e-12,1.33e-07,0.0013383458646616,-1.652512800316009,2.8524499999999977e-10
bot1,-1.2,0.1,2.2672e-12,-1.668e-11,-4.760000000000001e-12,10,5,2.9490000000000006e-11,1.668e-11,2.2672e-12,1.33e-07,0.0011086466165413,1.8775333420685496,-3.6008499999999995e-10
bot1,-1.1,0.1,4.15e-12,-6.019e-11,-1.562e-11,10,5,-3.641700000000001e-11,6.019e-11,4.15e-12,1.33e-07,-0.0013690601503759,1.7244250547048083,-1.9192e-10
bot1,-1.0,0.1,-5.0162e-12,4.02e-12,3.514e-11,10,5,-8.893999999999997e-12,4.02e-12,5.0162e-12,1.33e-07,-0.0003343609022556,-1.2153995520642886,2.66335e-10
bot1,-0.9,0.1,2.3712e-12,-2.51e-12,-1.65e-12,10,5,1.6850000000000002e-11,2.51e-12,2.3712e-12,1.33e-07,0.0006334586466165,-2.419461232459446,-1.1209000000000008e-10
bot1,-0.8,0.1,-1.6462e-12,7.560000000000003e-12,3.13e-12,10,5,-3.131200000000001e-11,7.560000000000003e-12,1.6462e-12,1.33e-07,-0.0011771428571428,1.07557683478694,7.753999999999992e-11
bot1,-0.7,0.1,-3.8912e-12,5.496e-11,1.1660000000000002e-11,10,5,3.235799999999999e-11,5.496e-11,3.8912e-12,1.33e-07,0.0012164661654135,2.3352536126133647,1.6979499999999998e-10
bot1,-0.6,0.1,4.8254e-12,-1.546e-11,-3.69e-11,10,5,2.647e-12,1.546e-11,4.8254e-12,1.33e-07,9.95112781954887e-05,-0.3175584020270515,-2.6890999999999985e-10
bot1,-0.5,0.1,-3.3618e-12,1.6600000000000002e-12,6.3200000000000005e-12,10,5,-2.1424000000000004e-11,1.6600000000000002e-12,3.3618e-12,1.33e-07,-0.0008054135338345,-4.753286392562127,1.5856500000000004e-10
bot1,-0.4,0.1,5.406e-13,-2.41e-12,-2.680000000000001e-12,10,5,3.436e-11,2.41e-12,5.406e-13,1.33e-07,0.0012917293233082,0.093799945169728,-2.5419999999999972e-11
bot1,-0.3,0.1,3.5102e-12,-4.4520000000000005e-11,-8.690000000000003e-12,10,5,-2.6508e-11,4.4520000000000005e-11,3.5102e-12,1.33e-07,-0.0009965413533834,4.724110700559017,-3.1763500000000006e-10
bot1,-0.2,0.1,-4.761e-12,2.9480000000000004e-11,3.471e-11,10,5,-2.916700000000001e-11,2.9480000000000004e-11,4.761e-12,1.33e-07,-0.0010965037593984,-0.8962263143257942,2.80895e-10
bot1,-0.1,0.1,-2.3232e-12,2.67e-12,8.100000000000002e-13,10,5,2.9670999999999995e-11,2.67e-12,2.3232e-12,1.33e-07,0.0011154511278195,-3.041630635829984,2.9882e-10
bot1,0.0,0.1,1.1732e-12,-4.33e-12,-3.4200000000000004e-12,10,5,3.0596999999999997e-11,4.33e-12,1.1732e-12,1.33e-07,0.0011502631578947,1.0663124291139692,-2.9910499999999987e-10
bot1,0.1,0.1,3.7962e-12,-4.884e-11,-1.037e-11,10,5,-3.015e-11,4.884e-11,3.7962e-12,1.33e-07,-0.0011334586466165,3.0848908277818943,-2.9476e-10
bot1,0.2,0.1,-4.8568e-12,2.2370000000000003e-11,3.609e-11,10,5,-2.8355000000000005e-11,2.2370000000000003e-11,4.8568e-12,1.33e-07,-0.001065977443609,-1.5319706999731066,3.2697000000000006e-10
bot1,0.3,0.1,-1.8748e-12,1.9900000000000002e-12,-2.6e-13,10,5,3.5243999999999995e-11,1.9900000000000002e-12,1.8748e-12,1.33e-07,0.001324962406015,-1.7275483502628042,2.9251e-10
bot1,0.4,0.1,2.192e-12,-1.385e-11,-3.840000000000001e-12,10,5,3.0147e-11,1.385e-11,2.192e-12,1.33e-07,0.0011333458646616,1.7278713596147013,-3.3959999999999994e-10
bot1,0.5,0.1,4.1546e-12,-5.876e-11,-1.448e-11,10,5,-3.2676e-11,5.876e-11,4.1546e-12,1.33e-07,-0.0012284210526315,1.484846394176458,-5.560500000000005e-11
bot1,0.6,0.1,-4.3432e-12,5.28e-12,3.5010000000000004e-11,10,5,1.9026e-11,5.28e-12,4.3432e-12,1.33e-07,0.0007152631578947,1.4118646945390618,1.259484999999999e-09
bot1,0.7,0.1,7.9598e-12,-2.0200000000000007e-12,-7.43e-12,10,5,2.1922099999999995e-10,2.0200000000000007e-12,7.9598e-12,1.33e-07,0.0082413909774436,4.793991308183372,7.572875000000001e-09
bot1,0.8,0.1,3.9501e-11,5.75e-12,-3.747e-11,10,5,1.5336010000000007e-09,5.75e-12,3.9501e-11,1.33e-07,0.0576541729323308,7.984834929090836,3.4646370000000023e-08
bot1,0.9,0.1,3.1468000000000004e-10,-2.2200000000000002e-12,-2.7681e-10,10,5,7.148495000000002e-09,2.2200000000000002e-12,3.1468000000000004e-10,1.33e-07,0.2687404135338346,7.852364146944792,1.17337495e-07
bot1,1.0,0.1,1.4692e-09,-5.3110000000000005e-11,-1.4368e-09,10,5,2.5001099999999992e-08,5.3110000000000005e-11,1.4692e-09,1.33e-07,0.9398909774436084,6.138129780878144,2.458075249999999e-07
bot1,1.1,0.1,5.3149e-09,3.264e-11,-5.2747e-09,10,5,5.6310000000000006e-08,3.264e-11,5.3149e-09,1.33e-07,2.116917293233082,4.688942105218739,3.2352700000000017e-07
bot1,1.2,0.1,1.27312e-08,6.038e-11,-1.2676e-08,10,5,8.970650000000002e-08,6.038e-11,1.27312e-08,1.33e-07,3.372424812030075,3.2052182798812776,2.988999999999995e-07
bot1,1.3,0.1,2.32562e-08,-5.4250000000000007e-11,-2.325e-08,10,5,1.1608999999999988e-07,5.4250000000000007e-11,2.32562e-08,1.33e-07,4.3642857142857086,2.2540994474154163,2.303924999999999e-07
bot1,1.4,0.1,3.59492e-08,1.2800000000000002e-12,-3.59164e-08,10,5,1.3578500000000002e-07,1.2800000000000002e-12,3.59492e-08,1.33e-07,5.1046992481203,1.6800275584850382,1.7857000000000065e-07
bot1,1.5,0.1,5.04132e-08,2.34e-12,-5.03506e-08,10,5,1.51804e-07,2.34e-12,5.04132e-08,1.33e-07,5.706917293233081,1.3294489885596052,1.423949999999999e-07
bot1,1.6,0.1,6.630999999999999e-08,6.048000000000001e-11,-6.624519999999999e-08,10,5,1.64264e-07,6.048000000000001e-11,6.630999999999999e-08,1.33e-07,6.1753383458646605,1.0896171841049231,1.111250000000003e-07
bot1,1.7,0.1,8.3266e-08,6.9300000000000006e-12,-8.31896e-08,10,5,1.7402900000000008e-07,6.9300000000000006e-12,8.3266e-08,1.33e-07,6.542443609022556,0.9161999715641846,8.702999999999917e-08
bot1,1.8,0.1,1.011158e-07,-1.3900000000000001e-12,-1.011298e-07,10,5,1.8166999999999985e-07,1.3900000000000001e-12,1.011158e-07,1.33e-07,6.829699248120293,0.786317387427115,7.245999999999992e-08
bot1,1.9,0.1,1.196e-07,-2.7070000000000003e-11,-1.1968e-07,10,5,1.8852100000000005e-07,2.7070000000000003e-11,1.196e-07,1.33e-07,7.087255639097744,0.6881650892074732,6.115000000000134e-08
bot1,2.0,0.1,1.3882e-07,1.006e-11,-1.3878e-07,10,5,1.939000000000001e-07,1.006e-11,1.3882e-07,1.33e-07,7.289473684210528,0.6098457948855974,4.639499999999862e-08
bot1,2.1,0.1,1.5838e-07,1.45e-12,-1.583e-07,10,5,1.9779999999999977e-07,1.45e-12,1.5838e-07,1.33e-07,7.4360902255639,0.5444705976112058,4.2999999999998565e-08
bot1,2.2,0.1,1.7838e-07,-4.7940000000000005e-11,-1.7838e-07,10,5,2.024999999999998e-07,4.7940000000000005e-11,1.7838e-07,1.33e-07,7.612781954887209,0.4944538633402868,4.700000000000257e-08
bot1,2.3000000000000003,0.1,1.9888e-07,-2.8e-13,-1.989e-07,10,5,2.072000000000003e-07,2.8e-13,1.9888e-07,1.33e-07,7.7894736842105345,0.4536052197121393,3.2500000000002885e-08
bot1,2.4,0.1,2.1982e-07,6.132e-11,-2.196e-07,10,5,2.0900000000000046e-07,6.132e-11,2.1982e-07,1.33e-07,7.85714285714287,0.4142444576102472,1.9499999999997392e-08
bot1,2.5,0.1,2.4068e-07,3.0900000000000004e-12,-2.4086e-07,10,5,2.1109999999999977e-07,3.0900000000000004e-12,2.4068e-07,1.33e-07,7.936090225563899,0.3815019361444657,2.949999999999663e-08
bot1,2.6,0.1,2.6204e-07,-3.2470000000000005e-11,-2.6196e-07,10,5,2.148999999999997e-07,3.2470000000000005e-11,2.6204e-07,1.33e-07,8.07894736842104,0.3567904786977079,3.199999999999986e-08
bot1,2.7,0.1,2.8366e-07,6.4200000000000005e-12,-2.8358e-07,10,5,2.1749999999999974e-07,6.4200000000000005e-12,2.8366e-07,1.33e-07,8.176691729323297,0.3335024176548359,2.2500000000002733e-08
bot1,2.8000000000000003,0.1,3.0554e-07,3.900000000000001e-13,-3.0532e-07,10,5,2.1940000000000026e-07,3.900000000000001e-13,3.0554e-07,1.33e-07,8.248120300751886,0.3123312306522278,2.4000000000003163e-08
bot1,2.9,0.1,3.2754e-07,-4.5650000000000005e-11,-3.2748e-07,10,5,2.2230000000000042e-07,4.5650000000000005e-11,3.2754e-07,1.33e-07,8.357142857142867,0.2949998502970267,3.449999999999827e-08
bot1,3.0,0.1,3.5e-07,-1.2800000000000002e-12,-3.501e-07,10,5,2.262999999999999e-07,1.2800000000000002e-12,3.5e-07,1.33e-07,8.507518796992473,0.2810577949616941,2.4499999999997453e-08
bot1,3.1,0.1,3.728e-07,6.099e-11,-3.7256e-07,10,5,2.2719999999999986e-07,6.099e-11,3.728e-07,1.33e-07,8.54135338345864,0.265062765512227,1.3999999999998656e-08
bot1,3.2,0.1,3.9544e-07,2.0500000000000004e-12,-3.9566e-07,10,5,2.290999999999997e-07,2.0500000000000004e-12,3.9544e-07,1.33e-07,8.612781954887202,0.251720348404216,2.300000000000224e-08
bot1,3.3000000000000003,0.1,4.1862e-07,-3.031e-11,-4.1864e-07,10,5,2.3180000000000037e-07,3.031e-11,4.1862e-07,1.33e-07,8.714285714285724,0.2407255704134762,2.3500000000004178e-08
bot1,3.4,0.1,4.418e-07,7.91e-12,-4.4182e-07,10,5,2.338000000000005e-07,7.91e-12,4.418e-07,1.33e-07,8.789473684210542,0.229938709543869,2.2499999999996423e-08
bot1,3.5,0.1,4.6538e-07,7.100000000000001e-13,-4.6514e-07,10,5,2.362999999999996e-07,7.100000000000001e-13,4.6538e-07,1.33e-07,8.883458646616523,0.2206821599289064,2.499999999999524e-08
bot1,3.6,0.1,4.8906e-07,-4.448e-11,-4.8908e-07,10,5,2.387999999999995e-07,4.448e-11,4.8906e-07,1.33e-07,8.977443609022536,0.2121407729099676,2.70000000000028e-08
bot1,3.7,0.1,5.1314e-07,-1.79e-12,-5.1306e-07,10,5,2.4170000000000016e-07,1.79e-12,5.1314e-07,1.33e-07,9.086466165413537,0.2046775928797648,9.50000000000547e-09
bot1,3.8,0.1,5.374e-07,6.114000000000001e-11,-5.3716e-07,10,5,2.407000000000006e-07,6.114000000000001e-11,5.374e-07,1.33e-07,9.048872180451148,0.1947184874818666,1.49999999999985e-08
bot1,3.9,0.1,5.6128e-07,2.2200000000000002e-12,-5.62e-07,10,5,2.4469999999999986e-07,2.2200000000000002e-12,5.6128e-07,1.33e-07,9.199248120300744,0.1892593029140423,4.2499999999997965e-08
bot1,4.0,0.1,5.8634e-07,-3.336e-11,-5.8624e-07,10,5,2.492000000000002e-07,3.336e-11,5.8634e-07,1.33e-07,9.368421052631584,0.1847346483484771,3.000000000000758e-09
bot1,4.1,0.1,6.1112e-07,4.42e-12,-6.112e-07,10,5,2.453e-07,4.42e-12,6.1112e-07,1.33e-07,9.221804511278192,0.1744884390558486,1.9499999999998272e-08
bot1,4.2,0.1,6.354e-07,1.1900000000000002e-12,-6.3564e-07,10,5,2.5309999999999985e-07,1.1900000000000002e-12,6.354e-07,1.33e-07,9.515037593984957,0.1728044504308188,6.749999999999971e-08
bot1,4.3,0.1,6.6174e-07,-3.703e-11,-6.616e-07,10,5,2.588e-07,3.703e-11,6.6174e-07,1.33e-07,9.729323308270672,0.1700533026143256,2.449999999999864e-08
bot1,4.4,0.1,6.8716e-07,-6.200000000000001e-13,-6.8718e-07,10,5,2.5799999999999964e-07,6.200000000000001e-13,6.8716e-07,1.33e-07,9.699248120300735,0.1630459516585423,-1.1000000000001877e-08
bot1,4.5,0.1,7.1334e-07,6.004000000000001e-11,-7.1264e-07,10,5,2.5659999999999964e-07,6.004000000000001e-11,7.1334e-07,1.33e-07,9.646616541353364,0.156404334725355,-1.0499999999998661e-08
bot1,4.6000000000000005,0.1,7.3848e-07,1.5300000000000001e-12,-7.3876e-07,10,5,2.5589999999999985e-07,1.5300000000000001e-12,7.3848e-07,1.33e-07,9.620300751879691,0.1504613684608545,1.900000000000591e-08
bot1,4.7,0.1,7.6452e-07,-4.324e-11,-7.6456e-07,10,5,2.604000000000008e-07,4.324e-11,7.6452e-07,1.33e-07,9.789473684210552,0.1479804929313838,5.0000000000001295e-08
bot1,4.8,0.1,7.9056e-07,3.05e-12,-7.9052e-07,10,5,2.659000000000001e-07,3.05e-12,7.9056e-07,1.33e-07,9.99624060150376,0.1460257331121937,4.649999999999657e-08
bot1,4.9,0.1,8.177e-07,1.78e-12,-8.1702e-07,10,5,2.697000000000001e-07,1.78e-12,8.177e-07,1.33e-07,10.139097744360903,0.1433240868084338,6.499999999999952e-09
bot1,5.0,0.1,8.445e-07,-3.6840000000000005e-11,-8.4416e-07,10,5,2.672000000000001e-07,3.6840000000000005e-11,8.445e-07,1.33e-07,10.045112781954888,0.1396451322502839,-4.999999999988216e-09
bot1,5.0,0.1,8.444199999999999e-07,5.933e-11,-8.444e-07,10,5,2.692000000000013e-07,5.933e-11,8.444199999999999e-07,1.33e-07,10.120300751879745,0.140693948882547,-1.5999999999995435e-08
bot1,4.9,0.1,8.1758e-07,1.93e-12,-8.178999999999999e-07,10,5,2.687999999999996e-07,1.93e-12,8.1758e-07,1.33e-07,10.10526315789472,0.1428437143109161,3.500000000007406e-09
bot1,4.8,0.1,7.9066e-07,-5.3630000000000006e-11,-7.9026e-07,10,5,2.684999999999998e-07,5.3630000000000006e-11,7.9066e-07,1.33e-07,10.093984962406006,0.1475255979685873,3.1499999999992546e-08
bot1,4.7,0.1,7.6388e-07,6.000000000000003e-13,-7.6418e-07,10,5,2.625000000000011e-07,6.000000000000003e-13,7.6388e-07,1.33e-07,9.868421052631616,0.1491963025590431,4.599999999999912e-08
bot1,4.6000000000000005,0.1,7.381599999999999e-07,1.046e-11,-7.3748e-07,10,5,2.593e-07,1.046e-11,7.381599999999999e-07,1.33e-07,9.748120300751877,0.1526647333816731,1.2500000000006753e-08
bot1,4.5,0.1,7.1202e-07,-2.1680000000000003e-11,-7.1202e-07,10,5,2.5999999999999973e-07,2.1680000000000003e-11,7.1202e-07,1.33e-07,9.774436090225551,0.158625552667737,1.1000000000001877e-08
bot1,4.4,0.1,6.8616e-07,-1.0100000000000001e-12,-6.8614e-07,10,5,2.570999999999996e-07,1.0100000000000001e-12,6.8616e-07,1.33e-07,9.66541353383457,0.1627681169666271,2.1500000000000537e-08
bot1,4.3,0.1,6.606e-07,5.438e-11,-6.6034e-07,10,5,2.556999999999996e-07,5.438e-11,6.606e-07,1.33e-07,9.612781954887202,0.1681899671333252,2.1999999999998457e-08
bot1,4.2,0.1,6.3502e-07,3.4500000000000004e-12,-6.353e-07,10,5,2.527e-07,3.4500000000000004e-12,6.3502e-07,1.33e-07,9.499999999999996,0.172830094776639,2.0499999999999403e-08
bot1,4.1,0.1,6.1006e-07,-5.93e-11,-6.0992e-07,10,5,2.5159999999999974e-07,5.93e-11,6.1006e-07,1.33e-07,9.45864661654134,0.179271549028228,1.9000000000000352e-08
bot1,4.0,0.1,5.847e-07,-1.21e-12,-5.8484e-07,10,5,2.4889999999999985e-07,1.21e-12,5.847e-07,1.33e-07,9.35714285714285,0.184837152108184,3.199999999999662e-08
bot1,3.9,0.1,5.6028e-07,1.7510000000000003e-11,-5.6002e-07,10,5,2.452000000000004e-07,1.7510000000000003e-11,5.6028e-07,1.33e-07,9.218045112781969,0.1902193843061852,1.6999999999995477e-08
bot1,3.8,0.1,5.3566e-07,-1.943e-11,-5.3562e-07,10,5,2.455000000000008e-07,1.943e-11,5.3566e-07,1.33e-07,9.229323308270704,0.1991563316869363,1.3500000000004738e-08
bot1,3.7,0.1,5.1118e-07,-5.7e-13,-5.1126e-07,10,5,2.424999999999995e-07,5.7e-13,5.1118e-07,1.33e-07,9.116541353383436,0.2060879758821918,2.3000000000006208e-08
bot1,3.6,0.1,4.8716e-07,5.303e-11,-4.8662e-07,10,5,2.408999999999995e-07,5.303e-11,4.8716e-07,1.33e-07,9.056390977443588,0.2149643131154508,1.8999999999997705e-08
bot1,3.5,0.1,4.63e-07,1.9400000000000002e-12,-4.6296e-07,10,5,2.387e-07,1.9400000000000002e-12,4.63e-07,1.33e-07,8.97368421052631,0.2239590102543773,2.3499999999996187e-08
bot1,3.4,0.1,4.3942e-07,-5.95e-11,-4.3936e-07,10,5,2.362000000000003e-07,5.95e-11,4.3942e-07,1.33e-07,8.879699248120307,0.233691436015753,2.5499999999998508e-08
bot1,3.3000000000000003,0.1,4.1576e-07,-2.11e-12,-4.1588e-07,10,5,2.336000000000003e-07,2.11e-12,4.1576e-07,1.33e-07,8.78195488721805,0.244094592391573,2.850000000000192e-08
bot1,3.2,0.1,3.927e-07,1.9330000000000003e-11,-3.9248e-07,10,5,2.304999999999999e-07,1.9330000000000003e-11,3.927e-07,1.33e-07,8.665413533834581,0.2552012231887477,2.55000000000011e-08
bot1,3.1,0.1,3.6966e-07,-1.7710000000000003e-11,-3.6984e-07,10,5,2.2850000000000001e-07,1.7710000000000003e-11,3.6966e-07,1.33e-07,8.590225563909772,0.2686571323977247,2.55000000000011e-08
bot1,3.0,0.1,3.47e-07,-1.3400000000000006e-12,-3.4698e-07,10,5,2.253999999999997e-07,1.3400000000000006e-12,3.47e-07,1.33e-07,8.4736842105263,0.2824035162967494,2.2499999999999163e-08
bot1,2.9,0.1,3.2458e-07,5.154e-11,-3.245e-07,10,5,2.2400000000000018e-07,5.154e-11,3.2458e-07,1.33e-07,8.421052631578952,0.3001750739393309,1.8499999999995987e-08
bot1,2.8000000000000003,0.1,3.022e-07,1.03e-12,-3.0238e-07,10,5,2.217000000000005e-07,1.03e-12,3.022e-07,1.33e-07,8.33458646616543,0.3189581580403371,2.8000000000002405e-08
bot1,2.7,0.1,2.8024e-07,-5.913000000000001e-11,-2.8036e-07,10,5,2.183999999999997e-07,5.913000000000001e-11,2.8024e-07,1.33e-07,8.21052631578946,0.3390015637618623,3.450000000000375e-08
bot1,2.6,0.1,2.5852e-07,-2.69e-12,-2.5864e-07,10,5,2.1479999999999973e-07,2.69e-12,2.5852e-07,1.33e-07,8.0751879699248,0.3613449531266473,2.9499999999999013e-08
bot1,2.5,0.1,2.3728e-07,2.191e-11,-2.3704e-07,10,5,2.124999999999999e-07,2.191e-11,2.3728e-07,1.33e-07,7.988721804511272,0.3900009275462409,2.349999999999712e-08
bot1,2.4,0.1,2.1602e-07,-1.455e-11,-2.1606e-07,10,5,2.101000000000003e-07,1.455e-11,2.1602e-07,1.33e-07,7.898496240601514,0.4232392435466009,3.2999999999998165e-08
bot1,2.3000000000000003,0.1,1.9526e-07,-6.500000000000003e-13,-1.9522e-07,10,5,2.059000000000003e-07,6.500000000000003e-13,1.9526e-07,1.33e-07,7.7406015037594065,0.4592658196188598,3.800000000000251e-08
bot1,2.2,0.1,1.7484e-07,5.098e-11,-1.7472e-07,10,5,2.024999999999998e-07,5.098e-11,1.7484e-07,1.33e-07,7.612781954887209,0.5047728196288976,3.600000000000201e-08
bot1,2.1,0.1,1.5476e-07,8.100000000000002e-13,-1.5474e-07,10,5,1.986999999999999e-07,8.100000000000002e-13,1.5476e-07,1.33e-07,7.469924812030067,0.5599272439779219,3.749999999999895e-08
bot1,2.0,0.1,1.351e-07,-6.069e-11,-1.3512e-07,10,5,1.95e-07,6.069e-11,1.351e-07,1.33e-07,7.330827067669171,0.6305010146911317,4.7474999999999054e-08
bot1,1.9,0.1,1.1576e-07,-1.41e-12,-1.1588e-07,10,5,1.8920500000000009e-07,1.41e-12,1.1576e-07,1.33e-07,7.112969924812031,0.7136277455334872,6.929500000000063e-08
bot1,1.8,0.1,9.725899999999998e-08,-6.057e-11,-9.723480000000001e-08,10,5,1.811409999999999e-07,6.057e-11,9.725899999999998e-08,1.33e-07,6.809812030075182,0.8150885319802273,8.281000000000013e-08
bot1,1.7,0.1,7.95318e-08,5.782000000000001e-11,-7.9522e-08,10,5,1.7264300000000005e-07,5.782000000000001e-11,7.95318e-08,1.33e-07,6.490338345864661,0.9522587154657192,9.46949999999994e-08
bot1,1.6,0.1,6.27304e-08,-6.400000000000001e-13,-6.270519999999999e-08,10,5,1.62202e-07,6.400000000000001e-13,6.27304e-08,1.33e-07,6.097819548872179,1.1379960487865672,1.1608500000000025e-07
bot1,1.5,0.1,4.70914e-08,-1.6200000000000004e-12,-4.70796e-08,10,5,1.49426e-07,1.6200000000000004e-12,4.70914e-08,1.33e-07,5.61751879699248,1.40503073058758,1.4566500000000005e-07
bot1,1.4,0.1,3.28452e-08,-6.014e-11,-3.28642e-08,10,5,1.33069e-07,6.014e-11,3.28452e-08,1.33e-07,5.002593984962405,1.8083127326036144,1.8915000000000042e-07
bot1,1.3,0.1,2.04776e-08,-1.403e-11,-2.0488e-08,10,5,1.1159599999999992e-07,1.403e-11,2.04776e-08,1.33e-07,4.195338345864657,2.471042725117074,2.512949999999998e-07
bot1,1.2,0.1,1.0526e-08,1.4400000000000001e-12,-1.05348e-08,10,5,8.281000000000001e-08,1.4400000000000001e-12,1.0526e-08,1.33e-07,3.113157894736842,3.5924036780069954,3.183409999999997e-07
bot1,1.1,0.1,3.9156e-09,3.583e-11,-3.934e-09,10,5,4.7927800000000006e-08,3.583e-11,3.9156e-09,1.33e-07,1.801796992481203,5.2446613643285565,3.2072800000000014e-07
bot1,1.0,0.1,9.4044e-10,5.864e-11,-9.846e-10,10,5,1.86644e-08,5.864e-11,9.4044e-10,1.33e-07,0.7016691729323304,6.6550611663487285,2.1672393500000003e-07
bot1,0.9,0.1,1.8272e-10,-2.0200000000000007e-12,-1.4702e-10,10,5,4.583013e-09,2.0200000000000007e-12,1.8272e-10,1.33e-07,0.1722937218045112,7.980361043307012,8.889905e-08
bot1,0.8,0.1,2.38374e-11,-5.087e-11,-4.8960000000000005e-11,10,5,8.845900000000003e-10,5.087e-11,2.38374e-11,1.33e-07,0.0332552631578947,7.491041810495543,2.2315285000000013e-08
bot1,0.7,0.1,5.802e-12,-2.11e-12,-1.071e-11,10,5,1.1995599999999996e-10,2.11e-12,5.802e-12,1.33e-07,0.0045096240601503,10.951512743443653,4.1934200000000014e-09
bot1,0.6,0.1,-1.538e-13,1.17e-12,2.3200000000000002e-12,10,5,4.590599999999998e-11,1.17e-12,1.538e-13,1.33e-07,0.0017257894736842,1.1738191397447293,7.230699999999993e-10
bot1,0.5,0.1,-3.3792e-12,4.373e-11,8.470000000000002e-12,10,5,-2.4658000000000004e-11,4.373e-11,3.3792e-12,1.33e-07,-0.000926992481203,-7.461358153222426,3.7284499999999997e-10
bot1,0.4,0.1,4.7778e-12,-3.055e-11,-3.539e-11,10,5,-2.8663e-11,3.055e-11,4.7778e-12,1.33e-07,-0.0010775563909774,0.785590736999957,-2.8911500000000004e-10
bot1,0.3,0.1,2.3534e-12,-1.9e-12,-1.03e-12,10,5,3.3165e-11,1.9e-12,2.3534e-12,1.33e-07,0.0012468045112781,2.054186152399833,-3.02405e-10
bot1,0.2,0.1,-1.8552e-12,1.088e-11,3.7e-12,10,5,3.1818e-11,1.088e-11,1.8552e-12,1.33e-07,0.0011961654135338,-1.1573514176749633,3.3499e-10
bot1,0.1,0.1,-4.0102e-12,5.699e-11,1.342e-11,10,5,-3.3832999999999994e-11,5.699e-11,4.0102e-12,1.33e-07,-0.001271917293233,-2.1140728513136064,2.9220999999999997e-10
bot1,0.0,0.1,4.9114e-12,-8.470000000000002e-12,-3.656e-11,10,5,-2.6624e-11,8.470000000000002e-12,4.9114e-12,1.33e-07,-0.001000902255639,2.421862023541763,-3.51105e-10
bot1,-0.1,0.1,1.3146e-12,-2.2200000000000002e-12,8.7e-13,10,5,3.6388e-11,2.2200000000000002e-12,1.3146e-12,1.33e-07,0.001367969924812,1.585769279344662,-2.7008e-10
bot1,-0.2,0.1,-2.3662e-12,1.8530000000000003e-11,5.170000000000001e-12,10,5,2.7392e-11,1.8530000000000003e-11,2.3662e-12,1.33e-07,0.0010297744360902,-2.50348116453992,3.6483e-10
bot1,-0.3,0.1,-4.1638e-12,5.95e-11,1.662e-11,10,5,-3.6578e-11,5.95e-11,4.1638e-12,1.33e-07,-0.0013751127819548,-1.6025055198189977,1.8658499999999998e-10
bot1,-0.4,0.1,4.9494e-12,-1.95e-12,-3.4690000000000005e-11,10,5,-9.924999999999996e-12,1.95e-12,4.9494e-12,1.33e-07,-0.0003731203007518,1.406362471256184,-2.5782e-10
bot1,-0.5,0.1,-2.1788e-12,2.8800000000000002e-12,8.000000000000001e-14,10,5,1.4986000000000003e-11,2.8800000000000002e-12,2.1788e-12,1.33e-07,0.0005633834586466,2.0201412277541486,1.06805e-10
bot1,-0.6,0.1,1.9522e-12,-1.361e-11,-4.0400000000000006e-12,10,5,-3.1285999999999994e-11,1.361e-11,1.9522e-12,1.33e-07,-0.0011761654135338,-1.361362257620486,-9.774499999999988e-11
bot1,-0.7,0.1,4.0784e-12,-5.822000000000001e-11,-1.384e-11,10,5,3.453499999999999e-11,5.822000000000001e-11,4.0784e-12,1.33e-07,0.0012983082706766,-2.0225091024281814,-1.8620999999999992e-10
bot1,-0.8,0.1,-4.9548e-12,9.2e-12,3.6290000000000005e-11,10,5,5.956000000000002e-12,9.2e-12,4.9548e-12,1.33e-07,0.000223909774436,0.7500647453687039,2.64795e-10
bot1,-0.9,0.1,2.8872e-12,-2.070000000000001e-12,-3.160000000000001e-12,10,5,-1.8424000000000005e-11,2.070000000000001e-12,2.8872e-12,1.33e-07,-0.0006926315789473,2.9561120398318423,-1.3927999999999996e-10
bot1,-1.0,0.1,-1.27e-12,5.85e-12,2.780000000000001e-12,10,5,3.381199999999999e-11,5.85e-12,1.27e-12,1.33e-07,0.0012711278195488,-0.6390862620575263,5.966e-11
bot1,-1.1,0.1,-3.8752e-12,5.251e-11,1.106e-11,10,5,-3.035600000000001e-11,5.251e-11,3.8752e-12,1.33e-07,-0.0011412030075187,-2.8877303823533222,3.0610500000000005e-10
bot1,-1.2,0.1,4.8012e-12,-2.019e-11,-3.675e-11,10,5,-2.7409000000000006e-11,2.019e-11,4.8012e-12,1.33e-07,-0.0010304135338345,1.9119317941778573,-3.3048499999999997e-10
bot1,-1.3,0.1,1.6066e-12,-1.32e-12,7.400000000000002e-13,10,5,3.5740999999999974e-11,1.32e-12,1.6066e-12,1.33e-07,0.0013436466165413,1.5541835391401446,-2.793049999999997e-10
bot1,-1.4,0.1,-2.347e-12,1.965e-11,4.98e-12,10,5,2.8452000000000007e-11,1.965e-11,2.347e-12,1.33e-07,0.0010696240601503,-2.0257835108629245,3.6012500000000004e-10
bot1,-1.5,0.1,-4.0838e-12,6.063e-11,1.6070000000000002e-11,10,5,-3.6284000000000005e-11,6.063e-11,4.0838e-12,1.33e-07,-0.0013640601503759,-1.6027535598057434,1.8801500000000007e-10
bot1,-1.6,0.1,4.9098e-12,-1.6300000000000001e-12,-3.5350000000000006e-11,10,5,-9.151000000000004e-12,1.6300000000000001e-12,4.9098e-12,1.33e-07,-0.0003440225563909,1.2909381541112632,-2.6040500000000004e-10
bot1,-1.7,0.1,-2.2536e-12,2.41e-12,6.000000000000003e-13,10,5,1.5797000000000003e-11,2.41e-12,2.2536e-12,1.33e-07,0.0005938721804511,2.239632484532024,1.1071499999999986e-10
bot1,-1.8,0.1,1.7504e-12,-1.1050000000000002e-11,-4.050000000000001e-12,10,5,-3.1293999999999966e-11,1.1050000000000002e-11,1.7504e-12,1.33e-07,-0.0011764661654135,-1.2487368675780963,-8.787499999999993e-11
bot1,-1.9,0.1,4.0052e-12,-5.739e-11,-1.322e-11,10,5,3.337200000000001e-11,5.739e-11,4.0052e-12,1.33e-07,0.0012545864661654,-2.2459036980297147,-1.7656999999999991e-10
bot1,-2.0,0.1,-4.924e-12,1.214e-11,3.66e-11,10,5,4.02e-12,1.214e-11,4.924e-12,1.33e-07,0.0001511278195488,0.486556996357086,2.6825499999999997e-10
bot1,-2.1,0.1,3.2012e-12,-1.78e-12,-5.010000000000001e-12,10,5,-2.0278999999999985e-11,1.78e-12,3.2012e-12,1.33e-07,-0.0007623684210526,3.76849131378299,-1.5356999999999968e-10
bot1,-2.2,0.1,-8.682e-13,2.780000000000001e-12,2.95e-12,10,5,3.473399999999997e-11,2.780000000000001e-12,8.682e-13,1.33e-07,0.0013057894736842,-0.3410429406531442,4.0190000000000225e-11
bot1,-2.3000000000000003,0.1,-3.7456e-12,4.8200000000000005e-11,9.88e-12,10,5,-2.8317000000000035e-11,4.8200000000000005e-11,3.7456e-12,1.33e-07,-0.0010645488721804,-3.710934720494445,3.1470000000000037e-10
bot1,-2.4,0.1,4.7952e-12,-2.5320000000000003e-11,-3.619e-11,10,5,-2.820600000000004e-11,2.5320000000000003e-11,4.7952e-12,1.33e-07,-0.0010603759398496,1.4788734816259306,-3.1419500000000043e-10
bot1,-2.5,0.1,1.8956e-12,-2.09e-12,8.000000000000001e-14,10,5,3.4521999999999966e-11,2.09e-12,1.8956e-12,1.33e-07,0.0012978195488721,1.783444814710718,-2.908099999999998e-10
bot1,-2.6,0.1,-2.1092e-12,1.571e-11,4.31e-12,10,5,2.9955999999999965e-11,1.571e-11,2.1092e-12,1.33e-07,0.0011261654135338,-1.6728541714944962,3.462799999999993e-10
bot1,-2.7,0.1,-4.0956e-12,5.927e-11,1.449e-11,10,5,-3.473399999999997e-11,5.927e-11,4.0956e-12,1.33e-07,-0.0013057894736842,-1.802560964692297,1.8466499999999967e-10
bot1,-2.8000000000000003,0.1,4.8376e-12,-6.66e-12,-3.646e-11,10,5,-6.977000000000009e-12,6.66e-12,4.8376e-12,1.33e-07,-0.0002622932330827,0.9046080069853712,-2.6215500000000027e-10
bot1,-2.9,0.1,-2.7002e-12,2.8600000000000003e-12,2.79e-12,10,5,1.769700000000002e-11,2.8600000000000003e-12,2.7002e-12,1.33e-07,0.0006653007518796,2.8564417540139115,1.2602999999999995e-10
bot1,-3.0,0.1,1.2982e-12,-4.99e-12,-3.53e-12,10,5,-3.2182999999999967e-11,4.99e-12,1.2982e-12,1.33e-07,-0.0012098872180451,-0.7052871523918729,-6.511999999999972e-11
bot1,-3.1,0.1,3.7364e-12,-5.2200000000000005e-11,-1.11e-11,10,5,3.0720999999999975e-11,5.2200000000000005e-11,3.7364e-12,1.33e-07,0.00115492481203,-2.8602090250319163,-2.9627999999999947e-10
bot1,-3.2,0.1,-4.846e-12,1.96e-11,3.6180000000000005e-11,10,5,2.7072999999999977e-11,1.96e-11,4.846e-12,1.33e-07,0.0010177819548872,1.7380482332619602,3.3142999999999975e-10
bot1,-3.3000000000000003,0.1,-1.6782e-12,2.3200000000000002e-12,-1.1100000000000001e-12,10,5,-3.556500000000005e-11,2.3200000000000002e-12,1.6782e-12,1.33e-07,-0.0013370300751879,1.649659448374854,2.8108000000000044e-10
bot1,-3.4,0.1,2.267e-12,-1.6670000000000002e-11,-4.82e-12,10,5,-2.9143000000000034e-11,1.6670000000000002e-11,2.267e-12,1.33e-07,-0.0010956015037593,-1.9662311882440813,-3.5923000000000053e-10
bot1,-3.5,0.1,4.1504e-12,-6.031000000000001e-11,-1.522e-11,10,5,3.6280999999999966e-11,6.031000000000001e-11,4.1504e-12,1.33e-07,0.001363947368421,-1.7128969677257972,-1.88735e-10
bot1,-3.6,0.1,-4.9892e-12,3.5500000000000004e-12,3.537e-11,10,5,8.603999999999989e-12,3.5500000000000004e-12,4.9892e-12,1.33e-07,0.0003234586466165,1.1627758774688857,2.663499999999995e-10
bot1,-3.7,0.1,2.4296e-12,-2.04e-12,-1.5e-12,10,5,-1.6988999999999986e-11,2.04e-12,2.4296e-12,1.33e-07,-0.0006386842105263,2.4812577997330787,-1.1736000000000015e-10
bot1,-3.8,0.1,-1.5914e-12,8.05e-12,3.390000000000001e-12,10,5,3.2076000000000044e-11,8.05e-12,1.5914e-12,1.33e-07,0.0012058646616541,-1.0747946564111124,7.545500000000039e-11
bot1,-3.9,0.1,-3.9856e-12,5.6280000000000005e-11,1.276e-11,10,5,-3.2080000000000046e-11,5.6280000000000005e-11,3.9856e-12,1.33e-07,-0.0012060150375939,-2.408409793873346,1.816550000000005e-10
bot1,-4.0,0.1,4.8246e-12,-1.286e-11,-3.7060000000000006e-11,10,5,-4.255000000000007e-12,1.286e-11,4.8246e-12,1.33e-07,-0.000159962406015,0.5215579046758207,-2.553450000000005e-10
bot1,-4.1,0.1,-3.1346e-12,2.1500000000000003e-12,4.440000000000001e-12,10,5,1.8988999999999982e-11,2.1500000000000003e-12,3.1346e-12,1.33e-07,0.0007138721804511,3.359877262501613,1.4912499999999963e-10
bot1,-4.2,0.1,1.0268e-12,-4.22e-12,-2.9e-12,10,5,-3.407999999999997e-11,4.22e-12,1.0268e-12,1.33e-07,-0.0012812030075187,-0.3491543936158688,-5.03749999999999e-11
bot1,-4.3,0.1,3.6814e-12,-4.964e-11,-1.066e-11,10,5,2.9063999999999967e-11,4.964e-11,3.6814e-12,1.33e-07,0.0010926315789473,-3.3424341713900554,-3.028099999999995e-10
bot1,-4.4,0.1,-4.786e-12,2.1150000000000003e-11,3.63e-11,10,5,2.6481999999999977e-11,2.1150000000000003e-11,4.786e-12,1.33e-07,0.0009955639097744,1.7892024065665952,3.2583999999999936e-10
bot1,-4.5,0.1,-1.615e-12,2.9900000000000004e-12,-1.1600000000000001e-12,10,5,-3.6103999999999967e-11,2.9900000000000004e-12,1.615e-12,1.33e-07,-0.0013572932330827,1.4675470059822335,2.777449999999995e-10
bot1,-4.6000000000000005,0.1,2.4348e-12,-1.968e-11,-5.34e-12,10,5,-2.9066999999999967e-11,1.968e-11,2.4348e-12,1.33e-07,-0.0010927443609022,-2.0745564334621207,-3.6614500000000014e-10
bot1,-4.7,0.1,4.1984e-12,-6.093e-11,-1.764e-11,10,5,3.712500000000013e-11,6.093e-11,4.1984e-12,1.33e-07,0.0013956766917293,-1.5582732939303023,-1.9564500000000047e-10
bot1,-4.8,0.1,-4.9902e-12,1.1600000000000001e-12,3.423e-11,10,5,1.006199999999999e-11,1.1600000000000001e-12,4.9902e-12,1.33e-07,0.0003782706766917,1.4171682787293158,2.6378000000000035e-10
bot1,-4.9,0.1,2.186e-12,-1.8200000000000003e-12,-6.900000000000001e-13,10,5,-1.5630999999999988e-11,1.8200000000000003e-12,2.186e-12,1.33e-07,-0.0005876315789473,2.138360219245337,-1.521900000000006e-10
bot1,-5.0,0.1,-1.864e-12,1.062e-11,3.77e-12,10,5,4.0500000000000144e-11,1.062e-11,1.864e-12,1.33e-07,0.0015225563909774,0.6920424959572126,-5.613100000000031e-10
bot2,-5.0,0.1,-4.2614e-12,-3.38e-12,-1.33e-11,10,5,-5.376000000000024e-12,3.38e-12,4.2614e-12,1.33e-07,-0.0002021052631578,0.5159844839110423,4.1181000000000124e-10
bot2,-4.9,0.1,-4.799e-12,4.73e-12,3.558e-11,10,5,3.580499999999997e-11,4.73e-12,4.799e-12,1.33e-07,0.0013460526315789,-0.8360710523055995,1.2306499999999993e-10
bot2,-4.8,0.1,2.8996e-12,-2.82e-12,-3.4700000000000004e-12,10,5,1.9236999999999984e-11,2.82e-12,2.8996e-12,1.33e-07,0.0007231954887218,-3.513481582835964,-3.3769500000000004e-10
bot2,-4.7,0.1,-9.516e-13,3.210000000000001e-12,2.9300000000000002e-12,10,5,-3.1734000000000115e-11,3.210000000000001e-12,9.516e-13,1.33e-07,-0.0011930075187969,0.3756419500005683,4.4195000000000106e-11
bot2,-4.6000000000000005,0.1,-3.4472e-12,4.604e-11,9.080000000000004e-12,10,5,2.8075999999999967e-11,4.604e-11,3.4472e-12,1.33e-07,0.0010554887218045,3.4513343013170563,3.097850000000001e-10
bot2,-4.5,0.1,4.6636e-12,-3.136e-11,-3.482e-11,10,5,3.0222999999999974e-11,3.136e-11,4.6636e-12,1.33e-07,0.0011362030075187,-0.6146382244175534,-2.9273499999999935e-10
bot2,-4.4,0.1,2.5974e-12,-2.16e-12,-1.6600000000000002e-12,10,5,-3.047099999999997e-11,2.16e-12,2.5974e-12,1.33e-07,-0.0011455263157894,-2.566015364601141,-3.1183499999999937e-10
bot2,-4.3,0.1,-1.4306e-12,6.31e-12,2.9300000000000002e-12,10,5,-3.214399999999997e-11,6.31e-12,1.4306e-12,1.33e-07,-0.0012084210526315,0.844093293528542,3.089199999999993e-10
bot2,-4.2,0.1,-3.8314e-12,5.2710000000000005e-11,1.153e-11,10,5,3.131299999999997e-11,5.2710000000000005e-11,3.8314e-12,1.33e-07,0.0011771804511278,2.643043524523321,1.702349999999997e-10
bot2,-4.1,0.1,4.832e-12,-1.951e-11,-3.66e-11,10,5,1.903e-12,1.951e-11,4.832e-12,1.33e-07,7.15413533834586e-05,-0.2271885276833261,-2.654449999999997e-10
bot2,-4.0,0.1,-3.4508e-12,2.16e-12,7.0900000000000015e-12,10,5,-2.1776000000000028e-11,2.16e-12,3.4508e-12,1.33e-07,-0.0008186466165413,-5.0289533944044855,1.6221500000000043e-10
bot2,-3.9,0.1,4.768e-13,-1.2900000000000002e-12,-2.74e-12,10,5,3.4346000000000046e-11,1.2900000000000002e-12,4.768e-13,1.33e-07,0.0012912030075187,-0.0204845477835125,2.0497500000000047e-10
bot2,-3.8,0.1,3.4184e-12,-4.414e-11,-8.83e-12,10,5,1.9219000000000023e-11,4.414e-11,3.4184e-12,1.33e-07,0.0007225187969924,4.786039072861825,-1.5457500000000042e-10
bot2,-3.7,0.1,4.3206e-12,-5.865e-11,-2.4450000000000003e-11,10,5,3.430999999999997e-12,5.865e-11,4.3206e-12,1.33e-07,0.000128984962406,0.3972398049952637,-1.8446999999999988e-10
bot2,-3.6,0.1,4.1046e-12,-6.700000000000003e-13,-1.455e-11,10,5,-1.7674999999999984e-11,6.700000000000003e-13,4.1046e-12,1.33e-07,-0.0006644736842105,-3.701712932628244,-1.8775499999999963e-10
bot2,-3.5,0.1,7.856e-13,-2.7000000000000002e-12,1.27e-12,10,5,-3.411999999999997e-11,2.7000000000000002e-12,7.856e-13,1.33e-07,-0.0012827067669172,-0.8939887379755698,-3.5555000000000214e-11
bot2,-3.4,0.1,-2.7194e-12,2.571e-11,5.5600000000000005e-12,10,5,-2.478600000000004e-11,2.571e-11,2.7194e-12,1.33e-07,-0.0009318045112781,3.6255059200348905,3.6208000000000047e-10
bot2,-3.3000000000000003,0.1,-4.1716e-12,6.039000000000001e-11,1.818e-11,10,5,3.829600000000005e-11,6.039000000000001e-11,4.1716e-12,1.33e-07,0.0014396992481203,1.2961813629104242,1.8163000000000039e-10
bot2,-3.2,0.1,4.9398e-12,-2.120000000000001e-12,-3.343e-11,10,5,1.1539999999999988e-11,2.120000000000001e-12,4.9398e-12,1.33e-07,0.0004338345864661,-1.7497497850484385,-2.6425499999999993e-10
bot2,-3.1,0.1,-1.8636e-12,1.8100000000000002e-12,-8.300000000000001e-13,10,5,-1.4554999999999986e-11,1.8100000000000002e-12,1.8636e-12,1.33e-07,-0.0005471804511278,-1.9323506479676205,8.753999999999982e-11
bot2,-3.0,0.1,2.0288e-12,-1.203e-11,-3.4200000000000004e-12,10,5,2.904799999999997e-11,1.203e-11,2.0288e-12,1.33e-07,0.0010920300751879,1.6290218956999407,-9.89200000000002e-11
bot2,-2.9,0.1,3.946e-12,-5.7700000000000005e-11,-1.297e-11,10,5,-3.4339000000000044e-11,5.7700000000000005e-11,3.946e-12,1.33e-07,-0.001290939849624,1.8875819295349248,-1.6588000000000008e-10
bot2,-2.8000000000000003,0.1,-4.839e-12,1.324e-11,3.619e-11,10,5,-4.1280000000000034e-12,1.324e-11,4.839e-12,1.33e-07,-0.0001551879699248,-0.5097340584342287,2.726900000000005e-10
bot2,-2.7,0.1,3.1204e-12,-1.2900000000000002e-12,-4.8000000000000005e-12,10,5,2.019899999999998e-11,1.2900000000000002e-12,3.1204e-12,1.33e-07,0.0007593609022556,-3.910500734453489,-1.4649499999999968e-10
bot2,-2.6,0.1,-7.992e-13,2.9100000000000003e-12,2.7000000000000002e-12,10,5,-3.342699999999997e-11,2.9100000000000003e-12,7.992e-13,1.33e-07,-0.0012566541353383,0.2892463247927865,3.6209999999999926e-11
bot2,-2.5,0.1,-3.565e-12,4.894e-11,9.52e-12,10,5,2.7440999999999968e-11,4.894e-11,3.565e-12,1.33e-07,0.0010316165413533,3.8421237876046153,3.149699999999997e-10
bot2,-2.4,0.1,4.689e-12,-2.8090000000000003e-11,-3.5490000000000005e-11,10,5,2.956700000000004e-11,2.8090000000000003e-11,4.689e-12,1.33e-07,0.0011115413533834,-0.9064373124112912,-2.9466500000000045e-10
bot2,-2.3000000000000003,0.1,2.3484e-12,-2.450000000000001e-12,-8.600000000000002e-13,10,5,-3.1492000000000036e-11,2.450000000000001e-12,2.3484e-12,1.33e-07,-0.001183909774436,-2.322081178739571,-3.0361000000000046e-10
bot2,-2.2,0.1,-1.6094e-12,7.780000000000001e-12,2.9100000000000003e-12,10,5,-3.115499999999997e-11,7.780000000000001e-12,1.6094e-12,1.33e-07,-0.0011712406015037,1.0917528925011224,3.192199999999997e-10
bot2,-2.1,0.1,-3.8826e-12,5.492e-11,1.181e-11,10,5,3.235199999999997e-11,5.492e-11,3.8826e-12,1.33e-07,0.0012162406015037,2.4003081204180328,2.9026499999999957e-10
bot2,-2.0,0.1,4.861e-12,-1.652e-11,-3.6510000000000005e-11,10,5,2.6898000000000004e-11,1.652e-11,4.861e-12,1.33e-07,0.0010112030075187,-2.069504249313985,-3.4121999999999993e-10
bot2,-1.9,0.1,1.497e-12,-2.82e-12,8.100000000000002e-13,10,5,-3.5892e-11,2.82e-12,1.497e-12,1.33e-07,-0.0013493233082706,-1.608623092229005,-2.7474499999999996e-10
bot2,-1.8,0.1,-2.3174e-12,1.672e-11,4.6900000000000004e-12,10,5,-2.805099999999997e-11,1.672e-11,2.3174e-12,1.33e-07,-0.0010545488721804,2.194790133947107,3.593599999999997e-10
bot2,-1.7,0.1,-4.1132e-12,5.843e-11,1.484e-11,10,5,3.598000000000001e-11,5.843e-11,4.1132e-12,1.33e-07,0.0013526315789473,1.616471044097079,1.7751499999999988e-10
bot2,-1.6,0.1,4.8786e-12,-5.19e-12,-3.612e-11,10,5,7.452e-12,5.19e-12,4.8786e-12,1.33e-07,0.0002801503759398,-0.9770732606899916,-2.6972000000000013e-10
bot2,-1.5,0.1,-2.6228e-12,1.4400000000000001e-12,1.9400000000000002e-12,10,5,-1.7964000000000004e-11,1.4400000000000001e-12,2.6228e-12,1.33e-07,-0.0006753383458646,-2.8956089501134223,1.2221000000000006e-10
bot2,-1.4,0.1,1.2858e-12,-5.620000000000001e-12,-3.4100000000000002e-12,10,5,3.189400000000001e-11,5.620000000000001e-12,1.2858e-12,1.33e-07,0.0011990225563909,0.779802042997977,-6.066499999999985e-11
bot2,-1.3,0.1,3.756e-12,-5.163000000000001e-11,-1.065e-11,10,5,-3.0096999999999966e-11,5.163000000000001e-11,3.756e-12,1.33e-07,-0.0011314661654135,2.8300906742174154,-3.0435499999999977e-10
bot2,-1.2,0.1,-4.7336e-12,2.1790000000000003e-11,3.6110000000000005e-11,10,5,-2.8977000000000003e-11,2.1790000000000003e-11,4.7336e-12,1.33e-07,-0.0010893609022556,-1.3261158431368438,3.1697999999999987e-10
bot2,-1.1,0.1,-2.0394e-12,2.1000000000000003e-12,-5.500000000000001e-13,10,5,3.329900000000001e-11,2.1000000000000003e-12,2.0394e-12,1.33e-07,0.0012518421052631,-1.9524508887238936,2.9467000000000003e-10
bot2,-1.0,0.1,1.9262e-12,-1.225e-11,-4.33e-12,10,5,2.9956999999999986e-11,1.225e-11,1.9262e-12,1.33e-07,0.0011262030075187,1.43657260474443,-3.3694499999999986e-10
bot2,-0.9,0.1,3.952e-12,-5.8070000000000006e-11,-1.362e-11,10,5,-3.409e-11,5.8070000000000006e-11,3.952e-12,1.33e-07,-0.0012815789473684,2.023836570917484,-1.7254e-10
bot2,-0.8,0.1,-4.8918e-12,1.104e-11,3.625e-11,10,5,-4.551000000000003e-12,1.104e-11,4.8918e-12,1.33e-07,-0.0001710902255639,-0.5684314017883008,2.69965e-10
bot2,-0.7,0.1,3.0418e-12,-3.2600000000000002e-12,-4.340000000000001e-12,10,5,1.990299999999999e-11,3.2600000000000002e-12,3.0418e-12,1.33e-07,0.0007482330827067,-3.6492749081831537,-1.433499999999999e-10
bot2,-0.6,0.1,-9.112e-13,2.120000000000001e-12,2.36e-12,10,5,-3.3220999999999985e-11,2.120000000000001e-12,9.112e-13,1.33e-07,-0.001248909774436,0.3673063919847318,4.049500000000007e-11
bot2,-0.5,0.1,-3.6024e-12,4.732e-11,9.31e-12,10,5,2.8002000000000008e-11,4.732e-11,3.6024e-12,1.33e-07,0.0010527067669172,3.5574252262149484,3.11915e-10
bot2,-0.4,0.1,4.6892e-12,-2.768e-11,-3.525e-11,10,5,2.9162e-11,2.768e-11,4.6892e-12,1.33e-07,0.0010963157894736,-1.0414353545335775,-2.9713500000000003e-10
bot2,-0.3,0.1,2.23e-12,-2.16e-12,-1.1600000000000001e-12,10,5,-3.1425e-11,2.16e-12,2.23e-12,1.33e-07,-0.0011813909774436,-2.3406014778848405,-2.9737499999999997e-10
bot2,-0.2,0.1,-1.5958e-12,8.600000000000001e-12,3.51e-12,10,5,-3.0313e-11,8.600000000000001e-12,1.5958e-12,1.33e-07,-0.0011395864661654,1.175943161075681,3.1454000000000003e-10
bot2,-0.1,0.1,-3.8326e-12,5.433e-11,1.184e-11,10,5,3.1483e-11,5.433e-11,3.8326e-12,1.33e-07,0.0011835714285714,2.345966566865485,3.03255e-10
bot2,0.0,0.1,4.7008e-12,-2.584e-11,-3.5670000000000005e-11,10,5,3.0338e-11,2.584e-11,4.7008e-12,1.33e-07,0.0011405263157894,-1.1710798389767074,-3.1694499999999993e-10
bot2,0.1,0.1,2.235e-12,-2.450000000000001e-12,-8.500000000000002e-13,10,5,-3.1905999999999994e-11,2.450000000000001e-12,2.235e-12,1.33e-07,-0.0011994736842105,-2.233795506221039,-3.05115e-10
bot2,0.2,0.1,-1.6804e-12,9.61e-12,3.390000000000001e-12,10,5,-3.0685e-11,9.61e-12,1.6804e-12,1.33e-07,-0.0011535714285714,1.2100486879527228,3.23395e-10
bot2,0.3,0.1,-3.902e-12,5.6390000000000005e-11,1.255e-11,10,5,3.2772999999999994e-11,5.6390000000000005e-11,3.902e-12,1.33e-07,0.0012320676691729,2.312453362411029,1.6892e-10
bot2,0.4,0.1,4.8742e-12,-1.357e-11,-3.667e-11,10,5,3.099000000000001e-12,1.357e-11,4.8742e-12,1.33e-07,0.0001165037593984,-0.3756111195712819,-2.7017999999999994e-10
bot2,0.5,0.1,-3.2822e-12,2.6300000000000007e-12,5.8e-12,10,5,-2.1263000000000003e-11,2.6300000000000007e-12,3.2822e-12,1.33e-07,-0.0007993609022556,-4.471961697776515,1.5509499999999994e-10
bot2,0.6,0.1,6.216e-13,-1.3400000000000006e-12,-2.830000000000001e-12,10,5,3.4117999999999984e-11,1.3400000000000006e-12,6.216e-13,1.33e-07,0.0012826315789473,0.1650497090375768,-2.6769999999999927e-11
bot2,0.7,0.1,3.5414e-12,-4.579e-11,-9.04e-12,10,5,-2.6616999999999988e-11,4.579e-11,3.5414e-12,1.33e-07,-0.0010006390977443,4.393765729238392,-3.2281499999999973e-10
bot2,0.8,0.1,-4.7018e-12,3.2830000000000005e-11,3.4280000000000003e-11,10,5,-3.0445000000000004e-11,3.2830000000000005e-11,4.7018e-12,1.33e-07,-0.0011445488721804,-0.715218713690673,2.8553000000000005e-10
bot2,0.9,0.1,-2.5476e-12,1.07e-12,2e-12,10,5,3.048900000000001e-11,1.07e-12,2.5476e-12,1.33e-07,0.0011462030075187,-2.6368936667669645,3.0895500000000005e-10
bot2,1.0,0.1,1.396e-12,-5.830000000000001e-12,-3.4100000000000002e-12,10,5,3.1345999999999985e-11,5.830000000000001e-12,1.396e-12,1.33e-07,0.0011784210526315,0.8229922641736562,-3.065e-10
bot2,1.1,0.1,3.7216e-12,-5.259e-11,-1.1350000000000002e-11,10,5,-3.0811000000000004e-11,5.259e-11,3.7216e-12,1.33e-07,-0.0011583082706766,2.666434220179585,-2.9091000000000003e-10
bot2,1.2,0.1,-4.7662e-12,1.644e-11,3.591e-11,10,5,-2.683600000000001e-11,1.644e-11,4.7662e-12,1.33e-07,-0.0010088721804511,-1.77202707180844,3.282149999999999e-10
bot2,1.3,0.1,-1.6456e-12,2.6500000000000002e-12,-8.800000000000002e-13,10,5,3.4831999999999957e-11,2.6500000000000002e-12,1.6456e-12,1.33e-07,0.0013094736842105,-1.6785505098940663,2.760399999999997e-10
bot2,1.4,0.1,2.2002e-12,-1.615e-11,-4.610000000000001e-12,10,5,2.837200000000001e-11,1.615e-11,2.2002e-12,1.33e-07,0.0010666165413533,1.9442571487055107,-3.518049999999998e-10
bot2,1.5,0.1,4.0288e-12,-5.831e-11,-1.4200000000000002e-11,10,5,-3.5529000000000003e-11,5.831e-11,4.0288e-12,1.33e-07,-0.0013356766917293,1.741149864150176,-1.706400000000001e-10
bot2,1.6,0.1,-4.9056e-12,8.780000000000001e-12,3.6110000000000005e-11,10,5,-5.7560000000000025e-12,8.780000000000001e-12,4.9056e-12,1.33e-07,-0.0002163909774436,-0.7307264180865759,2.743500000000001e-10
bot2,1.7,0.1,2.8776e-12,-3.3700000000000004e-12,-4.01e-12,10,5,1.9341000000000003e-11,3.3700000000000004e-12,2.8776e-12,1.33e-07,0.0007271052631578,-3.373729447583581,-1.3468499999999986e-10
bot2,1.8,0.1,-1.0374e-12,3.110000000000001e-12,2.780000000000001e-12,10,5,-3.2692999999999967e-11,3.110000000000001e-12,1.0374e-12,1.33e-07,-0.0012290601503759,0.5228465203553773,4.640999999999998e-11
bot2,1.9,0.1,-3.661e-12,5.08e-11,9.43e-12,10,5,2.8623000000000007e-11,5.08e-11,3.661e-12,1.33e-07,0.0010760526315789,3.274836206709476,3.0810999999999993e-10
bot2,2.0,0.1,4.6872e-12,-2.535e-11,-3.569e-11,10,5,2.8929000000000005e-11,2.535e-11,4.6872e-12,1.33e-07,0.0010875563909774,-1.1814083559680368,-3.0261499999999994e-10
bot2,2.1,0.1,2.1248e-12,-2.5800000000000003e-12,-6.6e-13,10,5,-3.189999999999997e-11,2.5800000000000003e-12,2.1248e-12,1.33e-07,-0.0011992481203007,-2.211539173221844,-2.9414499999999966e-10
bot2,2.2,0.1,-1.6928e-12,9.15e-12,3.6000000000000004e-12,10,5,-2.9899999999999976e-11,9.15e-12,1.6928e-12,1.33e-07,-0.0011240601503759,1.2936442780261437,3.215399999999997e-10
bot2,2.3000000000000003,0.1,-3.8552e-12,5.520000000000001e-11,1.251e-11,10,5,3.2408000000000036e-11,5.520000000000001e-11,3.8552e-12,1.33e-07,0.0012183458646616,2.2581052457051274,1.6826500000000014e-10
bot2,2.4,0.1,4.7888e-12,-1.325e-11,-3.652e-11,10,5,3.7530000000000055e-12,1.325e-11,4.7888e-12,1.33e-07,0.0001410902255639,-0.470206300719625,-2.617950000000005e-10
bot2,2.5,0.1,-3.1046e-12,2.67e-12,4.53e-12,10,5,-1.9950999999999982e-11,2.67e-12,3.1046e-12,1.33e-07,-0.0007500375939849,-3.889486968188983,1.4492499999999968e-10
bot2,2.6,0.1,7.985999999999999e-13,-1.37e-12,-2.79e-12,10,5,3.2737999999999965e-11,1.37e-12,7.985999999999999e-13,1.33e-07,0.0012307518796992,0.2246568477772379,-3.797499999999994e-11
bot2,2.7,0.1,3.443e-12,-4.502e-11,-9.07e-12,10,5,-2.7545999999999977e-11,4.502e-11,3.443e-12,1.33e-07,-0.0010355639097744,3.853734609424336,-3.1086999999999967e-10
bot2,2.8000000000000003,0.1,-4.7106e-12,3.071e-11,3.4180000000000005e-11,10,5,-2.9436000000000034e-11,3.071e-11,4.7106e-12,1.33e-07,-0.0011066165413533,-0.744001414708003,2.9339500000000046e-10
bot2,2.9,0.1,-2.4442e-12,1.7600000000000002e-12,1.21e-12,10,5,3.113300000000004e-11,1.7600000000000002e-12,2.4442e-12,1.33e-07,0.0011704135338345,-2.4618851322357687,3.224150000000004e-10
bot2,3.0,0.1,1.516e-12,-7.570000000000003e-12,-3.5500000000000004e-12,10,5,3.5046999999999966e-11,7.570000000000003e-12,1.516e-12,1.33e-07,0.0013175563909774,1.3566153441547513,-1.0009000000000012e-10
bot2,3.1,0.1,4.5652e-12,-5.46e-11,-1.291e-11,10,5,1.1114999999999992e-11,5.46e-11,4.5652e-12,1.33e-07,0.0004178571428571,1.9602813192909243,1.3187049999999979e-09
bot2,3.2,0.1,3.739e-12,1.662e-11,2.8360000000000003e-11,10,5,2.987879999999997e-10,1.662e-11,3.739e-12,1.33e-07,0.0112326315789473,5.74452566294592,7.364200000000004e-09
bot2,3.3000000000000003,0.1,6.43228e-11,2.4800000000000003e-12,-6.584e-11,10,5,1.483955000000002e-09,2.4800000000000003e-12,6.43228e-11,1.33e-07,0.0557877819548872,9.52566183103324,2.7025490000000072e-08
bot2,3.4,0.1,3.0053000000000005e-10,1.7500000000000002e-12,-3.2434000000000004e-10,10,5,5.703886000000007e-09,1.7500000000000002e-12,3.0053000000000005e-10,1.33e-07,0.2144318045112784,6.363290726340622,6.489447500000001e-08
bot2,3.5,0.1,1.2051e-09,-8.9e-13,-1.1494e-09,10,5,1.4462849999999989e-08,8.9e-13,1.2051e-09,1.33e-07,0.5437161654135332,5.131623442106696,1.1279306999999977e-07
bot2,3.6,0.1,3.1931e-09,-4.872e-11,-3.19e-09,10,5,2.8262499999999976e-08,4.872e-11,3.1931e-09,1.33e-07,1.062499999999999,3.775745314552005,1.5167324999999973e-07
bot2,3.7,0.1,6.8576e-09,-3.12e-11,-6.8592e-09,10,5,4.479749999999996e-08,3.12e-11,6.8576e-09,1.33e-07,1.6841165413533816,2.9022834182726083,1.7342750000000037e-07
bot2,3.8,0.1,1.21526e-08,-6.137e-11,-1.20508e-08,10,5,6.294800000000008e-08,6.137e-11,1.21526e-08,1.33e-07,2.3664661654135366,2.263424656284928,1.8631750000000093e-07
bot2,3.9,0.1,1.94472e-08,5.611000000000001e-11,-1.9398e-08,10,5,8.20610000000001e-08,5.611000000000001e-11,1.94472e-08,1.33e-07,3.085000000000003,1.8558099210182744,1.8825000000000048e-07
bot2,4.0,0.1,2.85648e-08,-1.3900000000000001e-12,-2.85578e-08,10,5,1.0059800000000013e-07,1.3900000000000001e-12,2.85648e-08,1.33e-07,3.781879699248124,1.542369235583154,1.7770499999999917e-07
bot2,4.1,0.1,3.95668e-08,-1.1100000000000001e-12,-3.94746e-08,10,5,1.1760199999999989e-07,1.1100000000000001e-12,3.95668e-08,1.33e-07,4.421127819548867,1.3044157424569025,1.5896999999999854e-07
bot2,4.2,0.1,5.20852e-08,-5.956e-11,-5.20344e-08,10,5,1.3239199999999985e-07,5.956e-11,5.20852e-08,1.33e-07,4.977142857142851,1.1125516596252971,1.4347499999999977e-07
bot2,4.3,0.1,6.604519999999999e-08,-1.185e-11,-6.59836e-08,10,5,1.462969999999999e-07,1.185e-11,6.604519999999999e-08,1.33e-07,5.499887218045108,0.9680719589297694,1.3019499999999982e-07
bot2,4.4,0.1,8.13446e-08,1.79e-12,-8.121819999999999e-08,10,5,1.584309999999999e-07,1.79e-12,8.13446e-08,1.33e-07,5.956052631578941,0.8509643020632787,1.0839999999999977e-07
bot2,4.5,0.1,9.773140000000001e-08,2.852e-11,-9.75626e-08,10,5,1.6797699999999986e-07,2.852e-11,9.773140000000001e-08,1.33e-07,6.314924812030068,0.750712324399813,9.256000000000004e-08
bot2,4.6000000000000005,0.1,1.1494e-07,4.2000000000000003e-13,-1.1486e-07,10,5,1.769429999999999e-07,4.2000000000000003e-13,1.1494e-07,1.33e-07,6.651992481203002,0.6710459443679178,8.661500000000378e-08
bot2,4.7,0.1,1.3312e-07,-4.386e-11,-1.331e-07,10,5,1.853000000000006e-07,4.386e-11,1.3312e-07,1.33e-07,6.966165413533856,0.6068619757354708,7.028500000000042e-08
bot2,4.8,0.1,1.52e-07,-1.2500000000000001e-12,-1.5206e-07,10,5,1.909999999999999e-07,1.2500000000000001e-12,1.52e-07,1.33e-07,7.180451127819543,0.5478237838894136,4.899999999999636e-08
bot2,4.9,0.1,1.7132e-07,6.119000000000001e-11,-1.7124e-07,10,5,1.950999999999999e-07,6.119000000000001e-11,1.7132e-07,1.33e-07,7.3345864661654065,0.4961762639208262,2.1000000000004205e-08
bot2,5.0,0.1,1.9102e-07,3.1200000000000004e-12,-1.9114e-07,10,5,1.9520000000000082e-07,3.1200000000000004e-12,1.9102e-07,1.33e-07,7.33834586466168,0.468613421623571,1.5300000000000993e-07
bot2,5.0,0.1,1.9084e-07,2.26e-12,-1.9092e-07,10,5,2.1040000000000085e-07,2.26e-12,1.9084e-07,1.33e-07,7.909774436090254,0.5068101582485713,-1.0999999999999201e-07
bot2,4.9,0.1,1.6998e-07,1.6700000000000006e-12,-1.6982e-07,10,5,2.061999999999999e-07,1.6700000000000006e-12,1.6998e-07,1.33e-07,7.751879699248115,0.5286890717922293,5.6000000000005206e-08
bot2,4.8,0.1,1.496e-07,-3.7460000000000006e-11,-1.4964e-07,10,5,1.9919999999999977e-07,3.7460000000000006e-11,1.496e-07,1.33e-07,7.488721804511267,0.5799351125312218,7.249999999999613e-08
bot2,4.7,0.1,1.3014e-07,-2.1700000000000002e-12,-1.3016e-07,10,5,1.9170000000000066e-07,2.1700000000000002e-12,1.3014e-07,1.33e-07,7.206766917293256,0.6429626896181673,7.832499999999961e-08
bot2,4.6000000000000005,0.1,1.1126e-07,6.071e-11,-1.1128e-07,10,5,1.835349999999999e-07,6.071e-11,1.1126e-07,1.33e-07,6.899812030075183,0.7195525437581722,9.210500000000393e-08
bot2,4.5,0.1,9.343300000000001e-08,-1.37e-12,-9.33622e-08,10,5,1.732789999999999e-07,1.37e-12,9.343300000000001e-08,1.33e-07,6.514248120300746,0.8104323706691511,1.1020500000000033e-07
bot2,4.4,0.1,7.66042e-08,1.74e-12,-7.66328e-08,10,5,1.6149399999999984e-07,1.74e-12,7.66042e-08,1.33e-07,6.071203007518789,0.9210803011448824,1.2418500000000018e-07
bot2,4.3,0.1,6.11342e-08,6.095000000000001e-11,-6.09948e-08,10,5,1.4844199999999984e-07,6.095000000000001e-11,6.11342e-08,1.33e-07,5.580526315789466,1.064667276163366,1.4016999999999962e-07
bot2,4.2,0.1,4.69158e-08,4.660000000000001e-12,-4.687459999999999e-08,10,5,1.334599999999999e-07,4.660000000000001e-12,4.69158e-08,1.33e-07,5.017293233082701,1.245966745665722,1.647299999999995e-07
bot2,4.1,0.1,3.44422e-08,-8.300000000000001e-13,-3.4488799999999994e-08,10,5,1.1549599999999988e-07,8.300000000000001e-13,3.44422e-08,1.33e-07,4.34195488721804,1.4721968174626574,1.872999999999987e-07
bot2,4.0,0.1,2.38166e-08,-3.85e-11,-2.3862e-08,10,5,9.60000000000001e-08,3.85e-11,2.38166e-08,1.33e-07,3.609022556390981,1.77021614188017,2.0001249999999922e-07
bot2,3.9,0.1,1.52422e-08,-3.872e-11,-1.5264799999999997e-08,10,5,7.549350000000009e-08,3.872e-11,1.52422e-08,1.33e-07,2.8381015037594013,2.1823393983827564,2.047850000000005e-07
bot2,3.8,0.1,8.7179e-09,2.09e-12,-8.7368e-09,10,5,5.504300000000007e-08,2.09e-12,8.7179e-09,1.33e-07,2.0692857142857166,2.781689167003204,2.000500000000009e-07
bot2,3.7,0.1,4.2336e-09,1.5300000000000001e-12,-4.2365e-09,10,5,3.5483499999999975e-08,1.5300000000000001e-12,4.2336e-09,1.33e-07,1.3339661654135322,3.652876439997833,1.8212025000000026e-07
bot2,3.6,0.1,1.6212e-09,1.5300000000000001e-12,-1.6717e-09,10,5,1.8618949999999984e-08,1.5300000000000001e-12,1.6212e-09,1.33e-07,0.6999605263157886,4.596507362694395,1.4000924999999976e-07
bot2,3.5,0.1,5.0981e-10,-6.007e-11,-5.4391e-10,10,5,7.481649999999993e-09,6.007e-11,5.0981e-10,1.33e-07,0.2812650375939846,5.5668924167610125,8.076219499999984e-08
bot2,3.4,0.1,1.2487e-10,-5.1e-13,-1.4073e-10,10,5,2.4665110000000032e-09,5.1e-13,1.2487e-10,1.33e-07,0.0927259774436091,7.448595757097358,3.4237940000000006e-08
bot2,3.3000000000000003,0.1,1.65078e-11,1.107e-11,-1.524e-11,10,5,6.340620000000007e-10,1.107e-11,1.65078e-11,1.33e-07,0.0238369172932331,9.040597211611455,1.2042710000000032e-08
bot2,3.2,0.1,-1.9424e-12,5.441e-11,1.011e-11,10,5,5.7968999999999934e-11,5.441e-11,1.9424e-12,1.33e-07,0.0021792857142857,2.6312702320249737,3.254785000000001e-09
bot2,3.1,0.1,4.914e-12,-1.428e-11,-3.723e-11,10,5,-1.6894999999999984e-11,1.428e-11,4.914e-12,1.33e-07,-0.0006351503759398,0.6550140364894113,1.1104499999999976e-10
bot2,3.0,0.1,1.4366e-12,-2.44e-12,9.8e-13,10,5,3.575999999999997e-11,2.44e-12,1.4366e-12,1.33e-07,0.0013443609022556,1.7078753497586503,-2.2061499999999984e-10
bot2,2.9,0.1,-2.238e-12,1.69e-11,4.42e-12,10,5,2.722800000000004e-11,1.69e-11,2.238e-12,1.33e-07,0.0010236090225563,-2.2285009707662016,3.5811500000000047e-10
bot2,2.8000000000000003,0.1,-4.009e-12,5.972e-11,1.612e-11,10,5,-3.5863000000000045e-11,5.972e-11,4.009e-12,1.33e-07,-0.0013482330827067,-1.7169593610642075,1.7410500000000035e-10
bot2,2.7,0.1,4.9346e-12,-3.4700000000000004e-12,-3.5630000000000004e-11,10,5,-7.59299999999999e-12,3.4700000000000004e-12,4.9346e-12,1.33e-07,-0.0002854511278195,1.03383474288031,-2.6290499999999993e-10
bot2,2.6,0.1,-2.4904e-12,2.31e-12,1.13e-12,10,5,1.6717999999999984e-11,2.31e-12,2.4904e-12,1.33e-07,0.0006284962406015,2.4579088737929555,1.2084499999999978e-10
bot2,2.5,0.1,1.591e-12,-8.51e-12,-3.8300000000000004e-12,10,5,-3.1761999999999974e-11,8.51e-12,1.591e-12,1.33e-07,-0.0011940601503759,-0.95271580884459,-7.600500000000022e-11
bot2,2.4,0.1,3.862e-12,-5.551e-11,-1.226e-11,10,5,3.191900000000004e-11,5.551e-11,3.862e-12,1.33e-07,0.001199962406015,-2.394595634678639,-1.7338000000000008e-10
bot2,2.3000000000000003,0.1,-4.7928e-12,1.432e-11,3.624e-11,10,5,2.9140000000000056e-12,1.432e-11,4.7928e-12,1.33e-07,0.0001095488721804,0.3552218206746543,2.6024000000000044e-10
bot2,2.2,0.1,3.2792e-12,-2.2000000000000003e-12,-5.8e-12,10,5,-2.012899999999997e-11,2.2000000000000003e-12,3.2792e-12,1.33e-07,-0.0007567293233082,3.9789697131666335,-1.5270499999999968e-10
bot2,2.1,0.1,-7.67e-13,9.100000000000002e-13,2.3000000000000003e-12,10,5,3.345499999999997e-11,9.100000000000002e-13,7.67e-13,1.33e-07,0.0012577067669172,-0.0860782977725803,3.432500000000012e-11
bot2,2.0,0.1,-3.4118e-12,4.553e-11,8.51e-12,10,5,-2.6994000000000007e-11,4.553e-11,3.4118e-12,1.33e-07,-0.0010148120300751,-3.9047721722245936,3.1147499999999995e-10
bot2,1.9,0.1,4.6318e-12,-3.129e-11,-3.518e-11,10,5,-2.8840000000000007e-11,3.129e-11,4.6318e-12,1.33e-07,-0.0010842105263157,0.8038570660445024,-2.9124999999999995e-10
bot2,1.8,0.1,2.3562e-12,-2.69e-12,-8.400000000000002e-13,10,5,3.125599999999997e-11,2.69e-12,2.3562e-12,1.33e-07,0.0011750375939849,2.2819783172686914,-3.009699999999997e-10
bot2,1.7,0.1,-1.6194e-12,8.600000000000001e-12,3.56e-12,10,5,3.135400000000001e-11,8.600000000000001e-12,1.6194e-12,1.33e-07,0.0011787218045112,-1.1023762005604978,3.1791999999999997e-10
bot2,1.6,0.1,-3.9146e-12,5.711e-11,1.3e-11,10,5,-3.232800000000001e-11,5.711e-11,3.9146e-12,1.33e-07,-0.0012153383458646,-2.3802359916240605,1.8117000000000008e-10
bot2,1.5,0.1,4.8462e-12,-9.51e-12,-3.6180000000000005e-11,10,5,-4.880000000000003e-12,9.51e-12,4.8462e-12,1.33e-07,-0.0001834586466165,0.6227345875276136,-2.549450000000001e-10
bot2,1.4,0.1,-2.9386e-12,1.7700000000000001e-12,2.8600000000000003e-12,10,5,1.8661e-11,1.7700000000000001e-12,2.9386e-12,1.33e-07,0.0007015413533834,3.1925807121363112,1.4242499999999982e-10
bot2,1.3,0.1,1.114e-12,-4.200000000000001e-12,-3.2e-12,10,5,-3.336499999999997e-11,4.200000000000001e-12,1.114e-12,1.33e-07,-0.0012543233082706,-0.5204018005231865,-5.3234999999999946e-11
bot2,1.2,0.1,3.7344e-12,-5.2e-11,-1.025e-11,10,5,2.9308e-11,5.2e-11,3.7344e-12,1.33e-07,0.0011018045112781,-3.1479446516569363,-3.123649999999999e-10
bot2,1.1,0.1,-4.7476e-12,2.324e-11,3.5560000000000004e-11,10,5,2.9108000000000006e-11,2.324e-11,4.7476e-12,1.33e-07,0.0010942857142857,1.2632838413655547,3.1294000000000006e-10
bot2,1.0,0.1,-2.0872e-12,2.2200000000000002e-12,8.000000000000001e-14,10,5,-3.327999999999999e-11,2.2200000000000002e-12,2.0872e-12,1.33e-07,-0.0012511278195488,1.9790235664110416,2.96045e-10
bot2,0.9,0.1,1.9084e-12,-1.225e-11,-4.0900000000000005e-12,10,5,-3.0101000000000007e-11,1.225e-11,1.9084e-12,1.33e-07,-0.0011316165413533,-1.375799401587914,-3.3417000000000005e-10
bot2,0.8,0.1,3.933e-12,-5.706e-11,-1.302e-11,10,5,3.3554000000000005e-11,5.706e-11,3.933e-12,1.33e-07,0.0012614285714285,-2.003944612304647,-1.7241500000000007e-10
bot2,0.7,0.1,-4.8024e-12,1.08e-11,3.634e-11,10,5,4.382e-12,1.08e-11,4.8024e-12,1.33e-07,0.0001647368421052,0.547426688171315,2.647499999999999e-10
bot2,0.6,0.1,3.0566e-12,-2.64e-12,-4.43e-12,10,5,-1.9396e-11,2.64e-12,3.0566e-12,1.33e-07,-0.0007291729323308,3.5808126726808074,-1.4386e-10
bot2,0.5,0.1,-9.232e-13,2.350000000000001e-12,2.5800000000000003e-12,10,5,3.3154000000000005e-11,2.350000000000001e-12,9.232e-13,1.33e-07,0.0012463909774436,-0.3397012085350149,4.412000000000003e-11
bot2,0.4,0.1,-3.5742e-12,4.861e-11,9.64e-12,10,5,-2.822e-11,4.861e-11,3.5742e-12,1.33e-07,-0.001060902255639,-3.543599029096427,3.1019999999999997e-10
bot2,0.3,0.1,4.7208e-12,-2.739e-11,-3.5270000000000005e-11,10,5,-2.8885999999999995e-11,2.739e-11,4.7208e-12,1.33e-07,-0.001085939849624,1.0508217666586006,-3.0318e-10
bot2,0.2,0.1,2.203e-12,-2.57e-12,-5.1e-13,10,5,3.2416e-11,2.57e-12,2.203e-12,1.33e-07,0.0012186466165413,2.1395555874411527,-2.9905e-10
bot2,0.1,0.1,-1.7624e-12,9.62e-12,3.53e-12,10,5,3.0924e-11,9.62e-12,1.7624e-12,1.33e-07,0.0011625563909774,-1.2853247255537692,3.2682e-10
bot2,0.0,0.1,-3.9818e-12,5.6540000000000006e-11,1.269e-11,10,5,-3.2948e-11,5.6540000000000006e-11,3.9818e-12,1.33e-07,-0.0012386466165413,-2.1879540434410134,2.92015e-10
bot2,-0.1,0.1,4.8272e-12,-1.9040000000000003e-11,-3.6550000000000006e-11,10,5,-2.7479e-11,1.9040000000000003e-11,4.8272e-12,1.33e-07,-0.0010330451127819,2.099767835487336,-3.4571e-10
bot2,-0.2,0.1,1.514e-12,-2.37e-12,9.3e-13,10,5,3.6194e-11,2.37e-12,1.514e-12,1.33e-07,0.0013606766917293,1.5069500881879974,-2.7741000000000003e-10
bot2,-0.3,0.1,-2.4116e-12,1.753e-11,4.390000000000001e-12,10,5,2.8003e-11,1.753e-11,2.4116e-12,1.33e-07,0.0010527443609022,-2.156181277510996,3.6289e-10
bot2,-0.4,0.1,-4.0866e-12,5.908e-11,1.49e-11,10,5,-3.6384e-11,5.908e-11,4.0866e-12,1.33e-07,-0.0013678195488721,-1.5239771143842074,1.7415499999999998e-10
bot2,-0.5,0.1,4.8652e-12,-5.910000000000001e-12,-3.5820000000000005e-11,10,5,-6.828000000000002e-12,5.910000000000001e-12,4.8652e-12,1.33e-07,-0.0002566917293233,0.8831679444324793,-2.77735e-10
bot2,-0.6,0.1,-2.721e-12,2.51e-12,3.590000000000001e-12,10,5,1.9162999999999992e-11,2.51e-12,2.721e-12,1.33e-07,0.0007204135338345,3.36584288679476,1.2411999999999988e-10
bot2,-0.7,0.1,1.0326e-12,-3.43e-12,-3.0400000000000004e-12,10,5,-3.1651999999999987e-11,3.43e-12,1.0326e-12,1.33e-07,-0.00118992481203,-0.6135323610919483,-4.743500000000005e-11
bot2,-0.8,0.1,3.6094e-12,-5.0640000000000006e-11,-1.027e-11,10,5,2.865000000000001e-11,5.0640000000000006e-11,3.6094e-12,1.33e-07,0.0010770676691729,-3.289627113685764,-2.9766000000000004e-10
bot2,-0.9,0.1,-4.6974e-12,2.305e-11,3.58e-11,10,5,2.7880000000000005e-11,2.305e-11,4.6974e-12,1.33e-07,0.0010481203007518,1.3185948958601923,3.0848000000000006e-10
bot2,-1.0,0.1,-1.9666e-12,2.95e-12,-3.900000000000001e-13,10,5,-3.304599999999999e-11,2.95e-12,1.9666e-12,1.33e-07,-0.0012423308270676,1.9520754308874184,2.8849499999999994e-10
bot2,-1.1,0.1,1.9118e-12,-1.107e-11,-4.03e-12,10,5,-2.9819000000000005e-11,1.107e-11,1.9118e-12,1.33e-07,-0.0011210150375939,-1.5401992195634675,-3.3525500000000005e-10
bot2,-1.2,0.1,3.9972e-12,-5.5810000000000006e-11,-1.282e-11,10,5,3.400500000000001e-11,5.5810000000000006e-11,3.9972e-12,1.33e-07,0.0012783834586466,-2.038976729091236,-1.6896000000000003e-10
bot2,-1.3,0.1,-4.8892e-12,1.22e-11,3.636e-11,10,5,3.972999999999996e-12,1.22e-11,4.8892e-12,1.33e-07,0.0001493609022556,0.48126589712929,2.740449999999997e-10
bot2,-1.4,0.1,3.2026e-12,-1.85e-12,-5.44e-12,10,5,-2.0804000000000004e-11,1.85e-12,3.2026e-12,1.33e-07,-0.0007821052631578,4.134339329831188,-1.4735500000000008e-10
bot2,-1.5,0.1,-7.284e-13,2.23e-12,2.13e-12,10,5,3.3444000000000005e-11,2.23e-12,7.284e-13,1.33e-07,0.0012572932330827,-0.1842479961990495,3.0430000000000024e-11
bot2,-1.6,0.1,-3.4862e-12,4.563e-11,8.46e-12,10,5,-2.6890000000000007e-11,4.563e-11,3.4862e-12,1.33e-07,-0.001010902255639,-4.025228277475224,3.1755000000000016e-10
bot2,-1.7,0.1,4.6496e-12,-3.2910000000000006e-11,-3.488e-11,10,5,-3.0066000000000004e-11,3.2910000000000006e-11,4.6496e-12,1.33e-07,-0.0011303007518796,0.6987352831642025,-2.89475e-10
bot2,-1.8,0.1,2.527e-12,-1.0500000000000002e-12,-1.65e-12,10,5,3.1004999999999975e-11,1.0500000000000002e-12,2.527e-12,1.33e-07,0.0011656015037593,2.383459027548802,-3.0861499999999977e-10
bot2,-1.9,0.1,-1.5514e-12,7.970000000000001e-12,3.3e-12,10,5,3.165700000000001e-11,7.970000000000001e-12,1.5514e-12,1.33e-07,0.0011901127819548,-0.8884046554128757,3.1381e-10
bot2,-2.0,0.1,-3.8044e-12,5.3730000000000005e-11,1.183e-11,10,5,-3.175700000000001e-11,5.3730000000000005e-11,3.8044e-12,1.33e-07,-0.0011938721804511,-2.452587251337111,2.9166e-10
bot2,-2.1,0.1,4.8e-12,-1.6200000000000003e-11,-3.6620000000000005e-11,10,5,-2.6674999999999972e-11,1.6200000000000003e-11,4.8e-12,1.33e-07,-0.0010028195488721,1.9771223200452752,-3.3739999999999963e-10
bot2,-2.2,0.1,1.5306e-12,-2.7600000000000004e-12,7.200000000000003e-13,10,5,3.572299999999997e-11,2.7600000000000004e-12,1.5306e-12,1.33e-07,0.001342969924812,1.5558623836276806,-2.744849999999997e-10
bot2,-2.3000000000000003,0.1,-2.3446e-12,1.827e-11,4.51e-12,10,5,2.8222000000000037e-11,1.827e-11,2.3446e-12,1.33e-07,0.001060977443609,-2.1469073242428065,3.6001000000000045e-10
bot2,-2.4,0.1,-4.1138e-12,5.967e-11,1.519e-11,10,5,-3.6279000000000046e-11,5.967e-11,4.1138e-12,1.33e-07,-0.0013638721804511,-1.6055942986109462,1.7999000000000038e-10
bot2,-2.5,0.1,4.9112e-12,-4.56e-12,-3.548e-11,10,5,-7.775999999999991e-12,4.56e-12,4.9112e-12,1.33e-07,-0.0002923308270676,1.0312038914566992,-2.6517499999999986e-10
bot2,-2.6,0.1,-2.5586e-12,1.3900000000000001e-12,1.3800000000000002e-12,10,5,1.6755999999999984e-11,1.3900000000000001e-12,2.5586e-12,1.33e-07,0.00062992481203,2.4903151100888965,1.2169999999999982e-10
bot2,-2.7,0.1,1.56e-12,-6.940000000000001e-12,-3.51e-12,10,5,-3.2115999999999973e-11,6.940000000000001e-12,1.56e-12,1.33e-07,-0.0012073684210526,-0.8955107699445,-7.496500000000019e-11
bot2,-2.8000000000000003,0.1,3.8646e-12,-5.4390000000000006e-11,-1.161e-11,10,5,3.174900000000004e-11,5.4390000000000006e-11,3.8646e-12,1.33e-07,0.0011935714285714,-2.435963906501172,-1.7668000000000016e-10
bot2,-2.9,0.1,-4.7898e-12,1.477e-11,3.639e-11,10,5,3.220000000000007e-12,1.477e-11,4.7898e-12,1.33e-07,0.0001210526315789,0.3958388047235411,2.6016500000000036e-10
bot2,-3.0,0.1,3.2206e-12,-2.500000000000001e-12,-5.29e-12,10,5,-2.0283999999999976e-11,2.500000000000001e-12,3.2206e-12,1.33e-07,-0.0007625563909774,4.076067025067833,-1.5329499999999962e-10
bot2,-3.1,0.1,-7.33e-13,1.5400000000000001e-12,2.52e-12,10,5,3.387899999999997e-11,1.5400000000000001e-12,7.33e-13,1.33e-07,0.0012736466165413,-0.2146362433296376,3.3809999999999946e-11
bot2,-3.2,0.1,-3.5552e-12,4.757e-11,8.96e-12,10,5,-2.704599999999997e-11,4.757e-11,3.5552e-12,1.33e-07,-0.0010167669172932,-4.023945514605739,3.1949999999999967e-10
bot2,-3.3000000000000003,0.1,4.6762e-12,-2.95e-11,-3.4940000000000004e-11,10,5,-3.002100000000004e-11,2.95e-11,4.6762e-12,1.33e-07,-0.0011286090225563,0.8093762606803001,-2.8982500000000044e-10
bot2,-3.4,0.1,2.449e-12,-2.67e-12,-1.4e-12,10,5,3.091900000000004e-11,2.67e-12,2.449e-12,1.33e-07,0.0011623684210526,2.458034743923545,-3.0781000000000046e-10
bot2,-3.5,0.1,-1.5076e-12,7.0300000000000005e-12,3.3e-12,10,5,3.1540999999999965e-11,7.0300000000000005e-12,1.5076e-12,1.33e-07,0.0011857518796992,-0.9875425049966224,3.1266499999999977e-10
bot2,-3.6,0.1,-3.8592e-12,5.499e-11,1.14e-11,10,5,-3.1613999999999964e-11,5.499e-11,3.8592e-12,1.33e-07,-0.0011884962406015,-2.521641007695832,2.9074499999999944e-10
bot2,-3.7,0.1,4.8152e-12,-1.812e-11,-3.7060000000000006e-11,10,5,-2.660799999999997e-11,1.812e-11,4.8152e-12,1.33e-07,-0.0010003007518796,2.1071555386714085,-3.344249999999997e-10
bot2,-3.8,0.1,1.4624e-12,-1.9700000000000003e-12,6.400000000000001e-13,10,5,3.5271000000000045e-11,1.9700000000000003e-12,1.4624e-12,1.33e-07,0.001325977443609,1.6628011836885137,-2.7032000000000037e-10
bot2,-3.9,0.1,-2.239e-12,1.624e-11,4.190000000000001e-12,10,5,2.7456000000000035e-11,1.624e-11,2.239e-12,1.33e-07,0.0010321804511278,-2.2005476501900687,3.517450000000009e-10
bot2,-4.0,0.1,-4.0288e-12,5.898e-11,1.363e-11,10,5,-3.5078000000000044e-11,5.898e-11,4.0288e-12,1.33e-07,-0.0013187218045112,-1.6453239036186784,1.6876500000000035e-10
bot2,-4.1,0.1,4.7766e-12,-7.29e-12,-3.612e-11,10,5,-6.296999999999995e-12,7.29e-12,4.7766e-12,1.33e-07,-0.0002367293233082,0.813950102799498,-2.6647499999999985e-10
bot2,-4.2,0.1,-2.7694e-12,2.500000000000001e-12,3.23e-12,10,5,1.821699999999998e-11,2.500000000000001e-12,2.7694e-12,1.33e-07,0.0006848496240601,3.1240615422718383,1.3070499999999976e-10
bot2,-4.3,0.1,1.1332e-12,-4.13e-12,-3.33e-12,10,5,-3.243799999999997e-11,4.13e-12,1.1332e-12,1.33e-07,-0.0012194736842105,-0.6397352933272586,-5.6289999999999916e-11
bot2,-4.4,0.1,3.7182e-12,-5.237e-11,-1.1e-11,10,5,2.9474999999999974e-11,5.237e-11,3.7182e-12,1.33e-07,0.0011080827067669,-3.1173229241698914,-3.0201499999999945e-10
bot2,-4.5,0.1,-4.7618e-12,2.24e-11,3.6040000000000006e-11,10,5,2.7964999999999968e-11,2.24e-11,4.7618e-12,1.33e-07,0.0010513157894736,1.4868890084257456,3.1733499999999935e-10
bot2,-4.6000000000000005,0.1,-1.8748e-12,2.8400000000000004e-12,-5.2e-13,10,5,-3.3991999999999976e-11,2.8400000000000004e-12,1.8748e-12,1.33e-07,-0.0012778947368421,1.844327056254052,2.8848000000000007e-10
bot2,-4.7,0.1,2.0366e-12,-1.249e-11,-4.32e-12,10,5,-2.9731000000000096e-11,1.249e-11,2.0366e-12,1.33e-07,-0.0011177067669172,-1.6839441372740689,-3.4344500000000093e-10
bot2,-4.8,0.1,4.0714e-12,-5.853e-11,-1.406e-11,10,5,3.469699999999997e-11,5.853e-11,4.0714e-12,1.33e-07,0.0013043984962406,-1.907692189970492,-1.7931500000000027e-10
bot2,-4.9,0.1,-4.9028e-12,8.100000000000001e-12,3.608e-11,10,5,6.131999999999993e-12,8.100000000000001e-12,4.9028e-12,1.33e-07,0.0002305263157894,0.7783075078594763,5.608750000000006e-10
bot2,-5.0,0.1,2.845e-12,-2.960000000000001e-12,-3.35e-12,10,5,-7.747800000000024e-11,2.960000000000001e-12,2.845e-12,1.33e-07,-0.0029127067669173,2.3636190669457675,8.361000000000053e-10
top1,-5.0,0.1,2.8334e-12,-3.645e-11,1.713e-11,10,5,-3.188200000000011e-11,3.645e-11,2.8334e-12,1.33e-07,-0.0011985714285714,-9.023242784084196,3.268200000000023e-10
top1,-4.9,0.1,-3.548e-13,1.4900000000000001e-12,-2.09e-12,10,5,7.999999999999979e-13,1.4900000000000001e-12,3.548e-13,1.33e-07,3.0075187969924727e-05,0.1192843237735984,2.7284000000000017e-10
top1,-4.8,0.1,2.9934e-12,-2.77e-11,-7.990000000000001e-12,10,5,2.268599999999998e-11,2.77e-11,2.9934e-12,1.33e-07,0.0008528571428571,5.3572097737038105,-2.0080500000000048e-10
top1,-4.7,0.1,4.1824e-12,-4.9370000000000006e-11,-2.368e-11,10,5,-3.936100000000014e-11,4.9370000000000006e-11,4.1824e-12,1.33e-07,-0.0014797368421052,1.0607413041115026,-1.6681000000000043e-10
top1,-4.6000000000000005,0.1,-4.8788e-12,1.4800000000000006e-12,3.96e-11,10,5,-1.0675999999999987e-11,1.4800000000000006e-12,4.8788e-12,1.33e-07,-0.0004013533834586,-1.5513264651066092,2.729250000000004e-10
top1,-4.5,0.1,2.0472e-12,-1.7100000000000002e-12,-5e-14,10,5,1.5223999999999986e-11,1.7100000000000002e-12,2.0472e-12,1.33e-07,0.0005723308270676,-2.1245684190556062,-9.543999999999984e-11
top1,-4.4,0.1,-1.834e-12,1.129e-11,4.8000000000000005e-12,10,5,-2.9763999999999966e-11,1.129e-11,1.834e-12,1.33e-07,-0.001118947368421,1.4026374459699196,9.055999999999984e-11
top1,-4.3,0.1,-3.9056e-12,4.636e-11,1.632e-11,10,5,3.333599999999997e-11,4.636e-11,3.9056e-12,1.33e-07,0.0012532330827067,2.1041771773931366,1.7492999999999967e-10
top1,-4.2,0.1,4.8332e-12,-6.690000000000001e-12,-4.273e-11,10,5,5.2219999999999945e-12,6.690000000000001e-12,4.8332e-12,1.33e-07,0.0001963157894736,-0.6756977285036031,-2.6031999999999957e-10
top1,-4.1,0.1,-2.8612e-12,1.96e-12,3.38e-12,10,5,-1.8727999999999982e-11,1.96e-12,2.8612e-12,1.33e-07,-0.0007040601503759,-3.2388278394858423,1.3787500000000008e-10
top1,-4.0,0.1,1.0876e-12,-3.87e-12,-3.58e-12,10,5,3.2797000000000045e-11,3.87e-12,1.0876e-12,1.33e-07,0.001232969924812,0.5572108894464208,-5.2565000000000325e-11
top1,-3.9,0.1,3.6982e-12,-4.386e-11,-1.2770000000000002e-11,10,5,-2.9241000000000035e-11,4.386e-11,3.6982e-12,1.33e-07,-0.0010992857142857,3.2059624667852704,-3.0282500000000076e-10
top1,-3.8,0.1,-4.7606e-12,1.615e-11,4.231e-11,10,5,-2.776800000000004e-11,1.615e-11,4.7606e-12,1.33e-07,-0.001043909774436,-1.4977642100011157,3.1623500000000036e-10
top1,-3.7,0.1,-1.8554e-12,2.0200000000000007e-12,-5.800000000000003e-13,10,5,3.4005999999999966e-11,2.0200000000000007e-12,1.8554e-12,1.33e-07,0.0012784210526315,-1.8395190497807408,2.828849999999997e-10
top1,-3.6,0.1,2.0406e-12,-1.2680000000000002e-11,-5.28e-12,10,5,2.8808999999999967e-11,1.2680000000000002e-11,2.0406e-12,1.33e-07,0.0010830451127819,1.6166957950730674,-3.4129499999999944e-10
top1,-3.5,0.1,3.9064e-12,-4.7620000000000006e-11,-1.724e-11,10,5,-3.4252999999999966e-11,4.7620000000000006e-11,3.9064e-12,1.33e-07,-0.0012877067669172,1.8619359702873235,-1.7340999999999974e-10
top1,-3.4,0.1,-4.81e-12,5.28e-12,4.203e-11,10,5,-5.8730000000000046e-12,5.28e-12,4.81e-12,1.33e-07,-0.0002207894736842,-0.7766390529211717,2.6177500000000027e-10
top1,-3.3000000000000003,0.1,2.7318e-12,-2.400000000000001e-12,-3.0300000000000002e-12,10,5,1.8102000000000024e-11,2.400000000000001e-12,2.7318e-12,1.33e-07,0.0006805263157894,-3.0337206042996674,-1.32045e-10
top1,-3.2,0.1,-1.1896e-12,5.5e-12,3.3700000000000004e-12,10,5,-3.228199999999997e-11,5.5e-12,1.1896e-12,1.33e-07,-0.0012136090225563,0.6731536911965457,5.8044999999999675e-11
top1,-3.1,0.1,-3.7246e-12,4.2960000000000006e-11,1.289e-11,10,5,2.971099999999997e-11,4.2960000000000006e-11,3.7246e-12,1.33e-07,0.001116954887218,3.007651540797853,1.6707499999999968e-10
top1,-3.0,0.1,4.7526e-12,-1.753e-11,-4.273e-11,10,5,1.1329999999999985e-12,1.753e-11,4.7526e-12,1.33e-07,4.2593984962405945e-05,-0.1362991689424218,-2.601099999999997e-10
top1,-2.9,0.1,-3.498e-12,8.400000000000002e-13,9.49e-12,10,5,-2.231100000000003e-11,8.400000000000002e-13,3.498e-12,1.33e-07,-0.0008387593984962,-6.069673258227073,1.6517500000000044e-10
top1,-2.8000000000000003,0.1,2.904e-13,-8.7e-13,-2.04e-12,10,5,3.4168000000000044e-11,8.7e-13,2.904e-13,1.33e-07,0.0012845112781954,-0.1032291998900715,2.1204500000000035e-10
top1,-2.7,0.1,3.3356e-12,-3.587e-11,-1.005e-11,10,5,2.0097999999999983e-11,3.587e-11,3.3356e-12,1.33e-07,0.0007555639097744,5.857403290663376,-1.5319500000000008e-10
top1,-2.6,0.1,4.31e-12,-4.716e-11,-3.004e-11,10,5,3.5289999999999968e-12,4.716e-11,4.31e-12,1.33e-07,0.0001326691729323,0.4167893598168511,-1.932199999999996e-10
top1,-2.5,0.1,4.0414e-12,-1.7100000000000002e-12,-1.6400000000000003e-11,10,5,-1.8545999999999985e-11,1.7100000000000002e-12,4.0414e-12,1.33e-07,-0.0006972180451127,-4.278736730823095,-1.8891e-10
top1,-2.4,0.1,6.008e-13,-1.02e-12,1.3400000000000006e-12,10,5,-3.4253000000000037e-11,1.02e-12,6.008e-13,1.33e-07,-0.0012877067669172,-0.7897458869188255,-2.4775000000000278e-11
top1,-2.3000000000000003,0.1,-2.8092e-12,2.4500000000000003e-11,7.16e-12,10,5,-2.3501000000000028e-11,2.4500000000000003e-11,2.8092e-12,1.33e-07,-0.0008834962406015,4.16995186391374,1.308700000000004e-10
top1,-2.2,0.1,-4.0994e-12,4.9590000000000007e-11,2.349e-11,10,5,-8.078999999999997e-12,4.9590000000000007e-11,4.0994e-12,1.33e-07,-0.0003037218045112,0.986653076447971,2.0694999999999984e-10
top1,-2.1,0.1,-4.425e-12,1.9400000000000002e-12,2.4700000000000003e-11,10,5,1.7888999999999984e-11,1.9400000000000002e-12,4.425e-12,1.33e-07,0.0006725187969924,-4.476913570274977,6.652499999999993e-11
top1,-2.0,0.1,-5.216e-13,1.5200000000000002e-12,2.5800000000000003e-12,10,5,5.226000000000003e-12,1.5200000000000002e-12,5.216e-13,1.33e-07,0.0001964661654135,-0.5851113670742426,4.1090000000000094e-11
top1,-1.9,0.1,-3.3798e-12,3.891e-11,1.068e-11,10,5,2.6107000000000004e-11,3.891e-11,3.3798e-12,1.33e-07,0.0009814661654135,4.7737089710119305,1.1540999999999984e-10
top1,-1.8,0.1,4.6998e-12,-2.3520000000000003e-11,-4.163e-11,10,5,2.830799999999997e-11,2.3520000000000003e-11,4.6998e-12,1.33e-07,0.0010642105263157,-0.8530671291188421,-2.8835999999999977e-10
top1,-1.7,0.1,2.2818e-12,-2.51e-12,-1.0100000000000001e-12,10,5,-3.156500000000001e-11,2.51e-12,2.2818e-12,1.33e-07,-0.0011866541353383,-2.321955817953345,-2.9414999999999996e-10
top1,-1.6,0.1,-1.6132e-12,8.65e-12,4.07e-12,10,5,-3.0522000000000006e-11,8.65e-12,1.6132e-12,1.33e-07,-0.0011474436090225,1.1204063983522965,3.1851000000000007e-10
top1,-1.5,0.1,-3.8226e-12,4.5000000000000006e-11,1.4610000000000002e-11,10,5,3.2137000000000005e-11,4.5000000000000006e-11,3.8226e-12,1.33e-07,0.0012081578947368,2.3741795760334927,1.6848500000000012e-10
top1,-1.4,0.1,4.8142e-12,-1.08e-11,-4.286e-11,10,5,3.175000000000003e-12,1.08e-11,4.8142e-12,1.33e-07,0.0001193609022556,-0.394475186562362,-2.60805e-10
top1,-1.3,0.1,-3.1876e-12,2.1000000000000003e-12,5.63e-12,10,5,-2.0023999999999985e-11,2.1000000000000003e-12,3.1876e-12,1.33e-07,-0.0007527819548872,-3.8718046424336494,1.5299999999999989e-10
top1,-1.2,0.1,8.094e-13,-2.47e-12,-3.2e-12,10,5,3.377500000000001e-11,2.47e-12,8.094e-13,1.33e-07,0.0012697368421052,0.2444399491317739,-3.7960000000000127e-11
top1,-1.1,0.1,3.5674e-12,-3.909e-11,-1.17e-11,10,5,-2.7616000000000005e-11,3.909e-11,3.5674e-12,1.33e-07,-0.0010381954887218,3.82603976005389,-3.1211500000000006e-10
top1,-1.0,0.1,-4.7138e-12,2.102e-11,4.175e-11,10,5,-2.864799999999999e-11,2.102e-11,4.7138e-12,1.33e-07,-0.001076992481203,-1.0872797248384365,2.9934999999999995e-10
top1,-0.9,0.1,-2.1622e-12,1.8100000000000002e-12,1.2000000000000002e-13,10,5,3.2254e-11,1.8100000000000002e-12,2.1622e-12,1.33e-07,0.0012125563909774,-2.1678566680961446,2.9237500000000004e-10
top1,-0.8,0.1,1.737e-12,-1.028e-11,-4.84e-12,10,5,2.9827e-11,1.028e-11,1.737e-12,1.33e-07,0.0011213157894736,1.2262665068611247,-3.2397499999999996e-10
top1,-0.7,0.1,3.8032e-12,-4.506e-11,-1.473e-11,10,5,-3.254099999999999e-11,4.506e-11,3.8032e-12,1.33e-07,-0.0012233458646616,2.194139016629019,-1.6162499999999995e-10
top1,-0.6,0.1,-4.7712e-12,1.049e-11,4.2890000000000006e-11,10,5,-2.498e-12,1.049e-11,4.7712e-12,1.33e-07,-9.390977443609016e-05,-0.3058085347157478,3.0203499999999983e-10
top1,-0.5,0.1,3.3036e-12,-1.9900000000000002e-12,-6.4200000000000005e-12,10,5,2.7866000000000004e-11,1.9900000000000002e-12,3.3036e-12,1.33e-07,0.0010475939849624,-3.8722662674436856,3.23805e-10
top1,-0.4,0.1,8.02e-13,2.2500000000000003e-12,1.9e-12,10,5,6.2263e-11,2.2500000000000003e-12,8.02e-13,1.33e-07,0.0023407142857142,3.3923201370581424,5.25662e-09
top1,-0.3,0.1,1.57562e-11,3.872e-11,-8.31e-12,10,5,1.07919e-09,3.872e-11,1.57562e-11,1.33e-07,0.0405710526315789,12.157821393604433,3.4829780000000004e-08
top1,-0.2,0.1,2.1664e-10,-1.7200000000000001e-12,-2.3583e-10,10,5,7.0282190000000005e-09,1.7200000000000001e-12,2.1664e-10,1.33e-07,0.2642187593984962,9.77632413126912,1.2336055e-07
top1,-0.1,0.1,1.4214e-09,2.6100000000000004e-12,-1.4468e-09,10,5,2.57513e-08,2.6100000000000004e-12,1.4214e-09,1.33e-07,0.9680939849624056,6.969924281327201,1.98996405e-07
top1,0.0,0.1,5.3669e-09,1.304e-11,-5.3085e-09,10,5,4.68275e-08,1.304e-11,5.3669e-09,1.33e-07,1.7604323308270675,4.400901707580909,1.55701e-07
top1,0.1,0.1,1.07869e-08,4.8960000000000005e-11,-1.07591e-08,10,5,5.6891500000000004e-08,4.8960000000000005e-11,1.07869e-08,1.33e-07,2.138778195488721,2.47083417864288,8.6895e-08
top1,0.2,0.1,1.67452e-08,-9.66e-12,-1.66976e-08,10,5,6.42065e-08,9.66e-12,1.67452e-08,1.33e-07,2.4137781954887214,1.7026699282391493,1.0355749999999985e-07
top1,0.3,0.1,2.36282e-08,1.3000000000000001e-12,-2.36912e-08,10,5,7.760299999999997e-08,1.3000000000000001e-12,2.36282e-08,1.33e-07,2.917406015037592,1.4242604924928637,1.529175e-07
top1,0.4,0.1,3.2265799999999995e-08,-1.65e-12,-3.21706e-08,10,5,9.479e-08,1.65e-12,3.2265799999999995e-08,1.33e-07,3.5635338345864653,1.2791912554760598,1.749250000000003e-07
top1,0.5,0.1,4.25862e-08,-4.149e-11,-4.263699999999999e-08,10,5,1.1258800000000005e-07,4.149e-11,4.25862e-08,1.33e-07,4.232631578947369,1.1495327234977062,1.848999999999997e-07
top1,0.6,0.1,5.47834e-08,-1.983e-11,-5.475639999999999e-08,10,5,1.3176999999999994e-07,1.983e-11,5.47834e-08,1.33e-07,4.953759398496237,1.0460182481231812,1.8169999999999957e-07
top1,0.7,0.1,6.894019999999999e-08,1.6300000000000001e-12,-6.886459999999999e-08,10,5,1.4892799999999994e-07,1.6300000000000001e-12,6.894019999999999e-08,1.33e-07,5.5987969924812,0.9428110651908512,1.5159000000000045e-07
top1,0.8,0.1,8.4569e-08,1.088e-11,-8.44432e-08,10,5,1.6208800000000004e-07,1.088e-11,8.4569e-08,1.33e-07,6.093533834586465,0.8369231825081915,1.2063500000000068e-07
top1,0.9,0.1,1.013578e-07,4.3070000000000006e-11,-1.012828e-07,10,5,1.7305500000000006e-07,4.3070000000000006e-11,1.013578e-07,1.33e-07,6.505827067669174,0.7449609292670845,9.361500000000005e-08
top1,1.0,0.1,1.1918e-07,-6.000000000000003e-13,-1.1888e-07,10,5,1.8081100000000002e-07,6.000000000000003e-13,1.1918e-07,1.33e-07,6.797406015037593,0.6625434409354412,6.322499999999955e-08
top1,1.1,0.1,1.3752e-07,1.029e-11,-1.3736e-07,10,5,1.8570000000000005e-07,1.029e-11,1.3752e-07,1.33e-07,6.981203007518793,0.5890558264296476,4.59450000000001e-08
top1,1.2,0.1,1.5632e-07,-1.779e-11,-1.5638e-07,10,5,1.9000000000000009e-07,1.779e-11,1.5632e-07,1.33e-07,7.142857142857142,0.5298037327582029,3.8499999999999326e-08
top1,1.3,0.1,1.7552e-07,-1.8200000000000003e-12,-1.7558e-07,10,5,1.933999999999999e-07,1.8200000000000003e-12,1.7552e-07,1.33e-07,7.2706766917293155,0.4801003249391029,3.1499999999999964e-08
top1,1.4,0.1,1.95e-07,4.408e-11,-1.9508e-07,10,5,1.9630000000000008e-07,4.408e-11,1.95e-07,1.33e-07,7.3796992481203,0.4383361390580998,2.4000000000001148e-08
top1,1.5,0.1,2.1478e-07,2.680000000000001e-12,-2.1488e-07,10,5,1.982000000000001e-07,2.680000000000001e-12,2.1478e-07,1.33e-07,7.451127819548874,0.4018371930498833,2.8499999999999898e-08
top1,1.6,0.1,2.3464e-07,-4.764e-11,-2.3488e-07,10,5,2.02e-07,4.764e-11,2.3464e-07,1.33e-07,7.5939849624060125,0.3742639752770538,2.8999999999999803e-08
top1,1.7,0.1,2.5518e-07,-1.32e-12,-2.552e-07,10,5,2.0400000000000005e-07,1.32e-12,2.5518e-07,1.33e-07,7.6691729323308255,0.3481247986206082,6.999999999999468e-09
top1,1.8,0.1,2.7544e-07,1.6180000000000003e-11,-2.7526e-07,10,5,2.033999999999999e-07,1.6180000000000003e-11,2.7544e-07,1.33e-07,7.646616541353378,0.3211980990855731,1.1499999999999797e-08
top1,1.9,0.1,2.9586e-07,-1.27e-11,-2.959e-07,10,5,2.063e-07,1.27e-11,2.9586e-07,1.33e-07,7.755639097744359,0.3031052683764779,3.5500000000000424e-08
top1,2.0,0.1,3.167e-07,-2.26e-12,-3.1688e-07,10,5,2.105e-07,2.26e-12,3.167e-07,1.33e-07,7.913533834586464,0.2888952426239344,3.050000000000032e-08
top1,2.1,0.1,3.3796e-07,4.084e-11,-3.378e-07,10,5,2.1240000000000005e-07,4.084e-11,3.3796e-07,1.33e-07,7.984962406015039,0.2733204137145015,1.5499999999999166e-08
top1,2.2,0.1,3.5918e-07,9.9e-13,-3.5922e-07,10,5,2.1359999999999985e-07,9.9e-13,3.5918e-07,1.33e-07,8.030075187969917,0.2584737959992631,1.700000000000047e-08
top1,2.3000000000000003,0.1,3.8068e-07,-4.934e-11,-3.8082e-07,10,5,2.1580000000000015e-07,4.934e-11,3.8068e-07,1.33e-07,8.112781954887222,0.2464053273320846,3.200000000000297e-08
top1,2.4,0.1,4.0234e-07,-1.65e-12,-4.026e-07,10,5,2.200000000000004e-07,1.65e-12,4.0234e-07,1.33e-07,8.270676691729337,0.2375087402285916,2.6999999999997836e-08
top1,2.5,0.1,4.2468e-07,2.8580000000000003e-11,-4.2426e-07,10,5,2.211999999999997e-07,2.8580000000000003e-11,4.2468e-07,1.33e-07,8.315789473684198,0.2265302889714291,1.1499999999996093e-08
top1,2.6,0.1,4.4658e-07,-5.860000000000001e-12,-4.4698e-07,10,5,2.2229999999999965e-07,5.860000000000001e-12,4.4658e-07,1.33e-07,8.357142857142842,0.2162032741418505,1.500000000000098e-08
top1,2.7,0.1,4.6914e-07,-1.46e-12,-4.6902e-07,10,5,2.241999999999999e-07,1.46e-12,4.6914e-07,1.33e-07,8.428571428571422,0.207767791059714,2.500000000000424e-08
top1,2.8000000000000003,0.1,4.9142e-07,3.395e-11,-4.9118e-07,10,5,2.273000000000005e-07,3.395e-11,4.9142e-07,1.33e-07,8.545112781954904,0.2008365918040902,2.500000000000191e-08
top1,2.9,0.1,5.146e-07,8.400000000000002e-13,-5.1506e-07,10,5,2.292000000000003e-07,8.400000000000002e-13,5.146e-07,1.33e-07,8.616541353383468,0.193658400789847,-1.000000000004973e-09
top1,3.0,0.1,5.3726e-07,-4.934e-11,-5.372e-07,10,5,2.2709999999999949e-07,4.934e-11,5.3726e-07,1.33e-07,8.537593984962385,0.1836687768605836,8.99999999999696e-09
top1,3.1,0.1,5.6002e-07,-1.3500000000000001e-12,-5.6e-07,10,5,2.309999999999997e-07,1.3500000000000001e-12,5.6002e-07,1.33e-07,8.684210526315775,0.1791328996430683,5.10000000000022e-08
top1,3.2,0.1,5.8346e-07,3.18e-11,-5.8366e-07,10,5,2.373e-07,3.18e-11,5.8346e-07,1.33e-07,8.921052631578942,0.1766422351391259,5.050000000000429e-08
top1,3.3000000000000003,0.1,6.0748e-07,-2.9300000000000002e-12,-6.0772e-07,10,5,2.4110000000000054e-07,2.9300000000000002e-12,6.0748e-07,1.33e-07,9.063909774436109,0.1724301948974107,9.500000000002845e-09
top1,3.4,0.1,6.3168e-07,-1.55e-12,-6.3132e-07,10,5,2.392000000000005e-07,1.55e-12,6.3168e-07,1.33e-07,8.992481203007536,0.1646071915444926,-1.650000000000285e-08
top1,3.5,0.1,6.5532e-07,2.954e-11,-6.55e-07,10,5,2.3780000000000005e-07,2.954e-11,6.5532e-07,1.33e-07,8.939849624060146,0.157630633269341,1.5999999999994307e-08
top1,3.6,0.1,6.7924e-07,1.6700000000000006e-12,-6.7886e-07,10,5,2.4239999999999936e-07,1.6700000000000006e-12,6.7924e-07,1.33e-07,9.112781954887192,0.1549791995800252,3.3499999999998255e-08
top1,3.7,0.1,7.038e-07,-4.847e-11,-7.041e-07,10,5,2.444999999999997e-07,4.847e-11,7.038e-07,1.33e-07,9.191729323308255,0.1509581807283931,4.9000000000005217e-08
top1,3.8,0.1,7.2814e-07,-1.4800000000000006e-12,-7.2812e-07,10,5,2.522000000000004e-07,1.4800000000000006e-12,7.2814e-07,1.33e-07,9.481203007518811,0.1503014917252844,6.30000000000027e-08
top1,3.9,0.1,7.5424e-07,3.974e-11,-7.531999999999999e-07,10,5,2.5710000000000015e-07,3.974e-11,7.5424e-07,1.33e-07,9.66541353383459,0.1481732874090104,-3.14999999999987e-08
top1,4.0,0.1,7.7956e-07,-7.900000000000002e-13,-7.7892e-07,10,5,2.459000000000007e-07,7.900000000000002e-13,7.7956e-07,1.33e-07,9.244360902255664,0.1371653891519699,-3.6500000000001736e-08
top1,4.1,0.1,8.0342e-07,-4.27e-12,-8.0378e-07,10,5,2.497999999999998e-07,4.27e-12,8.0342e-07,1.33e-07,9.390977443609012,0.1348865726726077,6.549999999999481e-08
top1,4.2,0.1,8.2952e-07,2.5320000000000003e-11,-8.2952e-07,10,5,2.589999999999997e-07,2.5320000000000003e-11,8.2952e-07,1.33e-07,9.736842105263143,0.1356760498339147,8.650000000000008e-08
top1,4.3,0.1,8.5522e-07,2.3800000000000004e-12,-8.5534e-07,10,5,2.6709999999999984e-07,2.3800000000000004e-12,8.5522e-07,1.33e-07,10.04135338345864,0.1355216536084479,2.4500000000001288e-08
top1,4.4,0.1,8.8294e-07,-4.8310000000000006e-11,-8.82e-07,10,5,2.638999999999999e-07,4.8310000000000006e-11,8.8294e-07,1.33e-07,9.921052631578942,0.1300399993983923,-4.8999999999999936e-08
top1,4.5,0.1,9.08e-07,-1.41e-12,-9.085e-07,10,5,2.5729999999999985e-07,1.41e-12,9.08e-07,1.33e-07,9.67293233082706,0.123008187886202,-3.3500000000003556e-08
top1,4.6000000000000005,0.1,9.344e-07,3.926e-11,-9.3254e-07,10,5,2.571999999999992e-07,3.926e-11,9.344e-07,1.33e-07,9.669172932330795,0.1196598607578857,4.900000000000575e-08
top1,4.7,0.1,9.5944e-07,-3.6000000000000013e-13,-9.5946e-07,10,5,2.67100000000001e-07,3.6000000000000013e-13,9.5944e-07,1.33e-07,10.04135338345868,0.1207249256722779,4.3500000000004486e-08
top1,4.8,0.1,9.8782e-07,-3.8900000000000006e-12,-9.8808e-07,10,5,2.659000000000001e-07,3.8900000000000006e-12,9.8782e-07,1.33e-07,9.99624060150376,0.1171434005134574,-4.700000000000879e-08
top1,4.9,0.1,1.01262e-06,2.476e-11,-1.01366e-06,10,5,2.5769999999999924e-07,2.476e-11,1.01262e-06,1.33e-07,9.687969924812,0.1104409199313182,2.0499999999999932e-08
top1,5.0,0.1,1.03936e-06,1.9700000000000003e-12,-1.03898e-06,10,5,2.700000000000001e-07,1.9700000000000003e-12,1.03936e-06,1.33e-07,10.150375939849624,0.1142812500368699,8.700000000001003e-08
top1,5.0,0.1,1.03962e-06,-1.69e-12,-1.03862e-06,10,5,2.664000000000002e-07,1.69e-12,1.03962e-06,1.33e-07,10.015037593984967,0.1127661203211709,5.8000000000003504e-08
top1,4.9,0.1,1.01272e-06,4.404e-11,-1.01066e-06,10,5,2.6419999999999973e-07,4.404e-11,1.01272e-06,1.33e-07,9.932330827067656,0.113271435637987,1.1000000000002405e-08
top1,4.8,0.1,9.8678e-07,1.4300000000000002e-12,-9.8766e-07,10,5,2.6419999999999973e-07,1.4300000000000002e-12,9.8678e-07,1.33e-07,9.932330827067656,0.1163622201040225,7.9999999999953e-09
top1,4.7,0.1,9.5988e-07,-1.251e-11,-9.6036e-07,10,5,2.626000000000007e-07,1.251e-11,9.5988e-07,1.33e-07,9.872180451127845,0.1187629178253106,-1.5000000000017063e-09
top1,4.6000000000000005,0.1,9.3426e-07,1.526e-11,-9.3264e-07,10,5,2.645000000000001e-07,1.526e-11,9.3426e-07,1.33e-07,9.943609022556393,0.1230961619308778,-3.849999999999518e-08
top1,4.5,0.1,9.0698e-07,1.46e-12,-9.0708e-07,10,5,2.702999999999997e-07,1.46e-12,9.0698e-07,1.33e-07,10.161654135338331,0.1294319542972742,7.000000000002636e-09
top1,4.4,0.1,8.802e-07,-4.261e-11,-8.7908e-07,10,5,2.630999999999996e-07,4.261e-11,8.802e-07,1.33e-07,9.890977443609003,0.1297840169004248,8.750000000000095e-08
top1,4.3,0.1,8.5436e-07,-9.8e-13,-8.5454e-07,10,5,2.527999999999996e-07,9.8e-13,8.5436e-07,1.33e-07,9.50375939849622,0.1284584070232818,4.849999999999936e-08
top1,4.2,0.1,8.2964e-07,4.974e-11,-8.2822e-07,10,5,2.533999999999997e-07,4.974e-11,8.2964e-07,1.33e-07,9.52631578947367,0.1327887312719376,-2.5500000000002425e-08
top1,4.1,0.1,8.0368e-07,1.37e-12,-8.0316e-07,10,5,2.579e-07,1.37e-12,8.0368e-07,1.33e-07,9.695488721804509,0.1393829698815983,9.49999999999488e-09
top1,4.0,0.1,7.7806e-07,-2.278e-11,-7.7866e-07,10,5,2.515000000000007e-07,2.278e-11,7.7806e-07,1.33e-07,9.454887218045137,0.1403453701149583,3.599999999999852e-08
top1,3.9,0.1,7.533799999999999e-07,9.91e-12,-7.5284e-07,10,5,2.507000000000004e-07,9.91e-12,7.533799999999999e-07,1.33e-07,9.424812030075197,0.1446471841184051,-4.4999999999971675e-09
top1,3.8,0.1,7.2792e-07,1.1600000000000001e-12,-7.278999999999999e-07,10,5,2.524000000000001e-07,1.1600000000000001e-12,7.2792e-07,1.33e-07,9.48872180451128,0.1506027173792869,8.500000000001709e-09
top1,3.7,0.1,7.029e-07,-4.098e-11,-7.0278e-07,10,5,2.49e-07,4.098e-11,7.029e-07,1.33e-07,9.360902255639097,0.1538854933837317,5.450000000000087e-08
top1,3.6,0.1,6.781199999999999e-07,-8.7e-13,-6.7748e-07,10,5,2.415e-07,8.7e-13,6.781199999999999e-07,1.33e-07,9.07894736842105,0.1545877117231951,4.8500000000002016e-08
top1,3.5,0.1,6.546e-07,4.905e-11,-6.5404e-07,10,5,2.392999999999996e-07,4.905e-11,6.546e-07,1.33e-07,8.996240601503741,0.1589340411147864,4.4999999999998045e-09
top1,3.4,0.1,6.3026e-07,2.74e-12,-6.3098e-07,10,5,2.406e-07,2.74e-12,6.3026e-07,1.33e-07,9.045112781954884,0.1657975867023255,-5.000000000032146e-10
top1,3.3000000000000003,0.1,6.0648e-07,-2.266e-11,-6.0648e-07,10,5,2.394000000000002e-07,2.266e-11,6.0648e-07,1.33e-07,9.000000000000005,0.1715664651626271,1.9500000000000962e-08
top1,3.2,0.1,5.8238e-07,7.240000000000001e-12,-5.8242e-07,10,5,2.3669999999999978e-07,7.240000000000001e-12,5.8238e-07,1.33e-07,8.898496240601494,0.1764796075717488,3.3000000000000335e-08
top1,3.1,0.1,5.5914e-07,6.500000000000003e-13,-5.59e-07,10,5,2.3280000000000015e-07,6.500000000000003e-13,5.5914e-07,1.33e-07,8.751879699248123,0.1809376602675703,2.4999999999999208e-08
top1,3.0,0.1,5.3582e-07,-3.773e-11,-5.361e-07,10,5,2.317e-07,3.773e-11,5.3582e-07,1.33e-07,8.710526315789469,0.1878627280320486,2.0000000000001493e-08
top1,2.9,0.1,5.128e-07,-9.200000000000001e-13,-5.1286e-07,10,5,2.2879999999999985e-07,9.200000000000001e-13,5.128e-07,1.33e-07,8.601503759398488,0.193848321737238,1.49999999999985e-08
top1,2.8000000000000003,0.1,4.9006e-07,4.971e-11,-4.901e-07,10,5,2.287000000000003e-07,4.971e-11,4.9006e-07,1.33e-07,8.597744360902263,0.2028767076127782,2.4999999999988676e-09
top1,2.7,0.1,4.6706e-07,1.3400000000000006e-12,-4.6718e-07,10,5,2.2830000000000005e-07,1.3400000000000006e-12,4.6706e-07,1.33e-07,8.582706766917294,0.2123760271012462,2.6000000000001533e-08
top1,2.6,0.1,4.444e-07,-2.872e-11,-4.4434e-07,10,5,2.235e-07,2.872e-11,4.444e-07,1.33e-07,8.40225563909774,0.2184494689061809,4.1500000000001894e-08
top1,2.5,0.1,4.2236e-07,4.37e-12,-4.2214e-07,10,5,2.199999999999997e-07,4.37e-12,4.2236e-07,1.33e-07,8.270676691729308,0.2263999073077414,1.8499999999998733e-08
top1,2.4,0.1,4.004e-07,1.8000000000000002e-12,-4.0016e-07,10,5,2.1980000000000018e-07,1.8000000000000002e-12,4.004e-07,1.33e-07,8.263157894736848,0.2386582673860718,9.499999999996492e-09
top1,2.3000000000000003,0.1,3.784e-07,-3.241e-11,-3.7866e-07,10,5,2.1810000000000042e-07,3.241e-11,3.784e-07,1.33e-07,8.199248120300766,0.2504678382329842,3.3500000000002034e-08
top1,2.2,0.1,3.5678e-07,-6.8e-13,-3.571e-07,10,5,2.1309999999999978e-07,6.8e-13,3.5678e-07,1.33e-07,8.011278195488712,0.2594815147832194,3.650000000000272e-08
top1,2.1,0.1,3.3578e-07,4.923e-11,-3.3564e-07,10,5,2.1079999999999985e-07,4.923e-11,3.3578e-07,1.33e-07,7.92481203007518,0.273070872193579,1.0499999999998794e-08
top1,2.0,0.1,3.1462e-07,2.2000000000000003e-12,-3.1464e-07,10,5,2.1100000000000002e-07,2.2000000000000003e-12,3.1462e-07,1.33e-07,7.932330827067668,0.2916417931476456,2.0999999999998802e-08
top1,1.9,0.1,2.9358e-07,-3.5340000000000004e-11,-2.9394e-07,10,5,2.066000000000001e-07,3.5340000000000004e-11,2.9358e-07,1.33e-07,7.766917293233085,0.305733475146539,3.300000000000024e-08
top1,1.8,0.1,2.733e-07,3.1e-12,-2.7314e-07,10,5,2.0440000000000006e-07,3.1e-12,2.733e-07,1.33e-07,7.684210526315788,0.3256061211183333,9.500000000000174e-09
top1,1.7,0.1,2.527e-07,2.3000000000000003e-12,-2.5258e-07,10,5,2.0470000000000005e-07,2.3000000000000003e-12,2.527e-07,1.33e-07,7.6954887218045105,0.3523913194423489,9.500000000000318e-09
top1,1.6,0.1,2.3236e-07,-2.697e-11,-2.3234e-07,10,5,2.0249999999999997e-07,2.697e-11,2.3236e-07,1.33e-07,7.612781954887215,0.3792993117729671,2.2999999999999617e-08
top1,1.5,0.1,2.122e-07,-1.27e-12,-2.121e-07,10,5,2.001000000000001e-07,1.27e-12,2.122e-07,1.33e-07,7.522556390977447,0.4104587804705374,2.2999999999998955e-08
top1,1.4,0.1,1.9234e-07,4.807e-11,-1.9242e-07,10,5,1.979000000000001e-07,4.807e-11,1.9234e-07,1.33e-07,7.4398496240601535,0.4482713364567604,2.3000000000001477e-08
top1,1.3,0.1,1.7262e-07,2.08e-12,-1.7266e-07,10,5,1.954999999999998e-07,2.08e-12,1.7262e-07,1.33e-07,7.349624060150366,0.4934873419952174,2.8500000000000533e-08
top1,1.2,0.1,1.5324e-07,-3.933e-11,-1.5339999999999998e-07,10,5,1.9220000000000001e-07,3.933e-11,1.5324e-07,1.33e-07,7.225563909774434,0.5470166236705954,3.4999999999999195e-08
top1,1.1,0.1,1.3418e-07,5.300000000000003e-13,-1.3408e-07,10,5,1.8850000000000005e-07,5.300000000000003e-13,1.3418e-07,1.33e-07,7.086466165413532,0.6131989005282269,5.0455000000000176e-08
top1,1.0,0.1,1.1554e-07,3.65e-12,-1.1562e-07,10,5,1.82109e-07,3.65e-12,1.1554e-07,1.33e-07,6.8462030075187945,0.6876729556774117,7.346999999999937e-08
top1,0.9,0.1,9.77582e-08,-1.08e-12,-9.76698e-08,10,5,1.738060000000001e-07,1.08e-12,9.77582e-08,1.33e-07,6.534060150375942,0.77717482967151,9.164999999999992e-08
top1,0.8,0.1,8.07788e-08,9.600000000000002e-13,-8.07178e-08,10,5,1.63779e-07,9.600000000000002e-13,8.07788e-08,1.33e-07,6.157105263157892,0.8861190228449091,1.2444000000000084e-07
top1,0.7,0.1,6.50024e-08,1.02e-12,-6.504559999999999e-08,10,5,1.4891799999999993e-07,1.02e-12,6.50024e-08,1.33e-07,5.598421052631576,0.9988404893578192,1.597350000000002e-07
top1,0.6,0.1,5.099519999999999e-08,4.834e-11,-5.093879999999999e-08,10,5,1.3183199999999996e-07,4.834e-11,5.099519999999999e-08,1.33e-07,4.956090225563908,1.1296861722000568,1.848449999999997e-07
top1,0.5,0.1,3.8636e-08,2.01e-12,-3.87492e-08,10,5,1.11949e-07,2.01e-12,3.8636e-08,1.33e-07,4.20860902255639,1.2554063717665722,2.0501999999999997e-07
top1,0.4,0.1,2.86054e-08,-1.91e-12,-2.86958e-08,10,5,9.082799999999998e-08,1.91e-12,2.86054e-08,1.33e-07,3.4145864661654124,1.3793291417895317,1.9307500000000003e-07
top1,0.3,0.1,2.04704e-08,-4.209e-11,-2.04852e-08,10,5,7.3334e-08,4.209e-11,2.04704e-08,1.33e-07,2.756917293233081,1.561144349250445,1.563749999999999e-07
top1,0.2,0.1,1.3938599999999998e-08,-2.0040000000000003e-11,-1.40316e-08,10,5,5.9553000000000004e-08,2.0040000000000003e-11,1.3938599999999998e-08,1.33e-07,2.2388345864661647,1.893313557730956,1.1667000000000005e-07
top1,0.1,0.1,8.5598e-09,1.2400000000000002e-12,-8.5429e-09,10,5,4.999999999999999e-08,1.2400000000000002e-12,8.5598e-09,1.33e-07,1.8796992481203,2.7443863931506574,1.0799000000000004e-07
top1,0.0,0.1,3.9386e-09,1.8100000000000002e-12,-3.9326e-09,10,5,3.7955e-08,1.8100000000000002e-12,3.9386e-09,1.33e-07,1.42687969924812,4.731147436781401,1.553445e-07
top1,-0.1,0.1,9.688e-10,-4.231e-11,-1.0172e-09,10,5,1.89311e-08,4.231e-11,9.688e-10,1.33e-07,0.7116954887218043,7.06206953664501,1.65926355e-07
top1,-0.2,0.1,1.5238000000000002e-10,-1.73e-12,-1.1731e-10,10,5,4.7697289999999995e-09,1.73e-12,1.5238000000000002e-10,1.33e-07,0.1793131203007518,9.071924315429696,9.092189e-08
top1,-0.3,0.1,1.48542e-11,-2.203e-11,-5.2310000000000005e-11,10,5,7.46722e-10,2.203e-11,1.48542e-11,1.33e-07,0.0280722556390977,8.503417125412973,2.343893e-08
top1,-0.4,0.1,3.0356e-12,-2.3000000000000003e-12,-1.73e-12,10,5,8.1943e-11,2.3000000000000003e-12,3.0356e-12,1.33e-07,0.0030805639097744,4.929553386112344,3.563705e-09
top1,-0.5,0.1,-1.5344e-12,8.26e-12,4.0400000000000006e-12,10,5,3.398100000000001e-11,8.26e-12,1.5344e-12,1.33e-07,0.0012774812030075,-0.465062987776781,5.683450000000001e-10
top1,-0.6,0.1,-3.7606e-12,4.294e-11,1.3480000000000002e-11,10,5,-3.172599999999999e-11,4.294e-11,3.7606e-12,1.33e-07,-0.0011927067669172,-2.4813935623577867,3.060199999999999e-10
top1,-0.7,0.1,4.8108e-12,-1.382e-11,-4.316e-11,10,5,-2.7222999999999988e-11,1.382e-11,4.8108e-12,1.33e-07,-0.0010234210526315,1.74457527273061,-3.2867999999999984e-10
top1,-0.8,0.1,1.684e-12,-1.6300000000000001e-12,2.2000000000000002e-13,10,5,3.401000000000001e-11,1.6300000000000001e-12,1.684e-12,1.33e-07,0.0012785714285714,1.9155120934880456,-2.7585e-10
top1,-0.9,0.1,-1.9912e-12,1.1970000000000002e-11,4.51e-12,10,5,2.7947000000000004e-11,1.1970000000000002e-11,1.9912e-12,1.33e-07,0.0010506390977443,-1.82661717380948,3.40735e-10
top1,-1.0,0.1,-3.9054e-12,4.6090000000000006e-11,1.63e-11,10,5,-3.4136999999999985e-11,4.6090000000000006e-11,3.9054e-12,1.33e-07,-0.0012833458646616,-1.926946845567476,1.5958499999999995e-10
top1,-1.1,0.1,4.8362e-12,-8.910000000000001e-12,-4.283e-11,10,5,-3.970000000000001e-12,8.910000000000001e-12,4.8362e-12,1.33e-07,-0.0001492481203007,0.4935483727505475,-2.7437e-10
top1,-1.2,0.1,-3.1114e-12,1.08e-12,6.670000000000001e-12,10,5,2.0737000000000004e-11,1.08e-12,3.1114e-12,1.33e-07,0.0007795864661654,4.2320555713421735,1.4425499999999988e-10
top1,-1.3,0.1,6.888e-13,-1.6300000000000001e-12,-3.1e-12,10,5,-3.2820999999999966e-11,1.6300000000000001e-12,6.888e-13,1.33e-07,-0.0012338721804511,-0.226077878137003,-2.8644999999999992e-11
top1,-1.4,0.1,3.4528e-12,-3.914e-11,-1.122e-11,10,5,2.6466000000000008e-11,3.914e-11,3.4528e-12,1.33e-07,0.000994962406015,-4.12539953400172,-3.0918499999999995e-10
top1,-1.5,0.1,-4.6044e-12,2.386e-11,4.0920000000000006e-11,10,5,2.9016e-11,2.386e-11,4.6044e-12,1.33e-07,0.0010908270676691,0.8351482227831843,2.826000000000001e-10
top1,-1.6,0.1,-2.3504e-12,1.46e-12,1.2500000000000001e-12,10,5,-3.005400000000001e-11,1.46e-12,2.3504e-12,1.33e-07,-0.0011298496240601,2.5753209375812247,2.989200000000001e-10
top1,-1.7,0.1,1.4064e-12,-6.680000000000002e-12,-4.28e-12,10,5,-3.076800000000001e-11,6.680000000000002e-12,1.4064e-12,1.33e-07,-0.0011566917293233,-1.0450369296896247,-3.0623e-10
top1,-1.8,0.1,3.8032e-12,-4.457e-11,-1.437e-11,10,5,3.119199999999997e-11,4.457e-11,3.8032e-12,1.33e-07,0.0011726315789473,-2.680090339416894,-1.6645499999999992e-10
top1,-1.9,0.1,-4.832e-12,1.231e-11,4.249e-11,10,5,2.522999999999999e-12,1.231e-11,4.832e-12,1.33e-07,9.484962406015032e-05,0.3090975487181424,2.6235499999999987e-10
top1,-2.0,0.1,3.2986e-12,-2.04e-12,-7.21e-12,10,5,-2.1279000000000004e-11,2.04e-12,3.2986e-12,1.33e-07,-0.000799962406015,4.617768358343409,-1.5603999999999986e-10
top1,-2.1,0.1,-5.762e-13,8.7e-13,2.7000000000000002e-12,10,5,3.3730999999999966e-11,8.7e-13,5.762e-13,1.33e-07,0.0012680827067669,-0.0959360869954738,2.443999999999984e-11
top1,-2.2,0.1,-3.4476e-12,3.686e-11,1.053e-11,10,5,-2.6166999999999976e-11,3.686e-11,3.4476e-12,1.33e-07,-0.0009837218045112,-4.5377581742162265,3.123549999999997e-10
top1,-2.3000000000000003,0.1,4.6572e-12,-2.447e-11,-4.1830000000000006e-11,10,5,-2.8740000000000038e-11,2.447e-11,4.6572e-12,1.33e-07,-0.0010804511278195,0.8785675655694203,-2.8767500000000046e-10
top1,-2.4,0.1,2.3004e-12,-2.04e-12,-1.03e-12,10,5,3.1368000000000045e-11,2.04e-12,2.3004e-12,1.33e-07,0.0011792481203007,2.2978802350851555,-2.9567500000000043e-10
top1,-2.5,0.1,-1.6164e-12,8.22e-12,4.050000000000001e-12,10,5,3.039499999999997e-11,8.22e-12,1.6164e-12,1.33e-07,0.0011426691729323,-1.077637806545332,3.1647999999999977e-10
top1,-2.6,0.1,-3.7786e-12,4.5180000000000006e-11,1.513e-11,10,5,-3.192799999999997e-11,4.5180000000000006e-11,3.7786e-12,1.33e-07,-0.0012003007518796,-2.34948346755943,1.6302999999999967e-10
top1,-2.7,0.1,4.7692e-12,-1.147e-11,-4.342e-11,10,5,-2.211e-12,1.147e-11,4.7692e-12,1.33e-07,-8.312030075187966e-05,0.2702640385592134,-2.6687499999999976e-10
top1,-2.8000000000000003,0.1,-3.3364e-12,2e-12,7.45e-12,10,5,2.1447000000000027e-11,2e-12,3.3364e-12,1.33e-07,0.0008062781954887,4.986926458253424,1.5568000000000044e-10
top1,-2.9,0.1,4.798e-13,-8.9e-13,-2.74e-12,10,5,-3.3347000000000045e-11,8.9e-13,4.798e-13,1.33e-07,-0.0012536466165413,0.0022139943119103,-2.0274999999999776e-11
top1,-3.0,0.1,3.333e-12,-3.675e-11,-9.94e-12,10,5,2.550199999999997e-11,3.675e-11,3.333e-12,1.33e-07,0.0009587218045112,-4.918190650714681,-3.2187999999999977e-10
top1,-3.1,0.1,-4.6206e-12,2.942e-11,3.9930000000000005e-11,10,5,3.1028999999999974e-11,2.942e-11,4.6206e-12,1.33e-07,0.0011665037593984,0.3226496077125681,2.7050499999999947e-10
top1,-3.2,0.1,-2.8728e-12,4.600000000000003e-13,3.5200000000000003e-12,10,5,-2.859899999999997e-11,4.600000000000003e-13,2.8728e-12,1.33e-07,-0.0010751503759398,3.1181082702963687,3.1873499999999973e-10
top1,-3.3000000000000003,0.1,1.0992e-12,-2.6500000000000002e-12,-3.1400000000000004e-12,10,5,-3.271800000000004e-11,2.6500000000000002e-12,1.0992e-12,1.33e-07,-0.00123,-0.5322766545714425,-2.8897500000000044e-10
top1,-3.4,0.1,3.6708e-12,-4.17e-11,-1.244e-11,10,5,2.9196000000000037e-11,4.17e-11,3.6708e-12,1.33e-07,0.0010975939849624,-3.1735081097930484,-1.6055500000000038e-10
top1,-3.5,0.1,-4.74e-12,1.991e-11,4.166e-11,10,5,-6.069999999999988e-13,1.991e-11,4.74e-12,1.33e-07,-2.2819548872180405e-05,-0.0706525542839652,2.7095499999999987e-10
top1,-3.6,0.1,3.7922e-12,-1.9900000000000002e-12,-1.382e-11,10,5,-2.499499999999997e-11,1.9900000000000002e-12,3.7922e-12,1.33e-07,-0.0009396616541353,6.312392887964155,-1.6989999999999967e-10
top1,-3.7,0.1,2.59e-13,-9.600000000000002e-13,1.98e-12,10,5,3.3372999999999965e-11,9.600000000000002e-13,2.59e-13,1.33e-07,0.0012546240601503,0.5956849238729317,-2.3361499999999977e-10
top1,-3.8,0.1,-2.8824e-12,2.888e-11,7.65e-12,10,5,2.1728000000000027e-11,2.888e-11,2.8824e-12,1.33e-07,0.0008168421052631,-5.990311832925012,3.6061500000000047e-10
top1,-3.9,0.1,-4.0866e-12,5.0090000000000005e-11,2.334e-11,10,5,-3.875000000000005e-11,5.0090000000000005e-11,4.0866e-12,1.33e-07,-0.0014567669172932,-1.1378031665866413,1.6459000000000044e-10
top1,-4.0,0.1,4.8676e-12,-7.400000000000002e-13,-3.9390000000000006e-11,10,5,-1.1190000000000015e-11,7.400000000000002e-13,4.8676e-12,1.33e-07,-0.0004206766917293,1.7225959098283483,-2.6718500000000056e-10
top1,-4.1,0.1,-1.8486e-12,2.36e-12,-8.100000000000002e-13,10,5,1.4686999999999987e-11,2.36e-12,1.8486e-12,1.33e-07,0.0005521428571428,2.0085628557311246,8.803999999999972e-11
top1,-4.2,0.1,1.9302e-12,-1.094e-11,-5.110000000000001e-12,10,5,-2.8797999999999973e-11,1.094e-11,1.9302e-12,1.33e-07,-0.0010826315789473,-1.6272243362577294,-9.710499999999983e-11
top1,-4.3,0.1,3.911e-12,-4.597e-11,-1.6140000000000002e-11,10,5,3.410799999999997e-11,4.597e-11,3.911e-12,1.33e-07,0.0012822556390977,-2.019154339655003,-1.634699999999997e-10
top1,-4.4,0.1,-4.8914e-12,9.26e-12,4.209e-11,10,5,3.895999999999996e-12,9.26e-12,4.8914e-12,1.33e-07,0.0001464661654135,0.4824689808863165,2.7259999999999945e-10
top1,-4.5,0.1,3.1318e-12,-2.16e-12,-5.100000000000001e-12,10,5,-2.0411999999999976e-11,2.16e-12,3.1318e-12,1.33e-07,-0.0007673684210526,3.907423288021713,-1.4713499999999975e-10
top1,-4.6000000000000005,0.1,-8.09e-13,2.64e-12,2.69e-12,10,5,3.332299999999997e-11,2.64e-12,8.09e-13,1.33e-07,0.0012527443609022,-0.2616251596910943,3.3425000000000546e-11
top1,-4.7,0.1,-3.5328e-12,3.8840000000000005e-11,1.049e-11,10,5,-2.7097000000000096e-11,3.8840000000000005e-11,3.5328e-12,1.33e-07,-0.0010186842105263,-3.778950424805152,3.1582500000000087e-10
top1,-4.8,0.1,4.6104e-12,-2.447e-11,-4.108e-11,10,5,-2.9841999999999976e-11,2.447e-11,4.6104e-12,1.33e-07,-0.0011218796992481,0.8075654316530027,-2.8435500000000005e-10
top1,-4.9,0.1,2.4356e-12,-1.96e-12,-2.730000000000001e-12,10,5,2.9773999999999974e-11,1.96e-12,2.4356e-12,1.33e-07,0.0011193233082706,2.676050513879289,-3.3821000000000017e-10
top1,-5.0,0.1,-1.3444e-12,6.61e-12,3.2200000000000004e-12,10,5,3.780000000000013e-11,6.61e-12,1.3444e-12,1.33e-07,0.0014210526315789,2.58077461585045,-8.026000000000185e-11
top2,-5.0,0.1,-4.0524e-12,-1.9700000000000003e-12,-1.3090000000000002e-11,10,5,-7.824000000000023e-12,1.9700000000000003e-12,4.0524e-12,1.33e-07,-0.0002941353383458,0.7666620675296648,2.1245000000000088e-10
top2,-4.9,0.1,-4.8348e-12,1.118e-11,4.306e-11,10,5,1.342099999999999e-11,1.118e-11,4.8348e-12,1.33e-07,0.0005045488721804,-2.357813602972525,2.1878499999999967e-10
top2,-4.8,0.1,-1.3682e-12,2.31e-12,-1.27e-12,10,5,3.5932999999999967e-11,2.31e-12,1.3682e-12,1.33e-07,0.0013508646616541,-1.5648906370250857,6.979500000000047e-11
top2,-4.7,0.1,2.3518e-12,-1.77e-11,-5.680000000000001e-12,10,5,2.7380000000000097e-11,1.77e-11,2.3518e-12,1.33e-07,0.0010293233082706,2.387298522407954,-3.6362000000000096e-10
top2,-4.6000000000000005,0.1,4.1078e-12,-5.044e-11,-2.0480000000000003e-11,10,5,-3.6790999999999966e-11,5.044e-11,4.1078e-12,1.33e-07,-0.0013831203007518,1.6406257988556645,-1.9047500000000027e-10
top2,-4.5,0.1,-5.0064e-12,1.7200000000000001e-12,4.064e-11,10,5,-1.0714999999999992e-11,1.7200000000000001e-12,5.0064e-12,1.33e-07,-0.0004028195488721,-1.601454705545232,2.5858999999999957e-10
top2,-4.4,0.1,1.9648e-12,-1.41e-12,1.5000000000000004e-13,10,5,1.4926999999999988e-11,1.41e-12,1.9648e-12,1.33e-07,0.0005611654135338,-1.9697961614340704,-9.868499999999984e-11
top2,-4.3,0.1,-2.021e-12,1.357e-11,4.73e-12,10,5,-3.0451999999999974e-11,1.357e-11,2.021e-12,1.33e-07,-0.0011448120300751,1.6108438446879243,9.875499999999983e-11
top2,-4.2,0.1,-4.1256e-12,4.8380000000000005e-11,1.892e-11,10,5,3.4677999999999967e-11,4.8380000000000005e-11,4.1256e-12,1.33e-07,0.0013036842105263,1.9296093140048125,2.0493499999999964e-10
top2,-4.1,0.1,4.9146e-12,-2.3800000000000004e-12,-4.105e-11,10,5,1.0534999999999993e-11,2.3800000000000004e-12,4.9146e-12,1.33e-07,0.0003960526315789,-1.5521842474071763,-2.483899999999997e-10
top2,-4.0,0.1,-2.0186e-12,1.4300000000000002e-12,3.4e-13,10,5,-1.500000000000002e-11,1.4300000000000002e-12,2.0186e-12,1.33e-07,-0.000563909774436,-2.0470506086955647,9.531500000000032e-11
top2,-3.9,0.1,1.9146e-12,-1.109e-11,-4.450000000000001e-12,10,5,2.9598000000000034e-11,1.109e-11,1.9146e-12,1.33e-07,0.0011127067669172,1.430628406972849,-9.606500000000024e-11
top2,-3.8,0.1,3.901e-12,-4.6350000000000007e-11,-1.726e-11,10,5,-3.4213000000000036e-11,4.6350000000000007e-11,3.901e-12,1.33e-07,-0.0012862030075187,2.052963222896074,-1.852100000000004e-10
top2,-3.7,0.1,-4.928e-12,3.07e-12,4.214e-11,10,5,-7.443999999999995e-12,3.07e-12,4.928e-12,1.33e-07,-0.0002798496240601,-1.043813185927628,2.4742499999999995e-10
top2,-3.6,0.1,2.4122e-12,-1.2800000000000002e-12,-8.600000000000002e-13,10,5,1.5271999999999987e-11,1.2800000000000002e-12,2.4122e-12,1.33e-07,0.0005741353383458,-2.099969107140403,-1.2324999999999978e-10
top2,-3.5,0.1,-1.8736e-12,1.066e-11,4.78e-12,10,5,-3.2093999999999966e-11,1.066e-11,1.8736e-12,1.33e-07,-0.0012065413533834,1.1018133678148514,9.495000000000024e-11
top2,-3.4,0.1,-4.0066e-12,4.833e-11,1.744e-11,10,5,3.426200000000005e-11,4.833e-11,4.0066e-12,1.33e-07,0.0012880451127819,2.1222390157415587,2.0113500000000015e-10
top2,-3.3000000000000003,0.1,4.9788e-12,-3.66e-12,-4.158e-11,10,5,8.133000000000013e-12,3.66e-12,4.9788e-12,1.33e-07,0.0003057518796992,-1.130995148163622,-2.496650000000005e-10
top2,-3.2,0.1,-2.38e-12,2.44e-12,8.800000000000002e-13,10,5,-1.5670999999999985e-11,2.44e-12,2.38e-12,1.33e-07,-0.0005891353383458,-2.156112382874216,1.1855999999999967e-10
top2,-3.1,0.1,1.8446e-12,-1.1350000000000002e-11,-4.57e-12,10,5,3.184499999999997e-11,1.1350000000000002e-11,1.8446e-12,1.33e-07,0.0011971804511278,1.121435396266638,-9.246999999999984e-11
top2,-3.0,0.1,3.989e-12,-4.717e-11,-1.6960000000000002e-11,10,5,-3.4164999999999973e-11,4.717e-11,3.989e-12,1.33e-07,-0.0012843984962406,2.160295331260416,-2.0017499999999967e-10
top2,-2.9,0.1,-4.9884e-12,3.3200000000000004e-12,4.204e-11,10,5,-8.190000000000011e-12,3.3200000000000004e-12,4.9884e-12,1.33e-07,-0.0003078947368421,-1.1480570359245073,2.503750000000003e-10
top2,-2.8000000000000003,0.1,2.351e-12,-2.3300000000000004e-12,-1.09e-12,10,5,1.5910000000000022e-11,2.3300000000000004e-12,2.351e-12,1.33e-07,0.0005981203007518,-2.20573672986473,-1.1760499999999998e-10
top2,-2.7,0.1,-1.8064e-12,1.029e-11,4.140000000000001e-12,10,5,-3.1710999999999976e-11,1.029e-11,1.8064e-12,1.33e-07,-0.0011921428571428,1.1492543090309304,8.876499999999967e-11
top2,-2.6,0.1,-3.9912e-12,4.745e-11,1.6270000000000002e-11,10,5,3.366299999999997e-11,4.745e-11,3.9912e-12,1.33e-07,0.0012655263157894,2.178490576540664,1.9285999999999968e-10
top2,-2.5,0.1,4.9262e-12,-4.83e-12,-4.2920000000000005e-11,10,5,6.8609999999999935e-12,4.83e-12,4.9262e-12,1.33e-07,0.000257932330827,-0.9148399625294692,-2.535599999999997e-10
top2,-2.4,0.1,-2.619e-12,2.11e-12,2.6300000000000007e-12,10,5,-1.7049000000000022e-11,2.11e-12,2.619e-12,1.33e-07,-0.000640939849624,-2.558491320673152,1.2950500000000042e-10
top2,-2.3000000000000003,0.1,1.5164e-12,-7.050000000000001e-12,-4.63e-12,10,5,3.276200000000005e-11,7.050000000000001e-12,1.5164e-12,1.33e-07,0.0012316541353383,0.883163075111365,-7.726999999999979e-11
top2,-2.2,0.1,3.9334e-12,-4.641e-11,-1.5380000000000003e-11,10,5,-3.2502999999999965e-11,4.641e-11,3.9334e-12,1.33e-07,-0.001221917293233,2.5839084254724187,-1.9161e-10
top2,-2.1,0.1,-4.9842e-12,6.7800000000000006e-12,4.257e-11,10,5,-5.559999999999997e-12,6.7800000000000006e-12,4.9842e-12,1.33e-07,-0.0002090225563909,-0.7215172572017707,2.5339499999999957e-10
top2,-2.0,0.1,2.8214e-12,-1.64e-12,-3.61e-12,10,5,1.8176000000000003e-11,1.64e-12,2.8214e-12,1.33e-07,0.0006833082706766,-2.837917555884886,-1.3876500000000011e-10
top2,-1.9,0.1,-1.349e-12,5.19e-12,3.2700000000000004e-12,10,5,-3.3313000000000006e-11,5.19e-12,1.349e-12,1.33e-07,-0.0012523684210526,0.6700112909230339,6.395499999999986e-11
top2,-1.8,0.1,-3.8412e-12,4.4410000000000005e-11,1.3480000000000002e-11,10,5,3.0966999999999965e-11,4.4410000000000005e-11,3.8412e-12,1.33e-07,0.0011641729323308,2.776140228930177,1.8358499999999991e-10
top2,-1.7,0.1,4.8444e-12,-1.29e-11,-4.363e-11,10,5,3.404000000000004e-12,1.29e-11,4.8444e-12,1.33e-07,0.000127969924812,-0.4236243353368697,-2.5489999999999986e-10
top2,-1.6,0.1,-3.1604e-12,2.2700000000000002e-12,7.0900000000000015e-12,10,5,-2.0013000000000004e-11,2.2700000000000002e-12,3.1604e-12,1.33e-07,-0.0007523684210526,-3.800155370229686,1.5193000000000004e-10
top2,-1.5,0.1,8.418e-13,-2.75e-12,-3.18e-12,10,5,3.379000000000001e-11,2.75e-12,8.418e-13,1.33e-07,0.0012703007518796,0.2813541071775116,-3.9260000000000015e-11
top2,-1.4,0.1,3.5976e-12,-4.0370000000000005e-11,-1.162e-11,10,5,-2.7865e-11,4.0370000000000005e-11,3.5976e-12,1.33e-07,-0.0010475563909774,3.7488119288502015,-3.0912499999999995e-10
top2,-1.3,0.1,-4.7312e-12,2.0260000000000003e-11,4.225e-11,10,5,-2.8034999999999968e-11,2.0260000000000003e-11,4.7312e-12,1.33e-07,-0.001053947368421,-1.264732383181871,3.096799999999997e-10
top2,-1.2,0.1,-2.0094e-12,2.350000000000001e-12,-2e-13,10,5,3.407100000000001e-11,2.350000000000001e-12,2.0094e-12,1.33e-07,0.0012808646616541,-1.7814101861714886,2.91575e-10
top2,-1.1,0.1,2.083e-12,-1.394e-11,-5.34e-12,10,5,3.0280000000000004e-11,1.394e-11,2.083e-12,1.33e-07,0.0011383458646616,1.5201193963403452,-3.4784000000000006e-10
top2,-1.0,0.1,4.0466e-12,-4.8280000000000007e-11,-1.951e-11,10,5,-3.549699999999999e-11,4.8280000000000007e-11,4.0466e-12,1.33e-07,-0.0013344736842105,1.908514446139504,-1.9851499999999999e-10
top2,-0.9,0.1,-5.0164e-12,2.23e-12,4.08e-11,10,5,-9.423000000000005e-12,2.23e-12,5.0164e-12,1.33e-07,-0.0003542481203007,-1.3611729378714446,2.6598e-10
top2,-0.8,0.1,2.162e-12,-2.75e-12,-4.4000000000000004e-13,10,5,1.7699000000000002e-11,2.75e-12,2.162e-12,1.33e-07,0.0006653759398496,-2.6556464754460056,-1.5399999999999967e-11
top2,-0.7,0.1,-1.4766e-12,1.061e-11,3.780000000000001e-12,10,5,-1.2502999999999995e-11,1.061e-11,1.4766e-12,1.33e-07,-0.0004700375939849,-4.025843679221877,5.044299999999996e-10
top2,-0.6,0.1,-3.386e-13,4.636e-11,1.354e-11,10,5,1.1858499999999996e-10,4.636e-11,3.386e-13,1.33e-07,0.0044580827067669,5.8893986490258206,3.88873e-09
top2,-0.5,0.1,2.22404e-11,2.9900000000000004e-12,6.890000000000001e-12,10,5,7.652430000000002e-10,2.9900000000000004e-12,2.22404e-11,1.33e-07,0.0287685338345864,13.270902616896253,1.4740815000000005e-08
top2,-0.4,0.1,1.5271e-10,-3.435e-11,-1.8924e-10,10,5,3.066748e-09,3.435e-11,1.5271e-10,1.33e-07,0.1152912781954887,7.280172308815071,2.9378534999999995e-08
top2,-0.3,0.1,6.355900000000001e-10,-1.18e-12,-6.161600000000001e-10,10,5,6.6409499999999995e-09,1.18e-12,6.355900000000001e-10,1.33e-07,0.2496597744360901,4.9332912798550845,4.1024010000000014e-08
top2,-0.2,0.1,1.4809e-09,-1.202e-11,-1.4821e-09,10,5,1.1271550000000002e-08,1.202e-11,1.4809e-09,1.33e-07,0.4237424812030075,3.288528796756012,4.999024999999999e-08
top2,-0.1,0.1,2.8899e-09,4.9400000000000005e-11,-2.8669e-09,10,5,1.6638999999999998e-08,4.9400000000000005e-11,2.8899e-09,1.33e-07,0.6255263157894733,2.5575097524952373,5.716224999999999e-08
top2,0.0,0.1,4.8087e-09,3.680000000000001e-12,-4.7733e-09,10,5,2.2704e-08,3.680000000000001e-12,4.8087e-09,1.33e-07,0.8535338345864659,2.050734564310499,7.25025e-08
top2,0.1,0.1,7.4307e-09,1.36e-12,-7.4573e-09,10,5,3.11395e-08,1.36e-12,7.4307e-09,1.33e-07,1.1706578947368418,1.8040380952948043,9.89675e-08
top2,0.2,0.1,1.10366e-08,-2.5230000000000003e-11,-1.10165e-08,10,5,4.24975e-08,2.5230000000000003e-11,1.10366e-08,1.33e-07,1.5976503759398493,1.6559575021742303,1.266375e-07
top2,0.3,0.1,1.59302e-08,-4.2700000000000005e-11,-1.57112e-08,10,5,5.646699999999999e-08,4.2700000000000005e-11,1.59302e-08,1.33e-07,2.12281954887218,1.5302671019512373,1.5556749999999994e-07
top2,0.4,0.1,2.233e-08,3.4070000000000005e-11,-2.22198e-08,10,5,7.361099999999998e-08,3.4070000000000005e-11,2.233e-08,1.33e-07,2.767330827067668,1.4212162798301842,1.9294e-07
top2,0.5,0.1,3.06524e-08,-1.03e-12,-3.0699599999999995e-08,10,5,9.505500000000001e-08,1.03e-12,3.06524e-08,1.33e-07,3.5734962406015023,1.3374612726145507,2.0823999999999986e-07
top2,0.6,0.1,4.134099999999999e-08,-1.4200000000000002e-12,-4.12238e-08,10,5,1.1525899999999997e-07,1.4200000000000002e-12,4.134099999999999e-08,1.33e-07,4.333045112781952,1.217718836343357,2.4095999999999964e-07
top2,0.7,0.1,5.370419999999999e-08,-4.8670000000000005e-11,-5.35892e-08,10,5,1.4324699999999993e-07,4.8670000000000005e-11,5.370419999999999e-08,1.33e-07,5.385225563909771,1.1432874897465246,2.911800000000002e-07
top2,0.8,0.1,6.99904e-08,-2.6000000000000002e-12,-6.95184e-08,10,5,1.73495e-07,2.6000000000000002e-12,6.99904e-08,1.33e-07,6.522368421052631,1.0822986712913576,2.533950000000006e-07
top2,0.9,0.1,8.84032e-08,1.46e-12,-8.837959999999999e-08,10,5,1.939260000000001e-07,1.46e-12,8.84032e-08,1.33e-07,7.290451127819549,0.957465059856393,1.72445e-07
top2,1.0,0.1,1.0877560000000001e-07,4.098e-11,-1.0863540000000001e-07,10,5,2.07984e-07,4.098e-11,1.0877560000000001e-07,1.33e-07,7.81894736842105,0.8373768325554161,1.1797999999999998e-07
top2,1.1,0.1,1.3e-07,2.773e-11,-1.2982e-07,10,5,2.1752200000000009e-07,2.773e-11,1.3e-07,1.33e-07,8.17751879699248,0.730556903136992,8.908000000000004e-08
top2,1.2,0.1,1.5228e-07,1.78e-12,-1.5238e-07,10,5,2.258e-07,1.78e-12,1.5228e-07,1.33e-07,8.488721804511275,0.6474579210662591,5.4889999999999256e-08
top2,1.3,0.1,1.7516e-07,-4.8e-11,-1.7506e-07,10,5,2.284999999999999e-07,4.8e-11,1.7516e-07,1.33e-07,8.590225563909769,0.5698922588700212,2.100000000000063e-08
top2,1.4,0.1,1.9798e-07,-1.69e-12,-1.9784e-07,10,5,2.3000000000000013e-07,1.69e-12,1.9798e-07,1.33e-07,8.646616541353387,0.5063582237330522,1.4500000000000565e-08
top2,1.5,0.1,2.2116e-07,3.9210000000000006e-11,-2.2112e-07,10,5,2.314e-07,3.9210000000000006e-11,2.2116e-07,1.33e-07,8.69924812030075,0.4561551642335449,-2.0000000000009448e-09
top2,1.6,0.1,2.4426e-07,-1.3900000000000001e-12,-2.4432e-07,10,5,2.296e-07,1.3900000000000001e-12,2.4426e-07,1.33e-07,8.631578947368418,0.4096739314737308,-4.999999999999051e-10
top2,1.7,0.1,2.6708e-07,-4.450000000000001e-12,-2.6726e-07,10,5,2.313e-07,4.450000000000001e-12,2.6708e-07,1.33e-07,8.69548872180451,0.3766184136315687,1.449999999999924e-08
top2,1.8,0.1,2.9052e-07,2.7000000000000004e-11,-2.9042e-07,10,5,2.3249999999999979e-07,2.7000000000000004e-11,2.9052e-07,1.33e-07,8.74060150375939,0.3485349410777512,4.000000000000561e-09
top2,1.9,0.1,3.1358e-07,1.1600000000000001e-12,-3.1356e-07,10,5,2.3210000000000015e-07,1.1600000000000001e-12,3.1358e-07,1.33e-07,8.72556390977444,0.3218826801908659,6.500000000002078e-09
top2,2.0,0.1,3.3694e-07,-4.829e-11,-3.3696e-07,10,5,2.338000000000002e-07,4.829e-11,3.3694e-07,1.33e-07,8.789473684210531,0.3018205921643391,1.2499999999998295e-08
top2,2.1,0.1,3.6034e-07,-2.36e-12,-3.6028e-07,10,5,2.3459999999999978e-07,2.36e-12,3.6034e-07,1.33e-07,8.819548872180441,0.2831014371984605,7.999999999997153e-09
top2,2.2,0.1,3.8386e-07,4.0230000000000006e-11,-3.8368e-07,10,5,2.353999999999997e-07,4.0230000000000006e-11,3.8386e-07,1.33e-07,8.84962406015036,0.266649351147725,6.500000000002071e-09
top2,2.3000000000000003,0.1,4.0742e-07,-5.6e-13,-4.0752e-07,10,5,2.359000000000002e-07,5.6e-13,4.0742e-07,1.33e-07,8.868421052631584,0.2517235753783445,1.550000000000436e-08
top2,2.4,0.1,4.3104e-07,-5.880000000000001e-12,-4.3124e-07,10,5,2.385000000000005e-07,5.880000000000001e-12,4.3104e-07,1.33e-07,8.96616541353385,0.240417881601536,2.5499999999997184e-08
top2,2.5,0.1,4.5512e-07,2.529e-11,-4.5518e-07,10,5,2.409999999999997e-07,2.529e-11,4.5512e-07,1.33e-07,9.060150375939834,0.2301774272582155,2.5499999999995805e-08
top2,2.6,0.1,4.7924e-07,1.36e-12,-4.7932e-07,10,5,2.435999999999997e-07,1.36e-12,4.7924e-07,1.33e-07,9.15789473684209,0.2208336126637664,2.300000000000092e-08
top2,2.7,0.1,5.0384e-07,-4.8270000000000005e-11,-5.0386e-07,10,5,2.455999999999999e-07,4.8270000000000005e-11,5.0384e-07,1.33e-07,9.23308270676691,0.2118843600630791,2.1500000000003184e-08
top2,2.8000000000000003,0.1,5.2836e-07,-2.11e-12,-5.2846e-07,10,5,2.479000000000004e-07,2.11e-12,5.2836e-07,1.33e-07,9.31954887218046,0.203811033643704,1.7500000000003985e-08
top2,2.9,0.1,5.5342e-07,4.0960000000000006e-11,-5.531e-07,10,5,2.491000000000006e-07,4.0960000000000006e-11,5.5342e-07,1.33e-07,9.36466165413536,0.1956656663748648,1.0499999999998685e-08
top2,3.0,0.1,5.7818e-07,-1.79e-12,-5.7824e-07,10,5,2.5000000000000004e-07,1.79e-12,5.7818e-07,1.33e-07,9.398496240601505,0.1878242524538363,2.849999999999524e-08
top2,3.1,0.1,6.0342e-07,-2.77e-12,-6.0348e-07,10,5,2.547999999999997e-07,2.77e-12,6.0342e-07,1.33e-07,9.578947368421035,0.1834211661300198,2.9999999999996933e-08
top2,3.2,0.1,6.2914e-07,2.983e-11,-6.2886e-07,10,5,2.559999999999995e-07,2.983e-11,6.2914e-07,1.33e-07,9.624060150375916,0.1768478463036425,1.2000000000003008e-08
top2,3.3000000000000003,0.1,6.5462e-07,1.6200000000000004e-12,-6.5446e-07,10,5,2.5720000000000026e-07,1.6200000000000004e-12,6.5462e-07,1.33e-07,9.669172932330834,0.1706594222885728,2.4500000000004256e-08
top2,3.4,0.1,6.8058e-07,-4.932e-11,-6.805e-07,10,5,2.609000000000003e-07,4.932e-11,6.8058e-07,1.33e-07,9.808270676691736,0.1665363553101075,2.6999999999998892e-08
top2,3.5,0.1,7.068e-07,-2.070000000000001e-12,-7.0668e-07,10,5,2.626000000000001e-07,2.070000000000001e-12,7.068e-07,1.33e-07,9.87218045112782,0.1614201852012218,1.1999999999997452e-08
top2,3.6,0.1,7.331e-07,3.466e-11,-7.3252e-07,10,5,2.6329999999999977e-07,3.466e-11,7.331e-07,1.33e-07,9.89849624060149,0.1560418205482071,2.7499999999996752e-08
top2,3.7,0.1,7.594599999999999e-07,-3.740000000000001e-12,-7.5952e-07,10,5,2.680999999999994e-07,3.740000000000001e-12,7.594599999999999e-07,1.33e-07,10.078947368421028,0.1532848571999999,3.250000000000268e-08
top2,3.8,0.1,7.867199999999999e-07,-2.11e-12,-7.867e-07,10,5,2.698000000000004e-07,2.11e-12,7.867199999999999e-07,1.33e-07,10.142857142857151,0.1490497074507015,1.5500000000007272e-08
top2,3.9,0.1,8.134199999999999e-07,3.1700000000000004e-11,-8.1328e-07,10,5,2.7120000000000084e-07,3.1700000000000004e-11,8.134199999999999e-07,1.33e-07,10.19548872180454,0.1447757413078145,3.1500000000001354e-08
top2,4.0,0.1,8.4096e-07,2.120000000000001e-12,-8.4082e-07,10,5,2.7610000000000057e-07,2.120000000000001e-12,8.4096e-07,1.33e-07,10.37969924812032,0.1426248893854833,3.399999999999307e-08
top2,4.1,0.1,8.6864e-07,-5.016e-11,-8.689799999999999e-07,10,5,2.7799999999999945e-07,5.016e-11,8.6864e-07,1.33e-07,10.451127819548848,0.1390200985892552,3.1999999999996025e-08
top2,4.2,0.1,8.9656e-07,-1.4700000000000002e-12,-8.963e-07,10,5,2.824999999999998e-07,1.4700000000000002e-12,8.9656e-07,1.33e-07,10.62030075187969,0.1368381725520383,2.500000000000185e-08
top2,4.3,0.1,9.2514e-07,3.041e-11,-9.2478e-07,10,5,2.829999999999999e-07,3.041e-11,9.2514e-07,1.33e-07,10.639097744360894,0.1329322483575755,-4.4999999999998045e-09
top2,4.4,0.1,9.5316e-07,-4.83e-12,-9.5278e-07,10,5,2.815999999999999e-07,4.83e-12,9.5316e-07,1.33e-07,10.586466165413526,0.128325727692986,7.999999999998477e-09
top2,4.5,0.1,9.8146e-07,-1.4e-12,-9.8132e-07,10,5,2.845999999999995e-07,1.4e-12,9.8146e-07,1.33e-07,10.699248120300732,0.1259498169313165,3.6999999999996923e-08
top2,4.6000000000000005,0.1,1.01008e-06,3.643e-11,-1.01028e-06,10,5,2.889999999999992e-07,3.643e-11,1.01008e-06,1.33e-07,10.864661654135308,0.1242580385983148,4.050000000000752e-08
top2,4.7,0.1,1.03926e-06,2.2500000000000003e-12,-1.03884e-06,10,5,2.92700000000001e-07,2.2500000000000003e-12,1.03926e-06,1.33e-07,11.003759398496276,0.1223376303827809,2.2000000000003853e-08
top2,4.8,0.1,1.06862e-06,-5.0500000000000007e-11,-1.06826e-06,10,5,2.934e-07,5.0500000000000007e-11,1.06862e-06,1.33e-07,11.03007518796992,0.1192719772323068,2.1999999999991842e-08
top2,4.9,0.1,1.09794e-06,-1.27e-12,-1.09796e-06,10,5,2.970999999999994e-07,1.27e-12,1.09794e-06,1.33e-07,11.1691729323308,0.1175060091398937,1.5000000000002437e-08
top2,5.0,0.1,1.12804e-06,2.7230000000000003e-11,-1.12752e-06,10,5,2.964000000000005e-07,2.7230000000000003e-11,1.12804e-06,1.33e-07,11.142857142857158,0.1156875661618887,5.6999999999998664e-08
top2,5.0,0.1,1.12758e-06,-2.09e-12,-1.12774e-06,10,5,3.0279999999999924e-07,2.09e-12,1.12758e-06,1.33e-07,11.383458646616512,0.1181709790547817,-1.4999999999987945e-08
top2,4.9,0.1,1.09776e-06,3.353e-11,-1.09752e-06,10,5,2.9789999999999925e-07,3.353e-11,1.09776e-06,1.33e-07,11.19924812030072,0.1178805572519258,4.499999999999408e-08
top2,4.8,0.1,1.068e-06,1.08e-12,-1.06798e-06,10,5,2.938000000000004e-07,1.08e-12,1.068e-06,1.33e-07,11.045112781954902,0.1194592721257902,2.2999999999992973e-08
top2,4.7,0.1,1.039e-06,-5.124e-11,-1.03992e-06,10,5,2.9330000000000065e-07,5.124e-11,1.039e-06,1.33e-07,11.026315789473706,0.1226688403499003,1.100000000000722e-08
top2,4.6000000000000005,0.1,1.00934e-06,-1.1600000000000001e-12,-1.0108e-06,10,5,2.91599999999999e-07,1.1600000000000001e-12,1.00934e-06,1.33e-07,10.962406015037551,0.1254411458692316,2.8000000000001283e-08
top2,4.5,0.1,9.8068e-07,3.009e-11,-9.8002e-07,10,5,2.8770000000000044e-07,3.009e-11,9.8068e-07,1.33e-07,10.815789473684225,0.1274589207990971,3.0999999999992773e-08
top2,4.4,0.1,9.518e-07,-4.01e-12,-9.5208e-07,10,5,2.854000000000004e-07,4.01e-12,9.518e-07,1.33e-07,10.72932330827069,0.1302169706909638,3.050000000000544e-08
top2,4.3,0.1,9.236e-07,-4.7e-13,-9.2356e-07,10,5,2.815999999999993e-07,4.7e-13,9.236e-07,1.33e-07,10.586466165413505,0.1324490493595974,2.3500000000005448e-08
top2,4.2,0.1,8.9548e-07,3.366e-11,-8.9574e-07,10,5,2.8069999999999933e-07,3.366e-11,8.9548e-07,1.33e-07,10.55263157894734,0.1361723317485451,1.29999999999962e-08
top2,4.1,0.1,8.6746e-07,1.3000000000000001e-12,-8.6728e-07,10,5,2.7900000000000005e-07,1.3000000000000001e-12,8.6746e-07,1.33e-07,10.488721804511275,0.1397104078364507,2.0499999999993576e-08
top2,4.0,0.1,8.3968e-07,-5.037e-11,-8.396599999999999e-07,10,5,2.766000000000006e-07,5.037e-11,8.3968e-07,1.33e-07,10.398496240601524,0.1430927837479736,4.250000000000008e-08
top2,3.9,0.1,8.1214e-07,-1.27e-12,-8.1234e-07,10,5,2.7050000000000005e-07,1.27e-12,8.1214e-07,1.33e-07,10.169172932330827,0.1446169538110322,3.6500000000001736e-08
top2,3.8,0.1,7.8558e-07,2.8870000000000003e-11,-7.8516e-07,10,5,2.693000000000004e-07,2.8870000000000003e-11,7.8558e-07,1.33e-07,10.124060150375948,0.1490064986711072,5.00000000001097e-10
top2,3.7,0.1,7.5828e-07,-6.09e-12,-7.5776e-07,10,5,2.703999999999999e-07,6.09e-12,7.5828e-07,1.33e-07,10.165413533834576,0.1548804389999601,1.9500000000001184e-08
top2,3.6,0.1,7.315e-07,-1.78e-12,-7.3162e-07,10,5,2.654000000000001e-07,1.78e-12,7.315e-07,1.33e-07,9.977443609022556,0.1575864889216437,3.749999999999987e-08
top2,3.5,0.1,7.052e-07,3.738e-11,-7.0504e-07,10,5,2.6289999999999985e-07,3.738e-11,7.052e-07,1.33e-07,9.883458646616532,0.1619786395599741,1.9000000000000087e-08
top2,3.4,0.1,6.7892e-07,1.4e-12,-6.7894e-07,10,5,2.616e-07,1.4e-12,6.7892e-07,1.33e-07,9.834586466165414,0.1673946938970474,1.5499999999996155e-08
top2,3.3000000000000003,0.1,6.5288e-07,-5.1660000000000006e-11,-6.5272e-07,10,5,2.598000000000007e-07,5.1660000000000006e-11,6.5288e-07,1.33e-07,9.766917293233105,0.1728938439473461,3.1000000000001045e-08
top2,3.2,0.1,6.2696e-07,-1.37e-12,-6.2696e-07,10,5,2.553999999999998e-07,1.37e-12,6.2696e-07,1.33e-07,9.601503759398486,0.1769059072190691,2.9000000000004005e-08
top2,3.1,0.1,6.018e-07,1.971e-11,-6.0138e-07,10,5,2.539999999999998e-07,1.971e-11,6.018e-07,1.33e-07,9.548872180451118,0.1834836486632827,1.0999999999999228e-08
top2,3.0,0.1,5.7616e-07,-1.007e-11,-5.762e-07,10,5,2.532e-07,1.007e-11,5.7616e-07,1.33e-07,9.5187969924812,0.1908724596925635,2.0999999999999973e-08
top2,2.9,0.1,5.5116e-07,-2.3800000000000004e-12,-5.5108e-07,10,5,2.497999999999998e-07,2.3800000000000004e-12,5.5116e-07,1.33e-07,9.390977443609012,0.1969613013876261,2.1000000000000016e-08
top2,2.8000000000000003,0.1,5.262e-07,4.155e-11,-5.2608e-07,10,5,2.49e-07,4.155e-11,5.262e-07,1.33e-07,9.360902255639097,0.2056400488681656,2.0499999999999452e-08
top2,2.7,0.1,5.0136e-07,1.86e-12,-5.0156e-07,10,5,2.457e-07,1.86e-12,5.0136e-07,1.33e-07,9.236842105263154,0.212889199541517,2.8999999999999773e-08
top2,2.6,0.1,4.7706e-07,-5.067e-11,-4.7704e-07,10,5,2.432e-07,5.067e-11,4.7706e-07,1.33e-07,9.14285714285714,0.2216000038232166,-1.5000000000003762e-09
top2,2.5,0.1,4.5272e-07,-1.21e-12,-4.5276e-07,10,5,2.46e-07,1.21e-12,4.5272e-07,1.33e-07,9.24812030075188,0.2363565850494751,1.6499999999998844e-08
top2,2.4,0.1,4.2786e-07,2.5940000000000003e-11,-4.2798e-07,10,5,2.3990000000000024e-07,2.5940000000000003e-11,4.2786e-07,1.33e-07,9.01879699248121,0.2432677678918796,5.9499999999998726e-08
top2,2.3000000000000003,0.1,4.0474e-07,-6.51e-12,-4.048e-07,10,5,2.341000000000003e-07,6.51e-12,4.0474e-07,1.33e-07,8.800751879699254,0.2516555916397592,2.3500000000001527e-08
top2,2.2,0.1,3.8104e-07,-1.7200000000000001e-12,-3.8112e-07,10,5,2.352e-07,1.7200000000000001e-12,3.8104e-07,1.33e-07,8.84210526315789,0.2682859359996345,-1.1499999999997148e-08
top2,2.1,0.1,3.577e-07,3.625e-11,-3.555e-07,10,5,2.363999999999997e-07,3.625e-11,3.577e-07,1.33e-07,8.88721804511277,0.287681408785487,-8.500000000000364e-09
top2,2.0,0.1,3.3376e-07,2.2700000000000002e-12,-3.337e-07,10,5,2.369e-07,2.2700000000000002e-12,3.3376e-07,1.33e-07,8.906015037593983,0.3085458677848463,1.3999999999998673e-08
top2,1.9,0.1,3.1032e-07,-5.1080000000000006e-11,-3.1042e-07,10,5,2.3360000000000005e-07,5.1080000000000006e-11,3.1032e-07,1.33e-07,8.781954887218042,0.3274593269121917,2.0500000000000753e-08
top2,1.8,0.1,2.8704e-07,-2.36e-12,-2.871e-07,10,5,2.3279999999999986e-07,2.36e-12,2.8704e-07,1.33e-07,8.751879699248114,0.3530041622845155,-2.0000000000009427e-09
top2,1.7,0.1,2.6376e-07,2.892e-11,-2.6364e-07,10,5,2.340000000000002e-07,2.892e-11,2.6376e-07,1.33e-07,8.796992481203011,0.3864855108653665,-3.50000000000066e-09
top2,1.6,0.1,2.4024e-07,-6.15e-12,-2.4044e-07,10,5,2.335e-07,6.15e-12,2.4024e-07,1.33e-07,8.778195488721801,0.4231456773052945,1.1000000000000563e-08
top2,1.5,0.1,2.1706e-07,-1.14e-12,-2.1726e-07,10,5,2.3180000000000005e-07,1.14e-12,2.1706e-07,1.33e-07,8.714285714285714,0.4655615407010184,2.000000000000283e-09
top2,1.4,0.1,1.9388e-07,3.61e-11,-1.9376e-07,10,5,2.331e-07,3.61e-11,1.9388e-07,1.33e-07,8.763157894736837,0.5250413657281073,-3.4999999999986756e-09
top2,1.3,0.1,1.7044e-07,1.45e-12,-1.7018e-07,10,5,2.3249999999999979e-07,1.45e-12,1.7044e-07,1.33e-07,8.74060150375939,0.5954722943197449,1.9999999999998842e-08
top2,1.2,0.1,1.4738e-07,-5.041e-11,-1.4738e-07,10,5,2.291000000000002e-07,5.041e-11,1.4738e-07,1.33e-07,8.612781954887222,0.6799188930483702,5.399999999999905e-08
top2,1.1,0.1,1.2462e-07,-1.7500000000000002e-12,-1.246e-07,10,5,2.217e-07,1.7500000000000002e-12,1.2462e-07,1.33e-07,8.33458646616541,0.7771635108551768,1.0130500000000134e-07
top2,1.0,0.1,1.0304e-07,3.0750000000000004e-11,-1.0286e-07,10,5,2.088389999999999e-07,3.0750000000000004e-11,1.0304e-07,1.33e-07,7.851090225563904,0.8864185102753016,1.3818999999999928e-07
top2,0.9,0.1,8.285219999999999e-08,-1.7700000000000001e-12,-8.2667e-08,10,5,1.940620000000001e-07,1.7700000000000001e-12,8.285219999999999e-08,1.33e-07,7.2955639097744385,1.0264207801475502,1.907949999999995e-07
top2,0.8,0.1,6.422759999999999e-08,2.1700000000000002e-12,-6.4161e-08,10,5,1.7068000000000004e-07,2.1700000000000002e-12,6.422759999999999e-08,1.33e-07,6.416541353383457,1.1531532005163927,2.60645000000001e-07
top2,0.7,0.1,4.87162e-08,1.6560000000000002e-11,-4.85772e-08,10,5,1.4193299999999993e-07,1.6560000000000002e-11,4.87162e-08,1.33e-07,5.335827067669168,1.2667078778680805,2.7820000000000025e-07
top2,0.6,0.1,3.5841e-08,4.214e-11,-3.57866e-08,10,5,1.1503999999999996e-07,4.214e-11,3.5841e-08,1.33e-07,4.324812030075185,1.3880086743165738,2.6554999999999946e-07
top2,0.5,0.1,2.57082e-08,-1.5800000000000001e-12,-2.57194e-08,10,5,8.882300000000001e-08,1.5800000000000001e-12,2.57082e-08,1.33e-07,3.3392105263157887,1.486340877242918,2.409099999999998e-07
top2,0.4,0.1,1.80764e-08,-1.6800000000000001e-12,-1.81212e-08,10,5,6.6858e-08,1.6800000000000001e-12,1.80764e-08,1.33e-07,2.5134586466165407,1.5943809321571134,1.9679000000000014e-07
top2,0.3,0.1,1.2336599999999998e-08,-5.008e-11,-1.2317999999999998e-08,10,5,4.946499999999999e-08,5.008e-11,1.2336599999999998e-08,1.33e-07,1.859586466165413,1.720890815992644,1.5705250000000006e-07
top2,0.2,0.1,8.1834e-09,-3.7e-12,-8.1972e-09,10,5,3.5447499999999994e-08,3.7e-12,8.1834e-09,1.33e-07,1.3326127819548867,1.8563807117031763,1.2293999999999996e-07
top2,0.1,0.1,5.2471e-09,-4.800000000000001e-13,-5.3015e-09,10,5,2.4877e-08,4.800000000000001e-13,5.2471e-09,1.33e-07,0.935225563909774,2.0334971007668656,9.084499999999996e-08
top2,0.0,0.1,3.208e-09,-4.589e-11,-3.2476e-09,10,5,1.7278499999999998e-08,4.589e-11,3.208e-09,1.33e-07,0.649567669172932,2.33363385623293,6.6046e-08
top2,-0.1,0.1,1.7914e-09,-1.528e-11,-1.8464e-09,10,5,1.16678e-08,1.528e-11,1.7914e-09,1.33e-07,0.4386390977443608,2.822521720198541,4.988924999999999e-08
top2,-0.2,0.1,8.7444e-10,-1.83e-12,-8.931e-10,10,5,7.30065e-09,1.83e-12,8.7444e-10,1.33e-07,0.2744605263157894,3.6650523108575954,3.865725e-08
top2,-0.3,0.1,3.3127000000000004e-10,-2.9000000000000013e-13,-2.9704000000000004e-10,10,5,3.9363499999999995e-09,2.9000000000000013e-13,3.3127000000000004e-10,1.33e-07,0.1479830827067668,5.006814847933763,2.842901e-08
top2,-0.4,0.1,8.717e-11,-1.14e-12,-9.012e-11,10,5,1.6148480000000003e-09,1.14e-12,8.717e-11,1.33e-07,0.0607085714285714,8.005415429903094,1.7431719999999997e-08
top2,-0.5,0.1,8.3004e-12,2.833e-11,-3.290000000000001e-12,10,5,4.5000600000000015e-10,2.833e-11,8.3004e-12,1.33e-07,0.0169175187969924,7.4419824817810305,7.993780000000003e-09
top2,-0.6,0.1,-2.8312e-12,5.015e-11,2.526e-11,10,5,1.6091999999999994e-11,5.015e-11,2.8312e-12,1.33e-07,0.000604962406015,1.0653218050597777,2.3055e-09
top2,-0.7,0.1,5.082e-12,-1.4800000000000006e-12,-3.508e-11,10,5,-1.1093999999999996e-11,1.4800000000000006e-12,5.082e-12,1.33e-07,-0.0004170676691729,3.3246768380161726,2.898499999999996e-11
top2,-0.8,0.1,-6.124e-13,2.2000000000000002e-13,-1.6700000000000006e-12,10,5,1.0295e-11,2.2000000000000002e-13,6.124e-13,1.33e-07,0.0003870300751879,1.1279825676826685,6.785500000000007e-11
top2,-0.9,0.1,3.023e-12,-2.9630000000000005e-11,-8.32e-12,10,5,-2.4665000000000006e-11,2.9630000000000005e-11,3.023e-12,1.33e-07,-0.0009272556390977,-4.242544396391602,7.8405e-11
top2,-1.0,0.1,4.3206e-12,-4.9990000000000007e-11,-2.7780000000000003e-11,10,5,-5.385999999999997e-12,4.9990000000000007e-11,4.3206e-12,1.33e-07,-0.0002024812030075,-0.6618344706095233,-2.20895e-10
top2,-1.1,0.1,4.1002e-12,-4.2000000000000003e-13,-1.6360000000000002e-11,10,5,1.9514000000000004e-11,4.2000000000000003e-13,4.1002e-12,1.33e-07,0.0007336090225563,5.072878128301276,-2.0595000000000007e-10
top2,-1.2,0.1,4.178e-13,-4.3000000000000004e-13,1.6300000000000001e-12,10,5,3.580400000000001e-11,4.3000000000000004e-13,4.178e-13,1.33e-07,0.0013460150375939,0.6349923369244604,-1.860499999999988e-11
top2,-1.3,0.1,-3.0606e-12,3.0680000000000004e-11,8.070000000000001e-12,10,5,2.3234999999999972e-11,3.0680000000000004e-11,3.0606e-12,1.33e-07,0.0008734962406015,-5.026448939452704,1.5084999999999992e-10
top2,-1.4,0.1,-4.2292e-12,5.015e-11,2.748e-11,10,5,5.634e-12,5.015e-11,4.2292e-12,1.33e-07,0.0002118045112781,-0.6806893739736353,2.0462e-10
top2,-1.5,0.1,-4.1874e-12,1.7100000000000002e-12,1.8840000000000003e-11,10,5,-1.7689000000000003e-11,1.7100000000000002e-12,4.1874e-12,1.33e-07,-0.000665,3.932644241642216,2.0580500000000007e-10
top2,-1.6,0.1,-6.914e-13,1.07e-12,-1.74e-12,10,5,-3.5527000000000006e-11,1.07e-12,6.914e-13,1.33e-07,-0.0013356015037593,0.7842958057606177,3.5640000000000006e-11
top2,-1.7,0.1,2.918e-12,-2.637e-11,-7.7e-12,10,5,-2.4817000000000005e-11,2.637e-11,2.918e-12,1.33e-07,-0.000932969924812,-3.9545093440705608,-1.4389000000000008e-10
top2,-1.8,0.1,4.272e-12,-5.1040000000000005e-11,-2.69e-11,10,5,-6.748999999999995e-12,5.1040000000000005e-11,4.272e-12,1.33e-07,-0.0002537218045112,-0.8255938576203006,-2.0872499999999984e-10
top2,-1.9,0.1,4.2678e-12,-7.700000000000002e-13,-1.976e-11,10,5,1.6928000000000002e-11,7.700000000000002e-13,4.2678e-12,1.33e-07,0.0006363909774436,3.415007483180724,-2.1302000000000008e-10
top2,-2.0,0.1,8.863999999999999e-13,-1.2000000000000001e-12,1.21e-12,10,5,3.585500000000001e-11,1.2000000000000001e-12,8.863999999999999e-13,1.33e-07,0.001347932330827,0.8366355194449683,-4.287999999999989e-11
top2,-2.1,0.1,-2.9032e-12,2.579e-11,7.43e-12,10,5,2.5503999999999972e-11,2.579e-11,2.9032e-12,1.33e-07,0.0009587969924812,-3.385530029486669,1.4439999999999996e-10
top2,-2.2,0.1,-4.2144e-12,5.026e-11,2.5630000000000003e-11,10,5,6.9749999999999916e-12,5.026e-11,4.2144e-12,1.33e-07,0.0002622180451127,-0.8520483231784307,2.0876499999999974e-10
top2,-2.3000000000000003,0.1,-4.2982e-12,1.4700000000000002e-12,2.175e-11,10,5,-1.6249000000000023e-11,1.4700000000000002e-12,4.2982e-12,1.33e-07,-0.0006108646616541,3.201942478479132,2.1052500000000047e-10
top2,-2.4,0.1,-9.646e-13,6.200000000000001e-13,-1.2400000000000002e-12,10,5,-3.5130000000000044e-11,6.200000000000001e-13,9.646e-13,1.33e-07,-0.0013206766917293,0.987370473911754,4.7549999999999825e-11
top2,-2.5,0.1,2.7278e-12,-2.229e-11,-6.680000000000002e-12,10,5,-2.575899999999997e-11,2.229e-11,2.7278e-12,1.33e-07,-0.0009683834586466,-3.187882238549704,-3.672799999999997e-10
top2,-2.6,0.1,4.1872e-12,-5.007e-11,-2.291e-11,10,5,3.832599999999997e-11,5.007e-11,4.1872e-12,1.33e-07,0.0014408270676691,-1.2884289383099987,-1.9156999999999968e-10
top2,-2.7,0.1,-4.9374e-12,1.2500000000000001e-12,3.923e-11,10,5,1.2554999999999988e-11,1.2500000000000001e-12,4.9374e-12,1.33e-07,0.000471992481203,1.987989344881596,2.5829999999999967e-10
top2,-2.8000000000000003,0.1,1.6762e-12,-1.6800000000000001e-12,5.800000000000003e-13,10,5,-1.3334000000000016e-11,1.6800000000000001e-12,1.6762e-12,1.33e-07,-0.0005012781954887,1.686788395948542,-8.066500000000034e-11
top2,-2.9,0.1,-2.2706e-12,1.511e-11,5.55e-12,10,5,2.8688000000000034e-11,1.511e-11,2.2706e-12,1.33e-07,0.0010784962406015,-1.9217496408070849,1.1491499999999992e-10
top2,-3.0,0.1,-4.0614e-12,4.8820000000000006e-11,1.921e-11,10,5,-3.6316999999999965e-11,4.8820000000000006e-11,4.0614e-12,1.33e-07,-0.0013653007518796,-1.7110176802734929,1.94665e-10
top2,-3.1,0.1,4.9928e-12,-1.8000000000000002e-12,-4.1460000000000005e-11,10,5,-1.024499999999999e-11,1.8000000000000002e-12,4.9928e-12,1.33e-07,-0.0003851503759398,1.5248072791359566,-2.5442499999999956e-10
top2,-3.2,0.1,-2.0124e-12,1.7100000000000002e-12,4.0000000000000006e-14,10,5,1.456799999999999e-11,1.7100000000000002e-12,2.0124e-12,1.33e-07,0.0005476691729323,1.902239515399352,1.0098500000000012e-10
top2,-3.3000000000000003,0.1,2.0792e-12,-1.274e-11,-4.47e-12,10,5,-3.044200000000004e-11,1.274e-11,2.0792e-12,1.33e-07,-0.0011444360902255,-1.5325993334033967,-1.029400000000004e-10
top2,-3.4,0.1,4.076e-12,-4.873e-11,-1.777e-11,10,5,3.515600000000005e-11,4.873e-11,4.076e-12,1.33e-07,0.0013216541353383,-1.88442184759553,-1.967250000000004e-10
top2,-3.5,0.1,-4.952e-12,4.26e-12,4.198e-11,10,5,8.902999999999991e-12,4.26e-12,4.952e-12,1.33e-07,0.0003346992481203,1.2468789901471211,2.5546999999999995e-10
top2,-3.6,0.1,2.2954e-12,-1.1000000000000002e-12,-1.3000000000000001e-12,10,5,-1.5937999999999985e-11,1.1000000000000002e-12,2.2954e-12,1.33e-07,-0.0005991729323308,2.24091793452846,-1.1123499999999978e-10
top2,-3.7,0.1,-1.7644e-12,1.02e-11,4.450000000000001e-12,10,5,3.1149999999999965e-11,1.02e-11,1.7644e-12,1.33e-07,0.0011710526315789,-1.1702110515595787,8.716000000000018e-11
top2,-3.8,0.1,-3.9346e-12,4.621e-11,1.704e-11,10,5,-3.3370000000000036e-11,4.621e-11,3.9346e-12,1.33e-07,-0.0012545112781954,-2.22224530584754,1.8647000000000008e-10
top2,-3.9,0.1,4.9096e-12,-4.300000000000001e-12,-4.293e-11,10,5,-6.144000000000008e-12,4.300000000000001e-12,4.9096e-12,1.33e-07,-0.000230977443609,0.8130244758643379,-2.5261500000000063e-10
top2,-4.0,0.1,-2.7058e-12,2.21e-12,2.47e-12,10,5,1.7153000000000023e-11,2.21e-12,2.7058e-12,1.33e-07,0.0006448496240601,2.6053896813949287,1.3431500000000002e-10
top2,-4.1,0.1,1.479e-12,-8.01e-12,-4.050000000000001e-12,10,5,-3.3006999999999965e-11,8.01e-12,1.479e-12,1.33e-07,-0.0012408646616541,-0.791393323588067,-7.478499999999968e-11
top2,-4.2,0.1,3.8956e-12,-4.5620000000000006e-11,-1.415e-11,10,5,3.2109999999999974e-11,4.5620000000000006e-11,3.8956e-12,1.33e-07,0.0012071428571428,-2.6201121823194184,-1.8220999999999967e-10
top2,-4.3,0.1,-4.943e-12,1.182e-11,4.297e-11,10,5,3.4349999999999958e-12,1.182e-11,4.943e-12,1.33e-07,0.0001291353383458,0.4212938899856051,2.6096499999999957e-10
top2,-4.4,0.1,3.2086e-12,-1.37e-12,-6.470000000000001e-12,10,5,-2.0082999999999984e-11,1.37e-12,3.2086e-12,1.33e-07,-0.0007549999999999,3.6359603203870674,-1.5359499999999974e-10
top2,-4.5,0.1,-9.264e-13,3.2200000000000004e-12,2.4800000000000003e-12,10,5,3.415399999999997e-11,3.2200000000000004e-12,9.264e-13,1.33e-07,0.001283984962406,-0.2632842353630502,4.2339999999999915e-11
top2,-4.6000000000000005,0.1,-3.6222e-12,4.0550000000000005e-11,1.212e-11,10,5,-2.8550999999999968e-11,4.0550000000000005e-11,3.6222e-12,1.33e-07,-0.0010733458646616,-3.564872340468193,3.0482500000000003e-10
top2,-4.7,0.1,4.7838e-12,-1.923e-11,-4.3100000000000005e-11,10,5,-2.681100000000009e-11,1.923e-11,4.7838e-12,1.33e-07,-0.001007932330827,1.592115889772595,-3.1975000000000083e-10
top2,-4.8,0.1,1.74e-12,-1.3900000000000001e-12,7e-13,10,5,3.539899999999997e-11,1.3900000000000001e-12,1.74e-12,1.33e-07,0.0013307894736842,1.5940056537553269,-2.779350000000001e-10
top2,-4.9,0.1,-2.296e-12,1.6400000000000003e-11,5.3000000000000004e-12,10,5,2.877599999999997e-11,1.6400000000000003e-11,2.296e-12,1.33e-07,0.0010818045112781,-1.815789671957012,9.103499999999943e-11
top2,-5.0,0.1,-4.0152e-12,4.9400000000000005e-11,1.916e-11,10,5,1.7192000000000063e-11,4.9400000000000005e-11,4.0152e-12,1.33e-07,0.0006463157894736,-2.4273529894806685,1.1583999999999952e-10
