device,VD,VG,ID,IG,IS,absIg,absId,r
bot1,0.0,-5,4.1384e-12,-6.222e-11,3.0830000000000005e-11,6.222e-11,4.1384e-12,-17932716447.887527
bot1,0.1,-5,-1.438e-12,2.14e-12,-1.4300000000000002e-12,2.14e-12,1.438e-12,-46264168401.572975
bot1,0.2,-5,-1.846e-13,9.4e-13,-2.0200000000000007e-12,9.4e-13,1.846e-13,90407738902.45004
bot1,0.3,-5,7.742e-13,-2.0200000000000007e-12,-2.97e-12,2.0200000000000007e-12,7.742e-13,96796050721.13055
bot1,0.4,-5,1.8816e-12,-1.126e-11,-4.400000000000001e-12,1.126e-11,1.8816e-12,103498240529.911
bot1,0.5,-5,2.7066e-12,-2.527e-11,-5.570000000000001e-12,2.527e-11,2.7066e-12,125156445556.94617
bot1,0.6,-5,3.4796e-12,-4.174e-11,-8.11e-12,4.174e-11,3.4796e-12,171408981830.64795
bot1,0.7,-5,3.8734e-12,-5.351e-11,-1.117e-11,5.351e-11,3.8734e-12,291290416545.2958
bot1,0.8,-5,4.1662e-12,-6.107e-11,-1.5450000000000002e-11,6.107e-11,4.1662e-12,507614213197.9693
bot1,0.9,-5,4.2674e-12,-6.144000000000001e-11,-2.081e-11,6.144000000000001e-11,4.2674e-12,-22406955118.86889
bot1,1.0,-5,-4.7596e-12,2.9840000000000004e-11,3.5090000000000005e-11,2.9840000000000004e-11,4.7596e-12,-23003312476.996696
bot1,1.1,-5,-4.427e-12,8.300000000000001e-13,1.896e-11,8.300000000000001e-13,4.427e-12,29091755396.520622
bot1,1.2,-5,2.1152e-12,-2.57e-12,-4.7e-13,2.57e-12,2.1152e-12,37446171129.002045
bot1,1.3,-5,9.14e-13,-1.6e-12,1.36e-12,1.6e-12,9.14e-13,-81406707912.73207
bot1,1.4,-5,-3.416e-13,5.500000000000001e-13,2.39e-12,5.500000000000001e-13,3.416e-13,-84381064889.0389
bot1,1.5,-5,-1.4562e-12,6.0600000000000004e-12,3.13e-12,6.0600000000000004e-12,1.4562e-12,-102606197414.3238
bot1,1.6,-5,-2.2908e-12,1.59e-11,4.21e-12,1.59e-11,2.2908e-12,-140173815531.25873
bot1,1.7,-5,-2.883e-12,2.918e-11,5.79e-12,2.918e-11,2.883e-12,-180180180180.1801
bot1,1.8,-5,-3.4008e-12,4.4300000000000005e-11,8.65e-12,4.4300000000000005e-11,3.4008e-12,-204415372035.97736
bot1,1.9,-5,-3.8614e-12,5.4830000000000006e-11,1.173e-11,5.4830000000000006e-11,3.8614e-12,-256344527044.34747
bot1,2.0,-5,-4.181e-12,6.021e-11,1.6740000000000002e-11,6.021e-11,4.181e-12,-390015600624.0249
bot1,2.1,-5,-4.3742e-12,6.211e-11,2.16e-11,6.211e-11,4.3742e-12,22235069151.06508
bot1,2.2,-5,4.8138e-12,-2.8820000000000004e-11,-3.5860000000000006e-11,2.8820000000000004e-11,4.8138e-12,23022377751.17416
bot1,2.3000000000000003,-5,4.313e-12,-1.4400000000000001e-12,-1.6980000000000002e-11,1.4400000000000001e-12,4.313e-12,-30391441769.997528
bot1,2.4,-5,-1.767e-12,2.14e-12,-7.5e-13,2.14e-12,1.767e-12,-42383656861.914
bot1,2.5,-5,-4.058e-13,1.37e-12,-1.93e-12,1.37e-12,4.058e-13,74465708541.21683
bot1,2.6,-5,9.188e-13,-2.49e-12,-3.15e-12,2.49e-12,9.188e-13,82297753271.33574
bot1,2.7,-5,2.0244e-12,-1.374e-11,-3.82e-12,1.374e-11,2.0244e-12,101204331545.3902
bot1,2.8000000000000003,-5,2.895e-12,-3.005e-11,-5.880000000000001e-12,3.005e-11,2.895e-12,133636242148.8706
bot1,2.9,-5,3.521e-12,-4.413e-11,-8.590000000000001e-12,4.413e-11,3.521e-12,190512478567.34595
bot1,3.0,-5,3.9448e-12,-5.431e-11,-1.219e-11,5.431e-11,3.9448e-12,308641975308.6424
bot1,3.1,-5,4.169e-12,-6.180000000000001e-11,-1.719e-11,6.180000000000001e-11,4.169e-12,498007968127.4902
bot1,3.2,-5,4.3464e-12,-6.24e-11,-2.3300000000000003e-11,6.24e-11,4.3464e-12,-22257834757.834778
bot1,3.3000000000000003,-5,-4.8166e-12,1.881e-11,3.6510000000000005e-11,1.881e-11,4.8166e-12,-23666958559.15553
bot1,3.4,-5,-4.1042e-12,1.9900000000000002e-12,1.295e-11,1.9900000000000002e-12,4.1042e-12,32768620768.7518
bot1,3.5,-5,1.2868e-12,-2.400000000000001e-12,1.22e-12,2.400000000000001e-12,1.2868e-12,49154541879.66972
bot1,3.6,-5,-3.54e-14,-1.8000000000000007e-13,1.96e-12,1.8000000000000007e-13,3.54e-14,-77303648732.22023
bot1,3.7,-5,-1.3004e-12,4.6400000000000004e-12,2.92e-12,4.6400000000000004e-12,1.3004e-12,-89031339031.33911
bot1,3.8,-5,-2.2818e-12,1.6560000000000002e-11,4.390000000000001e-12,1.6560000000000002e-11,2.2818e-12,-113378684807.2561
bot1,3.9,-5,-3.0644e-12,3.1410000000000004e-11,6.670000000000001e-12,3.1410000000000004e-11,3.0644e-12,-147645061272.70026
bot1,4.0,-5,-3.6364e-12,4.891e-11,9.3e-12,4.891e-11,3.6364e-12,-216966804078.9756
bot1,4.1,-5,-3.9862e-12,5.7780000000000006e-11,1.3080000000000002e-11,5.7780000000000006e-11,3.9862e-12,-408163265306.1226
bot1,4.2,-5,-4.1264e-12,6.092000000000001e-11,1.724e-11,6.092000000000001e-11,4.1264e-12,-567536889897.8439
bot1,4.3,-5,-4.3386e-12,6.126e-11,2.235e-11,6.126e-11,4.3386e-12,22201500821.45555
bot1,4.4,-5,4.882e-12,-2.6380000000000004e-11,-3.671e-11,2.6380000000000004e-11,4.882e-12,22856620420.104706
bot1,4.5,-5,4.4116e-12,-1.02e-12,-1.706e-11,1.02e-12,4.4116e-12,-29354781893.97056
bot1,4.6000000000000005,-5,-1.9312e-12,3.1400000000000004e-12,-7.600000000000002e-13,3.1400000000000004e-12,1.9312e-12,-39019822069.61138
bot1,4.7,-5,-7.14e-13,1.2500000000000001e-12,-1.85e-12,1.2500000000000001e-12,7.14e-13,88534749889.33125
bot1,4.8,-5,3.278e-13,6.3e-13,-2.26e-12,6.3e-13,3.278e-13,94688003030.0162
bot1,4.9,-5,1.3982e-12,-5.23e-12,-3.590000000000001e-12,5.23e-12,1.3982e-12,105374077976.81778
bot1,5.0,-5,2.2258e-12,-1.347e-11,-4.72e-12,1.347e-11,2.2258e-12,120831319478.00829
bot1,0.0,-4,-4.8378e-12,6.56e-12,3.635e-11,6.56e-12,4.8378e-12,65876152832.67457
bot1,0.1,-4,-3.3198e-12,2.18e-12,6.0600000000000004e-12,2.18e-12,3.3198e-12,37416747736.28676
bot1,0.2,-4,5.074e-13,-1.0600000000000001e-12,1.7700000000000001e-12,1.0600000000000001e-12,5.074e-13,78173858661.66351
bot1,0.3,-4,-7.614e-13,1.74e-12,2.6000000000000002e-12,1.74e-12,7.614e-13,-92097992263.76865
bot1,0.4,-4,-1.6642e-12,8.810000000000001e-12,3.46e-12,8.810000000000001e-12,1.6642e-12,-134789055128.72356
bot1,0.5,-4,-2.2452e-12,1.6870000000000002e-11,4.8000000000000005e-12,1.6870000000000002e-11,2.2452e-12,-149365197908.88718
bot1,0.6,-4,-3.0032e-12,3.059e-11,6.470000000000001e-12,3.059e-11,3.0032e-12,-153609831029.18588
bot1,0.7,-4,-3.5472e-12,4.5180000000000006e-11,8.97e-12,4.5180000000000006e-11,3.5472e-12,-197122018529.46976
bot1,0.8,-4,-4.0178e-12,5.5990000000000005e-11,1.1760000000000002e-11,5.5990000000000005e-11,4.0178e-12,-253164556962.02536
bot1,0.9,-4,-4.3372e-12,6.06e-11,1.635e-11,6.06e-11,4.3372e-12,-718390804597.7007
bot1,1.0,-4,-4.2962e-12,6.226e-11,2.158e-11,6.226e-11,4.2962e-12,21893814997.263283
bot1,1.1,-4,4.7978e-12,-2.868e-11,-3.612e-11,2.868e-11,4.7978e-12,22892200627.246296
bot1,1.2,-4,4.4404e-12,-1.3500000000000001e-12,-1.979e-11,1.3500000000000001e-12,4.4404e-12,-28546959748.786747
bot1,1.3,-4,-2.2082e-12,1.8400000000000002e-12,-1.5000000000000004e-13,1.8400000000000002e-12,2.2082e-12,-36039932244.92741
bot1,1.4,-4,-1.109e-12,3.0300000000000002e-12,-1.37e-12,3.0300000000000002e-12,1.109e-12,99088386841.0622
bot1,1.5,-4,-1.898e-13,2.5e-13,-2.03e-12,2.5e-13,1.898e-13,90415913200.72331
bot1,1.6,-4,1.103e-12,-3.72e-12,-3.4100000000000002e-12,3.72e-12,1.103e-12,90317919075.14449
bot1,1.7,-4,2.0246e-12,-1.25e-11,-4.01e-12,1.25e-11,2.0246e-12,120977498185.33752
bot1,1.8,-4,2.7562e-12,-2.615e-11,-5.770000000000001e-12,2.615e-11,2.7562e-12,147579693034.23865
bot1,1.9,-4,3.3798e-12,-4.022e-11,-8.12e-12,4.022e-11,3.3798e-12,188359389715.57724
bot1,2.0,-4,3.818e-12,-5.467e-11,-1.193e-11,5.467e-11,3.818e-12,282167042889.3903
bot1,2.1,-4,4.0886e-12,-5.982e-11,-1.5630000000000002e-11,5.982e-11,4.0886e-12,399361022364.2179
bot1,2.2,-4,4.3188e-12,-6.225e-11,-2.121e-11,6.225e-11,4.3188e-12,-22355360815.523582
bot1,2.3000000000000003,-4,-4.8578e-12,3.0320000000000005e-11,3.536e-11,3.0320000000000005e-11,4.8578e-12,-22606022244.32585
bot1,2.4,-4,-4.5284e-12,7.5e-13,1.7650000000000002e-11,7.5e-13,4.5284e-12,28261361067.14896
bot1,2.5,-4,2.219e-12,-2.5300000000000003e-12,-6.8e-13,2.5300000000000003e-12,2.219e-12,35891177948.460304
bot1,2.6,-4,1.044e-12,-2.31e-12,1.3500000000000001e-12,2.31e-12,1.044e-12,-95721259691.77763
bot1,2.7,-4,1.296e-13,-1.13e-12,1.85e-12,1.13e-12,1.296e-13,-107573149741.82454
bot1,2.8000000000000003,-4,-8.152e-13,2e-12,2.5600000000000004e-12,2e-12,8.152e-13,-118385225523.85448
bot1,2.9,-4,-1.5598e-12,9.61e-12,3.77e-12,9.61e-12,1.5598e-12,-121891760117.01591
bot1,3.0,-4,-2.456e-12,2.243e-11,5.28e-12,2.243e-11,2.456e-12,-126230749810.654
bot1,3.1,-4,-3.1442e-12,3.238e-11,6.730000000000002e-12,3.238e-11,3.1442e-12,-170386777986.02847
bot1,3.2,-4,-3.6298e-12,4.6890000000000006e-11,8.880000000000003e-12,4.6890000000000006e-11,3.6298e-12,-242954324586.9777
bot1,3.3000000000000003,-4,-3.9674e-12,5.4610000000000006e-11,1.1870000000000002e-11,5.4610000000000006e-11,3.9674e-12,-354861603974.4492
bot1,3.4,-4,-4.1934e-12,6.088e-11,1.601e-11,6.088e-11,4.1934e-12,-663129973474.8014
bot1,3.5,-4,-4.269e-12,6.169000000000001e-11,2.069e-11,6.169000000000001e-11,4.269e-12,22318439494.71055
bot1,3.6,-4,4.7678e-12,-2.8910000000000003e-11,-3.605e-11,2.8910000000000003e-11,4.7678e-12,22716946842.34441
bot1,3.7,-4,4.535e-12,-1.17e-12,-1.861e-11,1.17e-12,4.535e-12,-28989708653.428062
bot1,3.8,-4,-2.1312e-12,2.03e-12,2.2000000000000002e-13,2.03e-12,2.1312e-12,-35346930119.11911
bot1,3.9,-4,-1.1232e-12,1.8400000000000002e-12,-1.5e-12,1.8400000000000002e-12,1.1232e-12,81149070843.13875
bot1,4.0,-4,3.334e-13,-9.3e-13,-2.19e-12,9.3e-13,3.334e-13,85925416738.27107
bot1,4.1,-4,1.2044e-12,-4.8500000000000005e-12,-3.07e-12,4.8500000000000005e-12,1.2044e-12,111259457053.84969
bot1,4.2,-4,2.131e-12,-1.544e-11,-5.03e-12,1.544e-11,2.131e-12,107793467715.85652
bot1,4.3,-4,3.0598e-12,-3.2720000000000004e-11,-6.9300000000000006e-12,3.2720000000000004e-11,3.0598e-12,137816979051.81934
bot1,4.4,-4,3.5822e-12,-4.713e-11,-9.29e-12,4.713e-11,3.5822e-12,207168013258.75296
bot1,4.5,-4,4.0252e-12,-5.725e-11,-1.324e-11,5.725e-11,4.0252e-12,295595625184.7476
bot1,4.6000000000000005,-4,4.2588e-12,-6.245e-11,-1.828e-11,6.245e-11,4.2588e-12,529661016949.1537
bot1,4.7,-4,4.4028e-12,-6.148e-11,-2.329e-11,6.148e-11,4.4028e-12,-21961128802.020348
bot1,4.8,-4,-4.8482e-12,2.082e-11,3.703e-11,2.082e-11,4.8482e-12,-23395096387.79713
bot1,4.9,-4,-4.146e-12,2.11e-12,1.497e-11,2.11e-12,4.146e-12,31738978639.6674
bot1,5.0,-4,1.4532e-12,-3.1400000000000004e-12,8.400000000000002e-13,3.1400000000000004e-12,1.4532e-12,17859694242.03451
bot1,0.0,-3,-4.077e-12,6.163000000000001e-11,2.003e-11,6.163000000000001e-11,4.077e-12,11152996810.242914
bot1,0.1,-3,4.8892e-12,-2.331e-11,-3.71e-11,2.331e-11,4.8892e-12,24077819512.664936
bot1,0.2,-3,4.2294e-12,-2.26e-12,-1.4100000000000002e-11,2.26e-12,4.2294e-12,-30905213709.5528
bot1,0.3,-3,-1.5822e-12,2.3200000000000002e-12,-1.12e-12,2.3200000000000002e-12,1.5822e-12,-43950248318.90301
bot1,0.4,-3,-3.212e-13,1.79e-12,-2.120000000000001e-12,1.79e-12,3.212e-13,92902266815.31029
bot1,0.5,-3,5.706e-13,-1.36e-12,-2.75e-12,1.36e-12,5.706e-13,108542277216.976
bot1,0.6,-3,1.5214e-12,-7.7e-12,-3.6000000000000004e-12,7.7e-12,1.5214e-12,109661147055.59824
bot1,0.7,-3,2.3944e-12,-1.837e-11,-5.13e-12,1.837e-11,2.3944e-12,121921482565.22804
bot1,0.8,-3,3.1618e-12,-3.609e-11,-7.32e-12,3.609e-11,3.1618e-12,150308131669.92334
bot1,0.9,-3,3.725e-12,-4.945e-11,-9.73e-12,4.945e-11,3.725e-12,228990153423.4029
bot1,1.0,-3,4.0352e-12,-5.824000000000001e-11,-1.356e-11,5.824000000000001e-11,4.0352e-12,386100386100.3862
bot1,1.1,-3,4.243e-12,-6.182e-11,-1.768e-11,6.182e-11,4.243e-12,571755288736.4208
bot1,1.2,-3,4.385e-12,-6.258e-11,-2.271e-11,6.258e-11,4.385e-12,-22077491996.909145
bot1,1.3,-3,-4.816e-12,2.442e-11,3.627e-11,2.442e-11,4.816e-12,-22993262973.94865
bot1,1.4,-3,-4.3132e-12,1.6200000000000004e-12,1.5870000000000002e-11,1.6200000000000004e-12,4.3132e-12,30063433845.41381
bot1,1.5,-3,1.8366e-12,-2.11e-12,5.300000000000003e-13,2.11e-12,1.8366e-12,39016777214.2021
bot1,1.6,-3,8.128e-13,-2.2200000000000002e-12,1.41e-12,2.2200000000000002e-12,8.128e-13,-95721259691.77753
bot1,1.7,-3,-2.528e-13,1.6200000000000004e-12,2e-12,1.6200000000000004e-12,2.528e-13,-92106475085.19849
bot1,1.8,-3,-1.3586e-12,5.44e-12,2.8800000000000002e-12,5.44e-12,1.3586e-12,-101947191354.87828
bot1,1.9,-3,-2.2146e-12,1.5940000000000002e-11,4.06e-12,1.5940000000000002e-11,2.2146e-12,-128303823453.93887
bot1,2.0,-3,-2.9174e-12,2.943e-11,5.79e-12,2.943e-11,2.9174e-12,-159438775510.20404
bot1,2.1,-3,-3.469e-12,4.266e-11,8.100000000000001e-12,4.266e-11,3.469e-12,-209424083769.63385
bot1,2.2,-3,-3.8724e-12,5.3260000000000005e-11,1.116e-11,5.3260000000000005e-11,3.8724e-12,-312207305650.95233
bot1,2.3000000000000003,-3,-4.1096e-12,5.962000000000001e-11,1.5070000000000003e-11,5.962000000000001e-11,4.1096e-12,-457665903890.1589
bot1,2.4,-3,-4.3094e-12,6.165e-11,2.0460000000000003e-11,6.165e-11,4.3094e-12,22498200143.988453
bot1,2.5,-3,4.78e-12,-2.964e-11,-3.599e-11,2.964e-11,4.78e-12,22875966509.58505
bot1,2.6,-3,4.4334e-12,-1.88e-12,-1.6090000000000003e-11,1.88e-12,4.4334e-12,-30058011963.088787
bot1,2.7,-3,-1.8738e-12,2.06e-12,-6.700000000000003e-13,2.06e-12,1.8738e-12,-40439987059.20418
bot1,2.8000000000000003,-3,-5.122e-13,1.1500000000000001e-12,-1.6600000000000002e-12,1.1500000000000001e-12,5.122e-13,82932492950.73799
bot1,2.9,-3,5.378e-13,-5.500000000000001e-13,-2.7100000000000004e-12,5.500000000000001e-13,5.378e-13,100210441928.04877
bot1,3.0,-3,1.4836e-12,-7.8e-12,-3.56e-12,7.8e-12,1.4836e-12,108365843086.25928
bot1,3.1,-3,2.3834e-12,-1.757e-11,-4.6500000000000006e-12,1.757e-11,2.3834e-12,131044424059.75638
bot1,3.2,-3,3.0098e-12,-3.311e-11,-6.620000000000001e-12,3.311e-11,3.0098e-12,163371998039.53616
bot1,3.3000000000000003,-3,3.6076e-12,-4.5800000000000006e-11,-9.75e-12,4.5800000000000006e-11,3.6076e-12,197005516154.452
bot1,3.4,-3,4.025e-12,-5.677e-11,-1.315e-11,5.677e-11,4.025e-12,312012480499.2195
bot1,3.5,-3,4.2486e-12,-6.129e-11,-1.827e-11,6.129e-11,4.2486e-12,507356671740.2348
bot1,3.6,-3,4.4192e-12,-6.171e-11,-2.368e-11,6.171e-11,4.4192e-12,-21861268390.792053
bot1,3.7,-3,-4.9e-12,1.899e-11,3.687e-11,1.899e-11,4.9e-12,-23393454511.427723
bot1,3.8,-3,-4.1302e-12,1.17e-12,1.283e-11,1.17e-12,4.1302e-12,31614555341.279087
bot1,3.9,-3,1.4262e-12,-2.2000000000000003e-12,1.0100000000000001e-12,2.2000000000000003e-12,1.4262e-12,46689700252.12432
bot1,4.0,-3,1.534e-13,-1.12e-12,1.8400000000000002e-12,1.12e-12,1.534e-13,-77495350278.98317
bot1,4.1,-3,-1.1546e-12,4.400000000000001e-12,2.6000000000000002e-12,4.400000000000001e-12,1.1546e-12,-90686496780.62944
bot1,4.2,-3,-2.052e-12,1.372e-11,3.87e-12,1.372e-11,2.052e-12,-117855038302.88754
bot1,4.3,-3,-2.8516e-12,2.555e-11,5.39e-12,2.555e-11,2.8516e-12,-148588410104.01205
bot1,4.4,-3,-3.398e-12,4.032e-11,7.960000000000001e-12,4.032e-11,3.398e-12,-207253886010.3629
bot1,4.5,-3,-3.8166e-12,5.365e-11,1.117e-11,5.365e-11,3.8166e-12,-264550264550.26465
bot1,4.6000000000000005,-3,-4.154e-12,5.994e-11,1.528e-11,5.994e-11,4.154e-12,-458085203847.91614
bot1,4.7,-3,-4.2532e-12,6.151e-11,1.992e-11,6.151e-11,4.2532e-12,22305496074.232613
bot1,4.8,-3,4.8124e-12,-2.7980000000000003e-11,-3.591e-11,2.7980000000000003e-11,4.8124e-12,23031391787.00571
bot1,4.9,-3,4.4306e-12,-1.2000000000000001e-12,-1.648e-11,1.2000000000000001e-12,4.4306e-12,-30209655005.73986
bot1,5.0,-3,-1.808e-12,2.1000000000000003e-12,-1.18e-12,2.1000000000000003e-12,1.808e-12,-16029237328.887833
bot1,0.0,-2,4.7056e-12,-6.033e-11,-2.4900000000000003e-11,6.033e-11,4.7056e-12,-10433839026.731497
bot1,0.1,-2,-4.8786e-12,1.082e-11,3.7090000000000005e-11,1.082e-11,4.8786e-12,-23740563126.15736
bot1,0.2,-2,-3.7188e-12,1.6600000000000002e-12,8.87e-12,1.6600000000000002e-12,3.7188e-12,35645540742.85307
bot1,0.3,-2,7.322e-13,-4.600000000000003e-13,1.36e-12,4.600000000000003e-13,7.322e-13,61244487996.08036
bot1,0.4,-2,-4.532e-13,6.400000000000001e-13,2.23e-12,6.400000000000001e-13,4.532e-13,-90252707581.22746
bot1,0.5,-2,-1.4838e-12,7.07e-12,2.9900000000000004e-12,7.07e-12,1.4838e-12,-104144969797.95874
bot1,0.6,-2,-2.3736e-12,1.766e-11,4.67e-12,1.766e-11,2.3736e-12,-114692051840.80748
bot1,0.7,-2,-3.2276e-12,3.4470000000000005e-11,6.470000000000001e-12,3.4470000000000005e-11,3.2276e-12,-153680651605.9629
bot1,0.8,-2,-3.675e-12,4.961e-11,9.78e-12,4.961e-11,3.675e-12,-263365815117.19785
bot1,0.9,-2,-3.987e-12,5.891000000000001e-11,1.341e-11,5.891000000000001e-11,3.987e-12,-385208012326.656
bot1,1.0,-2,-4.1942e-12,6.083e-11,1.8330000000000003e-11,6.083e-11,4.1942e-12,-461680517082.1792
bot1,1.1,-2,-4.4202e-12,6.091e-11,2.349e-11,6.091e-11,4.4202e-12,21928862769.176785
bot1,1.2,-2,4.9262e-12,-2.172e-11,-3.693e-11,2.172e-11,4.9262e-12,23354118498.797256
bot1,1.3,-2,4.1436e-12,-8.300000000000001e-13,-1.34e-11,8.300000000000001e-13,4.1436e-12,-32747159183.940823
bot1,1.4,-2,-1.1812e-12,2.500000000000001e-12,-1.83e-12,2.500000000000001e-12,1.1812e-12,-50438817714.11277
bot1,1.5,-2,1.784e-13,-5.6e-13,-2.26e-12,5.6e-13,1.784e-13,83991264908.44952
bot1,1.6,-2,1.2e-12,-4.21e-12,-3.010000000000001e-12,4.21e-12,1.2e-12,109289617486.3388
bot1,1.7,-2,2.0084e-12,-1.345e-11,-4.11e-12,1.345e-11,2.0084e-12,128766417718.25903
bot1,1.8,-2,2.7532e-12,-2.8450000000000003e-11,-5.94e-12,2.8450000000000003e-11,2.7532e-12,148964695367.19812
bot1,1.9,-2,3.351e-12,-4.193e-11,-8.300000000000001e-12,4.193e-11,3.351e-12,180342651036.9701
bot1,2.0,-2,3.8622e-12,-5.3990000000000006e-11,-1.1350000000000002e-11,5.3990000000000006e-11,3.8622e-12,245881485124.16992
bot1,2.1,-2,4.1644e-12,-6.095000000000001e-11,-1.524e-11,6.095000000000001e-11,4.1644e-12,471698113207.5477
bot1,2.2,-2,4.2862e-12,-6.046e-11,-1.9950000000000003e-11,6.046e-11,4.2862e-12,-22478982151.68819
bot1,2.3000000000000003,-2,-4.7328e-12,3.315e-11,3.508e-11,3.315e-11,4.7328e-12,-22498706324.38632
bot1,2.4,-2,-4.6032e-12,1.6800000000000001e-12,1.9440000000000003e-11,1.6800000000000001e-12,4.6032e-12,28260562385.19143
bot1,2.5,-2,2.3442e-12,-1.86e-12,-7.600000000000002e-13,1.86e-12,2.3442e-12,35036087169.78491
bot1,2.6,-2,1.1052e-12,-2.6000000000000002e-12,1.14e-12,2.6000000000000002e-12,1.1052e-12,-85077420452.61195
bot1,2.7,-2,-6.6e-15,-7.900000000000002e-13,1.6e-12,7.900000000000002e-13,6.6e-15,-85932800549.97
bot1,2.8000000000000003,-2,-1.2222e-12,4.37e-12,2.9e-12,4.37e-12,1.2222e-12,-93475415965.60092
bot1,2.9,-2,-2.1462e-12,1.3480000000000002e-11,4.13e-12,1.3480000000000002e-11,2.1462e-12,-122204570450.93472
bot1,3.0,-2,-2.8588e-12,2.741e-11,5.8700000000000014e-12,2.741e-11,2.8588e-12,-145964092833.16318
bot1,3.1,-2,-3.5164e-12,4.577e-11,8.75e-12,4.577e-11,3.5164e-12,-182083029861.617
bot1,3.2,-2,-3.9572e-12,5.5050000000000006e-11,1.163e-11,5.5050000000000006e-11,3.9572e-12,-283286118980.17004
bot1,3.3000000000000003,-2,-4.2224e-12,6.159e-11,1.6910000000000003e-11,6.159e-11,4.2224e-12,-529661016949.15247
bot1,3.4,-2,-4.3348e-12,6.184e-11,2.223e-11,6.184e-11,4.3348e-12,22038081805.35963
bot1,3.5,-2,4.8528e-12,-2.385e-11,-3.694e-11,2.385e-11,4.8528e-12,23712978112.921223
bot1,3.6,-2,4.0994e-12,-1.32e-12,-1.4210000000000002e-11,1.32e-12,4.0994e-12,-31683670236.36021
bot1,3.7,-2,-1.4596e-12,8.800000000000002e-13,-1.2400000000000002e-12,8.800000000000002e-13,1.4596e-12,-45177320984.86563
bot1,3.8,-2,-3.276e-13,4e-13,-2.01e-12,4e-13,3.276e-13,80658170672.68904
bot1,3.9,-2,1.02e-12,-3.0800000000000002e-12,-2.830000000000001e-12,3.0800000000000002e-12,1.02e-12,85034013605.44206
bot1,4.0,-2,2.0244e-12,-1.475e-11,-4.28e-12,1.475e-11,2.0244e-12,102933607822.95406
bot1,4.1,-2,2.963e-12,-2.932e-11,-6.46e-12,2.932e-11,2.963e-12,128551227664.22432
bot1,4.2,-2,3.5802e-12,-4.601e-11,-8.980000000000003e-12,4.601e-11,3.5802e-12,183519911910.44244
bot1,4.3,-2,4.0528e-12,-5.696e-11,-1.293e-11,5.696e-11,4.0528e-12,318369945877.1096
bot1,4.4,-2,4.2084e-12,-6.098e-11,-1.722e-11,6.098e-11,4.2084e-12,611246943765.2823
bot1,4.5,-2,4.38e-12,-6.100000000000001e-11,-2.354e-11,6.100000000000001e-11,4.38e-12,-22080416878.270683
bot1,4.6000000000000005,-2,-4.8494e-12,2.291e-11,3.624e-11,2.291e-11,4.8494e-12,-23446658851.113743
bot1,4.7,-2,-4.15e-12,1.59e-12,1.437e-11,1.59e-12,4.15e-12,30754090294.008995
bot1,4.8,-2,1.6538e-12,-2.51e-12,3.800000000000001e-13,2.51e-12,1.6538e-12,44087822943.3031
bot1,4.9,-2,3.864e-13,-1.0500000000000002e-12,1.59e-12,1.0500000000000002e-12,3.864e-13,-84803256445.04756
bot1,5.0,-2,-7.046e-13,9.3e-13,2.34e-12,9.3e-13,7.046e-13,-91659028414.2985
bot1,0.0,-1,-4.2696e-12,6.06e-11,2.331e-11,6.06e-11,4.2696e-12,10878788538.108397
bot1,0.1,-1,4.9226e-12,-1.377e-11,-3.714e-11,1.377e-11,4.9226e-12,24691967702.90624
bot1,0.2,-1,3.8302e-12,-2.3000000000000003e-12,-1.036e-11,2.3000000000000003e-12,3.8302e-12,-33839802375.554127
bot1,0.3,-1,-9.876e-13,2.36e-12,-1.4800000000000006e-12,2.36e-12,9.876e-13,-52129489652.29632
bot1,0.4,-1,-6.4e-15,2e-13,-2.4300000000000003e-12,2e-13,6.4e-15,101255569056.29813
bot1,0.5,-1,9.876e-13,-3.91e-12,-3.0900000000000004e-12,3.91e-12,9.876e-13,105752961082.91032
bot1,0.6,-1,1.8848e-12,-1.232e-11,-4.11e-12,1.232e-11,1.8848e-12,115460108532.50208
bot1,0.7,-1,2.7198e-12,-2.513e-11,-5.28e-12,2.513e-11,2.7198e-12,138389150290.61728
bot1,0.8,-1,3.33e-12,-3.8660000000000005e-11,-7.8e-12,3.8660000000000005e-11,3.33e-12,182748538011.6959
bot1,0.9,-1,3.8142e-12,-5.2020000000000005e-11,-1.037e-11,5.2020000000000005e-11,3.8142e-12,271812992661.04907
bot1,1.0,-1,4.0658e-12,-5.93e-11,-1.48e-11,5.93e-11,4.0658e-12,540540540540.54034
bot1,1.1,-1,4.1842e-12,-6.116e-11,-1.983e-11,6.116e-11,4.1842e-12,664893617021.2771
bot1,1.2,-1,4.3666e-12,-5.986e-11,-2.462e-11,5.986e-11,4.3666e-12,-22075055187.637966
bot1,1.3,-1,-4.8758e-12,1.906e-11,3.682e-11,1.906e-11,4.8758e-12,-23668078862.03879
bot1,1.4,-1,-4.0836e-12,2.24e-12,1.219e-11,2.24e-12,4.0836e-12,32297655190.23318
bot1,1.5,-1,1.3166e-12,-3.110000000000001e-12,8.300000000000001e-13,3.110000000000001e-12,1.3166e-12,44537478287.979324
bot1,1.6,-1,4.07e-13,-1.21e-12,1.4e-12,1.21e-12,4.07e-13,-102564102564.10254
bot1,1.7,-1,-6.334e-13,9.5e-13,2.09e-12,9.5e-13,6.334e-13,-107469102632.99298
bot1,1.8,-1,-1.454e-12,6.09e-12,3.1e-12,6.09e-12,1.454e-12,-130821559392.98811
bot1,1.9,-1,-2.1622e-12,1.491e-11,4.37e-12,1.491e-11,2.1622e-12,-138370001383.69998
bot1,2.0,-1,-2.8994e-12,3.0430000000000005e-11,6.2e-12,3.0430000000000005e-11,2.8994e-12,-143163922691.4817
bot1,2.1,-1,-3.5592e-12,4.643e-11,8.690000000000003e-12,4.643e-11,3.5592e-12,-191938579654.51068
bot1,2.2,-1,-3.9414e-12,5.514e-11,1.111e-11,5.514e-11,3.9414e-12,-331345261762.7571
bot1,2.3000000000000003,-1,-4.1628e-12,5.957000000000001e-11,1.5250000000000002e-11,5.957000000000001e-11,4.1628e-12,-535331905781.5839
bot1,2.4,-1,-4.315e-12,6.095000000000001e-11,2.032e-11,6.095000000000001e-11,4.315e-12,22473425174.73085
bot1,2.5,-1,4.7366e-12,-3.223e-11,-3.548e-11,3.223e-11,4.7366e-12,-306278713629.40314
bot1,2.6,-1,-4.968e-12,1.0600000000000001e-12,3.3190000000000004e-11,1.0600000000000001e-12,4.968e-12,-27961860022.92876
bot1,2.7,-1,-2.416e-12,2.0500000000000004e-12,1.04e-12,2.0500000000000004e-12,2.416e-12,57867021584.39911
bot1,2.8000000000000003,-1,-1.5118e-12,1.2400000000000002e-12,-1.6e-12,1.2400000000000002e-12,1.5118e-12,91692646249.77066
bot1,2.9,-1,-2.348e-13,1.2000000000000001e-12,-2.070000000000001e-12,1.2000000000000001e-12,2.348e-13,80847279489.04509
bot1,3.0,-1,9.62e-13,-4.100000000000001e-12,-2.8600000000000003e-12,4.100000000000001e-12,9.62e-13,97040271712.76088
bot1,3.1,-1,1.8262e-12,-9.57e-12,-3.56e-12,9.57e-12,1.8262e-12,124285359184.68816
bot1,3.2,-1,2.5712e-12,-2.11e-11,-5.13e-12,2.11e-11,2.5712e-12,143000143000.14316
bot1,3.3000000000000003,-1,3.2248e-12,-3.785e-11,-7.560000000000003e-12,3.785e-11,3.2248e-12,178731009830.2053
bot1,3.4,-1,3.6902e-12,-5.055e-11,-9.94e-12,5.055e-11,3.6902e-12,267165375367.352
bot1,3.5,-1,3.9734e-12,-5.872e-11,-1.355e-11,5.872e-11,3.9734e-12,391849529780.5647
bot1,3.6,-1,4.2006e-12,-6.154e-11,-1.7930000000000003e-11,6.154e-11,4.2006e-12,449842555105.71344
bot1,3.7,-1,4.418e-12,-6.038e-11,-2.377e-11,6.038e-11,4.418e-12,-22023521120.55677
bot1,3.8,-1,-4.8806e-12,2.435e-11,3.599e-11,2.435e-11,4.8806e-12,-23083492994.159843
bot1,3.9,-1,-4.2462e-12,1.95e-12,1.517e-11,1.95e-12,4.2462e-12,29592803030.30299
bot1,4.0,-1,1.8778e-12,-1.86e-12,2.7e-13,1.86e-12,1.8778e-12,39939292275.740814
bot1,4.1,-1,7.614e-13,-1.83e-12,1.79e-12,1.83e-12,7.614e-13,-97570494682.40813
bot1,4.2,-1,-1.72e-13,-7.600000000000002e-13,1.8000000000000002e-12,7.600000000000002e-13,1.72e-13,-105797714769.36108
bot1,4.3,-1,-1.129e-12,2.8400000000000004e-12,2.54e-12,2.8400000000000004e-12,1.129e-12,-114495076711.70152
bot1,4.4,-1,-1.9188e-12,1.17e-11,3.75e-12,1.17e-11,1.9188e-12,-121462407384.91447
bot1,4.5,-1,-2.7756e-12,2.6580000000000003e-11,5.520000000000001e-12,2.6580000000000003e-11,2.7756e-12,-138927479855.51553
bot1,4.6000000000000005,-1,-3.3584e-12,3.897e-11,7.62e-12,3.897e-11,3.3584e-12,-188253012048.19305
bot1,4.7,-1,-3.838e-12,5.291e-11,1.088e-11,5.291e-11,3.838e-12,-272108843537.41385
bot1,4.8,-1,-4.0934e-12,5.966e-11,1.447e-11,5.966e-11,4.0934e-12,-505561172901.921
bot1,4.9,-1,-4.2336e-12,6.035e-11,2.058e-11,6.035e-11,4.2336e-12,22660835278.388386
bot1,5.0,-1,4.7324e-12,-2.96e-11,-3.5590000000000003e-11,2.96e-11,4.7324e-12,11153245594.467953
bot1,0.0,0,-4.972e-12,1.59e-12,2.916e-11,1.59e-12,4.972e-12,24379540689.453407
bot1,0.1,0,-8.702e-13,1.88e-12,-2.16e-12,1.88e-12,8.702e-13,38102495713.46924
bot1,0.2,0,2.77e-13,3.4e-13,-2.730000000000001e-12,3.4e-13,2.77e-13,86971647242.99878
bot1,0.3,0,1.4294e-12,-3.2700000000000004e-12,-3.33e-12,3.2700000000000004e-12,1.4294e-12,95401640908.22363
bot1,0.4,0,2.3734e-12,-1.192e-11,-4.5400000000000004e-12,1.192e-11,2.3734e-12,113791533909.87712
bot1,0.5,0,3.187e-12,-2.986e-11,-6.330000000000001e-12,2.986e-11,3.187e-12,147123731057.81964
bot1,0.6,0,3.7328e-12,-4.2380000000000006e-11,-8.35e-12,4.2380000000000006e-11,3.7328e-12,215285252960.1724
bot1,0.7,0,4.116e-12,-5.2460000000000005e-11,-1.117e-11,5.2460000000000005e-11,4.116e-12,287191269385.4107
bot1,0.8,0,4.4292e-12,-6.048000000000001e-11,-1.5920000000000002e-11,6.048000000000001e-11,4.4292e-12,395569620253.1646
bot1,0.9,0,4.6216e-12,-6.182e-11,-2.02e-11,6.182e-11,4.6216e-12,-22539274686.1406
bot1,1.0,0,-4.4442e-12,3.191e-11,3.4720000000000004e-11,3.191e-11,4.4442e-12,-22523537096.26561
bot1,1.1,0,-4.258e-12,7.3e-13,1.999e-11,7.3e-13,4.258e-12,27824151363.383408
bot1,1.2,0,2.7438e-12,-2.21e-12,-1.79e-12,2.21e-12,2.7438e-12,33878781719.009377
bot1,1.3,0,1.6454e-12,-2.23e-12,2.5e-13,2.23e-12,1.6454e-12,-103231134510.16837
bot1,1.4,0,8.064e-13,-5.500000000000001e-13,1.0100000000000001e-12,5.500000000000001e-13,8.064e-13,-107399849640.21048
bot1,1.5,0,-2.168e-13,7.600000000000002e-13,1.83e-12,7.600000000000002e-13,2.168e-13,-102259944779.6298
bot1,1.6,0,-1.1494e-12,6.51e-12,2.730000000000001e-12,6.51e-12,1.1494e-12,-115982370679.65668
bot1,1.7,0,-1.9412e-12,1.4560000000000003e-11,3.640000000000001e-12,1.4560000000000003e-11,1.9412e-12,-131682907558.59886
bot1,1.8,0,-2.6682e-12,2.8650000000000003e-11,5.24e-12,2.8650000000000003e-11,2.6682e-12,-149365197908.88733
bot1,1.9,0,-3.2802e-12,4.586e-11,8.780000000000001e-12,4.586e-11,3.2802e-12,-208724692131.07904
bot1,2.0,0,-3.6264e-12,5.5990000000000005e-11,1.22e-11,5.5990000000000005e-11,3.6264e-12,-343997248022.01605
bot1,2.1,0,-3.8616e-12,6.163000000000001e-11,1.7450000000000002e-11,6.163000000000001e-11,3.8616e-12,-458085203847.91614
bot1,2.2,0,-4.063e-12,5.952e-11,2.313e-11,5.952e-11,4.063e-12,22150847269.908096
bot1,2.3000000000000003,0,5.1674e-12,-2.2500000000000003e-11,-3.697e-11,2.2500000000000003e-11,5.1674e-12,23334500058.33622
bot1,2.4,0,4.508e-12,-2.39e-12,-1.276e-11,2.39e-12,4.508e-12,-31668619564.873127
bot1,2.5,0,-1.148e-12,2.6500000000000002e-12,-1.65e-12,2.6500000000000002e-12,1.148e-12,-47623583198.39989
bot1,2.6,0,3.084e-13,2.8e-13,-2.7000000000000002e-12,2.8e-13,3.084e-13,72186529993.50328
bot1,2.7,0,1.6226e-12,-3.590000000000001e-12,-3.340000000000001e-12,3.590000000000001e-12,1.6226e-12,92242413061.52576
bot1,2.8000000000000003,0,2.4766e-12,-1.6230000000000002e-11,-5.050000000000001e-12,1.6230000000000002e-11,2.4766e-12,120802126117.41953
bot1,2.9,0,3.2782e-12,-3.063e-11,-7.3e-12,3.063e-11,3.2782e-12,135832654170.06226
bot1,3.0,0,3.949e-12,-4.807e-11,-1.002e-11,4.807e-11,3.949e-12,192566917003.659
bot1,3.1,0,4.3168e-12,-5.794e-11,-1.425e-11,5.794e-11,4.3168e-12,344946533287.341
bot1,3.2,0,4.5288e-12,-6.113e-11,-1.808e-11,6.113e-11,4.5288e-12,464252553389.044
bot1,3.3000000000000003,0,4.7476e-12,-6.154e-11,-2.385e-11,6.154e-11,4.7476e-12,-21944261575.59795
bot1,3.4,0,-4.5852e-12,2.131e-11,3.656e-11,2.131e-11,4.5852e-12,-23665838362.32396
bot1,3.5,0,-3.7034e-12,1.98e-12,1.19e-11,1.98e-12,3.7034e-12,32970656116.056736
bot1,3.6,0,1.4808e-12,-3.010000000000001e-12,1.03e-12,3.010000000000001e-12,1.4808e-12,49818163702.48598
bot1,3.7,0,3.112e-13,-6.900000000000001e-13,1.5300000000000001e-12,6.900000000000001e-13,3.112e-13,-89397461112.1045
bot1,3.8,0,-7.564e-13,4.68e-12,2.49e-12,4.68e-12,7.564e-13,-98736176935.22893
bot1,3.9,0,-1.7144e-12,1.28e-11,3.6000000000000004e-12,1.28e-11,1.7144e-12,-112549240292.62788
bot1,4.0,0,-2.5334e-12,2.761e-11,5.38e-12,2.761e-11,2.5334e-12,-144592249855.40756
bot1,4.1,0,-3.0976e-12,3.941e-11,7.4e-12,3.941e-11,3.0976e-12,-195503421309.8731
bot1,4.2,0,-3.5564e-12,5.226e-11,1.048e-11,5.226e-11,3.5564e-12,-287356321839.0806
bot1,4.3,0,-3.7936e-12,5.87e-11,1.423e-11,5.87e-11,3.7936e-12,-463392029657.0909
bot1,4.4,0,-3.988e-12,6.166000000000001e-11,2.023e-11,6.166000000000001e-11,3.988e-12,22666999115.987057
bot1,4.5,0,5.0298e-12,-2.9070000000000003e-11,-3.5820000000000005e-11,2.9070000000000003e-11,5.0298e-12,22917382834.88028
bot1,4.6000000000000005,0,4.739e-12,-1.6700000000000006e-12,-1.7160000000000002e-11,1.6700000000000006e-12,4.739e-12,-29756591084.92533
bot1,4.7,0,-1.6914e-12,2.69e-12,-1.04e-12,2.69e-12,1.6914e-12,-40139686107.654495
bot1,4.8,0,-2.436e-13,1.2000000000000001e-12,-2.42e-12,1.2000000000000001e-12,2.436e-13,75976295395.83656
bot1,4.9,0,9.41e-13,-2.06e-12,-2.97e-12,2.06e-12,9.41e-13,83731055848.61433
bot1,5.0,0,2.145e-12,-8.76e-12,-4.22e-12,8.76e-12,2.145e-12,83056478405.31532
bot1,0.0,1,7.6258e-12,2.5500000000000002e-12,-1.7690000000000002e-11,2.5500000000000002e-12,7.6258e-12,2694010.9351304746
bot1,0.1,1,3.7127e-08,4.869e-11,-3.71286e-08,4.869e-11,3.7127e-08,3004032.574275284
bot1,0.2,1,6.65848e-08,-5.819e-11,-6.65956e-08,5.819e-11,6.65848e-08,3853876.4215986654
bot1,0.3,1,8.902279999999999e-08,-6.254000000000001e-11,-8.901079999999999e-08,6.254000000000001e-11,8.902279999999999e-08,5156154.127759188
bot1,0.4,1,1.053734e-07,-6.071e-11,-1.053846e-07,6.071e-11,1.053734e-07,7278762.028154248
bot1,0.5,1,1.165e-07,6.223e-11,-1.1652320000000001e-07,6.223e-11,1.165e-07,11070151.55037472
bot1,0.6,1,1.2344e-07,-5.613e-11,-1.2354e-07,5.613e-11,1.2344e-07,18518518.51851852
bot1,0.7,1,1.273e-07,5.495e-11,-1.2732e-07,5.495e-11,1.273e-07,35335689.045936495
bot1,0.8,1,1.291e-07,-1.632e-11,-1.2914e-07,1.632e-11,1.291e-07,71942446.04316607
bot1,0.9,1,1.3007999999999998e-07,-2.01e-12,-1.299e-07,2.01e-12,1.3007999999999998e-07,149253731.34328237
bot1,1.0,1,1.3044e-07,2.08e-12,-1.3052e-07,2.08e-12,1.3044e-07,238095238.0952308
bot1,1.1,1,1.3092e-07,4.0000000000000006e-14,-1.3108e-07,4.0000000000000006e-14,1.3092e-07,243902439.0243892
bot1,1.2,1,1.3126e-07,2.5140000000000003e-11,-1.3116e-07,2.5140000000000003e-11,1.3126e-07,454545454.54545856
bot1,1.3,1,1.3136e-07,-6.194000000000001e-11,-1.3138e-07,6.194000000000001e-11,1.3136e-07,1250000000.0000312
bot1,1.4,1,1.3142e-07,5.0530000000000005e-11,-1.315e-07,5.0530000000000005e-11,1.3142e-07,526315789.47371054
bot1,1.5,1,1.3174e-07,-1.693e-11,-1.3162e-07,1.693e-11,1.3174e-07,434782608.69565946
bot1,1.6,1,1.3188e-07,-1.5200000000000002e-12,-1.3188e-07,1.5200000000000002e-12,1.3188e-07,1111111111.1109948
bot1,1.7,1,1.3192e-07,1.55e-12,-1.3192e-07,1.55e-12,1.3192e-07,1428571428.571429
bot1,1.8,1,1.3202e-07,-1.27e-12,-1.3218e-07,1.27e-12,1.3202e-07,714285714.2857152
bot1,1.9,1,1.322e-07,3.8480000000000006e-11,-1.3218e-07,3.8480000000000006e-11,1.322e-07,666666666.6666164
bot1,2.0,1,1.3232e-07,-4.753e-11,-1.3226e-07,4.753e-11,1.3232e-07,625000000.0000149
bot1,2.1,1,1.3252e-07,1.5e-12,-1.3232e-07,1.5e-12,1.3252e-07,1666666666.666984
bot1,2.2,1,1.3244e-07,1.51e-12,-1.324e-07,1.51e-12,1.3244e-07,-1000000000.000058
bot1,2.3000000000000003,1,1.3232e-07,-2.350000000000001e-12,-1.3262e-07,2.350000000000001e-12,1.3232e-07,1666666666.6666129
bot1,2.4,1,1.3256e-07,4.1460000000000005e-11,-1.3246e-07,4.1460000000000005e-11,1.3256e-07,555555555.5555785
bot1,2.5,1,1.3268e-07,-6.286e-11,-1.3274e-07,6.286e-11,1.3268e-07,714285714.2857152
bot1,2.6,1,1.3284e-07,3.4980000000000005e-11,-1.3278e-07,3.4980000000000005e-11,1.3284e-07,2499999999.999649
bot1,2.7,1,1.3276e-07,-9.5e-13,-1.3288e-07,9.5e-13,1.3276e-07,4999999999.997644
bot1,2.8000000000000003,1,1.3288e-07,-2.49e-12,-1.3288e-07,2.49e-12,1.3288e-07,909090909.0909708
bot1,2.9,1,1.3298e-07,2.19e-12,-1.3302e-07,2.19e-12,1.3298e-07,-1666666666.6666129
bot1,3.0,1,1.3276e-07,-4.950000000000001e-12,-1.3288e-07,4.950000000000001e-12,1.3276e-07,
bot1,3.1,1,1.3298e-07,5.194e-11,-1.3282e-07,5.194e-11,1.3298e-07,909090909.0909728
bot1,3.2,1,1.3298e-07,-5.973000000000001e-11,-1.3298e-07,5.973000000000001e-11,1.3298e-07,1111111111.110996
bot1,3.3000000000000003,1,1.3316e-07,2.5720000000000003e-11,-1.3304e-07,2.5720000000000003e-11,1.3316e-07,4999999999.997632
bot1,3.4,1,1.3302e-07,-3.1000000000000004e-13,-1.3308e-07,3.1000000000000004e-13,1.3302e-07,-9999999999.988647
bot1,3.5,1,1.3314e-07,-2.4300000000000003e-12,-1.332e-07,2.4300000000000003e-12,1.3314e-07,909090909.0909728
bot1,3.6,1,1.3324e-07,1.8400000000000002e-12,-1.3314e-07,1.8400000000000002e-12,1.3324e-07,9999999999.98867
bot1,3.7,1,1.3316e-07,-6.229e-11,-1.3324e-07,6.229e-11,1.3316e-07,-1999999999.999852
bot1,3.8,1,1.3314e-07,5.3040000000000005e-11,-1.333e-07,5.3040000000000005e-11,1.3314e-07,1428571428.571427
bot1,3.9,1,1.333e-07,1.03e-12,-1.334e-07,1.03e-12,1.333e-07,588235294.1176203
bot1,4.0,1,1.3348e-07,-1.14e-12,-1.3342e-07,1.14e-12,1.3348e-07,909090909.0909708
bot1,4.1,1,1.3352e-07,1.2990000000000002e-11,-1.334e-07,1.2990000000000002e-11,1.3352e-07,10000000000.001904
bot1,4.2,1,1.335e-07,-5.728e-11,-1.3342e-07,5.728e-11,1.335e-07,1428571428.5714304
bot1,4.3,1,1.3366e-07,5.899000000000001e-11,-1.3342e-07,5.899000000000001e-11,1.3366e-07,909090909.0908632
bot1,4.4,1,1.3372e-07,-2.2570000000000003e-11,-1.3364e-07,2.2570000000000003e-11,1.3372e-07,2499999999.999649
bot1,4.5,1,1.3374e-07,-2.6100000000000004e-12,-1.337e-07,2.6100000000000004e-12,1.3374e-07,10000000000.001904
bot1,4.6000000000000005,1,1.3374e-07,2.09e-12,-1.3368e-07,2.09e-12,1.3374e-07,3333333333.333968
bot1,4.7,1,1.338e-07,-4.2000000000000003e-13,-1.3382e-07,4.2000000000000003e-13,1.338e-07,-10000000000.00186
bot1,4.8,1,1.3372e-07,2.378e-11,-1.337e-07,2.378e-11,1.3372e-07,3333333333.3324976
bot1,4.9,1,1.3386e-07,-4.906e-11,-1.337e-07,4.906e-11,1.3386e-07,1428571428.5714304
bot1,5.0,1,1.3386e-07,1.076e-11,-1.336e-07,1.076e-11,1.3386e-07,
bot1,0.0,2,3.34912e-11,-6.149e-11,-7.036e-11,6.149e-11,3.34912e-11,756850.3921599118
bot1,0.1,2,1.3216e-07,3.0540000000000005e-11,-1.3214e-07,3.0540000000000005e-11,1.3216e-07,787567.4327837027
bot1,0.2,2,2.5398e-07,-1.27e-12,-2.5412e-07,1.27e-12,2.5398e-07,856898.0291345329
bot1,0.3,2,3.6556e-07,-2.8600000000000003e-12,-3.6554e-07,2.8600000000000003e-12,3.6556e-07,937470.7040404988
bot1,0.4,2,4.6732e-07,1.02e-12,-4.6728e-07,1.02e-12,4.6732e-07,1031353.1353135316
bot1,0.5,2,5.5948e-07,-3.5640000000000006e-11,-5.5952e-07,3.5640000000000006e-11,5.5948e-07,1142074.0063956138
bot1,0.6,2,6.4244e-07,6.129e-11,-6.4218e-07,6.129e-11,6.4244e-07,1274209.9898063203
bot1,0.7,2,7.1644e-07,-9.22e-12,-7.1658e-07,9.22e-12,7.1644e-07,1430205.9496567517
bot1,0.8,2,7.8228e-07,-1.98e-12,-7.8198e-07,1.98e-12,7.8228e-07,1619695.4972465166
bot1,0.9,2,8.3992e-07,3.763e-11,-8.3972e-07,3.763e-11,8.3992e-07,1856320.7722294407
bot1,1.0,2,8.9002e-07,-5.087e-11,-8.8996e-07,5.087e-11,8.9002e-07,2145002.1450021467
bot1,1.1,2,9.3316e-07,3.8880000000000006e-11,-9.3302e-07,3.8880000000000006e-11,9.3316e-07,2527167.0457417243
bot1,1.2,2,9.6916e-07,2.4000000000000004e-13,-9.6914e-07,2.4000000000000004e-13,9.6916e-07,3029385.034837927
bot1,1.3,2,9.9918e-07,-1.21e-12,-9.9938e-07,1.21e-12,9.9918e-07,3691399.040236244
bot1,1.4,2,1.02334e-06,-6.000000000000001e-14,-1.02334e-06,6.000000000000001e-14,1.02334e-06,4679457.182966766
bot1,1.5,2,1.04192e-06,-3.835e-11,-1.04164e-06,3.835e-11,1.04192e-06,6169031.462060451
bot1,1.6,2,1.05576e-06,6.144000000000001e-11,-1.05536e-06,6.144000000000001e-11,1.05576e-06,8650519.03114188
bot1,1.7,2,1.06504e-06,-3.843e-11,-1.06502e-06,3.843e-11,1.06504e-06,12406947.890818968
bot1,1.8,2,1.07188e-06,-2.04e-12,-1.07168e-06,2.04e-12,1.07188e-06,18315018.31501852
bot1,1.9,2,1.07596e-06,1.41e-12,-1.076e-06,1.41e-12,1.07596e-06,24813895.78163728
bot1,2.0,2,1.07994e-06,-5.050000000000001e-12,-1.07964e-06,5.050000000000001e-12,1.07994e-06,31446540.88050308
bot1,2.1,2,1.08232e-06,4.783e-11,-1.08242e-06,4.783e-11,1.08232e-06,40485829.95951429
bot1,2.2,2,1.08488e-06,-6.008e-11,-1.08492e-06,6.008e-11,1.08488e-06,41666666.666665405
bot1,2.3000000000000003,2,1.08712e-06,3.558e-11,-1.08694e-06,3.558e-11,1.08712e-06,54054054.0540561
bot1,2.4,2,1.08858e-06,-4.58e-12,-1.08848e-06,4.58e-12,1.08858e-06,63694267.51592642
bot1,2.5,2,1.09026e-06,-2.5500000000000002e-12,-1.09036e-06,2.5500000000000002e-12,1.09026e-06,60240963.85541874
bot1,2.6,2,1.0919e-06,1.45e-12,-1.09178e-06,1.45e-12,1.0919e-06,67114093.95972942
bot1,2.7,2,1.09324e-06,-1.4700000000000002e-12,-1.09324e-06,1.4700000000000002e-12,1.09324e-06,73529411.76470844
bot1,2.8000000000000003,2,1.09462e-06,3.175e-11,-1.09474e-06,3.175e-11,1.09462e-06,85470085.47008513
bot1,2.9,2,1.09558e-06,-6.236e-11,-1.09598e-06,6.236e-11,1.09558e-06,95238095.23809756
bot1,3.0,2,1.09672e-06,5.7300000000000005e-11,-1.09696e-06,5.7300000000000005e-11,1.09672e-06,76923076.9230775
bot1,3.1,2,1.09818e-06,-1.037e-11,-1.09824e-06,1.037e-11,1.09818e-06,76923076.9230775
bot1,3.2,2,1.09932e-06,-1.88e-12,-1.09906e-06,1.88e-12,1.09932e-06,121951219.51219869
bot1,3.3000000000000003,2,1.09982e-06,1.36e-12,-1.10028e-06,1.36e-12,1.09982e-06,107526881.72042434
bot1,3.4,2,1.10118e-06,-1.236e-11,-1.10106e-06,1.236e-11,1.10118e-06,101010101.01009975
bot1,3.5,2,1.1018e-06,5.7200000000000007e-11,-1.102e-06,5.7200000000000007e-11,1.1018e-06,135135135.1351367
bot1,3.6,2,1.10266e-06,-5.6360000000000006e-11,-1.1024e-06,5.6360000000000006e-11,1.10266e-06,123456790.12345408
bot1,3.7,2,1.10342e-06,1.755e-11,-1.1025e-06,1.755e-11,1.10342e-06,142857142.85715386
bot1,3.8,2,1.10406e-06,1.2000000000000001e-12,-1.10424e-06,1.2000000000000001e-12,1.10406e-06,161290322.58065486
bot1,3.9,2,1.10466e-06,-1.5300000000000001e-12,-1.10466e-06,1.5300000000000001e-12,1.10466e-06,128205128.20512187
bot1,4.0,2,1.10562e-06,1.3400000000000006e-12,-1.1055e-06,1.3400000000000006e-12,1.10562e-06,116279069.7674387
bot1,4.1,2,1.10638e-06,-1.686e-11,-1.10616e-06,1.686e-11,1.10638e-06,169491525.4237345
bot1,4.2,2,1.1068e-06,5.967e-11,-1.10706e-06,5.967e-11,1.1068e-06,156250000.0000039
bot1,4.3,2,1.10766e-06,-5.492e-11,-1.10794e-06,5.492e-11,1.10766e-06,104166666.66666351
bot1,4.4,2,1.10872e-06,1.458e-11,-1.10734e-06,1.458e-11,1.10872e-06,123456790.12345408
bot1,4.5,2,1.10928e-06,2.2200000000000002e-12,-1.109e-06,2.2200000000000002e-12,1.10928e-06,204081632.6530725
bot1,4.6000000000000005,2,1.1097e-06,-1.6600000000000002e-12,-1.11e-06,1.6600000000000002e-12,1.1097e-06,156250000.0000039
bot1,4.7,2,1.11056e-06,1.26e-12,-1.1101e-06,1.26e-12,1.11056e-06,178571428.57142803
bot1,4.8,2,1.11082e-06,-6.119000000000001e-11,-1.111e-06,6.119000000000001e-11,1.11082e-06,123456790.12345408
bot1,4.9,2,1.11218e-06,6.158000000000001e-11,-1.1117e-06,6.158000000000001e-11,1.11218e-06,138888888.88889492
bot1,5.0,2,1.11226e-06,-1.788e-11,-1.1126e-06,1.788e-11,1.11226e-06,1250000000.0018868
bot1,0.0,3,1.5935000000000002e-10,6.176e-11,-8.957e-11,6.176e-11,1.5935000000000002e-10,406536.04257082817
bot1,0.1,3,2.4614e-07,-6.066e-11,-2.462e-07,6.066e-11,2.4614e-07,416163.2391982491
bot1,0.2,3,4.8074e-07,5.1000000000000005e-11,-4.806e-07,5.1000000000000005e-11,4.8074e-07,438020.1489268506
bot1,0.3,3,7.0274e-07,-8.980000000000003e-12,-7.0294e-07,8.980000000000003e-12,7.0274e-07,462085.8555519615
bot1,0.4,3,9.1356e-07,-2.400000000000001e-12,-9.1368e-07,2.400000000000001e-12,9.1356e-07,487448.2086278333
bot1,0.5,3,1.11304e-06,1.2800000000000002e-12,-1.1131e-06,1.2800000000000002e-12,1.11304e-06,517544.7676223992
bot1,0.6,3,1.3e-06,-5.874000000000001e-11,-1.3001e-06,5.874000000000001e-11,1.3e-06,549964.2523235988
bot1,0.7,3,1.4767000000000002e-06,-5.426e-11,-1.4771000000000002e-06,5.426e-11,1.4767000000000002e-06,584112.1495327103
bot1,0.8,3,1.6424e-06,2.904e-11,-1.6429000000000002e-06,2.904e-11,1.6424e-06,622277.5357809581
bot1,0.9,3,1.7981000000000002e-06,1.7600000000000002e-12,-1.7985000000000002e-06,1.7600000000000002e-12,1.7981000000000002e-06,666444.5184938355
bot1,1.0,3,1.9425e-06,-1.04e-12,-1.9431e-06,1.04e-12,1.9425e-06,715563.5062611809
bot1,1.1,3,2.0776e-06,6.111000000000001e-11,-2.0780000000000003e-06,6.111000000000001e-11,2.0776e-06,770119.368502117
bot1,1.2,3,2.2022000000000003e-06,-1.732e-11,-2.2027e-06,1.732e-11,2.2022000000000003e-06,832639.4671107414
bot1,1.3,3,2.3178e-06,-2.0200000000000007e-12,-2.3177000000000003e-06,2.0200000000000007e-12,2.3178e-06,904159.1320072336
bot1,1.4,3,2.4234000000000004e-06,5.55e-12,-2.4237e-06,5.55e-12,2.4234000000000004e-06,986679.8223976308
bot1,1.5,3,2.5205000000000003e-06,-6.201e-11,-2.5206e-06,6.201e-11,2.5205000000000003e-06,1080497.0286331726
bot1,1.6,3,2.6085e-06,5.14e-12,-2.6095e-06,5.14e-12,2.6085e-06,1186943.62017804
bot1,1.7,3,2.6890000000000004e-06,1.6800000000000001e-12,-2.6895000000000003e-06,1.6800000000000001e-12,2.6890000000000004e-06,1310615.9895150715
bot1,1.8,3,2.7611e-06,-2.1150000000000003e-11,-2.7612000000000003e-06,2.1150000000000003e-11,2.7611e-06,1457725.9475218705
bot1,1.9,3,2.8262e-06,5.597e-11,-2.8267000000000004e-06,5.597e-11,2.8262e-06,1639344.262295078
bot1,2.0,3,2.8831000000000004e-06,-4.9e-13,-2.8833000000000004e-06,4.9e-13,2.8831000000000004e-06,1881467.5446848515
bot1,2.1,3,2.9325000000000003e-06,-5.9e-13,-2.9326e-06,5.9e-13,2.9325000000000003e-06,2155172.4137931108
bot1,2.2,3,2.9759e-06,6.202000000000001e-11,-2.9770000000000005e-06,6.202000000000001e-11,2.9759e-06,2503128.9111389304
bot1,2.3000000000000003,3,3.0124e-06,1.9e-12,-3.0132e-06,1.9e-12,3.0124e-06,2971768.2020802256
bot1,2.4,3,3.0432000000000004e-06,-1.2900000000000002e-12,-3.0439e-06,1.2900000000000002e-12,3.0432000000000004e-06,3610108.30324907
bot1,2.5,3,3.0678000000000005e-06,4.577e-11,-3.0683000000000003e-06,4.577e-11,3.0678000000000005e-06,4524886.877828064
bot1,2.6,3,3.0874000000000003e-06,-3.8810000000000006e-11,-3.0883e-06,3.8810000000000006e-11,3.0874000000000003e-06,5649717.514124348
bot1,2.7,3,3.1032e-06,-2.6100000000000004e-12,-3.1032e-06,2.6100000000000004e-12,3.1032e-06,7272727.272727237
bot1,2.8000000000000003,3,3.1149000000000004e-06,3.780000000000001e-12,-3.115e-06,3.780000000000001e-12,3.1149000000000004e-06,9661835.748792224
bot1,2.9,3,3.1239000000000003e-06,-4.1870000000000006e-11,-3.1246e-06,4.1870000000000006e-11,3.1239000000000003e-06,11834319.526627352
bot1,3.0,3,3.1318e-06,-1.1900000000000002e-12,-3.1328000000000003e-06,1.1900000000000002e-12,3.1318e-06,13333333.333333474
bot1,3.1,3,3.1389e-06,2.24e-11,-3.1398000000000004e-06,2.24e-11,3.1389e-06,15748031.496063136
bot1,3.2,3,3.1445e-06,-5.5190000000000005e-11,-3.1450000000000004e-06,5.5190000000000005e-11,3.1445e-06,18348623.85321072
bot1,3.3000000000000003,3,3.1498000000000003e-06,-2.4000000000000004e-13,-3.1503e-06,2.4000000000000004e-13,3.1498000000000003e-06,20833333.333332658
bot1,3.4,3,3.1541000000000004e-06,1.88e-12,-3.1542e-06,1.88e-12,3.1541000000000004e-06,23255813.953488883
bot1,3.5,3,3.1584e-06,-6.126e-11,-3.1592e-06,6.126e-11,3.1584e-06,23809523.809524443
bot1,3.6,3,3.1625e-06,-1.6e-12,-3.1630000000000005e-06,1.6e-12,3.1625e-06,26315789.47368372
bot1,3.7,3,3.1660000000000003e-06,1.3500000000000001e-12,-3.1666000000000003e-06,1.3500000000000001e-12,3.1660000000000003e-06,28571428.57142818
bot1,3.8,3,3.1695000000000003e-06,-5.2610000000000006e-11,-3.1703000000000004e-06,5.2610000000000006e-11,3.1695000000000003e-06,27777777.777777288
bot1,3.9,3,3.1732000000000004e-06,3.158e-11,-3.1734000000000004e-06,3.158e-11,3.1732000000000004e-06,31249999.99999968
bot1,4.0,3,3.1759000000000004e-06,2.74e-12,-3.1761000000000004e-06,2.74e-12,3.1759000000000004e-06,39215686.27451169
bot1,4.1,3,3.1783e-06,-1.0500000000000002e-12,-3.1794000000000004e-06,1.0500000000000002e-12,3.1783e-06,34482758.620689616
bot1,4.2,3,3.1817000000000004e-06,4.8960000000000005e-11,-3.1819000000000004e-06,4.8960000000000005e-11,3.1817000000000004e-06,32258064.51612884
bot1,4.3,3,3.1845e-06,2.18e-12,-3.1854000000000005e-06,2.18e-12,3.1845e-06,35714285.71428576
bot1,4.4,3,3.1873000000000004e-06,-8.2e-13,-3.1879000000000004e-06,8.2e-13,3.1873000000000004e-06,35714285.71428576
bot1,4.5,3,3.1901e-06,6.184e-11,-3.1907e-06,6.184e-11,3.1901e-06,40816326.5306145
bot1,4.6000000000000005,3,3.1922e-06,-7.72e-12,-3.1926e-06,7.72e-12,3.1922e-06,48780487.80487695
bot1,4.7,3,3.1942000000000003e-06,-3.0000000000000014e-13,-3.1955e-06,3.0000000000000014e-13,3.1942000000000003e-06,45454545.45454188
bot1,4.8,3,3.1966000000000004e-06,4.29e-11,-3.1969000000000003e-06,4.29e-11,3.1966000000000004e-06,42553191.48936046
bot1,4.9,3,3.1989000000000004e-06,-4.2920000000000005e-11,-3.1994e-06,4.2920000000000005e-11,3.1989000000000004e-06,43478260.869566
bot1,5.0,3,3.2012000000000004e-06,-1.88e-12,-3.2018000000000004e-06,1.88e-12,3.2012000000000004e-06,43478260.8695658
bot1,0.0,4,2.0173e-10,6.55e-12,-1.6594000000000002e-10,6.55e-12,2.0173e-10,267552.60826737026
bot1,0.1,4,3.7396e-07,-4.5620000000000006e-11,-3.7402e-07,4.5620000000000006e-11,3.7396e-07,272065.06512210617
bot1,0.2,4,7.3532e-07,5.874000000000001e-11,-7.351e-07,5.874000000000001e-11,7.3532e-07,282278.55247558287
bot1,0.3,4,1.08248e-06,-2.6e-11,-1.0829e-06,2.6e-11,1.08248e-06,293565.0540159699
bot1,0.4,4,1.4166e-06,-1.36e-12,-1.4173000000000002e-06,1.36e-12,1.4166e-06,304915.2335650688
bot1,0.5,4,1.7384000000000002e-06,-1.5700000000000002e-12,-1.7391000000000002e-06,1.5700000000000002e-12,1.7384000000000002e-06,316957.2107765451
bot1,0.6,4,2.0476e-06,6.070000000000001e-11,-2.0478e-06,6.070000000000001e-11,2.0476e-06,330250.99075297225
bot1,0.7,4,2.3440000000000003e-06,-1.63e-11,-2.3446000000000004e-06,1.63e-11,2.3440000000000003e-06,344887.04949129163
bot1,0.8,4,2.6275000000000003e-06,-2.26e-12,-2.6282e-06,2.26e-12,2.6275000000000003e-06,360100.828231905
bot1,0.9,4,2.8994e-06,4.33e-12,-2.9e-06,4.33e-12,2.8994e-06,376293.5089369709
bot1,1.0,4,3.159e-06,-6.242e-11,-3.1596e-06,6.242e-11,3.159e-06,393855.8487593543
bot1,1.1,4,3.4072e-06,-3.6000000000000004e-12,-3.4076e-06,3.6000000000000004e-12,3.4072e-06,413052.4576621226
bot1,1.2,4,3.643200000000001e-06,1.2000000000000001e-12,-3.643400000000001e-06,1.2000000000000001e-12,3.643200000000001e-06,434971.7268377552
bot1,1.3,4,3.867e-06,-5.956e-11,-3.8673e-06,5.956e-11,3.867e-06,457247.3708276184
bot1,1.4,4,4.0806e-06,2.3830000000000003e-11,-4.080700000000001e-06,2.3830000000000003e-11,4.0806e-06,482043.8659918051
bot1,1.5,4,4.2819000000000005e-06,9.5e-13,-4.2815e-06,9.5e-13,4.2819000000000005e-06,509943.9061703208
bot1,1.6,4,4.472800000000001e-06,-5.833000000000001e-11,-4.4731e-06,5.833000000000001e-11,4.472800000000001e-06,539083.5579514819
bot1,1.7,4,4.652900000000001e-06,1.08e-12,-4.653700000000001e-06,1.08e-12,4.652900000000001e-06,570125.4275940704
bot1,1.8,4,4.823600000000001e-06,2e-12,-4.823200000000001e-06,2e-12,4.823600000000001e-06,607348.9219556649
bot1,1.9,4,4.9822e-06,-4.009e-11,-4.9826e-06,4.009e-11,4.9822e-06,646830.5304010358
bot1,2.0,4,5.1328e-06,-8.100000000000002e-13,-5.132600000000001e-06,8.100000000000002e-13,5.1328e-06,690369.3476009665
bot1,2.1,4,5.2719e-06,1.8100000000000002e-12,-5.2720000000000005e-06,1.8100000000000002e-12,5.2719e-06,740740.7407407416
bot1,2.2,4,5.4028e-06,-3.518e-11,-5.403100000000001e-06,3.518e-11,5.4028e-06,793021.4115781136
bot1,2.3000000000000003,4,5.5241e-06,1.0850000000000002e-11,-5.5241e-06,1.0850000000000002e-11,5.5241e-06,855066.2676357391
bot1,2.4,4,5.636700000000001e-06,1e-12,-5.6359000000000005e-06,1e-12,5.636700000000001e-06,930232.5581395316
bot1,2.5,4,5.739100000000001e-06,-5.986e-11,-5.7393e-06,5.986e-11,5.739100000000001e-06,1011122.345803843
bot1,2.6,4,5.834500000000001e-06,1.2060000000000002e-11,-5.835000000000001e-06,1.2060000000000002e-11,5.834500000000001e-06,1094091.9037199125
bot1,2.7,4,5.921900000000001e-06,1.6200000000000004e-12,-5.921800000000001e-06,1.6200000000000004e-12,5.921900000000001e-06,1207000.603500303
bot1,2.8000000000000003,4,6.000200000000001e-06,-5.5040000000000005e-11,-6.0008e-06,5.5040000000000005e-11,6.000200000000001e-06,1329787.2340425565
bot1,2.9,4,6.0723e-06,-3.5200000000000003e-12,-6.072900000000001e-06,3.5200000000000003e-12,6.0723e-06,1479289.9408284004
bot1,3.0,4,6.135400000000001e-06,6.200000000000001e-13,-6.1361e-06,6.200000000000001e-13,6.135400000000001e-06,1659751.0373444003
bot1,3.1,4,6.1928e-06,-5.965000000000001e-11,-6.193400000000001e-06,5.965000000000001e-11,6.1928e-06,1860465.1162790672
bot1,3.2,4,6.242900000000001e-06,2.096e-11,-6.243200000000001e-06,2.096e-11,6.242900000000001e-06,2129925.452609159
bot1,3.3000000000000003,4,6.2867e-06,1.7600000000000002e-12,-6.2864000000000005e-06,1.7600000000000002e-12,6.2867e-06,2496878.901373297
bot1,3.4,4,6.323e-06,-4.2120000000000006e-11,-6.3235000000000005e-06,4.2120000000000006e-11,6.323e-06,2954209.748892158
bot1,3.5,4,6.3544000000000005e-06,1.879e-11,-6.3548000000000005e-06,1.879e-11,6.3544000000000005e-06,3466204.506065842
bot1,3.6,4,6.380700000000001e-06,2.67e-12,-6.381100000000001e-06,2.67e-12,6.380700000000001e-06,4219409.282700448
bot1,3.7,4,6.4018e-06,-4.6340000000000005e-11,-6.402400000000001e-06,4.6340000000000005e-11,6.4018e-06,4962779.156327514
bot1,3.8,4,6.421000000000001e-06,3.2860000000000003e-11,-6.4212000000000005e-06,3.2860000000000003e-11,6.421000000000001e-06,5813953.488372078
bot1,3.9,4,6.4362e-06,2.9800000000000002e-12,-6.437500000000001e-06,2.9800000000000002e-12,6.4362e-06,6872852.2336771
bot1,4.0,4,6.4501e-06,-1.27e-12,-6.450300000000001e-06,1.27e-12,6.4501e-06,7968127.490039837
bot1,4.1,4,6.4613e-06,5.2320000000000006e-11,-6.461600000000001e-06,5.2320000000000006e-11,6.4613e-06,9174311.92660536
bot1,4.2,4,6.471900000000001e-06,2.6e-13,-6.472400000000001e-06,2.6e-13,6.471900000000001e-06,9999999.99999968
bot1,4.3,4,6.481300000000001e-06,-1.08e-12,-6.482100000000001e-06,1.08e-12,6.481300000000001e-06,10695187.165775212
bot1,4.4,4,6.490600000000001e-06,6.249000000000001e-11,-6.4907e-06,6.249000000000001e-11,6.490600000000001e-06,11299435.028248696
bot1,4.5,4,6.499000000000001e-06,-8.780000000000001e-12,-6.499000000000001e-06,8.780000000000001e-12,6.499000000000001e-06,12987012.987013094
bot1,4.6000000000000005,4,6.506000000000001e-06,-1.69e-12,-6.5065e-06,1.69e-12,6.506000000000001e-06,14084507.042253736
bot1,4.7,4,6.513200000000001e-06,5.6970000000000005e-11,-6.5139e-06,5.6970000000000005e-11,6.513200000000001e-06,13793103.448276186
bot1,4.8,4,6.5205000000000005e-06,-1.91e-12,-6.5216e-06,1.91e-12,6.5205000000000005e-06,15503875.96899186
bot1,4.9,4,6.526100000000001e-06,-7.200000000000003e-13,-6.5263000000000005e-06,7.200000000000003e-13,6.526100000000001e-06,17241379.310344808
bot1,5.0,4,6.5321000000000005e-06,5.689e-11,-6.533100000000001e-06,5.689e-11,6.5321000000000005e-06,16666666.666667707
bot1,0.0,5,1.2599000000000002e-10,-2.4210000000000003e-11,-1.3621e-10,2.4210000000000003e-11,1.2599000000000002e-10,194842.8943748292
bot1,0.1,5,5.1336e-07,5.797000000000001e-11,-5.129e-07,5.797000000000001e-11,5.1336e-07,197590.5785097464
bot1,0.2,5,1.01232e-06,-5.3620000000000005e-11,-1.01258e-06,5.3620000000000005e-11,1.01232e-06,203595.4964676181
bot1,0.3,5,1.4957e-06,-1.8400000000000002e-12,-1.4964000000000002e-06,1.8400000000000002e-12,1.4957e-06,209691.96250707709
bot1,0.4,5,1.9661e-06,-2.6500000000000002e-12,-1.9666000000000004e-06,2.6500000000000002e-12,1.9661e-06,215679.93098242208
bot1,0.5,5,2.4230000000000003e-06,1.817e-11,-2.4232000000000004e-06,1.817e-11,2.4230000000000003e-06,222469.41045606212
bot1,0.6,5,2.8651000000000003e-06,-5.7560000000000006e-11,-2.8655000000000003e-06,5.7560000000000006e-11,2.8651000000000003e-06,229700.24118525328
bot1,0.7,5,3.2937000000000003e-06,-3.2000000000000005e-13,-3.2937000000000003e-06,3.2000000000000005e-13,3.2937000000000003e-06,237416.9040835708
bot1,0.8,5,3.707500000000001e-06,2.41e-12,-3.7082e-06,2.41e-12,3.707500000000001e-06,245158.12699190967
bot1,0.9,5,4.1095e-06,-3.603e-11,-4.1100000000000005e-06,3.603e-11,4.1095e-06,253132.5148715351
bot1,1.0,5,4.497600000000001e-06,4.519e-11,-4.4978e-06,4.519e-11,4.497600000000001e-06,262329.4858342077
bot1,1.1,5,4.871900000000001e-06,2.9900000000000004e-12,-4.8732e-06,2.9900000000000004e-12,4.871900000000001e-06,271444.0825190012
bot1,1.2,5,5.2344e-06,-7e-13,-5.234e-06,7e-13,5.2344e-06,281096.27547435
bot1,1.3,5,5.583400000000001e-06,5.644000000000001e-11,-5.582300000000001e-06,5.644000000000001e-11,5.583400000000001e-06,292740.0468384075
bot1,1.4,5,5.917600000000001e-06,-2.628e-11,-5.9197e-06,2.628e-11,5.917600000000001e-06,303490.1365705614
bot1,1.5,5,6.2424000000000006e-06,-1.98e-12,-6.2424000000000006e-06,1.98e-12,6.2424000000000006e-06,314514.860827174
bot1,1.6,5,6.553500000000001e-06,6.900000000000001e-13,-6.553400000000001e-06,6.900000000000001e-13,6.553500000000001e-06,328083.98950131226
bot1,1.7,5,6.852000000000001e-06,-6.182e-11,-6.854100000000001e-06,6.182e-11,6.852000000000001e-06,340657.468915006
bot1,1.8,5,7.140600000000001e-06,1.479e-11,-7.139800000000001e-06,1.479e-11,7.140600000000001e-06,355429.1807357389
bot1,1.9,5,7.4147e-06,2.85e-12,-7.415400000000001e-06,2.85e-12,7.4147e-06,372300.8190618016
bot1,2.0,5,7.677800000000001e-06,-4.660000000000001e-12,-7.677900000000001e-06,4.660000000000001e-12,7.677800000000001e-06,388878.0867198124
bot1,2.1,5,7.929000000000002e-06,4.7030000000000005e-11,-7.928800000000001e-06,4.7030000000000005e-11,7.929000000000002e-06,407581.0067250868
bot1,2.2,5,8.168500000000001e-06,2.54e-12,-8.1697e-06,2.54e-12,8.168500000000001e-06,427259.13266396127
bot1,2.3000000000000003,5,8.397100000000001e-06,-1.07e-12,-8.3984e-06,1.07e-12,8.397100000000001e-06,447327.2198613285
bot1,2.4,5,8.615600000000001e-06,5.1800000000000005e-11,-8.6154e-06,5.1800000000000005e-11,8.615600000000001e-06,469924.8120300748
bot1,2.5,5,8.822700000000001e-06,-4.57e-12,-8.8224e-06,4.57e-12,8.822700000000001e-06,495294.70034670737
bot1,2.6,5,9.0194e-06,-1.9700000000000003e-12,-9.0197e-06,1.9700000000000003e-12,9.0194e-06,523560.2094240855
bot1,2.7,5,9.2047e-06,2.2100000000000003e-11,-9.2062e-06,2.2100000000000003e-11,9.2047e-06,553556.6011624676
bot1,2.8000000000000003,5,9.3807e-06,-5.5300000000000005e-11,-9.3815e-06,5.5300000000000005e-11,9.3807e-06,583771.1617046098
bot1,2.9,5,9.5473e-06,-1.9400000000000002e-12,-9.547e-06,1.9400000000000002e-12,9.5473e-06,618811.8811881201
bot1,3.0,5,9.7039e-06,4.432e-11,-9.7022e-06,4.432e-11,9.7039e-06,660501.9815059453
bot1,3.1,5,9.8501e-06,-1.0340000000000002e-11,-9.8504e-06,1.0340000000000002e-11,9.8501e-06,702740.688685874
bot1,3.2,5,9.9885e-06,-1.3300000000000002e-12,-9.9889e-06,1.3300000000000002e-12,9.9885e-06,751597.1439308517
bot1,3.3000000000000003,5,1.0116200000000002e-05,4.0770000000000005e-11,-1.01159e-05,4.0770000000000005e-11,1.0116200000000002e-05,811030.008110298
bot1,3.4,5,1.02351e-05,-3.215e-11,-1.02357e-05,3.215e-11,1.02351e-05,870322.0191470869
bot1,3.5,5,1.0346e-05,-2.5300000000000003e-12,-1.03459e-05,2.5300000000000003e-12,1.0346e-05,939408.172851108
bot1,3.6,5,1.0448e-05,1.3900000000000001e-12,-1.04484e-05,1.3900000000000001e-12,1.0448e-05,1017811.7048346036
bot1,3.7,5,1.05425e-05,-6.259e-11,-1.05421e-05,6.259e-11,1.05425e-05,1104972.375690606
bot1,3.8,5,1.0629e-05,1.292e-11,-1.0630800000000002e-05,1.292e-11,1.0629e-05,1209921.3551119163
bot1,3.9,5,1.07078e-05,2.39e-12,-1.0708100000000002e-05,2.39e-12,1.07078e-05,1328903.6544850513
bot1,4.0,5,1.07795e-05,-9.33e-12,-1.07802e-05,9.33e-12,1.07795e-05,1469507.7149154984
bot1,4.1,5,1.08439e-05,6.051e-11,-1.08427e-05,6.051e-11,1.08439e-05,1657000.8285004103
bot1,4.2,5,1.09002e-05,-4.32e-12,-1.09006e-05,4.32e-12,1.09002e-05,1879699.248120311
bot1,4.3,5,1.09503e-05,-1.91e-12,-1.0951e-05,1.91e-12,1.09503e-05,2116402.1164021064
bot1,4.4,5,1.0994700000000002e-05,5.5780000000000007e-11,-1.09951e-05,5.5780000000000007e-11,1.0994700000000002e-05,2392344.4976076474
bot1,4.5,5,1.10339e-05,-2.1000000000000003e-12,-1.1034e-05,2.1000000000000003e-12,1.10339e-05,2793296.089385499
bot1,4.6000000000000005,5,1.10663e-05,-1.1000000000000002e-12,-1.10667e-05,1.1000000000000002e-12,1.10663e-05,3220611.91626406
bot1,4.7,5,1.1096000000000002e-05,9.51e-12,-1.1097500000000002e-05,9.51e-12,1.1096000000000002e-05,3610108.303249117
bot1,4.8,5,1.11217e-05,-5.966e-11,-1.11228e-05,5.966e-11,1.11217e-05,4024144.8692153874
bot1,4.9,5,1.11457e-05,3.4500000000000004e-12,-1.1145400000000002e-05,3.4500000000000004e-12,1.11457e-05,4494382.022471812
bot1,5.0,5,1.1166200000000002e-05,1.3400000000000006e-12,-1.11656e-05,1.3400000000000006e-12,1.1166200000000002e-05,4878048.780487572
bot2,0.0,-5,4.1102e-12,-5.888000000000001e-11,2.4010000000000003e-11,5.888000000000001e-11,4.1102e-12,-62437562437.56244
bot2,0.1,-5,2.5086e-12,-2.780000000000001e-12,-1.93e-12,2.780000000000001e-12,2.5086e-12,-57927359091.699005
bot2,0.2,-5,6.576e-13,-2.3300000000000004e-12,-2.8600000000000003e-12,2.3300000000000004e-12,6.576e-13,-219538968166.8496
bot2,0.3,-5,1.5976e-12,-6.840000000000001e-12,-3.56e-12,6.840000000000001e-12,1.5976e-12,104909777591.27151
bot2,0.4,-5,2.564e-12,-2.03e-11,-4.72e-12,2.03e-11,2.564e-12,123107226394.18936
bot2,0.5,-5,3.2222e-12,-3.7350000000000005e-11,-7.44e-12,3.7350000000000005e-11,3.2222e-12,179759122775.48083
bot2,0.6,-5,3.6766e-12,-5.069e-11,-1.0640000000000002e-11,5.069e-11,3.6766e-12,287191269385.4107
bot2,0.7,-5,3.9186e-12,-5.7410000000000005e-11,-1.468e-11,5.7410000000000005e-11,3.9186e-12,369003690036.9006
bot2,0.8,-5,4.2186e-12,-6.184e-11,-2.123e-11,6.184e-11,4.2186e-12,-23137436372.04997
bot2,0.9,-5,-4.7254e-12,2.529e-11,3.503e-11,2.529e-11,4.7254e-12,-23849841398.55469
bot2,1.0,-5,-4.1672e-12,1.78e-12,1.46e-11,1.78e-12,4.1672e-12,32487573503.135063
bot2,1.1,-5,1.4308e-12,-2e-12,1.2400000000000002e-12,2e-12,1.4308e-12,46272731479.33921
bot2,1.2,-5,1.55e-13,-8.800000000000002e-13,1.7700000000000001e-12,8.800000000000002e-13,1.55e-13,-83486391718.14992
bot2,1.3,-5,-9.648e-13,3.66e-12,2.5600000000000004e-12,3.66e-12,9.648e-13,-97751710654.93655
bot2,1.4,-5,-1.891e-12,1.2160000000000002e-11,3.67e-12,1.2160000000000002e-11,1.891e-12,-113675116516.9944
bot2,1.5,-5,-2.7242e-12,2.6270000000000003e-11,5.420000000000001e-12,2.6270000000000003e-11,2.7242e-12,-137324910738.80798
bot2,1.6,-5,-3.3474e-12,4.082e-11,7.8e-12,4.082e-11,3.3474e-12,-162999185004.075
bot2,1.7,-5,-3.9512e-12,5.332e-11,1.1250000000000002e-11,5.332e-11,3.9512e-12,-250563768479.078
bot2,1.8,-5,-4.1456e-12,5.979000000000001e-11,1.6710000000000003e-11,5.979000000000001e-11,4.1456e-12,-586166471277.8431
bot2,1.9,-5,-4.2924e-12,6.020000000000001e-11,2.207e-11,6.020000000000001e-11,4.2924e-12,22563686003.745567
bot2,2.0,-5,4.7182e-12,-2.1700000000000003e-11,-3.6370000000000006e-11,2.1700000000000003e-11,4.7182e-12,23965872597.421265
bot2,2.1,-5,4.0528e-12,-1.5000000000000004e-13,-1.386e-11,1.5000000000000004e-13,4.0528e-12,-32253902722.22942
bot2,2.2,-5,-1.4826e-12,2.08e-12,-1.27e-12,2.08e-12,1.4826e-12,-43470700747.6961
bot2,2.3000000000000003,-5,-5.48e-13,4e-13,-2.21e-12,4e-13,5.48e-13,106507615294.49342
bot2,2.4,-5,3.952e-13,-3.1400000000000004e-12,-2.52e-12,3.1400000000000004e-12,3.952e-13,83215444786.55228
bot2,2.5,-5,1.8554e-12,-1.06e-11,-3.77e-12,1.06e-11,1.8554e-12,90925622840.51656
bot2,2.6,-5,2.5948e-12,-2.178e-11,-5.18e-12,2.178e-11,2.5948e-12,149009089554.46295
bot2,2.7,-5,3.1976e-12,-3.6110000000000005e-11,-7.61e-12,3.6110000000000005e-11,3.1976e-12,186289120715.3504
bot2,2.8000000000000003,-5,3.6684e-12,-5.047e-11,-9.86e-12,5.047e-11,3.6684e-12,279642058165.5477
bot2,2.9,-5,3.9128e-12,-5.473e-11,-1.352e-11,5.473e-11,3.9128e-12,497760079641.612
bot2,3.0,-5,4.0702e-12,-5.991e-11,-1.7820000000000003e-11,5.991e-11,4.0702e-12,541711809317.4441
bot2,3.1,-5,4.282e-12,-5.978e-11,-2.388e-11,5.978e-11,4.282e-12,-22416498542.92761
bot2,3.2,-5,-4.8518e-12,1.6160000000000002e-11,3.5710000000000005e-11,1.6160000000000002e-11,4.8518e-12,-24335044898.15786
bot2,3.3000000000000003,-5,-3.9366e-12,2.14e-12,1.102e-11,2.14e-12,3.9366e-12,34073872154.83163
bot2,3.4,-5,1.0178e-12,-2.9100000000000003e-12,1.5400000000000001e-12,2.9100000000000003e-12,1.0178e-12,54389209180.898445
bot2,3.5,-5,-2.594e-13,2.9000000000000013e-13,1.6200000000000004e-12,2.9000000000000013e-13,2.594e-13,-83368070029.17891
bot2,3.6,-5,-1.3812e-12,6.530000000000002e-12,2.9900000000000004e-12,6.530000000000002e-12,1.3812e-12,-97247884858.5044
bot2,3.7,-5,-2.316e-12,1.85e-11,4.43e-12,1.85e-11,2.316e-12,-121197430614.4711
bot2,3.8,-5,-3.0314e-12,3.369e-11,6.91e-12,3.369e-11,3.0314e-12,-152369343288.1302
bot2,3.9,-5,-3.6286e-12,4.811e-11,9.88e-12,4.811e-11,3.6286e-12,-213447171824.973
bot2,4.0,-5,-3.9684e-12,5.5630000000000006e-11,1.3180000000000002e-11,5.5630000000000006e-11,3.9684e-12,-403388463089.9554
bot2,4.1,-5,-4.1244e-12,6.084000000000001e-11,1.847e-11,6.084000000000001e-11,4.1244e-12,-502008032128.515
bot2,4.2,-5,-4.3668e-12,5.915000000000001e-11,2.498e-11,5.915000000000001e-11,4.3668e-12,22310970304.09855
bot2,4.3,-5,4.8398e-12,-1.427e-11,-3.623e-11,1.427e-11,4.8398e-12,24467824810.374386
bot2,4.4,-5,3.8072e-12,-1.85e-12,-1.058e-11,1.85e-12,3.8072e-12,-35420799093.22758
bot2,4.5,-5,-8.066e-13,1.45e-12,-1.91e-12,1.45e-12,8.066e-13,-62519537355.423615
bot2,4.6000000000000005,-5,6.082e-13,-2.6500000000000002e-12,-2.31e-12,2.6500000000000002e-12,6.082e-13,82331631812.9426
bot2,4.7,-5,1.6226e-12,-8.580000000000001e-12,-3.95e-12,8.580000000000001e-12,1.6226e-12,99830288509.53345
bot2,4.8,-5,2.6116e-12,-2.411e-11,-5.620000000000001e-12,2.411e-11,2.6116e-12,121080033902.4096
bot2,4.9,-5,3.2744e-12,-4.007e-11,-7.990000000000001e-12,4.007e-11,3.2744e-12,167308014053.8733
bot2,5.0,-5,3.807e-12,-5.314e-11,-1.19e-11,5.314e-11,3.807e-12,187758167480.2846
bot2,0.0,-4,4.987e-12,-2.16e-12,-2.591e-11,2.16e-12,4.987e-12,-13252756573.367264
bot2,0.1,-4,-2.5586e-12,3.2e-12,1.7100000000000002e-12,3.2e-12,2.5586e-12,-31386334390.00659
bot2,0.2,-4,-1.3852e-12,2.500000000000001e-12,-1.5e-12,2.500000000000001e-12,1.3852e-12,77363453504.56445
bot2,0.3,-4,2.6599999999999998e-14,-1.9000000000000002e-13,-2.16e-12,1.9000000000000002e-13,2.6599999999999998e-14,75964752354.90733
bot2,0.4,-4,1.2476e-12,-5.320000000000001e-12,-3.1e-12,5.320000000000001e-12,1.2476e-12,93344534677.49464
bot2,0.5,-4,2.1692e-12,-1.546e-11,-4.240000000000001e-12,1.546e-11,2.1692e-12,120380402070.54292
bot2,0.6,-4,2.909e-12,-3.1880000000000004e-11,-6.790000000000001e-12,3.1880000000000004e-11,2.909e-12,147994672191.80118
bot2,0.7,-4,3.5206e-12,-4.666e-11,-9.44e-12,4.666e-11,3.5206e-12,193873594416.44052
bot2,0.8,-4,3.9406e-12,-5.6470000000000006e-11,-1.346e-11,5.6470000000000006e-11,3.9406e-12,280977802753.58246
bot2,0.9,-4,4.2324e-12,-6.126e-11,-1.968e-11,6.126e-11,4.2324e-12,457456541628.54456
bot2,1.0,-4,4.3778e-12,-5.844000000000001e-11,-2.546e-11,5.844000000000001e-11,4.3778e-12,-21884232410.548206
bot2,1.1,-4,-4.9066e-12,1.126e-11,3.566e-11,1.126e-11,4.9066e-12,-25112377891.062496
bot2,1.2,-4,-3.5864e-12,2.11e-12,8.43e-12,2.11e-12,3.5864e-12,38464497269.02068
bot2,1.3,-4,2.93e-13,-6.400000000000001e-13,1.55e-12,6.400000000000001e-13,2.93e-13,73362189127.72365
bot2,1.4,-4,-8.602e-13,3.110000000000001e-12,2.67e-12,3.110000000000001e-12,8.602e-13,-96292729898.89262
bot2,1.5,-4,-1.784e-12,1.123e-11,3.66e-12,1.123e-11,1.784e-12,-113649278327.08258
bot2,1.6,-4,-2.62e-12,2.479e-11,5.880000000000001e-12,2.479e-11,2.62e-12,-125738714950.3332
bot2,1.7,-4,-3.3746e-12,4.1940000000000006e-11,7.870000000000001e-12,4.1940000000000006e-11,3.3746e-12,-162866449511.40067
bot2,1.8,-4,-3.848e-12,5.201e-11,1.178e-11,5.201e-11,3.848e-12,-265533722782.7935
bot2,1.9,-4,-4.1278e-12,6.018e-11,1.655e-11,6.018e-11,4.1278e-12,-495049504950.49457
bot2,2.0,-4,-4.252e-12,6.094e-11,2.267e-11,6.094e-11,4.252e-12,22561140691.273342
bot2,2.1,-4,4.737e-12,-2.267e-11,-3.558e-11,2.267e-11,4.737e-12,24085938629.0284
bot2,2.2,-4,4.0516e-12,-2.2000000000000003e-12,-1.357e-11,2.2000000000000003e-12,4.0516e-12,-32264309221.139606
bot2,2.3000000000000003,-4,-1.4618e-12,2.4300000000000003e-12,-1.5300000000000001e-12,2.4300000000000003e-12,1.4618e-12,-46004508441.82724
bot2,2.4,-4,-2.958e-13,1.2500000000000001e-12,-2.03e-12,1.2500000000000001e-12,2.958e-13,88794175102.11319
bot2,2.5,-4,7.906e-13,-3.65e-12,-2.75e-12,3.65e-12,7.906e-13,99196508282.90852
bot2,2.6,-4,1.7204e-12,-1.259e-11,-3.780000000000001e-12,1.259e-11,1.7204e-12,103584006629.37653
bot2,2.7,-4,2.7214e-12,-2.579e-11,-6e-12,2.579e-11,2.7214e-12,115848007414.2726
bot2,2.8000000000000003,-4,3.4468e-12,-4.395e-11,-8.910000000000001e-12,4.395e-11,3.4468e-12,234082397003.7451
bot2,2.9,-4,3.5758e-12,-5.546e-11,-1.2880000000000002e-11,5.546e-11,3.5758e-12,292397660818.7129
bot2,3.0,-4,4.1308e-12,-5.972e-11,-1.741e-11,5.972e-11,4.1308e-12,351370344342.93774
bot2,3.1,-4,4.145e-12,-5.991e-11,-2.3720000000000003e-11,5.991e-11,4.145e-12,-21663778162.91163
bot2,3.2,-4,-5.1012e-12,2.047e-11,3.634e-11,2.047e-11,5.1012e-12,-24938899695.745445
bot2,3.3000000000000003,-4,-3.8746e-12,1.2500000000000001e-12,1.103e-11,1.2500000000000001e-12,3.8746e-12,32977179791.584183
bot2,3.4,-4,9.636e-13,-2.3000000000000003e-12,1.1900000000000002e-12,2.3000000000000003e-12,9.636e-13,57385515895.78784
bot2,3.5,-4,-3.894e-13,9.5e-13,2.14e-12,9.5e-13,3.894e-13,-81459758879.11377
bot2,3.6,-4,-1.4916e-12,8.980000000000003e-12,3.46e-12,8.980000000000003e-12,1.4916e-12,-96889836256.17682
bot2,3.7,-4,-2.4536e-12,2.202e-11,5.38e-12,2.202e-11,2.4536e-12,-111024758521.15031
bot2,3.8,-4,-3.293e-12,3.9930000000000005e-11,8.23e-12,3.9930000000000005e-11,3.293e-12,-138715494520.7378
bot2,3.9,-4,-3.8954e-12,5.3660000000000005e-11,1.234e-11,5.3660000000000005e-11,3.8954e-12,-234962406015.0372
bot2,4.0,-4,-4.1442e-12,6.112e-11,1.688e-11,6.112e-11,4.1442e-12,-503018108651.911
bot2,4.1,-4,-4.293e-12,5.993000000000001e-11,2.16e-11,5.993000000000001e-11,4.293e-12,22655188038.060738
bot2,4.2,-4,4.6838e-12,-2.54e-11,-3.525e-11,2.54e-11,4.6838e-12,23593808984.52248
bot2,4.3,-4,4.1838e-12,-1.09e-12,-1.604e-11,1.09e-12,4.1838e-12,-31390275292.714344
bot2,4.4,-4,-1.6876e-12,2.44e-12,-4.1e-13,2.44e-12,1.6876e-12,-41088010518.53073
bot2,4.5,-4,-6.838e-13,1.6e-12,-1.8900000000000002e-12,1.6e-12,6.838e-13,89806915132.46527
bot2,4.6000000000000005,-4,5.394e-13,-2.13e-12,-2.46e-12,2.13e-12,5.394e-13,90195724722.64824
bot2,4.7,-4,1.5336e-12,-7.690000000000001e-12,-3.48e-12,7.690000000000001e-12,1.5336e-12,100765820233.77634
bot2,4.8,-4,2.5242e-12,-2.165e-11,-5.200000000000001e-12,2.165e-11,2.5242e-12,116387337057.72824
bot2,4.9,-4,3.252e-12,-3.7930000000000005e-11,-7.380000000000001e-12,3.7930000000000005e-11,3.252e-12,175808720112.51782
bot2,5.0,-4,3.6618e-12,-5.026e-11,-1.049e-11,5.026e-11,3.6618e-12,244021473889.7016
bot2,0.0,-3,-4.7878e-12,1.9e-12,2.234e-11,1.9e-12,4.7878e-12,14447944057.560608
bot2,0.1,-3,2.1336e-12,-2.5600000000000004e-12,-4.0000000000000006e-14,2.5600000000000004e-12,2.1336e-12,35630300007.12606
bot2,0.2,-3,8.254e-13,-1.69e-12,1.27e-12,1.69e-12,8.254e-13,-80762397027.94377
bot2,0.3,-3,-3.428e-13,9.5e-13,2.16e-12,9.5e-13,3.428e-13,-80853816300.1294
bot2,0.4,-3,-1.6482e-12,8.31e-12,3.1700000000000004e-12,8.31e-12,1.6482e-12,-90752336872.67448
bot2,0.5,-3,-2.5466e-12,2.2300000000000003e-11,5.110000000000001e-12,2.2300000000000003e-11,2.5466e-12,-130684788290.64296
bot2,0.6,-3,-3.1786e-12,3.967e-11,7.360000000000001e-12,3.967e-11,3.1786e-12,-167084377610.69342
bot2,0.7,-3,-3.7436e-12,4.985e-11,1.053e-11,4.985e-11,3.7436e-12,-249190132070.77
bot2,0.8,-3,-3.9812e-12,5.824000000000001e-11,1.4510000000000002e-11,5.824000000000001e-11,3.9812e-12,-433839479392.6249
bot2,0.9,-3,-4.2046e-12,6.105e-11,1.976e-11,6.105e-11,4.2046e-12,22971607093.632263
bot2,1.0,-3,4.7252e-12,-3.0870000000000006e-11,-3.4800000000000005e-11,3.0870000000000006e-11,4.7252e-12,23333955572.1486
bot2,1.1,-3,4.3666e-12,-1.64e-12,-1.936e-11,1.64e-12,4.3666e-12,-29955366503.90917
bot2,1.2,-3,-1.9514e-12,1.7500000000000002e-12,-1.1000000000000001e-13,1.7500000000000002e-12,1.9514e-12,-39083873993.59024
bot2,1.3,-3,-7.506e-13,1.59e-12,-1.9400000000000002e-12,1.59e-12,7.506e-13,85222430543.71916
bot2,1.4,-3,3.954e-13,-1.86e-12,-2.500000000000001e-12,1.86e-12,3.954e-13,93327111525.89824
bot2,1.5,-3,1.3924e-12,-6.290000000000001e-12,-3.4700000000000004e-12,6.290000000000001e-12,1.3924e-12,105285323225.94228
bot2,1.6,-3,2.295e-12,-1.91e-11,-4.5900000000000004e-12,1.91e-11,2.295e-12,122609122118.68562
bot2,1.7,-3,3.0236e-12,-3.442e-11,-6.840000000000001e-12,3.442e-11,3.0236e-12,152578577967.6533
bot2,1.8,-3,3.6058e-12,-4.7650000000000005e-11,-9.64e-12,4.7650000000000005e-11,3.6058e-12,208289939595.91763
bot2,1.9,-3,3.9838e-12,-5.5410000000000006e-11,-1.282e-11,5.5410000000000006e-11,3.9838e-12,371885459278.5419
bot2,2.0,-3,4.1436e-12,-6.048000000000001e-11,-1.786e-11,6.048000000000001e-11,4.1436e-12,700770847932.7269
bot2,2.1,-3,4.2692e-12,-5.942e-11,-2.3480000000000003e-11,5.942e-11,4.2692e-12,-22378373539.811146
bot2,2.2,-3,-4.7936e-12,1.835e-11,3.576e-11,1.835e-11,4.7936e-12,-24620839078.19581
bot2,2.3000000000000003,-3,-3.854e-12,1.73e-12,1.154e-11,1.73e-12,3.854e-12,33897156028.60916
bot2,2.4,-3,1.1066e-12,-2.44e-12,1.0600000000000001e-12,2.44e-12,1.1066e-12,55114638447.97171
bot2,2.5,-3,-2.252e-13,-4.500000000000001e-13,2.16e-12,4.500000000000001e-13,2.252e-13,-80327737167.64406
bot2,2.6,-3,-1.3832e-12,7.16e-12,2.8e-12,7.16e-12,1.3832e-12,-94179694857.78874
bot2,2.7,-3,-2.3488e-12,1.943e-11,4.74e-12,1.943e-11,2.3488e-12,-112283853581.85504
bot2,2.8000000000000003,-3,-3.1644e-12,3.66e-11,7.01e-12,3.66e-11,3.1644e-12,-141602945341.2629
bot2,2.9,-3,-3.7612e-12,5.092e-11,1.046e-11,5.092e-11,3.7612e-12,-230946882217.0897
bot2,3.0,-3,-4.0304e-12,5.804000000000001e-11,1.55e-11,5.804000000000001e-11,4.0304e-12,-422654268808.1153
bot2,3.1,-3,-4.2344e-12,6.081000000000001e-11,2.085e-11,6.081000000000001e-11,4.2344e-12,22851397362.94877
bot2,3.2,-3,4.7218e-12,-2.6030000000000003e-11,-3.573e-11,2.6030000000000003e-11,4.7218e-12,23688262465.948147
bot2,3.3000000000000003,-3,4.2086e-12,-1.8200000000000003e-12,-1.606e-11,1.8200000000000003e-12,4.2086e-12,-30326924243.343204
bot2,3.4,-3,-1.873e-12,3.680000000000001e-12,-6.500000000000003e-13,3.680000000000001e-12,1.873e-12,-41588687876.89743
bot2,3.5,-3,-6.004e-13,5.300000000000003e-13,-1.55e-12,5.300000000000003e-13,6.004e-13,82209799408.08952
bot2,3.6,-3,5.598e-13,-1.74e-12,-2.6500000000000002e-12,1.74e-12,5.598e-13,90415913200.7234
bot2,3.7,-3,1.6116e-12,-9.23e-12,-3.4700000000000004e-12,9.23e-12,1.6116e-12,110460620788.68892
bot2,3.8,-3,2.3704e-12,-2.11e-11,-4.99e-12,2.11e-11,2.3704e-12,144885540423.0656
bot2,3.9,-3,2.992e-12,-3.242e-11,-6.840000000000001e-12,3.242e-11,2.992e-12,175808720112.51736
bot2,4.0,-3,3.508e-12,-4.4710000000000006e-11,-9.09e-12,4.4710000000000006e-11,3.508e-12,224567707163.7096
bot2,4.1,-3,3.8826e-12,-5.3850000000000007e-11,-1.203e-11,5.3850000000000007e-11,3.8826e-12,339673913043.47845
bot2,4.2,-3,4.0968e-12,-6.002e-11,-1.6030000000000002e-11,6.002e-11,4.0968e-12,510986203372.5092
bot2,4.3,-3,4.274e-12,-6.075000000000001e-11,-2.073e-11,6.075000000000001e-11,4.274e-12,-23207779247.603817
bot2,4.4,-3,-4.521e-12,2.833e-11,3.4980000000000005e-11,2.833e-11,4.521e-12,381825124093.1658
bot2,4.5,-3,4.7978e-12,-3.800000000000001e-13,-3.1370000000000004e-11,3.800000000000001e-13,4.7978e-12,29655111058.390938
bot2,4.6000000000000005,-3,2.2232e-12,-2.8600000000000003e-12,-6.700000000000003e-13,2.8600000000000003e-12,2.2232e-12,-52441134826.15768
bot2,4.7,-3,9.84e-13,-2.01e-12,1.31e-12,2.01e-12,9.84e-13,-84559445290.03859
bot2,4.8,-3,-1.42e-13,4.800000000000001e-13,1.86e-12,4.800000000000001e-13,1.42e-13,-81799591002.04507
bot2,4.9,-3,-1.461e-12,7.16e-12,3.2200000000000004e-12,7.16e-12,1.461e-12,-89670014347.20236
bot2,5.0,-3,-2.3724e-12,1.826e-11,4.38e-12,1.826e-11,2.3724e-12,-109721307877.98952
bot2,0.0,-2,3.84e-12,-5.802e-11,-1.5e-11,5.802e-11,3.84e-12,268961807423.34555
bot2,0.1,-2,4.2118e-12,-6.105e-11,-2.354e-11,6.105e-11,4.2118e-12,-23177656738.90369
bot2,0.2,-2,-4.789e-12,1.8820000000000003e-11,3.5740000000000004e-11,1.8820000000000003e-11,4.789e-12,-24109166305.029167
bot2,0.3,-2,-4.0838e-12,1.6200000000000004e-12,1.259e-11,1.6200000000000004e-12,4.0838e-12,33608926530.886604
bot2,0.4,-2,1.1618e-12,-3.1400000000000004e-12,1.4300000000000002e-12,3.1400000000000004e-12,1.1618e-12,50895765472.31272
bot2,0.5,-2,-1.542e-13,1.2000000000000002e-13,1.7200000000000001e-12,1.2000000000000002e-13,1.542e-13,-83605049745.00458
bot2,0.6,-2,-1.2304e-12,5.55e-12,2.9800000000000002e-12,5.55e-12,1.2304e-12,-100573267625.46518
bot2,0.7,-2,-2.1428e-12,1.539e-11,4.400000000000001e-12,1.539e-11,2.1428e-12,-126582278481.01273
bot2,0.8,-2,-2.8104e-12,3.0170000000000004e-11,6.1100000000000004e-12,3.0170000000000004e-11,2.8104e-12,-163692912096.9062
bot2,0.9,-2,-3.3646e-12,4.301e-11,7.970000000000001e-12,4.301e-11,3.3646e-12,-202798620969.3773
bot2,1.0,-2,-3.7966e-12,5.1880000000000006e-11,1.142e-11,5.1880000000000006e-11,3.7966e-12,-267379679144.3851
bot2,1.1,-2,-4.1126e-12,5.824000000000001e-11,1.5540000000000002e-11,5.824000000000001e-11,4.1126e-12,-467508181393.17487
bot2,1.2,-2,-4.2244e-12,6.107e-11,2.003e-11,6.107e-11,4.2244e-12,22901112994.091507
bot2,1.3,-2,4.6206e-12,-3.157e-11,-3.526e-11,3.157e-11,4.6206e-12,23292106305.1732
bot2,1.4,-2,4.3622e-12,-8.500000000000002e-13,-1.899e-11,8.500000000000002e-13,4.3622e-12,-28976268436.150784
bot2,1.5,-2,-2.2816e-12,2.09e-12,8.600000000000002e-13,2.09e-12,2.2816e-12,-35637918745.54525
bot2,1.6,-2,-1.2498e-12,2.59e-12,-1.4e-12,2.59e-12,1.2498e-12,101615689462.45296
bot2,1.7,-2,-3.134e-13,6.3e-13,-2.06e-12,6.3e-13,3.134e-13,107723796186.5776
bot2,1.8,-2,6.068e-13,-2.1700000000000002e-12,-2.85e-12,2.1700000000000002e-12,6.068e-13,103241792277.51404
bot2,1.9,-2,1.6238e-12,-9.01e-12,-3.590000000000001e-12,9.01e-12,1.6238e-12,109445113275.6922
bot2,2.0,-2,2.4342e-12,-2.01e-11,-5.370000000000001e-12,2.01e-11,2.4342e-12,139821029082.77402
bot2,2.1,-2,3.0542e-12,-3.426e-11,-6.890000000000001e-12,3.426e-11,3.0542e-12,195388823759.2811
bot2,2.2,-2,3.4578e-12,-4.403e-11,-9.06e-12,4.403e-11,3.4578e-12,229726625315.8744
bot2,2.3000000000000003,-2,3.9248e-12,-5.342e-11,-1.243e-11,5.342e-11,3.9248e-12,305157155935.30634
bot2,2.4,-2,4.1132e-12,-5.908e-11,-1.6850000000000002e-11,5.908e-11,4.1132e-12,485436893203.8825
bot2,2.5,-2,4.3368e-12,-6.092000000000001e-11,-2.309e-11,6.092000000000001e-11,4.3368e-12,-22528611336.397243
bot2,2.6,-2,-4.7644e-12,2.154e-11,3.557e-11,2.154e-11,4.7644e-12,-24371222460.51864
bot2,2.7,-2,-3.8696e-12,2.09e-12,1.107e-11,2.09e-12,3.8696e-12,34547087680.50856
bot2,2.8000000000000003,-2,1.0248e-12,-1.5800000000000001e-12,1.2000000000000001e-12,1.5800000000000001e-12,1.0248e-12,56268287193.33777
bot2,2.9,-2,-3.152e-13,8e-13,2.01e-12,8e-13,3.152e-13,-86865879082.6962
bot2,3.0,-2,-1.2776e-12,6.230000000000001e-12,3.05e-12,6.230000000000001e-12,1.2776e-12,-102774922918.80792
bot2,3.1,-2,-2.2612e-12,1.869e-11,4.93e-12,1.869e-11,2.2612e-12,-114916111238.7958
bot2,3.2,-2,-3.018e-12,3.4360000000000005e-11,6.530000000000002e-12,3.4360000000000005e-11,3.018e-12,-154273372415.92114
bot2,3.3000000000000003,-2,-3.5576e-12,4.5440000000000007e-11,8.890000000000003e-12,4.5440000000000007e-11,3.5576e-12,-196656833824.9752
bot2,3.4,-2,-4.035e-12,5.682e-11,1.343e-11,5.682e-11,4.035e-12,-304506699147.38074
bot2,3.5,-2,-4.2144e-12,5.93e-11,1.735e-11,5.93e-11,4.2144e-12,-710732054015.6367
bot2,3.6,-2,-4.3164e-12,6.034000000000001e-11,2.355e-11,6.034000000000001e-11,4.3164e-12,22307486392.43332
bot2,3.7,-2,4.7512e-12,-2.107e-11,-3.632e-11,2.107e-11,4.7512e-12,24066809463.0695
bot2,3.8,-2,3.9938e-12,-9.200000000000001e-13,-1.383e-11,9.200000000000001e-13,3.9938e-12,-31192488848.685192
bot2,3.9,-2,-1.6606e-12,2.400000000000001e-12,-1.3800000000000002e-12,2.400000000000001e-12,1.6606e-12,-43713936002.79763
bot2,4.0,-2,-5.814e-13,1.6700000000000006e-12,-2.01e-12,1.6700000000000006e-12,5.814e-13,89621796020.79214
bot2,4.1,-2,5.71e-13,-1.4800000000000006e-12,-2.23e-12,1.4800000000000006e-12,5.71e-13,100130169219.98608
bot2,4.2,-2,1.416e-12,-6.8800000000000006e-12,-3.4100000000000002e-12,6.8800000000000006e-12,1.416e-12,110791048083.31496
bot2,4.3,-2,2.3762e-12,-1.937e-11,-4.92e-12,1.937e-11,2.3762e-12,125786163522.0127
bot2,4.4,-2,3.006e-12,-3.3090000000000005e-11,-6.950000000000001e-12,3.3090000000000005e-11,3.006e-12,162707452001.3018
bot2,4.5,-2,3.6054e-12,-4.7580000000000005e-11,-9.85e-12,4.7580000000000005e-11,3.6054e-12,211909302818.3939
bot2,4.6000000000000005,-2,3.9498e-12,-5.725e-11,-1.374e-11,5.725e-11,3.9498e-12,383877159309.0216
bot2,4.7,-2,4.1264e-12,-5.989e-11,-1.907e-11,5.989e-11,4.1264e-12,501504513540.61975
bot2,4.8,-2,4.3486e-12,-6.027e-11,-2.411e-11,6.027e-11,4.3486e-12,-22260807622.10055
bot2,4.9,-2,-4.858e-12,1.7140000000000002e-11,3.5780000000000005e-11,1.7140000000000002e-11,4.858e-12,-24018830763.318462
bot2,5.0,-2,-3.9782e-12,1.9e-12,1.286e-11,1.9e-12,3.9782e-12,113662195953.62547
bot2,0.0,-1,4.2016e-12,-5.964e-11,-2.478e-11,5.964e-11,4.2016e-12,-11057543456.145784
bot2,0.1,-1,-4.842e-12,1.042e-11,3.5750000000000006e-11,1.042e-11,4.842e-12,-25383931971.06232
bot2,0.2,-1,-3.6774e-12,1.7600000000000002e-12,9.790000000000004e-12,1.7600000000000002e-12,3.6774e-12,34252440486.38465
bot2,0.3,-1,9.97e-13,-1.3000000000000001e-12,1.4400000000000001e-12,1.3000000000000001e-12,9.97e-13,55108563870.82554
bot2,0.4,-1,-4.82e-14,-5.2e-13,1.8700000000000003e-12,5.2e-13,4.82e-14,-93196644920.78284
bot2,0.5,-1,-1.149e-12,4.16e-12,2.72e-12,4.16e-12,1.149e-12,-104624398409.70914
bot2,0.6,-1,-1.9598e-12,1.375e-11,3.9800000000000004e-12,1.375e-11,1.9598e-12,-123885034687.80975
bot2,0.7,-1,-2.7634e-12,2.7050000000000003e-11,5.660000000000001e-12,2.7050000000000003e-11,2.7634e-12,-149835181300.5694
bot2,0.8,-1,-3.2946e-12,4.082e-11,7.94e-12,4.082e-11,3.2946e-12,-217485863418.87787
bot2,0.9,-1,-3.683e-12,4.954e-11,1.06e-11,4.954e-11,3.683e-12,-274423710208.562
bot2,1.0,-1,-4.0234e-12,5.6430000000000006e-11,1.34e-11,5.6430000000000006e-11,4.0234e-12,-400160064025.60974
bot2,1.1,-1,-4.1828e-12,5.995000000000001e-11,1.799e-11,5.995000000000001e-11,4.1828e-12,-667556742323.0972
bot2,1.2,-1,-4.323e-12,5.878e-11,2.4010000000000003e-11,5.878e-11,4.323e-12,22411976960.48768
bot2,1.3,-1,4.741e-12,-1.939e-11,-3.616e-11,1.939e-11,4.741e-12,24043085208.694
bot2,1.4,-1,3.9954e-12,-8.300000000000001e-13,-1.3900000000000002e-11,8.300000000000001e-13,3.9954e-12,-32108913434.369373
bot2,1.5,-1,-1.4878e-12,1.7600000000000002e-12,-1.4800000000000006e-12,1.7600000000000002e-12,1.4878e-12,-45220222483.494606
bot2,1.6,-1,-4.274e-13,1e-12,-2.04e-12,1e-12,4.274e-13,90277150853.11903
bot2,1.7,-1,7.275999999999999e-13,-2.8100000000000003e-12,-2.6000000000000002e-12,2.8100000000000003e-12,7.275999999999999e-13,93729496672.60286
bot2,1.8,-1,1.7064e-12,-1.005e-11,-3.7e-12,1.005e-11,1.7064e-12,107619457597.9338
bot2,1.9,-1,2.586e-12,-2.3630000000000003e-11,-5.34e-12,2.3630000000000003e-11,2.586e-12,130039011703.51105
bot2,2.0,-1,3.2444e-12,-3.748e-11,-7.190000000000002e-12,3.748e-11,3.2444e-12,187934598759.6316
bot2,2.1,-1,3.6502e-12,-4.815e-11,-1.011e-11,4.815e-11,3.6502e-12,307408545957.5779
bot2,2.2,-1,3.895e-12,-5.5040000000000005e-11,-1.355e-11,5.5040000000000005e-11,3.895e-12,454132606721.1633
bot2,2.3000000000000003,-1,4.0906e-12,-6.09e-11,-1.7820000000000003e-11,6.09e-11,4.0906e-12,545256270447.1088
bot2,2.4,-1,4.2618e-12,-5.983e-11,-2.2990000000000003e-11,5.983e-11,4.2618e-12,-22454249466.711548
bot2,2.5,-1,-4.8164e-12,2.274e-11,3.565e-11,2.274e-11,4.8164e-12,-23812358614.12075
bot2,2.6,-1,-4.1372e-12,1.3500000000000001e-12,1.4650000000000002e-11,1.3500000000000001e-12,4.1372e-12,30639132299.7733
bot2,2.7,-1,1.7112e-12,-2.1500000000000003e-12,6.8e-13,2.1500000000000003e-12,1.7112e-12,43656683838.295685
bot2,2.8000000000000003,-1,4.44e-13,-7.700000000000002e-13,1.8100000000000002e-12,7.700000000000002e-13,4.44e-13,-91299187437.23167
bot2,2.9,-1,-4.794e-13,1.0500000000000002e-12,2.21e-12,1.0500000000000002e-12,4.794e-13,-116022740457.12944
bot2,3.0,-1,-1.2798e-12,6.61e-12,2.7600000000000004e-12,6.61e-12,1.2798e-12,-130872922392.35712
bot2,3.1,-1,-2.0076e-12,1.412e-11,3.9800000000000004e-12,1.412e-11,2.0076e-12,-145412243710.92062
bot2,3.2,-1,-2.6552e-12,2.475e-11,5.120000000000001e-12,2.475e-11,2.6552e-12,-168406871000.33698
bot2,3.3000000000000003,-1,-3.1952e-12,3.692e-11,7.0300000000000005e-12,3.692e-11,3.1952e-12,-196889151407.7572
bot2,3.4,-1,-3.671e-12,4.792e-11,9.44e-12,4.792e-11,3.671e-12,-240153698366.95447
bot2,3.5,-1,-4.028e-12,5.729e-11,1.344e-11,5.729e-11,4.028e-12,-393700787401.57526
bot2,3.6,-1,-4.179e-12,5.984000000000001e-11,1.7600000000000003e-11,5.984000000000001e-11,4.179e-12,-812347684809.1006
bot2,3.7,-1,-4.2742e-12,6.039000000000001e-11,2.325e-11,6.039000000000001e-11,4.2742e-12,22523537096.265617
bot2,3.8,-1,4.7006e-12,-2.304e-11,-3.5700000000000003e-11,2.304e-11,4.7006e-12,23601047886.52613
bot2,3.9,-1,4.2e-12,-1.0500000000000002e-12,-1.4410000000000002e-11,1.0500000000000002e-12,4.2e-12,-31565656565.656525
bot2,4.0,-1,-1.6354e-12,1.78e-12,-1.22e-12,1.78e-12,1.6354e-12,-43692926115.26188
bot2,4.1,-1,-3.774e-13,3.6000000000000013e-13,-2.2500000000000003e-12,3.6000000000000013e-13,3.774e-13,83416750083.41681
bot2,4.2,-1,7.622e-13,-2.6100000000000004e-12,-2.7600000000000004e-12,2.6100000000000004e-12,7.622e-13,90563303749.32086
bot2,4.3,-1,1.831e-12,-1.017e-11,-3.63e-12,1.017e-11,1.831e-12,109027474923.68086
bot2,4.4,-1,2.5966e-12,-2.3590000000000003e-11,-5.53e-12,2.3590000000000003e-11,2.5966e-12,146156094709.14948
bot2,4.5,-1,3.1994e-12,-3.9350000000000005e-11,-8.02e-12,3.9350000000000005e-11,3.1994e-12,165343915343.91556
bot2,4.6000000000000005,-1,3.8062e-12,-5.189e-11,-1.1860000000000002e-11,5.189e-11,3.8062e-12,233754090696.58737
bot2,4.7,-1,4.055e-12,-5.896000000000001e-11,-1.5030000000000002e-11,5.896000000000001e-11,4.055e-12,437062937062.9356
bot2,4.8,-1,4.2638e-12,-6.054e-11,-2.15e-11,6.054e-11,4.2638e-12,-22700444928.720623
bot2,4.9,-1,-4.7554e-12,2.597e-11,3.521e-11,2.597e-11,4.7554e-12,-23490721165.13979
bot2,5.0,-1,-4.2502e-12,9.3e-13,1.6800000000000003e-11,9.3e-13,4.2502e-12,197941409342.83383
bot2,0.0,0,3.8656e-12,-5.929000000000001e-11,-1.5650000000000002e-11,5.929000000000001e-11,3.8656e-12,266382525306.33972
bot2,0.1,0,4.241e-12,-6.066e-11,-2.375e-11,6.066e-11,4.241e-12,-23154579975.91924
bot2,0.2,0,-4.772e-12,2.028e-11,3.54e-11,2.028e-11,4.772e-12,-23727607070.826904
bot2,0.3,0,-4.188e-12,1.04e-12,1.591e-11,1.04e-12,4.188e-12,29613835583.98484
bot2,0.4,0,1.9816e-12,-1.91e-12,4.2000000000000003e-13,1.91e-12,1.9816e-12,40812994857.562645
bot2,0.5,0,7.124e-13,-2.0500000000000004e-12,1.4200000000000002e-12,2.0500000000000004e-12,7.124e-13,-87054931661.87863
bot2,0.6,0,-3.158e-13,1.7e-13,1.96e-12,1.7e-13,3.158e-13,-106190931294.4675
bot2,0.7,0,-1.171e-12,4.48e-12,3.05e-12,4.48e-12,1.171e-12,-117426021606.38805
bot2,0.8,0,-2.019e-12,1.284e-11,4.17e-12,1.284e-11,2.019e-12,-128419160138.69266
bot2,0.9,0,-2.7284e-12,2.7580000000000003e-11,5.820000000000001e-12,2.7580000000000003e-11,2.7284e-12,-147928994082.84018
bot2,1.0,0,-3.371e-12,4.338e-11,8.380000000000001e-12,4.338e-11,3.371e-12,-175039383861.36887
bot2,1.1,0,-3.871e-12,5.2970000000000006e-11,1.151e-11,5.2970000000000006e-11,3.871e-12,-275178866263.07104
bot2,1.2,0,-4.0978e-12,5.85e-11,1.6890000000000003e-11,5.85e-11,4.0978e-12,-484966052376.3334
bot2,1.3,0,-4.2834e-12,6.027e-11,2.232e-11,6.027e-11,4.2834e-12,22757788853.23504
bot2,1.4,0,4.6904e-12,-2.2920000000000003e-11,-3.5740000000000004e-11,2.2920000000000003e-11,4.6904e-12,23828246002.81173
bot2,1.5,0,4.11e-12,-5.4e-13,-1.555e-11,5.4e-13,4.11e-12,-32651995036.896744
bot2,1.6,0,-1.4348e-12,1.7200000000000001e-12,-1.9200000000000003e-12,1.7200000000000001e-12,1.4348e-12,-47127574343.74851
bot2,1.7,0,-1.338e-13,7.700000000000002e-13,-2.11e-12,7.700000000000002e-13,1.338e-13,83899656011.41035
bot2,1.8,0,9.49e-13,-2.8900000000000004e-12,-2.500000000000001e-12,2.8900000000000004e-12,9.49e-13,94091080165.60036
bot2,1.9,0,1.9918e-12,-1.453e-11,-4.52e-12,1.453e-11,1.9918e-12,106360348861.94424
bot2,2.0,0,2.8294e-12,-2.759e-11,-5.930000000000001e-12,2.759e-11,2.8294e-12,142775556824.6716
bot2,2.1,0,3.3926e-12,-4.0040000000000005e-11,-8.190000000000001e-12,4.0040000000000005e-11,3.3926e-12,199960007998.4005
bot2,2.2,0,3.8296e-12,-5.2170000000000006e-11,-1.148e-11,5.2170000000000006e-11,3.8296e-12,316856780735.10803
bot2,2.3000000000000003,0,4.0238e-12,-5.991e-11,-1.6450000000000002e-11,5.991e-11,4.0238e-12,498504486540.37775
bot2,2.4,0,4.2308e-12,-6.046e-11,-2.223e-11,6.046e-11,4.2308e-12,-22896918074.8271
bot2,2.5,0,-4.711e-12,2.2900000000000003e-11,3.5410000000000004e-11,2.2900000000000003e-11,4.711e-12,-24076080414.108604
bot2,2.6,0,-4.0762e-12,2.5500000000000002e-12,1.2990000000000002e-11,2.5500000000000002e-12,4.0762e-12,33585222502.09911
bot2,2.7,0,1.244e-12,-1.9400000000000002e-12,1.23e-12,1.9400000000000002e-12,1.244e-12,49229557426.27878
bot2,2.8000000000000003,0,-1.36e-14,-4.1e-13,1.6700000000000006e-12,4.1e-13,1.36e-14,-84430935494.76515
bot2,2.9,0,-1.1248e-12,4.48e-12,2.95e-12,4.48e-12,1.1248e-12,-94064528266.39062
bot2,3.0,0,-2.1398e-12,1.4830000000000002e-11,4.02e-12,1.4830000000000002e-11,2.1398e-12,-113973102347.846
bot2,3.1,0,-2.8796e-12,2.888e-11,6.3200000000000005e-12,2.888e-11,2.8796e-12,-161186331399.09747
bot2,3.2,0,-3.3806e-12,4.195e-11,8.21e-12,4.195e-11,3.3806e-12,-195924764890.28235
bot2,3.3000000000000003,0,-3.9004e-12,5.431e-11,1.202e-11,5.431e-11,3.9004e-12,-259268861809.69623
bot2,3.4,0,-4.152e-12,6.001000000000001e-11,1.664e-11,6.001000000000001e-11,4.152e-12,-488758553274.6813
bot2,3.5,0,-4.3096e-12,5.999e-11,2.214e-11,5.999e-11,4.3096e-12,22510861490.669266
bot2,3.6,0,4.7326e-12,-2.096e-11,-3.572e-11,2.096e-11,4.7326e-12,24258302403.99779
bot2,3.7,0,3.935e-12,-1.2500000000000001e-12,-1.316e-11,1.2500000000000001e-12,3.935e-12,-35012779664.5776
bot2,3.8,0,-9.796e-13,2.7600000000000004e-12,-1.9200000000000003e-12,2.7600000000000004e-12,9.796e-13,-55420084238.52797
bot2,3.9,0,3.262e-13,-8.2e-13,-2.62e-12,8.2e-13,3.262e-13,83731055848.61415
bot2,4.0,0,1.409e-12,-6.1700000000000006e-12,-3.440000000000001e-12,6.1700000000000006e-12,1.409e-12,94215187488.223
bot2,4.1,0,2.449e-12,-2.1190000000000003e-11,-5.03e-12,2.1190000000000003e-11,2.449e-12,114626318202.65944
bot2,4.2,0,3.1538e-12,-3.646e-11,-7.45e-12,3.646e-11,3.1538e-12,155836060464.3916
bot2,4.3,0,3.7324e-12,-4.9770000000000006e-11,-1.018e-11,4.9770000000000006e-11,3.7324e-12,229200091680.03683
bot2,4.4,0,4.0264e-12,-5.71e-11,-1.424e-11,5.71e-11,4.0264e-12,518134715025.907
bot2,4.5,0,4.1184e-12,-6.098e-11,-1.927e-11,6.098e-11,4.1184e-12,882612533097.9713
bot2,4.6000000000000005,0,4.253e-12,-5.977e-11,-2.444e-11,5.977e-11,4.253e-12,-22415493589.168854
bot2,4.7,0,-4.804e-12,1.7960000000000002e-11,3.621e-11,1.7960000000000002e-11,4.804e-12,-24425392638.186573
bot2,4.8,0,-3.9352e-12,1.6600000000000002e-12,1.088e-11,1.6600000000000002e-12,3.9352e-12,33764392072.12077
bot2,4.9,0,1.1194e-12,-1.1100000000000001e-12,7.5e-13,1.1100000000000001e-12,1.1194e-12,52094186288.81021
bot2,5.0,0,-9.6e-14,8.000000000000001e-14,2.08e-12,8.000000000000001e-14,9.6e-14,-82277439526.08165
bot2,0.0,1,3.7226e-12,-5.7590000000000005e-11,-1.432e-11,5.7590000000000005e-11,3.7226e-12,210260723296.8885
bot2,0.1,1,4.1982e-12,-6.113e-11,-2.215e-11,6.113e-11,4.1982e-12,-23574341686.508408
bot2,0.2,1,-4.7612e-12,2.264e-11,3.5050000000000004e-11,2.264e-11,4.7612e-12,-23948080561.34301
bot2,0.3,1,-4.1532e-12,1.93e-12,1.4110000000000002e-11,1.93e-12,4.1532e-12,32285142377.47789
bot2,0.4,1,1.4336e-12,-2.6000000000000002e-12,1.0600000000000001e-12,2.6000000000000002e-12,1.4336e-12,48971596474.04506
bot2,0.5,1,-6.92e-14,1.3e-13,2.04e-12,1.3e-13,6.92e-14,-77700077700.07768
bot2,0.6,1,-1.1404e-12,3.96e-12,2.9e-12,3.96e-12,1.1404e-12,-100310963988.36395
bot2,0.7,1,-2.063e-12,1.447e-11,3.8800000000000004e-12,1.447e-11,2.063e-12,-114797382619.67632
bot2,0.8,1,-2.8826e-12,2.987e-11,6.490000000000001e-12,2.987e-11,2.8826e-12,-141003948110.54706
bot2,0.9,1,-3.4814e-12,4.593e-11,8.93e-12,4.593e-11,3.4814e-12,-205846027171.67545
bot2,1.0,1,-3.8542e-12,5.5270000000000007e-11,1.289e-11,5.5270000000000007e-11,3.8542e-12,-288766965059.19745
bot2,1.1,1,-4.174e-12,6.023000000000001e-11,1.7870000000000002e-11,6.023000000000001e-11,4.174e-12,-399201596806.38745
bot2,1.2,1,-4.3552e-12,5.975e-11,2.396e-11,5.975e-11,4.3552e-12,22306988779.58464
bot2,1.3,1,4.7918e-12,-1.5650000000000002e-11,-3.624e-11,1.5650000000000002e-11,4.7918e-12,24422410003.41916
bot2,1.4,1,3.834e-12,-1.6100000000000002e-12,-1.101e-11,1.6100000000000002e-12,3.834e-12,-36115424897.97392
bot2,1.5,1,-7.46e-13,1.7000000000000002e-12,-1.64e-12,1.7000000000000002e-12,7.46e-13,-59315499139.925255
bot2,1.6,1,4.622e-13,-2.6000000000000002e-12,-2.82e-12,2.6000000000000002e-12,4.622e-13,83633018315.631
bot2,1.7,1,1.6454e-12,-9.44e-12,-3.740000000000001e-12,9.44e-12,1.6454e-12,91675834250.09164
bot2,1.8,1,2.6438e-12,-2.6380000000000004e-11,-6.1e-12,2.6380000000000004e-11,2.6438e-12,120105693009.84875
bot2,1.9,1,3.3106e-12,-4.09e-11,-8e-12,4.09e-11,3.3106e-12,168548794876.11658
bot2,2.0,1,3.8304e-12,-5.1800000000000005e-11,-1.1350000000000002e-11,5.1800000000000005e-11,3.8304e-12,263574064312.07172
bot2,2.1,1,4.0694e-12,-5.838000000000001e-11,-1.5670000000000002e-11,5.838000000000001e-11,4.0694e-12,551876379690.9507
bot2,2.2,1,4.1928e-12,-5.982e-11,-2.0460000000000003e-11,5.982e-11,4.1928e-12,-22772299774.554253
bot2,2.3000000000000003,1,-4.7132e-12,2.6560000000000003e-11,3.4610000000000004e-11,2.6560000000000003e-11,4.7132e-12,-23532180256.500736
bot2,2.4,1,-4.3062e-12,1.23e-12,1.626e-11,1.23e-12,4.3062e-12,30755982038.506447
bot2,2.5,1,1.7896e-12,-2.500000000000001e-12,4.600000000000003e-13,2.500000000000001e-12,1.7896e-12,41218416388.44239
bot2,2.6,1,5.46e-13,-1.8200000000000003e-12,1.6200000000000004e-12,1.8200000000000003e-12,5.46e-13,-78009205086.20024
bot2,2.7,1,-7.742e-13,3.5500000000000004e-12,1.93e-12,3.5500000000000004e-12,7.742e-13,-86692674469.00746
bot2,2.8000000000000003,1,-1.761e-12,1.097e-11,3.790000000000001e-12,1.097e-11,1.761e-12,-106860440265.01376
bot2,2.9,1,-2.6458e-12,2.3920000000000003e-11,5.44e-12,2.3920000000000003e-11,2.6458e-12,-127632418634.33296
bot2,3.0,1,-3.328e-12,4.153e-11,7.690000000000001e-12,4.153e-11,3.328e-12,-173250173250.1734
bot2,3.1,1,-3.8002e-12,5.262e-11,1.151e-11,5.262e-11,3.8002e-12,-262605042016.80692
bot2,3.2,1,-4.0896e-12,5.853e-11,1.5560000000000002e-11,5.853e-11,4.0896e-12,-497265042267.529
bot2,3.3000000000000003,1,-4.2024e-12,6.044e-11,2.0570000000000003e-11,6.044e-11,4.2024e-12,22648004710.78495
bot2,3.4,1,4.7412e-12,-2.719e-11,-3.5520000000000004e-11,2.719e-11,4.7412e-12,24126616483.30435
bot2,3.5,1,4.0872e-12,-1.4e-12,-1.478e-11,1.4e-12,4.0872e-12,-32014342425.40661
bot2,3.6,1,-1.506e-12,1.6700000000000006e-12,-1.6300000000000001e-12,1.6700000000000006e-12,1.506e-12,-47241118669.69014
bot2,3.7,1,-1.464e-13,1.23e-12,-2.1700000000000002e-12,1.23e-12,1.464e-13,77814956034.54991
bot2,3.8,1,1.0642e-12,-3.97e-12,-2.9900000000000004e-12,3.97e-12,1.0642e-12,89613764674.25385
bot2,3.9,1,2.0854e-12,-1.4310000000000002e-11,-4.74e-12,1.4310000000000002e-11,2.0854e-12,107654214662.50392
bot2,4.0,1,2.922e-12,-3.1670000000000005e-11,-6.520000000000001e-12,3.1670000000000005e-11,2.922e-12,136314067611.77734
bot2,4.1,1,3.5526e-12,-4.599e-11,-9.07e-12,4.599e-11,3.5526e-12,190331176246.66928
bot2,4.2,1,3.9728e-12,-5.542000000000001e-11,-1.311e-11,5.542000000000001e-11,3.9728e-12,341763499658.23706
bot2,4.3,1,4.1378e-12,-6.042000000000001e-11,-1.759e-11,6.042000000000001e-11,4.1378e-12,665778961384.8213
bot2,4.4,1,4.2732e-12,-6.025e-11,-2.2390000000000003e-11,6.025e-11,4.2732e-12,-22677793904.209023
bot2,4.5,1,-4.6814e-12,2.5980000000000004e-11,3.515e-11,2.5980000000000004e-11,4.6814e-12,-23465915757.362453
bot2,4.6000000000000005,1,-4.2498e-12,2.03e-12,1.571e-11,2.03e-12,4.2498e-12,31694716490.76102
bot2,4.7,1,1.6288e-12,-2.400000000000001e-12,9.000000000000001e-13,2.400000000000001e-12,1.6288e-12,43571086227.17949
bot2,4.8,1,3.404e-13,-1.02e-12,1.3400000000000006e-12,1.02e-12,3.404e-13,-81779522407.58922
bot2,4.9,1,-8.168e-13,3.63e-12,2.57e-12,3.63e-12,8.168e-13,-84976206662.13467
bot2,5.0,1,-2.0132e-12,1.384e-11,3.87e-12,1.384e-11,2.0132e-12,-83584085590.10336
bot2,0.0,2,3.6842e-12,-1.6290000000000003e-11,-5.3600000000000006e-12,1.6290000000000003e-11,3.6842e-12,102794383.06820264
bot2,0.1,2,9.765e-10,-1.2400000000000002e-12,-9.8514e-10,1.2400000000000002e-12,9.765e-10,161692493.5391722
bot2,0.2,2,1.2406e-09,-1.59e-12,-1.2144e-09,1.59e-12,1.2406e-09,793335977.7865926
bot2,0.3,2,1.2286e-09,-5.358e-11,-1.2428e-09,5.358e-11,1.2286e-09,13422818791.946293
bot2,0.4,2,1.2555e-09,-4.810000000000001e-12,-1.2708e-09,4.810000000000001e-12,1.2555e-09,5434782608.695665
bot2,0.5,2,1.2654e-09,-2.19e-12,-1.2349e-09,2.19e-12,1.2654e-09,-5154639175.257715
bot2,0.6,2,1.2167e-09,5.1880000000000006e-11,-1.195e-09,5.1880000000000006e-11,1.2167e-09,-2949852507.374636
bot2,0.7,2,1.1976e-09,4.58e-12,-1.1766e-09,4.58e-12,1.1976e-09,-9803921568.627527
bot2,0.8,2,1.1963e-09,1.22e-12,-1.1992e-09,1.22e-12,1.1963e-09,-66666666666.66457
bot2,0.9,2,1.1946e-09,-5.299e-11,-1.2166e-09,5.299e-11,1.1946e-09,11560693641.618542
bot2,1.0,2,1.2136e-09,-4.6900000000000004e-12,-1.2334e-09,4.6900000000000004e-12,1.2136e-09,10000000000.000038
bot2,1.1,2,1.2146e-09,-1.93e-12,-1.172e-09,1.93e-12,1.2146e-09,-5076142131.979682
bot2,1.2,2,1.1742e-09,5.1730000000000005e-11,-1.1803e-09,5.1730000000000005e-11,1.1742e-09,-7999999999.999992
bot2,1.3,2,1.1896e-09,2.8620000000000004e-11,-1.1568e-09,2.8620000000000004e-11,1.1896e-09,-13793103448.275972
bot2,1.4,2,1.1597e-09,1.95e-12,-1.1914e-09,1.95e-12,1.1597e-09,-10810810810.810877
bot2,1.5,2,1.1711e-09,-3.3590000000000004e-11,-1.1987e-09,3.3590000000000004e-11,1.1711e-09,6329113924.050637
bot2,1.6,2,1.1913e-09,-2.775e-11,-1.2247e-09,2.775e-11,1.1913e-09,3184713375.796176
bot2,1.7,2,1.2339e-09,-2.36e-12,-1.2107e-09,2.36e-12,1.2339e-09,8163265306.122424
bot2,1.8,2,1.2158e-09,3.08e-11,-1.1888999999999999e-09,3.08e-11,1.2158e-09,-3731343283.5820856
bot2,1.9,2,1.1803e-09,3.1950000000000003e-11,-1.1515e-09,3.1950000000000003e-11,1.1803e-09,-3262642740.619902
bot2,2.0,2,1.1545e-09,1.6200000000000004e-12,-1.1764e-09,1.6200000000000004e-12,1.1545e-09,-9950248756.21892
bot2,2.1,2,1.1602e-09,-3.169e-11,-1.1706e-09,3.169e-11,1.1602e-09,7092198581.560298
bot2,2.2,2,1.1827e-09,-3.183e-11,-1.1926e-09,3.183e-11,1.1827e-09,6249999999.999987
bot2,2.3000000000000003,2,1.1922e-09,-2.3300000000000004e-12,-1.1765e-09,2.3300000000000004e-12,1.1922e-09,166666666666.67276
bot2,2.4,2,1.1839e-09,2.8380000000000003e-11,-1.1591e-09,2.8380000000000003e-11,1.1839e-09,-6557377049.180308
bot2,2.5,2,1.1617e-09,3.409e-11,-1.1114e-09,3.409e-11,1.1617e-09,-2919708029.1970863
bot2,2.6,2,1.1154e-09,2.5600000000000004e-12,-1.1189e-09,2.5600000000000004e-12,1.1154e-09,-6410256410.256404
bot2,2.7,2,1.1305e-09,-2.799e-11,-1.1551e-09,2.799e-11,1.1305e-09,4576659038.901609
bot2,2.8000000000000003,2,1.1591e-09,-3.974e-11,-1.1664e-09,3.974e-11,1.1591e-09,-30303030303.03046
bot2,2.9,2,1.1239e-09,-2.9000000000000013e-13,-1.1116e-09,2.9000000000000013e-13,1.1239e-09,-10582010582.010565
bot2,3.0,2,1.1402e-09,2.231e-11,-1.1121e-09,2.231e-11,1.1402e-09,-6230529595.015596
bot2,3.1,2,1.0918e-09,4.36e-11,-1.0787e-09,4.36e-11,1.0918e-09,-3906250000.000004
bot2,3.2,2,1.089e-09,7.900000000000002e-13,-1.0875e-09,7.900000000000002e-13,1.089e-09,-15503875968.992228
bot2,3.3000000000000003,2,1.0789e-09,-1.7310000000000003e-11,-1.1196e-09,1.7310000000000003e-11,1.0789e-09,9433962264.15098
bot2,3.4,2,1.1102e-09,-4.7540000000000005e-11,-1.1355e-09,4.7540000000000005e-11,1.1102e-09,3636363636.363637
bot2,3.5,2,1.1339e-09,-1.14e-12,-1.1157e-09,1.14e-12,1.1339e-09,19607843137.254868
bot2,3.6,2,1.1204e-09,1.252e-11,-1.1119e-09,1.252e-11,1.1204e-09,-4255319148.936179
bot2,3.7,2,1.0869e-09,5.557e-11,-1.0786e-09,5.557e-11,1.0869e-09,-7434944237.918227
bot2,3.8,2,1.0935e-09,1.5600000000000002e-12,-1.0691e-09,1.5600000000000002e-12,1.0935e-09,-10869565217.391254
bot2,3.9,2,1.0685e-09,-8.890000000000003e-12,-1.1241e-09,8.890000000000003e-12,1.0685e-09,400000000000.04224
bot2,4.0,2,1.094e-09,-5.782000000000001e-11,-1.097e-09,5.782000000000001e-11,1.094e-09,5899705014.749245
bot2,4.1,2,1.1024e-09,-9.8e-13,-1.1107e-09,9.8e-13,1.1024e-09,9216589861.751144
bot2,4.2,2,1.1157e-09,6.390000000000001e-12,-1.0838e-09,6.390000000000001e-12,1.1157e-09,-21505376344.08614
bot2,4.3,2,1.0931e-09,5.972e-11,-1.0789e-09,5.972e-11,1.0931e-09,-3129890453.8341208
bot2,4.4,2,1.0518e-09,9.200000000000001e-13,-1.0425e-09,9.200000000000001e-13,1.0518e-09,-3623188405.797093
bot2,4.5,2,1.0379e-09,-6.020000000000002e-12,-1.0562e-09,6.020000000000002e-12,1.0379e-09,7067137809.187286
bot2,4.6000000000000005,2,1.0801e-09,-6.047e-11,-1.0961e-09,6.047e-11,1.0801e-09,2989536621.823617
bot2,4.7,2,1.1048e-09,-1.78e-12,-1.0931e-09,1.78e-12,1.1048e-09,4484304932.735407
bot2,4.8,2,1.1247e-09,1.22e-12,-1.0818e-09,1.22e-12,1.1247e-09,-4926108374.384235
bot2,4.9,2,1.0642e-09,5.978e-11,-1.056e-09,5.978e-11,1.0642e-09,-1986097318.76862
bot2,5.0,2,1.024e-09,5.9e-13,-1.0048e-09,5.9e-13,1.024e-09,-2487562189.0547223
bot2,0.0,3,1.02942e-11,-4.78e-12,-3.6660000000000006e-11,4.78e-12,1.02942e-11,16859978.117771603
bot2,0.1,3,5.9415e-09,1.51e-12,-5.9817e-09,1.51e-12,5.9415e-09,15039509.769733226
bot2,0.2,3,1.33086e-08,-2.7000000000000002e-12,-1.33842e-08,2.7000000000000002e-12,1.33086e-08,8796970.323420614
bot2,0.3,3,2.86766e-08,-1.93e-12,-3.4108199999999994e-08,1.93e-12,2.86766e-08,5765516.446135663
bot2,0.4,3,4.79976e-08,-9e-14,-4.45096e-08,9e-14,4.79976e-08,5802954.864617064
bot2,0.5,3,6.31418e-08,2.4300000000000003e-12,-6.81094e-08,2.4300000000000003e-12,6.31418e-08,6465670.522361522
bot2,0.6,3,7.893019999999999e-08,2.29e-12,-7.975699999999999e-08,2.29e-12,7.893019999999999e-08,5571030.640668526
bot2,0.7,3,9.90418e-08,1.5800000000000001e-12,-9.75274e-08,1.5800000000000001e-12,9.90418e-08,6477271.255165625
bot2,0.8,3,1.098074e-07,1.3e-13,-1.1159280000000001e-07,1.3e-13,1.098074e-07,9141519.869093431
bot2,0.9,3,1.2092e-07,1.879e-11,-1.2114e-07,1.879e-11,1.2092e-07,8915596.052174062
bot2,1.0,3,1.3224e-07,-6.031000000000001e-11,-1.326e-07,6.031000000000001e-11,1.3224e-07,9319664.492078286
bot2,1.1,3,1.4238e-07,5.026e-11,-1.4134e-07,5.026e-11,1.4238e-07,10940919.03719912
bot2,1.2,3,1.5052e-07,-1.3190000000000002e-11,-1.5032e-07,1.3190000000000002e-11,1.5052e-07,17667844.522968195
bot2,1.3,3,1.537e-07,-2.400000000000001e-12,-1.546e-07,2.400000000000001e-12,1.537e-07,28653295.12893985
bot2,1.4,3,1.575e-07,7.600000000000002e-13,-1.5878e-07,7.600000000000002e-13,1.575e-07,30030030.030030105
bot2,1.5,3,1.6036e-07,-3.1660000000000004e-11,-1.6078e-07,3.1660000000000004e-11,1.6036e-07,44444444.444444485
bot2,1.6,3,1.62e-07,6.062e-11,-1.6252e-07,6.062e-11,1.62e-07,109890109.89010993
bot2,1.7,3,1.6218e-07,-4.133e-11,-1.6202e-07,4.133e-11,1.6218e-07,232558139.5348848
bot2,1.8,3,1.6286e-07,7.07e-12,-1.6254e-07,7.07e-12,1.6286e-07,-250000000.00000623
bot2,1.9,3,1.6138e-07,1.59e-12,-1.6134e-07,1.59e-12,1.6138e-07,-149253731.34328532
bot2,2.0,3,1.6152e-07,-1.1900000000000002e-12,-1.6023999999999998e-07,1.1900000000000002e-12,1.6152e-07,-909090909.0908624
bot2,2.1,3,1.6116e-07,6.055e-11,-1.5995999999999998e-07,6.055e-11,1.6116e-07,-4999999999.997644
bot2,2.2,3,1.6148e-07,-3.86e-11,-1.6098e-07,3.86e-11,1.6148e-07,399999999.9999914
bot2,2.3000000000000003,3,1.6166e-07,-7.200000000000003e-13,-1.6234e-07,7.200000000000003e-13,1.6166e-07,-769230769.2307572
bot2,2.4,3,1.6121999999999998e-07,1.5700000000000002e-12,-1.6006e-07,1.5700000000000002e-12,1.6121999999999998e-07,-192307692.3076893
bot2,2.5,3,1.6062e-07,-4.94e-12,-1.612e-07,4.94e-12,1.6062e-07,-217391304.34783
bot2,2.6,3,1.603e-07,5.496e-11,-1.6016e-07,5.496e-11,1.603e-07,-909090909.0909728
bot2,2.7,3,1.604e-07,-2.047e-11,-1.5942e-07,2.047e-11,1.604e-07,-10000000000.001904
bot2,2.8000000000000003,3,1.6028e-07,-9.5e-13,-1.5872e-07,9.5e-13,1.6028e-07,-91743119.2660545
bot2,2.9,3,1.5822e-07,1.26e-12,-1.5892e-07,1.26e-12,1.5822e-07,-285714285.7142855
bot2,3.0,3,1.5958e-07,-3.5e-13,-1.5936e-07,3.5e-13,1.5958e-07,256410256.41025305
bot2,3.1,3,1.59e-07,1.194e-11,-1.594e-07,1.194e-11,1.59e-07,-227272727.2727227
bot2,3.2,3,1.587e-07,-5.898e-11,-1.5916e-07,5.898e-11,1.587e-07,-1999999999.999852
bot2,3.3000000000000003,3,1.589e-07,4.684e-11,-1.5848e-07,4.684e-11,1.589e-07,624999999.9999626
bot2,3.4,3,1.5902e-07,-9.47e-12,-1.5908e-07,9.47e-12,1.5902e-07,129870129.87012976
bot2,3.5,3,1.6044e-07,-1.5800000000000001e-12,-1.6023999999999998e-07,1.5800000000000001e-12,1.6044e-07,188679245.2830218
bot2,3.6,3,1.6008e-07,5.2e-13,-1.5936e-07,5.2e-13,1.6008e-07,-370370370.3703683
bot2,3.7,3,1.599e-07,-2.417e-11,-1.5922e-07,2.417e-11,1.599e-07,-588235294.1176676
bot2,3.8,3,1.5974e-07,5.998000000000001e-11,-1.5948e-07,5.998000000000001e-11,1.5974e-07,-212765957.4468066
bot2,3.9,3,1.5896e-07,-1.55e-11,-1.5924e-07,1.55e-11,1.5896e-07,-263157894.73683664
bot2,4.0,3,1.5898e-07,-2.5600000000000004e-12,-1.5876e-07,2.5600000000000004e-12,1.5898e-07,
bot2,4.1,3,1.5896e-07,2.680000000000001e-12,-1.586e-07,2.680000000000001e-12,1.5896e-07,555555555.5555388
bot2,4.2,3,1.5934e-07,-7.800000000000002e-13,-1.5976e-07,7.800000000000002e-13,1.5934e-07,285714285.7142861
bot2,4.3,3,1.5966e-07,2.4140000000000003e-11,-1.5924e-07,2.4140000000000003e-11,1.5966e-07,243902439.02438945
bot2,4.4,3,1.6016e-07,-6.174000000000001e-11,-1.5976e-07,6.174000000000001e-11,1.6016e-07,-588235294.1176676
bot2,4.5,3,1.5932e-07,3.674e-11,-1.5972e-07,3.674e-11,1.5932e-07,-384615384.6153796
bot2,4.6000000000000005,3,1.5964e-07,-2.6000000000000002e-12,-1.5976e-07,2.6000000000000002e-12,1.5964e-07,192307692.30769467
bot2,4.7,3,1.6036e-07,-2.1700000000000002e-12,-1.6008e-07,2.1700000000000002e-12,1.6036e-07,-476190476.1904748
bot2,4.8,3,1.5922e-07,9.000000000000001e-13,-1.598e-07,9.000000000000001e-13,1.5922e-07,-166666666.666669
bot2,4.9,3,1.5916e-07,-2.511e-11,-1.6064e-07,2.511e-11,1.5916e-07,-1250000000.0000312
bot2,5.0,3,1.5906e-07,5.927e-11,-1.6028e-07,5.927e-11,1.5906e-07,-999999999.9999212
bot2,0.0,4,5.5238e-12,-2.149e-11,2.4030000000000003e-11,2.149e-11,5.5238e-12,7220072.62208966
bot2,0.1,4,1.38558e-08,6.230000000000001e-12,-1.2889599999999998e-08,6.230000000000001e-12,1.38558e-08,6748258.4651284525
bot2,0.2,4,2.96428e-08,-5.084e-11,-2.84958e-08,5.084e-11,2.96428e-08,4883670.957785548
bot2,0.3,4,5.48086e-08,-4.054e-11,-5.05312e-08,4.054e-11,5.48086e-08,3225140.616130864
bot2,0.4,4,9.16556e-08,-2.59e-11,-8.86814e-08,2.59e-11,9.16556e-08,2180753.9738789294
bot2,0.5,4,1.4652e-07,2.4300000000000003e-12,-1.5432e-07,2.4300000000000003e-12,1.4652e-07,1401891.431919946
bot2,0.6,4,2.3432e-07,-1.64e-12,-2.2744e-07,1.64e-12,2.3432e-07,1227295.0417280318
bot2,0.7,4,3.0948e-07,2.16e-12,-3.5602e-07,2.16e-12,3.0948e-07,1027643.6131949445
bot2,0.8,4,4.2894e-07,-4.204e-11,-4.4684e-07,4.204e-11,4.2894e-07,885112.4092759776
bot2,0.9,4,5.3544e-07,6.161000000000001e-11,-5.121e-07,6.161000000000001e-11,5.3544e-07,1216249.087813184
bot2,1.0,4,5.9338e-07,-3.256e-11,-5.8326e-07,3.256e-11,5.9338e-07,1001301.6921998606
bot2,1.1,4,7.351799999999999e-07,2.1000000000000001e-13,-7.0028e-07,2.1000000000000001e-13,7.351799999999999e-07,1094570.9281961469
bot2,1.2,4,7.761e-07,2.08e-12,-7.3422e-07,2.08e-12,7.761e-07,2606202.7625749246
bot2,1.3,4,8.1192e-07,-9.100000000000002e-13,-8.1304e-07,9.100000000000002e-13,8.1192e-07,1870207.5930428288
bot2,1.4,4,8.8304e-07,3.106e-11,-8.9022e-07,3.106e-11,8.8304e-07,22573363.431151267
bot2,1.5,4,8.2078e-07,-4.5830000000000005e-11,-1.06282e-06,4.5830000000000005e-11,8.2078e-07,1138692.78068777
bot2,1.6,4,1.05868e-06,-3.43e-12,-1.14768e-06,3.43e-12,1.05868e-06,497363.9709539437
bot2,1.7,4,1.2229000000000002e-06,3.194e-11,-1.1933e-06,3.194e-11,1.2229000000000002e-06,1038853.1061707862
bot2,1.8,4,1.2512000000000002e-06,-6.400000000000001e-13,-1.2685000000000002e-06,6.400000000000001e-13,1.2512000000000002e-06,2544529.2620865167
bot2,1.9,4,1.3015000000000002e-06,-6.053000000000001e-11,-1.3087e-06,6.053000000000001e-11,1.3015000000000002e-06,2020202.0202020195
bot2,2.0,4,1.3502000000000002e-06,4.0000000000000006e-14,-1.4244e-06,4.0000000000000006e-14,1.3502000000000002e-06,1776198.9342806393
bot2,2.1,4,1.4141e-06,2.0500000000000004e-12,-1.444e-06,2.0500000000000004e-12,1.4141e-06,1650165.0165016516
bot2,2.2,4,1.4714000000000002e-06,-1.484e-11,-1.4658000000000002e-06,1.484e-11,1.4714000000000002e-06,2673796.791443856
bot2,2.3000000000000003,4,1.4889e-06,5.685e-11,-1.4905000000000002e-06,5.685e-11,1.4889e-06,5141388.1748071965
bot2,2.4,4,1.5103000000000002e-06,-2.52e-12,-1.5110000000000002e-06,2.52e-12,1.5103000000000002e-06,5813953.488372078
bot2,2.5,4,1.5233e-06,-1.03e-12,-1.5238e-06,1.03e-12,1.5233e-06,10362694.30051816
bot2,2.6,4,1.5296e-06,4.7070000000000005e-11,-1.5324e-06,4.7070000000000005e-11,1.5296e-06,12658227.848101176
bot2,2.7,4,1.5391000000000002e-06,-3.798e-11,-1.5388000000000002e-06,3.798e-11,1.5391000000000002e-06,14925373.134328429
bot2,2.8000000000000003,4,1.543e-06,-2.3200000000000002e-12,-1.5423000000000005e-06,2.3200000000000002e-12,1.543e-06,27027027.02702728
bot2,2.9,4,1.5465e-06,1.23e-12,-1.5469000000000002e-06,1.23e-12,1.5465e-06,30769230.769230425
bot2,3.0,4,1.5495000000000002e-06,-4.883e-11,-1.5509000000000005e-06,4.883e-11,1.5495000000000002e-06,33898305.08474568
bot2,3.1,4,1.5524000000000002e-06,-2.450000000000001e-12,-1.5528000000000002e-06,2.450000000000001e-12,1.5524000000000002e-06,42553191.48936237
bot2,3.2,4,1.5542e-06,1.4300000000000002e-12,-1.5530000000000002e-06,1.4300000000000002e-12,1.5542e-06,100000000.00000316
bot2,3.3000000000000003,4,1.5544e-06,-5.528e-11,-1.5548e-06,5.528e-11,1.5544e-06,71428571.42857137
bot2,3.4,4,1.557e-06,2.679e-11,-1.5573e-06,2.679e-11,1.557e-06,95238095.23808797
bot2,3.5,4,1.5565000000000005e-06,1.6600000000000002e-12,-1.5583000000000002e-06,1.6600000000000002e-12,1.5565000000000005e-06,74074074.0740744
bot2,3.6,4,1.5597e-06,-5.536e-11,-1.5592000000000005e-06,5.536e-11,1.5597e-06,111111111.11111592
bot2,3.7,4,1.5583000000000002e-06,2.693e-11,-1.5583000000000002e-06,2.693e-11,1.5583000000000002e-06,-250000000.0000476
bot2,3.8,4,1.5589000000000002e-06,8.300000000000001e-13,-1.5598e-06,8.300000000000001e-13,1.5589000000000002e-06,90909090.90909272
bot2,3.9,4,1.5605e-06,-4.673e-11,-1.5604e-06,4.673e-11,1.5605e-06,166666666.66668335
bot2,4.0,4,1.5601e-06,6.080000000000001e-12,-1.5604e-06,6.080000000000001e-12,1.5601e-06,
bot2,4.1,4,1.5605e-06,1.14e-12,-1.5603e-06,1.14e-12,1.5605e-06,499999999.99996287
bot2,4.2,4,1.5605e-06,-5.4640000000000005e-11,-1.5616000000000002e-06,5.4640000000000005e-11,1.5605e-06,133333333.33332343
bot2,4.3,4,1.5620000000000005e-06,1.22e-12,-1.5634e-06,1.22e-12,1.5620000000000005e-06,64516129.03225768
bot2,4.4,4,1.5636000000000002e-06,1.64e-12,-1.5632e-06,1.64e-12,1.5636000000000002e-06,-1999999999.999852
bot2,4.5,4,1.5619000000000002e-06,-4.6130000000000006e-11,-1.5628e-06,4.6130000000000006e-11,1.5619000000000002e-06,499999999.99996287
bot2,4.6000000000000005,4,1.5640000000000002e-06,2.7100000000000004e-12,-1.5635000000000002e-06,2.7100000000000004e-12,1.5640000000000002e-06,83333333.3333345
bot2,4.7,4,1.5643000000000002e-06,1.7700000000000001e-12,-1.5645000000000002e-06,1.7700000000000001e-12,1.5643000000000002e-06,-999999999.9999212
bot2,4.8,4,1.5638000000000002e-06,-5.939e-11,-1.5659e-06,5.939e-11,1.5638000000000002e-06,999999999.9999256
bot2,4.9,4,1.5645000000000002e-06,2.74e-12,-1.5652e-06,2.74e-12,1.5645000000000002e-06,111111111.11111592
bot2,5.0,4,1.5656e-06,3.3e-13,-1.5656e-06,3.3e-13,1.5656e-06,90909090.90910126
bot2,0.0,5,1.59956e-11,2.205e-11,-7.85e-12,2.205e-11,1.59956e-11,1613579.7737801175
bot2,0.1,5,6.199e-08,-4.479e-11,-6.294239999999999e-08,4.479e-11,6.199e-08,1164252.7527434912
bot2,0.2,5,1.718e-07,4.763e-11,-1.7316e-07,4.763e-11,1.718e-07,826139.0392002973
bot2,0.3,5,3.0408e-07,-5.75e-11,-3.0188e-07,5.75e-11,3.0408e-07,727431.439586819
bot2,0.4,5,4.4674e-07,3.029e-11,-4.474e-07,3.029e-11,4.4674e-07,729235.0324509592
bot2,0.5,5,5.7834e-07,-4.800000000000001e-13,-5.6896e-07,4.800000000000001e-13,5.7834e-07,635768.3260219975
bot2,0.6,5,7.613199999999999e-07,-2.450000000000001e-12,-7.471e-07,2.450000000000001e-12,7.613199999999999e-07,577233.8951743249
bot2,0.7,5,9.2482e-07,-1.5800000000000001e-12,-9.0148e-07,1.5800000000000001e-12,9.2482e-07,619041.7234121582
bot2,0.8,5,1.0844e-06,-1.234e-11,-1.08304e-06,1.234e-11,1.0844e-06,637186.1858034913
bot2,0.9,5,1.2387e-06,5.44e-12,-1.2361e-06,5.44e-12,1.2387e-06,654022.2367560493
bot2,1.0,5,1.3902e-06,2.764e-11,-1.3903e-06,2.764e-11,1.3902e-06,740466.4938911516
bot2,1.1,5,1.5088e-06,2.75e-12,-1.5728000000000002e-06,2.75e-12,1.5088e-06,600600.6006006004
bot2,1.2,5,1.7232e-06,-2.87e-12,-1.715e-06,2.87e-12,1.7232e-06,547795.1246233906
bot2,1.3,5,1.8739e-06,5.1800000000000005e-11,-1.9012e-06,5.1800000000000005e-11,1.8739e-06,576867.6088837613
bot2,1.4,5,2.0699000000000003e-06,-1.64e-12,-2.0848000000000004e-06,1.64e-12,2.0699000000000003e-06,807428.3407347598
bot2,1.5,5,2.1216e-06,-2.9400000000000004e-12,-2.2242e-06,2.9400000000000004e-12,2.1216e-06,2663115.845539283
bot2,1.6,5,2.145e-06,5.928e-11,-2.3454000000000004e-06,5.928e-11,2.145e-06,568181.8181818178
bot2,1.7,5,2.4736000000000003e-06,-5.59e-12,-2.3501e-06,5.59e-12,2.4736000000000003e-06,468384.074941452
bot2,1.8,5,2.572e-06,-3.5000000000000004e-12,-2.5385000000000003e-06,3.5000000000000004e-12,2.572e-06,822368.4210526322
bot2,1.9,5,2.7168000000000004e-06,4.775e-11,-2.6472000000000003e-06,4.775e-11,2.7168000000000004e-06,458715.596330275
bot2,2.0,5,3.0080000000000003e-06,-3.712e-11,-3.0176e-06,3.712e-11,3.0080000000000003e-06,478697.9415988509
bot2,2.1,5,3.1346000000000004e-06,-2.3200000000000002e-12,-3.1523000000000003e-06,2.3200000000000002e-12,3.1346000000000004e-06,819336.3375665721
bot2,2.2,5,3.2521e-06,1.684e-11,-3.2715000000000004e-06,1.684e-11,3.2521e-06,4175365.3444676446
bot2,2.3000000000000003,5,3.1825000000000004e-06,-3.632e-11,-3.266e-06,3.632e-11,3.1825000000000004e-06,981354.268891068
bot2,2.4,5,3.4559e-06,-1.6700000000000006e-12,-3.4472e-06,1.6700000000000006e-12,3.4559e-06,581564.4082582141
bot2,2.5,5,3.5264e-06,-4.4000000000000004e-13,-3.5383000000000005e-06,4.4000000000000004e-13,3.5264e-06,3355704.6979865665
bot2,2.6,5,3.5155000000000005e-06,-3.448e-11,-3.4654000000000003e-06,3.448e-11,3.5155000000000005e-06,-22222222.222222663
bot2,2.7,5,3.5174000000000004e-06,-1.3700000000000002e-11,-3.7063e-06,1.3700000000000002e-11,3.5174000000000004e-06,874890.6386701677
bot2,2.8000000000000003,5,3.7441e-06,2.68e-11,-3.8061e-06,2.68e-11,3.7441e-06,559440.5594405581
bot2,2.9,5,3.874900000000001e-06,-3.5450000000000004e-11,-3.8758e-06,3.5450000000000004e-11,3.874900000000001e-06,1167542.3234092195
bot2,3.0,5,3.915400000000001e-06,-6.3e-13,-3.917300000000001e-06,6.3e-13,3.915400000000001e-06,2453987.7300613523
bot2,3.1,5,3.956400000000001e-06,2.44e-11,-3.8979e-06,2.44e-11,3.956400000000001e-06,6079027.35562308
bot2,3.2,5,3.948300000000001e-06,-5.212e-11,-3.9402e-06,5.212e-11,3.948300000000001e-06,8733624.45414871
bot2,3.3000000000000003,5,3.9793e-06,-1.6100000000000002e-12,-3.9885e-06,1.6100000000000002e-12,3.9793e-06,2447980.4161566803
bot2,3.4,5,4.03e-06,7.900000000000002e-13,-4.0304e-06,7.900000000000002e-13,4.03e-06,2447980.4161566547
bot2,3.5,5,4.061000000000001e-06,-6.046e-11,-4.0616e-06,6.046e-11,4.061000000000001e-06,3795066.4136622166
bot2,3.6,5,4.082700000000001e-06,-2.36e-12,-4.0817e-06,2.36e-12,4.082700000000001e-06,4201680.672268895
bot2,3.7,5,4.108600000000001e-06,-7.400000000000002e-13,-4.1099e-06,7.400000000000002e-13,4.108600000000001e-06,4739336.492891072
bot2,3.8,5,4.1249e-06,-5.423e-11,-4.1231e-06,5.423e-11,4.1249e-06,9803921.568627518
bot2,3.9,5,4.129000000000001e-06,1.5700000000000002e-12,-4.137600000000001e-06,1.5700000000000002e-12,4.129000000000001e-06,8333333.333333284
bot2,4.0,5,4.1489e-06,3.590000000000001e-12,-4.147e-06,3.590000000000001e-12,4.1489e-06,7462686.567164317
bot2,4.1,5,4.1558e-06,-6.002e-11,-4.159500000000001e-06,6.002e-11,4.1558e-06,17094017.094016753
bot2,4.2,5,4.1606e-06,6.3700000000000005e-12,-4.1613e-06,6.3700000000000005e-12,4.1606e-06,16949152.54237223
bot2,4.3,5,4.1676000000000006e-06,1.0100000000000001e-12,-4.168100000000001e-06,1.0100000000000001e-12,4.1676000000000006e-06,17241379.310344808
bot2,4.4,5,4.1722000000000005e-06,-6.072000000000001e-11,-4.1718e-06,6.072000000000001e-11,4.1722000000000005e-06,22222222.222221617
bot2,4.5,5,4.176600000000001e-06,3.7820000000000005e-11,-4.1759e-06,3.7820000000000005e-11,4.176600000000001e-06,21276595.74468023
bot2,4.6000000000000005,5,4.181600000000001e-06,2.400000000000001e-12,-4.1815000000000005e-06,2.400000000000001e-12,4.181600000000001e-06,25641025.641027912
bot2,4.7,5,4.1844e-06,-1.7890000000000002e-11,-4.1849e-06,1.7890000000000002e-11,4.1844e-06,35087719.29824676
bot2,4.8,5,4.1873000000000005e-06,3.9e-11,-4.1867e-06,3.9e-11,4.1873000000000005e-06,31746031.746030457
bot2,4.9,5,4.1907e-06,2.350000000000001e-12,-4.191600000000001e-06,2.350000000000001e-12,4.1907e-06,45454545.45455083
bot2,5.0,5,4.1917e-06,-1.4e-13,-4.1918e-06,1.4e-13,4.1917e-06,100000000.00003448
top1,0.0,-5,4.4924e-12,-2.704e-11,-3.9640000000000005e-11,2.704e-11,4.4924e-12,-44267374944.66579
top1,0.1,-5,2.2334e-12,-1.6200000000000004e-12,-3.3e-13,1.6200000000000004e-12,2.2334e-12,-55570991942.20618
top1,0.2,-5,8.934e-13,-1.7200000000000001e-12,1.23e-12,1.7200000000000001e-12,8.934e-13,-79725743442.5576
top1,0.3,-5,-2.752e-13,1.0600000000000001e-12,2e-12,1.0600000000000001e-12,2.752e-13,-78777375137.86041
top1,0.4,-5,-1.6454e-12,9.36e-12,3.67e-12,9.36e-12,1.6454e-12,-85207907293.79686
top1,0.5,-5,-2.6224e-12,2.201e-11,6.2e-12,2.201e-11,2.6224e-12,-127811860940.69528
top1,0.6,-5,-3.2102e-12,3.358e-11,8.97e-12,3.358e-11,3.2102e-12,-195427008012.50745
top1,0.7,-5,-3.6458e-12,4.21e-11,1.3e-11,4.21e-11,3.6458e-12,-250626566416.04016
top1,0.8,-5,-4.0082e-12,4.874e-11,1.8620000000000003e-11,4.874e-11,4.0082e-12,-326904217064.3999
top1,0.9,-5,-4.2576e-12,4.9440000000000006e-11,2.517e-11,4.9440000000000006e-11,4.2576e-12,22818026240.730167
top1,1.0,-5,4.7568e-12,-2.223e-11,-4.174e-11,2.223e-11,4.7568e-12,23722541158.60892
top1,1.1,-5,4.1732e-12,-2.41e-12,-1.781e-11,2.41e-12,4.1732e-12,-32008194097.689003
top1,1.2,-5,-1.4916e-12,2.1000000000000003e-12,-9.700000000000001e-13,2.1000000000000003e-12,1.4916e-12,-43923222207.58114
top1,1.3,-5,-3.802e-13,8e-13,-2.450000000000001e-12,8e-13,3.802e-13,90473174703.70049
top1,1.4,-5,7.19e-13,-2.3000000000000003e-12,-2.9900000000000004e-12,2.3000000000000003e-12,7.19e-13,102637791234.7326
top1,1.5,-5,1.5684e-12,-9.28e-12,-4.760000000000001e-12,9.28e-12,1.5684e-12,108143181572.40186
top1,1.6,-5,2.5684e-12,-2.234e-11,-6.9800000000000006e-12,2.234e-11,2.5684e-12,118877793628.15024
top1,1.7,-5,3.2508e-12,-3.412e-11,-9.81e-12,3.412e-11,3.2508e-12,162628069604.81378
top1,1.8,-5,3.7982e-12,-4.326e-11,-1.344e-11,4.326e-11,3.7982e-12,254129606099.11084
top1,1.9,-5,4.0378e-12,-4.9000000000000005e-11,-1.85e-11,4.9000000000000005e-11,4.0378e-12,572409845449.3414
top1,2.0,-5,4.1476e-12,-5.138e-11,-2.5760000000000003e-11,5.138e-11,4.1476e-12,-22821150642.415382
top1,2.1,-5,-4.726e-12,1.653e-11,4.2260000000000005e-11,1.653e-11,4.726e-12,-24705388245.17629
top1,2.2,-5,-3.9478e-12,1.74e-12,1.425e-11,1.74e-12,3.9478e-12,35012779664.57761
top1,2.3000000000000003,-5,9.862e-13,-9.600000000000002e-13,1.36e-12,9.600000000000002e-13,9.862e-13,55791118054.00573
top1,2.4,-5,-3.63e-13,1.0600000000000001e-12,2.28e-12,1.0600000000000001e-12,3.63e-13,-82318077049.72
top1,2.5,-5,-1.4434e-12,6.96e-12,3.5500000000000004e-12,6.96e-12,1.4434e-12,-105374077976.8178
top1,2.6,-5,-2.261e-12,1.5430000000000002e-11,5.730000000000001e-12,1.5430000000000002e-11,2.261e-12,-120452902914.96036
top1,2.7,-5,-3.1038e-12,3.154e-11,8.55e-12,3.154e-11,3.1038e-12,-142959256611.8657
top1,2.8000000000000003,-5,-3.66e-12,4.159e-11,1.282e-11,4.159e-11,3.66e-12,-217013888888.8885
top1,2.9,-5,-4.0254e-12,4.7760000000000005e-11,1.891e-11,4.7760000000000005e-11,4.0254e-12,-390472471690.7458
top1,3.0,-5,-4.1722e-12,5.007e-11,2.58e-11,5.007e-11,4.1722e-12,22855575617.67195
top1,3.1,-5,4.7252e-12,-1.971e-11,-4.2120000000000006e-11,1.971e-11,4.7252e-12,23937188816.54541
top1,3.2,-5,4.183e-12,-1.8900000000000002e-12,-1.753e-11,1.8900000000000002e-12,4.183e-12,-32153306967.621647
top1,3.3000000000000003,-5,-1.495e-12,1.65e-12,-7.5e-13,1.65e-12,1.495e-12,-43325679130.0203
top1,3.4,-5,-4.332e-13,8.9e-13,-2.37e-12,8.9e-13,4.332e-13,89718284586.39859
top1,3.5,-5,7.341999999999999e-13,-3.46e-12,-2.85e-12,3.46e-12,7.341999999999999e-13,97924010967.4893
top1,3.6,-5,1.6092e-12,-8.790000000000003e-12,-4.340000000000001e-12,8.790000000000003e-12,1.6092e-12,108731107969.99033
top1,3.7,-5,2.5736e-12,-1.979e-11,-6.750000000000001e-12,1.979e-11,2.5736e-12,118427285646.6131
top1,3.8,-5,3.298e-12,-3.2650000000000005e-11,-8.700000000000001e-12,3.2650000000000005e-11,3.298e-12,162390386489.1196
top1,3.9,-5,3.8052e-12,-4.2560000000000006e-11,-1.2170000000000002e-11,4.2560000000000006e-11,3.8052e-12,236742424242.424
top1,4.0,-5,4.1428e-12,-4.759e-11,-1.7450000000000002e-11,4.759e-11,4.1428e-12,329706561160.5665
top1,4.1,-5,4.4118e-12,-5.0530000000000005e-11,-2.369e-11,5.0530000000000005e-11,4.4118e-12,-23204548091.42594
top1,4.2,-5,-4.4762e-12,2.548e-11,4.021e-11,2.548e-11,4.4762e-12,284900284900.2852
top1,4.3,-5,5.1138e-12,-1.14e-12,-3.6800000000000005e-11,1.14e-12,5.1138e-12,29063853285.66864
top1,4.4,-5,2.4052e-12,-2.13e-12,-5e-14,2.13e-12,2.4052e-12,-48702089319.63185
top1,4.5,-5,1.0072e-12,-1.6600000000000002e-12,1.45e-12,1.6600000000000002e-12,1.0072e-12,-80515297906.60233
top1,4.6000000000000005,-5,-7.88e-14,1.88e-12,2.070000000000001e-12,1.88e-12,7.88e-14,-94437623949.38152
top1,4.7,-5,-1.1106e-12,7.3e-12,3.8e-12,7.3e-12,1.1106e-12,-112032265292.4038
top1,4.8,-5,-1.864e-12,1.675e-11,5.520000000000001e-12,1.675e-11,1.864e-12,-138446628824.58826
top1,4.9,-5,-2.5552e-12,3.0030000000000005e-11,8.46e-12,3.0030000000000005e-11,2.5552e-12,-168918918918.9191
top1,5.0,-5,-3.048e-12,3.966e-11,1.168e-11,3.966e-11,3.048e-12,-202922077922.0772
top1,0.0,-4,-4.8442e-12,1.18e-12,3.789e-11,1.18e-12,4.8442e-12,33198326804.329063
top1,0.1,-4,-1.832e-12,2.0200000000000007e-12,-4.800000000000001e-13,2.0200000000000007e-12,1.832e-12,48056129559.325294
top1,0.2,-4,-6.824e-13,1.6100000000000002e-12,-2.070000000000001e-12,1.6100000000000002e-12,6.824e-13,91349228099.02255
top1,0.3,-4,3.574e-13,-1.8200000000000003e-12,-2.9e-12,1.8200000000000003e-12,3.574e-13,96711798839.45844
top1,0.4,-4,1.3856e-12,-6.180000000000001e-12,-3.790000000000001e-12,6.180000000000001e-12,1.3856e-12,112233445566.77892
top1,0.5,-4,2.1394e-12,-1.448e-11,-5.39e-12,1.448e-11,2.1394e-12,149253731343.28354
top1,0.6,-4,2.7256e-12,-2.398e-11,-7.0800000000000005e-12,2.398e-11,2.7256e-12,169750466813.7838
top1,0.7,-4,3.3176e-12,-3.597e-11,-1.016e-11,3.597e-11,3.3176e-12,189861401177.1408
top1,0.8,-4,3.779e-12,-4.415e-11,-1.482e-11,4.415e-11,3.779e-12,300120048019.2076
top1,0.9,-4,3.984e-12,-4.83e-11,-2.007e-11,4.83e-11,3.984e-12,465983224603.9144
top1,1.0,-4,4.2082e-12,-5.014e-11,-2.668e-11,5.014e-11,4.2082e-12,-22845132844.4475
top1,1.1,-4,-4.7706e-12,1.87e-11,4.193e-11,1.87e-11,4.7706e-12,-23981390441.017765
top1,1.2,-4,-4.1316e-12,1.4300000000000002e-12,1.754e-11,1.4300000000000002e-12,4.1316e-12,31136158420.77404
top1,1.3,-4,1.6528e-12,-1.7700000000000001e-12,1e-13,1.7700000000000001e-12,1.6528e-12,41566214980.46391
top1,1.4,-4,6.8e-13,-1.4300000000000002e-12,1.32e-12,1.4300000000000002e-12,6.8e-13,-93931993236.89648
top1,1.5,-4,-4.764e-13,3.4e-13,2.350000000000001e-12,3.4e-13,4.764e-13,-98902185738.3048
top1,1.6,-4,-1.3422e-12,7.0900000000000015e-12,3.72e-12,7.0900000000000015e-12,1.3422e-12,-113571834185.12204
top1,1.7,-4,-2.2374e-12,1.673e-11,5.4600000000000006e-12,1.673e-11,2.2374e-12,-117827265229.174
top1,1.8,-4,-3.0396e-12,3.0500000000000005e-11,8.33e-12,3.0500000000000005e-11,3.0396e-12,-143307537976.4977
top1,1.9,-4,-3.633e-12,4.086e-11,1.181e-11,4.086e-11,3.633e-12,-214132762312.63385
top1,2.0,-4,-3.9736e-12,4.775e-11,1.6540000000000002e-11,4.775e-11,3.9736e-12,-427167876975.6517
top1,2.1,-4,-4.1012e-12,4.982e-11,2.216e-11,4.982e-11,4.1012e-12,-678886625933.4697
top1,2.2,-4,-4.2682e-12,4.92e-11,2.989e-11,4.92e-11,4.2682e-12,22609088853.71921
top1,2.3000000000000003,-4,4.7448e-12,-1.05e-11,-4.298e-11,1.05e-11,4.7448e-12,24928331048.236286
top1,2.4,-4,3.7548e-12,-1.41e-12,-1.093e-11,1.41e-12,3.7548e-12,-36197784695.57658
top1,2.5,-4,-7.804e-13,2.04e-12,-1.74e-12,2.04e-12,7.804e-13,-62007812984.43609
top1,2.6,-4,5.294e-13,-2.06e-12,-2.87e-12,2.06e-12,5.294e-13,85200647524.92126
top1,2.7,-4,1.567e-12,-7.470000000000003e-12,-4.32e-12,7.470000000000003e-12,1.567e-12,106190931294.46756
top1,2.8000000000000003,-4,2.4128e-12,-1.8730000000000003e-11,-6.21e-12,1.8730000000000003e-11,2.4128e-12,123258967089.8556
top1,2.9,-4,3.1896e-12,-3.4210000000000004e-11,-9.82e-12,3.4210000000000004e-11,3.1896e-12,152765047357.16452
top1,3.0,-4,3.722e-12,-4.2850000000000006e-11,-1.4190000000000002e-11,4.2850000000000006e-11,3.722e-12,246366100024.63675
top1,3.1,-4,4.0014e-12,-4.9180000000000005e-11,-1.941e-11,4.9180000000000005e-11,4.0014e-12,379794910748.1959
top1,3.2,-4,4.2486e-12,-5.015e-11,-2.6430000000000003e-11,5.015e-11,4.2486e-12,-22846698652.0448
top1,3.3000000000000003,-4,-4.7526e-12,2.039e-11,4.1610000000000005e-11,2.039e-11,4.7526e-12,-23557680981.88411
top1,3.4,-4,-4.2412e-12,1.8000000000000002e-12,2.016e-11,1.8000000000000002e-12,4.2412e-12,30948254518.44512
top1,3.5,-4,1.7098e-12,-1.8900000000000002e-12,7.5e-13,1.8900000000000002e-12,1.7098e-12,42665756463.86214
top1,3.6,-4,4.464e-13,-7.400000000000002e-13,1.3800000000000002e-12,7.400000000000002e-13,4.464e-13,-82426640290.14185
top1,3.7,-4,-7.166e-13,1.6600000000000002e-12,2.5300000000000003e-12,1.6600000000000002e-12,7.166e-13,-94250706880.30168
top1,3.8,-4,-1.6756e-12,9.9e-12,4.33e-12,9.9e-12,1.6756e-12,-109182225133.74808
top1,3.9,-4,-2.5484e-12,2.005e-11,5.94e-12,2.005e-11,2.5484e-12,-140016802016.24176
top1,4.0,-4,-3.104e-12,3.1740000000000005e-11,8.61e-12,3.1740000000000005e-11,3.104e-12,-176397953783.7359
top1,4.1,-4,-3.6822e-12,4.049e-11,1.164e-11,4.049e-11,3.6822e-12,-232612235403.5825
top1,4.2,-4,-3.9638e-12,4.643e-11,1.682e-11,4.643e-11,3.9638e-12,-461254612546.1257
top1,4.3,-4,-4.1158e-12,4.974e-11,2.243e-11,4.974e-11,4.1158e-12,-652741514360.3131
top1,4.4,-4,-4.2702e-12,4.9480000000000006e-11,2.894e-11,4.9480000000000006e-11,4.2702e-12,22536734877.85092
top1,4.5,-4,4.7586e-12,-1.164e-11,-4.301e-11,1.164e-11,4.7586e-12,25264647179.202164
top1,4.6000000000000005,-4,3.646e-12,-1.5800000000000001e-12,-9.74e-12,1.5800000000000001e-12,3.646e-12,-37690336197.79892
top1,4.7,-4,-5.478e-13,1.7000000000000002e-12,-2.0500000000000004e-12,1.7000000000000002e-12,5.478e-13,-66387837748.12432
top1,4.8,-4,6.334e-13,-1.6200000000000004e-12,-2.730000000000001e-12,1.6200000000000004e-12,6.334e-13,80141048244.9111
top1,4.9,-4,1.9478e-12,-1.122e-11,-4.46e-12,1.122e-11,1.9478e-12,99591674136.04234
top1,5.0,-4,2.6416e-12,-2.13e-11,-6.76e-12,2.13e-11,2.6416e-12,144133756125.68408
top1,0.0,-3,-4.8226e-12,1.6200000000000004e-12,3.506e-11,1.6200000000000004e-12,4.8226e-12,12465408491.436264
top1,0.1,-3,3.1996e-12,-2.37e-12,-6.66e-12,2.37e-12,3.1996e-12,42727738848.060165
top1,0.2,-3,-1.418e-13,5.300000000000003e-13,-2.18e-12,5.300000000000003e-13,1.418e-13,-92824654228.163
top1,0.3,-3,1.045e-12,-3.290000000000001e-12,-3.440000000000001e-12,3.290000000000001e-12,1.045e-12,95574882920.7684
top1,0.4,-3,1.9508e-12,-1.209e-11,-4.73e-12,1.209e-11,1.9508e-12,117647058823.5294
top1,0.5,-3,2.745e-12,-2.398e-11,-7.0300000000000005e-12,2.398e-11,2.745e-12,147885241052.9429
top1,0.6,-3,3.3032e-12,-3.5530000000000006e-11,-9.98e-12,3.5530000000000006e-11,3.3032e-12,193798449612.40323
top1,0.7,-3,3.777e-12,-4.36e-11,-1.374e-11,4.36e-11,3.777e-12,290191526407.429
top1,0.8,-3,3.9924e-12,-4.821e-11,-1.8330000000000003e-11,4.821e-11,3.9924e-12,551876379690.9489
top1,0.9,-3,4.1394e-12,-5.131e-11,-2.511e-11,5.131e-11,4.1394e-12,-22952625780.389275
top1,1.0,-3,-4.7212e-12,2.201e-11,4.195e-11,2.201e-11,4.7212e-12,-24214834007.31289
top1,1.1,-3,-4.12e-12,6.8e-13,1.695e-11,6.8e-13,4.12e-12,32843958353.8608
top1,1.2,-3,1.3682e-12,-1.83e-12,1.2000000000000001e-12,1.83e-12,1.3682e-12,47817147228.9963
top1,1.3,-3,6.259999999999999e-14,-2.0000000000000003e-14,2.13e-12,2.0000000000000003e-14,6.259999999999999e-14,-79649542015.13347
top1,1.4,-3,-1.1428e-12,4.200000000000001e-12,3.48e-12,4.200000000000001e-12,1.1428e-12,-91332541784.63783
top1,1.5,-3,-2.1272e-12,1.317e-11,5.18e-12,1.317e-11,2.1272e-12,-120918984280.532
top1,1.6,-3,-2.7968e-12,2.457e-11,6.61e-12,2.457e-11,2.7968e-12,-154559505409.58267
top1,1.7,-3,-3.4212e-12,3.8e-11,1.03e-11,3.8e-11,3.4212e-12,-185185185185.1852
top1,1.8,-3,-3.8768e-12,4.5650000000000005e-11,1.459e-11,4.5650000000000005e-11,3.8768e-12,-308641975308.6424
top1,1.9,-3,-4.0692e-12,4.9000000000000005e-11,1.968e-11,4.9000000000000005e-11,4.0692e-12,-530785562632.6965
top1,2.0,-3,-4.2536e-12,5.045e-11,2.6160000000000003e-11,5.045e-11,4.2536e-12,22734506433.865314
top1,2.1,-3,4.728e-12,-2.063e-11,-4.2010000000000005e-11,2.063e-11,4.728e-12,23863500775.5638
top1,2.2,-3,4.1274e-12,-1.7000000000000002e-12,-1.856e-11,1.7000000000000002e-12,4.1274e-12,-30420101603.13938
top1,2.3000000000000003,-3,-1.8466e-12,1.96e-12,-5.6e-13,1.96e-12,1.8466e-12,-43500957021.054405
top1,2.4,-3,-4.702e-13,2.2000000000000002e-13,-2.14e-12,2.2000000000000002e-13,4.702e-13,78388335815.63054
top1,2.5,-3,7.048e-13,-2.31e-12,-2.9300000000000002e-12,2.31e-12,7.048e-13,93571629082.0624
top1,2.6,-3,1.6672e-12,-9.22e-12,-4.31e-12,9.22e-12,1.6672e-12,107886503398.42496
top1,2.7,-3,2.5586e-12,-2.012e-11,-6.2e-12,2.012e-11,2.5586e-12,119402985074.62695
top1,2.8000000000000003,-3,3.3422e-12,-3.401e-11,-9.62e-12,3.401e-11,3.3422e-12,178731009830.20538
top1,2.9,-3,3.6776e-12,-4.2560000000000006e-11,-1.333e-11,4.2560000000000006e-11,3.6776e-12,302846759539.67255
top1,3.0,-3,4.0026e-12,-4.7250000000000005e-11,-1.845e-11,4.7250000000000005e-11,4.0026e-12,382116927779.901
top1,3.1,-3,4.201e-12,-5.036e-11,-2.5410000000000003e-11,5.036e-11,4.201e-12,-23014959723.820503
top1,3.2,-3,-4.6874e-12,2.249e-11,4.13e-11,2.249e-11,4.6874e-12,-23678727031.6348
top1,3.3000000000000003,-3,-4.2454e-12,1.0100000000000001e-12,1.874e-11,1.0100000000000001e-12,4.2454e-12,31395202813.010128
top1,3.4,-3,1.683e-12,-1.3400000000000006e-12,5.1e-13,1.3400000000000006e-12,1.683e-12,42598509052.18312
top1,3.5,-3,4.496e-13,-1.6100000000000002e-12,1.5700000000000002e-12,1.6100000000000002e-12,4.496e-13,-80463469584.80858
top1,3.6,-3,-8.026e-13,1.96e-12,2.7000000000000002e-12,1.96e-12,8.026e-13,-89984702600.558
top1,3.7,-3,-1.773e-12,9.49e-12,4.0400000000000006e-12,9.49e-12,1.773e-12,-112384805574.28644
top1,3.8,-3,-2.5822e-12,2.3410000000000003e-11,6.81e-12,2.3410000000000003e-11,2.5822e-12,-140864910550.78162
top1,3.9,-3,-3.1928e-12,3.3160000000000005e-11,9.58e-12,3.3160000000000005e-11,3.1928e-12,-181061017562.9185
top1,4.0,-3,-3.6868e-12,4.293e-11,1.321e-11,4.293e-11,3.6868e-12,-229673863114.3773
top1,4.1,-3,-4.0636e-12,4.7770000000000007e-11,1.7620000000000003e-11,4.7770000000000007e-11,4.0636e-12,-358808754933.62067
top1,4.2,-3,-4.2442e-12,5.0680000000000006e-11,2.447e-11,5.0680000000000006e-11,4.2442e-12,22870211549.45685
top1,4.3,-3,4.6814e-12,-2.4500000000000003e-11,-4.164e-11,2.4500000000000003e-11,4.6814e-12,23814626943.868942
top1,4.4,-3,4.154e-12,-1.45e-12,-2.067e-11,1.45e-12,4.154e-12,-30227918505.53173
top1,4.5,-3,-1.935e-12,1.02e-12,-5.500000000000001e-13,1.02e-12,1.935e-12,-40356753702.732185
top1,4.6000000000000005,-3,-8.018e-13,1.59e-12,-1.7000000000000002e-12,1.59e-12,8.018e-13,87412587412.5875
top1,4.7,-3,3.53e-13,1.7e-13,-2.7600000000000004e-12,1.7e-13,3.53e-13,90950432014.55176
top1,4.8,-3,1.3972e-12,-6.51e-12,-3.8300000000000004e-12,6.51e-12,1.3972e-12,106326422115.89592
top1,4.9,-3,2.234e-12,-1.462e-11,-5.48e-12,1.462e-11,2.234e-12,132837407013.8152
top1,5.0,-3,2.9028e-12,-2.6450000000000003e-11,-7.790000000000001e-12,2.6450000000000003e-11,2.9028e-12,149521531100.4779
top1,0.0,-2,-4.8096e-12,1.09e-12,3.4070000000000005e-11,1.09e-12,4.8096e-12,12582098190.69428
top1,0.1,-2,3.1382e-12,-6.500000000000003e-13,-5.69e-12,6.500000000000003e-13,3.1382e-12,42016806722.68908
top1,0.2,-2,-4.96e-14,-5e-13,-2.0200000000000007e-12,5e-13,4.96e-14,-94795715233.6714
top1,0.3,-2,1.0284e-12,-4.140000000000001e-12,-3.5500000000000004e-12,4.140000000000001e-12,1.0284e-12,95238095238.09525
top1,0.4,-2,2.0504e-12,-1.324e-11,-5.33e-12,1.324e-11,2.0504e-12,109469074986.31636
top1,0.5,-2,2.8554e-12,-2.617e-11,-7.17e-12,2.617e-11,2.8554e-12,130667712008.3627
top1,0.6,-2,3.581e-12,-3.9170000000000005e-11,-1.0640000000000002e-11,3.9170000000000005e-11,3.581e-12,188359389715.57736
top1,0.7,-2,3.9172e-12,-4.512e-11,-1.4870000000000003e-11,4.512e-11,3.9172e-12,402576489533.0111
top1,0.8,-2,4.0778e-12,-4.943e-11,-2.102e-11,4.943e-11,4.0778e-12,703729767769.1766
top1,0.9,-2,4.2014e-12,-4.95e-11,-2.717e-11,4.95e-11,4.2014e-12,-22588660492.4328
top1,1.0,-2,-4.7762e-12,1.3480000000000002e-11,4.2560000000000006e-11,1.3480000000000002e-11,4.7762e-12,-24654832347.14005
top1,1.1,-2,-3.9106e-12,2.62e-12,1.406e-11,2.62e-12,3.9106e-12,34848062447.7279
top1,1.2,-2,9.63e-13,-1.8100000000000002e-12,1.3500000000000001e-12,1.8100000000000002e-12,9.63e-13,57451453521.774086
top1,1.3,-2,-4.294e-13,7.5e-13,2.730000000000001e-12,7.5e-13,4.294e-13,-81792900376.2474
top1,1.4,-2,-1.4822e-12,7.42e-12,3.740000000000001e-12,7.42e-12,1.4822e-12,-97818644233.59093
top1,1.5,-2,-2.474e-12,1.8730000000000003e-11,5.760000000000001e-12,1.8730000000000003e-11,2.474e-12,-117288294628.19608
top1,1.6,-2,-3.1874e-12,3.212e-11,8.810000000000001e-12,3.212e-11,3.1874e-12,-156568028808.5173
top1,1.7,-2,-3.7514e-12,4.3140000000000006e-11,1.3580000000000002e-11,4.3140000000000006e-11,3.7514e-12,-239005736137.6673
top1,1.8,-2,-4.0242e-12,4.8680000000000007e-11,1.905e-11,4.8680000000000007e-11,4.0242e-12,-457038391224.8628
top1,1.9,-2,-4.189e-12,4.9800000000000005e-11,2.4230000000000003e-11,4.9800000000000005e-11,4.189e-12,23028739867.35445
top1,2.0,-2,4.6606e-12,-2.404e-11,-4.133e-11,2.404e-11,4.6606e-12,23663038334.122097
top1,2.1,-2,4.263e-12,-7.3e-13,-2.047e-11,7.3e-13,4.263e-12,-30597882626.52227
top1,2.2,-2,-1.8758e-12,2.5300000000000003e-12,-6.900000000000001e-13,2.5300000000000003e-12,1.8758e-12,-41988579106.48308
top1,2.3000000000000003,-2,-5.002e-13,1.7700000000000001e-12,-2.2500000000000003e-12,1.7700000000000001e-12,5.002e-13,82712985938.79228
top1,2.4,-2,5.422e-13,-8.7e-13,-2.69e-12,8.7e-13,5.422e-13,98902185738.30469
top1,2.5,-2,1.522e-12,-7.770000000000001e-12,-4.100000000000001e-12,7.770000000000001e-12,1.522e-12,107747010020.47202
top1,2.6,-2,2.3984e-12,-1.6800000000000003e-11,-6.2700000000000005e-12,1.6800000000000003e-11,2.3984e-12,133173525103.2096
top1,2.7,-2,3.0238e-12,-2.901e-11,-7.62e-12,2.901e-11,3.0238e-12,164962058726.49307
top1,2.8000000000000003,-2,3.6108e-12,-4.153e-11,-1.252e-11,4.153e-11,3.6108e-12,211014982063.72632
top1,2.9,-2,3.9716e-12,-4.68e-11,-1.7420000000000003e-11,4.68e-11,3.9716e-12,389711613406.0791
top1,3.0,-2,4.124e-12,-4.982e-11,-2.234e-11,4.982e-11,4.124e-12,790513833992.096
top1,3.1,-2,4.2246e-12,-5.005e-11,-2.848e-11,5.005e-11,4.2246e-12,-22593764121.1026
top1,3.2,-2,-4.728e-12,1.533e-11,4.249e-11,1.533e-11,4.728e-12,-24259479391.57228
top1,3.3000000000000003,-2,-4.0196e-12,1.8100000000000002e-12,1.559e-11,1.8100000000000002e-12,4.0196e-12,32934821987.28712
top1,3.4,-2,1.3446e-12,-1.4400000000000001e-12,9.3e-13,1.4400000000000001e-12,1.3446e-12,47114252061.24848
top1,3.5,-2,2.254e-13,-4.800000000000001e-13,2.08e-12,4.800000000000001e-13,2.254e-13,-94652153336.4885
top1,3.6,-2,-7.683999999999999e-13,1.93e-12,2.8800000000000002e-12,1.93e-12,7.683999999999999e-13,-99930048965.72408
top1,3.7,-2,-1.776e-12,9.75e-12,4.11e-12,9.75e-12,1.776e-12,-104166666666.66676
top1,3.8,-2,-2.6884e-12,2.246e-11,6.9300000000000006e-12,2.246e-11,2.6884e-12,-128584287000.1284
top1,3.9,-2,-3.3314e-12,3.5640000000000006e-11,9.93e-12,3.5640000000000006e-11,3.3314e-12,-200964630225.08008
top1,4.0,-2,-3.6836e-12,4.404e-11,1.408e-11,4.404e-11,3.6836e-12,-277777777777.77734
top1,4.1,-2,-4.0514e-12,4.887e-11,1.8510000000000003e-11,4.887e-11,4.0514e-12,-359841669665.3478
top1,4.2,-2,-4.2394e-12,5.1120000000000007e-11,2.5340000000000003e-11,5.1120000000000007e-11,4.2394e-12,22643901997.192177
top1,4.3,-2,4.781e-12,-2.014e-11,-4.178e-11,2.014e-11,4.781e-12,23838470523.731216
top1,4.4,-2,4.1504e-12,-1.6e-12,-1.719e-11,1.6e-12,4.1504e-12,-32190568163.528114
top1,4.5,-2,-1.432e-12,2.54e-12,-1.3400000000000006e-12,2.54e-12,1.432e-12,-44474093840.33804
top1,4.6000000000000005,-2,-3.466e-13,3.900000000000001e-13,-1.79e-12,3.900000000000001e-13,3.466e-13,92807424593.9676
top1,4.7,-2,7.229999999999999e-13,-2.46e-12,-2.960000000000001e-12,2.46e-12,7.229999999999999e-13,103103412722.96075
top1,4.8,-2,1.5932e-12,-8.73e-12,-4.290000000000001e-12,8.73e-12,1.5932e-12,120250120250.12036
top1,4.9,-2,2.3862e-12,-1.812e-11,-6.0700000000000006e-12,1.812e-11,2.3862e-12,126103404791.92947
top1,5.0,-2,3.1792e-12,-2.978e-11,-8.85e-12,2.978e-11,3.1792e-12,126103404791.92894
top1,0.0,-1,-4.8286e-12,1.64e-12,3.3120000000000004e-11,1.64e-12,4.8286e-12,12686491423.9318
top1,0.1,-1,3.0538e-12,-1.8200000000000003e-12,-5.520000000000001e-12,1.8200000000000003e-12,3.0538e-12,42039769622.06248
top1,0.2,-1,-7.12e-14,1.0600000000000001e-12,-2.3200000000000002e-12,1.0600000000000001e-12,7.12e-14,-97040271712.7608
top1,0.3,-1,9.928e-13,-4.140000000000001e-12,-3.290000000000001e-12,4.140000000000001e-12,9.928e-13,100220485067.14772
top1,0.4,-1,1.9244e-12,-1.148e-11,-4.97e-12,1.148e-11,1.9244e-12,117952347251.7103
top1,0.5,-1,2.6884e-12,-2.453e-11,-7.240000000000001e-12,2.453e-11,2.6884e-12,143451441686.98892
top1,0.6,-1,3.3186e-12,-3.532e-11,-1e-11,3.532e-11,3.3186e-12,179629962277.70798
top1,0.7,-1,3.8018e-12,-4.275e-11,-1.327e-11,4.275e-11,3.8018e-12,302023557837.5113
top1,0.8,-1,3.9808e-12,-4.785e-11,-1.795e-11,4.785e-11,3.9808e-12,652315720808.8723
top1,0.9,-1,4.1084e-12,-5.015e-11,-2.46e-11,5.015e-11,4.1084e-12,-23213705371.651417
top1,1.0,-1,-4.6348e-12,2.544e-11,4.124e-11,2.544e-11,4.6348e-12,-23719727697.526043
top1,1.1,-1,-4.3234e-12,1.5300000000000001e-12,2.111e-11,1.5300000000000001e-12,4.3234e-12,29377203290.246765
top1,1.2,-1,2.1732e-12,-9.9e-13,-9.8e-13,9.9e-13,2.1732e-12,37416747736.28676
top1,1.3,-1,1.0218e-12,-1.0100000000000001e-12,1.1100000000000001e-12,1.0100000000000001e-12,1.0218e-12,-97608589555.881
top1,1.4,-1,1.242e-13,-8.000000000000001e-14,1.79e-12,8.000000000000001e-14,1.242e-13,-119090151244.49208
top1,1.5,-1,-6.576e-13,2.11e-12,2.69e-12,2.11e-12,6.576e-13,-118301194842.06789
top1,1.6,-1,-1.5664e-12,7.83e-12,3.82e-12,7.83e-12,1.5664e-12,-124084874053.8528
top1,1.7,-1,-2.2694e-12,1.794e-11,5.59e-12,1.794e-11,2.2694e-12,-147102088849.66162
top1,1.8,-1,-2.926e-12,2.7490000000000003e-11,7.6e-12,2.7490000000000003e-11,2.926e-12,-161655350792.11136
top1,1.9,-1,-3.5066e-12,3.92e-11,1.109e-11,3.92e-11,3.5066e-12,-220750551876.37964
top1,2.0,-1,-3.832e-12,4.4380000000000006e-11,1.4310000000000002e-11,4.4380000000000006e-11,3.832e-12,-346740638002.77374
top1,2.1,-1,-4.0834e-12,4.9180000000000005e-11,2.053e-11,4.9180000000000005e-11,4.0834e-12,-457456541628.5459
top1,2.2,-1,-4.2692e-12,5.001e-11,2.7250000000000003e-11,5.001e-11,4.2692e-12,22869165504.150776
top1,2.3000000000000003,-1,4.662e-12,-1.907e-11,-4.247e-11,1.907e-11,4.662e-12,23815761270.80899
top1,2.4,-1,4.1286e-12,-2.49e-12,-1.668e-11,2.49e-12,4.1286e-12,-31664608467.11626
top1,2.5,-1,-1.6542e-12,2.0500000000000004e-12,-1.2900000000000002e-12,2.0500000000000004e-12,1.6542e-12,-43018153660.84492
top1,2.6,-1,-5.206e-13,7e-13,-2.08e-12,7e-13,5.206e-13,82603667602.84163
top1,2.7,-1,7.67e-13,-1.91e-12,-2.830000000000001e-12,1.91e-12,7.67e-13,87290502793.29617
top1,2.8000000000000003,-1,1.7706e-12,-1.003e-11,-4.72e-12,1.003e-11,1.7706e-12,109938434476.6929
top1,2.9,-1,2.5862e-12,-2.063e-11,-6.230000000000001e-12,2.063e-11,2.5862e-12,147775971627.01324
top1,3.0,-1,3.124e-12,-3.1770000000000004e-11,-8.780000000000001e-12,3.1770000000000004e-11,3.124e-12,211774671749.259
top1,3.1,-1,3.5306e-12,-4.054e-11,-1.2160000000000002e-11,4.054e-11,3.5306e-12,277932184546.9707
top1,3.2,-1,3.8436e-12,-4.5950000000000007e-11,-1.577e-11,4.5950000000000007e-11,3.8436e-12,371195248700.8172
top1,3.3000000000000003,-1,4.0694e-12,-4.885e-11,-2.027e-11,4.885e-11,4.0694e-12,510204081632.65247
top1,3.4,-1,4.2356e-12,-5.103e-11,-2.602e-11,5.103e-11,4.2356e-12,-22708177214.614952
top1,3.5,-1,-4.738e-12,2.2610000000000003e-11,4.184e-11,2.2610000000000003e-11,4.738e-12,-23527197440.24094
top1,3.6,-1,-4.2652e-12,1.8100000000000002e-12,2.0150000000000003e-11,1.8100000000000002e-12,4.2652e-12,29442072721.919647
top1,3.7,-1,2.055e-12,-1.74e-12,-6.1e-13,1.74e-12,2.055e-12,37647767487.38803
top1,3.8,-1,1.0472e-12,-1.4400000000000001e-12,1.12e-12,1.4400000000000001e-12,1.0472e-12,-108707468203.0654
top1,3.9,-1,2.152e-13,-3.0000000000000014e-13,1.7100000000000002e-12,3.0000000000000014e-13,2.152e-13,-119033448398.99995
top1,4.0,-1,-6.33e-13,1.0500000000000002e-12,2.8100000000000003e-12,1.0500000000000002e-12,6.33e-13,-128090175483.54024
top1,4.1,-1,-1.3462e-12,7.31e-12,3.730000000000001e-12,7.31e-12,1.3462e-12,-131181949363.76768
top1,4.2,-1,-2.1576e-12,1.511e-11,5.07e-12,1.511e-11,2.1576e-12,-137950062077.52808
top1,4.3,-1,-2.796e-12,2.353e-11,6.97e-12,2.353e-11,2.796e-12,-183553597650.51416
top1,4.4,-1,-3.2472e-12,3.2430000000000005e-11,8.700000000000001e-12,3.2430000000000005e-11,3.2472e-12,-239234449760.7657
top1,4.5,-1,-3.632e-12,4.138e-11,1.195e-11,4.138e-11,3.632e-12,-337154416722.8594
top1,4.6000000000000005,-1,-3.8404e-12,4.5870000000000005e-11,1.6070000000000002e-11,4.5870000000000005e-11,3.8404e-12,-461041954817.8888
top1,4.7,-1,-4.0658e-12,4.892e-11,1.9e-11,4.892e-11,4.0658e-12,-586166471277.8405
top1,4.8,-1,-4.1816e-12,4.9700000000000007e-11,2.498e-11,4.9700000000000007e-11,4.1816e-12,22810218978.102207
top1,4.9,-1,4.7022e-12,-2.224e-11,-4.196e-11,2.224e-11,4.7022e-12,23538827295.62416
top1,5.0,-1,4.315e-12,-1.7700000000000001e-12,-2.082e-11,1.7700000000000001e-12,4.315e-12,-258264462809.91656
top1,0.0,0,3.2298e-12,-3.2290000000000006e-11,-9.62e-12,3.2290000000000006e-11,3.2298e-12,130401864.6423429
top1,0.1,0,7.7009e-10,-1.094e-11,-7.9561e-10,1.094e-11,7.7009e-10,222583252.2573837
top1,0.2,0,9.0177e-10,-4.647e-11,-9.3157e-10,4.647e-11,9.0177e-10,1275184901.810763
top1,0.3,0,9.2693e-10,-1.95e-12,-9.3434e-10,1.95e-12,9.2693e-10,5526388505.1119
top1,0.4,0,9.3796e-10,1.8900000000000002e-12,-9.0615e-10,1.8900000000000002e-12,9.3796e-10,-10230179028.132994
top1,0.5,0,9.0738e-10,4.9110000000000005e-11,-8.8583e-10,4.9110000000000005e-11,9.0738e-10,-5099439061.703198
top1,0.6,0,8.9874e-10,9.000000000000001e-13,-8.7114e-10,9.000000000000001e-13,8.9874e-10,-6487187804.086933
top1,0.7,0,8.7655e-10,1.27e-12,-9.1021e-10,1.27e-12,8.7655e-10,20120724346.07632
top1,0.8,0,9.086799999999999e-10,-4.395e-11,-9.222999999999999e-10,4.395e-11,9.086799999999999e-10,4938271604.938269
top1,0.9,0,9.1705e-10,-8.51e-12,-9.5196e-10,8.51e-12,9.1705e-10,6035003017.501497
top1,1.0,0,9.4182e-10,-2.6000000000000002e-12,-9.1297e-10,2.6000000000000002e-12,9.4182e-10,210526315789.4779
top1,1.1,0,9.18e-10,2.997e-11,-8.9961e-10,2.997e-11,9.18e-10,-5326231691.07854
top1,1.2,0,9.0427e-10,2.835e-11,-8.6967e-10,2.835e-11,9.0427e-10,-5451076587.626054
top1,1.3,0,8.8131e-10,1.2000000000000001e-12,-8.9497e-10,1.2000000000000001e-12,8.8131e-10,-13106159895.150816
top1,1.4,0,8.8901e-10,-1.418e-11,-9.1313e-10,1.418e-11,8.8901e-10,6464124111.182934
top1,1.5,0,9.1225e-10,-4.625e-11,-9.4139e-10,4.625e-11,9.1225e-10,5000000000.000003
top1,1.6,0,9.2901e-10,-8.300000000000001e-13,-9.3569e-10,8.300000000000001e-13,9.2901e-10,7550018875.047192
top1,1.7,0,9.3874e-10,1.73e-12,-9.0519e-10,1.73e-12,9.3874e-10,-9062075215.22428
top1,1.8,0,9.0694e-10,4.997e-11,-8.8759e-10,4.997e-11,9.0694e-10,-4724781478.856618
top1,1.9,0,8.9641e-10,4.2000000000000003e-13,-8.7124e-10,4.2000000000000003e-13,8.9641e-10,-6325110689.437056
top1,2.0,0,8.7532e-10,1.1000000000000002e-12,-9.100999999999999e-10,1.1000000000000002e-12,8.7532e-10,16181229773.462852
top1,2.1,0,9.0877e-10,-4.453e-11,-9.230699999999999e-10,4.453e-11,9.0877e-10,4664179104.47761
top1,2.2,0,9.181999999999999e-10,-4.17e-12,-9.5112e-10,4.17e-12,9.181999999999999e-10,5379236148.466928
top1,2.3000000000000003,0,9.4595e-10,-2.87e-12,-9.1114e-10,2.87e-12,9.4595e-10,11074197120.708773
top1,2.4,0,9.3626e-10,5.730000000000001e-12,-9.0671e-10,5.730000000000001e-12,9.3626e-10,-5367686527.10682
top1,2.5,0,9.086899999999999e-10,5.034e-11,-8.8574e-10,5.034e-11,9.086899999999999e-10,-5293806246.691384
top1,2.6,0,8.9848e-10,1.2000000000000001e-12,-8.7701e-10,1.2000000000000001e-12,8.9848e-10,-6349206349.206346
top1,2.7,0,8.7719e-10,6.500000000000003e-13,-9.1254e-10,6.500000000000003e-13,8.7719e-10,17108639863.130917
top1,2.8000000000000003,0,9.1017e-10,-4.702e-11,-9.278899999999999e-10,4.702e-11,9.1017e-10,4724781478.856597
top1,2.9,0,9.1952e-10,-2.5300000000000003e-12,-9.5243e-10,2.5300000000000003e-12,9.1952e-10,5594405594.405602
top1,3.0,0,9.4592e-10,-2.16e-12,-9.1055e-10,2.16e-12,9.4592e-10,-33333333333.33348
top1,3.1,0,9.1352e-10,3.9830000000000006e-11,-8.9858e-10,3.9830000000000006e-11,9.1352e-10,-4968944099.378894
top1,3.2,0,9.0567e-10,1.65e-11,-8.6837e-10,1.65e-11,9.0567e-10,-5943536404.160484
top1,3.3000000000000003,0,8.7987e-10,1.86e-12,-9.0588e-10,1.86e-12,8.7987e-10,-32310177705.977577
top1,3.4,0,8.9948e-10,-2.5940000000000003e-11,-9.1941e-10,2.5940000000000003e-11,8.9948e-10,5265929436.545544
top1,3.5,0,9.178499999999999e-10,-3.438e-11,-9.5039e-10,3.438e-11,9.178499999999999e-10,5323396326.856553
top1,3.6,0,9.3705e-10,-2.49e-12,-9.3397e-10,2.49e-12,9.3705e-10,10857763300.760038
top1,3.7,0,9.3627e-10,8.500000000000001e-12,-9.088099999999999e-10,8.500000000000001e-12,9.3627e-10,-7748934521.50332
top1,3.8,0,9.1124e-10,4.979e-11,-8.8772e-10,4.979e-11,9.1124e-10,-5076142131.979677
top1,3.9,0,8.9687e-10,1.0600000000000001e-12,-8.8106e-10,1.0600000000000001e-12,8.9687e-10,-6633499170.812608
top1,4.0,0,8.8109e-10,-4.2000000000000003e-13,-9.1739e-10,4.2000000000000003e-13,8.8109e-10,11540680900.17304
top1,4.1,0,9.142e-10,-4.839000000000001e-11,-9.3315e-10,4.839000000000001e-11,9.142e-10,4563084645.220179
top1,4.2,0,9.2492e-10,-1.0500000000000002e-12,-9.5404e-10,1.0500000000000002e-12,9.2492e-10,5549389567.147633
top1,4.3,0,9.5024e-10,-1.83e-12,-9.143799999999999e-10,1.83e-12,9.5024e-10,-35523978685.612755
top1,4.4,0,9.1929e-10,4.065e-11,-9.0359e-10,4.065e-11,9.1929e-10,-4751722499.40605
top1,4.5,0,9.081499999999999e-10,1.2880000000000002e-11,-8.7269e-10,1.2880000000000002e-11,9.081499999999999e-10,-7122507122.507136
top1,4.6000000000000005,0,8.9121e-10,1.74e-12,-8.9553e-10,1.74e-12,8.9121e-10,-12195121951.219473
top1,4.7,0,8.9175e-10,-6.4800000000000015e-12,-9.188899999999999e-10,6.4800000000000015e-12,8.9175e-10,7572889057.175282
top1,4.8,0,9.1762e-10,-5.099e-11,-9.4441e-10,5.099e-11,9.1762e-10,4956629491.945473
top1,4.9,0,9.321e-10,-2.04e-12,-9.5005e-10,2.04e-12,9.321e-10,6439150032.195757
top1,5.0,0,9.4868e-10,4.0000000000000006e-14,-9.148499999999999e-10,4.0000000000000006e-14,9.4868e-10,6031363088.057896
top1,0.0,1,2.5604000000000003e-10,-1.74e-12,-2.786e-11,1.74e-12,2.5604000000000003e-10,1995221.046549305
top1,0.1,1,5.03758e-08,-4.3210000000000005e-11,-5.03858e-08,4.3210000000000005e-11,5.03758e-08,2151098.307773984
top1,0.2,1,9.323180000000001e-08,4.164e-11,-9.32508e-08,4.164e-11,9.323180000000001e-08,2540514.8607416777
top1,0.3,1,1.291e-07,3.4720000000000004e-11,-1.29e-07,3.4720000000000004e-11,1.291e-07,3064279.388737547
top1,0.4,1,1.585e-07,-3.540000000000001e-12,-1.5856e-07,3.540000000000001e-12,1.585e-07,3741114.852225964
top1,0.5,1,1.8256e-07,-2.3800000000000004e-12,-1.8272e-07,2.3800000000000004e-12,1.8256e-07,4595588.235294116
top1,0.6,1,2.0202e-07,9.100000000000002e-13,-2.0176e-07,9.100000000000002e-13,2.0202e-07,5847953.216374272
top1,0.7,1,2.1676e-07,-3.4360000000000005e-11,-2.1688e-07,3.4360000000000005e-11,2.1676e-07,7558578.987150422
top1,0.8,1,2.2848e-07,4.9620000000000005e-11,-2.2868e-07,4.9620000000000005e-11,2.2848e-07,10224948.875255622
top1,0.9,1,2.3632e-07,-2.953e-11,-2.3654e-07,2.953e-11,2.3632e-07,14306151.645207413
top1,1.0,1,2.4246e-07,-1.55e-12,-2.4248e-07,1.55e-12,2.4246e-07,20120724.34607648
top1,1.1,1,2.4626e-07,1.0600000000000001e-12,-2.4574e-07,1.0600000000000001e-12,2.4626e-07,36496350.36496372
top1,1.2,1,2.4794e-07,-1.209e-11,-2.4818e-07,1.209e-11,2.4794e-07,69444444.44444355
top1,1.3,1,2.4914e-07,4.636e-11,-2.4934e-07,4.636e-11,2.4914e-07,99009900.9900984
top1,1.4,1,2.4996e-07,-1.832e-11,-2.4948e-07,1.832e-11,2.4996e-07,172413793.10344943
top1,1.5,1,2.503e-07,-3.7000000000000004e-13,-2.499e-07,3.7000000000000004e-13,2.503e-07,238095238.0952381
top1,1.6,1,2.508e-07,1.18e-12,-2.5044e-07,1.18e-12,2.508e-07,416666666.6666996
top1,1.7,1,2.5078e-07,-3.001e-11,-2.51e-07,3.001e-11,2.5078e-07,526315789.4736738
top1,1.8,1,2.5118e-07,4.943e-11,-2.5104e-07,4.943e-11,2.5118e-07,399999999.9999703
top1,1.9,1,2.5128e-07,-3.012e-11,-2.5136e-07,3.012e-11,2.5128e-07,400000000.00001216
top1,2.0,1,2.5168e-07,2.92e-12,-2.5168e-07,2.92e-12,2.5168e-07,1666666666.6669822
top1,2.1,1,2.514e-07,1.31e-12,-2.5152e-07,1.31e-12,2.514e-07,999999999.9999256
top1,2.2,1,2.5188e-07,-1.85e-12,-2.5198e-07,1.85e-12,2.5188e-07,666666666.6666172
top1,2.3000000000000003,1,2.517e-07,2.9510000000000003e-11,-2.516e-07,2.9510000000000003e-11,2.517e-07,-666666666.6666157
top1,2.4,1,2.5158e-07,-4.931e-11,-2.5192e-07,4.931e-11,2.5158e-07,270270270.2702728
top1,2.5,1,2.5244e-07,2.894e-11,-2.5194e-07,2.894e-11,2.5244e-07,357142857.1428576
top1,2.6,1,2.5214e-07,-2.67e-12,-2.5228e-07,2.67e-12,2.5214e-07,-2500000000.0004764
top1,2.7,1,2.5236e-07,-2.08e-12,-2.5214e-07,2.08e-12,2.5236e-07,312499999.999982
top1,2.8000000000000003,1,2.5278e-07,1.18e-12,-2.5224e-07,1.18e-12,2.5278e-07,434782608.695659
top1,2.9,1,2.5282e-07,-4.930000000000001e-11,-2.5256e-07,4.930000000000001e-11,2.5282e-07,-1666666666.6662452
top1,3.0,1,2.5266e-07,2.9300000000000005e-11,-2.5248e-07,2.9300000000000005e-11,2.5266e-07,-370370370.37035006
top1,3.1,1,2.5228e-07,-2.4800000000000003e-12,-2.5226e-07,2.4800000000000003e-12,2.5228e-07,-2500000000.0004764
top1,3.2,1,2.5258e-07,-1.5400000000000001e-12,-2.5276e-07,1.5400000000000001e-12,2.5258e-07,1249999999.9998243
top1,3.3000000000000003,1,2.5244e-07,1.3300000000000002e-12,-2.5254e-07,1.3300000000000002e-12,2.5244e-07,714285714.2857137
top1,3.4,1,2.5286e-07,-4.508e-11,-2.5274e-07,4.508e-11,2.5286e-07,1250000000.0002353
top1,3.5,1,2.526e-07,4.5070000000000006e-11,-2.5246e-07,4.5070000000000006e-11,2.526e-07,-312500000.0000078
top1,3.6,1,2.5222e-07,-1.773e-11,-2.524e-07,1.773e-11,2.5222e-07,999999999.9999256
top1,3.7,1,2.528e-07,-1.96e-12,-2.5262e-07,1.96e-12,2.528e-07,370370370.3703864
top1,3.8,1,2.5276e-07,1.4e-12,-2.5256e-07,1.4e-12,2.5276e-07,-1999999999.9998472
top1,3.9,1,2.527e-07,-4.1680000000000005e-11,-2.5254e-07,4.1680000000000005e-11,2.527e-07,-1999999999.9998472
top1,4.0,1,2.5266e-07,4.473e-11,-2.5264e-07,4.473e-11,2.5266e-07,-714285714.2857137
top1,4.1,1,2.5242e-07,-1.307e-11,-2.5264e-07,1.307e-11,2.5242e-07,-500000000.000029
top1,4.2,1,2.5226e-07,-1.6800000000000001e-12,-2.523e-07,1.6800000000000001e-12,2.5226e-07,9999999999.98867
top1,4.3,1,2.5244e-07,1.9e-12,-2.5264e-07,1.9e-12,2.5244e-07,232558139.53489223
top1,4.4,1,2.5312e-07,-3.1230000000000005e-11,-2.526e-07,3.1230000000000005e-11,2.5312e-07,227272727.27272955
top1,4.5,1,2.5332e-07,4.8680000000000007e-11,-2.5312e-07,4.8680000000000007e-11,2.5332e-07,5000000000.000953
top1,4.6000000000000005,1,2.5316e-07,-2.967e-11,-2.53e-07,2.967e-11,2.5316e-07,-1111111111.111159
top1,4.7,1,2.5314e-07,4.0000000000000006e-14,-2.5276e-07,4.0000000000000006e-14,2.5314e-07,-3333333333.335424
top1,4.8,1,2.531e-07,2.04e-12,-2.5284e-07,2.04e-12,2.531e-07,-499999999.99996287
top1,4.9,1,2.5274e-07,-8e-12,-2.5312e-07,8e-12,2.5274e-07,833333333.3333081
top1,5.0,1,2.5334e-07,4.4630000000000005e-11,-2.5318e-07,4.4630000000000005e-11,2.5334e-07,166666666.66665354
top1,0.0,2,1.93244e-11,-4.968e-11,-8.524e-11,4.968e-11,1.93244e-11,710425.6893748528
top1,0.1,2,1.4078e-07,1.233e-11,-1.408e-07,1.233e-11,1.4078e-07,735238.229810499
top1,0.2,2,2.7204e-07,6.3e-13,-2.7212e-07,6.3e-13,2.7204e-07,790888.9591901294
top1,0.3,2,3.9366e-07,-2.34e-12,-3.9376e-07,2.34e-12,3.9366e-07,853898.044573478
top1,0.4,2,5.0626e-07,3.6000000000000013e-13,-5.062e-07,3.6000000000000013e-13,5.0626e-07,923275.7824762256
top1,0.5,2,6.1028e-07,-2.4850000000000003e-11,-6.1028e-07,2.4850000000000003e-11,6.1028e-07,1003009.0270812432
top1,0.6,2,7.0566e-07,4.975e-11,-7.057e-07,4.975e-11,7.0566e-07,1091107.4740861978
top1,0.7,2,7.9358e-07,-1.345e-11,-7.9352e-07,1.345e-11,7.9358e-07,1191043.3539780858
top1,0.8,2,8.7358e-07,-8e-13,-8.7362e-07,8e-13,8.7358e-07,1304801.670146138
top1,0.9,2,9.4686e-07,8.7e-13,-9.4668e-07,8.7e-13,9.4686e-07,1433897.3329509597
top1,1.0,2,1.01306e-06,-4.800000000000001e-13,-1.01316e-06,4.800000000000001e-13,1.01306e-06,1581027.6679841906
top1,1.1,2,1.07336e-06,4.872e-11,-1.07328e-06,4.872e-11,1.07336e-06,1749781.2773403334
top1,1.2,2,1.12736e-06,-8.61e-12,-1.12778e-06,8.61e-12,1.12736e-06,1969667.1262556573
top1,1.3,2,1.1749000000000002e-06,-1.848e-11,-1.1751000000000002e-06,1.848e-11,1.1749000000000002e-06,2218770.800976255
top1,1.4,2,1.2175000000000002e-06,-1.7700000000000001e-12,-1.2181e-06,1.7700000000000001e-12,1.2175000000000002e-06,2500000.000000004
top1,1.5,2,1.2549e-06,4.7440000000000006e-11,-1.2556e-06,4.7440000000000006e-11,1.2549e-06,2869440.459110475
top1,1.6,2,1.2872e-06,1.5300000000000001e-12,-1.2880000000000002e-06,1.5300000000000001e-12,1.2872e-06,3350083.7520937994
top1,1.7,2,1.3146e-06,-1.2800000000000002e-12,-1.3154e-06,1.2800000000000002e-12,1.3146e-06,3976143.141153083
top1,1.8,2,1.3375e-06,5.0350000000000006e-11,-1.338e-06,5.0350000000000006e-11,1.3375e-06,4842615.012106526
top1,1.9,2,1.3559000000000002e-06,1.85e-12,-1.3561000000000002e-06,1.85e-12,1.3559000000000002e-06,6172839.506172817
top1,2.0,2,1.3699000000000002e-06,-1.847e-11,-1.3704e-06,1.847e-11,1.3699000000000002e-06,8064516.12903227
top1,2.1,2,1.3807000000000002e-06,4.422e-11,-1.3816e-06,4.422e-11,1.3807000000000002e-06,10309278.350515489
top1,2.2,2,1.3893000000000002e-06,2.04e-12,-1.3900000000000002e-06,2.04e-12,1.3893000000000002e-06,12903225.806451712
top1,2.3000000000000003,2,1.3962e-06,-1.025e-11,-1.3962e-06,1.025e-11,1.3962e-06,17241379.310344767
top1,2.4,2,1.4009000000000002e-06,4.3430000000000005e-11,-1.4012000000000002e-06,4.3430000000000005e-11,1.4009000000000002e-06,23255813.95348832
top1,2.5,2,1.4048e-06,2.2000000000000002e-13,-1.4054e-06,2.2000000000000002e-13,1.4048e-06,27027027.027027342
top1,2.6,2,1.4083e-06,-7.75e-12,-1.4087000000000002e-06,7.75e-12,1.4083e-06,30769230.76923049
top1,2.7,2,1.4113000000000002e-06,4.874e-11,-1.4116000000000002e-06,4.874e-11,1.4113000000000002e-06,37735849.05660399
top1,2.8000000000000003,2,1.4136e-06,1.65e-12,-1.4142000000000002e-06,1.65e-12,1.4136e-06,41666666.66666716
top1,2.9,2,1.4161e-06,-1.264e-11,-1.4165e-06,1.264e-11,1.4161e-06,42553191.489362285
top1,3.0,2,1.4183e-06,2.6740000000000003e-11,-1.4187e-06,2.6740000000000003e-11,1.4183e-06,52631578.947367445
top1,3.1,2,1.4199000000000002e-06,1.79e-12,-1.4206000000000002e-06,1.79e-12,1.4199000000000002e-06,57142857.14285636
top1,3.2,2,1.4218e-06,-2.36e-12,-1.422e-06,2.36e-12,1.4218e-06,60606060.60606
top1,3.3000000000000003,2,1.4232000000000002e-06,3.7130000000000005e-11,-1.4235000000000002e-06,3.7130000000000005e-11,1.4232000000000002e-06,74074074.07407422
top1,3.4,2,1.4245e-06,2.18e-12,-1.4254000000000002e-06,2.18e-12,1.4245e-06,62499999.99999936
top1,3.5,2,1.4264000000000002e-06,-2.2200000000000002e-12,-1.4269e-06,2.2200000000000002e-12,1.4264000000000002e-06,68965517.24137923
top1,3.6,2,1.4274e-06,3.719e-11,-1.4275e-06,3.719e-11,1.4274e-06,111111111.11111592
top1,3.7,2,1.4282e-06,2.37e-12,-1.4284000000000002e-06,2.37e-12,1.4282e-06,117647058.82352068
top1,3.8,2,1.4291000000000002e-06,-1.5830000000000002e-11,-1.4299e-06,1.5830000000000002e-11,1.4291000000000002e-06,111111111.11111568
top1,3.9,2,1.43e-06,4.2520000000000005e-11,-1.4312000000000002e-06,4.2520000000000005e-11,1.43e-06,80000000.00000066
top1,4.0,2,1.4316000000000002e-06,8.600000000000002e-13,-1.4317000000000002e-06,8.600000000000002e-13,1.4316000000000002e-06,90909090.90908396
top1,4.1,2,1.4322000000000002e-06,-4.599e-11,-1.4331e-06,4.599e-11,1.4322000000000002e-06,90909090.9090929
top1,4.2,2,1.4338e-06,2.038e-11,-1.4343000000000002e-06,2.038e-11,1.4338e-06,95238095.23809776
top1,4.3,2,1.4343000000000002e-06,1.3900000000000001e-12,-1.4345000000000002e-06,1.3900000000000001e-12,1.4343000000000002e-06,199999999.9999852
top1,4.4,2,1.4348000000000002e-06,-1.64e-12,-1.4357e-06,1.64e-12,1.4348000000000002e-06,153846153.84616747
top1,4.5,2,1.4356e-06,5.029e-11,-1.4365e-06,5.029e-11,1.4356e-06,133333333.33334224
top1,4.6000000000000005,2,1.4363e-06,-1.077e-11,-1.4368000000000002e-06,1.077e-11,1.4363e-06,133333333.33332343
top1,4.7,2,1.4371000000000002e-06,-1.3400000000000006e-12,-1.4377000000000002e-06,1.3400000000000006e-12,1.4371000000000002e-06,105263157.8947403
top1,4.8,2,1.4382e-06,3.526e-11,-1.4385e-06,3.526e-11,1.4382e-06,111111111.11111592
top1,4.9,2,1.4389e-06,-3.387e-11,-1.4393e-06,3.387e-11,1.4389e-06,133333333.33332343
top1,5.0,2,1.4397000000000002e-06,-9.600000000000002e-13,-1.4402000000000002e-06,9.600000000000002e-13,1.4397000000000002e-06,124999999.99999017
top1,0.0,3,1.1626e-10,4.2810000000000005e-11,-1.357e-10,4.2810000000000005e-11,1.1626e-10,401374.7244863548
top1,0.1,3,2.4926e-07,-1.08e-12,-2.4936e-07,1.08e-12,2.4926e-07,410438.484977972
top1,0.2,3,4.874e-07,2.782e-11,-4.8724e-07,2.782e-11,4.874e-07,430589.04581467446
top1,0.3,3,7.1374e-07,-4.9840000000000006e-11,-7.1376e-07,4.9840000000000006e-11,7.1374e-07,452447.742285766
top1,0.4,3,9.2944e-07,3.351e-11,-9.2924e-07,3.351e-11,9.2944e-07,475059.38242280285
top1,0.5,3,1.13474e-06,-4.02e-12,-1.13474e-06,4.02e-12,1.13474e-06,502563.07166549366
top1,0.6,3,1.3274000000000002e-06,-9.52e-12,-1.3283e-06,9.52e-12,1.3274000000000002e-06,531264.9418264886
top1,0.7,3,1.5112000000000002e-06,-1.83e-12,-1.5121e-06,1.83e-12,1.5112000000000002e-06,559440.5594405597
top1,0.8,3,1.6849000000000002e-06,4.475e-11,-1.6856000000000002e-06,4.475e-11,1.6849000000000002e-06,593647.9667557139
top1,0.9,3,1.8481e-06,-2.7470000000000003e-11,-1.8485e-06,2.7470000000000003e-11,1.8481e-06,630914.8264984224
top1,1.0,3,2.0019000000000003e-06,-1.6e-12,-2.0025000000000003e-06,1.6e-12,2.0019000000000003e-06,669792.3643670465
top1,1.1,3,2.1467e-06,1.5300000000000001e-12,-2.1475e-06,1.5300000000000001e-12,2.1467e-06,713521.2272565105
top1,1.2,3,2.2822000000000004e-06,-3.605e-11,-2.2831e-06,3.605e-11,2.2822000000000004e-06,761614.6230007607
top1,1.3,3,2.4093000000000004e-06,-1.6e-12,-2.4097000000000004e-06,1.6e-12,2.4093000000000004e-06,813008.130081302
top1,1.4,3,2.5282e-06,2.084e-11,-2.5289e-06,2.084e-11,2.5282e-06,868432.4793747294
top1,1.5,3,2.6396e-06,-2.8380000000000003e-11,-2.6393000000000003e-06,2.8380000000000003e-11,2.6396e-06,933706.816059757
top1,1.6,3,2.7424e-06,-1.6100000000000002e-12,-2.7425000000000004e-06,1.6100000000000002e-12,2.7424e-06,1007049.3454179248
top1,1.7,3,2.8382e-06,1.12e-12,-2.8384e-06,1.12e-12,2.8382e-06,1084598.6984815598
top1,1.8,3,2.9268000000000005e-06,-4.976e-11,-2.9273000000000003e-06,4.976e-11,2.9268000000000005e-06,1168224.2990654206
top1,1.9,3,3.0094000000000004e-06,1.5210000000000002e-11,-3.0097e-06,1.5210000000000002e-11,3.0094000000000004e-06,1272264.6310432572
top1,2.0,3,3.0840000000000005e-06,1.9900000000000002e-12,-3.0849000000000003e-06,1.9900000000000002e-12,3.0840000000000005e-06,1391788.44815588
top1,2.1,3,3.1531000000000004e-06,-1.502e-11,-3.1535000000000004e-06,1.502e-11,3.1531000000000004e-06,1514004.5420136277
top1,2.2,3,3.2161000000000004e-06,2.187e-11,-3.2162e-06,2.187e-11,3.2161000000000004e-06,1670843.776106937
top1,2.3000000000000003,3,3.2728e-06,2.6000000000000002e-12,-3.2736000000000003e-06,2.6000000000000002e-12,3.2728e-06,1862197.3929236475
top1,2.4,3,3.3235000000000005e-06,-3.393e-11,-3.3241000000000005e-06,3.393e-11,3.3235000000000005e-06,2074688.7966804944
top1,2.5,3,3.3692000000000003e-06,3.602e-11,-3.3703e-06,3.602e-11,3.3692000000000003e-06,2333722.2870478467
top1,2.6,3,3.4092000000000003e-06,1.7200000000000001e-12,-3.4095e-06,1.7200000000000001e-12,3.4092000000000003e-06,2666666.6666666646
top1,2.7,3,3.4442000000000004e-06,-9.42e-12,-3.4449000000000003e-06,9.42e-12,3.4442000000000004e-06,3124999.999999996
top1,2.8000000000000003,3,3.4732000000000005e-06,2.6960000000000003e-11,-3.4737000000000003e-06,2.6960000000000003e-11,3.4732000000000005e-06,3738317.757009341
top1,2.9,3,3.4977000000000004e-06,1.14e-12,-3.4987000000000005e-06,1.14e-12,3.4977000000000004e-06,4338394.793926254
top1,3.0,3,3.5193000000000003e-06,-1.27e-12,-3.5201000000000004e-06,1.27e-12,3.5193000000000003e-06,5208333.333333349
top1,3.1,3,3.5361000000000003e-06,4.971e-11,-3.5360000000000005e-06,4.971e-11,3.5361000000000003e-06,6389776.357827477
top1,3.2,3,3.5506000000000004e-06,6.900000000000001e-13,-3.5512000000000004e-06,6.900000000000001e-13,3.5506000000000004e-06,7633587.786259592
top1,3.3000000000000003,3,3.5623e-06,-1.31e-12,-3.5626000000000004e-06,1.31e-12,3.5623e-06,9259259.259259278
top1,3.4,3,3.5722000000000003e-06,5.0490000000000005e-11,-3.5726000000000003e-06,5.0490000000000005e-11,3.5722000000000003e-06,10752688.172042925
top1,3.5,3,3.5809000000000003e-06,-4.52e-12,-3.5813000000000003e-06,4.52e-12,3.5809000000000003e-06,11627906.976744182
top1,3.6,3,3.5894000000000003e-06,-1.4900000000000001e-12,-3.589900000000001e-06,1.4900000000000001e-12,3.5894000000000003e-06,13513513.513513284
top1,3.7,3,3.595700000000001e-06,3.685e-11,-3.5961e-06,3.685e-11,3.595700000000001e-06,16129032.25806442
top1,3.8,3,3.6018000000000004e-06,-3.354e-11,-3.6017e-06,3.354e-11,3.6018000000000004e-06,17391304.347826358
top1,3.9,3,3.6072e-06,-1.07e-12,-3.6074e-06,1.07e-12,3.6072e-06,20000000.000000164
top1,4.0,3,3.6118e-06,1.224e-11,-3.6126e-06,1.224e-11,3.6118e-06,21052631.578947168
top1,4.1,3,3.616700000000001e-06,-4.2780000000000006e-11,-3.617300000000001e-06,4.2780000000000006e-11,3.616700000000001e-06,21739130.434781995
top1,4.2,3,3.621000000000001e-06,-1.74e-12,-3.622e-06,1.74e-12,3.621000000000001e-06,25000000.00000079
top1,4.3,3,3.6247e-06,1.396e-11,-3.626000000000001e-06,1.396e-11,3.6247e-06,24691358.024691463
top1,4.4,3,3.629100000000001e-06,-4.694e-11,-3.629300000000001e-06,4.694e-11,3.629100000000001e-06,24390243.90243848
top1,4.5,3,3.6329e-06,-2.18e-12,-3.634e-06,2.18e-12,3.6329e-06,27027027.02702812
top1,4.6000000000000005,3,3.6365e-06,1.6890000000000003e-11,-3.6377e-06,1.6890000000000003e-11,3.6365e-06,28985507.246377327
top1,4.7,3,3.6398e-06,-4.556e-11,-3.64e-06,4.556e-11,3.6398e-06,28985507.24637541
top1,4.8,3,3.643400000000001e-06,1.07e-12,-3.6437e-06,1.07e-12,3.643400000000001e-06,32786885.245900344
top1,4.9,3,3.645900000000001e-06,1.1100000000000001e-12,-3.6464e-06,1.1100000000000001e-12,3.645900000000001e-06,37735849.056605496
top1,5.0,3,3.6487e-06,-4.914e-11,-3.6499e-06,4.914e-11,3.6487e-06,35714285.71428831
top1,0.0,4,1.1221999999999999e-10,1.69e-12,-1.485e-10,1.69e-12,1.1221999999999999e-10,267631.7252574069
top1,0.1,4,3.7376e-07,2.1150000000000003e-11,-3.7378e-07,2.1150000000000003e-11,3.7376e-07,272165.20950774325
top1,0.2,4,7.3496e-07,3.3e-13,-7.3496e-07,3.3e-13,7.3496e-07,282190.93038349744
top1,0.3,4,1.0825e-06,-1.93e-12,-1.08258e-06,1.93e-12,1.0825e-06,293023.1195241304
top1,0.4,4,1.4175000000000002e-06,5.043000000000001e-11,-1.4181000000000002e-06,5.043000000000001e-11,1.4175000000000002e-06,303905.181583346
top1,0.5,4,1.7406e-06,2.8620000000000004e-11,-1.7412000000000002e-06,2.8620000000000004e-11,1.7406e-06,316005.6881023857
top1,0.6,4,2.0504000000000003e-06,-4.1e-11,-2.0509e-06,4.1e-11,2.0504000000000003e-06,328947.36842105264
top1,0.7,4,2.3486000000000003e-06,-1.64e-12,-2.3494000000000003e-06,1.64e-12,2.3486000000000003e-06,342231.3483915129
top1,0.8,4,2.6348e-06,1.5300000000000001e-12,-2.6354e-06,1.5300000000000001e-12,2.6348e-06,356633.38088445057
top1,0.9,4,2.9094000000000005e-06,-3.748e-11,-2.9102e-06,3.748e-11,2.9094000000000005e-06,372231.5280104221
top1,1.0,4,3.1721000000000005e-06,3.26e-11,-3.1727e-06,3.26e-11,3.1721000000000005e-06,388500.3885003888
top1,1.1,4,3.4242e-06,2.01e-12,-3.4248e-06,2.01e-12,3.4242e-06,406338.8866314508
top1,1.2,4,3.6643e-06,-1.3500000000000001e-12,-3.664800000000001e-06,1.3500000000000001e-12,3.6643e-06,425985.09052183136
top1,1.3,4,3.8937000000000005e-06,4.472e-11,-3.894200000000001e-06,4.472e-11,3.8937000000000005e-06,445235.9750667855
top1,1.4,4,4.1135000000000005e-06,2.3000000000000013e-13,-4.1141e-06,2.3000000000000013e-13,4.1135000000000005e-06,466635.55762949167
top1,1.5,4,4.3223e-06,-1.51e-12,-4.322200000000001e-06,1.51e-12,4.3223e-06,491159.1355599212
top1,1.6,4,4.520700000000001e-06,4.8930000000000006e-11,-4.520800000000001e-06,4.8930000000000006e-11,4.520700000000001e-06,517330.5742369364
top1,1.7,4,4.708900000000001e-06,-1.1250000000000002e-11,-4.710000000000001e-06,1.1250000000000002e-11,4.708900000000001e-06,544069.6409140374
top1,1.8,4,4.8883e-06,-1.93e-12,-4.888900000000001e-06,1.93e-12,4.8883e-06,573394.4954128446
top1,1.9,4,5.057700000000001e-06,1.5600000000000002e-12,-5.058500000000001e-06,1.5600000000000002e-12,5.057700000000001e-06,605877.0069675846
top1,2.0,4,5.218400000000001e-06,-4.6750000000000007e-11,-5.219600000000001e-06,4.6750000000000007e-11,5.218400000000001e-06,639795.2655150347
top1,2.1,4,5.370300000000001e-06,1.27e-12,-5.371000000000001e-06,1.27e-12,5.370300000000001e-06,676589.9864682005
top1,2.2,4,5.514000000000001e-06,1.5200000000000002e-12,-5.513600000000001e-06,1.5200000000000002e-12,5.514000000000001e-06,720720.7207207229
top1,2.3000000000000003,4,5.6478e-06,-5.0060000000000006e-11,-5.648800000000001e-06,5.0060000000000006e-11,5.6478e-06,764525.993883793
top1,2.4,4,5.7756e-06,7.0300000000000005e-12,-5.7761000000000005e-06,7.0300000000000005e-12,5.7756e-06,812347.6848090962
top1,2.5,4,5.894000000000001e-06,1.83e-12,-5.8946e-06,1.83e-12,5.894000000000001e-06,870322.0191470822
top1,2.6,4,6.005400000000001e-06,-1.324e-11,-6.0062e-06,1.324e-11,6.005400000000001e-06,925069.3802035172
top1,2.7,4,6.1102e-06,4.68e-11,-6.1105e-06,4.68e-11,6.1102e-06,989609.1044037648
top1,2.8000000000000003,4,6.2075e-06,-2.1000000000000003e-12,-6.2075e-06,2.1000000000000003e-12,6.2075e-06,1070090.957731407
top1,2.9,4,6.2971e-06,-1.07e-12,-6.2983e-06,1.07e-12,6.2971e-06,1153402.537485576
top1,3.0,4,6.380900000000001e-06,4.9580000000000005e-11,-6.3817e-06,4.9580000000000005e-11,6.380900000000001e-06,1239157.372986365
top1,3.1,4,6.458500000000001e-06,-1.293e-11,-6.4587000000000005e-06,1.293e-11,6.458500000000001e-06,1355932.203389833
top1,3.2,4,6.528400000000001e-06,-1.3800000000000002e-12,-6.529100000000001e-06,1.3800000000000002e-12,6.528400000000001e-06,1495886.3126402395
top1,3.3000000000000003,4,6.592200000000001e-06,4.6130000000000006e-11,-6.5931000000000005e-06,4.6130000000000006e-11,6.592200000000001e-06,1628664.4951140056
top1,3.4,4,6.651200000000001e-06,-2.537e-11,-6.6511000000000006e-06,2.537e-11,6.651200000000001e-06,1819836.214740678
top1,3.5,4,6.702100000000001e-06,-2.780000000000001e-12,-6.703100000000001e-06,2.780000000000001e-12,6.702100000000001e-06,2044989.775051124
top1,3.6,4,6.749000000000001e-06,1.214e-11,-6.7503e-06,1.214e-11,6.749000000000001e-06,2247191.0112359487
top1,3.7,4,6.791100000000001e-06,-4.8060000000000006e-11,-6.7916e-06,4.8060000000000006e-11,6.791100000000001e-06,2528445.006321121
top1,3.8,4,6.828100000000001e-06,2.7000000000000002e-12,-6.8287e-06,2.7000000000000002e-12,6.828100000000001e-06,2936857.5624082447
top1,3.9,4,6.8592e-06,1.13e-12,-6.859700000000001e-06,1.13e-12,6.8592e-06,3401360.544217672
top1,4.0,4,6.886900000000001e-06,-2.098e-11,-6.887600000000001e-06,2.098e-11,6.886900000000001e-06,3861003.86100385
top1,4.1,4,6.911e-06,1.459e-11,-6.9118000000000005e-06,1.459e-11,6.911e-06,4434589.800443484
top1,4.2,4,6.932000000000001e-06,9.600000000000002e-13,-6.932000000000001e-06,9.600000000000002e-13,6.932000000000001e-06,5194805.194805124
top1,4.3,4,6.949500000000001e-06,-1.624e-11,-6.950100000000001e-06,1.624e-11,6.949500000000001e-06,5970149.25373139
top1,4.4,4,6.9655000000000005e-06,4.3290000000000006e-11,-6.966100000000001e-06,4.3290000000000006e-11,6.9655000000000005e-06,6578947.368421114
top1,4.5,4,6.979900000000001e-06,-3.2000000000000005e-13,-6.979e-06,3.2000000000000005e-13,6.979900000000001e-06,7547169.811320618
top1,4.6000000000000005,4,6.992000000000001e-06,-4.0900000000000005e-12,-6.993500000000001e-06,4.0900000000000005e-12,6.992000000000001e-06,8196721.31147537
top1,4.7,4,7.004300000000001e-06,3.929e-11,-7.004300000000001e-06,3.929e-11,7.004300000000001e-06,8547008.547008649
top1,4.8,4,7.015400000000001e-06,1.6100000000000002e-12,-7.015400000000001e-06,1.6100000000000002e-12,7.015400000000001e-06,9433962.264150996
top1,4.9,4,7.025500000000001e-06,-4.1e-13,-7.0257e-06,4.1e-13,7.025500000000001e-06,10471204.188481478
top1,5.0,4,7.034500000000001e-06,4.035e-11,-7.034700000000001e-06,4.035e-11,7.034500000000001e-06,11111111.11111076
top1,0.0,5,1.5009000000000002e-10,-1.5400000000000001e-12,-1.4418e-10,1.5400000000000001e-12,1.5009000000000002e-10,195141.02363682727
top1,0.1,5,5.126e-07,-4.8860000000000006e-11,-5.1252e-07,4.8860000000000006e-11,5.126e-07,197790.69572986008
top1,0.2,5,1.01132e-06,2.7030000000000003e-11,-1.01124e-06,2.7030000000000003e-11,1.01132e-06,203686.72980955287
top1,0.3,5,1.4945e-06,9.5e-13,-1.4948e-06,9.5e-13,1.4945e-06,209845.97305577705
top1,0.4,5,1.9644e-06,1.3400000000000006e-12,-1.9644e-06,1.3400000000000006e-12,1.9644e-06,216099.40572663423
top1,0.5,5,2.42e-06,-2.0480000000000003e-11,-2.4208e-06,2.0480000000000003e-11,2.42e-06,222890.8949069429
top1,0.6,5,2.8617000000000005e-06,4.359e-11,-2.8623e-06,4.359e-11,2.8617000000000005e-06,229779.4117647059
top1,0.7,5,3.2904000000000003e-06,-4.7e-13,-3.2911e-06,4.7e-13,3.2904000000000003e-06,237163.5242499704
top1,0.8,5,3.705000000000001e-06,-1.65e-12,-3.7055e-06,1.65e-12,3.705000000000001e-06,244947.9485609307
top1,0.9,5,4.1069e-06,3.109e-11,-4.1073000000000005e-06,3.109e-11,4.1069e-06,253164.55696202532
top1,1.0,5,4.495e-06,-8.55e-12,-4.4961e-06,8.55e-12,4.495e-06,261780.10471204203
top1,1.1,5,4.8709e-06,-2.69e-12,-4.871500000000001e-06,2.69e-12,4.8709e-06,270782.5616030327
top1,1.2,5,5.2336e-06,1.189e-11,-5.2344e-06,1.189e-11,5.2336e-06,280386.93396887684
top1,1.3,5,5.584200000000001e-06,-2.875e-11,-5.584e-06,2.875e-11,5.584200000000001e-06,290486.56499636907
top1,1.4,5,5.9221e-06,-1.59e-12,-5.923500000000001e-06,1.59e-12,5.9221e-06,300932.891965092
top1,1.5,5,6.2488e-06,2.499e-11,-6.248700000000001e-06,2.499e-11,6.2488e-06,312695.43464665377
top1,1.6,5,6.561700000000001e-06,-3.969e-11,-6.562700000000001e-06,3.969e-11,6.561700000000001e-06,324886.28979857016
top1,1.7,5,6.864400000000001e-06,-1.4200000000000002e-12,-6.865e-06,1.4200000000000002e-12,6.864400000000001e-06,337211.2628561796
top1,1.8,5,7.1548000000000005e-06,1.03e-12,-7.155400000000001e-06,1.03e-12,7.1548000000000005e-06,351185.25021949096
top1,1.9,5,7.433900000000002e-06,-5.016e-11,-7.4348e-06,5.016e-11,7.433900000000002e-06,364896.91662105446
top1,2.0,5,7.7029e-06,-7.3e-13,-7.7028e-06,7.3e-13,7.7029e-06,380807.31150038034
top1,2.1,5,7.959100000000001e-06,1.7200000000000001e-12,-7.959900000000001e-06,1.7200000000000001e-12,7.959100000000001e-06,396746.67724657775
top1,2.2,5,8.207000000000001e-06,-4.123e-11,-8.207200000000002e-06,4.123e-11,8.207000000000001e-06,414421.8814753428
top1,2.3000000000000003,5,8.4417e-06,3.0000000000000005e-14,-8.441200000000001e-06,3.0000000000000005e-14,8.4417e-06,434593.65493263793
top1,2.4,5,8.6672e-06,2.18e-12,-8.667400000000001e-06,2.18e-12,8.6672e-06,453001.1325028298
top1,2.5,5,8.883200000000002e-06,-4.331e-11,-8.8842e-06,4.331e-11,8.883200000000002e-06,474270.8086317295
top1,2.6,5,9.0889e-06,1.362e-11,-9.0904e-06,1.362e-11,9.0889e-06,496154.80029769376
top1,2.7,5,9.2863e-06,1.3000000000000001e-12,-9.2856e-06,1.3000000000000001e-12,9.2863e-06,521920.6680584556
top1,2.8000000000000003,5,9.4721e-06,-3.237e-11,-9.4725e-06,3.237e-11,9.4721e-06,549299.6429552307
top1,2.9,5,9.6504e-06,8.13e-12,-9.6516e-06,8.13e-12,9.6504e-06,575373.9930955116
top1,3.0,5,9.8197e-06,1.27e-12,-9.8206e-06,1.27e-12,9.8197e-06,605143.7216338892
top1,3.1,5,9.9809e-06,-4.111e-11,-9.9809e-06,4.111e-11,9.9809e-06,638773.554774832
top1,3.2,5,1.01328e-05,2.161e-11,-1.01328e-05,2.161e-11,1.01328e-05,677277.345072807
top1,3.3000000000000003,5,1.0276200000000002e-05,1.7000000000000002e-12,-1.0277000000000002e-05,1.7000000000000002e-12,1.0276200000000002e-05,714540.9074669502
top1,3.4,5,1.04127e-05,-7.5e-13,-1.04133e-05,7.5e-13,1.04127e-05,755287.0090634443
top1,3.5,5,1.0541e-05,5.0570000000000006e-11,-1.05415e-05,5.0570000000000006e-11,1.0541e-05,802890.4054596531
top1,3.6,5,1.0661800000000002e-05,-1.33e-11,-1.06613e-05,1.33e-11,1.0661800000000002e-05,860955.6607834724
top1,3.7,5,1.07733e-05,-2.19e-12,-1.0775e-05,2.19e-12,1.07733e-05,914913.0832570918
top1,3.8,5,1.0880400000000002e-05,5.001e-11,-1.08802e-05,5.001e-11,1.0880400000000002e-05,975134.0809361236
top1,3.9,5,1.09784e-05,1.78e-12,-1.0978600000000002e-05,1.78e-12,1.09784e-05,1048218.0293501038
top1,4.0,5,1.1071200000000002e-05,-2.01e-12,-1.10724e-05,2.01e-12,1.1071200000000002e-05,1125492.4029262788
top1,4.1,5,1.11561e-05,4.848e-11,-1.1155400000000002e-05,4.848e-11,1.11561e-05,1228501.2285012333
top1,4.2,5,1.1234e-05,1.5600000000000002e-12,-1.1233500000000002e-05,1.5600000000000002e-12,1.1234e-05,1352265.0439486238
top1,4.3,5,1.1304e-05,-9.16e-12,-1.1306200000000002e-05,9.16e-12,1.1304e-05,1449275.3623188487
top1,4.4,5,1.1372e-05,4.956e-11,-1.1373e-05,4.956e-11,1.1372e-05,1538461.5384615343
top1,4.5,5,1.1434e-05,-3.929e-11,-1.14324e-05,3.929e-11,1.1434e-05,1754385.964912294
top1,4.6000000000000005,5,1.1486e-05,-2.47e-12,-1.1486900000000002e-05,2.47e-12,1.1486e-05,1960784.3137254915
top1,4.7,5,1.1536e-05,1.8000000000000002e-12,-1.1537200000000002e-05,1.8000000000000002e-12,1.1536e-05,2083333.3333333165
top1,4.8,5,1.1582e-05,-5.7e-13,-1.15817e-05,5.7e-13,1.1582e-05,2380952.3809523964
top1,4.9,5,1.162e-05,4.964e-11,-1.16208e-05,4.964e-11,1.162e-05,2702702.702702719
top1,5.0,5,1.1656e-05,-1.96e-11,-1.16566e-05,1.96e-11,1.1656e-05,2777777.777777821
top2,0.0,-5,-4.1738e-12,3.692e-11,4.2380000000000006e-11,3.692e-11,4.1738e-12,73997336095.90054
top2,0.1,-5,-2.8224e-12,2.16e-12,3.66e-12,2.16e-12,2.8224e-12,54024851431.65856
top2,0.2,-5,-4.718e-13,1.1600000000000001e-12,2.59e-12,1.1600000000000001e-12,4.718e-13,153562653562.65356
top2,0.3,-5,-1.52e-12,6.740000000000001e-12,3.6000000000000004e-12,6.740000000000001e-12,1.52e-12,-99651220727.45392
top2,0.4,-5,-2.4788e-12,2.058e-11,6.430000000000001e-12,2.058e-11,2.4788e-12,-117841150129.62526
top2,0.5,-5,-3.2172e-12,3.492e-11,9.38e-12,3.492e-11,3.2172e-12,-156225589751.60132
top2,0.6,-5,-3.759e-12,4.393e-11,1.3790000000000002e-11,4.393e-11,3.759e-12,-253421186011.1508
top2,0.7,-5,-4.0064e-12,4.916e-11,1.9930000000000003e-11,4.916e-11,4.0064e-12,-421229991575.4
top2,0.8,-5,-4.2338e-12,4.9440000000000006e-11,2.8160000000000003e-11,4.9440000000000006e-11,4.2338e-12,22670596236.681023
top2,0.9,-5,4.8156e-12,-1.553e-11,-4.3070000000000006e-11,1.553e-11,4.8156e-12,24389649032.95041
top2,1.0,-5,3.9664e-12,-9.600000000000002e-13,-1.375e-11,9.600000000000002e-13,3.9664e-12,-35815336126.929565
top2,1.1,-5,-7.686e-13,1.9400000000000002e-12,-1.88e-12,1.9400000000000002e-12,7.686e-13,-56663644605.62103
top2,1.2,-5,4.368e-13,-1.59e-12,-2.3300000000000004e-12,1.59e-12,4.368e-13,81168831168.83113
top2,1.3,-5,1.6954e-12,-9.22e-12,-4.6900000000000004e-12,9.22e-12,1.6954e-12,93274881074.5267
top2,1.4,-5,2.581e-12,-2.305e-11,-6.430000000000001e-12,2.305e-11,2.581e-12,128534704370.17992
top2,1.5,-5,3.2514e-12,-3.632e-11,-1e-11,3.632e-11,3.2514e-12,160282096489.82205
top2,1.6,-5,3.8288e-12,-4.5940000000000005e-11,-1.509e-11,4.5940000000000005e-11,3.8288e-12,221631205673.7589
top2,1.7,-5,4.1538e-12,-5.004e-11,-2.222e-11,5.004e-11,4.1538e-12,381970970206.2642
top2,1.8,-5,4.3524e-12,-5.0240000000000006e-11,-2.9370000000000004e-11,5.0240000000000006e-11,4.3524e-12,-22231114668.08948
top2,1.9,-5,-4.8426e-12,1.284e-11,4.298e-11,1.284e-11,4.8426e-12,-24748187195.28794
top2,2.0,-5,-3.729e-12,1.7000000000000002e-12,1.169e-11,1.7000000000000002e-12,3.729e-12,35966048050.64019
top2,2.1,-5,7.182e-13,-1.91e-12,1.6700000000000006e-12,1.91e-12,7.182e-13,63283128717.883865
top2,2.2,-5,-5.686e-13,1.7100000000000002e-12,2.3000000000000003e-12,1.7100000000000002e-12,5.686e-13,-84623847000.0847
top2,2.3000000000000003,-5,-1.6452e-12,7.84e-12,4.62e-12,7.84e-12,1.6452e-12,-99049128367.67024
top2,2.4,-5,-2.5878e-12,2.103e-11,6.19e-12,2.103e-11,2.5878e-12,-117192077815.53952
top2,2.5,-5,-3.3518e-12,3.5640000000000006e-11,9.4e-12,3.5640000000000006e-11,3.3518e-12,-158403294788.53177
top2,2.6,-5,-3.8504e-12,4.542e-11,1.4200000000000002e-11,4.542e-11,3.8504e-12,-273972602739.7263
top2,2.7,-5,-4.0818e-12,4.8460000000000006e-11,1.9350000000000003e-11,4.8460000000000006e-11,4.0818e-12,-566251415628.54
top2,2.8000000000000003,-5,-4.2036e-12,5.0280000000000006e-11,2.597e-11,5.0280000000000006e-11,4.2036e-12,22682937894.116013
top2,2.9,-5,4.7354e-12,-1.809e-11,-4.342e-11,1.809e-11,4.7354e-12,24544695891.21788
top2,3.0,-5,3.9448e-12,-1.4e-12,-1.3180000000000002e-11,1.4e-12,3.9448e-12,-34491084054.77187
top2,3.1,-5,-1.0632e-12,2.3300000000000004e-12,-1.9400000000000002e-12,2.3300000000000004e-12,1.0632e-12,-56357078449.053246
top2,3.2,-5,3.96e-13,-5.2e-13,-2.75e-12,5.2e-13,3.96e-13,74139976275.20764
top2,3.3000000000000003,-5,1.6344e-12,-6.51e-12,-4.0400000000000006e-12,6.51e-12,1.6344e-12,93659267584.52736
top2,3.4,-5,2.5314e-12,-1.7070000000000002e-11,-5.880000000000001e-12,1.7070000000000002e-11,2.5314e-12,120802126117.41953
top2,3.5,-5,3.29e-12,-3.1560000000000005e-11,-8.76e-12,3.1560000000000005e-11,3.29e-12,143760782058.65448
top2,3.6,-5,3.9226e-12,-4.4520000000000005e-11,-1.423e-11,4.4520000000000005e-11,3.9226e-12,207425845260.31955
top2,3.7,-5,4.2542e-12,-4.979e-11,-1.945e-11,4.979e-11,4.2542e-12,390167772142.022
top2,3.8,-5,4.4352e-12,-5.0640000000000006e-11,-2.702e-11,5.0640000000000006e-11,4.4352e-12,-22704568159.113583
top2,3.9,-5,-4.5546e-12,1.926e-11,4.257e-11,1.926e-11,4.5546e-12,-24329716315.50773
top2,4.0,-5,-3.7852e-12,8.2e-13,1.56e-11,8.2e-13,3.7852e-12,31860324338.10172
top2,4.1,-5,1.7228e-12,-1.69e-12,1.1100000000000001e-12,1.69e-12,1.7228e-12,48144046988.58991
top2,4.2,-5,3.69e-13,-9.5e-13,1.51e-12,9.5e-13,3.69e-13,-87765490609.09259
top2,4.3,-5,-5.56e-13,3.3700000000000004e-12,3.15e-12,3.3700000000000004e-12,5.56e-13,-110047320347.74963
top2,4.4,-5,-1.4484e-12,9.53e-12,4.610000000000001e-12,9.53e-12,1.4484e-12,-113973102347.84602
top2,4.5,-5,-2.3108e-12,2.482e-11,7.2300000000000005e-12,2.482e-11,2.3108e-12,-138083402375.03464
top2,4.6000000000000005,-5,-2.8968e-12,3.8190000000000006e-11,1.048e-11,3.8190000000000006e-11,2.8968e-12,-202142712755.2053
top2,4.7,-5,-3.3002e-12,4.6310000000000006e-11,1.615e-11,4.6310000000000006e-11,3.3002e-12,-353481795687.52094
top2,4.8,-5,-3.4626e-12,4.979e-11,2.326e-11,4.979e-11,3.4626e-12,22716430794.39361
top2,4.9,-5,5.504e-12,-2.7070000000000003e-11,-4.1320000000000006e-11,2.7070000000000003e-11,5.504e-12,23319807844.78337
top2,5.0,-5,5.1138e-12,-2.85e-12,-1.931e-11,2.85e-12,5.1138e-12,-256278831368.52823
top2,0.0,-4,3.4748e-12,-4.539e-11,-1.3800000000000002e-11,4.539e-11,3.4748e-12,141924496168.0387
top2,0.1,-4,4.1794e-12,-5.0890000000000005e-11,-2.2210000000000003e-11,5.0890000000000005e-11,4.1794e-12,216450216450.21643
top2,0.2,-4,4.3988e-12,-4.877e-11,-2.978e-11,4.877e-11,4.3988e-12,-22023521120.55675
top2,0.3,-4,-4.9018e-12,8.66e-12,4.3210000000000005e-11,8.66e-12,4.9018e-12,-25693730729.70196
top2,0.4,-4,-3.3852e-12,2.2500000000000003e-12,8.74e-12,2.2500000000000003e-12,3.3852e-12,38669760247.48647
top2,0.5,-4,2.702e-13,-5.300000000000003e-13,1.64e-12,5.300000000000003e-13,2.702e-13,79713033080.9087
top2,0.6,-4,-8.761999999999999e-13,3.4100000000000002e-12,2.79e-12,3.4100000000000002e-12,8.761999999999999e-13,-94885662776.35452
top2,0.7,-4,-1.8376e-12,1.104e-11,4.78e-12,1.104e-11,1.8376e-12,-99601593625.49805
top2,0.8,-4,-2.8842e-12,2.7000000000000004e-11,7.580000000000001e-12,2.7000000000000004e-11,2.8842e-12,-125596583772.92133
top2,0.9,-4,-3.43e-12,3.721e-11,1.0540000000000002e-11,3.721e-11,3.43e-12,-190403655750.1904
top2,1.0,-4,-3.9346e-12,4.6930000000000006e-11,1.579e-11,4.6930000000000006e-11,3.9346e-12,-264480296217.9319
top2,1.1,-4,-4.1862e-12,5.029e-11,2.193e-11,5.029e-11,4.1862e-12,-447027268663.3885
top2,1.2,-4,-4.382e-12,4.903e-11,2.904e-11,4.903e-11,4.382e-12,22213830330.763927
top2,1.3,-4,4.8172e-12,-1.428e-11,-4.331e-11,1.428e-11,4.8172e-12,24543491066.16928
top2,1.4,-4,3.7668e-12,-1.9700000000000003e-12,-1.2160000000000002e-11,1.9700000000000003e-12,3.7668e-12,-35295778624.87646
top2,1.5,-4,-8.492e-13,1.0500000000000002e-12,-1.5200000000000002e-12,1.0500000000000002e-12,8.492e-13,-63926356836.92385
top2,1.6,-4,6.382e-13,-1.65e-12,-3.1700000000000004e-12,1.65e-12,6.382e-13,83001328021.24834
top2,1.7,-4,1.5604e-12,-7.570000000000003e-12,-4.01e-12,7.570000000000003e-12,1.5604e-12,102218133496.88232
top2,1.8,-4,2.5948e-12,-1.959e-11,-6.3e-12,1.959e-11,2.5948e-12,114810562571.75671
top2,1.9,-4,3.3024e-12,-3.474e-11,-9.33e-12,3.474e-11,3.3024e-12,160513643659.71106
top2,2.0,-4,3.8408e-12,-4.364e-11,-1.3380000000000002e-11,4.364e-11,3.8408e-12,262329485834.20755
top2,2.1,-4,4.0648e-12,-4.965e-11,-1.963e-11,4.965e-11,4.0648e-12,424448217317.4871
top2,2.2,-4,4.312e-12,-4.9660000000000006e-11,-2.762e-11,4.9660000000000006e-11,4.312e-12,-22678822515.535007
top2,2.3000000000000003,-4,-4.754e-12,1.7620000000000003e-11,4.284e-11,1.7620000000000003e-11,4.754e-12,-24047132379.463715
top2,2.4,-4,-4.005e-12,1.64e-12,1.519e-11,1.64e-12,4.005e-12,33018556428.712887
top2,2.5,-4,1.3032e-12,-1.3500000000000001e-12,1.46e-12,1.3500000000000001e-12,1.3032e-12,54179985913.203705
top2,2.6,-4,-3.136e-13,1.93e-12,2.450000000000001e-12,1.93e-12,3.136e-13,-71689726862.14072
top2,2.7,-4,-1.4866e-12,5.010000000000001e-12,3.65e-12,5.010000000000001e-12,1.4866e-12,-89686098654.7086
top2,2.8000000000000003,-4,-2.5436e-12,1.722e-11,5.3500000000000004e-12,1.722e-11,2.5436e-12,-116198001394.37584
top2,2.9,-4,-3.2078e-12,3.1960000000000005e-11,8.74e-12,3.1960000000000005e-11,3.2078e-12,-157480314960.6297
top2,3.0,-4,-3.8136e-12,4.32e-11,1.361e-11,4.32e-11,3.8136e-12,-232126276694.52216
top2,3.1,-4,-4.0694e-12,4.9700000000000007e-11,1.867e-11,4.9700000000000007e-11,4.0694e-12,-411692054343.3514
top2,3.2,-4,-4.2994e-12,5.0380000000000005e-11,2.63e-11,5.0380000000000005e-11,4.2994e-12,22721592329.19045
top2,3.3000000000000003,-4,4.7328e-12,-1.8730000000000003e-11,-4.2780000000000006e-11,1.8730000000000003e-11,4.7328e-12,24069126531.39814
top2,3.4,-4,4.01e-12,-1.5600000000000002e-12,-1.617e-11,1.5600000000000002e-12,4.01e-12,-34068067999.86368
top2,3.5,-4,-1.1378e-12,1.5e-12,-1.5700000000000002e-12,1.5e-12,1.1378e-12,-52870889288.35787
top2,3.6,-4,2.272e-13,-3.900000000000001e-13,-2.75e-12,3.900000000000001e-13,2.272e-13,79497575323.95267
top2,3.7,-4,1.378e-12,-7.570000000000003e-12,-4.12e-12,7.570000000000003e-12,1.378e-12,93659267584.52756
top2,3.8,-4,2.3626e-12,-1.682e-11,-5.710000000000001e-12,1.682e-11,2.3626e-12,121980970968.52876
top2,3.9,-4,3.0176e-12,-2.945e-11,-8.97e-12,2.945e-11,3.0176e-12,159744408945.6867
top2,4.0,-4,3.6146e-12,-4.261e-11,-1.32e-11,4.261e-11,3.6146e-12,210703750526.7592
top2,4.1,-4,3.9668e-12,-4.8e-11,-1.752e-11,4.8e-11,3.9668e-12,357781753130.5907
top2,4.2,-4,4.1736e-12,-5.066e-11,-2.418e-11,5.066e-11,4.1736e-12,-22709724303.946968
top2,4.3,-4,-4.84e-12,2.476e-11,4.1e-11,2.476e-11,4.84e-12,-23591582523.355686
top2,4.4,-4,-4.304e-12,2.070000000000001e-12,1.992e-11,2.070000000000001e-12,4.304e-12,30490593651.85843
top2,4.5,-4,1.7194e-12,-1.4400000000000001e-12,3.1000000000000004e-13,1.4400000000000001e-12,1.7194e-12,41223513892.32422
top2,4.6000000000000005,-4,5.476e-13,-8.800000000000002e-13,1.96e-12,8.800000000000002e-13,5.476e-13,-82338410868.67032
top2,4.7,-4,-7.096e-13,2.24e-12,2.67e-12,2.24e-12,7.096e-13,-79725743442.55731
top2,4.8,-4,-1.961e-12,1.0950000000000002e-11,4.52e-12,1.0950000000000002e-11,1.961e-12,-96899224806.20164
top2,4.9,-4,-2.7736e-12,2.353e-11,6.620000000000001e-12,2.353e-11,2.7736e-12,-138217000691.0851
top2,5.0,-4,-3.408e-12,3.608e-11,9.88e-12,3.608e-11,3.408e-12,-157629255989.9111
top2,0.0,-3,-4.8266e-12,1e-12,3.894e-11,1e-12,4.8266e-12,33765532144.78661
top2,0.1,-3,-1.865e-12,2.39e-12,-1.9000000000000002e-13,2.39e-12,1.865e-12,47911077041.01189
top2,0.2,-3,-6.522e-13,1.4400000000000001e-12,-1.8400000000000002e-12,1.4400000000000001e-12,6.522e-13,81926921186.30182
top2,0.3,-3,5.762e-13,-1.51e-12,-2.95e-12,1.51e-12,5.762e-13,90876045074.51836
top2,0.4,-3,1.5486e-12,-7.150000000000001e-12,-3.95e-12,7.150000000000001e-12,1.5486e-12,109721307877.98991
top2,0.5,-3,2.399e-12,-1.815e-11,-5.94e-12,1.815e-11,2.399e-12,117164616285.88164
top2,0.6,-3,3.2556e-12,-3.1840000000000003e-11,-8.490000000000001e-12,3.1840000000000003e-11,3.2556e-12,140056022408.96362
top2,0.7,-3,3.827e-12,-4.338e-11,-1.3090000000000002e-11,4.338e-11,3.827e-12,235904694503.4208
top2,0.8,-3,4.1034e-12,-4.883e-11,-1.948e-11,4.883e-11,4.1034e-12,541125541125.54047
top2,0.9,-3,4.1966e-12,-4.989e-11,-2.6360000000000003e-11,4.989e-11,4.1966e-12,-22606022244.32589
top2,1.0,-3,-4.7438e-12,2.142e-11,4.2590000000000005e-11,2.142e-11,4.7438e-12,-23639544229.58726
top2,1.1,-3,-4.2638e-12,1.7600000000000002e-12,1.812e-11,1.7600000000000002e-12,4.2638e-12,30589458872.472546
top2,1.2,-3,1.7944e-12,-1.95e-12,6.200000000000001e-13,1.95e-12,1.7944e-12,42089313523.296425
top2,1.3,-3,4.88e-13,-6.700000000000003e-13,1.64e-12,6.700000000000003e-13,4.88e-13,-77845243655.6127
top2,1.4,-3,-7.748e-13,2.3200000000000002e-12,2.79e-12,2.3200000000000002e-12,7.748e-13,-86888522026.24033
top2,1.5,-3,-1.8138e-12,9.77e-12,4.48e-12,9.77e-12,1.8138e-12,-108837614279.49496
top2,1.6,-3,-2.6124e-12,2.039e-11,6.21e-12,2.039e-11,2.6124e-12,-140745953553.8353
top2,1.7,-3,-3.2348e-12,3.5810000000000004e-11,9.93e-12,3.5810000000000004e-11,3.2348e-12,-170444861087.43814
top2,1.8,-3,-3.7858e-12,4.448e-11,1.418e-11,4.448e-11,3.7858e-12,-245278390973.75543
top2,1.9,-3,-4.0502e-12,5.03e-11,1.9440000000000003e-11,5.03e-11,4.0502e-12,-428449014567.2668
top2,2.0,-3,-4.2526e-12,4.9700000000000007e-11,2.628e-11,4.9700000000000007e-11,4.2526e-12,22644927536.23188
top2,2.1,-3,4.7818e-12,-1.881e-11,-4.258e-11,1.881e-11,4.7818e-12,24447486798.357147
top2,2.2,-3,3.9282e-12,-1.27e-12,-1.4870000000000003e-11,1.27e-12,3.9282e-12,-33743883921.039345
top2,2.3000000000000003,-3,-1.1452e-12,1.3800000000000002e-12,-1.21e-12,1.3800000000000002e-12,1.1452e-12,-51203277009.72855
top2,2.4,-3,2.22e-14,8.000000000000001e-14,-2e-12,8.000000000000001e-14,2.22e-14,89581653677.32675
top2,2.5,-3,1.0874e-12,-2.92e-12,-3.540000000000001e-12,2.92e-12,1.0874e-12,92859132695.7007
top2,2.6,-3,2.176e-12,-1.517e-11,-5.4100000000000006e-12,1.517e-11,2.176e-12,106337728626.11664
top2,2.7,-3,2.9682e-12,-2.85e-11,-8.32e-12,2.85e-11,2.9682e-12,143225436837.5825
top2,2.8000000000000003,-3,3.5724e-12,-4.1060000000000005e-11,-1.148e-11,4.1060000000000005e-11,3.5724e-12,196232339089.4817
top2,2.9,-3,3.9874e-12,-4.734e-11,-1.631e-11,4.734e-11,3.9874e-12,331016219794.7696
top2,3.0,-3,4.1766e-12,-5.1080000000000006e-11,-2.246e-11,5.1080000000000006e-11,4.1766e-12,515463917525.7732
top2,3.1,-3,4.3754e-12,-4.99e-11,-2.872e-11,4.99e-11,4.3754e-12,-22067747986.31802
top2,3.2,-3,-4.8864e-12,1.245e-11,4.342e-11,1.245e-11,4.8864e-12,-24531449318.02573
top2,3.3000000000000003,-3,-3.7774e-12,6.3e-13,1.331e-11,6.3e-13,3.7774e-12,34224306102.193733
top2,3.4,-3,9.574e-13,-2.26e-12,1e-12,2.26e-12,9.574e-13,55257777532.187584
top2,3.5,-3,-1.58e-13,-1.4e-13,2.04e-12,1.4e-13,1.58e-13,-89461442118.44702
top2,3.6,-3,-1.2782e-12,5.95e-12,3.46e-12,5.95e-12,1.2782e-12,-101378751013.7876
top2,3.7,-3,-2.1308e-12,1.377e-11,5.660000000000001e-12,1.377e-11,2.1308e-12,-121065375302.66356
top2,3.8,-3,-2.9302e-12,2.782e-11,7.83e-12,2.782e-11,2.9302e-12,-137193030594.04562
top2,3.9,-3,-3.5886e-12,4.005e-11,1.117e-11,4.005e-11,3.5886e-12,-197628458498.02344
top2,4.0,-3,-3.9422e-12,4.702e-11,1.584e-11,4.702e-11,3.9422e-12,-348675034867.50287
top2,4.1,-3,-4.1622e-12,4.9260000000000006e-11,2.22e-11,4.9260000000000006e-11,4.1622e-12,-442086648983.2011
top2,4.2,-3,-4.3946e-12,4.9360000000000005e-11,2.9000000000000003e-11,4.9360000000000005e-11,4.3946e-12,21942817018.848896
top2,4.3,-3,4.9524e-12,-1.007e-11,-4.322e-11,1.007e-11,4.9524e-12,24785604520.894287
top2,4.4,-3,3.6746e-12,-1.4400000000000001e-12,-1.02e-11,1.4400000000000001e-12,3.6746e-12,-36675713342.62455
top2,4.5,-3,-5.008e-13,1.6200000000000004e-12,-1.9900000000000002e-12,1.6200000000000004e-12,5.008e-13,-72077266830.04187
top2,4.6000000000000005,-3,8.998e-13,-2.37e-12,-2.7600000000000004e-12,2.37e-12,8.998e-13,84839229659.79477
top2,4.7,-3,1.8566e-12,-1.195e-11,-4.98e-12,1.195e-11,1.8566e-12,112069931637.34132
top2,4.8,-3,2.6844e-12,-2.314e-11,-7.150000000000001e-12,2.314e-11,2.6844e-12,128899200824.955
top2,4.9,-3,3.4082e-12,-3.92e-11,-1.153e-11,3.92e-11,3.4082e-12,156543519098.30942
top2,5.0,-3,3.962e-12,-4.807e-11,-1.6540000000000002e-11,4.807e-11,3.962e-12,180570603105.81363
top2,0.0,-2,-4.665e-12,1.03e-12,2.11e-11,1.03e-12,4.665e-12,16398819285.01148
top2,0.1,-2,1.433e-12,-1.12e-12,8.600000000000002e-13,1.12e-12,1.433e-12,42459239130.434784
top2,0.2,-2,4.54e-14,-9.9e-13,1.98e-12,9.9e-13,4.54e-14,-76593137254.90193
top2,0.3,-2,-1.1782e-12,4.72e-12,3.6200000000000003e-12,4.72e-12,1.1782e-12,-89405453732.67769
top2,0.4,-2,-2.1916e-12,1.608e-11,5.54e-12,1.608e-11,2.1916e-12,-110229276895.94356
top2,0.5,-2,-2.9926e-12,2.814e-11,8.080000000000003e-12,2.814e-11,2.9926e-12,-147623265426.63123
top2,0.6,-2,-3.5464e-12,4.093e-11,1.134e-11,4.093e-11,3.5464e-12,-186880956830.49905
top2,0.7,-2,-4.0628e-12,4.905e-11,1.684e-11,4.905e-11,4.0628e-12,-284495021337.12665
top2,0.8,-2,-4.2494e-12,5.0200000000000005e-11,2.411e-11,5.0200000000000005e-11,4.2494e-12,22692202959.06325
top2,0.9,-2,4.7508e-12,-2.358e-11,-4.247e-11,2.358e-11,4.7508e-12,23659119407.575645
top2,1.0,-2,4.204e-12,-5.800000000000003e-13,-2.085e-11,5.800000000000003e-13,4.204e-12,-30782490919.16519
top2,1.1,-2,-1.7464e-12,2.3000000000000003e-12,-2.8e-13,2.3000000000000003e-12,1.7464e-12,-41600798735.3357
top2,1.2,-2,-6.036e-13,1.46e-12,-1.78e-12,1.46e-12,6.036e-13,86229197206.174
top2,1.3,-2,5.73e-13,-1.27e-12,-2.97e-12,1.27e-12,5.73e-13,85273300929.47905
top2,1.4,-2,1.7418e-12,-9.46e-12,-4.5900000000000004e-12,9.46e-12,1.7418e-12,93914350112.6972
top2,1.5,-2,2.7026e-12,-2.085e-11,-6.6e-12,2.085e-11,2.7026e-12,119161105815.06194
top2,1.6,-2,3.4202e-12,-3.5640000000000006e-11,-1.04e-11,3.5640000000000006e-11,3.4202e-12,166500166500.1665
top2,1.7,-2,3.9038e-12,-4.553e-11,-1.4940000000000002e-11,4.553e-11,3.9038e-12,279251605696.73267
top2,1.8,-2,4.1364e-12,-4.978e-11,-2.1770000000000003e-11,4.978e-11,4.1364e-12,518672199170.1246
top2,1.9,-2,4.2894e-12,-4.964e-11,-2.8360000000000003e-11,4.964e-11,4.2894e-12,-22301516503.122208
top2,2.0,-2,-4.8316e-12,1.364e-11,4.353e-11,1.364e-11,4.8316e-12,-24691358024.69136
top2,2.1,-2,-3.8106e-12,1.88e-12,1.208e-11,1.88e-12,3.8106e-12,35464765755.22222
top2,2.2,-2,8.078e-13,-1.3300000000000002e-12,1.55e-12,1.3300000000000002e-12,8.078e-13,59266283411.367325
top2,2.3000000000000003,-2,-4.36e-13,1.7600000000000002e-12,2.2200000000000002e-12,1.7600000000000002e-12,4.36e-13,-81109579041.28467
top2,2.4,-2,-1.658e-12,8.14e-12,3.75e-12,8.14e-12,1.658e-12,-92081031307.55052
top2,2.5,-2,-2.608e-12,2.091e-11,6.2200000000000006e-12,2.091e-11,2.608e-12,-127942681678.60808
top2,2.6,-2,-3.2212e-12,3.347e-11,9.41e-12,3.347e-11,3.2212e-12,-174307129161.58286
top2,2.7,-2,-3.7554e-12,4.323e-11,1.3580000000000002e-11,4.323e-11,3.7554e-12,-221778664892.4376
top2,2.8000000000000003,-2,-4.123e-12,4.844e-11,2.0370000000000003e-11,4.844e-11,4.123e-12,-337723741979.0608
top2,2.9,-2,-4.3476e-12,4.9080000000000007e-11,2.7180000000000003e-11,4.9080000000000007e-11,4.3476e-12,22323920080.36608
top2,3.0,-2,4.836e-12,-1.5650000000000002e-11,-4.345e-11,1.5650000000000002e-11,4.836e-12,24100450678.42771
top2,3.1,-2,3.951e-12,-1.18e-12,-1.508e-11,1.18e-12,3.951e-12,-33819202543.20406
top2,3.2,-2,-1.0778e-12,1.7600000000000002e-12,-1.4e-12,1.7600000000000002e-12,1.0778e-12,-55713410217.839485
top2,3.3000000000000003,-2,3.612e-13,-1.4400000000000001e-12,-2.9300000000000002e-12,1.4400000000000001e-12,3.612e-13,76365024818.63297
top2,3.4,-2,1.5412e-12,-6.8800000000000006e-12,-4.12e-12,6.8800000000000006e-12,1.5412e-12,90801779714.8823
top2,3.5,-2,2.5638e-12,-2.1860000000000003e-11,-6.800000000000001e-12,2.1860000000000003e-11,2.5638e-12,109409190371.99136
top2,3.6,-2,3.3692e-12,-3.704e-11,-1.015e-11,3.704e-11,3.3692e-12,150738619234.248
top2,3.7,-2,3.8906e-12,-4.61e-11,-1.413e-11,4.61e-11,3.8906e-12,244977951984.3215
top2,3.8,-2,4.1856e-12,-5.0460000000000006e-11,-2.122e-11,5.0460000000000006e-11,4.1856e-12,472143531633.6161
top2,3.9,-2,4.3142e-12,-5.018e-11,-2.828e-11,5.018e-11,4.3142e-12,-22365860750.15094
top2,4.0,-2,-4.7566e-12,1.355e-11,4.349e-11,1.355e-11,4.7566e-12,-24426585896.08927
top2,4.1,-2,-3.8736e-12,1.8400000000000002e-12,1.447e-11,1.8400000000000002e-12,3.8736e-12,34623641022.08991
top2,4.2,-2,1.0198e-12,-1.23e-12,1.31e-12,1.23e-12,1.0198e-12,54978283577.98674
top2,4.3,-2,-2.358e-13,6.000000000000003e-13,2.3300000000000004e-12,6.000000000000003e-13,2.358e-13,-79560824250.1393
top2,4.4,-2,-1.494e-12,6.680000000000002e-12,4.08e-12,6.680000000000002e-12,1.494e-12,-86767895878.52502
top2,4.5,-2,-2.5408e-12,1.998e-11,5.920000000000002e-12,1.998e-11,2.5408e-12,-109685203466.05252
top2,4.6000000000000005,-2,-3.3174e-12,3.361e-11,9.29e-12,3.361e-11,3.3174e-12,-169176112332.9387
top2,4.7,-2,-3.723e-12,4.393e-11,1.32e-11,4.393e-11,3.723e-12,-272182906913.4449
top2,4.8,-2,-4.0522e-12,4.943e-11,1.869e-11,4.943e-11,4.0522e-12,-376931775348.66266
top2,4.9,-2,-4.2536e-12,5.005e-11,2.557e-11,5.005e-11,4.2536e-12,22634676324.128586
top2,5.0,-2,4.7838e-12,-1.7400000000000003e-11,-4.344e-11,1.7400000000000003e-11,4.7838e-12,11065129351.362078
top2,0.0,-1,3.9674e-12,-1.98e-12,-6.330000000000001e-12,1.98e-12,3.9674e-12,-29627873903.768665
top2,0.1,-1,5.922e-13,-1.55e-12,-3.07e-12,1.55e-12,5.922e-13,-91625435220.81728
top2,0.2,-1,1.7846e-12,-9.58e-12,-4.7000000000000006e-12,9.58e-12,1.7846e-12,95392540303.34824
top2,0.3,-1,2.6888e-12,-2.296e-11,-6.55e-12,2.296e-11,2.6888e-12,127307447485.67792
top2,0.4,-1,3.3556e-12,-3.5520000000000004e-11,-1.016e-11,3.5520000000000004e-11,3.3556e-12,179083094555.87396
top2,0.5,-1,3.8056e-12,-4.5140000000000005e-11,-1.434e-11,4.5140000000000005e-11,3.8056e-12,279798545047.5656
top2,0.6,-1,4.0704e-12,-4.994e-11,-1.963e-11,4.994e-11,4.0704e-12,419639110365.0864
top2,0.7,-1,4.2822e-12,-5.0600000000000005e-11,-2.633e-11,5.0600000000000005e-11,4.2822e-12,-22541815066.9492
top2,0.8,-1,-4.802e-12,1.682e-11,4.3e-11,1.682e-11,4.802e-12,-24509203205.803776
top2,0.9,-1,-3.878e-12,1.17e-12,1.449e-11,1.17e-12,3.878e-12,34183359540.57564
top2,1.0,-1,1.0488e-12,-2.3000000000000003e-12,1.2500000000000001e-12,2.3000000000000003e-12,1.0488e-12,54159445407.27904
top2,1.1,-1,-1.852e-13,7e-14,2.04e-12,7e-14,1.852e-13,-87290502793.29608
top2,1.2,-1,-1.2424e-12,4.93e-12,3.290000000000001e-12,4.93e-12,1.2424e-12,-98951118147.63504
top2,1.3,-1,-2.2064e-12,1.6380000000000003e-11,5.34e-12,1.6380000000000003e-11,2.2064e-12,-105574324324.32442
top2,1.4,-1,-3.1368e-12,3.197e-11,8.810000000000001e-12,3.197e-11,3.1368e-12,-133120340788.07242
top2,1.5,-1,-3.7088e-12,4.1790000000000005e-11,1.243e-11,4.1790000000000005e-11,3.7088e-12,-228050171037.6284
top2,1.6,-1,-4.0138e-12,4.837e-11,1.807e-11,4.837e-11,4.0138e-12,-379794910748.1954
top2,1.7,-1,-4.2354e-12,5.033e-11,2.282e-11,5.033e-11,4.2354e-12,22925263640.531864
top2,1.8,-1,4.7102e-12,-2.724e-11,-4.1940000000000006e-11,2.724e-11,4.7102e-12,23401666198.63336
top2,1.9,-1,4.311e-12,-1.04e-12,-1.9730000000000003e-11,1.04e-12,4.311e-12,-31932558436.58193
top2,2.0,-1,-1.553e-12,6.500000000000003e-13,-9.4e-13,6.500000000000003e-13,1.553e-12,-43802014892.68506
top2,2.1,-1,-2.55e-13,6.6e-13,-2.1500000000000003e-12,6.6e-13,2.55e-13,82624142774.51878
top2,2.2,-1,8.676e-13,-2.8600000000000003e-12,-3.5500000000000004e-12,2.8600000000000003e-12,8.676e-13,89493466976.91075
top2,2.3000000000000003,-1,1.9798e-12,-1.11e-11,-4.62e-12,1.11e-11,1.9798e-12,100050025012.50612
top2,2.4,-1,2.8666e-12,-2.631e-11,-7.63e-12,2.631e-11,2.8666e-12,131268049356.7864
top2,2.5,-1,3.5034e-12,-3.995e-11,-1.086e-11,3.995e-11,3.5034e-12,192678227360.3084
top2,2.6,-1,3.9046e-12,-4.717e-11,-1.526e-11,4.717e-11,3.9046e-12,339443312966.73486
top2,2.7,-1,4.0926e-12,-5.062e-11,-2.124e-11,5.062e-11,4.0926e-12,579374275782.1561
top2,2.8000000000000003,-1,4.2498e-12,-5.004e-11,-2.821e-11,5.004e-11,4.2498e-12,-22563686003.745544
top2,2.9,-1,-4.7712e-12,1.561e-11,4.32e-11,1.561e-11,4.7712e-12,-24155172830.261566
top2,3.0,-1,-4.03e-12,1.55e-12,1.509e-11,1.55e-12,4.03e-12,33231423634.18852
top2,3.1,-1,1.2472e-12,-1.17e-12,1.08e-12,1.17e-12,1.2472e-12,49077345897.133934
top2,3.2,-1,4.52e-14,-4.0000000000000006e-14,1.6300000000000001e-12,4.0000000000000006e-14,4.52e-14,-81712698153.29309
top2,3.3000000000000003,-1,-1.2004e-12,4.27e-12,3.440000000000001e-12,4.27e-12,1.2004e-12,-90350560173.47296
top2,3.4,-1,-2.1684e-12,1.3890000000000002e-11,5.08e-12,1.3890000000000002e-11,2.1684e-12,-117855038302.88731
top2,3.5,-1,-2.8974e-12,2.6380000000000004e-11,7.71e-12,2.6380000000000004e-11,2.8974e-12,-163078930202.21802
top2,3.6,-1,-3.3948e-12,3.7680000000000006e-11,1.037e-11,3.7680000000000006e-11,3.3948e-12,-213995292103.57388
top2,3.7,-1,-3.832e-12,4.619e-11,1.568e-11,4.619e-11,3.832e-12,-245338567222.76764
top2,3.8,-1,-4.21e-12,5.052e-11,2.267e-11,5.052e-11,4.21e-12,-364963503649.6348
top2,3.9,-1,-4.38e-12,4.9040000000000006e-11,2.957e-11,4.9040000000000006e-11,4.38e-12,21990104452.99612
top2,4.0,-1,4.885e-12,-1.058e-11,-4.327e-11,1.058e-11,4.885e-12,24961309969.547173
top2,4.1,-1,3.6324e-12,-1.8400000000000002e-12,-1.195e-11,1.8400000000000002e-12,3.6324e-12,-35910511006.571655
top2,4.2,-1,-6.844e-13,6.500000000000003e-13,-1.3500000000000001e-12,6.500000000000003e-13,6.844e-13,-60631783180.74341
top2,4.3,-1,3.338e-13,-1.5400000000000001e-12,-2.450000000000001e-12,1.5400000000000001e-12,3.338e-13,88754770568.91814
top2,4.4,-1,1.569e-12,-9.09e-12,-4.57e-12,9.09e-12,1.569e-12,93887897849.9672
top2,4.5,-1,2.464e-12,-1.912e-11,-6.940000000000001e-12,1.912e-11,2.464e-12,112714156898.10648
top2,4.6000000000000005,-1,3.3434e-12,-3.5850000000000004e-11,-9.48e-12,3.5850000000000004e-11,3.3434e-12,155014726399.008
top2,4.7,-1,3.7542e-12,-4.465e-11,-1.362e-11,4.465e-11,3.7542e-12,243961941937.057
top2,4.8,-1,4.1632e-12,-4.934e-11,-1.896e-11,4.934e-11,4.1632e-12,422297297297.29767
top2,4.9,-1,4.2278e-12,-5.0420000000000005e-11,-2.5410000000000003e-11,5.0420000000000005e-11,4.2278e-12,-22530641672.67485
top2,5.0,-1,-4.7136e-12,1.823e-11,4.297e-11,1.823e-11,4.7136e-12,-11183930928.042547
top2,0.0,0,7.0158e-12,-1.23e-12,-5.320000000000001e-12,1.23e-12,7.0158e-12,27959638.137416143
top2,0.1,0,3.5836e-09,4.9260000000000006e-11,-3.6046e-09,4.9260000000000006e-11,3.5836e-09,41739848.79572814
top2,0.2,0,4.7986e-09,-1.4800000000000006e-12,-4.8355e-09,1.4800000000000006e-12,4.7986e-09,131987065.26760374
top2,0.3,0,5.0989e-09,2.4000000000000004e-13,-5.0784e-09,2.4000000000000004e-13,5.0989e-09,558347292.015634
top2,0.4,0,5.1568e-09,5.0270000000000005e-11,-5.1423e-09,5.0270000000000005e-11,5.1568e-09,4291845493.5622873
top2,0.5,0,5.1455e-09,1.6200000000000004e-12,-5.0881e-09,1.6200000000000004e-12,5.1455e-09,-3091190108.1916337
top2,0.6,0,5.0921e-09,-6.1e-13,-5.1273e-09,6.1e-13,5.0921e-09,-9900990099.01011
top2,0.7,0,5.1253e-09,-4.993e-11,-5.1511e-09,4.993e-11,5.1253e-09,3262642740.6198926
top2,0.8,0,5.1534e-09,-8.800000000000002e-13,-5.14e-09,8.800000000000002e-13,5.1534e-09,9900990099.010103
top2,0.9,0,5.1455e-09,2.3000000000000013e-13,-5.1139e-09,2.3000000000000013e-13,5.1455e-09,-3831417624.5210505
top2,1.0,0,5.1012e-09,4.931e-11,-5.0729e-09,4.931e-11,5.1012e-09,-3110419906.68743
top2,1.1,0,5.0812e-09,1.3900000000000001e-12,-5.0431e-09,1.3900000000000001e-12,5.0812e-09,-2503128911.13892
top2,1.2,0,5.0213e-09,-1.8000000000000007e-13,-5.0574e-09,1.8000000000000007e-13,5.0213e-09,-14388489208.63253
top2,1.3,0,5.0673e-09,-5.065e-11,-5.0976e-09,5.065e-11,5.0673e-09,4158004158.0041375
top2,1.4,0,5.0694e-09,-1.96e-12,-5.0883e-09,1.96e-12,5.0694e-09,20833333333.332325
top2,1.5,0,5.0769e-09,7e-14,-5.0304e-09,7e-14,5.0769e-09,-11428571428.571432
top2,1.6,0,5.0519e-09,5.016e-11,-5.041e-09,5.016e-11,5.0519e-09,-6211180124.22361
top2,1.7,0,5.0447e-09,1.1000000000000002e-12,-5.0043e-09,1.1000000000000002e-12,5.0447e-09,-2932551319.6480827
top2,1.8,0,4.9837e-09,6.200000000000001e-13,-5.0059e-09,6.200000000000001e-13,4.9837e-09,-6622516556.291361
top2,1.9,0,5.0145e-09,-4.9400000000000005e-11,-5.0157e-09,4.9400000000000005e-11,5.0145e-09,3407155025.553649
top2,2.0,0,5.0424e-09,-1.7500000000000002e-12,-5.0662e-09,1.7500000000000002e-12,5.0424e-09,4555808656.036465
top2,2.1,0,5.0584e-09,-1.31e-12,-5.0485e-09,1.31e-12,5.0584e-09,-22471910112.35999
top2,2.2,0,5.0335e-09,4.898e-11,-4.9901e-09,4.898e-11,5.0335e-09,-4140786749.482447
top2,2.3000000000000003,0,5.0101e-09,8.9e-13,-4.9532e-09,8.9e-13,5.0101e-09,-4310344827.586185
top2,2.4,0,4.9871e-09,1.2900000000000002e-12,-5.0112e-09,1.2900000000000002e-12,4.9871e-09,7518796992.481225
top2,2.5,0,5.0367e-09,-4.9620000000000005e-11,-5.0693e-09,4.9620000000000005e-11,5.0367e-09,3984063745.019884
top2,2.6,0,5.0373e-09,-1.04e-12,-5.0125e-09,1.04e-12,5.0373e-09,-6493506493.506426
top2,2.7,0,5.0059e-09,-1.08e-12,-4.9853e-09,1.08e-12,5.0059e-09,-4618937644.341757
top2,2.8000000000000003,0,4.994e-09,4.719e-11,-4.973e-09,4.719e-11,4.994e-09,-3125000000.0000067
top2,2.9,0,4.9419e-09,1.7500000000000002e-12,-4.9122e-09,1.7500000000000002e-12,4.9419e-09,-3241491085.8994927
top2,3.0,0,4.9323e-09,1.1600000000000001e-12,-4.9643e-09,1.1600000000000001e-12,4.9323e-09,10204081632.652954
top2,3.1,0,4.9615e-09,-4.661e-11,-4.9612e-09,4.661e-11,4.9615e-09,3100775193.798436
top2,3.2,0,4.9968e-09,-2.79e-12,-4.9997e-09,2.79e-12,4.9968e-09,4784688995.215363
top2,3.3000000000000003,0,5.0033e-09,-1.7700000000000001e-12,-4.9595e-09,1.7700000000000001e-12,5.0033e-09,-2928257686.6764297
top2,3.4,0,4.9285e-09,4.5870000000000005e-11,-4.9273e-09,4.5870000000000005e-11,4.9285e-09,-3558718861.209968
top2,3.5,0,4.9471e-09,4.16e-12,-4.9094e-09,4.16e-12,4.9471e-09,-8658008658.008646
top2,3.6,0,4.9054e-09,1.4400000000000001e-12,-4.9206e-09,1.4400000000000001e-12,4.9054e-09,-4739336492.891032
top2,3.7,0,4.9049e-09,-4.313e-11,-4.9166e-09,4.313e-11,4.9049e-09,5509641873.278247
top2,3.8,0,4.9417e-09,-5.820000000000001e-12,-4.9627e-09,5.820000000000001e-12,4.9417e-09,7843137254.901961
top2,3.9,0,4.9304e-09,-1.55e-12,-4.9321e-09,1.55e-12,4.9304e-09,-6711409395.973136
top2,4.0,0,4.9119e-09,3.427e-11,-4.8822e-09,3.427e-11,4.9119e-09,-23255813953.48792
top2,4.1,0,4.9218e-09,1.6400000000000003e-11,-4.8965e-09,1.6400000000000003e-11,4.9218e-09,-41666666666.66828
top2,4.2,0,4.9071e-09,1.59e-12,-4.9153e-09,1.59e-12,4.9071e-09,24691358024.69263
top2,4.3,0,4.9299e-09,-3.1260000000000004e-11,-4.9222e-09,3.1260000000000004e-11,4.9299e-09,44444444444.44312
top2,4.4,0,4.9116e-09,-2.295e-11,-4.9344e-09,2.295e-11,4.9116e-09,4201680672.268864
top2,4.5,0,4.9775e-09,-1.9e-12,-4.9652e-09,1.9e-12,4.9775e-09,6230529595.015677
top2,4.6000000000000005,0,4.9437e-09,2.857e-11,-4.9036e-09,2.857e-11,4.9437e-09,-4484304932.735385
top2,4.7,0,4.9329e-09,2.619e-11,-4.8734e-09,2.619e-11,4.9329e-09,-2976190476.190469
top2,4.8,0,4.8765e-09,1.91e-12,-4.908e-09,1.91e-12,4.8765e-09,-3696857670.9796953
top2,4.9,0,4.8788e-09,-2.728e-11,-4.9034e-09,2.728e-11,4.8788e-09,5277044854.881208
top2,5.0,0,4.9144e-09,-2.664e-11,-4.9141e-09,2.664e-11,4.9144e-09,2808988764.044921
top2,0.0,1,4.06342e-11,2.51e-12,-6.283e-11,2.51e-12,4.06342e-11,1687912.8248659566
top2,0.1,1,5.928539999999999e-08,4.9580000000000005e-11,-5.93092e-08,4.9580000000000005e-11,5.928539999999999e-08,1844318.0550904777
top2,0.2,1,1.084818e-07,-2.8800000000000003e-11,-1.084204e-07,2.8800000000000003e-11,1.084818e-07,2249349.3756930805
top2,0.3,1,1.482e-07,-4.244e-11,-1.4818e-07,4.244e-11,1.482e-07,2778619.081888683
top2,0.4,1,1.8046e-07,1.1960000000000002e-11,-1.7998e-07,1.1960000000000002e-11,1.8046e-07,3409478.349812479
top2,0.5,1,2.0686e-07,1.5200000000000002e-12,-2.065e-07,1.5200000000000002e-12,2.0686e-07,4084967.320261436
top2,0.6,1,2.2942e-07,-1.2800000000000002e-12,-2.289e-07,1.2800000000000002e-12,2.2942e-07,4965243.296921552
top2,0.7,1,2.4714e-07,1.1600000000000001e-12,-2.47e-07,1.1600000000000001e-12,2.4714e-07,6131207.847946051
top2,0.8,1,2.6204e-07,-2.072e-11,-2.6252e-07,2.072e-11,2.6204e-07,7535795.026375273
top2,0.9,1,2.7368e-07,5.066e-11,-2.7398e-07,5.066e-11,2.7368e-07,9345794.392523354
top2,1.0,1,2.8344e-07,-5.7e-12,-2.8312e-07,5.7e-12,2.8344e-07,12820512.820512818
top2,1.1,1,2.8928e-07,-1.5300000000000001e-12,-2.8946e-07,1.5300000000000001e-12,2.8928e-07,19762845.8498024
top2,1.2,1,2.9356e-07,7.400000000000002e-13,-2.9344e-07,7.400000000000002e-13,2.9356e-07,29585798.816568088
top2,1.3,1,2.9604e-07,-1.21e-12,-2.9588e-07,1.21e-12,2.9604e-07,49751243.78109451
top2,1.4,1,2.9758e-07,5.003e-11,-2.9706e-07,5.003e-11,2.9758e-07,93457943.925234
top2,1.5,1,2.9818e-07,-2.8380000000000003e-11,-2.9814e-07,2.8380000000000003e-11,2.9818e-07,124999999.99999884
top2,1.6,1,2.9918e-07,3.160000000000001e-12,-2.9888e-07,3.160000000000001e-12,2.9918e-07,123456790.12345798
top2,1.7,1,2.998e-07,1.55e-12,-2.9948e-07,1.55e-12,2.998e-07,270270270.2702731
top2,1.8,1,2.9992e-07,-1.7000000000000002e-12,-2.9962e-07,1.7000000000000002e-12,2.9992e-07,2499999999.9988217
top2,1.9,1,2.9988e-07,3.023e-11,-2.9988e-07,3.023e-11,2.9988e-07,312500000.00000745
top2,2.0,1,3.0056e-07,-4.3830000000000005e-11,-3.0158e-07,4.3830000000000005e-11,3.0056e-07,232558139.534892
top2,2.1,1,3.0074e-07,3.4500000000000004e-11,-3.0114e-07,3.4500000000000004e-11,3.0074e-07,333333333.333338
top2,2.2,1,3.0116e-07,-4.660000000000001e-12,-3.0128e-07,4.660000000000001e-12,3.0116e-07,370370370.37035006
top2,2.3000000000000003,1,3.0128e-07,-1.6300000000000001e-12,-3.0058e-07,1.6300000000000001e-12,3.0128e-07,-357142857.14285684
top2,2.4,1,3.006e-07,1.17e-12,-3.0084e-07,1.17e-12,3.006e-07,-416666666.6666532
top2,2.5,1,3.008e-07,-3.23e-12,-3.0158e-07,3.23e-12,3.008e-07,294117647.05881083
top2,2.6,1,3.0128e-07,4.983e-11,-3.012e-07,4.983e-11,3.0128e-07,144927536.23188666
top2,2.7,1,3.0218e-07,-2.164e-11,-3.0108e-07,2.164e-11,3.0218e-07,344827586.206915
top2,2.8000000000000003,1,3.0186e-07,-3.6000000000000013e-13,-3.017e-07,3.6000000000000013e-13,3.0186e-07,-384615384.6154178
top2,2.9,1,3.0166e-07,6.6e-13,-3.011e-07,6.6e-13,3.0166e-07,-400000000.0000117
top2,3.0,1,3.0136e-07,-1.7100000000000002e-12,-3.017e-07,1.7100000000000002e-12,3.0136e-07,-227272727.27271587
top2,3.1,1,3.0078e-07,4.4700000000000005e-11,-3.018e-07,4.4700000000000005e-11,3.0078e-07,-666666666.6666172
top2,3.2,1,3.0106e-07,-4.68e-11,-3.0096e-07,4.68e-11,3.0106e-07,192307692.30768976
top2,3.3000000000000003,1,3.0182e-07,1.69e-11,-3.018e-07,1.69e-11,3.0182e-07,196078431.3725401
top2,3.4,1,3.0208e-07,9.9e-13,-3.0126e-07,9.9e-13,3.0208e-07,-333333333.33333725
top2,3.5,1,3.0122e-07,-1.13e-12,-3.0188e-07,1.13e-12,3.0122e-07,-416666666.66665405
top2,3.6,1,3.016e-07,1.07e-12,-3.0108e-07,1.07e-12,3.016e-07,2500000000.0004764
top2,3.7,1,3.013e-07,-1.593e-11,-3.0222e-07,1.593e-11,3.013e-07,999999999.9999256
top2,3.8,1,3.018e-07,4.883e-11,-3.0194e-07,4.883e-11,3.018e-07,285714285.7142855
top2,3.9,1,3.02e-07,-4.484e-11,-3.0244e-07,4.484e-11,3.02e-07,625000000.0000143
top2,4.0,1,3.0212e-07,1.28e-11,-3.0246e-07,1.28e-11,3.0212e-07,-500000000.000028
top2,4.1,1,3.016e-07,1.7500000000000002e-12,-3.026e-07,1.7500000000000002e-12,3.016e-07,625000000.0000156
top2,4.2,1,3.0244e-07,-1.174e-11,-3.0234e-07,1.174e-11,3.0244e-07,-3333333333.3324976
top2,4.3,1,3.0154e-07,4.8600000000000005e-11,-3.0292e-07,4.8600000000000005e-11,3.0154e-07,3333333333.3324976
top2,4.4,1,3.025e-07,-4.155e-11,-3.024e-07,4.155e-11,3.025e-07,181818181.81817707
top2,4.5,1,3.0264e-07,9.990000000000002e-12,-3.0282e-07,9.990000000000002e-12,3.0264e-07,277777777.77778983
top2,4.6000000000000005,1,3.0322e-07,2.0200000000000007e-12,-3.0272e-07,2.0200000000000007e-12,3.0322e-07,5000000000.000953
top2,4.7,1,3.0268e-07,-2.1000000000000003e-12,-3.0296e-07,2.1000000000000003e-12,3.0268e-07,-256410256.41026056
top2,4.8,1,3.0244e-07,9.43e-12,-3.0264e-07,9.43e-12,3.0244e-07,-5000000000.000953
top2,4.9,1,3.0264e-07,-4.2e-11,-3.0268e-07,4.2e-11,3.0264e-07,999999999.9999256
top2,5.0,1,3.0264e-07,8.580000000000001e-12,-3.028e-07,8.580000000000001e-12,3.0264e-07,
top2,0.0,2,3.3335000000000004e-10,7.600000000000002e-13,-2.8189000000000005e-10,7.600000000000002e-13,3.3335000000000004e-10,620244.8540610378
top2,0.1,2,1.6156e-07,1.139e-11,-1.6146e-07,1.139e-11,1.6156e-07,640601.3452948552
top2,0.2,2,3.1254e-07,2.5300000000000003e-12,-3.1258e-07,2.5300000000000003e-12,3.1254e-07,686012.211017356
top2,0.3,2,4.531e-07,-2.6600000000000004e-12,-4.5328e-07,2.6600000000000004e-12,4.531e-07,734915.8521349309
top2,0.4,2,5.8468e-07,1.41e-12,-5.8398e-07,1.41e-12,5.8468e-07,787587.6191226273
top2,0.5,2,7.0704e-07,-1.724e-11,-7.0576e-07,1.724e-11,7.0704e-07,855285.6654122474
top2,0.6,2,8.1852e-07,5.033e-11,-8.182e-07,5.033e-11,8.1852e-07,930578.8200260566
top2,0.7,2,9.2196e-07,-4.064e-11,-9.219e-07,4.064e-11,9.2196e-07,1004016.0642570287
top2,0.8,2,1.01772e-06,1.076e-11,-1.0173e-06,1.076e-11,1.01772e-06,1089324.618736383
top2,0.9,2,1.10556e-06,1.95e-12,-1.1056e-06,1.95e-12,1.10556e-06,1190617.9307060349
top2,1.0,2,1.1857e-06,-3.595e-11,-1.1859000000000002e-06,3.595e-11,1.1857e-06,1296680.49792531
top2,1.1,2,1.2598000000000002e-06,-4.41e-12,-1.2604e-06,4.41e-12,1.2598000000000002e-06,1407459.535538352
top2,1.2,2,1.3278000000000002e-06,4.9180000000000005e-11,-1.3275000000000002e-06,4.9180000000000005e-11,1.3278000000000002e-06,1552795.031055901
top2,1.3,2,1.3886e-06,-5.84e-12,-1.3893000000000002e-06,5.84e-12,1.3886e-06,1725625.5392579853
top2,1.4,2,1.4437e-06,-2.14e-12,-1.4444e-06,2.14e-12,1.4437e-06,1919385.7965451053
top2,1.5,2,1.4928e-06,1.921e-11,-1.4941000000000002e-06,1.921e-11,1.4928e-06,2143622.7224008567
top2,1.6,2,1.537e-06,-4.4050000000000006e-11,-1.5371e-06,4.4050000000000006e-11,1.537e-06,2444987.775061124
top2,1.7,2,1.5746e-06,-2.1000000000000001e-13,-1.5754000000000002e-06,2.1000000000000001e-13,1.5746e-06,2820874.4710860346
top2,1.8,2,1.6079e-06,1.83e-12,-1.6089000000000002e-06,1.83e-12,1.6079e-06,3252032.520325208
top2,1.9,2,1.6361e-06,-4.859e-11,-1.6362e-06,4.859e-11,1.6361e-06,3976143.141153083
top2,2.0,2,1.6582e-06,4.440000000000001e-12,-1.659e-06,4.440000000000001e-12,1.6582e-06,4975124.378109445
top2,2.1,2,1.6763000000000002e-06,1.7000000000000002e-12,-1.6769000000000002e-06,1.7000000000000002e-12,1.6763000000000002e-06,6153846.153846137
top2,2.2,2,1.6907000000000002e-06,-5.0060000000000006e-11,-1.6912000000000002e-06,5.0060000000000006e-11,1.6907000000000002e-06,7905138.339920957
top2,2.3000000000000003,2,1.7016e-06,2.5500000000000002e-12,-1.7020000000000002e-06,2.5500000000000002e-12,1.7016e-06,10810810.810810853
top2,2.4,2,1.7092e-06,2.64e-12,-1.7098e-06,2.64e-12,1.7092e-06,14598540.145985411
top2,2.5,2,1.7153e-06,-5.0500000000000007e-11,-1.7162000000000002e-06,5.0500000000000007e-11,1.7153e-06,16949152.54237284
top2,2.6,2,1.721e-06,9.3e-12,-1.7215000000000002e-06,9.3e-12,1.721e-06,21505376.34408589
top2,2.7,2,1.7246000000000002e-06,1.59e-12,-1.7252000000000002e-06,1.59e-12,1.7246000000000002e-06,28169014.08450663
top2,2.8000000000000003,2,1.7281000000000002e-06,-3.4280000000000003e-11,-1.729e-06,3.4280000000000003e-11,1.7281000000000002e-06,30769230.769230425
top2,2.9,2,1.7311000000000005e-06,1.199e-11,-1.7321e-06,1.199e-11,1.7311000000000005e-06,29850746.268657263
top2,3.0,2,1.7348e-06,1.0100000000000001e-12,-1.7357000000000002e-06,1.0100000000000001e-12,1.7348e-06,33898305.08474568
top2,3.1,2,1.7370000000000005e-06,-5.09e-12,-1.7377e-06,5.09e-12,1.7370000000000005e-06,45454545.45454426
top2,3.2,2,1.7392000000000002e-06,3.477e-11,-1.7395000000000002e-06,3.477e-11,1.7392000000000002e-06,47619047.619048886
top2,3.3000000000000003,2,1.7412000000000002e-06,1.8400000000000002e-12,-1.7421000000000002e-06,1.8400000000000002e-12,1.7412000000000002e-06,62499999.99999936
top2,3.4,2,1.7424000000000005e-06,-8.100000000000002e-13,-1.743e-06,8.100000000000002e-13,1.7424000000000005e-06,60606060.60605986
top2,3.5,2,1.7445000000000002e-06,5.0600000000000005e-11,-1.7449000000000002e-06,5.0600000000000005e-11,1.7445000000000002e-06,57142857.14285982
top2,3.6,2,1.7459e-06,-1.261e-11,-1.7461e-06,1.261e-11,1.7459e-06,68965517.24137923
top2,3.7,2,1.7474000000000002e-06,-1.8400000000000002e-12,-1.7486e-06,1.8400000000000002e-12,1.7474000000000002e-06,58823529.411764
top2,3.8,2,1.7493e-06,4.5900000000000004e-12,-1.7498000000000002e-06,4.5900000000000004e-12,1.7493e-06,54054054.054053016
top2,3.9,2,1.7511000000000005e-06,-4.1170000000000005e-11,-1.7513e-06,4.1170000000000005e-11,1.7511000000000005e-06,64516129.032257535
top2,4.0,2,1.7524000000000002e-06,-1.98e-12,-1.7525000000000002e-06,1.98e-12,1.7524000000000002e-06,95238095.23809756
top2,4.1,2,1.7532000000000002e-06,5.050000000000001e-12,-1.7544e-06,5.050000000000001e-12,1.7532000000000002e-06,68965517.24137923
top2,4.2,2,1.7553000000000002e-06,-4.822e-11,-1.7560000000000002e-06,4.822e-11,1.7553000000000002e-06,60606060.60606
top2,4.3,2,1.7565000000000005e-06,2.5800000000000003e-12,-1.7571e-06,2.5800000000000003e-12,1.7565000000000005e-06,80000000.00000083
top2,4.4,2,1.7578e-06,8.300000000000001e-13,-1.7579e-06,8.300000000000001e-13,1.7578e-06,86956521.73913199
top2,4.5,2,1.7588000000000002e-06,-4.9580000000000005e-11,-1.7591000000000002e-06,4.9580000000000005e-11,1.7588000000000002e-06,124999999.99999072
top2,4.6000000000000005,2,1.7594000000000005e-06,5.79e-12,-1.7597000000000005e-06,5.79e-12,1.7594000000000005e-06,166666666.6666837
top2,4.7,2,1.76e-06,1.2900000000000002e-12,-1.7612000000000002e-06,1.2900000000000002e-12,1.76e-06,86956521.7391316
top2,4.8,2,1.7617000000000002e-06,-1.668e-11,-1.7626e-06,1.668e-11,1.7617000000000002e-06,66666666.666666426
top2,4.9,2,1.763e-06,1.346e-11,-1.7643000000000002e-06,1.346e-11,1.763e-06,80000000.00000083
top2,5.0,2,1.7642000000000002e-06,1.1600000000000001e-12,-1.7643000000000002e-06,1.1600000000000001e-12,1.7642000000000002e-06,83333333.33332677
top2,0.0,3,1.1337e-10,-1.96e-12,-1.0885e-10,1.96e-12,1.1337e-10,361498.0958268552
top2,0.1,3,2.7674e-07,-4.972e-11,-2.7676e-07,4.972e-11,2.7674e-07,369162.6411172648
top2,0.2,3,5.4188e-07,3.091e-11,-5.4184e-07,3.091e-11,5.4188e-07,386189.8509307176
top2,0.3,3,7.9462e-07,-1.5700000000000002e-12,-7.9462e-07,1.5700000000000002e-12,7.9462e-07,404743.5949326102
top2,0.4,3,1.03602e-06,-2.14e-12,-1.036e-06,2.14e-12,1.03602e-06,424466.2337111081
top2,0.5,3,1.2658000000000002e-06,4.9880000000000006e-11,-1.2668e-06,4.9880000000000006e-11,1.2658000000000002e-06,445950.7670353191
top2,0.6,3,1.4845e-06,2.712e-11,-1.4850000000000002e-06,2.712e-11,1.4845e-06,468933.1770222746
top2,0.7,3,1.6923e-06,-4.167e-11,-1.6928e-06,4.167e-11,1.6923e-06,494071.14624505927
top2,0.8,3,1.8893000000000005e-06,-1.8100000000000002e-12,-1.8907e-06,1.8100000000000002e-12,1.8893000000000005e-06,520833.3333333329
top2,0.9,3,2.0763000000000003e-06,8.400000000000002e-13,-2.0765000000000004e-06,8.400000000000002e-13,2.0763000000000003e-06,550206.3273727647
top2,1.0,3,2.2528000000000003e-06,-3.93e-11,-2.2533e-06,3.93e-11,2.2528000000000003e-06,581733.5660267599
top2,1.1,3,2.4201000000000003e-06,2.6340000000000003e-11,-2.4202e-06,2.6340000000000003e-11,2.4201000000000003e-06,618238.0216383307
top2,1.2,3,2.5763e-06,1.3900000000000001e-12,-2.5775000000000003e-06,1.3900000000000001e-12,2.5763e-06,658111.220796315
top2,1.3,3,2.724e-06,-2.4800000000000003e-12,-2.725e-06,2.4800000000000003e-12,2.724e-06,697107.0059254097
top2,1.4,3,2.8632000000000004e-06,4.945e-11,-2.8640000000000004e-06,4.945e-11,2.8632000000000004e-06,739371.5341959328
top2,1.5,3,2.9945000000000003e-06,6.900000000000001e-13,-2.9949000000000003e-06,6.900000000000001e-13,2.9945000000000003e-06,788643.5331230281
top2,1.6,3,3.1168000000000004e-06,-3.1e-12,-3.1178000000000005e-06,3.1e-12,3.1168000000000004e-06,844594.5945945944
top2,1.7,3,3.2313000000000003e-06,4.8310000000000006e-11,-3.2315000000000003e-06,4.8310000000000006e-11,3.2313000000000003e-06,904568.0687471736
top2,1.8,3,3.3379000000000003e-06,-3.81e-12,-3.3387000000000003e-06,3.81e-12,3.3379000000000003e-06,966183.5748792286
top2,1.9,3,3.4383e-06,-7.0300000000000005e-12,-3.4390000000000004e-06,7.0300000000000005e-12,3.4383e-06,1037344.3983402484
top2,2.0,3,3.5307000000000003e-06,5.015e-11,-3.531e-06,5.015e-11,3.5307000000000003e-06,1126126.1261261243
top2,2.1,3,3.6159e-06,-2.0000000000000003e-14,-3.6163e-06,2.0000000000000003e-14,3.6159e-06,1218769.0432663034
top2,2.2,3,3.6948e-06,-1.36e-12,-3.695900000000001e-06,1.36e-12,3.6948e-06,1323626.7372600927
top2,2.3000000000000003,3,3.767000000000001e-06,3.3370000000000003e-11,-3.7679e-06,3.3370000000000003e-11,3.767000000000001e-06,1453488.3720930151
top2,2.4,3,3.832400000000001e-06,1.46e-12,-3.833500000000001e-06,1.46e-12,3.832400000000001e-06,1596169.193934562
top2,2.5,3,3.8923e-06,-1.109e-11,-3.8932e-06,1.109e-11,3.8923e-06,1776198.934280648
top2,2.6,3,3.945e-06,4.895e-11,-3.946e-06,4.895e-11,3.945e-06,1986097.31876861
top2,2.7,3,3.9930000000000006e-06,-2.31e-12,-3.993400000000001e-06,2.31e-12,3.9930000000000006e-06,2239641.657334825
top2,2.8000000000000003,3,4.0343000000000005e-06,-1.55e-12,-4.0342e-06,1.55e-12,4.0343000000000005e-06,2614379.084967316
top2,2.9,3,4.069500000000001e-06,4.965e-11,-4.070700000000001e-06,4.965e-11,4.069500000000001e-06,2998500.749625196
top2,3.0,3,4.101e-06,-1.541e-11,-4.1013e-06,1.541e-11,4.101e-06,3490401.396160596
top2,3.1,3,4.1268e-06,-1.5400000000000001e-12,-4.1272e-06,1.5400000000000001e-12,4.1268e-06,4291845.493562185
top2,3.2,3,4.147600000000001e-06,4.501e-11,-4.148400000000001e-06,4.501e-11,4.147600000000001e-06,5235602.094240739
top2,3.3000000000000003,3,4.165000000000001e-06,-1.0240000000000002e-11,-4.1664000000000005e-06,1.0240000000000002e-11,4.165000000000001e-06,6191950.464396338
top2,3.4,3,4.1799e-06,-1.3900000000000001e-12,-4.1805e-06,1.3900000000000001e-12,4.1799e-06,7380073.800738194
top2,3.5,3,4.1921e-06,4.6530000000000006e-11,-4.1931000000000006e-06,4.6530000000000006e-11,4.1921e-06,8733624.45414839
top2,3.6,3,4.202800000000001e-06,-2.5300000000000003e-12,-4.2029e-06,2.5300000000000003e-12,4.202800000000001e-06,9999999.99999968
top2,3.7,3,4.212100000000001e-06,-1.32e-12,-4.212100000000001e-06,1.32e-12,4.212100000000001e-06,11299435.028248696
top2,3.8,3,4.2205000000000005e-06,2.043e-11,-4.220600000000001e-06,2.043e-11,4.2205000000000005e-06,12738853.503184944
top2,3.9,3,4.2278e-06,-6.940000000000001e-12,-4.2289e-06,6.940000000000001e-12,4.2278e-06,14705882.352940967
top2,4.0,3,4.234100000000001e-06,-2.11e-12,-4.2343e-06,2.11e-12,4.234100000000001e-06,16129032.258064386
top2,4.1,3,4.2402000000000005e-06,4.935e-11,-4.2404e-06,4.935e-11,4.2402000000000005e-06,16949152.54237345
top2,4.2,3,4.2459e-06,-2.0770000000000003e-11,-4.2466e-06,2.0770000000000003e-11,4.2459e-06,17241379.310344808
top2,4.3,3,4.2518000000000005e-06,-2.730000000000001e-12,-4.252300000000001e-06,2.730000000000001e-12,4.2518000000000005e-06,19417475.728155896
top2,4.4,3,4.2562e-06,1.09e-12,-4.2576000000000005e-06,1.09e-12,4.2562e-06,20408163.26530549
top2,4.5,3,4.261600000000001e-06,-4.022e-11,-4.2621e-06,4.022e-11,4.261600000000001e-06,22222222.222221617
top2,4.6000000000000005,3,4.2652e-06,-1.4400000000000001e-12,-4.2663e-06,1.4400000000000001e-12,4.2652e-06,22727272.727273226
top2,4.7,3,4.270400000000001e-06,7.53e-12,-4.271e-06,7.53e-12,4.270400000000001e-06,22727272.727273125
top2,4.8,3,4.274e-06,-4.0440000000000005e-11,-4.2742000000000005e-06,4.0440000000000005e-11,4.274e-06,26666666.66666845
top2,4.9,3,4.2779e-06,-1.4700000000000002e-12,-4.2784e-06,1.4700000000000002e-12,4.2779e-06,24390243.90243848
top2,5.0,3,4.2822e-06,8.33e-12,-4.2827000000000005e-06,8.33e-12,4.2822e-06,23255813.953487687
top2,0.0,4,2.0139e-10,9.9e-13,-1.8476e-10,9.9e-13,2.0139e-10,245870.2344601345
top2,0.1,4,4.0692e-07,4.359e-11,-4.0688e-07,4.359e-11,4.0692e-07,249844.2814285461
top2,0.2,4,8.007e-07,-1.051e-11,-8.0074e-07,1.051e-11,8.007e-07,258671.97806461612
top2,0.3,4,1.1801e-06,-7.12e-12,-1.1807000000000002e-06,7.12e-12,1.1801e-06,267916.94574681844
top2,0.4,4,1.5472000000000002e-06,-1.22e-12,-1.5480000000000005e-06,1.22e-12,1.5472000000000002e-06,277277.1384999307
top2,0.5,4,1.9014e-06,4.218e-11,-1.9019e-06,4.218e-11,1.9014e-06,287976.96184305253
top2,0.6,4,2.2417e-06,-3.0930000000000003e-11,-2.2422000000000003e-06,3.0930000000000003e-11,2.2417e-06,299043.06220095686
top2,0.7,4,2.5702000000000004e-06,-1.13e-12,-2.5711000000000003e-06,1.13e-12,2.5702000000000004e-06,310269.9348433137
top2,0.8,4,2.8863e-06,2.704e-11,-2.8866000000000005e-06,2.704e-11,2.8863e-06,322320.70910556003
top2,0.9,4,3.1907e-06,-4.0590000000000005e-11,-3.1907e-06,4.0590000000000005e-11,3.1907e-06,335908.6328518641
top2,1.0,4,3.4817000000000005e-06,-1.8200000000000003e-12,-3.4829e-06,1.8200000000000003e-12,3.4817000000000005e-06,350078.7677227375
top2,1.1,4,3.762000000000001e-06,1.55e-11,-3.7627e-06,1.55e-11,3.762000000000001e-06,364896.9166210544
top2,1.2,4,4.029800000000001e-06,-8.090000000000001e-12,-4.03e-06,8.090000000000001e-12,4.029800000000001e-06,381170.19249094697
top2,1.3,4,4.286700000000001e-06,-1.51e-12,-4.2877000000000005e-06,1.51e-12,4.286700000000001e-06,397298.3710766795
top2,1.4,4,4.5332e-06,1.018e-11,-4.5334000000000005e-06,1.018e-11,4.5332e-06,415886.8787689748
top2,1.5,4,4.767600000000001e-06,-2.8960000000000003e-11,-4.7679000000000005e-06,2.8960000000000003e-11,4.767600000000001e-06,435824.7984310298
top2,1.6,4,4.992100000000001e-06,-2.62e-12,-4.9931000000000005e-06,2.62e-12,4.992100000000001e-06,455788.5141294439
top2,1.7,4,5.206400000000001e-06,1.4200000000000002e-12,-5.207e-06,1.4200000000000002e-12,5.206400000000001e-06,479616.3069544368
top2,1.8,4,5.4091e-06,-4.9330000000000006e-11,-5.4099000000000005e-06,4.9330000000000006e-11,5.4091e-06,504286.4346949075
top2,1.9,4,5.603e-06,3.9680000000000005e-11,-5.6042000000000005e-06,3.9680000000000005e-11,5.603e-06,527704.4854881264
top2,2.0,4,5.7881000000000005e-06,1.1900000000000002e-12,-5.788200000000001e-06,1.1900000000000002e-12,5.7881000000000005e-06,555555.5555555555
top2,2.1,4,5.963e-06,-9.5e-13,-5.9634e-06,9.5e-13,5.963e-06,586166.471277843
top2,2.2,4,6.129300000000001e-06,4.651e-11,-6.1295e-06,4.651e-11,6.129300000000001e-06,618238.0216383305
top2,2.3000000000000003,4,6.286500000000001e-06,-2.256e-11,-6.287000000000001e-06,2.256e-11,6.286500000000001e-06,654664.4844517179
top2,2.4,4,6.434800000000001e-06,-1.4800000000000006e-12,-6.4354e-06,1.4800000000000006e-12,6.434800000000001e-06,694444.4444444445
top2,2.5,4,6.5745e-06,4.374e-11,-6.575200000000001e-06,4.374e-11,6.5745e-06,734484.0249724576
top2,2.6,4,6.7071000000000005e-06,-2.539e-11,-6.707600000000001e-06,2.539e-11,6.7071000000000005e-06,778816.1993769457
top2,2.7,4,6.831300000000001e-06,-1.8100000000000002e-12,-6.832900000000001e-06,1.8100000000000002e-12,6.831300000000001e-06,827814.5695364233
top2,2.8000000000000003,4,6.948700000000001e-06,1.6800000000000001e-12,-6.948400000000001e-06,1.6800000000000001e-12,6.948700000000001e-06,885739.5925597878
top2,2.9,4,7.057100000000001e-06,-5.098e-11,-7.058300000000001e-06,5.098e-11,7.057100000000001e-06,953743.4430138286
top2,3.0,4,7.158400000000001e-06,1.3990000000000002e-11,-7.1598000000000005e-06,1.3990000000000002e-11,7.158400000000001e-06,1015744.0325038112
top2,3.1,4,7.254e-06,2.19e-12,-7.2541e-06,2.19e-12,7.254e-06,1090512.5408942224
top2,3.2,4,7.3418e-06,-2.569e-11,-7.3421e-06,2.569e-11,7.3418e-06,1194029.850746266
top2,3.3000000000000003,4,7.421500000000002e-06,4.155e-11,-7.422400000000002e-06,4.155e-11,7.421500000000002e-06,1297858.533419856
top2,3.4,4,7.4959e-06,5.9e-13,-7.496100000000001e-06,5.9e-13,7.4959e-06,1410437.235543016
top2,3.5,4,7.563300000000002e-06,-4.418e-11,-7.563300000000002e-06,4.418e-11,7.563300000000002e-06,1547987.616099068
top2,3.6,4,7.625100000000002e-06,2.489e-11,-7.6245e-06,2.489e-11,7.625100000000002e-06,1736111.1111111098
top2,3.7,4,7.678500000000001e-06,2.3300000000000004e-12,-7.6788e-06,2.3300000000000004e-12,7.678500000000001e-06,1932367.149758457
top2,3.8,4,7.7286e-06,-4.251e-11,-7.728000000000001e-06,4.251e-11,7.7286e-06,2173913.0434782547
top2,3.9,4,7.770500000000001e-06,2.6560000000000003e-11,-7.7718e-06,2.6560000000000003e-11,7.770500000000001e-06,2500000.0000000205
top2,4.0,4,7.8086e-06,2.31e-12,-7.8101e-06,2.31e-12,7.8086e-06,2789400.278940037
top2,4.1,4,7.842200000000001e-06,-3.588e-11,-7.843300000000002e-06,3.588e-11,7.842200000000001e-06,3241491.08589944
top2,4.2,4,7.870300000000002e-06,3.398e-11,-7.871100000000002e-06,3.398e-11,7.870300000000002e-06,3846153.846153811
top2,4.3,4,7.894200000000001e-06,2.01e-12,-7.895800000000002e-06,2.01e-12,7.894200000000001e-06,4357298.474945633
top2,4.4,4,7.9162e-06,-1.7910000000000003e-11,-7.9171e-06,1.7910000000000003e-11,7.9162e-06,4889975.550122266
top2,4.5,4,7.935100000000001e-06,1.515e-11,-7.935800000000001e-06,1.515e-11,7.935100000000001e-06,5633802.816901427
top2,4.6000000000000005,4,7.9517e-06,1.1600000000000001e-12,-7.951300000000001e-06,1.1600000000000001e-12,7.9517e-06,6250000.0000001965
top2,4.7,4,7.9671e-06,-2.1280000000000003e-11,-7.966900000000002e-06,2.1280000000000003e-11,7.9671e-06,6688963.210702051
top2,4.8,4,7.981600000000002e-06,4.428e-11,-7.9824e-06,4.428e-11,7.981600000000002e-06,7326007.32600718
top2,4.9,4,7.994400000000001e-06,2.8e-12,-7.995400000000001e-06,2.8e-12,7.994400000000001e-06,8163265.306122618
top2,5.0,4,8.006100000000001e-06,-1.07e-12,-8.006100000000001e-06,1.07e-12,8.006100000000001e-06,8547008.54700834
top2,0.0,5,1.5194000000000002e-10,-5.07e-11,-1.471e-10,5.07e-11,1.5194000000000002e-10,181511.90193507296
top2,0.1,5,5.5108e-07,1.4e-12,-5.5084e-07,1.4e-12,5.5108e-07,183872.86750453972
top2,0.2,5,1.08786e-06,-2.6960000000000003e-11,-1.08786e-06,2.6960000000000003e-11,1.08786e-06,189175.38449896887
top2,0.3,5,1.6083e-06,1.2400000000000002e-12,-1.6088000000000002e-06,1.2400000000000002e-12,1.6083e-06,194677.51669359705
top2,0.4,5,2.1152e-06,2.52e-11,-2.1156e-06,2.52e-11,2.1152e-06,200080.0320128052
top2,0.5,5,2.6079e-06,1.6e-12,-2.6087e-06,1.6e-12,2.6079e-06,206079.3405461101
top2,0.6,5,3.0857000000000004e-06,-8.9e-13,-3.0862e-06,8.9e-13,3.0857000000000004e-06,212246.63058473947
top2,0.7,5,3.5502000000000003e-06,4.717e-11,-3.5508000000000004e-06,4.717e-11,3.5502000000000003e-06,218794.4426211576
top2,0.8,5,3.9998e-06,1.17e-12,-4.0001e-06,1.17e-12,3.9998e-06,225606.31697687533
top2,0.9,5,4.4367e-06,-1.69e-12,-4.437300000000001e-06,1.69e-12,4.4367e-06,232693.42641070383
top2,1.0,5,4.8593e-06,4.9730000000000006e-11,-4.859100000000001e-06,4.9730000000000006e-11,4.8593e-06,240269.10139356068
top2,1.1,5,5.269100000000001e-06,-6.6e-12,-5.269400000000001e-06,6.6e-12,5.269100000000001e-06,248385.49428713348
top2,1.2,5,5.6645000000000006e-06,-1.5600000000000002e-12,-5.6652e-06,1.5600000000000002e-12,5.6645000000000006e-06,256871.3074749551
top2,1.3,5,6.0477000000000006e-06,1.18e-11,-6.047900000000001e-06,1.18e-11,6.0477000000000006e-06,265146.49343762465
top2,1.4,5,6.4188e-06,-4.8530000000000006e-11,-6.4192e-06,4.8530000000000006e-11,6.4188e-06,274348.4224965705
top2,1.5,5,6.776700000000001e-06,1.12e-11,-6.7770000000000005e-06,1.12e-11,6.776700000000001e-06,284535.4958031012
top2,1.6,5,7.121700000000001e-06,1.3900000000000001e-12,-7.122500000000001e-06,1.3900000000000001e-12,7.121700000000001e-06,294550.8100147276
top2,1.7,5,7.4557e-06,-3.3480000000000004e-11,-7.455600000000002e-06,3.3480000000000004e-11,7.4557e-06,305483.4275240568
top2,1.8,5,7.7764e-06,1.858e-11,-7.776800000000002e-06,1.858e-11,7.7764e-06,316706.2549485352
top2,1.9,5,8.087200000000001e-06,2.21e-12,-8.087200000000001e-06,2.21e-12,8.087200000000001e-06,328569.0816494168
top2,2.0,5,8.3851e-06,-3.28e-12,-8.385400000000001e-06,3.28e-12,8.3851e-06,342524.4048638467
top2,2.1,5,8.6711e-06,5.0060000000000006e-11,-8.6708e-06,5.0060000000000006e-11,8.6711e-06,355555.55555555574
top2,2.2,5,8.9476e-06,-5.050000000000001e-12,-8.9467e-06,5.050000000000001e-12,8.9476e-06,370782.350760104
top2,2.3000000000000003,5,9.2105e-06,-9.3e-13,-9.2114e-06,9.3e-13,9.2105e-06,386622.84941039886
top2,2.4,5,9.4649e-06,1.652e-11,-9.4648e-06,1.652e-11,9.4649e-06,401525.79803252337
top2,2.5,5,9.7086e-06,-4.501e-11,-9.7077e-06,4.501e-11,9.7086e-06,420875.42087542114
top2,2.6,5,9.9401e-06,-5.7e-13,-9.9404e-06,5.7e-13,9.9401e-06,439463.8540980008
top2,2.7,5,1.01637e-05,1.0500000000000002e-12,-1.01635e-05,1.0500000000000002e-12,1.01637e-05,459242.2502870273
top2,2.8000000000000003,5,1.03756e-05,-5.0310000000000005e-11,-1.0376700000000002e-05,5.0310000000000005e-11,1.03756e-05,482392.66763145005
top2,2.9,5,1.0578300000000002e-05,4.440000000000001e-12,-1.05804e-05,4.440000000000001e-12,1.0578300000000002e-05,502891.6268544127
top2,3.0,5,1.07733e-05,1.45e-12,-1.07742e-05,1.45e-12,1.07733e-05,525348.0430785406
top2,3.1,5,1.0959e-05,-4.9980000000000005e-11,-1.09596e-05,4.9980000000000005e-11,1.0959e-05,553097.3451327437
top2,3.2,5,1.11349e-05,1.321e-11,-1.1133900000000002e-05,1.321e-11,1.11349e-05,586510.2639296211
top2,3.3000000000000003,5,1.13e-05,3.5340000000000004e-11,-1.1300000000000002e-05,3.5340000000000004e-11,1.13e-05,615195.3245155335
top2,3.4,5,1.146e-05,1.46e-12,-1.1459100000000002e-05,1.46e-12,1.146e-05,649350.6493506497
top2,3.5,5,1.1608e-05,-1.74e-12,-1.16093e-05,1.74e-12,1.1608e-05,684931.5068493158
top2,3.6,5,1.1752e-05,2.6160000000000003e-11,-1.1752e-05,2.6160000000000003e-11,1.1752e-05,724637.6811594198
top2,3.7,5,1.1884e-05,-8.300000000000001e-13,-1.1886e-05,8.300000000000001e-13,1.1884e-05,763358.7786259544
top2,3.8,5,1.2014e-05,-2.75e-12,-1.201e-05,2.75e-12,1.2014e-05,813008.1300812976
top2,3.9,5,1.213e-05,1.0600000000000001e-12,-1.2132e-05,1.0600000000000001e-12,1.213e-05,884955.7522123914
top2,4.0,5,1.224e-05,-1.515e-11,-1.2244e-05,1.515e-11,1.224e-05,934579.4392523352
top2,4.1,5,1.2344e-05,4.659e-11,-1.2346e-05,4.659e-11,1.2344e-05,990099.0099009871
top2,4.2,5,1.2442e-05,-4.81e-11,-1.2446e-05,4.81e-11,1.2442e-05,1041666.666666672
top2,4.3,5,1.2536e-05,1.23e-12,-1.2536e-05,1.23e-12,1.2536e-05,1136363.6363636395
top2,4.4,5,1.2618e-05,2.26e-12,-1.2616e-05,2.26e-12,1.2618e-05,1282051.2820512843
top2,4.5,5,1.2692e-05,-1.0500000000000002e-12,-1.269e-05,1.0500000000000002e-12,1.2692e-05,1388888.888888884
top2,4.6000000000000005,5,1.2762e-05,4.150000000000001e-12,-1.2762e-05,4.150000000000001e-12,1.2762e-05,1515151.5151515
top2,4.7,5,1.2824e-05,-4.741e-11,-1.2826e-05,4.741e-11,1.2824e-05,1666666.6666666768
top2,4.8,5,1.2882e-05,4.204e-11,-1.2884e-05,4.204e-11,1.2882e-05,1818181.8181818367
top2,4.9,5,1.2934e-05,-1.213e-11,-1.2934e-05,1.213e-11,1.2934e-05,2040816.326530584
top2,5.0,5,1.298e-05,-3.3e-13,-1.298e-05,3.3e-13,1.298e-05,2173913.04347821
