device,VD,VG,ID,IG,IS,absIg,absId,r
bot1,0.0,-5,-4.8124e-12,2.393e-11,3.2500000000000004e-11,2.393e-11,4.8124e-12,35788418867.65443
bot1,0.1,-5,-2.0182e-12,2.47e-12,-1.2000000000000002e-13,2.47e-12,2.0182e-12,54147714966.42842
bot1,0.2,-5,-1.1188e-12,1.6700000000000006e-12,-1.2800000000000002e-12,1.6700000000000006e-12,1.1188e-12,113122171945.70134
bot1,0.3,-5,-2.502e-13,1.2900000000000002e-12,-2.06e-12,1.2900000000000002e-12,2.502e-13,107747010020.47194
bot1,0.4,-5,7.374e-13,-9.100000000000002e-13,-2.47e-12,9.100000000000002e-13,7.374e-13,115915150110.1194
bot1,0.5,-5,1.4752e-12,-6.230000000000001e-12,-3.540000000000001e-12,6.230000000000001e-12,1.4752e-12,117647058823.5294
bot1,0.6,-5,2.4374e-12,-1.781e-11,-4.68e-12,1.781e-11,2.4374e-12,131804402267.03577
bot1,0.7,-5,2.9926e-12,-3.0350000000000004e-11,-6.36e-12,3.0350000000000004e-11,2.9926e-12,190730497806.59937
bot1,0.8,-5,3.486e-12,-4.3500000000000005e-11,-8.24e-12,4.3500000000000005e-11,3.486e-12,227583067819.7542
bot1,0.9,-5,3.8714e-12,-5.441e-11,-1.13e-11,5.441e-11,3.8714e-12,338983050847.45746
bot1,1.0,-5,4.076e-12,-5.998000000000001e-11,-1.418e-11,5.998000000000001e-11,4.076e-12,582411182294.6997
bot1,1.1,-5,4.2148e-12,-6.252000000000001e-11,-1.7930000000000003e-11,6.252000000000001e-11,4.2148e-12,852514919011.083
bot1,1.2,-5,4.3106e-12,-6.061000000000001e-11,-2.2880000000000003e-11,6.061000000000001e-11,4.3106e-12,-22237046920.169
bot1,1.3,-5,-4.7792e-12,2.42e-11,3.602e-11,2.42e-11,4.7792e-12,-22848786729.42469
bot1,1.4,-5,-4.4426e-12,2.21e-12,1.866e-11,2.21e-12,4.4426e-12,28123857468.290344
bot1,1.5,-5,2.3322e-12,-2.3800000000000004e-12,-1.03e-12,2.3800000000000004e-12,2.3322e-12,34012448556.17155
bot1,1.6,-5,1.4376e-12,-2.26e-12,8.800000000000002e-13,2.26e-12,1.4376e-12,-115326951908.66104
bot1,1.7,-5,5.98e-13,-1.8200000000000003e-12,1.3900000000000001e-12,1.8200000000000003e-12,5.98e-13,-102061645233.72116
bot1,1.8,-5,-5.22e-13,1.5700000000000002e-12,2.1500000000000003e-12,1.5700000000000002e-12,5.22e-13,-103928497193.93068
bot1,1.9,-5,-1.3264e-12,4.7000000000000006e-12,2.79e-12,4.7000000000000006e-12,1.3264e-12,-151308821304.282
bot1,2.0,-5,-1.8438e-12,9.44e-12,3.4500000000000004e-12,9.44e-12,1.8438e-12,-160025604096.65543
bot1,2.1,-5,-2.5762e-12,2.154e-11,5.23e-12,2.154e-11,2.5762e-12,-144279324772.7602
bot1,2.2,-5,-3.23e-12,3.672e-11,6.76e-12,3.672e-11,3.23e-12,-206228088265.62192
bot1,2.3000000000000003,-5,-3.546e-12,4.772e-11,8.65e-12,4.772e-11,3.546e-12,-346380325597.5054
bot1,2.4,-5,-3.8074e-12,5.318e-11,1.106e-11,5.318e-11,3.8074e-12,-375657400450.7883
bot1,2.5,-5,-4.0784e-12,5.93e-11,1.412e-11,5.93e-11,4.0784e-12,-602772754671.4896
bot1,2.6,-5,-4.1392e-12,6.035e-11,1.7600000000000003e-11,6.035e-11,4.1392e-12,-1160092807424.598
bot1,2.7,-5,-4.2508e-12,6.131e-11,2.232e-11,6.131e-11,4.2508e-12,22316945256.533302
bot1,2.8000000000000003,-5,4.8226e-12,-2.883e-11,-3.576e-11,2.883e-11,4.8226e-12,22662375923.491795
bot1,2.9,-5,4.5744e-12,-1.18e-12,-1.888e-11,1.18e-12,4.5744e-12,-27683959913.626007
bot1,3.0,-5,-2.4018e-12,1.78e-12,1.5200000000000002e-12,1.78e-12,2.4018e-12,-38226299694.18964
bot1,3.1,-5,-6.576e-13,1.14e-12,2.21e-12,1.14e-12,6.576e-13,252016129032.25824
bot1,3.2,-5,-1.6082e-12,7.35e-12,3.4200000000000004e-12,7.35e-12,1.6082e-12,-120831319478.0088
bot1,3.3000000000000003,-5,-2.3128e-12,1.877e-11,4.6900000000000004e-12,1.877e-11,2.3128e-12,-158957240502.30466
bot1,3.4,-5,-2.8664e-12,3.001e-11,6.330000000000001e-12,3.001e-11,2.8664e-12,-205549845837.61536
bot1,3.5,-5,-3.2858e-12,4.206e-11,8.290000000000001e-12,4.206e-11,3.2858e-12,-288267512251.36945
bot1,3.6,-5,-3.5602e-12,5.305000000000001e-11,1.111e-11,5.305000000000001e-11,3.5602e-12,-303214069132.80817
bot1,3.7,-5,-3.9454e-12,5.922e-11,1.4510000000000002e-11,5.922e-11,3.9454e-12,-447027268663.389
bot1,3.8,-5,-4.0076e-12,6.092000000000001e-11,1.786e-11,6.092000000000001e-11,4.0076e-12,-2159827213822.8955
bot1,3.9,-5,-4.038e-12,6.180000000000001e-11,2.1860000000000003e-11,6.180000000000001e-11,4.038e-12,21741966343.43608
bot1,4.0,-5,5.1912e-12,-2.817e-11,-3.5890000000000005e-11,2.817e-11,5.1912e-12,22092124157.737736
bot1,4.1,-5,5.015e-12,-2.52e-12,-2.0040000000000003e-11,2.52e-12,5.015e-12,-27765437583.296337
bot1,4.2,-5,-2.012e-12,1.2400000000000002e-12,1.5200000000000002e-12,1.2400000000000002e-12,2.012e-12,-41431885979.44982
bot1,4.3,-5,1.878e-13,4.7e-13,2.09e-12,4.7e-13,1.878e-13,130924325739.72256
bot1,4.4,-5,-4.844e-13,4.72e-12,2.75e-12,4.72e-12,4.844e-13,-164554879052.16403
bot1,4.5,-5,-1.0276e-12,1.24e-11,3.82e-12,1.24e-11,1.0276e-12,-180472838837.7551
bot1,4.6000000000000005,-5,-1.5926e-12,2.1880000000000003e-11,4.94e-12,2.1880000000000003e-11,1.5926e-12,-254517688979.3843
bot1,4.7,-5,-1.8134e-12,3.315e-11,6.990000000000001e-12,3.315e-11,1.8134e-12,-387897595034.9094
bot1,4.8,-5,-2.1082e-12,4.5800000000000006e-11,9.16e-12,4.5800000000000006e-11,2.1082e-12,-657030223390.2761
bot1,4.9,-5,-2.1178e-12,5.431e-11,1.1870000000000002e-11,5.431e-11,2.1178e-12,2890173410404.6377
bot1,5.0,-5,-2.039e-12,5.7120000000000005e-11,1.454e-11,5.7120000000000005e-11,2.039e-12,1269035532994.919
bot1,0.0,-4,-5.0106e-12,1.2000000000000001e-12,3.2610000000000004e-11,1.2000000000000001e-12,5.0106e-12,35315722559.68358
bot1,0.1,-4,-2.179e-12,2.7100000000000004e-12,5.7e-13,2.7100000000000004e-12,2.179e-12,55383252104.56358
bot1,0.2,-4,-1.3994e-12,2.67e-12,-1.14e-12,2.67e-12,1.3994e-12,128188693757.2106
bot1,0.3,-4,-6.188e-13,6.400000000000001e-13,-1.88e-12,6.400000000000001e-13,6.188e-13,129366106080.207
bot1,0.4,-4,1.466e-13,4.0000000000000006e-14,-2.37e-12,4.0000000000000006e-14,1.466e-13,149298297999.4028
bot1,0.5,-4,7.208e-13,-1.5700000000000002e-12,-2.9400000000000004e-12,1.5700000000000002e-12,7.208e-13,133493525564.01012
bot1,0.6,-4,1.6448e-12,-7.970000000000001e-12,-3.53e-12,7.970000000000001e-12,1.6448e-12,134661998384.05605
bot1,0.7,-4,2.206e-12,-1.294e-11,-4.53e-12,1.294e-11,2.206e-12,181554103122.73065
bot1,0.8,-4,2.7464e-12,-2.617e-11,-5.730000000000001e-12,2.617e-11,2.7464e-12,194969779684.14893
bot1,0.9,-4,3.2318e-12,-3.6510000000000005e-11,-7.360000000000001e-12,3.6510000000000005e-11,3.2318e-12,229305205228.15863
bot1,1.0,-4,3.6186e-12,-4.8350000000000006e-11,-9.37e-12,4.8350000000000006e-11,3.6186e-12,339558573853.99
bot1,1.1,-4,3.8208e-12,-5.589000000000001e-11,-1.214e-11,5.589000000000001e-11,3.8208e-12,450450450450.4502
bot1,1.2,-4,4.0626e-12,-6.042000000000001e-11,-1.586e-11,6.042000000000001e-11,4.0626e-12,567214974475.3262
bot1,1.3,-4,4.1734e-12,-6.224000000000001e-11,-1.905e-11,6.224000000000001e-11,4.1734e-12,635727908455.1827
bot1,1.4,-4,4.3772e-12,-6.104e-11,-2.236e-11,6.104e-11,4.3772e-12,-22194109683.290047
bot1,1.5,-4,-4.838e-12,2.94e-11,3.558e-11,2.94e-11,4.838e-12,-22465347201.941
bot1,1.6,-4,-4.5254e-12,1.4900000000000001e-12,1.98e-11,1.4900000000000001e-12,4.5254e-12,27159890274.043285
bot1,1.7,-4,2.5258e-12,-2.08e-12,-2.5800000000000003e-12,2.08e-12,2.5258e-12,41174290772.84143
bot1,1.8,-4,3.32e-13,1.9000000000000002e-13,-2.24e-12,1.9000000000000002e-13,3.32e-13,-159261028826.24637
bot1,1.9,-4,1.27e-12,-5.28e-12,-3.160000000000001e-12,5.28e-12,1.27e-12,124750499001.99596
bot1,2.0,-4,1.9352e-12,-1.282e-11,-3.86e-12,1.282e-11,1.9352e-12,150602409638.55417
bot1,2.1,-4,2.598e-12,-2.402e-11,-5.74e-12,2.402e-11,2.598e-12,163185378590.0785
bot1,2.2,-4,3.1608e-12,-3.67e-11,-7.51e-12,3.67e-11,3.1608e-12,182581705313.12787
bot1,2.3000000000000003,-4,3.6934e-12,-4.8780000000000005e-11,-9.590000000000004e-12,4.8780000000000005e-11,3.6934e-12,254971953085.1604
bot1,2.4,-4,3.9452e-12,-5.423e-11,-1.147e-11,5.423e-11,3.9452e-12,472143531633.6161
bot1,2.5,-4,4.117e-12,-6.107e-11,-1.49e-11,6.107e-11,4.117e-12,938086303939.9636
bot1,2.6,-4,4.1584e-12,-6.12e-11,-1.7670000000000002e-11,6.12e-11,4.1584e-12,1123595505617.9773
bot1,2.7,-4,4.295e-12,-6.349e-11,-2.158e-11,6.349e-11,4.295e-12,-22506808309.51365
bot1,2.8000000000000003,-4,-4.7278e-12,3.2800000000000006e-11,3.459e-11,3.2800000000000006e-11,4.7278e-12,248385494287.13336
bot1,2.9,-4,5.1002e-12,-1.98e-12,-3.3770000000000003e-11,1.98e-12,5.1002e-12,25616066396.844063
bot1,3.0,-4,3.0798e-12,-2.6100000000000004e-12,-4.16e-12,2.6100000000000004e-12,3.0798e-12,-38208772734.21981
bot1,3.1,-4,-1.342e-13,7e-14,-1.8700000000000003e-12,7e-14,1.342e-13,-82074852265.266
bot1,3.2,-4,6.43e-13,-1.74e-12,-2.7600000000000004e-12,1.74e-12,6.43e-13,146886016451.23398
bot1,3.3000000000000003,-4,1.2274e-12,-4.610000000000001e-12,-2.780000000000001e-12,4.610000000000001e-12,1.2274e-12,176522506619.59378
bot1,3.4,-4,1.776e-12,-9.03e-12,-4.16e-12,9.03e-12,1.776e-12,189250567751.70303
bot1,3.5,-4,2.2842e-12,-1.6430000000000002e-11,-4.43e-12,1.6430000000000002e-11,2.2842e-12,201572263656.52103
bot1,3.6,-4,2.7682e-12,-2.712e-11,-5.75e-12,2.712e-11,2.7682e-12,215517241379.3105
bot1,3.7,-4,3.2122e-12,-3.761e-11,-7.32e-12,3.761e-11,3.2122e-12,220507166482.91092
bot1,3.8,-4,3.6752e-12,-4.953e-11,-9.44e-12,4.953e-11,3.6752e-12,291970802919.70764
bot1,3.9,-4,3.8972e-12,-5.469000000000001e-11,-1.109e-11,5.469000000000001e-11,3.8972e-12,464468183929.4
bot1,4.0,-4,4.1058e-12,-5.923e-11,-1.4290000000000002e-11,5.923e-11,4.1058e-12,637348629700.4458
bot1,4.1,-4,4.211e-12,-6.217e-11,-1.781e-11,6.217e-11,4.211e-12,1126126126126.1248
bot1,4.2,-4,4.2834e-12,-6.296000000000001e-11,-2.158e-11,6.296000000000001e-11,4.2834e-12,-22382881572.173622
bot1,4.3,-4,-4.7244e-12,3.259e-11,3.5200000000000005e-11,3.259e-11,4.7244e-12,262260687123.0005
bot1,4.4,-4,5.046e-12,-1.08e-12,-3.366e-11,1.08e-12,5.046e-12,26547028060.208683
bot1,4.5,-4,2.8094e-12,-2.5300000000000003e-12,-3.740000000000001e-12,2.5300000000000003e-12,2.8094e-12,-40197773043.37344
bot1,4.6000000000000005,-4,7.06e-14,6.700000000000003e-13,-1.93e-12,6.700000000000003e-13,7.06e-14,-100401606425.7029
bot1,4.7,-4,8.174e-13,-2.18e-12,-2.3300000000000004e-12,2.18e-12,8.174e-13,135336310732.16896
bot1,4.8,-4,1.5484e-12,-5.860000000000001e-12,-3.4200000000000004e-12,5.860000000000001e-12,1.5484e-12,140845070422.53534
bot1,4.9,-4,2.2374e-12,-1.682e-11,-4.5400000000000004e-12,1.682e-11,2.2374e-12,152508769254.23224
bot1,5.0,-4,2.8598e-12,-2.699e-11,-5.520000000000001e-12,2.699e-11,2.8598e-12,160668380462.7244
bot1,0.0,-3,-4.9458e-12,2.7e-13,3.4620000000000006e-11,2.7e-13,4.9458e-12,44915558749.55084
bot1,0.1,-3,-2.7194e-12,2.64e-12,1.8400000000000002e-12,2.64e-12,2.7194e-12,42486298168.84055
bot1,0.2,-3,-2.384e-13,1.2000000000000002e-13,2.19e-12,1.2000000000000002e-13,2.384e-13,117730162467.6242
bot1,0.3,-3,-1.0206e-12,2.9400000000000004e-12,2.6500000000000002e-12,2.9400000000000004e-12,1.0206e-12,-161264312207.70847
bot1,0.4,-3,-1.4786e-12,5.670000000000001e-12,3.4000000000000005e-12,5.670000000000001e-12,1.4786e-12,-190114068441.06467
bot1,0.5,-3,-2.0726e-12,1.3900000000000002e-11,4.050000000000001e-12,1.3900000000000002e-11,2.0726e-12,-200320512820.5128
bot1,0.6,-3,-2.477e-12,2.081e-11,5.23e-12,2.081e-11,2.477e-12,-217344055640.0783
bot1,0.7,-3,-2.9928e-12,3.311e-11,6.520000000000001e-12,3.311e-11,2.9928e-12,-221190002211.90012
bot1,0.8,-3,-3.3812e-12,4.262e-11,8.36e-12,4.262e-11,3.3812e-12,-279720279720.2796
bot1,0.9,-3,-3.7078e-12,5.073e-11,9.64e-12,5.073e-11,3.7078e-12,-353356890459.3638
bot1,1.0,-3,-3.9472e-12,5.5230000000000006e-11,1.2070000000000002e-11,5.5230000000000006e-11,3.9472e-12,-428632661808.8303
bot1,1.1,-3,-4.1744e-12,6.039000000000001e-11,1.453e-11,6.039000000000001e-11,4.1744e-12,-723065798987.7081
bot1,1.2,-3,-4.2238e-12,6.171e-11,1.806e-11,6.171e-11,4.2238e-12,-1814882032667.875
bot1,1.3,-3,-4.2846e-12,6.146e-11,2.2280000000000003e-11,6.146e-11,4.2846e-12,22424541418.12802
bot1,1.4,-3,4.695e-12,-2.91e-11,-3.568e-11,2.91e-11,4.695e-12,22660321776.56922
bot1,1.5,-3,4.5414e-12,-1.31e-12,-1.8950000000000003e-11,1.31e-12,4.5414e-12,-27332112498.975044
bot1,1.6,-3,-2.6224e-12,2.1700000000000002e-12,1.4e-12,2.1700000000000002e-12,2.6224e-12,-39094569764.259735
bot1,1.7,-3,-5.744e-13,2.3200000000000002e-12,2.19e-12,2.3200000000000002e-12,5.744e-13,155255395124.98056
bot1,1.8,-3,-1.3342e-12,5.8700000000000014e-12,2.62e-12,5.8700000000000014e-12,1.3342e-12,-135116876097.82472
bot1,1.9,-3,-2.0546e-12,1.13e-11,3.92e-12,1.13e-11,2.0546e-12,-164907651715.03952
bot1,2.0,-3,-2.547e-12,2.018e-11,4.960000000000001e-12,2.018e-11,2.547e-12,-210304942166.14087
bot1,2.1,-3,-3.0056e-12,3.442e-11,6.9300000000000006e-12,3.442e-11,3.0056e-12,-208289939595.9177
bot1,2.2,-3,-3.5072e-12,4.793e-11,9.43e-12,4.793e-11,3.5072e-12,-238492725971.85803
bot1,2.3000000000000003,-3,-3.8442e-12,5.675e-11,1.1860000000000002e-11,5.675e-11,3.8442e-12,-365497076023.3911
bot1,2.4,-3,-4.0544e-12,5.98e-11,1.435e-11,5.98e-11,4.0544e-12,-439174352217.83
bot1,2.5,-3,-4.2996e-12,6.216000000000001e-11,1.971e-11,6.216000000000001e-11,4.2996e-12,-541711809317.4441
bot1,2.6,-3,-4.4236e-12,6.03e-11,2.385e-11,6.03e-11,4.4236e-12,21830247991.617203
bot1,2.7,-3,4.862e-12,-2.314e-11,-3.703e-11,2.314e-11,4.862e-12,23279634975.323605
bot1,2.8000000000000003,-3,4.1676e-12,-6.500000000000003e-13,-1.5560000000000002e-11,6.500000000000003e-13,4.1676e-12,-29384109073.812843
bot1,2.9,-3,-1.9444e-12,3.0800000000000002e-12,9e-14,3.0800000000000002e-12,1.9444e-12,-38031490073.78104
bot1,3.0,-3,-1.0912e-12,1.5300000000000001e-12,-1.6100000000000002e-12,1.5300000000000001e-12,1.0912e-12,124084874053.85294
bot1,3.1,-3,-3.326e-13,1.5600000000000002e-12,-2.11e-12,1.5600000000000002e-12,3.326e-13,112447992803.32857
bot1,3.2,-3,6.874e-13,-1.74e-12,-2.92e-12,1.74e-12,6.874e-13,101430165331.16956
bot1,3.3000000000000003,-3,1.6392e-12,-8.100000000000001e-12,-3.4200000000000004e-12,8.100000000000001e-12,1.6392e-12,121124031007.75175
bot1,3.4,-3,2.3386e-12,-1.809e-11,-5.08e-12,1.809e-11,2.3386e-12,149432157800.35846
bot1,3.5,-3,2.9776e-12,-3.034e-11,-6.390000000000001e-12,3.034e-11,2.9776e-12,193873594416.4407
bot1,3.6,-3,3.3702e-12,-3.9100000000000006e-11,-7.64e-12,3.9100000000000006e-11,3.3702e-12,270929287455.9741
bot1,3.7,-3,3.7158e-12,-5.15e-11,-1.073e-11,5.15e-11,3.7158e-12,339789330615.0192
bot1,3.8,-3,3.9588e-12,-5.773e-11,-1.3500000000000002e-11,5.773e-11,3.9588e-12,442282176028.3054
bot1,3.9,-3,4.168e-12,-6.062e-11,-1.622e-11,6.062e-11,4.168e-12,609756097560.9744
bot1,4.0,-3,4.2868e-12,-6.149e-11,-2.03e-11,6.149e-11,4.2868e-12,778210116731.5159
bot1,4.1,-3,4.425e-12,-6.121e-11,-2.4810000000000003e-11,6.121e-11,4.425e-12,-21896691409.92797
bot1,4.2,-3,-4.847e-12,2.3920000000000003e-11,3.643e-11,2.3920000000000003e-11,4.847e-12,-22705599200.762928
bot1,4.3,-3,-4.3834e-12,8.500000000000002e-13,1.7050000000000002e-11,8.500000000000002e-13,4.3834e-12,27970463190.870464
bot1,4.4,-3,2.3034e-12,-2.62e-12,-5e-13,2.62e-12,2.3034e-12,34049507984.60965
bot1,4.5,-3,1.4904e-12,-2.3200000000000002e-12,5.800000000000003e-13,2.3200000000000002e-12,1.4904e-12,-97876088871.48878
bot1,4.6000000000000005,-3,2.6e-13,-7.100000000000001e-13,1.6200000000000004e-12,7.100000000000001e-13,2.6e-13,-92081031307.55072
bot1,4.7,-3,-6.816e-13,2.6600000000000004e-12,2.26e-12,2.6600000000000004e-12,6.816e-13,-115035085701.13844
bot1,4.8,-3,-1.4786e-12,5.960000000000001e-12,2.8e-12,5.960000000000001e-12,1.4786e-12,-136686714051.39432
bot1,4.9,-3,-2.1448e-12,1.4410000000000002e-11,4.450000000000001e-12,1.4410000000000002e-11,2.1448e-12,-161838485191.77878
bot1,5.0,-3,-2.7144e-12,2.526e-11,5.670000000000001e-12,2.526e-11,2.7144e-12,-175561797752.80838
bot1,0.0,-2,-4.5376e-12,6.163000000000001e-11,2.2210000000000003e-11,6.163000000000001e-11,4.5376e-12,10689927949.885618
bot1,0.1,-2,4.817e-12,-2.427e-11,-3.647e-11,2.427e-11,4.817e-12,22391903087.84344
bot1,0.2,-2,4.3942e-12,-3.900000000000001e-13,-1.7050000000000002e-11,3.900000000000001e-13,4.3942e-12,-28104887439.9258
bot1,0.3,-2,-2.2992e-12,1.83e-12,4e-13,1.83e-12,2.2992e-12,-36663611365.71953
bot1,0.4,-2,-1.0608e-12,2.34e-12,-1.41e-12,2.34e-12,1.0608e-12,102343670044.00777
bot1,0.5,-2,-3.45e-13,8.600000000000002e-13,-1.8400000000000002e-12,8.600000000000002e-13,3.45e-13,113558937088.34885
bot1,0.6,-2,7.004e-13,-1.22e-12,-2.49e-12,1.22e-12,7.004e-13,113726828158.7627
bot1,0.7,-2,1.4136e-12,-5.23e-12,-3.680000000000001e-12,5.23e-12,1.4136e-12,125109470786.93864
bot1,0.8,-2,2.299e-12,-1.7200000000000003e-11,-4.68e-12,1.7200000000000003e-11,2.299e-12,132397722759.1685
bot1,0.9,-2,2.9242e-12,-3.085e-11,-6.4200000000000005e-12,3.085e-11,2.9242e-12,174489617867.73682
bot1,1.0,-2,3.4452e-12,-4.6310000000000006e-11,-8.580000000000001e-12,4.6310000000000006e-11,3.4452e-12,220215811495.2655
bot1,1.1,-2,3.8324e-12,-5.5160000000000006e-11,-1.109e-11,5.5160000000000006e-11,3.8324e-12,289017341040.4624
bot1,1.2,-2,4.1372e-12,-6.074e-11,-1.5070000000000003e-11,6.074e-11,4.1372e-12,407830342577.4873
bot1,1.3,-2,4.3228e-12,-6.217e-11,-1.927e-11,6.217e-11,4.3228e-12,800000000000.0009
bot1,1.4,-2,4.3872e-12,-6.056000000000001e-11,-2.42e-11,6.056000000000001e-11,4.3872e-12,-21957271150.341427
bot1,1.5,-2,-4.7858e-12,2.314e-11,3.6110000000000005e-11,2.314e-11,4.7858e-12,-22988505747.126434
bot1,1.6,-2,-4.3128e-12,8.400000000000002e-13,1.653e-11,8.400000000000002e-13,4.3128e-12,28465698832.906345
bot1,1.7,-2,2.2402e-12,-3.28e-12,-9.3e-13,3.28e-12,2.2402e-12,35438372669.92699
bot1,1.8,-2,1.3308e-12,-3.33e-12,1.02e-12,3.33e-12,1.3308e-12,-97637180238.2348
bot1,1.9,-2,1.918e-13,-7.5e-13,1.74e-12,7.5e-13,1.918e-13,-110132158590.30836
bot1,2.0,-2,-4.852e-13,-2.5e-13,2.11e-12,2.5e-13,4.852e-13,-137608366588.68857
bot1,2.1,-2,-1.2616e-12,4.02e-12,2.6100000000000004e-12,4.02e-12,1.2616e-12,-135795763172.18916
bot1,2.2,-2,-1.958e-12,1.214e-11,3.9400000000000006e-12,1.214e-11,1.958e-12,-153727901614.1431
bot1,2.3000000000000003,-2,-2.5626e-12,2.103e-11,5.060000000000001e-12,2.103e-11,2.5626e-12,-190041809198.0233
bot1,2.4,-2,-3.0104e-12,3.38e-11,6.280000000000001e-12,3.38e-11,3.0104e-12,-239348970799.4253
bot1,2.5,-2,-3.3982e-12,4.3470000000000006e-11,8.85e-12,4.3470000000000006e-11,3.3982e-12,-246669955599.40817
bot1,2.6,-2,-3.8212e-12,5.3950000000000005e-11,1.087e-11,5.3950000000000005e-11,3.8212e-12,-298685782556.7504
bot1,2.7,-2,-4.0678e-12,5.933e-11,1.365e-11,5.933e-11,4.0678e-12,-502008032128.515
bot1,2.8000000000000003,-2,-4.2196e-12,6.153e-11,1.823e-11,6.153e-11,4.2196e-12,-654022236756.0493
bot1,2.9,-2,-4.3736e-12,6.213000000000001e-11,2.1900000000000003e-11,6.213000000000001e-11,4.3736e-12,22172949002.21727
bot1,3.0,-2,4.8004e-12,-2.7270000000000003e-11,-3.598e-11,2.7270000000000003e-11,4.8004e-12,22466356630.94517
bot1,3.1,-2,4.5286e-12,-9.5e-13,-2.0460000000000003e-11,9.5e-13,4.5286e-12,-26567481402.76304
bot1,3.2,-2,-2.7276e-12,1.8700000000000003e-12,2.62e-12,1.8700000000000003e-12,2.7276e-12,-40888089299.58707
bot1,3.3000000000000003,-2,-3.628e-13,1.46e-12,1.96e-12,1.46e-12,3.628e-13,127097102186.07
bot1,3.4,-2,-1.154e-12,4.48e-12,2.8800000000000002e-12,4.48e-12,1.154e-12,-130975769482.64555
bot1,3.5,-2,-1.8898e-12,1.118e-11,3.730000000000001e-12,1.118e-11,1.8898e-12,-149678191887.4421
bot1,3.6,-2,-2.4902e-12,1.927e-11,4.83e-12,1.927e-11,2.4902e-12,-194061711624.2967
bot1,3.7,-2,-2.9204e-12,2.8360000000000003e-11,5.780000000000001e-12,2.8360000000000003e-11,2.9204e-12,-229410415232.8517
bot1,3.8,-2,-3.362e-12,4.144e-11,8.31e-12,4.144e-11,3.362e-12,-270124257158.29248
bot1,3.9,-2,-3.6608e-12,5.029e-11,1.012e-11,5.029e-11,3.6608e-12,-341296928327.6448
bot1,4.0,-2,-3.948e-12,5.623e-11,1.232e-11,5.623e-11,3.948e-12,-421407501053.51855
bot1,4.1,-2,-4.1354e-12,6.049e-11,1.478e-11,6.049e-11,4.1354e-12,-668896321070.2341
bot1,4.2,-2,-4.247e-12,6.067000000000001e-11,1.8310000000000003e-11,6.067000000000001e-11,4.247e-12,-775193798449.611
bot1,4.3,-2,-4.3934e-12,6.158000000000001e-11,2.18e-11,6.158000000000001e-11,4.3934e-12,22151337940.81165
bot1,4.4,-2,4.7818e-12,-3.211e-11,-3.579e-11,3.211e-11,4.7818e-12,22192139544.17348
bot1,4.5,-2,4.6188e-12,-1.6e-12,-2.209e-11,1.6e-12,4.6188e-12,-25967281225.6557
bot1,4.6000000000000005,-2,-2.9202e-12,2.72e-12,3.51e-12,2.72e-12,2.9202e-12,-45693397304.08961
bot1,4.7,-2,2.418e-13,-1.4800000000000006e-12,1.3900000000000001e-12,1.4800000000000006e-12,2.418e-13,87298123090.35324
bot1,4.8,-2,-6.292e-13,1.8200000000000003e-12,2.1700000000000002e-12,1.8200000000000003e-12,6.292e-13,-128633907898.12206
bot1,4.9,-2,-1.313e-12,5.4100000000000006e-12,2.7600000000000004e-12,5.4100000000000006e-12,1.313e-12,-145369966564.9078
bot1,5.0,-2,-2.005e-12,1.3080000000000002e-11,3.9900000000000006e-12,1.3080000000000002e-11,2.005e-12,-144508670520.23068
bot1,0.0,-1,-4.4806e-12,4.7870000000000005e-11,3.018e-11,4.7870000000000005e-11,4.4806e-12,10585819236.550718
bot1,0.1,-1,4.966e-12,-2.95e-12,-3.594e-11,2.95e-12,4.966e-12,25141420490.2577
bot1,0.2,-1,3.4744e-12,-2.2700000000000002e-12,-7.12e-12,2.2700000000000002e-12,3.4744e-12,-34155338479.404327
bot1,0.3,-1,-8.896e-13,2.6500000000000002e-12,-1.6100000000000002e-12,2.6500000000000002e-12,8.896e-13,-58572014291.57149
bot1,0.4,-1,5.98e-14,3.5e-13,-2.1500000000000003e-12,3.5e-13,5.98e-14,103680663556.24677
bot1,0.5,-1,1.0394e-12,-2.72e-12,-2.8600000000000003e-12,2.72e-12,1.0394e-12,122895416000.98314
bot1,0.6,-1,1.6872e-12,-7.8e-12,-3.4000000000000005e-12,7.8e-12,1.6872e-12,158202816010.12503
bot1,0.7,-1,2.3036e-12,-1.5340000000000002e-11,-4.550000000000001e-12,1.5340000000000002e-11,2.3036e-12,172176308539.94492
bot1,0.8,-1,2.8488e-12,-2.6690000000000004e-11,-6.1100000000000004e-12,2.6690000000000004e-11,2.8488e-12,191241155096.5768
bot1,0.9,-1,3.3494e-12,-3.856e-11,-7.370000000000001e-12,3.856e-11,3.3494e-12,286697247706.42206
bot1,1.0,-1,3.5464e-12,-4.8130000000000006e-11,-9.06e-12,4.8130000000000006e-11,3.5464e-12,498256103637.2698
bot1,1.1,-1,3.7508e-12,-5.5740000000000006e-11,-1.128e-11,5.5740000000000006e-11,3.7508e-12,367376928728.8754
bot1,1.2,-1,4.0908e-12,-5.887e-11,-1.4400000000000002e-11,5.887e-11,4.0908e-12,385505011565.1498
bot1,1.3,-1,4.2696e-12,-6.183000000000001e-11,-1.85e-11,6.183000000000001e-11,4.2696e-12,693481276005.5498
bot1,1.4,-1,4.3792e-12,-6.166000000000001e-11,-2.125e-11,6.166000000000001e-11,4.3792e-12,-22111174987.83885
bot1,1.5,-1,-4.7756e-12,3.694e-11,3.431e-11,3.694e-11,4.7756e-12,297885016383.676
bot1,1.6,-1,5.0506e-12,-1.18e-12,-3.406e-11,1.18e-12,5.0506e-12,25591810620.6014
bot1,1.7,-1,3.0394e-12,-2.6000000000000002e-12,-4.950000000000001e-12,2.6000000000000002e-12,3.0394e-12,-38816862044.87229
bot1,1.8,-1,-1.018e-13,4e-13,-2.39e-12,4e-13,1.018e-13,-83305564811.7295
bot1,1.9,-1,6.386e-13,-2.0200000000000007e-12,-2.72e-12,2.0200000000000007e-12,6.386e-13,122115032360.48357
bot1,2.0,-1,1.536e-12,-6.7800000000000006e-12,-3.51e-12,6.7800000000000006e-12,1.536e-12,135464643727.987
bot1,2.1,-1,2.115e-12,-1.473e-11,-4.13e-12,1.473e-11,2.115e-12,170561146170.9024
bot1,2.2,-1,2.7086e-12,-2.24e-11,-5.19e-12,2.24e-11,2.7086e-12,185770016719.30167
bot1,2.3000000000000003,-1,3.1916e-12,-3.459e-11,-6.740000000000001e-12,3.459e-11,3.1916e-12,223264121455.68176
bot1,2.4,-1,3.6044e-12,-4.618e-11,-9.07e-12,4.618e-11,3.6044e-12,305436774587.6598
bot1,2.5,-1,3.8464e-12,-5.418000000000001e-11,-1.121e-11,5.418000000000001e-11,3.8464e-12,446428571428.57166
bot1,2.6,-1,4.0524e-12,-5.7850000000000006e-11,-1.404e-11,5.7850000000000006e-11,4.0524e-12,562429696287.9648
bot1,2.7,-1,4.202e-12,-6.17e-11,-1.828e-11,6.17e-11,4.202e-12,623441396508.7288
bot1,2.8000000000000003,-1,4.3732e-12,-6.191000000000001e-11,-2.2700000000000003e-11,6.191000000000001e-11,4.3732e-12,-22081392010.95233
bot1,2.9,-1,-4.8554e-12,2.52e-11,3.631e-11,2.52e-11,4.8554e-12,-22584579249.28856
bot1,3.0,-1,-4.4824e-12,1.7600000000000002e-12,1.8510000000000003e-11,1.7600000000000002e-12,4.4824e-12,27841193830.39147
bot1,3.1,-1,2.3282e-12,-3.3e-12,-7.200000000000003e-13,3.3e-12,2.3282e-12,33796343235.661934
bot1,3.2,-1,1.4354e-12,-2.23e-12,5.6e-13,2.23e-12,1.4354e-12,-109003706126.00836
bot1,3.3000000000000003,-1,4.934e-13,-2.1500000000000003e-12,1.59e-12,2.1500000000000003e-12,4.934e-13,-108683838713.1832
bot1,3.4,-1,-4.048e-13,1.51e-12,2.24e-12,1.51e-12,4.048e-13,-107169649555.24582
bot1,3.5,-1,-1.3728e-12,5.720000000000001e-12,3.110000000000001e-12,5.720000000000001e-12,1.3728e-12,-120845921450.15118
bot1,3.6,-1,-2.0598e-12,1.213e-11,3.77e-12,1.213e-11,2.0598e-12,-164826108455.5795
bot1,3.7,-1,-2.5862e-12,2.1570000000000003e-11,4.89e-12,2.1570000000000003e-11,2.5862e-12,-202552157180.4741
bot1,3.8,-1,-3.0472e-12,3.296e-11,6.800000000000001e-12,3.296e-11,3.0472e-12,-206058108386.5648
bot1,3.9,-1,-3.5568e-12,4.6530000000000006e-11,8.900000000000001e-12,4.6530000000000006e-11,3.5568e-12,-229990800367.98505
bot1,4.0,-1,-3.9168e-12,5.634e-11,1.235e-11,5.634e-11,3.9168e-12,-347584289190.1283
bot1,4.1,-1,-4.1322e-12,6.091e-11,1.6e-11,6.091e-11,4.1322e-12,-654450261780.1039
bot1,4.2,-1,-4.2224e-12,6.262e-11,1.8820000000000003e-11,6.262e-11,4.2224e-12,-810372771474.8787
bot1,4.3,-1,-4.379e-12,6.088e-11,2.3430000000000003e-11,6.088e-11,4.379e-12,21889980955.716587
bot1,4.4,-1,4.9142e-12,-2.2770000000000003e-11,-3.698e-11,2.2770000000000003e-11,4.9142e-12,22869688514.842445
bot1,4.5,-1,4.3662e-12,-1.95e-12,-1.542e-11,1.95e-12,4.3662e-12,-28760425654.29971
bot1,4.6000000000000005,-1,-2.0398e-12,3.82e-12,4.0000000000000006e-14,3.82e-12,2.0398e-12,-34634433553.839264
bot1,4.7,-1,-1.4084e-12,1.6600000000000002e-12,-1.2900000000000002e-12,1.6600000000000002e-12,1.4084e-12,121256214380.9866
bot1,4.8,-1,-3.904e-13,1.6800000000000001e-12,-1.7100000000000002e-12,1.6800000000000001e-12,3.904e-13,100684655658.47775
bot1,4.9,-1,5.78e-13,-2.23e-12,-2.350000000000001e-12,2.23e-12,5.78e-13,105485232067.51064
bot1,5.0,-1,1.5056e-12,-5.79e-12,-3.570000000000001e-12,5.79e-12,1.5056e-12,107805088400.1721
bot1,0.0,0,-2.1398e-12,6.243000000000001e-11,2.014e-11,6.243000000000001e-11,2.1398e-12,18549297.29882536
bot1,0.1,0,5.3889e-09,-1.8000000000000002e-12,-5.3253e-09,1.8000000000000002e-12,5.3889e-09,33963700.75140273
bot1,0.2,0,5.8865e-09,5.7e-13,-5.9237e-09,5.7e-13,5.8865e-09,346680533.88802195
bot1,0.3,0,5.9658e-09,-6.184e-11,-5.9745e-09,6.184e-11,5.9658e-09,2214839424.1417503
bot1,0.4,0,5.9768e-09,-1.3900000000000001e-12,-6.0022e-09,1.3900000000000001e-12,5.9768e-09,5376344086.02153
bot1,0.5,0,6.003e-09,-3.210000000000001e-12,-5.9638e-09,3.210000000000001e-12,6.003e-09,-15267175572.518736
bot1,0.6,0,5.9637e-09,5.986e-11,-5.9508e-09,5.986e-11,5.9637e-09,-3809523809.523813
bot1,0.7,0,5.9505e-09,2.3300000000000004e-12,-5.9238e-09,2.3300000000000004e-12,5.9505e-09,-5063291139.240493
bot1,0.8,0,5.9242e-09,2.780000000000001e-12,-5.9631e-09,2.780000000000001e-12,5.9242e-09,83333333333.33647
bot1,0.9,0,5.9529e-09,-5.75e-11,-5.9663999999999996e-09,5.75e-11,5.9529e-09,4866180048.661825
bot1,1.0,0,5.9653e-09,-3.05e-12,-5.991e-09,3.05e-12,5.9653e-09,5649717514.124279
bot1,1.1,0,5.9883e-09,-1.8000000000000002e-12,-5.9493e-09,1.8000000000000002e-12,5.9883e-09,-21276595744.68181
bot1,1.2,0,5.9559e-09,5.474e-11,-5.938e-09,5.474e-11,5.9559e-09,-4385964912.280708
bot1,1.3,0,5.9427e-09,6.740000000000001e-12,-5.9134e-09,6.740000000000001e-12,5.9427e-09,-5037783375.314841
bot1,1.4,0,5.9162e-09,3.0900000000000004e-12,-5.9528e-09,3.0900000000000004e-12,5.9162e-09,76923076923.07779
bot1,1.5,0,5.9453e-09,-5.1370000000000006e-11,-5.9566e-09,5.1370000000000006e-11,5.9453e-09,5208333333.333305
bot1,1.6,0,5.9546e-09,-1.065e-11,-5.9832e-09,1.065e-11,5.9546e-09,5390835579.514792
bot1,1.7,0,5.9824e-09,-2.57e-12,-5.9509e-09,2.57e-12,5.9824e-09,35087719298.247574
bot1,1.8,0,5.9603e-09,4.2990000000000005e-11,-5.9448e-09,4.2990000000000005e-11,5.9603e-09,-5089058524.173024
bot1,1.9,0,5.9431e-09,2.362e-11,-5.9132e-09,2.362e-11,5.9431e-09,-4073319755.6008334
bot1,2.0,0,5.9112e-09,2.13e-12,-5.9407e-09,2.13e-12,5.9112e-09,-49999999999.995
bot1,2.1,0,5.9391e-09,-3.4980000000000005e-11,-5.9538e-09,3.4980000000000005e-11,5.9391e-09,5141388174.80721
bot1,2.2,0,5.9501e-09,-2.9770000000000004e-11,-5.9778e-09,2.9770000000000004e-11,5.9501e-09,5361930294.906132
bot1,2.3000000000000003,0,5.9764e-09,-1.6800000000000001e-12,-5.9536e-09,1.6800000000000001e-12,5.9764e-09,29411764705.880447
bot1,2.4,0,5.9569e-09,3.224e-11,-5.9396e-09,3.224e-11,5.9569e-09,-6269592476.488966
bot1,2.5,0,5.9445e-09,3.818e-11,-5.9186e-09,3.818e-11,5.9445e-09,-5405405405.405323
bot1,2.6,0,5.9199e-09,1.78e-12,-5.9351e-09,1.78e-12,5.9199e-09,-15999999999.99987
bot1,2.7,0,5.932e-09,-1.938e-11,-5.9535e-09,1.938e-11,5.932e-09,7017543859.649115
bot1,2.8000000000000003,0,5.9484e-09,-4.5470000000000006e-11,-5.9717999999999996e-09,4.5470000000000006e-11,5.9484e-09,4819277108.433739
bot1,2.9,0,5.9735e-09,-1.2400000000000002e-12,-5.966e-09,1.2400000000000002e-12,5.9735e-09,9259259259.259245
bot1,3.0,0,5.97e-09,1.795e-11,-5.9443e-09,1.795e-11,5.97e-09,-8196721311.475405
bot1,3.1,0,5.9491e-09,4.6710000000000006e-11,-5.9417e-09,4.6710000000000006e-11,5.9491e-09,-7751937984.496239
bot1,3.2,0,5.9442e-09,1.6200000000000004e-12,-5.9145e-09,1.6200000000000004e-12,5.9442e-09,-5602240896.358583
bot1,3.3000000000000003,0,5.9134e-09,3.23e-12,-5.9535e-09,3.23e-12,5.9134e-09,25316455696.20401
bot1,3.4,0,5.9521e-09,-5.7230000000000006e-11,-5.9626e-09,5.7230000000000006e-11,5.9521e-09,4385964912.280704
bot1,3.5,0,5.959e-09,-2.8100000000000003e-12,-5.9883e-09,2.8100000000000003e-12,5.959e-09,5479452054.79452
bot1,3.6,0,5.9886e-09,-2.13e-12,-5.9536e-09,2.13e-12,5.9886e-09,-117647058823.52203
bot1,3.7,0,5.9573e-09,5.387e-11,-5.9461e-09,5.387e-11,5.9573e-09,-5167958656.3307705
bot1,3.8,0,5.9499e-09,6.0700000000000006e-12,-5.9212e-09,6.0700000000000006e-12,5.9499e-09,-5361930294.90624
bot1,3.9,0,5.92e-09,2.18e-12,-5.9566e-09,2.18e-12,5.92e-09,40000000000.00092
bot1,4.0,0,5.9549e-09,-5.076e-11,-5.9643e-09,5.076e-11,5.9549e-09,4040404040.4040446
bot1,4.1,0,5.9695e-09,-8.800000000000001e-12,-5.9956e-09,8.800000000000001e-12,5.9695e-09,4651162790.697683
bot1,4.2,0,5.9979e-09,-3.2700000000000004e-12,-5.9647e-09,3.2700000000000004e-12,5.9979e-09,499999999999.8471
bot1,4.3,0,5.9699e-09,4.6710000000000006e-11,-5.9531e-09,4.6710000000000006e-11,5.9699e-09,-4773269689.737472
bot1,4.4,0,5.956e-09,1.695e-11,-5.9275e-09,1.695e-11,5.956e-09,-5361930294.906132
bot1,4.5,0,5.9326e-09,1.13e-12,-5.9624e-09,1.13e-12,5.9326e-09,36363636363.633446
bot1,4.6000000000000005,0,5.9615e-09,-4.382e-11,-5.9757e-09,4.382e-11,5.9615e-09,4750593824.228024
bot1,4.7,0,5.9747e-09,-2.191e-11,-6.0027e-09,2.191e-11,5.9747e-09,4357298474.945556
bot1,4.8,0,6.0074e-09,-2.2700000000000002e-12,-5.9763e-09,2.2700000000000002e-12,6.0074e-09,31249999999.99852
bot1,4.9,0,5.9811e-09,3.8730000000000005e-11,-5.9646e-09,3.8730000000000005e-11,5.9811e-09,-5063291139.240495
bot1,5.0,0,5.9679e-09,2.4e-11,-5.9392e-09,2.4e-11,5.9679e-09,-7575757575.757125
bot1,0.0,1,1.7336e-10,-6.079e-11,-2.0148e-10,6.079e-11,1.7336e-10,168882.7916946956
bot1,0.1,1,5.923e-07,3.1900000000000003e-12,-5.923e-07,3.1900000000000003e-12,5.923e-07,181866.68400947365
bot1,0.2,1,1.09988e-06,1.5700000000000002e-12,-1.1001e-06,1.5700000000000002e-12,1.09988e-06,214431.22118580452
bot1,0.3,1,1.5250000000000002e-06,-5.7370000000000005e-11,-1.5249000000000002e-06,5.7370000000000005e-11,1.5250000000000002e-06,257161.9606027876
bot1,0.4,1,1.8776e-06,-2.456e-11,-1.8784e-06,2.456e-11,1.8776e-06,313087.0381966186
bot1,0.5,1,2.1638000000000004e-06,5.354e-11,-2.1641e-06,5.354e-11,2.1638000000000004e-06,389635.6906292616
bot1,0.6,1,2.3909000000000003e-06,-6.900000000000001e-13,-2.3915000000000003e-06,6.900000000000001e-13,2.3909000000000003e-06,496031.7460317464
bot1,0.7,1,2.567e-06,1.3e-13,-2.5675000000000004e-06,1.3e-13,2.567e-06,652528.5481239808
bot1,0.8,1,2.6974e-06,4.073e-11,-2.6981000000000005e-06,4.073e-11,2.6974e-06,891662.9514043685
bot1,0.9,1,2.7913000000000003e-06,-7.100000000000001e-12,-2.7921000000000003e-06,7.100000000000001e-12,2.7913000000000003e-06,1280409.7311139572
bot1,1.0,1,2.8536e-06,-1.4400000000000001e-12,-2.8541000000000003e-06,1.4400000000000001e-12,2.8536e-06,2004008.016032068
bot1,1.1,1,2.8911e-06,1.961e-11,-2.8915e-06,1.961e-11,2.8911e-06,3412969.28327644
bot1,1.2,1,2.9122000000000003e-06,-5.786000000000001e-11,-2.9116e-06,5.786000000000001e-11,2.9122000000000003e-06,6688963.210702264
bot1,1.3,1,2.9210000000000005e-06,4.600000000000003e-13,-2.9214e-06,4.600000000000003e-13,2.9210000000000005e-06,13793103.448275844
bot1,1.4,1,2.9267000000000003e-06,1.6000000000000005e-13,-2.9268000000000005e-06,1.6000000000000005e-13,2.9267000000000003e-06,21739130.434782967
bot1,1.5,1,2.9302000000000003e-06,-4.078e-11,-2.9294000000000003e-06,4.078e-11,2.9302000000000003e-06,60606060.60605993
bot1,1.6,1,2.9300000000000003e-06,4.12e-11,-2.9312000000000004e-06,4.12e-11,2.9300000000000003e-06,133333333.33334212
bot1,1.7,1,2.9317e-06,1.23e-12,-2.9323000000000003e-06,1.23e-12,2.9317e-06,60606060.60605993
bot1,1.8,1,2.9333000000000004e-06,-1.743e-11,-2.9337000000000004e-06,1.743e-11,2.9333000000000004e-06,46511627.90697558
bot1,1.9,1,2.9360000000000003e-06,5.815000000000001e-11,-2.9354000000000003e-06,5.815000000000001e-11,2.9360000000000003e-06,105263157.89474064
bot1,2.0,1,2.9352000000000003e-06,-1.88e-12,-2.9362000000000004e-06,1.88e-12,2.9352000000000003e-06,
bot1,2.1,1,2.9360000000000003e-06,-2.070000000000001e-12,-2.9369e-06,2.070000000000001e-12,2.9360000000000003e-06,105263157.89474076
bot1,2.2,1,2.9371e-06,3.2500000000000004e-11,-2.9375000000000003e-06,3.2500000000000004e-11,2.9371e-06,99999999.99999258
bot1,2.3000000000000003,1,2.9380000000000005e-06,-5.131e-11,-2.9379000000000003e-06,5.131e-11,2.9380000000000005e-06,199999999.9999847
bot1,2.4,1,2.9381000000000003e-06,-1.13e-12,-2.9386e-06,1.13e-12,2.9381000000000003e-06,400000000.0001388
bot1,2.5,1,2.9385000000000003e-06,2.7e-13,-2.9401000000000004e-06,2.7e-13,2.9385000000000003e-06,117647058.82353534
bot1,2.6,1,2.9398e-06,-4.5940000000000005e-11,-2.9406000000000003e-06,4.5940000000000005e-11,2.9398e-06,80000000.00000083
bot1,2.7,1,2.9410000000000003e-06,1.721e-11,-2.94e-06,1.721e-11,2.9410000000000003e-06,666666666.6661465
bot1,2.8000000000000003,1,2.9401000000000004e-06,1.17e-12,-2.9401000000000004e-06,1.17e-12,2.9401000000000004e-06,400000000.0001388
bot1,2.9,1,2.9415e-06,-2.357e-11,-2.9409000000000005e-06,2.357e-11,2.9415e-06,105263157.89474052
bot1,3.0,1,2.9420000000000004e-06,3.6000000000000005e-11,-2.9420000000000004e-06,3.6000000000000005e-11,2.9420000000000004e-06,249999999.99998143
bot1,3.1,1,2.9423e-06,1.65e-12,-2.9437000000000003e-06,1.65e-12,2.9423e-06,333333333.3333086
bot1,3.2,1,2.9426000000000004e-06,-6.500000000000003e-13,-2.9423e-06,6.500000000000003e-13,2.9426000000000004e-06,222222222.22215343
bot1,3.3000000000000003,1,2.9432000000000005e-06,5.916e-11,-2.9437000000000003e-06,5.916e-11,2.9432000000000005e-06,285714285.7143503
bot1,3.4,1,2.9433000000000003e-06,3.1000000000000004e-13,-2.9445000000000004e-06,3.1000000000000004e-13,2.9433000000000003e-06,133333333.33334196
bot1,3.5,1,2.9447000000000004e-06,-2.04e-12,-2.9444e-06,2.04e-12,2.9447000000000004e-06,142857142.85713226
bot1,3.6,1,2.9447000000000004e-06,5.692e-11,-2.9456e-06,5.692e-11,2.9447000000000004e-06,222222222.222258
bot1,3.7,1,2.9456e-06,-2.8580000000000003e-11,-2.9463000000000005e-06,2.8580000000000003e-11,2.9456e-06,105263157.89474076
bot1,3.8,1,2.9466000000000003e-06,-2.6300000000000007e-12,-2.9452e-06,2.6300000000000007e-12,2.9466000000000003e-06,-999999999.9999236
bot1,3.9,1,2.9454e-06,8e-13,-2.9452e-06,8e-13,2.9454e-06,-333333333.33330786
bot1,4.0,1,2.9460000000000003e-06,-5.7600000000000007e-11,-2.9466000000000003e-06,5.7600000000000007e-11,2.9460000000000003e-06,142857142.85713193
bot1,4.1,1,2.9468000000000003e-06,-1.91e-12,-2.9467e-06,1.91e-12,2.9468000000000003e-06,199999999.9999852
bot1,4.2,1,2.9470000000000003e-06,1.03e-12,-2.9476000000000004e-06,1.03e-12,2.9470000000000003e-06,499999999.99996287
bot1,4.3,1,2.9472000000000003e-06,-5.85e-11,-2.9468000000000003e-06,5.85e-11,2.9472000000000003e-06,333333333.3333086
bot1,4.4,1,2.9476000000000004e-06,1.85e-12,-2.9482000000000004e-06,1.85e-12,2.9476000000000004e-06,222222222.222258
bot1,4.5,1,2.9481e-06,2.8e-12,-2.9485e-06,2.8e-12,2.9481e-06,142857142.85713226
bot1,4.6000000000000005,1,2.9490000000000005e-06,-3.631e-11,-2.9493000000000003e-06,3.631e-11,2.9490000000000005e-06,111111111.11110286
bot1,4.7,1,2.9499000000000003e-06,4.898e-11,-2.95e-06,4.898e-11,2.9499000000000003e-06,999999999.9999212
bot1,4.8,1,2.9492000000000005e-06,1.3300000000000002e-12,-2.9495000000000003e-06,1.3300000000000002e-12,2.9492000000000005e-06,-333333333.3333086
bot1,4.9,1,2.9493000000000003e-06,-1.061e-11,-2.9493000000000003e-06,1.061e-11,2.9493000000000003e-06,285714285.71435094
bot1,5.0,1,2.9499000000000003e-06,4.542e-11,-2.9512e-06,4.542e-11,2.9499000000000003e-06,166666666.66665354
bot1,0.0,2,4.3871e-10,-3.4730000000000006e-11,-4.1132e-10,3.4730000000000006e-11,4.3871e-10,65038.05776744028
bot1,0.1,2,1.538e-06,2.7560000000000003e-11,-1.5395000000000005e-06,2.7560000000000003e-11,1.538e-06,66921.83314734696
bot1,0.2,2,2.989e-06,5.3960000000000007e-11,-2.9889000000000003e-06,5.3960000000000007e-11,2.989e-06,71219.99857560001
bot1,0.3,2,4.346200000000001e-06,1.04e-12,-4.3463e-06,1.04e-12,4.346200000000001e-06,76181.76970251018
bot1,0.4,2,5.614300000000001e-06,-8.9e-13,-5.6141e-06,8.9e-13,5.614300000000001e-06,81692.6721673066
bot1,0.5,2,6.7944000000000005e-06,6.168e-11,-6.7966e-06,6.168e-11,6.7944000000000005e-06,87908.22381433779
bot1,0.6,2,7.889400000000001e-06,-5.270000000000001e-12,-7.887200000000001e-06,5.270000000000001e-12,7.889400000000001e-06,95070.58991301044
bot1,0.7,2,8.8981e-06,-1.4800000000000006e-12,-8.8989e-06,1.4800000000000006e-12,8.8981e-06,103359.17312661506
bot1,0.8,2,9.8244e-06,2.018e-11,-9.8261e-06,2.018e-11,9.8244e-06,112429.029175333
bot1,0.9,2,1.0677e-05,-5.8030000000000005e-11,-1.06751e-05,5.8030000000000005e-11,1.0677e-05,123167.87781746508
bot1,1.0,2,1.1448200000000002e-05,-2.87e-12,-1.14431e-05,2.87e-12,1.1448200000000002e-05,135226.50439486155
bot1,1.1,2,1.2156e-05,-2.75e-12,-1.215e-05,2.75e-12,1.2156e-05,149499.1777545224
bot1,1.2,2,1.2786e-05,2.28e-12,-1.2788e-05,2.28e-12,1.2786e-05,165837.47927031506
bot1,1.3,2,1.3362e-05,-3.7e-11,-1.3364e-05,3.7e-11,1.3362e-05,183823.5294117648
bot1,1.4,2,1.3874e-05,6.178e-11,-1.3874e-05,6.178e-11,1.3874e-05,208333.33333333308
bot1,1.5,2,1.4322e-05,-1.388e-11,-1.432e-05,1.388e-11,1.4322e-05,238095.2380952384
bot1,1.6,2,1.4714e-05,-1.8900000000000002e-12,-1.4714e-05,1.8900000000000002e-12,1.4714e-05,274725.2747252751
bot1,1.7,2,1.505e-05,1.22e-12,-1.5052e-05,1.22e-12,1.505e-05,323624.5954692548
bot1,1.8,2,1.5332e-05,-1.1100000000000001e-12,-1.5334e-05,1.1100000000000001e-12,1.5332e-05,387596.8992248066
bot1,1.9,2,1.5566e-05,4.859e-11,-1.5564000000000002e-05,4.859e-11,1.5566e-05,483091.78743961366
bot1,2.0,2,1.5746e-05,-6.119000000000001e-11,-1.5746e-05,6.119000000000001e-11,1.5746e-05,636942.6751592341
bot1,2.1,2,1.588e-05,9.53e-12,-1.5886e-05,9.53e-12,1.588e-05,862068.9655172403
bot1,2.2,2,1.5978000000000002e-05,4.800000000000001e-13,-1.5982e-05,4.800000000000001e-13,1.5978000000000002e-05,1204819.277108424
bot1,2.3000000000000003,2,1.6046000000000002e-05,-1.79e-12,-1.6048e-05,1.79e-12,1.6046000000000002e-05,1754385.96491229
bot1,2.4,2,1.6092e-05,8e-13,-1.6092e-05,8e-13,1.6092e-05,2564102.5641026185
bot1,2.5,2,1.6124e-05,-2.0500000000000004e-12,-1.6124e-05,2.0500000000000004e-12,1.6124e-05,3448275.862069062
bot1,2.6,2,1.615e-05,5.910000000000001e-11,-1.6152e-05,5.910000000000001e-11,1.615e-05,4347826.086956599
bot1,2.7,2,1.617e-05,-1.096e-11,-1.617e-05,1.096e-11,1.617e-05,5000000.000000052
bot1,2.8000000000000003,2,1.619e-05,-1.8400000000000002e-12,-1.6188e-05,1.8400000000000002e-12,1.619e-05,5882352.94117646
bot1,2.9,2,1.6204e-05,7.600000000000002e-13,-1.6204e-05,7.600000000000002e-13,1.6204e-05,7142857.142857029
bot1,3.0,2,1.6218e-05,-2.7070000000000003e-11,-1.6218e-05,2.7070000000000003e-11,1.6218e-05,7692307.692306871
bot1,3.1,2,1.6230000000000002e-05,6.051e-11,-1.6230000000000002e-05,6.051e-11,1.6230000000000002e-05,7692307.692307872
bot1,3.2,2,1.6244e-05,-5.613e-11,-1.6242e-05,5.613e-11,1.6244e-05,9090909.090910168
bot1,3.3000000000000003,2,1.6252e-05,2.4300000000000003e-11,-1.6252e-05,2.4300000000000003e-11,1.6252e-05,11111111.11110974
bot1,3.4,2,1.6262e-05,-1.59e-12,-1.6264000000000002e-05,1.59e-12,1.6262e-05,10000000.000000082
bot1,3.5,2,1.6272e-05,-2.6000000000000002e-12,-1.6274e-05,2.6000000000000002e-12,1.6272e-05,10000000.000000104
bot1,3.6,2,1.6282e-05,2e-13,-1.6286e-05,2e-13,1.6282e-05,10000000.000000104
bot1,3.7,2,1.6292e-05,-8.73e-12,-1.6294e-05,8.73e-12,1.6292e-05,11111111.111111855
bot1,3.8,2,1.63e-05,4.949e-11,-1.6302e-05,4.949e-11,1.63e-05,11111111.11110974
bot1,3.9,2,1.631e-05,-6.174000000000001e-11,-1.631e-05,6.174000000000001e-11,1.631e-05,12499999.999999044
bot1,4.0,2,1.6316e-05,4.317e-11,-1.6318000000000002e-05,4.317e-11,1.6316e-05,12500000.000001691
bot1,4.1,2,1.6326e-05,-8.32e-12,-1.6326e-05,8.32e-12,1.6326e-05,12499999.999999072
bot1,4.2,2,1.6332000000000002e-05,-2.2000000000000003e-12,-1.6334e-05,2.2000000000000003e-12,1.6332000000000002e-05,14285714.28571409
bot1,4.3,2,1.634e-05,1.36e-12,-1.6342e-05,1.36e-12,1.634e-05,12500000.00000172
bot1,4.4,2,1.6348e-05,-6.470000000000001e-12,-1.635e-05,6.470000000000001e-12,1.6348e-05,14285714.28571409
bot1,4.5,2,1.6354e-05,6.153e-11,-1.6356e-05,6.153e-11,1.6354e-05,14285714.28571409
bot1,4.6000000000000005,2,1.6362e-05,-3.15e-11,-1.6364e-05,3.15e-11,1.6362e-05,12499999.999999072
bot1,4.7,2,1.637e-05,2.5800000000000003e-12,-1.6372000000000002e-05,2.5800000000000003e-12,1.637e-05,14285714.285714028
bot1,4.8,2,1.6376e-05,3.02e-12,-1.6378e-05,3.02e-12,1.6376e-05,16666666.666667782
bot1,4.9,2,1.6382e-05,-1.65e-12,-1.6386000000000002e-05,1.65e-12,1.6382e-05,14285714.28571409
bot1,5.0,2,1.639e-05,2.1000000000000001e-13,-1.6392e-05,2.1000000000000001e-13,1.639e-05,12499999.999999017
bot1,0.0,3,8.361e-10,-3.795e-11,-6.196e-10,3.795e-11,8.361e-10,39344.305122325575
bot1,0.1,3,2.5425e-06,4.3690000000000006e-11,-2.5429000000000003e-06,4.3690000000000006e-11,2.5425e-06,40090.09125486977
bot1,0.2,3,4.9896000000000005e-06,6.19e-11,-4.9833e-06,6.19e-11,4.9896000000000005e-06,41696.20147604552
bot1,0.3,3,7.3391e-06,-6.3700000000000005e-12,-7.340900000000002e-06,6.3700000000000005e-12,7.3391e-06,43229.222954717385
bot1,0.4,3,9.6161e-06,-1.9700000000000003e-12,-9.6142e-06,1.9700000000000003e-12,9.6161e-06,44894.38595703607
bot1,0.5,3,1.1794e-05,-5.800000000000003e-13,-1.1784e-05,5.800000000000003e-13,1.1794e-05,46971.51177810656
bot1,0.6,3,1.3874e-05,3.3560000000000005e-11,-1.3886e-05,3.3560000000000005e-11,1.3874e-05,48923.679060665374
bot1,0.7,3,1.5882e-05,-6.191000000000001e-11,-1.5872e-05,6.191000000000001e-11,1.5882e-05,51255.76627370582
bot1,0.8,3,1.7776e-05,5.001e-11,-1.7794e-05,5.001e-11,1.7776e-05,53648.0686695279
bot1,0.9,3,1.961e-05,-1.076e-11,-1.9606e-05,1.076e-11,1.961e-05,56116.72278338941
bot1,1.0,3,2.134e-05,-1.4e-13,-2.1334e-05,1.4e-13,2.134e-05,59453.03210463735
bot1,1.1,3,2.2974e-05,3.0900000000000004e-12,-2.297e-05,3.0900000000000004e-12,2.2974e-05,63011.972274732245
bot1,1.2,3,2.4514e-05,-2.274e-11,-2.4526e-05,2.274e-11,2.4514e-05,66225.16556291385
bot1,1.3,3,2.5994e-05,6.071e-11,-2.5988000000000003e-05,6.071e-11,2.5994e-05,70126.22720897615
bot1,1.4,3,2.7366e-05,-4.6e-11,-2.7388e-05,4.6e-11,2.7366e-05,74460.16381236044
bot1,1.5,3,2.868e-05,1.175e-11,-2.8678e-05,1.175e-11,2.868e-05,79491.25596184426
bot1,1.6,3,2.9882e-05,9.000000000000001e-13,-2.988e-05,9.000000000000001e-13,2.9882e-05,85616.43835616426
bot1,1.7,3,3.1016e-05,-4.9e-13,-3.1024e-05,4.9e-13,3.1016e-05,91491.30832570908
bot1,1.8,3,3.2068e-05,1.803e-11,-3.2078e-05,1.803e-11,3.2068e-05,98135.42688910724
bot1,1.9,3,3.3054e-05,-5.6690000000000007e-11,-3.3042e-05,5.6690000000000007e-11,3.3054e-05,105932.20338983052
bot1,2.0,3,3.3956e-05,5.827000000000001e-11,-3.3952e-05,5.827000000000001e-11,3.3956e-05,114810.56257175628
bot1,2.1,3,3.4796000000000004e-05,-4.140000000000001e-12,-3.4756000000000004e-05,4.140000000000001e-12,3.4796000000000004e-05,126582.27848101265
bot1,2.2,3,3.5536e-05,-2.21e-12,-3.5536e-05,2.21e-12,3.5536e-05,138696.25520110995
bot1,2.3000000000000003,3,3.6238e-05,1.7600000000000002e-12,-3.6236e-05,1.7600000000000002e-12,3.6238e-05,149700.5988023948
bot1,2.4,3,3.6872e-05,-5.091e-11,-3.6872e-05,5.091e-11,3.6872e-05,165837.47927031465
bot1,2.5,3,3.7444e-05,6.049e-11,-3.7446e-05,6.049e-11,3.7444e-05,181159.42028985496
bot1,2.6,3,3.7976e-05,-3.853e-11,-3.7974e-05,3.853e-11,3.7976e-05,202429.14979757144
bot1,2.7,3,3.8432e-05,3.63e-12,-3.8434e-05,3.63e-12,3.8432e-05,232558.13953488524
bot1,2.8000000000000003,3,3.8836e-05,3.640000000000001e-12,-3.8838e-05,3.640000000000001e-12,3.8836e-05,270270.2702702688
bot1,2.9,3,3.9172e-05,-8.800000000000002e-13,-3.9172e-05,8.800000000000002e-13,3.9172e-05,321543.40836012724
bot1,3.0,3,3.9458e-05,1.9000000000000002e-13,-3.9456e-05,1.9000000000000002e-13,3.9458e-05,384615.38461538864
bot1,3.1,3,3.9692e-05,-1.8840000000000003e-11,-3.9694e-05,1.8840000000000003e-11,3.9692e-05,478468.8995215295
bot1,3.2,3,3.9876e-05,5.6070000000000006e-11,-3.9876e-05,5.6070000000000006e-11,3.9876e-05,609756.0975609744
bot1,3.3000000000000003,3,4.002e-05,-2.405e-11,-4.002e-05,2.405e-11,4.002e-05,787401.5748031444
bot1,3.4,3,4.013e-05,-2.7e-13,-4.0134e-05,2.7e-13,4.013e-05,1010101.0101010064
bot1,3.5,3,4.0218e-05,1.78e-12,-4.022000000000001e-05,1.78e-12,4.0218e-05,1250000.000000013
bot1,3.6,3,4.029e-05,-1.6e-12,-4.0294e-05,1.6e-12,4.029e-05,1515151.515151539
bot1,3.7,3,4.035e-05,1.703e-11,-4.0352e-05,1.703e-11,4.035e-05,1785714.2857142612
bot1,3.8,3,4.0402e-05,-5.571000000000001e-11,-4.0404e-05,5.571000000000001e-11,4.0402e-05,2083333.333333321
bot1,3.9,3,4.0446e-05,5.8030000000000005e-11,-4.045e-05,5.8030000000000005e-11,4.0446e-05,2439024.3902439927
bot1,4.0,3,4.0484e-05,-3.019e-11,-4.0488e-05,3.019e-11,4.0484e-05,2631578.947368278
bot1,4.1,3,4.0522e-05,2.6000000000000002e-12,-4.0524e-05,2.6000000000000002e-12,4.0522e-05,2777777.777777702
bot1,4.2,3,4.0556e-05,2.730000000000001e-12,-4.0560000000000005e-05,2.730000000000001e-12,4.0556e-05,3030303.0303032333
bot1,4.3,3,4.0588e-05,-1.4200000000000002e-12,-4.0594000000000005e-05,1.4200000000000002e-12,4.0588e-05,3125000.0000000987
bot1,4.4,3,4.062e-05,1.5000000000000004e-13,-4.0622e-05,1.5000000000000004e-13,4.062e-05,3333333.33333318
bot1,4.5,3,4.0648e-05,-2.6560000000000003e-11,-4.065e-05,2.6560000000000003e-11,4.0648e-05,3571428.5714285225
bot1,4.6000000000000005,3,4.0676e-05,5.321e-11,-4.0678e-05,5.321e-11,4.0676e-05,3571428.5714285225
bot1,4.7,3,4.0704e-05,1.17e-12,-4.0704e-05,1.17e-12,4.0704e-05,3846153.84615392
bot1,4.8,3,4.0728e-05,-1.3000000000000001e-12,-4.0730000000000005e-05,1.3000000000000001e-12,4.0728e-05,3999999.9999999055
bot1,4.9,3,4.0754e-05,3.2e-12,-4.0754e-05,3.2e-12,4.0754e-05,4166666.666666357
bot1,5.0,3,4.0776e-05,-4.341e-11,-4.078e-05,4.341e-11,4.0776e-05,4545454.5454543615
bot1,0.0,4,1.1441e-09,4.5100000000000005e-11,-8.4435e-10,4.5100000000000005e-11,1.1441e-09,27942.671362413963
bot1,0.1,4,3.5799e-06,-5.655e-11,-3.5720000000000003e-06,5.655e-11,3.5799e-06,28266.330282260933
bot1,0.2,4,7.0767e-06,-6.221000000000001e-11,-7.0767e-06,6.221000000000001e-11,7.0767e-06,28998.95603758264
bot1,0.3,4,1.04767e-05,1.506e-11,-1.04533e-05,1.506e-11,1.04767e-05,29703.117342165064
bot1,0.4,4,1.381e-05,-1.23e-12,-1.3788e-05,1.23e-12,1.381e-05,30574.96216348432
bot1,0.5,4,1.7018000000000002e-05,2.87e-12,-1.6998000000000002e-05,2.87e-12,1.7018000000000002e-05,31515.915537346344
bot1,0.6,4,2.0156e-05,6.000000000000001e-14,-2.012e-05,6.000000000000001e-14,2.0156e-05,32372.93622531566
bot1,0.7,4,2.3196e-05,1.57e-11,-2.3212e-05,1.57e-11,2.3196e-05,33579.58361316322
bot1,0.8,4,2.6112e-05,-5.422e-11,-2.614e-05,5.422e-11,2.6112e-05,34153.00546448085
bot1,0.9,4,2.9052e-05,4.7690000000000005e-11,-2.9046e-05,4.7690000000000005e-11,2.9052e-05,34710.170079833384
bot1,1.0,4,3.1874e-05,-1.593e-11,-3.1842000000000004e-05,1.593e-11,3.1874e-05,36443.14868804669
bot1,1.1,4,3.454e-05,-1.6e-12,-3.4518000000000004e-05,1.6e-12,3.454e-05,37921.88092529386
bot1,1.2,4,3.7148e-05,1.7600000000000002e-12,-3.716e-05,1.7600000000000002e-12,3.7148e-05,39231.07100823848
bot1,1.3,4,3.9638e-05,-2.8400000000000004e-12,-3.968e-05,2.8400000000000004e-12,3.9638e-05,40485.82995951423
bot1,1.4,4,4.2088e-05,4.178e-11,-4.2074e-05,4.178e-11,4.2088e-05,41806.020066889614
bot1,1.5,4,4.4422e-05,-6.324e-11,-4.4468e-05,6.324e-11,4.4422e-05,43572.98474945531
bot1,1.6,4,4.6678e-05,4.2450000000000006e-11,-4.6674e-05,4.2450000000000006e-11,4.6678e-05,45413.260672116245
bot1,1.7,4,4.8826e-05,-8.56e-12,-4.884e-05,8.56e-12,4.8826e-05,47460.84480303752
bot1,1.8,4,5.0892e-05,-2.1000000000000003e-12,-5.088e-05,2.1000000000000003e-12,5.0892e-05,49431.53732081071
bot1,1.9,4,5.2872000000000005e-05,3.91e-12,-5.2884e-05,3.91e-12,5.2872000000000005e-05,52164.84089723519
bot1,2.0,4,5.4726e-05,-1.469e-11,-5.4744e-05,1.469e-11,5.4726e-05,54495.912806539534
bot1,2.1,4,5.6542e-05,3.65e-11,-5.6484e-05,3.65e-11,5.6542e-05,56116.72278338958
bot1,2.2,4,5.829e-05,-5.001e-11,-5.8318e-05,5.001e-11,5.829e-05,59206.63114268803
bot1,2.3000000000000003,4,5.992e-05,1.148e-11,-5.993e-05,1.148e-11,5.992e-05,62932.662051604646
bot1,2.4,4,6.1468e-05,1.1000000000000002e-12,-6.149600000000001e-05,1.1000000000000002e-12,6.1468e-05,66577.89613848207
bot1,2.5,4,6.2924e-05,-1.55e-12,-6.2914e-05,1.55e-12,6.2924e-05,70077.08479327275
bot1,2.6,4,6.4322e-05,9.9e-13,-6.4232e-05,9.9e-13,6.4322e-05,76219.5121951218
bot1,2.7,4,6.5548e-05,-6.240000000000001e-12,-6.5572e-05,6.240000000000001e-12,6.5548e-05,82508.25082508249
bot1,2.8000000000000003,4,6.6746e-05,5.0780000000000005e-11,-6.6822e-05,5.0780000000000005e-11,6.6746e-05,82987.55186721984
bot1,2.9,4,6.7958e-05,-5.965000000000001e-11,-6.7958e-05,5.965000000000001e-11,6.7958e-05,87950.74758135437
bot1,3.0,4,6.902e-05,3.8590000000000006e-11,-6.9016e-05,3.8590000000000006e-11,6.902e-05,97560.9756097564
bot1,3.1,4,7.0008e-05,1.6000000000000005e-13,-6.999400000000001e-05,1.6000000000000005e-13,7.0008e-05,106157.11252653952
bot1,3.2,4,7.0904e-05,-9.100000000000002e-13,-7.087800000000001e-05,9.100000000000002e-13,7.0904e-05,117370.8920187788
bot1,3.3000000000000003,4,7.171200000000001e-05,1.7100000000000002e-12,-7.171200000000001e-05,1.7100000000000002e-12,7.171200000000001e-05,128040.97311139468
bot1,3.4,4,7.2466e-05,-4.975e-11,-7.248e-05,4.975e-11,7.2466e-05,132802.12483399757
bot1,3.5,4,7.3218e-05,5.955e-11,-7.321e-05,5.955e-11,7.3218e-05,143884.8920863312
bot1,3.6,4,7.3856e-05,-3.77e-11,-7.3842e-05,3.77e-11,7.3856e-05,163666.1211129303
bot1,3.7,4,7.444e-05,-3.4e-13,-7.4436e-05,3.4e-13,7.444e-05,180831.8264014469
bot1,3.8,4,7.4962e-05,2.2000000000000003e-12,-7.4972e-05,2.2000000000000003e-12,7.4962e-05,203252.0325203244
bot1,3.9,4,7.5424e-05,-6.500000000000003e-13,-7.544e-05,6.500000000000003e-13,7.5424e-05,235294.11764706028
bot1,4.0,4,7.5812e-05,1.131e-11,-7.5816e-05,1.131e-11,7.5812e-05,273972.6027397251
bot1,4.1,4,7.6154e-05,-5.489e-11,-7.6172e-05,5.489e-11,7.6154e-05,308641.97530864325
bot1,4.2,4,7.646e-05,5.98e-11,-7.6464e-05,5.98e-11,7.646e-05,367647.0588235296
bot1,4.3,4,7.6698e-05,-3.5200000000000003e-12,-7.6706e-05,3.5200000000000003e-12,7.6698e-05,448430.4932735408
bot1,4.4,4,7.6906e-05,-2.23e-12,-7.6906e-05,2.23e-12,7.6906e-05,543478.2608695748
bot1,4.5,4,7.7066e-05,1.2500000000000001e-12,-7.707e-05,1.2500000000000001e-12,7.7066e-05,649350.6493506547
bot1,4.6000000000000005,4,7.7214e-05,-9.8e-13,-7.721e-05,9.8e-13,7.7214e-05,746268.656716405
bot1,4.7,4,7.7334e-05,6.223e-11,-7.7332e-05,6.223e-11,7.7334e-05,909090.9090908726
bot1,4.8,4,7.7434e-05,-3.533e-11,-7.7442e-05,3.533e-11,7.7434e-05,1030927.8350515192
bot1,4.9,4,7.7528e-05,5.200000000000001e-12,-7.7528e-05,5.200000000000001e-12,7.7528e-05,1136363.6363636833
bot1,5.0,4,7.761e-05,2.21e-12,-7.7618e-05,2.21e-12,7.761e-05,1219512.1951220946
bot1,0.0,5,1.0701e-09,-1.129e-11,-1.07962e-09,1.129e-11,1.0701e-09,21594.86779827085
bot1,0.1,5,4.6318e-06,-9.3e-13,-4.633e-06,9.3e-13,4.6318e-06,21875.7829821262
bot1,0.2,5,9.1436e-06,-1.6700000000000006e-12,-9.1584e-06,1.6700000000000006e-12,9.1436e-06,22241.49818731789
bot1,0.3,5,1.3624e-05,-8.600000000000002e-13,-1.3628e-05,8.600000000000002e-13,1.3624e-05,22365.360529611746
bot1,0.4,5,1.8086e-05,2.780000000000001e-12,-1.8084e-05,2.780000000000001e-12,1.8086e-05,23030.86135421465
bot1,0.5,5,2.2308e-05,-4.0440000000000005e-11,-2.2342e-05,4.0440000000000005e-11,2.2308e-05,23573.78595002356
bot1,0.6,5,2.657e-05,6.216000000000001e-11,-2.6498e-05,6.216000000000001e-11,2.657e-05,23992.32245681383
bot1,0.7,5,3.0644e-05,-3.631e-11,-3.0778e-05,3.631e-11,3.0644e-05,24201.355275895465
bot1,0.8,5,3.4834e-05,3.570000000000001e-12,-3.4766e-05,3.570000000000001e-12,3.4834e-05,24582.10422812191
bot1,0.9,5,3.8780000000000005e-05,1.8900000000000002e-12,-3.8892e-05,1.8900000000000002e-12,3.8780000000000005e-05,25367.83358701166
bot1,1.0,5,4.2718e-05,-2.67e-12,-4.2762e-05,2.67e-12,4.2718e-05,25654.181631605967
bot1,1.1,5,4.6576e-05,3.5450000000000004e-11,-4.6656e-05,3.5450000000000004e-11,4.6576e-05,26343.519494204404
bot1,1.2,5,5.031000000000001e-05,-6.418e-11,-5.0544e-05,6.418e-11,5.031000000000001e-05,26888.948642108087
bot1,1.3,5,5.4014e-05,3.1670000000000005e-11,-5.3944e-05,3.1670000000000005e-11,5.4014e-05,27240.533914464755
bot1,1.4,5,5.7652e-05,-7.5e-13,-5.7732e-05,7.5e-13,5.7652e-05,28011.2044817927
bot1,1.5,5,6.1154e-05,-6.1e-13,-6.0992e-05,6.1e-13,6.1154e-05,29859.659599880542
bot1,1.6,5,6.435e-05,1.1100000000000001e-12,-6.433e-05,1.1100000000000001e-12,6.435e-05,31289.111389236525
bot1,1.7,5,6.754600000000001e-05,-3.46e-12,-6.760200000000001e-05,3.46e-12,6.754600000000001e-05,31084.86167236556
bot1,1.8,5,7.0784e-05,4.3800000000000006e-11,-7.074800000000001e-05,4.3800000000000006e-11,7.0784e-05,31555.695803092523
bot1,1.9,5,7.3884e-05,-6.432e-11,-7.3946e-05,6.432e-11,7.3884e-05,32509.7529258778
bot1,2.0,5,7.6936e-05,7.73e-12,-7.6928e-05,7.73e-12,7.6936e-05,32446.463335496403
bot1,2.1,5,8.0048e-05,1.0500000000000002e-12,-8.0088e-05,1.0500000000000002e-12,8.0048e-05,34794.71120389704
bot1,2.2,5,8.2684e-05,-9.790000000000004e-12,-8.2772e-05,9.790000000000004e-12,8.2684e-05,36496.35036496357
bot1,2.3000000000000003,5,8.5528e-05,4.2260000000000005e-11,-8.5478e-05,4.2260000000000005e-11,8.5528e-05,36737.692872887455
bot1,2.4,5,8.8128e-05,-6.014e-11,-8.8052e-05,6.014e-11,8.8128e-05,39793.076004775095
bot1,2.5,5,9.0554e-05,4.4740000000000005e-11,-9.0574e-05,4.4740000000000005e-11,9.0554e-05,41220.1154163232
bot1,2.6,5,9.298e-05,2e-13,-9.2982e-05,2e-13,9.298e-05,42662.11604095561
bot1,2.7,5,9.5242e-05,-2.51e-12,-9.5296e-05,2.51e-12,9.5242e-05,43763.67614879661
bot1,2.8000000000000003,5,9.755e-05,7e-13,-9.7534e-05,7e-13,9.755e-05,44964.0287769784
bot1,2.9,5,9.969e-05,-1.232e-11,-9.97e-05,1.232e-11,9.969e-05,48100.04810004792
bot1,3.0,5,0.000101708,4.858e-11,-0.000101612,4.858e-11,0.000101708,51894.13596263617
bot1,3.1,5,0.000103544,-6.015000000000001e-11,-0.000103624,6.015000000000001e-11,0.000103544,53304.904051172736
bot1,3.2,5,0.00010546,7.41e-12,-0.000105414,7.41e-12,0.00010546,54200.5420054201
bot1,3.3000000000000003,5,0.000107234,5.810000000000001e-12,-0.000107292,5.810000000000001e-12,0.000107234,56850.48322910755
bot1,3.4,5,0.000108978,-7.5e-13,-0.000108956,7.5e-13,0.000108978,59952.03836930454
bot1,3.5,5,0.00011057,-1.8000000000000007e-13,-0.000110592,1.8000000000000007e-13,0.00011057,64061.499039077535
bot1,3.6,5,0.0001121,-2.003e-11,-0.000112038,2.003e-11,0.0001121,67704.80704130001
bot1,3.7,5,0.000113524,5.861e-11,-0.000113486,5.861e-11,0.000113524,71787.50897343877
bot1,3.8,5,0.000114886,-4.8860000000000006e-11,-0.000114962,4.8860000000000006e-11,0.000114886,74183.97626112742
bot1,3.9,5,0.00011622,2.387e-11,-0.000116232,2.387e-11,0.00011622,78926.5982636143
bot1,4.0,5,0.00011742,3.590000000000001e-12,-0.00011744,3.590000000000001e-12,0.00011742,86956.52173913027
bot1,4.1,5,0.00011852,5.994e-11,-0.00011846,5.994e-11,0.00011852,94339.62264150952
bot1,4.2,5,0.00011954,-2e-12,-0.0001196,2e-12,0.00011954,102040.81632653062
bot1,4.3,5,0.00012048,-6.700000000000003e-13,-0.00012058,6.700000000000003e-13,0.00012048,105263.15789473738
bot1,4.4,5,0.00012144,5.03e-12,-0.00012156,5.03e-12,0.00012144,106382.97872340422
bot1,4.5,5,0.00012236,-5.0490000000000005e-11,-0.00012238,5.0490000000000005e-11,0.00012236,119047.61904761932
bot1,4.6000000000000005,5,0.00012312,6.172000000000001e-11,-0.00012312,6.172000000000001e-11,0.00012312,136986.30136986286
bot1,4.7,5,0.00012382,-2.599e-11,-0.00012384,2.599e-11,0.00012382,151515.15151515164
bot1,4.8,5,0.00012444,-1.4700000000000002e-12,-0.00012446,1.4700000000000002e-12,0.00012444,166666.66666666654
bot1,4.9,5,0.00012502,9.100000000000002e-13,-0.00012502,9.100000000000002e-13,0.00012502,192307.69230769185
bot1,5.0,5,0.00012548,-1.322e-11,-0.00012554,1.322e-11,0.00012548,217391.30434783536
bot2,0.0,-5,-4.5896e-12,2.95e-12,8.500000000000002e-13,2.95e-12,4.5896e-12,22527596305.47421
bot2,0.1,-5,-1.5059999999999998e-13,-2.5e-13,1.91e-12,2.5e-13,1.5059999999999998e-13,61184532550.17132
bot2,0.2,-5,-1.3208e-12,5.620000000000001e-12,3.0400000000000004e-12,5.620000000000001e-12,1.3208e-12,-95102234902.52016
bot2,0.3,-5,-2.2536e-12,1.775e-11,4.450000000000001e-12,1.775e-11,2.2536e-12,-116292592161.8793
bot2,0.4,-5,-3.0406e-12,3.636e-11,7.000000000000001e-12,3.636e-11,3.0406e-12,-150761344791.19556
bot2,0.5,-5,-3.5802e-12,5.0280000000000006e-11,1.022e-11,5.0280000000000006e-11,3.5802e-12,-210659363808.72125
bot2,0.6,-5,-3.99e-12,5.922e-11,1.497e-11,5.922e-11,3.99e-12,-356252226576.4162
bot2,0.7,-5,-4.1416e-12,6.008e-11,2.056e-11,6.008e-11,4.1416e-12,22825317842.550964
bot2,0.8,-5,4.7722e-12,-2.502e-11,-3.612e-11,2.502e-11,4.7722e-12,24288941245.051125
bot2,0.9,-5,4.0926e-12,-8e-13,-1.321e-11,8e-13,4.0926e-12,-33978933061.501865
bot2,1.0,-5,-1.1138e-12,2.75e-12,-1.27e-12,2.75e-12,1.1138e-12,-50365147318.05592
bot2,1.1,-5,1.216e-13,5e-13,-2.28e-12,5e-13,1.216e-13,83521256159.69263
bot2,1.2,-5,1.2808e-12,-5.010000000000001e-12,-3.2600000000000002e-12,5.010000000000001e-12,1.2808e-12,97723052868.1716
bot2,1.3,-5,2.1682e-12,-1.6560000000000002e-11,-4.5400000000000004e-12,1.6560000000000002e-11,2.1682e-12,130684788290.64308
bot2,1.4,-5,2.8112e-12,-2.938e-11,-5.84e-12,2.938e-11,2.8112e-12,157778479015.46225
bot2,1.5,-5,3.4358e-12,-4.4520000000000005e-11,-8.74e-12,4.4520000000000005e-11,3.4358e-12,171408981830.64786
bot2,1.6,-5,3.978e-12,-5.5660000000000005e-11,-1.311e-11,5.5660000000000005e-11,3.978e-12,258866166192.0787
bot2,1.7,-5,4.2084e-12,-6.015000000000001e-11,-1.753e-11,6.015000000000001e-11,4.2084e-12,580046403712.297
bot2,1.8,-5,4.3228e-12,-6.087e-11,-2.4340000000000003e-11,6.087e-11,4.3228e-12,-22307486392.433323
bot2,1.9,-5,-4.7572e-12,1.568e-11,3.6260000000000006e-11,1.568e-11,4.7572e-12,-24632361997.191902
bot2,2.0,-5,-3.7966e-12,1.8900000000000002e-12,1.119e-11,1.8900000000000002e-12,3.7966e-12,35505059470.97461
bot2,2.1,-5,8.758e-13,-2.8900000000000004e-12,1.5200000000000002e-12,2.8900000000000004e-12,8.758e-13,58878944889.30763
bot2,2.2,-5,-3.998e-13,3.5e-13,2.13e-12,3.5e-13,3.998e-13,-75255869957.85678
bot2,2.3000000000000003,-5,-1.7818e-12,9.53e-12,4.07e-12,9.53e-12,1.7818e-12,-84896850326.85275
bot2,2.4,-5,-2.7556e-12,2.64e-11,5.120000000000001e-12,2.64e-11,2.7556e-12,-117508813160.98692
bot2,2.5,-5,-3.4838e-12,4.5030000000000005e-11,8.55e-12,4.5030000000000005e-11,3.4838e-12,-167308014053.87338
bot2,2.6,-5,-3.951e-12,5.6070000000000006e-11,1.324e-11,5.6070000000000006e-11,3.951e-12,-323519896473.63324
bot2,2.7,-5,-4.102e-12,6.046e-11,1.939e-11,6.046e-11,4.102e-12,-606796116504.8539
bot2,2.8000000000000003,-5,-4.2806e-12,5.718e-11,2.631e-11,5.718e-11,4.2806e-12,22177374642.389805
bot2,2.9,-5,4.9162e-12,-8.600000000000001e-12,-3.639e-11,8.600000000000001e-12,4.9162e-12,25934955132.527588
bot2,3.0,-5,3.431e-12,-2.28e-12,-6.5e-12,2.28e-12,3.431e-12,-40723244828.14794
bot2,3.1,-5,5e-15,6.700000000000003e-13,-2.08e-12,6.700000000000003e-13,5e-15,-102690490860.54642
bot2,3.2,-5,1.4834e-12,-6.240000000000001e-12,-3.46e-12,6.240000000000001e-12,1.4834e-12,75312547070.342
bot2,3.3000000000000003,-5,2.6606e-12,-2.395e-11,-5.160000000000001e-12,2.395e-11,2.6606e-12,101430165331.16934
bot2,3.4,-5,3.4552e-12,-4.286e-11,-8.16e-12,4.286e-11,3.4552e-12,160823415889.3532
bot2,3.5,-5,3.9042e-12,-5.474e-11,-1.289e-11,5.474e-11,3.9042e-12,284414106939.7046
bot2,3.6,-5,4.1584e-12,-6.092000000000001e-11,-1.7620000000000003e-11,6.092000000000001e-11,4.1584e-12,380372765310.0041
bot2,3.7,-5,4.43e-12,-5.860000000000001e-11,-2.579e-11,5.860000000000001e-11,4.43e-12,-22391903087.843456
bot2,3.8,-5,-4.7734e-12,1.129e-11,3.63e-11,1.129e-11,4.7734e-12,-25429762994.60885
bot2,3.9,-5,-3.4348e-12,2.54e-12,7.32e-12,2.54e-12,3.4348e-12,37772909269.471886
bot2,4.0,-5,5.214e-13,-1.4300000000000002e-12,1.45e-12,1.4300000000000002e-12,5.214e-13,80690712498.99124
bot2,4.1,-5,-9.562e-13,4.16e-12,2.57e-12,4.16e-12,9.562e-13,-83465487021.11685
bot2,4.2,-5,-1.8748e-12,1.357e-11,3.81e-12,1.357e-11,1.8748e-12,-115313653136.53146
bot2,4.3,-5,-2.6906e-12,3.062e-11,6.3200000000000005e-12,3.062e-11,2.6906e-12,-157084511467.1695
bot2,4.4,-5,-3.148e-12,4.549e-11,8.500000000000001e-12,4.549e-11,3.148e-12,-232288037166.0861
bot2,4.5,-5,-3.5516e-12,5.4540000000000006e-11,1.229e-11,5.4540000000000006e-11,3.5516e-12,-328299409061.06384
bot2,4.6000000000000005,-5,-3.7572e-12,6.03e-11,1.777e-11,6.03e-11,3.7572e-12,-622277535780.9584
bot2,4.7,-5,-3.873e-12,5.966e-11,2.3480000000000003e-11,5.966e-11,3.873e-12,22021581149.52645
bot2,4.8,-5,5.3248e-12,-2.377e-11,-3.588e-11,2.377e-11,5.3248e-12,23474729453.743065
bot2,4.9,-5,4.6468e-12,-1.5800000000000001e-12,-1.388e-11,1.5800000000000001e-12,4.6468e-12,-33297815663.29252
bot2,5.0,-5,-6.816e-13,1.2800000000000002e-12,-1.21e-12,1.2800000000000002e-12,6.816e-13,-18767359807.82217
bot2,0.0,-4,4.7206e-12,-1.7110000000000003e-11,-3.667e-11,1.7110000000000003e-11,4.7206e-12,-82671957671.95766
bot2,0.1,-4,3.511e-12,-2.01e-12,-6.9800000000000006e-12,2.01e-12,3.511e-12,-40607488020.79104
bot2,0.2,-4,-2.046e-13,8.9e-13,-1.6700000000000006e-12,8.9e-13,2.046e-13,-80971659919.02834
bot2,0.3,-4,1.041e-12,-4.11e-12,-2.74e-12,4.11e-12,1.041e-12,83166999334.66402
bot2,0.4,-4,2.2002e-12,-1.4960000000000002e-11,-4.51e-12,1.4960000000000002e-11,2.2002e-12,105607772732.07307
bot2,0.5,-4,2.9348e-12,-3.1810000000000004e-11,-6.3700000000000005e-12,3.1810000000000004e-11,2.9348e-12,142979696883.04257
bot2,0.6,-4,3.599e-12,-4.7330000000000006e-11,-9.41e-12,4.7330000000000006e-11,3.599e-12,197628458498.0237
bot2,0.7,-4,3.9468e-12,-5.642e-11,-1.242e-11,5.642e-11,3.9468e-12,357398141529.6643
bot2,0.8,-4,4.1586e-12,-5.942e-11,-1.752e-11,5.942e-11,4.1586e-12,439947206335.2396
bot2,0.9,-4,4.4014e-12,-6.021e-11,-2.4340000000000003e-11,6.021e-11,4.4014e-12,-22257339357.653183
bot2,1.0,-4,-4.8272e-12,1.7270000000000002e-11,3.612e-11,1.7270000000000002e-11,4.8272e-12,-24518217035.25721
bot2,1.1,-4,-3.7558e-12,1.4300000000000002e-12,1.084e-11,1.4300000000000002e-12,3.7558e-12,35138269088.86467
bot2,1.2,-4,8.646e-13,-2.400000000000001e-12,1.45e-12,2.400000000000001e-12,8.646e-13,59712187257.41923
bot2,1.3,-4,-4.064e-13,7.5e-13,2.11e-12,7.5e-13,4.064e-13,-85324232081.91135
bot2,1.4,-4,-1.4794e-12,7.81e-12,3.61e-12,7.81e-12,1.4794e-12,-96422717192.17049
bot2,1.5,-4,-2.4806e-12,2.295e-11,5.170000000000001e-12,2.295e-11,2.4806e-12,-104744946056.35275
bot2,1.6,-4,-3.3888e-12,4.2300000000000005e-11,8.270000000000003e-12,4.2300000000000005e-11,3.3888e-12,-144759698899.8262
bot2,1.7,-4,-3.8622e-12,5.365e-11,1.151e-11,5.365e-11,3.8622e-12,-261233019853.7093
bot2,1.8,-4,-4.1544e-12,6.028000000000001e-11,1.65e-11,6.028000000000001e-11,4.1544e-12,-414765657403.5676
bot2,1.9,-4,-4.3444e-12,6.018e-11,2.267e-11,6.018e-11,4.3444e-12,22506808309.513622
bot2,2.0,-4,4.7318e-12,-2.314e-11,-3.6690000000000005e-11,2.314e-11,4.7318e-12,24108585067.142403
bot2,2.1,-4,3.9514e-12,-1.3e-13,-1.325e-11,1.3e-13,3.9514e-12,-32720371703.42258
bot2,2.2,-4,-1.3806e-12,2.31e-12,-1.3500000000000001e-12,2.31e-12,1.3806e-12,-53064473335.10218
bot2,2.3000000000000003,-4,1.824e-13,1.0100000000000001e-12,-2.400000000000001e-12,1.0100000000000001e-12,1.824e-13,74693755602.03157
bot2,2.4,-4,1.297e-12,-5.060000000000001e-12,-3.340000000000001e-12,5.060000000000001e-12,1.297e-12,90081974596.88304
bot2,2.5,-4,2.4026e-12,-1.978e-11,-5.160000000000001e-12,1.978e-11,2.4026e-12,101327388793.19092
bot2,2.6,-4,3.2708e-12,-3.908e-11,-7.81e-12,3.908e-11,3.2708e-12,134408602150.53778
bot2,2.7,-4,3.8906e-12,-5.5080000000000005e-11,-1.224e-11,5.5080000000000005e-11,3.8906e-12,242600679281.90216
bot2,2.8000000000000003,-4,4.0952e-12,-6.044e-11,-1.641e-11,6.044e-11,4.0952e-12,554631170271.7675
bot2,2.9,-4,4.2512e-12,-6.029e-11,-2.3990000000000003e-11,6.029e-11,4.2512e-12,-22443162690.48632
bot2,3.0,-4,-4.8162e-12,1.784e-11,3.613e-11,1.784e-11,4.8162e-12,-24527839097.375546
bot2,3.1,-4,-3.9028e-12,2.06e-12,1.002e-11,2.06e-12,3.9028e-12,35483642041.01913
bot2,3.2,-4,8.202e-13,-2.19e-12,1.5600000000000002e-12,2.19e-12,8.202e-13,64947717087.744415
bot2,3.3000000000000003,-4,-8.234e-13,2.1000000000000003e-12,2.29e-12,2.1000000000000003e-12,8.234e-13,-75642965204.2359
bot2,3.4,-4,-1.8238e-12,1.128e-11,3.92e-12,1.128e-11,1.8238e-12,-99383820314.05272
bot2,3.5,-4,-2.8358e-12,2.94e-11,6.56e-12,2.94e-11,2.8358e-12,-117288294628.1962
bot2,3.6,-4,-3.529e-12,4.808e-11,9.64e-12,4.808e-11,3.529e-12,-178762960314.62296
bot2,3.7,-4,-3.9546e-12,5.8110000000000007e-11,1.438e-11,5.8110000000000007e-11,3.9546e-12,-283527076835.83813
bot2,3.8,-4,-4.2344e-12,6.122000000000001e-11,2.007e-11,6.122000000000001e-11,4.2344e-12,23036166781.84747
bot2,3.9,-4,4.7274e-12,-3.0170000000000004e-11,-3.5310000000000005e-11,3.0170000000000004e-11,4.7274e-12,23513367349.338062
bot2,4.0,-4,4.2714e-12,-6.6e-13,-1.55e-11,6.6e-13,4.2714e-12,-31313605761.70341
bot2,4.1,-4,-1.6596e-12,2.42e-12,-9.9e-13,2.42e-12,1.6596e-12,-42587624036.45505
bot2,4.2,-4,-4.248e-13,1.6600000000000002e-12,-1.9700000000000003e-12,1.6600000000000002e-12,4.248e-13,82095066086.52829
bot2,4.3,-4,7.765999999999999e-13,-1.65e-12,-2.85e-12,1.65e-12,7.765999999999999e-13,90220137134.6085
bot2,4.4,-4,1.792e-12,-1.093e-11,-3.66e-12,1.093e-11,1.792e-12,98039215686.27458
bot2,4.5,-4,2.8166e-12,-2.9550000000000004e-11,-6.280000000000001e-12,2.9550000000000004e-11,2.8166e-12,112981584001.80782
bot2,4.6000000000000005,-4,3.5622e-12,-4.4890000000000006e-11,-8.83e-12,4.4890000000000006e-11,3.5622e-12,172562553925.79822
bot2,4.7,-4,3.9756e-12,-5.633000000000001e-11,-1.307e-11,5.633000000000001e-11,3.9756e-12,310077519379.84375
bot2,4.8,-4,4.2072e-12,-6.086000000000001e-11,-1.892e-11,6.086000000000001e-11,4.2072e-12,624609618988.1342
bot2,4.9,-4,4.2958e-12,-5.95e-11,-2.5140000000000003e-11,5.95e-11,4.2958e-12,-22198051011.121243
bot2,5.0,-4,-4.8026e-12,9.22e-12,3.608e-11,9.22e-12,4.8026e-12,-10990943462.58679
bot2,0.0,-3,2.6678e-12,-4.0080000000000005e-11,-7.470000000000003e-12,4.0080000000000005e-11,2.6678e-12,78727759407.96729
bot2,0.1,-3,3.938e-12,-5.6900000000000005e-11,-1.243e-11,5.6900000000000005e-11,3.938e-12,134012329134.28036
bot2,0.2,-3,4.1602e-12,-6.094e-11,-1.817e-11,6.094e-11,4.1602e-12,516795865633.074
bot2,0.3,-3,4.325e-12,-5.909e-11,-2.479e-11,5.909e-11,4.325e-12,-22259816579.11139
bot2,0.4,-3,-4.8246e-12,1.3890000000000002e-11,3.6000000000000005e-11,1.3890000000000002e-11,4.8246e-12,-24650578056.055416
bot2,0.5,-3,-3.7884e-12,2.82e-12,9.92e-12,2.82e-12,3.7884e-12,37581269495.28354
bot2,0.6,-3,4.972e-13,-2.6000000000000002e-12,2.01e-12,2.6000000000000002e-12,4.972e-13,69003588186.58572
bot2,0.7,-3,-8.899999999999999e-13,2.8600000000000003e-12,2.2500000000000003e-12,2.8600000000000003e-12,8.899999999999999e-13,-77411363988.2335
bot2,0.8,-3,-2.0864e-12,1.5470000000000003e-11,4.07e-12,1.5470000000000003e-11,2.0864e-12,-100090081072.96568
bot2,0.9,-3,-2.8882e-12,3.0680000000000004e-11,6.0100000000000004e-12,3.0680000000000004e-11,2.8882e-12,-135189941868.32497
bot2,1.0,-3,-3.5658e-12,4.778e-11,9.13e-12,4.778e-11,3.5658e-12,-184094256259.2048
bot2,1.1,-3,-3.9746e-12,5.7670000000000006e-11,1.353e-11,5.7670000000000006e-11,3.9746e-12,-351370344342.9376
bot2,1.2,-3,-4.135e-12,5.966e-11,1.784e-11,5.966e-11,4.135e-12,-691562932226.8324
bot2,1.3,-3,-4.2638e-12,6.016e-11,2.36e-11,6.016e-11,4.2638e-12,22501237568.06627
bot2,1.4,-3,4.7534e-12,-1.777e-11,-3.671e-11,1.777e-11,4.7534e-12,24836698706.008
bot2,1.5,-3,3.7888e-12,-1.78e-12,-1.062e-11,1.78e-12,3.7888e-12,-35341933203.74624
bot2,1.6,-3,-9.056e-13,1.88e-12,-1.64e-12,1.88e-12,9.056e-13,-60871682493.3041
bot2,1.7,-3,5.032e-13,-4.500000000000001e-13,-2.6000000000000002e-12,4.500000000000001e-13,5.032e-13,73811632713.3156
bot2,1.8,-3,1.804e-12,-1.073e-11,-3.76e-12,1.073e-11,1.804e-12,95969289827.25536
bot2,1.9,-3,2.5872e-12,-2.334e-11,-5.44e-12,2.334e-11,2.5872e-12,130055924047.34036
bot2,2.0,-3,3.3418e-12,-4.3400000000000007e-11,-8.45e-12,4.3400000000000007e-11,3.3418e-12,158957240502.3049
bot2,2.1,-3,3.8454e-12,-5.351e-11,-1.243e-11,5.351e-11,3.8454e-12,266808964781.2168
bot2,2.2,-3,4.0914e-12,-5.979000000000001e-11,-1.699e-11,5.979000000000001e-11,4.0914e-12,494071146245.0597
bot2,2.3000000000000003,-3,4.2502e-12,-6.129e-11,-2.2190000000000003e-11,6.129e-11,4.2502e-12,-22562158747.34892
bot2,2.4,-3,-4.773e-12,2.105e-11,3.5860000000000006e-11,2.105e-11,4.773e-12,-24036728120.568195
bot2,2.5,-3,-4.0704e-12,2.0500000000000004e-12,1.433e-11,2.0500000000000004e-12,4.0704e-12,32546786004.88205
bot2,2.6,-3,1.372e-12,-2.960000000000001e-12,1.2800000000000002e-12,2.960000000000001e-12,1.372e-12,49273220004.92736
bot2,2.7,-3,-1.1399999999999999e-14,-9.4e-13,1.69e-12,9.4e-13,1.1399999999999999e-14,-76423385555.98021
bot2,2.8000000000000003,-3,-1.245e-12,6.180000000000001e-12,3.13e-12,6.180000000000001e-12,1.245e-12,-89413447782.54637
bot2,2.9,-3,-2.2482e-12,1.675e-11,4.440000000000001e-12,1.675e-11,2.2482e-12,-114077116130.50407
bot2,3.0,-3,-2.9982e-12,3.413e-11,6.66e-12,3.413e-11,2.9982e-12,-154511742892.46
bot2,3.1,-3,-3.5426e-12,4.877e-11,9.26e-12,4.877e-11,3.5426e-12,-203956761166.63284
bot2,3.2,-3,-3.9788e-12,5.688e-11,1.3690000000000002e-11,5.688e-11,3.9788e-12,-291290416545.296
bot2,3.3000000000000003,-3,-4.2292e-12,6.033e-11,1.8950000000000003e-11,6.033e-11,4.2292e-12,23012841165.370243
bot2,3.4,-3,4.712e-12,-2.779e-11,-3.565e-11,2.779e-11,4.712e-12,24131274131.274097
bot2,3.5,-3,4.0588e-12,-4.600000000000003e-13,-1.345e-11,4.600000000000003e-13,4.0588e-12,-34455431898.83888
bot2,3.6,-3,-1.0926e-12,2.500000000000001e-12,-2.09e-12,2.500000000000001e-12,1.0926e-12,-53160384881.18659
bot2,3.7,-3,2.966e-13,-1.32e-12,-2.41e-12,1.32e-12,2.966e-13,76728305071.74104
bot2,3.8,-3,1.514e-12,-8.400000000000001e-12,-3.780000000000001e-12,8.400000000000001e-12,1.514e-12,93335822288.59424
bot2,3.9,-3,2.4394e-12,-2.016e-11,-4.87e-12,2.016e-11,2.4394e-12,116157509582.9944
bot2,4.0,-3,3.2358e-12,-3.813e-11,-7.480000000000001e-12,3.813e-11,3.2358e-12,139295166457.7237
bot2,4.1,-3,3.8752e-12,-5.2860000000000005e-11,-1.103e-11,5.2860000000000005e-11,3.8752e-12,243368216110.97614
bot2,4.2,-3,4.0576e-12,-5.948000000000001e-11,-1.59e-11,5.948000000000001e-11,4.0576e-12,576368876080.6935
bot2,4.3,-3,4.2222e-12,-6.059000000000001e-11,-2.101e-11,6.059000000000001e-11,4.2222e-12,-22869165504.150776
bot2,4.4,-3,-4.6878e-12,2.752e-11,3.4900000000000004e-11,2.752e-11,4.6878e-12,-23314370978.27103
bot2,4.5,-3,-4.3562e-12,1.17e-12,1.739e-11,1.17e-12,4.3562e-12,29913251570.44573
bot2,4.6000000000000005,-3,1.9982e-12,-1.4300000000000002e-12,2.8e-13,1.4300000000000002e-12,1.9982e-12,40361640297.061714
bot2,4.7,-3,5.99e-13,-1.4e-12,9.700000000000001e-13,1.4e-12,5.99e-13,-78412922449.61942
bot2,4.8,-3,-5.524e-13,8.600000000000002e-13,1.98e-12,8.600000000000002e-13,5.524e-13,-89581653677.32697
bot2,4.9,-3,-1.6336e-12,9.98e-12,3.3100000000000002e-12,9.98e-12,1.6336e-12,-91549940492.53876
bot2,5.0,-3,-2.737e-12,2.633e-11,5.53e-12,2.633e-11,2.737e-12,-90628965017.2192
bot2,0.0,-2,-4.5512e-12,5.917e-11,2.489e-11,5.917e-11,4.5512e-12,10558324182.785707
bot2,0.1,-2,4.92e-12,-8.51e-12,-3.646e-11,8.51e-12,4.92e-12,24514009756.57588
bot2,0.2,-2,3.6074e-12,-2.47e-12,-7.980000000000001e-12,2.47e-12,3.6074e-12,-36441820633.35884
bot2,0.3,-2,-5.682e-13,2.23e-12,-1.4200000000000002e-12,2.23e-12,5.682e-13,-67563002499.8311
bot2,0.4,-2,6.472e-13,-2.3000000000000003e-12,-2.28e-12,2.3000000000000003e-12,6.472e-13,79814829595.33882
bot2,0.5,-2,1.9376e-12,-1.2870000000000002e-11,-3.56e-12,1.2870000000000002e-11,1.9376e-12,97962382445.14104
bot2,0.6,-2,2.6888e-12,-2.6380000000000004e-11,-5.79e-12,2.6380000000000004e-11,2.6888e-12,150421179302.04578
bot2,0.7,-2,3.2672e-12,-4.2480000000000005e-11,-8.42e-12,4.2480000000000005e-11,3.2672e-12,175070028011.20453
bot2,0.8,-2,3.8312e-12,-5.3960000000000007e-11,-1.173e-11,5.3960000000000007e-11,3.8312e-12,232504068821.20447
bot2,0.9,-2,4.1274e-12,-5.925e-11,-1.655e-11,5.925e-11,4.1274e-12,407497962510.1879
bot2,1.0,-2,4.322e-12,-6.14e-11,-2.3390000000000003e-11,6.14e-11,4.322e-12,-22346368715.08381
bot2,1.1,-2,-4.8226e-12,2.1790000000000003e-11,3.595e-11,2.1790000000000003e-11,4.8226e-12,-23786303846.245327
bot2,1.2,-2,-4.0862e-12,1.51e-12,1.352e-11,1.51e-12,4.0862e-12,33063316250.61993
bot2,1.3,-2,1.2264e-12,-2.9800000000000002e-12,7.400000000000002e-13,2.9800000000000002e-12,1.2264e-12,46746447270.00752
bot2,1.4,-2,1.922e-13,-2.03e-12,1.4200000000000002e-12,2.03e-12,1.922e-13,-87627059235.89203
bot2,1.5,-2,-1.056e-12,4.23e-12,2.46e-12,4.23e-12,1.056e-12,-83118610256.83649
bot2,1.6,-2,-2.214e-12,1.7490000000000002e-11,4.42e-12,1.7490000000000002e-11,2.214e-12,-104602510460.25102
bot2,1.7,-2,-2.968e-12,3.278e-11,6.030000000000001e-12,3.278e-11,2.968e-12,-144216902220.9403
bot2,1.8,-2,-3.6008e-12,4.804e-11,9.38e-12,4.804e-11,3.6008e-12,-215936082919.456
bot2,1.9,-2,-3.8942e-12,5.495e-11,1.263e-11,5.495e-11,3.8942e-12,-374812593703.1483
bot2,2.0,-2,-4.1344e-12,5.988e-11,1.7760000000000002e-11,5.988e-11,4.1344e-12,-514403292181.0697
bot2,2.1,-2,-4.283e-12,5.965000000000001e-11,2.4190000000000003e-11,5.965000000000001e-11,4.283e-12,22359359627.94028
bot2,2.2,-2,4.8104e-12,-1.73e-11,-3.6330000000000005e-11,1.73e-11,4.8104e-12,24322615167.582844
bot2,2.3000000000000003,-2,3.9398e-12,-1.4300000000000002e-12,-1.189e-11,1.4300000000000002e-12,3.9398e-12,-33905201057.842228
bot2,2.4,-2,-1.0884e-12,2.97e-12,-1.4200000000000002e-12,2.97e-12,1.0884e-12,-53795255258.48613
bot2,2.5,-2,2.22e-13,1.14e-12,-2.09e-12,1.14e-12,2.22e-13,80690712498.99146
bot2,2.6,-2,1.3902e-12,-6.7800000000000006e-12,-2.960000000000001e-12,6.7800000000000006e-12,1.3902e-12,104036620890.55356
bot2,2.7,-2,2.1444e-12,-1.657e-11,-4.5900000000000004e-12,1.657e-11,2.1444e-12,122025625381.33015
bot2,2.8000000000000003,-2,3.0292e-12,-3.536e-11,-6.7200000000000004e-12,3.536e-11,3.0292e-12,140765765765.7656
bot2,2.9,-2,3.5652e-12,-4.879000000000001e-11,-1.094e-11,4.879000000000001e-11,3.5652e-12,209424083769.63327
bot2,3.0,-2,3.9842e-12,-5.842e-11,-1.56e-11,5.842e-11,3.9842e-12,324359390204.3467
bot2,3.1,-2,4.1818e-12,-6.146e-11,-2.019e-11,6.146e-11,4.1818e-12,-22949991967.50283
bot2,3.2,-2,-4.7304e-12,2.888e-11,3.47e-11,2.888e-11,4.7304e-12,-23503419747.573288
bot2,3.3000000000000003,-2,-4.3276e-12,1.17e-12,1.6600000000000003e-11,1.17e-12,4.3276e-12,30476654882.36007
bot2,3.4,-2,1.832e-12,-2.67e-12,3.0000000000000014e-13,2.67e-12,1.832e-12,41030690956.835655
bot2,3.5,-2,5.468e-13,-1.91e-12,1.26e-12,1.91e-12,5.468e-13,-74183976261.12767
bot2,3.6,-2,-8.64e-13,2.69e-12,2.46e-12,2.69e-12,8.64e-13,-77447335811.64816
bot2,3.7,-2,-2.0356e-12,1.404e-11,4.03e-12,1.404e-11,2.0356e-12,-102480016396.80272
bot2,3.8,-2,-2.8156e-12,3.0500000000000005e-11,5.980000000000001e-12,3.0500000000000005e-11,2.8156e-12,-143967751223.72568
bot2,3.9,-2,-3.4248e-12,4.506e-11,8.74e-12,4.506e-11,3.4248e-12,-195236235845.37265
bot2,4.0,-2,-3.84e-12,5.66e-11,1.363e-11,5.66e-11,3.84e-12,-260620276257.49252
bot2,4.1,-2,-4.1922e-12,6.06e-11,1.943e-11,6.06e-11,4.1922e-12,23298075578.9572
bot2,4.2,-2,4.7444e-12,-3.284e-11,-3.507e-11,3.284e-11,4.7444e-12,24180288229.03572
bot2,4.3,-2,4.079e-12,-2.24e-12,-1.748e-11,2.24e-12,4.079e-12,-31346979718.50415
bot2,4.4,-2,-1.6358e-12,3.53e-12,-8.7e-13,3.53e-12,1.6358e-12,-45116174148.43225
bot2,4.5,-2,-3.54e-13,1.85e-12,-2.0500000000000004e-12,1.85e-12,3.54e-13,76887590342.91873
bot2,4.6000000000000005,-2,9.654e-13,-3.71e-12,-2.7600000000000004e-12,3.71e-12,9.654e-13,82122033341.54561
bot2,4.7,-2,2.0814e-12,-1.49e-11,-4.390000000000001e-12,1.49e-11,2.0814e-12,100270730973.62843
bot2,4.8,-2,2.96e-12,-3.3560000000000005e-11,-6.4e-12,3.3560000000000005e-11,2.96e-12,131856540084.38832
bot2,4.9,-2,3.5982e-12,-4.84e-11,-9.14e-12,4.84e-11,3.5982e-12,190512478567.34628
bot2,5.0,-2,4.0098e-12,-5.7740000000000006e-11,-1.386e-11,5.7740000000000006e-11,4.0098e-12,242954324586.97656
bot2,0.0,-1,-4.469e-12,6.037000000000001e-11,2.309e-11,6.037000000000001e-11,4.469e-12,10802169075.550371
bot2,0.1,-1,4.7884e-12,-1.458e-11,-3.6290000000000005e-11,1.458e-11,4.7884e-12,24216006780.4819
bot2,0.2,-1,3.79e-12,-2.34e-12,-1.08e-11,2.34e-12,3.79e-12,-34488704949.12916
bot2,0.3,-1,-1.0106e-12,2.350000000000001e-12,-1.3900000000000001e-12,2.350000000000001e-12,1.0106e-12,-58445353594.38925
bot2,0.4,-1,3.68e-13,-9.9e-13,-2.67e-12,9.9e-13,3.68e-13,77220077220.07721
bot2,0.5,-1,1.5794e-12,-8.84e-12,-3.48e-12,8.84e-12,1.5794e-12,93791033577.19
bot2,0.6,-1,2.5004e-12,-2.194e-11,-5.120000000000001e-12,2.194e-11,2.5004e-12,132327643244.67384
bot2,0.7,-1,3.0908e-12,-3.73e-11,-7.000000000000001e-12,3.73e-11,3.0908e-12,164609053497.94244
bot2,0.8,-1,3.7154e-12,-5.0270000000000005e-11,-1.038e-11,5.0270000000000005e-11,3.7154e-12,219490781387.1817
bot2,0.9,-1,4.002e-12,-5.903e-11,-1.5830000000000002e-11,5.903e-11,4.002e-12,377216144851.0
bot2,1.0,-1,4.2456e-12,-6.071e-11,-2.1150000000000003e-11,6.071e-11,4.2456e-12,-22891152569.531883
bot2,1.1,-1,-4.735e-12,2.7250000000000003e-11,3.5230000000000004e-11,2.7250000000000003e-11,4.735e-12,-23469220117.815483
bot2,1.2,-1,-4.2762e-12,2.1700000000000002e-12,1.6030000000000002e-11,2.1700000000000002e-12,4.2762e-12,30773018217.62678
bot2,1.3,-1,1.7642e-12,-1.3500000000000001e-12,1e-13,1.3500000000000001e-12,1.7642e-12,40238210204.41014
bot2,1.4,-1,6.942e-13,-1.88e-12,1.2900000000000002e-12,1.88e-12,6.942e-13,-83236224404.86098
bot2,1.5,-1,-6.386e-13,1.13e-12,2.49e-12,1.13e-12,6.386e-13,-79617834394.90446
bot2,1.6,-1,-1.8178e-12,1.215e-11,3.56e-12,1.215e-11,1.8178e-12,-96852300242.13072
bot2,1.7,-1,-2.7036e-12,2.641e-11,5.43e-12,2.641e-11,2.7036e-12,-128551227664.22417
bot2,1.8,-1,-3.3736e-12,4.28e-11,8.070000000000001e-12,4.28e-11,3.3736e-12,-183418928833.4557
bot2,1.9,-1,-3.794e-12,5.447000000000001e-11,1.161e-11,5.447000000000001e-11,3.794e-12,-286944045911.0473
bot2,2.0,-1,-4.0706e-12,5.95e-11,1.582e-11,5.95e-11,4.0706e-12,-450653447498.8739
bot2,2.1,-1,-4.2378e-12,6.099e-11,2.2590000000000003e-11,6.099e-11,4.2378e-12,22711271604.097134
bot2,2.2,-1,4.7356e-12,-2.1350000000000003e-11,-3.6290000000000005e-11,2.1350000000000003e-11,4.7356e-12,24122542515.981205
bot2,2.3000000000000003,-1,4.0532e-12,-1.7600000000000002e-12,-1.234e-11,1.7600000000000002e-12,4.0532e-12,-33397902611.71593
bot2,2.4,-1,-1.2528e-12,3.97e-12,-1.3400000000000006e-12,3.97e-12,1.2528e-12,-49714143673.87515
bot2,2.5,-1,3.02e-14,8.800000000000002e-13,-2.070000000000001e-12,8.800000000000002e-13,3.02e-14,79916886438.10443
bot2,2.6,-1,1.2498e-12,-5.760000000000001e-12,-2.92e-12,5.760000000000001e-12,1.2498e-12,91617040769.58322
bot2,2.7,-1,2.2132e-12,-1.5940000000000002e-11,-4.51e-12,1.5940000000000002e-11,2.2132e-12,114613180515.7594
bot2,2.8000000000000003,-1,2.9948e-12,-3.173e-11,-6.520000000000001e-12,3.173e-11,2.9948e-12,159489633173.84348
bot2,2.9,-1,3.4672e-12,-4.7840000000000006e-11,-9.11e-12,4.7840000000000006e-11,3.4672e-12,236686390532.54413
bot2,3.0,-1,3.8398e-12,-5.484e-11,-1.274e-11,5.484e-11,3.8398e-12,304228780042.59247
bot2,3.1,-1,4.1246e-12,-6.089000000000001e-11,-1.889e-11,6.089000000000001e-11,4.1246e-12,390930414386.23926
bot2,3.2,-1,4.3514e-12,-6.042000000000001e-11,-2.4450000000000003e-11,6.042000000000001e-11,4.3514e-12,-22298035543.06868
bot2,3.3000000000000003,-1,-4.8448e-12,1.8130000000000003e-11,3.605e-11,1.8130000000000003e-11,4.8448e-12,-24634789249.37794
bot2,3.4,-1,-3.7672e-12,1.9200000000000003e-12,1.084e-11,1.9200000000000003e-12,3.7672e-12,35479865176.51228
bot2,3.5,-1,7.922e-13,-2.1700000000000002e-12,1.2800000000000002e-12,2.1700000000000002e-12,7.922e-13,59530896535.30188
bot2,3.6,-1,-4.076e-13,-2.4000000000000004e-13,1.8900000000000002e-12,2.4000000000000004e-13,4.076e-13,-84631008801.625
bot2,3.7,-1,-1.571e-12,8.12e-12,3.23e-12,8.12e-12,1.571e-12,-99780482937.53752
bot2,3.8,-1,-2.412e-12,2.195e-11,5.43e-12,2.195e-11,2.412e-12,-119005117220.0403
bot2,3.9,-1,-3.2516e-12,4.164e-11,7.970000000000001e-12,4.164e-11,3.2516e-12,-129082225377.56535
bot2,4.0,-1,-3.9614e-12,5.6170000000000005e-11,1.214e-11,5.6170000000000005e-11,3.9614e-12,-217391304347.82587
bot2,4.1,-1,-4.1716e-12,6.004000000000001e-11,1.7490000000000002e-11,6.004000000000001e-11,4.1716e-12,-597014925373.134
bot2,4.2,-1,-4.2964e-12,6.049e-11,2.3e-11,6.049e-11,4.2964e-12,22292070710.448315
bot2,4.3,-1,4.8002e-12,-1.838e-11,-3.6800000000000005e-11,1.838e-11,4.8002e-12,24165679901.40405
bot2,4.4,-1,3.9798e-12,-2.11e-12,-1.262e-11,2.11e-12,3.9798e-12,-33627009213.80056
bot2,4.5,-1,-1.1474e-12,2.6600000000000004e-12,-1.4200000000000002e-12,2.6600000000000004e-12,1.1474e-12,-52573471426.31834
bot2,4.6000000000000005,-1,1.756e-13,1e-13,-2.13e-12,1e-13,1.756e-13,81267777326.29019
bot2,4.7,-1,1.3136e-12,-5.55e-12,-3.05e-12,5.55e-12,1.3136e-12,90179457119.66785
bot2,4.8,-1,2.3934e-12,-1.998e-11,-5.03e-12,1.998e-11,2.3934e-12,111358574610.24509
bot2,4.9,-1,3.1096e-12,-3.681e-11,-7.000000000000001e-12,3.681e-11,3.1096e-12,148853825543.3166
bot2,5.0,-1,3.737e-12,-5.0060000000000006e-11,-1.02e-11,5.0060000000000006e-11,3.737e-12,159387950270.95895
bot2,0.0,0,2.432e-12,2.231e-11,1.22e-12,2.231e-11,2.432e-12,11957048.369130343
bot2,0.1,0,8.3657e-09,-3.0420000000000003e-11,-8.3049e-09,3.0420000000000003e-11,8.3657e-09,21123633.670565102
bot2,0.2,0,9.4705e-09,2.350000000000001e-12,-9.4786e-09,2.350000000000001e-12,9.4705e-09,159616919.39345574
bot2,0.3,0,9.6187e-09,-1.637e-11,-9.6328e-09,1.637e-11,9.6187e-09,980392156.8627466
bot2,0.4,0,9.6745e-09,-4.808e-11,-9.6889e-09,4.808e-11,9.6745e-09,1699235344.0951557
bot2,0.5,0,9.7364e-09,-8.400000000000002e-13,-9.7229e-09,8.400000000000002e-13,9.7364e-09,2372479240.806625
bot2,0.6,0,9.7588e-09,1.144e-11,-9.7332e-09,1.144e-11,9.7588e-09,7604562737.642767
bot2,0.7,0,9.7627e-09,5.444e-11,-9.7412e-09,5.444e-11,9.7627e-09,80000000000.0152
bot2,0.8,0,9.7613e-09,9.9e-13,-9.7574e-09,9.9e-13,9.7613e-09,11976047904.191795
bot2,0.9,0,9.7794e-09,-9.96e-12,-9.8053e-09,9.96e-12,9.7794e-09,3300330033.003324
bot2,1.0,0,9.8219e-09,-5.842e-11,-9.8366e-09,5.842e-11,9.8219e-09,2684563758.389259
bot2,1.1,0,9.8539e-09,-1.21e-12,-9.8656e-09,1.21e-12,9.8539e-09,3125000000.00001
bot2,1.2,0,9.8859e-09,-2.13e-12,-9.8541e-09,2.13e-12,9.8859e-09,105263157894.72745
bot2,1.3,0,9.8558e-09,5.335e-11,-9.8542e-09,5.335e-11,9.8558e-09,-10362694300.518295
bot2,1.4,0,9.8666e-09,4.0400000000000006e-12,-9.8378e-09,4.0400000000000006e-12,9.8666e-09,-62500000000.01313
bot2,1.5,0,9.8526e-09,3.590000000000001e-12,-9.8898e-09,3.590000000000001e-12,9.8526e-09,5714285714.285716
bot2,1.6,0,9.9016e-09,-5.136e-11,-9.9068e-09,5.136e-11,9.9016e-09,2587322121.604162
bot2,1.7,0,9.9299e-09,-8.85e-12,-9.9549e-09,8.85e-12,9.9299e-09,2936857562.408232
bot2,1.8,0,9.9697e-09,-1.5600000000000002e-12,-9.932e-09,1.5600000000000002e-12,9.9697e-09,7782101167.315174
bot2,1.9,0,9.9556e-09,4.887e-11,-9.9381e-09,4.887e-11,9.9556e-09,-19047619047.61845
bot2,2.0,0,9.9592e-09,1.223e-11,-9.9242e-09,1.223e-11,9.9592e-09,-12738853503.184494
bot2,2.1,0,9.9399e-09,2.780000000000001e-12,-9.9686e-09,2.780000000000001e-12,9.9399e-09,13605442176.870031
bot2,2.2,0,9.9739e-09,-4.33e-11,-9.9891e-09,4.33e-11,9.9739e-09,2958579881.656769
bot2,2.3000000000000003,0,1.00075e-08,-1.599e-11,-1.0029e-08,1.599e-11,1.00075e-08,2994011976.047872
bot2,2.4,0,1.00407e-08,-2.13e-12,-1.00096e-08,2.13e-12,1.00407e-08,15625000000.001244
bot2,2.5,0,1.00203e-08,4.3800000000000006e-11,-1.00035e-08,4.3800000000000006e-11,1.00203e-08,-9389671361.50221
bot2,2.6,0,1.00194e-08,1.888e-11,-9.986e-09,1.888e-11,1.00194e-08,-14084507042.253317
bot2,2.7,0,1.00061e-08,2.6600000000000004e-12,-1.00297e-08,2.6600000000000004e-12,1.00061e-08,11428571428.571444
bot2,2.8000000000000003,0,1.00369e-08,-3.905e-11,-1.00467e-08,3.905e-11,1.00369e-08,4474272930.648757
bot2,2.9,0,1.00508e-08,-2.6870000000000003e-11,-1.00755e-08,2.6870000000000003e-11,1.00508e-08,3139717425.431702
bot2,3.0,0,1.01006e-08,-1.6300000000000001e-12,-1.00726e-08,1.6300000000000001e-12,1.01006e-08,5102040816.326477
bot2,3.1,0,1.009e-08,3.5230000000000004e-11,-1.00672e-08,3.5230000000000004e-11,1.009e-08,-8810572687.224705
bot2,3.2,0,1.00779e-08,2.94e-11,-1.0049e-08,2.94e-11,1.00779e-08,-9523809523.809988
bot2,3.3000000000000003,0,1.0069e-08,2.16e-12,-1.00871e-08,2.16e-12,1.0069e-08,15037593984.962915
bot2,3.4,0,1.00912e-08,-3.2170000000000004e-11,-1.01198e-08,3.2170000000000004e-11,1.00912e-08,80000000000.01506
bot2,3.5,0,1.00715e-08,-3.4180000000000005e-11,-1.0155e-08,3.4180000000000005e-11,1.00715e-08,-111111111111.1282
bot2,3.6,0,1.00894e-08,-1.22e-12,-1.00481e-08,1.22e-12,1.00894e-08,2877697841.726645
bot2,3.7,0,1.0141e-08,2.9550000000000004e-11,-1.01234e-08,2.9550000000000004e-11,1.0141e-08,6329113924.050685
bot2,3.8,0,1.0121e-08,3.3820000000000006e-11,-1.01011e-08,3.3820000000000006e-11,1.0121e-08,-7194244604.316685
bot2,3.9,0,1.01132e-08,3.2200000000000004e-12,-1.0118e-08,3.2200000000000004e-12,1.01132e-08,7782101167.315157
bot2,4.0,0,1.01467e-08,-2.697e-11,-1.01678e-08,2.697e-11,1.01467e-08,3284072249.589528
bot2,4.1,0,1.01741e-08,-3.6110000000000005e-11,-1.02e-08,3.6110000000000005e-11,1.01741e-08,3484320557.491278
bot2,4.2,0,1.02041e-08,-1.4400000000000001e-12,-1.01852e-08,1.4400000000000001e-12,1.02041e-08,8510638297.872285
bot2,4.3,0,1.01976e-08,2.606e-11,-1.01658e-08,2.606e-11,1.01976e-08,-4210526315.789396
bot2,4.4,0,1.01566e-08,3.495e-11,-1.01387e-08,3.495e-11,1.01566e-08,-6993006993.007079
bot2,4.5,0,1.0169e-08,2.67e-12,-1.01732e-08,2.67e-12,1.0169e-08,4608294930.875484
bot2,4.6000000000000005,0,1.02e-08,-2.947e-11,-1.0217e-08,2.947e-11,1.02e-08,3252032520.325193
bot2,4.7,0,1.02305e-08,-3.51e-11,-1.02569e-08,3.51e-11,1.02305e-08,3430531732.418556
bot2,4.8,0,1.02583e-08,-1.85e-12,-1.02394e-08,1.85e-12,1.02583e-08,19230769230.769463
bot2,4.9,0,1.02409e-08,3.019e-11,-1.02188e-08,3.019e-11,1.02409e-08,-10869565217.39189
bot2,5.0,0,1.02399e-08,3.173e-11,-1.02046e-08,3.173e-11,1.02399e-08,-100000000000.05168
bot2,0.0,1,2.2891e-10,-5.917e-11,-2.5287000000000003e-10,5.917e-11,2.2891e-10,140648.73865015665
bot2,0.1,1,7.1122e-07,8.36e-12,-7.1126e-07,8.36e-12,7.1122e-07,151771.42791924506
bot2,0.2,1,1.318e-06,6.21e-12,-1.3173e-06,6.21e-12,1.318e-06,179520.32170041645
bot2,0.3,1,1.8253e-06,1.03e-12,-1.8252e-06,1.03e-12,1.8253e-06,216029.37999567937
bot2,0.4,1,2.2438000000000004e-06,-4.85e-11,-2.244e-06,4.85e-11,2.2438000000000004e-06,264480.2962179318
bot2,0.5,1,2.5815e-06,3.3230000000000004e-11,-2.5827000000000003e-06,3.3230000000000004e-11,2.5815e-06,331455.0878355982
bot2,0.6,1,2.8472000000000005e-06,3.1200000000000004e-12,-2.8474000000000005e-06,3.1200000000000004e-12,2.8472000000000005e-06,425803.70449222927
bot2,0.7,1,3.0512e-06,-1.88e-12,-3.0510000000000005e-06,1.88e-12,3.0512e-06,570125.4275940714
bot2,0.8,1,3.198e-06,6.078000000000001e-11,-3.199e-06,6.078000000000001e-11,3.198e-06,813338.7555917037
bot2,0.9,1,3.2971e-06,-1.761e-11,-3.2969e-06,1.761e-11,3.2971e-06,1266624.4458518028
bot2,1.0,1,3.3559000000000003e-06,-3.160000000000001e-12,-3.3561000000000004e-06,3.160000000000001e-12,3.3559000000000003e-06,2283105.0228310446
bot2,1.1,1,3.3847000000000004e-06,6.290000000000001e-12,-3.385e-06,6.290000000000001e-12,3.3847000000000004e-06,4555808.656036433
bot2,1.2,1,3.3998000000000005e-06,-6.069e-11,-3.4009000000000003e-06,6.069e-11,3.3998000000000005e-06,8130081.300812955
bot2,1.3,1,3.4093000000000005e-06,5.33e-12,-3.4078e-06,5.33e-12,3.4093000000000005e-06,13888888.888889084
bot2,1.4,1,3.4142000000000003e-06,1.51e-12,-3.4144000000000003e-06,1.51e-12,3.4142000000000003e-06,19047619.047619533
bot2,1.5,1,3.4198000000000003e-06,-2.316e-11,-3.4192e-06,2.316e-11,3.4198000000000003e-06,18691588.78504643
bot2,1.6,1,3.4249000000000004e-06,5.408e-11,-3.4247000000000004e-06,5.408e-11,3.4249000000000004e-06,24691358.02469144
bot2,1.7,1,3.4279e-06,2.2000000000000002e-13,-3.4281000000000003e-06,2.2000000000000002e-13,3.4279e-06,26666666.66666692
bot2,1.8,1,3.4324000000000004e-06,-1.3400000000000006e-12,-3.4306e-06,1.3400000000000006e-12,3.4324000000000004e-06,33333333.333333213
bot2,1.9,1,3.4339000000000003e-06,3.441e-11,-3.4342000000000005e-06,3.441e-11,3.4339000000000003e-06,35087719.29824688
bot2,2.0,1,3.4381e-06,-4.972e-11,-3.4371000000000005e-06,4.972e-11,3.4381e-06,34482758.62068958
bot2,2.1,1,3.4397000000000003e-06,-1.46e-12,-3.4399000000000003e-06,1.46e-12,3.4397000000000003e-06,47619047.61904408
bot2,2.2,1,3.4423000000000005e-06,4.38e-12,-3.4438000000000004e-06,4.38e-12,3.4423000000000005e-06,38461538.46153874
bot2,2.3000000000000003,1,3.4449000000000003e-06,-5.871000000000001e-11,-3.4467000000000004e-06,5.871000000000001e-11,3.4449000000000003e-06,37735849.056605406
bot2,2.4,1,3.4476e-06,-1.3800000000000002e-12,-3.4475000000000005e-06,1.3800000000000002e-12,3.4476e-06,52631578.9473644
bot2,2.5,1,3.4487000000000005e-06,1.9400000000000002e-12,-3.4502000000000004e-06,1.9400000000000002e-12,3.4487000000000005e-06,39215686.27450852
bot2,2.6,1,3.4527000000000004e-06,-6.013e-11,-3.4529000000000004e-06,6.013e-11,3.4527000000000004e-06,27777777.777778983
bot2,2.7,1,3.4559e-06,5.29e-12,-3.4564000000000005e-06,5.29e-12,3.4559e-06,39215686.27451178
bot2,2.8000000000000003,1,3.4578e-06,8.9e-13,-3.4570000000000005e-06,8.9e-13,3.4578e-06,45454545.45454636
bot2,2.9,1,3.4603e-06,-5.5300000000000005e-11,-3.4596000000000003e-06,5.5300000000000005e-11,3.4603e-06,44444444.44444314
bot2,3.0,1,3.4623000000000003e-06,-1.7100000000000002e-12,-3.4620000000000005e-06,1.7100000000000002e-12,3.4623000000000003e-06,52631578.94736452
bot2,3.1,1,3.4641000000000004e-06,2.26e-12,-3.4647000000000005e-06,2.26e-12,3.4641000000000004e-06,46511627.90697558
bot2,3.2,1,3.4666000000000004e-06,-4.7980000000000005e-11,-3.4656000000000003e-06,4.7980000000000005e-11,3.4666000000000004e-06,36363636.363637865
bot2,3.3000000000000003,1,3.4696e-06,3.3490000000000005e-11,-3.4688e-06,3.3490000000000005e-11,3.4696e-06,51282051.28205016
bot2,3.4,1,3.4705000000000005e-06,1.36e-12,-3.4697000000000004e-06,1.36e-12,3.4705000000000005e-06,47619047.619043976
bot2,3.5,1,3.4738000000000005e-06,-2.1680000000000003e-11,-3.4724000000000004e-06,2.1680000000000003e-11,3.4738000000000005e-06,31746031.746032592
bot2,3.6,1,3.4768000000000003e-06,5.471e-11,-3.4758e-06,5.471e-11,3.4768000000000003e-06,57142857.14286328
bot2,3.7,1,3.4773e-06,2.8100000000000003e-12,-3.4786000000000005e-06,2.8100000000000003e-12,3.4773e-06,90909090.90908416
bot2,3.8,1,3.4790000000000005e-06,-1.2870000000000002e-11,-3.4792000000000005e-06,1.2870000000000002e-11,3.4790000000000005e-06,57142857.14285623
bot2,3.9,1,3.4808e-06,5.7600000000000007e-11,-3.4811000000000004e-06,5.7600000000000007e-11,3.4808e-06,83333333.33334166
bot2,4.0,1,3.4814e-06,-1.9200000000000003e-12,-3.4835e-06,1.9200000000000003e-12,3.4814e-06,46511627.90697548
bot2,4.1,1,3.4851000000000003e-06,-6.200000000000001e-13,-3.4862e-06,6.200000000000001e-13,3.4851000000000003e-06,36363636.363635056
bot2,4.2,1,3.4869000000000004e-06,2.8960000000000003e-11,-3.4862e-06,2.8960000000000003e-11,3.4869000000000004e-06,62499999.99999536
bot2,4.3,1,3.488300000000001e-06,-2.036e-11,-3.4873000000000005e-06,2.036e-11,3.488300000000001e-06,111111111.111129
bot2,4.4,1,3.4887e-06,-1.88e-12,-3.4896000000000004e-06,1.88e-12,3.4887e-06,90909090.90910168
bot2,4.5,1,3.4905000000000003e-06,4.206e-11,-3.4909000000000003e-06,4.206e-11,3.4905000000000003e-06,48780487.80487695
bot2,4.6000000000000005,1,3.4928000000000003e-06,-3.5530000000000006e-11,-3.4943e-06,3.5530000000000006e-11,3.4928000000000003e-06,35087719.29824431
bot2,4.7,1,3.4962000000000005e-06,-1.2800000000000002e-12,-3.4959000000000003e-06,1.2800000000000002e-12,3.4962000000000005e-06,68965517.24137892
bot2,4.8,1,3.4957000000000003e-06,1.2400000000000002e-12,-3.4955e-06,1.2400000000000002e-12,3.4957000000000003e-06,200000000.00006983
bot2,4.9,1,3.4972e-06,-5.923e-11,-3.4987000000000005e-06,5.923e-11,3.4972e-06,38461538.46153874
bot2,5.0,1,3.5009e-06,9.78e-12,-3.5004000000000004e-06,9.78e-12,3.5009e-06,27027027.02702645
bot2,0.0,2,4.8560000000000005e-11,1.243e-11,-5.451700000000001e-10,1.243e-11,4.8560000000000005e-11,54838.04723380877
bot2,0.1,2,1.8236e-06,-4.9880000000000006e-11,-1.8227e-06,4.9880000000000006e-11,1.8236e-06,56528.29061185158
bot2,0.2,2,3.5381000000000005e-06,-6.150000000000001e-11,-3.5358000000000005e-06,6.150000000000001e-11,3.5381000000000005e-06,60351.85129303841
bot2,0.3,2,5.1375e-06,1e-11,-5.1375e-06,1e-11,5.1375e-06,64831.923239002885
bot2,0.4,2,6.623000000000001e-06,2.08e-12,-6.626600000000001e-06,2.08e-12,6.623000000000001e-06,69676.70011148273
bot2,0.5,2,8.0079e-06,-1.602e-11,-8.0081e-06,1.602e-11,8.0079e-06,75267.19855486974
bot2,0.6,2,9.2802e-06,5.6580000000000006e-11,-9.2797e-06,5.6580000000000006e-11,9.2802e-06,81853.15543914217
bot2,0.7,2,1.04513e-05,-2.04e-12,-1.04522e-05,2.04e-12,1.04513e-05,89293.6869363337
bot2,0.8,2,1.152e-05,-4.500000000000001e-13,-1.15199e-05,4.500000000000001e-13,1.152e-05,97813.86022399376
bot2,0.9,2,1.2496e-05,-1.535e-11,-1.2492e-05,1.535e-11,1.2496e-05,107758.62068965512
bot2,1.0,2,1.3376e-05,6.027e-11,-1.3376e-05,6.027e-11,1.3376e-05,119331.74224343676
bot2,1.1,2,1.4172e-05,-5.376e-11,-1.4176e-05,5.376e-11,1.4172e-05,132625.9946949602
bot2,1.2,2,1.4884e-05,2.082e-11,-1.4884e-05,2.082e-11,1.4884e-05,148588.410104012
bot2,1.3,2,1.5518e-05,7.200000000000003e-13,-1.5516000000000002e-05,7.200000000000003e-13,1.5518e-05,168634.0640809445
bot2,1.4,2,1.607e-05,-2.0500000000000004e-12,-1.607e-05,2.0500000000000004e-12,1.607e-05,194552.5291828792
bot2,1.5,2,1.6546e-05,2.5800000000000003e-12,-1.6544e-05,2.5800000000000003e-12,1.6546e-05,228832.9519450804
bot2,1.6,2,1.6944e-05,-1.98e-12,-1.6944e-05,1.98e-12,1.6944e-05,275482.093663912
bot2,1.7,2,1.7272e-05,3.7860000000000005e-11,-1.727e-05,3.7860000000000005e-11,1.7272e-05,344827.58620689576
bot2,1.8,2,1.7524e-05,-6.083e-11,-1.7524e-05,6.083e-11,1.7524e-05,452488.6877828057
bot2,1.9,2,1.7714e-05,4.9700000000000007e-11,-1.7716e-05,4.9700000000000007e-11,1.7714e-05,621118.0124223576
bot2,2.0,2,1.7846e-05,-1.25e-11,-1.7846e-05,1.25e-11,1.7846e-05,900900.9009009053
bot2,2.1,2,1.7936e-05,-2.4300000000000003e-12,-1.7938e-05,2.4300000000000003e-12,1.7936e-05,1315789.47368423
bot2,2.2,2,1.7998e-05,1.8100000000000002e-12,-1.7998e-05,1.8100000000000002e-12,1.7998e-05,1923076.9230769053
bot2,2.3000000000000003,2,1.804e-05,-1.79e-12,-1.8044e-05,1.79e-12,1.804e-05,2564102.564102507
bot2,2.4,2,1.8076e-05,4.26e-12,-1.8078e-05,4.26e-12,1.8076e-05,3225806.4516128767
bot2,2.5,2,1.8102e-05,-4.243e-11,-1.8106e-05,4.243e-11,1.8102e-05,3571428.5714285225
bot2,2.6,2,1.8132e-05,6.068e-11,-1.813e-05,6.068e-11,1.8132e-05,3846153.846153936
bot2,2.7,2,1.8154e-05,-4.389e-11,-1.8154e-05,4.389e-11,1.8154e-05,5000000.000000052
bot2,2.8000000000000003,2,1.8172e-05,8.780000000000001e-12,-1.8174e-05,8.780000000000001e-12,1.8172e-05,5263157.894736556
bot2,2.9,2,1.8192e-05,2.7600000000000004e-12,-1.8194e-05,2.7600000000000004e-12,1.8192e-05,5263157.894737027
bot2,3.0,2,1.821e-05,-1.86e-12,-1.8212e-05,1.86e-12,1.821e-05,5882352.941176473
bot2,3.1,2,1.8226e-05,1.7200000000000001e-12,-1.8228e-05,1.7200000000000001e-12,1.8226e-05,5555555.555555404
bot2,3.2,2,1.8246e-05,-1.152e-11,-1.8244e-05,1.152e-11,1.8246e-05,6250000.0000001965
bot2,3.3000000000000003,2,1.8258e-05,5.2100000000000006e-11,-1.8262e-05,5.2100000000000006e-11,1.8258e-05,6666666.666667097
bot2,3.4,2,1.8276e-05,-5.915000000000001e-11,-1.8276e-05,5.915000000000001e-11,1.8276e-05,6250000.000000184
bot2,3.5,2,1.829e-05,3.457e-11,-1.8294e-05,3.457e-11,1.829e-05,7142857.142857045
bot2,3.6,2,1.8304e-05,-3.3600000000000002e-12,-1.8308e-05,3.3600000000000002e-12,1.8304e-05,6666666.66666636
bot2,3.7,2,1.832e-05,-1.9200000000000003e-12,-1.8322e-05,1.9200000000000003e-12,1.832e-05,6666666.66666636
bot2,3.8,2,1.8334e-05,1.8200000000000003e-12,-1.8334e-05,1.8200000000000003e-12,1.8334e-05,7142857.142857029
bot2,3.9,2,1.8348e-05,-1.74e-12,-1.8348e-05,1.74e-12,1.8348e-05,8333333.333333872
bot2,4.0,2,1.8358e-05,6.079e-11,-1.836e-05,6.079e-11,1.8358e-05,7142857.142857029
bot2,4.1,2,1.8376e-05,-4.404e-11,-1.8374e-05,4.404e-11,1.8376e-05,7692307.692306871
bot2,4.2,2,1.8384e-05,8.12e-12,-1.8386e-05,8.12e-12,1.8384e-05,10000000.000000104
bot2,4.3,2,1.8396e-05,2.59e-12,-1.84e-05,2.59e-12,1.8396e-05,7142857.142857909
bot2,4.4,2,1.8412e-05,-8.2e-13,-1.841e-05,8.2e-13,1.8412e-05,8333333.333333891
bot2,4.5,2,1.842e-05,2.297e-11,-1.8422e-05,2.297e-11,1.842e-05,8333333.333332714
bot2,4.6000000000000005,2,1.8436e-05,-6.187e-11,-1.8432e-05,6.187e-11,1.8436e-05,7692307.692307872
bot2,4.7,2,1.8446e-05,1.082e-11,-1.8446e-05,1.082e-11,1.8446e-05,9090909.090908725
bot2,4.8,2,1.8458e-05,2.21e-12,-1.846e-05,2.21e-12,1.8458e-05,7692307.692306871
bot2,4.9,2,1.8472e-05,-1.4700000000000002e-12,-1.847e-05,1.4700000000000002e-12,1.8472e-05,8333333.333333891
bot2,5.0,2,1.8482e-05,3.0300000000000002e-12,-1.8484e-05,3.0300000000000002e-12,1.8482e-05,10000000.000001756
bot2,0.0,3,9.71e-10,-1.8100000000000002e-12,-5.697900000000001e-10,1.8100000000000002e-12,9.71e-10,32868.47449850103
bot2,0.1,3,3.0434000000000004e-06,1.21e-12,-3.0434000000000004e-06,1.21e-12,3.0434000000000004e-06,33548.44034139564
bot2,0.2,3,5.962500000000001e-06,2.6300000000000007e-12,-5.963300000000001e-06,2.6300000000000007e-12,5.962500000000001e-06,35045.29604513833
bot2,0.3,3,8.750300000000002e-06,-3.1400000000000004e-12,-8.7505e-06,3.1400000000000004e-12,8.750300000000002e-06,36665.62780721213
bot2,0.4,3,1.14172e-05,6.066e-11,-1.1415000000000002e-05,6.066e-11,1.14172e-05,38419.424861209845
bot2,0.5,3,1.3956e-05,5.003e-11,-1.3956e-05,5.003e-11,1.3956e-05,40381.19851397189
bot2,0.6,3,1.637e-05,-4.0900000000000005e-12,-1.6372000000000002e-05,4.0900000000000005e-12,1.637e-05,42408.82103477525
bot2,0.7,3,1.8672e-05,-3.05e-12,-1.8672e-05,3.05e-12,1.8672e-05,44642.857142857145
bot2,0.8,3,2.085e-05,1.93e-12,-2.085e-05,1.93e-12,2.085e-05,47125.35344015077
bot2,0.9,3,2.2916e-05,-1.45e-12,-2.2918e-05,1.45e-12,2.2916e-05,49850.4486540379
bot2,1.0,3,2.4862e-05,1.947e-11,-2.4864e-05,1.947e-11,2.4862e-05,52854.12262156451
bot2,1.1,3,2.67e-05,-5.600000000000001e-11,-2.6698e-05,5.600000000000001e-11,2.67e-05,56179.77528089887
bot2,1.2,3,2.8422e-05,5.7370000000000005e-11,-2.8422e-05,5.7370000000000005e-11,2.8422e-05,59916.11743559015
bot2,1.3,3,3.0038000000000003e-05,-3.15e-11,-3.0036e-05,3.15e-11,3.0038000000000003e-05,63938.61892583124
bot2,1.4,3,3.155e-05,1.6e-12,-3.1548000000000004e-05,1.6e-12,3.155e-05,68540.09595613436
bot2,1.5,3,3.2956e-05,3.3200000000000004e-12,-3.296e-05,3.3200000000000004e-12,3.2956e-05,73691.9675755342
bot2,1.6,3,3.4264e-05,-1.51e-12,-3.4264e-05,1.51e-12,3.4264e-05,79365.07936507923
bot2,1.7,3,3.5476000000000004e-05,1.002e-11,-3.5476000000000004e-05,1.002e-11,3.5476000000000004e-05,85836.90987124464
bot2,1.8,3,3.6594e-05,-5.117e-11,-3.6592e-05,5.117e-11,3.6594e-05,93283.5820895524
bot2,1.9,3,3.762e-05,2.367e-11,-3.7622e-05,2.367e-11,3.762e-05,101626.01626016264
bot2,2.0,3,3.8562e-05,-2.6e-13,-3.8562e-05,2.6e-13,3.8562e-05,111482.72017837252
bot2,2.1,3,3.9414e-05,-2.0500000000000004e-12,-3.9414e-05,2.0500000000000004e-12,3.9414e-05,123152.70935960575
bot2,2.2,3,4.018600000000001e-05,5.800000000000003e-13,-4.0184e-05,5.800000000000003e-13,4.018600000000001e-05,137362.63736263738
bot2,2.3000000000000003,3,4.087e-05,-1.6e-12,-4.0872e-05,1.6e-12,4.087e-05,154559.50540958272
bot2,2.4,3,4.148e-05,5.025e-11,-4.1484000000000005e-05,5.025e-11,4.148e-05,176056.33802816816
bot2,2.5,3,4.2006e-05,-5.922e-11,-4.2006e-05,5.922e-11,4.2006e-05,204918.03278688568
bot2,2.6,3,4.2456e-05,3.55e-11,-4.246e-05,3.55e-11,4.2456e-05,242130.7506053285
bot2,2.7,3,4.2832e-05,-4.440000000000001e-12,-4.2836e-05,4.440000000000001e-12,4.2832e-05,293255.13196481054
bot2,2.8000000000000003,3,4.3138e-05,-1e-12,-4.3142e-05,1e-12,4.3138e-05,364963.503649633
bot2,2.9,3,4.338e-05,1.91e-12,-4.3382e-05,1.91e-12,4.338e-05,462962.96296295663
bot2,3.0,3,4.3570000000000005e-05,-2.449e-11,-4.3568e-05,2.449e-11,4.3570000000000005e-05,606060.6060606093
bot2,3.1,3,4.371e-05,5.940000000000001e-11,-4.371e-05,5.940000000000001e-11,4.371e-05,813008.1300813104
bot2,3.2,3,4.3816e-05,-1.5940000000000002e-11,-4.382e-05,1.5940000000000002e-11,4.3816e-05,1010101.0101010086
bot2,3.3000000000000003,3,4.3908e-05,-1.9400000000000002e-12,-4.3908e-05,1.9400000000000002e-12,4.3908e-05,1250000.0000000102
bot2,3.4,3,4.3976e-05,2.72e-12,-4.3976e-05,2.72e-12,4.3976e-05,1538461.5384615313
bot2,3.5,3,4.4038e-05,-2.872e-11,-4.404e-05,2.872e-11,4.4038e-05,1694915.254237272
bot2,3.6,3,4.4094e-05,5.7200000000000007e-11,-4.4096e-05,5.7200000000000007e-11,4.4094e-05,1960784.3137254915
bot2,3.7,3,4.414e-05,7.200000000000003e-13,-4.4146e-05,7.200000000000003e-13,4.414e-05,2083333.3333333256
bot2,3.8,3,4.419e-05,-2.4800000000000003e-12,-4.4192e-05,2.4800000000000003e-12,4.419e-05,2173913.0434782947
bot2,3.9,3,4.4232e-05,2.6000000000000002e-12,-4.4234e-05,2.6000000000000002e-12,4.4232e-05,2500000.0000000205
bot2,4.0,3,4.427e-05,-4.039e-11,-4.4274e-05,4.039e-11,4.427e-05,2631578.947368278
bot2,4.1,3,4.4308e-05,5.198e-11,-4.4312e-05,5.198e-11,4.4308e-05,2631578.947368519
bot2,4.2,3,4.4346e-05,-1.25e-11,-4.4348e-05,1.25e-11,4.4346e-05,2777777.777777964
bot2,4.3,3,4.438e-05,-2.75e-12,-4.438e-05,2.75e-12,4.438e-05,2857142.8571426794
bot2,4.4,3,4.4416e-05,1.6e-12,-4.4416e-05,1.6e-12,4.4416e-05,2777777.777777702
bot2,4.5,3,4.4452e-05,-4.5220000000000006e-11,-4.4452e-05,4.5220000000000006e-11,4.4452e-05,3125000.0000000987
bot2,4.6000000000000005,3,4.448e-05,6.109e-11,-4.4482e-05,6.109e-11,4.448e-05,3125000.0000000987
bot2,4.7,3,4.4516e-05,-4.476e-11,-4.4512e-05,4.476e-11,4.4516e-05,3125000.0000000848
bot2,4.8,3,4.4544e-05,-2.9900000000000004e-12,-4.4548e-05,2.9900000000000004e-12,4.4544e-05,3448275.862068659
bot2,4.9,3,4.4574e-05,1.4400000000000001e-12,-4.4572e-05,1.4400000000000001e-12,4.4574e-05,3225806.451612884
bot2,5.0,3,4.4606e-05,-4.48e-12,-4.4602e-05,4.48e-12,4.4606e-05,3125000.000000416
bot2,0.0,4,1.2549e-09,5.127e-11,-1.0776e-09,5.127e-11,1.2549e-09,22848.0292352415
bot2,0.1,4,4.378e-06,2.070000000000001e-12,-4.377100000000001e-06,2.070000000000001e-12,4.378e-06,23209.54303067265
bot2,0.2,4,8.6184e-06,2.599e-11,-8.6177e-06,2.599e-11,8.6184e-06,24021.138601969727
bot2,0.3,4,1.2704e-05,2.960000000000001e-12,-1.2702e-05,2.960000000000001e-12,1.2704e-05,24876.859545251
bot2,0.4,4,1.6658000000000002e-05,2.24e-12,-1.666e-05,2.24e-12,1.6658000000000002e-05,25726.7815796244
bot2,0.5,4,2.0478e-05,-2.2200000000000002e-12,-2.0478e-05,2.2200000000000002e-12,2.0478e-05,26666.666666666664
bot2,0.6,4,2.4158e-05,2.298e-11,-2.4156e-05,2.298e-11,2.4158e-05,27654.867256637168
bot2,0.7,4,2.771e-05,-5.854e-11,-2.7708e-05,5.854e-11,2.771e-05,28727.377190462525
bot2,0.8,4,3.112e-05,5.7810000000000005e-11,-3.1118e-05,5.7810000000000005e-11,3.112e-05,29859.65959988056
bot2,0.9,4,3.4408e-05,-5.4360000000000007e-11,-3.4406e-05,5.4360000000000007e-11,3.4408e-05,31055.90062111801
bot2,1.0,4,3.756e-05,5.168e-11,-3.756e-05,5.168e-11,3.756e-05,32341.52652005176
bot2,1.1,4,4.0592e-05,-4.512e-11,-4.0594000000000005e-05,4.512e-11,4.0592e-05,33704.07819346139
bot2,1.2,4,4.3494e-05,1.37e-12,-4.3492e-05,1.37e-12,4.3494e-05,35223.67030644591
bot2,1.3,4,4.627e-05,2.1000000000000003e-12,-4.6272e-05,2.1000000000000003e-12,4.627e-05,36778.22728944465
bot2,1.4,4,4.8932000000000005e-05,-2.16e-12,-4.893e-05,2.16e-12,4.8932000000000005e-05,38505.9684251059
bot2,1.5,4,5.1464e-05,6.4200000000000005e-12,-5.1466000000000005e-05,6.4200000000000005e-12,5.1464e-05,40420.371867421214
bot2,1.6,4,5.388e-05,-4.222e-11,-5.3884e-05,4.222e-11,5.388e-05,42354.93434985176
bot2,1.7,4,5.6186e-05,6.12e-11,-5.6184e-05,6.12e-11,5.6186e-05,44543.429844097926
bot2,1.8,4,5.8370000000000005e-05,-4.559e-11,-5.8370000000000005e-05,4.559e-11,5.8370000000000005e-05,47014.574518100606
bot2,1.9,4,6.044e-05,8.11e-12,-6.0442e-05,8.11e-12,6.044e-05,49603.174603174615
bot2,2.0,4,6.2402e-05,2.7600000000000004e-12,-6.2406e-05,2.7600000000000004e-12,6.2402e-05,52493.43832020998
bot2,2.1,4,6.425e-05,-2.13e-12,-6.4254e-05,2.13e-12,6.425e-05,55586.43690939413
bot2,2.2,4,6.6e-05,3.790000000000001e-12,-6.5996e-05,3.790000000000001e-12,6.6e-05,58997.0501474928
bot2,2.3000000000000003,4,6.764e-05,-6.063e-11,-6.764e-05,6.063e-11,6.764e-05,62853.55122564421
bot2,2.4,4,6.9182e-05,5.0310000000000005e-11,-6.918400000000001e-05,5.0310000000000005e-11,6.9182e-05,67114.09395973141
bot2,2.5,4,7.062e-05,1.0000000000000002e-14,-7.0622e-05,1.0000000000000002e-14,7.062e-05,71787.50897343877
bot2,2.6,4,7.1968e-05,-2.03e-12,-7.1968e-05,2.03e-12,7.1968e-05,76982.2940723633
bot2,2.7,4,7.3218e-05,1.7600000000000002e-12,-7.3224e-05,1.7600000000000002e-12,7.3218e-05,82918.7396351575
bot2,2.8000000000000003,4,7.438e-05,-2.314e-11,-7.4382e-05,2.314e-11,7.438e-05,89525.51477170958
bot2,2.9,4,7.545200000000002e-05,5.368e-11,-7.545e-05,5.368e-11,7.545200000000002e-05,97465.88693957102
bot2,3.0,4,7.6432e-05,-1.415e-11,-7.643e-05,1.415e-11,7.6432e-05,106723.58591248735
bot2,3.1,4,7.7326e-05,-1.9400000000000002e-12,-7.7332e-05,1.9400000000000002e-12,7.7326e-05,117096.01873536278
bot2,3.2,4,7.814e-05,7e-13,-7.8144e-05,7e-13,7.814e-05,129701.68612191916
bot2,3.3000000000000003,4,7.8868e-05,-1.713e-11,-7.8872e-05,1.713e-11,7.8868e-05,144927.5362318849
bot2,3.4,4,7.952e-05,5.4130000000000005e-11,-7.9522e-05,5.4130000000000005e-11,7.952e-05,163666.12111292992
bot2,3.5,4,8.009e-05,-5.744e-11,-8.0092e-05,5.744e-11,8.009e-05,187265.9176029945
bot2,3.6,4,8.0588e-05,3.142e-11,-8.0588e-05,3.142e-11,8.0588e-05,217391.30434782675
bot2,3.7,4,8.101e-05,-3.730000000000001e-12,-8.1016e-05,3.730000000000001e-12,8.101e-05,257731.95876288888
bot2,3.8,4,8.1364e-05,-2.7000000000000002e-12,-8.1366e-05,2.7000000000000002e-12,8.1364e-05,304878.04878048645
bot2,3.9,4,8.1666e-05,2.6000000000000002e-12,-8.1662e-05,2.6000000000000002e-12,8.1666e-05,374531.8352059882
bot2,4.0,4,8.1898e-05,-1.6300000000000001e-12,-8.1902e-05,1.6300000000000001e-12,8.1898e-05,460829.49308755377
bot2,4.1,4,8.21e-05,2.049e-11,-8.2104e-05,2.049e-11,8.21e-05,540540.5405405437
bot2,4.2,4,8.2268e-05,-5.963e-11,-8.2266e-05,5.963e-11,8.2268e-05,649350.6493506547
bot2,4.3,4,8.2408e-05,5.5340000000000006e-11,-8.2414e-05,5.5340000000000006e-11,8.2408e-05,763358.778625979
bot2,4.4,4,8.253e-05,-4e-13,-8.2534e-05,4e-13,8.253e-05,884955.7522123602
bot2,4.5,4,8.263400000000002e-05,-2.24e-12,-8.2642e-05,2.24e-12,8.263400000000002e-05,990099.0099009456
bot2,4.6000000000000005,4,8.2732e-05,8.600000000000002e-13,-8.2738e-05,8.600000000000002e-13,8.2732e-05,1086956.5217391497
bot2,4.7,4,8.2818e-05,-6.26e-12,-8.282600000000001e-05,6.26e-12,8.2818e-05,1149425.2873563042
bot2,4.8,4,8.290600000000002e-05,6.074e-11,-8.2908e-05,6.074e-11,8.290600000000002e-05,1219512.1951219994
bot2,4.9,4,8.2982e-05,-5.981e-11,-8.2986e-05,5.981e-11,8.2982e-05,1333333.333333423
bot2,5.0,4,8.3056e-05,3.446e-11,-8.3054e-05,3.446e-11,8.3056e-05,1351351.351351353
bot2,0.0,5,1.0602e-09,2.6000000000000002e-12,-9.984e-10,2.6000000000000002e-12,1.0602e-09,17261.796444132076
bot2,0.1,5,5.7942e-06,-3.992e-11,-5.7915e-06,3.992e-11,5.7942e-06,17494.23158328446
bot2,0.2,5,1.14334e-05,-3.63e-12,-1.14318e-05,3.63e-12,1.14334e-05,18021.589864657857
bot2,0.3,5,1.6892e-05,-3.608e-11,-1.6882000000000002e-05,3.608e-11,1.6892e-05,18555.285473067008
bot2,0.4,5,2.2212e-05,5.991e-11,-2.2208e-05,5.991e-11,2.2212e-05,19051.24785673461
bot2,0.5,5,2.739e-05,-4.09e-11,-2.7388e-05,4.09e-11,2.739e-05,19611.68856638556
bot2,0.6,5,3.241e-05,3.9300000000000004e-12,-3.2412e-05,3.9300000000000004e-12,3.241e-05,20185.708518369
bot2,0.7,5,3.7298e-05,-1.37e-12,-3.7294e-05,1.37e-12,3.7298e-05,20802.995631370926
bot2,0.8,5,4.2024e-05,-2.400000000000001e-12,-4.2028000000000005e-05,2.400000000000001e-12,4.2024e-05,21450.02145002144
bot2,0.9,5,4.6622e-05,1.12e-12,-4.662e-05,1.12e-12,4.6622e-05,22114.108801415307
bot2,1.0,5,5.1068e-05,-2.2720000000000003e-11,-5.1064e-05,2.2720000000000003e-11,5.1068e-05,22820.629849383848
bot2,1.1,5,5.5386e-05,5.6760000000000006e-11,-5.538e-05,5.6760000000000006e-11,5.5386e-05,23573.78595002356
bot2,1.2,5,5.9552e-05,-5.656e-11,-5.9548e-05,5.656e-11,5.9552e-05,24396.19419370576
bot2,1.3,5,6.3584e-05,-1.83e-12,-6.358e-05,1.83e-12,6.3584e-05,25207.965717166662
bot2,1.4,5,6.7486e-05,3.5500000000000004e-12,-6.749e-05,3.5500000000000004e-12,6.7486e-05,26075.61929595828
bot2,1.5,5,7.1254e-05,-1.9700000000000003e-12,-7.1254e-05,1.9700000000000003e-12,7.1254e-05,27012.42571582928
bot2,1.6,5,7.489e-05,2.4300000000000003e-12,-7.4888e-05,2.4300000000000003e-12,7.489e-05,27995.52071668533
bot2,1.7,5,7.8398e-05,-3.701e-11,-7.8396e-05,3.701e-11,7.8398e-05,29044.43799012488
bot2,1.8,5,8.1776e-05,6.019e-11,-8.1774e-05,6.019e-11,8.1776e-05,30184.12315122248
bot2,1.9,5,8.5024e-05,-4.509e-11,-8.5024e-05,4.509e-11,8.5024e-05,31367.62860727724
bot2,2.0,5,8.8152e-05,2.11e-12,-8.8148e-05,2.11e-12,8.8152e-05,32690.42170644001
bot2,2.1,5,9.1142e-05,1.1100000000000001e-12,-9.115e-05,1.1100000000000001e-12,9.1142e-05,34013.60544217695
bot2,2.2,5,9.4032e-05,-2.04e-12,-9.4026e-05,2.04e-12,9.4032e-05,35435.86109142454
bot2,2.3000000000000003,5,9.6786e-05,1.5300000000000001e-12,-9.6784e-05,1.5300000000000001e-12,9.6786e-05,37078.235076010256
bot2,2.4,5,9.9426e-05,-2.13e-12,-9.9432e-05,2.13e-12,9.9426e-05,38744.6726075164
bot2,2.5,5,0.000101948,2.1500000000000003e-12,-0.000101952,2.1500000000000003e-12,0.000101948,40617.38424045499
bot2,2.6,5,0.00010435,-1.73e-12,-0.000104354,1.73e-12,0.00010435,42553.19148936181
bot2,2.7,5,0.000106648,3.2400000000000007e-12,-0.000106648,3.2400000000000007e-12,0.000106648,44702.7268663389
bot2,2.8000000000000003,5,0.000108824,-3.88e-11,-0.000108832,3.88e-11,0.000108824,46992.481203007366
bot2,2.9,5,0.000110904,6.034000000000001e-11,-0.000110904,6.034000000000001e-11,0.000110904,49480.45522018796
bot2,3.0,5,0.000112866,-4.956e-11,-0.00011287,4.956e-11,0.000112866,52328.62375719535
bot2,3.1,5,0.000114726,1.4670000000000003e-11,-0.000114728,1.4670000000000003e-11,0.000114726,55340.34311012719
bot2,3.2,5,0.00011648,1.4e-13,-0.000116486,1.4e-13,0.00011648,58927.51915144376
bot2,3.3000000000000003,5,0.00011812,-2.350000000000001e-12,-0.00011812,2.350000000000001e-12,0.00011812,63291.13924050617
bot2,3.4,5,0.00011964,1.2800000000000002e-12,-0.00011968,1.2800000000000002e-12,0.00011964,66666.66666666647
bot2,3.5,5,0.00012112,-2.16e-12,-0.00012116,2.16e-12,0.00012112,70422.53521126784
bot2,3.6,5,0.00012248,2.7600000000000004e-12,-0.00012252,2.7600000000000004e-12,0.00012248,75757.57575757538
bot2,3.7,5,0.00012376,-1.4200000000000002e-11,-0.0001238,1.4200000000000002e-11,0.00012376,81300.81300813015
bot2,3.8,5,0.00012494,5.841000000000001e-11,-0.00012496,5.841000000000001e-11,0.00012494,87719.2982456145
bot2,3.9,5,0.00012604,-5.408e-11,-0.00012608,5.408e-11,0.00012604,95238.09523809524
bot2,4.0,5,0.00012704,1.439e-11,-0.00012706,1.439e-11,0.00012704,104166.66666666606
bot2,4.1,5,0.00012796,2.3200000000000002e-12,-0.000128,2.3200000000000002e-12,0.00012796,112359.55056179786
bot2,4.2,5,0.00012882,-1.0100000000000001e-12,-0.00012884,1.0100000000000001e-12,0.00012882,123456.7901234568
bot2,4.3,5,0.00012958,1.37e-12,-0.0001296,1.37e-12,0.00012958,140845.07042253567
bot2,4.4,5,0.00013024,-2.81e-11,-0.00013026,2.81e-11,0.00013024,158730.1587301591
bot2,4.5,5,0.00013084,6.105e-11,-0.00013088,6.105e-11,0.00013084,172413.79310344908
bot2,4.6000000000000005,5,0.0001314,-4.6340000000000005e-11,-0.00013142,4.6340000000000005e-11,0.0001314,200000.0000000008
bot2,4.7,5,0.00013184,9.1e-12,-0.0001319,9.1e-12,0.00013184,238095.23809523
bot2,4.8,5,0.00013224,2.8400000000000004e-12,-0.0001323,2.8400000000000004e-12,0.00013224,256410.2564102557
bot2,4.9,5,0.00013262,-2.09e-12,-0.00013264,2.09e-12,0.00013262,312500.00000000326
bot2,5.0,5,0.00013288,1.5e-12,-0.00013292,1.5e-12,0.00013288,384615.384615382
top1,0.0,-5,4.3986e-12,-4.397e-11,2.2880000000000003e-11,4.397e-11,4.3986e-12,-38523769165.57516
top1,0.1,-5,1.8028e-12,-2.28e-12,6.700000000000003e-13,2.28e-12,1.8028e-12,-52831783601.014366
top1,0.2,-5,6.13e-13,-2.01e-12,1.2900000000000002e-12,2.01e-12,6.13e-13,-88121254846.669
top1,0.3,-5,-4.668e-13,1.7000000000000002e-12,2.3300000000000004e-12,1.7000000000000002e-12,4.668e-13,-88770528184.6427
top1,0.4,-5,-1.64e-12,7.53e-12,3.9300000000000004e-12,7.53e-12,1.64e-12,-103188525435.97153
top1,0.5,-5,-2.405e-12,1.775e-11,5.730000000000001e-12,1.775e-11,2.405e-12,-148104265402.84357
top1,0.6,-5,-2.9904e-12,2.8730000000000004e-11,8.180000000000003e-12,2.8730000000000004e-11,2.9904e-12,-186011904761.9048
top1,0.7,-5,-3.4802e-12,3.8590000000000006e-11,1.081e-11,3.8590000000000006e-11,3.4802e-12,-216262975778.54672
top1,0.8,-5,-3.9152e-12,4.5910000000000006e-11,1.511e-11,4.5910000000000006e-11,3.9152e-12,-328191663931.73615
top1,0.9,-5,-4.0896e-12,4.9260000000000006e-11,2.096e-11,4.9260000000000006e-11,4.0896e-12,-556173526140.1565
top1,1.0,-5,-4.2748e-12,4.931e-11,2.762e-11,4.931e-11,4.2748e-12,22619316896.62973
top1,1.1,-5,4.7524e-12,-1.7110000000000003e-11,-4.2920000000000005e-11,1.7110000000000003e-11,4.7524e-12,24291891366.661804
top1,1.2,-5,3.9584e-12,-7.400000000000002e-13,-1.4740000000000002e-11,7.400000000000002e-13,3.9584e-12,-33479527269.074955
top1,1.3,-5,-1.2214e-12,1.27e-12,-9.5e-13,1.27e-12,1.2214e-12,-48728194133.125465
top1,1.4,-5,-1.46e-13,1.1000000000000002e-12,-1.79e-12,1.1000000000000002e-12,1.46e-13,96394833236.93848
top1,1.5,-5,8.534e-13,-2.03e-12,-2.69e-12,2.03e-12,8.534e-13,103188525435.9715
top1,1.6,-5,1.7922e-12,-1.055e-11,-4.440000000000001e-12,1.055e-11,1.7922e-12,107446008380.78862
top1,1.7,-5,2.7148e-12,-2.192e-11,-6.340000000000001e-12,2.192e-11,2.7148e-12,125722906713.60318
top1,1.8,-5,3.383e-12,-3.6330000000000005e-11,-9.82e-12,3.6330000000000005e-11,3.383e-12,186150409530.90115
top1,1.9,-5,3.7892e-12,-4.4920000000000005e-11,-1.437e-11,4.4920000000000005e-11,3.7892e-12,301750150875.0756
top1,2.0,-5,4.0458e-12,-4.952e-11,-2.034e-11,4.952e-11,4.0458e-12,412541254125.4127
top1,2.1,-5,4.274e-12,-5.048e-11,-2.7960000000000003e-11,5.048e-11,4.274e-12,-22524551761.419968
top1,2.2,-5,-4.8334e-12,1.573e-11,4.262e-11,1.573e-11,4.8334e-12,-24032106894.81149
top1,2.3000000000000003,-5,-4.0482e-12,2.09e-12,1.6070000000000002e-11,2.09e-12,4.0482e-12,32063614210.593777
top1,2.4,-5,1.4042e-12,-1.5600000000000002e-12,9.5e-13,1.5600000000000002e-12,1.4042e-12,47341760166.64294
top1,2.5,-5,1.764e-13,-6.700000000000003e-13,1.7700000000000001e-12,6.700000000000003e-13,1.764e-13,-86979211968.33965
top1,2.6,-5,-8.952e-13,3.2400000000000007e-12,2.69e-12,3.2400000000000007e-12,8.952e-13,-105474106106.95084
top1,2.7,-5,-1.7198e-12,1.06e-11,4.8000000000000005e-12,1.06e-11,1.7198e-12,-121021420791.4802
top1,2.8000000000000003,-5,-2.5478e-12,2.2570000000000003e-11,6.840000000000001e-12,2.2570000000000003e-11,2.5478e-12,-134843581445.523
top1,2.9,-5,-3.203e-12,3.3740000000000004e-11,9.68e-12,3.3740000000000004e-11,3.203e-12,-176087339320.3026
top1,3.0,-5,-3.6836e-12,4.116e-11,1.28e-11,4.116e-11,3.6836e-12,-283286118980.17035
top1,3.1,-5,-3.909e-12,4.818e-11,1.859e-11,4.818e-11,3.909e-12,-475963826749.16815
top1,3.2,-5,-4.1038e-12,4.9770000000000006e-11,2.52e-11,4.9770000000000006e-11,4.1038e-12,22655188038.060738
top1,3.3000000000000003,-5,4.919e-12,-1.952e-11,-4.2700000000000005e-11,1.952e-11,4.919e-12,23525536970.38132
top1,3.4,-5,4.3976e-12,-9.5e-13,-1.819e-11,9.5e-13,4.3976e-12,-31449507815.20265
top1,3.5,-5,-1.4404e-12,5.9e-13,-8.7e-13,5.9e-13,1.4404e-12,-42916613020.90042
top1,3.6,-5,-2.626e-13,9.9e-13,-2.09e-12,9.9e-13,2.626e-13,80684202033.24197
top1,3.7,-5,1.0384e-12,-2.4300000000000003e-12,-2.64e-12,2.4300000000000003e-12,1.0384e-12,80476420408.82028
top1,3.8,-5,2.2226e-12,-9.29e-12,-3.9900000000000006e-12,9.29e-12,2.2226e-12,88362640275.69131
top1,3.9,-5,3.3018e-12,-2.0260000000000003e-11,-6.330000000000001e-12,2.0260000000000003e-11,3.3018e-12,100613743837.40804
top1,4.0,-5,4.2104e-12,-3.471e-11,-9.36e-12,3.471e-11,4.2104e-12,136724090784.79608
top1,4.1,-5,4.7646e-12,-4.3400000000000007e-11,-1.336e-11,4.3400000000000007e-11,4.7646e-12,182248952068.52585
top1,4.2,-5,5.3078e-12,-4.8750000000000006e-11,-1.9460000000000003e-11,4.8750000000000006e-11,5.3078e-12,224416517055.6555
top1,4.3,-5,5.6558e-12,-5.1950000000000005e-11,-2.495e-11,5.1950000000000005e-11,5.6558e-12,-24096966191.95645
top1,4.4,-5,-2.992e-12,2.007e-11,4.192e-11,2.007e-11,2.992e-12,-25367833587.01169
top1,4.5,-5,-2.2282e-12,-8.2e-13,1.7090000000000003e-11,8.2e-13,2.2282e-12,29628751740.68919
top1,4.6000000000000005,-5,3.7582e-12,-3.66e-12,5.1e-13,3.66e-12,3.7582e-12,39362330249.95082
top1,4.7,-5,2.8528e-12,-3.4500000000000004e-12,1.3900000000000001e-12,3.4500000000000004e-12,2.8528e-12,-124890720619.45752
top1,4.8,-5,2.1568e-12,2.2000000000000002e-13,2.6000000000000002e-12,2.2000000000000002e-13,2.1568e-12,-141222991102.95166
top1,4.9,-5,1.4366e-12,6.7e-12,4.51e-12,6.7e-12,1.4366e-12,-170823368636.82968
top1,5.0,-5,9.86e-13,1.931e-11,7.0300000000000005e-12,1.931e-11,9.86e-13,-221926320461.606
top1,0.0,-4,-4.7426e-12,9.45e-12,4.254e-11,9.45e-12,4.7426e-12,70761392584.20607
top1,0.1,-4,-3.3294e-12,8.800000000000002e-13,6.690000000000001e-12,8.800000000000002e-13,3.3294e-12,42848573142.514366
top1,0.2,-4,-7.5e-14,3.900000000000001e-13,1.5800000000000001e-12,3.900000000000001e-13,7.5e-14,87351502445.84207
top1,0.3,-4,-1.0398e-12,4.73e-12,3.1e-12,4.73e-12,1.0398e-12,-106928999144.56802
top1,0.4,-4,-1.9454e-12,1.363e-11,5.04e-12,1.363e-11,1.9454e-12,-114692051840.80743
top1,0.5,-4,-2.7836e-12,2.617e-11,7.590000000000001e-12,2.617e-11,2.7836e-12,-135226504394.86136
top1,0.6,-4,-3.4244e-12,3.886e-11,1.076e-11,3.886e-11,3.4244e-12,-183284457478.006
top1,0.7,-4,-3.8748e-12,4.499e-11,1.4830000000000002e-11,4.499e-11,3.8748e-12,-236686390532.54453
top1,0.8,-4,-4.2694e-12,4.899e-11,2.156e-11,4.899e-11,4.2694e-12,-439753737906.7721
top1,0.9,-4,-4.3296e-12,4.935e-11,2.7670000000000003e-11,4.935e-11,4.3296e-12,22126830995.264847
top1,1.0,-4,4.7694e-12,-1.6650000000000002e-11,-4.2700000000000005e-11,1.6650000000000002e-11,4.7694e-12,24323206771.58077
top1,1.1,-4,3.893e-12,-1.69e-12,-1.479e-11,1.69e-12,3.893e-12,-33630401883.30249
top1,1.2,-4,-1.1776e-12,1.09e-12,-1.55e-12,1.09e-12,1.1776e-12,-51219012497.43905
top1,1.3,-4,-1.18e-14,-3.0000000000000005e-14,-2.23e-12,3.0000000000000005e-14,1.18e-14,83956007052.30466
top1,1.4,-4,1.2046e-12,-6.130000000000001e-12,-3.9800000000000004e-12,6.130000000000001e-12,1.2046e-12,88347027122.53731
top1,1.5,-4,2.252e-12,-1.584e-11,-5.65e-12,1.584e-11,2.252e-12,108143181572.40184
top1,1.6,-4,3.054e-12,-2.8400000000000003e-11,-8.06e-12,2.8400000000000003e-11,3.054e-12,142571998859.42398
top1,1.7,-4,3.6548e-12,-4.107e-11,-1.233e-11,4.107e-11,3.6548e-12,205888408482.6024
top1,1.8,-4,4.0254e-12,-4.7800000000000006e-11,-1.693e-11,4.7800000000000006e-11,4.0254e-12,382409177820.268
top1,1.9,-4,4.1778e-12,-4.965e-11,-2.293e-11,4.965e-11,4.1778e-12,617665225447.8074
top1,2.0,-4,4.3492e-12,-4.901e-11,-3.059e-11,4.901e-11,4.3492e-12,-22239519626.37607
top1,2.1,-4,-4.8152e-12,1.012e-11,4.2560000000000006e-11,1.012e-11,4.8152e-12,-25510854868.74668
top1,2.2,-4,-3.4906e-12,1.7500000000000002e-12,9.15e-12,1.7500000000000002e-12,3.4906e-12,39439952672.05683
top1,2.3000000000000003,-4,2.558e-13,3.1000000000000004e-13,1.91e-12,3.1000000000000004e-13,2.558e-13,81692672167.3065
top1,2.4,-4,-1.0424e-12,5.24e-12,3.5000000000000004e-12,5.24e-12,1.0424e-12,-81552764638.72113
top1,2.5,-4,-2.1966e-12,1.537e-11,5.34e-12,1.537e-11,2.1966e-12,-104679158379.5667
top1,2.6,-4,-2.953e-12,2.757e-11,7.73e-12,2.757e-11,2.953e-12,-143657520471.19684
top1,2.7,-4,-3.5888e-12,3.925e-11,1.112e-11,3.925e-11,3.5888e-12,-199880071956.82617
top1,2.8000000000000003,-4,-3.9536e-12,4.6630000000000005e-11,1.612e-11,4.6630000000000005e-11,3.9536e-12,-374531835205.99176
top1,2.9,-4,-4.1228e-12,4.9550000000000006e-11,2.3190000000000003e-11,4.9550000000000006e-11,4.1228e-12,23171212086.10419
top1,3.0,-4,4.6778e-12,-2.619e-11,-4.1100000000000005e-11,2.619e-11,4.6778e-12,23726481125.58429
top1,3.1,-4,4.3066e-12,-1.09e-12,-2.067e-11,1.09e-12,4.3066e-12,-30511060259.34404
top1,3.2,-4,-1.8772e-12,4.500000000000001e-13,-7.400000000000002e-13,4.500000000000001e-13,1.8772e-12,-41540314875.58679
top1,3.3000000000000003,-4,-5.08e-13,1.55e-12,-1.8900000000000002e-12,1.55e-12,5.08e-13,78076202373.51646
top1,3.4,-4,6.844e-13,-2.04e-12,-2.9900000000000004e-12,2.04e-12,6.844e-13,84076004708.25616
top1,3.5,-4,1.8708e-12,-9.71e-12,-4.41e-12,9.71e-12,1.8708e-12,97723052868.17168
top1,3.6,-4,2.731e-12,-2.311e-11,-7.45e-12,2.311e-11,2.731e-12,127860887354.55838
top1,3.7,-4,3.435e-12,-3.876e-11,-1.134e-11,3.876e-11,3.435e-12,175100682892.66342
top1,3.8,-4,3.8732e-12,-4.5760000000000005e-11,-1.588e-11,4.5760000000000005e-11,3.8732e-12,268600590921.29968
top1,3.9,-4,4.1796e-12,-4.9590000000000007e-11,-2.326e-11,4.9590000000000007e-11,4.1796e-12,-23374862672.681763
top1,4.0,-4,-4.683e-12,2.5470000000000004e-11,4.083e-11,2.5470000000000004e-11,4.683e-12,-23597149464.34468
top1,4.1,-4,-4.296e-12,4.4000000000000004e-13,2.008e-11,4.4000000000000004e-13,4.296e-12,31082929255.25304
top1,4.2,-4,1.7514e-12,-1.9e-12,5.800000000000003e-13,1.9e-12,1.7514e-12,42179854901.29918
top1,4.3,-4,4.456e-13,-1.1900000000000002e-12,1.5400000000000001e-12,1.1900000000000002e-12,4.456e-13,-80821142810.95943
top1,4.4,-4,-7.232e-13,2.74e-12,2.67e-12,2.74e-12,7.232e-13,-90350560173.47316
top1,4.5,-4,-1.768e-12,1.142e-11,4.8500000000000005e-12,1.142e-11,1.768e-12,-96153846153.84624
top1,4.6000000000000005,-4,-2.8032e-12,2.3500000000000003e-11,7.16e-12,2.3500000000000003e-11,2.8032e-12,-121182743577.31468
top1,4.7,-4,-3.4184e-12,3.636e-11,1.003e-11,3.636e-11,3.4184e-12,-205507603781.3392
top1,4.8,-4,-3.7764e-12,4.403e-11,1.384e-11,4.403e-11,3.7764e-12,-392618767177.0712
top1,4.9,-4,-3.9278e-12,4.757e-11,1.9e-11,4.757e-11,3.9278e-12,-714285714285.716
top1,5.0,-4,-4.0564e-12,5.052e-11,2.564e-11,5.052e-11,4.0564e-12,-777604976671.8523
top1,0.0,-3,3.269e-12,-7.400000000000002e-13,-1.69e-12,7.400000000000002e-13,3.269e-12,-38402457757.29647
top1,0.1,-3,6.65e-13,-1.78e-12,1.65e-12,1.78e-12,6.65e-13,-50978792822.18597
top1,0.2,-3,-6.542e-13,2.3000000000000003e-12,2.36e-12,2.3000000000000003e-12,6.542e-13,-84111363445.20145
top1,0.3,-3,-1.7128e-12,9.790000000000004e-12,4.050000000000001e-12,9.790000000000004e-12,1.7128e-12,-99000099000.099
top1,0.4,-3,-2.6744e-12,2.067e-11,6.15e-12,2.067e-11,2.6744e-12,-133315557925.60994
top1,0.5,-3,-3.213e-12,3.503e-11,9.66e-12,3.503e-11,3.213e-12,-179694519317.16083
top1,0.6,-3,-3.7874e-12,4.4410000000000005e-11,1.477e-11,4.4410000000000005e-11,3.7874e-12,-238208670795.61697
top1,0.7,-3,-4.0526e-12,4.91e-11,2.076e-11,4.91e-11,4.0526e-12,-413052457662.1233
top1,0.8,-3,-4.2716e-12,5.014e-11,2.832e-11,5.014e-11,4.2716e-12,22485553032.17681
top1,0.9,-3,4.842e-12,-1.56e-11,-4.2890000000000006e-11,1.56e-11,4.842e-12,24637823987.38543
top1,1.0,-3,3.846e-12,-1.5700000000000002e-12,-1.404e-11,1.5700000000000002e-12,3.846e-12,-36276572589.42177
top1,1.1,-3,-6.712e-13,9.4e-13,-1.7600000000000002e-12,9.4e-13,6.712e-13,-64998375040.62398
top1,1.2,-3,7.69e-13,-3.02e-12,-2.95e-12,3.02e-12,7.69e-13,81254570569.59453
top1,1.3,-3,1.7902e-12,-9.690000000000004e-12,-4.26e-12,9.690000000000004e-12,1.7902e-12,111831804965.33224
top1,1.4,-3,2.5574e-12,-1.988e-11,-6.380000000000001e-12,1.988e-11,2.5574e-12,145708873670.40652
top1,1.5,-3,3.1628e-12,-3.1450000000000005e-11,-8.84e-12,3.1450000000000005e-11,3.1628e-12,169721656483.3672
top1,1.6,-3,3.7358e-12,-4.402e-11,-1.368e-11,4.402e-11,3.7358e-12,222419928825.62265
top1,1.7,-3,4.062e-12,-4.7800000000000006e-11,-1.908e-11,4.7800000000000006e-11,4.062e-12,367647058823.5298
top1,1.8,-3,4.2798e-12,-4.9730000000000006e-11,-2.681e-11,4.9730000000000006e-11,4.2798e-12,-22645953168.16887
top1,1.9,-3,-4.7696e-12,1.6870000000000002e-11,4.25e-11,1.6870000000000002e-11,4.7696e-12,-24495394865.765232
top1,2.0,-3,-3.885e-12,2.97e-12,1.479e-11,2.97e-12,3.885e-12,34428148454.176125
top1,2.1,-3,1.0396e-12,-1.07e-12,1.1600000000000001e-12,1.07e-12,1.0396e-12,54668707631.75163
top1,2.2,-3,-2.266e-13,1.18e-12,2.18e-12,1.18e-12,2.266e-13,-81546114327.65237
top1,2.3000000000000003,-3,-1.413e-12,7.32e-12,3.8800000000000004e-12,7.32e-12,1.413e-12,-94903672772.13615
top1,2.4,-3,-2.334e-12,1.557e-11,5.33e-12,1.557e-11,2.334e-12,-126598303582.73184
top1,2.5,-3,-2.9928e-12,2.8050000000000003e-11,8.02e-12,2.8050000000000003e-11,2.9928e-12,-153704272978.78894
top1,2.6,-3,-3.6352e-12,4.089e-11,1.1760000000000002e-11,4.089e-11,3.6352e-12,-206611570247.93408
top1,2.7,-3,-3.9608e-12,4.7110000000000006e-11,1.739e-11,4.7110000000000006e-11,3.9608e-12,-380807311500.3813
top1,2.8000000000000003,-3,-4.1604e-12,4.956e-11,2.4850000000000003e-11,4.956e-11,4.1604e-12,23128339153.965324
top1,2.9,-3,4.6866e-12,-2.1370000000000003e-11,-4.232e-11,2.1370000000000003e-11,4.6866e-12,23887442371.545246
top1,3.0,-3,4.2122e-12,-1.5700000000000002e-12,-1.7690000000000002e-11,1.5700000000000002e-12,4.2122e-12,-32932652725.177044
top1,3.1,-3,-1.3864e-12,1.12e-12,-1.1500000000000001e-12,1.12e-12,1.3864e-12,-46236360273.71929
top1,3.2,-3,-1.134e-13,1.1500000000000001e-12,-2.06e-12,1.1500000000000001e-12,1.134e-13,84146751935.37537
top1,3.3000000000000003,-3,9.904e-13,-2.6100000000000004e-12,-3.4100000000000002e-12,2.6100000000000004e-12,9.904e-13,98697196999.60509
top1,3.4,-3,1.913e-12,-1.018e-11,-4.53e-12,1.018e-11,1.913e-12,120948234155.78116
top1,3.5,-3,2.644e-12,-2.2810000000000003e-11,-7.100000000000001e-12,2.2810000000000003e-11,2.644e-12,140213123948.4017
top1,3.6,-3,3.3394e-12,-3.616e-11,-9.91e-12,3.616e-11,3.3394e-12,171526586620.9264
top1,3.7,-3,3.81e-12,-4.3910000000000007e-11,-1.4310000000000002e-11,4.3910000000000007e-11,3.81e-12,263643553915.10715
top1,3.8,-3,4.098e-12,-4.811e-11,-1.9020000000000003e-11,4.811e-11,4.098e-12,430663221360.8956
top1,3.9,-3,4.2744e-12,-4.9870000000000005e-11,-2.611e-11,4.9870000000000005e-11,4.2744e-12,-22643901997.192127
top1,4.0,-3,-4.7344e-12,2.155e-11,4.17e-11,2.155e-11,4.7344e-12,-23648488861.561714
top1,4.1,-3,-4.1828e-12,4.1e-13,1.97e-11,4.1e-13,4.1828e-12,30537148441.0786
top1,4.2,-3,1.815e-12,-1.0600000000000001e-12,1.9000000000000002e-13,1.0600000000000001e-12,1.815e-12,41839253587.716034
top1,4.3,-3,5.974e-13,-1.13e-12,1.8200000000000003e-12,1.13e-12,5.974e-13,-86903623881.11592
top1,4.4,-3,-4.864e-13,2.23e-12,2.51e-12,2.23e-12,4.864e-13,-87703911594.4572
top1,4.5,-3,-1.683e-12,1.0240000000000002e-11,4.51e-12,1.0240000000000002e-11,1.683e-12,-95147478591.8174
top1,4.6000000000000005,-3,-2.5884e-12,2.233e-11,6.86e-12,2.233e-11,2.5884e-12,-117882824472.47449
top1,4.7,-3,-3.3796e-12,3.6690000000000005e-11,9.8e-12,3.6690000000000005e-11,3.3796e-12,-159159637116.0268
top1,4.8,-3,-3.845e-12,4.432e-11,1.418e-11,4.432e-11,3.845e-12,-284738041002.2782
top1,4.9,-3,-4.082e-12,4.946e-11,1.9640000000000003e-11,4.946e-11,4.082e-12,-535045478865.70416
top1,5.0,-3,-4.2188e-12,4.983e-11,2.5870000000000003e-11,4.983e-11,4.2188e-12,-730994152046.7811
top1,0.0,-2,3.125e-12,-2.29e-12,-1.0500000000000002e-12,2.29e-12,3.125e-12,-40325832728.44585
top1,0.1,-2,6.452e-13,-1.32e-12,1.6e-12,1.32e-12,6.452e-13,-53832902670.11198
top1,0.2,-2,-5.902e-13,1.9400000000000002e-12,2.44e-12,1.9400000000000002e-12,5.902e-13,-86752841155.54782
top1,0.3,-2,-1.6602e-12,8.790000000000003e-12,4.050000000000001e-12,8.790000000000003e-12,1.6602e-12,-102312257008.38963
top1,0.4,-2,-2.545e-12,2.009e-11,6.340000000000001e-12,2.009e-11,2.545e-12,-126823081800.88776
top1,0.5,-2,-3.2372e-12,3.2980000000000005e-11,9.01e-12,3.2980000000000005e-11,3.2372e-12,-174641983932.93744
top1,0.6,-2,-3.6902e-12,4.209e-11,1.271e-11,4.209e-11,3.6902e-12,-273298715496.0373
top1,0.7,-2,-3.969e-12,4.697000000000001e-11,1.821e-11,4.697000000000001e-11,3.969e-12,-443458980044.3456
top1,0.8,-2,-4.1412e-12,4.931e-11,2.518e-11,4.931e-11,4.1412e-12,22986920442.268345
top1,0.9,-2,4.7316e-12,-2.342e-11,-4.206e-11,2.342e-11,4.7316e-12,23909716908.9518
top1,1.0,-2,4.2236e-12,-1.8700000000000003e-12,-1.7910000000000003e-11,1.8700000000000003e-12,4.2236e-12,-31142946122.70322
top1,1.1,-2,-1.6904e-12,2.5300000000000003e-12,-8.400000000000002e-13,2.5300000000000003e-12,1.6904e-12,-42399830400.67838
top1,1.2,-2,-4.934e-13,9.600000000000002e-13,-1.7100000000000002e-12,9.600000000000002e-13,4.934e-13,89389469920.44334
top1,1.3,-2,5.47e-13,-1.26e-12,-2.77e-12,1.26e-12,5.47e-13,96805421103.5819
top1,1.4,-2,1.5726e-12,-8.16e-12,-4.37e-12,8.16e-12,1.5726e-12,106871860639.0937
top1,1.5,-2,2.4184e-12,-1.8130000000000003e-11,-5.59e-12,1.8130000000000003e-11,2.4184e-12,145708873670.4065
top1,1.6,-2,2.9452e-12,-2.883e-11,-8.15e-12,2.883e-11,2.9452e-12,175963399612.88043
top1,1.7,-2,3.555e-12,-4.035e-11,-1.1860000000000002e-11,4.035e-11,3.555e-12,186462800671.266
top1,1.8,-2,4.0178e-12,-4.6340000000000005e-11,-1.7890000000000002e-11,4.6340000000000005e-11,4.0178e-12,314564328405.15906
top1,1.9,-2,4.1908e-12,-4.949e-11,-2.283e-11,4.949e-11,4.1908e-12,661375661375.6613
top1,2.0,-2,4.3202e-12,-4.892e-11,-3.034e-11,4.892e-11,4.3202e-12,-22327409127.444843
top1,2.1,-2,-4.7668e-12,1.2980000000000002e-11,4.271e-11,1.2980000000000002e-11,4.7668e-12,-24304289707.133327
top1,2.2,-2,-3.9088e-12,1.8900000000000002e-12,1.4100000000000002e-11,1.8900000000000002e-12,3.9088e-12,33562678301.728508
top1,2.3000000000000003,-2,1.1922e-12,-6.900000000000001e-13,9.3e-13,6.900000000000001e-13,1.1922e-12,50738241412.552574
top1,2.4,-2,3.3e-14,-3.0000000000000005e-14,1.95e-12,3.0000000000000005e-14,3.3e-14,-84616686410.56003
top1,2.5,-2,-1.1714e-12,4.6000000000000006e-12,3.390000000000001e-12,4.6000000000000006e-12,1.1714e-12,-87912087912.088
top1,2.6,-2,-2.242e-12,1.455e-11,5.200000000000001e-12,1.455e-11,2.242e-12,-107353730542.13644
top1,2.7,-2,-3.0344e-12,2.978e-11,7.670000000000001e-12,2.978e-11,3.0344e-12,-152532031726.66275
top1,2.8000000000000003,-2,-3.5532e-12,4.102e-11,1.179e-11,4.102e-11,3.5532e-12,-230627306273.0624
top1,2.9,-2,-3.9016e-12,4.592e-11,1.693e-11,4.592e-11,3.9016e-12,-408329930583.9114
top1,3.0,-2,-4.043e-12,4.964e-11,2.243e-11,4.964e-11,4.043e-12,-429922613929.4938
top1,3.1,-2,-4.3668e-12,4.928e-11,2.8270000000000003e-11,4.928e-11,4.3668e-12,22461814914.645126
top1,3.2,-2,4.861e-12,-1.564e-11,-4.3030000000000005e-11,1.564e-11,4.861e-12,23967021378.583096
top1,3.3000000000000003,-2,3.978e-12,-8.9e-13,-1.639e-11,8.9e-13,3.978e-12,-31519889049.990505
top1,3.4,-2,-1.4842e-12,1.3300000000000002e-12,-8.2e-13,1.3300000000000002e-12,1.4842e-12,-45543562417.45223
top1,3.5,-2,-4.134e-13,5.9e-13,-1.41e-12,5.9e-13,4.134e-13,102082482645.97804
top1,3.6,-2,4.75e-13,-1.1600000000000001e-12,-3.2700000000000004e-12,1.1600000000000001e-12,4.75e-13,120148984741.07904
top1,3.7,-2,1.2512e-12,-5.03e-12,-3.8900000000000006e-12,5.03e-12,1.2512e-12,122774708410.06764
top1,3.8,-2,2.104e-12,-1.436e-11,-5.200000000000001e-12,1.436e-11,2.104e-12,121256214380.98686
top1,3.9,-2,2.9006e-12,-2.6450000000000003e-11,-7.63e-12,2.6450000000000003e-11,2.9006e-12,145158949049.20868
top1,4.0,-2,3.4818e-12,-3.608e-11,-1.001e-11,3.608e-11,3.4818e-12,192159877017.67844
top1,4.1,-2,3.9414e-12,-4.59e-11,-1.4400000000000002e-11,4.59e-11,3.9414e-12,324149108589.95154
top1,4.2,-2,4.0988e-12,-4.9770000000000006e-11,-2.008e-11,4.9770000000000006e-11,4.0988e-12,748502994011.978
top1,4.3,-2,4.2086e-12,-5.043000000000001e-11,-2.655e-11,5.043000000000001e-11,4.2086e-12,-22796699037.97932
top1,4.4,-2,-4.6744e-12,2.155e-11,4.1570000000000005e-11,2.155e-11,4.6744e-12,-23914291180.409435
top1,4.5,-2,-4.1546e-12,1.8700000000000003e-12,1.863e-11,1.8700000000000003e-12,4.1546e-12,30744635061.18185
top1,4.6000000000000005,-2,1.8308e-12,-2.0500000000000004e-12,5.9e-13,2.0500000000000004e-12,1.8308e-12,42522430582.13211
top1,4.7,-2,5.488e-13,-1.95e-12,1.5600000000000002e-12,1.95e-12,5.488e-13,-76622481035.93568
top1,4.8,-2,-7.794e-13,2.26e-12,2.500000000000001e-12,2.26e-12,7.794e-13,-85236958745.31204
top1,4.9,-2,-1.7976e-12,9.64e-12,4.390000000000001e-12,9.64e-12,1.7976e-12,-115713955102.98552
top1,5.0,-2,-2.5078e-12,1.792e-11,6.240000000000001e-12,1.792e-11,2.5078e-12,-140805406927.62552
top1,0.0,-1,-3.6938e-12,4.596e-11,1.712e-11,4.596e-11,3.6938e-12,-194931773879.1424
top1,0.1,-1,-4.2068e-12,4.992000000000001e-11,2.4810000000000003e-11,4.992000000000001e-11,4.2068e-12,23682091602.33032
top1,0.2,-1,4.7514e-12,-2.297e-11,-4.149e-11,2.297e-11,4.7514e-12,23640661938.53428
top1,0.3,-1,4.2532e-12,-1.37e-12,-1.918e-11,1.37e-12,4.2532e-12,-30610058465.21167
top1,0.4,-1,-1.7824e-12,2.3000000000000003e-12,-5e-13,2.3000000000000003e-12,1.7824e-12,-42052144659.37763
top1,0.5,-1,-5.028e-13,1.37e-12,-1.4e-12,1.37e-12,5.028e-13,88833614639.77968
top1,0.6,-1,4.69e-13,-9.100000000000002e-13,-2.5300000000000003e-12,9.100000000000002e-13,4.69e-13,99542106310.96956
top1,0.7,-1,1.5064e-12,-8.25e-12,-3.85e-12,8.25e-12,1.5064e-12,113610543058.39587
top1,0.8,-1,2.2294e-12,-1.6690000000000003e-11,-5.4500000000000004e-12,1.6690000000000003e-11,2.2294e-12,151354623883.75958
top1,0.9,-1,2.8278e-12,-2.704e-11,-7.980000000000001e-12,2.704e-11,2.8278e-12,169462802914.76016
top1,1.0,-1,3.4096e-12,-3.653e-11,-1.069e-11,3.653e-11,3.4096e-12,202593192868.71967
top1,1.1,-1,3.815e-12,-4.392e-11,-1.4830000000000002e-11,4.392e-11,3.815e-12,314762354422.4111
top1,1.2,-1,4.045e-12,-4.7910000000000006e-11,-2.012e-11,4.7910000000000006e-11,4.045e-12,438788942518.6488
top1,1.3,-1,4.2708e-12,-5.0270000000000005e-11,-2.593e-11,5.0270000000000005e-11,4.2708e-12,-22733472765.29965
top1,1.4,-1,-4.7526e-12,2.2e-11,4.184e-11,2.2e-11,4.7526e-12,-23520003763.2006
top1,1.5,-1,-4.2326e-12,2.23e-12,1.923e-11,2.23e-12,4.2326e-12,31407035175.87939
top1,1.6,-1,1.6154e-12,-1.1900000000000002e-12,5.7e-13,1.1900000000000002e-12,1.6154e-12,41600798735.3357
top1,1.7,-1,5.75e-13,-6.700000000000003e-13,1.4400000000000001e-12,6.700000000000003e-13,5.75e-13,-92165898617.5115
top1,1.8,-1,-5.546e-13,1.91e-12,2.26e-12,1.91e-12,5.546e-13,-84882437823.61436
top1,1.9,-1,-1.7812e-12,1.023e-11,4.350000000000001e-12,1.023e-11,1.7812e-12,-90851276460.43423
top1,2.0,-1,-2.756e-12,2.311e-11,6.1e-12,2.311e-11,2.756e-12,-135888028264.70984
top1,2.1,-1,-3.253e-12,3.2970000000000004e-11,9.03e-12,3.2970000000000004e-11,3.253e-12,-190439916206.4371
top1,2.2,-1,-3.8062e-12,4.436e-11,1.4000000000000002e-11,4.436e-11,3.8062e-12,-250878073256.39764
top1,2.3000000000000003,-1,-4.0502e-12,4.83e-11,1.888e-11,4.83e-11,4.0502e-12,-495049504950.494
top1,2.4,-1,-4.2102e-12,4.952e-11,2.595e-11,4.952e-11,4.2102e-12,22649543611.6962
top1,2.5,-1,4.78e-12,-1.965e-11,-4.235e-11,1.965e-11,4.78e-12,23914863087.408844
top1,2.6,-1,4.1528e-12,-2.44e-12,-1.675e-11,2.44e-12,4.1528e-12,-31590586005.370422
top1,2.7,-1,-1.551e-12,1.7200000000000001e-12,-8.9e-13,1.7200000000000001e-12,1.551e-12,-43335066736.002815
top1,2.8000000000000003,-1,-4.624e-13,1.6e-12,-1.9e-12,1.6e-12,4.624e-13,92541180825.4672
top1,2.9,-1,6.102e-13,-1.74e-12,-2.400000000000001e-12,1.74e-12,6.102e-13,101750101750.1016
top1,3.0,-1,1.5032e-12,-6.9300000000000006e-12,-4.26e-12,6.9300000000000006e-12,1.5032e-12,120787534726.41637
top1,3.1,-1,2.266e-12,-1.6250000000000002e-11,-5.6100000000000005e-12,1.6250000000000002e-11,2.266e-12,135961930659.41548
top1,3.2,-1,2.9742e-12,-2.866e-11,-8.070000000000001e-12,2.866e-11,2.9742e-12,149164677804.29605
top1,3.3000000000000003,-1,3.6068e-12,-3.989e-11,-1.144e-11,3.989e-11,3.6068e-12,210393435724.8052
top1,3.4,-1,3.9248e-12,-4.556e-11,-1.4510000000000002e-11,4.556e-11,3.9248e-12,403551251008.8776
top1,3.5,-1,4.1024e-12,-4.8130000000000006e-11,-1.941e-11,4.8130000000000006e-11,4.1024e-12,691562932226.8333
top1,3.6,-1,4.214e-12,-4.9870000000000005e-11,-2.546e-11,4.9870000000000005e-11,4.214e-12,-22839393385.711697
top1,3.7,-1,-4.6544e-12,2.3320000000000003e-11,4.142e-11,2.3320000000000003e-11,4.6544e-12,292825768667.64294
top1,3.8,-1,4.897e-12,-8.300000000000001e-13,-3.827e-11,8.300000000000001e-13,4.897e-12,28948587308.939285
top1,3.9,-1,2.2544e-12,-1.9900000000000002e-12,-1.04e-12,1.9900000000000002e-12,2.2544e-12,-51232132793.68814
top1,4.0,-1,9.932e-13,-1.6800000000000001e-12,1.27e-12,1.6800000000000001e-12,9.932e-13,-75335241826.12617
top1,4.1,-1,-4.004e-13,2.42e-12,2.18e-12,2.42e-12,4.004e-13,-82209799408.08952
top1,4.2,-1,-1.4396e-12,5.520000000000001e-12,3.75e-12,5.520000000000001e-12,1.4396e-12,-105462982493.145
top1,4.3,-1,-2.2968e-12,1.622e-11,5.620000000000001e-12,1.622e-11,2.2968e-12,-135648399348.88782
top1,4.4,-1,-2.914e-12,2.786e-11,7.54e-12,2.786e-11,2.914e-12,-192826841496.3365
top1,4.5,-1,-3.334e-12,3.619e-11,1.029e-11,3.619e-11,3.334e-12,-248138957816.3773
top1,4.6000000000000005,-1,-3.72e-12,4.306e-11,1.3890000000000002e-11,4.306e-11,3.72e-12,-300571085061.6174
top1,4.7,-1,-3.9994e-12,4.717e-11,1.817e-11,4.717e-11,3.9994e-12,-404530744336.5682
top1,4.8,-1,-4.2144e-12,4.954e-11,2.296e-11,4.954e-11,4.2144e-12,-535618639528.65607
top1,4.9,-1,-4.3728e-12,4.91e-11,2.929e-11,4.91e-11,4.3728e-12,22086268966.583496
top1,5.0,-1,4.841e-12,-1.462e-11,-4.2480000000000005e-11,1.462e-11,4.841e-12,10853285289.45708
top1,0.0,0,2.08664e-11,-3.900000000000001e-13,-5.7560000000000006e-11,3.900000000000001e-13,2.08664e-11,3055008.457852016
top1,0.1,0,3.2754e-08,-9.3e-13,-3.2735599999999994e-08,9.3e-13,3.2754e-08,4944017.212141075
top1,0.2,0,4.04738e-08,2.695e-11,-4.05238e-08,2.695e-11,4.04738e-08,21955824.88034076
top1,0.3,0,4.1863199999999993e-08,1.413e-11,-4.14412e-08,1.413e-11,4.1863199999999993e-08,101389029.70698576
top1,0.4,0,4.24464e-08,4.550000000000001e-12,-4.257739999999999e-08,4.550000000000001e-12,4.24464e-08,161420500.40355098
top1,0.5,0,4.31022e-08,1.27e-12,-4.30962e-08,1.27e-12,4.31022e-08,184706316.95604
top1,0.6,0,4.35292e-08,-1.51e-12,-4.35358e-08,1.51e-12,4.35292e-08,238379022.6460077
top1,0.7,0,4.39412e-08,-2.4300000000000003e-12,-4.39524e-08,2.4300000000000003e-12,4.39412e-08,278009452.3213804
top1,0.8,0,4.424859999999999e-08,-1.0600000000000001e-12,-4.42988e-08,1.0600000000000001e-12,4.424859999999999e-08,284981476.20404494
top1,0.9,0,4.4643e-08,-1.22e-12,-4.46398e-08,1.22e-12,4.4643e-08,280112044.8179262
top1,1.0,0,4.49626e-08,-1.7360000000000002e-11,-4.49412e-08,1.7360000000000002e-11,4.49626e-08,319284802.0434244
top1,1.1,0,4.52694e-08,-3.124e-11,-4.52606e-08,3.124e-11,4.52694e-08,650195058.517548
top1,1.2,0,4.52702e-08,-4.342e-11,-4.553e-08,4.342e-11,4.52702e-08,380228136.8821285
top1,1.3,0,4.57954e-08,-4.9800000000000005e-11,-4.5803e-08,4.9800000000000005e-11,4.57954e-08,264410364.8863042
top1,1.4,0,4.60266e-08,-5.236000000000001e-11,-4.60454e-08,5.236000000000001e-11,4.60266e-08,-867302688.6383268
top1,1.5,0,4.55648e-08,-4.352e-11,-4.47476e-08,4.352e-11,4.55648e-08,-923361034.1643604
top1,1.6,0,4.581e-08,-4.024e-11,-4.649619999999999e-08,4.024e-11,4.581e-08,172057811.42463827
top1,1.7,0,4.67272e-08,-1.83e-12,-4.6708e-08,1.83e-12,4.67272e-08,176647235.47076526
top1,1.8,0,4.69422e-08,7.900000000000002e-13,-4.69332e-08,7.900000000000002e-13,4.69422e-08,501002004.00801647
top1,1.9,0,4.71264e-08,1.22e-12,-4.71102e-08,1.22e-12,4.71264e-08,508646998.98270607
top1,2.0,0,4.73354e-08,1.2400000000000002e-12,-4.731539999999999e-08,1.2400000000000002e-12,4.73354e-08,488042947.7794074
top1,2.1,0,4.75362e-08,3.4000000000000005e-12,-4.75156e-08,3.4000000000000005e-12,4.75362e-08,528820729.7726039
top1,2.2,0,4.77136e-08,1.398e-11,-4.7734199999999993e-08,1.398e-11,4.77136e-08,531632110.57947886
top1,2.3000000000000003,0,4.79124e-08,4.9770000000000006e-11,-4.7627e-08,4.9770000000000006e-11,4.79124e-08,555864369.0939398
top1,2.4,0,4.80734e-08,4.7110000000000006e-11,-4.80852e-08,4.7110000000000006e-11,4.80734e-08,587889476.7783661
top1,2.5,0,4.82526e-08,4.119e-11,-4.82454e-08,4.119e-11,4.82526e-08,570450656.0182563
top1,2.6,0,4.8424e-08,3.2360000000000005e-11,-4.842819999999999e-08,3.2360000000000005e-11,4.8424e-08,634517766.4974544
top1,2.7,0,4.85678e-08,1.5850000000000002e-11,-4.83822e-08,1.5850000000000002e-11,4.85678e-08,676132521.9743062
top1,2.8000000000000003,0,4.87198e-08,6e-12,-4.87374e-08,6e-12,4.87198e-08,619195046.439636
top1,2.9,0,4.8890799999999993e-08,-2.2500000000000003e-12,-4.890339999999999e-08,2.2500000000000003e-12,4.8890799999999993e-08,619195046.439636
top1,3.0,0,4.90428e-08,-1.5300000000000001e-12,-4.90224e-08,1.5300000000000001e-12,4.90428e-08,703729767.7691723
top1,3.1,0,4.9175e-08,1.04e-12,-4.91666e-08,1.04e-12,4.9175e-08,786782061.3689984
top1,3.2,0,4.9297e-08,-2.18e-12,-4.9302e-08,2.18e-12,4.9297e-08,766283524.9042205
top1,3.3000000000000003,0,4.9435999999999993e-08,-1.4e-12,-4.94422e-08,1.4e-12,4.9435999999999993e-08,885739592.5597838
top1,3.4,0,4.95228e-08,-2.0200000000000007e-12,-4.952e-08,2.0200000000000007e-12,4.95228e-08,-614628149.9692683
top1,3.5,0,4.91106e-08,-1.1870000000000002e-11,-4.7028e-08,1.1870000000000002e-11,4.91106e-08,-1067235859.1248558
top1,3.6,0,4.933539999999999e-08,-2.5560000000000003e-11,-4.93236e-08,2.5560000000000003e-11,4.933539999999999e-08,661813368.6300414
top1,3.7,0,4.94128e-08,-3.744e-11,-4.988399999999999e-08,3.744e-11,4.94128e-08,517866390.471252
top1,3.8,0,4.97216e-08,-5.176e-11,-4.99626e-08,5.176e-11,4.97216e-08,556792873.0512227
top1,3.9,0,4.9772e-08,-4.4850000000000005e-11,-5.00676e-08,4.4850000000000005e-11,4.9772e-08,418060200.66890055
top1,4.0,0,5.019999999999999e-08,-3.9060000000000005e-11,-5.017159999999999e-08,3.9060000000000005e-11,5.019999999999999e-08,382995021.0647253
top1,4.1,0,5.02942e-08,-8.300000000000001e-13,-5.02876e-08,8.300000000000001e-13,5.02942e-08,1137656427.7587955
top1,4.2,0,5.03758e-08,2.23e-12,-5.03518e-08,2.23e-12,5.03758e-08,1194743130.2270076
top1,4.3,0,5.04616e-08,2.500000000000001e-12,-5.044559999999999e-08,2.500000000000001e-12,5.04616e-08,963391136.8015616
top1,4.4,0,5.058339999999999e-08,9.5e-13,-5.054839999999999e-08,9.5e-13,5.058339999999999e-08,944287063.2672431
top1,4.5,0,5.06734e-08,1.3000000000000001e-12,-5.06574e-08,1.3000000000000001e-12,5.06734e-08,914913083.257084
top1,4.6000000000000005,0,5.0802e-08,1.701e-11,-5.00472e-08,1.701e-11,5.0802e-08,-1414427157.0013874
top1,4.7,0,5.053199999999999e-08,2.9660000000000004e-11,-5.075e-08,2.9660000000000004e-11,5.053199999999999e-08,-23063262.529117297
top1,4.8,0,4.21302e-08,5.6830000000000006e-11,-4.74238e-08,5.6830000000000006e-11,4.21302e-08,-157828282.8282832
top1,4.9,0,4.92648e-08,6.092000000000001e-11,-4.87018e-08,6.092000000000001e-11,4.92648e-08,22138097.45190501
top1,5.0,0,5.11644e-08,4.986e-11,-4.55106e-08,4.986e-11,5.11644e-08,52642661.61297091
top1,0.0,1,2.5862000000000003e-10,-1.51e-12,8.1915e-09,1.51e-12,2.5862000000000003e-10,153689.77331957215
top1,0.1,1,6.5092e-07,-1.2800000000000002e-12,-6.5076e-07,1.2800000000000002e-12,6.5092e-07,163687.3683227196
top1,0.2,1,1.2221e-06,4.3790000000000005e-11,-1.2221e-06,4.3790000000000005e-11,1.2221e-06,187497.65627929647
top1,0.3,1,1.7176e-06,1.13e-11,-1.7175e-06,1.13e-11,1.7176e-06,217438.5736029572
top1,0.4,1,2.1419e-06,-5.041e-11,-2.1441000000000004e-06,5.041e-11,2.1419e-06,260281.1035918792
top1,0.5,1,2.4860000000000004e-06,3.490000000000001e-12,-2.4886e-06,3.490000000000001e-12,2.4860000000000004e-06,310800.3108003106
top1,0.6,1,2.7854000000000005e-06,7.5e-13,-2.7802e-06,7.5e-13,2.7854000000000005e-06,372508.84708511847
top1,0.7,1,3.0229000000000003e-06,-5.0090000000000005e-11,-3.024e-06,5.0090000000000005e-11,3.0229000000000003e-06,447427.2930648773
top1,0.8,1,3.2324e-06,1.601e-11,-3.2333000000000005e-06,1.601e-11,3.2324e-06,592417.0616113744
top1,0.9,1,3.3605000000000003e-06,1.51e-12,-3.3678e-06,1.51e-12,3.3605000000000003e-06,923361.0341643572
top1,1.0,1,3.4490000000000004e-06,-5.220000000000001e-12,-3.4333e-06,5.220000000000001e-12,3.4490000000000004e-06,1407459.535538355
top1,1.1,1,3.5026e-06,4.87e-11,-3.5032e-06,4.87e-11,3.5026e-06,2551020.408163266
top1,1.2,1,3.5274000000000003e-06,1.6600000000000002e-12,-3.5273000000000005e-06,1.6600000000000002e-12,3.5274000000000003e-06,5076142.131979641
top1,1.3,1,3.542000000000001e-06,-1.17e-12,-3.5418000000000005e-06,1.17e-12,3.542000000000001e-06,8196721.31147537
top1,1.4,1,3.5518000000000005e-06,5.003e-11,-3.5521000000000003e-06,5.003e-11,3.5518000000000005e-06,11049723.75690615
top1,1.5,1,3.5601000000000004e-06,-1.495e-11,-3.5605000000000005e-06,1.495e-11,3.5601000000000004e-06,12903225.806451522
top1,1.6,1,3.567300000000001e-06,-1.03e-12,-3.5674000000000004e-06,1.03e-12,3.567300000000001e-06,15151515.151515467
top1,1.7,1,3.5733e-06,4.28e-11,-3.5744000000000005e-06,4.28e-11,3.5733e-06,16666666.666667176
top1,1.8,1,3.5793e-06,-5.38e-12,-3.5797e-06,5.38e-12,3.5793e-06,16260162.601625647
top1,1.9,1,3.5856000000000004e-06,-1.0100000000000001e-12,-3.5685e-06,1.0100000000000001e-12,3.5856000000000004e-06,18018018.018017687
top1,2.0,1,3.5904000000000004e-06,9.15e-12,-3.5641000000000003e-06,9.15e-12,3.5904000000000004e-06,-22222222.222221594
top1,2.1,1,3.5766e-06,-1.023e-11,-3.5772e-06,1.023e-11,3.5766e-06,-21505376.34408589
top1,2.2,1,3.5811000000000003e-06,-1.55e-12,-3.5831000000000005e-06,1.55e-12,3.5811000000000003e-06,25974025.97402476
top1,2.3000000000000003,1,3.584300000000001e-06,1.01e-11,-3.5818e-06,1.01e-11,3.584300000000001e-06,18518518.51851856
top1,2.4,1,3.5919000000000003e-06,-3.201e-11,-3.5885000000000005e-06,3.201e-11,3.5919000000000003e-06,20833333.33333357
top1,2.5,1,3.5939000000000004e-06,-1.0100000000000001e-12,-3.5915000000000003e-06,1.0100000000000001e-12,3.5939000000000004e-06,38461538.46153874
top1,2.6,1,3.5971000000000003e-06,1.36e-12,-3.5989000000000004e-06,1.36e-12,3.5971000000000003e-06,21505376.34408589
top1,2.7,1,3.603200000000001e-06,-4.497e-11,-3.6027000000000003e-06,4.497e-11,3.603200000000001e-06,22727272.72727213
top1,2.8000000000000003,1,3.605900000000001e-06,6.400000000000001e-13,-3.6156e-06,6.400000000000001e-13,3.605900000000001e-06,7782101.167315157
top1,2.9,1,3.628900000000001e-06,2.830000000000001e-12,-3.6108e-06,2.830000000000001e-12,3.628900000000001e-06,7462686.5671641985
top1,3.0,1,3.6327e-06,-4.957e-11,-3.6165e-06,4.957e-11,3.6327e-06,48780487.80488198
top1,3.1,1,3.633e-06,1.083e-11,-3.6367e-06,1.083e-11,3.633e-06,29850746.26865733
top1,3.2,1,3.6394e-06,1.12e-12,-3.622500000000001e-06,1.12e-12,3.6394e-06,20618556.701030742
top1,3.3000000000000003,1,3.6427e-06,-4.658e-11,-3.6355e-06,4.658e-11,3.6427e-06,28571428.57142812
top1,3.4,1,3.6464e-06,2.011e-11,-3.6346e-06,2.011e-11,3.6464e-06,26666666.666666888
top1,3.5,1,3.6502e-06,-2.75e-12,-3.6499e-06,2.75e-12,3.6502e-06,31249999.999999747
top1,3.6,1,3.6528e-06,-1.154e-11,-3.6381e-06,1.154e-11,3.6528e-06,31746031.746030457
top1,3.7,1,3.656500000000001e-06,1.808e-11,-3.657100000000001e-06,1.808e-11,3.656500000000001e-06,31249999.999999747
top1,3.8,1,3.659200000000001e-06,3.28e-12,-3.659800000000001e-06,3.28e-12,3.659200000000001e-06,32258064.516128767
top1,3.9,1,3.662700000000001e-06,-1.9150000000000003e-11,-3.6568e-06,1.9150000000000003e-11,3.662700000000001e-06,33333333.33333313
top1,4.0,1,3.665200000000001e-06,4.342e-11,-3.665400000000001e-06,4.342e-11,3.665200000000001e-06,-20833333.333332658
top1,4.1,1,3.6531e-06,1.18e-12,-3.6553e-06,1.18e-12,3.6531e-06,-27777777.777777348
top1,4.2,1,3.658e-06,-1.9200000000000003e-12,-3.6547e-06,1.9200000000000003e-12,3.658e-06,54054054.054053135
top1,4.3,1,3.6568e-06,5.0090000000000005e-11,-3.6618e-06,5.0090000000000005e-11,3.6568e-06,133333333.33334224
top1,4.4,1,3.6595e-06,-9.49e-12,-3.659800000000001e-06,9.49e-12,3.6595e-06,35714285.71428576
top1,4.5,1,3.6624e-06,-1.13e-12,-3.6634e-06,1.13e-12,3.6624e-06,29411764.705882
top1,4.6000000000000005,1,3.6663e-06,4.0850000000000006e-11,-3.6661e-06,4.0850000000000006e-11,3.6663e-06,35087719.29824431
top1,4.7,1,3.668100000000001e-06,-3.1450000000000005e-11,-3.668500000000001e-06,3.1450000000000005e-11,3.668100000000001e-06,23529411.76470579
top1,4.8,1,3.6748e-06,-7.900000000000002e-13,-3.674500000000001e-06,7.900000000000002e-13,3.6748e-06,37037037.0370372
top1,4.9,1,3.673500000000001e-06,1.8000000000000002e-11,-3.6785e-06,1.8000000000000002e-11,3.673500000000001e-06,153846153.84616747
top1,5.0,1,3.6761e-06,-4.6450000000000005e-11,-3.679e-06,4.6450000000000005e-11,3.6761e-06,38461538.4615417
top1,0.0,2,-1.2623e-09,5.500000000000001e-13,1.2563e-09,5.500000000000001e-13,1.2623e-09,62858.99162988525
top1,0.1,2,1.5896000000000002e-06,-1.31e-12,-1.5904000000000005e-06,1.31e-12,1.5896000000000002e-06,64929.535384048286
top1,0.2,2,3.0790000000000005e-06,3.48e-12,-3.0802e-06,3.48e-12,3.0790000000000005e-06,69470.97849873213
top1,0.3,2,4.4685000000000005e-06,8.9e-13,-4.4662000000000005e-06,8.9e-13,4.4685000000000005e-06,74635.22036048812
top1,0.4,2,5.7587e-06,-2.519e-11,-5.758100000000001e-06,2.519e-11,5.7587e-06,80476.42040882021
top1,0.5,2,6.953700000000001e-06,4.062e-11,-6.953300000000001e-06,4.062e-11,6.953700000000001e-06,87100.42679209121
top1,0.6,2,8.054900000000001e-06,4.500000000000001e-13,-8.059600000000002e-06,4.500000000000001e-13,8.054900000000001e-06,94509.02561194597
top1,0.7,2,9.0699e-06,-6.030000000000001e-12,-9.0567e-06,6.030000000000001e-12,9.0699e-06,103471.46774276998
top1,0.8,2,9.9878e-06,3.162e-11,-9.9849e-06,3.162e-11,9.9878e-06,114344.52003887712
top1,0.9,2,1.0819e-05,2.52e-12,-1.08191e-05,2.52e-12,1.0819e-05,124984.37695288096
top1,1.0,2,1.1588e-05,2.3000000000000013e-13,-1.15779e-05,2.3000000000000013e-13,1.1588e-05,138217.00069108506
top1,1.1,2,1.2266e-05,-3.745e-11,-1.2268e-05,3.745e-11,1.2266e-05,155520.99533437
top1,1.2,2,1.2874e-05,4.589e-11,-1.2876e-05,4.589e-11,1.2874e-05,174520.06980802806
top1,1.3,2,1.3412e-05,-2.464e-11,-1.3416e-05,2.464e-11,1.3412e-05,197628.45849802392
top1,1.4,2,1.3886e-05,-1.18e-12,-1.3888e-05,1.18e-12,1.3886e-05,226757.36961451216
top1,1.5,2,1.4294e-05,1.18e-12,-1.4294e-05,1.18e-12,1.4294e-05,265251.9893899204
top1,1.6,2,1.464e-05,-8.400000000000002e-13,-1.4636e-05,8.400000000000002e-13,1.464e-05,318471.3375796179
top1,1.7,2,1.4922e-05,9.5e-13,-1.492e-05,9.5e-13,1.4922e-05,395256.91699604737
top1,1.8,2,1.5146e-05,-4.371e-11,-1.5152e-05,4.371e-11,1.5146e-05,483091.78743961424
top1,1.9,2,1.5336e-05,4.6600000000000006e-11,-1.5326000000000002e-05,4.6600000000000006e-11,1.5336e-05,645161.2903225832
top1,2.0,2,1.5456e-05,-6.4200000000000005e-12,-1.5444e-05,6.4200000000000005e-12,1.5456e-05,1041666.6666666616
top1,2.1,2,1.5528e-05,-2.06e-12,-1.5542e-05,2.06e-12,1.5528e-05,1388888.888888884
top1,2.2,2,1.56e-05,1.1600000000000001e-12,-1.5598000000000002e-05,1.1600000000000001e-12,1.56e-05,1754385.964912294
top1,2.3000000000000003,2,1.5642e-05,-2.77e-12,-1.5644e-05,2.77e-12,1.5642e-05,2702702.7027027127
top1,2.4,2,1.5674e-05,5.118e-11,-1.5676e-05,5.118e-11,1.5674e-05,3999999.9999998976
top1,2.5,2,1.5692e-05,-1.147e-11,-1.5696e-05,1.147e-11,1.5692e-05,3703703.703703719
top1,2.6,2,1.5728e-05,-1.0100000000000001e-12,-1.5728e-05,1.0100000000000001e-12,1.5728e-05,3703703.703703719
top1,2.7,2,1.5746e-05,1.6100000000000002e-12,-1.5748e-05,1.6100000000000002e-12,1.5746e-05,5555555.555555404
top1,2.8000000000000003,2,1.5764e-05,-2e-12,-1.5766e-05,2e-12,1.5764e-05,5882352.94117646
top1,2.9,2,1.578e-05,4.8860000000000006e-11,-1.5786e-05,4.8860000000000006e-11,1.578e-05,5555555.555555392
top1,3.0,2,1.58e-05,-3.405e-11,-1.5806e-05,3.405e-11,1.58e-05,4347826.086956599
top1,3.1,2,1.5826e-05,3.4100000000000002e-12,-1.5822000000000002e-05,3.4100000000000002e-12,1.5826e-05,5263157.894737038
top1,3.2,2,1.5838e-05,1.55e-12,-1.5834e-05,1.55e-12,1.5838e-05,8333333.333333891
top1,3.3000000000000003,2,1.585e-05,-9.4e-13,-1.5858e-05,9.4e-13,1.585e-05,6666666.666666345
top1,3.4,2,1.5868e-05,2.866e-11,-1.5870000000000002e-05,2.866e-11,1.5868e-05,12499999.999999044
top1,3.5,2,1.5866e-05,-5.036e-11,-1.5866e-05,5.036e-11,1.5866e-05,12500000.00000172
top1,3.6,2,1.5884e-05,4.36e-11,-1.5898e-05,4.36e-11,1.5884e-05,7142857.142857045
top1,3.7,2,1.5894e-05,1.8000000000000002e-12,-1.5910000000000002e-05,1.8000000000000002e-12,1.5894e-05,5882352.941176473
top1,3.8,2,1.5918e-05,-2.08e-12,-1.5924000000000002e-05,2.08e-12,1.5918e-05,5263157.894737027
top1,3.9,2,1.5932e-05,1.1900000000000002e-12,-1.5934e-05,1.1900000000000002e-12,1.5932e-05,33333333.33331667
top1,4.0,2,1.5924000000000002e-05,-1.7490000000000002e-11,-1.593e-05,1.7490000000000002e-11,1.5924000000000002e-05,8333333.333332696
top1,4.1,2,1.5956e-05,4.53e-11,-1.5958000000000002e-05,4.53e-11,1.5956e-05,5000000.000000052
top1,4.2,2,1.5964e-05,-4.396e-11,-1.597e-05,4.396e-11,1.5964e-05,7692307.692307872
top1,4.3,2,1.5982e-05,3.756e-11,-1.5976e-05,3.756e-11,1.5982e-05,10000000.000000104
top1,4.4,2,1.5984e-05,-3.46e-12,-1.5994e-05,3.46e-12,1.5984e-05,33333333.333335564
top1,4.5,2,1.5988e-05,-2.39e-12,-1.5998e-05,2.39e-12,1.5988e-05,10000000.000000104
top1,4.6000000000000005,2,1.6004e-05,1.6600000000000002e-12,-1.6004e-05,1.6600000000000002e-12,1.6004e-05,8333333.333332714
top1,4.7,2,1.6012000000000002e-05,-2.6100000000000004e-12,-1.6012000000000002e-05,2.6100000000000004e-12,1.6012000000000002e-05,7692307.692307838
top1,4.8,2,1.603e-05,3.96e-11,-1.6036e-05,3.96e-11,1.603e-05,6666666.666667113
top1,4.9,2,1.6042e-05,-5.037e-11,-1.6034e-05,5.037e-11,1.6042e-05,11111111.111111855
top1,5.0,2,1.6048e-05,4.9000000000000005e-11,-1.6056e-05,4.9000000000000005e-11,1.6048e-05,16666666.666667707
top1,0.0,3,1.9411e-09,2.3000000000000003e-12,-1.5335e-09,2.3000000000000003e-12,1.9411e-09,36746.3475692236
top1,0.1,3,2.7233000000000003e-06,-2.502e-11,-2.7241000000000003e-06,2.502e-11,2.7233000000000003e-06,37544.16907235624
top1,0.2,3,5.329e-06,-1.7100000000000002e-12,-5.3291e-06,1.7100000000000002e-12,5.329e-06,39312.0393120393
top1,0.3,3,7.810800000000002e-06,4.952e-11,-7.8101e-06,4.952e-11,7.810800000000002e-06,41257.52949913358
top1,0.4,3,1.0176600000000002e-05,-1.075e-11,-1.01771e-05,1.075e-11,1.0176600000000002e-05,43335.06673600278
top1,0.5,3,1.2426e-05,9.000000000000001e-13,-1.2428e-05,9.000000000000001e-13,1.2426e-05,45585.08456033187
top1,0.6,3,1.4564e-05,-1.6800000000000001e-12,-1.4564e-05,1.6800000000000001e-12,1.4564e-05,48053.82027871217
top1,0.7,3,1.6588e-05,1.14e-12,-1.6590000000000002e-05,1.14e-12,1.6588e-05,50787.201625190464
top1,0.8,3,1.8502e-05,-9.95e-12,-1.8502e-05,9.95e-12,1.8502e-05,53705.69280343715
top1,0.9,3,2.0312e-05,5.04e-11,-2.0312e-05,5.04e-11,2.0312e-05,56915.196357427405
top1,1.0,3,2.2016e-05,-3.9530000000000005e-11,-2.2014e-05,3.9530000000000005e-11,2.2016e-05,60422.960725075536
top1,1.1,3,2.3622e-05,-1.55e-12,-2.3616e-05,1.55e-12,2.3622e-05,64557.779212395086
top1,1.2,3,2.5114e-05,5.800000000000003e-13,-2.5112e-05,5.800000000000003e-13,2.5114e-05,69108.50034554249
top1,1.3,3,2.6516e-05,-3.680000000000001e-12,-2.6518000000000003e-05,3.680000000000001e-12,2.6516e-05,73855.2437223043
top1,1.4,3,2.7822e-05,3.733e-11,-2.7824e-05,3.733e-11,2.7822e-05,79239.30269413634
top1,1.5,3,2.904e-05,-4.1320000000000006e-11,-2.9036e-05,4.1320000000000006e-11,2.904e-05,85689.80291345334
top1,1.6,3,3.0156e-05,1.6160000000000002e-11,-3.0168e-05,1.6160000000000002e-11,3.0156e-05,92678.40593141787
top1,1.7,3,3.1198e-05,1.32e-12,-3.12e-05,1.32e-12,3.1198e-05,100200.40080160325
top1,1.8,3,3.2152e-05,-1.7200000000000001e-12,-3.2152e-05,1.7200000000000001e-12,3.2152e-05,109170.30567685606
top1,1.9,3,3.303e-05,7.12e-12,-3.3028e-05,7.12e-12,3.303e-05,119474.31302269976
top1,2.0,3,3.3826000000000004e-05,-5.0170000000000006e-11,-3.3828e-05,5.0170000000000006e-11,3.3826000000000004e-05,131578.9473684211
top1,2.1,3,3.455e-05,1.773e-11,-3.455e-05,1.773e-11,3.455e-05,145348.837209303
top1,2.2,3,3.5202e-05,8.500000000000002e-13,-3.5204000000000004e-05,8.500000000000002e-13,3.5202e-05,161812.29773462802
top1,2.3000000000000003,3,3.5786e-05,-1.6600000000000002e-12,-3.5786e-05,1.6600000000000002e-12,3.5786e-05,181818.18181818165
top1,2.4,3,3.6302e-05,1.4800000000000006e-12,-3.63e-05,1.4800000000000006e-12,3.6302e-05,207468.8796680496
top1,2.5,3,3.675e-05,-2.224e-11,-3.675e-05,2.224e-11,3.675e-05,239808.1534772187
top1,2.6,3,3.7136e-05,4.7840000000000006e-11,-3.7136e-05,4.7840000000000006e-11,3.7136e-05,281690.1408450687
top1,2.7,3,3.746e-05,-4.52e-11,-3.7466e-05,4.52e-11,3.746e-05,335570.4697986548
top1,2.8000000000000003,3,3.7732e-05,5.53e-12,-3.773e-05,5.53e-12,3.7732e-05,409836.0655737704
top1,2.9,3,3.7948e-05,1.8900000000000002e-12,-3.7948e-05,1.8900000000000002e-12,3.7948e-05,515463.91752577655
top1,3.0,3,3.812e-05,-1.31e-12,-3.8122e-05,1.31e-12,3.812e-05,657894.7368421152
top1,3.1,3,3.8252e-05,2.01e-11,-3.8258e-05,2.01e-11,3.8252e-05,847457.6271186358
top1,3.2,3,3.8356e-05,-4.841e-11,-3.8358e-05,4.841e-11,3.8356e-05,1063829.7872340116
top1,3.3000000000000003,3,3.8440000000000005e-05,3.0430000000000005e-11,-3.8442e-05,3.0430000000000005e-11,3.8440000000000005e-05,1351351.3513513564
top1,3.4,3,3.8504e-05,-5.050000000000001e-12,-3.8508000000000005e-05,5.050000000000001e-12,3.8504e-05,1639344.2622951274
top1,3.5,3,3.8562e-05,-1.3400000000000006e-12,-3.8564e-05,1.3400000000000006e-12,3.8562e-05,1886792.4528301544
top1,3.6,3,3.8610000000000005e-05,1.2000000000000001e-12,-3.8612e-05,1.2000000000000001e-12,3.8610000000000005e-05,2127659.574468023
top1,3.7,3,3.8656e-05,-1.775e-11,-3.8658e-05,1.775e-11,3.8656e-05,2325581.3953488707
top1,3.8,3,3.8696e-05,4.679e-11,-3.87e-05,4.679e-11,3.8696e-05,2564102.5641027302
top1,3.9,3,3.8734e-05,-4.618e-11,-3.8734e-05,4.618e-11,3.8734e-05,2702702.7027027127
top1,4.0,3,3.877e-05,2.5740000000000003e-11,-3.877e-05,2.5740000000000003e-11,3.877e-05,2857142.8571426733
top1,4.1,3,3.8804e-05,-2.51e-12,-3.8806e-05,2.51e-12,3.8804e-05,3030303.0303032333
top1,4.2,3,3.8836e-05,-7.700000000000002e-13,-3.8836e-05,7.700000000000002e-13,3.8836e-05,3225806.451612884
top1,4.3,3,3.8866e-05,1.04e-12,-3.8868e-05,1.04e-12,3.8866e-05,3333333.33333318
top1,4.4,3,3.8896e-05,-2.1770000000000003e-11,-3.8896e-05,2.1770000000000003e-11,3.8896e-05,3448275.862069062
top1,4.5,3,3.8924e-05,4.895e-11,-3.8924e-05,4.895e-11,3.8924e-05,3571428.5714285225
top1,4.6000000000000005,3,3.8952e-05,-4.24e-11,-3.8952e-05,4.24e-11,3.8952e-05,3571428.5714285225
top1,4.7,3,3.898e-05,-6.200000000000001e-13,-3.8982e-05,6.200000000000001e-13,3.898e-05,3703703.7037039353
top1,4.8,3,3.9006e-05,1.03e-12,-3.9008e-05,1.03e-12,3.9006e-05,3846153.846153936
top1,4.9,3,3.9032e-05,-9.100000000000002e-13,-3.9034e-05,9.100000000000002e-13,3.9032e-05,3999999.9999999055
top1,5.0,3,3.9056e-05,5.9e-12,-3.9058e-05,5.9e-12,3.9056e-05,4166666.6666669273
top1,0.0,4,1.2521e-09,-1.8000000000000007e-13,-1.0539e-09,1.8000000000000007e-13,1.2521e-09,24757.69703803121
top1,0.1,4,4.0404e-06,1.02e-11,-4.0411e-06,1.02e-11,4.0404e-06,25168.4781070546
top1,0.2,4,7.9477e-06,3.285e-11,-7.9478e-06,3.285e-11,7.9477e-06,26076.979242724527
top1,0.3,4,1.171e-05,2.08e-12,-1.171e-05,2.08e-12,1.171e-05,27055.179037647275
top1,0.4,4,1.5340000000000002e-05,2.46e-12,-1.5344e-05,2.46e-12,1.5340000000000002e-05,28026.90582959641
top1,0.5,4,1.8846e-05,-7.200000000000003e-13,-1.8846e-05,7.200000000000003e-13,1.8846e-05,29120.559114735
top1,0.6,4,2.2208e-05,1.13e-12,-2.2208e-05,1.13e-12,2.2208e-05,30284.675953967304
top1,0.7,4,2.545e-05,-3.0420000000000003e-11,-2.5456e-05,3.0420000000000003e-11,2.545e-05,31515.915537346373
top1,0.8,4,2.8554e-05,4.9550000000000006e-11,-2.8556e-05,4.9550000000000006e-11,2.8554e-05,32829.94090610635
top1,0.9,4,3.1542000000000004e-05,-3.741e-11,-3.1542000000000004e-05,3.741e-11,3.1542000000000004e-05,34211.426616489895
top1,1.0,4,3.44e-05,9.35e-12,-3.4408e-05,9.35e-12,3.44e-05,35727.04537334766
top1,1.1,4,3.714e-05,1e-12,-3.714200000000001e-05,1e-12,3.714e-05,37355.24841240196
top1,1.2,4,3.9754e-05,-2.1000000000000003e-12,-3.9758e-05,2.1000000000000003e-12,3.9754e-05,39077.76475185618
top1,1.3,4,4.2258e-05,1.403e-11,-4.2254e-05,1.403e-11,4.2258e-05,40933.27875562836
top1,1.4,4,4.464e-05,-5.011e-11,-4.4644e-05,5.011e-11,4.464e-05,43010.752688172055
top1,1.5,4,4.6908e-05,4.1790000000000005e-11,-4.6912e-05,4.1790000000000005e-11,4.6908e-05,45126.3537906137
top1,1.6,4,4.9072e-05,-1.701e-11,-4.9072e-05,1.701e-11,4.9072e-05,47483.38081671408
top1,1.7,4,5.1120000000000005e-05,-1.5600000000000002e-12,-5.1122e-05,1.5600000000000002e-12,5.1120000000000005e-05,50150.45135406213
top1,1.8,4,5.306e-05,9.3e-13,-5.306e-05,9.3e-13,5.306e-05,52910.05291005304
top1,1.9,4,5.49e-05,-6.86e-12,-5.4904e-05,6.86e-12,5.49e-05,55928.4116331096
top1,2.0,4,5.663600000000001e-05,4.45e-11,-5.663600000000001e-05,4.45e-11,5.663600000000001e-05,59382.42280285024
top1,2.1,4,5.8268000000000005e-05,-2.216e-11,-5.827e-05,2.216e-11,5.8268000000000005e-05,63091.48264984236
top1,2.2,4,5.9806e-05,-8.800000000000002e-13,-5.9808e-05,8.800000000000002e-13,5.9806e-05,67204.30107526903
top1,2.3000000000000003,4,6.1244e-05,2.120000000000001e-12,-6.124800000000001e-05,2.120000000000001e-12,6.1244e-05,71174.37722419931
top1,2.4,4,6.2616e-05,-1.504e-11,-6.2604e-05,1.504e-11,6.2616e-05,76569.67840735035
top1,2.5,4,6.3856e-05,4.5430000000000005e-11,-6.3862e-05,4.5430000000000005e-11,6.3856e-05,82712.98593879235
top1,2.6,4,6.5034e-05,-4.669e-11,-6.5036e-05,4.669e-11,6.5034e-05,88183.42151675494
top1,2.7,4,6.6124e-05,1.859e-11,-6.6126e-05,1.859e-11,6.6124e-05,95510.98376313296
top1,2.8000000000000003,4,6.7128e-05,1.9700000000000003e-12,-6.713200000000001e-05,1.9700000000000003e-12,6.7128e-05,103305.78512396663
top1,2.9,4,6.806000000000001e-05,-1e-12,-6.8062e-05,1e-12,6.806000000000001e-05,111982.0828667412
top1,3.0,4,6.8914e-05,1.4300000000000002e-12,-6.8914e-05,1.4300000000000002e-12,6.8914e-05,121802.67965895294
top1,3.1,4,6.9702e-05,-2.8650000000000003e-11,-6.9696e-05,2.8650000000000003e-11,6.9702e-05,134952.76653171307
top1,3.2,4,7.039600000000001e-05,4.425e-11,-7.040200000000001e-05,4.425e-11,7.039600000000001e-05,150150.15015015102
top1,3.3000000000000003,4,7.1034e-05,-8.41e-12,-7.1034e-05,8.41e-12,7.1034e-05,165562.91390728558
top1,3.4,4,7.1604e-05,-2.3800000000000004e-12,-7.1608e-05,2.3800000000000004e-12,7.1604e-05,186219.7392923629
top1,3.5,4,7.2108e-05,1.65e-12,-7.2108e-05,1.65e-12,7.2108e-05,211416.490486258
top1,3.6,4,7.255e-05,-1.5800000000000001e-12,-7.255e-05,1.5800000000000001e-12,7.255e-05,243902.43902439176
top1,3.7,4,7.2928e-05,4.8680000000000007e-11,-7.2932e-05,4.8680000000000007e-11,7.2928e-05,284090.9090909099
top1,3.8,4,7.3254e-05,-4.102e-11,-7.325800000000002e-05,4.102e-11,7.3254e-05,333333.3333333323
top1,3.9,4,7.3528e-05,1.3890000000000002e-11,-7.3534e-05,1.3890000000000002e-11,7.3528e-05,393700.7874015722
top1,4.0,4,7.3762e-05,2.06e-12,-7.3766e-05,2.06e-12,7.3762e-05,469483.5680751178
top1,4.1,4,7.3954e-05,-1.04e-12,-7.3958e-05,1.04e-12,7.3954e-05,564971.7514124239
top1,4.2,4,7.4116e-05,1.4920000000000002e-11,-7.412e-05,1.4920000000000002e-11,7.4116e-05,675675.6756756797
top1,4.3,4,7.425e-05,-5.008e-11,-7.4254e-05,5.008e-11,7.425e-05,793650.7936508042
top1,4.4,4,7.4368e-05,4.4960000000000006e-11,-7.4376e-05,4.4960000000000006e-11,7.4368e-05,900900.900900906
top1,4.5,4,7.4472e-05,-2.04e-12,-7.4474e-05,2.04e-12,7.4472e-05,1020408.1632653272
top1,4.6000000000000005,4,7.4564e-05,-1.8100000000000002e-12,-7.4568e-05,1.8100000000000002e-12,7.4564e-05,1123595.5056179955
top1,4.7,4,7.465e-05,1.36e-12,-7.4652e-05,1.36e-12,7.465e-05,1250000.0000000077
top1,4.8,4,7.4724e-05,-3.82e-11,-7.4728e-05,3.82e-11,7.4724e-05,1369863.0136985525
top1,4.9,4,7.4796e-05,4.964e-11,-7.48e-05,4.964e-11,7.4796e-05,1449275.3623187952
top1,5.0,4,7.4862e-05,-3.2290000000000006e-11,-7.4866e-05,3.2290000000000006e-11,7.4862e-05,1515151.51515161
top1,0.0,5,1.1048e-09,-4.0150000000000005e-11,-1.1569e-09,4.0150000000000005e-11,1.1048e-09,18110.70829676177
top1,0.1,5,5.5227000000000005e-06,-1.88e-12,-5.5246e-06,1.88e-12,5.5227000000000005e-06,18370.035562184443
top1,0.2,5,1.08884e-05,-5.1e-13,-1.08893e-05,5.1e-13,1.08884e-05,18915.57035173503
top1,0.3,5,1.6096e-05,-1.9200000000000003e-12,-1.6096e-05,1.9200000000000003e-12,1.6096e-05,19471.163207290003
top1,0.4,5,2.116e-05,1.9e-12,-2.1162e-05,1.9e-12,2.116e-05,20036.06491685033
top1,0.5,5,2.6078e-05,-1.088e-11,-2.6082e-05,1.088e-11,2.6078e-05,20652.62288310616
top1,0.6,5,3.0844e-05,4.4700000000000005e-11,-3.0842e-05,4.4700000000000005e-11,3.0844e-05,21294.71890971039
top1,0.7,5,3.5470000000000004e-05,-4.7440000000000006e-11,-3.5476000000000004e-05,4.7440000000000006e-11,3.5470000000000004e-05,21982.853374368
top1,0.8,5,3.9942e-05,2.77e-11,-3.9946e-05,2.77e-11,3.9942e-05,22691.173133651
top1,0.9,5,4.4284000000000005e-05,-3.740000000000001e-12,-4.4286e-05,3.740000000000001e-12,4.4284000000000005e-05,23397.28591483385
top1,1.0,5,4.8490000000000005e-05,-1.4900000000000001e-12,-4.8478e-05,1.4900000000000001e-12,4.8490000000000005e-05,24177.949709864617
top1,1.1,5,5.2556e-05,2.3800000000000004e-12,-5.2554e-05,2.3800000000000004e-12,5.2556e-05,25037.55633450175
top1,1.2,5,5.6478e-05,-1.892e-11,-5.6464e-05,1.892e-11,5.6478e-05,25987.525987525973
top1,1.3,5,6.0252000000000005e-05,4.5720000000000005e-11,-6.025e-05,4.5720000000000005e-11,6.0252000000000005e-05,26903.41673392522
top1,1.4,5,6.391200000000001e-05,-4.68e-11,-6.391200000000001e-05,4.68e-11,6.391200000000001e-05,27847.39626844889
top1,1.5,5,6.7434e-05,2.235e-11,-6.7436e-05,2.235e-11,6.7434e-05,28893.38341519792
top1,1.6,5,7.0834e-05,-2.18e-12,-7.0834e-05,2.18e-12,7.0834e-05,29967.03626011388
top1,1.7,5,7.4108e-05,-2.42e-12,-7.4108e-05,2.42e-12,7.4108e-05,31172.0698254364
top1,1.8,5,7.725e-05,1.4300000000000002e-12,-7.725e-05,1.4300000000000002e-12,7.725e-05,32425.42153047993
top1,1.9,5,8.0276e-05,-1.5200000000000002e-12,-8.028e-05,1.5200000000000002e-12,8.0276e-05,33749.57813027338
top1,2.0,5,8.3176e-05,1.781e-11,-8.3182e-05,1.781e-11,8.3176e-05,35198.873636043616
top1,2.1,5,8.5958e-05,-5.067e-11,-8.5964e-05,5.067e-11,8.5958e-05,36724.20124862286
top1,2.2,5,8.8622e-05,8.92e-12,-8.8628e-05,8.92e-12,8.8622e-05,38343.55828220863
top1,2.3000000000000003,5,9.1174e-05,1.88e-12,-9.1176e-05,1.88e-12,9.1174e-05,40080.1603206413
top1,2.4,5,9.3612e-05,-2.37e-12,-9.3618e-05,2.37e-12,9.3612e-05,41981.52812762382
top1,2.5,5,9.5938e-05,1.6600000000000002e-12,-9.5942e-05,1.6600000000000002e-12,9.5938e-05,44052.86343612331
top1,2.6,5,9.8152e-05,-2.3720000000000003e-11,-9.8156e-05,2.3720000000000003e-11,9.8152e-05,46253.46901017572
top1,2.7,5,0.000100262,4.284e-11,-0.000100286,4.284e-11,0.000100262,48614.48711716102
top1,2.8000000000000003,5,0.000102266,-8.77e-12,-0.000102274,8.77e-12,0.000102266,51177.072671443246
top1,2.9,5,0.00010417,-1.3000000000000001e-12,-0.00010418,1.3000000000000001e-12,0.00010417,53966.54074473807
top1,3.0,5,0.000105972,6.6e-13,-0.000105978,6.6e-13,0.000105972,56947.6082004556
top1,3.1,5,0.000107682,-6.730000000000002e-12,-0.000107686,6.730000000000002e-12,0.000107682,60350.0301750151
top1,3.2,5,0.000109286,4.6710000000000006e-11,-0.000109296,4.6710000000000006e-11,0.000109286,63979.52655150364
top1,3.3000000000000003,5,0.000110808,-4.497e-11,-0.000110818,4.497e-11,0.000110808,67796.61016949166
top1,3.4,5,0.000112236,1.5200000000000002e-12,-0.000112264,1.5200000000000002e-12,0.000112236,72306.5798987705
top1,3.5,5,0.000113574,1.2400000000000002e-12,-0.00011358,1.2400000000000002e-12,0.000113574,77399.3808049536
top1,3.6,5,0.00011482,2.761e-11,-0.000114838,2.761e-11,0.00011482,83125.51953449704
top1,3.7,5,0.00011598,-2e-12,-0.000116002,2e-12,0.00011598,88495.57522123867
top1,3.8,5,0.00011708,-1.5700000000000002e-12,-0.000117092,1.5700000000000002e-12,0.00011708,94339.62264150933
top1,3.9,5,0.0001181,9.100000000000002e-13,-0.00011812,9.100000000000002e-13,0.0001181,103092.78350515458
top1,4.0,5,0.00011902,-1.7200000000000001e-12,-0.00011908,1.7200000000000001e-12,0.00011902,113636.36363636372
top1,4.1,5,0.00011986,1.03e-12,-0.0001199,1.03e-12,0.00011986,123456.7901234568
top1,4.2,5,0.00012064,-2.16e-12,-0.0001207,2.16e-12,0.00012064,131578.94736842124
top1,4.3,5,0.00012138,4.771e-11,-0.00012138,4.771e-11,0.00012138,142857.14285714366
top1,4.4,5,0.00012204,-2.679e-11,-0.00012206,2.679e-11,0.00012204,163934.42622950947
top1,4.5,5,0.0001226,-2.3300000000000004e-12,-0.00012266,2.3300000000000004e-12,0.0001226,188679.24528301784
top1,4.6000000000000005,5,0.0001231,2.3200000000000002e-12,-0.00012316,2.3200000000000002e-12,0.0001231,200000.0000000008
top1,4.7,5,0.0001236,-9.9e-13,-0.00012362,9.9e-13,0.0001236,222222.2222222227
top1,4.8,5,0.000124,5.0420000000000005e-11,-0.000124,5.0420000000000005e-11,0.000124,277777.7777777755
top1,4.9,5,0.00012432,-4.0950000000000005e-11,-0.00012438,4.0950000000000005e-11,0.00012432,294117.64705882367
top1,5.0,5,0.00012468,7.7e-12,-0.0001247,7.7e-12,0.00012468,277777.7777777742
top2,0.0,-5,-4.8692e-12,-1.00002e-08,1.00116e-08,1.00002e-08,4.8692e-12,20028841531.8058
top2,0.1,-5,1.236e-13,-1.00002e-08,9.9898e-09,1.00002e-08,1.236e-13,19918731575.17329
top2,0.2,-5,5.1716e-12,-1.00002e-08,9.9272e-09,1.00002e-08,5.1716e-12,26801029159.51973
top2,0.3,-5,7.586e-12,-1.00003e-08,9.9142e-09,1.00003e-08,7.586e-12,40749796251.01875
top2,0.4,-5,1.0079599999999999e-11,-1.00003e-08,9.9202e-09,1.00003e-08,1.0079599999999999e-11,-31312625250.501007
top2,0.5,-5,1.1988e-12,-1.00003e-08,1.00202e-08,1.00003e-08,1.1988e-12,-24051759386.199097
top2,0.6,-5,1.7642e-12,-1.00003e-08,9.9932e-09,1.00003e-08,1.7642e-12,42306553285.10388
top2,0.7,-5,5.9262e-12,-1.00003e-08,9.9346e-09,1.00003e-08,5.9262e-12,95192765349.83344
top2,0.8,-5,3.8652e-12,-1.00002e-08,1.00688e-08,1.00002e-08,3.8652e-12,-71133873950.77536
top2,0.9,-5,3.1146e-12,-1.00002e-08,1.00684e-08,1.00002e-08,3.1146e-12,24689529170.678715
top2,1.0,-5,1.19658e-11,-1.00002e-08,1.0017799999999998e-08,1.00002e-08,1.19658e-11,52026429426.14851
top2,1.1,-5,6.9588e-12,-1.00002e-08,9.929e-09,1.00002e-08,6.9588e-12,-67631543351.81928
top2,1.2,-5,9.0086e-12,-1.00003e-08,9.915e-09,1.00003e-08,9.0086e-12,56602705609.328125
top2,1.3,-5,1.04922e-11,-1.00003e-08,9.915799999999997e-09,1.00003e-08,1.04922e-11,-27495188342.04017
top2,1.4,-5,1.7346e-12,-1.00003e-08,1.00334e-08,1.00003e-08,1.7346e-12,-25353041097.279613
top2,1.5,-5,2.6036e-12,-1.00003e-08,9.9916e-09,1.00003e-08,2.6036e-12,60510710395.74004
top2,1.6,-5,5.0398e-12,-1.00002e-08,9.9472e-09,1.00002e-08,5.0398e-12,85324232081.91125
top2,1.7,-5,4.9476e-12,-1.00003e-08,1.00678e-08,1.00003e-08,4.9476e-12,-161420500403.55124
top2,1.8,-5,3.8008e-12,-1.00002e-08,1.00724e-08,1.00002e-08,3.8008e-12,28489216831.42933
top2,1.9,-5,1.19678e-11,-1.00003e-08,1.00046e-08,1.00003e-08,1.19678e-11,74161969741.91632
top2,2.0,-5,6.4976e-12,-1.00002e-08,1.0066e-08,1.00002e-08,6.4976e-12,-27878449958.18232
top2,2.1,-5,4.7938e-12,-1.00002e-08,1.00708e-08,1.00002e-08,4.7938e-12,-70052539404.55347
top2,2.2,-5,3.6426e-12,-1.00003e-08,1.00688e-08,1.00003e-08,3.6426e-12,23080296351.00517
top2,2.3000000000000003,-5,1.34592e-11,-1.00003e-08,1.00134e-08,1.00003e-08,1.34592e-11,46277014207.0433
top2,2.4,-5,7.9644e-12,-1.00003e-08,9.991799999999997e-09,1.00003e-08,7.9644e-12,-45287803994.384254
top2,2.5,-5,9.043e-12,-1.00002e-08,1.0044999999999998e-08,1.00002e-08,9.043e-12,57064597123.944336
top2,2.6,-5,1.14692e-11,-1.00003e-08,9.9108e-09,1.00003e-08,1.14692e-11,58750954703.01397
top2,2.7,-5,1.24472e-11,-1.00002e-08,1.00396e-08,1.00002e-08,1.24472e-11,-25108594671.95624
top2,2.8000000000000003,-5,3.5038e-12,-1.00002e-08,9.988399999999998e-09,1.00002e-08,3.5038e-12,-33636057854.01945
top2,2.9,-5,6.5012e-12,-1.00003e-08,9.920999999999998e-09,1.00003e-08,6.5012e-12,26493575307.987785
top2,3.0,-5,1.1052799999999999e-11,-1.00003e-08,9.9126e-09,1.00003e-08,1.1052799999999999e-11,29976917773.31457
top2,3.1,-5,1.3173e-11,-1.00003e-08,9.91e-09,1.00003e-08,1.3173e-11,-28476236580.57354
top2,3.2,-5,4.0294e-12,-1.00002e-08,1.00322e-08,1.00002e-08,4.0294e-12,-24609326934.90836
top2,3.3000000000000003,-5,5.046e-12,-1.00003e-08,9.9876e-09,1.00003e-08,5.046e-12,50301810865.19107
top2,3.4,-5,8.0054e-12,-1.00003e-08,9.9372e-09,1.00003e-08,8.0054e-12,320307495195.3873
top2,3.5,-5,5.6704e-12,-1.00003e-08,1.007e-08,1.00003e-08,5.6704e-12,-53760550508.03723
top2,3.6,-5,4.2852e-12,-1.00003e-08,1.00638e-08,1.00003e-08,4.2852e-12,24710272060.09541
top2,3.7,-5,1.3764199999999999e-11,-1.00003e-08,1.0045399999999998e-08,1.00003e-08,1.3764199999999999e-11,27273223149.51183
top2,3.8,-5,1.16184e-11,-1.00003e-08,9.915799999999997e-09,1.00003e-08,1.16184e-11,-257798401649.90945
top2,3.9,-5,1.2988399999999999e-11,-1.00003e-08,9.9186e-09,1.00003e-08,1.2988399999999999e-11,-24186136506.554413
top2,4.0,-5,3.3492e-12,-1.00003e-08,1.0023799999999998e-08,1.00003e-08,3.3492e-12,-25439466788.77608
top2,4.1,-5,5.1266e-12,-1.00003e-08,9.9904e-09,1.00003e-08,5.1266e-12,46138230137.49197
top2,4.2,-5,7.684e-12,-1.00002e-08,9.942599999999998e-09,1.00002e-08,7.684e-12,231910946196.66068
top2,4.3,-5,5.989e-12,-1.00002e-08,1.00524e-08,1.00002e-08,5.989e-12,29127344751.252502
top2,4.4,-5,1.4550399999999999e-11,-1.00002e-08,1.00262e-08,1.00002e-08,1.4550399999999999e-11,39840637450.199234
top2,4.5,-5,1.1009e-11,-1.00002e-08,9.916199999999997e-09,1.00002e-08,1.1009e-11,-103562551781.276
top2,4.6000000000000005,-5,1.26192e-11,-1.00003e-08,9.9934e-09,1.00003e-08,1.26192e-11,170561146170.90253
top2,4.7,-5,1.21816e-11,-1.00002e-08,1.00194e-08,1.00002e-08,1.21816e-11,-77047538331.15005
top2,4.8,-5,1.00234e-11,-1.00002e-08,1.00294e-08,1.00002e-08,1.00234e-11,-26758000642.19204
top2,4.9,-5,4.7072e-12,-1.00002e-08,9.9878e-09,1.00002e-08,4.7072e-12,-86926286509.04044
top2,5.0,-5,7.7226e-12,-1.00002e-08,9.940799999999997e-09,1.00002e-08,7.7226e-12,33163096106.6524
top2,0.0,-4,3.118e-12,-1.00002e-08,9.9202e-09,1.00002e-08,3.118e-12,14914687984.72736
top2,0.1,-4,9.8228e-12,-1.00002e-08,9.916599999999997e-09,1.00002e-08,9.8228e-12,-201816347124.1172
top2,0.2,-4,2.127e-12,-1.00002e-08,1.00304e-08,1.00002e-08,2.127e-12,-26107615591.46803
top2,0.3,-4,2.1622e-12,-1.00003e-08,9.945199999999998e-09,1.00003e-08,2.1622e-12,133457894034.43216
top2,0.4,-4,3.6256e-12,-1.00002e-08,1.00536e-08,1.00002e-08,3.6256e-12,21008844723.628647
top2,0.5,-4,1.1682e-11,-1.00002e-08,9.991399999999997e-09,1.00002e-08,1.1682e-11,34036759700.47651
top2,0.6,-4,9.5016e-12,-1.00003e-08,1.0027e-08,1.00003e-08,9.5016e-12,-53645190708.65299
top2,0.7,-4,7.9538e-12,-1.00002e-08,9.9202e-09,1.00002e-08,7.9538e-12,365363536719.0351
top2,0.8,-4,1.0049e-11,-1.00002e-08,9.9152e-09,1.00002e-08,1.0049e-11,61927173643.79488
top2,0.9,-4,1.11834e-11,-1.00002e-08,9.912799999999998e-09,1.00002e-08,1.11834e-11,-25719503099.20012
top2,1.0,-4,2.2728e-12,-1.00003e-08,1.00302e-08,1.00003e-08,2.2728e-12,-25174966013.795887
top2,1.1,-4,3.239e-12,-1.00003e-08,9.9882e-09,1.00003e-08,3.239e-12,44964028776.9784
top2,1.2,-4,6.7208e-12,-1.00002e-08,9.9358e-09,1.00002e-08,6.7208e-12,117164616285.88162
top2,1.3,-4,4.946e-12,-1.00002e-08,1.00724e-08,1.00002e-08,4.946e-12,30765444253.01504
top2,1.4,-4,1.32216e-11,-1.00002e-08,1.00024e-08,1.00002e-08,1.32216e-11,74299725091.01714
top2,1.5,-4,7.6378e-12,-1.00002e-08,1.0062e-08,1.00002e-08,7.6378e-12,-24670646864.36077
top2,1.6,-4,5.1148e-12,-1.00003e-08,1.00684e-08,1.00003e-08,5.1148e-12,-45020709526.38212
top2,1.7,-4,3.1954e-12,-1.00003e-08,1.0063599999999998e-08,1.00003e-08,3.1954e-12,27180560463.156742
top2,1.8,-4,1.2473e-11,-1.00003e-08,9.9954e-09,1.00003e-08,1.2473e-11,43698654081.45433
top2,1.9,-4,7.7722e-12,-1.00003e-08,1.00548e-08,1.00003e-08,7.7722e-12,10989010989010.947
top2,2.0,-4,1.24912e-11,-1.00003e-08,9.9982e-09,1.00003e-08,1.24912e-11,-477099236641.2207
top2,2.1,-4,7.352999999999999e-12,-1.00002e-08,1.00494e-08,1.00002e-08,7.352999999999999e-12,1098901098901.1058
top2,2.2,-4,1.26732e-11,-1.00002e-08,9.980999999999997e-09,1.00002e-08,1.26732e-11,39864460833.16726
top2,2.3000000000000003,-4,1.237e-11,-1.00003e-08,1.00062e-08,1.00003e-08,1.237e-11,-42936882782.30996
top2,2.4,-4,8.0152e-12,-1.00003e-08,1.00616e-08,1.00003e-08,8.0152e-12,-34758428919.01282
top2,2.5,-4,6.616e-12,-1.00003e-08,1.0069599999999998e-08,1.00003e-08,6.616e-12,-100020004000.80025
top2,2.6,-4,6.0156e-12,-1.00003e-08,1.0066e-08,1.00003e-08,6.0156e-12,25686470935.75816
top2,2.7,-4,1.44022e-11,-1.00002e-08,9.993599999999998e-09,1.00002e-08,1.44022e-11,40955072285.70261
top2,2.8000000000000003,-4,1.0899e-11,-1.00003e-08,1.00432e-08,1.00003e-08,1.0899e-11,-103103412722.96094
top2,2.9,-4,1.2462399999999999e-11,-1.00003e-08,9.909e-09,1.00003e-08,1.2462399999999999e-11,65715975553.657005
top2,3.0,-4,1.39424e-11,-1.00003e-08,9.9186e-09,1.00003e-08,1.39424e-11,-28885871920.043934
top2,3.1,-4,5.5386e-12,-1.00002e-08,1.00138e-08,1.00002e-08,5.5386e-12,-24399765762.248707
top2,3.2,-4,5.7456e-12,-1.00003e-08,9.983999999999997e-09,1.00003e-08,5.7456e-12,42651198498.67785
top2,3.3000000000000003,-4,1.02278e-11,-1.00003e-08,9.9284e-09,1.00003e-08,1.02278e-11,28833400611.26805
top2,3.4,-4,1.2682e-11,-1.00002e-08,9.9206e-09,1.00002e-08,1.2682e-11,-40449801795.971146
top2,3.5,-4,5.2834e-12,-1.00003e-08,1.00226e-08,1.00003e-08,5.2834e-12,-28555926782.60376
top2,3.6,-4,5.6782e-12,-1.00003e-08,9.982799999999998e-09,1.00003e-08,5.6782e-12,48155639025.3299
top2,3.7,-4,9.4366e-12,-1.00003e-08,9.9286e-09,1.00003e-08,9.4366e-12,35174111853.67573
top2,3.8,-4,1.13642e-11,-1.00003e-08,9.913999999999997e-09,1.00003e-08,1.13642e-11,45637093829.86486
top2,3.9,-4,1.3819e-11,-1.00002e-08,9.910199999999998e-09,1.00002e-08,1.3819e-11,-29305746856.958607
top2,4.0,-4,4.5396e-12,-1.00003e-08,1.00298e-08,1.00003e-08,4.5396e-12,-24842868854.49528
top2,4.1,-4,5.7684e-12,-1.00003e-08,9.986599999999997e-09,1.00003e-08,5.7684e-12,58685446009.389725
top2,4.2,-4,7.9476e-12,-1.00002e-08,9.9474e-09,1.00002e-08,7.9476e-12,120351426164.40016
top2,4.3,-4,7.4302e-12,-1.00003e-08,1.0065e-08,1.00003e-08,7.4302e-12,-100200400801.6033
top2,4.4,-4,5.9516e-12,-1.00002e-08,1.00676e-08,1.00002e-08,5.9516e-12,-84295709348.39424
top2,4.5,-4,5.0576e-12,-1.00003e-08,1.0055799999999998e-08,1.00003e-08,5.0576e-12,23001725129.38472
top2,4.6000000000000005,-4,1.46466e-11,-1.00002e-08,9.9626e-09,1.00002e-08,1.46466e-11,20496423374.121235
top2,4.7,-4,1.48154e-11,-1.00002e-08,1.00494e-08,1.00002e-08,1.48154e-11,-31980555822.06007
top2,4.8,-4,8.3928e-12,-1.00002e-08,1.00624e-08,1.00002e-08,8.3928e-12,-24981888131.104965
top2,4.9,-4,6.8096e-12,-1.00003e-08,1.0069599999999998e-08,1.00003e-08,6.8096e-12,-68138457345.32575
top2,5.0,-4,5.4576e-12,-1.00003e-08,1.00604e-08,1.00003e-08,5.4576e-12,-73964497041.41986
top2,0.0,-3,-4.7368e-12,-1.00003e-08,1.00148e-08,1.00003e-08,4.7368e-12,13609515773.428783
top2,0.1,-3,2.611e-12,-1.00003e-08,9.99e-09,1.00003e-08,2.611e-12,16708716937.626362
top2,0.2,-3,7.232999999999999e-12,-1.00002e-08,9.926599999999997e-09,1.00002e-08,7.232999999999999e-12,29027576197.38752
top2,0.3,-3,9.501e-12,-1.00003e-08,9.919599999999995e-09,1.00003e-08,9.501e-12,46665733351.999626
top2,0.4,-3,1.15188e-11,-1.00003e-08,1.0025999999999998e-08,1.00003e-08,1.15188e-11,-206228088265.62177
top2,0.5,-3,8.5312e-12,-1.00003e-08,9.918799999999997e-09,1.00003e-08,8.5312e-12,-343288705801.5793
top2,0.6,-3,1.09362e-11,-1.00003e-08,9.9124e-09,1.00003e-08,1.09362e-11,44403001642.91107
top2,0.7,-3,1.30354e-11,-1.00003e-08,9.921399999999997e-09,1.00003e-08,1.30354e-11,-27196823411.0256
top2,0.8,-3,3.5824e-12,-1.00002e-08,1.00162e-08,1.00002e-08,3.5824e-12,-23594922372.70539
top2,0.9,-3,4.559e-12,-1.00003e-08,9.985799999999997e-09,1.00003e-08,4.559e-12,38571318367.6618
top2,1.0,-3,8.7676e-12,-1.00002e-08,9.928e-09,1.00002e-08,8.7676e-12,36923531366.53991
top2,1.1,-3,9.9756e-12,-1.00003e-08,9.999999999999997e-09,1.00003e-08,9.9756e-12,-318674314850.22327
top2,1.2,-3,8.14e-12,-1.00003e-08,1.00616e-08,1.00003e-08,8.14e-12,-51075131518.46364
top2,1.3,-3,6.0598e-12,-1.00003e-08,1.0066e-08,1.00003e-08,6.0598e-12,-73637702503.68193
top2,1.4,-3,5.424e-12,-1.00003e-08,1.00658e-08,1.00003e-08,5.424e-12,23458759500.7976
top2,1.5,-3,1.45854e-11,-1.00003e-08,9.993e-09,1.00003e-08,1.45854e-11,47571476142.9047
top2,1.6,-3,9.6282e-12,-1.00003e-08,1.00458e-08,1.00003e-08,9.6282e-12,-89341552756.18689
top2,1.7,-3,1.2346799999999999e-11,-1.00003e-08,9.912e-09,1.00003e-08,1.2346799999999999e-11,51106454745.23432
top2,1.8,-3,1.35416e-11,-1.00002e-08,1.0008e-08,1.00002e-08,1.35416e-11,-76289288983.82675
top2,1.9,-3,9.7252e-12,-1.00002e-08,9.921799999999997e-09,1.00002e-08,9.7252e-12,-136630687252.35684
top2,2.0,-3,1.20778e-11,-1.00002e-08,9.9134e-09,1.00002e-08,1.20778e-11,60934738894.64381
top2,2.1,-3,1.30074e-11,-1.00002e-08,9.945199999999998e-09,1.00002e-08,1.30074e-11,210970464135.02136
top2,2.2,-3,1.30258e-11,-1.00002e-08,1.00042e-08,1.00002e-08,1.30258e-11,-37045269319.10798
top2,2.3000000000000003,-3,7.6086e-12,-1.00003e-08,1.0034199999999998e-08,1.00003e-08,7.6086e-12,-24325573475.39465
top2,2.4,-3,4.804e-12,-1.00003e-08,9.989e-09,1.00003e-08,4.804e-12,-3164556962025.313
top2,2.5,-3,7.5454e-12,-1.00002e-08,9.939999999999997e-09,1.00002e-08,7.5454e-12,97723052868.17168
top2,2.6,-3,6.8506e-12,-1.00003e-08,1.0066599999999998e-08,1.00003e-08,6.8506e-12,-72484778196.57878
top2,2.7,-3,4.7862e-12,-1.00003e-08,1.00694e-08,1.00003e-08,4.7862e-12,26356017078.69909
top2,2.8000000000000003,-3,1.4439e-11,-1.00002e-08,9.9924e-09,1.00002e-08,1.4439e-11,37943464238.2849
top2,2.9,-3,1.00572e-11,-1.00003e-08,1.0063599999999998e-08,1.00003e-08,1.00572e-11,-22015278603.350697
top2,3.0,-3,5.3544e-12,-1.00003e-08,1.00706e-08,1.00003e-08,5.3544e-12,62778579948.52162
top2,3.1,-3,1.3243e-11,-1.00003e-08,1.00426e-08,1.00003e-08,1.3243e-11,27282152016.15105
top2,3.2,-3,1.26852e-11,-1.00002e-08,9.9766e-09,1.00002e-08,1.26852e-11,-268456375838.92648
top2,3.3000000000000003,-3,1.2498e-11,-1.00003e-08,1.0009999999999998e-08,1.00003e-08,1.2498e-11,-41517894212.40549
top2,3.4,-3,7.868e-12,-1.00002e-08,9.9282e-09,1.00002e-08,7.868e-12,-121006776379.47713
top2,3.5,-3,1.08452e-11,-1.00003e-08,9.9998e-09,1.00003e-08,1.08452e-11,478927203065.13525
top2,3.6,-3,8.2856e-12,-1.00002e-08,1.00608e-08,1.00002e-08,8.2856e-12,-45856834961.251015
top2,3.7,-3,6.4838e-12,-1.00003e-08,1.00658e-08,1.00003e-08,6.4838e-12,-65746219592.37351
top2,3.8,-3,5.2436e-12,-1.00003e-08,1.0063999999999998e-08,1.00003e-08,5.2436e-12,23212088855.87612
top2,3.9,-3,1.5099999999999998e-11,-1.00003e-08,9.992199999999997e-09,1.00003e-08,1.5099999999999998e-11,38738668939.33519
top2,4.0,-3,1.04064e-11,-1.00003e-08,1.00512e-08,1.00003e-08,1.04064e-11,-29339279427.29724
top2,4.1,-3,8.2832e-12,-1.00003e-08,1.0066599999999998e-08,1.00003e-08,8.2832e-12,-67563002499.83113
top2,4.2,-3,7.4462e-12,-1.00003e-08,1.00648e-08,1.00003e-08,7.4462e-12,29182595500.0438
top2,4.3,-3,1.51366e-11,-1.00003e-08,9.989599999999995e-09,1.00003e-08,1.51366e-11,40064102564.1026
top2,4.4,-3,1.24382e-11,-1.00003e-08,1.00406e-08,1.00003e-08,1.24382e-11,-959692898272.5432
top2,4.5,-3,1.49282e-11,-1.00002e-08,9.9614e-09,1.00002e-08,1.49282e-11,42841230400.13714
top2,4.6000000000000005,-3,1.7106599999999998e-11,-1.00003e-08,9.985799999999997e-09,1.00003e-08,1.7106599999999998e-11,-65402223675.60504
top2,4.7,-3,1.18702e-11,-1.00003e-08,1.0055799999999998e-08,1.00003e-08,1.18702e-11,-27179082977.74024
top2,4.8,-3,9.748e-12,-1.00003e-08,1.0053e-08,1.00003e-08,9.748e-12,37002775208.14065
top2,4.9,-3,1.72752e-11,-1.00002e-08,9.990999999999998e-09,1.00002e-08,1.72752e-11,39206461224.80988
top2,5.0,-3,1.48492e-11,-1.00003e-08,1.00248e-08,1.00003e-08,1.48492e-11,-41220115416.32303
top2,0.0,-2,4.0388e-12,-1.00003e-08,9.929e-09,1.00003e-08,4.0388e-12,-97694411879.64047
top2,0.1,-2,3.0152e-12,-1.00002e-08,1.0025999999999998e-08,1.00002e-08,3.0152e-12,340020401224.0737
top2,0.2,-2,4.627e-12,-1.00003e-08,9.988e-09,1.00003e-08,4.627e-12,39215686274.5098
top2,0.3,-2,8.1152e-12,-1.00002e-08,9.9294e-09,1.00002e-08,8.1152e-12,35742369004.2176
top2,0.4,-2,1.02226e-11,-1.00003e-08,9.9156e-09,1.00003e-08,1.02226e-11,37383177570.09346
top2,0.5,-2,1.34652e-11,-1.00003e-08,9.915e-09,1.00003e-08,1.34652e-11,-31468311410.40971
top2,0.6,-2,3.867e-12,-1.00003e-08,1.00266e-08,1.00003e-08,3.867e-12,-22393908856.79096
top2,0.7,-2,4.5342e-12,-1.00003e-08,9.985799999999997e-09,1.00003e-08,4.5342e-12,48162596927.226326
top2,0.8,-2,8.0196e-12,-1.00003e-08,9.9336e-09,1.00003e-08,8.0196e-12,329489291598.0229
top2,0.9,-2,5.1412e-12,-1.00003e-08,1.0037199999999998e-08,1.00003e-08,5.1412e-12,-56341202321.25752
top2,1.0,-2,4.4698e-12,-1.00003e-08,9.99e-09,1.00003e-08,4.4698e-12,94598429666.06758
top2,1.1,-2,7.2554e-12,-1.00003e-08,9.9462e-09,1.00003e-08,7.2554e-12,73594347954.07712
top2,1.2,-2,7.1874e-12,-1.00003e-08,1.00248e-08,1.00003e-08,7.1874e-12,-81103000811.02998
top2,1.3,-2,4.7894e-12,-1.00002e-08,9.986199999999997e-09,1.00002e-08,4.7894e-12,129232359782.8898
top2,1.4,-2,8.735e-12,-1.00003e-08,9.9868e-09,1.00003e-08,8.735e-12,26821156528.269493
top2,1.5,-2,1.22462e-11,-1.00003e-08,1.00132e-08,1.00003e-08,1.22462e-11,620347394540.9407
top2,1.6,-2,9.0574e-12,-1.00003e-08,9.9258e-09,1.00003e-08,9.0574e-12,-268744961031.98056
top2,1.7,-2,1.1502e-11,-1.00003e-08,9.9096e-09,1.00003e-08,1.1502e-11,41926963230.053246
top2,1.8,-2,1.38276e-11,-1.00003e-08,9.9484e-09,1.00003e-08,1.38276e-11,70264193367.06021
top2,1.9,-2,1.43484e-11,-1.00002e-08,9.9932e-09,1.00002e-08,1.43484e-11,-70761392584.20605
top2,2.0,-2,1.10012e-11,-1.00002e-08,1.00334e-08,1.00002e-08,1.10012e-11,-20703505103.414005
top2,2.1,-2,4.6882e-12,-1.00003e-08,9.9864e-09,1.00003e-08,4.6882e-12,-53604931653.712166
top2,2.2,-2,7.270199999999999e-12,-1.00003e-08,1.00676e-08,1.00003e-08,7.270199999999999e-12,262743037309.5117
top2,2.3000000000000003,-2,5.4494e-12,-1.00003e-08,1.00592e-08,1.00003e-08,5.4494e-12,25097251850.922287
top2,2.4,-2,1.52392e-11,-1.00003e-08,1.00486e-08,1.00003e-08,1.52392e-11,105152471083.07031
top2,2.5,-2,7.3514e-12,-1.00003e-08,1.00662e-08,1.00003e-08,7.3514e-12,-21481815643.05817
top2,2.6,-2,5.929e-12,-1.00002e-08,1.00676e-08,1.00002e-08,5.929e-12,-103766732385.59727
top2,2.7,-2,5.424e-12,-1.00003e-08,1.00566e-08,1.00003e-08,5.424e-12,21301976823.44924
top2,2.8000000000000003,-2,1.53178e-11,-1.00002e-08,9.967199999999997e-09,1.00002e-08,1.53178e-11,23045722713.86428
top2,2.9,-2,1.41024e-11,-1.00003e-08,9.9932e-09,1.00003e-08,1.41024e-11,-47499168764.54658
top2,3.0,-2,1.11072e-11,-1.00003e-08,1.0043e-08,1.00003e-08,1.11072e-11,146864444118.07922
top2,3.1,-2,1.54642e-11,-1.00002e-08,9.982e-09,1.00002e-08,1.54642e-11,63147259408.94171
top2,3.2,-2,1.42744e-11,-1.00003e-08,1.00134e-08,1.00003e-08,1.42744e-11,-49975012493.75319
top2,3.3000000000000003,-2,1.14622e-11,-1.00002e-08,9.9176e-09,1.00002e-08,1.14622e-11,-885739592559.7827
top2,3.4,-2,1.40486e-11,-1.00003e-08,9.910199999999998e-09,1.00003e-08,1.40486e-11,55732040349.99716
top2,3.5,-2,1.50508e-11,-1.00003e-08,9.9124e-09,1.00003e-08,1.50508e-11,-27534555867.613884
top2,3.6,-2,6.785e-12,-1.00003e-08,1.00172e-08,1.00003e-08,6.785e-12,-28812631457.63105
top2,3.7,-2,8.1094e-12,-1.00003e-08,9.9864e-09,1.00003e-08,8.1094e-12,46994689600.07523
top2,3.8,-2,1.10408e-11,-1.00002e-08,9.9066e-09,1.00002e-08,1.10408e-11,29488956385.833466
top2,3.9,-2,1.48916e-11,-1.00003e-08,9.907e-09,1.00003e-08,1.48916e-11,-43084877208.0999
top2,4.0,-2,6.3988e-12,-1.00003e-08,1.00236e-08,1.00003e-08,6.3988e-12,-26706548445.678844
top2,4.1,-2,7.402799999999999e-12,-1.00002e-08,9.9838e-09,1.00002e-08,7.402799999999999e-12,42244001351.80808
top2,4.2,-2,1.11332e-11,-1.00003e-08,9.932999999999995e-09,1.00003e-08,1.11332e-11,83843380565.10446
top2,4.3,-2,9.7882e-12,-1.00003e-08,1.00638e-08,1.00003e-08,9.7882e-12,-62414180501.81004
top2,4.4,-2,7.928799999999999e-12,-1.00003e-08,1.0066599999999998e-08,1.00003e-08,7.928799999999999e-12,25875899187.496788
top2,4.5,-2,1.75174e-11,-1.00003e-08,9.9894e-09,1.00003e-08,1.75174e-11,43470700747.69609
top2,4.6000000000000005,-2,1.25296e-11,-1.00003e-08,1.00478e-08,1.00003e-08,1.25296e-11,-26712969146.52066
top2,4.7,-2,1.00304e-11,-1.00003e-08,1.0027e-08,1.00003e-08,1.00304e-11,-50120288692.86271
top2,4.8,-2,8.5392e-12,-1.00003e-08,9.980999999999997e-09,1.00003e-08,8.5392e-12,399840063974.4101
top2,4.9,-2,1.05306e-11,-1.00003e-08,9.9416e-09,1.00003e-08,1.05306e-11,73778958241.10973
top2,5.0,-2,1.125e-11,-1.00002e-08,1.00596e-08,1.00002e-08,1.125e-11,139004726160.68906
top2,0.0,-1,-4.856e-12,-1.00003e-08,1.0041e-08,1.00003e-08,4.856e-12,12610340479.192942
top2,0.1,-1,3.074e-12,-1.00003e-08,9.9878e-09,1.00003e-08,3.074e-12,16979658369.273611
top2,0.2,-1,6.9228e-12,-1.00003e-08,9.9474e-09,1.00003e-08,6.9228e-12,58565153733.52856
top2,0.3,-1,6.489e-12,-1.00003e-08,1.00628e-08,1.00003e-08,6.489e-12,-174034110685.6944
top2,0.4,-1,5.7736e-12,-1.00002e-08,1.00694e-08,1.00002e-08,5.7736e-12,25712228735.986835
top2,0.5,-1,1.42674e-11,-1.00002e-08,1.00646e-08,1.00002e-08,1.42674e-11,2293577981651.3574
top2,0.6,-1,5.8608e-12,-1.00003e-08,1.00644e-08,1.00003e-08,5.8608e-12,-398089171974.52313
top2,0.7,-1,1.3765e-11,-1.00003e-08,9.9916e-09,1.00003e-08,1.3765e-11,55872164487.65228
top2,0.8,-1,9.4404e-12,-1.00003e-08,1.0036799999999998e-08,1.00003e-08,9.4404e-12,-78653452886.58168
top2,0.9,-1,1.12222e-11,-1.00003e-08,9.9104e-09,1.00003e-08,1.12222e-11,50916496945.01017
top2,1.0,-1,1.33684e-11,-1.00003e-08,9.9126e-09,1.00003e-08,1.33684e-11,-29716798906.42181
top2,1.1,-1,4.492e-12,-1.00003e-08,1.00306e-08,1.00003e-08,4.492e-12,-23873185637.89152
top2,1.2,-1,4.9908e-12,-1.00003e-08,9.984399999999995e-09,1.00003e-08,4.9908e-12,46423100134.626976
top2,1.3,-1,8.8002e-12,-1.00003e-08,9.945999999999997e-09,1.00003e-08,8.8002e-12,66862797539.449104
top2,1.4,-1,7.982e-12,-1.00002e-08,1.00656e-08,1.00002e-08,7.982e-12,-94215187488.22304
top2,1.5,-1,6.6774e-12,-1.00003e-08,1.00626e-08,1.00003e-08,6.6774e-12,27618205921.343346
top2,1.6,-1,1.52236e-11,-1.00002e-08,1.00082e-08,1.00002e-08,1.52236e-11,64333504889.34636
top2,1.7,-1,9.7862e-12,-1.00003e-08,9.9202e-09,1.00003e-08,9.7862e-12,-66128818939.29369
top2,1.8,-1,1.2199199999999999e-11,-1.00002e-08,9.9122e-09,1.00002e-08,1.2199199999999999e-11,45539414363.131325
top2,1.9,-1,1.4178e-11,-1.00002e-08,9.912799999999998e-09,1.00002e-08,1.4178e-11,-29450743631.276684
top2,2.0,-1,5.4082e-12,-1.00003e-08,1.0023399999999998e-08,1.00003e-08,5.4082e-12,-24242424242.42424
top2,2.1,-1,5.928e-12,-1.00002e-08,9.9856e-09,1.00002e-08,5.928e-12,45863144377.178535
top2,2.2,-1,9.769e-12,-1.00002e-08,1.0006999999999998e-08,1.00002e-08,9.769e-12,51427102082.79768
top2,2.3000000000000003,-1,9.817e-12,-1.00003e-08,9.9298e-09,1.00003e-08,9.817e-12,-68222131259.38045
top2,2.4,-1,6.8374e-12,-1.00003e-08,1.00658e-08,1.00003e-08,6.8374e-12,37100244861.61605
top2,2.5,-1,1.5207799999999998e-11,-1.00003e-08,9.9708e-09,1.00003e-08,1.5207799999999998e-11,27254640102.477474
top2,2.6,-1,1.41756e-11,-1.00003e-08,9.999199999999998e-09,1.00003e-08,1.41756e-11,-43404661660.6624
top2,2.7,-1,1.06e-11,-1.00003e-08,1.0058799999999998e-08,1.00003e-08,1.06e-11,-43162983425.414406
top2,2.8000000000000003,-1,9.542e-12,-1.00003e-08,1.00646e-08,1.00003e-08,9.542e-12,-78009205086.20006
top2,2.9,-1,8.0362e-12,-1.00003e-08,1.00556e-08,1.00003e-08,8.0362e-12,31547731718.089424
top2,3.0,-1,1.58816e-11,-1.00003e-08,1.00184e-08,1.00003e-08,1.58816e-11,60375535832.88056
top2,3.1,-1,1.13488e-11,-1.00003e-08,1.00184e-08,1.00003e-08,1.13488e-11,-41115039881.58872
top2,3.2,-1,1.10172e-11,-1.00003e-08,1.0047e-08,1.00003e-08,1.10172e-11,-191314329443.27527
top2,3.3000000000000003,-1,1.0303399999999999e-11,-1.00003e-08,1.00608e-08,1.00003e-08,1.0303399999999999e-11,30992375875.534576
top2,3.4,-1,1.74704e-11,-1.00003e-08,1.00086e-08,1.00003e-08,1.74704e-11,219154065307.9112
top2,3.5,-1,1.1215999999999999e-11,-1.00003e-08,9.9204e-09,1.00003e-08,1.1215999999999999e-11,-54740529888.32936
top2,3.6,-1,1.38168e-11,-1.00003e-08,9.9874e-09,1.00003e-08,1.38168e-11,93879083740.1428
top2,3.7,-1,1.33464e-11,-1.00002e-08,1.0037199999999998e-08,1.00002e-08,1.33464e-11,136351240796.2915
top2,3.8,-1,1.52836e-11,-1.00002e-08,9.991799999999997e-09,1.00002e-08,1.52836e-11,534473543559.5922
top2,3.9,-1,1.37206e-11,-1.00003e-08,1.0039799999999998e-08,1.00003e-08,1.37206e-11,109170305676.8556
top2,4.0,-1,1.71156e-11,-1.00002e-08,9.9056e-09,1.00002e-08,1.71156e-11,44998425055.123024
top2,4.1,-1,1.81652e-11,-1.00003e-08,9.911399999999995e-09,1.00003e-08,1.81652e-11,-23039351211.86989
top2,4.2,-1,8.4348e-12,-1.00002e-08,1.00128e-08,1.00002e-08,8.4348e-12,-21077036568.658463
top2,4.3,-1,8.6762e-12,-1.00002e-08,9.9838e-09,1.00002e-08,8.6762e-12,52837366585.64944
top2,4.4,-1,1.222e-11,-1.00003e-08,9.9202e-09,1.00003e-08,1.222e-11,34013605442.176903
top2,4.5,-1,1.45562e-11,-1.00002e-08,9.91e-09,1.00002e-08,1.45562e-11,50787201625.19048
top2,4.6000000000000005,-1,1.6158e-11,-1.00003e-08,9.9056e-09,1.00003e-08,1.6158e-11,-26872329562.24977
top2,4.7,-1,7.1136e-12,-1.00003e-08,1.003e-08,1.00003e-08,7.1136e-12,-22502756587.681908
top2,4.8,-1,7.270199999999999e-12,-1.00003e-08,9.984399999999995e-09,1.00003e-08,7.270199999999999e-12,63455803033.18745
top2,4.9,-1,1.02654e-11,-1.00003e-08,9.913599999999997e-09,1.00003e-08,1.02654e-11,24515812699.191
top2,5.0,-1,1.54282e-11,-1.00003e-08,1.00646e-08,1.00003e-08,1.54282e-11,19369334469.66756
top2,0.0,0,-7.344e-13,3.497e-11,-2.2200000000000002e-12,3.497e-11,7.344e-13,29452180.026803844
top2,0.1,0,3.3946e-09,-4.859e-11,-3.3729e-09,4.859e-11,3.3946e-09,55454898.752664044
top2,0.2,0,3.6058e-09,6.570000000000001e-12,-3.5711e-09,6.570000000000001e-12,3.6058e-09,866175833.6942395
top2,0.3,0,3.6255e-09,1.64e-12,-3.6528e-09,1.64e-12,3.6255e-09,2433090024.3309007
top2,0.4,0,3.688e-09,-4.058e-11,-3.6999e-09,4.058e-11,3.688e-09,1919385796.5451112
top2,0.5,0,3.7297e-09,-7.970000000000001e-12,-3.7612e-09,7.970000000000001e-12,3.7297e-09,2541296060.9911
top2,0.6,0,3.7667e-09,-1.09e-12,-3.7401e-09,1.09e-12,3.7667e-09,5830903790.087435
top2,0.7,0,3.764e-09,3.8080000000000006e-11,-3.7551e-09,3.8080000000000006e-11,3.764e-09,-27027027027.024788
top2,0.8,0,3.7593e-09,1.5360000000000002e-11,-3.7281e-09,1.5360000000000002e-11,3.7593e-09,-10526315789.47366
top2,0.9,0,3.745e-09,2.75e-12,-3.7738e-09,2.75e-12,3.745e-09,6472491909.38512
top2,1.0,0,3.7902e-09,-3.304e-11,-3.8041e-09,3.304e-11,3.7902e-09,2812939521.800287
top2,1.1,0,3.8161e-09,-1.706e-11,-3.848e-09,1.706e-11,3.8161e-09,3952569169.960424
top2,1.2,0,3.8408e-09,-9.700000000000001e-13,-3.823e-09,9.700000000000001e-13,3.8408e-09,14925373134.328384
top2,1.3,0,3.8295e-09,3.224e-11,-3.8123e-09,3.224e-11,3.8295e-09,-21052631578.947346
top2,1.4,0,3.8313e-09,2.045e-11,-3.7911e-09,2.045e-11,3.8313e-09,-16129032258.064943
top2,1.5,0,3.8171e-09,2.5500000000000002e-12,-3.8408e-09,2.5500000000000002e-12,3.8171e-09,16528925619.834724
top2,1.6,0,3.8434e-09,-2.905e-11,-3.8611e-09,2.905e-11,3.8434e-09,4291845493.5622096
top2,1.7,0,3.8637e-09,-2.651e-11,-3.8963e-09,2.651e-11,3.8637e-09,4115226337.448557
top2,1.8,0,3.892e-09,-8.100000000000002e-13,-3.8714e-09,8.100000000000002e-13,3.892e-09,11049723756.90598
top2,1.9,0,3.8818e-09,2.684e-11,-3.8694e-09,2.684e-11,3.8818e-09,-6472491909.38512
top2,2.0,0,3.8611e-09,2.6850000000000003e-11,-3.8388e-09,2.6850000000000003e-11,3.8611e-09,-4739336492.890934
top2,2.1,0,3.8396e-09,1.22e-12,-3.8578e-09,1.22e-12,3.8396e-09,13333333333.333668
top2,2.2,0,3.8761e-09,-2.589e-11,-3.885e-09,2.589e-11,3.8761e-09,4158004158.0041375
top2,2.3000000000000003,0,3.8877e-09,-2.9630000000000005e-11,-3.9151e-09,2.9630000000000005e-11,3.8877e-09,4282655246.2526846
top2,2.4,0,3.9228e-09,-6.1e-13,-3.9118e-09,6.1e-13,3.9228e-09,8695652173.91318
top2,2.5,0,3.9107e-09,2.329e-11,-3.8903e-09,2.329e-11,3.9107e-09,-5698005698.005768
top2,2.6,0,3.8877e-09,2.8200000000000003e-11,-3.8534e-09,2.8200000000000003e-11,3.8877e-09,-4576659038.901632
top2,2.7,0,3.867e-09,1.93e-12,-3.8799e-09,1.93e-12,3.867e-09,-62499999999.99704
top2,2.8000000000000003,0,3.8845e-09,-2.437e-11,-3.9020999999999996e-09,2.437e-11,3.8845e-09,5235602094.240812
top2,2.9,0,3.9052e-09,-2.7890000000000003e-11,-3.9408e-09,2.7890000000000003e-11,3.9052e-09,4098360655.737693
top2,3.0,0,3.9333e-09,-1.4e-13,-3.9189e-09,1.4e-13,3.9333e-09,14388489208.633402
top2,3.1,0,3.9191e-09,2.3810000000000003e-11,-3.8973e-09,2.3810000000000003e-11,3.9191e-09,-6329113924.050685
top2,3.2,0,3.9017e-09,3.001e-11,-3.8792e-09,3.001e-11,3.9017e-09,-4694835680.751196
top2,3.3000000000000003,0,3.8765e-09,1.3800000000000002e-12,-3.8957e-09,1.3800000000000002e-12,3.8765e-09,-21052631578.9473
top2,3.4,0,3.8922e-09,-2.211e-11,-3.9089e-09,2.211e-11,3.8922e-09,5420054200.541976
top2,3.5,0,3.9134e-09,-2.94e-11,-3.9448e-09,2.94e-11,3.9134e-09,4376367614.879698
top2,3.6,0,3.9379e-09,5.2e-13,-3.9354e-09,5.2e-13,3.9379e-09,11695906432.748638
top2,3.7,0,3.9305e-09,2.1350000000000003e-11,-3.9154e-09,2.1350000000000003e-11,3.9305e-09,-13422818791.946302
top2,3.8,0,3.923e-09,3.663e-11,-3.8931e-09,3.663e-11,3.923e-09,-5194805194.805213
top2,3.9,0,3.892e-09,2.4300000000000003e-12,-3.8937e-09,2.4300000000000003e-12,3.892e-09,-13157894736.842348
top2,4.0,0,3.9078e-09,-1.6960000000000002e-11,-3.9237e-09,1.6960000000000002e-11,3.9078e-09,6734006734.006816
top2,4.1,0,3.9217e-09,-3.529e-11,-3.9558e-09,3.529e-11,3.9217e-09,3502626970.22769
top2,4.2,0,3.9649e-09,-8.600000000000002e-13,-3.9498e-09,8.600000000000002e-13,3.9649e-09,9852216748.76847
top2,4.3,0,3.942e-09,1.664e-11,-3.9184e-09,1.664e-11,3.942e-09,-6172839506.172843
top2,4.4,0,3.9325e-09,3.8620000000000005e-11,-3.8953e-09,3.8620000000000005e-11,3.9325e-09,-4494382022.471913
top2,4.5,0,3.8975e-09,2.2700000000000002e-12,-3.9095e-09,2.2700000000000002e-12,3.8975e-09,-13157894736.842377
top2,4.6000000000000005,0,3.9173e-09,-1.241e-11,-3.9374e-09,1.241e-11,3.9173e-09,5698005698.005633
top2,4.7,0,3.9326e-09,-3.989e-11,-3.9651e-09,3.989e-11,3.9326e-09,6535947712.418216
top2,4.8,0,3.9479e-09,-5.9e-13,-3.9529e-09,5.9e-13,3.9479e-09,38461538461.538925
top2,4.9,0,3.9378e-09,1.699e-11,-3.9195e-09,1.699e-11,3.9378e-09,-11764705882.352776
top2,5.0,0,3.9309e-09,3.5780000000000005e-11,-3.8973e-09,3.5780000000000005e-11,3.9309e-09,-14492753623.188251
top2,0.0,1,3.05808e-11,9.9999e-09,-1.00333e-08,9.9999e-09,3.05808e-11,2968026.706731704
top2,0.1,1,3.3723e-08,9.9999e-09,-4.38816e-08,9.9999e-09,3.3723e-08,5075134.936672671
top2,0.2,1,3.94384e-08,1e-08,-4.9635599999999993e-08,1e-08,3.94384e-08,31839021.905247062
top2,0.3,1,4.00046e-08,9.9999e-09,-5.02916e-08,9.9999e-09,4.00046e-08,232072406.59085625
top2,0.4,1,4.03002e-08,9.9999e-09,-5.054619999999999e-08,9.9999e-09,4.03002e-08,581733566.0267675
top2,0.5,1,4.03484e-08,9.9999e-09,-5.0514e-08,9.9999e-09,4.03484e-08,-1424501424.501474
top2,0.6,1,4.01598e-08,9.9999e-09,-5.05488e-08,9.9999e-09,4.01598e-08,626174076.3932384
top2,0.7,1,4.066779999999999e-08,9.9999e-09,-5.07438e-08,9.9999e-09,4.066779999999999e-08,661375661.3756758
top2,0.8,1,4.046219999999999e-08,9.9999e-09,-5.06248e-08,9.9999e-09,4.046219999999999e-08,1461988304.0935075
top2,0.9,1,4.08046e-08,9.9999e-09,-5.064959999999999e-08,9.9999e-09,4.08046e-08,413052457.6621199
top2,1.0,1,4.09464e-08,1e-08,-5.10264e-08,1e-08,4.09464e-08,1788908765.6529992
top2,1.1,1,4.09164e-08,9.9998e-09,-5.089399999999999e-08,9.9998e-09,4.09164e-08,526592943.6545597
top2,1.2,1,4.132619999999999e-08,9.9999e-09,-5.10808e-08,9.9999e-09,4.132619999999999e-08,959692898.2725552
top2,1.3,1,4.11248e-08,9.9999e-09,-5.11748e-08,9.9999e-09,4.11248e-08,-2487562189.0547333
top2,1.4,1,4.1245799999999993e-08,9.9999e-09,-5.10234e-08,9.9999e-09,4.1245799999999993e-08,942507068.8030168
top2,1.5,1,4.1337e-08,1e-08,-5.10458e-08,1e-08,4.1337e-08,21739130434.779846
top2,1.6,1,4.1255e-08,9.9999e-09,-5.10904e-08,9.9999e-09,4.1255e-08,-6289308176.100824
top2,1.7,1,4.13052e-08,1e-08,-5.10666e-08,1e-08,4.13052e-08,-1949317738.7915003
top2,1.8,1,4.11524e-08,1e-08,-5.0787e-08,1e-08,4.11524e-08,-1472754050.0736628
top2,1.9,1,4.11694e-08,9.9999e-09,-5.1009e-08,9.9999e-09,4.11694e-08,3267973856.209119
top2,2.0,1,4.12136e-08,9.9999e-09,-5.114279999999999e-08,9.9999e-09,4.12136e-08,333333333333.6905
top2,2.1,1,4.117e-08,9.9999e-09,-5.13132e-08,9.9999e-09,4.117e-08,-3584229390.6805983
top2,2.2,1,4.115779999999999e-08,1e-08,-5.10468e-08,1e-08,4.115779999999999e-08,5494505494.506062
top2,2.3000000000000003,1,4.12064e-08,9.9999e-09,-5.12732e-08,9.9999e-09,4.12064e-08,18867924528.2946
top2,2.4,1,4.11684e-08,1e-08,-5.13886e-08,1e-08,4.11684e-08,4807692307.692356
top2,2.5,1,4.124799999999999e-08,9.9999e-09,-5.135279999999999e-08,9.9999e-09,4.124799999999999e-08,5076142131.979741
top2,2.6,1,4.12078e-08,1e-08,-5.15162e-08,1e-08,4.12078e-08,1162790697.6743984
top2,2.7,1,4.142e-08,9.9999e-09,-5.15834e-08,9.9999e-09,4.142e-08,-6211180124.223457
top2,2.8000000000000003,1,4.11756e-08,9.9999e-09,-5.1377e-08,9.9999e-09,4.11756e-08,2267573696.1451707
top2,2.9,1,4.15082e-08,9.9999e-09,-5.143319999999999e-08,9.9999e-09,4.15082e-08,995024875.6218748
top2,3.0,1,4.13766e-08,1e-08,-5.16052e-08,1e-08,4.13766e-08,-1042752867.5704132
top2,3.1,1,4.13164e-08,9.9998e-09,-5.14716e-08,9.9998e-09,4.13164e-08,2544529262.086673
top2,3.2,1,4.14552e-08,9.9999e-09,-5.136859999999999e-08,9.9999e-09,4.14552e-08,-1261034047.9192436
top2,3.3000000000000003,1,4.115779999999999e-08,1e-08,-5.12496e-08,1e-08,4.115779999999999e-08,7874015748.030352
top2,3.4,1,4.14806e-08,9.9999e-09,-5.148899999999999e-08,9.9999e-09,4.14806e-08,3095975232.1978626
top2,3.5,1,4.12224e-08,1e-08,-5.11886e-08,1e-08,4.12224e-08,-994035785.2882688
top2,3.6,1,4.12794e-08,9.9999e-09,-5.121279999999999e-08,9.9999e-09,4.12794e-08,1623376623.37665
top2,3.7,1,4.13456e-08,1e-08,-5.121499999999999e-08,1e-08,4.13456e-08,-759301442.6727353
top2,3.8,1,4.1016e-08,9.9998e-09,-5.09184e-08,9.9998e-09,4.1016e-08,-5128205128.205398
top2,3.9,1,4.13066e-08,9.9998e-09,-5.09784e-08,9.9998e-09,4.13066e-08,3984063745.019809
top2,4.0,1,4.10662e-08,9.9999e-09,-5.096779999999999e-08,9.9999e-09,4.10662e-08,1538461538.4615932
top2,4.1,1,4.14366e-08,9.9999e-09,-5.11874e-08,9.9999e-09,4.14366e-08,3891050583.657587
top2,4.2,1,4.11176e-08,9.9999e-09,-5.10566e-08,9.9999e-09,4.11176e-08,-813669650.1220617
top2,4.3,1,4.11908e-08,9.9999e-09,-5.100719999999999e-08,9.9999e-09,4.11908e-08,2331002331.0023146
top2,4.4,1,4.12034e-08,9.9999e-09,-5.10818e-08,9.9999e-09,4.12034e-08,-5181347150.258704
top2,4.5,1,4.11522e-08,9.9999e-09,-5.109579999999999e-08,9.9999e-09,4.11522e-08,-3584229390.681023
top2,4.6000000000000005,1,4.11476e-08,9.9999e-09,-5.09708e-08,9.9999e-09,4.11476e-08,-2298850574.7126617
top2,4.7,1,4.10652e-08,9.9999e-09,-5.08474e-08,9.9999e-09,4.10652e-08,-1148105625.7175424
top2,4.8,1,4.09734e-08,9.9999e-09,-5.0913599999999993e-08,9.9999e-09,4.09734e-08,-1426533523.5378296
top2,4.9,1,4.0925e-08,9.9999e-09,-5.09472e-08,9.9999e-09,4.0925e-08,-6756756756.756956
top2,5.0,1,4.09438e-08,9.9999e-09,-5.10484e-08,9.9999e-09,4.09438e-08,5319148936.170902
top2,0.0,2,1.0477e-10,1e-08,-1.00874e-08,1e-08,1.0477e-10,3077166.4097745586
top2,0.1,2,3.2602199999999994e-08,9.9999e-09,-4.261239999999999e-08,9.9999e-09,3.2602199999999994e-08,5283872.063719271
top2,0.2,2,3.79558e-08,1e-08,-4.79664e-08,1e-08,3.79558e-08,31594578.370351635
top2,0.3,2,3.89324e-08,9.9999e-09,-4.8769399999999993e-08,9.9999e-09,3.89324e-08,199560965.8750744
top2,0.4,2,3.8958e-08,9.9999e-09,-4.87666e-08,9.9999e-09,3.8958e-08,1200480192.0768142
top2,0.5,2,3.9099e-08,9.9999e-09,-4.91144e-08,9.9999e-09,3.9099e-08,305530094.7143294
top2,0.6,2,3.96126e-08,9.9999e-09,-4.93446e-08,9.9999e-09,3.96126e-08,426803243.70465165
top2,0.7,2,3.95676e-08,9.9999e-09,-4.9384599999999993e-08,9.9999e-09,3.95676e-08,-1070663811.563154
top2,0.8,2,3.94258e-08,9.9999e-09,-4.95336e-08,9.9999e-09,3.94258e-08,6172839506.173151
top2,0.9,2,3.96e-08,1e-08,-4.96656e-08,1e-08,3.96e-08,409165302.7823231
top2,1.0,2,3.99146e-08,1e-08,-4.983139999999999e-08,1e-08,3.99146e-08,667556742.3230957
top2,1.1,2,3.98996e-08,9.9999e-09,-4.9662e-08,9.9999e-09,3.98996e-08,-769822940.723635
top2,1.2,2,3.96548e-08,1e-08,-4.94812e-08,1e-08,3.96548e-08,-920810313.0755112
top2,1.3,2,3.96824e-08,1e-08,-4.984999999999999e-08,1e-08,3.96824e-08,763358778.625957
top2,1.4,2,3.99168e-08,9.9999e-09,-4.9935e-08,9.9999e-09,3.99168e-08,784313725.490202
top2,1.5,2,3.99374e-08,9.9999e-09,-4.99604e-08,9.9999e-09,3.99374e-08,-922509225.0922632
top2,1.6,2,3.97e-08,1e-08,-5.01274e-08,1e-08,3.97e-08,1009081735.6205996
top2,1.7,2,4.01356e-08,9.9999e-09,-5.03336e-08,9.9999e-09,4.01356e-08,597014925.3731413
top2,1.8,2,4.0035e-08,1e-08,-5.03166e-08,1e-08,4.0035e-08,-2583979328.165496
top2,1.9,2,4.00582e-08,9.9999e-09,-5.008679999999999e-08,9.9999e-09,4.00582e-08,3906249999.99981
top2,2.0,2,4.00862e-08,9.9999e-09,-5.00864e-08,9.9999e-09,4.00862e-08,-1329787234.0425546
top2,2.1,2,3.99078e-08,9.9999e-09,-5.013279999999999e-08,9.9999e-09,3.99078e-08,-333333333333.69086
top2,2.2,2,4.00856e-08,1e-08,-5.02818e-08,1e-08,4.00856e-08,621504039.7762649
top2,2.3000000000000003,2,4.02296e-08,1e-08,-5.018739999999999e-08,1e-08,4.02296e-08,4347826086.95659
top2,2.4,2,4.01316e-08,9.9999e-09,-5.01062e-08,9.9999e-09,4.01316e-08,-1818181818.1818323
top2,2.5,2,4.01196e-08,9.9999e-09,-5.019399999999999e-08,9.9999e-09,4.01196e-08,166666666666.84546
top2,2.6,2,4.01328e-08,9.9999e-09,-5.02868e-08,9.9999e-09,4.01328e-08,-3194888178.913901
top2,2.7,2,4.0057e-08,9.9999e-09,-5.0026599999999993e-08,9.9999e-09,4.0057e-08,15873015873.016228
top2,2.8000000000000003,2,4.01454e-08,9.9999e-09,-5.03036e-08,9.9999e-09,4.01454e-08,935453695.042122
top2,2.9,2,4.027079999999999e-08,9.9999e-09,-4.9975e-08,9.9999e-09,4.027079999999999e-08,25641025641.031338
top2,3.0,2,4.015319999999999e-08,1e-08,-4.99258e-08,1e-08,4.015319999999999e-08,-608272506.0827287
top2,3.1,2,3.9942e-08,9.9999e-09,-4.98272e-08,9.9999e-09,3.9942e-08,-1872659176.029999
top2,3.2,2,4.00464e-08,9.9999e-09,-4.98472e-08,9.9999e-09,4.00464e-08,685871056.2414309
top2,3.3000000000000003,2,4.023359999999999e-08,9.9999e-09,-4.98876e-08,9.9999e-09,4.023359999999999e-08,586166471.2778413
top2,3.4,2,4.03876e-08,1e-08,-5.0313e-08,1e-08,4.03876e-08,3401360544.2175007
top2,3.5,2,4.02924e-08,9.9999e-09,-5.02422e-08,9.9999e-09,4.02924e-08,-1317523056.653469
top2,3.6,2,4.023579999999999e-08,1e-08,-5.0081e-08,1e-08,4.023579999999999e-08,-2242152466.367734
top2,3.7,2,4.02032e-08,1e-08,-5.037879999999999e-08,1e-08,4.02032e-08,753012048.192766
top2,3.8,2,4.05014e-08,1e-08,-5.03994e-08,1e-08,4.05014e-08,-5714285714.285708
top2,3.9,2,4.01682e-08,9.9999e-09,-5.00694e-08,9.9999e-09,4.01682e-08,-840336134.4537854
top2,4.0,2,4.02634e-08,9.9999e-09,-5.0266e-08,9.9999e-09,4.02634e-08,2597402597.4025507
top2,4.1,2,4.02452e-08,9.9999e-09,-5.05082e-08,9.9999e-09,4.02452e-08,-1620745542.9497285
top2,4.2,2,4.014e-08,1e-08,-5.02956e-08,1e-08,4.014e-08,-1200480192.0768151
top2,4.3,2,4.00786e-08,9.9999e-09,-5.04506e-08,9.9999e-09,4.00786e-08,846023688.6632665
top2,4.4,2,4.03764e-08,9.9999e-09,-5.05886e-08,9.9999e-09,4.03764e-08,1153402537.4855874
top2,4.5,2,4.0252e-08,9.9999e-09,-5.07178e-08,9.9999e-09,4.0252e-08,-20833333333.32696
top2,4.6000000000000005,2,4.03668e-08,9.9999e-09,-5.0391e-08,9.9999e-09,4.03668e-08,636537237.4283842
top2,4.7,2,4.05662e-08,1e-08,-5.0409e-08,1e-08,4.05662e-08,-756429652.0423667
top2,4.8,2,4.01024e-08,1e-08,-5.02896e-08,1e-08,4.01024e-08,-831946755.4076455
top2,4.9,2,4.03258e-08,9.9999e-09,-5.05438e-08,9.9999e-09,4.03258e-08,996015936.2549872
top2,5.0,2,4.03032e-08,1e-08,-5.01412e-08,1e-08,4.03032e-08,-4424778761.062355
top2,0.0,3,2.1619e-11,9.9999e-09,-1.00708e-08,9.9999e-09,2.1619e-11,3097166.0589872003
top2,0.1,3,3.23092e-08,9.9999e-09,-4.22106e-08,9.9999e-09,3.23092e-08,5340713.344661522
top2,0.2,3,3.746979999999999e-08,9.9999e-09,-4.74416e-08,9.9999e-09,3.746979999999999e-08,32921810.69958848
top2,0.3,3,3.83842e-08,9.9999e-09,-4.84154e-08,9.9999e-09,3.83842e-08,190258751.90258667
top2,0.4,3,3.8521e-08,9.9999e-09,-4.84312e-08,9.9999e-09,3.8521e-08,-6578947368.420467
top2,0.5,3,3.83538e-08,9.9999e-09,-4.86572e-08,9.9999e-09,3.83538e-08,1047120418.8481772
top2,0.6,3,3.8712e-08,9.9999e-09,-4.8544e-08,9.9999e-09,3.8712e-08,839630562.5524673
top2,0.7,3,3.8592e-08,1e-08,-4.8579e-08,1e-08,3.8592e-08,3289473684.2105923
top2,0.8,3,3.87728e-08,1e-08,-4.88106e-08,1e-08,3.87728e-08,842459983.150803
top2,0.9,3,3.88294e-08,1e-08,-4.8731e-08,1e-08,3.88294e-08,-7194244604.316265
top2,1.0,3,3.8745e-08,9.9999e-09,-4.87168e-08,9.9999e-09,3.8745e-08,-4291845493.561754
top2,1.1,3,3.878279999999999e-08,1e-08,-4.91384e-08,1e-08,3.878279999999999e-08,815660685.1549617
top2,1.2,3,3.89902e-08,1e-08,-4.90446e-08,1e-08,3.89902e-08,1291989664.082636
top2,1.3,3,3.89376e-08,1.00001e-08,-4.8914e-08,1.00001e-08,3.89376e-08,-1101321585.903088
top2,1.4,3,3.88086e-08,9.9999e-09,-4.893079999999999e-08,9.9999e-09,3.88086e-08,-4149377593.3605056
top2,1.5,3,3.88894e-08,9.9999e-09,-4.89622e-08,9.9999e-09,3.88894e-08,919963201.471956
top2,1.6,3,3.9026e-08,9.9999e-09,-4.905819999999999e-08,9.9999e-09,3.9026e-08,998003992.01595
top2,1.7,3,3.90898e-08,1e-08,-4.89496e-08,1e-08,3.90898e-08,142857142856.8458
top2,1.8,3,3.90274e-08,1e-08,-4.91274e-08,1e-08,3.90274e-08,691085003.455429
top2,1.9,3,3.93792e-08,1e-08,-4.92236e-08,1e-08,3.93792e-08,599161174.3559064
top2,2.0,3,3.93612e-08,9.9999e-09,-4.92618e-08,9.9999e-09,3.93612e-08,-1398601398.6014304
top2,2.1,3,3.92362e-08,1e-08,-4.89556e-08,1e-08,3.92362e-08,-1663893510.8152912
top2,2.2,3,3.9241e-08,1e-08,-4.916e-08,1e-08,3.9241e-08,1157407407.407408
top2,2.3000000000000003,3,3.9409e-08,1e-08,-4.9261e-08,1e-08,3.9409e-08,3773584905.6603336
top2,2.4,3,3.9294e-08,9.9999e-09,-4.92774e-08,9.9999e-09,3.9294e-08,-1675041876.0468378
top2,2.5,3,3.92896e-08,9.9999e-09,-4.91264e-08,9.9999e-09,3.92896e-08,2976190476.190445
top2,2.6,3,3.93612e-08,1e-08,-4.91148e-08,1e-08,3.93612e-08,3115264797.507597
top2,2.7,3,3.93538e-08,9.9999e-09,-4.952e-08,9.9999e-09,3.93538e-08,1428571428.5714304
top2,2.8000000000000003,3,3.95012e-08,1e-08,-4.9357799999999993e-08,1e-08,3.95012e-08,8064516129.033003
top2,2.9,3,3.93786e-08,1e-08,-4.934e-08,1e-08,3.93786e-08,-722543352.601158
top2,3.0,3,3.92244e-08,9.9999e-09,-4.93016e-08,9.9999e-09,3.92244e-08,-2320185614.849124
top2,3.1,3,3.92924e-08,9.9999e-09,-4.94462e-08,9.9999e-09,3.92924e-08,2132196162.046839
top2,3.2,3,3.93182e-08,9.9998e-09,-4.94298e-08,9.9998e-09,3.93182e-08,124999999999.96176
top2,3.3000000000000003,3,3.9294e-08,1e-08,-4.9583e-08,1e-08,3.9294e-08,-4761904761.904608
top2,3.4,3,3.92762e-08,9.9999e-09,-4.9397e-08,9.9999e-09,3.92762e-08,1312335958.0052297
top2,3.5,3,3.94464e-08,9.9999e-09,-4.9292e-08,9.9999e-09,3.94464e-08,-1515151515.1514697
top2,3.6,3,3.91442e-08,9.9999e-09,-4.94338e-08,9.9999e-09,3.91442e-08,-974658869.39572
top2,3.7,3,3.92412e-08,9.9999e-09,-4.9372e-08,9.9999e-09,3.92412e-08,2849002849.0026827
top2,3.8,3,3.92144e-08,1e-08,-4.931899999999999e-08,1e-08,3.92144e-08,1317523056.6535237
top2,3.9,3,3.9393e-08,9.9999e-09,-4.961219999999999e-08,9.9999e-09,3.9393e-08,-9259259259.257826
top2,4.0,3,3.91928e-08,9.9999e-09,-4.92886e-08,9.9999e-09,3.91928e-08,-1132502831.257074
top2,4.1,3,3.92164e-08,9.9998e-09,-4.9391e-08,9.9998e-09,3.92164e-08,741289844.3291217
top2,4.2,3,3.94626e-08,9.9999e-09,-4.95768e-08,9.9999e-09,3.94626e-08,457456541.62854207
top2,4.3,3,3.96536e-08,1e-08,-4.943939999999999e-08,1e-08,3.96536e-08,4830917874.396685
top2,4.4,3,3.9504e-08,9.9999e-09,-4.925179999999999e-08,9.9999e-09,3.9504e-08,-962463907.6034656
top2,4.5,3,3.94458e-08,1e-08,-4.92492e-08,1e-08,3.94458e-08,18867924528.294643
top2,4.6000000000000005,3,3.95146e-08,9.9999e-09,-4.93554e-08,9.9999e-09,3.95146e-08,1053740779.7681808
top2,4.7,3,3.96356e-08,9.9999e-09,-4.94752e-08,9.9999e-09,3.96356e-08,-66666666666.59084
top2,4.8,3,3.95116e-08,9.9999e-09,-4.93898e-08,9.9999e-09,3.95116e-08,3105590062.1117287
top2,4.9,3,3.97e-08,1e-08,-4.9404e-08,1e-08,3.97e-08,-5235602094.24071
top2,5.0,3,3.94734e-08,1e-08,-4.95038e-08,1e-08,3.94734e-08,-441306266.54897535
top2,0.0,4,1.53836e-11,9.9999e-09,-9.976199999999995e-09,9.9999e-09,1.53836e-11,3152742.5183812147
top2,0.1,4,3.1733799999999994e-08,1e-08,-4.19624e-08,1e-08,3.1733799999999994e-08,5420639.394555344
top2,0.2,4,3.69114e-08,9.9999e-09,-4.71614e-08,9.9999e-09,3.69114e-08,33867307.887696
top2,0.3,4,3.76392e-08,9.9999e-09,-4.78544e-08,9.9999e-09,3.76392e-08,184672206.83287105
top2,0.4,4,3.79944e-08,9.9999e-09,-4.8171e-08,9.9999e-09,3.79944e-08,444444444.44444376
top2,0.5,4,3.80892e-08,9.9999e-09,-4.80352e-08,9.9999e-09,3.80892e-08,976562500.0000156
top2,0.6,4,3.81992e-08,9.9999e-09,-4.82772e-08,9.9999e-09,3.81992e-08,2732240437.158436
top2,0.7,4,3.81624e-08,9.9999e-09,-4.82632e-08,9.9999e-09,3.81624e-08,5952380952.3803005
top2,0.8,4,3.82328e-08,9.9999e-09,-4.8129e-08,9.9999e-09,3.82328e-08,-2336448598.130756
top2,0.9,4,3.807679999999999e-08,1e-08,-4.77664e-08,1e-08,3.807679999999999e-08,-683526999.3164737
top2,1.0,4,3.79402e-08,9.9999e-09,-4.8043e-08,9.9999e-09,3.79402e-08,1328021248.3399386
top2,1.1,4,3.82274e-08,9.9998e-09,-4.80064e-08,9.9998e-09,3.82274e-08,528262017.9609115
top2,1.2,4,3.83188e-08,1e-08,-4.808919999999999e-08,1e-08,3.83188e-08,1618122977.34628
top2,1.3,4,3.8351e-08,9.9999e-09,-4.81292e-08,9.9999e-09,3.8351e-08,-3215434083.6012006
top2,1.4,4,3.82566e-08,9.9999e-09,-4.803559999999999e-08,9.9999e-09,3.82566e-08,-7142857142.857482
top2,1.5,4,3.8323e-08,9.9999e-09,-4.83912e-08,9.9999e-09,3.8323e-08,579038795.5993007
top2,1.6,4,3.8602e-08,9.9999e-09,-4.867479999999999e-08,9.9999e-09,3.8602e-08,1426533523.5378282
top2,1.7,4,3.84632e-08,9.9999e-09,-4.82378e-08,9.9999e-09,3.84632e-08,-1223990208.0783253
top2,1.8,4,3.84386e-08,9.9999e-09,-4.858459999999999e-08,9.9999e-09,3.84386e-08,-3472222222.222357
top2,1.9,4,3.84056e-08,9.9999e-09,-4.84808e-08,9.9999e-09,3.84056e-08,1349527665.3171391
top2,2.0,4,3.85868e-08,9.9999e-09,-4.86764e-08,9.9999e-09,3.85868e-08,984251968.5039552
top2,2.1,4,3.86088e-08,9.9998e-09,-4.877979999999999e-08,9.9998e-09,3.86088e-08,-8620689655.173466
top2,2.2,4,3.85636e-08,9.9999e-09,-4.8837e-08,9.9999e-09,3.85636e-08,687285223.3677003
top2,2.3000000000000003,4,3.8899799999999993e-08,9.9999e-09,-4.90776e-08,9.9999e-09,3.8899799999999993e-08,517063081.69596905
top2,2.4,4,3.89504e-08,9.9999e-09,-4.89708e-08,9.9999e-09,3.89504e-08,-2463054187.1922126
top2,2.5,4,3.88186e-08,9.9999e-09,-4.90884e-08,9.9999e-09,3.88186e-08,-1237623762.3762138
top2,2.6,4,3.878879999999999e-08,9.9999e-09,-4.88448e-08,9.9999e-09,3.878879999999999e-08,-850340136.054425
top2,2.7,4,3.85834e-08,1e-08,-4.89068e-08,1e-08,3.85834e-08,3663003663.003597
top2,2.8000000000000003,4,3.88434e-08,1.00001e-08,-4.891219999999999e-08,1.00001e-08,3.88434e-08,379506641.366222
top2,2.9,4,3.91104e-08,1e-08,-4.90312e-08,1e-08,3.91104e-08,567859170.9256102
top2,3.0,4,3.91956e-08,9.9999e-09,-4.90854e-08,9.9999e-09,3.91956e-08,3184713375.7964625
top2,3.1,4,3.91732e-08,1e-08,-4.91432e-08,1e-08,3.91732e-08,-1821493624.7724009
top2,3.2,4,3.90858e-08,1e-08,-4.88798e-08,1e-08,3.90858e-08,3636363636.363453
top2,3.3000000000000003,4,3.92282e-08,1e-08,-4.8991e-08,1e-08,3.92282e-08,90909090909.09708
top2,3.4,4,3.9088e-08,9.9999e-09,-4.9086e-08,9.9999e-09,3.9088e-08,50000000000.02596
top2,3.5,4,3.92322e-08,9.9999e-09,-4.91964e-08,9.9999e-09,3.92322e-08,1321003963.0119398
top2,3.6,4,3.9239399999999993e-08,9.9999e-09,-4.90288e-08,9.9999e-09,3.9239399999999993e-08,2304147465.437742
top2,3.7,4,3.9319e-08,1e-08,-4.897999999999999e-08,1e-08,3.9319e-08,-1025641025.641047
top2,3.8,4,3.90444e-08,1e-08,-4.8873e-08,1e-08,3.90444e-08,-1459854014.5985048
top2,3.9,4,3.918199999999999e-08,1e-08,-4.88754e-08,1e-08,3.918199999999999e-08,-1029866117.4047405
top2,4.0,4,3.88502e-08,1e-08,-4.87938e-08,1e-08,3.88502e-08,-482625482.6254881
top2,4.1,4,3.87676e-08,9.9998e-09,-4.8726e-08,9.9998e-09,3.87676e-08,-21739130434.77987
top2,4.2,4,3.8841e-08,9.9999e-09,-4.876019999999999e-08,9.9999e-09,3.8841e-08,821692686.9350891
top2,4.3,4,3.9011e-08,9.9999e-09,-4.89038e-08,9.9999e-09,3.9011e-08,650195058.5175627
top2,4.4,4,3.91486e-08,9.9999e-09,-4.91388e-08,9.9999e-09,3.91486e-08,-2724795640.3270326
top2,4.5,4,3.89376e-08,1e-08,-4.90364e-08,1e-08,3.89376e-08,-1236093943.139724
top2,4.6000000000000005,4,3.89868e-08,9.9999e-09,-4.89552e-08,9.9999e-09,3.89868e-08,2932551319.6483
top2,4.7,4,3.90058e-08,9.9999e-09,-4.943719999999999e-08,9.9999e-09,3.90058e-08,3095975232.198173
top2,4.8,4,3.90514e-08,9.9999e-09,-4.93838e-08,9.9999e-09,3.90514e-08,896860986.5470804
top2,4.9,4,3.92288e-08,1e-08,-4.94316e-08,1e-08,3.92288e-08,520020800.8320364
top2,5.0,4,3.9436e-08,9.9999e-09,-4.91732e-08,9.9999e-09,3.9436e-08,482625482.6254793
top2,0.0,5,2.096e-11,1e-08,-9.9418e-09,1e-08,2.096e-11,3179403.569325624
top2,0.1,5,3.1473399999999995e-08,1e-08,-4.16772e-08,1e-08,3.1473399999999995e-08,5469466.158225093
top2,0.2,5,3.65876e-08,9.9999e-09,-4.670019999999999e-08,9.9999e-09,3.65876e-08,34914982.018784255
top2,0.3,5,3.72016e-08,1e-08,-4.733719999999999e-08,1e-08,3.72016e-08,303951367.7811528
top2,0.4,5,3.72456e-08,1e-08,-4.763639999999999e-08,1e-08,3.72456e-08,606796116.504851
top2,0.5,5,3.75312e-08,1e-08,-4.78848e-08,1e-08,3.75312e-08,398724082.9346105
top2,0.6,5,3.77472e-08,9.9999e-09,-4.76656e-08,9.9999e-09,3.77472e-08,1138952164.009117
top2,0.7,5,3.77068e-08,1e-08,-4.76508e-08,1e-08,3.77068e-08,-3636363636.363452
top2,0.8,5,3.76922e-08,1e-08,-4.773479999999999e-08,1e-08,3.76922e-08,-794281175.5361282
top2,0.9,5,3.7455e-08,9.9998e-09,-4.7385e-08,9.9998e-09,3.7455e-08,-1137656427.758837
top2,1.0,5,3.75164e-08,9.9999e-09,-4.7671e-08,9.9999e-09,3.75164e-08,588235294.1176443
top2,1.1,5,3.7795e-08,9.9999e-09,-4.77158e-08,9.9999e-09,3.7795e-08,510986203.3725152
top2,1.2,5,3.79078e-08,9.9999e-09,-4.77812e-08,9.9999e-09,3.79078e-08,1420454545.45451
top2,1.3,5,3.79358e-08,1e-08,-4.78758e-08,1e-08,3.79358e-08,1712328767.1232493
top2,1.4,5,3.80246e-08,1e-08,-4.766539999999999e-08,1e-08,3.80246e-08,-4566210045.662165
top2,1.5,5,3.7892e-08,9.9999e-09,-4.76934e-08,9.9999e-09,3.7892e-08,-2717391304.347725
top2,1.6,5,3.7951e-08,9.9999e-09,-4.77192e-08,9.9999e-09,3.7951e-08,-9803921568.625237
top2,1.7,5,3.78716e-08,9.9999e-09,-4.772819999999999e-08,9.9999e-09,3.78716e-08,506585612.9685912
top2,1.8,5,3.83458e-08,9.9999e-09,-4.80824e-08,9.9999e-09,3.83458e-08,608272506.0827287
top2,1.9,5,3.820039999999999e-08,9.9999e-09,-4.81558e-08,9.9999e-09,3.820039999999999e-08,-507872016.25190544
top2,2.0,5,3.7952e-08,9.9999e-09,-4.79488e-08,9.9999e-09,3.7952e-08,-762776506.4836092
top2,2.1,5,3.79382e-08,9.9999e-09,-4.827399999999999e-08,9.9999e-09,3.79382e-08,785545954.4383266
top2,2.2,5,3.82066e-08,9.9999e-09,-4.821659999999999e-08,9.9999e-09,3.82066e-08,1349527665.3171406
top2,2.3000000000000003,5,3.80864e-08,1e-08,-4.829479999999999e-08,1e-08,3.80864e-08,-955109837.631324
top2,2.4,5,3.79972e-08,1e-08,-4.81544e-08,1e-08,3.79972e-08,-2624671916.0105734
top2,2.5,5,3.80102e-08,9.9999e-09,-4.7981e-08,9.9999e-09,3.80102e-08,-2227171492.2049365
top2,2.6,5,3.79074e-08,9.9999e-09,-4.80976e-08,9.9999e-09,3.79074e-08,-3125000000.0000134
top2,2.7,5,3.79462e-08,9.9999e-09,-4.8097e-08,9.9999e-09,3.79462e-08,-1953124999.9999075
top2,2.8000000000000003,5,3.7804999999999993e-08,1e-08,-4.79846e-08,1e-08,3.7804999999999993e-08,-9523809523.807714
top2,2.9,5,3.79252e-08,1.00001e-08,-4.80758e-08,1.00001e-08,3.79252e-08,436871996.50501806
top2,3.0,5,3.82628e-08,1e-08,-4.81982e-08,1e-08,3.82628e-08,384763370.5271239
top2,3.1,5,3.8445e-08,1e-08,-4.8424e-08,1e-08,3.8445e-08,-7518796992.48054
top2,3.2,5,3.82362e-08,9.9999e-09,-4.82476e-08,9.9999e-09,3.82362e-08,-7042253521.1266575
top2,3.3000000000000003,5,3.84166e-08,1e-08,-4.84224e-08,1e-08,3.84166e-08,-5347593582.888064
top2,3.4,5,3.81988e-08,9.9999e-09,-4.817779999999999e-08,9.9999e-09,3.81988e-08,-1364256480.218284
top2,3.5,5,3.827e-08,9.9999e-09,-4.82854e-08,9.9999e-09,3.827e-08,1095290251.916795
top2,3.6,5,3.838139999999999e-08,9.9999e-09,-4.82492e-08,9.9999e-09,3.838139999999999e-08,956022944.5506868
top2,3.7,5,3.84792e-08,1e-08,-4.83854e-08,1e-08,3.84792e-08,937207122.7741116
top2,3.8,5,3.85948e-08,1e-08,-4.841239999999999e-08,1e-08,3.85948e-08,5181347150.258693
top2,3.9,5,3.85178e-08,1e-08,-4.85156e-08,1e-08,3.85178e-08,32258064516.140614
top2,4.0,5,3.8601e-08,9.9999e-09,-4.83942e-08,9.9999e-09,3.8601e-08,1845018450.1845248
top2,4.1,5,3.86262e-08,9.9999e-09,-4.85576e-08,9.9999e-09,3.86262e-08,1692047377.3265803
top2,4.2,5,3.87192e-08,1e-08,-4.88468e-08,1e-08,3.87192e-08,677506775.0677485
top2,4.3,5,3.89214e-08,9.9998e-09,-4.893299999999999e-08,9.9998e-09,3.89214e-08,2824858757.062009
top2,4.4,5,3.879e-08,1e-08,-4.8908e-08,1e-08,3.879e-08,18518518518.51569
top2,4.5,5,3.89322e-08,9.9999e-09,-4.88158e-08,9.9999e-09,3.89322e-08,1879699248.1203687
top2,4.6000000000000005,5,3.88964e-08,9.9999e-09,-4.90184e-08,9.9999e-09,3.88964e-08,1926782273.6031845
top2,4.7,5,3.903599999999999e-08,9.9999e-09,-4.90072e-08,9.9999e-09,3.903599999999999e-08,-5263157894.737271
top2,4.8,5,3.88584e-08,9.9999e-09,-4.896799999999999e-08,9.9999e-09,3.88584e-08,-2314814814.814816
top2,4.9,5,3.894959999999999e-08,9.9999e-09,-4.920259999999999e-08,9.9999e-09,3.894959999999999e-08,-99999999999.8867
top2,5.0,5,3.88564e-08,1e-08,-4.9136e-08,1e-08,3.88564e-08,-1072961373.3905869
