device,VD,VG,ID,IG,IS,absIg,absId,r
bot1,0.0,-5,4.6394e-12,-2.8400000000000004e-12,-6.030000000000001e-12,2.8400000000000004e-12,4.6394e-12,-219106047326.9065
bot1,0.1,-5,4.183e-12,-4.917e-11,-9.39e-12,4.917e-11,4.183e-12,1161440185830.427
bot1,0.2,-5,4.8116e-12,-5.805e-11,-1.2880000000000002e-11,5.805e-11,4.8116e-12,237699072973.61536
bot1,0.3,-5,5.0244e-12,-6.223e-11,-1.69e-11,6.223e-11,5.0244e-12,3164556962025.3174
bot1,0.4,-5,4.8748e-12,-6.181e-11,-2.226e-11,6.181e-11,4.8748e-12,-21526208158.432888
bot1,0.5,-5,-4.2666e-12,2.5670000000000004e-11,3.5640000000000006e-11,2.5670000000000004e-11,4.2666e-12,-23510603282.08021
bot1,0.6,-5,-3.632e-12,5.800000000000003e-13,1.4720000000000002e-11,5.800000000000003e-13,3.632e-12,30249863875.612568
bot1,0.7,-5,2.345e-12,-3.290000000000001e-12,-8.000000000000001e-14,3.290000000000001e-12,2.345e-12,39654215243.08035
bot1,0.8,-5,1.4116e-12,-3.23e-12,1.3500000000000001e-12,3.23e-12,1.4116e-12,-135519718118.9863
bot1,0.9,-5,8.692e-13,-2.5e-13,2.51e-12,2.5e-13,8.692e-13,-150693188667.87216
bot1,1.0,-5,8.44e-14,4.6400000000000004e-12,3.5000000000000004e-12,4.6400000000000004e-12,8.44e-14,-148323939483.83273
bot1,1.1,-5,-4.792e-13,1.484e-11,4.72e-12,1.484e-11,4.792e-13,-171057133082.44952
bot1,1.2,-5,-1.0848e-12,2.763e-11,6.1100000000000004e-12,2.763e-11,1.0848e-12,-132784490771.47786
bot1,1.3,-5,-1.9854e-12,4.133e-11,7.590000000000001e-12,4.133e-11,1.9854e-12,-183150183150.1833
bot1,1.4,-5,-2.1768e-12,5.167e-11,1.025e-11,5.167e-11,2.1768e-12,-650195058517.555
bot1,1.5,-5,-2.293e-12,5.7e-11,1.4090000000000002e-11,5.7e-11,2.293e-12,-442673749446.6576
bot1,1.6,-5,-2.6286e-12,5.914e-11,1.939e-11,5.914e-11,2.6286e-12,-1044932079414.8392
bot1,1.7,-5,-2.4844e-12,5.821e-11,2.3990000000000003e-11,5.821e-11,2.4844e-12,21461069619.709843
bot1,1.8,-5,6.6906e-12,-2.182e-11,-3.6730000000000005e-11,2.182e-11,6.6906e-12,24235961319.40576
bot1,1.9,-5,5.7678e-12,-2.67e-12,-1.3080000000000002e-11,2.67e-12,5.7678e-12,-33302251232.18329
bot1,2.0,-5,6.85e-13,6.900000000000001e-13,-1.4800000000000006e-12,6.900000000000001e-13,6.85e-13,-45549785916.00618
bot1,2.1,-5,1.377e-12,-1.14e-12,-2.03e-12,1.14e-12,1.377e-12,87496718873.04234
bot1,2.2,-5,2.9708e-12,-3.82e-12,-2.79e-12,3.82e-12,2.9708e-12,71418368804.45657
bot1,2.3000000000000003,-5,4.1774e-12,-1.356e-11,-4.050000000000001e-12,1.356e-11,4.1774e-12,-958772770853.3076
bot1,2.4,-5,2.7622e-12,-2.085e-11,-5.02e-12,2.085e-11,2.7622e-12,-238038562247.08383
bot1,2.5,-5,3.3372e-12,-3.66e-11,-6.8200000000000004e-12,3.66e-11,3.3372e-12,186497575531.5183
bot1,2.6,-5,3.8346e-12,-4.883e-11,-9.65e-12,4.883e-11,3.8346e-12,221385875581.1382
bot1,2.7,-5,4.2406e-12,-5.804000000000001e-11,-1.2780000000000002e-11,5.804000000000001e-11,4.2406e-12,348918353105.37366
bot1,2.8000000000000003,-5,4.4078e-12,-6.066e-11,-1.682e-11,6.066e-11,4.4078e-12,632511068943.7045
bot1,2.9,-5,4.5568e-12,-6.175000000000001e-11,-2.195e-11,6.175000000000001e-11,4.5568e-12,-22808658166.64003
bot1,3.0,-5,-4.3608e-12,2.333e-11,3.59e-11,2.333e-11,4.3608e-12,-23990020151.61695
bot1,3.1,-5,-3.78e-12,7.5e-13,1.443e-11,7.5e-13,3.78e-12,29570051451.88956
bot1,3.2,-5,2.4028e-12,-3.43e-12,4.500000000000001e-13,3.43e-12,2.4028e-12,38166482195.3361
bot1,3.3000000000000003,-5,1.4602e-12,-3.43e-12,1.4300000000000002e-12,3.43e-12,1.4602e-12,-108003024084.67424
bot1,3.4,-5,5.51e-13,-6.700000000000003e-13,1.9700000000000003e-12,6.700000000000003e-13,5.51e-13,-112752283233.73534
bot1,3.5,-5,-3.136e-13,3.110000000000001e-12,2.830000000000001e-12,3.110000000000001e-12,3.136e-13,-122354092744.40242
bot1,3.6,-5,-1.0836e-12,1.295e-11,4.13e-12,1.295e-11,1.0836e-12,-154918667699.45792
bot1,3.7,-5,-1.6046e-12,2.5430000000000003e-11,5.55e-12,2.5430000000000003e-11,1.6046e-12,-228206298493.83856
bot1,3.8,-5,-1.96e-12,3.954e-11,8.04e-12,3.954e-11,1.96e-12,-357525920629.2451
bot1,3.9,-5,-2.164e-12,5.102e-11,1.06e-11,5.102e-11,2.164e-12,-526038926880.58856
bot1,4.0,-5,-2.3402e-12,5.82e-11,1.458e-11,5.82e-11,2.3402e-12,-1650165016501.6487
bot1,4.1,-5,-2.2852e-12,5.988e-11,1.979e-11,5.988e-11,2.2852e-12,21514167079.02156
bot1,4.2,-5,6.956e-12,-3.2790000000000004e-11,-3.55e-11,3.2790000000000004e-11,6.956e-12,21812629512.48775
bot1,4.3,-5,6.8838e-12,-3.640000000000001e-12,-1.8950000000000003e-11,3.640000000000001e-12,6.8838e-12,-31884704907.056114
bot1,4.4,-5,6.834e-13,-1.2000000000000002e-13,4.800000000000001e-13,1.2000000000000002e-13,6.834e-13,-40791352233.32657
bot1,4.5,-5,1.9808e-12,-1.2500000000000001e-12,-1.5600000000000002e-12,1.2500000000000001e-12,1.9808e-12,72886297376.09334
bot1,4.6000000000000005,-5,3.4274e-12,-2.830000000000001e-12,-2.3200000000000002e-12,2.830000000000001e-12,3.4274e-12,64466219700.87679
bot1,4.7,-5,5.0832e-12,-7.43e-12,-2.6600000000000004e-12,7.43e-12,5.0832e-12,62104086448.88812
bot1,4.8,-5,6.6478e-12,-1.867e-11,-4.490000000000001e-12,1.867e-11,6.6478e-12,72743143958.68193
bot1,4.9,-5,7.8326e-12,-3.204e-11,-5.69e-12,3.204e-11,7.8326e-12,86452839975.79326
bot1,5.0,-5,8.9612e-12,-4.783e-11,-8.03e-12,4.783e-11,8.9612e-12,88605351763.2462
bot1,0.0,-4,-4.8456e-12,1.3900000000000001e-12,2.739e-11,1.3900000000000001e-12,4.8456e-12,12820512820.51282
bot1,0.1,-4,2.9544e-12,-2.4300000000000003e-12,-3.640000000000001e-12,2.4300000000000003e-12,2.9544e-12,39666798889.32962
bot1,0.2,-4,1.964e-13,0.0,-2.18e-12,0.0,1.964e-13,-122624156958.9209
bot1,0.3,-4,1.3234e-12,-5.860000000000001e-12,-3.56e-12,5.860000000000001e-12,1.3234e-12,95383441434.56696
bot1,0.4,-4,2.2932e-12,-1.4870000000000003e-11,-4.57e-12,1.4870000000000003e-11,2.2932e-12,114757860913.47258
bot1,0.5,-4,3.0662e-12,-2.9990000000000004e-11,-6.580000000000002e-12,2.9990000000000004e-11,3.0662e-12,143041052782.1484
bot1,0.6,-4,3.6914e-12,-4.925e-11,-9.8e-12,4.925e-11,3.6914e-12,216543958423.5601
bot1,0.7,-4,3.9898e-12,-5.9e-11,-1.378e-11,5.9e-11,3.9898e-12,418760469011.7258
bot1,0.8,-4,4.169e-12,-6.124e-11,-2.02e-11,6.124e-11,4.169e-12,-23198088477.509453
bot1,0.9,-4,-4.6316e-12,2.837e-11,3.5340000000000004e-11,2.837e-11,4.6316e-12,-23443360840.21005
bot1,1.0,-4,-4.3622e-12,1.3300000000000002e-12,1.6490000000000003e-11,1.3300000000000002e-12,4.3622e-12,31292048690.427776
bot1,1.1,-4,1.7598e-12,-2.1000000000000003e-12,2.3000000000000013e-13,2.1000000000000003e-12,1.7598e-12,40739835411.064926
bot1,1.2,-4,5.47e-13,-3.0300000000000002e-12,1.45e-12,3.0300000000000002e-12,5.47e-13,-80768920119.538
bot1,1.3,-4,-7.164e-13,1.4e-12,2.3200000000000002e-12,1.4e-12,7.164e-13,-84068936527.953
bot1,1.4,-4,-1.832e-12,8.93e-12,3.5500000000000004e-12,8.93e-12,1.832e-12,-106292517006.8027
bot1,1.5,-4,-2.598e-12,2.223e-11,5.02e-12,2.223e-11,2.598e-12,-139625802848.36633
bot1,1.6,-4,-3.2644e-12,4.021e-11,7.85e-12,4.021e-11,3.2644e-12,-177746178457.16312
bot1,1.7,-4,-3.7232e-12,5.423e-11,1.102e-11,5.423e-11,3.7232e-12,-245338567222.7675
bot1,1.8,-4,-4.0796e-12,5.969e-11,1.631e-11,5.969e-11,4.0796e-12,-351617440225.03564
bot1,1.9,-4,-4.292e-12,6.172000000000001e-11,2.121e-11,6.172000000000001e-11,4.292e-12,22395914985.106712
bot1,2.0,-4,4.8506e-12,-2.553e-11,-3.646e-11,2.553e-11,4.8506e-12,22880153754.633224
bot1,2.1,-4,4.4492e-12,-1.6700000000000006e-12,-1.7160000000000002e-11,1.6700000000000006e-12,4.4492e-12,-30155906034.196827
bot1,2.2,-4,-1.7816e-12,2.54e-12,-8.400000000000002e-13,2.54e-12,1.7816e-12,-39365429280.006325
bot1,2.3000000000000003,-4,-6.314e-13,9.3e-13,-1.7200000000000001e-12,9.3e-13,6.314e-13,79904115061.92558
bot1,2.4,-4,7.213999999999999e-13,-2.16e-12,-2.9100000000000003e-12,2.16e-12,7.213999999999999e-13,82733515347.067
bot1,2.5,-4,1.786e-12,-1.049e-11,-3.92e-12,1.049e-11,1.786e-12,99950024987.50632
bot1,2.6,-4,2.7224e-12,-2.355e-11,-5.680000000000001e-12,2.355e-11,2.7224e-12,132240148108.966
bot1,2.7,-4,3.2984e-12,-3.838e-11,-7.760000000000002e-12,3.838e-11,3.2984e-12,187230855645.0105
bot1,2.8000000000000003,-4,3.7906e-12,-5.1910000000000005e-11,-1.059e-11,5.1910000000000005e-11,3.7906e-12,262536098713.5727
bot1,2.9,-4,4.0602e-12,-5.940000000000001e-11,-1.4670000000000003e-11,5.940000000000001e-11,4.0602e-12,419111483654.6512
bot1,3.0,-4,4.2678e-12,-6.154e-11,-2.001e-11,6.154e-11,4.2678e-12,-22939988988.805305
bot1,3.1,-4,-4.6582e-12,2.968e-11,3.5090000000000005e-11,2.968e-11,4.6582e-12,-23007546475.2439
bot1,3.2,-4,-4.425e-12,2.62e-12,1.866e-11,2.62e-12,4.425e-12,28494087476.848576
bot1,3.3000000000000003,-4,2.3608e-12,-2.8800000000000002e-12,-8.2e-13,2.8800000000000002e-12,2.3608e-12,36873156342.18284
bot1,3.4,-4,9.99e-13,-2.06e-12,1.18e-12,2.06e-12,9.99e-13,-81606006202.05638
bot1,3.5,-4,-9e-14,-4e-13,2e-12,4e-13,9e-14,-91107871720.11671
bot1,3.6,-4,-1.1962e-12,4.74e-12,3.02e-12,4.74e-12,1.1962e-12,-91116173120.729
bot1,3.7,-4,-2.285e-12,1.5670000000000002e-11,4.23e-12,1.5670000000000002e-11,2.285e-12,-119289037337.46878
bot1,3.8,-4,-2.8728e-12,3.044e-11,5.910000000000001e-12,3.044e-11,2.8728e-12,-169548999660.9018
bot1,3.9,-4,-3.4646e-12,4.658e-11,8.790000000000003e-12,4.658e-11,3.4646e-12,-202593192868.71933
bot1,4.0,-4,-3.86e-12,5.5740000000000006e-11,1.2570000000000002e-11,5.5740000000000006e-11,3.86e-12,-300571085061.6169
bot1,4.1,-4,-4.13e-12,6.126e-11,1.726e-11,6.126e-11,4.13e-12,-520291363163.3721
bot1,4.2,-4,-4.2444e-12,6.104e-11,2.293e-11,6.104e-11,4.2444e-12,22140058006.952
bot1,4.3,-4,4.9034e-12,-2.098e-11,-3.693e-11,2.098e-11,4.9034e-12,23727607070.826927
bot1,4.4,-4,4.1846e-12,-1.04e-12,-1.402e-11,1.04e-12,4.1846e-12,-31426775612.82215
bot1,4.5,-4,-1.4606e-12,1.5e-12,-9.600000000000002e-13,1.5e-12,1.4606e-12,-42850409221.4081
bot1,4.6000000000000005,-4,-4.828e-13,2.11e-12,-2.16e-12,2.11e-12,4.828e-13,97210070963.35188
bot1,4.7,-4,5.968e-13,-1.7200000000000001e-12,-2.5500000000000002e-12,1.7200000000000001e-12,5.968e-13,91432751211.4836
bot1,4.8,-4,1.7046e-12,-6.900000000000001e-12,-4.01e-12,6.900000000000001e-12,1.7046e-12,98309083759.33946
bot1,4.9,-4,2.6312e-12,-1.994e-11,-5.100000000000001e-12,1.994e-11,2.6312e-12,118147448015.12296
bot1,5.0,-4,3.3974e-12,-3.632e-11,-7.370000000000001e-12,3.632e-11,3.3974e-12,130514226050.63904
bot1,0.0,-3,-4.9204e-12,2.2500000000000003e-12,2.6630000000000003e-11,2.2500000000000003e-12,4.9204e-12,12993762993.762997
bot1,0.1,-3,2.7756e-12,-2.6600000000000004e-12,-2.7600000000000004e-12,2.6600000000000004e-12,2.7756e-12,37299515106.30362
bot1,0.2,-3,4.416e-13,-7.700000000000002e-13,-2.4300000000000003e-12,7.700000000000002e-13,4.416e-13,-138580931263.8581
bot1,0.3,-3,1.3324e-12,-7.0900000000000015e-12,-3.390000000000001e-12,7.0900000000000015e-12,1.3324e-12,106963311584.12663
bot1,0.4,-3,2.3114e-12,-1.608e-11,-4.72e-12,1.608e-11,2.3114e-12,122219506233.19482
bot1,0.5,-3,2.9688e-12,-3.2030000000000005e-11,-6.1700000000000006e-12,3.2030000000000005e-11,2.9688e-12,150557061126.1668
bot1,0.6,-3,3.6398e-12,-4.8560000000000005e-11,-9.77e-12,4.8560000000000005e-11,3.6398e-12,199322304165.8363
bot1,0.7,-3,3.9722e-12,-5.78e-11,-1.305e-11,5.78e-11,3.9722e-12,358808754933.6205
bot1,0.8,-3,4.1972e-12,-6.107e-11,-1.783e-11,6.107e-11,4.1972e-12,583090379008.7455
bot1,0.9,-3,4.3152e-12,-6.179e-11,-2.215e-11,6.179e-11,4.3152e-12,-22540798845.91109
bot1,1.0,-3,-4.6756e-12,2.77e-11,3.5310000000000005e-11,2.77e-11,4.6756e-12,-23212627669.45219
bot1,1.1,-3,-4.3008e-12,8.800000000000002e-13,1.6910000000000003e-11,8.800000000000002e-13,4.3008e-12,29681517319.165348
bot1,1.2,-3,2.0626e-12,-1.5700000000000002e-12,2.8e-13,1.5700000000000002e-12,2.0626e-12,38226299694.1896
bot1,1.3,-3,9.312e-13,-3.05e-12,1.51e-12,3.05e-12,9.312e-13,-88012673825.03088
bot1,1.4,-3,-2.098e-13,3.4e-13,1.86e-12,3.4e-13,2.098e-13,-80405242421.8059
bot1,1.5,-3,-1.5562e-12,7.29e-12,3.1400000000000004e-12,7.29e-12,1.5562e-12,-90195724722.64812
bot1,1.6,-3,-2.4272e-12,1.768e-11,4.68e-12,1.768e-11,2.4272e-12,-131337010769.63484
bot1,1.7,-3,-3.079e-12,3.3270000000000005e-11,6.940000000000001e-12,3.3270000000000005e-11,3.079e-12,-177999288002.848
bot1,1.8,-3,-3.5508e-12,4.8890000000000005e-11,9.7e-12,4.8890000000000005e-11,3.5508e-12,-225377507324.7693
bot1,1.9,-3,-3.9664e-12,5.8070000000000006e-11,1.402e-11,5.8070000000000006e-11,3.9664e-12,-305810397553.51666
bot1,2.0,-3,-4.2048e-12,6.177000000000001e-11,1.976e-11,6.177000000000001e-11,4.2048e-12,-479616306954.436
bot1,2.1,-3,-4.3834e-12,5.992e-11,2.367e-11,5.992e-11,4.3834e-12,22103843858.447
bot1,2.2,-3,4.8434e-12,-2.1700000000000003e-11,-3.7020000000000005e-11,2.1700000000000003e-11,4.8434e-12,23404952487.94647
bot1,2.3000000000000003,-3,4.1618e-12,-1.21e-12,-1.4000000000000002e-11,1.21e-12,4.1618e-12,-30961669453.21688
bot1,2.4,-3,-1.6162e-12,2.34e-12,-1.2400000000000002e-12,2.34e-12,1.6162e-12,-43230157357.77272
bot1,2.5,-3,-4.646e-13,1.2800000000000002e-12,-1.8200000000000003e-12,1.2800000000000002e-12,4.646e-13,91457837936.71124
bot1,2.6,-3,5.706e-13,-1.32e-12,-2.64e-12,1.32e-12,5.706e-13,117027501462.84389
bot1,2.7,-3,1.2444e-12,-4.02e-12,-3.02e-12,4.02e-12,1.2444e-12,123304562268.80408
bot1,2.8000000000000003,-3,2.1926e-12,-1.31e-11,-4.340000000000001e-12,1.31e-11,2.1926e-12,123304562268.8038
bot1,2.9,-3,2.8664e-12,-2.5560000000000003e-11,-5.780000000000001e-12,2.5560000000000003e-11,2.8664e-12,163398692810.4573
bot1,3.0,-3,3.4166e-12,-4.169e-11,-8.21e-12,4.169e-11,3.4166e-12,205128205128.2053
bot1,3.1,-3,3.8414e-12,-5.2390000000000006e-11,-1.114e-11,5.2390000000000006e-11,3.8414e-12,309789343246.5924
bot1,3.2,-3,4.0622e-12,-6.020000000000001e-11,-1.499e-11,6.020000000000001e-11,4.0622e-12,595947556615.0193
bot1,3.3000000000000003,-3,4.177e-12,-6.065e-11,-2e-11,6.065e-11,4.177e-12,666222518321.1187
bot1,3.4,-3,4.3624e-12,-5.905e-11,-2.5340000000000003e-11,5.905e-11,4.3624e-12,-22157718641.288666
bot1,3.5,-3,-4.8492e-12,1.865e-11,3.657e-11,1.865e-11,4.8492e-12,-23765952895.881386
bot1,3.6,-3,-4.053e-12,2.3200000000000002e-12,1.243e-11,2.3200000000000002e-12,4.053e-12,31681662653.656094
bot1,3.7,-3,1.4636e-12,-3.1900000000000003e-12,8.400000000000002e-13,3.1900000000000003e-12,1.4636e-12,46091445427.728645
bot1,3.8,-3,2.862e-13,-1.4800000000000006e-12,1.69e-12,1.4800000000000006e-12,2.862e-13,-93879083740.14256
bot1,3.9,-3,-6.668e-13,1.37e-12,2.2700000000000002e-12,1.37e-12,6.668e-13,-112905046855.5943
bot1,4.0,-3,-1.4852e-12,6.04e-12,3.290000000000001e-12,6.04e-12,1.4852e-12,-117841150129.62512
bot1,4.1,-3,-2.364e-12,1.956e-11,4.910000000000001e-12,1.956e-11,2.364e-12,-140745953553.83545
bot1,4.2,-3,-2.9062e-12,3.161e-11,6.230000000000001e-12,3.161e-11,2.9062e-12,-181917409496.08896
bot1,4.3,-3,-3.4634e-12,4.654e-11,8.95e-12,4.654e-11,3.4634e-12,-214822771213.74884
bot1,4.4,-3,-3.8372e-12,5.3220000000000005e-11,1.087e-11,5.3220000000000005e-11,3.8372e-12,-320718409236.6905
bot1,4.5,-3,-4.087e-12,6.013e-11,1.464e-11,6.013e-11,4.087e-12,-578703703703.7035
bot1,4.6000000000000005,-3,-4.1828e-12,5.986e-11,1.9330000000000003e-11,5.986e-11,4.1828e-12,-1077586206896.5508
bot1,4.7,-3,-4.2726e-12,6.045000000000001e-11,2.387e-11,6.045000000000001e-11,4.2726e-12,22216791450.97857
bot1,4.8,-3,4.8194e-12,-2.3480000000000003e-11,-3.678e-11,2.3480000000000003e-11,4.8194e-12,23505629598.288807
bot1,4.9,-3,4.236e-12,-1.5200000000000002e-12,-1.382e-11,1.5200000000000002e-12,4.236e-12,-30659798871.71943
bot1,5.0,-3,-1.7038e-12,1.6800000000000001e-12,-6.3e-13,1.6800000000000001e-12,1.7038e-12,-16835583689.68646
bot1,0.0,-2,4.6578e-12,-6.006000000000001e-11,-2.442e-11,6.006000000000001e-11,4.6578e-12,-10471204188.481678
bot1,0.1,-2,-4.8922e-12,1.283e-11,3.667e-11,1.283e-11,4.8922e-12,-23394549070.06668
bot1,0.2,-2,-3.8912e-12,2.49e-12,1.102e-11,2.49e-12,3.8912e-12,32723583886.907288
bot1,0.3,-2,1.2196e-12,-2.14e-12,9.4e-13,2.14e-12,1.2196e-12,47346243075.611946
bot1,0.4,-2,3.33e-13,-1.88e-12,2.06e-12,1.88e-12,3.33e-13,-104264414555.31229
bot1,0.5,-2,-6.986e-13,1.1500000000000001e-12,2.01e-12,1.1500000000000001e-12,6.986e-13,-113700966458.21486
bot1,0.6,-2,-1.426e-12,5.8e-12,2.82e-12,5.8e-12,1.426e-12,-141522785168.41214
bot1,0.7,-2,-2.1118e-12,1.432e-11,4.08e-12,1.432e-11,2.1118e-12,-138542532557.4952
bot1,0.8,-2,-2.8696e-12,2.804e-11,5.8700000000000014e-12,2.804e-11,2.8696e-12,-164068908941.7555
bot1,0.9,-2,-3.3308e-12,4.141e-11,7.73e-12,4.141e-11,3.3308e-12,-222172850477.67163
bot1,1.0,-2,-3.7698e-12,5.376e-11,1.036e-11,5.376e-11,3.7698e-12,-303306035790.1124
bot1,1.1,-2,-3.9902e-12,5.841000000000001e-11,1.4110000000000002e-11,5.841000000000001e-11,3.9902e-12,-492853622474.1244
bot1,1.2,-2,-4.1756e-12,6.14e-11,1.7090000000000003e-11,6.14e-11,4.1756e-12,-547945205479.45166
bot1,1.3,-2,-4.3552e-12,6.164e-11,2.2300000000000003e-11,6.164e-11,4.3552e-12,22359859580.08186
bot1,1.4,-2,4.769e-12,-2.64e-11,-3.594e-11,2.64e-11,4.769e-12,22627505996.28908
bot1,1.5,-2,4.4836e-12,-1.09e-12,-1.8110000000000003e-11,1.09e-12,4.4836e-12,-29180892351.688114
bot1,1.6,-2,-2.0848e-12,2.6600000000000004e-12,2.5e-13,2.6600000000000004e-12,2.0848e-12,-35324455120.27976
bot1,1.7,-2,-1.1782e-12,1.9200000000000003e-12,-1.7200000000000001e-12,1.9200000000000003e-12,1.1782e-12,105708245243.12897
bot1,1.8,-2,-1.928e-13,2e-12,-2.11e-12,2e-12,1.928e-13,110889332446.21878
bot1,1.9,-2,6.254e-13,-1.21e-12,-2.4300000000000003e-12,1.21e-12,6.254e-13,119374477736.65988
bot1,2.0,-2,1.4826e-12,-6.4200000000000005e-12,-3.5500000000000004e-12,6.4200000000000005e-12,1.4826e-12,126968004062.97607
bot1,2.1,-2,2.2006e-12,-1.568e-11,-4.7500000000000006e-12,1.568e-11,2.2006e-12,130005200208.00844
bot1,2.2,-2,3.021e-12,-3.31e-11,-7.02e-12,3.31e-11,3.021e-12,137174211248.28548
bot1,2.3000000000000003,-2,3.6586e-12,-4.7370000000000007e-11,-9.21e-12,4.7370000000000007e-11,3.6586e-12,189000189000.18872
bot1,2.4,-2,4.0792e-12,-5.8000000000000007e-11,-1.376e-11,5.8000000000000007e-11,4.0792e-12,349895031490.55206
bot1,2.5,-2,4.2302e-12,-6.134e-11,-1.712e-11,6.134e-11,4.2302e-12,732064421669.1073
bot1,2.6,-2,4.3524e-12,-6.206e-11,-2.322e-11,6.206e-11,4.3524e-12,-22241992882.562298
bot1,2.7,-2,-4.7618e-12,2.0440000000000003e-11,3.696e-11,2.0440000000000003e-11,4.7618e-12,-23496792687.798138
bot1,2.8000000000000003,-2,-4.1594e-12,2.01e-12,1.4190000000000002e-11,2.01e-12,4.1594e-12,31131311873.482307
bot1,2.9,-2,1.6626e-12,-3.07e-12,8.600000000000002e-13,3.07e-12,1.6626e-12,42249355697.32556
bot1,3.0,-2,5.744e-13,-2.16e-12,1.3500000000000001e-12,2.16e-12,5.744e-13,-89589679268.94829
bot1,3.1,-2,-5.698e-13,8.100000000000002e-13,2.13e-12,8.100000000000002e-13,5.698e-13,-92626898851.42654
bot1,3.2,-2,-1.5848e-12,7.670000000000001e-12,3.160000000000001e-12,7.670000000000001e-12,1.5848e-12,-116455106556.4226
bot1,3.3000000000000003,-2,-2.2872e-12,1.612e-11,4.38e-12,1.612e-11,2.2872e-12,-148853825543.31625
bot1,3.4,-2,-2.9284e-12,2.8580000000000003e-11,5.49e-12,2.8580000000000003e-11,2.9284e-12,-192752505782.5749
bot1,3.5,-2,-3.3248e-12,4.163e-11,7.85e-12,4.163e-11,3.3248e-12,-285306704707.56085
bot1,3.6,-2,-3.6294e-12,5.1400000000000005e-11,9.5e-12,5.1400000000000005e-11,3.6294e-12,-338983050847.4579
bot1,3.7,-2,-3.9148e-12,5.673000000000001e-11,1.2870000000000002e-11,5.673000000000001e-11,3.9148e-12,-421585160202.3615
bot1,3.8,-2,-4.1038e-12,6.11e-11,1.504e-11,6.11e-11,4.1038e-12,-512557662737.0576
bot1,3.9,-2,-4.305e-12,6.137e-11,2.008e-11,6.137e-11,4.305e-12,-725689404934.6865
bot1,4.0,-2,-4.3794e-12,5.976000000000001e-11,2.358e-11,5.976000000000001e-11,4.3794e-12,21968848173.29025
bot1,4.1,-2,4.7988e-12,-2.2900000000000003e-11,-3.6840000000000005e-11,2.2900000000000003e-11,4.7988e-12,23209395163.16207
bot1,4.2,-2,4.2378e-12,-1.26e-12,-1.531e-11,1.26e-12,4.2378e-12,-30539946249.69463
bot1,4.3,-2,-1.75e-12,2.0500000000000004e-12,-8.100000000000002e-13,2.0500000000000004e-12,1.75e-12,-39059448480.58749
bot1,4.4,-2,-8.826e-13,2.18e-12,-1.9200000000000003e-12,2.18e-12,8.826e-13,102848914943.94743
bot1,4.5,-2,1.946e-13,1.6000000000000005e-13,-2.5300000000000003e-12,1.6000000000000005e-13,1.946e-13,101543460601.13736
bot1,4.6000000000000005,-2,1.087e-12,-4.57e-12,-3.0800000000000002e-12,4.57e-12,1.087e-12,107238605898.12344
bot1,4.7,-2,2.0596e-12,-1.307e-11,-3.6000000000000004e-12,1.307e-11,2.0596e-12,123946455131.3828
bot1,4.8,-2,2.7006e-12,-2.311e-11,-5.48e-12,2.311e-11,2.7006e-12,161264312207.7086
bot1,4.9,-2,3.2998e-12,-3.92e-11,-7.890000000000001e-12,3.92e-11,3.2998e-12,198333994446.6484
bot1,5.0,-2,3.709e-12,-5.011e-11,-1.005e-11,5.011e-11,3.709e-12,244379276637.3404
bot1,0.0,-1,-4.9168e-12,2.4000000000000004e-13,2.46e-11,2.4000000000000004e-13,4.9168e-12,13031353436.3679
bot1,0.1,-1,2.757e-12,-2.46e-12,-2.04e-12,2.46e-12,2.757e-12,37690336197.79889
bot1,0.2,-1,3.896e-13,-5.9e-13,-2.29e-12,5.9e-13,3.896e-13,-120163422254.2658
bot1,0.3,-1,1.0926e-12,-3.110000000000001e-12,-3.02e-12,3.110000000000001e-12,1.0926e-12,144864551644.21268
bot1,0.4,-1,1.7702e-12,-9.91e-12,-3.740000000000001e-12,9.91e-12,1.7702e-12,141382723031.24557
bot1,0.5,-1,2.5072e-12,-1.938e-11,-5.150000000000001e-12,1.938e-11,2.5072e-12,144050705848.45862
bot1,0.6,-1,3.1586e-12,-3.608e-11,-7.39e-12,3.608e-11,3.1586e-12,202265372168.28485
bot1,0.7,-1,3.496e-12,-4.666e-11,-9.19e-12,4.666e-11,3.496e-12,304321363359.70795
bot1,0.8,-1,3.8158e-12,-5.4430000000000006e-11,-1.147e-11,5.4430000000000006e-11,3.8158e-12,331785003317.84985
bot1,0.9,-1,4.0988e-12,-5.98e-11,-1.519e-11,5.98e-11,4.0988e-12,474158368895.2112
bot1,1.0,-1,4.2376e-12,-6.215e-11,-1.874e-11,6.215e-11,4.2376e-12,936329588014.9824
bot1,1.1,-1,4.3124e-12,-6.129e-11,-2.258e-11,6.129e-11,4.3124e-12,-22321428571.42857
bot1,1.2,-1,-4.7224e-12,2.913e-11,3.601e-11,2.913e-11,4.7224e-12,-22737091016.575333
bot1,1.3,-1,-4.4838e-12,1.2000000000000001e-12,1.999e-11,1.2000000000000001e-12,4.4838e-12,27278430944.652084
bot1,1.4,-1,2.6094e-12,-2.2700000000000002e-12,-2.47e-12,2.2700000000000002e-12,2.6094e-12,41860270417.346886
bot1,1.5,-1,2.94e-13,1.2000000000000002e-13,-2.4800000000000003e-12,1.2000000000000002e-13,2.94e-13,-133922592741.39546
bot1,1.6,-1,1.116e-12,-3.840000000000001e-12,-3.15e-12,3.840000000000001e-12,1.116e-12,120423892100.19264
bot1,1.7,-1,1.9548e-12,-1.184e-11,-3.8300000000000004e-12,1.184e-11,1.9548e-12,130497194310.3223
bot1,1.8,-1,2.6486e-12,-2.2170000000000003e-11,-5.04e-12,2.2170000000000003e-11,2.6486e-12,170677590032.4289
bot1,1.9,-1,3.1266e-12,-3.353e-11,-6.790000000000001e-12,3.353e-11,3.1266e-12,225479143179.25583
bot1,2.0,-1,3.5356e-12,-4.713e-11,-8.95e-12,4.713e-11,3.5356e-12,293858360270.34955
bot1,2.1,-1,3.8072e-12,-5.433e-11,-1.121e-11,5.433e-11,3.8072e-12,372162262746.55774
bot1,2.2,-1,4.073e-12,-6.073e-11,-1.53e-11,6.073e-11,4.073e-12,493096646942.8015
bot1,2.3000000000000003,-1,4.2128e-12,-6.184e-11,-1.939e-11,6.184e-11,4.2128e-12,656598818122.1262
bot1,2.4,-1,4.3776e-12,-6.095000000000001e-11,-2.466e-11,6.095000000000001e-11,4.3776e-12,-21997360316.761963
bot1,2.5,-1,-4.8792e-12,2.143e-11,3.649e-11,2.143e-11,4.8792e-12,-23140113386.55561
bot1,2.6,-1,-4.2654e-12,1.08e-12,1.469e-11,1.08e-12,4.2654e-12,29822259334.3672
bot1,2.7,-1,1.8272e-12,-2.830000000000001e-12,-3.0000000000000005e-14,2.830000000000001e-12,1.8272e-12,40330711837.06396
bot1,2.8000000000000003,-1,6.936e-13,-2.350000000000001e-12,1.5200000000000002e-12,2.350000000000001e-12,6.936e-13,-85947571981.09142
bot1,2.9,-1,-4.998e-13,4.0000000000000006e-14,1.5400000000000001e-12,4.0000000000000006e-14,4.998e-13,-100492412822.83174
bot1,3.0,-1,-1.2966e-12,5.65e-12,2.3800000000000004e-12,5.65e-12,1.2966e-12,-133886731824.87628
bot1,3.1,-1,-1.9936e-12,1.163e-11,3.5200000000000003e-12,1.163e-11,1.9936e-12,-146412884333.8215
bot1,3.2,-1,-2.6626e-12,2.356e-11,5.43e-12,2.356e-11,2.6626e-12,-153586238673.01505
bot1,3.3000000000000003,-1,-3.2958e-12,3.85e-11,7.07e-12,3.85e-11,3.2958e-12,-188928773852.25745
bot1,3.4,-1,-3.7212e-12,5.029e-11,9.88e-12,5.029e-11,3.7212e-12,-276319425255.59515
bot1,3.5,-1,-4.0196e-12,5.84e-11,1.301e-11,5.84e-11,4.0196e-12,-419815281276.23895
bot1,3.6,-1,-4.1976e-12,6.183000000000001e-11,1.855e-11,6.183000000000001e-11,4.1976e-12,-706214689265.5367
bot1,3.7,-1,-4.3028e-12,6.172000000000001e-11,2.304e-11,6.172000000000001e-11,4.3028e-12,22276676319.893093
bot1,3.8,-1,4.7804e-12,-2.124e-11,-3.7020000000000005e-11,2.124e-11,4.7804e-12,23445559411.04752
bot1,3.9,-1,4.2276e-12,-9.600000000000002e-13,-1.406e-11,9.600000000000002e-13,4.2276e-12,-31199301135.65452
bot1,4.0,-1,-1.63e-12,1.74e-12,-8.9e-13,1.74e-12,1.63e-12,-43483932686.87216
bot1,4.1,-1,-3.718e-13,1.36e-12,-1.8000000000000002e-12,1.36e-12,3.718e-13,83773142330.5689
bot1,4.2,-1,7.574e-13,-1.85e-12,-2.5600000000000004e-12,1.85e-12,7.574e-13,91199270405.83684
bot1,4.3,-1,1.8212e-12,-8.92e-12,-3.86e-12,8.92e-12,1.8212e-12,117855038302.88754
bot1,4.4,-1,2.4544e-12,-2.008e-11,-4.960000000000001e-12,2.008e-11,2.4544e-12,154631204577.08377
bot1,4.5,-1,3.1146e-12,-3.398e-11,-6.620000000000001e-12,3.398e-11,3.1146e-12,190403655750.19064
bot1,4.6000000000000005,-1,3.5048e-12,-4.73e-11,-9.07e-12,4.73e-11,3.5048e-12,239520958083.8325
bot1,4.7,-1,3.9496e-12,-5.7380000000000006e-11,-1.253e-11,5.7380000000000006e-11,3.9496e-12,315059861373.65985
bot1,4.8,-1,4.1396e-12,-6.239e-11,-1.679e-11,6.239e-11,4.1396e-12,576701268742.7916
bot1,4.9,-1,4.2964e-12,-6.235000000000001e-11,-2.109e-11,6.235000000000001e-11,4.2964e-12,-22411474675.03364
bot1,5.0,-1,-4.7844e-12,2.815e-11,3.5340000000000004e-11,2.815e-11,4.7844e-12,-11012245617.126207
bot1,0.0,0,5.8404e-12,-1.8400000000000002e-12,-2.763e-11,1.8400000000000002e-12,5.8404e-12,132717594.47767398
bot1,0.1,0,7.5932e-10,-3.060000000000001e-12,-7.8621e-10,3.060000000000001e-12,7.5932e-10,241765000.5512242
bot1,0.2,0,8.3309e-10,-2.34e-12,-7.9757e-10,2.34e-12,8.3309e-10,4420866489.832003
bot1,0.3,0,8.0456e-10,4.7940000000000005e-11,-7.9177e-10,4.7940000000000005e-11,8.0456e-10,-5359056806.002139
bot1,0.4,0,7.9577e-10,2.316e-11,-7.6421e-10,2.316e-11,7.9577e-10,-5354752342.704153
bot1,0.5,0,7.6721e-10,2.74e-12,-7.9481e-10,2.74e-12,7.6721e-10,-15151515151.515127
bot1,0.6,0,7.8257e-10,-2.682e-11,-8.047e-10,2.682e-11,7.8257e-10,5767012687.42791
bot1,0.7,0,8.0189e-10,-4.207e-11,-8.318e-10,4.207e-11,8.0189e-10,5063291139.240505
bot1,0.8,0,8.2207e-10,-1.9700000000000003e-12,-8.0937e-10,1.9700000000000003e-12,8.2207e-10,10922992900.054668
bot1,0.9,0,8.202e-10,1.033e-11,-7.9254e-10,1.033e-11,8.202e-10,-7173601147.776179
bot1,1.0,0,7.9419e-10,6.037000000000001e-11,-7.7157e-10,6.037000000000001e-11,7.9419e-10,-4887585532.746825
bot1,1.1,0,7.7928e-10,7.800000000000002e-13,-7.6787e-10,7.800000000000002e-13,7.7928e-10,-6159531875.577456
bot1,1.2,0,7.6172e-10,9.4e-13,-7.9691e-10,9.4e-13,7.6172e-10,13577732518.669373
bot1,1.3,0,7.9401e-10,-6.084000000000001e-11,-8.0734e-10,6.084000000000001e-11,7.9401e-10,4788125448.886759
bot1,1.4,0,8.0349e-10,-1.6e-12,-8.2454e-10,1.6e-12,8.0349e-10,5589714924.538838
bot1,1.5,0,8.2979e-10,-2.69e-12,-7.925e-10,2.69e-12,8.2979e-10,-24937655860.348995
bot1,1.6,0,7.9547e-10,5.1290000000000005e-11,-7.8275e-10,5.1290000000000005e-11,7.9547e-10,-4604051565.37753
bot1,1.7,0,7.8635e-10,1.661e-11,-7.5609e-10,1.661e-11,7.8635e-10,-5455537370.430993
bot1,1.8,0,7.5881e-10,2.19e-12,-7.8916e-10,2.19e-12,7.5881e-10,-24271844660.194
bot1,1.9,0,7.7811e-10,-3.172e-11,-7.9826e-10,3.172e-11,7.7811e-10,5561735261.401565
bot1,2.0,0,7.9477e-10,-3.82e-11,-8.2452e-10,3.82e-11,7.9477e-10,5263157894.736832
bot1,2.1,0,8.1611e-10,-2.21e-12,-8.0358e-10,2.21e-12,8.1611e-10,9324009324.009304
bot1,2.2,0,8.1622e-10,7.43e-12,-7.8722e-10,7.43e-12,8.1622e-10,-7204610951.008648
bot1,2.3000000000000003,0,7.8835e-10,5.925e-11,-7.6615e-10,5.925e-11,7.8835e-10,-4550625711.035256
bot1,2.4,0,7.7227e-10,1.69e-12,-7.6551e-10,1.69e-12,7.7227e-10,-6523157208.088712
bot1,2.5,0,7.5769e-10,-5.500000000000001e-13,-7.9268e-10,5.500000000000001e-13,7.5769e-10,10131712259.371857
bot1,2.6,0,7.9201e-10,-6.164e-11,-8.0767e-10,6.164e-11,7.9201e-10,4613610149.942338
bot1,2.7,0,8.0104e-10,-1.1600000000000001e-12,-8.2199e-10,1.1600000000000001e-12,8.0104e-10,6159531875.577463
bot1,2.8000000000000003,0,8.2448e-10,-1.88e-12,-7.8793e-10,1.88e-12,8.2448e-10,-17513134851.138412
bot1,2.9,0,7.8962e-10,5.521e-11,-7.771e-10,5.521e-11,7.8962e-10,-4634994206.257236
bot1,3.0,0,7.8133e-10,9.01e-12,-7.5261e-10,9.01e-12,7.8133e-10,-5611672278.338935
bot1,3.1,0,7.5398e-10,2.4800000000000003e-12,-7.8687e-10,2.4800000000000003e-12,7.5398e-10,-80971659919.02866
bot1,3.2,0,7.7886e-10,-3.646e-11,-7.9543e-10,3.646e-11,7.7886e-10,5282620179.609089
bot1,3.3000000000000003,0,7.9184e-10,-3.594e-11,-8.2177e-10,3.594e-11,7.9184e-10,5532503457.81465
bot1,3.4,0,8.1501e-10,-2.08e-12,-7.9802e-10,2.08e-12,8.1501e-10,12554927809.165028
bot1,3.5,0,8.0777e-10,1.3190000000000002e-11,-7.837e-10,1.3190000000000002e-11,8.0777e-10,-6697923643.670459
bot1,3.6,0,7.8515e-10,5.66e-11,-7.6079e-10,5.66e-11,7.8515e-10,-4992511233.15027
bot1,3.7,0,7.6771e-10,8.800000000000002e-13,-7.6475e-10,8.800000000000002e-13,7.6771e-10,-7186489399.928144
bot1,3.8,0,7.5732e-10,-2.34e-12,-7.9045e-10,2.34e-12,7.5732e-10,9289363678.587992
bot1,3.9,0,7.8924e-10,-6.156e-11,-8.0673e-10,6.156e-11,7.8924e-10,4700352526.439473
bot1,4.0,0,7.9987e-10,-8.300000000000001e-13,-8.1911e-10,8.300000000000001e-13,7.9987e-10,6167129201.356768
bot1,4.1,0,8.2167e-10,-1.4300000000000002e-12,-7.8563e-10,1.4300000000000002e-12,8.2167e-10,-15600624024.96106
bot1,4.2,0,7.8705e-10,5.87e-11,-7.7293e-10,5.87e-11,7.8705e-10,-4651162790.697683
bot1,4.3,0,7.7867e-10,3.4700000000000004e-12,-7.5196e-10,3.4700000000000004e-12,7.7867e-10,-5696382796.923959
bot1,4.4,0,7.5194e-10,2.24e-12,-7.8811e-10,2.24e-12,7.5194e-10,49504950495.04932
bot1,4.5,0,7.8271e-10,-4.763e-11,-7.9673e-10,4.763e-11,7.8271e-10,4875670404.680656
bot1,4.6000000000000005,0,7.9296e-10,-1.939e-11,-8.2433e-10,1.939e-11,7.9296e-10,5471956224.350219
bot1,4.7,0,8.1926e-10,-2.95e-12,-7.8961e-10,2.95e-12,8.1926e-10,38684719535.78328
bot1,4.8,0,7.9813e-10,3.0210000000000005e-11,-7.8026e-10,3.0210000000000005e-11,7.9813e-10,-5588153115.395377
bot1,4.9,0,7.8347e-10,4.1320000000000006e-11,-7.5466e-10,4.1320000000000006e-11,7.8347e-10,-5393743257.820942
bot1,5.0,0,7.6105e-10,1.36e-12,-7.7335e-10,1.36e-12,7.6105e-10,-4460303300.624424
bot1,0.0,1,9.511e-11,-1.98e-12,-1.8478e-10,1.98e-12,9.511e-11,253251.1816890076
bot1,0.1,1,3.9496e-07,-4.9e-13,-3.9496e-07,4.9e-13,3.9496e-07,284987.6120872309
bot1,0.2,1,7.0188e-07,2.387e-11,-7.0182e-07,2.387e-11,7.0188e-07,376208.5700312253
bot1,0.3,1,9.2658e-07,-6.151e-11,-9.2614e-07,6.151e-11,9.2658e-07,517920.0331468821
bot1,0.4,1,1.08804e-06,5.134000000000001e-11,-1.0893e-06,5.134000000000001e-11,1.08804e-06,713215.8904500392
bot1,0.5,1,1.207e-06,1.7500000000000002e-12,-1.2066e-06,1.7500000000000002e-12,1.207e-06,952108.9212605916
bot1,0.6,1,1.2981e-06,2.2500000000000003e-12,-1.298e-06,2.2500000000000003e-12,1.2981e-06,1247660.6363069236
bot1,0.7,1,1.3673000000000002e-06,-5.3500000000000004e-12,-1.3674000000000002e-06,5.3500000000000004e-12,1.3673000000000002e-06,1693480.101608807
bot1,0.8,1,1.4162e-06,6.091e-11,-1.4161e-06,6.091e-11,1.4162e-06,2469135.8024691367
bot1,0.9,1,1.4483000000000002e-06,-6.850000000000001e-12,-1.4484000000000002e-06,6.850000000000001e-12,1.4483000000000002e-06,4048582.995951407
bot1,1.0,1,1.4656000000000002e-06,-1.85e-12,-1.4659000000000002e-06,1.85e-12,1.4656000000000002e-06,7722007.722007712
bot1,1.1,1,1.4742000000000002e-06,1.655e-11,-1.4739000000000002e-06,1.655e-11,1.4742000000000002e-06,16528925.619834911
bot1,1.2,1,1.4777e-06,-6.03e-11,-1.4778e-06,6.03e-11,1.4777e-06,42553191.48936233
bot1,1.3,1,1.4789e-06,2.26e-12,-1.4794000000000002e-06,2.26e-12,1.4789e-06,86956521.73912399
bot1,1.4,1,1.4800000000000002e-06,1.8000000000000002e-12,-1.4796000000000002e-06,1.8000000000000002e-12,1.4800000000000002e-06,133333333.33334212
bot1,1.5,1,1.4804e-06,-2.775e-11,-1.4797000000000002e-06,2.775e-11,1.4804e-06,-399999999.9999698
bot1,1.6,1,1.4795000000000002e-06,3.055e-11,-1.4824000000000002e-06,3.055e-11,1.4795000000000002e-06,499999999.99996233
bot1,1.7,1,1.4808e-06,2.57e-12,-1.4803000000000005e-06,2.57e-12,1.4808e-06,249999999.9999812
bot1,1.8,1,1.4803000000000005e-06,-1.7930000000000003e-11,-1.4821000000000002e-06,1.7930000000000003e-11,1.4803000000000005e-06,249999999.99998143
bot1,1.9,1,1.4816e-06,5.0640000000000006e-11,-1.481e-06,5.0640000000000006e-11,1.4816e-06,142857142.8571537
bot1,2.0,1,1.4817e-06,1.51e-12,-1.4809e-06,1.51e-12,1.4817e-06,-666666666.6666164
bot1,2.1,1,1.4813e-06,-5.300000000000003e-13,-1.4823000000000002e-06,5.300000000000003e-13,1.4813e-06,-999999999.9999256
bot1,2.2,1,1.4815e-06,6.195e-11,-1.4819000000000002e-06,6.195e-11,1.4815e-06,249999999.99998143
bot1,2.3000000000000003,1,1.4821000000000002e-06,-4.38e-12,-1.4832e-06,4.38e-12,1.4821000000000002e-06,333333333.33330786
bot1,2.4,1,1.4821000000000002e-06,-1.3500000000000001e-12,-1.4823000000000002e-06,1.3500000000000001e-12,1.4821000000000002e-06,-666666666.6666157
bot1,2.5,1,1.4818000000000002e-06,2.411e-11,-1.4814e-06,2.411e-11,1.4818000000000002e-06,
bot1,2.6,1,1.4821000000000002e-06,-5.6460000000000005e-11,-1.4827000000000002e-06,5.6460000000000005e-11,1.4821000000000002e-06,333333333.3333086
bot1,2.7,1,1.4824000000000002e-06,-3.6000000000000013e-13,-1.4825000000000002e-06,3.6000000000000013e-13,1.4824000000000002e-06,-249999999.99998143
bot1,2.8000000000000003,1,1.4813e-06,1.0500000000000002e-12,-1.4823000000000002e-06,1.0500000000000002e-12,1.4813e-06,-1999999999.9998472
bot1,2.9,1,1.4823000000000002e-06,-6.026000000000001e-11,-1.4815e-06,6.026000000000001e-11,1.4823000000000002e-06,
bot1,3.0,1,1.4813e-06,2.7e-13,-1.4807e-06,2.7e-13,1.4813e-06,-142857142.85713226
bot1,3.1,1,1.4809e-06,2.29e-12,-1.4813e-06,2.29e-12,1.4809e-06,-333333333.3333086
bot1,3.2,1,1.4807e-06,-3.018e-11,-1.4819000000000002e-06,3.018e-11,1.4807e-06,249999999.99998143
bot1,3.3000000000000003,1,1.4817e-06,5.573e-11,-1.4814e-06,5.573e-11,1.4817e-06,-666666666.6666157
bot1,3.4,1,1.4804e-06,1.9200000000000003e-12,-1.4815e-06,1.9200000000000003e-12,1.4804e-06,-199999999.9999847
bot1,3.5,1,1.4807e-06,-3.6840000000000005e-11,-1.4804e-06,3.6840000000000005e-11,1.4807e-06,-666666666.6670878
bot1,3.6,1,1.4801000000000002e-06,1.661e-11,-1.4814e-06,1.661e-11,1.4801000000000002e-06,-400000000.00013965
bot1,3.7,1,1.4802000000000002e-06,2.28e-12,-1.4806e-06,2.28e-12,1.4802000000000002e-06,285714285.71435094
bot1,3.8,1,1.4808e-06,-2.6360000000000003e-11,-1.4822000000000002e-06,2.6360000000000003e-11,1.4808e-06,285714285.7143503
bot1,3.9,1,1.4809e-06,5.514e-11,-1.481e-06,5.514e-11,1.4809e-06,-285714285.7143503
bot1,4.0,1,1.4801000000000002e-06,1.69e-12,-1.4802000000000002e-06,1.69e-12,1.4801000000000002e-06,-181818181.81820288
bot1,4.1,1,1.4798000000000002e-06,-4.2000000000000003e-13,-1.4803000000000005e-06,4.2000000000000003e-13,1.4798000000000002e-06,
bot1,4.2,1,1.4801000000000002e-06,5.871000000000001e-11,-1.4797000000000002e-06,5.871000000000001e-11,1.4801000000000002e-06,499999999.99996287
bot1,4.3,1,1.4802000000000002e-06,2.6e-13,-1.4800000000000002e-06,2.6e-13,1.4802000000000002e-06,-199999999.9999852
bot1,4.4,1,1.4791000000000002e-06,-2.7e-13,-1.4789e-06,2.7e-13,1.4791000000000002e-06,-1999999999.999852
bot1,4.5,1,1.4801000000000002e-06,5.531000000000001e-11,-1.4801000000000002e-06,5.531000000000001e-11,1.4801000000000002e-06,
bot1,4.6000000000000005,1,1.4791000000000002e-06,-8.22e-12,-1.4798000000000002e-06,8.22e-12,1.4791000000000002e-06,-105263157.89472903
bot1,4.7,1,1.4782e-06,-1.9700000000000003e-12,-1.4802000000000002e-06,1.9700000000000003e-12,1.4782e-06,1999999999.9998424
bot1,4.8,1,1.4792000000000002e-06,2.8220000000000004e-11,-1.4784e-06,2.8220000000000004e-11,1.4792000000000002e-06,181818181.8181683
bot1,4.9,1,1.4793000000000002e-06,-5.0280000000000006e-11,-1.4789e-06,5.0280000000000006e-11,1.4793000000000002e-06,666666666.6666172
bot1,5.0,1,1.4795000000000002e-06,-2.11e-12,-1.4796000000000002e-06,2.11e-12,1.4795000000000002e-06,499999999.9999607
bot1,0.0,2,3.8231000000000005e-10,-5.915000000000001e-11,-3.4718000000000004e-10,5.915000000000001e-11,3.8231000000000005e-10,79559.70450220966
bot1,0.1,2,1.2573000000000002e-06,6.018e-11,-1.2572000000000002e-06,6.018e-11,1.2573000000000002e-06,82368.3303423402
bot1,0.2,2,2.4285e-06,5.509000000000001e-11,-2.4281e-06,5.509000000000001e-11,2.4285e-06,88719.33637936387
bot1,0.3,2,3.5116000000000004e-06,-2.741e-11,-3.5119e-06,2.741e-11,3.5116000000000004e-06,95969.28982725528
bot1,0.4,2,4.5125e-06,-2.23e-12,-4.5129e-06,2.23e-12,4.5125e-06,104052.85885229698
bot1,0.5,2,5.4337e-06,8.300000000000001e-13,-5.4333e-06,8.300000000000001e-13,5.4337e-06,113397.97017633378
bot1,0.6,2,6.276200000000001e-06,-6.14e-11,-6.276400000000001e-06,6.14e-11,6.276200000000001e-06,123839.00928792568
bot1,0.7,2,7.048700000000001e-06,1.2470000000000002e-11,-7.0485e-06,1.2470000000000002e-11,7.048700000000001e-06,135446.29554381687
bot1,0.8,2,7.752800000000001e-06,1.4700000000000002e-12,-7.7525e-06,1.4700000000000002e-12,7.752800000000001e-06,148489.12317172758
bot1,0.9,2,8.395600000000001e-06,-8.280000000000003e-12,-8.3959e-06,8.280000000000003e-12,8.395600000000001e-06,162932.7902240326
bot1,1.0,2,8.980300000000001e-06,5.991e-11,-8.979700000000001e-06,5.991e-11,8.980300000000001e-06,179775.2808988765
bot1,1.1,2,9.5081e-06,-5.14e-12,-9.5082e-06,5.14e-12,9.5081e-06,199740.33756117045
bot1,1.2,2,9.9816e-06,-1.03e-12,-9.9808e-06,1.03e-12,9.9816e-06,223538.61629596507
bot1,1.3,2,1.04028e-05,5.853e-11,-1.04033e-05,5.853e-11,1.04028e-05,252844.5006321116
bot1,1.4,2,1.07726e-05,5.1e-13,-1.07731e-05,5.1e-13,1.07726e-05,290149.4269548816
bot1,1.5,2,1.1092100000000002e-05,-2.24e-12,-1.10916e-05,2.24e-12,1.1092100000000002e-05,340483.4865509029
bot1,1.6,2,1.136e-05,-1.78e-12,-1.13597e-05,1.78e-12,1.136e-05,409920.0655872111
bot1,1.7,2,1.158e-05,1.0100000000000001e-12,-1.15805e-05,1.0100000000000001e-12,1.158e-05,510204.0816326521
bot1,1.8,2,1.1752e-05,-5.3440000000000005e-11,-1.175e-05,5.3440000000000005e-11,1.1752e-05,662251.6556291401
bot1,1.9,2,1.1882e-05,-2.7e-13,-1.1882e-05,2.7e-13,1.1882e-05,917431.192660549
bot1,2.0,2,1.197e-05,2.28e-12,-1.197e-05,2.28e-12,1.197e-05,1369863.0136986305
bot1,2.1,2,1.2028e-05,-1.93e-12,-1.2028e-05,1.93e-12,1.2028e-05,2083333.3333333256
bot1,2.2,2,1.2066e-05,5.0350000000000006e-11,-1.2066e-05,5.0350000000000006e-11,1.2066e-05,3030303.030303078
bot1,2.3000000000000003,2,1.2094e-05,-6.086000000000001e-11,-1.2092e-05,6.086000000000001e-11,1.2094e-05,4545454.545454548
bot1,2.4,2,1.211e-05,3.8590000000000006e-11,-1.2112e-05,3.8590000000000006e-11,1.211e-05,5555555.555555392
bot1,2.5,2,1.213e-05,-4.7500000000000006e-12,-1.2128e-05,4.7500000000000006e-12,1.213e-05,5882352.941176473
bot1,2.6,2,1.2144e-05,-2.11e-12,-1.2144e-05,2.11e-12,1.2144e-05,8333333.333333302
bot1,2.7,2,1.2154e-05,-9e-14,-1.2156e-05,9e-14,1.2154e-05,8333333.333333302
bot1,2.8000000000000003,2,1.2168e-05,-1.6760000000000002e-11,-1.2168e-05,1.6760000000000002e-11,1.2168e-05,8333333.333333284
bot1,2.9,2,1.2178e-05,5.855000000000001e-11,-1.2178e-05,5.855000000000001e-11,1.2178e-05,11111111.111111833
bot1,3.0,2,1.2186e-05,-1.9240000000000003e-11,-1.219e-05,1.9240000000000003e-11,1.2186e-05,12500000.000000397
bot1,3.1,2,1.2194e-05,-2.92e-12,-1.2198e-05,2.92e-12,1.2194e-05,11111111.111110808
bot1,3.2,2,1.2204e-05,1.3500000000000001e-12,-1.2206e-05,1.3500000000000001e-12,1.2204e-05,9090909.090908764
bot1,3.3000000000000003,2,1.2216e-05,-1.9700000000000003e-12,-1.2212e-05,1.9700000000000003e-12,1.2216e-05,10000000.000000082
bot1,3.4,2,1.2224e-05,-1.4e-13,-1.2222e-05,1.4e-13,1.2224e-05,12500000.000000369
bot1,3.5,2,1.2232e-05,-3.9900000000000006e-11,-1.223e-05,3.9900000000000006e-11,1.2232e-05,16666666.666665427
bot1,3.6,2,1.2236e-05,5.011e-11,-1.224e-05,5.011e-11,1.2236e-05,16666666.666667782
bot1,3.7,2,1.2244e-05,-4e-12,-1.2246e-05,4e-12,1.2244e-05,14285714.285715818
bot1,3.8,2,1.225e-05,-3.4500000000000004e-12,-1.2252e-05,3.4500000000000004e-12,1.225e-05,14285714.285714058
bot1,3.9,2,1.2258e-05,1.3500000000000001e-12,-1.2258e-05,1.3500000000000001e-12,1.2258e-05,16666666.666665392
bot1,4.0,2,1.2262e-05,-1.5300000000000001e-12,-1.2264e-05,1.5300000000000001e-12,1.2262e-05,16666666.666665392
bot1,4.1,2,1.227e-05,1.387e-11,-1.227e-05,1.387e-11,1.227e-05,14285714.28571409
bot1,4.2,2,1.2276e-05,-5.211e-11,-1.2278e-05,5.211e-11,1.2276e-05,16666666.666667782
bot1,4.3,2,1.2282e-05,5.871000000000001e-11,-1.2284e-05,5.871000000000001e-11,1.2282e-05,16666666.666667782
bot1,4.4,2,1.2288e-05,-2.0950000000000003e-11,-1.229e-05,2.0950000000000003e-11,1.2288e-05,20000000.00000021
bot1,4.5,2,1.2292e-05,1.2000000000000002e-13,-1.2292e-05,1.2000000000000002e-13,1.2292e-05,20000000.00000021
bot1,4.6000000000000005,2,1.2298e-05,1.73e-12,-1.23e-05,1.73e-12,1.2298e-05,16666666.666665427
bot1,4.7,2,1.2304e-05,-1.5600000000000002e-12,-1.2302e-05,1.5600000000000002e-12,1.2304e-05,20000000.00000012
bot1,4.8,2,1.2308e-05,2.874e-11,-1.231e-05,2.874e-11,1.2308e-05,20000000.00000021
bot1,4.9,2,1.2314e-05,-6.105e-11,-1.2312e-05,6.105e-11,1.2314e-05,16666666.666665427
bot1,5.0,2,1.232e-05,1.779e-11,-1.2318e-05,1.779e-11,1.232e-05,16666666.666667707
bot1,0.0,3,8.987e-10,-3.7000000000000004e-13,-6.0497e-10,3.7000000000000004e-13,8.987e-10,45657.903682186654
bot1,0.1,3,2.1911e-06,1.6090000000000003e-11,-2.1905e-06,1.6090000000000003e-11,2.1911e-06,46664.63037774575
bot1,0.2,3,4.2868e-06,8e-13,-4.286300000000001e-06,8e-13,4.2868e-06,48875.85532746822
bot1,0.3,3,6.283100000000001e-06,-6.009000000000001e-11,-6.283000000000001e-06,6.009000000000001e-11,6.283100000000001e-06,51289.94204236548
bot1,0.4,3,8.186200000000001e-06,2.155e-11,-8.186300000000002e-06,2.155e-11,8.186200000000001e-06,53840.14859881013
bot1,0.5,3,9.9978e-06,2.69e-12,-9.9982e-06,2.69e-12,9.9978e-06,56724.714958307326
bot1,0.6,3,1.1712e-05,1.0100000000000001e-12,-1.1712e-05,1.0100000000000001e-12,1.1712e-05,59840.82340973014
bot1,0.7,3,1.334e-05,-7.100000000000001e-12,-1.334e-05,7.100000000000001e-12,1.334e-05,63291.139240506345
bot1,0.8,3,1.4872e-05,4.6520000000000005e-11,-1.4874e-05,4.6520000000000005e-11,1.4872e-05,67069.0811535882
bot1,0.9,3,1.6322e-05,-3.59e-11,-1.6322e-05,3.59e-11,1.6322e-05,71123.75533428161
bot1,1.0,3,1.7684000000000002e-05,1.22e-12,-1.7686e-05,1.22e-12,1.7684000000000002e-05,75700.22710068134
bot1,1.1,3,1.8964e-05,2.64e-12,-1.8966e-05,2.64e-12,1.8964e-05,80840.74373484243
bot1,1.2,3,2.0158e-05,0.0,-2.016e-05,0.0,2.0158e-05,86430.4235090751
bot1,1.3,3,2.1278e-05,1.199e-11,-2.128e-05,1.199e-11,2.1278e-05,92421.4417744917
bot1,1.4,3,2.2322e-05,-4.9980000000000005e-11,-2.232e-05,4.9980000000000005e-11,2.2322e-05,99206.34920634924
bot1,1.5,3,2.3294e-05,5.073e-11,-2.3294e-05,5.073e-11,2.3294e-05,106609.80810234536
bot1,1.6,3,2.4198e-05,-3.48e-12,-2.42e-05,3.48e-12,2.4198e-05,114678.89908256884
bot1,1.7,3,2.5038e-05,-6.900000000000001e-13,-2.5038e-05,6.900000000000001e-13,2.5038e-05,123915.73729863702
bot1,1.8,3,2.5812e-05,7.700000000000002e-13,-2.5814e-05,7.700000000000002e-13,2.5812e-05,134228.18791946312
bot1,1.9,3,2.6528e-05,-3.4690000000000005e-11,-2.6532e-05,3.4690000000000005e-11,2.6528e-05,145137.88098693726
bot1,2.0,3,2.719e-05,6.2e-11,-2.719e-05,6.2e-11,2.719e-05,158478.60538827267
bot1,2.1,3,2.779e-05,-5.0680000000000006e-11,-2.7788e-05,5.0680000000000006e-11,2.779e-05,174825.17482517532
bot1,2.2,3,2.8334e-05,1.396e-11,-2.8332e-05,1.396e-11,2.8334e-05,193423.59767891688
bot1,2.3000000000000003,3,2.8824e-05,6.200000000000001e-13,-2.8822e-05,6.200000000000001e-13,2.8824e-05,216919.7396963116
bot1,2.4,3,2.9256e-05,-1.7200000000000001e-12,-2.926e-05,1.7200000000000001e-12,2.9256e-05,246305.41871921092
bot1,2.5,3,2.9636e-05,2.812e-11,-2.9636e-05,2.812e-11,2.9636e-05,283286.11898017034
bot1,2.6,3,2.9962e-05,-6.074e-11,-2.9962e-05,6.074e-11,2.9962e-05,334448.16053511726
bot1,2.7,3,3.0234e-05,5.3620000000000005e-11,-3.0234e-05,5.3620000000000005e-11,3.0234e-05,404858.2995951429
bot1,2.8000000000000003,3,3.0456e-05,-1.9130000000000003e-11,-3.0452000000000003e-05,1.9130000000000003e-11,3.0456e-05,510204.08163265366
bot1,2.9,3,3.0626e-05,-2.37e-12,-3.0628e-05,2.37e-12,3.0626e-05,666666.6666666648
bot1,3.0,3,3.0756e-05,1.3500000000000001e-12,-3.0758e-05,1.3500000000000001e-12,3.0756e-05,877192.982456147
bot1,3.1,3,3.0854e-05,-1.8310000000000003e-11,-3.0852e-05,1.8310000000000003e-11,3.0854e-05,1204819.2771084488
bot1,3.2,3,3.0922e-05,6.189e-11,-3.0924000000000004e-05,6.189e-11,3.0922e-05,1639344.2622950398
bot1,3.3000000000000003,3,3.0976e-05,-2.282e-11,-3.098e-05,2.282e-11,3.0976e-05,1999999.9999999488
bot1,3.4,3,3.1022e-05,-2.7e-13,-3.1024e-05,2.7e-13,3.1022e-05,2380952.380952343
bot1,3.5,3,3.1060000000000004e-05,2.28e-12,-3.1066000000000004e-05,2.28e-12,3.1060000000000004e-05,2702702.702702719
bot1,3.6,3,3.1096e-05,-1e-12,-3.1100000000000004e-05,1e-12,3.1096e-05,2941176.4705882366
bot1,3.7,3,3.1128000000000004e-05,3.8040000000000005e-11,-3.1132e-05,3.8040000000000005e-11,3.1128000000000004e-05,3571428.5714285225
bot1,3.8,3,3.1152e-05,-6.202000000000001e-11,-3.1156e-05,6.202000000000001e-11,3.1152e-05,3846153.846153928
bot1,3.9,3,3.118e-05,4.9950000000000006e-11,-3.1182e-05,4.9950000000000006e-11,3.118e-05,3846153.846153928
bot1,4.0,3,3.1204e-05,-4.400000000000001e-12,-3.1206e-05,4.400000000000001e-12,3.1204e-05,4166666.666666936
bot1,4.1,3,3.1228e-05,-9.9e-13,-3.1232e-05,9.9e-13,3.1228e-05,4545454.545454383
bot1,4.2,3,3.1248e-05,1.7200000000000001e-12,-3.1252e-05,1.7200000000000001e-12,3.1248e-05,5000000.000000052
bot1,4.3,3,3.1268e-05,-3.1550000000000003e-11,-3.1270000000000004e-05,3.1550000000000003e-11,3.1268e-05,5000000.000000052
bot1,4.4,3,3.1288e-05,6.105e-11,-3.1292e-05,6.105e-11,3.1288e-05,5000000.000000052
bot1,4.5,3,3.1308e-05,-2.773e-11,-3.1312e-05,2.773e-11,3.1308e-05,5263157.894737507
bot1,4.6000000000000005,3,3.1326e-05,1.959e-11,-3.1328e-05,1.959e-11,3.1326e-05,5882352.941176473
bot1,4.7,3,3.1342e-05,2.97e-12,-3.1344000000000003e-05,2.97e-12,3.1342e-05,5555555.555554857
bot1,4.8,3,3.1362e-05,-1.4900000000000001e-12,-3.1362e-05,1.4900000000000001e-12,3.1362e-05,5882352.941176473
bot1,4.9,3,3.1376e-05,1.04e-12,-3.1378000000000003e-05,1.04e-12,3.1376e-05,6666666.666667113
bot1,5.0,3,3.1392e-05,-2.9370000000000004e-11,-3.1396e-05,2.9370000000000004e-11,3.1392e-05,6249999.999999508
bot1,0.0,4,1.2819e-09,6.041e-11,-7.8899e-10,6.041e-11,1.2819e-09,31000.84908225552
bot1,0.1,4,3.227e-06,-1.7110000000000003e-11,-3.2258000000000005e-06,1.7110000000000003e-11,3.227e-06,31508.378054093297
bot1,0.2,4,6.348800000000001e-06,-5.1730000000000005e-11,-6.3490000000000005e-06,5.1730000000000005e-11,6.348800000000001e-06,32623.766413832465
bot1,0.3,4,9.3575e-06,-1.9200000000000003e-12,-9.358e-06,1.9200000000000003e-12,9.3575e-06,33822.63410674424
bot1,0.4,4,1.2262e-05,-2.3300000000000004e-12,-1.2262e-05,2.3300000000000004e-12,1.2262e-05,35035.473416834546
bot1,0.5,4,1.5066e-05,1.1900000000000002e-12,-1.5064e-05,1.1900000000000002e-12,1.5066e-05,36363.63636363635
bot1,0.6,4,1.7762e-05,-1.398e-11,-1.776e-05,1.398e-11,1.7762e-05,37807.183364839344
bot1,0.7,4,2.0356e-05,5.2280000000000006e-11,-2.0356e-05,5.2280000000000006e-11,2.0356e-05,39339.10306845005
bot1,0.8,4,2.2846e-05,-6.020000000000001e-11,-2.2844e-05,6.020000000000001e-11,2.2846e-05,40933.27875562832
bot1,0.9,4,2.5242e-05,3.0940000000000005e-11,-2.524e-05,3.0940000000000005e-11,2.5242e-05,42662.116040955625
bot1,1.0,4,2.7534e-05,-2.18e-12,-2.7536e-05,2.18e-12,2.7534e-05,44523.59750667856
bot1,1.1,4,2.9734e-05,-2.08e-12,-2.9738e-05,2.08e-12,2.9734e-05,46511.62790697673
bot1,1.2,4,3.1834e-05,2.04e-12,-3.1836e-05,2.04e-12,3.1834e-05,48732.943469785525
bot1,1.3,4,3.3838000000000004e-05,-1.65e-12,-3.384e-05,1.65e-12,3.3838000000000004e-05,50968.39959225287
bot1,1.4,4,3.5758e-05,2.91e-11,-3.5758e-05,2.91e-11,3.5758e-05,53475.93582887707
bot1,1.5,4,3.7578e-05,-6.101e-11,-3.7578e-05,6.101e-11,3.7578e-05,56306.30630630625
bot1,1.6,4,3.931e-05,5.5450000000000006e-11,-3.9312e-05,5.5450000000000006e-11,3.931e-05,59136.60555884086
bot1,1.7,4,4.096e-05,-2.815e-11,-4.096e-05,2.815e-11,4.096e-05,62383.03181534616
bot1,1.8,4,4.2516e-05,3.0000000000000014e-13,-4.2516e-05,3.0000000000000014e-13,4.2516e-05,65963.06068601587
bot1,1.9,4,4.3992e-05,1.51e-12,-4.3994e-05,1.51e-12,4.3992e-05,69686.41114982581
bot1,2.0,4,4.5386e-05,-1.14e-12,-4.5386e-05,1.14e-12,4.5386e-05,73800.73800738006
bot1,2.1,4,4.6702e-05,1.343e-11,-4.6702e-05,1.343e-11,4.6702e-05,78247.26134585294
bot1,2.2,4,4.7942e-05,-5.269e-11,-4.7942e-05,5.269e-11,4.7942e-05,83194.67554076547
bot1,2.3000000000000003,4,4.9106e-05,2.9550000000000004e-11,-4.9104e-05,2.9550000000000004e-11,4.9106e-05,88573.9592559787
bot1,2.4,4,5.02e-05,-1.597e-11,-5.0204e-05,1.597e-11,5.02e-05,94428.70632672308
bot1,2.5,4,5.1224e-05,-1.02e-12,-5.1228000000000005e-05,1.02e-12,5.1224e-05,100704.93454179242
bot1,2.6,4,5.2186000000000005e-05,1.1500000000000001e-12,-5.2186000000000005e-05,1.1500000000000001e-12,5.2186000000000005e-05,107874.86515641867
bot1,2.7,4,5.3078e-05,-6.154e-11,-5.308e-05,6.154e-11,5.3078e-05,115740.74074074124
bot1,2.8000000000000003,4,5.3914e-05,5.2350000000000005e-11,-5.3914e-05,5.2350000000000005e-11,5.3914e-05,124378.10945273598
bot1,2.9,4,5.4686000000000005e-05,-1.3290000000000002e-11,-5.4688e-05,1.3290000000000002e-11,5.4686000000000005e-05,134952.76653171337
bot1,3.0,4,5.5396e-05,-1.65e-12,-5.5398e-05,1.65e-12,5.5396e-05,146198.8304093571
bot1,3.1,4,5.6054e-05,7.200000000000003e-13,-5.6054e-05,7.200000000000003e-13,5.6054e-05,160256.41025641054
bot1,3.2,4,5.6644e-05,-7.460000000000003e-12,-5.6646e-05,7.460000000000003e-12,5.6644e-05,177304.96453900723
bot1,3.3000000000000003,4,5.7182e-05,5.964e-11,-5.7184e-05,5.964e-11,5.7182e-05,196850.39370078745
bot1,3.4,4,5.766e-05,-3.3200000000000004e-12,-5.7664e-05,3.3200000000000004e-12,5.766e-05,222222.22222222155
bot1,3.5,4,5.8082e-05,-2.500000000000001e-12,-5.8084e-05,2.500000000000001e-12,5.8082e-05,253164.55696202416
bot1,3.6,4,5.845000000000001e-05,2.960000000000001e-12,-5.845000000000001e-05,2.960000000000001e-12,5.845000000000001e-05,294985.2507374652
bot1,3.7,4,5.876e-05,-1.32e-12,-5.8764e-05,1.32e-12,5.876e-05,350877.19298245874
bot1,3.8,4,5.902e-05,1.102e-11,-5.9022000000000005e-05,1.102e-11,5.902e-05,423728.813559317
bot1,3.9,4,5.9232000000000005e-05,-5.142e-11,-5.9232000000000005e-05,5.142e-11,5.9232000000000005e-05,520833.3333333304
bot1,4.0,4,5.9404e-05,5.975e-11,-5.9406e-05,5.975e-11,5.9404e-05,653594.7712418289
bot1,4.1,4,5.9538000000000005e-05,-3.506e-11,-5.9538000000000005e-05,3.506e-11,5.9538000000000005e-05,819672.1311475427
bot1,4.2,4,5.9648e-05,3.2e-12,-5.965e-05,3.2e-12,5.9648e-05,1000000.0000000104
bot1,4.3,4,5.9738e-05,1.8100000000000002e-12,-5.974e-05,1.8100000000000002e-12,5.9738e-05,1176470.588235295
bot1,4.4,4,5.9818e-05,-1.5800000000000001e-12,-5.982e-05,1.5800000000000001e-12,5.9818e-05,1351351.3513513594
bot1,4.5,4,5.9886e-05,-1.9000000000000002e-13,-5.9888e-05,1.9000000000000002e-13,5.9886e-05,1562499.9999999667
bot1,4.6000000000000005,4,5.9946000000000005e-05,-2.028e-11,-5.995e-05,2.028e-11,5.9946000000000005e-05,1694915.254237272
bot1,4.7,4,6.0004e-05,5.642e-11,-6.0006e-05,5.642e-11,6.0004e-05,1851851.851851852
bot1,4.8,4,6.0054000000000005e-05,-2.193e-11,-6.0056e-05,2.193e-11,6.0054000000000005e-05,2000000.0000000887
bot1,4.9,4,6.0104e-05,9e-14,-6.0104e-05,9e-14,6.0104e-05,2127659.5744681763
bot1,5.0,4,6.0148e-05,-3.900000000000001e-13,-6.0150000000000005e-05,3.900000000000001e-13,6.0148e-05,2272727.2727271807
bot1,0.0,5,1.2288e-09,6.000000000000001e-14,-1.0125e-09,6.000000000000001e-14,1.2288e-09,22945.404255803445
bot1,0.1,5,4.3594e-06,-1.07e-12,-4.3599e-06,1.07e-12,4.3594e-06,23246.971454299848
bot1,0.2,5,8.6045e-06,-2.5300000000000003e-12,-8.6052e-06,2.5300000000000003e-12,8.6045e-06,23921.72810563835
bot1,0.3,5,1.272e-05,-9.8e-13,-1.2718e-05,9.8e-13,1.272e-05,24619.92983319997
bot1,0.4,5,1.6728e-05,1.3900000000000001e-12,-1.6726000000000002e-05,1.3900000000000001e-12,1.6728e-05,25316.45569620253
bot1,0.5,5,2.062e-05,-1.856e-11,-2.0618e-05,1.856e-11,2.062e-05,26096.03340292275
bot1,0.6,5,2.4392e-05,5.269e-11,-2.439e-05,5.269e-11,2.4392e-05,26896.1807423346
bot1,0.7,5,2.8056e-05,-5.876e-11,-2.8058e-05,5.876e-11,2.8056e-05,27739.251040221923
bot1,0.8,5,3.1602e-05,3.2030000000000005e-11,-3.1602e-05,3.2030000000000005e-11,3.1602e-05,28604.118993135005
bot1,0.9,5,3.5048e-05,-3.56e-12,-3.5048e-05,3.56e-12,3.5048e-05,29533.3727111636
bot1,1.0,5,3.8374e-05,-2.41e-12,-3.8376e-05,2.41e-12,3.8374e-05,30515.715593530684
bot1,1.1,5,4.1602e-05,9.200000000000001e-13,-4.16e-05,9.200000000000001e-13,4.1602e-05,31555.69580309245
bot1,1.2,5,4.4712e-05,-3.6000000000000013e-13,-4.4712e-05,3.6000000000000013e-13,4.4712e-05,32690.421706439985
bot1,1.3,5,4.772e-05,2.9850000000000005e-11,-4.7722e-05,2.9850000000000005e-11,4.772e-05,33783.78378378383
bot1,1.4,5,5.0632e-05,-5.84e-11,-5.063e-05,5.84e-11,5.0632e-05,35014.00560224092
bot1,1.5,5,5.3432e-05,5.885000000000001e-11,-5.3434e-05,5.885000000000001e-11,5.3432e-05,36324.01017072281
bot1,1.6,5,5.6138e-05,-5.107e-11,-5.6136e-05,5.107e-11,5.6138e-05,37707.390648567096
bot1,1.7,5,5.8736e-05,1.424e-11,-5.8738e-05,1.424e-11,5.8736e-05,39215.68627450983
bot1,1.8,5,6.1238e-05,1.7000000000000002e-12,-6.124e-05,1.7000000000000002e-12,6.1238e-05,40749.796251018764
bot1,1.9,5,6.3644e-05,-3.0300000000000002e-12,-6.364600000000001e-05,3.0300000000000002e-12,6.3644e-05,42426.81374628756
bot1,2.0,5,6.595200000000001e-05,1.65e-12,-6.595200000000001e-05,1.65e-12,6.595200000000001e-05,44228.21760283064
bot1,2.1,5,6.8166e-05,-2.5800000000000003e-12,-6.8166e-05,2.5800000000000003e-12,6.8166e-05,46125.461254612645
bot1,2.2,5,7.0288e-05,3.652e-11,-7.029e-05,3.652e-11,7.0288e-05,48192.77108433732
bot1,2.3000000000000003,5,7.2316e-05,-6.214e-11,-7.2316e-05,6.214e-11,7.2316e-05,50377.833753148494
bot1,2.4,5,7.4258e-05,5.1950000000000005e-11,-7.426e-05,5.1950000000000005e-11,7.4258e-05,52742.616033755294
bot1,2.5,5,7.6108e-05,-1.739e-11,-7.6108e-05,1.739e-11,7.6108e-05,55370.98560354392
bot1,2.6,5,7.787e-05,-2.62e-12,-7.787e-05,2.62e-12,7.787e-05,58072.009291521485
bot1,2.7,5,7.9552e-05,1.0600000000000001e-12,-7.9554e-05,1.0600000000000001e-12,7.9552e-05,61012.81269066501
bot1,2.8000000000000003,5,8.1148e-05,-2.8220000000000004e-11,-8.1146e-05,2.8220000000000004e-11,8.1148e-05,64267.35218508975
bot1,2.9,5,8.2664e-05,6.077e-11,-8.2664e-05,6.077e-11,8.2664e-05,67750.6775067751
bot1,3.0,5,8.41e-05,-5.054e-11,-8.4104e-05,5.054e-11,8.41e-05,71377.5874375449
bot1,3.1,5,8.5466e-05,1.1e-11,-8.547e-05,1.1e-11,8.5466e-05,75301.2048192769
bot1,3.2,5,8.6756e-05,1.2000000000000001e-12,-8.6758e-05,1.2000000000000001e-12,8.6756e-05,79681.27490039844
bot1,3.3000000000000003,5,8.7976e-05,-2.3800000000000004e-12,-8.7978e-05,2.3800000000000004e-12,8.7976e-05,84388.18565400857
bot1,3.4,5,8.9126e-05,5.045e-11,-8.9128e-05,5.045e-11,8.9126e-05,89766.60682226173
bot1,3.5,5,9.0204e-05,-6.117000000000001e-11,-9.0206e-05,6.117000000000001e-11,9.0204e-05,95602.29445506672
bot1,3.6,5,9.1218e-05,3.891e-11,-9.1222e-05,3.891e-11,9.1218e-05,101936.79918450608
bot1,3.7,5,9.2166e-05,7.200000000000003e-13,-9.2174e-05,7.200000000000003e-13,9.2166e-05,108813.928182808
bot1,3.8,5,9.3056e-05,-1.1500000000000001e-12,-9.306e-05,1.1500000000000001e-12,9.3056e-05,116686.11435239164
bot1,3.9,5,9.388e-05,7.600000000000002e-13,-9.3884e-05,7.600000000000002e-13,9.388e-05,126103.40479192857
bot1,4.0,5,9.4642e-05,-5.222e-11,-9.4646e-05,5.222e-11,9.4642e-05,136612.02185792348
bot1,4.1,5,9.5344e-05,5.949e-11,-9.5348e-05,5.949e-11,9.5344e-05,148809.52380952478
bot1,4.2,5,9.5986e-05,-1.179e-11,-9.5986e-05,1.179e-11,9.5986e-05,163934.42622950763
bot1,4.3,5,9.6564e-05,-2.52e-12,-9.6566e-05,2.52e-12,9.6564e-05,182149.36247723005
bot1,4.4,5,9.7084e-05,2.500000000000001e-12,-9.7092e-05,2.500000000000001e-12,9.7084e-05,202020.2020202017
bot1,4.5,5,9.7554e-05,-1.6200000000000004e-12,-9.7558e-05,1.6200000000000004e-12,9.7554e-05,227272.72727272965
bot1,4.6000000000000005,5,9.7964e-05,3.38e-12,-9.7968e-05,3.38e-12,9.7964e-05,261780.10471204392
bot1,4.7,5,9.8318e-05,-4.425e-11,-9.8322e-05,4.425e-11,9.8318e-05,303030.3030302971
bot1,4.8,5,9.8624e-05,6.145e-11,-9.8628e-05,6.145e-11,9.8624e-05,357142.8571428609
bot1,4.9,5,9.8878e-05,-4.236e-11,-9.8884e-05,4.236e-11,9.8878e-05,420168.0672268909
bot1,5.0,5,9.91e-05,9.46e-12,-9.9106e-05,9.46e-12,9.91e-05,450450.4504504236
bot2,0.0,-5,-3.9136e-12,5.7890000000000006e-11,-2.233e-11,5.7890000000000006e-11,3.9136e-12,66507049747.27322
bot2,0.1,-5,-2.41e-12,3.28e-12,1.3300000000000002e-12,3.28e-12,2.41e-12,59941257567.58378
bot2,0.2,-5,-5.77e-13,7.700000000000002e-13,2.44e-12,7.700000000000002e-13,5.77e-13,239693192713.32687
bot2,0.3,-5,-1.5756e-12,8.700000000000001e-12,3.2700000000000004e-12,8.700000000000001e-12,1.5756e-12,-107607876896.58884
bot2,0.4,-5,-2.4356e-12,2.215e-11,5.2600000000000014e-12,2.215e-11,2.4356e-12,-134970981239.03362
bot2,0.5,-5,-3.0574e-12,3.3780000000000005e-11,6.7700000000000004e-12,3.3780000000000005e-11,3.0574e-12,-175315568022.44034
bot2,0.6,-5,-3.5764e-12,4.844e-11,9.26e-12,4.844e-11,3.5764e-12,-230946882217.0901
bot2,0.7,-5,-3.9234e-12,5.6100000000000005e-11,1.402e-11,5.6100000000000005e-11,3.9234e-12,-357398141529.66406
bot2,0.8,-5,-4.136e-12,6.022e-11,1.877e-11,6.022e-11,4.136e-12,-562429696287.9641
bot2,0.9,-5,-4.279e-12,5.917e-11,2.2900000000000003e-11,5.917e-11,4.279e-12,22220740839.499584
bot2,1.0,-5,4.8646e-12,-2.464e-11,-3.621e-11,2.464e-11,4.8646e-12,23289394009.96787
bot2,1.1,-5,4.3086e-12,-1.51e-12,-1.612e-11,1.51e-12,4.3086e-12,-29789389019.631203
bot2,1.2,-5,-1.8492e-12,2.6100000000000004e-12,-2e-13,2.6100000000000004e-12,1.8492e-12,-39177277179.23604
bot2,1.3,-5,-7.964e-13,1.36e-12,-1.4700000000000002e-12,1.36e-12,7.964e-13,95904862376.52258
bot2,1.4,-5,2.362e-13,-6.400000000000001e-13,-2.03e-12,6.400000000000001e-13,2.362e-13,99690958030.10664
bot2,1.5,-5,1.2098e-12,-6.92e-12,-2.9800000000000002e-12,6.92e-12,1.2098e-12,109325461900.07652
bot2,1.6,-5,2.0656e-12,-1.617e-11,-4.43e-12,1.617e-11,2.0656e-12,127469725940.0892
bot2,1.7,-5,2.7788e-12,-2.7850000000000003e-11,-5.930000000000001e-12,2.7850000000000003e-11,2.7788e-12,143061516452.07437
bot2,1.8,-5,3.4636e-12,-4.333e-11,-8.400000000000001e-12,4.333e-11,3.4636e-12,175070028011.20462
bot2,1.9,-5,3.9212e-12,-5.3850000000000007e-11,-1.172e-11,5.3850000000000007e-11,3.9212e-12,302297460701.3299
bot2,2.0,-5,4.1252e-12,-5.823e-11,-1.58e-11,5.823e-11,4.1252e-12,560852495793.6057
bot2,2.1,-5,4.2778e-12,-6.165e-11,-2.136e-11,6.165e-11,4.2778e-12,-22575911502.42693
bot2,2.2,-5,-4.7338e-12,2.679e-11,3.5340000000000004e-11,2.679e-11,4.7338e-12,-23272591868.556423
bot2,2.3000000000000003,-5,-4.316e-12,1.03e-12,1.664e-11,1.03e-12,4.316e-12,30596946424.746773
bot2,2.4,-5,1.8028e-12,-2.69e-12,4.500000000000001e-13,2.69e-12,1.8028e-12,42432214537.27665
bot2,2.5,-5,3.974e-13,-1.4e-12,1.2900000000000002e-12,1.4e-12,3.974e-13,-73926221630.81252
bot2,2.6,-5,-9.026e-13,2.19e-12,2.3300000000000004e-12,2.19e-12,9.026e-13,-90925622840.51654
bot2,2.7,-5,-1.8022e-12,1.181e-11,3.8e-12,1.181e-11,1.8022e-12,-111234705228.03123
bot2,2.8000000000000003,-5,-2.7006e-12,2.739e-11,5.660000000000001e-12,2.739e-11,2.7006e-12,-133850890108.41904
bot2,2.9,-5,-3.2964e-12,4.297e-11,8.490000000000001e-12,4.297e-11,3.2964e-12,-185253797702.85272
bot2,3.0,-5,-3.7802e-12,5.2710000000000005e-11,1.188e-11,5.2710000000000005e-11,3.7802e-12,-255493101686.2548
bot2,3.1,-5,-4.0792e-12,5.929000000000001e-11,1.6450000000000002e-11,5.929000000000001e-11,4.0792e-12,-464037122969.8378
bot2,3.2,-5,-4.2112e-12,6.045000000000001e-11,2.169e-11,6.045000000000001e-11,4.2112e-12,22247930942.42237
bot2,3.3000000000000003,-5,4.9104e-12,-2.5e-11,-3.652e-11,2.5e-11,4.9104e-12,23243381447.132896
bot2,3.4,-5,4.3934e-12,-2.5500000000000002e-12,-1.522e-11,2.5500000000000002e-12,4.3934e-12,-31834967528.33308
bot2,3.5,-5,-1.372e-12,1.78e-12,-1.1100000000000001e-12,1.78e-12,1.372e-12,-45751933019.1701
bot2,3.6,-5,2.2e-14,5e-14,-1.64e-12,5e-14,2.2e-14,81314034802.40698
bot2,3.7,-5,1.0876e-12,-2.18e-12,-2.830000000000001e-12,2.18e-12,1.0876e-12,93196644920.78294
bot2,3.8,-5,2.168e-12,-1.209e-11,-4.08e-12,1.209e-11,2.168e-12,101698362656.36108
bot2,3.9,-5,3.0542e-12,-2.584e-11,-5.5100000000000006e-12,2.584e-11,3.0542e-12,124626121635.09451
bot2,4.0,-5,3.7728e-12,-4.04e-11,-8.24e-12,4.04e-11,3.7728e-12,144717800289.43542
bot2,4.1,-5,4.4362e-12,-5.259e-11,-1.112e-11,5.259e-11,4.4362e-12,191168036704.2633
bot2,4.2,-5,4.819e-12,-5.909e-11,-1.445e-11,5.909e-11,4.819e-12,298151460942.15894
bot2,4.3,-5,5.107e-12,-6.22e-11,-1.99e-11,6.22e-11,5.107e-12,-23418655300.81265
bot2,4.4,-5,-3.7212e-12,2.9950000000000004e-11,3.4430000000000004e-11,2.9950000000000004e-11,3.7212e-12,-23596592652.02107
bot2,4.5,-5,-3.3688e-12,9.9e-13,1.937e-11,9.9e-13,3.3688e-12,27690859247.36247
bot2,4.6000000000000005,-5,3.5014e-12,-4e-12,-7.3e-13,4e-12,3.5014e-12,34252440486.38468
bot2,4.7,-5,2.4702e-12,-3.23e-12,1.13e-12,3.23e-12,2.4702e-12,-95383441434.56662
bot2,4.8,-5,1.4046e-12,-8.2e-13,1.88e-12,8.2e-13,1.4046e-12,-126198889449.77292
bot2,4.9,-5,8.853999999999999e-13,2.62e-12,2.47e-12,2.62e-12,8.853999999999999e-13,-151446312282.29608
bot2,5.0,-5,8.4e-14,1.5050000000000002e-11,4.340000000000001e-12,1.5050000000000002e-11,8.4e-14,-124781632143.748
bot2,0.0,-4,-4.6986e-12,5.6280000000000005e-11,2.633e-11,5.6280000000000005e-11,4.6986e-12,10430138929.45054
bot2,0.1,-4,4.889e-12,-6.92e-12,-3.607e-11,6.92e-12,4.889e-12,24709050925.35396
bot2,0.2,-4,3.3956e-12,-2.6600000000000004e-12,-7.380000000000001e-12,2.6600000000000004e-12,3.3956e-12,-37663364845.01525
bot2,0.3,-4,-4.212e-13,9.600000000000002e-13,-1.6600000000000002e-12,9.600000000000002e-13,4.212e-13,-84932903006.62479
bot2,0.4,-4,1.0408e-12,-2.42e-12,-2.9400000000000004e-12,2.42e-12,1.0408e-12,89237908263.4303
bot2,0.5,-4,1.82e-12,-1.1e-11,-4.02e-12,1.1e-11,1.82e-12,116022740457.1296
bot2,0.6,-4,2.7646e-12,-2.473e-11,-5.34e-12,2.473e-11,2.7646e-12,134012329134.2804
bot2,0.7,-4,3.3124e-12,-3.984e-11,-7.870000000000001e-12,3.984e-11,3.3124e-12,212314225053.07867
bot2,0.8,-4,3.7066e-12,-5.145000000000001e-11,-1.046e-11,5.145000000000001e-11,3.7066e-12,269687162891.04617
bot2,0.9,-4,4.054e-12,-5.873e-11,-1.546e-11,5.873e-11,4.054e-12,395413206801.10657
bot2,1.0,-4,4.2124e-12,-6e-11,-2e-11,6e-11,4.2124e-12,-22603467371.89485
bot2,1.1,-4,-4.7942e-12,2.8270000000000003e-11,3.5630000000000004e-11,2.8270000000000003e-11,4.7942e-12,-23064858381.76953
bot2,1.2,-4,-4.4588e-12,2.51e-12,1.764e-11,2.51e-12,4.4588e-12,30027324865.627712
bot2,1.3,-4,1.8664e-12,-2.0200000000000007e-12,2e-13,2.0200000000000007e-12,1.8664e-12,38729666924.86449
bot2,1.4,-4,7.052e-13,-1.9900000000000002e-12,1.2900000000000002e-12,1.9900000000000002e-12,7.052e-13,-83486391718.14992
bot2,1.5,-4,-5.292e-13,2.52e-12,2.14e-12,2.52e-12,5.292e-13,-89007565643.07964
bot2,1.6,-4,-1.5418e-12,9.96e-12,3.8e-12,9.96e-12,1.5418e-12,-99910080927.16554
bot2,1.7,-4,-2.531e-12,2.333e-11,5.170000000000001e-12,2.333e-11,2.531e-12,-120322464204.06686
bot2,1.8,-4,-3.204e-12,3.885e-11,7.61e-12,3.885e-11,3.204e-12,-152835090936.87924
bot2,1.9,-4,-3.8396e-12,5.2640000000000005e-11,1.12e-11,5.2640000000000005e-11,3.8396e-12,-221190002211.9001
bot2,2.0,-4,-4.1082e-12,5.802e-11,1.544e-11,5.802e-11,4.1082e-12,-411353352529.8229
bot2,2.1,-4,-4.3258e-12,6.125000000000001e-11,2.205e-11,6.125000000000001e-11,4.3258e-12,22435609799.874386
bot2,2.2,-4,4.8062e-12,-2.5560000000000003e-11,-3.646e-11,2.5560000000000003e-11,4.8062e-12,23447208609.815025
bot2,2.3000000000000003,-4,4.204e-12,-1.83e-12,-1.48e-11,1.83e-12,4.204e-12,-30262680062.946327
bot2,2.4,-4,-1.8026e-12,1.9700000000000003e-12,-9.100000000000002e-13,1.9700000000000003e-12,1.8026e-12,-40763084950.268974
bot2,2.5,-4,-7.024e-13,1.7200000000000001e-12,-1.4200000000000002e-12,1.7200000000000001e-12,7.024e-13,91491308325.70912
bot2,2.6,-4,3.834e-13,-9.3e-13,-2.4300000000000003e-12,9.3e-13,3.834e-13,97238428626.99348
bot2,2.7,-4,1.3544e-12,-6.130000000000001e-12,-3.13e-12,6.130000000000001e-12,1.3544e-12,106157112526.5394
bot2,2.8000000000000003,-4,2.2674e-12,-1.7760000000000002e-11,-4.74e-12,1.7760000000000002e-11,2.2674e-12,113947128532.36084
bot2,2.9,-4,3.1096e-12,-3.4840000000000006e-11,-7.12e-12,3.4840000000000006e-11,3.1096e-12,154106950223.45486
bot2,3.0,-4,3.5652e-12,-4.8860000000000006e-11,-9.74e-12,4.8860000000000006e-11,3.5652e-12,244081034903.58823
bot2,3.1,-4,3.929e-12,-5.605e-11,-1.2880000000000002e-11,5.605e-11,3.929e-12,360490266762.7974
bot2,3.2,-4,4.12e-12,-5.963e-11,-1.7910000000000003e-11,5.963e-11,4.12e-12,494559841740.8509
bot2,3.3000000000000003,-4,4.3334e-12,-6.048000000000001e-11,-2.377e-11,6.048000000000001e-11,4.3334e-12,-22199036561.81319
bot2,3.4,-4,-4.8894e-12,1.854e-11,3.603e-11,1.854e-11,4.8894e-12,-23905144387.072063
bot2,3.5,-4,-4.033e-12,2.2200000000000002e-12,1.222e-11,2.2200000000000002e-12,4.033e-12,32117163412.12747
bot2,3.6,-4,1.3378e-12,-2.3300000000000004e-12,7e-13,2.3300000000000004e-12,1.3378e-12,45754026354.319214
bot2,3.7,-4,3.382e-13,-7e-14,1.36e-12,7e-14,3.382e-13,-96089170750.45651
bot2,3.8,-4,-7.436e-13,2.1500000000000003e-12,2.36e-12,2.1500000000000003e-12,7.436e-13,-86767895878.52481
bot2,3.9,-4,-1.9668e-12,1.51e-11,4.240000000000001e-12,1.51e-11,1.9668e-12,-100492412822.83174
bot2,4.0,-4,-2.7338e-12,2.6430000000000003e-11,5.48e-12,2.6430000000000003e-11,2.7338e-12,-140134529147.9819
bot2,4.1,-4,-3.394e-12,4.473e-11,8.44e-12,4.473e-11,3.394e-12,-164636154099.44043
bot2,4.2,-4,-3.9486e-12,5.5050000000000006e-11,1.2570000000000002e-11,5.5050000000000006e-11,3.9486e-12,-249314385440.04
bot2,4.3,-4,-4.1962e-12,6.166000000000001e-11,1.786e-11,6.166000000000001e-11,4.1962e-12,-467508181393.1745
bot2,4.4,-4,-4.3764e-12,5.909e-11,2.462e-11,5.909e-11,4.3764e-12,22088708252.34141
bot2,4.5,-4,4.8582e-12,-1.604e-11,-3.683e-11,1.604e-11,4.8582e-12,24165095935.43089
bot2,4.6000000000000005,-4,3.9e-12,-2.67e-12,-1.15e-11,2.67e-12,3.9e-12,-33613445378.15129
bot2,4.7,-4,-1.0918e-12,2.36e-12,-1.2500000000000001e-12,2.36e-12,1.0918e-12,-48503662026.48283
bot2,4.8,-4,-2.234e-13,1.22e-12,-1.8100000000000002e-12,1.22e-12,2.234e-13,93843843843.84392
bot2,4.9,-4,1.0394e-12,-4.100000000000001e-12,-2.5600000000000004e-12,4.100000000000001e-12,1.0394e-12,88237889349.68683
bot2,5.0,-4,2.0432e-12,-1.311e-11,-4e-12,1.311e-11,2.0432e-12,99621438533.57208
bot2,0.0,-3,-4.6768e-12,2.385e-11,3.5700000000000003e-11,2.385e-11,4.6768e-12,187758167480.28555
bot2,0.1,-3,-4.1442e-12,2.29e-12,1.2980000000000002e-11,2.29e-12,4.1442e-12,32228954492.716263
bot2,0.2,-3,1.5288e-12,-2.62e-12,5.6e-13,2.62e-12,1.5288e-12,41153956952.96102
bot2,0.3,-3,7.156e-13,-1.5600000000000002e-12,8e-13,1.5600000000000002e-12,7.156e-13,-101368474404.46024
bot2,0.4,-3,-4.442e-13,7.200000000000003e-13,2.1500000000000003e-12,7.200000000000003e-13,4.442e-13,-93755859741.23384
bot2,0.5,-3,-1.4176e-12,6.950000000000001e-12,2.9900000000000004e-12,6.950000000000001e-12,1.4176e-12,-100816614578.08246
bot2,0.6,-3,-2.428e-12,2.098e-11,4.8500000000000005e-12,2.098e-11,2.428e-12,-120105693009.84872
bot2,0.7,-3,-3.0828e-12,3.521e-11,6.680000000000002e-12,3.521e-11,3.0828e-12,-171732783788.42526
bot2,0.8,-3,-3.5926e-12,4.8380000000000005e-11,9.23e-12,4.8380000000000005e-11,3.5926e-12,-246062992125.98425
bot2,0.9,-3,-3.8956e-12,5.368e-11,1.245e-11,5.368e-11,3.8956e-12,-405515004055.14966
bot2,1.0,-3,-4.0858e-12,5.954000000000001e-11,1.5650000000000002e-11,5.954000000000001e-11,4.0858e-12,-554016620498.6144
bot2,1.1,-3,-4.2566e-12,6.041e-11,2.1e-11,6.041e-11,4.2566e-12,22581519284.617462
bot2,1.2,-3,4.771e-12,-2.917e-11,-3.591e-11,2.917e-11,4.771e-12,23404952487.94644
bot2,1.3,-3,4.2886e-12,-8.600000000000002e-13,-1.604e-11,8.600000000000002e-13,4.2886e-12,-30408076385.087906
bot2,1.4,-3,-1.8062e-12,1.64e-12,-4.7e-13,1.64e-12,1.8062e-12,-39160401002.506256
bot2,1.5,-3,-8.186e-13,2.6000000000000002e-12,-1.5700000000000002e-12,2.6000000000000002e-12,8.186e-13,86363243803.43724
bot2,1.6,-3,5.096e-13,-5.500000000000001e-13,-2.1000000000000003e-12,5.500000000000001e-13,5.096e-13,80645161290.32257
bot2,1.7,-3,1.6614e-12,-1.099e-11,-3.96e-12,1.099e-11,1.6614e-12,94849663283.69531
bot2,1.8,-3,2.6182e-12,-2.52e-11,-5.620000000000001e-12,2.52e-11,2.6182e-12,117178345441.76244
bot2,1.9,-3,3.3682e-12,-4.127e-11,-8.52e-12,4.127e-11,3.3682e-12,157109190887.66684
bot2,2.0,-3,3.8912e-12,-5.499e-11,-1.165e-11,5.499e-11,3.8912e-12,252972426005.5655
bot2,2.1,-3,4.1588e-12,-5.882000000000001e-11,-1.642e-11,5.882000000000001e-11,4.1588e-12,497017892644.1357
bot2,2.2,-3,4.2936e-12,-6.131e-11,-2.191e-11,6.131e-11,4.2936e-12,-22457275034.247364
bot2,2.3000000000000003,-3,-4.747e-12,2.622e-11,3.5340000000000004e-11,2.622e-11,4.747e-12,-23338312173.2636
bot2,2.4,-3,-4.276e-12,1.73e-12,1.6800000000000003e-11,1.73e-12,4.276e-12,29967934310.28796
bot2,2.5,-3,1.9268e-12,-1.41e-12,2.5e-13,1.41e-12,1.9268e-12,41637173668.651405
bot2,2.6,-3,5.274e-13,-2.0500000000000004e-12,1.5800000000000001e-12,2.0500000000000004e-12,5.274e-13,-78106693743.6539
bot2,2.7,-3,-6.338e-13,1.46e-12,2.3300000000000004e-12,1.46e-12,6.338e-13,-89597706298.71881
bot2,2.8000000000000003,-3,-1.7048e-12,1.0850000000000002e-11,3.570000000000001e-12,1.0850000000000002e-11,1.7048e-12,-107066381156.31676
bot2,2.9,-3,-2.5018e-12,2.081e-11,4.99e-12,2.081e-11,2.5018e-12,-144029958231.3119
bot2,3.0,-3,-3.0934e-12,3.518e-11,7.26e-12,3.518e-11,3.0934e-12,-188253012048.19293
bot2,3.1,-3,-3.5642e-12,4.9550000000000006e-11,9.71e-12,4.9550000000000006e-11,3.5642e-12,-261848651479.4451
bot2,3.2,-3,-3.8572e-12,5.644000000000001e-11,1.3390000000000002e-11,5.644000000000001e-11,3.8572e-12,-332889480692.4104
bot2,3.3000000000000003,-3,-4.165e-12,6.103000000000001e-11,1.8000000000000002e-11,6.103000000000001e-11,4.165e-12,-381679389312.9768
bot2,3.4,-3,-4.3812e-12,6.125000000000001e-11,2.204e-11,6.125000000000001e-11,4.3812e-12,22065313327.44921
bot2,3.5,-3,4.899e-12,-2.651e-11,-3.594e-11,2.651e-11,4.899e-12,23252569408.91971
bot2,3.6,-3,4.22e-12,-1.1600000000000001e-12,-1.6290000000000003e-11,1.1600000000000001e-12,4.22e-12,-30409925799.781075
bot2,3.7,-3,-1.6778e-12,2.070000000000001e-12,-5.500000000000001e-13,2.070000000000001e-12,1.6778e-12,-39750367690.90118
bot2,3.8,-3,-8.114e-13,1.7600000000000002e-12,-1.46e-12,1.7600000000000002e-12,8.114e-13,91785222579.16464
bot2,3.9,-3,5.012e-13,-1.03e-12,-2.1700000000000002e-12,1.03e-12,5.012e-13,90473174703.70024
bot2,4.0,-3,1.3992e-12,-7.360000000000001e-12,-3.5000000000000004e-12,7.360000000000001e-12,1.3992e-12,108754758020.66324
bot2,4.1,-3,2.3402e-12,-1.7090000000000003e-11,-4.93e-12,1.7090000000000003e-11,2.3402e-12,128221566867.54724
bot2,4.2,-3,2.959e-12,-3.2610000000000004e-11,-6.800000000000001e-12,3.2610000000000004e-11,2.959e-12,159261028826.24637
bot2,4.3,-3,3.596e-12,-4.6860000000000007e-11,-9.09e-12,4.6860000000000007e-11,3.596e-12,199123855037.83368
bot2,4.4,-3,3.9634e-12,-5.5450000000000006e-11,-1.22e-11,5.5450000000000006e-11,3.9634e-12,347826086956.52216
bot2,4.5,-3,4.171e-12,-5.966e-11,-1.7000000000000003e-11,5.966e-11,4.171e-12,587889476778.3667
bot2,4.6000000000000005,-3,4.3036e-12,-6.152000000000001e-11,-2.153e-11,6.152000000000001e-11,4.3036e-12,-22304998550.17511
bot2,4.7,-3,-4.7956e-12,2.7270000000000003e-11,3.544e-11,2.7270000000000003e-11,4.7956e-12,-23053692048.78153
bot2,4.8,-3,-4.3718e-12,2.59e-12,1.7180000000000002e-11,2.59e-12,4.3718e-12,29591051665.976234
bot2,4.9,-3,1.9632e-12,-2.5300000000000003e-12,2.2000000000000002e-13,2.5300000000000003e-12,1.9632e-12,40507149511.888885
bot2,5.0,-3,5.656e-13,-8e-13,1.13e-12,8e-13,5.656e-13,-71551230681.16747
bot2,0.0,-2,-4.0878e-12,6.175000000000001e-11,1.96e-11,6.175000000000001e-11,4.0878e-12,11341983486.072046
bot2,0.1,-2,4.729e-12,-2.9230000000000005e-11,-3.5640000000000006e-11,2.9230000000000005e-11,4.729e-12,23301875801.001984
bot2,0.2,-2,4.4952e-12,-9.200000000000001e-13,-1.956e-11,9.200000000000001e-13,4.4952e-12,-27707738771.438866
bot2,0.3,-2,-2.4892e-12,1.23e-12,1.1900000000000002e-12,1.23e-12,2.4892e-12,-34026336384.3615
bot2,0.4,-2,-1.3826e-12,2.47e-12,-9.100000000000002e-13,2.47e-12,1.3826e-12,80515297906.60225
bot2,0.5,-2,-5.2e-15,-2.7e-13,-1.8400000000000002e-12,2.7e-13,5.2e-15,78021377857.53294
bot2,0.6,-2,1.1808e-12,-3.210000000000001e-12,-2.7000000000000002e-12,3.210000000000001e-12,1.1808e-12,93650496347.63068
bot2,0.7,-2,2.1304e-12,-1.479e-11,-4.22e-12,1.479e-11,2.1304e-12,124331717021.01212
bot2,0.8,-2,2.7894e-12,-3.0240000000000004e-11,-5.8700000000000014e-12,3.0240000000000004e-11,2.7894e-12,156690692572.8611
bot2,0.9,-2,3.4068e-12,-4.4450000000000005e-11,-8.980000000000003e-12,4.4450000000000005e-11,3.4068e-12,181851245681.03284
bot2,1.0,-2,3.8892e-12,-5.5410000000000006e-11,-1.28e-11,5.5410000000000006e-11,3.8892e-12,268961807423.34604
bot2,1.1,-2,4.1504e-12,-5.923e-11,-1.724e-11,5.923e-11,4.1504e-12,364166059723.2336
bot2,1.2,-2,4.4384e-12,-6.070000000000001e-11,-2.413e-11,6.070000000000001e-11,4.4384e-12,-22073106127.49425
bot2,1.3,-2,-4.9104e-12,2.021e-11,3.614e-11,2.021e-11,4.9104e-12,-23774993461.87682
bot2,1.4,-2,-3.9738e-12,2.46e-12,1.24e-11,2.46e-12,3.9738e-12,32558442404.115376
bot2,1.5,-2,1.2324e-12,-2.72e-12,8.7e-13,2.72e-12,1.2324e-12,51628891527.69889
bot2,1.6,-2,-1e-13,4.2000000000000003e-13,1.83e-12,4.2000000000000003e-13,1e-13,-78376048279.64572
bot2,1.7,-2,-1.3194e-12,6.230000000000001e-12,2.97e-12,6.230000000000001e-12,1.3194e-12,-92790201354.73692
bot2,1.8,-2,-2.2554e-12,1.888e-11,4.43e-12,1.888e-11,2.2554e-12,-113973102347.846
bot2,1.9,-2,-3.0742e-12,3.511e-11,7.200000000000001e-12,3.511e-11,3.0742e-12,-134643866971.85942
bot2,2.0,-2,-3.7408e-12,4.895e-11,9.8e-12,4.895e-11,3.7408e-12,-193236714975.84528
bot2,2.1,-2,-4.1092e-12,5.79e-11,1.4090000000000002e-11,5.79e-11,4.1092e-12,-397772474144.789
bot2,2.2,-2,-4.2436e-12,6.154e-11,1.775e-11,6.154e-11,4.2436e-12,-753012048192.7717
bot2,2.3000000000000003,-2,-4.3748e-12,6.016e-11,2.3810000000000003e-11,6.016e-11,4.3748e-12,22003652606.332623
bot2,2.4,-2,4.8458e-12,-1.672e-11,-3.701e-11,1.672e-11,4.8458e-12,24047710657.945328
bot2,2.5,-2,3.942e-12,-1.8900000000000002e-12,-1.073e-11,1.8900000000000002e-12,3.942e-12,-33311125916.05599
bot2,2.6,-2,-1.1582e-12,1.26e-12,-1.55e-12,1.26e-12,1.1582e-12,-54027770273.92084
bot2,2.7,-2,2.402e-13,-9e-14,-2.3000000000000003e-12,9e-14,2.402e-13,80690712498.99144
bot2,2.8000000000000003,-2,1.3204e-12,-4.82e-12,-2.67e-12,4.82e-12,1.3204e-12,104297037964.12167
bot2,2.9,-2,2.1578e-12,-1.6490000000000003e-11,-4.6000000000000006e-12,1.6490000000000003e-11,2.1578e-12,129182276191.70631
bot2,3.0,-2,2.8686e-12,-2.9020000000000004e-11,-6e-12,2.9020000000000004e-11,2.8686e-12,158478605388.2727
bot2,3.1,-2,3.4198e-12,-4.3180000000000006e-11,-8.33e-12,4.3180000000000006e-11,3.4198e-12,227479526842.58444
bot2,3.2,-2,3.7478e-12,-5.2640000000000005e-11,-1.092e-11,5.2640000000000005e-11,3.7478e-12,320512820512.82074
bot2,3.3000000000000003,-2,4.0438e-12,-5.85e-11,-1.5230000000000002e-11,5.85e-11,4.0438e-12,412371134020.6176
bot2,3.4,-2,4.2328e-12,-6.019e-11,-1.979e-11,6.019e-11,4.2328e-12,-22631602770.108147
bot2,3.5,-2,-4.7934e-12,2.925e-11,3.481e-11,2.925e-11,4.7934e-12,-22884342532.83905
bot2,3.6,-2,-4.5068e-12,2.5500000000000002e-12,1.834e-11,2.5500000000000002e-12,4.5068e-12,29699147634.46292
bot2,3.7,-2,1.9408e-12,-1.9400000000000002e-12,-4.4000000000000004e-13,1.9400000000000002e-12,1.9408e-12,36950818460.62894
bot2,3.8,-2,9.058e-13,-6.900000000000001e-13,1.3500000000000001e-12,6.900000000000001e-13,9.058e-13,-87773194066.53197
bot2,3.9,-2,-3.378e-13,1.02e-12,2.070000000000001e-12,1.02e-12,3.378e-13,-79706679419.73526
bot2,4.0,-2,-1.6034e-12,8.95e-12,3.33e-12,8.95e-12,1.6034e-12,-99920063948.8408
bot2,4.1,-2,-2.3394e-12,2.058e-11,5.060000000000001e-12,2.058e-11,2.3394e-12,-117260787992.49544
bot2,4.2,-2,-3.309e-12,4.107e-11,7.85e-12,4.107e-11,3.309e-12,-136798905608.75528
bot2,4.3,-2,-3.8014e-12,5.331e-11,1.101e-11,5.331e-11,3.8014e-12,-238379022646.00732
bot2,4.4,-2,-4.148e-12,5.944e-11,1.5760000000000002e-11,5.944e-11,4.148e-12,-376222723852.52057
bot2,4.5,-2,-4.333e-12,6.138e-11,2.2280000000000003e-11,6.138e-11,4.333e-12,22314953250.17296
bot2,4.6000000000000005,-2,4.8146e-12,-2.4410000000000003e-11,-3.631e-11,2.4410000000000003e-11,4.8146e-12,23410431688.360355
bot2,4.7,-2,4.2102e-12,-1.78e-12,-1.5210000000000002e-11,1.78e-12,4.2102e-12,-31925422213.708664
bot2,4.8,-2,-1.45e-12,2.0200000000000007e-12,-1.32e-12,2.0200000000000007e-12,1.45e-12,-48400367842.79565
bot2,4.9,-2,7.8e-14,1.5000000000000004e-13,-2.0500000000000004e-12,1.5000000000000004e-13,7.8e-14,71653768988.24886
bot2,5.0,-2,1.3412e-12,-6.640000000000001e-12,-2.97e-12,6.640000000000001e-12,1.3412e-12,79164027865.73753
bot2,0.0,-1,-4.8338e-12,4.84e-12,3.566e-11,4.84e-12,4.8338e-12,50916496945.010185
bot2,0.1,-1,-2.8698e-12,2.5600000000000004e-12,2.6000000000000002e-12,2.5600000000000004e-12,2.8698e-12,45218177707.43839
bot2,0.2,-1,-4.108e-13,1.04e-12,1.86e-12,1.04e-12,4.108e-13,127795527156.54951
bot2,0.3,-1,-1.3048e-12,6.340000000000001e-12,3.0400000000000004e-12,6.340000000000001e-12,1.3048e-12,-105097214923.8045
bot2,0.4,-1,-2.3138e-12,2.019e-11,4.610000000000001e-12,2.019e-11,2.3138e-12,-114455762847.6594
bot2,0.5,-1,-3.0522e-12,3.278e-11,6.890000000000001e-12,3.278e-11,3.0522e-12,-143864192202.5608
bot2,0.6,-1,-3.704e-12,4.985e-11,9.62e-12,4.985e-11,3.704e-12,-191424196018.3768
bot2,0.7,-1,-4.097e-12,5.682e-11,1.346e-11,5.682e-11,4.097e-12,-370644922164.5661
bot2,0.8,-1,-4.2436e-12,6.046e-11,1.8220000000000003e-11,6.046e-11,4.2436e-12,-695894224077.9406
bot2,0.9,-1,-4.3844e-12,5.992e-11,2.4720000000000003e-11,5.992e-11,4.3844e-12,21898609438.300663
bot2,1.0,-1,4.8894e-12,-1.4630000000000002e-11,-3.707e-11,1.4630000000000002e-11,4.8894e-12,24018830763.318447
bot2,1.1,-1,3.9424e-12,-1.31e-12,-1.151e-11,1.31e-12,3.9424e-12,-34348916291.69099
bot2,1.2,-1,-9.332e-13,2.09e-12,-1.4800000000000006e-12,2.09e-12,9.332e-13,-55682387660.78289
bot2,1.3,-1,3.506e-13,-7.100000000000001e-13,-2.08e-12,7.100000000000001e-13,3.506e-13,79586152009.55042
bot2,1.4,-1,1.5798e-12,-8.13e-12,-3.35e-12,8.13e-12,1.5798e-12,97172286463.90048
bot2,1.5,-1,2.4088e-12,-1.876e-11,-4.860000000000001e-12,1.876e-11,2.4088e-12,135007425408.39745
bot2,1.6,-1,3.0612e-12,-3.5300000000000003e-11,-6.330000000000001e-12,3.5300000000000003e-11,3.0612e-12,167644593461.86084
bot2,1.7,-1,3.6018e-12,-4.8420000000000006e-11,-9.65e-12,4.8420000000000006e-11,3.6018e-12,227376080036.38025
bot2,1.8,-1,3.9408e-12,-5.662000000000001e-11,-1.261e-11,5.662000000000001e-11,3.9408e-12,331785003317.8502
bot2,1.9,-1,4.2046e-12,-5.977e-11,-1.859e-11,5.977e-11,4.2046e-12,397614314115.3076
bot2,2.0,-1,4.4438e-12,-6.159e-11,-2.311e-11,6.159e-11,4.4438e-12,-21839306383.62925
bot2,2.1,-1,-4.9532e-12,2.047e-11,3.649e-11,2.047e-11,4.9532e-12,-23280718908.59992
bot2,2.2,-1,-4.147e-12,2e-12,1.341e-11,2e-12,4.147e-12,31921345803.939125
bot2,2.3000000000000003,-1,1.3122e-12,-2.01e-12,7.700000000000002e-13,2.01e-12,1.3122e-12,45668356395.85326
bot2,2.4,-1,2.324e-13,-8.9e-13,1.6100000000000002e-12,8.9e-13,2.324e-13,-89621796020.79214
bot2,2.5,-1,-9.194e-13,2.79e-12,2.3000000000000003e-12,2.79e-12,9.194e-13,-102585145670.90694
bot2,2.6,-1,-1.7172e-12,1.055e-11,3.780000000000001e-12,1.055e-11,1.7172e-12,-121197430614.47108
bot2,2.7,-1,-2.5696e-12,2.3080000000000003e-11,4.92e-12,2.3080000000000003e-11,2.5696e-12,-130157490563.58205
bot2,2.8000000000000003,-1,-3.2538e-12,4.091e-11,7.970000000000001e-12,4.091e-11,3.2538e-12,-156739811912.22552
bot2,2.9,-1,-3.8456e-12,5.379e-11,1.169e-11,5.379e-11,3.8456e-12,-227376080036.37988
bot2,3.0,-1,-4.1334e-12,5.855000000000001e-11,1.5580000000000003e-11,5.855000000000001e-11,4.1334e-12,-468603561387.0664
bot2,3.1,-1,-4.2724e-12,6.175000000000001e-11,2.181e-11,6.175000000000001e-11,4.2724e-12,22495163539.83895
bot2,3.2,-1,4.7574e-12,-2.748e-11,-3.5780000000000005e-11,2.748e-11,4.7574e-12,23351391742.947903
bot2,3.3000000000000003,-1,4.2924e-12,-1.65e-12,-1.489e-11,1.65e-12,4.2924e-12,-30591330416.9598
bot2,3.4,-1,-1.7804e-12,2.41e-12,-9.100000000000002e-13,2.41e-12,1.7804e-12,-44273254526.940216
bot2,3.5,-1,-2.25e-13,3.5e-13,-2.2700000000000002e-12,3.5e-13,2.25e-13,71214926648.62561
bot2,3.6,-1,1.028e-12,-3.86e-12,-2.46e-12,3.86e-12,1.028e-12,85338795016.21443
bot2,3.7,-1,2.1186e-12,-1.673e-11,-4.150000000000001e-12,1.673e-11,2.1186e-12,110595001105.95012
bot2,3.8,-1,2.8364e-12,-2.879e-11,-6.26e-12,2.879e-11,2.8364e-12,144175317185.69763
bot2,3.9,-1,3.5058e-12,-4.821e-11,-9.3e-12,4.821e-11,3.5058e-12,184467810367.09067
bot2,4.0,-1,3.9206e-12,-5.5370000000000005e-11,-1.2680000000000002e-11,5.5370000000000005e-11,3.9206e-12,284575981787.13684
bot2,4.1,-1,4.2086e-12,-6.053000000000001e-11,-1.7960000000000002e-11,6.053000000000001e-11,4.2086e-12,406338886631.4511
bot2,4.2,-1,4.4128e-12,-5.98e-11,-2.5340000000000003e-11,5.98e-11,4.4128e-12,-21968848173.29029
bot2,4.3,-1,-4.8952e-12,1.628e-11,3.643e-11,1.628e-11,4.8952e-12,-24221285665.843166
bot2,4.4,-1,-3.8444e-12,2.62e-12,1.008e-11,2.62e-12,3.8444e-12,34733076308.56869
bot2,4.5,-1,8.63e-13,-1.51e-12,7.700000000000002e-13,1.51e-12,8.63e-13,58048412375.92157
bot2,4.6000000000000005,-1,-3.99e-13,1.0500000000000002e-12,1.95e-12,1.0500000000000002e-12,3.99e-13,-86858334057.15286
bot2,4.7,-1,-1.4396e-12,7.01e-12,2.8400000000000004e-12,7.01e-12,1.4396e-12,-104438642297.64977
bot2,4.8,-1,-2.314e-12,2.04e-11,4.710000000000001e-12,2.04e-11,2.314e-12,-118329191811.62004
bot2,4.9,-1,-3.1298e-12,3.762e-11,6.81e-12,3.762e-11,3.1298e-12,-145137880986.9377
bot2,5.0,-1,-3.692e-12,4.9990000000000007e-11,1.002e-11,4.9990000000000007e-11,3.692e-12,-177872643187.47708
bot2,0.0,0,-4.9826e-12,1.46e-12,2.67e-11,1.46e-12,4.9826e-12,2235226271.95551
bot2,0.1,0,3.97556e-11,-2.7600000000000004e-12,-4.08e-11,2.7600000000000004e-12,3.97556e-11,4540130210.93445
bot2,0.2,0,3.9069e-11,-1.1000000000000001e-13,-4.082e-11,1.1000000000000001e-13,3.9069e-11,437445319335.08606
bot2,0.3,0,4.02128e-11,-5.59e-12,-4.2120000000000006e-11,5.59e-12,4.02128e-11,120992135511.19164
bot2,0.4,0,4.0722e-11,-1.748e-11,-4.3210000000000005e-11,1.748e-11,4.0722e-11,476871721506.9151
bot2,0.5,0,4.0632199999999996e-11,-3.248e-11,-4.415e-11,3.248e-11,4.0632199999999996e-11,270489586150.93372
bot2,0.6,0,4.14614e-11,-4.8490000000000005e-11,-4.7360000000000005e-11,4.8490000000000005e-11,4.14614e-11,167982529816.89883
bot2,0.7,0,4.18228e-11,-5.645e-11,-5.131e-11,5.645e-11,4.18228e-11,307881773399.0145
bot2,0.8,0,4.2111e-11,-6.009000000000001e-11,-5.604e-11,6.009000000000001e-11,4.2111e-11,528541226215.6401
bot2,0.9,0,4.22012e-11,-6.009000000000001e-11,-6.181e-11,6.009000000000001e-11,4.22012e-11,-20795641233.597435
bot2,1.0,0,3.24936e-11,1.96e-11,-8.2e-13,1.96e-11,3.24936e-11,-21335153933.135628
bot2,1.1,0,3.2827e-11,2.49e-12,-2.3810000000000003e-11,2.49e-12,3.2827e-11,33977778532.839504
bot2,1.2,0,3.83798e-11,-2.2700000000000002e-12,-3.595e-11,2.2700000000000002e-12,3.83798e-11,47648544336.97049
bot2,1.3,0,3.70244e-11,-6.8e-13,-3.59e-11,6.8e-13,3.70244e-11,-72103251856.6587
bot2,1.4,0,3.5606e-11,2.8e-12,-3.4250000000000005e-11,2.8e-12,3.5606e-11,-84040675687.03262
bot2,1.5,0,3.46446e-11,1.47e-11,-3.3080000000000004e-11,1.47e-11,3.46446e-11,-133618385889.89822
bot2,1.6,0,3.41092e-11,2.9550000000000004e-11,-3.11e-11,2.9550000000000004e-11,3.41092e-11,-191424196018.37628
bot2,1.7,0,3.35998e-11,4.4600000000000006e-11,-2.854e-11,4.4600000000000006e-11,3.35998e-11,-219731927049.0004
bot2,1.8,0,3.3199e-11,5.4570000000000005e-11,-2.5230000000000003e-11,5.4570000000000005e-11,3.3199e-11,-240326844508.5312
bot2,1.9,0,3.27676e-11,5.849000000000001e-11,-2.138e-11,5.849000000000001e-11,3.27676e-11,-230255583697.90488
bot2,2.0,0,3.23304e-11,6.136000000000001e-11,-1.5230000000000002e-11,6.136000000000001e-11,3.23304e-11,23347030257.751213
bot2,2.1,0,4.1333999999999997e-11,-2.803e-11,-7.24e-11,2.803e-11,4.1333999999999997e-11,24920876218.007835
bot2,2.2,0,4.03558e-11,-1.1600000000000001e-12,-5.158e-11,1.1600000000000001e-12,4.03558e-11,-30205092578.608784
bot2,2.3000000000000003,0,3.47126e-11,2.37e-12,-3.659e-11,2.37e-12,3.47126e-11,-45386465755.9115
bot2,2.4,0,3.59492e-11,1.14e-12,-3.798e-11,1.14e-12,3.59492e-11,89190153407.06377
bot2,2.5,0,3.6954999999999997e-11,-1.32e-12,-3.9e-11,1.32e-12,3.6954999999999997e-11,107261611069.39836
bot2,2.6,0,3.78138e-11,-1.074e-11,-3.988e-11,1.074e-11,3.78138e-11,139840581736.82007
bot2,2.7,0,3.83852e-11,-2.63e-11,-4.1360000000000006e-11,2.63e-11,3.83852e-11,160153747597.69382
bot2,2.8000000000000003,0,3.90626e-11,-4.0590000000000005e-11,-4.3290000000000006e-11,4.0590000000000005e-11,3.90626e-11,178922884236.8934
bot2,2.9,0,3.9503e-11,-5.367000000000001e-11,-4.6930000000000006e-11,5.367000000000001e-11,3.9503e-11,443262411347.52
bot2,3.0,0,3.95138e-11,-5.859e-11,-5.0490000000000005e-11,5.859e-11,3.95138e-11,352112676056.3383
bot2,3.1,0,4.0071e-11,-6.076e-11,-5.5260000000000005e-11,6.076e-11,4.0071e-11,-23591025973.719627
bot2,3.2,0,3.1036e-11,3.244e-11,-1.0500000000000002e-12,3.244e-11,3.1036e-11,-21943298516.63304
bot2,3.3000000000000003,0,3.09566e-11,1.88e-12,-1.754e-11,1.88e-12,3.09566e-11,30290179923.668724
bot2,3.4,0,3.76388e-11,-3.1400000000000004e-12,-3.6110000000000005e-11,3.1400000000000004e-12,3.76388e-11,39334460921.213
bot2,3.5,0,3.60412e-11,-2.2200000000000002e-12,-3.4680000000000003e-11,2.2200000000000002e-12,3.60412e-11,-78889239507.73122
bot2,3.6,0,3.51036e-11,1.46e-12,-3.393e-11,1.46e-12,3.51036e-11,-102280863250.48596
bot2,3.7,0,3.40858e-11,7.63e-12,-3.278e-11,7.63e-12,3.40858e-11,-130022103757.63918
bot2,3.8,0,3.35654e-11,2.045e-11,-3.1040000000000003e-11,2.045e-11,3.35654e-11,-113352981183.40482
bot2,3.9,0,3.23214e-11,3.853e-11,-2.823e-11,3.853e-11,3.23214e-11,-132450331125.82738
bot2,4.0,0,3.20554e-11,5.1920000000000007e-11,-2.467e-11,5.1920000000000007e-11,3.20554e-11,-207082211638.02075
bot2,4.1,0,3.13556e-11,5.7920000000000005e-11,-2.089e-11,5.7920000000000005e-11,3.13556e-11,-263643553915.10745
bot2,4.2,0,3.12968e-11,6.081000000000001e-11,-1.5320000000000002e-11,6.081000000000001e-11,3.12968e-11,22682423390.11502
bot2,4.3,0,4.0173e-11,-3.033e-11,-7.118000000000001e-11,3.033e-11,4.0173e-11,24451073402.12237
bot2,4.4,0,3.94764e-11,-1.6800000000000001e-12,-5.3e-11,1.6800000000000001e-12,3.94764e-11,-27392757354.95536
bot2,4.5,0,3.28718e-11,3.05e-12,-3.4870000000000005e-11,3.05e-12,3.28718e-11,-40412204485.75475
bot2,4.6000000000000005,0,3.45274e-11,1.2400000000000002e-12,-3.62e-11,1.2400000000000002e-12,3.45274e-11,81786210844.85153
bot2,4.7,0,3.53172e-11,-1.0100000000000001e-12,-3.734e-11,1.0100000000000001e-12,3.53172e-11,101502233049.12675
bot2,4.8,0,3.64978e-11,-8.87e-12,-3.8950000000000005e-11,8.87e-12,3.64978e-11,80089700464.52043
bot2,4.9,0,3.78144e-11,-2.1790000000000003e-11,-4.031e-11,2.1790000000000003e-11,3.78144e-11,117384669562.15524
bot2,5.0,0,3.82016e-11,-3.7640000000000005e-11,-4.2770000000000005e-11,3.7640000000000005e-11,3.82016e-11,258264462809.91388
bot2,0.0,1,1.2631e-10,1.07e-11,-5.874000000000001e-11,1.07e-11,1.2631e-10,454847.9491065172
bot2,0.1,1,2.1998e-07,2.8400000000000004e-12,-2.1968e-07,2.8400000000000004e-12,2.1998e-07,501688.5708495512
bot2,0.2,1,3.9878e-07,-8.33e-12,-3.987e-07,8.33e-12,3.9878e-07,624180.7627488921
bot2,0.3,1,5.404e-07,5.543e-11,-5.4096e-07,5.543e-11,5.404e-07,793587.8104912309
bot2,0.4,1,6.508e-07,-5.652e-11,-6.5038e-07,5.652e-11,6.508e-07,1037236.8011617052
bot2,0.5,1,7.332199999999999e-07,1.697e-11,-7.3206e-07,1.697e-11,7.332199999999999e-07,1413227.8123233465
bot2,0.6,1,7.923199999999999e-07,7.800000000000002e-13,-7.9212e-07,7.800000000000002e-13,7.923199999999999e-07,2011667.672500502
bot2,0.7,1,8.3264e-07,-2.6000000000000002e-12,-8.3314e-07,2.6000000000000002e-12,8.3264e-07,3003003.0030030026
bot2,0.8,1,8.5892e-07,2.642e-11,-8.5802e-07,2.642e-11,8.5892e-07,4935834.155972359
bot2,0.9,1,8.7316e-07,-6.125000000000001e-11,-8.7298e-07,6.125000000000001e-11,8.7316e-07,9523809.523809526
bot2,1.0,1,8.7992e-07,8.12e-12,-8.7912e-07,8.12e-12,8.7992e-07,24154589.371980783
bot2,1.1,1,8.8144e-07,2.19e-12,-8.811199999999999e-07,2.19e-12,8.8144e-07,58479532.16374154
bot2,1.2,1,8.8334e-07,-3.679e-11,-8.8264e-07,3.679e-11,8.8334e-07,114942528.73563471
bot2,1.3,1,8.831799999999999e-07,5.874000000000001e-11,-8.834e-07,5.874000000000001e-11,8.831799999999999e-07,103092783.50515598
bot2,1.4,1,8.8528e-07,-2.672e-11,-8.8438e-07,2.672e-11,8.8528e-07,178571428.57142863
bot2,1.5,1,8.842999999999999e-07,-3.8900000000000006e-12,-8.8412e-07,3.8900000000000006e-12,8.842999999999999e-07,-172413793.10344157
bot2,1.6,1,8.8412e-07,1.9400000000000002e-12,-8.847e-07,1.9400000000000002e-12,8.8412e-07,1249999999.9994094
bot2,1.7,1,8.8446e-07,-6.157e-11,-8.8442e-07,6.157e-11,8.8446e-07,232558139.5348777
bot2,1.8,1,8.8498e-07,4.834e-11,-8.8398e-07,4.834e-11,8.8498e-07,1250000000.0002382
bot2,1.9,1,8.8462e-07,1.2000000000000001e-12,-8.8516e-07,1.2000000000000001e-12,8.8462e-07,3333333333.335435
bot2,2.0,1,8.850399999999999e-07,-2.6300000000000007e-12,-8.8534e-07,2.6300000000000007e-12,8.850399999999999e-07,434782608.69565946
bot2,2.1,1,8.8508e-07,2.099e-11,-8.851e-07,2.099e-11,8.8508e-07,-416666666.666746
bot2,2.2,1,8.8456e-07,-5.974e-11,-8.8482e-07,5.974e-11,8.8456e-07,4999999999.994335
bot2,2.3000000000000003,1,8.8512e-07,5.102e-11,-8.8516e-07,5.102e-11,8.8512e-07,909090909.0911896
bot2,2.4,1,8.8478e-07,-1.241e-11,-8.8412e-07,1.241e-11,8.8478e-07,384615384.6154178
bot2,2.5,1,8.8564e-07,-2.41e-12,-8.8538e-07,2.41e-12,8.8564e-07,196078431.3725508
bot2,2.6,1,8.858e-07,1.31e-12,-8.8492e-07,1.31e-12,8.858e-07,833333333.333492
bot2,2.7,1,8.858799999999999e-07,-3.543e-11,-8.8534e-07,3.543e-11,8.858799999999999e-07,-312500000.0000078
bot2,2.8000000000000003,1,8.8516e-07,5.975e-11,-8.8456e-07,5.975e-11,8.8516e-07,-163934426.22952127
bot2,2.9,1,8.8466e-07,-4.235e-11,-8.842999999999999e-07,4.235e-11,8.8466e-07,-270270270.2702728
bot2,3.0,1,8.8442e-07,1.7e-13,-8.8442e-07,1.7e-13,8.8442e-07,357142857.1428576
bot2,3.1,1,8.8522e-07,2.09e-12,-8.8436e-07,2.09e-12,8.8522e-07,357142857.1428576
bot2,3.2,1,8.8498e-07,-1.5400000000000001e-12,-8.8466e-07,1.5400000000000001e-12,8.8498e-07,-178571428.57141194
bot2,3.3000000000000003,1,8.840999999999999e-07,5.744e-11,-8.844799999999999e-07,5.744e-11,8.840999999999999e-07,-227272727.27271536
bot2,3.4,1,8.840999999999999e-07,-3.528e-11,-8.839199999999999e-07,3.528e-11,8.840999999999999e-07,416666666.6666532
bot2,3.5,1,8.845799999999999e-07,1.0500000000000002e-12,-8.8424e-07,1.0500000000000002e-12,8.845799999999999e-07,434782608.6955599
bot2,3.6,1,8.8456e-07,1.79e-12,-8.835399999999999e-07,1.79e-12,8.8456e-07,-5000000000.007568
bot2,3.7,1,8.8454e-07,-1.65e-12,-8.8438e-07,1.65e-12,8.8454e-07,-454545454.545377
bot2,3.8,1,8.8412e-07,1.5470000000000003e-11,-8.836e-07,1.5470000000000003e-11,8.8412e-07,5000000000.007559
bot2,3.9,1,8.845799999999999e-07,-5.8000000000000007e-11,-8.8348e-07,5.8000000000000007e-11,8.845799999999999e-07,1999999999.9998472
bot2,4.0,1,8.8422e-07,2.4960000000000004e-11,-8.8424e-07,2.4960000000000004e-11,8.8422e-07,-196078431.3725503
bot2,4.1,1,8.8356e-07,2.75e-12,-8.8352e-07,2.75e-12,8.8356e-07,-333333333.3333674
bot2,4.2,1,8.8362e-07,-7.700000000000002e-13,-8.8328e-07,7.700000000000002e-13,8.8362e-07,-434782608.69566
bot2,4.3,1,8.831e-07,1.182e-11,-8.831e-07,1.182e-11,8.831e-07,1250000000.0002382
bot2,4.4,1,8.8378e-07,-6.043e-11,-8.8362e-07,6.043e-11,8.8378e-07,227272727.27271587
bot2,4.5,1,8.8398e-07,4.0550000000000005e-11,-8.8324e-07,4.0550000000000005e-11,8.8398e-07,-126582278.48101345
bot2,4.6000000000000005,1,8.822e-07,3.290000000000001e-12,-8.8256e-07,3.290000000000001e-12,8.822e-07,-243902439.0243973
bot2,4.7,1,8.8316e-07,-9.600000000000002e-13,-8.838e-07,9.600000000000002e-13,8.8316e-07,200000000.00000545
bot2,4.8,1,8.832e-07,2.72e-12,-8.8248e-07,2.72e-12,8.832e-07,-370370370.37031376
bot2,4.9,1,8.826199999999999e-07,-4.228e-11,-8.830799999999999e-07,4.228e-11,8.826199999999999e-07,9999999999.98867
bot2,5.0,1,8.8322e-07,5.940000000000001e-11,-8.8348e-07,5.940000000000001e-11,8.8322e-07,166666666.66665354
bot2,0.0,2,2.4361e-10,-6.144000000000001e-11,-3.5517e-10,6.144000000000001e-11,2.4361e-10,117080.06212127602
bot2,0.1,2,8.5436e-07,-4.734e-11,-8.5448e-07,4.734e-11,8.5436e-07,122996.96445336685
bot2,0.2,2,1.6263000000000002e-06,-2.1700000000000002e-12,-1.6265000000000002e-06,2.1700000000000002e-12,1.6263000000000002e-06,135177.14965462234
bot2,0.3,2,2.3339e-06,1.226e-11,-2.3325e-06,1.226e-11,2.3339e-06,148743.12063067083
bot2,0.4,2,2.9709e-06,3.290000000000001e-12,-2.9712000000000005e-06,3.290000000000001e-12,2.9709e-06,165425.97187758476
bot2,0.5,2,3.5429000000000004e-06,-1.031e-11,-3.5510000000000004e-06,1.031e-11,3.5429000000000004e-06,182465.10354894624
bot2,0.6,2,4.067e-06,5.985e-11,-4.0592e-06,5.985e-11,4.067e-06,205570.97337855888
bot2,0.7,2,4.515800000000001e-06,2.31e-12,-4.513800000000001e-06,2.31e-12,4.515800000000001e-06,232964.47291788
bot2,0.8,2,4.9255000000000005e-06,-2.42e-12,-4.9193000000000005e-06,2.42e-12,4.9255000000000005e-06,265041.08136761206
bot2,0.9,2,5.2704e-06,5.502000000000001e-11,-5.2774000000000005e-06,5.502000000000001e-11,5.2704e-06,305203.7234854263
bot2,1.0,2,5.580800000000001e-06,-2.854e-11,-5.5917e-06,2.854e-11,5.580800000000001e-06,339962.60411354766
bot2,1.1,2,5.8587e-06,-1.45e-12,-5.8548e-06,1.45e-12,5.8587e-06,396982.9297340213
bot2,1.2,2,6.084600000000001e-06,2.7560000000000003e-11,-6.0874e-06,2.7560000000000003e-11,6.084600000000001e-06,465657.74155995256
bot2,1.3,2,6.288200000000001e-06,-2.7090000000000004e-11,-6.2767e-06,2.7090000000000004e-11,6.288200000000001e-06,539956.8034557241
bot2,1.4,2,6.455000000000001e-06,-2.59e-12,-6.446200000000001e-06,2.59e-12,6.455000000000001e-06,691562.9322268332
bot2,1.5,2,6.577400000000001e-06,1.229e-11,-6.588600000000001e-06,1.229e-11,6.577400000000001e-06,847457.627118644
bot2,1.6,2,6.691000000000001e-06,-2.42e-11,-6.690900000000001e-06,2.42e-11,6.691000000000001e-06,1016776.8174885602
bot2,1.7,2,6.774100000000001e-06,-4.440000000000001e-12,-6.7770000000000005e-06,4.440000000000001e-12,6.774100000000001e-06,1422475.1066856328
bot2,1.8,2,6.831600000000001e-06,3.9020000000000005e-11,-6.830400000000001e-06,3.9020000000000005e-11,6.831600000000001e-06,2433090.0243309075
bot2,1.9,2,6.856300000000001e-06,-4.435e-11,-6.8531000000000005e-06,4.435e-11,6.856300000000001e-06,3149606.299212581
bot2,2.0,2,6.895100000000001e-06,-5.050000000000001e-12,-6.870700000000001e-06,5.050000000000001e-12,6.895100000000001e-06,4338394.79392622
bot2,2.1,2,6.902400000000001e-06,1.055e-11,-6.8986e-06,1.055e-11,6.902400000000001e-06,181818181.81820333
bot2,2.2,2,6.896200000000001e-06,-6.008e-11,-6.889200000000001e-06,6.008e-11,6.896200000000001e-06,83333333.33335656
bot2,2.3000000000000003,2,6.9048e-06,-4.910000000000001e-12,-6.8921000000000005e-06,4.910000000000001e-12,6.9048e-06,24691358.024691407
bot2,2.4,2,6.904300000000001e-06,1.22e-12,-6.904200000000001e-06,1.22e-12,6.904300000000001e-06,-105263157.89474052
bot2,2.5,2,6.9029e-06,-6.066e-11,-6.911100000000001e-06,6.066e-11,6.9029e-06,16129032.25806442
bot2,2.6,2,6.916700000000001e-06,1.7760000000000002e-11,-6.906100000000001e-06,1.7760000000000002e-11,6.916700000000001e-06,-62500000.00001191
bot2,2.7,2,6.899700000000001e-06,3.540000000000001e-12,-6.9126000000000005e-06,3.540000000000001e-12,6.899700000000001e-06,25316455.696204044
bot2,2.8000000000000003,2,6.924600000000001e-06,-1.4300000000000002e-12,-6.914400000000001e-06,1.4300000000000002e-12,6.924600000000001e-06,27027027.0270296
bot2,2.9,2,6.9071e-06,5.656e-11,-6.9118000000000005e-06,5.656e-11,6.9071e-06,-12658227.848101316
bot2,3.0,2,6.908800000000001e-06,-2.5e-13,-6.920900000000001e-06,2.5e-13,6.908800000000001e-06,18691588.78504571
bot2,3.1,2,6.917800000000001e-06,-8.300000000000001e-13,-6.912800000000001e-06,8.300000000000001e-13,6.917800000000001e-06,13605442.17687072
bot2,3.2,2,6.923500000000001e-06,6.177000000000001e-11,-6.9241e-06,6.177000000000001e-11,6.923500000000001e-06,17094017.09401799
bot2,3.3000000000000003,2,6.9295e-06,-4.905e-11,-6.917800000000001e-06,4.905e-11,6.9295e-06,-166666666.66665393
bot2,3.4,2,6.922300000000001e-06,-1.6700000000000006e-12,-6.921600000000001e-06,1.6700000000000006e-12,6.922300000000001e-06,-71428571.42858757
bot2,3.5,2,6.926700000000001e-06,9.55e-12,-6.918200000000001e-06,9.55e-12,6.926700000000001e-06,-27397260.273972955
bot2,3.6,2,6.915000000000001e-06,-6.064000000000001e-11,-6.918200000000001e-06,6.064000000000001e-11,6.915000000000001e-06,-11904761.904761622
bot2,3.7,2,6.9099000000000005e-06,3.2e-12,-6.916e-06,3.2e-12,6.9099000000000005e-06,-105263157.89474076
bot2,3.8,2,6.913100000000001e-06,4.4000000000000004e-13,-6.920200000000001e-06,4.4000000000000004e-13,6.913100000000001e-06,27397260.273972888
bot2,3.9,2,6.9172000000000005e-06,-3.238e-11,-6.913900000000001e-06,3.238e-11,6.9172000000000005e-06,83333333.33332697
bot2,4.0,2,6.915500000000001e-06,5.019e-11,-6.920200000000001e-06,5.019e-11,6.915500000000001e-06,-13157894.736842563
bot2,4.1,2,6.902000000000001e-06,-1.3e-13,-6.910800000000001e-06,1.3e-13,6.902000000000001e-06,62500000.00001191
bot2,4.2,2,6.9187e-06,-2.1500000000000003e-12,-6.910800000000001e-06,2.1500000000000003e-12,6.9187e-06,11235955.056179743
bot2,4.3,2,6.919800000000001e-06,5.729e-11,-6.915400000000001e-06,5.729e-11,6.919800000000001e-06,86956521.73913199
bot2,4.4,2,6.921e-06,-1.9220000000000003e-11,-6.917800000000001e-06,1.9220000000000003e-11,6.921e-06,34482758.620689616
bot2,4.5,2,6.925600000000001e-06,-1.8400000000000002e-12,-6.922500000000001e-06,1.8400000000000002e-12,6.925600000000001e-06,-2000000000.012557
bot2,4.6000000000000005,2,6.920900000000001e-06,6.92e-12,-6.920400000000001e-06,6.92e-12,6.920900000000001e-06,-21052631.57894628
bot2,4.7,2,6.916100000000001e-06,-5.992e-11,-6.9272e-06,5.992e-11,6.916100000000001e-06,-32786885.245902475
bot2,4.8,2,6.914800000000001e-06,3.4000000000000005e-12,-6.9218e-06,3.4000000000000005e-12,6.914800000000001e-06,-249999999.99998143
bot2,4.9,2,6.9153000000000005e-06,4.800000000000001e-13,-6.914000000000001e-06,4.800000000000001e-13,6.9153000000000005e-06,-47619047.61903928
bot2,5.0,2,6.9106e-06,-2.9990000000000004e-11,-6.9168e-06,2.9990000000000004e-11,6.9106e-06,-21276595.744680136
bot2,0.0,3,6.055400000000001e-10,4.458e-11,-4.6635e-10,4.458e-11,6.055400000000001e-10,65180.7854918209
bot2,0.1,3,1.5348e-06,-5.3230000000000006e-11,-1.5367000000000005e-06,5.3230000000000006e-11,1.5348e-06,66571.37063721775
bot2,0.2,3,3.0049e-06,-2.201e-11,-2.9977e-06,2.201e-11,3.0049e-06,70077.08479327259
bot2,0.3,3,4.3888e-06,5.6580000000000006e-11,-4.3869e-06,5.6580000000000006e-11,4.3888e-06,73626.85907819172
bot2,0.4,3,5.721300000000001e-06,1e-13,-5.722e-06,1e-13,5.721300000000001e-06,76807.86512538881
bot2,0.5,3,6.992700000000001e-06,-3.43e-12,-6.976200000000001e-06,3.43e-12,6.992700000000001e-06,81419.96417521573
bot2,0.6,3,8.177700000000001e-06,5.995000000000001e-11,-8.182400000000001e-06,5.995000000000001e-11,8.177700000000001e-06,86565.09695290861
bot2,0.7,3,9.3031e-06,-8.490000000000001e-12,-9.3208e-06,8.490000000000001e-12,9.3031e-06,91558.3226515291
bot2,0.8,3,1.03621e-05,2.0000000000000003e-14,-1.03663e-05,2.0000000000000003e-14,1.03621e-05,96646.37092877156
bot2,0.9,3,1.1372500000000002e-05,2.8600000000000003e-11,-1.13597e-05,2.8600000000000003e-11,1.1372500000000002e-05,105937.81450288682
bot2,1.0,3,1.225e-05,6.167e-11,-1.2238e-05,6.167e-11,1.225e-05,115774.24023154864
bot2,1.1,3,1.31e-05,-4.930000000000001e-11,-1.3096e-05,4.930000000000001e-11,1.31e-05,120918.98428053192
bot2,1.2,3,1.3904e-05,1.371e-11,-1.391e-05,1.371e-11,1.3904e-05,129533.67875647658
bot2,1.3,3,1.4644e-05,1.69e-12,-1.4654e-05,1.69e-12,1.4644e-05,139470.0139470015
bot2,1.4,3,1.5338e-05,-3.6000000000000004e-12,-1.5354e-05,3.6000000000000004e-12,1.5338e-05,149925.0374812592
bot2,1.5,3,1.5978000000000002e-05,-1.1860000000000002e-11,-1.583e-05,1.1860000000000002e-11,1.5978000000000002e-05,178253.11942958992
bot2,1.6,3,1.646e-05,-2.866e-11,-1.6454000000000002e-05,2.866e-11,1.646e-05,189035.9168241968
bot2,1.7,3,1.7036e-05,5.924000000000001e-11,-1.705e-05,5.924000000000001e-11,1.7036e-05,188323.91713747685
bot2,1.8,3,1.7522e-05,-5.835000000000001e-11,-1.7526e-05,5.835000000000001e-11,1.7522e-05,239808.1534772187
bot2,1.9,3,1.787e-05,3.332e-11,-1.7862e-05,3.332e-11,1.787e-05,281690.14084506966
bot2,2.0,3,1.8232e-05,8.690000000000003e-12,-1.8104e-05,8.690000000000003e-12,1.8232e-05,390624.999999999
bot2,2.1,3,1.8382e-05,-3.3100000000000002e-12,-1.8354e-05,3.3100000000000002e-12,1.8382e-05,515463.9175257732
bot2,2.2,3,1.862e-05,2.31e-12,-1.8618e-05,2.31e-12,1.862e-05,409836.06557377137
bot2,2.3000000000000003,3,1.887e-05,-1.766e-11,-1.8842e-05,1.766e-11,1.887e-05,446428.57142857113
bot2,2.4,3,1.9068e-05,5.54e-11,-1.9066e-05,5.54e-11,1.9068e-05,636942.6751592334
bot2,2.5,3,1.9184e-05,-5.853e-11,-1.9188e-05,5.853e-11,1.9184e-05,448430.4932735442
bot2,2.6,3,1.9514e-05,2.66e-11,-1.971e-05,2.66e-11,1.9514e-05,349650.3496503496
bot2,2.7,3,1.9756e-05,-2.9900000000000004e-12,-1.9608e-05,2.9900000000000004e-12,1.9756e-05,719424.4604316561
bot2,2.8000000000000003,3,1.9792e-05,-5.310000000000002e-12,-2.0066e-05,5.310000000000002e-12,1.9792e-05,555555.5555555549
bot2,2.9,3,2.0116e-05,1.23e-12,-2.0094e-05,1.23e-12,2.0116e-05,497512.4378109439
bot2,3.0,3,2.0194e-05,-3.6220000000000005e-11,-2.0216e-05,3.6220000000000005e-11,2.0194e-05,2222222.222222287
bot2,3.1,3,2.0206e-05,5.943000000000001e-11,-2.0218e-05,5.943000000000001e-11,2.0206e-05,6666666.66666636
bot2,3.2,3,2.0224e-05,-4.4930000000000007e-11,-2.0202e-05,4.4930000000000007e-11,2.0224e-05,12499999.999999072
bot2,3.3000000000000003,3,2.0222e-05,-3.0000000000000014e-13,-2.024e-05,3.0000000000000014e-13,2.0222e-05,4761904.761904686
bot2,3.4,3,2.0266e-05,4.51e-12,-2.0264e-05,4.51e-12,2.0266e-05,4545454.545454373
bot2,3.5,3,2.0266e-05,-2.01e-11,-2.0258e-05,2.01e-11,2.0266e-05,-12499999.999999072
bot2,3.6,3,2.025e-05,5.644000000000001e-11,-2.0258e-05,5.644000000000001e-11,2.025e-05,
bot2,3.7,3,2.0266e-05,-2.5870000000000003e-11,-2.0336e-05,2.5870000000000003e-11,2.0266e-05,2564102.5641026245
bot2,3.8,3,2.0328e-05,4.06e-12,-2.0308e-05,4.06e-12,2.0328e-05,3846153.846153928
bot2,3.9,3,2.0318e-05,1.04e-12,-2.0322e-05,1.04e-12,2.0318e-05,-50000000.00001735
bot2,4.0,3,2.0324e-05,-3.612e-11,-2.0294e-05,3.612e-11,2.0324e-05,50000000.00001735
bot2,4.1,3,2.0322e-05,5.918000000000001e-11,-2.0322e-05,5.918000000000001e-11,2.0322e-05,33333333.333335564
bot2,4.2,3,2.033e-05,-5.702000000000001e-11,-2.0318e-05,5.702000000000001e-11,2.033e-05,-100000000.00011964
bot2,4.3,3,2.032e-05,4.559e-11,-2.03e-05,4.559e-11,2.032e-05,-16666666.666667782
bot2,4.4,3,2.0318e-05,-1.855e-11,-2.0086e-05,1.855e-11,2.0318e-05,-813008.1300812992
bot2,4.5,3,2.0074e-05,-1.5920000000000002e-11,-1.9954e-05,1.5920000000000002e-11,2.0074e-05,-529100.5291005314
bot2,4.6000000000000005,3,1.994e-05,7.3e-13,-1.9968e-05,7.3e-13,1.994e-05,-1724137.9310344807
bot2,4.7,3,1.9958e-05,-1.7100000000000002e-12,-1.9996e-05,1.7100000000000002e-12,1.9958e-05,3030303.0303030643
bot2,4.8,3,2.0006e-05,4.804e-11,-2.0014e-05,4.804e-11,2.0006e-05,3703703.703703719
bot2,4.9,3,2.0012e-05,-6.657000000000001e-11,-1.9966e-05,6.657000000000001e-11,2.0012e-05,-4761904.761904697
bot2,5.0,3,1.9964e-05,4.018e-11,-1.9968e-05,4.018e-11,1.9964e-05,-2083333.3333333165
bot2,0.0,4,7.4778e-10,-6.16e-11,-5.7738e-10,6.16e-11,7.4778e-10,46677.66535607296
bot2,0.1,4,2.1431000000000003e-06,-1.9900000000000002e-12,-2.1392e-06,1.9900000000000002e-12,2.1431000000000003e-06,47407.38246058926
bot2,0.2,4,4.2195e-06,-1.27e-12,-4.223e-06,1.27e-12,4.2195e-06,48660.61653001143
bot2,0.3,4,6.2532000000000005e-06,4e-13,-6.2523e-06,4e-13,6.2532000000000005e-06,49436.4247577615
bot2,0.4,4,8.265100000000002e-06,-5.911e-11,-8.300400000000001e-06,5.911e-11,8.265100000000002e-06,49985.0044986504
bot2,0.5,4,1.02544e-05,1.282e-11,-1.02188e-05,1.282e-11,1.02544e-05,52702.3109963372
bot2,0.6,4,1.206e-05,-2.2200000000000002e-12,-1.1988e-05,2.2200000000000002e-12,1.206e-05,55685.48836173296
bot2,0.7,4,1.3846e-05,2.2200000000000002e-12,-1.3794e-05,2.2200000000000002e-12,1.3846e-05,56306.30630630634
bot2,0.8,4,1.5612e-05,-5.38e-12,-1.558e-05,5.38e-12,1.5612e-05,58072.009291521455
bot2,0.9,4,1.7290000000000002e-05,3.714e-11,-1.7290000000000002e-05,3.714e-11,1.7290000000000002e-05,60827.25060827244
bot2,1.0,4,1.89e-05,-6.159e-11,-1.895e-05,6.159e-11,1.89e-05,62227.75357809585
bot2,1.1,4,2.0504e-05,4.57e-11,-2.047e-05,4.57e-11,2.0504e-05,64557.779212395086
bot2,1.2,4,2.1998e-05,4.3000000000000004e-13,-2.1928e-05,4.3000000000000004e-13,2.1998e-05,67204.3010752688
bot2,1.3,4,2.348e-05,1.5700000000000002e-12,-2.3604e-05,1.5700000000000002e-12,2.348e-05,68870.52341597807
bot2,1.4,4,2.4902e-05,3.0000000000000005e-14,-2.4898e-05,3.0000000000000005e-14,2.4902e-05,72202.16606498195
bot2,1.5,4,2.625e-05,-2.032e-11,-2.626e-05,2.032e-11,2.625e-05,74794.3156320119
bot2,1.6,4,2.7576e-05,6.159e-11,-2.7532e-05,6.159e-11,2.7576e-05,83056.47840531553
bot2,1.7,4,2.8658e-05,-3.441e-11,-2.886e-05,3.441e-11,2.8658e-05,76219.51219512192
bot2,1.8,4,3.02e-05,7.82e-12,-3.0176e-05,7.82e-12,3.02e-05,83125.51953449726
bot2,1.9,4,3.1064e-05,-3.2400000000000007e-12,-3.1022e-05,3.2400000000000007e-12,3.1064e-05,108225.1082251082
bot2,2.0,4,3.2048e-05,-4.710000000000001e-12,-3.1958e-05,4.710000000000001e-12,3.2048e-05,96805.4211035816
bot2,2.1,4,3.313e-05,3.088e-11,-3.3148e-05,3.088e-11,3.313e-05,106496.27263045816
bot2,2.2,4,3.3926e-05,-4.3140000000000006e-11,-3.3806e-05,4.3140000000000006e-11,3.3926e-05,155038.75968992308
bot2,2.3000000000000003,4,3.442e-05,2.161e-11,-3.4504e-05,2.161e-11,3.442e-05,159235.66878980835
bot2,2.4,4,3.5182e-05,4.6500000000000006e-12,-3.5002e-05,4.6500000000000006e-12,3.5182e-05,138121.54696132542
bot2,2.5,4,3.5868e-05,-7.53e-12,-3.5936e-05,7.53e-12,3.5868e-05,138888.88888888902
bot2,2.6,4,3.6622e-05,3.4650000000000004e-11,-3.6594e-05,3.4650000000000004e-11,3.6622e-05,149031.29657228012
bot2,2.7,4,3.721000000000001e-05,-6.697e-11,-3.7238e-05,6.697e-11,3.721000000000001e-05,173913.0434782609
bot2,2.8000000000000003,4,3.7772e-05,2.175e-11,-3.774e-05,2.175e-11,3.7772e-05,200000.0000000003
bot2,2.9,4,3.821e-05,-1.31e-12,-3.804e-05,1.31e-12,3.821e-05,252525.2525252537
bot2,3.0,4,3.8564e-05,-4.56e-12,-3.8546e-05,4.56e-12,3.8564e-05,287356.32183908013
bot2,3.1,4,3.8906e-05,-5.2600000000000014e-12,-3.876e-05,5.2600000000000014e-12,3.8906e-05,302114.80362537724
bot2,3.2,4,3.9226e-05,-5.8000000000000007e-11,-3.909200000000001e-05,5.8000000000000007e-11,3.9226e-05,246305.41871921247
bot2,3.3000000000000003,4,3.9718e-05,6.123e-11,-3.9472e-05,6.123e-11,3.9718e-05,613496.9325153304
bot2,3.4,4,3.9552e-05,-2.5980000000000004e-11,-3.989e-05,2.5980000000000004e-11,3.9552e-05,1149425.2873563068
bot2,3.5,4,3.9892e-05,-1.406e-11,-3.9882e-05,1.406e-11,3.9892e-05,892857.1428571576
bot2,3.6,4,3.9776e-05,-3.5710000000000005e-11,-3.937e-05,3.5710000000000005e-11,3.9776e-05,-546448.0874316901
bot2,3.7,4,3.9526e-05,1.52e-11,-3.9426e-05,1.52e-11,3.9526e-05,2272727.2727271914
bot2,3.8,4,3.9864e-05,5.514e-11,-3.9832e-05,5.514e-11,3.9864e-05,1587301.587301605
bot2,3.9,4,3.9652e-05,-4.7470000000000005e-11,-3.9626e-05,4.7470000000000005e-11,3.9652e-05,1886792.4528302704
bot2,4.0,4,3.997e-05,1.047e-11,-3.9946e-05,1.047e-11,3.997e-05,793650.793650781
bot2,4.1,4,3.9904e-05,-6.330000000000001e-12,-3.9888e-05,6.330000000000001e-12,3.9904e-05,961538.4615384528
bot2,4.2,4,4.0178e-05,-2e-12,-4.0108e-05,2e-12,4.0178e-05,1408450.7042253567
bot2,4.3,4,4.0046e-05,1.6600000000000003e-11,-4.0144e-05,1.6600000000000003e-11,4.0046e-05,-5555555.555555928
bot2,4.4,4,4.0142e-05,-5.949e-11,-4.0136e-05,5.949e-11,4.0142e-05,16666666.666667782
bot2,4.5,4,4.0058e-05,4.607e-11,-4.0012e-05,4.607e-11,4.0058e-05,-999999.9999999766
bot2,4.6000000000000005,4,3.9942e-05,-1.551e-11,-3.998e-05,1.551e-11,3.9942e-05,617283.9506172865
bot2,4.7,4,4.0382e-05,-1.4800000000000006e-12,-4.038e-05,1.4800000000000006e-12,4.0382e-05,450450.4504504442
bot2,4.8,4,4.0386e-05,-6.890000000000001e-12,-4.0278e-05,6.890000000000001e-12,4.0386e-05,-1315789.4736842008
bot2,4.9,4,4.023e-05,-6.051e-11,-4.0236e-05,6.051e-11,4.023e-05,-3846153.846153936
bot2,5.0,4,4.0334e-05,5.6690000000000007e-11,-4.0294e-05,5.6690000000000007e-11,4.0334e-05,961538.4615384171
bot2,0.0,5,8.4962e-10,-6.142e-11,-7.4943e-10,6.142e-11,8.4962e-10,36820.87965390788
bot2,0.1,5,2.7167e-06,-9.200000000000001e-13,-2.7001e-06,9.200000000000001e-13,2.7167e-06,36880.97328622959
bot2,0.2,5,5.4237e-06,-2e-12,-5.407000000000001e-06,2e-12,5.4237e-06,37659.10973864578
bot2,0.3,5,8.0275e-06,1.4410000000000002e-11,-8.022e-06,1.4410000000000002e-11,8.0275e-06,38354.588167609545
bot2,0.4,5,1.06382e-05,-5.889e-11,-1.06824e-05,5.889e-11,1.06382e-05,37889.55195604812
bot2,0.5,5,1.3306e-05,-3.809e-11,-1.3238e-05,3.809e-11,1.3306e-05,39033.529802100005
bot2,0.6,5,1.5762e-05,1.55e-12,-1.581e-05,1.55e-12,1.5762e-05,39840.637450199225
bot2,0.7,5,1.8326e-05,-1.6000000000000005e-13,-1.8264e-05,1.6000000000000005e-13,1.8326e-05,40551.50040551499
bot2,0.8,5,2.0694e-05,-2.82e-12,-2.072e-05,2.82e-12,2.0694e-05,41684.0350145894
bot2,0.9,5,2.3124e-05,4.57e-12,-2.3224e-05,4.57e-12,2.3124e-05,41545.49231408393
bot2,1.0,5,2.5508e-05,-4.4200000000000006e-11,-2.565e-05,4.4200000000000006e-11,2.5508e-05,42535.09145044664
bot2,1.1,5,2.7826e-05,5.8140000000000006e-11,-2.773e-05,5.8140000000000006e-11,2.7826e-05,44563.27985739748
bot2,1.2,5,2.9996e-05,-3.4390000000000004e-11,-3.0038000000000003e-05,3.4390000000000004e-11,2.9996e-05,46533.27128897162
bot2,1.3,5,3.2124e-05,-6.3e-13,-3.2082e-05,6.3e-13,3.2124e-05,47438.330170778005
bot2,1.4,5,3.4212000000000004e-05,3.8300000000000004e-12,-3.4194e-05,3.8300000000000004e-12,3.4212000000000004e-05,47483.38081671416
bot2,1.5,5,3.6336e-05,-2.8110000000000004e-11,-3.625e-05,2.8110000000000004e-11,3.6336e-05,50709.93914807308
bot2,1.6,5,3.8156e-05,6.245e-11,-3.8158e-05,6.245e-11,3.8156e-05,54794.52054794518
bot2,1.7,5,3.9986e-05,-1.684e-11,-3.9992e-05,1.684e-11,3.9986e-05,55309.73451327432
bot2,1.8,5,4.1772e-05,2.6e-13,-4.1738e-05,2.6e-13,4.1772e-05,55370.985603543806
bot2,1.9,5,4.3598e-05,-4.0000000000000006e-14,-4.3478e-05,4.0000000000000006e-14,4.3598e-05,60753.341433778805
bot2,2.0,5,4.5064e-05,-3.05e-12,-4.5176e-05,3.05e-12,4.5064e-05,65061.80871828225
bot2,2.1,5,4.6672e-05,1.7340000000000002e-11,-4.6432e-05,1.7340000000000002e-11,4.6672e-05,64724.9190938512
bot2,2.2,5,4.8154e-05,-5.992e-11,-4.8218000000000005e-05,5.992e-11,4.8154e-05,67024.1286863272
bot2,2.3000000000000003,5,4.9656e-05,5.7810000000000005e-11,-4.9678e-05,5.7810000000000005e-11,4.9656e-05,63734.86297004447
bot2,2.4,5,5.1292e-05,-3.073e-11,-5.147200000000001e-05,3.073e-11,5.1292e-05,89285.7142857142
bot2,2.5,5,5.1896e-05,2e-13,-5.2672e-05,2e-13,5.1896e-05,74738.41554559051
bot2,2.6,5,5.3968e-05,2.5800000000000003e-12,-5.473e-05,2.5800000000000003e-12,5.3968e-05,47824.007651841246
bot2,2.7,5,5.6078e-05,1.8730000000000003e-11,-5.6408e-05,1.8730000000000003e-11,5.6078e-05,63816.2093171666
bot2,2.8000000000000003,5,5.7102e-05,1.9950000000000003e-11,-5.7412000000000005e-05,1.9950000000000003e-11,5.7102e-05,66137.56613756597
bot2,2.9,5,5.9102e-05,-5.426e-11,-5.8976e-05,5.426e-11,5.9102e-05,64724.919093851066
bot2,3.0,5,6.0192e-05,6.859e-11,-6.017e-05,6.859e-11,6.0192e-05,125944.58438287172
bot2,3.1,5,6.069e-05,-3.143e-11,-6.067e-05,3.143e-11,6.069e-05,221729.4900221717
bot2,3.2,5,6.109400000000001e-05,3.87e-12,-6.088e-05,3.87e-12,6.109400000000001e-05,212314.22505307756
bot2,3.3000000000000003,5,6.163200000000001e-05,-7.870000000000001e-12,-6.1096e-05,7.870000000000001e-12,6.163200000000001e-05,231481.48148148195
bot2,3.4,5,6.1958e-05,-6.71e-12,-6.204e-05,6.71e-12,6.1958e-05,198019.8019801993
bot2,3.5,5,6.2642e-05,-2.1500000000000003e-12,-6.264e-05,2.1500000000000003e-12,6.2642e-05,142857.14285714366
bot2,3.6,5,6.3358e-05,-5.236000000000001e-11,-6.3586e-05,5.236000000000001e-11,6.3358e-05,133511.34846461916
bot2,3.7,5,6.414e-05,1.477e-11,-6.411600000000001e-05,1.477e-11,6.414e-05,135501.3550135505
bot2,3.8,5,6.4834e-05,4.240000000000001e-12,-6.4746e-05,4.240000000000001e-12,6.4834e-05,248138.9578163793
bot2,3.9,5,6.4946e-05,2.680000000000001e-12,-6.5306e-05,2.680000000000001e-12,6.4946e-05,354609.92907801154
bot2,4.0,5,6.5398e-05,-2.06e-12,-6.546400000000001e-05,2.06e-12,6.5398e-05,208768.26722338176
bot2,4.1,5,6.5904e-05,-9.41e-12,-6.5628e-05,9.41e-12,6.5904e-05,425531.91489361686
bot2,4.2,5,6.5868e-05,1.153e-11,-6.5886e-05,1.153e-11,6.5868e-05,632911.3924050605
bot2,4.3,5,6.622e-05,-4.5110000000000006e-11,-6.6368e-05,4.5110000000000006e-11,6.622e-05,335570.4697986548
bot2,4.4,5,6.6464e-05,5.026e-11,-6.642800000000001e-05,5.026e-11,6.6464e-05,248138.95781637568
bot2,4.5,5,6.7026e-05,-3.0610000000000005e-11,-6.6908e-05,3.0610000000000005e-11,6.7026e-05,326797.3856209152
bot2,4.6000000000000005,5,6.7076e-05,3e-12,-6.707e-05,3e-12,6.7076e-05,348432.0557491303
bot2,4.7,5,6.76e-05,5.730000000000001e-12,-6.8204e-05,5.730000000000001e-12,6.76e-05,168350.16835016734
bot2,4.8,5,6.826400000000001e-05,2.2200000000000002e-12,-6.7582e-05,2.2200000000000002e-12,6.826400000000001e-05,-662251.6556291438
bot2,4.9,5,6.7298e-05,4.599e-11,-6.7078e-05,4.599e-11,6.7298e-05,-199203.18725099505
bot2,5.0,5,6.726e-05,-4.84e-11,-6.730600000000001e-05,4.84e-11,6.726e-05,-2631578.9473682726
