device,VD,VG,ID,IG,IS,absIg,absId,r
bot1,0.0,-5,5.034e-12,-1.78e-12,-3.13e-12,1.78e-12,5.034e-12,-40584415584.41559
bot1,0.1,-5,2.57e-12,-2.1570000000000003e-11,-5.44e-12,2.1570000000000003e-11,2.57e-12,-114377216058.56116
bot1,0.2,-5,3.2854e-12,-4.016e-11,-7.29e-12,4.016e-11,3.2854e-12,166750041687.5104
bot1,0.3,-5,3.7694e-12,-5.2540000000000007e-11,-1.074e-11,5.2540000000000007e-11,3.7694e-12,250752256770.31088
bot1,0.4,-5,4.083e-12,-6.024e-11,-1.608e-11,6.024e-11,4.083e-12,369822485207.1004
bot1,0.5,-5,4.3102e-12,-6.123e-11,-2.326e-11,6.123e-11,4.3102e-12,-22242982339.07202
bot1,0.6,-5,-4.9086e-12,1.918e-11,3.6180000000000005e-11,1.918e-11,4.9086e-12,-24081878386.51416
bot1,0.7,-5,-3.9948e-12,5.800000000000003e-13,1.129e-11,5.800000000000003e-13,3.9948e-12,34829856152.69411
bot1,0.8,-5,8.336e-13,-1.9900000000000002e-12,1.32e-12,1.9900000000000002e-12,8.336e-13,59007493951.73186
bot1,0.9,-5,-6.054e-13,1.37e-12,2.6000000000000002e-12,1.37e-12,6.054e-13,-78161638267.93808
bot1,1.0,-5,-1.7252e-12,9.02e-12,3.440000000000001e-12,9.02e-12,1.7252e-12,-102901831652.60344
bot1,1.1,-5,-2.549e-12,2.285e-11,5.29e-12,2.285e-11,2.549e-12,-120612712579.9059
bot1,1.2,-5,-3.3834e-12,4.107e-11,7.2300000000000005e-12,4.107e-11,3.3834e-12,-155520995334.37015
bot1,1.3,-5,-3.835e-12,5.289e-11,1.072e-11,5.289e-11,3.835e-12,-245941957697.98343
bot1,1.4,-5,-4.1966e-12,6.066e-11,1.551e-11,6.066e-11,4.1966e-12,-415973377703.8267
bot1,1.5,-5,-4.3158e-12,6.068e-11,2.223e-11,6.068e-11,4.3158e-12,22251396275.116257
bot1,1.6,-5,4.7916e-12,-2.002e-11,-3.6550000000000006e-11,2.002e-11,4.7916e-12,24166847918.026047
bot1,1.7,-5,3.96e-12,-1.22e-12,-1.274e-11,1.22e-12,3.96e-12,-32547845332.638973
bot1,1.8,-5,-1.3532e-12,2.8100000000000003e-12,-1.3300000000000002e-12,2.8100000000000003e-12,1.3532e-12,-50924275602.1796
bot1,1.9,-5,3.26e-14,7.600000000000002e-13,-2.1000000000000003e-12,7.600000000000002e-13,3.26e-14,80814611281.71971
bot1,2.0,-5,1.1216e-12,-3.060000000000001e-12,-2.95e-12,3.060000000000001e-12,1.1216e-12,89928057553.95683
bot1,2.1,-5,2.2566e-12,-1.56e-11,-4.190000000000001e-12,1.56e-11,2.2566e-12,105909764880.32208
bot1,2.2,-5,3.01e-12,-3.0530000000000003e-11,-6.030000000000001e-12,3.0530000000000003e-11,3.01e-12,162443144899.2854
bot1,2.3000000000000003,-5,3.4878e-12,-4.3100000000000005e-11,-8.03e-12,4.3100000000000005e-11,3.4878e-12,223563603845.29364
bot1,2.4,-5,3.9046e-12,-5.379e-11,-1.21e-11,5.379e-11,3.9046e-12,304043782304.6515
bot1,2.5,-5,4.1456e-12,-6.112e-11,-1.7930000000000003e-11,6.112e-11,4.1456e-12,505561172901.92206
bot1,2.6,-5,4.3002e-12,-6.018e-11,-2.357e-11,6.018e-11,4.3002e-12,-22245456365.53736
bot1,2.7,-5,-4.845e-12,1.6070000000000002e-11,3.659e-11,1.6070000000000002e-11,4.845e-12,-24403338376.68996
bot1,2.8000000000000003,-5,-3.8954e-12,4.1e-13,1.055e-11,4.1e-13,3.8954e-12,36189924724.95653
bot1,2.9,-5,6.814e-13,-2.54e-12,7.5e-13,2.54e-12,6.814e-13,60331825037.70732
bot1,3.0,-5,-5.804e-13,3.0000000000000014e-13,2.21e-12,3.0000000000000014e-13,5.804e-13,-80289040545.96556
bot1,3.1,-5,-1.8096e-12,1.011e-11,3.5000000000000004e-12,1.011e-11,1.8096e-12,-100290843445.99348
bot1,3.2,-5,-2.5746e-12,2.285e-11,5.210000000000001e-12,2.285e-11,2.5746e-12,-135446295543.817
bot1,3.3000000000000003,-5,-3.2862e-12,3.9900000000000006e-11,7.590000000000001e-12,3.9900000000000006e-11,3.2862e-12,-160333493666.8268
bot1,3.4,-5,-3.822e-12,5.433e-11,1.0950000000000002e-11,5.433e-11,3.822e-12,-256278831368.5287
bot1,3.5,-5,-4.0666e-12,6.070000000000001e-11,1.493e-11,6.070000000000001e-11,4.0666e-12,-426621160409.55615
bot1,3.6,-5,-4.2908e-12,6.125000000000001e-11,2.227e-11,6.125000000000001e-11,4.2908e-12,22402437385.187527
bot1,3.7,-5,4.861e-12,-1.95e-11,-3.732e-11,1.95e-11,4.861e-12,24327348805.527195
bot1,3.8,-5,3.9304e-12,-1.6e-12,-1.094e-11,1.6e-12,3.9304e-12,-33996260411.354706
bot1,3.9,-5,-1.022e-12,1.6100000000000002e-12,-1.5300000000000001e-12,1.6100000000000002e-12,1.022e-12,-56126171633.83278
bot1,4.0,-5,3.67e-13,-7.200000000000003e-13,-2.500000000000001e-12,7.200000000000003e-13,3.67e-13,76184671644.06512
bot1,4.1,-5,1.6032e-12,-6.380000000000001e-12,-3.6000000000000004e-12,6.380000000000001e-12,1.6032e-12,84175084175.08424
bot1,4.2,-5,2.743e-12,-2.391e-11,-5.220000000000001e-12,2.391e-11,2.743e-12,114600045840.01843
bot1,4.3,-5,3.3484e-12,-3.96e-11,-7.81e-12,3.96e-11,3.3484e-12,160901045856.7982
bot1,4.4,-5,3.986e-12,-5.502000000000001e-11,-1.1250000000000002e-11,5.502000000000001e-11,3.986e-12,212134068731.4384
bot1,4.5,-5,4.2912e-12,-6.063e-11,-1.6270000000000002e-11,6.063e-11,4.2912e-12,355113636363.6368
bot1,4.6000000000000005,-5,4.5492e-12,-6.105e-11,-2.4e-11,6.105e-11,4.5492e-12,-22383883603.805283
bot1,4.7,-5,-4.6438e-12,1.5140000000000002e-11,3.6510000000000005e-11,1.5140000000000002e-11,4.6438e-12,-24860161591.05025
bot1,4.8,-5,-3.4958e-12,1.79e-12,8.900000000000001e-12,1.79e-12,3.4958e-12,37205149192.6483
bot1,4.9,-5,7.318e-13,-1.74e-12,1.21e-12,1.74e-12,7.318e-13,72679700559.63376
bot1,5.0,-5,-7.44e-13,4.200000000000001e-12,2.8e-12,4.200000000000001e-12,7.44e-13,-67759859059.49292
bot1,0.0,-4,-4.4966e-12,3.9460000000000005e-11,3.249e-11,3.9460000000000005e-11,4.4966e-12,1597444089456.865
bot1,0.1,-4,-4.434e-12,2.18e-12,1.792e-11,2.18e-12,4.434e-12,30571690614.490986
bot1,0.2,-4,2.0454e-12,-3.010000000000001e-12,-8.000000000000001e-14,3.010000000000001e-12,2.0454e-12,38767202946.30742
bot1,0.3,-4,7.249999999999999e-13,-1.2400000000000002e-12,1.21e-12,1.2400000000000002e-12,7.249999999999999e-13,-73844336139.4181
bot1,0.4,-4,-6.63e-13,1.3000000000000001e-12,2.3200000000000002e-12,1.3000000000000001e-12,6.63e-13,-77000077000.07701
bot1,0.5,-4,-1.8724e-12,1.205e-11,3.91e-12,1.205e-11,1.8724e-12,-95675468809.79716
bot1,0.6,-4,-2.7534e-12,2.712e-11,5.660000000000001e-12,2.712e-11,2.7534e-12,-120904364647.56384
bot1,0.7,-4,-3.5266e-12,4.6270000000000005e-11,9.07e-12,4.6270000000000005e-11,3.5266e-12,-152858453072.45502
bot1,0.8,-4,-4.0618e-12,5.689e-11,1.276e-11,5.689e-11,4.0618e-12,-261437908496.732
bot1,0.9,-4,-4.2916e-12,6.216000000000001e-11,1.911e-11,6.216000000000001e-11,4.2916e-12,22780081097.088703
bot1,1.0,-4,4.7178e-12,-3.1880000000000004e-11,-3.537e-11,3.1880000000000004e-11,4.7178e-12,23241220628.90744
bot1,1.1,-4,4.3138e-12,-1.5700000000000002e-12,-1.652e-11,1.5700000000000002e-12,4.3138e-12,-30667320902.84592
bot1,1.2,-4,-1.8038e-12,2.49e-12,-5.9e-13,2.49e-12,1.8038e-12,-40569597143.90036
bot1,1.3,-4,-6.16e-13,7.800000000000002e-13,-2.08e-12,7.800000000000002e-13,6.16e-13,75041272699.98506
bot1,1.4,-4,8.613999999999999e-13,-2.82e-12,-2.79e-12,2.82e-12,8.613999999999999e-13,79897730904.44229
bot1,1.5,-4,1.8872e-12,-1.141e-11,-3.8900000000000006e-12,1.141e-11,1.8872e-12,106360348861.94424
bot1,1.6,-4,2.7418e-12,-2.3610000000000003e-11,-5.3600000000000006e-12,2.3610000000000003e-11,2.7418e-12,127518490181.07622
bot1,1.7,-4,3.4556e-12,-4.229e-11,-8.06e-12,4.229e-11,3.4556e-12,175039383861.36877
bot1,1.8,-4,3.8844e-12,-5.427e-11,-1.138e-11,5.427e-11,3.8844e-12,309023485784.92
bot1,1.9,-4,4.1028e-12,-5.974e-11,-1.551e-11,5.974e-11,4.1028e-12,509164969450.10205
bot1,2.0,-4,4.2772e-12,-6.219000000000001e-11,-2.223e-11,6.219000000000001e-11,4.2772e-12,-22356360384.529392
bot1,2.1,-4,-4.8432e-12,2.285e-11,3.663e-11,2.285e-11,4.8432e-12,-23508945153.630978
bot1,2.2,-4,-4.2302e-12,1.79e-12,1.397e-11,1.79e-12,4.2302e-12,32960875440.85173
bot1,2.3000000000000003,-4,1.2246e-12,-2.680000000000001e-12,8.9e-13,2.680000000000001e-12,1.2246e-12,47038901171.26858
bot1,2.4,-4,2.16e-14,-7e-13,1.8900000000000002e-12,7e-13,2.16e-14,-82960013273.602
bot1,2.5,-4,-1.1862e-12,3.92e-12,2.6300000000000007e-12,3.92e-12,1.1862e-12,-96385542168.6748
bot1,2.6,-4,-2.0534e-12,1.4290000000000002e-11,4.200000000000001e-12,1.4290000000000002e-11,2.0534e-12,-107735401853.049
bot1,2.7,-4,-3.0426e-12,3.325e-11,6.670000000000001e-12,3.325e-11,3.0426e-12,-137061403508.77208
bot1,2.8000000000000003,-4,-3.5126e-12,4.705e-11,9.15e-12,4.705e-11,3.5126e-12,-219442615755.97943
bot1,2.9,-4,-3.954e-12,5.706e-11,1.364e-11,5.706e-11,3.954e-12,-279955207166.85297
bot1,3.0,-4,-4.227e-12,6.221000000000001e-11,1.786e-11,6.221000000000001e-11,4.227e-12,-436871996505.0245
bot1,3.1,-4,-4.4118e-12,6.028000000000001e-11,2.369e-11,6.028000000000001e-11,4.4118e-12,21889501794.939167
bot1,3.2,-4,4.9098e-12,-1.537e-11,-3.74e-11,1.537e-11,4.9098e-12,24329716315.507786
bot1,3.3000000000000003,-4,3.8086e-12,-2.44e-12,-1.018e-11,2.44e-12,3.8086e-12,-35430839002.267525
bot1,3.4,-4,-7.35e-13,1.37e-12,-1.36e-12,1.37e-12,7.35e-13,-58744052164.71825
bot1,3.5,-4,4.04e-13,2.4000000000000004e-13,-2.5300000000000003e-12,2.4000000000000004e-13,4.04e-13,81739414745.7905
bot1,3.6,-4,1.7118e-12,-8.22e-12,-3.75e-12,8.22e-12,1.7118e-12,94393052671.32349
bot1,3.7,-4,2.5228e-12,-2.005e-11,-4.87e-12,2.005e-11,2.5228e-12,133564845732.60329
bot1,3.8,-4,3.2092e-12,-3.6400000000000005e-11,-7.580000000000001e-12,3.6400000000000005e-11,3.2092e-12,166611129623.45862
bot1,3.9,-4,3.7232e-12,-5.208e-11,-1.0440000000000002e-11,5.208e-11,3.7232e-12,214362272240.0855
bot1,4.0,-4,4.1422e-12,-6.027e-11,-1.5920000000000002e-11,6.027e-11,4.1422e-12,377073906485.6712
bot1,4.1,-4,4.2536e-12,-6.197000000000001e-11,-2.1570000000000003e-11,6.197000000000001e-11,4.2536e-12,-22214323795.98367
bot1,4.2,-4,-4.861e-12,2.459e-11,3.6180000000000005e-11,2.459e-11,4.861e-12,-23329056339.67108
bot1,4.3,-4,-4.3194e-12,1.5800000000000001e-12,1.533e-11,1.5800000000000001e-12,4.3194e-12,30378516313.26329
bot1,4.4,-4,1.7226e-12,-1.8900000000000002e-12,3.0000000000000014e-13,1.8900000000000002e-12,1.7226e-12,41027324197.915855
bot1,4.5,-4,5.554e-13,-2.37e-12,1.4800000000000006e-12,2.37e-12,5.554e-13,-75255869957.85678
bot1,4.6000000000000005,-4,-9.35e-13,4.440000000000001e-12,2.1500000000000003e-12,4.440000000000001e-12,9.35e-13,-72364136334.03291
bot1,4.7,-4,-2.2084e-12,1.3590000000000002e-11,4.200000000000001e-12,1.3590000000000002e-11,2.2084e-12,-92498381278.3273
bot1,4.8,-4,-3.0972e-12,3.3090000000000005e-11,6.66e-12,3.3090000000000005e-11,3.0972e-12,-134861766689.14372
bot1,4.9,-4,-3.6914e-12,4.866e-11,9.68e-12,4.866e-11,3.6914e-12,-210792580101.1807
bot1,5.0,-4,-4.046e-12,5.948000000000001e-11,1.5030000000000002e-11,5.948000000000001e-11,4.046e-12,-282007896221.09375
bot1,0.0,-3,-4.028e-12,6.175000000000001e-11,1.869e-11,6.175000000000001e-11,4.028e-12,11285407967.498024
bot1,0.1,-3,4.833e-12,-2.6e-11,-3.6730000000000005e-11,2.6e-11,4.833e-12,24131274131.274128
bot1,0.2,-3,4.26e-12,-4.4000000000000004e-13,-1.46e-11,4.4000000000000004e-13,4.26e-12,-31936637710.781803
bot1,0.3,-3,-1.4294e-12,1.6600000000000002e-12,-1.4e-12,1.6600000000000002e-12,1.4294e-12,-50568900126.42226
bot1,0.4,-3,3.05e-13,-2.7e-13,-2.6500000000000002e-12,2.7e-13,3.05e-13,69700982783.85725
bot1,0.5,-3,1.44e-12,-7.0800000000000005e-12,-3.51e-12,7.0800000000000005e-12,1.44e-12,90000900009.00006
bot1,0.6,-3,2.5272e-12,-2.132e-11,-5.38e-12,2.132e-11,2.5272e-12,109397221310.57877
bot1,0.7,-3,3.2682e-12,-3.832e-11,-7.460000000000003e-12,3.832e-11,3.2682e-12,156347717323.32718
bot1,0.8,-3,3.8064e-12,-5.358e-11,-1.173e-11,5.358e-11,3.8064e-12,222419928825.62265
bot1,0.9,-3,4.1674e-12,-6.065e-11,-1.6e-11,6.065e-11,4.1674e-12,352858151023.2883
bot1,1.0,-3,4.3732e-12,-6.177000000000001e-11,-2.181e-11,6.177000000000001e-11,4.3732e-12,-22086756780.63433
bot1,1.1,-3,-4.8878e-12,2.189e-11,3.624e-11,2.189e-11,4.8878e-12,-23465365121.08128
bot1,1.2,-3,-4.15e-12,1.83e-12,1.4290000000000002e-11,1.83e-12,4.15e-12,31531815601.942352
bot1,1.3,-3,1.455e-12,-3.210000000000001e-12,8.800000000000002e-13,3.210000000000001e-12,1.455e-12,45996044340.18679
bot1,1.4,-3,1.982e-13,-1.6200000000000004e-12,1.6300000000000001e-12,1.6200000000000004e-12,1.982e-13,-77633724089.74458
bot1,1.5,-3,-1.1212e-12,3.63e-12,2.4800000000000003e-12,3.63e-12,1.1212e-12,-89782725803.55537
bot1,1.6,-3,-2.0294e-12,1.313e-11,3.680000000000001e-12,1.313e-11,2.0294e-12,-114233493260.22388
bot1,1.7,-3,-2.872e-12,2.742e-11,5.6100000000000005e-12,2.742e-11,2.872e-12,-142126208072.76855
bot1,1.8,-3,-3.4366e-12,4.3910000000000007e-11,8.26e-12,4.3910000000000007e-11,3.4366e-12,-168406871000.3369
bot1,1.9,-3,-4.0596e-12,5.6280000000000005e-11,1.228e-11,5.6280000000000005e-11,4.0596e-12,-247831474597.27377
bot1,2.0,-3,-4.2436e-12,6.201e-11,1.722e-11,6.201e-11,4.2436e-12,-685871056241.4263
bot1,2.1,-3,-4.3512e-12,6.165e-11,2.243e-11,6.165e-11,4.3512e-12,22058985727.83625
bot1,2.2,-3,4.823e-12,-2.0480000000000003e-11,-3.7350000000000005e-11,2.0480000000000003e-11,4.823e-12,23755790473.928043
bot1,2.3000000000000003,-3,4.0678e-12,-1.5700000000000002e-12,-1.132e-11,1.5700000000000002e-12,4.0678e-12,-33953551541.4912
bot1,2.4,-3,-1.0674e-12,1.8400000000000002e-12,-1.37e-12,1.8400000000000002e-12,1.0674e-12,-52457640455.332245
bot1,2.5,-3,2.552e-13,-7.700000000000002e-13,-2.29e-12,7.700000000000002e-13,2.552e-13,79592486469.27737
bot1,2.6,-3,1.4454e-12,-7.890000000000001e-12,-3.3200000000000004e-12,7.890000000000001e-12,1.4454e-12,89621796020.79234
bot1,2.7,-3,2.4868e-12,-2.016e-11,-5.29e-12,2.016e-11,2.4868e-12,104953820319.05972
bot1,2.8000000000000003,-3,3.351e-12,-4.031e-11,-7.6e-12,4.031e-11,3.351e-12,152951973080.4525
bot1,2.9,-3,3.7944e-12,-5.2610000000000006e-11,-1.111e-11,5.2610000000000006e-11,3.7944e-12,270929287455.9736
bot1,3.0,-3,4.0892e-12,-6.102e-11,-1.58e-11,6.102e-11,4.0892e-12,406338886631.4511
bot1,3.1,-3,4.2866e-12,-6.081000000000001e-11,-2.233e-11,6.081000000000001e-11,4.2866e-12,-22325913688.017704
bot1,3.2,-3,-4.869e-12,1.962e-11,3.646e-11,1.962e-11,4.869e-12,-24454063042.574543
bot1,3.3000000000000003,-3,-3.892e-12,2.28e-12,1.117e-11,2.28e-12,3.892e-12,33924754893.645847
bot1,3.4,-3,1.0264e-12,-3.110000000000001e-12,1.2000000000000001e-12,3.110000000000001e-12,1.0264e-12,57355893318.03835
bot1,3.5,-3,-4.05e-13,1.7e-13,2.070000000000001e-12,1.7e-13,4.05e-13,-76091919038.19821
bot1,3.6,-3,-1.602e-12,7.880000000000001e-12,3.2200000000000004e-12,7.880000000000001e-12,1.602e-12,-93205331344.953
bot1,3.7,-3,-2.5508e-12,2.081e-11,5.19e-12,2.081e-11,2.5508e-12,-128650456709.12144
bot1,3.8,-3,-3.1566e-12,3.6550000000000006e-11,7.050000000000001e-12,3.6550000000000006e-11,3.1566e-12,-170735871606.6244
bot1,3.9,-3,-3.7222e-12,5.1510000000000005e-11,1.0240000000000002e-11,5.1510000000000005e-11,3.7222e-12,-206015657189.9463
bot1,4.0,-3,-4.1274e-12,6.03e-11,1.446e-11,6.03e-11,4.1274e-12,-354484225451.9667
bot1,4.1,-3,-4.2864e-12,6.252000000000001e-11,1.936e-11,6.252000000000001e-11,4.2864e-12,22424541418.12802
bot1,4.2,-3,4.7914e-12,-2.997e-11,-3.572e-11,2.997e-11,4.7914e-12,23240680487.124683
bot1,4.3,-3,4.3192e-12,-1.9900000000000002e-12,-1.593e-11,1.9900000000000002e-12,4.3192e-12,-30176836260.48648
bot1,4.4,-3,-1.8362e-12,2.46e-12,-8.300000000000001e-13,2.46e-12,1.8362e-12,-39231071008.23856
bot1,4.5,-3,-7.788e-13,7.3e-13,-1.6300000000000001e-12,7.3e-13,7.788e-13,96311278050.65982
bot1,4.6000000000000005,-3,2.404e-13,-7.3e-13,-2.01e-12,7.3e-13,2.404e-13,105340777414.9374
bot1,4.7,-3,1.1198e-12,-4.0900000000000005e-12,-3.3100000000000002e-12,4.0900000000000005e-12,1.1198e-12,97342548427.91753
bot1,4.8,-3,2.295e-12,-1.6600000000000003e-11,-4.72e-12,1.6600000000000003e-11,2.295e-12,97285728183.67552
bot1,4.9,-3,3.1756e-12,-3.482e-11,-7.1300000000000005e-12,3.482e-11,3.1756e-12,147863374242.20032
bot1,5.0,-3,3.6476e-12,-4.9080000000000007e-11,-9.790000000000004e-12,4.9080000000000007e-11,3.6476e-12,211864406779.66025
bot1,0.0,-2,-4.8482e-12,9.3e-13,2.083e-11,9.3e-13,4.8482e-12,14976337386.928652
bot1,0.1,-2,1.829e-12,-2.14e-12,7.600000000000002e-13,2.14e-12,1.829e-12,36956280719.90834
bot1,0.2,-2,5.636e-13,-1.3000000000000001e-12,1.5300000000000001e-12,1.3000000000000001e-12,5.636e-13,-78051826412.73805
bot1,0.3,-2,-7.334e-13,2.1000000000000003e-12,2.2700000000000002e-12,2.1000000000000003e-12,7.334e-13,-74654721911.16086
bot1,0.4,-2,-2.1154e-12,1.3e-11,4.13e-12,1.3e-11,2.1154e-12,-88198976891.86806
bot1,0.5,-2,-3.001e-12,2.903e-11,5.880000000000001e-12,2.903e-11,3.001e-12,-126294518817.88326
bot1,0.6,-2,-3.699e-12,4.872e-11,9.13e-12,4.872e-11,3.699e-12,-198728139904.6105
bot1,0.7,-2,-4.0074e-12,5.896000000000001e-11,1.373e-11,5.896000000000001e-11,4.0074e-12,-380083618396.0473
bot1,0.8,-2,-4.2252e-12,6.119000000000001e-11,1.877e-11,6.119000000000001e-11,4.2252e-12,22783195115.282963
bot1,0.9,-2,4.771e-12,-2.8290000000000003e-11,-3.617e-11,2.8290000000000003e-11,4.771e-12,23423043590.284115
bot1,1.0,-2,4.3134e-12,-2.780000000000001e-12,-1.529e-11,2.780000000000001e-12,4.3134e-12,-32248701989.744926
bot1,1.1,-2,-1.4308e-12,1.8400000000000002e-12,-1.2000000000000001e-12,1.8400000000000002e-12,1.4308e-12,-45960106627.447365
bot1,1.2,-2,-3.82e-14,2.9000000000000013e-13,-1.9400000000000002e-12,2.9000000000000013e-13,3.82e-14,74024724257.90213
bot1,1.3,-2,1.271e-12,-4.87e-12,-3.2200000000000004e-12,4.87e-12,1.271e-12,83263946711.07417
bot1,1.4,-2,2.3638e-12,-1.712e-11,-4.950000000000001e-12,1.712e-11,2.3638e-12,101895251681.27164
bot1,1.5,-2,3.2338e-12,-3.6550000000000006e-11,-7.61e-12,3.6550000000000006e-11,3.2338e-12,135391280801.51633
bot1,1.6,-2,3.841e-12,-5.3440000000000005e-11,-1.163e-11,5.3440000000000005e-11,3.841e-12,219731927049.0001
bot1,1.7,-2,4.144e-12,-6.137e-11,-1.6760000000000002e-11,6.137e-11,4.144e-12,434027777777.7778
bot1,1.8,-2,4.3018e-12,-6.111000000000001e-11,-2.291e-11,6.111000000000001e-11,4.3018e-12,-22117532568.066727
bot1,1.9,-2,-4.8986e-12,1.9040000000000003e-11,3.681e-11,1.9040000000000003e-11,4.8986e-12,-24201940995.667847
bot1,2.0,-2,-3.962e-12,8.300000000000001e-13,1.137e-11,8.300000000000001e-13,3.962e-12,33269013241.067265
bot1,2.1,-2,1.113e-12,-1.8100000000000002e-12,8.800000000000002e-13,1.8100000000000002e-12,1.113e-12,57120009139.20152
bot1,2.2,-2,-4.606e-13,1.3800000000000002e-12,2.04e-12,1.3800000000000002e-12,4.606e-13,-70328433785.77965
bot1,2.3000000000000003,-2,-1.7308e-12,9.88e-12,3.92e-12,9.88e-12,1.7308e-12,-86647604193.74393
bot1,2.4,-2,-2.7688e-12,2.731e-11,5.8e-12,2.731e-11,2.7688e-12,-113804483896.66536
bot1,2.5,-2,-3.4882e-12,4.504e-11,8.780000000000001e-12,4.504e-11,3.4882e-12,-169865806013.24966
bot1,2.6,-2,-3.9462e-12,5.74e-11,1.274e-11,5.74e-11,3.9462e-12,-274423710208.56216
bot1,2.7,-2,-4.217e-12,6.189e-11,1.86e-11,6.189e-11,4.217e-12,22811780003.19367
bot1,2.8000000000000003,-2,4.8212e-12,-3.14e-11,-3.572e-11,3.14e-11,4.8212e-12,23288851626.726257
bot1,2.9,-2,4.3708e-12,-1.4200000000000002e-12,-1.5850000000000002e-11,1.4200000000000002e-12,4.3708e-12,-31658593725.26668
bot1,3.0,-2,-1.4962e-12,1.9900000000000002e-12,-1.0500000000000002e-12,1.9900000000000002e-12,1.4962e-12,-44911524297.13469
bot1,3.1,-2,-8.24e-14,8e-13,-2.24e-12,8e-13,8.24e-14,72955424235.79198
bot1,3.2,-2,1.2452e-12,-6.240000000000001e-12,-3.25e-12,6.240000000000001e-12,1.2452e-12,80231065468.5495
bot1,3.3000000000000003,-2,2.4104e-12,-1.73e-11,-4.900000000000001e-12,1.73e-11,2.4104e-12,111694404110.35393
bot1,3.4,-2,3.0358e-12,-3.4910000000000005e-11,-7.12e-12,3.4910000000000005e-11,3.0358e-12,145964092833.1628
bot1,3.5,-2,3.7806e-12,-5.193e-11,-1.071e-11,5.193e-11,3.7806e-12,177147918511.9576
bot1,3.6,-2,4.1648e-12,-6.021e-11,-1.5920000000000002e-11,6.021e-11,4.1648e-12,378644452858.7665
bot1,3.7,-2,4.3088e-12,-6.150000000000001e-11,-2.1900000000000003e-11,6.150000000000001e-11,4.3088e-12,-22160664819.94461
bot1,3.8,-2,-4.8602e-12,2.216e-11,3.625e-11,2.216e-11,4.8602e-12,-23996928393.16565
bot1,3.9,-2,-4.0256e-12,1.2500000000000001e-12,1.264e-11,1.2500000000000001e-12,4.0256e-12,34151839076.534225
bot1,4.0,-2,9.96e-13,-2.09e-12,1.27e-12,2.09e-12,9.96e-13,56129321957.79067
bot1,4.1,-2,-4.624e-13,6.700000000000003e-13,2.26e-12,6.700000000000003e-13,4.624e-13,-68903741473.16205
bot1,4.2,-2,-1.9066e-12,1.191e-11,3.4200000000000004e-12,1.191e-11,1.9066e-12,-83963056255.24777
bot1,4.3,-2,-2.8444e-12,2.779e-11,5.970000000000002e-12,2.779e-11,2.8444e-12,-114455762847.6595
bot1,4.4,-2,-3.654e-12,4.757e-11,9.3e-12,4.757e-11,3.654e-12,-170386777986.0284
bot1,4.5,-2,-4.0182e-12,5.8140000000000006e-11,1.322e-11,5.8140000000000006e-11,4.0182e-12,-343642611683.84875
bot1,4.6000000000000005,-2,-4.236e-12,6.221000000000001e-11,1.9530000000000003e-11,6.221000000000001e-11,4.236e-12,22708177214.615
bot1,4.7,-2,4.7892e-12,-2.484e-11,-3.634e-11,2.484e-11,4.7892e-12,23747892374.55168
bot1,4.8,-2,4.1858e-12,-1.78e-12,-1.3590000000000002e-11,1.78e-12,4.1858e-12,-33126842680.624138
bot1,4.9,-2,-1.2482e-12,1.5400000000000001e-12,-1.32e-12,1.5400000000000001e-12,1.2482e-12,-53873505010.23601
bot1,5.0,-2,4.734e-13,-1.3900000000000001e-12,-2.2700000000000002e-12,1.3900000000000001e-12,4.734e-13,58085501858.73585
bot1,0.0,-1,-4.7542e-12,1.1860000000000002e-11,3.67e-11,1.1860000000000002e-11,4.7542e-12,64834024896.26557
bot1,0.1,-1,-3.2118e-12,3.61e-12,5.220000000000001e-12,3.61e-12,3.2118e-12,43204009332.06602
bot1,0.2,-1,-1.25e-13,-7.3e-13,1.6600000000000002e-12,7.3e-13,1.25e-13,123701138050.47005
bot1,0.3,-1,-1.595e-12,8.61e-12,3.51e-12,8.61e-12,1.595e-12,-79872204472.84346
bot1,0.4,-1,-2.629e-12,2.314e-11,5.55e-12,2.314e-11,2.629e-12,-109373291042.32748
bot1,0.5,-1,-3.4236e-12,4.199e-11,8.06e-12,4.199e-11,3.4236e-12,-142247510668.5633
bot1,0.6,-1,-4.035e-12,5.571000000000001e-11,1.229e-11,5.571000000000001e-11,4.035e-12,-237981913374.5837
bot1,0.7,-1,-4.264e-12,6.226e-11,1.701e-11,6.226e-11,4.264e-12,-509164969450.10126
bot1,0.8,-1,-4.4278e-12,6.079e-11,2.3410000000000003e-11,6.079e-11,4.4278e-12,22109219544.55008
bot1,0.9,-1,4.782e-12,-1.551e-11,-3.699e-11,1.551e-11,4.782e-12,24558559886.048275
bot1,1.0,-1,3.716e-12,-2.2200000000000002e-12,-8.280000000000003e-12,2.2200000000000002e-12,3.716e-12,-37319002836.24423
bot1,1.1,-1,-5.772e-13,2.9300000000000002e-12,-2.14e-12,2.9300000000000002e-12,5.772e-13,-75030012004.80191
bot1,1.2,-1,1.0504e-12,-4.03e-12,-3.3200000000000004e-12,4.03e-12,1.0504e-12,66445182724.25248
bot1,1.3,-1,2.4328e-12,-1.7980000000000002e-11,-4.810000000000001e-12,1.7980000000000002e-11,2.4328e-12,95283468318.24689
bot1,1.4,-1,3.1494e-12,-3.404e-11,-7.560000000000003e-12,3.404e-11,3.1494e-12,144446049400.54883
bot1,1.5,-1,3.8174e-12,-5.258e-11,-1.071e-11,5.258e-11,3.8174e-12,208333333333.3332
bot1,1.6,-1,4.1094e-12,-5.909e-11,-1.5070000000000003e-11,5.909e-11,4.1094e-12,437254044599.9132
bot1,1.7,-1,4.2748e-12,-6.188000000000001e-11,-2.174e-11,6.188000000000001e-11,4.2748e-12,-22538258694.13329
bot1,1.8,-1,-4.7644e-12,2.4210000000000003e-11,3.606e-11,2.4210000000000003e-11,4.7644e-12,-23689945986.92317
bot1,1.9,-1,-4.1676e-12,1.12e-12,1.334e-11,1.12e-12,4.1676e-12,32861227038.2176
bot1,2.0,-1,1.3218e-12,-2.16e-12,6.900000000000001e-13,2.16e-12,1.3218e-12,50370221125.27073
bot1,2.1,-1,-1.97e-13,-5.7e-13,1.9900000000000002e-12,5.7e-13,1.97e-13,-70851636672.80722
bot1,2.2,-1,-1.501e-12,6.950000000000001e-12,3.110000000000001e-12,6.950000000000001e-12,1.501e-12,-86393088552.91583
bot1,2.3000000000000003,-1,-2.512e-12,2.047e-11,5.3000000000000004e-12,2.047e-11,2.512e-12,-113610543058.39568
bot1,2.4,-1,-3.2614e-12,3.7170000000000006e-11,7.460000000000003e-12,3.7170000000000006e-11,3.2614e-12,-146284376828.5545
bot1,2.5,-1,-3.8792e-12,5.4650000000000006e-11,1.165e-11,5.4650000000000006e-11,3.8792e-12,-220167327168.64825
bot1,2.6,-1,-4.1698e-12,6.133000000000001e-11,1.684e-11,6.133000000000001e-11,4.1698e-12,-384467512495.1944
bot1,2.7,-1,-4.3994e-12,6.128000000000001e-11,2.4120000000000003e-11,6.128000000000001e-11,4.3994e-12,22108241952.59995
bot1,2.8000000000000003,-1,4.8766e-12,-1.642e-11,-3.711e-11,1.642e-11,4.8766e-12,24571835761.84973
bot1,2.9,-1,3.74e-12,-6.000000000000003e-13,-8.23e-12,6.000000000000003e-13,3.74e-12,-38955979742.89048
bot1,3.0,-1,-2.574e-13,4.600000000000003e-13,-2.03e-12,4.600000000000003e-13,2.574e-13,-80166746833.41357
bot1,3.1,-1,1.2452e-12,-4.72e-12,-3.2400000000000007e-12,4.72e-12,1.2452e-12,80256821829.8556
bot1,3.2,-1,2.2346e-12,-1.657e-11,-5.19e-12,1.657e-11,2.2346e-12,109301563012.35117
bot1,3.3000000000000003,-1,3.075e-12,-3.481e-11,-6.640000000000001e-12,3.481e-11,3.075e-12,138465798947.65973
bot1,3.4,-1,3.679e-12,-5.1040000000000005e-11,-1.022e-11,5.1040000000000005e-11,3.679e-12,184331797235.0228
bot1,3.5,-1,4.16e-12,-6.088e-11,-1.582e-11,6.088e-11,4.16e-12,312891113892.3658
bot1,3.6,-1,4.3182e-12,-6.172000000000001e-11,-2.171e-11,6.172000000000001e-11,4.3182e-12,-22227161591.46479
bot1,3.7,-1,-4.838e-12,2.105e-11,3.652e-11,2.105e-11,4.838e-12,-23935469972.952946
bot1,3.8,-1,-4.0376e-12,1.32e-12,1.223e-11,1.32e-12,4.0376e-12,35697711776.675064
bot1,3.9,-1,7.646e-13,-1.51e-12,1.64e-12,1.51e-12,7.646e-13,57155921353.45215
bot1,4.0,-1,-5.384e-13,6.8e-13,2.36e-12,6.8e-13,5.384e-13,-77978789769.1827
bot1,4.1,-1,-1.8002e-12,1.208e-11,3.4500000000000004e-12,1.208e-11,1.8002e-12,-89055125122.45088
bot1,4.2,-1,-2.7842e-12,2.7870000000000003e-11,5.8e-12,2.7870000000000003e-11,2.7842e-12,-110363094581.17216
bot1,4.3,-1,-3.6124e-12,4.677e-11,9.14e-12,4.677e-11,3.6124e-12,-154942671211.65176
bot1,4.4,-1,-4.075e-12,5.652e-11,1.307e-11,5.652e-11,4.075e-12,-282246683601.4679
bot1,4.5,-1,-4.321e-12,6.285000000000001e-11,1.908e-11,6.285000000000001e-11,4.321e-12,22614201718.679348
bot1,4.6000000000000005,-1,4.769e-12,-3.1040000000000003e-11,-3.5710000000000005e-11,3.1040000000000003e-11,4.769e-12,23487410747.83918
bot1,4.7,-1,4.1942e-12,-5.7e-13,-1.5070000000000003e-11,5.7e-13,4.1942e-12,-32254943070.025368
bot1,4.8,-1,-1.4316e-12,1.9e-12,-9.9e-13,1.9e-12,1.4316e-12,-48475447186.000336
bot1,4.9,-1,6.84e-14,-3.2000000000000005e-13,-2.5300000000000003e-12,3.2000000000000005e-13,6.84e-14,67010654694.09642
bot1,5.0,-1,1.553e-12,-8.800000000000001e-12,-3.680000000000001e-12,8.800000000000001e-12,1.553e-12,67358210965.91651
bot1,0.0,0,6.035e-12,2.4900000000000003e-11,3.3e-13,2.4900000000000003e-11,6.035e-12,8947292.839973643
bot1,0.1,0,1.1182599999999998e-08,-2.6740000000000003e-11,-1.10784e-08,2.6740000000000003e-11,1.1182599999999998e-08,13802655.838023076
bot1,0.2,0,1.4495999999999998e-08,5.500000000000001e-13,-1.44792e-08,5.500000000000001e-13,1.4495999999999998e-08,46698421.59335014
bot1,0.3,0,1.5465399999999998e-08,1.1600000000000001e-12,-1.55064e-08,1.1600000000000001e-12,1.5465399999999998e-08,130565347.95665224
bot1,0.4,0,1.60278e-08,3.543e-11,-1.59824e-08,3.543e-11,1.60278e-08,249376558.60349143
bot1,0.5,0,1.6267399999999998e-08,5.292e-11,-1.62618e-08,5.292e-11,1.6267399999999998e-08,408329930.58391273
bot1,0.6,0,1.6517599999999998e-08,6.055e-11,-1.6529599999999998e-08,6.055e-11,1.6517599999999998e-08,457038391.224861
bot1,0.7,0,1.6705e-08,5.154e-11,-1.66626e-08,5.154e-11,1.6705e-08,540540540.5405416
bot1,0.8,0,1.6887599999999997e-08,1.5320000000000002e-11,-1.6902599999999997e-08,1.5320000000000002e-11,1.6887599999999997e-08,632111251.5802791
bot1,0.9,0,1.70214e-08,5.8e-12,-1.6988999999999997e-08,5.8e-12,1.70214e-08,910746812.3861446
bot1,1.0,0,1.71072e-08,-2.6300000000000007e-12,-1.7064399999999998e-08,2.6300000000000007e-12,1.71072e-08,1293661060.8020818
bot1,1.1,0,1.7175999999999998e-08,-2.03e-12,-1.71876e-08,2.03e-12,1.7175999999999998e-08,1280409731.1139636
bot1,1.2,0,1.72634e-08,-1.21e-12,-1.7243599999999997e-08,1.21e-12,1.72634e-08,2358490566.037748
bot1,1.3,0,1.7260799999999997e-08,-6.71e-12,-1.72366e-08,6.71e-12,1.7260799999999997e-08,8064516129.031942
bot1,1.4,0,1.72882e-08,-1.885e-11,-1.7256999999999997e-08,1.885e-11,1.72882e-08,4065040650.406487
bot1,1.5,0,1.7309999999999998e-08,-3.4390000000000004e-11,-1.73052e-08,3.4390000000000004e-11,1.7309999999999998e-08,5208333333.333529
bot1,1.6,0,1.73266e-08,-4.957e-11,-1.7300399999999998e-08,4.957e-11,1.73266e-08,1834862385.3210807
bot1,1.7,0,1.7419e-08,-6.039000000000001e-11,-1.73798e-08,6.039000000000001e-11,1.7419e-08,2865329512.89402
bot1,1.8,0,1.7396399999999998e-08,-6.216000000000001e-11,-1.7405999999999997e-08,6.216000000000001e-11,1.7396399999999998e-08,2762430939.226496
bot1,1.9,0,1.74914e-08,-5.502000000000001e-11,-1.74778e-08,5.502000000000001e-11,1.74914e-08,1694915254.2372668
bot1,2.0,0,1.75144e-08,-1.4920000000000002e-11,-1.751e-08,1.4920000000000002e-11,1.75144e-08,23255813953.492416
bot1,2.1,0,1.7499999999999998e-08,-6.35e-12,-1.74668e-08,6.35e-12,1.7499999999999998e-08,-7092198581.560403
bot1,2.2,0,1.74862e-08,2.92e-12,-1.7477599999999998e-08,2.92e-12,1.74862e-08,3267973856.2091227
bot1,2.3000000000000003,0,1.75612e-08,2.04e-12,-1.7564599999999997e-08,2.04e-12,1.75612e-08,2232142857.1429114
bot1,2.4,0,1.7575799999999997e-08,1.86e-12,-1.7537199999999998e-08,1.86e-12,1.7575799999999997e-08,-3597122302.1583424
bot1,2.5,0,1.75056e-08,1.4900000000000001e-12,-1.74862e-08,1.4900000000000001e-12,1.75056e-08,-3322259136.2126584
bot1,2.6,0,1.7515599999999998e-08,1.3400000000000006e-12,-1.75444e-08,1.3400000000000006e-12,1.7515599999999998e-08,2304147465.43783
bot1,2.7,0,1.7592399999999998e-08,1.3690000000000002e-11,-1.76092e-08,1.3690000000000002e-11,1.7592399999999998e-08,1485884101.04013
bot1,2.8000000000000003,0,1.7650199999999997e-08,6.098e-11,-1.7641999999999997e-08,6.098e-11,1.7650199999999997e-08,1610305958.1320531
bot1,2.9,0,1.7716599999999997e-08,6.076e-11,-1.7706e-08,6.076e-11,1.7716599999999997e-08,-3663003663.0038095
bot1,3.0,0,1.75956e-08,5.715e-11,-1.75764e-08,5.715e-11,1.75956e-08,-1503759398.4962575
bot1,3.1,0,1.75836e-08,4.6350000000000007e-11,-1.7590599999999997e-08,4.6350000000000007e-11,1.75836e-08,2057613168.724316
bot1,3.2,0,1.7692799999999997e-08,3.124e-11,-1.7647e-08,3.124e-11,1.7692799999999997e-08,1302083333.3333278
bot1,3.3000000000000003,0,1.77372e-08,6.8300000000000006e-12,-1.772e-08,6.8300000000000006e-12,1.77372e-08,-19230769230.769424
bot1,3.4,0,1.7682399999999998e-08,-1.4400000000000001e-12,-1.76978e-08,1.4400000000000001e-12,1.7682399999999998e-08,-8849557522.123434
bot1,3.5,0,1.77146e-08,-3.2000000000000005e-13,-1.7699e-08,3.2000000000000005e-13,1.77146e-08,9900990099.00971
bot1,3.6,0,1.7702599999999998e-08,-2.719e-11,-1.7620399999999997e-08,2.719e-11,1.7702599999999998e-08,-2444987775.0611434
bot1,3.7,0,1.76328e-08,-4.834e-11,-1.7584799999999997e-08,4.834e-11,1.76328e-08,-4716981132.0755005
bot1,3.8,0,1.7660199999999998e-08,-5.848e-11,-1.7685399999999998e-08,5.848e-11,1.7660199999999998e-08,16666666666.666128
bot1,3.9,0,1.76448e-08,-6.245e-11,-1.7677199999999998e-08,6.245e-11,1.76448e-08,-3472222222.22215
bot1,4.0,0,1.7602599999999997e-08,-5.522e-11,-1.7636199999999997e-08,5.522e-11,1.7602599999999997e-08,-499999999997.778
bot1,4.1,0,1.7644399999999998e-08,-4.588e-11,-1.7647999999999997e-08,4.588e-11,1.7644399999999998e-08,2463054187.1921177
bot1,4.2,0,1.7683799999999997e-08,-3.095e-11,-1.7654999999999998e-08,3.095e-11,1.7683799999999997e-08,6849315068.492996
bot1,4.3,0,1.7673599999999998e-08,-1.48e-11,-1.7677799999999997e-08,1.48e-11,1.7673599999999998e-08,-12500000000.001348
bot1,4.4,0,1.76678e-08,-5.000000000000001e-12,-1.76998e-08,5.000000000000001e-12,1.76678e-08,8547008547.008048
bot1,4.5,0,1.7697e-08,-3.5e-13,-1.76812e-08,3.5e-13,1.7697e-08,-71428571428.59178
bot1,4.6000000000000005,0,1.7665e-08,1.22e-12,-1.77334e-08,1.22e-12,1.7665e-08,8264462809.917934
bot1,4.7,0,1.7721199999999998e-08,1.6700000000000006e-12,-1.77438e-08,1.6700000000000006e-12,1.7721199999999998e-08,2427184466.019444
bot1,4.8,0,1.77474e-08,2.92e-12,-1.7706e-08,2.92e-12,1.77474e-08,-7812499999.99963
bot1,4.9,0,1.7695599999999997e-08,2.04e-12,-1.76752e-08,2.04e-12,1.7695599999999997e-08,-32258064516.12347
bot1,5.0,0,1.7741199999999997e-08,1.22e-12,-1.77164e-08,1.22e-12,1.7741199999999997e-08,2192982456.140307
bot1,0.0,1,1.3692e-10,2.518e-11,-1.4644e-10,2.518e-11,1.3692e-10,342767.3417309504
bot1,0.1,1,2.9188e-07,-4.701e-11,-2.9174e-07,4.701e-11,2.9188e-07,369219.5813094255
bot1,0.2,1,5.4182e-07,5.819e-11,-5.4172e-07,5.819e-11,5.4182e-07,433933.6081579517
bot1,0.3,1,7.5278e-07,-2.653e-11,-7.5218e-07,2.653e-11,7.5278e-07,518134.7150259068
bot1,0.4,1,9.2782e-07,6.200000000000001e-13,-9.2736e-07,6.200000000000001e-13,9.2782e-07,624024.9609984399
bot1,0.5,1,1.07328e-06,1.3000000000000001e-12,-1.07282e-06,1.3000000000000001e-12,1.07328e-06,767224.1829062445
bot1,0.6,1,1.1885e-06,-6.03e-11,-1.1871e-06,6.03e-11,1.1885e-06,961908.4263178144
bot1,0.7,1,1.2812e-06,-5.291e-11,-1.2826000000000002e-06,5.291e-11,1.2812e-06,1205545.5093429782
bot1,0.8,1,1.3544e-06,3.256e-11,-1.3562e-06,3.256e-11,1.3544e-06,1569858.7127158546
bot1,0.9,1,1.4086000000000002e-06,1.45e-12,-1.4071e-06,1.45e-12,1.4086000000000002e-06,2195389.6816684934
bot1,1.0,1,1.4455000000000002e-06,-2.802e-11,-1.4464000000000005e-06,2.802e-11,1.4455000000000002e-06,3278688.5245901686
bot1,1.1,1,1.4696e-06,5.4430000000000006e-11,-1.4706000000000002e-06,5.4430000000000006e-11,1.4696e-06,4987531.172069819
bot1,1.2,1,1.4856000000000002e-06,-1.194e-11,-1.4862e-06,1.194e-11,1.4856000000000002e-06,7067137.809187275
bot1,1.3,1,1.4979e-06,-1.8900000000000002e-12,-1.4978e-06,1.8900000000000002e-12,1.4979e-06,8888888.888888897
bot1,1.4,1,1.5081000000000002e-06,5.4790000000000005e-11,-1.5079000000000002e-06,5.4790000000000005e-11,1.5081000000000002e-06,10695187.16577532
bot1,1.5,1,1.5166000000000002e-06,-2.9700000000000005e-11,-1.5166000000000002e-06,2.9700000000000005e-11,1.5166000000000002e-06,13698630.13698646
bot1,1.6,1,1.5227e-06,-3.1200000000000004e-12,-1.5237e-06,3.1200000000000004e-12,1.5227e-06,15873015.873016013
bot1,1.7,1,1.5292e-06,1.02e-12,-1.5287e-06,1.02e-12,1.5292e-06,24691358.02469079
bot1,1.8,1,1.5308000000000002e-06,-6.161000000000001e-11,-1.5327000000000002e-06,6.161000000000001e-11,1.5308000000000002e-06,21052631.578947213
bot1,1.9,1,1.5387000000000002e-06,1.322e-11,-1.5391000000000002e-06,1.322e-11,1.5387000000000002e-06,16393442.622951008
bot1,2.0,1,1.543e-06,2.8400000000000004e-12,-1.5443000000000002e-06,2.8400000000000004e-12,1.543e-06,27397260.27397292
bot1,2.1,1,1.546e-06,-8.13e-12,-1.5477000000000002e-06,8.13e-12,1.546e-06,30769230.76923049
bot1,2.2,1,1.5495000000000002e-06,6.035e-11,-1.5522e-06,6.035e-11,1.5495000000000002e-06,22988505.747126408
bot1,2.3000000000000003,1,1.5547e-06,-5.59e-12,-1.5563000000000002e-06,5.59e-12,1.5547e-06,17857142.857142843
bot1,2.4,1,1.5607000000000002e-06,-5.500000000000001e-13,-1.5589000000000002e-06,5.500000000000001e-13,1.5607000000000002e-06,27397260.273972098
bot1,2.5,1,1.5620000000000005e-06,1.918e-11,-1.5619000000000002e-06,1.918e-11,1.5620000000000005e-06,32786885.24590148
bot1,2.6,1,1.5668000000000002e-06,-6.069e-11,-1.5649000000000005e-06,6.069e-11,1.5668000000000002e-06,31746031.746032592
bot1,2.7,1,1.5683e-06,-8.500000000000002e-13,-1.5685e-06,8.500000000000002e-13,1.5683e-06,71428571.42857152
bot1,2.8000000000000003,1,1.5696000000000002e-06,4.800000000000001e-13,-1.5707e-06,4.800000000000001e-13,1.5696000000000002e-06,41666666.66666532
bot1,2.9,1,1.5731000000000002e-06,-5.948000000000001e-11,-1.5749000000000002e-06,5.948000000000001e-11,1.5731000000000002e-06,24096385.54216868
bot1,3.0,1,1.5779000000000002e-06,4.43e-12,-1.5779000000000002e-06,4.43e-12,1.5779000000000002e-06,37037037.0370372
bot1,3.1,1,1.5785000000000002e-06,1.73e-12,-1.5791000000000005e-06,1.73e-12,1.5785000000000002e-06,90909090.9090929
bot1,3.2,1,1.5801e-06,-2.606e-11,-1.5812000000000002e-06,2.606e-11,1.5801e-06,30769230.769231487
bot1,3.3000000000000003,1,1.585e-06,5.411e-11,-1.5865000000000002e-06,5.411e-11,1.585e-06,31249999.99999968
bot1,3.4,1,1.5865000000000002e-06,8.300000000000001e-13,-1.5884e-06,8.300000000000001e-13,1.5865000000000002e-06,57142857.14285623
bot1,3.5,1,1.5885e-06,-1.2000000000000001e-12,-1.5884e-06,1.2000000000000001e-12,1.5885e-06,74074074.0740744
bot1,3.6,1,1.5892000000000002e-06,3.696e-11,-1.5906e-06,3.696e-11,1.5892000000000002e-06,44444444.44444323
bot1,3.7,1,1.5930000000000005e-06,-4.5760000000000005e-11,-1.5926000000000002e-06,4.5760000000000005e-11,1.5930000000000005e-06,27397260.273972955
bot1,3.8,1,1.5965e-06,-2.7600000000000004e-12,-1.5936e-06,2.7600000000000004e-12,1.5965e-06,45454545.45454636
bot1,3.9,1,1.5974000000000002e-06,-5.300000000000003e-13,-1.5981000000000002e-06,5.300000000000003e-13,1.5974000000000002e-06,142857142.85713193
bot1,4.0,1,1.5979000000000002e-06,-5.518e-11,-1.6001e-06,5.518e-11,1.5979000000000002e-06,66666666.66666628
bot1,4.1,1,1.6004000000000002e-06,3.2250000000000005e-11,-1.6006000000000002e-06,3.2250000000000005e-11,1.6004000000000002e-06,54054054.054053135
bot1,4.2,1,1.6016000000000005e-06,7.700000000000002e-13,-1.6022e-06,7.700000000000002e-13,1.6016000000000005e-06,41666666.666667245
bot1,4.3,1,1.6052e-06,-3.406e-11,-1.6042000000000002e-06,3.406e-11,1.6052e-06,51282051.282053046
bot1,4.4,1,1.6055e-06,4.036e-11,-1.6056e-06,4.036e-11,1.6055e-06,133333333.33332343
bot1,4.5,1,1.6067000000000002e-06,2.450000000000001e-12,-1.6076e-06,2.450000000000001e-12,1.6067000000000002e-06,249999999.99998143
bot1,4.6000000000000005,1,1.6063000000000002e-06,-3.649e-11,-1.6088000000000002e-06,3.649e-11,1.6063000000000002e-06,100000000.00000316
bot1,4.7,1,1.6087000000000002e-06,5.193e-11,-1.6102e-06,5.193e-11,1.6087000000000002e-06,41666666.66666707
bot1,4.8,1,1.6111e-06,2.3200000000000002e-12,-1.6106e-06,2.3200000000000002e-12,1.6111e-06,62499999.999999486
bot1,4.9,1,1.6119000000000002e-06,-7.700000000000002e-13,-1.6141e-06,7.700000000000002e-13,1.6119000000000002e-06,51282051.28205026
bot1,5.0,1,1.6150000000000002e-06,6.167e-11,-1.6148000000000002e-06,6.167e-11,1.6150000000000002e-06,32258064.516128697
bot1,0.0,2,2.4004000000000003e-10,4.56e-12,-2.446e-10,4.56e-12,2.4004000000000003e-10,137226.92596481097
bot1,0.1,2,7.2896e-07,-5.1e-13,-7.2914e-07,5.1e-13,7.2896e-07,141556.84615763335
bot1,0.2,2,1.4131e-06,2.5410000000000003e-11,-1.4127e-06,2.5410000000000003e-11,1.4131e-06,151304.24257096162
bot1,0.3,2,2.0508000000000003e-06,1.64e-12,-2.0511e-06,1.64e-12,2.0508000000000003e-06,162245.47740731726
bot1,0.4,2,2.6458e-06,-6.092000000000001e-11,-2.6464e-06,6.092000000000001e-11,2.6458e-06,174109.86332375728
bot1,0.5,2,3.1995000000000005e-06,1.612e-11,-3.1999000000000005e-06,1.612e-11,3.1995000000000005e-06,187705.30267480048
bot1,0.6,2,3.7113e-06,2.51e-12,-3.711400000000001e-06,2.51e-12,3.7113e-06,202819.18669506148
bot1,0.7,2,4.1856e-06,-5.28e-12,-4.1856e-06,5.28e-12,4.1856e-06,220070.42253521123
bot1,0.8,2,4.620100000000001e-06,5.462e-11,-4.6206e-06,5.462e-11,4.620100000000001e-06,239779.4029492865
bot1,0.9,2,5.0197e-06,3.67e-12,-5.0205000000000005e-06,3.67e-12,5.0197e-06,262020.1755535176
bot1,1.0,2,5.383400000000001e-06,-1.6600000000000003e-11,-5.382600000000001e-06,1.6600000000000003e-11,5.383400000000001e-06,288018.43317972333
bot1,1.1,2,5.714100000000001e-06,5.452e-11,-5.7151000000000006e-06,5.452e-11,5.714100000000001e-06,317863.9542275906
bot1,1.2,2,6.012600000000001e-06,-6.9300000000000006e-12,-6.012700000000001e-06,6.9300000000000006e-12,6.012600000000001e-06,352112.6760563383
bot1,1.3,2,6.2821e-06,-1.5700000000000002e-12,-6.2825e-06,1.5700000000000002e-12,6.2821e-06,395022.7138060444
bot1,1.4,2,6.5189e-06,1.005e-11,-6.5189e-06,1.005e-11,6.5189e-06,450045.0045004496
bot1,1.5,2,6.726500000000001e-06,-5.946000000000001e-11,-6.726600000000001e-06,5.946000000000001e-11,6.726500000000001e-06,515729.7576070139
bot1,1.6,2,6.9067e-06,1.9200000000000003e-12,-6.906200000000001e-06,1.9200000000000003e-12,6.9067e-06,605326.8765133165
bot1,1.7,2,7.056900000000001e-06,2.41e-12,-7.057e-06,2.41e-12,7.056900000000001e-06,729660.7077708851
bot1,1.8,2,7.180800000000001e-06,-3.011e-11,-7.182500000000001e-06,3.011e-11,7.180800000000001e-06,888099.4671403205
bot1,1.9,2,7.282100000000001e-06,2.337e-11,-7.2826e-06,2.337e-11,7.282100000000001e-06,1079913.6069114448
bot1,2.0,2,7.366000000000002e-06,2.1700000000000002e-12,-7.3646e-06,2.1700000000000002e-12,7.366000000000002e-06,1364256.4802182848
bot1,2.1,2,7.4287e-06,-6.14e-11,-7.4275e-06,6.14e-11,7.4287e-06,1694915.254237296
bot1,2.2,2,7.484e-06,7.84e-12,-7.4836e-06,7.84e-12,7.484e-06,1986097.31876861
bot1,2.3000000000000003,2,7.529400000000002e-06,1.79e-12,-7.5285e-06,1.79e-12,7.529400000000002e-06,2460024.6002459875
bot1,2.4,2,7.565300000000002e-06,-5.787e-11,-7.565300000000002e-06,5.787e-11,7.565300000000002e-06,2824858.7570621674
bot1,2.5,2,7.6002e-06,2.411e-11,-7.6014e-06,2.411e-11,7.6002e-06,3021148.0362537648
bot1,2.6,2,7.631500000000001e-06,2.350000000000001e-12,-7.631500000000001e-06,2.350000000000001e-12,7.631500000000001e-06,3407155.025553668
bot1,2.7,2,7.6589e-06,-1.74e-12,-7.657700000000001e-06,1.74e-12,7.6589e-06,3929273.08447939
bot1,2.8000000000000003,2,7.682400000000001e-06,5.733e-11,-7.681800000000002e-06,5.733e-11,7.682400000000001e-06,4395604.395604408
bot1,2.9,2,7.7044e-06,-2.04e-12,-7.705700000000001e-06,2.04e-12,7.7044e-06,4395604.395604408
bot1,3.0,2,7.727900000000001e-06,-3.840000000000001e-12,-7.7261e-06,3.840000000000001e-12,7.727900000000001e-06,4618937.644341798
bot1,3.1,2,7.7477e-06,3.481e-11,-7.750300000000001e-06,3.481e-11,7.7477e-06,4987531.17206985
bot1,3.2,2,7.768e-06,1.5600000000000002e-12,-7.769700000000001e-06,1.5600000000000002e-12,7.768e-06,4975124.37810945
bot1,3.3000000000000003,2,7.7879e-06,-8.300000000000001e-13,-7.786800000000001e-06,8.300000000000001e-13,7.7879e-06,5571030.640668393
bot1,3.4,2,7.803900000000002e-06,6.137e-11,-7.805100000000001e-06,6.137e-11,7.803900000000002e-06,6134969.325153303
bot1,3.5,2,7.8205e-06,-1.551e-11,-7.8205e-06,1.551e-11,7.8205e-06,6116207.951070556
bot1,3.6,2,7.8366e-06,-1.8900000000000002e-12,-7.837700000000001e-06,1.8900000000000002e-12,7.8366e-06,6116207.951070239
bot1,3.7,2,7.853200000000001e-06,4.660000000000001e-12,-7.8542e-06,4.660000000000001e-12,7.853200000000001e-06,6734006.73400657
bot1,3.8,2,7.866300000000001e-06,-6.097000000000001e-11,-7.868500000000001e-06,6.097000000000001e-11,7.866300000000001e-06,6711409.395973309
bot1,3.9,2,7.883e-06,4.8500000000000005e-12,-7.8828e-06,4.8500000000000005e-12,7.883e-06,6230529.595015717
bot1,4.0,2,7.8984e-06,1.26e-12,-7.9e-06,1.26e-12,7.8984e-06,6920415.2249133205
bot1,4.1,2,7.911900000000001e-06,-3.658e-11,-7.911800000000001e-06,3.658e-11,7.911900000000001e-06,7380073.800737979
bot1,4.2,2,7.9255e-06,8.490000000000001e-12,-7.925100000000001e-06,8.490000000000001e-12,7.9255e-06,7936507.936508148
bot1,4.3,2,7.9371e-06,6.6e-13,-7.938100000000001e-06,6.6e-13,7.9371e-06,8264462.809917176
bot1,4.4,2,7.949700000000001e-06,-6.106000000000001e-11,-7.950400000000001e-06,6.106000000000001e-11,7.949700000000001e-06,7999999.999999811
bot1,4.5,2,7.962100000000001e-06,5.79e-12,-7.9632e-06,5.79e-12,7.962100000000001e-06,8196721.311475654
bot1,4.6000000000000005,2,7.9741e-06,2.08e-12,-7.973000000000001e-06,2.08e-12,7.9741e-06,8196721.311475654
bot1,4.7,2,7.9865e-06,-5.894e-11,-7.986100000000001e-06,5.894e-11,7.9865e-06,8658008.65800869
bot1,4.8,2,7.9972e-06,2.203e-11,-7.9997e-06,2.203e-11,7.9972e-06,8695652.173913198
bot1,4.9,2,8.0095e-06,2.08e-12,-8.0097e-06,2.08e-12,8.0095e-06,9389671.36150193
bot1,5.0,2,8.018500000000001e-06,-1.4e-12,-8.0204e-06,1.4e-12,8.018500000000001e-06,11111111.111109711
bot1,0.0,3,3.6828000000000005e-10,-5.091e-11,-3.4076e-10,5.091e-11,3.6828000000000005e-10,83102.60449213455
bot1,0.1,3,1.2037000000000002e-06,4.697000000000001e-11,-1.2037000000000002e-06,4.697000000000001e-11,1.2037000000000002e-06,84820.09818333502
bot1,0.2,3,2.3583000000000004e-06,9.33e-12,-2.3578e-06,9.33e-12,2.3583000000000004e-06,88573.95925597873
bot1,0.3,3,3.4617e-06,-5.978e-11,-3.4619000000000003e-06,5.978e-11,3.4617e-06,92626.89885142646
bot1,0.4,3,4.5175e-06,2.5500000000000002e-12,-4.518500000000001e-06,2.5500000000000002e-12,4.5175e-06,96814.79330041628
bot1,0.5,3,5.527500000000001e-06,1.4800000000000006e-12,-5.5281000000000005e-06,1.4800000000000006e-12,5.527500000000001e-06,101481.63182463968
bot1,0.6,3,6.488300000000001e-06,-2.692e-11,-6.488e-06,2.692e-11,6.488300000000001e-06,106592.76235143637
bot1,0.7,3,7.403800000000001e-06,5.321e-11,-7.4043e-06,5.321e-11,7.403800000000001e-06,112025.99002968687
bot1,0.8,3,8.273600000000002e-06,8.100000000000002e-13,-8.2739e-06,8.100000000000002e-13,8.273600000000002e-06,117820.32400589105
bot1,0.9,3,9.1013e-06,-1.9700000000000003e-12,-9.1018e-06,1.9700000000000003e-12,9.1013e-06,124293.08308992605
bot1,1.0,3,9.8827e-06,4.49e-11,-9.8832e-06,4.49e-11,9.8827e-06,131268.0493567866
bot1,1.1,3,1.06249e-05,-3.715e-11,-1.06248e-05,3.715e-11,1.06249e-05,138995.0656751684
bot1,1.2,3,1.1321600000000002e-05,-2.9400000000000004e-12,-1.13233e-05,2.9400000000000004e-12,1.1321600000000002e-05,148027.53312116055
bot1,1.3,3,1.1976e-05,-1.73e-12,-1.1976e-05,1.73e-12,1.1976e-05,156690.6925728615
bot1,1.4,3,1.2598e-05,1.55e-12,-1.2598e-05,1.55e-12,1.2598e-05,166389.3510815308
bot1,1.5,3,1.3178e-05,-2.744e-11,-1.3176e-05,2.744e-11,1.3178e-05,177935.94306049822
bot1,1.6,3,1.3722e-05,6.159e-11,-1.3724e-05,6.159e-11,1.3722e-05,189753.32068311184
bot1,1.7,3,1.4232e-05,-4.440000000000001e-12,-1.4236e-05,4.440000000000001e-12,1.4232e-05,203252.0325203249
bot1,1.8,3,1.4706e-05,-3.390000000000001e-12,-1.4704e-05,3.390000000000001e-12,1.4706e-05,219298.2456140351
bot1,1.9,3,1.5144e-05,1.7100000000000002e-12,-1.5146e-05,1.7100000000000002e-12,1.5144e-05,238095.2380952384
bot1,2.0,3,1.5546e-05,-6.8300000000000006e-12,-1.5550000000000002e-05,6.8300000000000006e-12,1.5546e-05,257731.95876288688
bot1,2.1,3,1.592e-05,4.728e-11,-1.5918e-05,4.728e-11,1.592e-05,281690.14084507
bot1,2.2,3,1.6256e-05,-6.145e-11,-1.626e-05,6.145e-11,1.6256e-05,310559.0062111808
bot1,2.3000000000000003,3,1.6564e-05,7.1300000000000005e-12,-1.6566e-05,7.1300000000000005e-12,1.6564e-05,340136.0544217692
bot1,2.4,3,1.6844e-05,2.52e-12,-1.6844e-05,2.52e-12,1.6844e-05,381679.3893129762
bot1,2.5,3,1.7088e-05,-1.69e-12,-1.709e-05,1.69e-12,1.7088e-05,432900.43290043325
bot1,2.6,3,1.7306e-05,6.000000000000003e-13,-1.7304e-05,6.000000000000003e-13,1.7306e-05,487804.8780487796
bot1,2.7,3,1.7498e-05,-6.210000000000001e-11,-1.7498e-05,6.210000000000001e-11,1.7498e-05,564971.7514124294
bot1,2.8000000000000003,3,1.766e-05,4.579e-11,-1.7664000000000002e-05,4.579e-11,1.766e-05,657894.7368421063
bot1,2.9,3,1.7802e-05,-9.690000000000004e-12,-1.7808e-05,9.690000000000004e-12,1.7802e-05,740740.7407407422
bot1,3.0,3,1.793e-05,-1.09e-12,-1.7928000000000002e-05,1.09e-12,1.793e-05,854700.85470085
bot1,3.1,3,1.8036e-05,1.2500000000000001e-12,-1.8036e-05,1.2500000000000001e-12,1.8036e-05,999999.9999999936
bot1,3.2,3,1.813e-05,-5.800000000000003e-13,-1.8132e-05,5.800000000000003e-13,1.813e-05,1149425.2873563317
bot1,3.3000000000000003,3,1.821e-05,6.850000000000001e-12,-1.821e-05,6.850000000000001e-12,1.821e-05,1315789.473684198
bot1,3.4,3,1.8282e-05,-4.861e-11,-1.8286e-05,4.861e-11,1.8282e-05,1428571.4285714058
bot1,3.5,3,1.835e-05,6.099e-11,-1.8354e-05,6.099e-11,1.835e-05,1515151.515151539
bot1,3.6,3,1.8414e-05,-3.4540000000000004e-11,-1.8412e-05,3.4540000000000004e-11,1.8414e-05,1754385.964912294
bot1,3.7,3,1.8464e-05,5.960000000000001e-12,-1.847e-05,5.960000000000001e-12,1.8464e-05,1886792.4528301544
bot1,3.8,3,1.852e-05,1.8900000000000002e-12,-1.8522e-05,1.8900000000000002e-12,1.852e-05,1886792.4528302103
bot1,3.9,3,1.857e-05,-8.600000000000002e-13,-1.8566e-05,8.600000000000002e-13,1.857e-05,2083333.3333333947
bot1,4.0,3,1.8616e-05,1.6470000000000002e-11,-1.8614e-05,1.6470000000000002e-11,1.8616e-05,2173913.043478214
bot1,4.1,3,1.8662e-05,-5.978e-11,-1.8662e-05,5.978e-11,1.8662e-05,2325581.395348779
bot1,4.2,3,1.8702e-05,5.754e-11,-1.8704e-05,5.754e-11,1.8702e-05,2439024.3902438977
bot1,4.3,3,1.8744e-05,-8.97e-12,-1.8746e-05,8.97e-12,1.8744e-05,2631578.9473684016
bot1,4.4,3,1.8778e-05,-2.08e-12,-1.879e-05,2.08e-12,1.8778e-05,2631578.947368519
bot1,4.5,3,1.882e-05,2.23e-12,-1.8818e-05,2.23e-12,1.882e-05,2777777.777777833
bot1,4.6000000000000005,3,1.885e-05,-3.864e-11,-1.8858e-05,3.864e-11,1.885e-05,2857142.8571428177
bot1,4.7,3,1.889e-05,5.528e-11,-1.8892e-05,5.528e-11,1.889e-05,2631578.94736839
bot1,4.8,3,1.8926e-05,-2.4830000000000003e-11,-1.8926e-05,2.4830000000000003e-11,1.8926e-05,2777777.777777833
bot1,4.9,3,1.8962e-05,1.3900000000000001e-12,-1.896e-05,1.3900000000000001e-12,1.8962e-05,3125000.0000000987
bot1,5.0,3,1.899e-05,2.7600000000000004e-12,-1.899e-05,2.7600000000000004e-12,1.899e-05,3571428.571428506
bot1,0.0,4,7.237e-10,-1.08e-12,-4.2604e-10,1.08e-12,7.237e-10,58157.24241154122
bot1,0.1,4,1.7202000000000005e-06,2.049e-11,-1.7201000000000005e-06,2.049e-11,1.7202000000000005e-06,59060.18182326636
bot1,0.2,4,3.3871e-06,6.3e-13,-3.3871e-06,6.3e-13,3.3871e-06,61012.81269066502
bot1,0.3,4,4.998200000000001e-06,-5.932000000000001e-11,-4.9988e-06,5.932000000000001e-11,4.998200000000001e-06,63073.57532561733
bot1,0.4,4,6.5580000000000006e-06,2.2700000000000003e-11,-6.558100000000001e-06,2.2700000000000003e-11,6.5580000000000006e-06,65189.048239895696
bot1,0.5,4,8.0662e-06,2.09e-12,-8.066400000000001e-06,2.09e-12,8.0662e-06,67533.34458889073
bot1,0.6,4,9.5195e-06,-2.95e-12,-9.5196e-06,2.95e-12,9.5195e-06,69934.96048674732
bot1,0.7,4,1.0926000000000002e-05,6.179e-11,-1.09247e-05,6.179e-11,1.0926000000000002e-05,72503.17201377566
bot1,0.8,4,1.2278e-05,3.9500000000000006e-11,-1.2276e-05,3.9500000000000006e-11,1.2278e-05,75301.20481927713
bot1,0.9,4,1.3582e-05,-2.36e-12,-1.3584e-05,2.36e-12,1.3582e-05,78124.99999999996
bot1,1.0,4,1.4838e-05,-2.51e-12,-1.484e-05,2.51e-12,1.4838e-05,81103.00081103004
bot1,1.1,4,1.6048e-05,1.8000000000000002e-12,-1.6048e-05,1.8000000000000002e-12,1.6048e-05,84317.0320404722
bot1,1.2,4,1.721e-05,-7.3e-13,-1.721e-05,7.3e-13,1.721e-05,87873.46221441124
bot1,1.3,4,1.8324e-05,2.488e-11,-1.8326e-05,2.488e-11,1.8324e-05,91575.0915750916
bot1,1.4,4,1.9394e-05,-6.056000000000001e-11,-1.9394e-05,6.056000000000001e-11,1.9394e-05,95328.88465204944
bot1,1.5,4,2.0422e-05,5.641e-11,-2.0422e-05,5.641e-11,2.0422e-05,99601.59362549806
bot1,1.6,4,2.1402e-05,3.5e-13,-2.1402e-05,3.5e-13,2.1402e-05,104166.66666666672
bot1,1.7,4,2.2342e-05,-2.57e-12,-2.234e-05,2.57e-12,2.2342e-05,108932.46187363828
bot1,1.8,4,2.3238e-05,1.7700000000000001e-12,-2.3238e-05,1.7700000000000001e-12,2.3238e-05,114285.71428571426
bot1,1.9,4,2.4092e-05,-2.01e-12,-2.41e-05,2.01e-12,2.4092e-05,119474.3130227
bot1,2.0,4,2.4912e-05,3.482e-11,-2.491e-05,3.482e-11,2.4912e-05,125628.14070351774
bot1,2.1,4,2.5684e-05,-5.967e-11,-2.569e-05,5.967e-11,2.5684e-05,132450.33112582786
bot1,2.2,4,2.6422e-05,1.9200000000000003e-12,-2.6426e-05,1.9200000000000003e-12,2.6422e-05,139470.0139470015
bot1,2.3000000000000003,4,2.7118e-05,1.69e-12,-2.7118e-05,1.69e-12,2.7118e-05,147058.82352941151
bot1,2.4,4,2.7782000000000003e-05,-1.73e-12,-2.7782000000000003e-05,1.73e-12,2.7782000000000003e-05,155763.2398753892
bot1,2.5,4,2.8402e-05,5.832e-11,-2.8406e-05,5.832e-11,2.8402e-05,165016.50165016545
bot1,2.6,4,2.8994e-05,-5.649e-11,-2.8988e-05,5.649e-11,2.8994e-05,175131.3485113837
bot1,2.7,4,2.9544e-05,2.5760000000000003e-11,-2.9544e-05,2.5760000000000003e-11,2.9544e-05,187617.2607879928
bot1,2.8000000000000003,4,3.006e-05,2.01e-12,-3.0064e-05,2.01e-12,3.006e-05,200400.80160320623
bot1,2.9,4,3.0542e-05,-2.21e-12,-3.0544000000000004e-05,2.21e-12,3.0542e-05,215517.2413793096
bot1,3.0,4,3.0988e-05,5.477e-11,-3.0992000000000004e-05,5.477e-11,3.0988e-05,232018.5614849192
bot1,3.1,4,3.1404e-05,-5.914e-11,-3.141e-05,5.914e-11,3.1404e-05,249376.55860349248
bot1,3.2,4,3.179e-05,3.4360000000000005e-11,-3.1794e-05,3.4360000000000005e-11,3.179e-05,271739.1304347825
bot1,3.3000000000000003,4,3.214e-05,2.28e-12,-3.2142e-05,2.28e-12,3.214e-05,297619.0476190459
bot1,3.4,4,3.2462e-05,-1.3000000000000001e-12,-3.2468e-05,1.3000000000000001e-12,3.2462e-05,325732.899022802
bot1,3.5,4,3.2754e-05,6.2700000000000005e-12,-3.2756e-05,6.2700000000000005e-12,3.2754e-05,361010.8303249089
bot1,3.6,4,3.3016000000000004e-05,-4.293e-11,-3.3022e-05,4.293e-11,3.3016000000000004e-05,399999.999999996
bot1,3.7,4,3.3254000000000004e-05,2.835e-11,-3.3262e-05,2.835e-11,3.3254000000000004e-05,438596.4912280736
bot1,3.8,4,3.3472e-05,-2.2700000000000002e-12,-3.348e-05,2.2700000000000002e-12,3.3472e-05,483091.78743961314
bot1,3.9,4,3.3668000000000004e-05,-1.9200000000000003e-12,-3.367e-05,1.9200000000000003e-12,3.3668000000000004e-05,546448.0874316889
bot1,4.0,4,3.3838000000000004e-05,1.65e-12,-3.3842e-05,1.65e-12,3.3838000000000004e-05,606060.606060608
bot1,4.1,4,3.3998e-05,-4.734e-11,-3.4004e-05,4.734e-11,3.3998e-05,649350.6493506547
bot1,4.2,4,3.4146e-05,6.167e-11,-3.4148e-05,6.167e-11,3.4146e-05,735294.117647059
bot1,4.3,4,3.427e-05,-1.6360000000000002e-11,-3.4274000000000004e-05,1.6360000000000002e-11,3.427e-05,806451.612903221
bot1,4.4,4,3.4394e-05,-1.3300000000000002e-12,-3.4398e-05,1.3300000000000002e-12,3.4394e-05,840336.1344537818
bot1,4.5,4,3.4508e-05,1.09e-12,-3.4506e-05,1.09e-12,3.4508e-05,909090.9090909046
bot1,4.6000000000000005,4,3.4614000000000004e-05,-2.3920000000000003e-11,-3.461e-05,2.3920000000000003e-11,3.4614000000000004e-05,1010101.0101010086
bot1,4.7,4,3.4706e-05,5.473e-11,-3.4708e-05,5.473e-11,3.4706e-05,1075268.8172043292
bot1,4.8,4,3.48e-05,-2.386e-11,-3.4806e-05,2.386e-11,3.48e-05,1098901.0989011042
bot1,4.9,4,3.4888e-05,9.4e-13,-3.4886000000000004e-05,9.4e-13,3.4888e-05,1176470.588235295
bot1,5.0,4,3.497e-05,2.2700000000000002e-12,-3.4968e-05,2.2700000000000002e-12,3.497e-05,1219512.1951219938
bot1,0.0,5,1.0079e-09,5.220000000000001e-12,-5.516e-10,5.220000000000001e-12,1.0079e-09,44068.54756809704
bot1,0.1,5,2.2702000000000003e-06,2.8e-12,-2.2699e-06,2.8e-12,2.2702000000000003e-06,44613.06099557928
bot1,0.2,5,4.484000000000001e-06,-5.9e-13,-4.485200000000001e-06,5.9e-13,4.484000000000001e-06,45813.767036994606
bot1,0.3,5,6.635700000000001e-06,-1.07e-12,-6.6360000000000005e-06,1.07e-12,6.635700000000001e-06,47055.501964567215
bot1,0.4,5,8.7343e-06,3.667e-11,-8.733100000000001e-06,3.667e-11,8.7343e-06,48302.17842824712
bot1,0.5,5,1.07763e-05,-4.814e-11,-1.0776900000000002e-05,4.814e-11,1.07763e-05,49705.49494246588
bot1,0.6,5,1.2758e-05,-1.723e-11,-1.2756e-05,1.723e-11,1.2758e-05,51154.82006292044
bot1,0.7,5,1.4686e-05,-2.54e-12,-1.4688e-05,2.54e-12,1.4686e-05,52576.23554153522
bot1,0.8,5,1.6562e-05,9.200000000000001e-13,-1.6562e-05,9.200000000000001e-13,1.6562e-05,54054.05405405408
bot1,0.9,5,1.8386e-05,-7e-14,-1.8386e-05,7e-14,1.8386e-05,55648.302726766815
bot1,1.0,5,2.0156e-05,3.376e-11,-2.0156e-05,3.376e-11,2.0156e-05,57273.768613974826
bot1,1.1,5,2.1878e-05,-6.11e-11,-2.1878e-05,6.11e-11,2.1878e-05,59031.87721369541
bot1,1.2,5,2.3544e-05,4.399e-11,-2.3542e-05,4.399e-11,2.3544e-05,60938.45216331504
bot1,1.3,5,2.516e-05,-3.900000000000001e-13,-2.5164e-05,3.900000000000001e-13,2.516e-05,62695.924764890304
bot1,1.4,5,2.6734e-05,-2.06e-12,-2.6734e-05,2.06e-12,2.6734e-05,64683.05304010348
bot1,1.5,5,2.8252e-05,3.4e-13,-2.8252e-05,3.4e-13,2.8252e-05,66844.91978609629
bot1,1.6,5,2.9726e-05,-1.86e-12,-2.9724e-05,1.86e-12,2.9726e-05,68965.51724137923
bot1,1.7,5,3.1152e-05,6.196e-11,-3.1152e-05,6.196e-11,3.1152e-05,71326.67617689008
bot1,1.8,5,3.253e-05,-4.461e-11,-3.2528000000000004e-05,4.461e-11,3.253e-05,73855.2437223043
bot1,1.9,5,3.3860000000000004e-05,2.7380000000000003e-11,-3.3864e-05,2.7380000000000003e-11,3.3860000000000004e-05,76277.65064836013
bot1,2.0,5,3.5152e-05,1.5300000000000001e-12,-3.515e-05,1.5300000000000001e-12,3.5152e-05,79113.9240506329
bot1,2.1,5,3.6388000000000005e-05,-4.2000000000000003e-13,-3.6388000000000005e-05,4.2000000000000003e-13,3.6388000000000005e-05,82101.80623973729
bot1,2.2,5,3.7588e-05,1.2800000000000002e-12,-3.7586e-05,1.2800000000000002e-12,3.7588e-05,85034.01360544248
bot1,2.3000000000000003,5,3.874e-05,-2.116e-11,-3.874e-05,2.116e-11,3.874e-05,88339.2226148407
bot1,2.4,5,3.9852e-05,5.802e-11,-3.9854e-05,5.802e-11,3.9852e-05,91659.02841429863
bot1,2.5,5,4.0922e-05,-5.833000000000001e-11,-4.0926e-05,5.833000000000001e-11,4.0922e-05,95328.8846520497
bot1,2.6,5,4.195e-05,3.224e-11,-4.1952e-05,3.224e-11,4.195e-05,99108.02775024784
bot1,2.7,5,4.294e-05,-1.65e-12,-4.2942e-05,1.65e-12,4.294e-05,103092.78350515482
bot1,2.8000000000000003,5,4.389e-05,-2.120000000000001e-12,-4.3886e-05,2.120000000000001e-12,4.389e-05,107874.86515641844
bot1,2.9,5,4.4794e-05,1.3400000000000006e-12,-4.4794e-05,1.3400000000000006e-12,4.4794e-05,112994.35028248584
bot1,3.0,5,4.566e-05,-6.900000000000001e-13,-4.5666e-05,6.900000000000001e-13,4.566e-05,117647.05882352949
bot1,3.1,5,4.6494e-05,6.018e-11,-4.6496e-05,6.018e-11,4.6494e-05,123152.70935960575
bot1,3.2,5,4.7284e-05,-5.6180000000000007e-11,-4.7286e-05,5.6180000000000007e-11,4.7284e-05,129032.25806451592
bot1,3.3000000000000003,5,4.8044e-05,1.759e-11,-4.8046e-05,1.759e-11,4.8044e-05,135317.99729363972
bot1,3.4,5,4.8762000000000005e-05,2.5300000000000003e-12,-4.8766e-05,2.5300000000000003e-12,4.8762000000000005e-05,143678.16091954045
bot1,3.5,5,4.9436e-05,-1.1900000000000002e-12,-4.944e-05,1.1900000000000002e-12,4.9436e-05,150829.56259426932
bot1,3.6,5,5.0088e-05,1.378e-11,-5.0088e-05,1.378e-11,5.0088e-05,159489.63317384318
bot1,3.7,5,5.069e-05,-5.935000000000001e-11,-5.0698e-05,5.935000000000001e-11,5.069e-05,168067.2268907564
bot1,3.8,5,5.1278e-05,5.970000000000001e-11,-5.1274e-05,5.970000000000001e-11,5.1278e-05,176678.4452296825
bot1,3.9,5,5.1822e-05,-9.54e-12,-5.182e-05,9.54e-12,5.1822e-05,190839.6946564881
bot1,4.0,5,5.2326e-05,-2.52e-12,-5.2324e-05,2.52e-12,5.2326e-05,204081.6326530608
bot1,4.1,5,5.2802e-05,4.2000000000000003e-13,-5.2804000000000005e-05,4.2000000000000003e-13,5.2802e-05,217864.9237472768
bot1,4.2,5,5.3244e-05,-1.3900000000000001e-12,-5.325e-05,1.3900000000000001e-12,5.3244e-05,233100.2331002321
bot1,4.3,5,5.3660000000000005e-05,3.503e-11,-5.3662e-05,3.503e-11,5.3660000000000005e-05,248756.2189054725
bot1,4.4,5,5.4048e-05,-6.236e-11,-5.4042e-05,6.236e-11,5.4048e-05,268817.2043010761
bot1,4.5,5,5.4404e-05,4.636e-11,-5.4406e-05,4.636e-11,5.4404e-05,289855.0724637676
bot1,4.6000000000000005,5,5.4738e-05,-1.22e-11,-5.4738e-05,1.22e-11,5.4738e-05,313479.6238244535
bot1,4.7,5,5.5042e-05,-1.8700000000000003e-12,-5.5046e-05,1.8700000000000003e-12,5.5042e-05,341296.9283276453
bot1,4.8,5,5.5324e-05,1.98e-12,-5.533e-05,1.98e-12,5.5324e-05,367647.0588235296
bot1,4.9,5,5.5586e-05,-8.500000000000002e-13,-5.5596e-05,8.500000000000002e-13,5.5586e-05,386100.3861003833
bot1,5.0,5,5.5842000000000005e-05,7.82e-12,-5.584e-05,7.82e-12,5.5842000000000005e-05,390624.99999998993
bot2,0.0,-5,4.302e-12,-5.026e-11,1.939e-11,5.026e-11,4.302e-12,-42258282623.39418
bot2,0.1,-5,1.9356e-12,-1.5800000000000001e-12,-2e-13,1.5800000000000001e-12,1.9356e-12,-60393767363.20812
bot2,0.2,-5,9.904e-13,-3.05e-12,1.23e-12,3.05e-12,9.904e-13,-96702446571.89824
bot2,0.3,-5,-1.326e-13,-3.0000000000000014e-13,1.5300000000000001e-12,3.0000000000000014e-13,1.326e-13,-90793535500.27238
bot2,0.4,-5,-1.2124e-12,5.220000000000001e-12,2.75e-12,5.220000000000001e-12,1.2124e-12,-105697072191.10033
bot2,0.5,-5,-2.0248e-12,1.377e-11,3.9300000000000004e-12,1.377e-11,2.0248e-12,-130907186804.55554
bot2,0.6,-5,-2.7402e-12,2.655e-11,5.7e-12,2.655e-11,2.7402e-12,-165892501658.92508
bot2,0.7,-5,-3.2304e-12,3.922e-11,7.380000000000001e-12,3.922e-11,3.2304e-12,-205973223480.9476
bot2,0.8,-5,-3.7112e-12,5.296e-11,1.103e-11,5.296e-11,3.7112e-12,-241196333815.7259
bot2,0.9,-5,-4.0596e-12,5.871000000000001e-11,1.4720000000000002e-11,5.871000000000001e-11,4.0596e-12,-437062937062.93695
bot2,1.0,-5,-4.1688e-12,6.035e-11,1.856e-11,6.035e-11,4.1688e-12,-683994528043.7762
bot2,1.1,-5,-4.352e-12,6.059000000000001e-11,2.354e-11,6.059000000000001e-11,4.352e-12,22388895108.026413
bot2,1.2,-5,4.7642e-12,-1.969e-11,-3.632e-11,1.969e-11,4.7642e-12,23895433582.64236
bot2,1.3,-5,4.0178e-12,-2.57e-12,-1.387e-11,2.57e-12,4.0178e-12,-30896619909.78189
bot2,1.4,-5,-1.709e-12,2.85e-12,-1.32e-12,2.85e-12,1.709e-12,-42762454564.89201
bot2,1.5,-5,-6.592e-13,9.200000000000001e-13,-1.6600000000000002e-12,9.200000000000001e-13,6.592e-13,112930547713.1564
bot2,1.6,-5,6.2e-14,2.3000000000000013e-13,-1.9900000000000002e-12,2.3000000000000013e-13,6.2e-14,116726975604.06207
bot2,1.7,-5,1.0542e-12,-3.0300000000000002e-12,-3.02e-12,3.0300000000000002e-12,1.0542e-12,120743781695.24266
bot2,1.8,-5,1.7184e-12,-8.36e-12,-3.1e-12,8.36e-12,1.7184e-12,151791135397.6929
bot2,1.9,-5,2.3718e-12,-1.961e-11,-5.04e-12,1.961e-11,2.3718e-12,162443144899.28525
bot2,2.0,-5,2.9496e-12,-3.171e-11,-6.51e-12,3.171e-11,2.9496e-12,202880908906.47192
bot2,2.1,-5,3.3576e-12,-4.384e-11,-8.580000000000001e-12,4.384e-11,3.3576e-12,245639891918.44785
bot2,2.2,-5,3.7638e-12,-5.2970000000000006e-11,-1.164e-11,5.2970000000000006e-11,3.7638e-12,343878954607.97815
bot2,2.3000000000000003,-5,3.9392e-12,-5.832e-11,-1.4200000000000002e-11,5.832e-11,3.9392e-12,459136822773.1856
bot2,2.4,-5,4.1994e-12,-6.007e-11,-1.89e-11,6.007e-11,4.1994e-12,456829602558.2456
bot2,2.5,-5,4.377e-12,-5.987000000000001e-11,-2.439e-11,5.987000000000001e-11,4.377e-12,-22251396275.11628
bot2,2.6,-5,-4.7888e-12,2.141e-11,3.5630000000000004e-11,2.141e-11,4.7888e-12,-23479138785.18938
bot2,2.7,-5,-4.1412e-12,1.59e-12,1.4870000000000003e-11,1.59e-12,4.1412e-12,30600691575.62964
bot2,2.8000000000000003,-5,1.747e-12,-2.3800000000000004e-12,5.7e-13,2.3800000000000004e-12,1.747e-12,40998729039.39973
bot2,2.9,-5,7.37e-13,-1.7700000000000001e-12,1.26e-12,1.7700000000000001e-12,7.37e-13,-105418511490.6176
bot2,3.0,-5,-1.502e-13,-8.9e-13,1.9200000000000003e-12,8.9e-13,1.502e-13,-116972745350.33348
bot2,3.1,-5,-9.728e-13,3.690000000000001e-12,2.41e-12,3.690000000000001e-12,9.728e-13,-115460108532.50212
bot2,3.2,-5,-1.8824e-12,1.239e-11,3.9300000000000004e-12,1.239e-11,1.8824e-12,-108790252393.38564
bot2,3.3000000000000003,-5,-2.8112e-12,2.595e-11,5.85e-12,2.595e-11,2.8112e-12,-130804447351.2098
bot2,3.4,-5,-3.4114e-12,3.965e-11,7.570000000000003e-12,3.965e-11,3.4114e-12,-224164985429.2757
bot2,3.5,-5,-3.7034e-12,5.047e-11,1.025e-11,5.047e-11,3.7034e-12,-346140533056.4211
bot2,3.6,-5,-3.9892e-12,5.860000000000001e-11,1.374e-11,5.860000000000001e-11,3.9892e-12,-464900046490.0047
bot2,3.7,-5,-4.1336e-12,5.998000000000001e-11,1.723e-11,5.998000000000001e-11,4.1336e-12,-741839762611.2777
bot2,3.8,-5,-4.2588e-12,6.003e-11,2.158e-11,6.003e-11,4.2588e-12,22468375761.1162
bot2,3.9,-5,4.7678e-12,-2.604e-11,-3.612e-11,2.604e-11,4.7678e-12,23178731196.254288
bot2,4.0,-5,4.3698e-12,-1.3400000000000006e-12,-1.77e-11,1.3400000000000006e-12,4.3698e-12,-29761019017.291115
bot2,4.1,-5,-1.9524e-12,2.37e-12,-1.3e-13,2.37e-12,1.9524e-12,-38433452477.03605
bot2,4.2,-5,-8.34e-13,4.800000000000001e-13,-1.64e-12,4.800000000000001e-13,8.34e-13,93484154435.8232
bot2,4.3,-5,1.87e-13,3.0000000000000005e-14,-2.46e-12,3.0000000000000005e-14,1.87e-13,91274187659.72992
bot2,4.4,-5,1.3572e-12,-6.14e-12,-3.2700000000000004e-12,6.14e-12,1.3572e-12,103669914990.6698
bot2,4.5,-5,2.1162e-12,-1.7560000000000002e-11,-4.77e-12,1.7560000000000002e-11,2.1162e-12,140528386734.12042
bot2,4.6000000000000005,-5,2.7804e-12,-2.996e-11,-6.630000000000002e-12,2.996e-11,2.7804e-12,152905198776.75854
bot2,4.7,-5,3.4242e-12,-4.4e-11,-8.370000000000003e-12,4.4e-11,3.4242e-12,182715147085.6928
bot2,4.8,-5,3.875e-12,-5.51e-11,-1.233e-11,5.51e-11,3.875e-12,303582270795.3856
bot2,4.9,-5,4.083e-12,-5.941e-11,-1.5650000000000002e-11,5.941e-11,4.083e-12,524934383202.1001
bot2,5.0,-5,4.256e-12,-6.04e-11,-2.143e-11,6.04e-11,4.256e-12,578034682080.9249
bot2,0.0,-4,4.9322e-12,-1.3300000000000002e-12,-2.134e-11,1.3300000000000002e-12,4.9322e-12,-14130680533.5745
bot2,0.1,-4,-2.1446e-12,2.69e-12,4e-13,2.69e-12,2.1446e-12,-32425421530.4799
bot2,0.2,-4,-1.2358e-12,2.69e-12,-1.17e-12,2.69e-12,1.2358e-12,102848914943.94733
bot2,0.3,-4,-2e-13,1.5300000000000001e-12,-1.83e-12,1.5300000000000001e-12,2e-13,89437438511.761
bot2,0.4,-4,1.0004e-12,-3.3700000000000004e-12,-2.9300000000000002e-12,3.3700000000000004e-12,1.0004e-12,94446543256.51685
bot2,0.5,-4,1.9176e-12,-1.1e-11,-3.690000000000001e-12,1.1e-11,1.9176e-12,127177921912.75592
bot2,0.6,-4,2.573e-12,-2.2810000000000003e-11,-5.34e-12,2.2810000000000003e-11,2.573e-12,164122763827.3429
bot2,0.7,-4,3.1362e-12,-3.672e-11,-7.11e-12,3.672e-11,3.1362e-12,212585034013.6056
bot2,0.8,-4,3.5138e-12,-4.8160000000000005e-11,-9.05e-12,4.8160000000000005e-11,3.5138e-12,262674021539.26968
bot2,0.9,-4,3.8976e-12,-5.459e-11,-1.153e-11,5.459e-11,3.8976e-12,354987575434.8598
bot2,1.0,-4,4.0772e-12,-5.943000000000001e-11,-1.573e-11,5.943000000000001e-11,4.0772e-12,597728631201.435
bot2,1.1,-4,4.2322e-12,-6.028000000000001e-11,-2.031e-11,6.028000000000001e-11,4.2322e-12,-22803457004.081814
bot2,1.2,-4,-4.6934e-12,3.099e-11,3.4390000000000004e-11,3.099e-11,4.6934e-12,299670362601.1386
bot2,1.3,-4,4.8996e-12,-4.600000000000003e-13,-3.2100000000000004e-11,4.600000000000003e-13,4.8996e-12,27523945832.874622
bot2,1.4,-4,2.573e-12,-2.67e-12,-2.2000000000000003e-12,2.67e-12,2.573e-12,-45760307509.26645
bot2,1.5,-4,5.29e-13,-1.1500000000000001e-12,-2.49e-12,1.1500000000000001e-12,5.29e-13,-162390386489.11978
bot2,1.6,-4,1.3414e-12,-6.92e-12,-3.46e-12,6.92e-12,1.3414e-12,119260584376.8634
bot2,1.7,-4,2.206e-12,-1.59e-11,-4.710000000000001e-12,1.59e-11,2.206e-12,129853265809.6351
bot2,1.8,-4,2.8816e-12,-2.929e-11,-6.440000000000001e-12,2.929e-11,2.8816e-12,150466445982.54602
bot2,1.9,-4,3.5352e-12,-4.6780000000000005e-11,-9.38e-12,4.6780000000000005e-11,3.5352e-12,189969604863.22183
bot2,2.0,-4,3.9344e-12,-5.478e-11,-1.22e-11,5.478e-11,3.9344e-12,338753387533.87524
bot2,2.1,-4,4.1256e-12,-5.928e-11,-1.715e-11,5.928e-11,4.1256e-12,754716981132.0756
bot2,2.2,-4,4.1994e-12,-6.163000000000001e-11,-2.194e-11,6.163000000000001e-11,4.1994e-12,-22703021772.197903
bot2,2.3000000000000003,-4,-4.6838e-12,2.8490000000000003e-11,3.4900000000000004e-11,2.8490000000000003e-11,4.6838e-12,-23356845891.530777
bot2,2.4,-4,-4.3634e-12,2.11e-12,1.586e-11,2.11e-12,4.3634e-12,30154996682.950325
bot2,2.5,-4,1.9486e-12,-2.82e-12,2.7e-13,2.82e-12,1.9486e-12,39799410968.7177
bot2,2.6,-4,6.618e-13,-2.2500000000000003e-12,1.51e-12,2.2500000000000003e-12,6.618e-13,-79980804606.89441
bot2,2.7,-4,-5.52e-13,1.23e-12,1.91e-12,1.23e-12,5.52e-13,-91182638825.5677
bot2,2.8000000000000003,-4,-1.5316e-12,6.8300000000000006e-12,3.15e-12,6.8300000000000006e-12,1.5316e-12,-110326566637.24612
bot2,2.9,-4,-2.3648e-12,1.888e-11,4.52e-12,1.888e-11,2.3648e-12,-128024580719.49796
bot2,3.0,-4,-3.0938e-12,3.729e-11,7.01e-12,3.729e-11,3.0938e-12,-166666666666.6668
bot2,3.1,-4,-3.5648e-12,4.899e-11,9.790000000000004e-12,4.899e-11,3.5648e-12,-234192037470.72623
bot2,3.2,-4,-3.9478e-12,5.753000000000001e-11,1.3690000000000002e-11,5.753000000000001e-11,3.9478e-12,-320000000000.0004
bot2,3.3000000000000003,-4,-4.1898e-12,6.031000000000001e-11,1.7710000000000003e-11,6.031000000000001e-11,4.1898e-12,-493339911198.8154
bot2,3.4,-4,-4.3532e-12,6.041e-11,2.2410000000000003e-11,6.041e-11,4.3532e-12,22237541417.420864
bot2,3.5,-4,4.804e-12,-2.2390000000000003e-11,-3.583e-11,2.2390000000000003e-11,4.804e-12,23765388088.78751
bot2,3.6,-4,4.0624e-12,-2.3000000000000003e-12,-1.378e-11,2.3000000000000003e-12,4.0624e-12,-31265632816.40823
bot2,3.7,-4,-1.5928e-12,2.8100000000000003e-12,-8.300000000000001e-13,2.8100000000000003e-12,1.5928e-12,-45310376076.12147
bot2,3.8,-4,-3.516e-13,1.12e-12,-1.8100000000000002e-12,1.12e-12,3.516e-13,92267946115.51932
bot2,3.9,-4,5.748e-13,-1.07e-12,-2.72e-12,1.07e-12,5.748e-13,100745516824.50116
bot2,4.0,-4,1.6336e-12,-9.8e-12,-3.440000000000001e-12,9.8e-12,1.6336e-12,99324592769.16953
bot2,4.1,-4,2.5884e-12,-2.294e-11,-5.620000000000001e-12,2.294e-11,2.5884e-12,123001230012.30025
bot2,4.2,-4,3.2596e-12,-3.799e-11,-7.280000000000001e-12,3.799e-11,3.2596e-12,179115171054.98846
bot2,4.3,-4,3.705e-12,-5.099e-11,-1.025e-11,5.099e-11,3.705e-12,297353553374.9632
bot2,4.4,-4,3.9322e-12,-5.7340000000000006e-11,-1.3500000000000002e-11,5.7340000000000006e-11,3.9322e-12,445235975066.7856
bot2,4.5,-4,4.1542e-12,-5.937000000000001e-11,-1.875e-11,5.937000000000001e-11,4.1542e-12,586166471277.8431
bot2,4.6000000000000005,-4,4.2734e-12,-5.897e-11,-2.388e-11,5.897e-11,4.2734e-12,-22281639928.698776
bot2,4.7,-4,-4.8218e-12,1.753e-11,3.6040000000000006e-11,1.753e-11,4.8218e-12,-24024601191.62013
bot2,4.8,-4,-4.0514e-12,1.5400000000000001e-12,1.424e-11,1.5400000000000001e-12,4.0514e-12,31822810590.6314
bot2,4.9,-4,1.463e-12,-1.5200000000000002e-12,1.18e-12,1.5200000000000002e-12,1.463e-12,47580530047.10476
bot2,5.0,-4,1.52e-13,-5.2e-13,1.6e-12,5.2e-13,1.52e-13,-76277650648.35974
bot2,0.0,-3,-4.1408e-12,5.5380000000000007e-11,2.64e-11,5.5380000000000007e-11,4.1408e-12,11104448442.045883
bot2,0.1,-3,4.8646e-12,-5.270000000000001e-12,-3.576e-11,5.270000000000001e-12,4.8646e-12,26422871637.689587
bot2,0.2,-3,3.4284e-12,-2.2200000000000002e-12,-7.51e-12,2.2200000000000002e-12,3.4284e-12,-37724460540.21427
bot2,0.3,-3,-4.37e-13,7.600000000000002e-13,-2.11e-12,7.600000000000002e-13,4.37e-13,-73254706614.90001
bot2,0.4,-3,6.982e-13,-2.070000000000001e-12,-2.500000000000001e-12,2.070000000000001e-12,6.982e-13,97370983446.9328
bot2,0.5,-3,1.617e-12,-9.1e-12,-3.46e-12,9.1e-12,1.617e-12,121300339640.95096
bot2,0.6,-3,2.347e-12,-1.867e-11,-4.710000000000001e-12,1.867e-11,2.347e-12,150217815832.95786
bot2,0.7,-3,2.9484e-12,-3.1590000000000004e-11,-6.540000000000001e-12,3.1590000000000004e-11,2.9484e-12,176709666018.73126
bot2,0.8,-3,3.4788e-12,-4.73e-11,-9.54e-12,4.73e-11,3.4788e-12,205338809034.9076
bot2,0.9,-3,3.9224e-12,-5.5380000000000007e-11,-1.238e-11,5.5380000000000007e-11,3.9224e-12,292141396435.875
bot2,1.0,-3,4.1634e-12,-5.988e-11,-1.684e-11,5.988e-11,4.1634e-12,531632110579.4781
bot2,1.1,-3,4.2986e-12,-6.001000000000001e-11,-2.167e-11,6.001000000000001e-11,4.2986e-12,-22542831379.62128
bot2,1.2,-3,-4.7086e-12,2.721e-11,3.5160000000000004e-11,2.721e-11,4.7086e-12,-23588800037.74208
bot2,1.3,-3,-4.18e-12,1.4300000000000002e-12,1.615e-11,1.4300000000000002e-12,4.18e-12,29974222168.934746
bot2,1.4,-3,1.9638e-12,-2.92e-12,-2.2000000000000002e-13,2.92e-12,1.9638e-12,39334460921.213066
bot2,1.5,-3,9.046e-13,-2.13e-12,8.500000000000002e-13,2.13e-12,9.046e-13,-102197240674.50175
bot2,1.6,-3,6.8e-15,-7.600000000000002e-13,1.8700000000000003e-12,7.600000000000002e-13,6.8e-15,-101071356377.60255
bot2,1.7,-3,-1.0742e-12,5.3500000000000004e-12,2.8900000000000004e-12,5.3500000000000004e-12,1.0742e-12,-98019996079.20012
bot2,1.8,-3,-2.0336e-12,1.477e-11,4.250000000000001e-12,1.477e-11,2.0336e-12,-122414004162.07626
bot2,1.9,-3,-2.708e-12,2.4630000000000003e-11,5.53e-12,2.4630000000000003e-11,2.708e-12,-159261028826.2462
bot2,2.0,-3,-3.2894e-12,4.116e-11,7.9e-12,4.116e-11,3.2894e-12,-180701120346.94604
bot2,2.1,-3,-3.8148e-12,5.4250000000000007e-11,1.171e-11,5.4250000000000007e-11,3.8148e-12,-255754475703.3252
bot2,2.2,-3,-4.0714e-12,5.906e-11,1.635e-11,5.906e-11,4.0714e-12,-423549343498.5184
bot2,2.3000000000000003,-3,-4.287e-12,6.013e-11,2.165e-11,6.013e-11,4.287e-12,22736057112.97544
bot2,2.4,-3,4.7252e-12,-2.471e-11,-3.616e-11,2.471e-11,4.7252e-12,23953243269.138607
bot2,2.5,-3,4.0626e-12,-1.2000000000000001e-12,-1.403e-11,1.2000000000000001e-12,4.0626e-12,-31624553303.18462
bot2,2.6,-3,-1.599e-12,2.6600000000000004e-12,-8.300000000000001e-13,2.6600000000000004e-12,1.599e-12,-45618356826.78714
bot2,2.7,-3,-3.216e-13,1.07e-12,-1.65e-12,1.07e-12,3.216e-13,76928994538.04147
bot2,2.8000000000000003,-3,1.0008e-12,-2.29e-12,-2.6600000000000004e-12,2.29e-12,1.0008e-12,86422953936.56544
bot2,2.9,-3,1.9926e-12,-1.374e-11,-4.350000000000001e-12,1.374e-11,1.9926e-12,113147770988.91138
bot2,3.0,-3,2.7684e-12,-2.755e-11,-6.15e-12,2.755e-11,2.7684e-12,137646249139.71106
bot2,3.1,-3,3.4456e-12,-4.582e-11,-8.910000000000001e-12,4.582e-11,3.4456e-12,196039992158.4004
bot2,3.2,-3,3.7886e-12,-5.3950000000000005e-11,-1.168e-11,5.3950000000000005e-11,3.7886e-12,312597686777.1182
bot2,3.3000000000000003,-3,4.0854e-12,-5.991e-11,-1.6050000000000002e-11,5.991e-11,4.0854e-12,462320850670.36505
bot2,3.4,-3,4.2212e-12,-6.074e-11,-2.0660000000000003e-11,6.074e-11,4.2212e-12,-22715914769.88776
bot2,3.5,-3,-4.719e-12,2.792e-11,3.5230000000000004e-11,2.792e-11,4.719e-12,-23646811227.506
bot2,3.6,-3,-4.2366e-12,1.1100000000000001e-12,1.604e-11,1.1100000000000001e-12,4.2366e-12,29851637362.30936
bot2,3.7,-3,1.9808e-12,-2.2500000000000003e-12,-1.3e-13,2.2500000000000003e-12,1.9808e-12,38289236895.50871
bot2,3.8,-3,9.868e-13,-1.9400000000000002e-12,8.7e-13,1.9400000000000002e-12,9.868e-13,-92841890260.8856
bot2,3.9,-3,-1.734e-13,-2.8e-13,1.8000000000000002e-12,2.8e-13,1.734e-13,-89445438282.64748
bot2,4.0,-3,-1.2492e-12,5.2600000000000014e-12,2.9800000000000002e-12,5.2600000000000014e-12,1.2492e-12,-92601166774.70123
bot2,4.1,-3,-2.3332e-12,1.7960000000000002e-11,4.710000000000001e-12,1.7960000000000002e-11,2.3332e-12,-108624809906.58276
bot2,4.2,-3,-3.0904e-12,3.452e-11,6.570000000000001e-12,3.452e-11,3.0904e-12,-159872102318.1456
bot2,4.3,-3,-3.5842e-12,4.8600000000000005e-11,9.690000000000004e-12,4.8600000000000005e-11,3.5842e-12,-220409962530.30652
bot2,4.4,-3,-3.9978e-12,5.7560000000000006e-11,1.361e-11,5.7560000000000006e-11,3.9978e-12,-307125307125.30725
bot2,4.5,-3,-4.2354e-12,6.094e-11,1.872e-11,6.094e-11,4.2354e-12,-462107208872.4584
bot2,4.6000000000000005,-3,-4.4306e-12,5.7480000000000005e-11,2.486e-11,5.7480000000000005e-11,4.4306e-12,21894773717.513645
bot2,4.7,-3,4.8992e-12,-1.331e-11,-3.659e-11,1.331e-11,4.8992e-12,24796667327.91104
bot2,4.8,-3,3.635e-12,-1.4900000000000001e-12,-9.16e-12,1.4900000000000001e-12,3.635e-12,-37316217628.18125
bot2,4.9,-3,-4.604e-13,1.04e-12,-1.46e-12,1.04e-12,4.604e-13,-74046649389.1152
bot2,5.0,-3,9.34e-13,-1.7500000000000002e-12,-2.8600000000000003e-12,1.7500000000000002e-12,9.34e-13,71715433161.21603
bot2,0.0,-2,-4.6218e-12,1.025e-11,3.594e-11,1.025e-11,4.6218e-12,76934913063.54826
bot2,0.1,-2,-3.322e-12,2.2000000000000003e-12,5.4600000000000006e-12,2.2000000000000003e-12,3.322e-12,42213685676.89645
bot2,0.2,-2,1.16e-13,-7.3e-13,1.36e-12,7.3e-13,1.16e-13,84911267725.22714
bot2,0.3,-2,-9.666e-13,3.76e-12,2.69e-12,3.76e-12,9.666e-13,-88425148112.1231
bot2,0.4,-2,-2.1458e-12,1.355e-11,4.67e-12,1.355e-11,2.1458e-12,-99295005461.22533
bot2,0.5,-2,-2.9808e-12,3.209e-11,6.380000000000001e-12,3.209e-11,2.9808e-12,-139997200055.99887
bot2,0.6,-2,-3.5744e-12,4.63e-11,8.910000000000001e-12,4.63e-11,3.5744e-12,-241429261226.46085
bot2,0.7,-2,-3.8092e-12,5.528e-11,1.204e-11,5.528e-11,3.8092e-12,-399201596806.387
bot2,0.8,-2,-4.0754e-12,5.981e-11,1.69e-11,5.981e-11,4.0754e-12,-426075841499.7865
bot2,0.9,-2,-4.2786e-12,6.069e-11,2.22e-11,6.069e-11,4.2786e-12,22566231890.598904
bot2,1.0,-2,4.7874e-12,-2.011e-11,-3.6150000000000006e-11,2.011e-11,4.7874e-12,24203112520.270115
bot2,1.1,-2,3.9848e-12,-2.1500000000000003e-12,-1.09e-11,2.1500000000000003e-12,3.9848e-12,-35668426309.03124
bot2,1.2,-2,-8.198e-13,1.8700000000000003e-12,-1.3800000000000002e-12,1.8700000000000003e-12,8.198e-13,-54200542005.42005
bot2,1.3,-2,2.948e-13,-6.400000000000001e-13,-2.54e-12,6.400000000000001e-13,2.948e-13,88121254846.6691
bot2,1.4,-2,1.4498e-12,-7.43e-12,-3.5500000000000004e-12,7.43e-12,1.4498e-12,88051422030.46576
bot2,1.5,-2,2.5662e-12,-2.315e-11,-5.39e-12,2.315e-11,2.5662e-12,115340253748.55824
bot2,1.6,-2,3.1838e-12,-4.042e-11,-7.860000000000001e-12,4.042e-11,3.1838e-12,166140554909.45334
bot2,1.7,-2,3.77e-12,-5.274e-11,-1.188e-11,5.274e-11,3.77e-12,209643605870.02097
bot2,1.8,-2,4.1378e-12,-6.069e-11,-1.6630000000000002e-11,6.069e-11,4.1378e-12,386996904024.7685
bot2,1.9,-2,4.2868e-12,-6.034000000000001e-11,-2.216e-11,6.034000000000001e-11,4.2868e-12,-22307984027.48344
bot2,2.0,-2,-4.8276e-12,2.074e-11,3.5890000000000005e-11,2.074e-11,4.8276e-12,-24213661347.732384
bot2,2.1,-2,-3.973e-12,8.400000000000002e-13,1.271e-11,8.400000000000002e-13,3.973e-12,33213763783.712
bot2,2.2,-2,1.194e-12,-2.1000000000000003e-12,1.2400000000000002e-12,2.1000000000000003e-12,1.194e-12,53949072075.960335
bot2,2.3000000000000003,-2,-2.658e-13,4.500000000000001e-13,1.6700000000000006e-12,4.500000000000001e-13,2.658e-13,-78296273097.40047
bot2,2.4,-2,-1.3604e-12,7.560000000000003e-12,2.9100000000000003e-12,7.560000000000003e-12,1.3604e-12,-90876045074.51823
bot2,2.5,-2,-2.4666e-12,2.222e-11,4.82e-12,2.222e-11,2.4666e-12,-113765642775.88176
bot2,2.6,-2,-3.1184e-12,3.61e-11,7.000000000000001e-12,3.61e-11,3.1184e-12,-157282164202.57962
bot2,2.7,-2,-3.7382e-12,5.0710000000000005e-11,1.048e-11,5.0710000000000005e-11,3.7382e-12,-205296653664.5456
bot2,2.8000000000000003,-2,-4.0926e-12,5.8030000000000005e-11,1.497e-11,5.8030000000000005e-11,4.0926e-12,-430107526881.71967
bot2,2.9,-2,-4.2032e-12,6.112e-11,2.0950000000000003e-11,6.112e-11,4.2032e-12,22785271600.43745
bot2,3.0,-2,4.685e-12,-2.7600000000000004e-11,-3.547e-11,2.7600000000000004e-11,4.685e-12,23854392786.431644
bot2,3.1,-2,4.181e-12,-1.74e-12,-1.457e-11,1.74e-12,4.181e-12,-32095516256.379017
bot2,3.2,-2,-1.5464e-12,1.9e-12,-1.09e-12,1.9e-12,1.5464e-12,-44228217602.83064
bot2,3.3000000000000003,-2,-3.41e-13,-9e-14,-2.03e-12,9e-14,3.41e-13,84005376344.08592
bot2,3.4,-2,8.344e-13,-2.69e-12,-2.59e-12,2.69e-12,8.344e-13,88378258948.2986
bot2,3.5,-2,1.922e-12,-1.264e-11,-3.95e-12,1.264e-11,1.922e-12,103896103896.104
bot2,3.6,-2,2.7594e-12,-2.779e-11,-6.180000000000001e-12,2.779e-11,2.7594e-12,128949065119.27802
bot2,3.7,-2,3.473e-12,-4.7070000000000005e-11,-9.28e-12,4.7070000000000005e-11,3.473e-12,177588350204.22687
bot2,3.8,-2,3.8856e-12,-5.622000000000001e-11,-1.296e-11,5.622000000000001e-11,3.8856e-12,304136253041.36194
bot2,3.9,-2,4.1306e-12,-6.001000000000001e-11,-1.861e-11,6.001000000000001e-11,4.1306e-12,409836065573.76965
bot2,4.0,-2,4.3736e-12,-5.926000000000001e-11,-2.407e-11,5.926000000000001e-11,4.3736e-12,-22215804323.195488
bot2,4.1,-2,-4.872e-12,1.2870000000000002e-11,3.6290000000000005e-11,1.2870000000000002e-11,4.872e-12,-24844103252.09314
bot2,4.2,-2,-3.6766e-12,1.4e-12,9.74e-12,1.4e-12,3.6766e-12,36965843560.55008
bot2,4.3,-2,5.384e-13,-1.36e-12,1.4e-12,1.36e-12,5.384e-13,66907533788.30464
bot2,4.4,-2,-6.874e-13,1.9400000000000002e-12,2.46e-12,1.9400000000000002e-12,6.874e-13,-85440874914.5592
bot2,4.5,-2,-1.8024e-12,1.097e-11,3.18e-12,1.097e-11,1.8024e-12,-106450926123.05736
bot2,4.6000000000000005,-2,-2.5662e-12,2.171e-11,4.89e-12,2.171e-11,2.5662e-12,-136705399863.29472
bot2,4.7,-2,-3.2654e-12,3.963e-11,7.22e-12,3.963e-11,3.2654e-12,-166278683072.82953
bot2,4.8,-2,-3.769e-12,5.2060000000000006e-11,1.035e-11,5.2060000000000006e-11,3.769e-12,-236127508854.78168
bot2,4.9,-2,-4.1124e-12,5.955e-11,1.504e-11,5.955e-11,4.1124e-12,-391696043869.9573
bot2,5.0,-2,-4.2796e-12,6.024e-11,2.147e-11,6.024e-11,4.2796e-12,-598086124401.9136
bot2,0.0,-1,3.3956e-12,-3.060000000000001e-12,-1.93e-12,3.060000000000001e-12,3.3956e-12,-39366978978.033226
bot2,0.1,-1,8.554e-13,-1.98e-12,1.3300000000000002e-12,1.98e-12,8.554e-13,-54902822005.051056
bot2,0.2,-1,-2.472e-13,-9e-14,1.95e-12,9e-14,2.472e-13,-88035918654.81116
bot2,0.3,-1,-1.4164e-12,6.7200000000000004e-12,2.960000000000001e-12,6.7200000000000004e-12,1.4164e-12,-98328416912.48772
bot2,0.4,-1,-2.2812e-12,1.622e-11,4.390000000000001e-12,1.622e-11,2.2812e-12,-124192747143.56682
bot2,0.5,-1,-3.0268e-12,3.2470000000000005e-11,6.230000000000001e-12,3.2470000000000005e-11,3.0268e-12,-163505559189.01242
bot2,0.6,-1,-3.5044e-12,4.701e-11,8.65e-12,4.701e-11,3.5044e-12,-227634873662.6452
bot2,0.7,-1,-3.9054e-12,5.594e-11,1.215e-11,5.594e-11,3.9054e-12,-357398141529.6643
bot2,0.8,-1,-4.064e-12,5.979000000000001e-11,1.75e-11,5.979000000000001e-11,4.064e-12,-532197977647.6847
bot2,0.9,-1,-4.2812e-12,5.945e-11,2.3080000000000003e-11,5.945e-11,4.2812e-12,22537242793.716614
bot2,1.0,-1,4.8102e-12,-1.632e-11,-3.642e-11,1.632e-11,4.8102e-12,24572439551.79871
bot2,1.1,-1,3.858e-12,-1.8200000000000003e-12,-1.068e-11,1.8200000000000003e-12,3.858e-12,-35112359550.56179
bot2,1.2,-1,-8.858e-13,2.1000000000000003e-12,-1.8000000000000002e-12,2.1000000000000003e-12,8.858e-13,-61942517343.90484
bot2,1.3,-1,6.292e-13,-1.1100000000000001e-12,-2.8e-12,1.1100000000000001e-12,6.292e-13,84388185654.00851
bot2,1.4,-1,1.4842e-12,-7.590000000000001e-12,-3.58e-12,7.590000000000001e-12,1.4842e-12,105540897097.62527
bot2,1.5,-1,2.5242e-12,-2.136e-11,-5.04e-12,2.136e-11,2.5242e-12,121610117961.8144
bot2,1.6,-1,3.1288e-12,-3.7390000000000006e-11,-7.0800000000000005e-12,3.7390000000000006e-11,3.1288e-12,183318056828.59763
bot2,1.7,-1,3.6152e-12,-5.003e-11,-9.84e-12,5.003e-11,3.6152e-12,244738130200.68527
bot2,1.8,-1,3.946e-12,-5.602e-11,-1.27e-11,5.602e-11,3.946e-12,344946533287.3408
bot2,1.9,-1,4.195e-12,-6.007e-11,-1.772e-11,6.007e-11,4.195e-12,457038391224.8623
bot2,2.0,-1,4.3836e-12,-5.859e-11,-2.502e-11,5.859e-11,4.3836e-12,-22189184991.235268
bot2,2.1,-1,-4.8184e-12,1.564e-11,3.634e-11,1.564e-11,4.8184e-12,-24353416784.37487
bot2,2.2,-1,-3.8288e-12,1.64e-12,1.07e-11,1.64e-12,3.8288e-12,34314734747.10044
bot2,2.3000000000000003,-1,1.01e-12,-1.95e-12,1.23e-12,1.95e-12,1.01e-12,56689342403.62805
bot2,2.4,-1,-3.008e-13,2.1000000000000001e-13,2.11e-12,2.1000000000000001e-13,3.008e-13,-87912087912.0878
bot2,2.5,-1,-1.265e-12,5.94e-12,3.0300000000000002e-12,5.94e-12,1.265e-12,-98193244304.79192
bot2,2.6,-1,-2.3376e-12,1.8640000000000003e-11,4.98e-12,1.8640000000000003e-11,2.3376e-12,-107376785139.05302
bot2,2.7,-1,-3.1276e-12,3.723e-11,6.71e-12,3.723e-11,3.1276e-12,-142106011084.269
bot2,2.8000000000000003,-1,-3.745e-12,5.1330000000000005e-11,9.63e-12,5.1330000000000005e-11,3.745e-12,-230202578268.87628
bot2,2.9,-1,-3.9964e-12,5.75e-11,1.396e-11,5.75e-11,3.9964e-12,-526038926880.588
bot2,3.0,-1,-4.1252e-12,6.049e-11,1.972e-11,6.049e-11,4.1252e-12,23117645698.96204
bot2,3.1,-1,4.655e-12,-2.814e-11,-3.515e-11,2.814e-11,4.655e-12,23788567214.596687
bot2,3.2,-1,4.2822e-12,-1.1600000000000001e-12,-1.575e-11,1.1600000000000001e-12,4.2822e-12,-31011598337.77836
bot2,3.3000000000000003,-1,-1.7942e-12,1.41e-12,-6.500000000000003e-13,1.41e-12,1.7942e-12,-40489108429.83232
bot2,3.4,-1,-6.574e-13,1.45e-12,-1.5400000000000001e-12,1.45e-12,6.574e-13,76657723265.61891
bot2,3.5,-1,8.148e-13,-2.6300000000000007e-12,-2.82e-12,2.6300000000000007e-12,8.148e-13,79164027865.73788
bot2,3.6,-1,1.869e-12,-9.98e-12,-3.92e-12,9.98e-12,1.869e-12,105318588730.9111
bot2,3.7,-1,2.7138e-12,-2.7450000000000003e-11,-5.960000000000001e-12,2.7450000000000003e-11,2.7138e-12,141602945341.26324
bot2,3.8,-1,3.2814e-12,-4.229e-11,-8.33e-12,4.229e-11,3.2814e-12,190367409099.562
bot2,3.9,-1,3.7644e-12,-5.3410000000000006e-11,-1.158e-11,5.3410000000000006e-11,3.7644e-12,237416904083.5704
bot2,4.0,-1,4.1238e-12,-5.962000000000001e-11,-1.655e-11,5.962000000000001e-11,4.1238e-12,362713093942.6906
bot2,4.1,-1,4.3158e-12,-6.109e-11,-2.1060000000000003e-11,6.109e-11,4.3158e-12,-22499212527.56156
bot2,4.2,-1,-4.7654e-12,2.969e-11,3.446e-11,2.969e-11,4.7654e-12,-23060603265.381443
bot2,4.3,-1,-4.357e-12,1.5200000000000002e-12,1.9530000000000003e-11,1.5200000000000002e-12,4.357e-12,28676301904.106472
bot2,4.4,-1,2.209e-12,-1.7700000000000001e-12,-1.1100000000000001e-12,1.7700000000000001e-12,2.209e-12,35050823694.35685
bot2,4.5,-1,1.349e-12,-2.4800000000000003e-12,1.0100000000000001e-12,2.4800000000000003e-12,1.349e-12,-98415510284.4209
bot2,4.6000000000000005,-1,1.768e-13,-1.1000000000000001e-13,1.5e-12,1.1000000000000001e-13,1.768e-13,-86715227193.89532
bot2,4.7,-1,-9.574e-13,3.56e-12,2.72e-12,3.56e-12,9.574e-13,-89285714285.71397
bot2,4.8,-1,-2.0632e-12,1.427e-11,3.87e-12,1.427e-11,2.0632e-12,-109986801583.81004
bot2,4.9,-1,-2.7758e-12,2.7230000000000003e-11,6.1e-12,2.7230000000000003e-11,2.7758e-12,-146799765120.37595
bot2,5.0,-1,-3.4256e-12,4.229e-11,8.200000000000001e-12,4.229e-11,3.4256e-12,-153893505694.05917
bot2,0.0,0,-4.6006e-12,1.6160000000000002e-11,3.6400000000000005e-11,1.6160000000000002e-11,4.6006e-12,119274809160.30544
bot2,0.1,0,-3.7622e-12,1.0100000000000001e-12,9.1e-12,1.0100000000000001e-12,3.7622e-12,36157211555.84482
bot2,0.2,0,9.308e-13,-1.9700000000000003e-12,9.000000000000001e-13,1.9700000000000003e-12,9.308e-13,54418807139.74749
bot2,0.3,0,-8.7e-14,-7.600000000000002e-13,1.7000000000000002e-12,7.600000000000002e-13,8.7e-14,-95392540303.3483
bot2,0.4,0,-1.1658e-12,4.88e-12,2.8e-12,4.88e-12,1.1658e-12,-95812973076.55457
bot2,0.5,0,-2.1744e-12,1.6180000000000003e-11,4.12e-12,1.6180000000000003e-11,2.1744e-12,-114272654553.76524
bot2,0.6,0,-2.916e-12,3.0530000000000003e-11,6.5e-12,3.0530000000000003e-11,2.916e-12,-154392465647.67645
bot2,0.7,0,-3.4698e-12,4.315e-11,8.600000000000001e-12,4.315e-11,3.4698e-12,-224416517055.65536
bot2,0.8,0,-3.8072e-12,5.3880000000000005e-11,1.134e-11,5.3880000000000005e-11,3.8072e-12,-341296928327.64514
bot2,0.9,0,-4.0558e-12,5.888000000000001e-11,1.595e-11,5.888000000000001e-11,4.0558e-12,-481231953801.7324
bot2,1.0,0,-4.2228e-12,6.14e-11,1.996e-11,6.14e-11,4.2228e-12,22755199563.100178
bot2,1.1,0,4.7334e-12,-3.062e-11,-3.5090000000000005e-11,3.062e-11,4.7334e-12,23407691767.5148
bot2,1.2,0,4.3214e-12,-1.6700000000000006e-12,-1.672e-11,1.6700000000000006e-12,4.3214e-12,-29709735880.448017
bot2,1.3,0,-1.9984e-12,2.16e-12,-2.9000000000000013e-13,2.16e-12,1.9984e-12,-39888312724.3718
bot2,1.4,0,-6.926e-13,2.06e-12,-1.7600000000000002e-12,2.06e-12,6.926e-13,91432751211.48392
bot2,1.5,0,1.89e-13,3.2000000000000005e-13,-2.28e-12,3.2000000000000005e-13,1.89e-13,100522718134.29834
bot2,1.6,0,1.297e-12,-4.11e-12,-3.0400000000000004e-12,4.11e-12,1.297e-12,96385542168.67468
bot2,1.7,0,2.264e-12,-1.73e-11,-4.98e-12,1.73e-11,2.264e-12,117980179329.87254
bot2,1.8,0,2.9922e-12,-3.299e-11,-6.71e-12,3.299e-11,2.9922e-12,160565189466.92374
bot2,1.9,0,3.5096e-12,-4.455e-11,-8.300000000000001e-12,4.455e-11,3.5096e-12,231374363720.49988
bot2,2.0,0,3.8566e-12,-5.353e-11,-1.147e-11,5.353e-11,3.8566e-12,363240101707.22833
bot2,2.1,0,4.0602e-12,-5.7090000000000007e-11,-1.469e-11,5.7090000000000007e-11,4.0602e-12,618429189857.7617
bot2,2.2,0,4.18e-12,-6.093e-11,-1.9530000000000003e-11,6.093e-11,4.18e-12,960614793467.8208
bot2,2.3000000000000003,0,4.2684e-12,-5.971e-11,-2.346e-11,5.971e-11,4.2684e-12,-22391401701.746506
bot2,2.4,0,-4.752e-12,2.24e-11,3.577e-11,2.24e-11,4.752e-12,-23214783173.925125
bot2,2.5,0,-4.3468e-12,1.3400000000000006e-12,1.63e-11,1.3400000000000006e-12,4.3468e-12,29779630732.57894
bot2,2.6,0,1.964e-12,-1.86e-12,2.2000000000000002e-13,1.86e-12,1.964e-12,38355323718.93222
bot2,2.7,0,8.676e-13,-1e-12,7.700000000000002e-13,1e-12,8.676e-13,-87719298245.61412
bot2,2.8000000000000003,0,-3.16e-13,0.0,1.55e-12,0.0,3.16e-13,-91743119266.05492
bot2,2.9,0,-1.3124e-12,5.39e-12,2.9100000000000003e-12,5.39e-12,1.3124e-12,-122339124051.87164
bot2,3.0,0,-1.9508e-12,1.346e-11,4.06e-12,1.346e-11,1.9508e-12,-149723012427.01016
bot2,3.1,0,-2.6482e-12,2.4500000000000003e-11,5.24e-12,2.4500000000000003e-11,2.6482e-12,-173040318394.186
bot2,3.2,0,-3.1066e-12,3.773e-11,7.200000000000001e-12,3.773e-11,3.1066e-12,-218770509735.2879
bot2,3.3000000000000003,0,-3.5624e-12,4.8170000000000007e-11,9.23e-12,4.8170000000000007e-11,3.5624e-12,-249937515621.0944
bot2,3.4,0,-3.9068e-12,5.528e-11,1.158e-11,5.528e-11,3.9068e-12,-364963503649.63446
bot2,3.5,0,-4.1104e-12,5.851e-11,1.544e-11,5.851e-11,4.1104e-12,-598802395209.5814
bot2,3.6,0,-4.2408e-12,6.023000000000001e-11,1.938e-11,6.023000000000001e-11,4.2408e-12,-865051903114.1875
bot2,3.7,0,-4.3416e-12,5.932000000000001e-11,2.373e-11,5.932000000000001e-11,4.3416e-12,22257834757.834778
bot2,3.8,0,4.7448e-12,-2.073e-11,-3.612e-11,2.073e-11,4.7448e-12,23444460074.08446
bot2,3.9,0,4.1892e-12,-1.21e-12,-1.528e-11,1.21e-12,4.1892e-12,-30023718737.802822
bot2,4.0,0,-1.9166e-12,2.5500000000000002e-12,-3.5e-13,2.5500000000000002e-12,1.9166e-12,-39496030648.91973
bot2,4.1,0,-8.746e-13,2.18e-12,-1.5600000000000002e-12,2.18e-12,8.746e-13,90884304280.6508
bot2,4.2,0,2.84e-13,-8.600000000000002e-13,-2.36e-12,8.600000000000002e-13,2.84e-13,93353248693.0546
bot2,4.3,0,1.2678e-12,-4.41e-12,-2.7600000000000004e-12,4.41e-12,1.2678e-12,129886998311.46916
bot2,4.4,0,1.8238e-12,-1.117e-11,-4.16e-12,1.117e-11,1.8238e-12,162179695102.17334
bot2,4.5,0,2.501e-12,-2.1190000000000003e-11,-5.370000000000001e-12,2.1190000000000003e-11,2.501e-12,160901045856.79822
bot2,4.6000000000000005,0,3.0668e-12,-3.546e-11,-7.01e-12,3.546e-11,3.0668e-12,202061022428.77365
bot2,4.7,0,3.4908e-12,-4.7140000000000005e-11,-9.37e-12,4.7140000000000005e-11,3.4908e-12,256739409499.3573
bot2,4.8,0,3.8458e-12,-5.493e-11,-1.184e-11,5.493e-11,3.8458e-12,311623558741.04126
bot2,4.9,0,4.1326e-12,-5.835000000000001e-11,-1.555e-11,5.835000000000001e-11,4.1326e-12,523286237571.9516
bot2,5.0,0,4.228e-12,-6.116e-11,-2.0040000000000003e-11,6.116e-11,4.228e-12,1048218029350.0948
bot2,0.0,1,-4.7956e-12,1.55e-12,3.211e-11,1.55e-12,4.7956e-12,37517820964.95835
bot2,0.1,1,-2.1302e-12,2.26e-12,1.5000000000000004e-13,2.26e-12,2.1302e-12,54065743944.63668
bot2,0.2,1,-1.0964e-12,1.5e-12,-1.13e-12,1.5e-12,1.0964e-12,98755678451.51096
bot2,0.3,1,-1.05e-13,-7.600000000000002e-13,-1.93e-12,7.600000000000002e-13,1.05e-13,97484889842.0745
bot2,0.4,1,9.552e-13,-3.07e-12,-2.85e-12,3.07e-12,9.552e-13,102806620746.37608
bot2,0.5,1,1.8404e-12,-1.1350000000000002e-11,-3.66e-12,1.1350000000000002e-11,1.8404e-12,128008192524.32152
bot2,0.6,1,2.5176e-12,-2.1170000000000003e-11,-5.060000000000001e-12,2.1170000000000003e-11,2.5176e-12,157035175879.39706
bot2,0.7,1,3.114e-12,-3.5340000000000004e-11,-6.790000000000001e-12,3.5340000000000004e-11,3.114e-12,201612903225.8065
bot2,0.8,1,3.5096e-12,-4.6050000000000005e-11,-8.84e-12,4.6050000000000005e-11,3.5096e-12,292056074766.3552
bot2,0.9,1,3.7988e-12,-5.3660000000000005e-11,-1.152e-11,5.3660000000000005e-11,3.7988e-12,353481795687.52185
bot2,1.0,1,4.0754e-12,-5.829e-11,-1.509e-11,5.829e-11,4.0754e-12,483792936623.1247
bot2,1.1,1,4.2122e-12,-6.084000000000001e-11,-1.901e-11,6.084000000000001e-11,4.2122e-12,710732054015.636
bot2,1.2,1,4.3568e-12,-5.951000000000001e-11,-2.335e-11,5.951000000000001e-11,4.3568e-12,-22347367480.11084
bot2,1.3,1,-4.7374e-12,2.475e-11,3.547e-11,2.475e-11,4.7374e-12,-23354663926.38612
bot2,1.4,1,-4.2068e-12,2.03e-12,1.6270000000000002e-11,2.03e-12,4.2068e-12,30049882805.45705
bot2,1.5,1,1.9182e-12,-2.0500000000000004e-12,-1.3e-13,2.0500000000000004e-12,1.9182e-12,40586062746.05299
bot2,1.6,1,7.21e-13,-1.5e-12,1.3500000000000001e-12,1.5e-12,7.21e-13,-90522313750.33945
bot2,1.7,1,-2.912e-13,7.100000000000001e-13,2.04e-12,7.100000000000001e-13,2.912e-13,-101553772722.65662
bot2,1.8,1,-1.2484e-12,4.550000000000001e-12,2.960000000000001e-12,4.550000000000001e-12,1.2484e-12,-118511495615.07475
bot2,1.9,1,-1.9788e-12,1.2870000000000002e-11,3.67e-12,1.2870000000000002e-11,1.9788e-12,-136705399863.29456
bot2,2.0,1,-2.7114e-12,2.4650000000000003e-11,5.4100000000000006e-12,2.4650000000000003e-11,2.7114e-12,-161160354552.77997
bot2,2.1,1,-3.2198e-12,3.7460000000000006e-11,7.07e-12,3.7460000000000006e-11,3.2198e-12,-225682690137.66663
bot2,2.2,1,-3.5976e-12,4.976e-11,9.56e-12,4.976e-11,3.5976e-12,-283929585462.8056
bot2,2.3000000000000003,1,-3.9242e-12,5.7080000000000005e-11,1.374e-11,5.7080000000000005e-11,3.9242e-12,-369276218611.5209
bot2,2.4,1,-4.1392e-12,5.990000000000001e-11,1.879e-11,5.990000000000001e-11,4.1392e-12,-461041954817.88776
bot2,2.5,1,-4.358e-12,6.050000000000001e-11,2.356e-11,6.050000000000001e-11,4.358e-12,22257339357.65321
bot2,2.6,1,4.8466e-12,-2.125e-11,-3.6040000000000006e-11,2.125e-11,4.8466e-12,23478036297.044136
bot2,2.7,1,4.1606e-12,-1.59e-12,-1.413e-11,1.59e-12,4.1606e-12,-30937722364.879528
bot2,2.8000000000000003,1,-1.618e-12,1.91e-12,-4.1e-13,1.91e-12,1.618e-12,-44230173824.58308
bot2,2.9,1,-3.612e-13,6.6e-13,-1.5400000000000001e-12,6.6e-13,3.612e-13,90375056484.41016
bot2,3.0,1,5.95e-13,-1.8900000000000002e-12,-2.26e-12,1.8900000000000002e-12,5.95e-13,103434009102.19289
bot2,3.1,1,1.5724e-12,-8.64e-12,-3.46e-12,8.64e-12,1.5724e-12,119331742243.43686
bot2,3.2,1,2.271e-12,-1.845e-11,-5.060000000000001e-12,1.845e-11,2.271e-12,144508670520.23135
bot2,3.3000000000000003,1,2.9564e-12,-3.4110000000000006e-11,-6.790000000000001e-12,3.4110000000000006e-11,2.9564e-12,152462265589.26645
bot2,3.4,1,3.5828e-12,-4.523e-11,-9.15e-12,4.523e-11,3.5828e-12,198570293884.0347
bot2,3.5,1,3.9636e-12,-5.584e-11,-1.215e-11,5.584e-11,3.9636e-12,379218809252.9393
bot2,3.6,1,4.1102e-12,-5.827000000000001e-11,-1.5940000000000002e-11,5.827000000000001e-11,4.1102e-12,677966101694.9161
bot2,3.7,1,4.2586e-12,-6.079e-11,-2.142e-11,6.079e-11,4.2586e-12,-22710755813.95351
bot2,3.8,1,-4.6962e-12,2.731e-11,3.508e-11,2.731e-11,4.6962e-12,-23380874444.704205
bot2,3.9,1,-4.2954e-12,2e-12,1.553e-11,2e-12,4.2954e-12,30160453613.2223
bot2,4.0,1,1.935e-12,-2.97e-12,6.000000000000001e-14,2.97e-12,1.935e-12,39992001599.680016
bot2,4.1,1,7.056e-13,-1.3300000000000002e-12,1.3000000000000001e-12,1.3300000000000002e-12,7.056e-13,-81512879034.88759
bot2,4.2,1,-5.186e-13,2.8e-13,1.9e-12,2.8e-13,5.186e-13,-96711798839.45853
bot2,4.3,1,-1.3624e-12,5.9e-12,2.6000000000000002e-12,5.9e-12,1.3624e-12,-111135807957.32396
bot2,4.4,1,-2.3182e-12,1.821e-11,4.5400000000000004e-12,1.821e-11,2.3182e-12,-126550240445.45695
bot2,4.5,1,-2.9428e-12,3.241e-11,6.7e-12,3.241e-11,2.9428e-12,-174947515745.2766
bot2,4.6000000000000005,1,-3.4614e-12,4.564e-11,9.23e-12,4.564e-11,3.4614e-12,-222419928825.62296
bot2,4.7,1,-3.842e-12,5.391e-11,1.143e-11,5.391e-11,3.842e-12,-313381385145.7211
bot2,4.8,1,-4.0996e-12,5.913000000000001e-11,1.586e-11,5.913000000000001e-11,4.0996e-12,-522739153162.5729
bot2,4.9,1,-4.2246e-12,6.049e-11,2.0170000000000003e-11,6.049e-11,4.2246e-12,22681394452.130936
bot2,5.0,1,4.7182e-12,-3.131e-11,-3.481e-11,3.131e-11,4.7182e-12,11182180077.827934
bot2,0.0,2,1.67018e-11,-1.07e-12,-4.8970000000000006e-11,1.07e-12,1.67018e-11,4389642.5471055405
bot2,0.1,2,2.27976e-08,-5.6e-13,-2.28144e-08,5.6e-13,2.27976e-08,5780263.591695915
bot2,0.2,2,3.46172e-08,4.107e-11,-3.46242e-08,4.107e-11,3.46172e-08,11656641.954585724
bot2,0.3,2,3.99552e-08,2.577e-11,-4.01008e-08,2.577e-11,3.99552e-08,26199271.66024784
bot2,0.4,2,4.2251e-08,9.71e-12,-4.23506e-08,9.71e-12,4.2251e-08,65440743.406845056
bot2,0.5,2,4.30114e-08,3.0800000000000002e-12,-4.31436e-08,3.0800000000000002e-12,4.30114e-08,164311534.6697345
bot2,0.6,2,4.3468199999999993e-08,-4e-13,-4.344579999999999e-08,4e-13,4.3468199999999993e-08,396825396.8253951
bot2,0.7,2,4.35154e-08,-2.87e-12,-4.3395e-08,2.87e-12,4.35154e-08,1733102253.032932
bot2,0.8,2,4.358359999999999e-08,-1.4400000000000001e-12,-4.36032e-08,1.4400000000000001e-12,4.358359999999999e-08,1129943502.8248868
bot2,0.9,2,4.36924e-08,-1.2400000000000002e-12,-4.366179999999999e-08,1.2400000000000002e-12,4.36924e-08,1937984496.1239955
bot2,1.0,2,4.36868e-08,-2.5e-13,-4.37382e-08,2.5e-13,4.36868e-08,4484304932.735133
bot2,1.1,2,4.3737e-08,-9.4e-13,-4.37196e-08,9.4e-13,4.3737e-08,8771929824.560621
bot2,1.2,2,4.37096e-08,-7.17e-12,-4.37126e-08,7.17e-12,4.37096e-08,-12048192771.086042
bot2,1.3,2,4.37204e-08,-6.092000000000001e-11,-4.36266e-08,6.092000000000001e-11,4.37204e-08,-3690036900.3690577
bot2,1.4,2,4.36554e-08,-5.961e-11,-4.37494e-08,5.961e-11,4.36554e-08,-31249999999.99041
bot2,1.5,2,4.3714e-08,-5.354e-11,-4.3704999999999993e-08,5.354e-11,4.3714e-08,12195121951.21946
bot2,1.6,2,4.36718e-08,-4.327e-11,-4.36972e-08,4.327e-11,4.36718e-08,-6060606060.605264
bot2,1.7,2,4.368099999999999e-08,-2.715e-11,-4.37024e-08,2.715e-11,4.368099999999999e-08,-13698630136.984425
bot2,1.8,2,4.36572e-08,-1.3390000000000002e-11,-4.36932e-08,1.3390000000000002e-11,4.36572e-08,2518891687.657264
bot2,1.9,2,4.37604e-08,-1.8400000000000002e-12,-4.371539999999999e-08,1.8400000000000002e-12,4.37604e-08,3344481605.3513007
bot2,2.0,2,4.3717e-08,1.8000000000000002e-12,-4.376e-08,1.8000000000000002e-12,4.3717e-08,6024096385.543021
bot2,2.1,2,4.379359999999999e-08,1.4700000000000002e-12,-4.3762e-08,1.4700000000000002e-12,4.379359999999999e-08,15151515151.516214
bot2,2.2,2,4.373019999999999e-08,2.0500000000000004e-12,-4.37472e-08,2.0500000000000004e-12,4.373019999999999e-08,-10101010101.010809
bot2,2.3000000000000003,2,4.37738e-08,1.606e-11,-4.37092e-08,1.606e-11,4.37738e-08,5952380952.380291
bot2,2.4,2,4.37638e-08,5.7810000000000005e-11,-4.37908e-08,5.7810000000000005e-11,4.37638e-08,-1980198019.8019376
bot2,2.5,2,4.367279999999999e-08,5.981e-11,-4.37108e-08,5.981e-11,4.367279999999999e-08,-2469135802.4691625
bot2,2.6,2,4.36828e-08,5.830000000000001e-11,-4.36732e-08,5.830000000000001e-11,4.36828e-08,2724795640.326787
bot2,2.7,2,4.37462e-08,5.3740000000000006e-11,-4.3672e-08,5.3740000000000006e-11,4.37462e-08,3508771929.82466
bot2,2.8000000000000003,2,4.37398e-08,4.363e-11,-4.368259999999999e-08,4.363e-11,4.37398e-08,-4048582995.951051
bot2,2.9,2,4.369679999999999e-08,4.22e-12,-4.36402e-08,4.22e-12,4.369679999999999e-08,-23255813953.483444
bot2,3.0,2,4.37312e-08,-1.0000000000000002e-14,-4.36352e-08,1.0000000000000002e-14,4.37312e-08,21276595744.668728
bot2,3.1,2,4.37062e-08,-2.0200000000000007e-12,-4.37544e-08,2.0200000000000007e-12,4.37062e-08,3636363636.363453
bot2,3.2,2,4.37862e-08,-4.150000000000001e-12,-4.374659999999999e-08,4.150000000000001e-12,4.37862e-08,1876172607.8799188
bot2,3.3000000000000003,2,4.38128e-08,-2.44e-12,-4.37594e-08,2.44e-12,4.38128e-08,-22222222222.213333
bot2,3.4,2,4.377719999999999e-08,-2.3800000000000004e-12,-4.3711e-08,2.3800000000000004e-12,4.377719999999999e-08,-2352941176.4704814
bot2,3.5,2,4.37278e-08,-1.7200000000000001e-12,-4.37808e-08,1.7200000000000001e-12,4.37278e-08,-2247191011.236082
bot2,3.6,2,4.36882e-08,-5.471e-11,-4.36528e-08,5.471e-11,4.36882e-08,10416666666.66707
bot2,3.7,2,4.3747e-08,-6.013e-11,-4.37402e-08,6.013e-11,4.3747e-08,-19230769230.769463
bot2,3.8,2,4.36778e-08,-5.544e-11,-4.36844e-08,5.544e-11,4.36778e-08,17857142857.137356
bot2,3.9,2,4.37582e-08,-4.5690000000000006e-11,-4.36634e-08,4.5690000000000006e-11,4.37582e-08,6250000000.00066
bot2,4.0,2,4.37098e-08,-3.292e-11,-4.37392e-08,3.292e-11,4.37098e-08,2695417789.7575736
bot2,4.1,2,4.38324e-08,-2.029e-11,-4.385759999999999e-08,2.029e-11,4.38324e-08,2178649237.4727483
bot2,4.2,2,4.38016e-08,-9.9e-12,-4.3731e-08,9.9e-12,4.38016e-08,-2739726027.3973846
bot2,4.3,2,4.37594e-08,2.13e-12,-4.3686399999999993e-08,2.13e-12,4.37594e-08,-11363636363.63716
bot2,4.4,2,4.3784e-08,1.8700000000000003e-12,-4.38048e-08,1.8700000000000003e-12,4.3784e-08,27777777777.782047
bot2,4.5,2,4.37666e-08,2.2200000000000002e-12,-4.37606e-08,2.2200000000000002e-12,4.37666e-08,-22727272727.274323
bot2,4.6000000000000005,2,4.37752e-08,9.200000000000001e-13,-4.3799599999999993e-08,9.200000000000001e-13,4.37752e-08,3921568627.4511166
bot2,4.7,2,4.38176e-08,1.2800000000000002e-12,-4.3755e-08,1.2800000000000002e-12,4.38176e-08,7751937984.496451
bot2,4.8,2,4.3801e-08,2.28e-12,-4.37474e-08,2.28e-12,4.3801e-08,6134969325.152899
bot2,4.9,2,4.38502e-08,1.269e-11,-4.37862e-08,1.269e-11,4.38502e-08,5555555555.555388
bot2,5.0,2,4.3837e-08,2.921e-11,-4.38606e-08,2.921e-11,4.3837e-08,-7575757575.758074
bot2,0.0,3,1.3043e-10,-2.2200000000000002e-12,-1.2348000000000002e-10,2.2200000000000002e-12,1.3043e-10,339524.4830595448
bot2,0.1,3,2.9466e-07,5.967e-11,-2.946e-07,5.967e-11,2.9466e-07,362260.0586350509
bot2,0.2,3,5.5222e-07,-3.3080000000000004e-11,-5.5226e-07,3.3080000000000004e-11,5.5222e-07,417118.5450905148
bot2,0.3,3,7.7414e-07,9.100000000000002e-13,-7.738399999999999e-07,9.100000000000002e-13,7.7414e-07,485837.82733323605
bot2,0.4,3,9.6388e-07,2.6100000000000004e-12,-9.6444e-07,2.6100000000000004e-12,9.6388e-07,571428.5714285714
bot2,0.5,3,1.12414e-06,-9.200000000000001e-13,-1.12442e-06,9.200000000000001e-13,1.12414e-06,688420.7627702047
bot2,0.6,3,1.2544000000000002e-06,4.981000000000001e-11,-1.2529e-06,4.981000000000001e-11,1.2544000000000002e-06,841892.5745074924
bot2,0.7,3,1.3617000000000002e-06,5.926000000000001e-11,-1.3621e-06,5.926000000000001e-11,1.3617000000000002e-06,1024065.5401945736
bot2,0.8,3,1.4497e-06,-1.28e-11,-1.4503e-06,1.28e-11,1.4497e-06,1266624.4458518047
bot2,0.9,3,1.5196000000000002e-06,-1.45e-12,-1.5213000000000002e-06,1.45e-12,1.5196000000000002e-06,1609010.45856798
bot2,1.0,3,1.574e-06,5.481e-11,-1.5739e-06,5.481e-11,1.574e-06,2123142.2505307887
bot2,1.1,3,1.6138e-06,-8.800000000000002e-13,-1.614e-06,8.800000000000002e-13,1.6138e-06,2865329.512893976
bot2,1.2,3,1.6438000000000005e-06,-2.4000000000000004e-13,-1.6438000000000005e-06,2.4000000000000004e-13,1.6438000000000005e-06,3952569.1699604737
bot2,1.3,3,1.6644e-06,5.78e-11,-1.6648e-06,5.78e-11,1.6644e-06,5830903.790087499
bot2,1.4,3,1.6781e-06,1.22e-12,-1.6796000000000002e-06,1.22e-12,1.6781e-06,8810572.687224662
bot2,1.5,3,1.6871e-06,-2.4300000000000003e-12,-1.6885000000000002e-06,2.4300000000000003e-12,1.6871e-06,12195121.95121938
bot2,1.6,3,1.6945000000000005e-06,4.5840000000000007e-11,-1.6947000000000005e-06,4.5840000000000007e-11,1.6945000000000005e-06,19230769.23076896
bot2,1.7,3,1.6975000000000005e-06,-1.0640000000000002e-11,-1.6977e-06,1.0640000000000002e-11,1.6975000000000005e-06,47619047.619048834
bot2,1.8,3,1.6987e-06,-2.28e-12,-1.6989000000000002e-06,2.28e-12,1.6987e-06,55555555.555557966
bot2,1.9,3,1.7011e-06,4.054e-11,-1.7005e-06,4.054e-11,1.7011e-06,71428571.42857145
bot2,2.0,3,1.7015e-06,-7.07e-12,-1.7018000000000002e-06,7.07e-12,1.7015e-06,133333333.33332328
bot2,2.1,3,1.7026000000000002e-06,-1.31e-12,-1.7025000000000002e-06,1.31e-12,1.7026000000000002e-06,124999999.99999072
bot2,2.2,3,1.7031000000000005e-06,1.393e-11,-1.7043e-06,1.393e-11,1.7031000000000005e-06,95238095.23809776
bot2,2.3000000000000003,3,1.7047000000000002e-06,-5.648e-11,-1.7054000000000002e-06,5.648e-11,1.7047000000000002e-06,51282051.28205293
bot2,2.4,3,1.707e-06,1.5400000000000001e-12,-1.7065e-06,1.5400000000000001e-12,1.707e-06,80000000.00000066
bot2,2.5,3,1.7072e-06,7.700000000000002e-13,-1.7076000000000002e-06,7.700000000000002e-13,1.7072e-06,999999999.9999256
bot2,2.6,3,1.7072e-06,-5.92e-11,-1.7076000000000002e-06,5.92e-11,1.7072e-06,95238095.23809776
bot2,2.7,3,1.7093e-06,3.43e-11,-1.7087000000000005e-06,3.43e-11,1.7093e-06,133333333.33332343
bot2,2.8000000000000003,3,1.7087000000000005e-06,7.800000000000002e-13,-1.709e-06,7.800000000000002e-13,1.7087000000000005e-06,222222222.2222052
bot2,2.9,3,1.7102000000000002e-06,-2.59e-12,-1.7108000000000002e-06,2.59e-12,1.7102000000000002e-06,222222222.22225755
bot2,3.0,3,1.7096e-06,4.1e-13,-1.7098e-06,4.1e-13,1.7096e-06,166666666.6666543
bot2,3.1,3,1.7114000000000005e-06,-2.704e-11,-1.7125e-06,2.704e-11,1.7114000000000005e-06,57142857.14285636
bot2,3.2,3,1.7131000000000002e-06,5.959000000000001e-11,-1.7125e-06,5.959000000000001e-11,1.7131000000000002e-06,83333333.3333345
bot2,3.3000000000000003,3,1.7138000000000002e-06,-2.7000000000000002e-12,-1.7136000000000002e-06,2.7000000000000002e-12,1.7138000000000002e-06,199999999.9999847
bot2,3.4,3,1.7141000000000002e-06,-1.5400000000000001e-12,-1.715e-06,1.5400000000000001e-12,1.7141000000000002e-06,125000000.000007
bot2,3.5,3,1.7154e-06,2.5e-11,-1.7157e-06,2.5e-11,1.7154e-06,499999999.99996287
bot2,3.6,3,1.7145000000000005e-06,-5.289e-11,-1.7151e-06,5.289e-11,1.7145000000000005e-06,499999999.99996287
bot2,3.7,3,1.7158000000000002e-06,-2.7600000000000004e-12,-1.7151e-06,2.7600000000000004e-12,1.7158000000000002e-06,80000000.00000083
bot2,3.8,3,1.7170000000000005e-06,6.520000000000001e-12,-1.7164000000000002e-06,6.520000000000001e-12,1.7170000000000005e-06,-249999999.9999809
bot2,3.9,3,1.715e-06,-5.895e-11,-1.7158000000000002e-06,5.895e-11,1.715e-06,999999999.9999236
bot2,4.0,3,1.7172000000000005e-06,3.1400000000000004e-12,-1.7171000000000005e-06,3.1400000000000004e-12,1.7172000000000005e-06,86956521.73912379
bot2,4.1,3,1.7173000000000005e-06,2.120000000000001e-12,-1.7164000000000002e-06,2.120000000000001e-12,1.7173000000000005e-06,-1999999999.999852
bot2,4.2,3,1.7171000000000005e-06,-5.648e-11,-1.7175e-06,5.648e-11,1.7171000000000005e-06,125000000.00000726
bot2,4.3,3,1.7189000000000002e-06,2.715e-11,-1.7188000000000002e-06,2.715e-11,1.7189000000000002e-06,80000000.00000083
bot2,4.4,3,1.7196000000000002e-06,2.3000000000000003e-12,-1.7187000000000002e-06,2.3000000000000003e-12,1.7196000000000002e-06,-399999999.9999703
bot2,4.5,3,1.7184e-06,-3.9460000000000005e-11,-1.7187000000000002e-06,3.9460000000000005e-11,1.7184e-06,666666666.6666172
bot2,4.6000000000000005,3,1.7199000000000005e-06,3.609e-11,-1.7190000000000002e-06,3.609e-11,1.7199000000000005e-06,76923076.9230775
bot2,4.7,3,1.721e-06,2.400000000000001e-12,-1.7199000000000005e-06,2.400000000000001e-12,1.721e-06,181818181.81820253
bot2,4.8,3,1.721e-06,-3.2700000000000004e-12,-1.7217000000000002e-06,3.2700000000000004e-12,1.721e-06,199999999.9999852
bot2,4.9,3,1.7220000000000002e-06,4.976e-11,-1.7219000000000002e-06,4.976e-11,1.7220000000000002e-06,133333333.33332343
bot2,5.0,3,1.7225000000000002e-06,8.600000000000002e-13,-1.7230000000000005e-06,8.600000000000002e-13,1.7225000000000002e-06,199999999.99998423
bot2,0.0,4,2.2812e-10,-9.100000000000002e-13,-2.1556000000000003e-10,9.100000000000002e-13,2.2812e-10,141765.17030505085
bot2,0.1,4,7.0562e-07,1.74e-12,-7.0546e-07,1.74e-12,7.0562e-07,146662.84678393454
bot2,0.2,4,1.3639000000000002e-06,-4.228e-11,-1.3626e-06,4.228e-11,1.3639000000000002e-06,157544.82150171718
bot2,0.3,4,1.9751000000000004e-06,-5.927e-11,-1.9754e-06,5.927e-11,1.9751000000000004e-06,169362.3507494284
bot2,0.4,4,2.5448e-06,3.740000000000001e-12,-2.5449000000000004e-06,3.740000000000001e-12,2.5448e-06,182282.17280349985
bot2,0.5,4,3.0723e-06,1.7500000000000002e-12,-3.0726000000000004e-06,1.7500000000000002e-12,3.0723e-06,197316.495659037
bot2,0.6,4,3.5584000000000005e-06,-2.378e-11,-3.559000000000001e-06,2.378e-11,3.5584000000000005e-06,214224.5072836333
bot2,0.7,4,4.0059e-06,5.354e-11,-4.0055e-06,5.354e-11,4.0059e-06,233372.2287047844
bot2,0.8,4,4.4154e-06,7.5e-13,-4.4154e-06,7.5e-13,4.4154e-06,255721.77470911623
bot2,0.9,4,4.7880000000000006e-06,-8e-13,-4.7887e-06,8e-13,4.7880000000000006e-06,280386.93396887684
bot2,1.0,4,5.1287000000000005e-06,3.8660000000000005e-11,-5.129200000000001e-06,3.8660000000000005e-11,5.1287000000000005e-06,307692.3076923079
bot2,1.1,4,5.438e-06,-4.262e-11,-5.4377000000000005e-06,4.262e-11,5.438e-06,342348.51078397786
bot2,1.2,4,5.712900000000001e-06,-1.5200000000000002e-12,-5.7127e-06,1.5200000000000002e-12,5.712900000000001e-06,383656.2440053708
bot2,1.3,4,5.959300000000001e-06,1.622e-11,-5.9607e-06,1.622e-11,5.959300000000001e-06,426530.177010024
bot2,1.4,4,6.181800000000001e-06,-5.379e-11,-6.1797e-06,5.379e-11,6.181800000000001e-06,480653.68901706295
bot2,1.5,4,6.375400000000001e-06,4.17e-12,-6.375700000000001e-06,4.17e-12,6.375400000000001e-06,547495.2094169179
bot2,1.6,4,6.5471e-06,2.070000000000001e-12,-6.546900000000001e-06,2.070000000000001e-12,6.5471e-06,628140.7035175874
bot2,1.7,4,6.693800000000001e-06,-6.06e-11,-6.6954e-06,6.06e-11,6.693800000000001e-06,725163.161711385
bot2,1.8,4,6.8229e-06,4.3000000000000004e-13,-6.823400000000001e-06,4.3000000000000004e-13,6.8229e-06,838926.1744966476
bot2,1.9,4,6.9322e-06,7.100000000000001e-13,-6.9307e-06,7.100000000000001e-13,6.9322e-06,1001001.0010009998
bot2,2.0,4,7.0227000000000005e-06,-6.005e-11,-7.021300000000001e-06,6.005e-11,7.0227000000000005e-06,1222493.8875305587
bot2,2.1,4,7.095800000000001e-06,8.84e-12,-7.096200000000001e-06,8.84e-12,7.095800000000001e-06,1464128.8433382094
bot2,2.2,4,7.159300000000001e-06,1.14e-12,-7.159300000000001e-06,1.14e-12,7.159300000000001e-06,1788908.7656529476
bot2,2.3000000000000003,4,7.207600000000002e-06,-4.95e-11,-7.2065e-06,4.95e-11,7.207600000000002e-06,2336448.598130848
bot2,2.4,4,7.2449e-06,3.1880000000000004e-11,-7.243100000000001e-06,3.1880000000000004e-11,7.2449e-06,3072196.620583732
bot2,2.5,4,7.2727e-06,8e-13,-7.275500000000002e-06,8e-13,7.2727e-06,3838771.593090223
bot2,2.6,4,7.297e-06,-4.1e-13,-7.297200000000001e-06,4.1e-13,7.297e-06,4662004.662004661
bot2,2.7,4,7.3156e-06,5.962000000000001e-11,-7.315300000000002e-06,5.962000000000001e-11,7.3156e-06,6329113.924050672
bot2,2.8000000000000003,4,7.3286e-06,-6.640000000000001e-12,-7.3309e-06,6.640000000000001e-12,7.3286e-06,7575757.575757483
bot2,2.9,4,7.342000000000001e-06,-9.100000000000002e-13,-7.342000000000001e-06,9.100000000000002e-13,7.342000000000001e-06,8620689.655172382
bot2,3.0,4,7.3518e-06,5.477e-11,-7.3537e-06,5.477e-11,7.3518e-06,11173184.35754226
bot2,3.1,4,7.3599e-06,-2.706e-11,-7.358200000000001e-06,2.706e-11,7.3599e-06,11560693.641618064
bot2,3.2,4,7.369100000000002e-06,-1.7200000000000001e-12,-7.3678e-06,1.7200000000000001e-12,7.369100000000002e-06,10869565.217390995
bot2,3.3000000000000003,4,7.378300000000001e-06,3.3340000000000005e-11,-7.3761e-06,3.3340000000000005e-11,7.378300000000001e-06,13986013.986014782
bot2,3.4,4,7.3834e-06,-4.8240000000000006e-11,-7.3813e-06,4.8240000000000006e-11,7.3834e-06,20618556.7010307
bot2,3.5,4,7.388000000000002e-06,-2.0200000000000007e-12,-7.388700000000002e-06,2.0200000000000007e-12,7.388000000000002e-06,18018018.018017024
bot2,3.6,4,7.394500000000002e-06,2.62e-12,-7.3987e-06,2.62e-12,7.394500000000002e-06,14388489.20863312
bot2,3.7,4,7.401900000000002e-06,-5.976000000000001e-11,-7.4006e-06,5.976000000000001e-11,7.401900000000002e-06,16666666.666666606
bot2,3.8,4,7.406500000000001e-06,5.64e-12,-7.4041e-06,5.64e-12,7.406500000000001e-06,16949152.54237341
bot2,3.9,4,7.4137e-06,1.07e-12,-7.410700000000002e-06,1.07e-12,7.4137e-06,19230769.230769325
bot2,4.0,4,7.416900000000002e-06,-1.799e-11,-7.415800000000002e-06,1.799e-11,7.416900000000002e-06,36363636.363634974
bot2,4.1,4,7.419200000000002e-06,1.6890000000000003e-11,-7.419600000000002e-06,1.6890000000000003e-11,7.419200000000002e-06,28169014.08450916
bot2,4.2,4,7.424e-06,2.16e-12,-7.425000000000002e-06,2.16e-12,7.424e-06,20202020.20202086
bot2,4.3,4,7.4291e-06,-6.750000000000001e-12,-7.428500000000001e-06,6.750000000000001e-12,7.4291e-06,18691588.78504571
bot2,4.4,4,7.434700000000001e-06,5.924000000000001e-11,-7.4344e-06,5.924000000000001e-11,7.434700000000001e-06,17241379.310344808
bot2,4.5,4,7.4407e-06,-4.89e-12,-7.4403e-06,4.89e-12,7.4407e-06,22471910.112359487
bot2,4.6000000000000005,4,7.443600000000001e-06,-5.300000000000003e-13,-7.445e-06,5.300000000000003e-13,7.443600000000001e-06,27777777.77777572
bot2,4.7,4,7.447900000000002e-06,5.832e-11,-7.4477e-06,5.832e-11,7.447900000000002e-06,24390243.902440883
bot2,4.8,4,7.4518e-06,-7.100000000000001e-13,-7.4535e-06,7.100000000000001e-13,7.4518e-06,20408163.265307248
bot2,4.9,4,7.4577e-06,-6.4e-12,-7.4573e-06,6.4e-12,7.4577e-06,49999999.99999629
bot2,5.0,4,7.4558e-06,5.957000000000001e-11,-7.4605e-06,5.957000000000001e-11,7.4558e-06,-52631578.94737015
bot2,0.0,5,4.293e-10,3.3600000000000002e-12,-3.7801e-10,3.3600000000000002e-12,4.293e-10,85144.73796579173
bot2,0.1,5,1.1749000000000002e-06,5.941e-11,-1.1734e-06,5.941e-11,1.1749000000000002e-06,87105.331730421
bot2,0.2,5,2.2965000000000004e-06,4.81e-11,-2.2953000000000003e-06,4.81e-11,2.2965000000000004e-06,91328.37115850036
bot2,0.3,5,3.3648000000000004e-06,-3.803e-11,-3.3642000000000003e-06,3.803e-11,3.3648000000000004e-06,95854.30146177812
bot2,0.4,5,4.383e-06,-1.91e-12,-4.3835000000000005e-06,1.91e-12,4.383e-06,100532.82396702524
bot2,0.5,5,5.3542e-06,1.0500000000000002e-12,-5.354000000000001e-06,1.0500000000000002e-12,5.3542e-06,105697.07219110026
bot2,0.6,5,6.2752000000000005e-06,-6.055e-11,-6.273400000000001e-06,6.055e-11,6.2752000000000005e-06,111445.44745347153
bot2,0.7,5,7.148800000000001e-06,1.846e-11,-7.148800000000001e-06,1.846e-11,7.148800000000001e-06,117612.46692149372
bot2,0.8,5,7.9757e-06,2.2200000000000002e-12,-7.9756e-06,2.2200000000000002e-12,7.9757e-06,124200.4595417003
bot2,0.9,5,8.7591e-06,-3.48e-12,-8.757700000000001e-06,3.48e-12,8.7591e-06,131423.3144959916
bot2,1.0,5,9.4975e-06,5.96e-11,-9.4962e-06,5.96e-11,9.4975e-06,139295.16645772388
bot2,1.1,5,1.01949e-05,-5.320000000000001e-12,-1.01946e-05,5.320000000000001e-12,1.01949e-05,148203.03816228217
bot2,1.2,5,1.0847e-05,-2.01e-12,-1.08493e-05,2.01e-12,1.0847e-05,157629.25598991165
bot2,1.3,5,1.1463700000000002e-05,2.232e-11,-1.14605e-05,2.232e-11,1.1463700000000002e-05,169061.70752324632
bot2,1.4,5,1.203e-05,6.017000000000001e-11,-1.202e-05,6.017000000000001e-11,1.203e-05,182765.2380517227
bot2,1.5,5,1.2558e-05,-4.564e-11,-1.2558e-05,4.564e-11,1.2558e-05,194931.77387914225
bot2,1.6,5,1.3056e-05,9.21e-12,-1.3054e-05,9.21e-12,1.3056e-05,206611.57024793385
bot2,1.7,5,1.3526e-05,1.3300000000000002e-12,-1.3526e-05,1.3300000000000002e-12,1.3526e-05,222717.14922048972
bot2,1.8,5,1.3954e-05,-2.2700000000000002e-12,-1.3958e-05,2.2700000000000002e-12,1.3954e-05,240963.8554216868
bot2,1.9,5,1.4356e-05,1.26e-12,-1.4358e-05,1.26e-12,1.4356e-05,259740.25974025988
bot2,2.0,5,1.4724e-05,-1.606e-11,-1.4726e-05,1.606e-11,1.4724e-05,284090.9090909096
bot2,2.1,5,1.506e-05,5.5660000000000005e-11,-1.506e-05,5.5660000000000005e-11,1.506e-05,310559.0062111808
bot2,2.2,5,1.5368e-05,-5.717e-11,-1.537e-05,5.717e-11,1.5368e-05,340136.05442176893
bot2,2.3000000000000003,5,1.5648e-05,3.324e-11,-1.565e-05,3.324e-11,1.5648e-05,373134.3283582064
bot2,2.4,5,1.5904000000000002e-05,-4.28e-12,-1.5908e-05,4.28e-12,1.5904000000000002e-05,408163.2653061216
bot2,2.5,5,1.6138e-05,-1.86e-12,-1.6134000000000002e-05,1.86e-12,1.6138e-05,454545.4545454559
bot2,2.6,5,1.6344e-05,1.3000000000000001e-12,-1.6346e-05,1.3000000000000001e-12,1.6344e-05,512820.5128205114
bot2,2.7,5,1.6528e-05,-2.2500000000000003e-12,-1.6528e-05,2.2500000000000003e-12,1.6528e-05,574712.6436781603
bot2,2.8000000000000003,5,1.6692000000000002e-05,1.273e-11,-1.6694e-05,1.273e-11,1.6692000000000002e-05,636942.6751592403
bot2,2.9,5,1.6842e-05,-5.466e-11,-1.684e-05,5.466e-11,1.6842e-05,740740.7407407422
bot2,3.0,5,1.6962e-05,5.834e-11,-1.6964000000000002e-05,5.834e-11,1.6962e-05,877192.9824561339
bot2,3.1,5,1.707e-05,-3.2570000000000004e-11,-1.7072000000000002e-05,3.2570000000000004e-11,1.707e-05,990099.0099009956
bot2,3.2,5,1.7164e-05,3.010000000000001e-12,-1.7168e-05,3.010000000000001e-12,1.7164e-05,1162790.6976744125
bot2,3.3000000000000003,5,1.7242000000000002e-05,1.9900000000000002e-12,-1.7246e-05,1.9900000000000002e-12,1.7242000000000002e-05,1388888.8888888808
bot2,3.4,5,1.7308e-05,-2.82e-12,-1.7308e-05,2.82e-12,1.7308e-05,1587301.587301605
bot2,3.5,5,1.7368e-05,2.350000000000001e-12,-1.7368e-05,2.350000000000001e-12,1.7368e-05,1785714.2857143153
bot2,3.6,5,1.742e-05,-1.33e-11,-1.7418e-05,1.33e-11,1.742e-05,2380952.3809523485
bot2,3.7,5,1.7452e-05,5.901e-11,-1.7454e-05,5.901e-11,1.7452e-05,2702702.702702595
bot2,3.8,5,1.7494000000000002e-05,-3.187e-11,-1.7494000000000002e-05,3.187e-11,1.7494000000000002e-05,3030303.030303071
bot2,3.9,5,1.7518e-05,1.7200000000000001e-12,-1.7524e-05,1.7200000000000001e-12,1.7518e-05,4000000.0000001686
bot2,4.0,5,1.7544e-05,1.5e-12,-1.754e-05,1.5e-12,1.7544e-05,3703703.7037037113
bot2,4.1,5,1.7572e-05,-2.28e-12,-1.7572e-05,2.28e-12,1.7572e-05,3999999.9999999055
bot2,4.2,5,1.7594e-05,1.9200000000000003e-12,-1.7598e-05,1.9200000000000003e-12,1.7594e-05,4166666.666666652
bot2,4.3,5,1.762e-05,-2.486e-11,-1.7612e-05,2.486e-11,1.762e-05,4545454.545454733
bot2,4.4,5,1.7638e-05,5.93e-11,-1.7634e-05,5.93e-11,1.7638e-05,6666666.66666636
bot2,4.5,5,1.7650000000000002e-05,-3.708e-11,-1.7652e-05,3.708e-11,1.7650000000000002e-05,5555555.555555404
bot2,4.6000000000000005,5,1.7674e-05,4.0000000000000006e-14,-1.7672e-05,4.0000000000000006e-14,1.7674e-05,5882352.941176473
bot2,4.7,5,1.7684000000000002e-05,1.26e-12,-1.7686e-05,1.26e-12,1.7684000000000002e-05,6666666.666666331
bot2,4.8,5,1.7704000000000002e-05,-1.4400000000000001e-12,-1.7704000000000002e-05,1.4400000000000001e-12,1.7704000000000002e-05,7142857.142857909
bot2,4.9,5,1.7712e-05,4.115e-11,-1.7716e-05,4.115e-11,1.7712e-05,7692307.692307872
bot2,5.0,5,1.773e-05,-6.077e-11,-1.7732e-05,6.077e-11,1.773e-05,5555555.555554857
top1,0.0,-5,-3.48e-12,4.6270000000000005e-11,-4.1210000000000006e-11,4.6270000000000005e-11,3.48e-12,15185106447.596195
top1,0.1,-5,3.1054e-12,-2.04e-12,-5.99e-12,2.04e-12,3.1054e-12,68087424252.740524
top1,0.2,-5,-5.426e-13,5.6e-13,-1.8000000000000002e-12,5.6e-13,5.426e-13,-63459829927.655785
top1,0.3,-5,-4.62e-14,3.6000000000000013e-13,-2.120000000000001e-12,3.6000000000000013e-13,4.62e-14,151515151515.15152
top1,0.4,-5,7.774e-13,-2.62e-12,-3.0400000000000004e-12,2.62e-12,7.774e-13,140706345856.19812
top1,0.5,-5,1.3752e-12,-4.8500000000000005e-12,-3.740000000000001e-12,4.8500000000000005e-12,1.3752e-12,209819555182.54297
top1,0.6,-5,1.7306e-12,-8.86e-12,-4.960000000000001e-12,8.86e-12,1.7306e-12,251509054325.95572
top1,0.7,-5,2.1704e-12,-1.57e-11,-5.7e-12,1.57e-11,2.1704e-12,258598396689.94064
top1,0.8,-5,2.504e-12,-2.238e-11,-6.36e-12,2.238e-11,2.504e-12,260892251500.1304
top1,0.9,-5,2.937e-12,-2.8200000000000003e-11,-7.690000000000001e-12,2.8200000000000003e-11,2.937e-12,291375291375.29126
top1,1.0,-5,3.1904e-12,-3.2140000000000005e-11,-8.790000000000003e-12,3.2140000000000005e-11,3.1904e-12,461893764434.1804
top1,1.1,-5,3.37e-12,-3.692e-11,-1.008e-11,3.692e-11,3.37e-12,484496124031.0076
top1,1.2,-5,3.6032e-12,-4.214e-11,-1.195e-11,4.214e-11,3.6032e-12,363108206245.46106
top1,1.3,-5,3.9208e-12,-4.61e-11,-1.484e-11,4.61e-11,3.9208e-12,619578686493.1848
top1,1.4,-5,3.926e-12,-4.7180000000000005e-11,-1.7340000000000002e-11,4.7180000000000005e-11,3.926e-12,2967359050445.09
top1,1.5,-5,3.9882e-12,-4.874e-11,-2.094e-11,4.874e-11,3.9882e-12,1291989664082.686
top1,1.6,-5,4.0808e-12,-4.993e-11,-2.322e-11,4.993e-11,4.0808e-12,974658869395.7112
top1,1.7,-5,4.1934e-12,-4.992000000000001e-11,-2.708e-11,4.992000000000001e-11,4.1934e-12,-22905309450.730675
top1,1.8,-5,-4.6508e-12,2.5630000000000003e-11,4.049e-11,2.5630000000000003e-11,4.6508e-12,271223216707.3505
top1,1.9,-5,4.9308e-12,-1.3000000000000001e-12,-3.905e-11,1.3000000000000001e-12,4.9308e-12,25822444869.080204
top1,2.0,-5,3.0944e-12,-1.8200000000000003e-12,-6.730000000000002e-12,1.8200000000000003e-12,3.0944e-12,-35898908673.17633
top1,2.1,-5,-6.404e-13,1.7000000000000002e-12,-1.64e-12,1.7000000000000002e-12,6.404e-13,-64139567699.31377
top1,2.2,-5,-2.38e-14,6.500000000000003e-13,-2.7000000000000002e-12,6.500000000000003e-13,2.38e-14,160256410256.4104
top1,2.3000000000000003,-5,6.076e-13,-1.6800000000000001e-12,-2.77e-12,1.6800000000000001e-12,6.076e-13,179051029543.41965
top1,2.4,-5,1.0932e-12,-3.490000000000001e-12,-3.780000000000001e-12,3.490000000000001e-12,1.0932e-12,193685841564.9813
top1,2.5,-5,1.6402e-12,-9.65e-12,-4.500000000000001e-12,9.65e-12,1.6402e-12,204918032786.8854
top1,2.6,-5,2.0692e-12,-1.317e-11,-5.170000000000001e-12,1.317e-11,2.0692e-12,250752256770.3112
top1,2.7,-5,2.4378e-12,-1.854e-11,-6.09e-12,1.854e-11,2.4378e-12,222074172773.7066
top1,2.8000000000000003,-5,2.9698e-12,-2.782e-11,-7.42e-12,2.782e-11,2.9698e-12,287935502447.4514
top1,2.9,-5,3.1324e-12,-3.2290000000000006e-11,-8.33e-12,3.2290000000000006e-11,3.1324e-12,411353352529.8228
top1,3.0,-5,3.456e-12,-3.814e-11,-1.079e-11,3.814e-11,3.456e-12,378787878787.879
top1,3.1,-5,3.6604e-12,-4.3500000000000005e-11,-1.2680000000000002e-11,4.3500000000000005e-11,3.6604e-12,535618639528.65607
top1,3.2,-5,3.8294e-12,-4.577e-11,-1.5870000000000002e-11,4.577e-11,3.8294e-12,547945205479.4523
top1,3.3000000000000003,-5,4.0254e-12,-4.921e-11,-1.8930000000000003e-11,4.921e-11,4.0254e-12,761614623000.7601
top1,3.4,-5,4.092e-12,-4.993e-11,-2.28e-11,4.993e-11,4.092e-12,1081081081081.0812
top1,3.5,-5,4.2104e-12,-4.994e-11,-2.672e-11,4.994e-11,4.2104e-12,-22805017103.762848
top1,3.6,-5,-4.678e-12,2.4030000000000003e-11,4.089e-11,2.4030000000000003e-11,4.678e-12,293685756240.8226
top1,3.7,-5,4.8914e-12,-9.600000000000002e-13,-3.874e-11,9.600000000000002e-13,4.8914e-12,26006449599.5007
top1,3.8,-5,3.0124e-12,-2.3200000000000002e-12,-5.810000000000001e-12,2.3200000000000002e-12,3.0124e-12,-38710176905.50841
top1,3.9,-5,-2.752e-13,2e-13,-1.74e-12,2e-13,2.752e-13,-74476800476.65143
top1,4.0,-5,3.27e-13,-6.500000000000003e-13,-2.5300000000000003e-12,6.500000000000003e-13,3.27e-13,148942508191.83777
top1,4.1,-5,1.0676e-12,-3.9900000000000006e-12,-3.33e-12,3.9900000000000006e-12,1.0676e-12,150398556173.86087
top1,4.2,-5,1.6568e-12,-8.13e-12,-3.9900000000000006e-12,8.13e-12,1.6568e-12,178221350917.84015
top1,4.3,-5,2.1898e-12,-1.4190000000000002e-11,-5.110000000000001e-12,1.4190000000000002e-11,2.1898e-12,207339829981.3396
top1,4.4,-5,2.6214e-12,-2.0460000000000003e-11,-6.680000000000002e-12,2.0460000000000003e-11,2.6214e-12,249066002490.66025
top1,4.5,-5,2.9928e-12,-2.844e-11,-7.65e-12,2.844e-11,2.9928e-12,300932891965.09216
top1,4.6000000000000005,-5,3.286e-12,-3.492e-11,-9.72e-12,3.492e-11,3.286e-12,355998576005.69635
top1,4.7,-5,3.5546e-12,-4.062e-11,-1.118e-11,4.062e-11,3.5546e-12,322580645161.2893
top1,4.8,-5,3.906e-12,-4.4600000000000006e-11,-1.402e-11,4.4600000000000006e-11,3.906e-12,368052999631.9474
top1,4.9,-5,4.098e-12,-4.8570000000000007e-11,-1.717e-11,4.8570000000000007e-11,4.098e-12,537345513164.965
top1,5.0,-5,4.2782e-12,-4.996e-11,-2.149e-11,4.996e-11,4.2782e-12,554938956714.7582
top1,0.0,-4,-4.467e-12,2.053e-11,4.231e-11,2.053e-11,4.467e-12,331345261762.75653
top1,0.1,-4,-4.1652e-12,5.1e-13,1.84e-11,5.1e-13,4.1652e-12,29490695685.511223
top1,0.2,-4,2.3148e-12,-2.0200000000000007e-12,-1.32e-12,2.0200000000000007e-12,2.3148e-12,44972117287.28188
top1,0.3,-4,2.82e-13,-1.3e-13,-2.51e-12,1.3e-13,2.82e-13,-132065504490.2272
top1,0.4,-4,8.004e-13,-1.5800000000000001e-12,-2.780000000000001e-12,1.5800000000000001e-12,8.004e-13,175284837861.525
top1,0.5,-4,1.423e-12,-5.6100000000000005e-12,-3.570000000000001e-12,5.6100000000000005e-12,1.423e-12,195771339075.95923
top1,0.6,-4,1.822e-12,-1.0540000000000002e-11,-4.5400000000000004e-12,1.0540000000000002e-11,1.822e-12,253742704897.23425
top1,0.7,-4,2.2112e-12,-1.5580000000000003e-11,-5.220000000000001e-12,1.5580000000000003e-11,2.2112e-12,273522975929.97824
top1,0.8,-4,2.5532e-12,-2.202e-11,-6.570000000000001e-12,2.202e-11,2.5532e-12,252079657171.66623
top1,0.9,-4,3.0046e-12,-2.9620000000000003e-11,-8.190000000000001e-12,2.9620000000000003e-11,3.0046e-12,278396436525.6125
top1,1.0,-4,3.2716e-12,-3.634e-11,-1.019e-11,3.634e-11,3.2716e-12,365898280278.0828
top1,1.1,-4,3.5512e-12,-4.112e-11,-1.179e-11,4.112e-11,3.5512e-12,346380325597.5058
top1,1.2,-4,3.849e-12,-4.4380000000000006e-11,-1.391e-11,4.4380000000000006e-11,3.849e-12,459347726228.7551
top1,1.3,-4,3.9866e-12,-4.732e-11,-1.668e-11,4.732e-11,3.9866e-12,950570342205.324
top1,1.4,-4,4.0594e-12,-4.873e-11,-1.971e-11,4.873e-11,4.0594e-12,1620745542949.756
top1,1.5,-4,4.11e-12,-4.9480000000000006e-11,-2.385e-11,4.9480000000000006e-11,4.11e-12,1474926253687.3203
top1,1.6,-4,4.195e-12,-4.974e-11,-2.7340000000000003e-11,4.974e-11,4.195e-12,-22834178197.92665
top1,1.7,-4,-4.6488e-12,2.4e-11,4.113e-11,2.4e-11,4.6488e-12,294204177699.3231
top1,1.8,-4,4.8748e-12,-1.8200000000000003e-12,-3.832e-11,1.8200000000000003e-12,4.8748e-12,26768028267.037872
top1,1.9,-4,2.8228e-12,-1.93e-12,-3.8900000000000006e-12,1.93e-12,2.8228e-12,-42183413481.81894
top1,2.0,-4,1.336e-13,-7e-13,-2.49e-12,7e-13,1.336e-13,-100735368187.77072
top1,2.1,-4,8.373999999999999e-13,-8.7e-13,-2.960000000000001e-12,8.7e-13,8.373999999999999e-13,158881474420.08276
top1,2.2,-4,1.3924e-12,-6.540000000000001e-12,-3.840000000000001e-12,6.540000000000001e-12,1.3924e-12,209643605870.02112
top1,2.3000000000000003,-4,1.7914e-12,-1.007e-11,-4.450000000000001e-12,1.007e-11,1.7914e-12,221385875581.13763
top1,2.4,-4,2.2958e-12,-1.6490000000000003e-11,-5.69e-12,1.6490000000000003e-11,2.2958e-12,236127508854.7813
top1,2.5,-4,2.6384e-12,-2.2720000000000003e-11,-6.5e-12,2.2720000000000003e-11,2.6384e-12,297265160523.1869
top1,2.6,-4,2.9686e-12,-2.892e-11,-7.660000000000002e-12,2.892e-11,2.9686e-12,286450873675.165
top1,2.7,-4,3.3366e-12,-3.6220000000000005e-11,-9.29e-12,3.6220000000000005e-11,3.3366e-12,313087038196.6191
top1,2.8000000000000003,-4,3.6074e-12,-4.068e-11,-1.149e-11,4.068e-11,3.6074e-12,424268137462.8757
top1,2.9,-4,3.808e-12,-4.4710000000000006e-11,-1.417e-11,4.4710000000000006e-11,3.808e-12,695894224077.9388
top1,3.0,-4,3.8948e-12,-4.7650000000000005e-11,-1.646e-11,4.7650000000000005e-11,3.8948e-12,1124859392575.927
top1,3.1,-4,3.9858e-12,-4.836e-11,-1.979e-11,4.836e-11,3.9858e-12,727802037845.7075
top1,3.2,-4,4.1696e-12,-4.943e-11,-2.455e-11,4.943e-11,4.1696e-12,775193798449.6134
top1,3.3000000000000003,-4,4.2438e-12,-5.087e-11,-2.715e-11,5.087e-11,4.2438e-12,-22592743210.880634
top1,3.4,-4,-4.6828e-12,2.382e-11,4.1320000000000006e-11,2.382e-11,4.6828e-12,317965023847.37646
top1,3.5,-4,4.8728e-12,-6.400000000000001e-13,-3.893e-11,6.400000000000001e-13,4.8728e-12,26822595354.326508
top1,3.6,-4,2.7736e-12,-1.9e-12,-3.75e-12,1.9e-12,2.7736e-12,-39326726443.29089
top1,3.7,-4,-2.128e-13,8.300000000000001e-13,-2.23e-12,8.300000000000001e-13,2.128e-13,-87535014005.60233
top1,3.8,-4,4.888e-13,-1.9400000000000002e-12,-2.92e-12,1.9400000000000002e-12,4.888e-13,145942790426.15274
top1,3.9,-4,1.1576e-12,-4.82e-12,-3.96e-12,4.82e-12,1.1576e-12,156421085562.33362
top1,4.0,-4,1.7674e-12,-9.71e-12,-4.450000000000001e-12,9.71e-12,1.7674e-12,184535892231.03867
top1,4.1,-4,2.2414e-12,-1.651e-11,-5.49e-12,1.651e-11,2.2414e-12,190621425848.2655
top1,4.2,-4,2.8166e-12,-2.57e-11,-7.27e-12,2.57e-11,2.8166e-12,201450443190.9752
top1,4.3,-4,3.2342e-12,-3.3260000000000003e-11,-8.85e-12,3.3260000000000003e-11,3.2342e-12,262605042016.80692
top1,4.4,-4,3.5782e-12,-4.0450000000000006e-11,-1.172e-11,4.0450000000000006e-11,3.5782e-12,404203718674.2122
top1,4.5,-4,3.729e-12,-4.528e-11,-1.412e-11,4.528e-11,3.729e-12,664010624169.9873
top1,4.6000000000000005,-4,3.8794e-12,-4.687e-11,-1.6980000000000002e-11,4.687e-11,3.8794e-12,643086816720.2583
top1,4.7,-4,4.04e-12,-5.008e-11,-2.169e-11,5.008e-11,4.04e-12,677048070412.9976
top1,4.8,-4,4.1748e-12,-5.07e-11,-2.529e-11,5.07e-11,4.1748e-12,-22955260197.874363
top1,4.9,-4,-4.6726e-12,2.6180000000000004e-11,4.0850000000000006e-11,2.6180000000000004e-11,4.6726e-12,270197243988.11145
top1,5.0,-4,4.915e-12,-1.86e-12,-3.956e-11,1.86e-12,4.915e-12,10430138929.450502
top1,0.0,-3,1.3052e-12,-1.1560000000000002e-11,-4.8500000000000005e-12,1.1560000000000002e-11,1.3052e-12,71571714858.28801
top1,0.1,-3,2.7024e-12,-2.373e-11,-6.51e-12,2.373e-11,2.7024e-12,121403423576.54488
top1,0.2,-3,2.9526e-12,-3.092e-11,-8.36e-12,3.092e-11,2.9526e-12,326157860404.4356
top1,0.3,-3,3.3156e-12,-3.6550000000000006e-11,-9.96e-12,3.6550000000000006e-11,3.3156e-12,320821302534.4881
top1,0.4,-3,3.576e-12,-4.083e-11,-1.142e-11,4.083e-11,3.576e-12,498753117206.9831
top1,0.5,-3,3.7166e-12,-4.3650000000000006e-11,-1.324e-11,4.3650000000000006e-11,3.7166e-12,568504832291.0741
top1,0.6,-3,3.9278e-12,-4.6560000000000005e-11,-1.601e-11,4.6560000000000005e-11,3.9278e-12,585823081429.4083
top1,0.7,-3,4.058e-12,-4.8750000000000006e-11,-1.947e-11,4.8750000000000006e-11,4.058e-12,853970964987.1909
top1,0.8,-3,4.162e-12,-5.029e-11,-2.418e-11,5.029e-11,4.162e-12,1282051282051.284
top1,0.9,-3,4.214e-12,-4.909e-11,-2.9590000000000005e-11,4.909e-11,4.214e-12,-22614713132.36391
top1,1.0,-3,-4.6818e-12,2.13e-11,4.213e-11,2.13e-11,4.6818e-12,320307495195.38745
top1,1.1,-3,4.8384e-12,-1.4800000000000006e-12,-3.781e-11,1.4800000000000006e-12,4.8384e-12,27202742036.397263
top1,1.2,-3,2.6704e-12,-2.6300000000000007e-12,-2.8900000000000004e-12,2.6300000000000007e-12,2.6704e-12,-41800777494.46139
top1,1.3,-3,5.38e-14,-7e-14,-2.3000000000000003e-12,7e-14,5.38e-14,-95812973076.55464
top1,1.4,-3,5.83e-13,-1.23e-12,-2.8e-12,1.23e-12,5.83e-13,186532363365.04376
top1,1.5,-3,1.126e-12,-3.8800000000000004e-12,-3.43e-12,3.8800000000000004e-12,1.126e-12,176803394625.1768
top1,1.6,-3,1.7142e-12,-8.890000000000003e-12,-4.32e-12,8.890000000000003e-12,1.7142e-12,198886237072.39456
top1,1.7,-3,2.1316e-12,-1.4720000000000002e-11,-5.420000000000001e-12,1.4720000000000002e-11,2.1316e-12,248385494287.1336
top1,1.8,-3,2.5194e-12,-2.089e-11,-6.440000000000001e-12,2.089e-11,2.5194e-12,282087447108.60394
top1,1.9,-3,2.8406e-12,-2.591e-11,-7.1800000000000005e-12,2.591e-11,2.8406e-12,330578512396.6941
top1,2.0,-3,3.1244e-12,-3.1890000000000006e-11,-9.06e-12,3.1890000000000006e-11,3.1244e-12,351246926589.3923
top1,2.1,-3,3.41e-12,-3.9280000000000005e-11,-1.118e-11,3.9280000000000005e-11,3.41e-12,331674958540.6306
top1,2.2,-3,3.7274e-12,-4.3680000000000005e-11,-1.284e-11,4.3680000000000005e-11,3.7274e-12,420521446593.77686
top1,2.3000000000000003,-3,3.8856e-12,-4.611e-11,-1.6180000000000003e-11,4.611e-11,3.8856e-12,713775874375.4442
top1,2.4,-3,4.0076e-12,-4.786e-11,-1.942e-11,4.786e-11,4.0076e-12,827129859387.9226
top1,2.5,-3,4.1274e-12,-4.939e-11,-2.386e-11,4.939e-11,4.1274e-12,888888888888.8915
top1,2.6,-3,4.2326e-12,-4.88e-11,-2.903e-11,4.88e-11,4.2326e-12,-22719011268.62961
top1,2.7,-3,-4.6758e-12,1.876e-11,4.204e-11,1.876e-11,4.6758e-12,-23628931263.438976
top1,2.8000000000000003,-3,-4.2316e-12,1.6e-12,2.081e-11,1.6e-12,4.2316e-12,28698522026.115616
top1,2.9,-3,2.2932e-12,-2.37e-12,-1.04e-12,2.37e-12,2.2932e-12,35243532811.729004
top1,3.0,-3,1.4432e-12,-1.85e-12,1.12e-12,1.85e-12,1.4432e-12,-113211819313.93648
top1,3.1,-3,5.266e-13,-1e-12,1.4800000000000006e-12,1e-12,5.266e-13,-102564102564.10266
top1,3.2,-3,-5.068e-13,2.1000000000000001e-13,2.3300000000000004e-12,2.1000000000000001e-13,5.068e-13,-119717466778.40308
top1,3.3000000000000003,-3,-1.144e-12,5.3000000000000004e-12,3.1400000000000004e-12,5.3000000000000004e-12,1.144e-12,-154249575813.66632
top1,3.4,-3,-1.8034e-12,1.091e-11,4.810000000000001e-12,1.091e-11,1.8034e-12,-139178844815.58783
top1,3.5,-3,-2.581e-12,2.079e-11,5.820000000000001e-12,2.079e-11,2.581e-12,-153917192550.40802
top1,3.6,-3,-3.1028e-12,3.158e-11,8.03e-12,3.158e-11,3.1028e-12,-217722621380.3617
top1,3.7,-3,-3.4996e-12,3.8620000000000005e-11,1.036e-11,3.8620000000000005e-11,3.4996e-12,-333111259160.56006
top1,3.8,-3,-3.7032e-12,4.313e-11,1.283e-11,4.313e-11,3.7032e-12,-489236790606.65295
top1,3.9,-3,-3.9084e-12,4.7040000000000006e-11,1.7000000000000003e-11,4.7040000000000006e-11,3.9084e-12,-624219725343.3198
top1,4.0,-3,-4.0236e-12,4.869e-11,2.162e-11,4.869e-11,4.0236e-12,-838222967309.3022
top1,4.1,-3,-4.147e-12,5.128e-11,2.468e-11,5.128e-11,4.147e-12,22951572182.69453
top1,4.2,-3,4.6904e-12,-2.476e-11,-4.13e-11,2.476e-11,4.6904e-12,-247708694575.1798
top1,4.3,-3,-4.9544e-12,1.3000000000000001e-12,3.898e-11,1.3000000000000001e-12,4.9544e-12,-26638252530.63401
top1,4.4,-3,-2.8176e-12,1.6600000000000002e-12,4.150000000000001e-12,1.6600000000000002e-12,2.8176e-12,38933229511.38801
top1,4.5,-3,1.826e-13,-7.100000000000001e-13,1.7700000000000001e-12,7.100000000000001e-13,1.826e-13,86617583369.42406
top1,4.6000000000000005,-3,-5.086e-13,7.900000000000002e-13,2.75e-12,7.900000000000002e-13,5.086e-13,-161786118751.0113
top1,4.7,-3,-1.0536e-12,3.790000000000001e-12,2.8800000000000002e-12,3.790000000000001e-12,1.0536e-12,-189789333839.4376
top1,4.8,-3,-1.5624e-12,7.63e-12,3.8e-12,7.63e-12,1.5624e-12,-177525297354.87326
top1,4.9,-3,-2.1802e-12,1.469e-11,5.110000000000001e-12,1.469e-11,2.1802e-12,-185253797702.8531
top1,5.0,-3,-2.642e-12,2.377e-11,6.7200000000000004e-12,2.377e-11,2.642e-12,-216543958423.55927
top1,0.0,-2,-4.512e-12,2e-11,4.16e-11,2e-11,4.512e-12,224215246636.77115
top1,0.1,-2,-4.066e-12,1.8200000000000003e-12,1.784e-11,1.8200000000000003e-12,4.066e-12,30036343976.211216
top1,0.2,-2,2.1466e-12,-1.65e-12,-9.000000000000001e-13,1.65e-12,2.1466e-12,35816618911.17478
top1,0.3,-2,1.518e-12,-1.12e-12,1.1100000000000001e-12,1.12e-12,1.518e-12,-154942671211.65173
top1,0.4,-2,8.557999999999999e-13,-1.9700000000000003e-12,1.2900000000000002e-12,1.9700000000000003e-12,8.557999999999999e-13,-146370023419.20377
top1,0.5,-2,1.516e-13,-6.200000000000001e-13,1.7700000000000001e-12,6.200000000000001e-13,1.516e-13,-140666760444.50696
top1,0.6,-2,-5.66e-13,1.21e-12,2.64e-12,1.21e-12,5.66e-13,-156421085562.33386
top1,0.7,-2,-1.127e-12,3.060000000000001e-12,3.35e-12,3.060000000000001e-12,1.127e-12,-160230732254.44647
top1,0.8,-2,-1.8142e-12,1.029e-11,4.290000000000001e-12,1.029e-11,1.8142e-12,-181884321571.48053
top1,0.9,-2,-2.2266e-12,1.446e-11,5.07e-12,1.446e-11,2.2266e-12,-245881485124.17007
top1,1.0,-2,-2.6276e-12,2.187e-11,6.7700000000000004e-12,2.187e-11,2.6276e-12,-263227165043.43256
top1,1.1,-2,-2.9864e-12,2.98e-11,7.63e-12,2.98e-11,2.9864e-12,-301295570955.1069
top1,1.2,-2,-3.2914e-12,3.347e-11,9.66e-12,3.347e-11,3.2914e-12,-362844702467.34393
top1,1.3,-2,-3.5376e-12,4.06e-11,1.142e-11,4.06e-11,3.5376e-12,-379939209726.4439
top1,1.4,-2,-3.8178e-12,4.399e-11,1.418e-11,4.399e-11,3.8178e-12,-502008032128.5134
top1,1.5,-2,-3.936e-12,4.7580000000000005e-11,1.7380000000000002e-11,4.7580000000000005e-11,3.936e-12,-803212851405.6241
top1,1.6,-2,-4.0668e-12,4.814e-11,1.941e-11,4.814e-11,4.0668e-12,-1168224299065.421
top1,1.7,-2,-4.1072e-12,4.91e-11,2.354e-11,4.91e-11,4.1072e-12,-1420454545454.5415
top1,1.8,-2,-4.2076e-12,4.983e-11,2.733e-11,4.983e-11,4.2076e-12,22842523642.01199
top1,1.9,-2,4.6484e-12,-2.1390000000000003e-11,-4.191e-11,2.1390000000000003e-11,4.6484e-12,-297796307325.78925
top1,2.0,-2,-4.8792e-12,1.4900000000000001e-12,3.781e-11,1.4900000000000001e-12,4.8792e-12,-26967988997.06048
top1,2.1,-2,-2.7678e-12,2.26e-12,3.730000000000001e-12,2.26e-12,2.7678e-12,39707750952.98606
top1,2.2,-2,1.576e-13,-4.2000000000000003e-13,1.65e-12,4.2000000000000003e-13,1.576e-13,90563303749.32085
top1,2.3000000000000003,-2,-5.594e-13,1.17e-12,2.6300000000000007e-12,1.17e-12,5.594e-13,-166112956810.63098
top1,2.4,-2,-1.0464e-12,3.65e-12,3.1e-12,3.65e-12,1.0464e-12,-190367409099.5619
top1,2.5,-2,-1.61e-12,7.44e-12,3.9900000000000006e-12,7.44e-12,1.61e-12,-180115273775.21634
top1,2.6,-2,-2.1568e-12,1.437e-11,5.24e-12,1.437e-11,2.1568e-12,-203128173877.71704
top1,2.7,-2,-2.5946e-12,2.1060000000000003e-11,6.280000000000001e-12,2.1060000000000003e-11,2.5946e-12,-261096605744.1255
top1,2.8000000000000003,-2,-2.9228e-12,2.7650000000000003e-11,7.71e-12,2.7650000000000003e-11,2.9228e-12,-277700638711.4686
top1,2.9,-2,-3.3148e-12,3.478e-11,9.63e-12,3.478e-11,3.3148e-12,-305903946160.9051
top1,3.0,-2,-3.5766e-12,4.178e-11,1.1350000000000002e-11,4.178e-11,3.5766e-12,-510204081632.653
top1,3.1,-2,-3.7068e-12,4.3290000000000006e-11,1.271e-11,4.3290000000000006e-11,3.7068e-12,-634115409004.4393
top1,3.2,-2,-3.892e-12,4.6930000000000006e-11,1.5830000000000002e-11,4.6930000000000006e-11,3.892e-12,-714796283059.3296
top1,3.3000000000000003,-2,-3.9866e-12,4.863e-11,1.919e-11,4.863e-11,3.9866e-12,-1312335958005.2473
top1,3.4,-2,-4.0444e-12,4.925e-11,2.1350000000000003e-11,4.925e-11,4.0444e-12,-1297016861219.1917
top1,3.5,-2,-4.1408e-12,4.9700000000000007e-11,2.364e-11,4.9700000000000007e-11,4.1408e-12,-832639467110.7428
top1,3.6,-2,-4.2846e-12,4.888e-11,2.775e-11,4.888e-11,4.2846e-12,22517451024.54404
top1,3.7,-2,4.7412e-12,-1.912e-11,-4.2780000000000006e-11,1.912e-11,4.7412e-12,23302418791.070538
top1,3.8,-2,4.2982e-12,-2.11e-12,-2.291e-11,2.11e-12,4.2982e-12,-27353045761.645523
top1,3.9,-2,-2.5706e-12,1.78e-12,3.48e-12,1.78e-12,2.5706e-12,-47065468066.07986
top1,4.0,-2,4.88e-14,-1.4e-12,1.91e-12,1.4e-12,4.88e-14,105207785376.11768
top1,4.1,-2,-6.696e-13,1.98e-12,2.54e-12,1.98e-12,6.696e-13,-166833500166.83365
top1,4.2,-2,-1.15e-12,4.62e-12,3.010000000000001e-12,4.62e-12,1.15e-12,-203334688897.92612
top1,4.3,-2,-1.6532e-12,8.480000000000001e-12,4.340000000000001e-12,8.480000000000001e-12,1.6532e-12,-191241155096.57693
top1,4.4,-2,-2.1958e-12,1.445e-11,4.88e-12,1.445e-11,2.1958e-12,-192233756247.5973
top1,4.5,-2,-2.6936e-12,2.155e-11,6.45e-12,2.155e-11,2.6936e-12,-240269101393.561
top1,4.6000000000000005,-2,-3.0282e-12,2.98e-11,7.4e-12,2.98e-11,3.0282e-12,-321750321750.322
top1,4.7,-2,-3.3152e-12,3.495e-11,9.26e-12,3.495e-11,3.3152e-12,-499500499500.498
top1,4.8,-2,-3.4286e-12,3.701e-11,1.065e-11,3.701e-11,3.4286e-12,-712250712250.7124
top1,4.9,-2,-3.596e-12,4.2920000000000005e-11,1.2780000000000002e-11,4.2920000000000005e-11,3.596e-12,-554631170271.7693
top1,5.0,-2,-3.7892e-12,4.586e-11,1.4290000000000002e-11,4.586e-11,3.7892e-12,-517598343685.2984
top1,0.0,-1,-4.826e-12,1.8900000000000002e-12,4.039e-11,1.8900000000000002e-12,4.826e-12,56727932834.127525
top1,0.1,-1,-3.0632e-12,1.7700000000000001e-12,5.74e-12,1.7700000000000001e-12,3.0632e-12,36817495673.94427
top1,0.2,-1,6.062e-13,-1.59e-12,1.3300000000000002e-12,1.59e-12,6.062e-13,64708166170.57072
top1,0.3,-1,2.76e-14,-5.4e-13,2.0200000000000007e-12,5.4e-13,2.76e-14,-170794192997.4381
top1,0.4,-1,-5.648e-13,1.6700000000000006e-12,2.7100000000000004e-12,1.6700000000000006e-12,5.648e-13,-206185567010.3093
top1,0.5,-1,-9.424e-13,3.010000000000001e-12,2.830000000000001e-12,3.010000000000001e-12,9.424e-13,-236294896030.24573
top1,0.6,-1,-1.4112e-12,6.46e-12,3.97e-12,6.46e-12,1.4112e-12,-187336080929.18692
top1,0.7,-1,-2.01e-12,1.276e-11,4.400000000000001e-12,1.276e-11,2.01e-12,-234466588511.1372
top1,0.8,-1,-2.2642e-12,1.5340000000000002e-11,5.4500000000000004e-12,1.5340000000000002e-11,2.2642e-12,-306842589751.4576
top1,0.9,-1,-2.6618e-12,2.151e-11,6.45e-12,2.151e-11,2.6618e-12,-275027502750.27496
top1,1.0,-1,-2.9914e-12,2.8930000000000004e-11,8e-12,2.8930000000000004e-11,2.9914e-12,-351741118536.7569
top1,1.1,-1,-3.2304e-12,3.4220000000000006e-11,9.68e-12,3.4220000000000006e-11,3.2304e-12,-450045004500.45
top1,1.2,-1,-3.4358e-12,3.962e-11,1.084e-11,3.962e-11,3.4358e-12,-450247636199.9102
top1,1.3,-1,-3.6746e-12,4.353e-11,1.296e-11,4.353e-11,3.6746e-12,-445434298440.98047
top1,1.4,-1,-3.8848e-12,4.608e-11,1.519e-11,4.608e-11,3.8848e-12,-612745098039.2157
top1,1.5,-1,-4.001e-12,4.7940000000000005e-11,1.6980000000000002e-11,4.7940000000000005e-11,4.001e-12,-919117647058.8224
top1,1.6,-1,-4.1024e-12,4.8170000000000007e-11,2.0170000000000003e-11,4.8170000000000007e-11,4.1024e-12,-2066115702479.3352
top1,1.7,-1,-4.0978e-12,5.011e-11,2.192e-11,5.011e-11,4.0978e-12,-5524861878453.009
top1,1.8,-1,-4.1386e-12,5.04e-11,2.473e-11,5.04e-11,4.1386e-12,-2604166666666.675
top1,1.9,-1,-4.1746e-12,4.8710000000000006e-11,2.853e-11,4.8710000000000006e-11,4.1746e-12,22579989613.204773
top1,2.0,-1,4.7188e-12,-2.0770000000000003e-11,-4.24e-11,2.0770000000000003e-11,4.7188e-12,-271444082519.0008
top1,2.1,-1,-4.9114e-12,7.700000000000002e-13,3.8220000000000005e-11,7.700000000000002e-13,4.9114e-12,-26747980527.470203
top1,2.2,-1,-2.7584e-12,2.120000000000001e-12,3e-12,2.120000000000001e-12,2.7584e-12,40264132710.58145
top1,2.3000000000000003,-1,5.58e-14,-1.3300000000000002e-12,2.2500000000000003e-12,1.3300000000000002e-12,5.58e-14,84659668134.1008
top1,2.4,-1,-3.96e-13,3.800000000000001e-13,2.1000000000000003e-12,3.800000000000001e-13,3.96e-13,-200040008001.60004
top1,2.5,-1,-9.44e-13,2.77e-12,2.6500000000000002e-12,2.77e-12,9.44e-13,-228937728937.7292
top1,2.6,-1,-1.2696e-12,3.67e-12,3.490000000000001e-12,3.67e-12,1.2696e-12,-275103163686.3826
top1,2.7,-1,-1.671e-12,8.170000000000003e-12,4.150000000000001e-12,8.170000000000003e-12,1.671e-12,-320410124959.9491
top1,2.8000000000000003,-1,-1.8938e-12,1.1150000000000002e-11,4.400000000000001e-12,1.1150000000000002e-11,1.8938e-12,-304506699147.38086
top1,2.9,-1,-2.3278e-12,1.6140000000000002e-11,5.33e-12,1.6140000000000002e-11,2.3278e-12,-217344055640.078
top1,3.0,-1,-2.814e-12,2.3590000000000003e-11,6.65e-12,2.3590000000000003e-11,2.814e-12,-277700638711.46924
top1,3.1,-1,-3.048e-12,2.979e-11,7.890000000000001e-12,2.979e-11,3.048e-12,-454959053685.1689
top1,3.2,-1,-3.2536e-12,3.547e-11,9.52e-12,3.547e-11,3.2536e-12,-405679513184.5845
top1,3.3000000000000003,-1,-3.541e-12,3.954e-11,1.142e-11,3.954e-11,3.541e-12,-468384074941.4508
top1,3.4,-1,-3.6806e-12,4.315e-11,1.29e-11,4.315e-11,3.6806e-12,-719424460431.6542
top1,3.5,-1,-3.819e-12,4.473e-11,1.454e-11,4.473e-11,3.819e-12,-685871056241.429
top1,3.6,-1,-3.9722e-12,4.6350000000000007e-11,1.621e-11,4.6350000000000007e-11,3.9722e-12,-1090512540894.22
top1,3.7,-1,-4.0024e-12,4.712e-11,1.7490000000000002e-11,4.712e-11,4.0024e-12,-1742160278745.642
top1,3.8,-1,-4.087e-12,4.887e-11,1.9530000000000003e-11,4.887e-11,4.087e-12,-1402524544179.5232
top1,3.9,-1,-4.145e-12,4.9470000000000005e-11,2.233e-11,4.9470000000000005e-11,4.145e-12,-1328021248339.9736
top1,4.0,-1,-4.2376e-12,4.913e-11,2.6250000000000003e-11,4.913e-11,4.2376e-12,22872827081.427235
top1,4.1,-1,4.599e-12,-2.673e-11,-4.09e-11,2.673e-11,4.599e-12,-286779466590.19214
top1,4.2,-1,-4.935e-12,8.300000000000001e-13,4.018e-11,8.300000000000001e-13,4.935e-12,-25168629819.79264
top1,4.3,-1,-3.3474e-12,1.6100000000000002e-12,7.94e-12,1.6100000000000002e-12,3.3474e-12,33149903865.27882
top1,4.4,-1,1.0982e-12,-5.500000000000001e-13,1.36e-12,5.500000000000001e-13,1.0982e-12,49414438899.04634
top1,4.5,-1,7e-13,-1.79e-12,1.41e-12,1.79e-12,7e-13,-180375180375.1805
top1,4.6000000000000005,-1,-1.06e-14,2.0000000000000003e-14,1.6300000000000001e-12,2.0000000000000003e-14,1.06e-14,-170386777986.02844
top1,4.7,-1,-4.738e-13,-8.000000000000001e-14,2.29e-12,8.000000000000001e-14,4.738e-13,-214408233276.15704
top1,4.8,-1,-9.434e-13,2.4800000000000003e-12,3.160000000000001e-12,2.4800000000000003e-12,9.434e-13,-245218244237.3715
top1,4.9,-1,-1.2894e-12,4.6500000000000006e-12,2.82e-12,4.6500000000000006e-12,1.2894e-12,-267522739432.85205
top1,5.0,-1,-1.691e-12,8.780000000000001e-12,4.5400000000000004e-12,8.780000000000001e-12,1.691e-12,-249003984063.74408
top1,0.0,0,-2.1116e-12,4.941000000000001e-11,2.162e-11,4.941000000000001e-11,2.1116e-12,29601461.31757999
top1,0.1,0,3.3761e-09,-6.400000000000001e-13,-3.2989e-09,6.400000000000001e-13,3.3761e-09,51191329.74495763
top1,0.2,0,3.9048e-09,1.09e-12,-3.939e-09,1.09e-12,3.9048e-09,247188233.8400692
top1,0.3,0,4.1852e-09,-4.75e-11,-4.2024e-09,4.75e-11,4.1852e-09,413052457.6621234
top1,0.4,0,4.389e-09,-1.85e-12,-4.4186e-09,1.85e-12,4.389e-09,516929439.1315586
top1,0.5,0,4.5721e-09,-1.85e-12,-4.5326e-09,1.85e-12,4.5721e-09,683060109.2896161
top1,0.6,0,4.6818e-09,4.519e-11,-4.6568e-09,4.519e-11,4.6818e-09,914494741.6552372
top1,0.7,0,4.7908e-09,3.28e-12,-4.7587e-09,3.28e-12,4.7908e-09,994530084.5350574
top1,0.8,0,4.8829e-09,1.74e-12,-4.9102e-09,1.74e-12,4.8829e-09,857632933.1046296
top1,0.9,0,5.024e-09,-4.3250000000000006e-11,-5.0366e-09,4.3250000000000006e-11,5.024e-09,790513833.992095
top1,1.0,0,5.1359e-09,-5.39e-12,-5.1764e-09,5.39e-12,5.1359e-09,902934537.2460512
top1,1.1,0,5.2455e-09,-1.8400000000000002e-12,-5.2052e-09,1.8400000000000002e-12,5.2455e-09,1212121212.1212108
top1,1.2,0,5.3009e-09,4.166e-11,-5.2903e-09,4.166e-11,5.3009e-09,1445086705.2023091
top1,1.3,0,5.3839e-09,8.06e-12,-5.3244e-09,8.06e-12,5.3839e-09,1463057790.7827356
top1,1.4,0,5.4376e-09,1.0600000000000001e-12,-5.4236e-09,1.0600000000000001e-12,5.4376e-09,1357773251.8669367
top1,1.5,0,5.5312e-09,-7.61e-12,-5.5268e-09,7.61e-12,5.5312e-09,1126126126.1261263
top1,1.6,0,5.6152e-09,-4.9070000000000005e-11,-5.6246e-09,4.9070000000000005e-11,5.6152e-09,1116071428.5714312
top1,1.7,0,5.7104e-09,-1.1600000000000001e-12,-5.7077e-09,1.1600000000000001e-12,5.7104e-09,1249219237.9762654
top1,1.8,0,5.7753e-09,4.63e-12,-5.7458e-09,4.63e-12,5.7753e-09,2577319587.628847
top1,1.9,0,5.788e-09,4.9370000000000006e-11,-5.7803e-09,4.9370000000000006e-11,5.788e-09,2610966057.4412694
top1,2.0,0,5.8519e-09,1.04e-12,-5.8294e-09,1.04e-12,5.8519e-09,2433090024.3309126
top1,2.1,0,5.8702e-09,-2.3200000000000002e-12,-5.9035e-09,2.3200000000000002e-12,5.8702e-09,2352941176.470578
top1,2.2,0,5.9369e-09,-5.007e-11,-5.9651e-09,5.007e-11,5.9369e-09,1297016861.2191958
top1,2.3000000000000003,0,6.0244e-09,9e-14,-6.0313e-09,9e-14,6.0244e-09,1223990208.0783362
top1,2.4,0,6.1003e-09,6.1e-13,-6.0678e-09,6.1e-13,6.1003e-09,2886002886.002876
top1,2.5,0,6.0937e-09,4.975e-11,-6.0974e-09,4.975e-11,6.0937e-09,5025125628.140629
top1,2.6,0,6.1401e-09,7.200000000000003e-13,-6.1011e-09,7.200000000000003e-13,6.1401e-09,3565062388.5918403
top1,2.7,0,6.1498e-09,1.2000000000000001e-12,-6.1797e-09,1.2000000000000001e-12,6.1498e-09,2406738868.8327503
top1,2.8000000000000003,0,6.2232e-09,-4.815e-11,-6.2505e-09,4.815e-11,6.2232e-09,1503759398.4962356
top1,2.9,0,6.2828e-09,-1.6100000000000002e-12,-6.3122e-09,1.6100000000000002e-12,6.2828e-09,1494768310.911801
top1,3.0,0,6.357e-09,-1.13e-12,-6.3126e-09,1.13e-12,6.357e-09,1966568338.2497523
top1,3.1,0,6.3845e-09,4.476e-11,-6.3622e-09,4.476e-11,6.3845e-09,6451612903.225899
top1,3.2,0,6.388e-09,1.45e-12,-6.3528e-09,1.45e-12,6.388e-09,14814814814.815275
top1,3.3000000000000003,0,6.398e-09,2.16e-12,-6.4301e-09,2.16e-12,6.398e-09,2739726027.3972545
top1,3.4,0,6.461e-09,-4.1e-11,-6.4867e-09,4.1e-11,6.461e-09,1811594202.8985355
top1,3.5,0,6.5084e-09,-1.1560000000000002e-11,-6.5374e-09,1.1560000000000002e-11,6.5084e-09,1514004542.0136228
top1,3.6,0,6.5931e-09,-2.39e-12,-6.5656e-09,2.39e-12,6.5931e-09,2333722287.04786
top1,3.7,0,6.5941e-09,3.675e-11,-6.5848e-09,3.675e-11,6.5941e-09,10695187165.77568
top1,3.8,0,6.6118e-09,1.4630000000000002e-11,-6.5781e-09,1.4630000000000002e-11,6.6118e-09,-44444444444.44301
top1,3.9,0,6.5896e-09,1.5e-12,-6.6045e-09,1.5e-12,6.5896e-09,4219409282.7003736
top1,4.0,0,6.6592e-09,-3.164e-11,-6.6863e-09,3.164e-11,6.6592e-09,2244668911.335564
top1,4.1,0,6.6787e-09,-2.588e-11,-6.7119e-09,2.588e-11,6.6787e-09,2222222222.2222366
top1,4.2,0,6.7492e-09,-1.8900000000000002e-12,-6.7029e-09,1.8900000000000002e-12,6.7492e-09,3316749585.406311
top1,4.3,0,6.739e-09,2.2880000000000003e-11,-6.7291e-09,2.2880000000000003e-11,6.739e-09,-27027027027.027824
top1,4.4,0,6.7418e-09,3.315e-11,-6.7263e-09,3.315e-11,6.7418e-09,15625000000.000269
top1,4.5,0,6.7518e-09,1.7000000000000002e-12,-6.7688e-09,1.7000000000000002e-12,6.7518e-09,3861003861.0038514
top1,4.6000000000000005,0,6.7936e-09,-1.8840000000000003e-11,-6.8153e-09,1.8840000000000003e-11,6.7936e-09,1949317738.791424
top1,4.7,0,6.8544e-09,-3.835e-11,-6.8946e-09,3.835e-11,6.8544e-09,1736111111.1111083
top1,4.8,0,6.9088e-09,-8.7e-13,-6.9019e-09,8.7e-13,6.9088e-09,2587322121.6041374
top1,4.9,0,6.9317e-09,1.171e-11,-6.8589999999999996e-09,1.171e-11,6.9317e-09,-57142857142.85992
top1,5.0,0,6.9053e-09,4.005e-11,-6.8878e-09,4.005e-11,6.9053e-09,-3787878787.8788
top1,0.0,1,9.837e-11,6.900000000000001e-13,-8.083e-11,6.900000000000001e-13,9.837e-11,513606.3832644853
top1,0.1,1,1.948e-07,-1.6200000000000004e-12,-1.9478e-07,1.6200000000000004e-12,1.948e-07,554106.2137941804
top1,0.2,1,3.6104e-07,1.5e-12,-3.6106e-07,1.5e-12,3.6104e-07,652826.7397832614
top1,0.3,1,5.0116e-07,-1.4200000000000002e-12,-5.0116e-07,1.4200000000000002e-12,5.0116e-07,779544.745868413
top1,0.4,1,6.176e-07,2.1170000000000003e-11,-6.171e-07,2.1170000000000003e-11,6.176e-07,950751.0933637576
top1,0.5,1,7.1152e-07,-3.616e-11,-7.1128e-07,3.616e-11,7.1152e-07,1185114.956150747
top1,0.6,1,7.8636e-07,6.26e-12,-7.8598e-07,6.26e-12,7.8636e-07,1519987.8400972795
top1,0.7,1,8.431e-07,1.8200000000000003e-12,-8.43e-07,1.8200000000000003e-12,8.431e-07,2043318.348998774
top1,0.8,1,8.8424e-07,-1.5800000000000001e-12,-8.827999999999999e-07,1.5800000000000001e-12,8.8424e-07,2962085.308056876
top1,0.9,1,9.1062e-07,4.938e-11,-9.1006e-07,4.938e-11,9.1062e-07,4668534.080298788
top1,1.0,1,9.2708e-07,-4.177e-11,-9.2708e-07,4.177e-11,9.2708e-07,7535795.026375279
top1,1.1,1,9.3716e-07,8.55e-12,-9.3772e-07,8.55e-12,9.3716e-07,11806375.442739043
top1,1.2,1,9.4402e-07,1.07e-12,-9.447e-07,1.07e-12,9.4402e-07,15748031.496062988
top1,1.3,1,9.4986e-07,-3.0000000000000014e-13,-9.515e-07,3.0000000000000014e-13,9.4986e-07,15600624.024961105
top1,1.4,1,9.5684e-07,4.515e-11,-9.5566e-07,4.515e-11,9.5684e-07,23640661.93853439
top1,1.5,1,9.5832e-07,-4.6200000000000006e-11,-9.5948e-07,4.6200000000000006e-11,9.5832e-07,32786885.245901447
top1,1.6,1,9.6294e-07,-1.7700000000000001e-12,-9.6276e-07,1.7700000000000001e-12,9.6294e-07,26737967.914438456
top1,1.7,1,9.658e-07,1.59e-12,-9.6538e-07,1.59e-12,9.658e-07,33783783.783784136
top1,1.8,1,9.6886e-07,-6.900000000000001e-12,-9.69e-07,6.900000000000001e-12,9.6886e-07,27472527.47252751
top1,1.9,1,9.7308e-07,1.928e-11,-9.7158e-07,1.928e-11,9.7308e-07,34129692.83276465
top1,2.0,1,9.7472e-07,-4.9080000000000007e-11,-9.7398e-07,4.9080000000000007e-11,9.7472e-07,56497175.14124139
top1,2.1,1,9.7662e-07,1.052e-11,-9.7632e-07,1.052e-11,9.7662e-07,48780487.80487695
top1,2.2,1,9.7882e-07,1.17e-12,-9.7772e-07,1.17e-12,9.7882e-07,53191489.36170177
top1,2.3000000000000003,1,9.8038e-07,-1.36e-12,-9.8142e-07,1.36e-12,9.8038e-07,49504950.49505039
top1,2.4,1,9.8286e-07,1.2900000000000002e-12,-9.8364e-07,1.2900000000000002e-12,9.8286e-07,40485829.9595142
top1,2.5,1,9.8532e-07,-2.539e-11,-9.8606e-07,2.539e-11,9.8532e-07,45454545.45454426
top1,2.6,1,9.8726e-07,3.066e-11,-9.8694e-07,3.066e-11,9.8726e-07,56497175.14124482
top1,2.7,1,9.8886e-07,-1.7700000000000001e-12,-9.8878e-07,1.7700000000000001e-12,9.8886e-07,64102564.10256544
top1,2.8000000000000003,1,9.9038e-07,-2.070000000000001e-12,-9.9076e-07,2.070000000000001e-12,9.9038e-07,47846889.952153325
top1,2.9,1,9.9304e-07,7e-13,-9.9264e-07,7e-13,9.9304e-07,46728971.96261695
top1,3.0,1,9.9466e-07,-2.575e-11,-9.954e-07,2.575e-11,9.9466e-07,50761421.31979537
top1,3.1,1,9.9698e-07,5.048e-11,-9.9696e-07,5.048e-11,9.9698e-07,50505050.50505
top1,3.2,1,9.9862e-07,-8.03e-12,-9.9692e-07,8.03e-12,9.9862e-07,67567567.56756835
top1,3.3000000000000003,1,9.9994e-07,-1.6100000000000002e-12,-1.00024e-06,1.6100000000000002e-12,9.9994e-07,68027210.88435246
top1,3.4,1,1.00156e-06,2.49e-12,-1.00144e-06,2.49e-12,1.00156e-06,58479532.16374329
top1,3.5,1,1.00336e-06,-4.8e-11,-1.00242e-06,4.8e-11,1.00336e-06,62499999.999999486
top1,3.6,1,1.00476e-06,3.0610000000000005e-11,-1.00412e-06,3.0610000000000005e-11,1.00476e-06,53191489.36170177
top1,3.7,1,1.00712e-06,2.13e-12,-1.00464e-06,2.13e-12,1.00712e-06,68965517.24137923
top1,3.8,1,1.00766e-06,-9.000000000000001e-13,-1.0069e-06,9.000000000000001e-13,1.00766e-06,116279069.7674387
top1,3.9,1,1.00884e-06,2.16e-11,-1.0088e-06,2.16e-11,1.00884e-06,104166666.6666748
top1,4.0,1,1.00958e-06,-3.488e-11,-1.00974e-06,3.488e-11,1.00958e-06,238095238.09526792
top1,4.1,1,1.00968e-06,7.01e-12,-1.01134e-06,7.01e-12,1.00968e-06,50761421.31979537
top1,4.2,1,1.01352e-06,2.1700000000000002e-12,-1.0125e-06,2.1700000000000002e-12,1.01352e-06,54945054.94505342
top1,4.3,1,1.01332e-06,-6.700000000000003e-13,-1.01358e-06,6.700000000000003e-13,1.01332e-06,88495575.22124232
top1,4.4,1,1.01578e-06,1.5e-12,-1.01564e-06,1.5e-12,1.01578e-06,60975609.756099336
top1,4.5,1,1.0166e-06,-3.143e-11,-1.01702e-06,3.143e-11,1.0166e-06,75757575.75757499
top1,4.6000000000000005,1,1.01842e-06,3.288e-11,-1.01858e-06,3.288e-11,1.01842e-06,70422535.21126658
top1,4.7,1,1.01944e-06,1.59e-12,-1.01966e-06,1.59e-12,1.01944e-06,62499999.99999922
top1,4.8,1,1.02162e-06,-1.09e-12,-1.0217e-06,1.09e-12,1.02162e-06,75757575.75757499
top1,4.9,1,1.02208e-06,1.04e-12,-1.02228e-06,1.04e-12,1.02208e-06,149253731.34329137
top1,5.0,1,1.02296e-06,-1.863e-11,-1.02268e-06,1.863e-11,1.02296e-06,113636363.63637112
top1,0.0,2,1.4836000000000002e-10,6.81e-12,-1.2504e-10,6.81e-12,1.4836000000000002e-10,186305.90490603808
top1,0.1,2,5.369e-07,1.2400000000000002e-12,-5.3668e-07,1.2400000000000002e-12,5.369e-07,192932.5637793576
top1,0.2,2,1.03678e-06,-3.2460000000000003e-11,-1.03686e-06,3.2460000000000003e-11,1.03678e-06,207900.2079002078
top1,0.3,2,1.4989000000000002e-06,1.0000000000000002e-14,-1.4987000000000002e-06,1.0000000000000002e-14,1.4989000000000002e-06,224789.82151688173
top1,0.4,2,1.9265e-06,1.5010000000000002e-11,-1.9275e-06,1.5010000000000002e-11,1.9265e-06,242895.31212047607
top1,0.5,2,2.3223e-06,1.95e-12,-2.3223e-06,1.95e-12,2.3223e-06,263678.3124588002
top1,0.6,2,2.685e-06,-4.486e-11,-2.6854e-06,4.486e-11,2.685e-06,287356.3218390805
top1,0.7,2,3.0183000000000004e-06,2.508e-11,-3.0186e-06,2.508e-11,3.0183000000000004e-06,313971.7425431712
top1,0.8,2,3.322e-06,4.9e-13,-3.323e-06,4.9e-13,3.322e-06,343938.0911435942
top1,0.9,2,3.5998e-06,-2.609e-11,-3.6009000000000005e-06,2.609e-11,3.5998e-06,379218.8092529384
top1,1.0,2,3.849400000000001e-06,2.892e-11,-3.8496e-06,2.892e-11,3.849400000000001e-06,421674.0459624709
top1,1.1,2,4.0741000000000005e-06,2.500000000000001e-12,-4.0733000000000005e-06,2.500000000000001e-12,4.0741000000000005e-06,473036.89687795687
top1,1.2,2,4.2722e-06,-1.8130000000000003e-11,-4.2737e-06,1.8130000000000003e-11,4.2722e-06,534616.4127238712
top1,1.3,2,4.4482e-06,4.425e-11,-4.4472e-06,4.425e-11,4.4482e-06,611433.8122898205
top1,1.4,2,4.5993e-06,4.1e-13,-4.599500000000001e-06,4.1e-13,4.5993e-06,716075.9040458265
top1,1.5,2,4.727500000000001e-06,-1.07e-12,-4.7269e-06,1.07e-12,4.727500000000001e-06,853242.32081911
top1,1.6,2,4.833700000000001e-06,4.006e-11,-4.834800000000001e-06,4.006e-11,4.833700000000001e-06,1030396.7027305536
top1,1.7,2,4.9216e-06,-2.9100000000000003e-12,-4.9227e-06,2.9100000000000003e-12,4.9216e-06,1264222.503160559
top1,1.8,2,4.9919e-06,-1.59e-12,-4.9935000000000006e-06,1.59e-12,4.9919e-06,1607717.0418006445
top1,1.9,2,5.0460000000000005e-06,4.9990000000000007e-11,-5.047700000000001e-06,4.9990000000000007e-11,5.0460000000000005e-06,2053388.0903490728
top1,2.0,2,5.0893000000000006e-06,-2.746e-11,-5.089700000000001e-06,2.746e-11,5.0893000000000006e-06,2617801.047120425
top1,2.1,2,5.1224e-06,-1.91e-12,-5.121900000000001e-06,1.91e-12,5.1224e-06,3311258.2781456816
top1,2.2,2,5.149700000000001e-06,2.18e-12,-5.149700000000001e-06,2.18e-12,5.149700000000001e-06,4008016.03206412
top1,2.3000000000000003,2,5.1723e-06,-4.9580000000000005e-11,-5.1722e-06,4.9580000000000005e-11,5.1723e-06,4926108.37438422
top1,2.4,2,5.190300000000001e-06,2.4e-11,-5.191300000000001e-06,2.4e-11,5.190300000000001e-06,5405405.4054054255
top1,2.5,2,5.2093e-06,2.04e-12,-5.2089e-06,2.04e-12,5.2093e-06,6024096.385542182
top1,2.6,2,5.223500000000001e-06,-1.6940000000000002e-11,-5.223900000000001e-06,1.6940000000000002e-11,5.223500000000001e-06,7092198.5815602895
top1,2.7,2,5.2375e-06,4.509e-11,-5.2391e-06,4.509e-11,5.2375e-06,7067137.809187442
top1,2.8000000000000003,2,5.2518e-06,1.03e-12,-5.2514e-06,1.03e-12,5.2518e-06,7936507.936507863
top1,2.9,2,5.2627000000000005e-06,-1.4400000000000001e-12,-5.264000000000001e-06,1.4400000000000001e-12,5.2627000000000005e-06,8695652.173912857
top1,3.0,2,5.274800000000001e-06,3.222e-11,-5.275e-06,3.222e-11,5.274800000000001e-06,8771929.824561404
top1,3.1,2,5.2855000000000005e-06,-3.761e-11,-5.2878e-06,3.761e-11,5.2855000000000005e-06,9661835.748792443
top1,3.2,2,5.2955e-06,-1.4200000000000002e-12,-5.296400000000001e-06,1.4200000000000002e-12,5.2955e-06,9523809.523809394
top1,3.3000000000000003,2,5.306500000000001e-06,1.69e-12,-5.3059e-06,1.69e-12,5.306500000000001e-06,9478672.985781742
top1,3.4,2,5.316600000000001e-06,-4.582e-11,-5.317000000000001e-06,4.582e-11,5.316600000000001e-06,10362694.300518138
top1,3.5,2,5.325800000000001e-06,8.300000000000001e-13,-5.327300000000001e-06,8.300000000000001e-13,5.325800000000001e-06,10309278.350515824
top1,3.6,2,5.336e-06,1.8000000000000002e-12,-5.335400000000001e-06,1.8000000000000002e-12,5.336e-06,10752688.172042947
top1,3.7,2,5.344400000000001e-06,-4.778e-11,-5.344700000000001e-06,4.778e-11,5.344400000000001e-06,11299435.028248154
top1,3.8,2,5.353700000000001e-06,1.8100000000000002e-12,-5.3543000000000006e-06,1.8100000000000002e-12,5.353700000000001e-06,11627906.97674444
top1,3.9,2,5.3616000000000005e-06,4.800000000000001e-13,-5.362900000000001e-06,4.800000000000001e-13,5.3616000000000005e-06,12738853.503184944
top1,4.0,2,5.369400000000001e-06,-5.0090000000000005e-11,-5.3696e-06,5.0090000000000005e-11,5.369400000000001e-06,11560693.641618604
top1,4.1,2,5.3789e-06,-1.6200000000000004e-12,-5.379500000000001e-06,1.6200000000000004e-12,5.3789e-06,12345679.012345731
top1,4.2,2,5.385600000000001e-06,9.600000000000002e-13,-5.3855e-06,9.600000000000002e-13,5.385600000000001e-06,13698630.136985682
top1,4.3,2,5.393500000000001e-06,-4.941000000000001e-11,-5.394200000000001e-06,4.941000000000001e-11,5.393500000000001e-06,11428571.428571273
top1,4.4,2,5.403100000000001e-06,-6.400000000000001e-13,-5.4025e-06,6.400000000000001e-13,5.403100000000001e-06,12195121.951219866
top1,4.5,2,5.4099000000000005e-06,1.26e-12,-5.408500000000001e-06,1.26e-12,5.4099000000000005e-06,14084507.042253736
top1,4.6000000000000005,2,5.417300000000001e-06,-3.208e-11,-5.4165000000000006e-06,3.208e-11,5.417300000000001e-06,14285714.28571409
top1,4.7,2,5.423900000000001e-06,3.794e-11,-5.426e-06,3.794e-11,5.423900000000001e-06,13157894.736841803
top1,4.8,2,5.432500000000001e-06,6.8e-13,-5.433500000000001e-06,6.8e-13,5.432500000000001e-06,12500000.000000397
top1,4.9,2,5.4399e-06,-8.800000000000002e-13,-5.440100000000001e-06,8.800000000000002e-13,5.4399e-06,15625000.000000907
top1,5.0,2,5.4453e-06,4.985e-11,-5.446300000000001e-06,4.985e-11,5.4453e-06,18518518.518518515
top1,0.0,3,3.3118000000000004e-10,5.79e-12,-2.9742000000000004e-10,5.79e-12,3.3118000000000004e-10,104711.07481499492
top1,0.1,3,9.5534e-07,-3.774e-11,-9.5522e-07,3.774e-11,9.5534e-07,107171.44014869994
top1,0.2,3,1.8665000000000005e-06,-1.5600000000000002e-12,-1.8672e-06,1.5600000000000002e-12,1.8665000000000005e-06,112469.49265011864
top1,0.3,3,2.7336000000000004e-06,5.65e-12,-2.7338000000000004e-06,5.65e-12,2.7336000000000004e-06,118196.32409432063
top1,0.4,3,3.5586000000000005e-06,2.5500000000000002e-12,-3.5591000000000004e-06,2.5500000000000002e-12,3.5586000000000005e-06,124347.17731907488
top1,0.5,3,4.342e-06,-1.312e-11,-4.3429e-06,1.312e-11,4.342e-06,131113.15064901006
top1,0.6,3,5.084000000000001e-06,3.485e-11,-5.0845e-06,3.485e-11,5.084000000000001e-06,138350.85777531823
top1,0.7,3,5.7876e-06,1.8000000000000002e-12,-5.788700000000001e-06,1.8000000000000002e-12,5.7876e-06,146060.03067260652
top1,0.8,3,6.4533000000000005e-06,-1.246e-11,-6.4529000000000005e-06,1.246e-11,6.4533000000000005e-06,154750.85112968113
top1,0.9,3,7.080000000000001e-06,4.579e-11,-7.081100000000001e-06,4.579e-11,7.080000000000001e-06,164068.90894175542
top1,1.0,3,7.672300000000001e-06,-4.600000000000003e-13,-7.673000000000001e-06,4.600000000000003e-13,7.672300000000001e-06,173988.6907351022
top1,1.1,3,8.229500000000001e-06,-1.4900000000000001e-12,-8.230100000000001e-06,1.4900000000000001e-12,8.229500000000001e-06,185305.2904660428
top1,1.2,3,8.751600000000001e-06,4.932e-11,-8.750800000000001e-06,4.932e-11,8.751600000000001e-06,198019.80198019824
top1,1.3,3,9.2395e-06,-3.15e-12,-9.2403e-06,3.15e-12,9.2395e-06,211126.35912593704
top1,1.4,3,9.6989e-06,-1.5e-12,-9.6979e-06,1.5e-12,9.6989e-06,226065.33288120257
top1,1.5,3,1.01242e-05,2.518e-11,-1.01234e-05,2.518e-11,1.01242e-05,243842.96513045608
top1,1.6,3,1.05191e-05,-5.670000000000001e-12,-1.05194e-05,5.670000000000001e-12,1.05191e-05,262054.5073375257
top1,1.7,3,1.0887400000000002e-05,-1.6800000000000001e-12,-1.0887e-05,1.6800000000000001e-12,1.0887400000000002e-05,283808.71292748675
top1,1.8,3,1.12238e-05,1.7690000000000002e-11,-1.12247e-05,1.7690000000000002e-11,1.12238e-05,310269.93484331446
top1,1.9,3,1.1532e-05,1.7000000000000002e-12,-1.1530200000000002e-05,1.7000000000000002e-12,1.1532e-05,340020.401224074
top1,2.0,3,1.1812e-05,9.9e-13,-1.1814e-05,9.9e-13,1.1812e-05,374531.83520599216
top1,2.1,3,1.2066e-05,-1.1900000000000002e-12,-1.2068e-05,1.1900000000000002e-12,1.2066e-05,413223.14049586747
top1,2.2,3,1.2296e-05,1.37e-12,-1.2298e-05,1.37e-12,1.2296e-05,458715.5963302768
top1,2.3000000000000003,3,1.2502e-05,-8.670000000000001e-12,-1.25e-05,8.670000000000001e-12,1.2502e-05,518134.71502590686
top1,2.4,3,1.2682e-05,4.016e-11,-1.2684e-05,4.016e-11,1.2682e-05,588235.2941176461
top1,2.5,3,1.2842e-05,-4.746e-11,-1.284e-05,4.746e-11,1.2842e-05,671140.9395973133
top1,2.6,3,1.298e-05,3.0460000000000004e-11,-1.2978e-05,3.0460000000000004e-11,1.298e-05,781249.9999999987
top1,2.7,3,1.3098e-05,-5.08e-12,-1.3098e-05,5.08e-12,1.3098e-05,917431.1926605572
top1,2.8000000000000003,3,1.3198e-05,-1.8100000000000002e-12,-1.3198e-05,1.8100000000000002e-12,1.3198e-05,1075268.8172043022
top1,2.9,3,1.3284e-05,1.3300000000000002e-12,-1.3282e-05,1.3300000000000002e-12,1.3284e-05,1219512.195121946
top1,3.0,3,1.3362e-05,-7.800000000000002e-13,-1.3362e-05,7.800000000000002e-13,1.3362e-05,1470588.2352941183
top1,3.1,3,1.342e-05,1.2e-11,-1.342e-05,1.2e-11,1.342e-05,1754385.964912268
top1,3.2,3,1.3476e-05,-4.697000000000001e-11,-1.3476e-05,4.697000000000001e-11,1.3476e-05,1960784.3137254915
top1,3.3000000000000003,3,1.3522e-05,4.6630000000000005e-11,-1.3522e-05,4.6630000000000005e-11,1.3522e-05,2222222.2222222406
top1,3.4,3,1.3566e-05,-2.314e-11,-1.3568e-05,2.314e-11,1.3566e-05,2499999.999999968
top1,3.5,3,1.3602e-05,1.08e-12,-1.3606e-05,1.08e-12,1.3602e-05,2777777.777777768
top1,3.6,3,1.3638e-05,1.5400000000000001e-12,-1.3642e-05,1.5400000000000001e-12,1.3638e-05,2702702.702702719
top1,3.7,3,1.3676e-05,-1.3500000000000001e-12,-1.3678e-05,1.3500000000000001e-12,1.3676e-05,2857142.857142887
top1,3.8,3,1.3708e-05,3.789e-11,-1.3702e-05,3.789e-11,1.3708e-05,3333333.333333361
top1,3.9,3,1.3736e-05,-4.946e-11,-1.3734e-05,4.946e-11,1.3736e-05,3703703.7037037113
top1,4.0,3,1.3762e-05,3.355e-11,-1.3762e-05,3.355e-11,1.3762e-05,3846153.846153802
top1,4.1,3,1.3788e-05,-6.7e-12,-1.3788e-05,6.7e-12,1.3788e-05,3846153.846153811
top1,4.2,3,1.3814e-05,-9.600000000000002e-13,-1.3816e-05,9.600000000000002e-13,1.3814e-05,4166666.666666652
top1,4.3,3,1.3836e-05,8.7e-13,-1.3834e-05,8.7e-13,1.3836e-05,4347826.08695644
top1,4.4,3,1.386e-05,-9.26e-12,-1.3862e-05,9.26e-12,1.386e-05,4347826.086956599
top1,4.5,3,1.3882e-05,4.629e-11,-1.3882e-05,4.629e-11,1.3882e-05,4761904.761904889
top1,4.6000000000000005,3,1.3902e-05,-4.6350000000000007e-11,-1.3904e-05,4.6350000000000007e-11,1.3902e-05,4166666.666666652
top1,4.7,3,1.393e-05,1.22e-12,-1.3928e-05,1.22e-12,1.393e-05,4347826.08695642
top1,4.8,3,1.3948e-05,2.21e-12,-1.3948e-05,2.21e-12,1.3948e-05,5000000.000000052
top1,4.9,3,1.397e-05,-2.39e-12,-1.3974e-05,2.39e-12,1.397e-05,5000000.000000052
top1,5.0,3,1.3988e-05,1.91e-11,-1.399e-05,1.91e-11,1.3988e-05,5555555.55555538
top1,0.0,4,4.0157e-10,-1.7700000000000001e-12,-3.0101000000000003e-10,1.7700000000000001e-12,4.0157e-10,69531.43454620514
top1,0.1,4,1.4386e-06,8.03e-12,-1.4392e-06,8.03e-12,1.4386e-06,70701.39670573841
top1,0.2,4,2.8292000000000004e-06,3.3260000000000003e-11,-2.8295e-06,3.3260000000000003e-11,2.8292000000000004e-06,73294.97562942057
top1,0.3,4,4.167300000000001e-06,1.9400000000000002e-12,-4.1683e-06,1.9400000000000002e-12,4.167300000000001e-06,76060.08746910057
top1,0.4,4,5.458700000000001e-06,-1.9200000000000003e-12,-5.459500000000001e-06,1.9200000000000003e-12,5.458700000000001e-06,78876.79444707368
top1,0.5,4,6.702900000000001e-06,4.826e-11,-6.7024e-06,4.826e-11,6.702900000000001e-06,82007.54469411186
top1,0.6,4,7.8975e-06,-1.8310000000000003e-11,-7.898100000000002e-06,1.8310000000000003e-11,7.8975e-06,85313.31314251592
top1,0.7,4,9.0472e-06,-2.350000000000001e-12,-9.0477e-06,2.350000000000001e-12,9.0472e-06,88746.89385871492
top1,0.8,4,1.0151100000000002e-05,1.7600000000000002e-12,-1.0150300000000002e-05,1.7600000000000002e-12,1.0151100000000002e-05,92348.89412199284
top1,0.9,4,1.12129e-05,-5.054e-11,-1.12129e-05,5.054e-11,1.12129e-05,96483.18780452512
top1,1.0,4,1.2224e-05,-1.6670000000000002e-11,-1.2224e-05,1.6670000000000002e-11,1.2224e-05,100649.18725781293
top1,1.1,4,1.32e-05,-1.6100000000000002e-12,-1.3202e-05,1.6100000000000002e-12,1.32e-05,105042.01680672262
top1,1.2,4,1.4128e-05,2.070000000000001e-12,-1.4132e-05,2.070000000000001e-12,1.4128e-05,109769.48408342476
top1,1.3,4,1.5022e-05,-9.9e-13,-1.5026e-05,9.9e-13,1.5022e-05,114416.4759725401
top1,1.4,4,1.5876000000000002e-05,4.6270000000000005e-11,-1.5878e-05,4.6270000000000005e-11,1.5876000000000002e-05,119760.47904191609
top1,1.5,4,1.6692000000000002e-05,-4.8130000000000006e-11,-1.6694e-05,4.8130000000000006e-11,1.6692000000000002e-05,125628.14070351774
top1,1.6,4,1.7468e-05,1.437e-11,-1.747e-05,1.437e-11,1.7468e-05,132275.13227513238
top1,1.7,4,1.8204e-05,1.08e-12,-1.8206e-05,1.08e-12,1.8204e-05,139082.0584144643
top1,1.8,4,1.8906e-05,-1.98e-12,-1.8906e-05,1.98e-12,1.8906e-05,146198.83040935674
top1,1.9,4,1.9572e-05,7e-13,-1.9574e-05,7e-13,1.9572e-05,154083.2049306625
top1,2.0,4,2.0204e-05,-2.39e-12,-2.0206e-05,2.39e-12,2.0204e-05,162866.44951140074
top1,2.1,4,2.08e-05,4.1390000000000005e-11,-2.08e-05,4.1390000000000005e-11,2.08e-05,171821.30584192488
top1,2.2,4,2.1368e-05,-4.619e-11,-2.137e-05,4.619e-11,2.1368e-05,182149.36247723168
top1,2.3000000000000003,4,2.1898e-05,2.662e-11,-2.19e-05,2.662e-11,2.1898e-05,193423.59767891647
top1,2.4,4,2.2402e-05,2.070000000000001e-12,-2.2402e-05,2.070000000000001e-12,2.2402e-05,206185.56701030847
top1,2.5,4,2.2868e-05,-6.700000000000003e-13,-2.2866e-05,6.700000000000003e-13,2.2868e-05,220750.5518763796
top1,2.6,4,2.3308e-05,3.5e-13,-2.3308e-05,3.5e-13,2.3308e-05,235849.056603774
top1,2.7,4,2.3716e-05,-3.073e-11,-2.3718e-05,3.073e-11,2.3716e-05,253164.5569620253
top1,2.8000000000000003,4,2.4098e-05,3.339e-11,-2.4102e-05,3.339e-11,2.4098e-05,273972.6027397264
top1,2.9,4,2.4446e-05,-5.95e-12,-2.445e-05,5.95e-12,2.4446e-05,295857.98816568084
top1,3.0,4,2.4774e-05,-1.51e-12,-2.4772e-05,1.51e-12,2.4774e-05,319488.8178913739
top1,3.1,4,2.5072e-05,1.12e-12,-2.5074e-05,1.12e-12,2.5072e-05,353356.89045936364
top1,3.2,4,2.534e-05,-9.5e-13,-2.534e-05,9.5e-13,2.534e-05,387596.8992248066
top1,3.3000000000000003,4,2.5588e-05,2.466e-11,-2.559e-05,2.466e-11,2.5588e-05,423728.8135593232
top1,3.4,4,2.5812e-05,-3.1700000000000004e-11,-2.5812e-05,3.1700000000000004e-11,2.5812e-05,467289.7196261676
top1,3.5,4,2.6016e-05,4.6860000000000007e-11,-2.6012e-05,4.6860000000000007e-11,2.6016e-05,526315.789473685
top1,3.6,4,2.6192e-05,-2.9590000000000005e-11,-2.6192e-05,2.9590000000000005e-11,2.6192e-05,595238.095238093
top1,3.7,4,2.6352e-05,3.02e-12,-2.6354e-05,3.02e-12,2.6352e-05,653594.7712418304
top1,3.8,4,2.6498e-05,1.98e-12,-2.6502e-05,1.98e-12,2.6498e-05,729927.007299266
top1,3.9,4,2.6626e-05,-2.1500000000000003e-12,-2.6628e-05,2.1500000000000003e-12,2.6626e-05,813008.1300812976
top1,4.0,4,2.6744e-05,1.3000000000000001e-12,-2.6742e-05,1.3000000000000001e-12,2.6744e-05,900900.9009009042
top1,4.1,4,2.6848e-05,-1.6890000000000003e-11,-2.685e-05,1.6890000000000003e-11,2.6848e-05,990099.0099009788
top1,4.2,4,2.6946000000000003e-05,4.819e-11,-2.6944e-05,4.819e-11,2.6946000000000003e-05,1063829.7872340498
top1,4.3,4,2.7036e-05,-4.538e-11,-2.703e-05,4.538e-11,2.7036e-05,1204819.2771084488
top1,4.4,4,2.7112e-05,-4.600000000000003e-13,-2.711e-05,4.600000000000003e-13,2.7112e-05,1388888.888888884
top1,4.5,4,2.718e-05,1.9200000000000003e-12,-2.718e-05,1.9200000000000003e-12,2.718e-05,1428571.4285714088
top1,4.6000000000000005,4,2.7252000000000003e-05,-1.3500000000000001e-12,-2.7248e-05,1.3500000000000001e-12,2.7252000000000003e-05,1515151.5151515
top1,4.7,4,2.7312e-05,9.41e-12,-2.7312e-05,9.41e-12,2.7312e-05,1666666.6666666768
top1,4.8,4,2.7372e-05,-4.9480000000000006e-11,-2.738e-05,4.9480000000000006e-11,2.7372e-05,1639344.2622950857
top1,4.9,4,2.7434e-05,2.582e-11,-2.7428e-05,2.582e-11,2.7434e-05,1694915.2542373205
top1,5.0,4,2.749e-05,-1.4900000000000001e-12,-2.7486e-05,1.4900000000000001e-12,2.749e-05,1785714.2857143614
top1,0.0,5,8.884e-10,4.695e-11,-4.17e-10,4.695e-11,8.884e-10,50499.65367337511
top1,0.1,5,1.9811000000000004e-06,-1.106e-11,-1.9809000000000004e-06,1.106e-11,1.9811000000000004e-06,51180.84968194684
top1,0.2,5,3.9086e-06,-3.515e-11,-3.908800000000001e-06,3.515e-11,3.9086e-06,52678.7125322657
top1,0.3,5,5.777700000000001e-06,-1.8400000000000002e-12,-5.7784e-06,1.8400000000000002e-12,5.777700000000001e-06,54244.64334147003
top1,0.4,5,7.5956e-06,1.7600000000000002e-12,-7.5956e-06,1.7600000000000002e-12,7.5956e-06,55809.80020091527
top1,0.5,5,9.3613e-06,-4.899e-11,-9.361e-06,4.899e-11,9.3613e-06,57560.58251309501
top1,0.6,5,1.10702e-05,1.965e-11,-1.10695e-05,1.965e-11,1.10702e-05,59370.08341496724
top1,0.7,5,1.273e-05,5.300000000000003e-13,-1.273e-05,5.300000000000003e-13,1.273e-05,61240.73733847757
top1,0.8,5,1.4336e-05,1.2000000000000001e-12,-1.4338e-05,1.2000000000000001e-12,1.4336e-05,63171.19393556534
top1,0.9,5,1.5896e-05,-1.5200000000000002e-12,-1.5902e-05,1.5200000000000002e-12,1.5896e-05,65104.16666666668
top1,1.0,5,1.7408e-05,4.99e-12,-1.7408e-05,4.99e-12,1.7408e-05,67249.49562878281
top1,1.1,5,1.887e-05,-4.517e-11,-1.8876e-05,4.517e-11,1.887e-05,69492.703266157
top1,1.2,5,2.0286e-05,4.681e-11,-2.0284e-05,4.681e-11,2.0286e-05,71787.5089734386
top1,1.3,5,2.1656e-05,-2.3500000000000003e-11,-2.1656e-05,2.3500000000000003e-11,2.1656e-05,74239.04974016342
top1,1.4,5,2.298e-05,2.1000000000000001e-13,-2.298e-05,2.1000000000000001e-13,2.298e-05,76745.970836531
top1,1.5,5,2.4262000000000003e-05,1.3900000000000001e-12,-2.4264e-05,1.3900000000000001e-12,2.4262000000000003e-05,79365.07936507936
top1,1.6,5,2.55e-05,-2.06e-12,-2.5494e-05,2.06e-12,2.55e-05,82372.32289950583
top1,1.7,5,2.669e-05,5.012e-11,-2.669e-05,5.012e-11,2.669e-05,85689.80291345321
top1,1.8,5,2.7834e-05,-3.876e-11,-2.784e-05,3.876e-11,2.7834e-05,88652.48226950361
top1,1.9,5,2.8946e-05,7.73e-12,-2.8952e-05,7.73e-12,2.8946e-05,91491.30832570908
top1,2.0,5,3.002e-05,1.1900000000000002e-12,-3.0022e-05,1.1900000000000002e-12,3.002e-05,95238.0952380952
top1,2.1,5,3.1046e-05,-6.200000000000001e-13,-3.1046e-05,6.200000000000001e-13,3.1046e-05,99403.5785288271
top1,2.2,5,3.2032e-05,1.116e-11,-3.204e-05,1.116e-11,3.2032e-05,103199.1744066048
top1,2.3000000000000003,5,3.2984e-05,-4.282e-11,-3.2988e-05,4.282e-11,3.2984e-05,107181.1361200428
top1,2.4,5,3.3898e-05,4.821e-11,-3.3900000000000004e-05,4.821e-11,3.3898e-05,112107.62331838538
top1,2.5,5,3.4768e-05,-2.6030000000000003e-11,-3.4776e-05,2.6030000000000003e-11,3.4768e-05,116822.42990654217
top1,2.6,5,3.561e-05,2.2200000000000002e-12,-3.561e-05,2.2200000000000002e-12,3.561e-05,121506.68286755802
top1,2.7,5,3.6414e-05,1.14e-12,-3.6416e-05,1.14e-12,3.6414e-05,127713.9208173688
top1,2.8000000000000003,5,3.717600000000001e-05,-1.7200000000000001e-12,-3.717600000000001e-05,1.7200000000000001e-12,3.717600000000001e-05,133333.33333333294
top1,2.9,5,3.7914e-05,1.03e-12,-3.7912e-05,1.03e-12,3.7914e-05,139664.80446927398
top1,3.0,5,3.8608e-05,-1.6340000000000002e-11,-3.8608e-05,1.6340000000000002e-11,3.8608e-05,147928.99408284074
top1,3.1,5,3.9266e-05,4.4960000000000006e-11,-3.9268e-05,4.4960000000000006e-11,3.9266e-05,155038.75968992227
top1,3.2,5,3.9898e-05,-1.325e-11,-3.9902e-05,1.325e-11,3.9898e-05,162074.55429497556
top1,3.3000000000000003,5,4.05e-05,-1.1000000000000002e-12,-4.05e-05,1.1000000000000002e-12,4.05e-05,171232.87671232858
top1,3.4,5,4.1066e-05,2.01e-12,-4.107e-05,2.01e-12,4.1066e-05,181818.18181818165
top1,3.5,5,4.16e-05,-9.8e-13,-4.1602e-05,9.8e-13,4.16e-05,194552.52918288
top1,3.6,5,4.2094e-05,3.186e-11,-4.2102e-05,3.186e-11,4.2094e-05,205761.31687242884
top1,3.7,5,4.2572e-05,-3.965e-11,-4.2576e-05,3.965e-11,4.2572e-05,216919.739696312
top1,3.8,5,4.3016e-05,2.174e-11,-4.3018e-05,2.174e-11,4.3016e-05,233100.2331002316
top1,3.9,5,4.343e-05,1.2000000000000002e-13,-4.3434000000000005e-05,1.2000000000000002e-13,4.343e-05,248756.218905472
top1,4.0,5,4.382e-05,-1.46e-12,-4.3816e-05,1.46e-12,4.382e-05,268096.5147453094
top1,4.1,5,4.4176e-05,1.8100000000000002e-12,-4.4176e-05,1.8100000000000002e-12,4.4176e-05,291545.18950437347
top1,4.2,5,4.4506e-05,-1.5800000000000001e-12,-4.4512e-05,1.5800000000000001e-12,4.4506e-05,306748.46625766903
top1,4.3,5,4.4828e-05,2.362e-11,-4.483e-05,2.362e-11,4.4828e-05,328947.36842105386
top1,4.4,5,4.5114e-05,-5.0490000000000005e-11,-4.5114e-05,5.0490000000000005e-11,4.5114e-05,362318.8405797077
top1,4.5,5,4.538e-05,4.447e-11,-4.5386e-05,4.447e-11,4.538e-05,390625.0000000021
top1,4.6000000000000005,5,4.5626e-05,-2.018e-11,-4.5624e-05,2.018e-11,4.5626e-05,423728.813559324
top1,4.7,5,4.5852e-05,-6.6e-13,-4.5848e-05,6.6e-13,4.5852e-05,454545.4545454504
top1,4.8,5,4.6066e-05,1.7500000000000002e-12,-4.6062e-05,1.7500000000000002e-12,4.6066e-05,497512.437810945
top1,4.9,5,4.6254e-05,-1.113e-11,-4.6256e-05,1.113e-11,4.6254e-05,552486.187845303
top1,5.0,5,4.6428e-05,4.9730000000000006e-11,-4.6432e-05,4.9730000000000006e-11,4.6428e-05,574712.6436781521
