device,VG,VD,ID,IG,IS,W,L,gm,absIg,absId,Ca,mobLin,SS,d2
bot1,-5.0,0.1,-4.8418e-12,-2.51e-12,1.947e-11,20,5,3.648000000000015e-12,2.51e-12,4.8418e-12,1.33e-07,6.857142857142884e-05,-0.3401975171146899,1.4947000000000018e-10
bot1,-4.9,0.1,-4.477e-12,2.13e-12,1.75e-11,20,5,1.8594999999999985e-11,2.13e-12,4.477e-12,1.33e-07,0.0003495300751879,-3.1735222106625622,1.6017999999999962e-10
bot1,-4.8,0.1,-1.1228e-12,1.6100000000000002e-12,-1.6200000000000004e-12,20,5,3.568399999999997e-11,1.6100000000000002e-12,1.1228e-12,1.33e-07,0.0006707518796992,-1.1306905635023312,4.0715000000000515e-11
bot1,-4.7,0.1,2.6598e-12,-2.113e-11,-5.310000000000002e-12,20,5,2.673800000000009e-11,2.113e-11,2.6598e-12,1.33e-07,0.0005025939849624,2.877518752590201,-3.70155000000001e-10
bot1,-4.6000000000000005,0.1,4.2248e-12,-6.096e-11,-1.699e-11,20,5,-3.834699999999997e-11,6.096e-11,4.2248e-12,1.33e-07,-0.0007208082706766,1.3747703429493086,-1.8869000000000023e-10
bot1,-4.5,0.1,-5.0096e-12,1.5800000000000001e-12,3.466e-11,20,5,-1.0999999999999988e-11,1.5800000000000001e-12,5.0096e-12,1.33e-07,-0.0002067669172932,-1.5971201116512013,2.6751499999999957e-10
bot1,-4.4,0.1,2.0248e-12,-1.6200000000000004e-12,8.000000000000001e-14,20,5,1.5155999999999984e-11,1.6200000000000004e-12,2.0248e-12,1.33e-07,0.0002848872180451,-2.017444734597998,-9.707999999999982e-11
bot1,-4.3,0.1,-1.9784e-12,1.182e-11,4.08e-12,20,5,-3.041599999999997e-11,1.182e-11,1.9784e-12,1.33e-07,-0.0005717293233082,1.509863585795744,9.748999999999984e-11
bot1,-4.2,0.1,-4.0584e-12,5.987000000000001e-11,1.4870000000000003e-11,20,5,3.465399999999997e-11,5.987000000000001e-11,4.0584e-12,1.33e-07,0.0006513909774436,1.992508057859002,1.9639499999999958e-10
bot1,-4.1,0.1,4.9524e-12,-3.0800000000000002e-12,-3.597e-11,20,5,8.862999999999992e-12,3.0800000000000002e-12,4.9524e-12,1.33e-07,0.0001665977443609,-1.2465831046498177,-2.4963999999999967e-10
bot1,-4.0,0.1,-2.2858e-12,2.14e-12,6.6e-13,20,5,-1.527400000000002e-11,2.14e-12,2.2858e-12,1.33e-07,-0.0002871052631578,-2.0830552162043707,1.1393500000000039e-10
bot1,-3.9,0.1,1.8976e-12,-1.079e-11,-3.91e-12,20,5,3.165000000000004e-11,1.079e-11,1.8976e-12,1.33e-07,0.00059492481203,1.238971982347518,-9.653500000000024e-11
bot1,-3.8,0.1,4.0442e-12,-5.903e-11,-1.4000000000000002e-11,20,5,-3.458100000000004e-11,5.903e-11,4.0442e-12,1.33e-07,-0.0006500187969924,2.111889552928744,-1.9221500000000043e-10
bot1,-3.7,0.1,-5.0186e-12,6.020000000000002e-12,3.6180000000000005e-11,20,5,-6.792999999999997e-12,6.020000000000002e-12,5.0186e-12,1.33e-07,-0.0001276879699248,-0.8889564830446509,2.601749999999999e-10
bot1,-3.6,0.1,2.6856e-12,-1.41e-12,-2.3800000000000004e-12,20,5,1.7453999999999978e-11,1.41e-12,2.6856e-12,1.33e-07,0.0003280827067669,-2.582580382891269,-1.3176999999999974e-10
bot1,-3.5,0.1,-1.5278e-12,6.6e-12,3.1e-12,20,5,-3.3146999999999964e-11,6.6e-12,1.5278e-12,1.33e-07,-0.0006230639097744,0.8343677721202694,7.260500000000025e-11
bot1,-3.4,0.1,-3.9438e-12,5.481e-11,1.223e-11,20,5,3.1975000000000043e-11,5.481e-11,3.9438e-12,1.33e-07,0.0006010338345864,2.5160634334062184,1.9166500000000016e-10
bot1,-3.3000000000000003,0.1,4.8672e-12,-1.301e-11,-3.711e-11,20,5,5.18600000000001e-12,1.301e-11,4.8672e-12,1.33e-07,9.748120300751895e-05,-0.6626480672397514,-2.4969000000000046e-10
bot1,-3.2,0.1,-2.9066e-12,2.7600000000000004e-12,3.5000000000000004e-12,20,5,-1.7962999999999982e-11,2.7600000000000004e-12,2.9066e-12,1.33e-07,-0.0003376503759398,-2.90952639114528,1.4370999999999968e-10
bot1,-3.1,0.1,1.2746e-12,-5.38e-12,-3.570000000000001e-12,20,5,3.392799999999997e-11,5.38e-12,1.2746e-12,1.33e-07,0.0006377443609022,0.626672551919975,-6.425499999999991e-11
bot1,-3.0,0.1,3.879e-12,-5.316000000000001e-11,-1.164e-11,20,5,-3.081399999999998e-11,5.316000000000001e-11,3.879e-12,1.33e-07,-0.0005792105263157,2.918875262752187,-2.9416999999999967e-10
bot1,-2.9,0.1,-4.8882e-12,1.447e-11,3.642e-11,20,5,-2.4906000000000028e-11,1.447e-11,4.8882e-12,1.33e-07,-0.0004681578947368,-2.732296864553025,3.451550000000005e-10
bot1,-2.8000000000000003,0.1,-1.1022e-12,3.28e-12,-1.8700000000000003e-12,20,5,3.821700000000005e-11,3.28e-12,1.1022e-12,1.33e-07,0.0007183646616541,-1.2449791846036289,2.5799500000000036e-10
bot1,-2.7,0.1,2.7552e-12,-2.529e-11,-5.95e-12,20,5,2.6692999999999968e-11,2.529e-11,2.7552e-12,1.33e-07,0.0005017481203007,2.9236827633797686,-3.8516499999999967e-10
bot1,-2.6,0.1,4.2364e-12,-6.159e-11,-1.971e-11,20,5,-3.881599999999997e-11,6.159e-11,4.2364e-12,1.33e-07,-0.0007296240601503,1.2975559521440594,-2.055499999999996e-10
bot1,-2.5,0.1,-5.008e-12,3.1000000000000004e-13,3.2570000000000004e-11,20,5,-1.4416999999999988e-11,3.1000000000000004e-13,5.008e-12,1.33e-07,-0.0002709962406015,-2.4784958138389057,2.5413999999999965e-10
bot1,-2.4,0.1,1.353e-12,-2.26e-12,7.5e-13,20,5,1.2012000000000011e-11,2.26e-12,1.353e-12,1.33e-07,0.0002257894736842,-1.418782873227775,-6.774000000000035e-11
bot1,-2.3000000000000003,0.1,-2.6056e-12,2.1370000000000003e-11,4.710000000000001e-12,20,5,-2.796500000000004e-11,2.1370000000000003e-11,2.6056e-12,1.33e-07,-0.0005256578947368,2.4803402999755466,1.2907499999999994e-10
bot1,-2.2,0.1,-4.24e-12,6.119000000000001e-11,1.772e-11,20,5,3.782699999999997e-11,6.119000000000001e-11,4.24e-12,1.33e-07,0.0007110338345864,1.3977820935301897,2.0462e-10
bot1,-2.1,0.1,4.9598e-12,-2.2200000000000002e-12,-3.4180000000000005e-11,20,5,1.2958999999999986e-11,2.2200000000000002e-12,4.9598e-12,1.33e-07,0.0002435902255639,-2.051779733942636,-2.5529999999999957e-10
bot1,-2.0,0.1,-1.6482e-12,1.85e-12,-3.6000000000000013e-13,20,5,-1.3233000000000004e-11,1.85e-12,1.6482e-12,1.33e-07,-0.0002487406015037,-1.6562549031564893,7.850000000000012e-11
bot1,-1.9,0.1,2.3132e-12,-1.857e-11,-4.660000000000001e-12,20,5,2.865900000000001e-11,1.857e-11,2.3132e-12,1.33e-07,0.0005387030075187,1.9701664266961496,-1.161449999999998e-10
bot1,-1.8,0.1,4.0836e-12,-6.095000000000001e-11,-1.6850000000000002e-11,20,5,-3.6461999999999955e-11,6.095000000000001e-11,4.0836e-12,1.33e-07,-0.0006853759398496,1.6647319367100872,-1.9697499999999988e-10
bot1,-1.7,0.1,-4.9792e-12,4e-13,3.4760000000000005e-11,20,5,-1.0736000000000004e-11,4e-13,4.9792e-12,1.33e-07,-0.0002018045112781,-1.620240605872914,2.508549999999998e-10
bot1,-1.6,0.1,1.9364e-12,-2.960000000000001e-12,1.2000000000000002e-13,20,5,1.3709e-11,2.960000000000001e-12,1.9364e-12,1.33e-07,0.0002576879699248,-1.7370796861431264,-9.897500000000005e-11
bot1,-1.5,0.1,-2.2374e-12,1.604e-11,4.26e-12,20,5,-3.0531000000000006e-11,1.604e-11,2.2374e-12,1.33e-07,-0.0005738909774436,1.6656007551691323,1.1281500000000008e-10
bot1,-1.4,0.1,-4.1698e-12,6.014e-11,1.635e-11,20,5,3.6272000000000005e-11,6.014e-11,4.1698e-12,1.33e-07,0.0006818045112781,1.753502336414004,2.0770500000000006e-10
bot1,-1.3,0.1,5.017e-12,-1.31e-12,-3.5200000000000005e-11,20,5,1.1009999999999991e-11,1.31e-12,5.017e-12,1.33e-07,0.000206954887218,-1.6306713438412577,-2.5433999999999987e-10
bot1,-1.2,0.1,-1.9678e-12,2.72e-12,1.0000000000000002e-14,20,5,-1.4596000000000004e-11,2.72e-12,1.9678e-12,1.33e-07,-0.0002743609022556,-1.893400099761272,9.828500000000012e-11
bot1,-1.1,0.1,2.0978e-12,-1.188e-11,-4.13e-12,20,5,3.066700000000001e-11,1.188e-11,2.0978e-12,1.33e-07,0.000576447368421,1.6284830421660517,-1.0369499999999992e-10
bot1,-1.0,0.1,4.1656e-12,-6.005e-11,-1.529e-11,20,5,-3.533499999999999e-11,6.005e-11,4.1656e-12,1.33e-07,-0.0006641917293233,1.8726119773725352,-2.01945e-10
bot1,-0.9,0.1,-4.9692e-12,2.9100000000000003e-12,3.544e-11,20,5,-9.722000000000002e-12,2.9100000000000003e-12,4.9692e-12,1.33e-07,-0.0001827443609022,-1.3654494993355473,2.5409000000000005e-10
bot1,-0.8,0.1,2.2212e-12,-2.730000000000001e-12,-9.3e-13,20,5,1.5483000000000004e-11,2.730000000000001e-12,2.2212e-12,1.33e-07,0.0002910338345864,-2.119207287505143,-1.0715499999999995e-10
bot1,-0.7,0.1,-1.8726e-12,1.16e-11,3.790000000000001e-12,20,5,-3.115299999999999e-11,1.16e-11,1.8726e-12,1.33e-07,-0.0005855827067669,1.282458606198515,1.0329999999999988e-10
bot1,-0.6,0.1,-4.0094e-12,5.831e-11,1.408e-11,20,5,3.614299999999999e-11,5.831e-11,4.0094e-12,1.33e-07,0.0006793796992481,2.2819777464549764,3.0872999999999987e-10
bot1,-0.5,0.1,5.356e-12,-5.53e-12,-3.6440000000000005e-11,20,5,3.059300000000001e-11,5.53e-12,5.356e-12,1.33e-07,0.0005750563909774,-1.3948081169040274,6.196e-10
bot1,-0.4,0.1,2.1092e-12,2.1700000000000002e-12,-3.75e-12,20,5,1.60063e-10,2.1700000000000002e-12,2.1092e-12,1.33e-07,0.0030087030075187,4.218331295706745,8.311304999999997e-09
bot1,-0.3,0.1,3.73686e-11,3.816e-11,-3.281e-11,20,5,1.6928539999999994e-09,3.816e-11,3.73686e-11,1.33e-07,0.0318205639097744,11.04114437957028,4.525547e-08
bot1,-0.2,0.1,3.4068e-10,2e-11,-3.1702e-10,20,5,9.211157000000001e-09,2e-11,3.4068e-10,1.33e-07,0.1731420488721804,8.507793044347967,1.6060873e-07
bot1,-0.1,0.1,1.8796e-09,-3.397e-11,-1.8348e-09,20,5,3.38146e-08,3.397e-11,1.8796e-09,1.33e-07,0.635612781954887,6.595659299952343,3.28044215e-07
bot1,0.0,0.1,7.1036e-09,9.200000000000001e-13,-7.0428e-09,20,5,7.482e-08,9.200000000000001e-13,7.1036e-09,1.33e-07,1.406390977443609,4.761847414705795,4.07627e-07
bot1,0.1,0.1,1.68436e-08,1.88e-12,-1.6823599999999997e-08,20,5,1.1534000000000001e-07,1.88e-12,1.68436e-08,1.33e-07,2.168045112781954,3.1405992142942063,3.814e-07
bot1,0.2,0.1,3.01716e-08,-1.45e-12,-3.02252e-08,20,5,1.511e-07,1.45e-12,3.01716e-08,1.33e-07,2.8402255639097738,2.2312511248727818,3.6972500000000004e-07
bot1,0.3,0.1,4.70636e-08,-6.207e-11,-4.69466e-08,20,5,1.89285e-07,6.207e-11,4.70636e-08,1.33e-07,3.5579887218045103,1.7654659601590428,4.056799999999997e-07
bot1,0.4,0.1,6.80286e-08,-7.16e-12,-6.80294e-08,20,5,2.32236e-07,7.16e-12,6.80286e-08,1.33e-07,4.36533834586466,1.490883141026078,4.393600000000003e-07
bot1,0.5,0.1,9.351080000000001e-08,1.9200000000000003e-12,-9.35122e-08,20,5,2.7715700000000005e-07,1.9200000000000003e-12,9.351080000000001e-08,1.33e-07,5.209718045112782,1.2941736958824503,4.355500000000002e-07
bot1,0.6,0.1,1.2346e-07,2.203e-11,-1.2358e-07,20,5,3.19346e-07,2.203e-11,1.2346e-07,1.33e-07,6.002744360902253,1.130438842510761,3.897149999999994e-07
bot1,0.7,0.1,1.5738e-07,-1.3600000000000002e-11,-1.5744e-07,20,5,3.551e-07,1.3600000000000002e-11,1.5738e-07,1.33e-07,6.674812030075185,0.9867433660209408,3.187700000000009e-07
bot1,0.8,0.1,1.9448e-07,-7e-13,-1.9456e-07,20,5,3.831000000000002e-07,7e-13,1.9448e-07,1.33e-07,7.201127819548874,0.8613315821807268,2.275000000000002e-07
bot1,0.9,0.1,2.34e-07,5.24e-11,-2.3386e-07,20,5,4.006e-07,5.24e-11,2.34e-07,1.33e-07,7.530075187969923,0.7491279353272873,1.5949999999999825e-07
bot1,1.0,0.1,2.746e-07,1.88e-12,-2.7474e-07,20,5,4.149999999999998e-07,1.88e-12,2.746e-07,1.33e-07,7.800751879699241,0.6592170240380432,1.235000000000005e-07
bot1,1.1,0.1,3.17e-07,-6.078000000000001e-11,-3.1684e-07,20,5,4.253000000000002e-07,6.078000000000001e-11,3.17e-07,1.33e-07,7.994360902255639,0.5859580352192407,8.300000000000147e-08
bot1,1.2,0.1,3.5966e-07,-2.36e-12,-3.5966e-07,20,5,4.3160000000000013e-07,2.36e-12,3.5966e-07,1.33e-07,8.112781954887218,0.5229524814967546,5.1499999999997794e-08
bot1,1.3,0.1,4.0332e-07,2.391e-11,-4.0312e-07,20,5,4.355999999999997e-07,2.391e-11,4.0332e-07,1.33e-07,8.187969924812021,0.4710079192267397,3.19999999999992e-08
bot1,1.4,0.1,4.4678e-07,-1.279e-11,-4.4696e-07,20,5,4.38e-07,1.279e-11,4.4678e-07,1.33e-07,8.233082706766913,0.4268048351444787,3.8000000000003126e-08
bot1,1.5,0.1,4.9092e-07,-5e-13,-4.9096e-07,20,5,4.4320000000000026e-07,5e-13,4.9092e-07,1.33e-07,8.330827067669176,0.3930043296811726,3.950000000000112e-08
bot1,1.6,0.1,5.3542e-07,5.357e-11,-5.3528e-07,20,5,4.459000000000002e-07,5.357e-11,5.3542e-07,1.33e-07,8.381578947368421,0.362460699607996,1.549999999999905e-08
bot1,1.7,0.1,5.801e-07,1.65e-12,-5.8008e-07,20,5,4.463000000000001e-07,1.65e-12,5.801e-07,1.33e-07,8.389097744360901,0.3348150594994515,1.9499999999998292e-08
bot1,1.8,0.1,6.2468e-07,-5.913000000000001e-11,-6.248e-07,20,5,4.4979999999999996e-07,5.913000000000001e-11,6.2468e-07,1.33e-07,8.454887218045105,0.3130541376752657,5.7999999999999547e-08
bot1,1.9,0.1,6.7006e-07,-1.79e-12,-6.7006e-07,20,5,4.579e-07,1.79e-12,6.7006e-07,1.33e-07,8.607142857142854,0.2970654837766329,3.600000000000112e-08
bot1,2.0,0.1,7.1626e-07,1.7800000000000003e-11,-7.1542e-07,20,5,4.5700000000000003e-07,1.7800000000000003e-11,7.1626e-07,1.33e-07,8.590225563909772,0.2776670074537924,-2.0000000000022683e-09
bot1,2.1,0.1,7.6146e-07,-1.9930000000000003e-11,-7.6162e-07,20,5,4.5749999999999954e-07,1.9930000000000003e-11,7.6146e-07,1.33e-07,8.599624060150365,0.2610582243513712,4.2999999999998426e-08
bot1,2.2,0.1,8.0776e-07,-2.1000000000000001e-13,-8.0784e-07,20,5,4.655999999999997e-07,2.1000000000000001e-13,8.0776e-07,1.33e-07,8.751879699248114,0.2505281508932275,5.85000000000054e-08
bot1,2.3000000000000003,0.1,8.5458e-07,5.437e-11,-8.5424e-07,20,5,4.692000000000007e-07,5.437e-11,8.5458e-07,1.33e-07,8.81954887218046,0.2386577989319607,3.450000000000476e-08
bot1,2.4,0.1,9.016e-07,1.74e-12,-9.017e-07,20,5,4.725000000000008e-07,1.74e-12,9.016e-07,1.33e-07,8.881578947368432,0.2277504845833891,3.199999999999662e-08
bot1,2.5,0.1,9.4908e-07,-5.897e-11,-9.49e-07,20,5,4.756000000000001e-07,5.897e-11,9.4908e-07,1.33e-07,8.939849624060146,0.2177963489171739,5.0999999999991616e-08
bot1,2.6,0.1,9.9672e-07,-2.41e-12,-9.9676e-07,20,5,4.82699999999999e-07,2.41e-12,9.9672e-07,1.33e-07,9.073308270676671,0.2103552999540123,5.549999999999671e-08
bot1,2.7,0.1,1.04562e-06,2.143e-11,-1.04496e-06,20,5,4.866999999999993e-07,2.143e-11,1.04562e-06,1.33e-07,9.148496240601489,0.2023398361647331,2.4000000000011312e-08
bot1,2.8000000000000003,0.1,1.09406e-06,-1.58e-11,-1.09402e-06,20,5,4.875000000000014e-07,1.58e-11,1.09406e-06,1.33e-07,9.163533834586488,0.1935897082183093,2.50000000000125e-08
bot1,2.9,0.1,1.14312e-06,-1.4e-12,-1.14316e-06,20,5,4.917000000000018e-07,1.4e-12,1.14312e-06,1.33e-07,9.24248120300755,0.1869041365308102,3.949999999999455e-08
bot1,3.0,0.1,1.1924000000000002e-06,-2.2000000000000002e-13,-1.1923000000000002e-06,20,5,4.954000000000002e-07,2.2000000000000002e-13,1.1924000000000002e-06,1.33e-07,9.312030075187971,0.1804985084316744,4.1499999999986144e-08
bot1,3.1,0.1,1.2422000000000002e-06,1.6e-12,-1.2428000000000002e-06,20,5,4.99999999999999e-07,1.6e-12,1.2422000000000002e-06,1.33e-07,9.398496240601483,0.1748749099250622,5.0499999999996336e-08
bot1,3.2,0.1,1.2924e-06,-6.158000000000001e-11,-1.2931000000000002e-06,20,5,5.054999999999994e-07,6.158000000000001e-11,1.2924e-06,1.33e-07,9.501879699248107,0.1699074492009831,6.75000000000103e-08
bot1,3.3000000000000003,0.1,1.3433e-06,-2.16e-12,-1.3439000000000002e-06,20,5,5.135000000000011e-07,2.16e-12,1.3433e-06,1.33e-07,9.652255639097763,0.1660419468456899,6.000000000000513e-08
bot1,3.4,0.1,1.3951000000000002e-06,5.744e-11,-1.3952000000000002e-06,20,5,5.175000000000006e-07,5.744e-11,1.3951000000000002e-06,1.33e-07,9.727443609022565,0.1611774266992729,1.999999999999094e-08
bot1,3.5,0.1,1.4468e-06,2.39e-12,-1.447e-06,20,5,5.174999999999993e-07,2.39e-12,1.4468e-06,1.33e-07,9.72744360902254,0.1554019477366928,1.9999999999995663e-08
bot1,3.6,0.1,1.4986e-06,-5.1220000000000005e-11,-1.4991000000000002e-06,20,5,5.214999999999997e-07,5.1220000000000005e-11,1.4986e-06,1.33e-07,9.80263157894736,0.1511564887755055,2.0000000000001493e-08
bot1,3.7,0.1,1.5511e-06,6.000000000000001e-14,-1.5519e-06,20,5,5.214999999999997e-07,6.000000000000001e-14,1.5511e-06,1.33e-07,9.80263157894736,0.1461035032024325,4.500000000000917e-08
bot1,3.8,0.1,1.6029e-06,3.914e-11,-1.6041000000000002e-06,20,5,5.305000000000015e-07,3.914e-11,1.6029e-06,1.33e-07,9.97180451127822,0.1436756339078606,9.25000000000076e-08
bot1,3.9,0.1,1.6572000000000002e-06,1.5e-12,-1.6572000000000002e-06,20,5,5.400000000000011e-07,1.5e-12,1.6572000000000002e-06,1.33e-07,10.150375939849642,0.1415909870109956,3.9999999999997764e-08
bot1,4.0,0.1,1.7109000000000002e-06,-2.431e-11,-1.7117000000000005e-06,20,5,5.38500000000001e-07,2.431e-11,1.7109000000000002e-06,1.33e-07,10.122180451127836,0.1367258924042637,4.9999999999887356e-09
bot1,4.1,0.1,1.7649000000000005e-06,-2.28e-12,-1.7655e-06,20,5,5.409999999999988e-07,2.28e-12,1.7649000000000005e-06,1.33e-07,10.169172932330802,0.1331597377750525,5.4999999999992446e-08
bot1,4.2,0.1,1.8191e-06,1.104e-11,-1.8198e-06,20,5,5.494999999999995e-07,1.104e-11,1.8191e-06,1.33e-07,10.32894736842104,0.1311742087053201,5.7500000000004274e-08
bot1,4.3,0.1,1.8748e-06,1.006e-11,-1.8743e-06,20,5,5.524999999999997e-07,1.006e-11,1.8748e-06,1.33e-07,10.385338345864652,0.1280535830013905,1.0000000000000745e-08
bot1,4.4,0.1,1.9296e-06,-2.6600000000000004e-12,-1.9309e-06,20,5,5.514999999999996e-07,2.6600000000000004e-12,1.9296e-06,1.33e-07,10.366541353383449,0.1241372225754265,2.5000000000054797e-09
bot1,4.5,0.1,1.9851000000000003e-06,-2.843e-11,-1.9855000000000003e-06,20,5,5.530000000000009e-07,2.843e-11,1.9851000000000003e-06,1.33e-07,10.394736842105276,0.1210272638460451,5.249999999999862e-08
bot1,4.6000000000000005,0.1,2.0402000000000004e-06,-1.0100000000000001e-12,-2.041e-06,20,5,5.619999999999994e-07,1.0100000000000001e-12,2.0402000000000004e-06,1.33e-07,10.563909774436077,0.119597900687398,5.5000000000006203e-08
bot1,4.7,0.1,2.0975e-06,4.577e-11,-2.0966000000000004e-06,20,5,5.64000000000002e-07,4.577e-11,2.0975e-06,1.33e-07,10.601503759398533,0.1168564329711067,2.499999999994902e-09
bot1,4.8,0.1,2.1530000000000004e-06,3.2e-12,-2.1545000000000003e-06,20,5,5.624999999999983e-07,3.2e-12,2.1530000000000004e-06,1.33e-07,10.573308270676655,0.1134515209218632,2.4999999999978562e-08
bot1,4.9,0.1,2.21e-06,-5.7990000000000005e-11,-2.2104e-06,20,5,5.689999999999979e-07,5.7990000000000005e-11,2.21e-06,1.33e-07,10.695488721804466,0.111845870729854,3.2500000000031e-08
bot1,5.0,0.1,2.2668e-06,-2.72e-12,-2.2676e-06,20,5,5.690000000000045e-07,2.72e-12,2.2668e-06,1.33e-07,10.695488721804596,0.1104008878543809,1.700000000000187e-07
bot1,5.0,0.1,2.2669000000000003e-06,1.96e-12,-2.2681000000000004e-06,20,5,5.859999999999997e-07,1.96e-12,2.2669000000000003e-06,1.33e-07,11.015037593984951,0.1137479842552573,-1.4999999999994406e-07
bot1,4.9,0.1,2.2082000000000003e-06,-5.990000000000001e-11,-2.2088000000000003e-06,20,5,5.839999999999989e-07,5.990000000000001e-11,2.2082000000000003e-06,1.33e-07,10.977443609022536,0.1148685164067274,6.750000000000237e-08
bot1,4.8,0.1,2.1501000000000004e-06,-1.69e-12,-2.1509e-06,20,5,5.724999999999992e-07,1.69e-12,2.1501000000000004e-06,1.33e-07,10.761278195488703,0.115619762491783,6.499999999998155e-08
bot1,4.7,0.1,2.0937000000000004e-06,6.127e-11,-2.0932e-06,20,5,5.710000000000026e-07,6.127e-11,2.0937000000000004e-06,1.33e-07,10.733082706766965,0.118511084092852,4.999999999989804e-09
bot1,4.6000000000000005,0.1,2.0359000000000003e-06,1.04e-12,-2.0364e-06,20,5,5.715000000000012e-07,1.04e-12,2.0359000000000003e-06,1.33e-07,10.742481203007538,0.12190443558294,3.000000000001493e-08
bot1,4.5,0.1,1.9794e-06,-5.921000000000001e-11,-1.9798e-06,20,5,5.649999999999997e-07,5.921000000000001e-11,1.9794e-06,1.33e-07,10.62030075187969,0.1239987146790698,4.7500000000014123e-08
bot1,4.4,0.1,1.9229000000000003e-06,-2.19e-12,-1.9234e-06,20,5,5.619999999999984e-07,2.19e-12,1.9229000000000003e-06,1.33e-07,10.563909774436055,0.1269462398995456,4.2499999999997866e-08
bot1,4.3,0.1,1.8670000000000005e-06,5.156e-11,-1.8671e-06,20,5,5.565e-07,5.156e-11,1.8670000000000005e-06,1.33e-07,10.460526315789473,0.1294719371194962,4.499999999999275e-08
bot1,4.2,0.1,1.8116e-06,9.3e-13,-1.8117e-06,20,5,5.529999999999997e-07,9.3e-13,1.8116e-06,1.33e-07,10.394736842105257,0.1326044475836417,3.7500000000002784e-08
bot1,4.1,0.1,1.7564000000000002e-06,-3.7750000000000005e-11,-1.7573e-06,20,5,5.489999999999994e-07,3.7750000000000005e-11,1.7564000000000002e-06,1.33e-07,10.31954887218044,0.1357689634507729,5.249999999999225e-08
bot1,4.0,0.1,1.7018000000000002e-06,-7.3e-13,-1.7024000000000002e-06,20,5,5.425000000000014e-07,7.3e-13,1.7018000000000002e-06,1.33e-07,10.197368421052651,0.1384628734566464,6.249999999999314e-08
bot1,3.9,0.1,1.6479e-06,2.083e-11,-1.6481000000000002e-06,20,5,5.365000000000008e-07,2.083e-11,1.6479e-06,1.33e-07,10.084586466165428,0.1414199787089345,3.750000000000287e-08
bot1,3.8,0.1,1.5945e-06,1.46e-12,-1.5943e-06,20,5,5.350000000000007e-07,1.46e-12,1.5945e-06,1.33e-07,10.05639097744362,0.1457819928851791,1.750000000000716e-08
bot1,3.7,0.1,1.5409e-06,-1.178e-11,-1.5419000000000002e-06,20,5,5.329999999999994e-07,1.178e-11,1.5409e-06,1.33e-07,10.018796992481189,0.1502538990350331,3.5000000000003126e-08
bot1,3.6,0.1,1.4879000000000002e-06,-9.02e-12,-1.4886000000000002e-06,20,5,5.280000000000002e-07,9.02e-12,1.4879000000000002e-06,1.33e-07,9.924812030075186,0.1541588515587964,6.749999999999971e-08
bot1,3.5,0.1,1.4353e-06,3.38e-12,-1.436e-06,20,5,5.194999999999994e-07,3.38e-12,1.4353e-06,1.33e-07,9.76503759398495,0.1571882682561608,5.4999999999998256e-08
bot1,3.4,0.1,1.3840000000000002e-06,2.253e-11,-1.3836000000000002e-06,20,5,5.170000000000004e-07,2.253e-11,1.3840000000000002e-06,1.33e-07,9.71804511278196,0.1623553296636928,2.749999999999152e-08
bot1,3.3000000000000003,0.1,1.3319e-06,2.5e-13,-1.3331000000000002e-06,20,5,5.140000000000011e-07,2.5e-13,1.3319e-06,1.33e-07,9.661654135338368,0.1675958006447733,4.00000000000036e-08
bot1,3.2,0.1,1.2812e-06,-3.8150000000000005e-11,-1.2816e-06,20,5,5.089999999999997e-07,3.8150000000000005e-11,1.2812e-06,1.33e-07,9.567669172932325,0.1726560021042631,5.250000000000919e-08
bot1,3.1,0.1,1.2301e-06,-1.7600000000000002e-12,-1.2310000000000002e-06,20,5,5.034999999999993e-07,1.7600000000000002e-12,1.2301e-06,1.33e-07,9.4642857142857,0.1777546928851945,5.499999999999879e-08
bot1,3.0,0.1,1.1805000000000002e-06,5.3190000000000006e-11,-1.1805000000000002e-06,20,5,4.979999999999999e-07,5.3190000000000006e-11,1.1805000000000002e-06,1.33e-07,9.360902255639097,0.1833492590862826,2.999999999999164e-08
bot1,2.9,0.1,1.1305e-06,1.7700000000000001e-12,-1.1314e-06,20,5,4.97500000000001e-07,1.7700000000000001e-12,1.1305e-06,1.33e-07,9.351503759398511,0.1912014873071757,3.2499999999997194e-08
bot1,2.8000000000000003,0.1,1.081e-06,-6.161000000000001e-11,-1.0815e-06,20,5,4.915000000000005e-07,6.161000000000001e-11,1.081e-06,1.33e-07,9.238721804511286,0.1975335597372265,6.400000000000383e-08
bot1,2.7,0.1,1.0322e-06,-3.5500000000000004e-12,-1.033e-06,20,5,4.847000000000002e-07,3.5500000000000004e-12,1.0322e-06,1.33e-07,9.1109022556391,0.2040205747922339,5.5000000000004086e-08
bot1,2.6,0.1,9.8406e-07,-3.3880000000000003e-11,-9.8368e-07,20,5,4.804999999999997e-07,3.3880000000000003e-11,9.8406e-07,1.33e-07,9.031954887218037,0.2122080474555996,3.600000000000373e-08
bot1,2.5,0.1,9.361e-07,-3.089e-11,-9.3614e-07,20,5,4.774999999999995e-07,3.089e-11,9.361e-07,1.33e-07,8.975563909774424,0.2216741006767051,4.1499999999994085e-08
bot1,2.4,0.1,8.8856e-07,-1.8000000000000002e-12,-8.886e-07,20,5,4.722000000000009e-07,1.8000000000000002e-12,8.8856e-07,1.33e-07,8.875939849624075,0.2309277873885532,4.0499999999993044e-08
bot1,2.3000000000000003,0.1,8.4166e-07,5.957000000000001e-11,-8.4136e-07,20,5,4.694000000000009e-07,5.957000000000001e-11,8.4166e-07,1.33e-07,8.823308270676705,0.242472378759753,3.0000000000007594e-08
bot1,2.2,0.1,7.9468e-07,1.12e-12,-7.9498e-07,20,5,4.661999999999994e-07,1.12e-12,7.9468e-07,1.33e-07,8.763157894736828,0.2549565157333464,4.1500000000007313e-08
bot1,2.1,0.1,7.4842e-07,-4.822e-11,-7.4804e-07,20,5,4.610999999999994e-07,4.822e-11,7.4842e-07,1.33e-07,8.667293233082694,0.2678534187296042,4.49999999999954e-08
bot1,2.0,0.1,7.0246e-07,4.3000000000000004e-13,-7.0244e-07,20,5,4.5720000000000026e-07,4.3000000000000004e-13,7.0246e-07,1.33e-07,8.593984962406017,0.2829661789602778,3.749999999999488e-08
bot1,1.9,0.1,6.5698e-07,5.4600000000000006e-12,-6.5654e-07,20,5,4.536000000000005e-07,5.4600000000000006e-12,6.5698e-07,1.33e-07,8.52631578947369,0.3002736030545927,2.4500000000003965e-08
bot1,1.8,0.1,6.1174e-07,-2.68e-11,-6.1172e-07,20,5,4.5229999999999946e-07,2.68e-11,6.1174e-07,1.33e-07,8.50187969924811,0.3216845117374897,2.9000000000003744e-08
bot1,1.7,0.1,5.6652e-07,-1.78e-12,-5.6662e-07,20,5,4.477999999999997e-07,1.78e-12,5.6652e-07,1.33e-07,8.417293233082697,0.3437332242238123,4.4499999999994886e-08
bot1,1.6,0.1,5.2218e-07,6.018e-11,-5.2196e-07,20,5,4.4340000000000054e-07,6.018e-11,5.2218e-07,1.33e-07,8.33458646616542,0.3696637236993183,2.6999999999996212e-08
bot1,1.5,0.1,4.7784e-07,2.74e-12,-4.7784e-07,20,5,4.424000000000004e-07,2.74e-12,4.7784e-07,1.33e-07,8.315789473684218,0.4031540587860417,1.850000000000377e-08
bot1,1.4,0.1,4.337e-07,-4.603e-11,-4.3364e-07,20,5,4.3969999999999974e-07,4.603e-11,4.337e-07,1.33e-07,8.265037593984955,0.4416463327551501,4.100000000000388e-08
bot1,1.3,0.1,3.899e-07,2.37e-12,-3.8998e-07,20,5,4.341999999999997e-07,2.37e-12,3.899e-07,1.33e-07,8.161654135338337,0.4851760119500165,4.549999999999729e-08
bot1,1.2,0.1,3.4686e-07,2.79e-12,-3.4662e-07,20,5,4.3060000000000027e-07,2.79e-12,3.4686e-07,1.33e-07,8.093984962406017,0.5419702870875077,4.9999999999998754e-08
bot1,1.1,0.1,3.0378e-07,-3.3630000000000004e-11,-3.0402e-07,20,5,4.2420000000000005e-07,3.3630000000000004e-11,3.0378e-07,1.33e-07,7.973684210526312,0.609098887268873,9.40000000000026e-08
bot1,1.0,0.1,2.6202e-07,-1.6100000000000002e-12,-2.6216e-07,20,5,4.117999999999998e-07,1.6100000000000002e-12,2.6202e-07,1.33e-07,7.740601503759392,0.6867116566956974,1.289999999999988e-07
bot1,0.9,0.1,2.2142e-07,6.078000000000001e-11,-2.2138e-07,20,5,3.984000000000001e-07,6.078000000000001e-11,2.2142e-07,1.33e-07,7.48872180451128,0.7872624592069856,1.714999999999981e-07
bot1,0.8,0.1,1.8234e-07,2.500000000000001e-12,-1.8248e-07,20,5,3.775000000000002e-07,2.500000000000001e-12,1.8234e-07,1.33e-07,7.0958646616541365,0.9055101272350188,2.5900000000000125e-07
bot1,0.7,0.1,1.4592e-07,-4.151e-11,-1.459e-07,20,5,3.465999999999999e-07,4.151e-11,1.4592e-07,1.33e-07,6.515037593984959,1.0386332375085323,3.3803500000000084e-07
bot1,0.6,0.1,1.1302e-07,2.16e-12,-1.1284e-07,20,5,3.09893e-07,2.16e-12,1.1302e-07,1.33e-07,5.8250563909774415,1.2006930637702014,4.025299999999986e-07
bot1,0.5,0.1,8.394139999999999e-08,-5.631e-11,-8.3964e-08,20,5,2.6609400000000013e-07,5.631e-11,8.394139999999999e-08,1.33e-07,5.001766917293233,1.3822270206073652,4.550449999999999e-07
bot1,0.4,0.1,5.980119999999999e-08,6.134e-11,-5.97626e-08,20,5,2.18884e-07,6.134e-11,5.980119999999999e-08,1.33e-07,4.114360902255638,1.6006638102808957,4.556450000000009e-07
bot1,0.3,0.1,4.01646e-08,7.980000000000001e-12,-4.01056e-08,20,5,1.74965e-07,7.980000000000001e-12,4.01646e-08,1.33e-07,3.288815789473683,1.9105732218991545,4.1214e-07
bot1,0.2,0.1,2.48082e-08,-2.2000000000000003e-12,-2.47994e-08,20,5,1.36456e-07,2.2000000000000003e-12,2.48082e-08,1.33e-07,2.5649624060150367,2.470750911955366,3.743275e-07
bot1,0.1,0.1,1.28734e-08,-3.5310000000000005e-11,-1.29058e-08,20,5,1.000995e-07,3.5310000000000005e-11,1.28734e-08,1.33e-07,1.88156954887218,3.5720695107247686,3.87495e-07
bot1,0.0,0.1,4.7883e-09,-3.081e-11,-4.8021e-09,20,5,5.8957e-08,3.081e-11,4.7883e-09,1.33e-07,1.1082142857142854,5.377330015062487,3.848525e-07
bot1,-0.1,0.1,1.082e-09,-1.322e-11,-1.111e-09,20,5,2.3129e-08,1.322e-11,1.082e-09,1.33e-07,0.4347556390977442,7.34663993500364,2.68223815e-07
bot1,-0.2,0.1,1.625e-10,-4.49e-11,-1.9703e-10,20,5,5.312237e-09,4.49e-11,1.625e-10,1.33e-07,0.0998540789473683,8.715113725225443,1.1156561500000001e-07
bot1,-0.3,0.1,1.95526e-11,-3.210000000000001e-12,-1.733e-11,20,5,8.15877e-10,3.210000000000001e-12,1.95526e-11,1.33e-07,0.0153360338345864,11.906461545077509,2.5972935e-08
bot1,-0.4,0.1,-6.754e-13,1.606e-11,2.8e-12,20,5,1.1764999999999998e-10,1.606e-11,6.754e-13,1.33e-07,0.0022114661654135,3.4580262316214405,4.221954999999999e-09
bot1,-0.5,0.1,-3.9774e-12,6.042000000000001e-11,1.6380000000000003e-11,20,5,-2.851400000000001e-11,6.042000000000001e-11,3.9774e-12,1.33e-07,-0.000535977443609,-4.358911922524592,6.3574e-10
bot1,-0.6,0.1,5.0274e-12,-1.86e-12,-3.504e-11,20,5,-9.497999999999995e-12,1.86e-12,5.0274e-12,1.33e-07,-0.0001785338345864,1.4099776373403468,-2.1939999999999999e-10
bot1,-0.7,0.1,-2.0778e-12,2.8800000000000002e-12,1.1000000000000001e-13,20,5,1.5365999999999996e-11,2.8800000000000002e-12,2.0778e-12,1.33e-07,0.0002888345864661,2.051872159278964,1.06675e-10
bot1,-0.8,0.1,1.9542e-12,-1.3e-11,-4.250000000000001e-12,20,5,-3.0833000000000005e-11,1.3e-11,1.9542e-12,1.33e-07,-0.0005795676691729,-1.469960630070384,-9.558500000000008e-11
bot1,-0.9,0.1,4.0888e-12,-5.906e-11,-1.448e-11,20,5,3.4483000000000006e-11,5.906e-11,4.0888e-12,1.33e-07,0.0006481766917293,-2.0148444100442835,-1.86135e-10
bot1,-1.0,0.1,-4.9424e-12,7.8e-12,3.656e-11,20,5,6.394e-12,7.8e-12,4.9424e-12,1.33e-07,0.0001201879699248,0.8144477402105019,2.5784e-10
bot1,-1.1,0.1,2.81e-12,-1.93e-12,-2.36e-12,20,5,-1.7085000000000002e-11,1.93e-12,2.81e-12,1.33e-07,-0.0003211466165413,2.5527707445233987,-1.3808000000000008e-10
bot1,-1.2,0.1,-1.5254e-12,7.360000000000001e-12,3.5500000000000004e-12,20,5,3.401000000000001e-11,7.360000000000001e-12,1.5254e-12,1.33e-07,0.0006392857142857,-0.762421063551262,7.545499999999987e-11
bot1,-1.3,0.1,-3.992e-12,5.6500000000000005e-11,1.242e-11,20,5,-3.2175999999999965e-11,5.6500000000000005e-11,3.992e-12,1.33e-07,-0.0006048120300751,-2.5384002975352327,2.0025499999999987e-10
bot1,-1.4,0.1,4.9098e-12,-9.5e-12,-3.707e-11,20,5,-6.041000000000002e-12,9.5e-12,4.9098e-12,1.33e-07,-0.0001135526315789,0.7827625105687821,-2.5003499999999995e-10
bot1,-1.5,0.1,-2.7838e-12,1.3500000000000001e-12,3.05e-12,20,5,1.7831000000000003e-11,1.3500000000000001e-12,2.7838e-12,1.33e-07,0.0003351691729323,2.8139690319505744,1.3526000000000006e-10
bot1,-1.6,0.1,1.3436e-12,-5.09e-12,-3.1900000000000003e-12,20,5,-3.3093000000000005e-11,5.09e-12,1.3436e-12,1.33e-07,-0.0006220488721804,-0.695523440988355,-6.510000000000001e-11
bot1,-1.7,0.1,3.8348e-12,-5.600000000000001e-11,-1.1350000000000002e-11,20,5,3.0851000000000004e-11,5.600000000000001e-11,3.8348e-12,1.33e-07,0.0005799060150375,-2.776856566939224,-1.7892500000000006e-10
bot1,-1.8,0.1,-4.8266e-12,1.6380000000000003e-11,3.675e-11,20,5,2.691999999999997e-12,1.6380000000000003e-11,4.8266e-12,1.33e-07,5.0601503759398425e-05,0.3285140661552962,2.5430999999999977e-10
bot1,-1.9,0.1,3.2964e-12,-2.34e-12,-5.820000000000001e-12,20,5,-2.0011e-11,2.34e-12,3.2964e-12,1.33e-07,-0.0003761466165413,3.837516627251479,-1.592350000000001e-10
bot1,-2.0,0.1,-8.244e-13,1.8700000000000003e-12,2.62e-12,20,5,3.453900000000001e-11,1.8700000000000003e-12,8.244e-13,1.33e-07,0.0006492293233082,-0.1981784412012289,4.239999999999989e-11
bot1,-2.1,0.1,-3.6114e-12,5.0780000000000005e-11,1.029e-11,20,5,-2.8490999999999976e-11,5.0780000000000005e-11,3.6114e-12,1.33e-07,-0.0005355451127819,-3.8586486025540574,2.9925999999999965e-10
bot1,-2.2,0.1,4.8738e-12,-2.0770000000000003e-11,-3.7240000000000005e-11,20,5,-2.5312999999999972e-11,2.0770000000000003e-11,4.8738e-12,1.33e-07,-0.0004758082706766,1.979741619962068,-3.291799999999997e-10
bot1,-2.3000000000000003,0.1,1.4512e-12,-2.070000000000001e-12,8.100000000000002e-13,20,5,3.7345000000000047e-11,2.070000000000001e-12,1.4512e-12,1.33e-07,0.0007019736842105,1.368484355434633,-2.6856000000000047e-10
bot1,-2.4,0.1,-2.5952e-12,2.2480000000000003e-11,5.000000000000001e-12,20,5,2.839900000000004e-11,2.2480000000000003e-11,2.5952e-12,1.33e-07,0.0005338157894736,-2.322346678704615,3.769300000000005e-10
bot1,-2.5,0.1,-4.2286e-12,6.131e-11,1.7560000000000002e-11,20,5,-3.804099999999997e-11,6.131e-11,4.2286e-12,1.33e-07,-0.0007150563909774,-1.4296343604099513,2.0346999999999994e-10
bot1,-2.6,0.1,5.013e-12,-8.100000000000002e-13,-3.4320000000000004e-11,20,5,-1.2294999999999988e-11,8.100000000000002e-13,5.013e-12,1.33e-07,-0.0002311090225563,1.8916074791616813,-2.575299999999996e-10
bot1,-2.7,0.1,-1.7696e-12,2.46e-12,-2.5e-13,20,5,1.3464999999999988e-11,2.46e-12,1.7696e-12,1.33e-07,0.0002531015037593,1.6730485986107608,8.646000000000016e-11
bot1,-2.8000000000000003,0.1,2.32e-12,-1.679e-11,-4.62e-12,20,5,-2.958700000000004e-11,1.679e-11,2.32e-12,1.33e-07,-0.0005561466165413,-1.8497134882073607,-1.1468500000000043e-10
bot1,-2.9,0.1,4.1478e-12,-6.092000000000001e-11,-1.549e-11,20,5,3.640200000000005e-11,6.092000000000001e-11,4.1478e-12,1.33e-07,0.0006842481203007,-1.6501435696783262,-1.9672000000000038e-10
bot1,-3.0,0.1,-4.9604e-12,3.390000000000001e-12,3.5230000000000004e-11,20,5,9.756999999999992e-12,3.390000000000001e-12,4.9604e-12,1.33e-07,0.000183402255639,1.3805318611436932,2.5949999999999993e-10
bot1,-3.1,0.1,2.1964e-12,-2.04e-12,-8.800000000000002e-13,20,5,-1.5497999999999984e-11,2.04e-12,2.1964e-12,1.33e-07,-0.0002913157894736,2.1290850072109606,-1.063199999999998e-10
bot1,-3.2,0.1,-1.8608e-12,1.053e-11,3.71e-12,20,5,3.102099999999997e-11,1.053e-11,1.8608e-12,1.33e-07,0.0005831015037593,-1.3059730294989869,9.347500000000024e-11
bot1,-3.3000000000000003,0.1,-4.0078e-12,5.888000000000001e-11,1.4210000000000002e-11,20,5,-3.4193000000000045e-11,5.888000000000001e-11,4.0078e-12,1.33e-07,-0.0006427255639097,-2.136688729923855,1.8997000000000007e-10
bot1,-3.4,0.1,4.9778e-12,-5.74e-12,-3.6440000000000005e-11,20,5,-6.97300000000001e-12,5.74e-12,4.9778e-12,1.33e-07,-0.0001310714285714,0.92866695709681,-2.5579500000000046e-10
bot1,-3.5,0.1,-2.6132e-12,3.1200000000000004e-12,2.19e-12,20,5,1.6965999999999986e-11,3.1200000000000004e-12,2.6132e-12,1.33e-07,0.000318909774436,2.4855889588928792,1.310899999999997e-10
bot1,-3.6,0.1,1.5846e-12,-8.590000000000001e-12,-3.48e-12,20,5,-3.3190999999999974e-11,8.590000000000001e-12,1.5846e-12,1.33e-07,-0.0006238909774436,-0.937966175930568,-7.807999999999986e-11
bot1,-3.7,0.1,4.025e-12,-5.608e-11,-1.194e-11,20,5,3.2581999999999964e-11,5.608e-11,4.025e-12,1.33e-07,0.0006124436090225,-2.465429023415886,-1.9097999999999969e-10
bot1,-3.8,0.1,-4.9318e-12,1.101e-11,3.6440000000000005e-11,20,5,5.005000000000008e-12,1.101e-11,4.9318e-12,1.33e-07,9.407894736842118e-05,0.6209204893735983,2.554500000000003e-10
bot1,-3.9,0.1,3.024e-12,-1.9e-12,-4.28e-12,20,5,-1.8508000000000018e-11,1.9e-12,3.024e-12,1.33e-07,-0.0003478947368421,3.015148667930076,-1.453000000000004e-10
bot1,-4.0,0.1,-1.2302e-12,4.0400000000000006e-12,3.0900000000000004e-12,20,5,3.4065000000000046e-11,4.0400000000000006e-12,1.2302e-12,1.33e-07,0.0006403195488721,-0.4897140922291238,5.863999999999985e-11
bot1,-4.1,0.1,-3.789e-12,5.2540000000000007e-11,1.092e-11,20,5,-3.0235999999999976e-11,5.2540000000000007e-11,3.789e-12,1.33e-07,-0.0005683458646616,-2.96400461813352,2.9330999999999984e-10
bot1,-4.2,0.1,4.817e-12,-1.6450000000000002e-11,-3.7e-11,20,5,-2.4596999999999972e-11,1.6450000000000002e-11,4.817e-12,1.33e-07,-0.0004623496240601,2.6264622821724504,-3.372149999999993e-10
bot1,-4.3,0.1,1.1304e-12,-3.2200000000000004e-12,1.1600000000000001e-12,20,5,3.720699999999996e-11,3.2200000000000004e-12,1.1304e-12,1.33e-07,0.0006993796992481,1.3187330861458593,-2.5531499999999955e-10
bot1,-4.4,0.1,-2.6244e-12,2.5630000000000003e-11,5.7e-12,20,5,2.646599999999997e-11,2.5630000000000003e-11,2.6244e-12,1.33e-07,0.0004974812030075,-2.8307669852459023,3.7685999999999936e-10
bot1,-4.5,0.1,-4.1628e-12,6.065e-11,1.952e-11,20,5,-3.8164999999999966e-11,6.065e-11,4.1628e-12,1.33e-07,-0.0007173872180451,-1.4034316004345535,2.0628999999999963e-10
bot1,-4.6000000000000005,0.1,5.0086e-12,-1.09e-12,-3.222e-11,20,5,-1.4791999999999986e-11,1.09e-12,5.0086e-12,1.33e-07,-0.0002780451127819,2.6930739952448124,-2.488949999999997e-10
bot1,-4.7,0.1,-1.2044e-12,2.3800000000000004e-12,-1.59e-12,20,5,1.1614000000000042e-11,2.3800000000000004e-12,1.2044e-12,1.33e-07,0.0002183082706766,1.3532133984086818,6.281000000000017e-11
bot1,-4.8,0.1,2.6858e-12,-2.4520000000000003e-11,-5.63e-12,20,5,-2.7353999999999968e-11,2.4520000000000003e-11,2.6858e-12,1.33e-07,-0.0005141729323308,-2.7464541191705005,1.0617000000000006e-10
bot1,-4.9,0.1,4.2664e-12,-6.187e-11,-1.894e-11,20,5,-9.61999999999999e-12,6.187e-11,4.2664e-12,1.33e-07,-0.0001808270676691,-1.1730420704064837,-1.195999999999997e-10
bot1,-5.0,0.1,4.6098e-12,-8.100000000000002e-13,-2.036e-11,20,5,-3.434000000000016e-12,8.100000000000002e-13,4.6098e-12,1.33e-07,-6.45488721804514e-05,-0.3362051289691349,-6.185999999999997e-11
bot2,-5.0,0.1,-1.25e-13,8.73e-12,-5.300000000000003e-13,20,5,-1.940400000000007e-11,8.73e-12,1.25e-13,1.33e-07,-0.0003647368421052,12.180941596768456,-1.159999999999131e-12
bot2,-4.9,0.1,-2.0654e-12,1.549e-11,4.28e-12,20,5,-1.9519999999999975e-11,1.549e-11,2.0654e-12,1.33e-07,-0.000366917293233,7.5414362719015955,2.6998499999999987e-10
bot2,-4.8,0.1,-4.029e-12,5.7920000000000005e-11,1.353e-11,20,5,3.459299999999997e-11,5.7920000000000005e-11,4.029e-12,1.33e-07,0.0006502443609022,1.855120081207405,1.2405499999999986e-10
bot2,-4.7,0.1,4.8532e-12,-1.119e-11,-3.639e-11,20,5,5.2910000000000186e-12,1.119e-11,4.8532e-12,1.33e-07,9.945488721804544e-05,-0.6616192607240934,-2.6921000000000067e-10
bot2,-4.6000000000000005,0.1,-2.9708e-12,2.400000000000001e-12,3.75e-12,20,5,-1.924899999999998e-11,2.400000000000001e-12,2.9708e-12,1.33e-07,-0.0003618233082706,-3.4227704611732315,1.3849999999999963e-10
bot2,-4.5,0.1,1.0034e-12,-3.3100000000000002e-12,-3.0300000000000002e-12,20,5,3.299099999999997e-11,3.3100000000000002e-12,1.0034e-12,1.33e-07,0.0006201315789473,0.4336101671025179,-4.754999999999993e-11
bot2,-4.4,0.1,3.6274e-12,-4.9980000000000005e-11,-1.026e-11,20,5,-2.8758999999999968e-11,4.9980000000000005e-11,3.6274e-12,1.33e-07,-0.0005405827067669,3.3753659981095976,-3.0233999999999944e-10
bot2,-4.3,0.1,-4.7484e-12,2.169e-11,3.6040000000000006e-11,20,5,-2.7476999999999976e-11,2.169e-11,4.7484e-12,1.33e-07,-0.000516484962406,-1.4410928838499424,3.121149999999993e-10
bot2,-4.2,0.1,-1.868e-12,2.64e-12,-2.8e-13,20,5,3.3663999999999966e-11,2.64e-12,1.868e-12,1.33e-07,0.0006327819548872,-1.8945903897475151,2.8565499999999946e-10
bot2,-4.1,0.1,1.9844e-12,-1.454e-11,-4.340000000000001e-12,20,5,2.965399999999998e-11,1.454e-11,1.9844e-12,1.33e-07,0.0005574060150375,1.6872428594294038,-3.415849999999996e-10
bot2,-4.0,0.1,4.0628e-12,-5.854e-11,-1.434e-11,20,5,-3.4653000000000037e-11,5.854e-11,4.0628e-12,1.33e-07,-0.0006513721804511,1.9832122737446705,-1.832750000000001e-10
bot2,-3.9,0.1,-4.9462e-12,6.290000000000001e-12,3.551e-11,20,5,-7.0010000000000094e-12,6.290000000000001e-12,4.9462e-12,1.33e-07,-0.0001315977443609,-0.9175975805481784,2.5939500000000063e-10
bot2,-3.8,0.1,2.6626e-12,-2.8800000000000002e-12,-2.64e-12,20,5,1.7226000000000022e-11,2.8800000000000002e-12,2.6626e-12,1.33e-07,0.0003237969924812,-2.58945490434907,-1.27215e-10
bot2,-3.7,0.1,-1.501e-12,5.970000000000002e-12,3.4200000000000004e-12,20,5,-3.2443999999999976e-11,5.970000000000002e-12,1.501e-12,1.33e-07,-0.0006098496240601,0.787308698502897,7.106999999999967e-11
bot2,-3.6,0.1,-3.8262e-12,5.2680000000000006e-11,1.092e-11,20,5,3.1439999999999965e-11,5.2680000000000006e-11,3.8262e-12,1.33e-07,0.000590977443609,2.518413676193389,1.7191999999999968e-10
bot2,-3.5,0.1,4.787e-12,-1.838e-11,-3.613e-11,20,5,1.9399999999999986e-12,1.838e-11,4.787e-12,1.33e-07,3.64661654135338e-05,-0.2321826569346361,-2.6689999999999977e-10
bot2,-3.4,0.1,-3.4382e-12,8e-13,7.6e-12,20,5,-2.1940000000000023e-11,8e-13,3.4382e-12,1.33e-07,-0.0004124060150375,-5.39545265897601,1.5914500000000046e-10
bot2,-3.3000000000000003,0.1,3.99e-13,-7.100000000000001e-13,-2.42e-12,20,5,3.3769000000000046e-11,7.100000000000001e-13,3.99e-13,1.33e-07,0.0006347556390977,-0.0788450250991791,2.0702000000000028e-10
bot2,-3.2,0.1,3.3156e-12,-4.2010000000000005e-11,-8.400000000000001e-12,20,5,1.9463999999999982e-11,4.2010000000000005e-11,3.3156e-12,1.33e-07,0.0003658646616541,5.158332898706628,-1.4706000000000014e-10
bot2,-3.1,0.1,4.2918e-12,-5.877000000000001e-11,-2.367e-11,20,5,4.3569999999999945e-12,5.877000000000001e-11,4.2918e-12,1.33e-07,8.189849624060138e-05,0.5067041496354725,-1.827399999999996e-10
bot2,-3.0,0.1,4.187e-12,-1.7500000000000002e-12,-1.488e-11,20,5,-1.7083999999999983e-11,1.7500000000000002e-12,4.187e-12,1.33e-07,-0.0003211278195488,-3.4531571120287965,-1.9304500000000003e-10
bot2,-2.9,0.1,8.75e-13,-2.54e-12,1.5400000000000001e-12,20,5,-3.425200000000005e-11,2.54e-12,8.75e-13,1.33e-07,-0.0006438345864661,-0.9823328274111022,-4.065500000000032e-11
bot2,-2.8000000000000003,0.1,-2.6634e-12,2.5940000000000003e-11,5.4500000000000004e-12,20,5,-2.521500000000004e-11,2.5940000000000003e-11,2.6634e-12,1.33e-07,-0.0004739661654135,3.389598286345774,3.625700000000005e-10
bot2,-2.7,0.1,-4.168e-12,6.125000000000001e-11,1.7650000000000002e-11,20,5,3.8261999999999964e-11,6.125000000000001e-11,4.168e-12,1.33e-07,0.0007192105263157,1.3628855426508568,1.7723499999999998e-10
bot2,-2.6,0.1,4.989e-12,-2.04e-12,-3.4250000000000005e-11,20,5,1.0231999999999991e-11,2.04e-12,4.989e-12,1.33e-07,0.0001923308270676,-1.4663210178339434,-2.7270499999999947e-10
bot2,-2.5,0.1,-2.1216e-12,3.1400000000000004e-12,3.5e-13,20,5,-1.6278999999999986e-11,3.1400000000000004e-12,2.1216e-12,1.33e-07,-0.0003059962406015,-2.295824117884224,1.0097500000000016e-10
bot2,-2.4,0.1,1.7332e-12,-8.780000000000001e-12,-3.81e-12,20,5,3.042700000000004e-11,8.780000000000001e-12,1.7332e-12,1.33e-07,0.0005719360902255,1.357241133021445,-8.233000000000039e-11
bot2,-2.3000000000000003,0.1,3.9638e-12,-5.6030000000000006e-11,-1.311e-11,20,5,-3.2745000000000044e-11,5.6030000000000006e-11,3.9638e-12,1.33e-07,-0.0006155075187969,2.219098810139005,-1.7566000000000038e-10
bot2,-2.2,0.1,-4.8158e-12,1.194e-11,3.577e-11,20,5,-4.704999999999994e-12,1.194e-11,4.8158e-12,1.33e-07,-8.843984962406002e-05,-0.5885115989161432,2.608699999999999e-10
bot2,-2.1,0.1,3.0228e-12,-1.4900000000000001e-12,-4.82e-12,20,5,1.942899999999998e-11,1.4900000000000001e-12,3.0228e-12,1.33e-07,0.0003652067669172,-3.5709274691810102,-1.3964499999999996e-10
bot2,-2.0,0.1,-9.3e-13,3.18e-12,2.16e-12,20,5,-3.263400000000001e-11,3.18e-12,9.3e-13,1.33e-07,-0.0006134210526315,0.3207734197515233,4.0590000000000135e-11
bot2,-1.9,0.1,-3.504e-12,4.6890000000000006e-11,9.1e-12,20,5,2.7547000000000004e-11,4.6890000000000006e-11,3.504e-12,1.33e-07,0.0005178007518796,3.4616281562464226,3.0985499999999996e-10
bot2,-1.8,0.1,4.5794e-12,-2.928e-11,-3.5090000000000005e-11,20,5,2.9336999999999973e-11,2.928e-11,4.5794e-12,1.33e-07,0.000551447368421,-0.8551343315162888,-2.8894499999999977e-10
bot2,-1.7,0.1,2.3634e-12,-1.09e-12,-1.6300000000000001e-12,20,5,-3.024200000000001e-11,1.09e-12,2.3634e-12,1.33e-07,-0.0005684586466165,-2.468933920064807,-3.0105e-10
bot2,-1.6,0.1,-1.469e-12,7.92e-12,3.2700000000000004e-12,20,5,-3.0873000000000005e-11,7.92e-12,1.469e-12,1.33e-07,-0.0005803195488721,1.0376225430494836,3.0842000000000016e-10
bot2,-1.5,0.1,-3.8112e-12,5.356000000000001e-11,1.119e-11,20,5,3.144200000000001e-11,5.356000000000001e-11,3.8112e-12,1.33e-07,0.0005910150375939,2.579855887648615,2.9570000000000013e-10
bot2,-1.4,0.1,4.8194e-12,-2.0170000000000003e-11,-3.6440000000000005e-11,20,5,2.8267000000000003e-11,2.0170000000000003e-11,4.8194e-12,1.33e-07,0.0005313345864661,-1.5786248091738302,-3.2773999999999995e-10
bot2,-1.3,0.1,1.8422e-12,-2.5800000000000003e-12,1.0000000000000002e-14,20,5,-3.4105999999999965e-11,2.5800000000000003e-12,1.8422e-12,1.33e-07,-0.0006410902255639,-1.90786144203045,-2.8817999999999967e-10
bot2,-1.2,0.1,-2.0018e-12,1.418e-11,4.06e-12,20,5,-2.9369e-11,1.418e-11,2.0018e-12,1.33e-07,-0.0005520488721804,1.7007032928111967,3.4335e-10
bot2,-1.1,0.1,-4.0316e-12,5.786000000000001e-11,1.388e-11,20,5,3.4564000000000003e-11,5.786000000000001e-11,4.0316e-12,1.33e-07,0.0006496992481203,1.9487462460885667,1.7731500000000002e-10
bot2,-1.0,0.1,4.911e-12,-8.12e-12,-3.566e-11,20,5,6.093999999999999e-12,8.12e-12,4.911e-12,1.33e-07,0.0001145488721804,-0.781692915682388,-2.6563999999999997e-10
bot2,-0.9,0.1,-2.8128e-12,2.69e-12,3.05e-12,20,5,-1.8564000000000004e-11,2.69e-12,2.8128e-12,1.33e-07,-0.000348947368421,-3.0632030943862896,1.3339000000000007e-10
bot2,-0.8,0.1,1.1982e-12,-5.2600000000000014e-12,-3.2e-12,20,5,3.2772000000000005e-11,5.2600000000000014e-12,1.1982e-12,1.33e-07,0.0006160150375939,0.6195925175338513,-5.5524999999999945e-11
bot2,-0.7,0.1,3.7416e-12,-5.12e-11,-1.0240000000000002e-11,20,5,-2.966899999999999e-11,5.12e-11,3.7416e-12,1.33e-07,-0.0005576879699248,2.9842284831712265,-3.054649999999999e-10
bot2,-0.6,0.1,-4.7356e-12,2.204e-11,3.5820000000000005e-11,20,5,-2.8320999999999988e-11,2.204e-11,4.7356e-12,1.33e-07,-0.0005323496240601,-1.4458420946219603,3.1687999999999984e-10
bot2,-0.5,0.1,-1.9226e-12,2.7600000000000004e-12,-3.5e-13,20,5,3.3707000000000006e-11,2.7600000000000004e-12,1.9226e-12,1.33e-07,0.0006335902255639,-1.8654369245618967,2.8744500000000003e-10
bot2,-0.4,0.1,2.0058e-12,-1.23e-11,-4.100000000000001e-12,20,5,2.9168e-11,1.23e-11,2.0058e-12,1.33e-07,0.0005482706766917,1.5419943898803723,-3.3908999999999996e-10
bot2,-0.3,0.1,3.911e-12,-5.6580000000000006e-11,-1.316e-11,20,5,-3.4110999999999995e-11,5.6580000000000006e-11,3.911e-12,1.33e-07,-0.0006411842105263,1.9021746037296603,-1.6117999999999995e-10
bot2,-0.2,0.1,-4.8164e-12,1.052e-11,3.632e-11,20,5,-3.067999999999999e-12,1.052e-11,4.8164e-12,1.33e-07,-5.76691729323308e-05,-0.3705809117493431,2.9041e-10
bot2,-0.1,0.1,3.2974e-12,-1.93e-12,-6.230000000000001e-12,20,5,2.3971e-11,1.93e-12,3.2974e-12,1.33e-07,0.0004505827067669,-11.681847866357522,-1.47845e-10
bot2,0.0,0.1,-2.22e-14,2.7e-13,2.16e-12,20,5,-3.2636999999999997e-11,2.7e-13,2.22e-14,1.33e-07,-0.000613477443609,-0.0448455563557992,-2.2742999999999998e-10
bot2,0.1,0.1,-3.23e-12,3.849e-11,7.74e-12,20,5,-2.1515000000000003e-11,3.849e-11,3.23e-12,1.33e-07,-0.000404417293233,11.448266099338422,1.3455499999999996e-10
bot2,0.2,0.1,-4.3252e-12,5.998000000000001e-11,2.187e-11,20,5,-5.726000000000003e-12,5.998000000000001e-11,4.3252e-12,1.33e-07,-0.0001076315789473,0.658976940177398,1.8592000000000004e-10
bot2,0.3,0.1,-4.3752e-12,1.7000000000000002e-12,1.761e-11,20,5,1.5669e-11,1.7000000000000002e-12,4.3752e-12,1.33e-07,0.0002945300751879,-2.7997429927774853,2.00565e-10
bot2,0.4,0.1,-1.1914e-12,2.6600000000000004e-12,-1.4200000000000002e-12,20,5,3.4387e-11,2.6600000000000004e-12,1.1914e-12,1.33e-07,0.0006463721804511,-1.213379453053518,5.395000000000002e-11
bot2,0.5,0.1,2.5022e-12,-1.994e-11,-4.72e-12,20,5,2.645900000000001e-11,1.994e-11,2.5022e-12,1.33e-07,0.0004973496240601,2.683843145417804,-3.57035e-10
bot2,0.6,0.1,4.1004e-12,-6.002e-11,-1.573e-11,20,5,-3.7019999999999986e-11,6.002e-11,4.1004e-12,1.33e-07,-0.0006958646616541,1.4601678386279813,-1.6441499999999994e-10
bot2,0.7,0.1,-4.9018e-12,5.210000000000001e-12,3.5710000000000005e-11,20,5,-6.423999999999998e-12,5.210000000000001e-12,4.9018e-12,1.33e-07,-0.0001207518796992,-0.8162763415758875,2.7691499999999987e-10
bot2,0.8,0.1,2.8156e-12,-2.44e-12,-2.95e-12,20,5,1.8363000000000005e-11,2.44e-12,2.8156e-12,1.33e-07,0.0003451691729323,-3.0036651794856715,-1.3200000000000006e-10
bot2,0.9,0.1,-1.2292e-12,4.97e-12,2.8600000000000003e-12,20,5,-3.2824000000000005e-11,4.97e-12,1.2292e-12,1.33e-07,-0.000616992481203,0.6218382591150907,5.831499999999993e-11
bot2,1.0,0.1,-3.7492e-12,5.222e-11,1.129e-11,20,5,3.002599999999999e-11,5.222e-11,3.7492e-12,1.33e-07,0.0005643984962406,2.947208832684857,1.7181e-10
bot2,1.1,0.1,4.776e-12,-1.949e-11,-3.624e-11,20,5,1.5380000000000025e-12,1.949e-11,4.776e-12,1.33e-07,2.8909774436090266e-05,-0.185891076554201,-2.3636500000000004e-10
bot2,1.2,0.1,-3.4416e-12,1.93e-12,7.34e-12,20,5,-1.7247000000000002e-11,1.93e-12,3.4416e-12,1.33e-07,-0.0003241917293233,-2.7816216257947706,5.067849999999995e-10
bot2,1.3,0.1,1.3266e-12,-8.100000000000002e-13,-3.6200000000000003e-12,20,5,1.0289499999999992e-10,8.100000000000002e-13,1.3266e-12,1.33e-07,0.0019341165413533,3.485922702851895,2.991569999999998e-09
bot2,1.4,0.1,1.71374e-11,-4.06e-11,-2.1660000000000003e-11,20,5,5.81067e-10,4.06e-11,1.71374e-11,1.33e-07,0.0109223120300751,9.73722846708011,1.626959000000001e-08
bot2,1.5,0.1,1.1754e-10,6.092000000000001e-11,-9.248e-11,20,5,3.3568130000000007e-09,6.092000000000001e-11,1.1754e-10,1.33e-07,0.0630979887218045,8.019795054895873,5.8466165000000025e-08
bot2,1.6,0.1,6.885000000000001e-10,9.9e-13,-6.7202e-10,20,5,1.2274300000000004e-08,9.9e-13,6.885000000000001e-10,1.33e-07,0.23071992481203,6.700764072661755,1.4035343500000008e-07
bot2,1.7,0.1,2.5724e-09,1.786e-11,-2.4997e-09,20,5,3.1427500000000015e-08,1.786e-11,2.5724e-09,1.33e-07,0.5907424812030075,5.027889992235083,2.3606349999999974e-07
bot2,1.8,0.1,6.974e-09,-6.044e-11,-6.9425999999999996e-09,20,5,5.9486999999999936e-08,6.044e-11,6.974e-09,1.33e-07,1.118176691729322,3.7506201373937618,3.0781749999999973e-07
bot2,1.9,0.1,1.44698e-08,-6.114000000000001e-11,-1.4338599999999998e-08,20,5,9.2991e-08,6.114000000000001e-11,1.44698e-08,1.33e-07,1.7479511278195483,2.821430746746501,3.4600000000000053e-07
bot2,2.0,0.1,2.55722e-08,5.583e-11,-2.5521e-08,20,5,1.2868700000000002e-07,5.583e-11,2.55722e-08,1.33e-07,2.418928571428572,2.219206509081953,3.530049999999993e-07
bot2,2.1,0.1,4.02072e-08,-1.4700000000000002e-12,-4.01196e-08,20,5,1.6359199999999984e-07,1.4700000000000002e-12,4.02072e-08,1.33e-07,3.0750375939849586,1.789152166284829,3.462999999999985e-07
bot2,2.2,0.1,5.82906e-08,-1.36e-12,-5.80874e-08,20,5,1.9794699999999978e-07,1.36e-12,5.82906e-08,1.33e-07,3.720808270676687,1.4884027848786716,3.367650000000019e-07
bot2,2.3000000000000003,0.1,7.97966e-08,-5.959000000000001e-11,-7.9131e-08,20,5,2.309450000000003e-07,5.959000000000001e-11,7.97966e-08,1.33e-07,4.341071428571433,1.2671648779607487,3.2035000000000384e-07
bot2,2.4,0.1,1.0447960000000001e-07,-1.191e-11,-1.041726e-07,20,5,2.620170000000005e-07,1.191e-11,1.0447960000000001e-07,1.33e-07,4.925131578947377,1.0962353398400653,2.962849999999982e-07
bot2,2.5,0.1,1.322e-07,2.34e-12,-1.322e-07,20,5,2.902019999999999e-07,2.34e-12,1.322e-07,1.33e-07,5.454924812030071,0.9593765620799956,2.5941499999999576e-07
bot2,2.6,0.1,1.6252e-07,-5.626e-11,-1.6236e-07,20,5,3.1389999999999965e-07,5.626e-11,1.6252e-07,1.33e-07,5.900375939849616,0.8437930545234887,2.189899999999988e-07
bot2,2.7,0.1,1.9498e-07,-9.5e-13,-1.9492e-07,20,5,3.339999999999997e-07,9.5e-13,1.9498e-07,1.33e-07,6.278195488721796,0.7476755972413144,1.7550000000000458e-07
bot2,2.8000000000000003,0.1,2.2932e-07,1.478e-11,-2.2818e-07,20,5,3.490000000000006e-07,1.478e-11,2.2932e-07,1.33e-07,6.560150375939858,0.6644755588825833,1.425000000000043e-07
bot2,2.9,0.1,2.6478e-07,-1.7620000000000003e-11,-2.648e-07,20,5,3.625000000000005e-07,1.7620000000000003e-11,2.6478e-07,1.33e-07,6.813909774436096,0.5965304083355657,1.3749999999999545e-07
bot2,3.0,0.1,3.0182e-07,-1e-12,-3.0176e-07,20,5,3.764999999999997e-07,1e-12,3.0182e-07,1.33e-07,7.077067669172925,0.5434795706411539,1.1949999999999646e-07
bot2,3.1,0.1,3.4008e-07,5.437e-11,-3.3996e-07,20,5,3.863999999999998e-07,5.437e-11,3.4008e-07,1.33e-07,7.263157894736835,0.4950288482834248,9.299999999999924e-08
bot2,3.2,0.1,3.791e-07,2.6300000000000007e-12,-3.7906e-07,20,5,3.950999999999996e-07,2.6300000000000007e-12,3.791e-07,1.33e-07,7.426691729323298,0.4536828443738901,9.150000000000337e-08
bot2,3.3000000000000003,0.1,4.191e-07,-5.7410000000000005e-11,-4.1906e-07,20,5,4.047000000000005e-07,5.7410000000000005e-11,4.191e-07,1.33e-07,7.607142857142864,0.4202090517542306,9.400000000000533e-08
bot2,3.4,0.1,4.6004e-07,-1.1100000000000001e-12,-4.5986e-07,20,5,4.139000000000006e-07,1.1100000000000001e-12,4.6004e-07,1.33e-07,7.780075187969933,0.391411142434897,8.249999999999652e-08
bot2,3.5,0.1,5.0188e-07,1.759e-11,-5.0136e-07,20,5,4.211999999999997e-07,1.759e-11,5.0188e-07,1.33e-07,7.917293233082701,0.3651339066901334,7.199999999999634e-08
bot2,3.6,0.1,5.4428e-07,-1.755e-11,-5.4444e-07,20,5,4.282999999999999e-07,1.755e-11,5.4428e-07,1.33e-07,8.050751879699243,0.3421877480119703,7.749999999999783e-08
bot2,3.7,0.1,5.8754e-07,-1.03e-12,-5.8748e-07,20,5,4.366999999999993e-07,1.03e-12,5.8754e-07,1.33e-07,8.208646616541337,0.3231674860170216,7.300000000000277e-08
bot2,3.8,0.1,6.316199999999999e-07,5.313e-11,-6.3144e-07,20,5,4.429000000000004e-07,5.313e-11,6.316199999999999e-07,1.33e-07,8.325187969924817,0.304931719358024,5.250000000000878e-08
bot2,3.9,0.1,6.7612e-07,1.74e-12,-6.761599999999999e-07,20,5,4.47200000000001e-07,1.74e-12,6.7612e-07,1.33e-07,8.406015037594,0.2875776545399503,5.600000000000005e-08
bot2,4.0,0.1,7.2106e-07,-5.949e-11,-7.2094e-07,20,5,4.541000000000005e-07,5.949e-11,7.2106e-07,1.33e-07,8.535714285714292,0.273688031662758,8.14999999999922e-08
bot2,4.1,0.1,7.6694e-07,-1.65e-12,-7.6688e-07,20,5,4.6349999999999946e-07,1.65e-12,7.6694e-07,1.33e-07,8.712406015037581,0.2626246713445599,6.349999999999545e-08
bot2,4.2,0.1,8.1376e-07,2.367e-11,-8.1282e-07,20,5,4.667999999999995e-07,2.367e-11,8.1376e-07,1.33e-07,8.774436090225553,0.2494426688666793,3.6000000000001083e-08
bot2,4.3,0.1,8.602999999999999e-07,-1.175e-11,-8.6042e-07,20,5,4.7069999999999973e-07,1.175e-11,8.602999999999999e-07,1.33e-07,8.847744360902249,0.2377083880136152,6.150000000000086e-08
bot2,4.4,0.1,9.079e-07,-8.9e-13,-9.0768e-07,20,5,4.790999999999997e-07,8.9e-13,9.079e-07,1.33e-07,9.005639097744353,0.2293123995300081,5.400000000000031e-08
bot2,4.5,0.1,9.5612e-07,4.862e-11,-9.5552e-07,20,5,4.814999999999998e-07,4.862e-11,9.5612e-07,1.33e-07,9.05075187969924,0.2189110046999552,3.850000000000127e-08
bot2,4.6000000000000005,0.1,1.0042e-06,1.6300000000000001e-12,-1.00436e-06,20,5,4.868e-07,1.6300000000000001e-12,1.0042e-06,1.33e-07,9.15037593984962,0.2105694613297169,5.000000000000902e-08
bot2,4.7,0.1,1.05348e-06,-6.077e-11,-1.05316e-06,20,5,4.915000000000017e-07,6.077e-11,1.05348e-06,1.33e-07,9.238721804511304,0.2027919055077427,8.999999999999647e-09
bot2,4.8,0.1,1.1025e-06,-2.36e-12,-1.1026e-06,20,5,4.886e-07,2.36e-12,1.1025e-06,1.33e-07,9.184210526315786,0.1926224292794696,-2.2500000000006965e-08
bot2,4.9,0.1,1.1512e-06,-2.3100000000000003e-11,-1.1504e-06,20,5,4.870000000000002e-07,2.3100000000000003e-11,1.1512e-06,1.33e-07,9.154135338345869,0.1838322759643594,-2.999999999987517e-09
bot2,5.0,0.1,1.1999e-06,-6.067000000000001e-11,-1.1999e-06,20,5,4.880000000000025e-07,6.067000000000001e-11,1.1999e-06,1.33e-07,9.17293233082711,0.1803046511907619,5.700000000000258e-07
bot2,5.0,0.1,1.2000000000000002e-06,5.6610000000000005e-11,-1.1993e-06,20,5,5.440000000000026e-07,5.6610000000000005e-11,1.2000000000000002e-06,1.33e-07,10.22556390977448,0.2014995980733232,-4.699999999999736e-07
bot2,4.9,0.1,1.1455e-06,2.6300000000000007e-12,-1.1465000000000002e-06,20,5,5.349999999999995e-07,2.6300000000000007e-12,1.1455e-06,1.33e-07,10.056390977443598,0.2028054204896133,1.0750000000001436e-07
bot2,4.8,0.1,1.0930000000000002e-06,-6e-11,-1.0933000000000002e-06,20,5,5.224999999999998e-07,6e-11,1.0930000000000002e-06,1.33e-07,9.821428571428562,0.2077218200744022,8.949999999998176e-08
bot2,4.7,0.1,1.041e-06,-1.8100000000000002e-12,-1.0413e-06,20,5,5.171000000000033e-07,1.8100000000000002e-12,1.041e-06,1.33e-07,9.719924812030133,0.2158462629478171,5.999999999999944e-08
bot2,4.6000000000000005,0.1,9.8958e-07,-3.646e-11,-9.8882e-07,20,5,5.104999999999999e-07,3.646e-11,9.8958e-07,1.33e-07,9.59586466165413,0.2241569522545637,7.000000000001897e-08
bot2,4.5,0.1,9.389e-07,-2.998e-11,-9.3886e-07,20,5,5.030999999999994e-07,2.998e-11,9.389e-07,1.33e-07,9.45676691729322,0.2328434481931827,8.75000000000012e-08
bot2,4.4,0.1,8.889599999999999e-07,-5.7e-13,-8.8904e-07,20,5,4.929999999999997e-07,5.7e-13,8.889599999999999e-07,1.33e-07,9.266917293233073,0.2409248775819603,8.59999999999995e-08
bot2,4.3,0.1,8.403e-07,5.7670000000000006e-11,-8.399399999999999e-07,20,5,4.858999999999994e-07,5.7670000000000006e-11,8.403e-07,1.33e-07,9.133458646616528,0.2513884612319292,6.349999999999785e-08
bot2,4.2,0.1,7.9178e-07,2.8400000000000004e-12,-7.918e-07,20,5,4.803e-07,2.8400000000000004e-12,7.9178e-07,1.33e-07,9.0281954887218,0.2636067779714943,6.800000000000029e-08
bot2,4.1,0.1,7.442399999999999e-07,-5.3880000000000005e-11,-7.4402e-07,20,5,4.722999999999994e-07,5.3880000000000005e-11,7.442399999999999e-07,1.33e-07,8.877819548872166,0.2758620299435941,8.649999999999743e-08
bot2,4.0,0.1,6.9732e-07,-1.1100000000000001e-12,-6.9734e-07,20,5,4.6300000000000053e-07,1.1100000000000001e-12,6.9732e-07,1.33e-07,8.703007518797,0.2885263647076822,7.949999999999259e-08
bot2,3.9,0.1,6.5164e-07,1.542e-11,-6.5108e-07,20,5,4.56400000000001e-07,1.542e-11,6.5164e-07,1.33e-07,8.578947368421067,0.3046541598185874,6.499999999999996e-08
bot2,3.8,0.1,6.0604e-07,-1.5010000000000002e-11,-6.061e-07,20,5,4.500000000000005e-07,1.5010000000000002e-11,6.0604e-07,1.33e-07,8.458646616541364,0.3227485216588958,8.200000000000785e-08
bot2,3.7,0.1,5.6164e-07,4.0000000000000006e-14,-5.6144e-07,20,5,4.3999999999999933e-07,4.0000000000000006e-14,5.6164e-07,1.33e-07,8.270676691729308,0.3406899740939414,8.800000000000387e-08
bot2,3.6,0.1,5.1804e-07,5.3590000000000006e-11,-5.177e-07,20,5,4.323999999999997e-07,5.3590000000000006e-11,5.1804e-07,1.33e-07,8.127819548872173,0.3630907850786077,7.899999999999819e-08
bot2,3.5,0.1,4.7516e-07,2.37e-12,-4.7516e-07,20,5,4.2419999999999974e-07,2.37e-12,4.7516e-07,1.33e-07,7.973684210526309,0.3883742337530456,8.349999999999615e-08
bot2,3.4,0.1,4.332e-07,-6.079e-11,-4.3312e-07,20,5,4.157000000000005e-07,6.079e-11,4.332e-07,1.33e-07,7.813909774436097,0.4176582466147055,8.49999999999954e-08
bot2,3.3000000000000003,0.1,3.9202e-07,-1.6100000000000002e-12,-3.9214e-07,20,5,4.072000000000007e-07,1.6100000000000002e-12,3.9202e-07,1.33e-07,7.654135338345875,0.4522099767081672,1.025000000000044e-07
bot2,3.2,0.1,3.5176e-07,2.104e-11,-3.5184e-07,20,5,3.951999999999996e-07,2.104e-11,3.5176e-07,1.33e-07,7.42857142857142,0.4889581906163349,1.2500000000000558e-07
bot2,3.1,0.1,3.1298e-07,-1.383e-11,-3.1298e-07,20,5,3.821999999999995e-07,1.383e-11,3.1298e-07,1.33e-07,7.184210526315778,0.5320434586497708,1.2599999999999957e-07
bot2,3.0,0.1,2.7532e-07,-8.300000000000001e-13,-2.753e-07,20,5,3.699999999999997e-07,8.300000000000001e-13,2.7532e-07,1.33e-07,6.954887218045106,0.5857751471035749,1.2149999999999473e-07
bot2,2.9,0.1,2.3898e-07,5.018e-11,-2.388e-07,20,5,3.579000000000005e-07,5.018e-11,2.3898e-07,1.33e-07,6.727443609022565,0.6538072952968185,1.409999999999968e-07
bot2,2.8000000000000003,0.1,2.0374e-07,2.44e-12,-2.0384e-07,20,5,3.418000000000005e-07,2.44e-12,2.0374e-07,1.33e-07,6.424812030075193,0.731658095864197,1.7850000000000465e-07
bot2,2.7,0.1,1.7062e-07,-6.156e-11,-1.7042e-07,20,5,3.2219999999999964e-07,6.156e-11,1.7062e-07,1.33e-07,6.0563909774436,0.8256259269918412,2.050000000000031e-07
bot2,2.6,0.1,1.393e-07,-2.01e-12,-1.3932e-07,20,5,3.0079999999999973e-07,2.01e-12,1.393e-07,1.33e-07,5.654135338345859,0.9441244936623718,2.3817999999999881e-07
bot2,2.5,0.1,1.1046e-07,2.575e-11,-1.1042e-07,20,5,2.7456399999999984e-07,2.575e-11,1.1046e-07,1.33e-07,5.160977443609018,1.0883726967962906,2.773849999999968e-07
bot2,2.4,0.1,8.43872e-08,-1.6800000000000001e-12,-8.44186e-08,20,5,2.453230000000003e-07,1.6800000000000001e-12,8.43872e-08,1.33e-07,4.611334586466171,1.2753460284274816,3.105649999999981e-07
bot2,2.3000000000000003,0.1,6.13954e-08,2e-12,-6.146379999999999e-08,20,5,2.124510000000003e-07,2e-12,6.13954e-08,1.33e-07,3.993439849624065,1.5204682514097787,3.481750000000029e-07
bot2,2.2,0.1,4.1897e-08,1.436e-11,-4.20002e-08,20,5,1.7568799999999985e-07,1.436e-11,4.1897e-08,1.33e-07,3.3024060150375902,1.844387485629831,3.7550500000000193e-07
bot2,2.1,0.1,2.62578e-08,5.448e-11,-2.63224e-08,20,5,1.3734999999999986e-07,5.448e-11,2.62578e-08,1.33e-07,2.5817669172932294,2.315034474946398,3.899399999999989e-07
bot2,2.0,0.1,1.4427e-08,-1.9200000000000003e-12,-1.4496799999999998e-08,20,5,9.770000000000001e-08,1.9200000000000003e-12,1.4427e-08,1.33e-07,1.8364661654135328,2.9601563302101,3.8600749999999924e-07
bot2,1.9,0.1,6.7178e-09,-7.700000000000002e-13,-6.7797e-09,20,5,6.014850000000003e-08,7.700000000000002e-13,6.7178e-09,1.33e-07,1.1306109022556392,3.8972682320363776,3.373092500000003e-07
bot2,1.8,0.1,2.3973e-09,-4.48e-12,-2.4427e-09,20,5,3.023814999999997e-08,4.48e-12,2.3973e-09,1.33e-07,0.568386278195488,5.005210435942806,2.435504999999999e-07
bot2,1.7,0.1,6.701700000000001e-10,-2.7000000000000002e-12,-6.5219e-10,20,5,1.1438400000000005e-08,2.7000000000000002e-12,6.701700000000001e-10,1.33e-07,0.2150075187969924,6.699162938250069,1.3475938499999988e-07
bot2,1.6,0.1,1.0962e-10,5.938e-11,-9.726e-11,20,5,3.286273000000001e-09,5.938e-11,1.0962e-10,1.33e-07,0.0617720488721804,8.57538560844769,5.4536290000000026e-08
bot2,1.5,0.1,1.29154e-11,1.8900000000000002e-12,-1.584e-11,20,5,5.31142e-10,1.8900000000000002e-12,1.29154e-11,1.33e-07,0.0099838721804511,7.547425855716779,1.6210920000000013e-08
bot2,1.4,0.1,3.3916e-12,-1.5870000000000002e-11,-5.34e-12,20,5,4.408900000000001e-11,1.5870000000000002e-11,3.3916e-12,1.33e-07,0.0008287406015037,2.492891500158612,2.449915000000001e-09
bot2,1.3,0.1,4.0976e-12,-5.8110000000000007e-11,-1.405e-11,20,5,4.1158999999999956e-11,5.8110000000000007e-11,4.0976e-12,1.33e-07,0.0007736654135338,-0.7722934036689104,1.8846999999999987e-10
bot2,1.2,0.1,-4.8402e-12,6.180000000000001e-12,3.558e-11,20,5,6.395e-12,6.180000000000001e-12,4.8402e-12,1.33e-07,0.0001202067669172,0.8124805676591242,3.0021999999999987e-10
bot2,1.1,0.1,2.8186e-12,-2.3000000000000003e-12,-3.3700000000000004e-12,20,5,-1.8885000000000004e-11,2.3000000000000003e-12,2.8186e-12,1.33e-07,-0.0003549812030075,3.29124169695966,-1.2734499999999996e-10
bot2,1.0,0.1,-1.0632e-12,4.140000000000001e-12,2.9300000000000002e-12,20,5,3.186399999999999e-11,4.140000000000001e-12,1.0632e-12,1.33e-07,0.000598947368421,-0.5035420747305605,5.0634999999999976e-11
bot2,0.9,0.1,-3.5542e-12,4.9870000000000005e-11,9.74e-12,20,5,-2.9012000000000003e-11,4.9870000000000005e-11,3.5542e-12,1.33e-07,-0.0005453383458646,-3.245450344532196,3.02815e-10
bot2,0.8,0.1,4.7392e-12,-2.615e-11,-3.5590000000000003e-11,20,5,-2.8699000000000006e-11,2.615e-11,4.7392e-12,1.33e-07,-0.000539454887218,1.0558559026860073,-3.0977500000000005e-10
bot2,0.7,0.1,2.1856e-12,-1.4800000000000006e-12,-4.600000000000003e-13,20,5,3.2942999999999985e-11,1.4800000000000006e-12,2.1856e-12,1.33e-07,0.0006192293233082,2.043370917741746,-2.9807999999999976e-10
bot2,0.6,0.1,-1.8494e-12,1.114e-11,3.9e-12,20,5,3.091699999999999e-11,1.114e-11,1.8494e-12,1.33e-07,0.0005811466165413,-1.311251908251707,3.3459999999999975e-10
bot2,0.5,0.1,-3.9978e-12,5.801e-11,1.392e-11,20,5,-3.397700000000001e-11,5.801e-11,3.9978e-12,1.33e-07,-0.0006386654135338,-2.1361162936625715,1.8313e-10
bot2,0.4,0.1,4.946e-12,-9.32e-12,-3.61e-11,20,5,-5.708999999999999e-12,9.32e-12,4.946e-12,1.33e-07,-0.0001073120300751,0.730314302738222,-2.6604500000000004e-10
bot2,0.3,0.1,-2.856e-12,2.0200000000000007e-12,3.0800000000000002e-12,20,5,1.9232e-11,2.0200000000000007e-12,2.856e-12,1.33e-07,0.0003615037593984,3.2650969042692424,1.3302e-10
bot2,0.2,0.1,1.0996e-12,-3.3200000000000004e-12,-2.77e-12,20,5,-3.2313e-11,3.3200000000000004e-12,1.0996e-12,1.33e-07,-0.0006073872180451,-0.5066988762406232,-4.8795e-11
bot2,0.1,0.1,3.6066e-12,-4.847e-11,-9.38e-12,20,5,2.8991e-11,4.847e-11,3.6066e-12,1.33e-07,0.0005449436090225,-3.1536687158983767,-3.1711e-10
bot2,0.0,0.1,-4.6986e-12,2.529e-11,3.5810000000000004e-11,20,5,3.1109e-11,2.529e-11,4.6986e-12,1.33e-07,0.0005847556390977,0.6979653538997432,2.94755e-10
bot2,-0.1,0.1,-2.6152e-12,2.03e-12,1.8200000000000003e-12,20,5,-2.996e-11,2.03e-12,2.6152e-12,1.33e-07,-0.0005631578947368,2.801178088700036,3.1368e-10
bot2,-0.2,0.1,1.2934e-12,-5.64e-12,-3.4700000000000004e-12,20,5,-3.1627e-11,5.64e-12,1.2934e-12,1.33e-07,-0.000594492481203,-0.7594620675657638,-3.0217e-10
bot2,-0.3,0.1,3.7102e-12,-5.318e-11,-1.13e-11,20,5,3.0474e-11,5.318e-11,3.7102e-12,1.33e-07,0.0005728195488721,-2.8481751575968595,-1.6243499999999994e-10
bot2,-0.4,0.1,-4.8014e-12,1.7380000000000002e-11,3.608e-11,20,5,8.600000000000005e-13,1.7380000000000002e-11,4.8014e-12,1.33e-07,1.616541353383459e-05,0.1030747146200727,2.62945e-10
bot2,-0.5,0.1,3.5382e-12,-1.5700000000000002e-12,-7.0300000000000005e-12,20,5,-2.211500000000001e-11,1.5700000000000002e-12,3.5382e-12,1.33e-07,-0.0004156954887218,5.51708380200358,-1.7017e-10
bot2,-0.6,0.1,-3.784e-13,8.400000000000002e-13,2.350000000000001e-12,20,5,3.489399999999999e-11,8.400000000000002e-13,3.784e-13,1.33e-07,0.000655902255639,0.0607409657881596,1.6639999999999923e-11
bot2,-0.7,0.1,-3.4406e-12,4.491e-11,8.590000000000001e-12,20,5,-2.5442999999999992e-11,4.491e-11,3.4406e-12,1.33e-07,-0.0004782518796992,-5.475441101934448,3.232299999999999e-10
bot2,-0.8,0.1,4.7102e-12,-3.0940000000000005e-11,-3.4760000000000005e-11,20,5,-2.9752000000000005e-11,3.0940000000000005e-11,4.7102e-12,1.33e-07,-0.0005592481203007,0.684975350197723,-2.8452500000000006e-10
bot2,-0.9,0.1,2.5098e-12,-2.18e-12,-1.8000000000000002e-12,20,5,3.1462000000000005e-11,2.18e-12,2.5098e-12,1.33e-07,0.0005913909774436,2.3688898396978346,-3.0856e-10
bot2,-1.0,0.1,-1.5822e-12,8.190000000000001e-12,3.3600000000000002e-12,20,5,3.1959999999999986e-11,8.190000000000001e-12,1.5822e-12,1.33e-07,0.0006007518796992,-0.9471939514591284,3.1671e-10
bot2,-1.1,0.1,-3.8822e-12,5.471e-11,1.2e-11,20,5,-3.188000000000001e-11,5.471e-11,3.8822e-12,1.33e-07,-0.0005992481203007,-2.40709265445692,1.79625e-10
bot2,-1.2,0.1,4.7938e-12,-1.3890000000000002e-11,-3.6550000000000006e-11,20,5,-3.965000000000001e-12,1.3890000000000002e-11,4.7938e-12,1.33e-07,-7.453007518796995e-05,0.4961593954488298,-2.6085500000000003e-10
bot2,-1.3,0.1,-3.0892e-12,2.77e-12,5.310000000000002e-12,20,5,2.0290999999999978e-11,2.77e-12,3.0892e-12,1.33e-07,0.000381409774436,4.0701909525121005,1.4494999999999987e-10
bot2,-1.4,0.1,7.356e-13,-2.87e-12,-2.9300000000000002e-12,20,5,-3.2955000000000004e-11,2.87e-12,7.356e-13,1.33e-07,-0.000619454887218,-0.2722265610911645,-3.2750000000000145e-11
bot2,-1.5,0.1,3.5018e-12,-4.668e-11,-9.080000000000004e-12,20,5,2.684100000000001e-11,4.668e-11,3.5018e-12,1.33e-07,0.0005045300751879,-3.99591541136025,-3.121050000000001e-10
bot2,-1.6,0.1,-4.6326e-12,2.968e-11,3.4830000000000004e-11,20,5,2.946600000000001e-11,2.968e-11,4.6326e-12,1.33e-07,0.0005538721804511,0.8281955673803322,2.9238000000000013e-10
bot2,-1.7,0.1,-2.3914e-12,2.09e-12,7.700000000000002e-13,20,5,-3.163500000000001e-11,2.09e-12,2.3914e-12,1.33e-07,-0.0005946428571428,2.184044300373405,3.05365e-10
bot2,-1.8,0.1,1.6944e-12,-9.13e-12,-3.690000000000001e-12,20,5,-3.160699999999997e-11,9.13e-12,1.6944e-12,1.33e-07,-0.0005941165413533,-1.078701627334632,-3.2209499999999965e-10
bot2,-1.9,0.1,3.93e-12,-5.6170000000000005e-11,-1.293e-11,20,5,3.2784000000000004e-11,5.6170000000000005e-11,3.93e-12,1.33e-07,0.0006162406015037,-2.289173699862284,-1.7941499999999987e-10
bot2,-2.0,0.1,-4.8624e-12,1.283e-11,3.63e-11,20,5,4.276e-12,1.283e-11,4.8624e-12,1.33e-07,8.037593984962403e-05,0.5328783898909873,2.631e-10
bot2,-2.1,0.1,3.0748e-12,-2.19e-12,-5.03e-12,20,5,-1.9835999999999985e-11,2.19e-12,3.0748e-12,1.33e-07,-0.0003728571428571,3.67465304607786,-1.4435499999999968e-10
bot2,-2.2,0.1,-8.952e-13,1.6600000000000002e-12,2.7100000000000004e-12,20,5,3.3146999999999964e-11,1.6600000000000002e-12,8.952e-13,1.33e-07,0.0006230639097744,-0.314869320773656,3.9070000000000194e-11
bot2,-2.3000000000000003,0.1,-3.5546e-12,4.6780000000000005e-11,9.43e-12,20,5,-2.7650000000000032e-11,4.6780000000000005e-11,3.5546e-12,1.33e-07,-0.0005197368421052,-3.57055462386216,3.107350000000005e-10
bot2,-2.4,0.1,4.6348e-12,-2.94e-11,-3.548e-11,20,5,-2.900000000000004e-11,2.94e-11,4.6348e-12,1.33e-07,-0.0005451127819548,0.9974850912109204,-2.9641000000000043e-10
bot2,-2.5,0.1,2.2454e-12,-3.56e-12,-1.09e-12,20,5,3.163199999999997e-11,3.56e-12,2.2454e-12,1.33e-07,0.0005945864661654,2.188666609089303,-2.9718499999999984e-10
bot2,-2.6,0.1,-1.6916e-12,8.14e-12,3.35e-12,20,5,3.0436999999999975e-11,8.14e-12,1.6916e-12,1.33e-07,0.0005721240601503,-1.1663182110794856,3.2149999999999936e-10
bot2,-2.7,0.1,-3.842e-12,5.605e-11,1.2480000000000002e-11,20,5,-3.2667999999999965e-11,5.605e-11,3.842e-12,1.33e-07,-0.0006140601503759,-2.283635543154243,1.6782999999999975e-10
bot2,-2.8000000000000003,0.1,4.842e-12,-1.416e-11,-3.639e-11,20,5,-3.129000000000004e-12,1.416e-11,4.842e-12,1.33e-07,-5.8815789473684273e-05,0.3860715646286743,-2.6335000000000034e-10
bot2,-2.9,0.1,-3.2162e-12,1.13e-12,5.48e-12,20,5,2.0002000000000022e-11,1.13e-12,3.2162e-12,1.33e-07,0.000375977443609,3.799595291480249,1.5686e-10
bot2,-3.0,0.1,8.416e-13,-2.52e-12,-2.960000000000001e-12,20,5,-3.450099999999997e-11,2.52e-12,8.416e-13,1.33e-07,-0.0006485150375939,-0.2948828696243574,-3.9499999999999696e-11
bot2,-3.1,0.1,3.684e-12,-4.9590000000000007e-11,-9.64e-12,20,5,2.7901999999999967e-11,4.9590000000000007e-11,3.684e-12,1.33e-07,0.0005244736842105,-3.7528132648725214,-3.1497499999999947e-10
bot2,-3.2,0.1,-4.7388e-12,2.6670000000000003e-11,3.5310000000000005e-11,20,5,2.8493999999999973e-11,2.6670000000000003e-11,4.7388e-12,1.33e-07,0.0005356015037593,1.3104383966956843,3.092149999999998e-10
bot2,-3.3000000000000003,0.1,-2.0148e-12,2.37e-12,-2.2000000000000002e-13,20,5,-3.3941000000000036e-11,2.37e-12,2.0148e-12,1.33e-07,-0.0006379887218045,1.8202082395683152,2.9281000000000046e-10
bot2,-3.4,0.1,2.0494e-12,-1.342e-11,-4.140000000000001e-12,20,5,-3.006800000000004e-11,1.342e-11,2.0494e-12,1.33e-07,-0.0005651879699248,-1.4884887062527885,-3.4280000000000056e-10
bot2,-3.5,0.1,3.9988e-12,-5.733e-11,-1.402e-11,20,5,3.4618999999999965e-11,5.733e-11,3.9988e-12,1.33e-07,0.0006507330827067,-1.8814721662295304,-1.82105e-10
bot2,-3.6,0.1,-4.8744e-12,6.86e-12,3.5520000000000004e-11,20,5,6.352999999999996e-12,6.86e-12,4.8744e-12,1.33e-07,0.000119417293233,0.830267394237402,2.6105499999999947e-10
bot2,-3.7,0.1,2.7282e-12,-1.32e-12,-2.41e-12,20,5,-1.7591999999999982e-11,1.32e-12,2.7282e-12,1.33e-07,-0.0003306766917293,2.7783073779268426,-1.3268000000000008e-10
bot2,-3.8,0.1,-1.356e-12,6.4200000000000005e-12,3.160000000000001e-12,20,5,3.2889000000000045e-11,6.4200000000000005e-12,1.356e-12,1.33e-07,0.0006182142857142,-0.747697005354998,6.622000000000037e-11
bot2,-3.9,0.1,-3.8496e-12,5.4750000000000005e-11,1.167e-11,20,5,-3.083600000000004e-11,5.4750000000000005e-11,3.8496e-12,1.33e-07,-0.0005796240601503,-2.749968606126995,2.929200000000008e-10
bot2,-4.0,0.1,4.8112e-12,-1.6290000000000003e-11,-3.6260000000000006e-11,20,5,-2.569500000000004e-11,1.6290000000000003e-11,4.8112e-12,1.33e-07,-0.0004829887218045,2.37513969892332,-3.3440500000000046e-10
bot2,-4.1,0.1,1.2894e-12,-2.57e-12,4.3000000000000004e-13,20,5,3.6044999999999964e-11,2.57e-12,1.2894e-12,1.33e-07,0.0006775375939849,1.5122022744774886,-2.6381999999999977e-10
bot2,-4.2,0.1,-2.3978e-12,1.869e-11,4.7000000000000006e-12,20,5,2.706899999999997e-11,1.869e-11,2.3978e-12,1.33e-07,0.0005088157894736,-2.5248655615488125,3.6426999999999925e-10
bot2,-4.3,0.1,-4.1244e-12,5.947e-11,1.613e-11,20,5,-3.6808999999999966e-11,5.947e-11,4.1244e-12,1.33e-07,-0.0006918984962406,-1.580094084828739,1.8331499999999964e-10
bot2,-4.4,0.1,4.964e-12,-1.9200000000000003e-12,-3.503e-11,20,5,-9.59399999999999e-12,1.9200000000000003e-12,4.964e-12,1.33e-07,-0.0001803383458646,1.3591701254356614,-2.6102499999999947e-10
bot2,-4.5,0.1,-2.2056e-12,2.29e-12,2.9000000000000013e-13,20,5,1.5395999999999988e-11,2.29e-12,2.2056e-12,1.33e-07,0.0002893984962406,2.102832498598424,1.0605999999999979e-10
bot2,-4.6000000000000005,0.1,1.8848e-12,-1.08e-11,-3.7e-12,20,5,-3.080599999999997e-11,1.08e-11,1.8848e-12,1.33e-07,-0.0005790601503759,-1.2684280756084907,-9.086500000000056e-11
bot2,-4.7,0.1,3.9556e-12,-5.651000000000001e-11,-1.312e-11,20,5,3.356900000000012e-11,5.651000000000001e-11,3.9556e-12,1.33e-07,0.0006309962406015,-2.0429596614667016,-1.8713000000000047e-10
bot2,-4.8,0.1,-4.829e-12,8.270000000000003e-12,3.5670000000000005e-11,20,5,6.619999999999994e-12,8.270000000000003e-12,4.829e-12,1.33e-07,0.0001244360902255,0.8849624524713376,2.5241500000000026e-10
bot2,-4.9,0.1,2.6316e-12,-1.73e-12,-2.500000000000001e-12,20,5,-1.6913999999999982e-11,1.73e-12,2.6316e-12,1.33e-07,-0.000317932330827,2.61814424101243,-1.7079000000000058e-10
bot2,-5.0,0.1,-1.4462e-12,5.9e-12,2.97e-12,20,5,4.077800000000015e-11,5.9e-12,1.4462e-12,1.33e-07,0.0007665037593984,2.599915205272892,-5.769200000000031e-10
top1,-5.0,0.1,4.9714e-12,-3.745e-11,4.233e-11,20,5,-6.678800000000021e-11,3.745e-11,4.9714e-12,1.33e-07,-0.0012554135338345,-4.64143430894202,5.223000000000042e-10
top1,-4.9,0.1,-1.7074e-12,2.070000000000001e-12,-1.02e-12,20,5,-1.4557999999999982e-11,2.070000000000001e-12,1.7074e-12,1.33e-07,-0.0002736466165413,-1.9132682708523048,4.746000000000005e-10
top1,-4.8,0.1,2.0598e-12,-1.2370000000000002e-11,-5.18e-12,20,5,2.8131999999999973e-11,1.2370000000000002e-11,2.0598e-12,1.33e-07,0.0005287969924812,1.804199931962244,-9.90000000000006e-11
top1,-4.7,0.1,3.919e-12,-4.539e-11,-1.6250000000000002e-11,20,5,-3.4358000000000117e-11,4.539e-11,3.919e-12,1.33e-07,-0.0006458270676691,1.842412570030356,-1.6643000000000043e-10
top1,-4.6000000000000005,0.1,-4.8118e-12,7.53e-12,4.2270000000000006e-11,20,5,-5.153999999999995e-12,7.53e-12,4.8118e-12,1.33e-07,-9.68796992481202e-05,-0.662739999133572,2.677000000000003e-10
top1,-4.5,0.1,2.8882e-12,-1.98e-12,-4.440000000000001e-12,20,5,1.9181999999999983e-11,1.98e-12,2.8882e-12,1.33e-07,0.0003605639097744,-3.465624082799576,-1.3444999999999975e-10
top1,-4.4,0.1,-9.754e-13,3.02e-12,3.010000000000001e-12,20,5,-3.204399999999997e-11,3.02e-12,9.754e-13,1.33e-07,-0.0006023308270676,0.4299471049340293,4.4379999999999916e-11
top1,-4.3,0.1,-3.5206e-12,4.064e-11,1.17e-11,20,5,2.8057999999999968e-11,4.064e-11,3.5206e-12,1.33e-07,0.0005274060150375,3.3848970568656225,1.5348499999999968e-10
top1,-4.2,0.1,4.6362e-12,-2.1590000000000003e-11,-4.22e-11,20,5,-1.346999999999999e-12,2.1590000000000003e-11,4.6362e-12,1.33e-07,-2.5319548872180425e-05,0.1601126266493933,-2.6157999999999947e-10
top1,-4.1,0.1,-3.79e-12,1.12e-12,1.2580000000000002e-11,20,5,-2.4257999999999972e-11,1.12e-12,3.79e-12,1.33e-07,-0.000455977443609,-6.664582318333541,1.7426500000000007e-10
top1,-4.0,0.1,-2.154e-13,1.23e-12,-2.1000000000000003e-12,20,5,3.3506000000000046e-11,1.23e-12,2.154e-13,1.33e-07,0.0006298120300751,-0.5728358369494664,2.3205500000000034e-10
top1,-3.9,0.1,2.9112e-12,-2.9000000000000003e-11,-8.13e-12,20,5,2.2153000000000028e-11,2.9000000000000003e-11,2.9112e-12,1.33e-07,0.000416409774436,6.457862433013855,-3.629650000000009e-10
top1,-3.8,0.1,4.2152e-12,-4.993e-11,-2.56e-11,20,5,-3.9087000000000056e-11,4.993e-11,4.2152e-12,1.33e-07,-0.0007347180451127,1.133366027787847,-1.8427000000000028e-10
top1,-3.7,0.1,-4.9062e-12,1.37e-12,3.608e-11,20,5,-1.4700999999999988e-11,1.37e-12,4.9062e-12,1.33e-07,-0.0002763345864661,-2.596540003973782,2.5833e-10
top1,-3.6,0.1,1.275e-12,-1.86e-12,1e-12,20,5,1.257899999999999e-11,1.86e-12,1.275e-12,1.33e-07,0.000236447368421,-1.561373340002222,-5.923999999999989e-11
top1,-3.5,0.1,-2.3904e-12,1.677e-11,5.5e-12,20,5,-2.6548999999999977e-11,1.677e-11,2.3904e-12,1.33e-07,-0.0004990413533834,2.50155913693116,1.1813000000000016e-10
top1,-3.4,0.1,-4.0348e-12,4.77e-11,1.929e-11,20,5,3.6205000000000045e-11,4.77e-11,4.0348e-12,1.33e-07,0.0006805451127819,1.5366244114815262,1.7268500000000016e-10
top1,-3.3000000000000003,0.1,4.8506e-12,-2.64e-12,-4.152e-11,20,5,7.98800000000001e-12,2.64e-12,4.8506e-12,1.33e-07,0.0001501503759398,-1.094654213518888,-2.693400000000005e-10
top1,-3.2,0.1,-2.4372e-12,1.9200000000000003e-12,2.34e-12,20,5,-1.7662999999999984e-11,1.9200000000000003e-12,2.4372e-12,1.33e-07,-0.0003320112781954,-2.8294002608680886,1.1020499999999967e-10
top1,-3.1,0.1,1.318e-12,-6.030000000000001e-12,-3.61e-12,20,5,3.002899999999997e-11,6.030000000000001e-12,1.318e-12,1.33e-07,0.000564454887218,0.8280335084753779,-6.168999999999988e-11
top1,-3.0,0.1,3.5686e-12,-4.189e-11,-1.212e-11,20,5,-3.000099999999997e-11,4.189e-11,3.5686e-12,1.33e-07,-0.0005639285714285,2.7526727518578715,-2.8851499999999965e-10
top1,-2.9,0.1,-4.6822e-12,1.9750000000000003e-11,4.22e-11,20,5,-2.7674000000000034e-11,1.9750000000000003e-11,4.6822e-12,1.33e-07,-0.0005201879699248,-1.2943508969074298,3.0923000000000044e-10
top1,-2.8000000000000003,0.1,-1.9662e-12,1.98e-12,-1.1000000000000001e-13,20,5,3.184500000000004e-11,1.98e-12,1.9662e-12,1.33e-07,0.0005985902255639,-2.2169318414336945,2.844000000000004e-10
top1,-2.7,0.1,1.6868e-12,-8.93e-12,-4.47e-12,20,5,2.920599999999997e-11,8.93e-12,1.6868e-12,1.33e-07,0.000548984962406,1.473220075381548,-3.2214999999999976e-10
top1,-2.6,0.1,3.875e-12,-4.468e-11,-1.5430000000000002e-11,20,5,-3.258499999999998e-11,4.468e-11,3.875e-12,1.33e-07,-0.0006124999999999,2.2845076062236624,-1.6433499999999964e-10
top1,-2.5,0.1,-4.8302e-12,1.009e-11,4.242e-11,20,5,-3.660999999999995e-12,1.009e-11,4.8302e-12,1.33e-07,-6.88157894736841e-05,-0.4547748118473645,2.6455999999999976e-10
top1,-2.4,0.1,3.1428e-12,-2e-12,-6.390000000000001e-12,20,5,2.032700000000003e-11,2e-12,3.1428e-12,1.33e-07,0.0003820864661654,-4.002086171597585,-1.4721500000000048e-10
top1,-2.3000000000000003,0.1,-7.648e-13,1.3800000000000002e-12,2.0500000000000004e-12,20,5,-3.310400000000005e-11,1.3800000000000002e-12,7.648e-13,1.33e-07,-0.0006222556390977,0.2200641659691896,3.3429999999999794e-11
top1,-2.2,0.1,-3.478e-12,3.959e-11,1.066e-11,20,5,2.701299999999998e-11,3.959e-11,3.478e-12,1.33e-07,0.0005077631578947,3.9138206848406,3.1145499999999983e-10
top1,-2.1,0.1,4.6378e-12,-2.458e-11,-4.1250000000000006e-11,20,5,2.9186999999999966e-11,2.458e-11,4.6378e-12,1.33e-07,0.0005486278195488,-0.842640012929791,-2.8588999999999967e-10
top1,-2.0,0.1,2.3594e-12,-1.59e-12,-2.2700000000000002e-12,20,5,-3.0165000000000006e-11,1.59e-12,2.3594e-12,1.33e-07,-0.0005670112781954,-2.6083777432383664,-2.9741e-10
top1,-1.9,0.1,-1.3952e-12,5.07e-12,3.1400000000000004e-12,20,5,-3.0295000000000004e-11,5.07e-12,1.3952e-12,1.33e-07,-0.000569454887218,0.9767659784669828,3.03865e-10
top1,-1.8,0.1,-3.6996e-12,4.4300000000000005e-11,1.352e-11,20,5,3.0607999999999975e-11,4.4300000000000005e-11,3.6996e-12,1.33e-07,0.0005753383458646,2.649470030216825,1.5636999999999987e-10
top1,-1.7,0.1,4.7264e-12,-1.477e-11,-4.2960000000000006e-11,20,5,9.790000000000004e-13,1.477e-11,4.7264e-12,1.33e-07,1.8402255639097748e-05,-0.1180773124168777,-2.6568999999999994e-10
top1,-1.6,0.1,-3.5038e-12,1.8900000000000002e-12,9.4e-12,20,5,-2.253e-11,1.8900000000000002e-12,3.5038e-12,1.33e-07,-0.0004234962406015,-6.656594417260548,1.6022500000000009e-10
top1,-1.5,0.1,2.204e-13,-1.23e-12,-2.680000000000001e-12,20,5,3.302400000000001e-11,1.23e-12,2.204e-13,1.33e-07,0.0006207518796992,-0.2651877102671563,2.1237000000000006e-10
top1,-1.4,0.1,3.101e-12,-3.224e-11,-8.790000000000003e-12,20,5,1.9944000000000006e-11,3.224e-11,3.101e-12,1.33e-07,0.0003748872180451,6.404939857733034,-3.6455e-10
top1,-1.3,0.1,4.2092e-12,-5.003e-11,-2.666e-11,20,5,-3.988599999999997e-11,5.003e-11,4.2092e-12,1.33e-07,-0.0007497368421052,0.9828987194957408,-1.7016499999999987e-10
top1,-1.2,0.1,-4.8762e-12,1e-12,3.638e-11,20,5,-1.4089000000000004e-11,1e-12,4.8762e-12,1.33e-07,-0.0002648308270676,-2.4037378135236147,2.6147999999999986e-10
top1,-1.1,0.1,1.3914e-12,-1.4900000000000001e-12,6.3e-13,20,5,1.241e-11,1.4900000000000001e-12,1.3914e-12,1.33e-07,0.0002332706766917,-1.5446054183496476,-6.502999999999993e-11
top1,-1.0,0.1,-2.3942e-12,1.759e-11,5.75e-12,20,5,-2.7094999999999988e-11,1.759e-11,2.3942e-12,1.33e-07,-0.0005093045112781,2.3079716658155816,1.18355e-10
top1,-0.9,0.1,-4.0276e-12,4.772e-11,1.876e-11,20,5,3.608100000000001e-11,4.772e-11,4.0276e-12,1.33e-07,0.0006782142857142,1.5203338978744534,1.7307499999999994e-10
top1,-0.8,0.1,4.822e-12,-3.5500000000000004e-12,-4.158e-11,20,5,7.52e-12,3.5500000000000004e-12,4.822e-12,1.33e-07,0.0001413533834586,-1.0151290672540103,-2.715000000000001e-10
top1,-0.7,0.1,-2.5236e-12,1.4700000000000002e-12,3.1400000000000004e-12,20,5,-1.8218999999999994e-11,1.4700000000000002e-12,2.5236e-12,1.33e-07,-0.000342462406015,-3.060040938207304,1.1558499999999992e-10
top1,-0.6,0.1,1.1782e-12,-4.74e-12,-3.680000000000001e-12,20,5,3.063699999999999e-11,4.74e-12,1.1782e-12,1.33e-07,0.0005758834586466,0.7737008110583241,-5.0555000000000026e-11
top1,-0.5,0.1,3.6038e-12,-4.133e-11,-1.218e-11,20,5,-2.8330000000000004e-11,4.133e-11,3.6038e-12,1.33e-07,-0.0005325187969924,2.904072379151757,-2.28715e-10
top1,-0.4,0.1,-4.4878e-12,1.926e-11,4.171e-11,20,5,-1.5105999999999998e-11,1.926e-11,4.4878e-12,1.33e-07,-0.000283947368421,-3.956951003269804,1.0098599999999999e-09
top1,-0.3,0.1,5.826e-13,1.73e-12,-2.9e-12,20,5,1.73642e-10,1.73e-12,5.826e-13,1.33e-07,0.003263947368421,4.142784547336822,9.207215e-09
top1,-0.2,0.1,3.02406e-11,3.245e-11,-2.44e-11,20,5,1.8263369999999998e-09,3.245e-11,3.02406e-11,1.33e-07,0.0343296428571428,13.989662895388808,5.7010775e-08
top1,-0.1,0.1,3.6585e-10,1.25e-11,-3.435e-10,20,5,1.1575797e-08,1.25e-11,3.6585e-10,1.33e-07,0.2175901691729322,9.448132585590992,2.08982065e-07
top1,0.0,0.1,2.3454e-09,-3.778e-11,-2.2775e-09,20,5,4.362275e-08,3.778e-11,2.3454e-09,1.33e-07,0.8199765037593983,6.976399671501889,3.939960149999999e-07
top1,0.1,0.1,9.0904e-09,1.8400000000000002e-12,-9.0586e-09,20,5,9.037500000000001e-08,1.8400000000000002e-12,9.0904e-09,1.33e-07,1.698778195488721,4.699236620446641,4.0498125000000005e-07
top1,0.2,0.1,2.04204e-08,1.4e-12,-2.0438e-08,20,5,1.24619e-07,1.4e-12,2.04204e-08,1.33e-07,2.342462406015037,2.8653863365962406,2.7001e-07
top1,0.3,0.1,3.4014199999999994e-08,-2.3200000000000002e-12,-3.40444e-08,20,5,1.4437699999999997e-07,2.3200000000000002e-12,3.4014199999999994e-08,1.33e-07,2.7138533834586456,1.9137283703868668,1.9363500000000013e-07
top1,0.4,0.1,4.92958e-08,-4.75e-11,-4.93094e-08,20,5,1.63346e-07,4.75e-11,4.92958e-08,1.33e-07,3.0704135338345866,1.4617873709601703,2.069500000000003e-07
top1,0.5,0.1,6.66834e-08,-1.3600000000000002e-11,-6.6641e-08,20,5,1.8576700000000005e-07,1.3600000000000002e-11,6.66834e-08,1.33e-07,3.491860902255639,1.2197552984465745,2.2751999999999962e-07
top1,0.6,0.1,8.644919999999999e-08,1.74e-12,-8.63372e-08,20,5,2.0884999999999997e-07,1.74e-12,8.644919999999999e-08,1.33e-07,3.925751879699245,1.0561271822907332,2.284349999999998e-07
top1,0.7,0.1,1.084534e-07,2.096e-11,-1.083662e-07,20,5,2.31454e-07,2.096e-11,1.084534e-07,1.33e-07,4.35063909774436,0.9312041731705896,2.2141500000000077e-07
top1,0.8,0.1,1.3274e-07,4.317e-11,-1.3266e-07,20,5,2.5313300000000013e-07,4.317e-11,1.3274e-07,1.33e-07,4.758139097744361,0.8318620533736222,2.0073000000000042e-07
top1,0.9,0.1,1.5908e-07,1.6e-12,-1.5904e-07,20,5,2.7160000000000013e-07,1.6e-12,1.5908e-07,1.33e-07,5.105263157894737,0.7448955835169047,1.76834999999999e-07
top1,1.0,0.1,1.8706e-07,-4.891e-11,-1.8704e-07,20,5,2.8849999999999986e-07,4.891e-11,1.8706e-07,1.33e-07,5.422932330827064,0.6720181481886153,1.5900000000000025e-07
top1,1.1,0.1,2.1678e-07,-1.07e-12,-2.1676e-07,20,5,3.0340000000000014e-07,1.07e-12,2.1678e-07,1.33e-07,5.703007518796993,0.6100760162447028,1.3300000000000157e-07
top1,1.2,0.1,2.4774e-07,1.652e-11,-2.4764e-07,20,5,3.1510000000000017e-07,1.652e-11,2.4774e-07,1.33e-07,5.922932330827069,0.5541424910207172,1.0999999999999797e-07
top1,1.3,0.1,2.798e-07,-1.073e-11,-2.7976e-07,20,5,3.253999999999997e-07,1.073e-11,2.798e-07,1.33e-07,6.116541353383452,0.5064918921557644,1.0349999999999868e-07
top1,1.4,0.1,3.1282e-07,-1.86e-12,-3.129e-07,20,5,3.357999999999999e-07,1.86e-12,3.1282e-07,1.33e-07,6.312030075187967,0.4671584949244823,9.850000000000082e-08
top1,1.5,0.1,3.4696e-07,4.007e-11,-3.4684e-07,20,5,3.451e-07,4.007e-11,3.4696e-07,1.33e-07,6.486842105263154,0.4329345483434466,8.750000000000129e-08
top1,1.6,0.1,3.8184e-07,1.7600000000000002e-12,-3.818e-07,20,5,3.533000000000002e-07,1.7600000000000002e-12,3.8184e-07,1.33e-07,6.6409774436090245,0.4025093994979746,8.150000000000137e-08
top1,1.7,0.1,4.1762e-07,-4.954e-11,-4.1754e-07,20,5,3.614000000000002e-07,4.954e-11,4.1762e-07,1.33e-07,6.793233082706768,0.3764460391196068,8.099999999999736e-08
top1,1.8,0.1,4.5412e-07,-1.83e-12,-4.5404e-07,20,5,3.694999999999997e-07,1.83e-12,4.5412e-07,1.33e-07,6.945488721804504,0.3537995248754907,7.850000000000027e-08
top1,1.9,0.1,4.9152e-07,2.6380000000000004e-11,-4.9114e-07,20,5,3.7710000000000017e-07,2.6380000000000004e-11,4.9152e-07,1.33e-07,7.088345864661656,0.3336407095756355,7.200000000000304e-08
top1,2.0,0.1,5.2954e-07,-5.4100000000000006e-12,-5.2952e-07,20,5,3.8390000000000025e-07,5.4100000000000006e-12,5.2954e-07,1.33e-07,7.216165413533837,0.3151823101466578,7.19999999999959e-08
top1,2.1,0.1,5.683e-07,-6.400000000000001e-13,-5.682e-07,20,5,3.914999999999994e-07,6.400000000000001e-13,5.683e-07,1.33e-07,7.359022556390963,0.2994525255670452,7.299999999999561e-08
top1,2.2,0.1,6.0784e-07,3.3520000000000004e-11,-6.077e-07,20,5,3.984999999999994e-07,3.3520000000000004e-11,6.0784e-07,1.33e-07,7.490601503759386,0.2849867491293164,7.100000000000553e-08
top1,2.3000000000000003,0.1,6.48e-07,3.7000000000000004e-13,-6.4794e-07,20,5,4.057000000000005e-07,3.7000000000000004e-13,6.48e-07,1.33e-07,7.625939849624067,0.2720866949892157,7.400000000000643e-08
top1,2.4,0.1,6.8898e-07,-4.848e-11,-6.8882e-07,20,5,4.133000000000008e-07,4.848e-11,6.8898e-07,1.33e-07,7.768796992481213,0.2607016333155213,7.39999999999948e-08
top1,2.5,0.1,7.3066e-07,-1.86e-12,-7.3066e-07,20,5,4.2049999999999946e-07,1.86e-12,7.3066e-07,1.33e-07,7.904135338345853,0.2500891138649705,6.549999999999297e-08
top1,2.6,0.1,7.730799999999999e-07,3.617e-11,-7.7276e-07,20,5,4.263999999999993e-07,3.617e-11,7.730799999999999e-07,1.33e-07,8.015037593984946,0.2397144581414776,6.300000000000256e-08
top1,2.7,0.1,8.159399999999999e-07,-8.300000000000001e-13,-8.16e-07,20,5,4.331e-07,8.300000000000001e-13,8.159399999999999e-07,1.33e-07,8.140977443609021,0.2306124437838617,7.100000000000844e-08
top1,2.8000000000000003,0.1,8.597e-07,-3.38e-12,-8.5958e-07,20,5,4.40600000000001e-07,3.38e-12,8.597e-07,1.33e-07,8.281954887218062,0.2226951510591449,7.500000000000256e-08
top1,2.9,0.1,9.0406e-07,2.68e-11,-9.04e-07,20,5,4.481000000000005e-07,2.68e-11,9.0406e-07,1.33e-07,8.422932330827075,0.2153285191123324,6.149999999999333e-08
top1,3.0,0.1,9.4932e-07,6.000000000000003e-13,-9.49e-07,20,5,4.528999999999996e-07,6.000000000000003e-13,9.4932e-07,1.33e-07,8.513157894736834,0.2073433313368509,4.9499999999995474e-08
top1,3.1,0.1,9.9464e-07,-4.76e-11,-9.947e-07,20,5,4.5799999999999963e-07,4.76e-11,9.9464e-07,1.33e-07,8.609022556390968,0.2000236124549912,7.69999999999999e-08
top1,3.2,0.1,1.04092e-06,-1.85e-12,-1.041e-06,20,5,4.682999999999997e-07,1.85e-12,1.04092e-06,1.33e-07,8.80263157894736,0.1954135426550472,7.800000000000632e-08
top1,3.3000000000000003,0.1,1.0883e-06,3.9970000000000005e-11,-1.08778e-06,20,5,4.736000000000009e-07,3.9970000000000005e-11,1.0883e-06,1.33e-07,8.902255639097758,0.1891166398916824,3.85000000000093e-08
top1,3.4,0.1,1.13564e-06,-6.900000000000001e-13,-1.13572e-06,20,5,4.760000000000016e-07,6.900000000000001e-13,1.13564e-06,1.33e-07,8.947368421052657,0.1820981654644973,4.34999999999938e-08
top1,3.5,0.1,1.1835000000000002e-06,4.924e-11,-1.1837000000000002e-06,20,5,4.822999999999996e-07,4.924e-11,1.1835000000000002e-06,1.33e-07,9.0657894736842,0.1770263827162919,7.49999999999897e-08
top1,3.6,0.1,1.2321e-06,3.202e-11,-1.2327e-06,20,5,4.909999999999994e-07,3.202e-11,1.2321e-06,1.33e-07,9.229323308270663,0.173090610254256,7.600000000000142e-08
top1,3.7,0.1,1.2817000000000002e-06,1.85e-12,-1.2820000000000002e-06,20,5,4.974999999999999e-07,1.85e-12,1.2817000000000002e-06,1.33e-07,9.351503759398494,0.168639144556577,6.000000000000445e-08
top1,3.8,0.1,1.3316e-06,-2.072e-11,-1.3323e-06,20,5,5.030000000000004e-07,2.072e-11,1.3316e-06,1.33e-07,9.454887218045116,0.1640796185218997,5.75000000000044e-08
top1,3.9,0.1,1.3823e-06,-2.5500000000000002e-12,-1.3833000000000002e-06,20,5,5.090000000000009e-07,2.5500000000000002e-12,1.3823e-06,1.33e-07,9.567669172932344,0.1599680682444584,7.250000000000608e-08
top1,4.0,0.1,1.4334e-06,7.0300000000000005e-12,-1.4343000000000002e-06,20,5,5.175000000000015e-07,7.0300000000000005e-12,1.4334e-06,1.33e-07,9.727443609022584,0.1567902299617209,7.249999999999495e-08
top1,4.1,0.1,1.4858000000000002e-06,1.424e-11,-1.4858000000000002e-06,20,5,5.234999999999997e-07,1.424e-11,1.4858000000000002e-06,1.33e-07,9.840225563909769,0.1530858601326999,3.7499999999986366e-08
top1,4.2,0.1,1.5381e-06,8.9e-13,-1.5391000000000002e-06,20,5,5.249999999999989e-07,8.9e-13,1.5381e-06,1.33e-07,9.868421052631554,0.1482761415063337,3.49999999999973e-08
top1,4.3,0.1,1.5908e-06,-3.048e-11,-1.5915e-06,20,5,5.304999999999992e-07,3.048e-11,1.5908e-06,1.33e-07,9.97180451127818,0.1448503585453407,8.25000000000056e-08
top1,4.4,0.1,1.6442e-06,-1.7200000000000001e-12,-1.645e-06,20,5,5.414999999999999e-07,1.7200000000000001e-12,1.6442e-06,1.33e-07,10.178571428571423,0.1430167878671893,7.000000000000466e-08
top1,4.5,0.1,1.6991000000000002e-06,4.388e-11,-1.6989000000000002e-06,20,5,5.445000000000003e-07,4.388e-11,1.6991000000000002e-06,1.33e-07,10.234962406015038,0.1392602293763766,1.9999999999996192e-08
top1,4.6000000000000005,0.1,1.7531000000000002e-06,2.2000000000000003e-12,-1.7538000000000005e-06,20,5,5.454999999999993e-07,2.2000000000000003e-12,1.7531000000000002e-06,1.33e-07,10.25375939849622,0.1351376250999524,4.500000000001075e-08
top1,4.7,0.1,1.8082e-06,-4.983e-11,-1.8087e-06,20,5,5.535000000000023e-07,4.983e-11,1.8082e-06,1.33e-07,10.404135338345904,0.1329630882655146,9.000000000000177e-08
top1,4.8,0.1,1.8638000000000005e-06,-2.1500000000000003e-12,-1.8647e-06,20,5,5.634999999999995e-07,2.1500000000000003e-12,1.8638000000000005e-06,1.33e-07,10.59210526315788,0.131291458182292,7.249999999998738e-08
top1,4.9,0.1,1.9209e-06,4.9980000000000005e-11,-1.9209e-06,20,5,5.679999999999998e-07,4.9980000000000005e-11,1.9209e-06,1.33e-07,10.676691729323302,0.1284761121130716,-7.499999999987851e-09
top1,5.0,0.1,1.9774000000000003e-06,1.5e-12,-1.9780000000000004e-06,20,5,5.620000000000019e-07,1.5e-12,1.9774000000000003e-06,1.33e-07,10.563909774436125,0.1252387956289173,2.0000000000026983e-08
top1,5.0,0.1,1.9771e-06,-6.500000000000003e-13,-1.9778000000000004e-06,20,5,5.700000000000025e-07,6.500000000000003e-13,1.9771e-06,1.33e-07,10.714285714285758,0.1270283252299457,-5.499999999996833e-08
top1,4.9,0.1,1.9204000000000003e-06,4.7470000000000005e-11,-1.9206000000000003e-06,20,5,5.674999999999987e-07,4.7470000000000005e-11,1.9204000000000003e-06,1.33e-07,10.66729323308268,0.128379671652694,2.7500000000014752e-08
top1,4.8,0.1,1.8636000000000005e-06,1.6200000000000004e-12,-1.8639000000000005e-06,20,5,5.644999999999995e-07,1.6200000000000004e-12,1.8636000000000005e-06,1.33e-07,10.610902255639086,0.1315669566527953,4.4999999999980054e-08
top1,4.7,0.1,1.8075000000000005e-06,-4.054e-11,-1.8081e-06,20,5,5.585000000000027e-07,4.054e-11,1.8075000000000005e-06,1.33e-07,10.498120300751928,0.1342169457470414,6.249999999999964e-08
top1,4.6000000000000005,0.1,1.7519e-06,-1.5700000000000002e-12,-1.7524000000000002e-06,20,5,5.519999999999998e-07,1.5700000000000002e-12,1.7519e-06,1.33e-07,10.375939849624052,0.1368543625324879,6.500000000001755e-08
top1,4.5,0.1,1.6971000000000002e-06,3.183e-11,-1.6975000000000005e-06,20,5,5.454999999999993e-07,3.183e-11,1.6971000000000002e-06,1.33e-07,10.25375939849622,0.1396230922258022,4.4999999999998054e-08
top1,4.4,0.1,1.6428000000000002e-06,1.6600000000000002e-12,-1.6427000000000002e-06,20,5,5.43e-07,1.6600000000000002e-12,1.6428000000000002e-06,1.33e-07,10.206766917293232,0.1436010714845269,4.2499999999997866e-08
top1,4.3,0.1,1.5885e-06,-1.982e-11,-1.5894000000000002e-06,20,5,5.369999999999997e-07,1.982e-11,1.5885e-06,1.33e-07,10.093984962406006,0.1468157895539289,6.250000000000411e-08
top1,4.2,0.1,1.5354000000000002e-06,-1.9e-12,-1.5362000000000002e-06,20,5,5.304999999999992e-07,1.9e-12,1.5354000000000002e-06,1.33e-07,9.97180451127818,0.150109064261623,6.999999999999937e-08
top1,4.1,0.1,1.4824000000000002e-06,7.6e-12,-1.4830000000000002e-06,20,5,5.229999999999997e-07,7.6e-12,1.4824000000000002e-06,1.33e-07,9.830827067669166,0.1532130239694849,6.999999999998931e-08
top1,4.0,0.1,1.4308e-06,1.262e-11,-1.4307e-06,20,5,5.165000000000013e-07,1.262e-11,1.4308e-06,1.33e-07,9.708646616541376,0.1568482392043437,3.9999999999997764e-08
top1,3.9,0.1,1.3791e-06,-1.3e-13,-1.3799e-06,20,5,5.150000000000002e-07,1.3e-13,1.3791e-06,1.33e-07,9.68045112781955,0.1622313358301499,4.0000000000003065e-08
top1,3.8,0.1,1.3278000000000002e-06,-2.9230000000000005e-11,-1.3285e-06,20,5,5.085000000000007e-07,2.9230000000000005e-11,1.3278000000000002e-06,1.33e-07,9.55827067669174,0.1663442332400324,8.000000000000082e-08
top1,3.7,0.1,1.2774e-06,-1.6e-12,-1.2783e-06,20,5,4.99e-07,1.6e-12,1.2774e-06,1.33e-07,9.379699248120298,0.169671487528764,8.000000000000593e-08
top1,3.6,0.1,1.228e-06,4.164e-11,-1.2283000000000002e-06,20,5,4.924999999999995e-07,4.164e-11,1.228e-06,1.33e-07,9.257518796992471,0.174249720615238,5.499999999999879e-08
top1,3.5,0.1,1.1789e-06,2.21e-12,-1.1797e-06,20,5,4.880000000000002e-07,2.21e-12,1.1789e-06,1.33e-07,9.17293233082707,0.1798310898232323,4.4999999999998054e-08
top1,3.4,0.1,1.1304e-06,-4.993e-11,-1.1309e-06,20,5,4.834999999999999e-07,4.993e-11,1.1304e-06,1.33e-07,9.088345864661653,0.1858471905117789,6.749999999999987e-08
top1,3.3000000000000003,0.1,1.0822000000000002e-06,-6.400000000000001e-13,-1.0832e-06,20,5,4.745000000000003e-07,6.400000000000001e-13,1.0822000000000002e-06,1.33e-07,8.91917293233083,0.1904102280551536,8.599999999999705e-08
top1,3.2,0.1,1.0355e-06,4.873e-11,-1.0358e-06,20,5,4.663000000000005e-07,4.873e-11,1.0355e-06,1.33e-07,8.765037593984971,0.1956879314497504,6.600000000000067e-08
top1,3.1,0.1,9.8894e-07,-8.9e-13,-9.891e-07,20,5,4.613000000000002e-07,8.9e-13,9.8894e-07,1.33e-07,8.671052631578947,0.2026394680800479,6.40000000000037e-08
top1,3.0,0.1,9.4324e-07,-1.1100000000000001e-12,-9.4322e-07,20,5,4.534999999999998e-07,1.1100000000000001e-12,9.4324e-07,1.33e-07,8.524436090225555,0.208887761761338,6.749999999999734e-08
top1,2.9,0.1,8.9824e-07,3.653e-11,-8.9804e-07,20,5,4.478000000000008e-07,3.653e-11,8.9824e-07,1.33e-07,8.417293233082717,0.2166355135803768,5.4999999999996535e-08
top1,2.8000000000000003,0.1,8.5368e-07,1.3000000000000001e-12,-8.535e-07,20,5,4.4250000000000053e-07,1.3000000000000001e-12,8.5368e-07,1.33e-07,8.317669172932337,0.22523398810431,5.6500000000005376e-08
top1,2.7,0.1,8.0974e-07,-4.9440000000000006e-11,-8.0974e-07,20,5,4.364999999999996e-07,4.9440000000000006e-11,8.0974e-07,1.33e-07,8.204887218045103,0.2342547216904298,7.350000000000332e-08
top1,2.6,0.1,7.6638e-07,-1.23e-12,-7.664e-07,20,5,4.277999999999998e-07,1.23e-12,7.6638e-07,1.33e-07,8.041353383458642,0.2424953339502298,7.649999999999934e-08
top1,2.5,0.1,7.2418e-07,3.113e-11,-7.238e-07,20,5,4.211999999999997e-07,3.113e-11,7.2418e-07,1.33e-07,7.917293233082701,0.2528532284604077,6.499999999999768e-08
top1,2.4,0.1,6.8214e-07,-3.76e-12,-6.822e-07,20,5,4.148000000000003e-07,3.76e-12,6.8214e-07,1.33e-07,7.796992481203011,0.2641973338467499,7.249999999999839e-08
top1,2.3000000000000003,0.1,6.4122e-07,-1.1100000000000001e-12,-6.412e-07,20,5,4.067000000000001e-07,1.1100000000000001e-12,6.4122e-07,1.33e-07,7.644736842105264,0.2757179643555355,7.350000000000323e-08
top1,2.2,0.1,6.008e-07,3.187e-11,-6.0072e-07,20,5,4.000999999999996e-07,3.187e-11,6.008e-07,1.33e-07,7.5206766917293155,0.2894469870888191,7.050000000000233e-08
top1,2.1,0.1,5.612e-07,1.91e-12,-5.6114e-07,20,5,3.925999999999997e-07,1.91e-12,5.612e-07,1.33e-07,7.379699248120291,0.3041326427766663,7.349999999999619e-08
top1,2.0,0.1,5.2228e-07,-4.963e-11,-5.2226e-07,20,5,3.854000000000004e-07,4.963e-11,5.2228e-07,1.33e-07,7.244360902255645,0.3208231887009072,8.049999999999625e-08
top1,1.9,0.1,4.8412e-07,-2.2200000000000002e-12,-4.8422e-07,20,5,3.7650000000000033e-07,2.2200000000000002e-12,4.8412e-07,1.33e-07,7.077067669172937,0.3380765213200432,7.850000000000379e-08
top1,1.8,0.1,4.4698e-07,3.253e-11,-4.4664e-07,20,5,3.696999999999996e-07,3.253e-11,4.4698e-07,1.33e-07,6.949248120300744,0.3598927193376996,6.850000000000084e-08
top1,1.7,0.1,4.1018e-07,-2e-12,-4.1036e-07,20,5,3.628000000000002e-07,2e-12,4.1018e-07,1.33e-07,6.8195488721804525,0.3846452611938523,7.899999999999774e-08
top1,1.6,0.1,3.7442e-07,-1.5700000000000002e-12,-3.7446e-07,20,5,3.539000000000001e-07,1.5700000000000002e-12,3.7442e-07,1.33e-07,6.652255639097745,0.4113132138347231,8.550000000000061e-08
top1,1.5,0.1,3.394e-07,2.719e-11,-3.3926e-07,20,5,3.457000000000001e-07,2.719e-11,3.394e-07,1.33e-07,6.49812030075188,0.4433034295699923,8.900000000000033e-08
top1,1.4,0.1,3.0528e-07,1.13e-12,-3.052e-07,20,5,3.361e-07,1.13e-12,3.0528e-07,1.33e-07,6.317669172932328,0.4792781412064074,9.800000000000157e-08
top1,1.3,0.1,2.7218e-07,-4.7800000000000006e-11,-2.7216e-07,20,5,3.260999999999997e-07,4.7800000000000006e-11,2.7218e-07,1.33e-07,6.129699248120295,0.5218927563068027,1.0699999999999949e-07
top1,1.2,0.1,2.4006e-07,-1.9e-12,-2.4016e-07,20,5,3.147000000000001e-07,1.9e-12,2.4006e-07,1.33e-07,5.9154135338345855,0.5710574919248846,1.229999999999982e-07
top1,1.1,0.1,2.0924e-07,4.243e-11,-2.0916e-07,20,5,3.015000000000001e-07,4.243e-11,2.0924e-07,1.33e-07,5.667293233082707,0.6281337117578412,1.3700000000000132e-07
top1,1.0,0.1,1.7976e-07,7.3e-13,-1.7976e-07,20,5,2.872999999999999e-07,7.3e-13,1.7976e-07,1.33e-07,5.40037593984962,0.6971508143249181,1.5450000000000046e-07
top1,0.9,0.1,1.5178e-07,-7.360000000000001e-12,-1.5176e-07,20,5,2.706e-07,7.360000000000001e-12,1.5178e-07,1.33e-07,5.086466165413532,0.7778256584230238,1.814999999999989e-07
top1,0.8,0.1,1.2564e-07,1.783e-11,-1.2564e-07,20,5,2.510000000000001e-07,1.783e-11,1.2564e-07,1.33e-07,4.718045112781955,0.8720316999891821,2.096150000000001e-07
top1,0.7,0.1,1.0158e-07,8.600000000000002e-13,-1.0148e-07,20,5,2.28677e-07,8.600000000000002e-13,1.0158e-07,1.33e-07,4.298439849624059,0.9827807297274878,2.323100000000005e-07
top1,0.6,0.1,7.990459999999999e-08,7.240000000000001e-12,-7.991439999999999e-08,20,5,2.0453800000000003e-07,7.240000000000001e-12,7.990459999999999e-08,1.33e-07,3.8446992481202975,1.1190851697583777,2.437349999999998e-07
top1,0.5,0.1,6.06724e-08,1.0000000000000002e-14,-6.06956e-08,20,5,1.7993000000000002e-07,1.0000000000000002e-14,6.06724e-08,1.33e-07,3.3821428571428567,1.2996164709530336,2.376649999999997e-07
top1,0.4,0.1,4.39186e-08,1.21e-12,-4.3884e-08,20,5,1.5700500000000002e-07,1.21e-12,4.39186e-08,1.33e-07,2.951221804511277,1.5827384003144471,2.1729000000000025e-07
top1,0.3,0.1,2.92714e-08,4.3140000000000006e-11,-2.92868e-08,20,5,1.3647199999999998e-07,4.3140000000000006e-11,2.92714e-08,1.33e-07,2.565263157894736,2.109538662495698,2.2047500000000013e-07
top1,0.2,0.1,1.6624199999999998e-08,1.659e-11,-1.6652399999999998e-08,20,5,1.1291e-07,1.659e-11,1.6624199999999998e-08,1.33e-07,2.122368421052631,3.205281643173441,3.05355e-07
top1,0.1,0.1,6.6894e-09,-1.85e-12,-6.732e-09,20,5,7.5401e-08,1.85e-12,6.6894e-09,1.33e-07,1.4173120300751876,5.160467295457528,4.0336275e-07
top1,0.0,0.1,1.544e-09,-1.21e-12,-1.5604e-09,20,5,3.223745e-08,1.21e-12,1.544e-09,1.33e-07,0.6059671052631576,7.208666721903834,3.387793199999999e-07
top1,-0.1,0.1,2.4191e-10,5.470000000000001e-12,-2.135e-10,20,5,7.645135999999997e-09,5.470000000000001e-12,2.4191e-10,1.33e-07,0.1437055639097743,10.066721362438154,1.55119555e-07
top1,-0.2,0.1,1.49728e-11,8.300000000000001e-13,7.55e-12,20,5,1.213539e-09,8.300000000000001e-13,1.49728e-11,1.33e-07,0.0228108834586466,12.408798947443692,3.7894935e-08
top1,-0.3,0.1,-7.978e-13,2.46e-12,-9.3e-13,20,5,6.614899999999999e-11,2.46e-12,7.978e-13,1.33e-07,0.001243402255639,4.670028182010473,6.18239e-09
top1,-0.4,0.1,1.743e-12,-8.06e-12,-4.13e-12,20,5,-2.2938999999999995e-11,8.06e-12,1.743e-12,1.33e-07,-0.0004311842105263,-3.383725889971263,1.6825999999999987e-10
top1,-0.5,0.1,3.79e-12,-4.3720000000000005e-11,-1.346e-11,20,5,3.249700000000001e-11,4.3720000000000005e-11,3.79e-12,1.33e-07,0.0006108458646616,-2.1799049166475286,-1.20575e-10
top1,-0.6,0.1,-4.7564e-12,1.4630000000000002e-11,4.253e-11,20,5,1.1759999999999998e-12,1.4630000000000002e-11,4.7564e-12,1.33e-07,2.210526315789473e-05,0.1391201923592077,2.8141999999999994e-10
top1,-0.7,0.1,3.5548e-12,-2.11e-12,-1.014e-11,20,5,-2.3787e-11,2.11e-12,3.5548e-12,1.33e-07,-0.0004471240601503,18.38639185219748,-1.5741999999999998e-10
top1,-0.8,0.1,1e-15,-1.2000000000000002e-13,1.96e-12,20,5,3.2660000000000007e-11,1.2000000000000002e-13,1e-15,1.33e-07,0.000613909774436,0.3850358058819926,-2.2167e-10
top1,-0.9,0.1,-2.9772e-12,2.95e-11,7.72e-12,20,5,2.0547000000000003e-11,2.95e-11,2.9772e-12,1.33e-07,0.0003862218045112,-18.068363602736937,3.59e-10
top1,-1.0,0.1,-4.1084e-12,4.945e-11,2.3300000000000003e-11,20,5,-3.913999999999998e-11,4.945e-11,4.1084e-12,1.33e-07,-0.0007357142857142,-1.0600267928907043,1.6197499999999998e-10
top1,-1.1,0.1,4.8508e-12,-1.73e-12,-3.879e-11,20,5,-1.1848000000000002e-11,1.73e-12,4.8508e-12,1.33e-07,-0.0002227067669172,1.86711544514294,-2.67935e-10
top1,-1.2,0.1,-1.7388e-12,2.6000000000000002e-12,-6.200000000000001e-13,20,5,1.4447000000000004e-11,2.6000000000000002e-12,1.7388e-12,1.33e-07,0.0002715601503759,1.9662359896698072,8.025999999999986e-11
top1,-1.3,0.1,1.9614e-12,-1.083e-11,-4.41e-12,20,5,-2.7899999999999976e-11,1.083e-11,1.9614e-12,1.33e-07,-0.0005244360902255,-1.7210864433647883,-9.532499999999991e-11
top1,-1.4,0.1,3.8412e-12,-4.506e-11,-1.615e-11,20,5,3.3512000000000007e-11,4.506e-11,3.8412e-12,1.33e-07,0.00062992481203,-1.9165189217747167,-1.5614999999999992e-10
top1,-1.5,0.1,-4.741e-12,8.15e-12,4.2410000000000005e-11,20,5,3.3300000000000018e-12,8.15e-12,4.741e-12,1.33e-07,6.259398496240603e-05,0.4134791714632514,2.724700000000001e-10
top1,-1.6,0.1,3.1752e-12,-2.3000000000000003e-12,-7.4e-12,20,5,-2.098200000000001e-11,2.3000000000000003e-12,3.1752e-12,1.33e-07,-0.0003943984962406,4.6989615915750536,-1.4402500000000003e-10
top1,-1.7,0.1,-5.446e-13,9.8e-13,2.72e-12,20,5,3.213500000000001e-11,9.8e-13,5.446e-13,1.33e-07,0.0006040413533834,-0.0517637041191854,-1.9688e-10
top1,-1.8,0.1,-3.2518e-12,3.557e-11,9.61e-12,20,5,1.8393999999999983e-11,3.557e-11,3.2518e-12,1.33e-07,0.0003457518796992,-4.447922892914727,1.3851499999999988e-10
top1,-1.9,0.1,-4.2234e-12,4.9110000000000005e-11,2.8780000000000003e-11,20,5,4.432000000000003e-12,4.9110000000000005e-11,4.2234e-12,1.33e-07,8.330827067669178e-05,-0.5234382482482048,1.7535e-10
top1,-2.0,0.1,-4.1382e-12,1.6800000000000001e-12,1.754e-11,20,5,-1.6676000000000002e-11,1.6800000000000001e-12,4.1382e-12,1.33e-07,-0.0003134586466165,3.385757233746168,1.8987999999999992e-10
top1,-2.1,0.1,-8.882e-13,7.3e-13,-1.65e-12,20,5,-3.3543999999999965e-11,7.3e-13,8.882e-13,1.33e-07,-0.0006305263157894,1.0338848658360955,4.057499999999984e-11
top1,-2.2,0.1,2.5706e-12,-1.985e-11,-6.35e-12,20,5,-2.4790999999999972e-11,1.985e-11,2.5706e-12,1.33e-07,-0.0004659962406015,-3.305418201937804,-3.541899999999997e-10
top1,-2.3000000000000003,0.1,4.07e-12,-4.854e-11,-2.0640000000000003e-11,20,5,3.729400000000005e-11,4.854e-11,4.07e-12,1.33e-07,0.0007010150375939,-1.3955723174446018,-1.693800000000002e-10
top1,-2.4,0.1,-4.8882e-12,9.200000000000001e-13,4.064e-11,20,5,9.085000000000016e-12,9.200000000000001e-13,4.8882e-12,1.33e-07,0.0001707706766917,1.2841660875069412,2.686950000000005e-10
top1,-2.5,0.1,2.253e-12,-1.3300000000000002e-12,-1.5800000000000001e-12,20,5,-1.6444999999999985e-11,1.3300000000000002e-12,2.253e-12,1.33e-07,-0.0003091165413533,2.4262309279211247,-1.0475999999999971e-10
top1,-2.6,0.1,-1.5992e-12,6.7700000000000004e-12,3.66e-12,20,5,3.0036999999999975e-11,6.7700000000000004e-12,1.5992e-12,1.33e-07,0.0005646052631578,-1.1088967474030378,7.507999999999987e-11
top1,-2.7,0.1,-3.7544e-12,4.381e-11,1.3600000000000002e-11,20,5,-3.146099999999997e-11,4.381e-11,3.7544e-12,1.33e-07,-0.0005913721804511,-2.3377388655121734,2.8648499999999976e-10
top1,-2.8000000000000003,0.1,4.693e-12,-1.5340000000000002e-11,-4.29e-11,20,5,-2.726000000000004e-11,1.5340000000000002e-11,4.693e-12,1.33e-07,-0.0005124060150375,1.7235258732358738,-3.2365500000000047e-10
top1,-2.9,0.1,1.6976e-12,-2.44e-12,6.500000000000003e-13,20,5,3.3270000000000044e-11,2.44e-12,1.6976e-12,1.33e-07,0.0006253759398496,1.8948648027235595,-2.7624000000000043e-10
top1,-3.0,0.1,-1.961e-12,1.225e-11,4.5900000000000004e-12,20,5,2.798799999999997e-11,1.225e-11,1.961e-12,1.33e-07,0.0005260902255639,-1.806146202346176,3.3626499999999977e-10
top1,-3.1,0.1,-3.9e-12,4.6120000000000005e-11,1.659e-11,20,5,-3.398299999999997e-11,4.6120000000000005e-11,3.9e-12,1.33e-07,-0.0006387781954887,-1.959863876209472,1.6043499999999972e-10
top1,-3.2,0.1,4.8356e-12,-7.16e-12,-4.2670000000000006e-11,20,5,-4.098999999999997e-12,7.16e-12,4.8356e-12,1.33e-07,-7.704887218045106e-05,0.5124284525062345,-2.7007999999999965e-10
top1,-3.3000000000000003,0.1,-3.0802e-12,2.6500000000000002e-12,5.28e-12,20,5,2.003300000000003e-11,2.6500000000000002e-12,3.0802e-12,1.33e-07,0.0003765601503759,3.829479191797032,1.4331500000000042e-10
top1,-3.4,0.1,8.29e-13,-2.5300000000000003e-12,-3.0900000000000004e-12,20,5,-3.276200000000005e-11,2.5300000000000003e-12,8.29e-13,1.33e-07,-0.0006158270676691,-0.2601290811096926,-3.763499999999977e-11
top1,-3.5,0.1,3.4722e-12,-3.8110000000000005e-11,-1.0950000000000002e-11,20,5,2.7559999999999967e-11,3.8110000000000005e-11,3.4722e-12,1.33e-07,0.0005180451127819,-3.759848136159031,-3.102099999999997e-10
top1,-3.6,0.1,-4.683e-12,2.344e-11,4.138e-11,20,5,2.927999999999997e-11,2.344e-11,4.683e-12,1.33e-07,0.0005503759398496,0.8166745865409278,2.900399999999995e-10
top1,-3.7,0.1,-2.3838e-12,1.4300000000000002e-12,1.88e-12,20,5,-3.0447999999999966e-11,1.4300000000000002e-12,2.3838e-12,1.33e-07,-0.0005723308270676,2.611767723523461,2.9766999999999976e-10
top1,-3.8,0.1,1.4066e-12,-5.3000000000000004e-12,-3.2700000000000004e-12,20,5,-3.0254000000000033e-11,5.3000000000000004e-12,1.4066e-12,1.33e-07,-0.0005686842105263,-0.935205472607984,-3.040950000000005e-10
top1,-3.9,0.1,3.667e-12,-4.424e-11,-1.324e-11,20,5,3.037100000000004e-11,4.424e-11,3.667e-12,1.33e-07,0.0005708834586466,-2.60461509046419,-1.5320000000000036e-10
top1,-4.0,0.1,-4.6676e-12,1.619e-11,4.247e-11,20,5,3.859999999999992e-13,1.619e-11,4.6676e-12,1.33e-07,7.255639097744341e-06,0.0462032836745596,2.7342500000000043e-10
top1,-4.1,0.1,3.5898e-12,-1.13e-12,-1.203e-11,20,5,-2.431399999999997e-11,1.13e-12,3.5898e-12,1.33e-07,-0.0004570300751879,6.893069089197746,-1.5970499999999976e-10
top1,-4.2,0.1,1.952e-13,-1.1500000000000001e-12,1.6e-12,20,5,3.2326999999999974e-11,1.1500000000000001e-12,1.952e-13,1.33e-07,0.0006076503759398,0.481708891430967,-2.2975999999999958e-10
top1,-4.3,0.1,-2.8756e-12,2.775e-11,7.670000000000001e-12,20,5,2.1637999999999972e-11,2.775e-11,2.8756e-12,1.33e-07,0.0004067293233082,-6.628612697711465,3.5701499999999936e-10
top1,-4.4,0.1,-4.1324e-12,5.065e-11,2.416e-11,20,5,-3.907599999999997e-11,5.065e-11,4.1324e-12,1.33e-07,-0.0007345112781954,-1.1748165350763606,1.6688499999999968e-10
top1,-4.5,0.1,4.9396e-12,-1.46e-12,-3.842e-11,20,5,-1.1738999999999988e-11,1.46e-12,4.9396e-12,1.33e-07,-0.0002206578947368,1.8233073211149515,-2.6816999999999955e-10
top1,-4.6000000000000005,0.1,-1.7846e-12,1.8100000000000002e-12,-1.0600000000000001e-12,20,5,1.4557999999999982e-11,1.8100000000000002e-12,1.7846e-12,1.33e-07,0.0002736466165413,1.933119156467347,8.517000000000048e-11
top1,-4.7,0.1,2.028e-12,-1.302e-11,-4.900000000000001e-12,20,5,-2.8773000000000104e-11,1.302e-11,2.028e-12,1.33e-07,-0.0005408458646616,-1.7362480905656923,-9.848000000000024e-11
top1,-4.8,0.1,3.97e-12,-4.7260000000000007e-11,-1.651e-11,20,5,3.425399999999997e-11,4.7260000000000007e-11,3.97e-12,1.33e-07,0.0006438721804511,-1.881156507891804,-1.7046000000000036e-10
top1,-4.9,0.1,-4.8228e-12,7.17e-12,4.233e-11,20,5,5.318999999999997e-12,7.17e-12,4.8228e-12,1.33e-07,9.998120300751872e-05,0.677325041631906,5.577200000000006e-10
top1,-5.0,0.1,2.9062e-12,-1.5200000000000002e-12,-5.94e-12,20,5,-7.729000000000027e-11,1.5200000000000002e-12,2.9062e-12,1.33e-07,-0.0014528195488721,2.19973753802928,8.260900000000054e-10
