device,VD,VG,ID,IG,IS,absIg,absId,r
bot1,0.0,-5,3.809e-12,-5.951000000000001e-11,3.453e-11,5.951000000000001e-11,3.809e-12,-16384847293.22323
bot1,0.1,-5,-2.2942e-12,2.13e-12,-2.4000000000000004e-13,2.13e-12,2.2942e-12,-42667576908.30737
bot1,0.2,-5,-8.784e-13,1.1900000000000002e-12,-1.73e-12,1.1900000000000002e-12,8.784e-13,76893502499.03883
bot1,0.3,-5,3.068e-13,-4.1e-13,-2.6300000000000007e-12,4.1e-13,3.068e-13,84054803732.03328
bot1,0.4,-5,1.501e-12,-7.31e-12,-3.8e-12,7.31e-12,1.501e-12,85360648740.93044
bot1,0.5,-5,2.6498e-12,-2.291e-11,-5.54e-12,2.291e-11,2.6498e-12,109206071857.59528
bot1,0.6,-5,3.3324e-12,-4.073e-11,-8.01e-12,4.073e-11,3.3324e-12,164203612479.47458
bot1,0.7,-5,3.8678e-12,-5.3850000000000007e-11,-1.119e-11,5.3850000000000007e-11,3.8678e-12,252844500632.1113
bot1,0.8,-5,4.1234e-12,-6.077e-11,-1.582e-11,6.077e-11,4.1234e-12,422475707646.81024
bot1,0.9,-5,4.3412e-12,-6.173e-11,-2.198e-11,6.173e-11,4.3412e-12,-22306491188.93597
bot1,1.0,-5,-4.8426e-12,2.356e-11,3.594e-11,2.356e-11,4.8426e-12,-23368307900.82491
bot1,1.1,-5,-4.2174e-12,1.4300000000000002e-12,1.459e-11,1.4300000000000002e-12,4.2174e-12,31514922315.716484
bot1,1.2,-5,1.5036e-12,-1.91e-12,8.100000000000002e-13,1.91e-12,1.5036e-12,46502976190.476166
bot1,1.3,-5,8.34e-14,-7e-13,1.6100000000000002e-12,7e-13,8.34e-14,-70057447106.6275
bot1,1.4,-5,-1.3512e-12,6.1700000000000006e-12,3.010000000000001e-12,6.1700000000000006e-12,1.3512e-12,-79295852826.89714
bot1,1.5,-5,-2.4388e-12,2.033e-11,4.6900000000000004e-12,2.033e-11,2.4388e-12,-103680663556.24672
bot1,1.6,-5,-3.2802e-12,3.894e-11,8e-12,3.894e-11,3.2802e-12,-139333983558.58994
bot1,1.7,-5,-3.8742e-12,5.2570000000000006e-11,1.086e-11,5.2570000000000006e-11,3.8742e-12,-220653133274.4925
bot1,1.8,-5,-4.1866e-12,6.081000000000001e-11,1.539e-11,6.081000000000001e-11,4.1866e-12,-427167876975.6519
bot1,1.9,-5,-4.3424e-12,6.053000000000001e-11,2.065e-11,6.053000000000001e-11,4.3424e-12,22460805893.715466
bot1,2.0,-5,4.7178e-12,-2.646e-11,-3.595e-11,2.646e-11,4.7178e-12,23458209200.309643
bot1,2.1,-5,4.1834e-12,-1.2900000000000002e-12,-1.4670000000000003e-11,1.2900000000000002e-12,4.1834e-12,-33110390040.394707
bot1,2.2,-5,-1.3226e-12,1.9e-12,-1.6100000000000002e-12,1.9e-12,1.3226e-12,-48239266763.14524
bot1,2.3000000000000003,-5,3.74e-14,-4.1e-13,-2.36e-12,4.1e-13,3.74e-14,79314720812.18262
bot1,2.4,-5,1.199e-12,-4.73e-12,-3.2200000000000004e-12,4.73e-12,1.199e-12,88362640275.69131
bot1,2.5,-5,2.3008e-12,-1.692e-11,-4.7500000000000006e-12,1.692e-11,2.3008e-12,108448107580.52284
bot1,2.6,-5,3.0432e-12,-3.175e-11,-6.950000000000001e-12,3.175e-11,3.0432e-12,147318797878.60947
bot1,2.7,-5,3.6584e-12,-4.603e-11,-9.21e-12,4.603e-11,3.6584e-12,217249619813.1656
bot1,2.8000000000000003,-5,3.9638e-12,-5.7450000000000006e-11,-1.3e-11,5.7450000000000006e-11,3.9638e-12,427167876975.6509
bot1,2.9,-5,4.1266e-12,-6.136000000000001e-11,-1.875e-11,6.136000000000001e-11,4.1266e-12,457665903890.15967
bot1,3.0,-5,4.4008e-12,-6.038e-11,-2.5810000000000003e-11,6.038e-11,4.4008e-12,-21981403732.44237
bot1,3.1,-5,-4.972e-12,1.443e-11,3.654e-11,1.443e-11,4.972e-12,-24518818192.963123
bot1,3.2,-5,-3.7562e-12,1.8200000000000003e-12,8.670000000000001e-12,1.8200000000000003e-12,3.7562e-12,35980282805.02288
bot1,3.3000000000000003,-5,5.866e-13,-9.5e-13,1.45e-12,9.5e-13,5.866e-13,65479308538.50176
bot1,3.4,-5,-7.018e-13,5.300000000000003e-13,2.24e-12,5.300000000000003e-13,7.018e-13,-84324142001.85501
bot1,3.5,-5,-1.7852e-12,1.133e-11,3.6200000000000003e-12,1.133e-11,1.7852e-12,-111408199643.49388
bot1,3.6,-5,-2.497e-12,2.846e-11,6.020000000000002e-12,2.846e-11,2.497e-12,-129382843834.9076
bot1,3.7,-5,-3.331e-12,4.61e-11,8.76e-12,4.61e-11,3.331e-12,-141043723554.30194
bot1,3.8,-5,-3.915e-12,5.7270000000000006e-11,1.353e-11,5.7270000000000006e-11,3.915e-12,-163371998039.5358
bot1,3.9,-5,-4.5552e-12,6.064000000000001e-11,1.871e-11,6.064000000000001e-11,4.5552e-12,22600913076.888275
bot1,4.0,-5,4.9342e-12,-3.216e-11,-3.558e-11,3.216e-11,4.9342e-12,22038567493.11292
bot1,4.1,-5,4.5198e-12,-3.0000000000000014e-13,-1.757e-11,3.0000000000000014e-13,4.5198e-12,-29423880421.35
bot1,4.2,-5,-1.863e-12,1.73e-12,-7.800000000000002e-13,1.73e-12,1.863e-12,-41162426936.69222
bot1,4.3,-5,-3.39e-13,1.8200000000000003e-12,-1.9900000000000002e-12,1.8200000000000003e-12,3.39e-13,66330591668.87776
bot1,4.4,-5,1.1522e-12,-3.5500000000000004e-12,-2.9400000000000004e-12,3.5500000000000004e-12,1.1522e-12,78566939032.05537
bot1,4.5,-5,2.2066e-12,-1.301e-11,-4.08e-12,1.301e-11,2.2066e-12,102986611740.47385
bot1,4.6000000000000005,-5,3.0942e-12,-2.9330000000000004e-11,-6.490000000000001e-12,2.9330000000000004e-11,3.0942e-12,123931094311.56288
bot1,4.7,-5,3.8204e-12,-4.757e-11,-9.73e-12,4.757e-11,3.8204e-12,161004669135.40433
bot1,4.8,-5,4.3364e-12,-5.995000000000001e-11,-1.361e-11,5.995000000000001e-11,4.3364e-12,282326369282.8914
bot1,4.9,-5,4.5288e-12,-6.226e-11,-1.957e-11,6.226e-11,4.5288e-12,-22750022750.02277
bot1,5.0,-5,-4.4548e-12,2.8180000000000003e-11,3.5230000000000004e-11,2.8180000000000003e-11,4.4548e-12,-11131394986.41966
bot1,0.0,-4,4.9582e-12,-1.13e-12,-2.347e-11,1.13e-12,4.9582e-12,-14163503484.22186
bot1,0.1,-4,-2.1022e-12,2.1700000000000002e-12,2.8e-13,2.1700000000000002e-12,2.1022e-12,-34518467380.048325
bot1,0.2,-4,-8.357999999999999e-13,1.79e-12,-1.74e-12,1.79e-12,8.357999999999999e-13,78752559458.18237
bot1,0.3,-4,4.374e-13,-1.83e-12,-2.42e-12,1.83e-12,4.374e-13,81228169929.3315
bot1,0.4,-4,1.6264e-12,-7.670000000000001e-12,-3.3700000000000004e-12,7.670000000000001e-12,1.6264e-12,90277150853.1191
bot1,0.5,-4,2.6528e-12,-2.094e-11,-4.98e-12,2.094e-11,2.6528e-12,121462407384.91435
bot1,0.6,-4,3.273e-12,-3.871e-11,-7.92e-12,3.871e-11,3.273e-12,172235618325.86984
bot1,0.7,-4,3.814e-12,-5.278e-11,-1.096e-11,5.278e-11,3.814e-12,247954376394.7435
bot1,0.8,-4,4.0796e-12,-6.038e-11,-1.5940000000000002e-11,6.038e-11,4.0796e-12,435729847494.55286
bot1,0.9,-4,4.273e-12,-6.107e-11,-2.152e-11,6.107e-11,4.273e-12,-22529118886.16036
bot1,1.0,-4,-4.7978e-12,2.4610000000000003e-11,3.6110000000000005e-11,2.4610000000000003e-11,4.7978e-12,-23383061310.38676
bot1,1.1,-4,-4.2802e-12,1.79e-12,1.468e-11,1.79e-12,4.2802e-12,32691490405.04756
bot1,1.2,-4,1.32e-12,-2.36e-12,9.200000000000001e-13,2.36e-12,1.32e-12,46281297727.58826
bot1,1.3,-4,4.12e-14,-6.000000000000003e-13,1.7600000000000002e-12,6.000000000000003e-13,4.12e-14,-81599347205.22241
bot1,1.4,-4,-1.131e-12,4.26e-12,2.5300000000000003e-12,4.26e-12,1.131e-12,-88012673825.03078
bot1,1.5,-4,-2.2312e-12,1.53e-11,4.150000000000001e-12,1.53e-11,2.2312e-12,-109385254867.6438
bot1,1.6,-4,-2.9594e-12,3.2030000000000005e-11,6.340000000000001e-12,3.2030000000000005e-11,2.9594e-12,-139295166457.72394
bot1,1.7,-4,-3.667e-12,4.993e-11,9.8e-12,4.993e-11,3.667e-12,-181093806591.81458
bot1,1.8,-4,-4.0638e-12,5.7600000000000007e-11,1.439e-11,5.7600000000000007e-11,4.0638e-12,-319693094629.15625
bot1,1.9,-4,-4.2926e-12,6.24e-11,1.9640000000000003e-11,6.24e-11,4.2926e-12,22551982319.245857
bot1,2.0,-4,4.8046e-12,-2.602e-11,-3.6260000000000006e-11,2.602e-11,4.8046e-12,23463162834.350067
bot1,2.1,-4,4.2314e-12,-8.9e-13,-1.4830000000000002e-11,8.9e-13,4.2314e-12,-32633880494.729656
bot1,2.2,-4,-1.324e-12,2.6600000000000004e-12,-1.07e-12,2.6600000000000004e-12,1.324e-12,-47438330170.77803
bot1,2.3000000000000003,-4,1.54e-14,7.900000000000002e-13,-2.11e-12,7.900000000000002e-13,1.54e-14,77796794772.0553
bot1,2.4,-4,1.2468e-12,-5.02e-12,-3.46e-12,5.02e-12,1.2468e-12,83521256159.69254
bot1,2.5,-4,2.41e-12,-2.098e-11,-5.010000000000001e-12,2.098e-11,2.41e-12,99700897308.07584
bot1,2.6,-4,3.2528e-12,-3.7280000000000006e-11,-7.33e-12,3.7280000000000006e-11,3.2528e-12,137513751375.13766
bot1,2.7,-4,3.8644e-12,-5.3950000000000005e-11,-1.129e-11,5.3950000000000005e-11,3.8644e-12,215331610680.4481
bot1,2.8000000000000003,-4,4.1816e-12,-6.037000000000001e-11,-1.664e-11,6.037000000000001e-11,4.1816e-12,402252614641.9946
bot1,2.9,-4,4.3616e-12,-6.205000000000001e-11,-2.275e-11,6.205000000000001e-11,4.3616e-12,-21966917821.760403
bot1,3.0,-4,-4.923e-12,2.008e-11,3.657e-11,2.008e-11,4.923e-12,-23861223126.29748
bot1,3.1,-4,-4.0202e-12,2.4800000000000003e-12,1.29e-11,2.4800000000000003e-12,4.0202e-12,32661593232.51791
bot1,3.2,-4,1.2004e-12,-3.0900000000000004e-12,9.9e-13,3.0900000000000004e-12,1.2004e-12,51792003314.688255
bot1,3.3000000000000003,-4,-1.586e-13,-1.26e-12,1.6e-12,1.26e-12,1.586e-13,-72233458537.9947
bot1,3.4,-4,-1.5684e-12,8.01e-12,3.3600000000000002e-12,8.01e-12,1.5684e-12,-79605158414.26515
bot1,3.5,-4,-2.671e-12,2.48e-11,5.3600000000000006e-12,2.48e-11,2.671e-12,-109565026843.43169
bot1,3.6,-4,-3.3938e-12,4.2370000000000005e-11,7.54e-12,4.2370000000000005e-11,3.3938e-12,-165727543917.79922
bot1,3.7,-4,-3.8778e-12,5.353e-11,1.0950000000000002e-11,5.353e-11,3.8778e-12,-251382604323.78104
bot1,3.8,-4,-4.1894e-12,6.049e-11,1.617e-11,6.049e-11,4.1894e-12,-422832980972.5159
bot1,3.9,-4,-4.3508e-12,6.14e-11,2.143e-11,6.14e-11,4.3508e-12,22054607207.445606
bot1,4.0,-4,4.879e-12,-2.223e-11,-3.692e-11,2.223e-11,4.879e-12,23458759500.79757
bot1,4.1,-4,4.1748e-12,-9.3e-13,-1.332e-11,9.3e-13,4.1748e-12,-30441400304.414032
bot1,4.2,-4,-1.691e-12,1.88e-12,-1.22e-12,1.88e-12,1.691e-12,-45032873998.0186
bot1,4.3,-4,-2.664e-13,1.3900000000000001e-12,-2.1700000000000002e-12,1.3900000000000001e-12,2.664e-13,71751452966.92264
bot1,4.4,-4,1.0964e-12,-4.710000000000001e-12,-2.9300000000000002e-12,4.710000000000001e-12,1.0964e-12,82624142774.51878
bot1,4.5,-4,2.1542e-12,-1.508e-11,-4.8500000000000005e-12,1.508e-11,2.1542e-12,105685901500.7399
bot1,4.6000000000000005,-4,2.9888e-12,-3.117e-11,-6.290000000000001e-12,3.117e-11,2.9888e-12,141262890238.7344
bot1,4.7,-4,3.57e-12,-4.5140000000000005e-11,-9.2e-12,4.5140000000000005e-11,3.57e-12,206611570247.93307
bot1,4.8,-4,3.9568e-12,-5.637e-11,-1.232e-11,5.637e-11,3.9568e-12,305064063453.3254
bot1,4.9,-4,4.2256e-12,-6.185e-11,-1.7760000000000002e-11,6.185e-11,4.2256e-12,419463087248.3228
bot1,5.0,-4,4.4336e-12,-6.078000000000001e-11,-2.38e-11,6.078000000000001e-11,4.4336e-12,480769230769.2293
bot1,0.0,-3,4.5768e-12,-1.7000000000000002e-12,-1.234e-11,1.7000000000000002e-12,4.5768e-12,-19476472421.315056
bot1,0.1,-3,-5.576e-13,8.7e-13,-2e-12,8.7e-13,5.576e-13,-50802682381.62975
bot1,0.2,-3,6.4e-13,-7.400000000000002e-13,-2.3300000000000004e-12,7.400000000000002e-13,6.4e-13,97389949357.22632
bot1,0.3,-3,1.496e-12,-7.32e-12,-3.680000000000001e-12,7.32e-12,1.496e-12,113546042920.40424
bot1,0.4,-3,2.4014e-12,-1.786e-11,-4.610000000000001e-12,1.786e-11,2.4014e-12,123472033584.39313
bot1,0.5,-3,3.1158e-12,-3.4390000000000004e-11,-6.570000000000001e-12,3.4390000000000004e-11,3.1158e-12,153964588144.72668
bot1,0.6,-3,3.7004e-12,-4.688e-11,-9.47e-12,4.688e-11,3.7004e-12,214868929952.72888
bot1,0.7,-3,4.0466e-12,-5.769e-11,-1.234e-11,5.769e-11,4.0466e-12,373692077727.952
bot1,0.8,-3,4.2356e-12,-6.095000000000001e-11,-1.7110000000000003e-11,6.095000000000001e-11,4.2356e-12,646412411118.2944
bot1,0.9,-3,4.356e-12,-6.165e-11,-2.225e-11,6.165e-11,4.356e-12,-22216791450.978645
bot1,1.0,-3,-4.7666e-12,2.388e-11,3.5600000000000005e-11,2.388e-11,4.7666e-12,-23017078672.374912
bot1,1.1,-3,-4.3332e-12,1.2500000000000001e-12,1.5870000000000002e-11,1.2500000000000001e-12,4.3332e-12,29878394932.62421
bot1,1.2,-3,1.9272e-12,-2.69e-12,1.6000000000000005e-13,2.69e-12,1.9272e-12,39525691699.60474
bot1,1.3,-3,7.268e-13,-1.8400000000000002e-12,1.1900000000000002e-12,1.8400000000000002e-12,7.268e-13,-81188601120.40276
bot1,1.4,-3,-5.362e-13,7.400000000000002e-13,2.09e-12,7.400000000000002e-13,5.362e-13,-87596355991.59073
bot1,1.5,-3,-1.5564e-12,6.570000000000001e-12,3.210000000000001e-12,6.570000000000001e-12,1.5564e-12,-98921752893.46124
bot1,1.6,-3,-2.558e-12,1.98e-11,4.8500000000000005e-12,1.98e-11,2.558e-12,-117357117709.18904
bot1,1.7,-3,-3.2606e-12,3.7820000000000005e-11,7.17e-12,3.7820000000000005e-11,3.2606e-12,-181028240405.5032
bot1,1.8,-3,-3.6628e-12,5.081e-11,1.023e-11,5.081e-11,3.6628e-12,-267881060809.001
bot1,1.9,-3,-4.0072e-12,5.8100000000000005e-11,1.428e-11,5.8100000000000005e-11,4.0072e-12,-332446808510.63806
bot1,2.0,-3,-4.2644e-12,6.172000000000001e-11,2.001e-11,6.172000000000001e-11,4.2644e-12,22634676324.12856
bot1,2.1,-3,4.8288e-12,-2.936e-11,-3.583e-11,2.936e-11,4.8288e-12,22991677012.92134
bot1,2.2,-3,4.4344e-12,-1.4400000000000001e-12,-1.85e-11,1.4400000000000001e-12,4.4344e-12,-29666548000.47469
bot1,2.3000000000000003,-3,-1.9128e-12,9.9e-13,-1.6000000000000005e-13,9.9e-13,1.9128e-12,-41232012534.53176
bot1,2.4,-3,-4.162e-13,1.2900000000000002e-12,-1.9700000000000003e-12,1.2900000000000002e-12,4.162e-13,77041602465.33116
bot1,2.5,-3,6.832e-13,-2.0200000000000007e-12,-2.67e-12,2.0200000000000007e-12,6.832e-13,91299187437.23187
bot1,2.6,-3,1.7744e-12,-9.83e-12,-3.75e-12,9.83e-12,1.7744e-12,103637682661.41576
bot1,2.7,-3,2.613e-12,-2.296e-11,-5.48e-12,2.296e-11,2.613e-12,130446125750.06535
bot1,2.8000000000000003,-3,3.3076e-12,-4.1170000000000005e-11,-8.43e-12,4.1170000000000005e-11,3.3076e-12,162364020133.13828
bot1,2.9,-3,3.8448e-12,-5.248e-11,-1.1050000000000002e-11,5.248e-11,3.8448e-12,238606537819.136
bot1,3.0,-3,4.1458e-12,-6.018e-11,-1.577e-11,6.018e-11,4.1458e-12,440528634361.2336
bot1,3.1,-3,4.2988e-12,-6.245e-11,-2.011e-11,6.245e-11,4.2988e-12,-22540290769.75095
bot1,3.2,-3,-4.7272e-12,2.914e-11,3.55e-11,2.914e-11,4.7272e-12,-22710755813.95351
bot1,3.3000000000000003,-3,-4.5076e-12,2.1000000000000003e-12,1.918e-11,2.1000000000000003e-12,4.5076e-12,28956969942.66516
bot1,3.4,-3,2.1796e-12,-1.98e-12,-4.9e-13,1.98e-12,2.1796e-12,35541654819.44835
bot1,3.5,-3,1.1196e-12,-2.44e-12,1.31e-12,2.44e-12,1.1196e-12,-78678206136.90015
bot1,3.6,-3,-3.624e-13,5e-14,2e-12,5e-14,3.624e-13,-82047915982.93411
bot1,3.7,-3,-1.318e-12,5.39e-12,2.8e-12,5.39e-12,1.318e-12,-100786131828.26051
bot1,3.8,-3,-2.3468e-12,1.754e-11,4.32e-12,1.754e-11,2.3468e-12,-116686114352.39192
bot1,3.9,-3,-3.032e-12,3.31e-11,6.240000000000001e-12,3.31e-11,3.032e-12,-152369343288.13028
bot1,4.0,-3,-3.6594e-12,4.905e-11,9.55e-12,4.905e-11,3.6594e-12,-191058463889.95007
bot1,4.1,-3,-4.0788e-12,5.819e-11,1.437e-11,5.819e-11,4.0788e-12,-342935528120.7135
bot1,4.2,-3,-4.2426e-12,6.204e-11,1.917e-11,6.204e-11,4.2426e-12,22603978300.18085
bot1,4.3,-3,4.7692e-12,-3.15e-11,-3.521e-11,3.15e-11,4.7692e-12,22916332470.151497
bot1,4.4,-3,4.4848e-12,-1.07e-12,-1.826e-11,1.07e-12,4.4848e-12,-29225238916.328167
bot1,4.5,-3,-2.0742e-12,2.21e-12,-1.0000000000000002e-14,2.21e-12,2.0742e-12,-39780412125.06966
bot1,4.6000000000000005,-3,-5.428e-13,1.27e-12,-1.9900000000000002e-12,1.27e-12,5.428e-13,72976720426.18411
bot1,4.7,-3,6.664e-13,-2.03e-12,-2.9100000000000003e-12,2.03e-12,6.664e-13,85851648351.64803
bot1,4.8,-3,1.7868e-12,-9.7e-12,-3.75e-12,9.7e-12,1.7868e-12,106179655977.91472
bot1,4.9,-3,2.55e-12,-2.16e-11,-5.28e-12,2.16e-11,2.55e-12,137268359643.1024
bot1,5.0,-3,3.2438e-12,-3.679e-11,-7.560000000000003e-12,3.679e-11,3.2438e-12,144133756125.68408
bot1,0.0,-2,-5.0046e-12,2.4010000000000003e-11,3.597e-11,2.4010000000000003e-11,5.0046e-12,90106325464.04756
bot1,0.1,-2,-3.8948e-12,1.4200000000000002e-12,9.92e-12,1.4200000000000002e-12,3.8948e-12,35386956367.882805
bot1,0.2,-2,6.472e-13,-1.8100000000000002e-12,1.55e-12,1.8100000000000002e-12,6.472e-13,63427629075.22517
bot1,0.3,-2,-7.416e-13,2.13e-12,2.39e-12,2.13e-12,7.416e-13,-77321580453.10446
bot1,0.4,-2,-1.9394e-12,1.1870000000000002e-11,3.790000000000001e-12,1.1870000000000002e-11,1.9394e-12,-95849707658.39165
bot1,0.5,-2,-2.8282e-12,2.91e-11,5.99e-12,2.91e-11,2.8282e-12,-131804402267.03568
bot1,0.6,-2,-3.4568e-12,4.455e-11,8.14e-12,4.455e-11,3.4568e-12,-176304654442.87735
bot1,0.7,-2,-3.9626e-12,5.5270000000000007e-11,1.2470000000000002e-11,5.5270000000000007e-11,3.9626e-12,-258331180573.49527
bot1,0.8,-2,-4.231e-12,6.180000000000001e-11,1.7180000000000002e-11,6.180000000000001e-11,4.231e-12,-456204379562.0443
bot1,0.9,-2,-4.401e-12,6.113e-11,2.3120000000000003e-11,6.113e-11,4.401e-12,21969330814.183395
bot1,1.0,-2,4.8726e-12,-1.937e-11,-3.635e-11,1.937e-11,4.8726e-12,23665278303.672863
bot1,1.1,-2,4.0502e-12,-1.69e-12,-1.371e-11,1.69e-12,4.0502e-12,-32572228917.624825
bot1,1.2,-2,-1.2676e-12,2.72e-12,-1.69e-12,2.72e-12,1.2676e-12,-48988389751.62886
bot1,1.3,-2,-3.24e-14,-4.600000000000003e-13,-2.39e-12,4.600000000000003e-13,3.24e-14,83633018315.6311
bot1,1.4,-2,1.1238e-12,-3.72e-12,-3.3e-12,3.72e-12,1.1238e-12,91894872266.12752
bot1,1.5,-2,2.144e-12,-1.432e-11,-4.68e-12,1.432e-11,2.144e-12,109086942293.00752
bot1,1.6,-2,2.9572e-12,-2.932e-11,-5.930000000000001e-12,2.932e-11,2.9572e-12,136128505309.01167
bot1,1.7,-2,3.6132e-12,-4.4230000000000005e-11,-8.680000000000001e-12,4.4230000000000005e-11,3.6132e-12,210925964986.28976
bot1,1.8,-2,3.9054e-12,-5.605e-11,-1.21e-11,5.605e-11,3.9054e-12,387897595034.9112
bot1,1.9,-2,4.1288e-12,-6.077e-11,-1.668e-11,6.077e-11,4.1288e-12,542299349240.78107
bot1,2.0,-2,4.2742e-12,-6.197000000000001e-11,-2.234e-11,6.197000000000001e-11,4.2742e-12,-22353861629.59651
bot1,2.1,-2,-4.8182e-12,2.402e-11,3.623e-11,2.402e-11,4.8182e-12,-23647929623.761456
bot1,2.2,-2,-4.1832e-12,1.17e-12,1.5140000000000002e-11,1.17e-12,4.1832e-12,30864197530.864227
bot1,2.3000000000000003,-2,1.6618e-12,-2.6000000000000002e-12,8.2e-13,2.6000000000000002e-12,1.6618e-12,43417853421.32679
bot1,2.4,-2,4.232e-13,-6.200000000000001e-13,1.5600000000000002e-12,6.200000000000001e-13,4.232e-13,-81994096425.05728
bot1,2.5,-2,-7.774e-13,1.6e-12,2.6600000000000004e-12,1.6e-12,7.774e-13,-88043669660.1515
bot1,2.6,-2,-1.8484e-12,1.043e-11,3.86e-12,1.043e-11,1.8484e-12,-102574623038.26042
bot1,2.7,-2,-2.7272e-12,2.57e-11,5.7e-12,2.57e-11,2.7272e-12,-129634430904.84843
bot1,2.8000000000000003,-2,-3.3912e-12,4.2560000000000006e-11,7.85e-12,4.2560000000000006e-11,3.3912e-12,-176584849019.95383
bot1,2.9,-2,-3.8598e-12,5.387e-11,1.092e-11,5.387e-11,3.8598e-12,-273897562311.6952
bot1,3.0,-2,-4.1214e-12,5.989e-11,1.537e-11,5.989e-11,4.1214e-12,-435161009573.5432
bot1,3.1,-2,-4.3194e-12,6.204e-11,2.0460000000000003e-11,6.204e-11,4.3194e-12,22300521832.210896
bot1,3.2,-2,4.847e-12,-2.6940000000000003e-11,-3.6330000000000005e-11,2.6940000000000003e-11,4.847e-12,23283971314.14736
bot1,3.3000000000000003,-2,4.2702e-12,-1.12e-12,-1.702e-11,1.12e-12,4.2702e-12,-29730051135.68792
bot1,3.4,-2,-1.8802e-12,2.04e-12,-4.2000000000000003e-13,2.04e-12,1.8802e-12,-40592652729.85584
bot1,3.5,-2,-6.568e-13,2.14e-12,-2.04e-12,2.14e-12,6.568e-13,76452599388.37926
bot1,3.6,-2,7.358e-13,-3.4700000000000004e-12,-2.6300000000000007e-12,3.4700000000000004e-12,7.358e-13,77730275942.47966
bot1,3.7,-2,1.9162e-12,-1.191e-11,-4.01e-12,1.191e-11,1.9162e-12,99068753715.07834
bot1,3.8,-2,2.7546e-12,-2.4960000000000004e-11,-5.6e-12,2.4960000000000004e-11,2.7546e-12,136855070480.3611
bot1,3.9,-2,3.3776e-12,-3.8590000000000006e-11,-8.080000000000003e-12,3.8590000000000006e-11,3.3776e-12,175685172171.46854
bot1,4.0,-2,3.893e-12,-5.328e-11,-1.158e-11,5.328e-11,3.893e-12,257135510413.9879
bot1,4.1,-2,4.1554e-12,-5.998000000000001e-11,-1.513e-11,5.998000000000001e-11,4.1554e-12,591366055588.4092
bot1,4.2,-2,4.2312e-12,-6.202000000000001e-11,-2.094e-11,6.202000000000001e-11,4.2312e-12,-22458283737.956768
bot1,4.3,-2,-4.75e-12,2.874e-11,3.5490000000000005e-11,2.874e-11,4.75e-12,-23191094619.66607
bot1,4.4,-2,-4.3928e-12,1.8900000000000002e-12,1.703e-11,1.8900000000000002e-12,4.3928e-12,29865902099.572945
bot1,4.5,-2,1.9466e-12,-2.75e-12,2.1000000000000001e-13,2.75e-12,1.9466e-12,39145071635.481125
bot1,4.6000000000000005,-2,7.164e-13,-1.41e-12,1.3900000000000001e-12,1.41e-12,7.164e-13,-78702974972.45404
bot1,4.7,-2,-5.946e-13,1.1000000000000002e-12,2.4300000000000003e-12,1.1000000000000002e-12,5.946e-13,-83180835135.58446
bot1,4.8,-2,-1.688e-12,8.180000000000003e-12,3.3200000000000004e-12,8.180000000000003e-12,1.688e-12,-100020004000.80025
bot1,4.9,-2,-2.5942e-12,2.002e-11,5.150000000000001e-12,2.002e-11,2.5942e-12,-132257637878.5876
bot1,5.0,-2,-3.2002e-12,3.719e-11,7.02e-12,3.719e-11,3.2002e-12,-165016501650.16443
bot1,0.0,-1,-3.6556e-12,5.843e-11,1.323e-11,5.843e-11,3.6556e-12,-153092467850.58185
bot1,0.1,-1,-4.3088e-12,6.241000000000001e-11,2.099e-11,6.241000000000001e-11,4.3088e-12,23431276067.294624
bot1,0.2,-1,4.88e-12,-2.8160000000000003e-11,-3.62e-11,2.8160000000000003e-11,4.88e-12,22988505747.126434
bot1,0.3,-1,4.3912e-12,-1.3400000000000006e-12,-1.7250000000000002e-11,1.3400000000000006e-12,4.3912e-12,-30464584920.030464
bot1,0.4,-1,-1.685e-12,2.070000000000001e-12,-8.9e-13,2.070000000000001e-12,1.685e-12,-41848008034.817535
bot1,0.5,-1,-3.88e-13,9.000000000000001e-13,-1.7000000000000002e-12,9.000000000000001e-13,3.88e-13,85499316005.47195
bot1,0.6,-1,6.542e-13,-1.22e-12,-2.46e-12,1.22e-12,6.542e-13,91911764705.8824
bot1,0.7,-1,1.788e-12,-1.112e-11,-4.41e-12,1.112e-11,1.788e-12,97012029491.657
bot1,0.8,-1,2.7158e-12,-2.619e-11,-5.760000000000001e-12,2.619e-11,2.7158e-12,125187781672.50874
bot1,0.9,-1,3.3856e-12,-4.072e-11,-8.63e-12,4.072e-11,3.3856e-12,172532781228.4334
bot1,1.0,-1,3.875e-12,-5.372e-11,-1.1360000000000002e-11,5.372e-11,3.875e-12,248447204968.9444
bot1,1.1,-1,4.1906e-12,-6.073e-11,-1.6340000000000002e-11,6.073e-11,4.1906e-12,440140845070.4223
bot1,1.2,-1,4.3294e-12,-6.285000000000001e-11,-2.198e-11,6.285000000000001e-11,4.3294e-12,-22156245845.7039
bot1,1.3,-1,-4.8362e-12,2.156e-11,3.638e-11,2.156e-11,4.8362e-12,-23636191736.787395
bot1,1.4,-1,-4.1322e-12,1.8200000000000003e-12,1.279e-11,1.8200000000000003e-12,4.1322e-12,33005478909.49897
bot1,1.5,-1,1.2234e-12,-2.960000000000001e-12,8.500000000000002e-13,2.960000000000001e-12,1.2234e-12,49166625694.47858
bot1,1.6,-1,-6.44e-14,-6.700000000000003e-13,1.96e-12,6.700000000000003e-13,6.44e-14,-78100593564.51106
bot1,1.7,-1,-1.3374e-12,4.440000000000001e-12,2.87e-12,4.440000000000001e-12,1.3374e-12,-87711604245.24162
bot1,1.8,-1,-2.3446e-12,1.947e-11,4.41e-12,1.947e-11,2.3446e-12,-105652403592.1818
bot1,1.9,-1,-3.2304e-12,3.614e-11,6.8800000000000006e-12,3.614e-11,3.2304e-12,-144154533660.0836
bot1,2.0,-1,-3.732e-12,5.0390000000000006e-11,9.87e-12,5.0390000000000006e-11,3.732e-12,-242306760358.61404
bot1,2.1,-1,-4.0558e-12,5.906e-11,1.432e-11,5.906e-11,4.0558e-12,-372995151063.0365
bot1,2.2,-1,-4.2682e-12,6.205000000000001e-11,1.879e-11,6.205000000000001e-11,4.2682e-12,22731405710.12913
bot1,2.3000000000000003,-1,4.7426e-12,-3.012e-11,-3.5780000000000005e-11,3.012e-11,4.7426e-12,23129944025.535427
bot1,2.4,-1,4.3786e-12,-1.69e-12,-1.732e-11,1.69e-12,4.3786e-12,-30781543386.585365
bot1,2.5,-1,-1.7548e-12,1.9400000000000002e-12,-6.500000000000003e-13,1.9400000000000002e-12,1.7548e-12,-41148876635.667885
bot1,2.6,-1,-4.818e-13,1.13e-12,-1.6800000000000001e-12,1.13e-12,4.818e-13,78094494338.14923
bot1,2.7,-1,8.061999999999999e-13,-2.85e-12,-2.7000000000000002e-12,2.85e-12,8.061999999999999e-13,80424642110.34265
bot1,2.8000000000000003,-1,2.005e-12,-1.245e-11,-4.6000000000000006e-12,1.245e-11,2.005e-12,90481360839.66692
bot1,2.9,-1,3.0166e-12,-3.1560000000000005e-11,-6.5e-12,3.1560000000000005e-11,3.0166e-12,121094696052.31276
bot1,3.0,-1,3.6566e-12,-4.976e-11,-9.65e-12,4.976e-11,3.6566e-12,180018001800.1801
bot1,3.1,-1,4.1276e-12,-6.063e-11,-1.4760000000000003e-11,6.063e-11,4.1276e-12,258799171842.6503
bot1,3.2,-1,4.4294e-12,-6.213000000000001e-11,-2.124e-11,6.213000000000001e-11,4.4294e-12,-22332395372.7277
bot1,3.3000000000000003,-1,-4.828e-12,2.5450000000000003e-11,3.6220000000000005e-11,2.5450000000000003e-11,4.828e-12,-23089355806.97296
bot1,3.4,-1,-4.2326e-12,2.5800000000000003e-12,1.595e-11,2.5800000000000003e-12,4.2326e-12,31191515907.67308
bot1,3.5,-1,1.584e-12,-2.52e-12,3.1000000000000004e-13,2.52e-12,1.584e-12,45105999097.88006
bot1,3.6,-1,2.014e-13,-1.2500000000000001e-12,1.6e-12,1.2500000000000001e-12,2.014e-13,-74063101762.7019
bot1,3.7,-1,-1.1164e-12,4.350000000000001e-12,2.69e-12,4.350000000000001e-12,1.1164e-12,-76917160218.44481
bot1,3.8,-1,-2.3988e-12,1.912e-11,4.58e-12,1.912e-11,2.3988e-12,-97513408093.61272
bot1,3.9,-1,-3.1674e-12,3.521e-11,6.7e-12,3.521e-11,3.1674e-12,-135062128579.14624
bot1,4.0,-1,-3.8796e-12,5.2100000000000006e-11,1.045e-11,5.2100000000000006e-11,3.8796e-12,-185632077222.9439
bot1,4.1,-1,-4.2448e-12,6.072000000000001e-11,1.559e-11,6.072000000000001e-11,4.2448e-12,-385356454720.61646
bot1,4.2,-1,-4.3986e-12,6.153e-11,2.114e-11,6.153e-11,4.3986e-12,22005589419.712624
bot1,4.3,-1,4.8438e-12,-2.4100000000000003e-11,-3.672e-11,2.4100000000000003e-11,4.8438e-12,23124060585.03876
bot1,4.4,-1,4.2504e-12,-1.7000000000000002e-12,-1.368e-11,1.7000000000000002e-12,4.2504e-12,-33042558815.75472
bot1,4.5,-1,-1.209e-12,2.11e-12,-1.3500000000000001e-12,2.11e-12,1.209e-12,-52023722817.60488
bot1,4.6000000000000005,-1,4.06e-13,-4.800000000000001e-13,-2.5600000000000004e-12,4.800000000000001e-13,4.06e-13,70546737213.40395
bot1,4.7,-1,1.626e-12,-9.29e-12,-4.01e-12,9.29e-12,1.626e-12,90155066714.74904
bot1,4.8,-1,2.6244e-12,-2.314e-11,-5.49e-12,2.314e-11,2.6244e-12,111482720178.37244
bot1,4.9,-1,3.42e-12,-4.169e-11,-8.11e-12,4.169e-11,3.42e-12,154726907009.1291
bot1,5.0,-1,3.917e-12,-5.502000000000001e-11,-1.185e-11,5.502000000000001e-11,3.917e-12,201207243460.76404
bot1,0.0,0,-4.281e-12,9.200000000000001e-13,1.6710000000000003e-11,9.200000000000001e-13,4.281e-12,231840512.2747959
bot1,0.1,0,4.2705e-10,2.6000000000000002e-12,-4.4477000000000006e-10,2.6000000000000002e-12,4.2705e-10,408179092.65869486
bot1,0.2,0,4.857e-10,-1.473e-11,-5.1109e-10,1.473e-11,4.857e-10,2300437083.04578
bot1,0.3,0,5.1399e-10,-5.7890000000000006e-11,-5.387800000000001e-10,5.7890000000000006e-11,5.1399e-10,4422821760.283052
bot1,0.4,0,5.309200000000001e-10,-6.000000000000003e-13,-5.3646e-10,6.000000000000003e-13,5.309200000000001e-10,6691201070.592152
bot1,0.5,0,5.438800000000001e-10,1.4400000000000001e-12,-5.090700000000001e-10,1.4400000000000001e-12,5.438800000000001e-10,-10261672652.642378
bot1,0.6,0,5.114300000000001e-10,6.177000000000001e-11,-4.928200000000001e-10,6.177000000000001e-11,5.114300000000001e-10,-4515692029.803563
bot1,0.7,0,4.9959e-10,9.8e-13,-4.7876e-10,9.8e-13,4.9959e-10,-5274261603.375528
bot1,0.8,0,4.735100000000001e-10,2.6100000000000004e-12,-5.1091e-10,2.6100000000000004e-12,4.735100000000001e-10,22962112514.351414
bot1,0.9,0,5.083e-10,-5.5810000000000006e-11,-5.2236e-10,5.5810000000000006e-11,5.083e-10,4783544606.553457
bot1,1.0,0,5.1532e-10,-1.037e-11,-5.462e-10,1.037e-11,5.1532e-10,5812263876.779992
bot1,1.1,0,5.427100000000001e-10,-1.65e-12,-5.098e-10,1.65e-12,5.427100000000001e-10,303030303030.31445
bot1,1.2,0,5.1598e-10,4.1280000000000005e-11,-5.015100000000001e-10,4.1280000000000005e-11,5.1598e-10,-5026388539.834125
bot1,1.3,0,5.029200000000001e-10,2.8560000000000003e-11,-4.7166e-10,2.8560000000000003e-11,5.029200000000001e-10,-5112474437.627821
bot1,1.4,0,4.7686e-10,2.5500000000000002e-12,-5.011500000000001e-10,2.5500000000000002e-12,4.7686e-10,-16380016380.016373
bot1,1.5,0,4.907100000000001e-10,-2.42e-11,-5.1151e-10,2.42e-11,4.907100000000001e-10,6133088009.812948
bot1,1.6,0,5.0947e-10,-4.549e-11,-5.3764e-10,4.549e-11,5.0947e-10,5031446540.880504
bot1,1.7,0,5.3046e-10,-1.91e-12,-5.232e-10,1.91e-12,5.3046e-10,9195402298.85055
bot1,1.8,0,5.312200000000001e-10,8.85e-12,-5.0194e-10,8.85e-12,5.312200000000001e-10,-7293946024.799424
bot1,1.9,0,5.030400000000001e-10,6.123e-11,-4.8115e-10,6.123e-11,5.030400000000001e-10,-4666355576.294912
bot1,2.0,0,4.883600000000001e-10,4.9e-13,-4.7917e-10,4.9e-13,4.883600000000001e-10,-6823609689.525764
bot1,2.1,0,4.737300000000001e-10,5.1e-13,-5.0845e-10,5.1e-13,4.737300000000001e-10,11454753722.794998
bot1,2.2,0,5.0582e-10,-6.032e-11,-5.2039e-10,6.032e-11,5.0582e-10,4873294346.978561
bot1,2.3000000000000003,0,5.147700000000001e-10,-1.4400000000000001e-12,-5.4138e-10,1.4400000000000001e-12,5.147700000000001e-10,5632216277.105031
bot1,2.4,0,5.4133e-10,-2.51e-12,-5.036100000000001e-10,2.51e-12,5.4133e-10,-35778175313.05847
bot1,2.5,0,5.0918e-10,5.23e-11,-4.9391e-10,5.23e-11,5.0918e-10,-4578754578.754584
bot1,2.6,0,4.9765e-10,1.6340000000000002e-11,-4.6707e-10,1.6340000000000002e-11,4.9765e-10,-5144032921.810708
bot1,2.7,0,4.703e-10,2.7100000000000004e-12,-4.982e-10,2.7100000000000004e-12,4.703e-10,-40816326530.61268
bot1,2.8000000000000003,0,4.927500000000001e-10,-3.306e-11,-5.1135e-10,3.306e-11,4.927500000000001e-10,5219206680.58454
bot1,2.9,0,5.0862e-10,-3.752e-11,-5.3939e-10,3.752e-11,5.0862e-10,5178663904.712588
bot1,3.0,0,5.3137e-10,-1.9400000000000002e-12,-5.1374e-10,1.9400000000000002e-12,5.3137e-10,13793103448.275871
bot1,3.1,0,5.2312e-10,1.466e-11,-4.9783e-10,1.466e-11,5.2312e-10,-6103143118.706142
bot1,3.2,0,4.986e-10,5.830000000000001e-11,-4.7781e-10,5.830000000000001e-11,4.986e-10,-5020080321.28514
bot1,3.3000000000000003,0,4.8328e-10,1.0600000000000001e-12,-4.8052e-10,1.0600000000000001e-12,4.8328e-10,-8041817450.743878
bot1,3.4,0,4.737300000000001e-10,-1.85e-12,-5.0475e-10,1.85e-12,4.737300000000001e-10,10565240359.218126
bot1,3.5,0,5.022100000000001e-10,-5.765e-11,-5.1798e-10,5.765e-11,5.022100000000001e-10,5089058524.173039
bot1,3.6,0,5.1303e-10,-3.2e-12,-5.3789e-10,3.2e-12,5.1303e-10,5575689991.63647
bot1,3.7,0,5.380800000000001e-10,-2.37e-12,-5.0299e-10,2.37e-12,5.380800000000001e-10,-42918454935.62271
bot1,3.8,0,5.083700000000001e-10,4.531e-11,-4.9444e-10,4.531e-11,5.083700000000001e-10,-4966476285.075731
bot1,3.9,0,4.978100000000001e-10,2.5940000000000003e-11,-4.6672e-10,2.5940000000000003e-11,4.978100000000001e-10,-5390835579.514816
bot1,4.0,0,4.712700000000001e-10,1.73e-12,-4.9361e-10,1.73e-12,4.712700000000001e-10,-15797788309.636583
bot1,4.1,0,4.8515e-10,-2.1370000000000003e-11,-5.073e-10,2.1370000000000003e-11,4.8515e-10,6190034045.187261
bot1,4.2,0,5.0358e-10,-5e-11,-5.312000000000001e-10,5e-11,5.0358e-10,5002501250.625317
bot1,4.3,0,5.2513e-10,-2.06e-12,-5.1897e-10,2.06e-12,5.2513e-10,7639419404.125291
bot1,4.4,0,5.2976e-10,7.16e-12,-4.9947e-10,7.16e-12,5.2976e-10,-7933359777.865946
bot1,4.5,0,4.999200000000001e-10,6.027e-11,-4.7705e-10,6.027e-11,4.999200000000001e-10,-4655493482.309126
bot1,4.6000000000000005,0,4.868e-10,1.0600000000000001e-12,-4.773200000000001e-10,1.0600000000000001e-12,4.868e-10,-7217610970.768682
bot1,4.7,0,4.722100000000001e-10,-1.32e-12,-5.066800000000001e-10,1.32e-12,4.722100000000001e-10,11675423234.092178
bot1,4.8,0,5.0393e-10,-6.192e-11,-5.207600000000001e-10,6.192e-11,5.0393e-10,4554771122.751084
bot1,4.9,0,5.161200000000001e-10,-1.6200000000000004e-12,-5.384200000000001e-10,1.6200000000000004e-12,5.161200000000001e-10,5480953685.941352
bot1,5.0,0,5.404200000000001e-10,-2.04e-12,-5.016900000000001e-10,2.04e-12,5.404200000000001e-10,4115226337.448544
bot1,0.0,1,3.12436e-11,-1.4090000000000002e-11,-4.3900000000000005e-11,1.4090000000000002e-11,3.12436e-11,1599381.8350822248
bot1,0.1,1,6.25554e-08,3.716e-11,-6.195019999999999e-08,3.716e-11,6.25554e-08,1671838.828878773
bot1,0.2,1,1.1966e-07,-4.4340000000000005e-11,-1.1638e-07,4.4340000000000005e-11,1.1966e-07,1947332.4466479595
bot1,0.3,1,1.6526e-07,6.017000000000001e-11,-1.6326e-07,6.017000000000001e-11,1.6526e-07,2448579.823702253
bot1,0.4,1,2.0134e-07,-3.059e-11,-2.0148e-07,3.059e-11,2.0134e-07,3045066.991473812
bot1,0.5,1,2.3094e-07,1.8000000000000007e-13,-2.3582e-07,1.8000000000000007e-13,2.3094e-07,4043671.6538617057
bot1,0.6,1,2.508e-07,1.83e-12,-2.5234e-07,1.83e-12,2.508e-07,5777007.5101097645
bot1,0.7,1,2.6556e-07,-4.46e-12,-2.6462e-07,4.46e-12,2.6556e-07,8368200.836820088
bot1,0.8,1,2.747e-07,4.8460000000000006e-11,-2.7698e-07,4.8460000000000006e-11,2.747e-07,9532888.46520497
bot1,0.9,1,2.8654e-07,-5.926000000000001e-11,-2.8498e-07,5.926000000000001e-11,2.8654e-07,18148820.32667876
bot1,1.0,1,2.8572e-07,2.75e-11,-2.8704e-07,2.75e-11,2.8572e-07,21231422.505307768
bot1,1.1,1,2.9596e-07,1.0500000000000002e-12,-2.8866e-07,1.0500000000000002e-12,2.9596e-07,47846889.952153385
bot1,1.2,1,2.899e-07,-2.46e-12,-2.8494e-07,2.46e-12,2.899e-07,-20876826.722338177
bot1,1.3,1,2.8638e-07,7.900000000000002e-13,-2.8656e-07,7.900000000000002e-13,2.8638e-07,-400000000.00001264
bot1,1.4,1,2.894e-07,-4.3280000000000005e-11,-2.8718e-07,4.3280000000000005e-11,2.894e-07,116279069.7674424
bot1,1.5,1,2.881e-07,6.114000000000001e-11,-2.87e-07,6.114000000000001e-11,2.881e-07,-208333333.33333832
bot1,1.6,1,2.8844e-07,-3.537e-11,-2.8946e-07,3.537e-11,2.8844e-07,-9999999999.98866
bot1,1.7,1,2.8808e-07,2.6500000000000002e-12,-2.8988e-07,2.6500000000000002e-12,2.8808e-07,106382978.72340642
bot1,1.8,1,2.9032e-07,2.400000000000001e-12,-2.8886e-07,2.400000000000001e-12,2.9032e-07,249999999.999998
bot1,1.9,1,2.8888e-07,-1.0500000000000002e-12,-2.9254e-07,1.0500000000000002e-12,2.8888e-07,-74626865.67164266
bot1,2.0,1,2.8764e-07,2.377e-11,-2.878e-07,2.377e-11,2.8764e-07,-285714285.71428573
bot1,2.1,1,2.8818e-07,-6.068e-11,-2.8896e-07,6.068e-11,2.8818e-07,19455252.918287937
bot1,2.2,1,2.9792e-07,2.171e-11,-2.9076e-07,2.171e-11,2.9792e-07,128205128.20512652
bot1,2.3000000000000003,1,2.8974e-07,1.5e-12,-2.894e-07,1.5e-12,2.8974e-07,-22727272.72727263
bot1,2.4,1,2.8912e-07,-1.96e-12,-2.9288e-07,1.96e-12,2.8912e-07,555555555.5555785
bot1,2.5,1,2.901e-07,1.3800000000000002e-12,-2.8728e-07,1.3800000000000002e-12,2.901e-07,454545454.5454317
bot1,2.6,1,2.8956e-07,-1.95e-11,-2.9178e-07,1.95e-11,2.8956e-07,-434782608.69566
bot1,2.7,1,2.8964e-07,6.06e-11,-2.8812e-07,6.06e-11,2.8964e-07,-1249999999.9998243
bot1,2.8000000000000003,1,2.894e-07,-5.3410000000000006e-11,-2.9128e-07,5.3410000000000006e-11,2.894e-07,-434782608.695659
bot1,2.9,1,2.8918e-07,-1.3400000000000006e-12,-2.8918e-07,1.3400000000000006e-12,2.8918e-07,75757575.75757481
bot1,3.0,1,2.9204e-07,1.4900000000000001e-12,-2.916e-07,1.4900000000000001e-12,2.9204e-07,45045045.04504503
bot1,3.1,1,2.9362e-07,-3.612e-11,-2.9446e-07,3.612e-11,2.9362e-07,625000000.0000156
bot1,3.2,1,2.9236e-07,6.06e-11,-2.925e-07,6.06e-11,2.9236e-07,322580645.1612829
bot1,3.3000000000000003,1,2.9424e-07,-2.8090000000000003e-11,-2.9318e-07,2.8090000000000003e-11,2.9424e-07,
bot1,3.4,1,2.9236e-07,4.4000000000000004e-13,-2.9286e-07,4.4000000000000004e-13,2.9236e-07,-136986301.36986148
bot1,3.5,1,2.9278e-07,1.3800000000000002e-12,-2.8942e-07,1.3800000000000002e-12,2.9278e-07,-249999999.999998
bot1,3.6,1,2.9156e-07,-4.56e-11,-2.9314e-07,4.56e-11,2.9156e-07,-769230769.2306808
bot1,3.7,1,2.9252e-07,6.072000000000001e-11,-2.922e-07,6.072000000000001e-11,2.9252e-07,99009900.9900984
bot1,3.8,1,2.9358e-07,1.8000000000000007e-13,-2.9202e-07,1.8000000000000007e-13,2.9358e-07,106382978.72340332
bot1,3.9,1,2.944e-07,-9.100000000000002e-13,-2.9444e-07,9.100000000000002e-13,2.944e-07,-79999999.99999897
bot1,4.0,1,2.9108e-07,5.4100000000000006e-12,-2.9174e-07,5.4100000000000006e-12,2.9108e-07,-80645161.29032227
bot1,4.1,1,2.9192e-07,-4.8750000000000006e-11,-2.9438e-07,4.8750000000000006e-11,2.9192e-07,-370370370.3703864
bot1,4.2,1,2.9054e-07,5.87e-11,-2.9112e-07,5.87e-11,2.9054e-07,1666666666.6662488
bot1,4.3,1,2.9204e-07,-1.8100000000000002e-12,-2.919e-07,1.8100000000000002e-12,2.9204e-07,-163934426.22950742
bot1,4.4,1,2.8932e-07,-2.2000000000000003e-12,-2.915e-07,2.2000000000000003e-12,2.8932e-07,84033613.44537827
bot1,4.5,1,2.9442e-07,1.2000000000000001e-12,-2.9322e-07,1.2000000000000001e-12,2.9442e-07,84745762.71186532
bot1,4.6000000000000005,1,2.9168e-07,-1.1500000000000001e-12,-2.9198e-07,1.1500000000000001e-12,2.9168e-07,-46511627.90697673
bot1,4.7,1,2.9012e-07,4.709e-11,-2.9118e-07,4.709e-11,2.9012e-07,84033613.4453779
bot1,4.8,1,2.9406e-07,-5.163000000000001e-11,-2.9122e-07,5.163000000000001e-11,2.9406e-07,185185185.1851841
bot1,4.9,1,2.912e-07,3.9790000000000006e-11,-2.9078e-07,3.9790000000000006e-11,2.912e-07,270270270.2702541
bot1,5.0,1,2.948e-07,-2.09e-12,-2.9072e-07,2.09e-12,2.948e-07,27777777.777777635
bot1,0.0,2,3.08092e-11,2.1500000000000003e-12,-5.7990000000000005e-11,2.1500000000000003e-12,3.08092e-11,915841.5706474858
bot1,0.1,2,1.0922e-07,5.2750000000000005e-11,-1.0702e-07,5.2750000000000005e-11,1.0922e-07,849801.0947909321
bot1,0.2,2,2.3538e-07,-1.361e-11,-2.3878e-07,1.361e-11,2.3538e-07,743218.1345224824
bot1,0.3,2,3.7832e-07,-3.3200000000000004e-12,-3.7598e-07,3.3200000000000004e-12,3.7832e-07,685729.9595419323
bot1,0.4,2,5.2704e-07,1.9700000000000003e-12,-5.2796e-07,1.9700000000000003e-12,5.2704e-07,666400.1066240171
bot1,0.5,2,6.7844e-07,-1.1100000000000001e-12,-6.7914e-07,1.1100000000000001e-12,6.7844e-07,453165.36003987846
bot1,0.6,2,9.6838e-07,3.893e-11,-9.6506e-07,3.893e-11,9.6838e-07,461275.8891092764
bot1,0.7,2,1.11202e-06,-6.153e-11,-1.10094e-06,6.153e-11,1.11202e-06,1126633.6187471831
bot1,0.8,2,1.1459e-06,-1.21e-12,-1.1102000000000002e-06,1.21e-12,1.1459e-06,1669727.8343629958
bot1,0.9,2,1.2318000000000002e-06,-2.5300000000000003e-12,-1.2249e-06,2.5300000000000003e-12,1.2318000000000002e-06,1064395.95529537
bot1,1.0,2,1.3338e-06,2.8100000000000003e-12,-1.3357000000000002e-06,2.8100000000000003e-12,1.3338e-06,971345.3132588636
bot1,1.1,2,1.4377000000000002e-06,-6.156e-11,-1.4407000000000002e-06,6.156e-11,1.4377000000000002e-06,1009081.7356205848
bot1,1.2,2,1.532e-06,8.590000000000001e-12,-1.6471e-06,8.590000000000001e-12,1.532e-06,730460.1899196492
bot1,1.3,2,1.7115000000000005e-06,1.88e-12,-1.7190000000000002e-06,1.88e-12,1.7115000000000005e-06,752445.4477050417
bot1,1.4,2,1.7978000000000002e-06,-1.315e-11,-1.7867000000000002e-06,1.315e-11,1.7978000000000002e-06,1493651.9790888731
bot1,1.5,2,1.8454e-06,2.644e-11,-1.8389e-06,2.644e-11,1.8454e-06,2430133.6573511525
bot1,1.6,2,1.8801e-06,9.600000000000002e-13,-1.8890000000000005e-06,9.600000000000002e-13,1.8801e-06,2155172.413793098
bot1,1.7,2,1.9382000000000003e-06,-2.994e-11,-1.9264000000000003e-06,2.994e-11,1.9382000000000003e-06,2666666.666666669
bot1,1.8,2,1.9551e-06,2.77e-11,-1.9595e-06,2.77e-11,1.9551e-06,4081632.653061239
bot1,1.9,2,1.9872e-06,2.7100000000000004e-12,-1.9676e-06,2.7100000000000004e-12,1.9872e-06,6802721.088435352
bot1,2.0,2,1.9845e-06,-6.3e-13,-1.9831e-06,6.3e-13,1.9845e-06,18518518.51851857
bot1,2.1,2,1.998e-06,5.732e-11,-2.0091000000000004e-06,5.732e-11,1.998e-06,6666666.666666643
bot1,2.2,2,2.0145000000000004e-06,2.21e-12,-2.0133000000000003e-06,2.21e-12,2.0145000000000004e-06,9132420.09132414
bot1,2.3000000000000003,2,2.0199000000000003e-06,-5.529e-11,-2.0182e-06,5.529e-11,2.0199000000000003e-06,23809523.80952439
bot1,2.4,2,2.0229e-06,2.987e-11,-2.0199000000000003e-06,2.987e-11,2.0229e-06,95238095.23809756
bot1,2.5,2,2.0220000000000003e-06,8.400000000000002e-13,-2.0233e-06,8.400000000000002e-13,2.0220000000000003e-06,-2000000000.0040867
bot1,2.6,2,2.0228000000000004e-06,-5.877000000000001e-11,-2.024e-06,5.877000000000001e-11,2.0228000000000004e-06,-666666666.6661465
bot1,2.7,2,2.0217e-06,2.691e-11,-2.0201000000000004e-06,2.691e-11,2.0217e-06,-43478260.86956199
bot1,2.8000000000000003,2,2.0182e-06,2.29e-12,-2.0137000000000003e-06,2.29e-12,2.0182e-06,-74074074.07407422
bot1,2.9,2,2.019e-06,-7.5e-13,-2.0209e-06,7.5e-13,2.019e-06,22988505.74712636
bot1,3.0,2,2.0269e-06,5.582000000000001e-11,-2.0301000000000003e-06,5.582000000000001e-11,2.0269e-06,22471910.112359487
bot1,3.1,2,2.0279e-06,-3.0000000000000014e-13,-2.0287e-06,3.0000000000000014e-13,2.0279e-06,37037037.0370372
bot1,3.2,2,2.0323e-06,-8.600000000000002e-13,-2.0440000000000003e-06,8.600000000000002e-13,2.0323e-06,24999999.999999467
bot1,3.3000000000000003,2,2.0359000000000003e-06,3.829e-11,-2.0357000000000003e-06,3.829e-11,2.0359000000000003e-06,28169014.08450573
bot1,3.4,2,2.0394000000000003e-06,-4.615e-11,-2.0510000000000004e-06,4.615e-11,2.0394000000000003e-06,-285714285.7141774
bot1,3.5,2,2.0352e-06,-2.59e-12,-2.0452000000000003e-06,2.59e-12,2.0352e-06,50000000.00000158
bot1,3.6,2,2.0434e-06,1.2670000000000002e-11,-2.0499e-06,1.2670000000000002e-11,2.0434e-06,38461538.4615356
bot1,3.7,2,2.0404000000000004e-06,-6.073e-11,-2.0438e-06,6.073e-11,2.0404000000000004e-06,249999999.99998143
bot1,3.8,2,2.0442000000000003e-06,-2.830000000000001e-12,-2.0427000000000004e-06,2.830000000000001e-12,2.0442000000000003e-06,-24390243.90243842
bot1,3.9,2,2.0322e-06,8.600000000000002e-13,-2.0463e-06,8.600000000000002e-13,2.0322e-06,-333333333.33330786
bot1,4.0,2,2.0436e-06,-6.138e-11,-2.0435e-06,6.138e-11,2.0436e-06,19047619.047618743
bot1,4.1,2,2.0427000000000004e-06,-2.26e-12,-2.0476e-06,2.26e-12,2.0427000000000004e-06,31746031.746032592
bot1,4.2,2,2.0499e-06,1.4300000000000002e-12,-2.0548e-06,1.4300000000000002e-12,2.0499e-06,333333333.3333086
bot1,4.3,2,2.0433000000000004e-06,-6.189e-11,-2.0500000000000003e-06,6.189e-11,2.0433000000000004e-06,-222222222.222258
bot1,4.4,2,2.049e-06,-8.9e-13,-2.0545000000000004e-06,8.9e-13,2.049e-06,14084507.042253736
bot1,4.5,2,2.0575e-06,1.4e-13,-2.0627e-06,1.4e-13,2.0575e-06,35087719.29824431
bot1,4.6000000000000005,2,2.0547000000000004e-06,-5.5950000000000005e-11,-2.0548e-06,5.5950000000000005e-11,2.0547000000000004e-06,181818181.81820333
bot1,4.7,2,2.0586e-06,-9.9e-13,-2.0670000000000003e-06,9.9e-13,2.0586e-06,181818181.81820253
bot1,4.8,2,2.0558000000000003e-06,1.0500000000000002e-12,-2.0514000000000004e-06,1.0500000000000002e-12,2.0558000000000003e-06,-48780487.80488198
bot1,4.9,2,2.0545000000000004e-06,-6.070000000000001e-11,-2.0604e-06,6.070000000000001e-11,2.0545000000000004e-06,-90909090.90908416
bot1,5.0,2,2.0536e-06,1.07e-12,-2.0592e-06,1.07e-12,2.0536e-06,-111111111.11107622
bot1,0.0,3,4.12986e-11,1.8700000000000003e-12,-1.905e-11,1.8700000000000003e-12,4.12986e-11,629886.7345106668
bot1,0.1,3,1.588e-07,1.91e-12,-1.5788e-07,1.91e-12,1.588e-07,455022.5028261869
bot1,0.2,3,4.3958e-07,-3.1900000000000003e-12,-3.5476e-07,3.1900000000000003e-12,4.3958e-07,455746.96928265423
bot1,0.3,3,5.9764e-07,4.06e-11,-7.0786e-07,4.06e-11,5.9764e-07,365791.20637939865
bot1,0.4,3,9.8634e-07,-6.149e-11,-9.3804e-07,6.149e-11,9.8634e-07,308470.60275155766
bot1,0.5,3,1.2460000000000002e-06,4.684e-11,-1.2817000000000002e-06,4.684e-11,1.2460000000000002e-06,342196.2153098585
bot1,0.6,3,1.5708e-06,-3.915e-11,-1.5480000000000005e-06,3.915e-11,1.5708e-06,366703.3370003669
bot1,0.7,3,1.7914e-06,-2.51e-12,-1.8564e-06,2.51e-12,1.7914e-06,390396.2521959791
bot1,0.8,3,2.0831e-06,1.51e-12,-2.1352000000000003e-06,1.51e-12,2.0831e-06,326690.6239790917
bot1,0.9,3,2.4036e-06,-6.087e-11,-2.4041000000000004e-06,6.087e-11,2.4036e-06,348189.4150417824
bot1,1.0,3,2.6575000000000004e-06,-2.400000000000001e-12,-2.6566e-06,2.400000000000001e-12,2.6575000000000004e-06,411522.63374485605
bot1,1.1,3,2.8896000000000003e-06,2.1500000000000003e-12,-2.9351000000000005e-06,2.1500000000000003e-12,2.8896000000000003e-06,425985.0905218317
bot1,1.2,3,3.1270000000000003e-06,-6.078000000000001e-11,-3.1345e-06,6.078000000000001e-11,3.1270000000000003e-06,388726.91933916416
bot1,1.3,3,3.4041e-06,2.2200000000000002e-12,-3.4097e-06,2.2200000000000002e-12,3.4041e-06,408747.18986307
bot1,1.4,3,3.6163e-06,-2.3000000000000013e-13,-3.5525000000000003e-06,2.3000000000000013e-13,3.6163e-06,554323.7250554316
bot1,1.5,3,3.764900000000001e-06,-4.588e-11,-3.7596e-06,4.588e-11,3.764900000000001e-06,867678.9587852502
bot1,1.6,3,3.8468e-06,1.3080000000000002e-11,-3.8476e-06,1.3080000000000002e-11,3.8468e-06,659413.1223211347
bot1,1.7,3,4.0682e-06,7.3e-13,-3.9847e-06,7.3e-13,4.0682e-06,689893.0665746798
bot1,1.8,3,4.1367000000000006e-06,-5.880000000000001e-12,-4.224800000000001e-06,5.880000000000001e-12,4.1367000000000006e-06,669568.1285570809
bot1,1.9,3,4.3669000000000005e-06,6.134e-11,-4.3611000000000005e-06,6.134e-11,4.3669000000000005e-06,570125.4275940704
bot1,2.0,3,4.487500000000001e-06,4.140000000000001e-12,-4.4823e-06,4.140000000000001e-12,4.487500000000001e-06,736377.0250368183
bot1,2.1,3,4.6385000000000006e-06,-3.65e-12,-4.642000000000001e-06,3.65e-12,4.6385000000000006e-06,747384.1554559056
bot1,2.2,3,4.7551e-06,5.106e-11,-4.7250000000000005e-06,5.106e-11,4.7551e-06,769526.7410542528
bot1,2.3000000000000003,3,4.8984e-06,-3.2860000000000003e-11,-4.7513000000000006e-06,3.2860000000000003e-11,4.8984e-06,1737619.4613379652
bot1,2.4,3,4.8702e-06,-2.31e-12,-4.8702e-06,2.31e-12,4.8702e-06,11363636.36363604
bot1,2.5,3,4.916000000000001e-06,8.800000000000002e-13,-4.871900000000001e-06,8.800000000000002e-13,4.916000000000001e-06,3906249.999999968
bot1,2.6,3,4.921400000000001e-06,-6.036e-11,-4.9672000000000005e-06,6.036e-11,4.921400000000001e-06,1479289.9408284037
bot1,2.7,3,5.051200000000001e-06,3.0400000000000004e-12,-5.036100000000001e-06,3.0400000000000004e-12,5.051200000000001e-06,1308900.523560214
bot1,2.8000000000000003,3,5.0742000000000005e-06,1.2800000000000002e-12,-5.053100000000001e-06,1.2800000000000002e-12,5.0742000000000005e-06,5181347.150259069
bot1,2.9,3,5.089800000000001e-06,-2.631e-11,-5.075900000000001e-06,2.631e-11,5.089800000000001e-06,7017543.85964916
bot1,3.0,3,5.1027e-06,1.457e-11,-5.103300000000001e-06,1.457e-11,5.1027e-06,4255319.148936199
bot1,3.1,3,5.1368000000000005e-06,7.800000000000002e-13,-5.1239e-06,7.800000000000002e-13,5.1368000000000005e-06,6060606.060606
bot1,3.2,3,5.135700000000001e-06,-5.917e-11,-5.1838e-06,5.917e-11,5.135700000000001e-06,9661835.748792443
bot1,3.3000000000000003,3,5.1575e-06,1.5700000000000002e-12,-5.1486e-06,1.5700000000000002e-12,5.1575e-06,5141388.174807224
bot1,3.4,3,5.1746e-06,2.4000000000000004e-13,-5.180900000000001e-06,2.4000000000000004e-13,5.1746e-06,9216589.861751076
bot1,3.5,3,5.1792e-06,-6.182e-11,-5.178300000000001e-06,6.182e-11,5.1792e-06,24390243.90243848
bot1,3.6,3,5.182800000000001e-06,1.1e-11,-5.1700000000000005e-06,1.1e-11,5.182800000000001e-06,-8849557.522124065
bot1,3.7,3,5.156600000000001e-06,3.390000000000001e-12,-5.1607e-06,3.390000000000001e-12,5.156600000000001e-06,-20408163.26530549
bot1,3.8,3,5.173e-06,-5.58e-11,-5.157800000000001e-06,5.58e-11,5.173e-06,74074074.07407422
bot1,3.9,3,5.159300000000001e-06,1e-12,-5.163100000000001e-06,1e-12,5.159300000000001e-06,-21276595.7446821
bot1,4.0,3,5.163600000000001e-06,1.23e-12,-5.169400000000001e-06,1.23e-12,5.163600000000001e-06,14814814.814814843
bot1,4.1,3,5.172800000000001e-06,-6.094e-11,-5.1905000000000005e-06,6.094e-11,5.172800000000001e-06,10638297.872340592
bot1,4.2,3,5.1824000000000006e-06,2.9100000000000003e-12,-5.1935e-06,2.9100000000000003e-12,5.1824000000000006e-06,7407407.407407438
bot1,4.3,3,5.199800000000001e-06,1.1600000000000001e-12,-5.2031e-06,1.1600000000000001e-12,5.199800000000001e-06,7407407.407407438
bot1,4.4,3,5.2094000000000005e-06,-6.130000000000001e-11,-5.2013000000000005e-06,6.130000000000001e-11,5.2094000000000005e-06,-6134969.325153316
bot1,4.5,3,5.1672e-06,-3e-12,-5.182800000000001e-06,3e-12,5.1672e-06,-5115089.514066476
bot1,4.6000000000000005,3,5.1703e-06,7.800000000000002e-13,-5.170900000000001e-06,7.800000000000002e-13,5.1703e-06,5917159.763313541
bot1,4.7,3,5.201000000000001e-06,-5.7380000000000006e-11,-5.193000000000001e-06,5.7380000000000006e-11,5.201000000000001e-06,-32786885.245902475
bot1,4.8,3,5.1642000000000005e-06,2.622e-11,-5.1413e-06,2.622e-11,5.1642000000000005e-06,-6042296.072507452
bot1,4.9,3,5.1679e-06,2.4300000000000003e-12,-5.1499e-06,2.4300000000000003e-12,5.1679e-06,-29850746.268655445
bot1,5.0,3,5.1575e-06,-1.9400000000000002e-12,-5.1544e-06,1.9400000000000002e-12,5.1575e-06,-9615384.615384642
bot1,0.0,4,3.98362e-11,1.26e-12,-1.87e-11,1.26e-12,3.98362e-11,700868.2730430115
bot1,0.1,4,1.4272e-07,1.4800000000000006e-12,-1.4268e-07,1.4800000000000006e-12,1.4272e-07,565866.6458551476
bot1,0.2,4,3.5348e-07,-4.300000000000001e-12,-3.561e-07,4.300000000000001e-12,3.5348e-07,392989.0749037176
bot1,0.3,4,6.5164e-07,5.212e-11,-6.1648e-07,5.212e-11,6.5164e-07,303582.2707953856
bot1,0.4,4,1.01228e-06,-5.858e-11,-1.034e-06,5.858e-11,1.01228e-06,256390.5340614824
bot1,0.5,4,1.4317000000000002e-06,-1.8900000000000002e-12,-1.4276e-06,1.8900000000000002e-12,1.4317000000000002e-06,250526.10482012216
bot1,0.6,4,1.8106e-06,-2.67e-12,-1.8182e-06,2.67e-12,1.8106e-06,239091.4524805739
bot1,0.7,4,2.2682e-06,2.3000000000000013e-13,-2.2454e-06,2.3000000000000013e-13,2.2682e-06,229726.6253158741
bot1,0.8,4,2.6812000000000003e-06,-5.1330000000000005e-11,-2.6908e-06,5.1330000000000005e-11,2.6812000000000003e-06,233317.77881474563
bot1,0.9,4,3.1254e-06,-2.13e-12,-3.1192e-06,2.13e-12,3.1254e-06,230096.6405890473
bot1,1.0,4,3.5504000000000003e-06,1.55e-12,-3.5804000000000005e-06,1.55e-12,3.5504000000000003e-06,241837.96856106407
bot1,1.1,4,3.9524000000000005e-06,-5.328e-11,-4.042e-06,5.328e-11,3.9524000000000005e-06,255885.363357216
bot1,1.2,4,4.332e-06,3.347e-11,-4.3556e-06,3.347e-11,4.332e-06,251098.556183302
bot1,1.3,4,4.7489e-06,2.7600000000000004e-12,-4.760200000000001e-06,2.7600000000000004e-12,4.7489e-06,241779.49709864616
bot1,1.4,4,5.1592000000000005e-06,-4.036e-11,-5.1472000000000005e-06,4.036e-11,5.1592000000000005e-06,253742.70489723404
bot1,1.5,4,5.537100000000001e-06,4.317e-11,-5.53e-06,4.317e-11,5.537100000000001e-06,286409.852498926
bot1,1.6,4,5.8575e-06,3.2e-12,-5.8158e-06,3.2e-12,5.8575e-06,300616.26333984645
bot1,1.7,4,6.202400000000001e-06,-2.9100000000000003e-12,-6.238e-06,2.9100000000000003e-12,6.202400000000001e-06,332115.57622052426
bot1,1.8,4,6.459700000000001e-06,6.115e-11,-6.4053e-06,6.115e-11,6.459700000000001e-06,411946.44696189545
bot1,1.9,4,6.687900000000001e-06,-2.9800000000000002e-12,-6.6708000000000006e-06,2.9800000000000002e-12,6.687900000000001e-06,385653.6829926728
bot1,2.0,4,6.978300000000001e-06,-9.4e-13,-6.9944e-06,9.4e-13,6.978300000000001e-06,371609.06726124097
bot1,2.1,4,7.226100000000001e-06,5.536e-11,-7.2263e-06,5.536e-11,7.226100000000001e-06,302206.104563312
bot1,2.2,4,7.640100000000002e-06,1.5200000000000002e-12,-7.4539e-06,1.5200000000000002e-12,7.640100000000002e-06,356824.26404995576
bot1,2.3000000000000003,4,7.786600000000001e-06,-2.59e-12,-7.7492e-06,2.59e-12,7.786600000000001e-06,606980.2731411237
bot1,2.4,4,7.9696e-06,5.327000000000001e-11,-8.0157e-06,5.327000000000001e-11,7.9696e-06,475172.2499406032
bot1,2.5,4,8.2075e-06,2.5500000000000002e-12,-8.213800000000001e-06,2.5500000000000002e-12,8.2075e-06,413992.9621196439
bot1,2.6,4,8.452700000000001e-06,-9.3e-13,-8.4043e-06,9.3e-13,8.452700000000001e-06,519615.4845414393
bot1,2.7,4,8.592400000000001e-06,5.565e-11,-8.623600000000002e-06,5.565e-11,8.592400000000001e-06,614817.0919151556
bot1,2.8000000000000003,4,8.778000000000001e-06,-3.161e-11,-8.888500000000001e-06,3.161e-11,8.778000000000001e-06,515729.7576070133
bot1,2.9,4,8.980200000000001e-06,-2.5300000000000003e-12,-8.951100000000001e-06,2.5300000000000003e-12,8.980200000000001e-06,410677.6180698156
bot1,3.0,4,9.265e-06,3.507e-11,-9.1857e-06,3.507e-11,9.265e-06,585651.5373352859
bot1,3.1,4,9.3217e-06,-4.013e-11,-9.4061e-06,4.013e-11,9.3217e-06,2421307.5060532256
bot1,3.2,4,9.3476e-06,-2.7100000000000004e-12,-9.2849e-06,2.7100000000000004e-12,9.3476e-06,998003.9920159656
bot1,3.3000000000000003,4,9.5221e-06,3.1700000000000004e-12,-9.4795e-06,3.1700000000000004e-12,9.5221e-06,784621.4201647697
bot1,3.4,4,9.6025e-06,-5.922e-11,-9.7145e-06,5.922e-11,9.6025e-06,965250.9652509704
bot1,3.5,4,9.7293e-06,2.3800000000000004e-12,-9.693e-06,2.3800000000000004e-12,9.7293e-06,1177163.037080638
bot1,3.6,4,9.7724e-06,1.9e-12,-9.7711e-06,1.9e-12,9.7724e-06,1410437.2355430103
bot1,3.7,4,9.8711e-06,-5.912e-11,-9.8119e-06,5.912e-11,9.8711e-06,681895.6699624978
bot1,3.8,4,1.00657e-05,9.64e-12,-9.9288e-06,9.64e-12,1.00657e-05,4201680.67226896
bot1,3.9,4,9.9187e-06,2.400000000000001e-12,-1.0040500000000002e-05,2.400000000000001e-12,9.9187e-06,-2463054.18719211
bot1,4.0,4,9.9845e-06,-3.6620000000000005e-11,-1.00368e-05,3.6620000000000005e-11,9.9845e-06,579542.1616922604
bot1,4.1,4,1.0263800000000002e-05,3.457e-11,-9.9896e-06,3.457e-11,1.0263800000000002e-05,-20833333.333335463
bot1,4.2,4,9.9749e-06,2.77e-12,-9.9901e-06,2.77e-12,9.9749e-06,-594530.3210463726
bot1,4.3,4,9.9274e-06,-1.632e-11,-9.9321e-06,1.632e-11,9.9274e-06,1204093.9193257086
bot1,4.4,4,1.0141000000000002e-05,5.739e-11,-1.0168100000000002e-05,5.739e-11,1.0141000000000002e-05,1014198.7829614592
bot1,4.5,4,1.01246e-05,-1.1100000000000001e-12,-1.0234e-05,1.1100000000000001e-12,1.01246e-05,1769911.5044248
bot1,4.6000000000000005,4,1.0254e-05,-1.26e-12,-1.02201e-05,1.26e-12,1.0254e-05,2717391.304347812
bot1,4.7,4,1.0198200000000002e-05,5.958e-11,-1.0210500000000002e-05,5.958e-11,1.0198200000000002e-05,-6153846.153846111
bot1,4.8,4,1.02215e-05,-1.96e-12,-1.0255400000000002e-05,1.96e-12,1.02215e-05,2089864.1588296827
bot1,4.9,4,1.0293900000000002e-05,-1.36e-12,-1.0243000000000002e-05,1.36e-12,1.0293900000000002e-05,-9216589.861751815
bot1,5.0,4,1.0199800000000002e-05,9.83e-12,-1.02877e-05,9.83e-12,1.0199800000000002e-05,-1062699.2561105208
bot1,0.0,5,4.11334e-11,-1.22e-12,-3.5050000000000004e-11,1.22e-12,4.11334e-11,451469.5787612667
bot1,0.1,5,2.2154e-07,1.27e-12,-2.1852e-07,1.27e-12,2.2154e-07,389849.2102746383
bot1,0.2,5,5.1306e-07,-2.976e-11,-5.014e-07,2.976e-11,5.1306e-07,302260.91161890933
bot1,0.3,5,8.8322e-07,6.249000000000001e-11,-8.7418e-07,6.249000000000001e-11,8.8322e-07,244427.06296441137
bot1,0.4,5,1.3313e-06,1.96e-12,-1.2636e-06,1.96e-12,1.3313e-06,211734.3157805585
bot1,0.5,5,1.8278e-06,-1.8700000000000003e-12,-1.8358000000000005e-06,1.8700000000000003e-12,1.8278e-06,188910.92849721343
bot1,0.6,5,2.3900000000000004e-06,-1.1600000000000001e-12,-2.3973000000000003e-06,1.1600000000000001e-12,2.3900000000000004e-06,179131.21361397224
bot1,0.7,5,2.9443000000000003e-06,5.96e-11,-2.9673000000000004e-06,5.96e-11,2.9443000000000003e-06,172339.50883239985
bot1,0.8,5,3.550500000000001e-06,-2.251e-11,-3.4893e-06,2.251e-11,3.550500000000001e-06,168123.73907195692
bot1,0.9,5,4.1339e-06,-1.4300000000000002e-12,-4.107000000000001e-06,1.4300000000000002e-12,4.1339e-06,159987.20102391808
bot1,1.0,5,4.8006e-06,6.124e-11,-4.7519e-06,6.124e-11,4.8006e-06,172547.66629281337
bot1,1.1,5,5.293000000000001e-06,-1.611e-11,-5.3074e-06,1.611e-11,5.293000000000001e-06,178475.81652686046
bot1,1.2,5,5.921200000000001e-06,-2.8400000000000004e-12,-5.8892e-06,2.8400000000000004e-12,5.921200000000001e-06,168762.12977807777
bot1,1.3,5,6.478100000000001e-06,5.623e-11,-6.4022e-06,5.623e-11,6.478100000000001e-06,195752.1777429776
bot1,1.4,5,6.942900000000001e-06,1.9000000000000002e-13,-6.954200000000001e-06,1.9000000000000002e-13,6.942900000000001e-06,195867.2020370188
bot1,1.5,5,7.499200000000001e-06,-1.03e-12,-7.466000000000001e-06,1.03e-12,7.499200000000001e-06,177888.46393311385
bot1,1.6,5,8.067200000000001e-06,6.046e-11,-8.032300000000001e-06,6.046e-11,8.067200000000001e-06,191975.42714532552
bot1,1.7,5,8.541e-06,-4.87e-12,-8.5009e-06,4.87e-12,8.541e-06,245188.18192963104
bot1,1.8,5,8.882900000000001e-06,-4.02e-12,-8.985000000000001e-06,4.02e-12,8.882900000000001e-06,187811.06207155608
bot1,1.9,5,9.6059e-06,5.6430000000000006e-11,-1.00258e-05,5.6430000000000006e-11,9.6059e-06,124734.93825620548
bot1,2.0,5,1.0486300000000002e-05,-2.8710000000000003e-11,-1.04102e-05,2.8710000000000003e-11,1.0486300000000002e-05,154918.66769945776
bot1,2.1,5,1.08969e-05,-2.42e-12,-1.08806e-05,2.42e-12,1.08969e-05,238265.4276864432
bot1,2.2,5,1.13257e-05,1.91e-12,-1.13453e-05,1.91e-12,1.13257e-05,453411.924733621
bot1,2.3000000000000003,5,1.1338e-05,2.8290000000000003e-11,-1.1512e-05,2.8290000000000003e-11,1.1338e-05,471364.6005185001
bot1,2.4,5,1.175e-05,-6.224000000000001e-11,-1.2064e-05,6.224000000000001e-11,1.175e-05,175131.34851138326
bot1,2.5,5,1.248e-05,4.778e-11,-1.2474e-05,4.778e-11,1.248e-05,185528.7569573288
bot1,2.6,5,1.2828e-05,-1.362e-11,-1.2864e-05,1.362e-11,1.2828e-05,243902.4390243908
bot1,2.7,5,1.33e-05,-3.82e-12,-1.306e-05,3.82e-12,1.33e-05,337837.83783783787
bot1,2.8000000000000003,5,1.342e-05,2.67e-12,-1.3474e-05,2.67e-12,1.342e-05,377358.4905660373
bot1,2.9,5,1.383e-05,-3.568e-11,-1.3774e-05,3.568e-11,1.383e-05,271002.71002709976
bot1,3.0,5,1.4158e-05,5.407000000000001e-11,-1.4178e-05,5.407000000000001e-11,1.4158e-05,425531.91489361686
bot1,3.1,5,1.43e-05,-5.609e-11,-1.4414e-05,5.609e-11,1.43e-05,375939.84962406097
bot1,3.2,5,1.469e-05,1.132e-11,-1.4774e-05,1.132e-11,1.469e-05,304878.048780488
bot1,3.3000000000000003,5,1.4956e-05,1.3300000000000002e-12,-1.4948e-05,1.3300000000000002e-12,1.4956e-05,448430.4932735415
bot1,3.4,5,1.5136e-05,-1.3900000000000001e-12,-1.5162e-05,1.3900000000000001e-12,1.5136e-05,602409.638554217
bot1,3.5,5,1.5288e-05,1.17e-12,-1.5312000000000002e-05,1.17e-12,1.5288e-05,6666666.666666737
bot1,3.6,5,1.5166e-05,-6.193e-11,-1.5244e-05,6.193e-11,1.5166e-05,406504.0650406496
bot1,3.7,5,1.578e-05,5.011e-11,-1.6014e-05,5.011e-11,1.578e-05,214132.76231263368
bot1,3.8,5,1.6100000000000002e-05,-4.52e-12,-1.607e-05,4.52e-12,1.6100000000000002e-05,380228.13688213023
bot1,3.9,5,1.6306e-05,-1.0500000000000002e-12,-1.6774e-05,1.0500000000000002e-12,1.6306e-05,254452.92620865145
bot1,4.0,5,1.6886e-05,3.2e-12,-1.698e-05,3.2e-12,1.6886e-05,361010.8303249081
bot1,4.1,5,1.686e-05,-2.34e-12,-1.6794000000000002e-05,2.34e-12,1.686e-05,1388888.888888884
bot1,4.2,5,1.703e-05,3.2170000000000004e-11,-1.6988e-05,3.2170000000000004e-11,1.703e-05,628930.8176100648
bot1,4.3,5,1.7178e-05,-6.455e-11,-1.69e-05,6.455e-11,1.7178e-05,3030303.030303078
bot1,4.4,5,1.7096e-05,4.346e-11,-1.6988e-05,4.346e-11,1.7096e-05,-1785714.2857143153
bot1,4.5,5,1.7066000000000002e-05,-7.94e-12,-1.728e-05,7.94e-12,1.7066000000000002e-05,751879.6992481195
bot1,4.6000000000000005,5,1.7362e-05,-3.2600000000000002e-12,-1.7222000000000002e-05,3.2600000000000002e-12,1.7362e-05,534759.3582887752
bot1,4.7,5,1.744e-05,1.78e-12,-1.7518e-05,1.78e-12,1.744e-05,632911.3924050644
bot1,4.8,5,1.7678e-05,-4.89e-12,-1.7128e-05,4.89e-12,1.7678e-05,3225806.451612884
bot1,4.9,5,1.7502e-05,9.98e-12,-1.7442e-05,9.98e-12,1.7502e-05,-373134.3283582096
bot1,5.0,5,1.7142e-05,-5.822000000000001e-11,-1.7354e-05,5.822000000000001e-11,1.7142e-05,-277777.7777777768
bot2,0.0,-5,-4.6536e-12,9.02e-12,-1.5800000000000001e-12,9.02e-12,4.6536e-12,18431820695.24828
bot2,0.1,-5,7.718e-13,-1.59e-12,1.17e-12,1.59e-12,7.718e-13,47991553486.586365
bot2,0.2,-5,-4.862e-13,1.07e-12,2.120000000000001e-12,1.07e-12,4.862e-13,-80134626171.9689
bot2,0.3,-5,-1.724e-12,9.16e-12,3.740000000000001e-12,9.16e-12,1.724e-12,-91141086401.74992
bot2,0.4,-5,-2.6806e-12,2.427e-11,4.900000000000001e-12,2.427e-11,2.6806e-12,-132502981317.07964
bot2,0.5,-5,-3.2334e-12,3.792e-11,7.760000000000002e-12,3.792e-11,3.2334e-12,-179211469534.0501
bot2,0.6,-5,-3.7966e-12,5.2280000000000006e-11,1.11e-11,5.2280000000000006e-11,3.7966e-12,-239693192713.32697
bot2,0.7,-5,-4.0678e-12,5.786000000000001e-11,1.59e-11,5.786000000000001e-11,4.0678e-12,-436109899694.7235
bot2,0.8,-5,-4.2552e-12,6.036e-11,2.1990000000000003e-11,6.036e-11,4.2552e-12,22750022750.022743
bot2,0.9,-5,4.7234e-12,-2.435e-11,-3.525e-11,2.435e-11,4.7234e-12,24002688301.08972
bot2,1.0,-5,4.0772e-12,-1.3000000000000001e-12,-1.325e-11,1.3000000000000001e-12,4.0772e-12,-33383408446.00235
bot2,1.1,-5,-1.2676e-12,2.52e-12,-1.4900000000000001e-12,2.52e-12,1.2676e-12,-47023417661.99568
bot2,1.2,-5,-1.76e-13,7.3e-13,-2.2200000000000002e-12,7.3e-13,1.76e-13,86475268073.33102
bot2,1.3,-5,1.0452e-12,-3.840000000000001e-12,-2.72e-12,3.840000000000001e-12,1.0452e-12,96637031310.39822
bot2,1.4,-5,1.8936e-12,-1.3390000000000002e-11,-4.27e-12,1.3390000000000002e-11,1.8936e-12,112397437338.42868
bot2,1.5,-5,2.8246e-12,-2.81e-11,-6.19e-12,2.81e-11,2.8246e-12,128468653648.50974
bot2,1.6,-5,3.4504e-12,-4.468e-11,-8.74e-12,4.468e-11,3.4504e-12,182515057492.24304
bot2,1.7,-5,3.9204e-12,-5.361e-11,-1.218e-11,5.361e-11,3.9204e-12,289351851851.85175
bot2,1.8,-5,4.1416e-12,-5.971e-11,-1.7420000000000003e-11,5.971e-11,4.1416e-12,573723465289.7316
bot2,1.9,-5,4.269e-12,-6.031000000000001e-11,-2.388e-11,6.031000000000001e-11,4.269e-12,-22499718753.51557
bot2,2.0,-5,-4.7474e-12,1.71e-11,3.606e-11,1.71e-11,4.7474e-12,-24751862577.65897
bot2,2.1,-5,-3.8112e-12,1.4200000000000002e-12,1.012e-11,1.4200000000000002e-12,3.8112e-12,35676061362.82558
bot2,2.2,-5,8.586e-13,-2.8400000000000004e-12,1.3900000000000001e-12,2.8400000000000004e-12,8.586e-13,61869702406.73148
bot2,2.3000000000000003,-5,-5.786e-13,2.3800000000000004e-12,2.39e-12,2.3800000000000004e-12,5.786e-13,-74827895839.5689
bot2,2.4,-5,-1.8142e-12,9.1e-12,3.6000000000000004e-12,9.1e-12,1.8142e-12,-90727635637.81516
bot2,2.5,-5,-2.783e-12,2.5120000000000003e-11,5.38e-12,2.5120000000000003e-11,2.783e-12,-126151129052.60516
bot2,2.6,-5,-3.3996e-12,4.076e-11,7.480000000000001e-12,4.076e-11,3.3996e-12,-209731543624.1612
bot2,2.7,-5,-3.7366e-12,5.1660000000000006e-11,1.073e-11,5.1660000000000006e-11,3.7366e-12,-325732899022.8016
bot2,2.8000000000000003,-5,-4.0136e-12,5.837e-11,1.522e-11,5.837e-11,4.0136e-12,-441696113074.20447
bot2,2.9,-5,-4.1894e-12,6.077e-11,2.087e-11,6.077e-11,4.1894e-12,22967386311.437725
bot2,3.0,-5,4.6944e-12,-2.6940000000000003e-11,-3.5050000000000004e-11,2.6940000000000003e-11,4.6944e-12,23785172323.573505
bot2,3.1,-5,4.2192e-12,-6.900000000000001e-13,-1.5380000000000003e-11,6.900000000000001e-13,4.2192e-12,-105351875263.37978
bot2,3.2,-5,2.796e-12,-2.54e-12,-3.390000000000001e-12,2.54e-12,2.796e-12,-54710581026.37055
bot2,3.3000000000000003,-5,5.636e-13,-1.88e-12,-3.0900000000000004e-12,1.88e-12,5.636e-13,-187125748502.99377
bot2,3.4,-5,1.7272e-12,-9.26e-12,-3.76e-12,9.26e-12,1.7272e-12,103498240529.91084
bot2,3.5,-5,2.496e-12,-2.3210000000000003e-11,-5.09e-12,2.3210000000000003e-11,2.496e-12,129466597617.81471
bot2,3.6,-5,3.272e-12,-3.9900000000000006e-11,-8.070000000000001e-12,3.9900000000000006e-11,3.272e-12,149745432764.3008
bot2,3.7,-5,3.8316e-12,-5.418000000000001e-11,-1.133e-11,5.418000000000001e-11,3.8316e-12,253549695740.36533
bot2,3.8,-5,4.0608e-12,-5.926000000000001e-11,-1.65e-11,5.926000000000001e-11,4.0608e-12,473260766682.4411
bot2,3.9,-5,4.2542e-12,-6.087e-11,-2.191e-11,6.087e-11,4.2542e-12,-22719011268.62956
bot2,4.0,-5,-4.7424e-12,2.3100000000000003e-11,3.5350000000000006e-11,2.3100000000000003e-11,4.7424e-12,-24025755610.0139
bot2,4.1,-5,-4.0702e-12,2.3000000000000003e-12,1.363e-11,2.3000000000000003e-12,4.0702e-12,33106005429.38492
bot2,4.2,-5,1.2988e-12,-1.1000000000000002e-12,1.18e-12,1.1000000000000002e-12,1.2988e-12,49034029616.553925
bot2,4.3,-5,8.6e-15,-1.1600000000000001e-12,1.7200000000000001e-12,1.1600000000000001e-12,8.6e-15,-79001422025.59654
bot2,4.4,-5,-1.2328e-12,5.38e-12,2.92e-12,5.38e-12,1.2328e-12,-86775425199.58356
bot2,4.5,-5,-2.2962e-12,1.6940000000000002e-11,4.500000000000001e-12,1.6940000000000002e-11,2.2962e-12,-104166666666.66676
bot2,4.6000000000000005,-5,-3.1528e-12,3.5560000000000004e-11,7.26e-12,3.5560000000000004e-11,3.1528e-12,-142369020501.1391
bot2,4.7,-5,-3.701e-12,5.0930000000000005e-11,1.041e-11,5.0930000000000005e-11,3.701e-12,-221827861579.4136
bot2,4.8,-5,-4.0544e-12,5.906e-11,1.5010000000000002e-11,5.906e-11,4.0544e-12,-389105058365.7588
bot2,4.9,-5,-4.215e-12,5.991e-11,2.023e-11,5.991e-11,4.215e-12,22787348464.13273
bot2,5.0,-5,4.7224e-12,-2.6960000000000003e-11,-3.507e-11,2.6960000000000003e-11,4.7224e-12,11188936379.707705
bot2,0.0,-4,4.044e-12,-2.75e-12,-6.25e-12,2.75e-12,4.044e-12,-26286735713.159138
bot2,0.1,-4,2.398e-13,-1.6000000000000005e-13,-2.11e-12,1.6000000000000005e-13,2.398e-13,-72139662386.38004
bot2,0.2,-4,1.2716e-12,-6.240000000000001e-12,-3.13e-12,6.240000000000001e-12,1.2716e-12,102616726526.42378
bot2,0.3,-4,2.1888e-12,-1.702e-11,-4.5400000000000004e-12,1.702e-11,2.1888e-12,114889705882.35297
bot2,0.4,-4,3.0124e-12,-3.267e-11,-6.36e-12,3.267e-11,3.0124e-12,144466917075.98965
bot2,0.5,-4,3.5732e-12,-4.641e-11,-9.75e-12,4.641e-11,3.5732e-12,208376745155.24072
bot2,0.6,-4,3.9722e-12,-5.674e-11,-1.2780000000000002e-11,5.674e-11,3.9722e-12,349040139616.05566
bot2,0.7,-4,4.1462e-12,-6.044e-11,-1.848e-11,6.044e-11,4.1462e-12,472813238770.6856
bot2,0.8,-4,4.3952e-12,-5.926000000000001e-11,-2.506e-11,5.926000000000001e-11,4.3952e-12,-22398423151.01016
bot2,0.9,-4,-4.783e-12,1.508e-11,3.59e-11,1.508e-11,4.783e-12,-24454063042.57452
bot2,1.0,-4,-3.7834e-12,2.3800000000000004e-12,1.031e-11,2.3800000000000004e-12,3.7834e-12,36268678369.36023
bot2,1.1,-4,7.314e-13,-1.55e-12,1.46e-12,1.55e-12,7.314e-13,59747864013.86149
bot2,1.2,-4,-4.36e-13,1.69e-12,1.9200000000000003e-12,1.69e-12,4.36e-13,-87611704923.7778
bot2,1.3,-4,-1.5514e-12,7.150000000000001e-12,3.66e-12,7.150000000000001e-12,1.5514e-12,-98590160701.96204
bot2,1.4,-4,-2.4646e-12,2.1480000000000003e-11,4.94e-12,2.1480000000000003e-11,2.4646e-12,-115406809001.73108
bot2,1.5,-4,-3.2844e-12,3.955e-11,7.480000000000001e-12,3.955e-11,3.2844e-12,-146649068778.41318
bot2,1.6,-4,-3.8284e-12,5.287000000000001e-11,1.084e-11,5.287000000000001e-11,3.8284e-12,-246974561620.15305
bot2,1.7,-4,-4.0942e-12,5.913000000000001e-11,1.459e-11,5.913000000000001e-11,4.0942e-12,-411015207562.67975
bot2,1.8,-4,-4.315e-12,6.053000000000001e-11,2.132e-11,6.053000000000001e-11,4.315e-12,22741744746.656982
bot2,1.9,-4,4.7002e-12,-2.475e-11,-3.518e-11,2.475e-11,4.7002e-12,24032684450.85316
bot2,2.0,-4,4.007e-12,-6.3e-13,-1.327e-11,6.3e-13,4.007e-12,-34064586455.920425
bot2,2.1,-4,-1.171e-12,1.85e-12,-1.5600000000000002e-12,1.85e-12,1.171e-12,-50862112812.166245
bot2,2.2,-4,7.48e-14,9e-14,-2.6300000000000007e-12,9e-14,7.48e-14,79744816586.92192
bot2,2.3000000000000003,-4,1.337e-12,-6.590000000000001e-12,-3.3700000000000004e-12,6.590000000000001e-12,1.337e-12,93118539901.29424
bot2,2.4,-4,2.2226e-12,-1.6800000000000003e-11,-4.78e-12,1.6800000000000003e-11,2.2226e-12,114771031791.57568
bot2,2.5,-4,3.0796e-12,-3.4400000000000005e-11,-6.7200000000000004e-12,3.4400000000000005e-11,3.0796e-12,133262260127.93188
bot2,2.6,-4,3.7234e-12,-5.0490000000000005e-11,-1.021e-11,5.0490000000000005e-11,3.7234e-12,198965380023.87607
bot2,2.7,-4,4.0848e-12,-5.836e-11,-1.5120000000000002e-11,5.836e-11,4.0848e-12,408163265306.1231
bot2,2.8000000000000003,-4,4.2134e-12,-6.124e-11,-2.08e-11,6.124e-11,4.2134e-12,-22944199706.314217
bot2,2.9,-4,-4.632e-12,2.777e-11,3.4760000000000005e-11,2.777e-11,4.632e-12,-23697244010.521545
bot2,3.0,-4,-4.2264e-12,1.51e-12,1.582e-11,1.51e-12,4.2264e-12,31247070587.13249
bot2,3.1,-4,1.7686e-12,-2.2000000000000003e-12,8.400000000000002e-13,2.2000000000000003e-12,1.7686e-12,43531255441.40697
bot2,3.2,-4,3.68e-13,-1.22e-12,1.64e-12,1.22e-12,3.68e-13,-76022502660.78766
bot2,3.3000000000000003,-4,-8.622e-13,3.95e-12,2.450000000000001e-12,3.95e-12,8.622e-13,-87481410200.3323
bot2,3.4,-4,-1.9182e-12,1.098e-11,3.730000000000001e-12,1.098e-11,1.9182e-12,-106530307872.58965
bot2,3.5,-4,-2.7396e-12,2.4450000000000003e-11,5.59e-12,2.4450000000000003e-11,2.7396e-12,-136295488619.32684
bot2,3.6,-4,-3.3856e-12,4.233e-11,8.11e-12,4.233e-11,3.3856e-12,-189214758751.18268
bot2,3.7,-4,-3.7966e-12,5.4720000000000006e-11,1.1760000000000002e-11,5.4720000000000006e-11,3.7966e-12,-266951414842.49905
bot2,3.8,-4,-4.1348e-12,5.921000000000001e-11,1.6270000000000002e-11,5.921000000000001e-11,4.1348e-12,-388198757763.97455
bot2,3.9,-4,-4.3118e-12,6.011e-11,2.2210000000000003e-11,6.011e-11,4.3118e-12,22435609799.874336
bot2,4.0,-4,4.7796e-12,-2.0770000000000003e-11,-3.6400000000000005e-11,2.0770000000000003e-11,4.7796e-12,24260067928.190163
bot2,4.1,-4,3.9322e-12,-1.2900000000000002e-12,-1.194e-11,1.2900000000000002e-12,3.9322e-12,-33929359074.40712
bot2,4.2,-4,-1.115e-12,1.02e-12,-1.4900000000000001e-12,1.02e-12,1.115e-12,-53407391582.995125
bot2,4.3,-4,1.874e-13,-1e-13,-2.7100000000000004e-12,1e-13,1.874e-13,86281276962.89912
bot2,4.4,-4,1.203e-12,-5.620000000000001e-12,-3.5000000000000004e-12,5.620000000000001e-12,1.203e-12,98231827111.98434
bot2,4.5,-4,2.2234e-12,-1.712e-11,-4.89e-12,1.712e-11,2.2234e-12,106906136412.23016
bot2,4.6000000000000005,-4,3.0738e-12,-3.508e-11,-6.91e-12,3.508e-11,3.0738e-12,133031794598.90929
bot2,4.7,-4,3.7268e-12,-5.026e-11,-1.038e-11,5.026e-11,3.7268e-12,204164965291.9553
bot2,4.8,-4,4.0534e-12,-5.769e-11,-1.4290000000000002e-11,5.769e-11,4.0534e-12,494315373208.1071
bot2,4.9,-4,4.1314e-12,-6.037000000000001e-11,-2.058e-11,6.037000000000001e-11,4.1314e-12,-22945252627.23145
bot2,5.0,-4,-4.663e-12,2.81e-11,3.4510000000000005e-11,2.81e-11,4.663e-12,-11370872373.328442
bot2,0.0,-3,4.9312e-12,-1.21e-12,-2.136e-11,1.21e-12,4.9312e-12,-14334040479.330317
bot2,0.1,-3,-2.0452e-12,1.65e-12,-8.2e-13,1.65e-12,2.0452e-12,-35195157146.37666
bot2,0.2,-3,-7.514e-13,2.070000000000001e-12,-1.65e-12,2.070000000000001e-12,7.514e-13,81752779594.50621
bot2,0.3,-3,4.012e-13,-1.4800000000000006e-12,-2.2700000000000002e-12,1.4800000000000006e-12,4.012e-13,86813091414.18526
bot2,0.4,-3,1.5524e-12,-6.180000000000001e-12,-3.5000000000000004e-12,6.180000000000001e-12,1.5524e-12,102796052631.57896
bot2,0.5,-3,2.3468e-12,-1.708e-11,-4.84e-12,1.708e-11,2.3468e-12,141924496168.03857
bot2,0.6,-3,2.9616e-12,-3.256e-11,-6.850000000000001e-12,3.256e-11,2.9616e-12,182282172803.4999
bot2,0.7,-3,3.444e-12,-4.658e-11,-9.25e-12,4.658e-11,3.444e-12,204164965291.9559
bot2,0.8,-3,3.9412e-12,-5.675e-11,-1.3480000000000002e-11,5.675e-11,3.9412e-12,248880039820.8064
bot2,0.9,-3,4.2476e-12,-5.948000000000001e-11,-1.795e-11,5.948000000000001e-11,4.2476e-12,382995021064.7264
bot2,1.0,-3,4.4634e-12,-5.915000000000001e-11,-2.5410000000000003e-11,5.915000000000001e-11,4.4634e-12,-22018671833.715
bot2,1.1,-3,-4.8356e-12,1.164e-11,3.624e-11,1.164e-11,4.8356e-12,-24912805181.86348
bot2,1.2,-3,-3.5646e-12,1.64e-12,8.080000000000003e-12,1.64e-12,3.5646e-12,36500346753.29414
bot2,1.3,-3,6.438e-13,-1.5300000000000001e-12,1.69e-12,1.5300000000000001e-12,6.438e-13,70150824272.18526
bot2,1.4,-3,-7.136e-13,3.07e-12,2.42e-12,3.07e-12,7.136e-13,-82054648395.8316
bot2,1.5,-3,-1.7936e-12,1.001e-11,3.6200000000000003e-12,1.001e-11,1.7936e-12,-106700810926.16304
bot2,1.6,-3,-2.588e-12,2.349e-11,4.89e-12,2.349e-11,2.588e-12,-132415254237.2881
bot2,1.7,-3,-3.304e-12,4.09e-11,8.080000000000003e-12,4.09e-11,3.304e-12,-167112299465.24063
bot2,1.8,-3,-3.7848e-12,5.298000000000001e-11,1.075e-11,5.298000000000001e-11,3.7848e-12,-241487563390.4857
bot2,1.9,-3,-4.1322e-12,5.879000000000001e-11,1.5120000000000002e-11,5.879000000000001e-11,4.1322e-12,-492610837438.42285
bot2,2.0,-3,-4.1908e-12,6.017000000000001e-11,1.9350000000000003e-11,6.017000000000001e-11,4.1908e-12,22846176692.33053
bot2,2.1,-3,4.622e-12,-3.0360000000000006e-11,-3.5190000000000003e-11,3.0360000000000006e-11,4.622e-12,23402213849.43018
bot2,2.2,-3,4.3554e-12,-2.1000000000000001e-13,-1.845e-11,2.1000000000000001e-13,4.3554e-12,-29696501752.093628
bot2,2.3000000000000003,-3,-2.1128e-12,2.8e-12,-1.6000000000000005e-13,2.8e-12,2.1128e-12,-38070582860.62355
bot2,2.4,-3,-8.98e-13,2.13e-12,-2.0500000000000004e-12,2.13e-12,8.98e-13,79365079365.07925
bot2,2.5,-3,4.072e-13,-1.36e-12,-2.57e-12,1.36e-12,4.072e-13,82617316589.55725
bot2,2.6,-3,1.5228e-12,-8.13e-12,-3.540000000000001e-12,8.13e-12,1.5228e-12,95138426410.42728
bot2,2.7,-3,2.5094e-12,-2.142e-11,-5.08e-12,2.142e-11,2.5094e-12,120264582080.57738
bot2,2.8000000000000003,-3,3.1858e-12,-3.813e-11,-7.45e-12,3.813e-11,3.1858e-12,161838485191.77838
bot2,2.9,-3,3.7452e-12,-5.1400000000000005e-11,-1.068e-11,5.1400000000000005e-11,3.7452e-12,237473284255.52087
bot2,3.0,-3,4.028e-12,-5.894e-11,-1.529e-11,5.894e-11,4.028e-12,422119037568.5949
bot2,3.1,-3,4.219e-12,-6.032e-11,-2.11e-11,6.032e-11,4.219e-12,-22857665318.06444
bot2,3.2,-3,-4.7218e-12,2.742e-11,3.4730000000000006e-11,2.742e-11,4.7218e-12,-23562121533.422894
bot2,3.3000000000000003,-3,-4.2692e-12,2.64e-12,1.766e-11,2.64e-12,4.2692e-12,30060722659.7727
bot2,3.4,-3,1.9314e-12,-3.61e-12,8.000000000000001e-14,3.61e-12,1.9314e-12,40304703558.90527
bot2,3.5,-3,6.93e-13,-2.18e-12,1.51e-12,2.18e-12,6.93e-13,-87017055342.84726
bot2,3.6,-3,-3.67e-13,-4e-13,2.070000000000001e-12,4e-13,3.67e-13,-102082482645.97804
bot2,3.7,-3,-1.2662e-12,5.19e-12,2.8100000000000003e-12,5.19e-12,1.2662e-12,-106564364876.38544
bot2,3.8,-3,-2.2438e-12,1.661e-11,4.12e-12,1.661e-11,2.2438e-12,-115955473098.33008
bot2,3.9,-3,-2.991e-12,3.1380000000000006e-11,6.1200000000000006e-12,3.1380000000000006e-11,2.991e-12,-164826108455.57913
bot2,4.0,-3,-3.4572e-12,4.3500000000000005e-11,8.56e-12,4.3500000000000005e-11,3.4572e-12,-228258388495.77707
bot2,4.1,-3,-3.8672e-12,5.408e-11,1.162e-11,5.408e-11,3.8672e-12,-301204819277.1087
bot2,4.2,-3,-4.1212e-12,6.020000000000001e-11,1.5920000000000002e-11,6.020000000000001e-11,4.1212e-12,-567214974475.3254
bot2,4.3,-3,-4.2198e-12,6.065e-11,2.226e-11,6.065e-11,4.2198e-12,22703021772.197903
bot2,4.4,-3,4.6882e-12,-2.448e-11,-3.606e-11,2.448e-11,4.6882e-12,23748456350.33725
bot2,4.5,-3,4.2018e-12,-2.070000000000001e-12,-1.388e-11,2.070000000000001e-12,4.2018e-12,-31973398132.75357
bot2,4.6000000000000005,-3,-1.567e-12,2.19e-12,-1.3000000000000001e-12,2.19e-12,1.567e-12,-45089728559.83411
bot2,4.7,-3,-2.338e-13,5.2e-13,-2.01e-12,5.2e-13,2.338e-13,79535512606.37848
bot2,4.8,-3,9.476e-13,-1.9e-12,-3.28e-12,1.9e-12,9.476e-13,89855332914.00853
bot2,4.9,-3,1.992e-12,-1.265e-11,-4.050000000000001e-12,1.265e-11,1.992e-12,112082492714.63806
bot2,5.0,-3,2.732e-12,-2.462e-11,-5.780000000000001e-12,2.462e-11,2.732e-12,135135135135.13464
bot2,0.0,-2,4.43e-12,-1.4800000000000006e-12,-1.109e-11,1.4800000000000006e-12,4.43e-12,-19771442128.988888
bot2,0.1,-2,-6.278e-13,1.26e-12,-2.03e-12,1.26e-12,6.278e-13,-50986590526.69148
bot2,0.2,-2,5.074e-13,-5.1e-13,-2.5800000000000003e-12,5.1e-13,5.074e-13,98309083759.33936
bot2,0.3,-2,1.4066e-12,-5.14e-12,-3.5500000000000004e-12,5.14e-12,1.4066e-12,108506944444.44444
bot2,0.4,-2,2.3506e-12,-1.8310000000000003e-11,-4.63e-12,1.8310000000000003e-11,2.3506e-12,115406809001.73108
bot2,0.5,-2,3.1396e-12,-3.332e-11,-7.01e-12,3.332e-11,3.1396e-12,154607297464.44028
bot2,0.6,-2,3.6442e-12,-4.881e-11,-9.68e-12,4.881e-11,3.6442e-12,257599175682.638
bot2,0.7,-2,3.916e-12,-5.779e-11,-1.378e-11,5.779e-11,3.916e-12,404694455685.9572
bot2,0.8,-2,4.1384e-12,-6.134e-11,-1.948e-11,6.134e-11,4.1384e-12,488997555012.2244
bot2,0.9,-2,4.325e-12,-5.853e-11,-2.546e-11,5.853e-11,4.325e-12,-22181310028.170258
bot2,1.0,-2,-4.8782e-12,1.281e-11,3.588e-11,1.281e-11,4.8782e-12,-25041945258.307674
bot2,1.1,-2,-3.6616e-12,2.41e-12,7.65e-12,2.41e-12,3.6616e-12,36748493311.77421
bot2,1.2,-2,5.642e-13,-2.85e-12,1.3000000000000001e-12,2.85e-12,5.642e-13,66172578083.64213
bot2,1.3,-2,-6.392e-13,8.800000000000002e-13,2.120000000000001e-12,8.800000000000002e-13,6.392e-13,-85616438356.16446
bot2,1.4,-2,-1.7718e-12,8.77e-12,3.48e-12,8.77e-12,1.7718e-12,-101471334348.04666
bot2,1.5,-2,-2.6102e-12,2.526e-11,5.74e-12,2.526e-11,2.6102e-12,-124177325220.41472
bot2,1.6,-2,-3.3824e-12,4.266e-11,8.180000000000003e-12,4.266e-11,3.3824e-12,-169721656483.3672
bot2,1.7,-2,-3.7886e-12,5.27e-11,1.083e-11,5.27e-11,3.7886e-12,-267165375367.35223
bot2,1.8,-2,-4.131e-12,5.862e-11,1.546e-11,5.862e-11,4.131e-12,-430663221360.8967
bot2,1.9,-2,-4.253e-12,6.092000000000001e-11,2.142e-11,6.092000000000001e-11,4.253e-12,22547405920.94879
bot2,2.0,-2,4.7392e-12,-2.039e-11,-3.609e-11,2.039e-11,4.7392e-12,24065651096.190407
bot2,2.1,-2,4.0576e-12,-1.6e-12,-1.226e-11,1.6e-12,4.0576e-12,-34317089910.7756
bot2,2.2,-2,-1.0888e-12,2.28e-12,-1.37e-12,2.28e-12,1.0888e-12,-51501261780.91367
bot2,2.3000000000000003,-2,1.742e-13,2.5e-13,-2.26e-12,2.5e-13,1.742e-13,80276149955.84802
bot2,2.4,-2,1.4026e-12,-6.96e-12,-3.53e-12,6.96e-12,1.4026e-12,83395880243.51585
bot2,2.5,-2,2.5724e-12,-1.99e-11,-4.98e-12,1.99e-11,2.5724e-12,103423311614.438
bot2,2.6,-2,3.3364e-12,-4.071e-11,-7.880000000000001e-12,4.071e-11,3.3364e-12,165508109897.38507
bot2,2.7,-2,3.7808e-12,-5.2830000000000007e-11,-1.112e-11,5.2830000000000007e-11,3.7808e-12,274197970935.0153
bot2,2.8000000000000003,-2,4.0658e-12,-5.986e-11,-1.6450000000000002e-11,5.986e-11,4.0658e-12,393391030684.50006
bot2,2.9,-2,4.2892e-12,-6.026000000000001e-11,-2.271e-11,6.026000000000001e-11,4.2892e-12,-22666999115.987003
bot2,3.0,-2,-4.7576e-12,1.86e-11,3.588e-11,1.86e-11,4.7576e-12,-24479804161.56673
bot2,3.1,-2,-3.8808e-12,1.26e-12,1.089e-11,1.26e-12,3.8808e-12,36015270474.6813
bot2,3.2,-2,7.956e-13,-1.86e-12,1.1900000000000002e-12,1.86e-12,7.956e-13,60934738894.64388
bot2,3.3000000000000003,-2,-5.986e-13,9.4e-13,2.39e-12,9.4e-13,5.986e-13,-75431847325.94093
bot2,3.4,-2,-1.8558e-12,1.13e-11,3.48e-12,1.13e-11,1.8558e-12,-89533530307.09987
bot2,3.5,-2,-2.8324e-12,2.7910000000000004e-11,5.74e-12,2.7910000000000004e-11,2.8324e-12,-121684108055.48808
bot2,3.6,-2,-3.4994e-12,4.7070000000000005e-11,9.41e-12,4.7070000000000005e-11,3.4994e-12,-178762960314.62302
bot2,3.7,-2,-3.9512e-12,5.822000000000001e-11,1.377e-11,5.822000000000001e-11,3.9512e-12,-298418382572.3669
bot2,3.8,-2,-4.1696e-12,5.992e-11,1.957e-11,5.992e-11,4.1696e-12,23080296351.00512
bot2,3.9,-2,4.7142e-12,-2.775e-11,-3.562e-11,2.775e-11,4.7142e-12,23890295761.861504
bot2,4.0,-2,4.202e-12,-1.4400000000000001e-12,-1.4830000000000002e-11,1.4400000000000001e-12,4.202e-12,-32794411832.223747
bot2,4.1,-2,-1.3844e-12,1.7000000000000002e-12,-1.4e-12,1.7000000000000002e-12,1.3844e-12,-48466049532.302666
bot2,4.2,-2,7.54e-14,2.9000000000000013e-13,-2.3300000000000004e-12,2.9000000000000013e-13,7.54e-14,74074074074.07411
bot2,4.3,-2,1.3156e-12,-4.5900000000000004e-12,-3.1400000000000004e-12,4.5900000000000004e-12,1.3156e-12,90810025426.8072
bot2,4.4,-2,2.2778e-12,-1.918e-11,-5.29e-12,1.918e-11,2.2778e-12,108330625067.70674
bot2,4.5,-2,3.1618e-12,-3.8410000000000006e-11,-7.25e-12,3.8410000000000006e-11,3.1618e-12,131527028804.41943
bot2,4.6000000000000005,-2,3.7984e-12,-5.3480000000000006e-11,-1.14e-11,5.3480000000000006e-11,3.7984e-12,210216523018.7095
bot2,4.7,-2,4.1132e-12,-5.942e-11,-1.6400000000000003e-11,5.942e-11,4.1132e-12,404040404040.4021
bot2,4.8,-2,4.2934e-12,-6.111000000000001e-11,-2.296e-11,6.111000000000001e-11,4.2934e-12,-22378874342.620583
bot2,4.9,-2,-4.8238e-12,1.4090000000000002e-11,3.595e-11,1.4090000000000002e-11,4.8238e-12,-25290205103.563408
bot2,5.0,-2,-3.6148e-12,1.04e-12,9.22e-12,1.04e-12,3.6148e-12,82712985938.79211
bot2,0.0,-1,4.3162e-12,-4.7800000000000006e-11,-3.038e-11,4.7800000000000006e-11,4.3162e-12,-10775165398.788872
bot2,0.1,-1,-4.9644e-12,5.1e-13,3.275e-11,5.1e-13,4.9644e-12,-30289262456.459187
bot2,0.2,-1,-2.2868e-12,2.37e-12,8.600000000000002e-13,2.37e-12,2.2868e-12,51200655368.38872
bot2,0.3,-1,-1.0582e-12,2.5800000000000003e-12,-1.2800000000000002e-12,2.5800000000000003e-12,1.0582e-12,71808128680.1666
bot2,0.4,-1,4.984e-13,-9.5e-13,-2.37e-12,9.5e-13,4.984e-13,70298769771.529
bot2,0.5,-1,1.7868e-12,-1.055e-11,-4.08e-12,1.055e-11,1.7868e-12,84509422800.64227
bot2,0.6,-1,2.865e-12,-2.712e-11,-6.430000000000001e-12,2.712e-11,2.865e-12,118077695123.39124
bot2,0.7,-1,3.4806e-12,-4.5760000000000005e-11,-8.690000000000003e-12,4.5760000000000005e-11,3.4806e-12,191901746305.89145
bot2,0.8,-1,3.9072e-12,-5.7e-11,-1.325e-11,5.7e-11,3.9072e-12,286368843069.874
bot2,0.9,-1,4.179e-12,-6.12e-11,-1.942e-11,6.12e-11,4.179e-12,-23222869882.260044
bot2,1.0,-1,-4.705e-12,2.8780000000000003e-11,3.4870000000000005e-11,2.8780000000000003e-11,4.705e-12,-23906287353.574
bot2,1.1,-1,-4.187e-12,1.1600000000000001e-12,1.588e-11,1.1600000000000001e-12,4.187e-12,30741799624.95004
bot2,1.2,-1,1.8008e-12,-2.6000000000000002e-12,5.2e-13,2.6000000000000002e-12,1.8008e-12,44933722758.930565
bot2,1.3,-1,2.64e-13,-7.700000000000002e-13,1.6600000000000002e-12,7.700000000000002e-13,2.64e-13,-69662138627.65593
bot2,1.4,-1,-1.0702e-12,2.3200000000000002e-12,2.69e-12,2.3200000000000002e-12,1.0702e-12,-84990651028.38684
bot2,1.5,-1,-2.0892e-12,1.4560000000000003e-11,4.17e-12,1.4560000000000003e-11,2.0892e-12,-114246544042.04272
bot2,1.6,-1,-2.8208e-12,2.9340000000000005e-11,5.910000000000001e-12,2.9340000000000005e-11,2.8208e-12,-135630001356.3
bot2,1.7,-1,-3.5638e-12,4.877e-11,9.35e-12,4.877e-11,3.5638e-12,-169290672083.9681
bot2,1.8,-1,-4.0022e-12,5.633000000000001e-11,1.27e-11,5.633000000000001e-11,4.0022e-12,-318471337579.61804
bot2,1.9,-1,-4.1918e-12,5.941e-11,1.7620000000000003e-11,5.941e-11,4.1918e-12,-648508430609.5983
bot2,2.0,-1,-4.3106e-12,5.877000000000001e-11,2.251e-11,5.877000000000001e-11,4.3106e-12,22374868547.64728
bot2,2.1,-1,4.7468e-12,-1.871e-11,-3.63e-11,1.871e-11,4.7468e-12,24449877750.61127
bot2,2.2,-1,3.8694e-12,-1.3400000000000006e-12,-1.102e-11,1.3400000000000006e-12,3.8694e-12,-35432094391.099495
bot2,2.3000000000000003,-1,-8.978e-13,2.13e-12,-1.65e-12,2.13e-12,8.978e-13,-55521625673.19964
bot2,2.4,-1,2.672e-13,-4.7e-13,-2.13e-12,4.7e-13,2.672e-13,83257014403.4634
bot2,2.5,-1,1.5044e-12,-7.62e-12,-3.48e-12,7.62e-12,1.5044e-12,84824836712.1894
bot2,2.6,-1,2.625e-12,-2.154e-11,-5.420000000000001e-12,2.154e-11,2.625e-12,105552037154.31715
bot2,2.7,-1,3.3992e-12,-4.286e-11,-8.66e-12,4.286e-11,3.3992e-12,156788962057.07132
bot2,2.8000000000000003,-1,3.9006e-12,-5.509000000000001e-11,-1.211e-11,5.509000000000001e-11,3.9006e-12,315556958030.92395
bot2,2.9,-1,4.033e-12,-5.985e-11,-1.804e-11,5.985e-11,4.033e-12,577034045008.6544
bot2,3.0,-1,4.2472e-12,-5.946000000000001e-11,-2.442e-11,5.946000000000001e-11,4.2472e-12,-22641851197.753952
bot2,3.1,-1,-4.8002e-12,1.5430000000000002e-11,3.621e-11,1.5430000000000002e-11,4.8002e-12,-24689529170.678738
bot2,3.2,-1,-3.8534e-12,2.39e-12,1.084e-11,2.39e-12,3.8534e-12,34974818130.945755
bot2,3.3000000000000003,-1,9.182e-13,-2.960000000000001e-12,1.13e-12,2.960000000000001e-12,9.182e-13,54481067828.929375
bot2,3.4,-1,-1.824e-13,-3.5e-13,2.01e-12,3.5e-13,1.824e-13,-82169268693.50851
bot2,3.5,-1,-1.5158e-12,6.09e-12,2.9300000000000002e-12,6.09e-12,1.5158e-12,-91249201569.48634
bot2,3.6,-1,-2.3742e-12,1.861e-11,4.5400000000000004e-12,1.861e-11,2.3742e-12,-133368898372.89958
bot2,3.7,-1,-3.0154e-12,3.205e-11,6.3700000000000005e-12,3.205e-11,3.0154e-12,-174978127734.03342
bot2,3.8,-1,-3.5172e-12,4.859e-11,9.62e-12,4.859e-11,3.5172e-12,-206015657189.94608
bot2,3.9,-1,-3.9862e-12,5.6430000000000006e-11,1.3290000000000002e-11,5.6430000000000006e-11,3.9862e-12,-322372662798.19446
bot2,4.0,-1,-4.1376e-12,5.997e-11,1.858e-11,5.997e-11,4.1376e-12,-491159135559.9205
bot2,4.1,-1,-4.3934e-12,5.893000000000001e-11,2.4e-11,5.893000000000001e-11,4.3934e-12,22423535743.116
bot2,4.2,-1,4.7816e-12,-1.5430000000000002e-11,-3.646e-11,1.5430000000000002e-11,4.7816e-12,24810201955.043934
bot2,4.3,-1,3.6678e-12,-9.100000000000002e-13,-1.021e-11,9.100000000000002e-13,3.6678e-12,-36412627899.35553
bot2,4.4,-1,-7.11e-13,1.8100000000000002e-12,-1.7700000000000001e-12,1.8100000000000002e-12,7.11e-13,-59499018266.198654
bot2,4.5,-1,3.064e-13,-1.0600000000000001e-12,-2.4800000000000003e-12,1.0600000000000001e-12,3.064e-13,96889836256.17682
bot2,4.6000000000000005,-1,1.3532e-12,-7.360000000000001e-12,-3.490000000000001e-12,7.360000000000001e-12,1.3532e-12,107054919173.53612
bot2,4.7,-1,2.1746e-12,-1.434e-11,-4.13e-12,1.434e-11,2.1746e-12,129332643559.2339
bot2,4.8,-1,2.8996e-12,-2.905e-11,-6.0700000000000006e-12,2.905e-11,2.8996e-12,151492198151.79532
bot2,4.9,-1,3.4948e-12,-4.293e-11,-8.470000000000002e-12,4.293e-11,3.4948e-12,197044334975.3696
bot2,5.0,-1,3.9146e-12,-5.485e-11,-1.152e-11,5.485e-11,3.9146e-12,238208670795.616
bot2,0.0,0,-3.1492e-12,1.386e-11,3.8900000000000006e-12,1.386e-11,3.1492e-12,683060109289.6182
bot2,0.1,0,-3.0028e-12,3.106e-11,6.620000000000001e-12,3.106e-11,3.0028e-12,-558971492453.885
bot2,0.2,0,-3.507e-12,4.579e-11,8.97e-12,4.579e-11,3.507e-12,-219058050383.3516
bot2,0.3,0,-3.9158e-12,5.560000000000001e-11,1.226e-11,5.560000000000001e-11,3.9158e-12,-330687830687.8305
bot2,0.4,0,-4.1118e-12,5.959000000000001e-11,1.626e-11,5.959000000000001e-11,4.1118e-12,-673854447439.3529
bot2,0.5,0,-4.2126e-12,6.078000000000001e-11,2.0550000000000003e-11,6.078000000000001e-11,4.2126e-12,22834699609.52663
bot2,0.6,0,4.6468e-12,-3.085e-11,-3.5450000000000004e-11,3.085e-11,4.6468e-12,23440063756.973423
bot2,0.7,0,4.3198e-12,-1.03e-12,-1.704e-11,1.03e-12,4.3198e-12,-29000638014.03632
bot2,0.8,0,-2.2496e-12,2.23e-12,2.9000000000000013e-13,2.23e-12,2.2496e-12,-37020583444.39507
bot2,0.9,0,-1.0826e-12,1.7700000000000001e-12,-1.7600000000000002e-12,1.7700000000000001e-12,1.0826e-12,83277814790.13988
bot2,1.0,0,1.52e-13,1.2500000000000001e-12,-1.8700000000000003e-12,1.2500000000000001e-12,1.52e-13,100230530219.50488
bot2,1.1,0,9.128e-13,-2.6600000000000004e-12,-2.67e-12,2.6600000000000004e-12,9.128e-13,113895216400.91112
bot2,1.2,0,1.908e-12,-1.129e-11,-3.87e-12,1.129e-11,1.908e-12,114220445459.73726
bot2,1.3,0,2.6638e-12,-2.498e-11,-5.5600000000000005e-12,2.498e-11,2.6638e-12,142166619277.7937
bot2,1.4,0,3.3148e-12,-3.982e-11,-8e-12,3.982e-11,3.3148e-12,203541624262.1615
bot2,1.5,0,3.6464e-12,-5.1010000000000007e-11,-1.091e-11,5.1010000000000007e-11,3.6464e-12,285632676378.17755
bot2,1.6,0,4.015e-12,-5.782000000000001e-11,-1.393e-11,5.782000000000001e-11,4.015e-12,386100386100.386
bot2,1.7,0,4.1644e-12,-6.068e-11,-1.828e-11,6.068e-11,4.1644e-12,589622641509.4337
bot2,1.8,0,4.3542e-12,-6.01e-11,-2.3720000000000003e-11,6.01e-11,4.3542e-12,-22411474675.03364
bot2,1.9,0,-4.7596e-12,1.998e-11,3.5750000000000006e-11,1.998e-11,4.7596e-12,-24129527302.56013
bot2,2.0,0,-3.9344e-12,1.51e-12,1.201e-11,1.51e-12,3.9344e-12,32487573503.135044
bot2,2.1,0,1.3966e-12,-2.4800000000000003e-12,1.1000000000000002e-12,2.4800000000000003e-12,1.3966e-12,47571476142.90476
bot2,2.2,0,2.698e-13,-9.200000000000001e-13,1.6100000000000002e-12,9.200000000000001e-13,2.698e-13,-93257483913.0841
bot2,2.3000000000000003,0,-7.479999999999999e-13,1.2800000000000002e-12,2.8e-12,1.2800000000000002e-12,7.479999999999999e-13,-101317122593.71822
bot2,2.4,0,-1.7042e-12,8.74e-12,3.1400000000000004e-12,8.74e-12,1.7042e-12,-115101289134.43816
bot2,2.5,0,-2.4856e-12,1.972e-11,4.52e-12,1.972e-11,2.4856e-12,-157977883096.36664
bot2,2.6,0,-2.9702e-12,3.0210000000000005e-11,6.1100000000000004e-12,3.0210000000000005e-11,2.9702e-12,-191094974202.17865
bot2,2.7,0,-3.5322e-12,4.531e-11,8.46e-12,4.531e-11,3.5322e-12,-244917952485.91745
bot2,2.8000000000000003,0,-3.7868e-12,5.346e-11,1.1250000000000002e-11,5.346e-11,3.7868e-12,-380228136882.1288
bot2,2.9,0,-4.0582e-12,5.9e-11,1.582e-11,5.9e-11,4.0582e-12,-473260766682.4411
bot2,3.0,0,-4.2094e-12,6.208000000000001e-11,2.0350000000000003e-11,6.208000000000001e-11,4.2094e-12,22982165839.30872
bot2,3.1,0,4.6442e-12,-2.987e-11,-3.5020000000000005e-11,2.987e-11,4.6442e-12,-275406224180.66675
bot2,3.2,0,-4.9356e-12,2.7e-13,3.194e-11,2.7e-13,4.9356e-12,-28292544914.41508
bot2,3.3000000000000003,0,-2.4248e-12,1.73e-12,3.7000000000000004e-13,1.73e-12,2.4248e-12,54442508710.80132
bot2,3.4,0,-1.262e-12,2.59e-12,-1.4300000000000002e-12,2.59e-12,1.262e-12,89063056644.1039
bot2,3.5,0,-1.7919999999999998e-13,1.03e-12,-1.93e-12,1.03e-12,1.7919999999999998e-13,84681175374.7143
bot2,3.6,0,1.0998e-12,-2.5300000000000003e-12,-3.02e-12,2.5300000000000003e-12,1.0998e-12,90415913200.7234
bot2,3.7,0,2.0328e-12,-1.337e-11,-4.16e-12,1.337e-11,2.0328e-12,128485159964.02428
bot2,3.8,0,2.6564e-12,-2.675e-11,-5.79e-12,2.675e-11,2.6564e-12,162311313098.52277
bot2,3.9,0,3.265e-12,-4.2120000000000006e-11,-8.31e-12,4.2120000000000006e-11,3.265e-12,169491525423.72855
bot2,4.0,0,3.8364e-12,-5.481e-11,-1.183e-11,5.481e-11,3.8364e-12,241721053903.7948
bot2,4.1,0,4.0924e-12,-5.906e-11,-1.6050000000000002e-11,5.906e-11,4.0924e-12,522466039707.4201
bot2,4.2,0,4.2192e-12,-6.172000000000001e-11,-2.1590000000000003e-11,6.172000000000001e-11,4.2192e-12,-22742261945.373104
bot2,4.3,0,-4.7018e-12,2.733e-11,3.4870000000000005e-11,2.733e-11,4.7018e-12,-23704546532.024864
bot2,4.4,0,-4.218e-12,1.3000000000000001e-12,1.699e-11,1.3000000000000001e-12,4.218e-12,29861442904.921192
bot2,4.5,0,1.9958e-12,-1.37e-12,-4.600000000000003e-13,1.37e-12,1.9958e-12,40032025620.49642
bot2,4.6000000000000005,0,7.78e-13,-2.31e-12,1.7000000000000002e-12,2.31e-12,7.78e-13,-80269706212.87532
bot2,4.7,0,-4.958e-13,1.3900000000000001e-12,2.3800000000000004e-12,1.3900000000000001e-12,4.958e-13,-87062510882.81355
bot2,4.8,0,-1.5192e-12,7.100000000000001e-12,2.8e-12,7.100000000000001e-12,1.5192e-12,-97522917885.7032
bot2,4.9,0,-2.5466e-12,1.949e-11,4.7000000000000006e-12,1.949e-11,2.5466e-12,-119875329657.15668
bot2,5.0,0,-3.1876e-12,3.754e-11,7.580000000000001e-12,3.754e-11,3.1876e-12,-156006240249.60947
bot2,0.0,1,-3.9552e-12,6.088e-11,2.0680000000000003e-11,6.088e-11,3.9552e-12,1524576167.8253448
bot2,0.1,1,6.16368e-11,-2.061e-11,-9.257e-11,2.061e-11,6.16368e-11,2892522539.9818926
bot2,0.2,1,6.51886e-11,-2.3000000000000003e-12,-7.493e-11,2.3000000000000003e-12,6.51886e-11,-79189103579.34758
bot2,0.3,1,5.91112e-11,2.3200000000000002e-12,-6.201e-11,2.3200000000000002e-12,5.91112e-11,-37083735073.79659
bot2,0.4,1,5.97954e-11,1.32e-12,-6.244e-11,1.32e-12,5.97954e-11,125109470786.93813
bot2,0.5,1,6.07098e-11,-2.69e-12,-6.265000000000001e-11,2.69e-12,6.07098e-11,107480653482.37294
bot2,0.6,1,6.16562e-11,-1.346e-11,-6.345000000000001e-11,1.346e-11,6.16562e-11,207813798836.2445
bot2,0.7,1,6.16722e-11,-2.5250000000000003e-11,-6.474e-11,2.5250000000000003e-11,6.16722e-11,403551251008.8746
bot2,0.8,1,6.21518e-11,-4.068e-11,-6.657000000000001e-11,4.068e-11,6.21518e-11,246123554024.12103
bot2,0.9,1,6.248479999999999e-11,-5.2500000000000006e-11,-6.985000000000001e-11,5.2500000000000006e-11,6.248479999999999e-11,424448217317.4924
bot2,1.0,1,6.2623e-11,-5.7450000000000006e-11,-7.385000000000001e-11,5.7450000000000006e-11,6.2623e-11,989119683481.7012
bot2,1.1,1,6.268699999999999e-11,-6.158000000000001e-11,-7.917000000000001e-11,6.158000000000001e-11,6.268699999999999e-11,-21953896816.68495
bot2,1.2,1,5.3513e-11,2.7890000000000003e-11,-2.3500000000000003e-11,2.7890000000000003e-11,5.3513e-11,-22578460149.017853
bot2,1.3,1,5.3829e-11,1.17e-12,-4.118e-11,1.17e-12,5.3829e-11,30662619200.93216
bot2,1.4,1,6.00356e-11,-2.0500000000000004e-12,-5.827000000000001e-11,2.0500000000000004e-12,6.00356e-11,40168708576.0193
bot2,1.5,1,5.8808e-11,-2.120000000000001e-12,-5.644000000000001e-11,2.120000000000001e-12,5.8808e-11,-84566596194.50305
bot2,1.6,1,5.76706e-11,5.6e-13,-5.587e-11,5.6e-13,5.76706e-11,-94037991348.50488
bot2,1.7,1,5.66812e-11,5.780000000000001e-12,-5.4870000000000007e-11,5.780000000000001e-12,5.66812e-11,-84509422800.6424
bot2,1.8,1,5.5304e-11,1.858e-11,-5.3080000000000006e-11,1.858e-11,5.5304e-11,-86888522026.24042
bot2,1.9,1,5.43794e-11,3.4800000000000005e-11,-5.054e-11,3.4800000000000005e-11,5.43794e-11,-114064104026.46252
bot2,2.0,1,5.35506e-11,4.9620000000000005e-11,-4.7220000000000006e-11,4.9620000000000005e-11,5.35506e-11,-204498977505.1121
bot2,2.1,1,5.34014e-11,5.8000000000000007e-11,-4.2780000000000006e-11,5.8000000000000007e-11,5.34014e-11,-1221001221001.2295
bot2,2.2,1,5.33868e-11,6.106000000000001e-11,-3.8370000000000006e-11,6.106000000000001e-11,5.33868e-11,23298075578.957188
bot2,2.3000000000000003,1,6.19858e-11,-3.213e-11,-9.222e-11,3.213e-11,6.19858e-11,23825407414.466747
bot2,2.4,1,6.17812e-11,-1.79e-12,-7.637e-11,1.79e-12,6.17812e-11,-29828486204.32508
bot2,2.5,1,5.52808e-11,3.290000000000001e-12,-5.713000000000001e-11,3.290000000000001e-12,5.52808e-11,-38005472788.08153
bot2,2.6,1,5.65188e-11,1.1100000000000001e-12,-5.883e-11,1.1100000000000001e-12,5.65188e-11,83090984628.16788
bot2,2.7,1,5.76878e-11,-8.9e-13,-6e-11,8.9e-13,5.76878e-11,91290852656.564
bot2,2.8000000000000003,1,5.87096e-11,-8.080000000000003e-12,-6.074e-11,8.080000000000003e-12,5.87096e-11,102333196889.07048
bot2,2.9,1,5.96422e-11,-2.02e-11,-6.246000000000001e-11,2.02e-11,5.96422e-11,144050705848.45828
bot2,3.0,1,6.0098e-11,-3.5410000000000004e-11,-6.454e-11,3.5410000000000004e-11,6.0098e-11,180375180375.1824
bot2,3.1,1,6.075099999999999e-11,-5.0090000000000005e-11,-6.722e-11,5.0090000000000005e-11,6.075099999999999e-11,157207986165.69702
bot2,3.2,1,6.13702e-11,-5.7340000000000006e-11,-7.094e-11,5.7340000000000006e-11,6.13702e-11,423370025402.2002
bot2,3.3000000000000003,1,6.12234e-11,-6.069e-11,-7.59e-11,6.069e-11,6.12234e-11,-2028397565922.96
bot2,3.4,1,6.12716e-11,-5.962000000000001e-11,-8.079000000000001e-11,5.962000000000001e-11,6.12716e-11,-21693856299.895844
bot2,3.5,1,5.20042e-11,1.783e-11,-2.1260000000000003e-11,1.783e-11,5.20042e-11,-24142926122.646072
bot2,3.6,1,5.29876e-11,2.120000000000001e-12,-4.48e-11,2.120000000000001e-12,5.29876e-11,30659798871.7194
bot2,3.7,1,5.85274e-11,-1.9e-12,-5.589000000000001e-11,1.9e-12,5.85274e-11,44393145698.30421
bot2,3.8,1,5.74928e-11,-1.0600000000000001e-12,-5.557e-11,1.0600000000000001e-12,5.74928e-11,-85171620815.94382
bot2,3.9,1,5.61792e-11,4.350000000000001e-12,-5.423e-11,4.350000000000001e-12,5.61792e-11,-80347099469.70905
bot2,4.0,1,5.50036e-11,1.322e-11,-5.3110000000000005e-11,1.322e-11,5.50036e-11,-103434009102.1928
bot2,4.1,1,5.42456e-11,2.6430000000000003e-11,-5.156e-11,2.6430000000000003e-11,5.42456e-11,-140370578326.78235
bot2,4.2,1,5.3578799999999996e-11,4.084e-11,-4.9000000000000005e-11,4.084e-11,5.3578799999999996e-11,-217344055640.07825
bot2,4.3,1,5.33254e-11,5.2100000000000006e-11,-4.588e-11,5.2100000000000006e-11,5.33254e-11,-1049317943336.8386
bot2,4.4,1,5.33882e-11,5.819e-11,-4.155e-11,5.819e-11,5.33882e-11,-550964187327.8254
bot2,4.5,1,5.29624e-11,6.128000000000001e-11,-3.683e-11,6.128000000000001e-11,5.29624e-11,23268259766.852047
bot2,4.6000000000000005,1,6.19836e-11,-2.717e-11,-9.269e-11,2.717e-11,6.19836e-11,22977413202.821663
bot2,4.7,1,6.16666e-11,-1.78e-12,-7.402e-11,1.78e-12,6.16666e-11,-30615681351.98839
bot2,4.8,1,5.5451e-11,2.18e-12,-5.797000000000001e-11,2.18e-12,5.5451e-11,-38465976843.48201
bot2,4.9,1,5.64672e-11,1.31e-12,-5.899000000000001e-11,1.31e-12,5.64672e-11,86244070720.13821
bot2,5.0,1,5.777e-11,-1.1000000000000002e-12,-5.981e-11,1.1000000000000002e-12,5.777e-11,76757752533.00563
bot2,0.0,2,5.375e-11,3.8480000000000006e-11,-2.8600000000000003e-12,3.8480000000000006e-11,5.375e-11,1167746.150670783
bot2,0.1,2,8.56888e-08,-4.1e-13,-8.55576e-08,4.1e-13,8.56888e-08,1281342.847303975
bot2,0.2,2,1.5614e-07,1.3900000000000001e-12,-1.56e-07,1.3900000000000001e-12,1.5614e-07,1574416.363853919
bot2,0.3,2,2.1272e-07,-3.9460000000000005e-11,-2.1278e-07,3.9460000000000005e-11,2.1272e-07,1975113.569030219
bot2,0.4,2,2.574e-07,5.946000000000001e-11,-2.5746e-07,5.946000000000001e-11,2.574e-07,2549069.589599796
bot2,0.5,2,2.9118e-07,-3.419e-11,-2.9126e-07,3.419e-11,2.9118e-07,3415300.5464480887
bot2,0.6,2,3.1596e-07,1.98e-12,-3.1596e-07,1.98e-12,3.1596e-07,4748338.081671416
bot2,0.7,2,3.333e-07,8.300000000000001e-13,-3.3322e-07,8.300000000000001e-13,3.333e-07,7007708.479327259
bot2,0.8,2,3.445e-07,-4.665e-11,-3.4466e-07,4.665e-11,3.445e-07,11173184.357541917
bot2,0.9,2,3.512e-07,3.158e-11,-3.514e-07,3.158e-11,3.512e-07,18939393.93939392
bot2,1.0,2,3.5506e-07,-1.4400000000000001e-12,-3.5512e-07,1.4400000000000001e-12,3.5506e-07,33898305.08474566
bot2,1.1,2,3.571e-07,-2.3300000000000004e-12,-3.5712e-07,2.3300000000000004e-12,3.571e-07,66225165.56291426
bot2,1.2,2,3.5808e-07,8.400000000000002e-13,-3.58e-07,8.400000000000002e-13,3.5808e-07,138888888.88888967
bot2,1.3,2,3.5854e-07,-9.3e-13,-3.5866e-07,9.3e-13,3.5854e-07,277777777.7777694
bot2,1.4,2,3.588e-07,3.205e-11,-3.5876e-07,3.205e-11,3.588e-07,499999999.99996233
bot2,1.5,2,3.5894e-07,-6.072000000000001e-11,-3.5896e-07,6.072000000000001e-11,3.5894e-07,500000000.0000285
bot2,1.6,2,3.592e-07,4.191e-11,-3.5938e-07,4.191e-11,3.592e-07,526315789.4736738
bot2,1.7,2,3.5932e-07,-5.5100000000000006e-12,-3.5938e-07,5.5100000000000006e-12,3.5932e-07,499999999.99996233
bot2,1.8,2,3.596e-07,-2.9300000000000002e-12,-3.5954e-07,2.9300000000000002e-12,3.596e-07,769230769.2308375
bot2,1.9,2,3.5958e-07,1.5300000000000001e-12,-3.5936e-07,1.5300000000000001e-12,3.5958e-07,526315789.4737472
bot2,2.0,2,3.5998e-07,-1.7200000000000001e-12,-3.5976e-07,1.7200000000000001e-12,3.5998e-07,909090909.0909718
bot2,2.1,2,3.598e-07,5.0170000000000006e-11,-3.5974e-07,5.0170000000000006e-11,3.598e-07,9999999999.98867
bot2,2.2,2,3.6e-07,-5.557e-11,-3.5992e-07,5.557e-11,3.6e-07,2499999999.9988217
bot2,2.3000000000000003,2,3.5988e-07,9.5e-13,-3.6008e-07,9.5e-13,3.5988e-07,1111111111.1111567
bot2,2.4,2,3.6018e-07,2.54e-12,-3.6014e-07,2.54e-12,3.6018e-07,714285714.2857137
bot2,2.5,2,3.6016e-07,-7.16e-12,-3.602e-07,7.16e-12,3.6016e-07,1111111111.111159
bot2,2.6,2,3.6036e-07,4.92e-11,-3.6036e-07,4.92e-11,3.6036e-07,666666666.6667348
bot2,2.7,2,3.6046e-07,-2.801e-11,-3.6056e-07,2.801e-11,3.6046e-07,499999999.99996287
bot2,2.8000000000000003,2,3.6076e-07,2e-13,-3.6064e-07,2e-13,3.6076e-07,666666666.6666157
bot2,2.9,2,3.6076e-07,1.9900000000000002e-12,-3.6092e-07,1.9900000000000002e-12,3.6076e-07,5000000000.000941
bot2,3.0,2,3.608e-07,-1.21e-12,-3.6094e-07,1.21e-12,3.608e-07,625000000.0000156
bot2,3.1,2,3.6108e-07,7.43e-12,-3.6082e-07,7.43e-12,3.6108e-07,714285714.2857152
bot2,3.2,2,3.6108e-07,-6.081000000000001e-11,-3.6098e-07,6.081000000000001e-11,3.6108e-07,999999999.9999256
bot2,3.3000000000000003,2,3.6128e-07,1.931e-11,-3.6104e-07,1.931e-11,3.6128e-07,-1666666666.6662452
bot2,3.4,2,3.6096e-07,2.7e-13,-3.6104e-07,2.7e-13,3.6096e-07,-833333333.3333064
bot2,3.5,2,3.6104e-07,-1.6800000000000001e-12,-3.6112e-07,1.6800000000000001e-12,3.6104e-07,909090909.090754
bot2,3.6,2,3.6118e-07,5.773e-11,-3.6128e-07,5.773e-11,3.6118e-07,714285714.2857152
bot2,3.7,2,3.6132e-07,-4.821e-11,-3.6122e-07,4.821e-11,3.6132e-07,666666666.6667348
bot2,3.8,2,3.6148e-07,-2.2200000000000002e-12,-3.612e-07,2.2200000000000002e-12,3.6148e-07,5000000000.000941
bot2,3.9,2,3.6136e-07,1.79e-12,-3.6142e-07,1.79e-12,3.6136e-07,-10000000000.015118
bot2,4.0,2,3.6146e-07,-2.781e-11,-3.6142e-07,2.781e-11,3.6146e-07,714285714.2857137
bot2,4.1,2,3.6164e-07,5.699e-11,-3.617e-07,5.699e-11,3.6164e-07,476190476.1904768
bot2,4.2,2,3.6188e-07,-2.5210000000000003e-11,-3.617e-07,2.5210000000000003e-11,3.6188e-07,909090909.0909728
bot2,4.3,2,3.6186e-07,-1.8200000000000003e-12,-3.6192e-07,1.8200000000000003e-12,3.6186e-07,714285714.2857152
bot2,4.4,2,3.6216e-07,1.27e-12,-3.6188e-07,1.27e-12,3.6216e-07,588235294.1176217
bot2,4.5,2,3.622e-07,-4.537e-11,-3.6192e-07,4.537e-11,3.622e-07,-2499999999.9988217
bot2,4.6000000000000005,2,3.6208e-07,3.0930000000000003e-11,-3.62e-07,3.0930000000000003e-11,3.6208e-07,-3333333333.3324976
bot2,4.7,2,3.6214e-07,1.5600000000000002e-12,-3.621e-07,1.5600000000000002e-12,3.6214e-07,1428571428.5714245
bot2,4.8,2,3.6222e-07,-2.28e-12,-3.6208e-07,2.28e-12,3.6222e-07,1428571428.5714304
bot2,4.9,2,3.6228e-07,1.8200000000000003e-12,-3.6214e-07,1.8200000000000003e-12,3.6228e-07,1428571428.5714304
bot2,5.0,2,3.6236e-07,-3.846e-11,-3.6228e-07,3.846e-11,3.6236e-07,1250000000.0002325
bot2,0.0,3,1.5707e-10,1.595e-11,-1.2146e-10,1.595e-11,1.5707e-10,368374.42224616086
bot2,0.1,3,2.7162e-07,3.853e-11,-2.7156e-07,3.853e-11,2.7162e-07,382641.1549349814
bot2,0.2,3,5.2284e-07,-2.77e-12,-5.2296e-07,2.77e-12,5.2284e-07,415058.3156933549
bot2,0.3,3,7.534799999999999e-07,-1.9e-12,-7.534799999999999e-07,1.9e-12,7.534799999999999e-07,452488.6877828056
bot2,0.4,3,9.6484e-07,2.4800000000000003e-12,-9.6468e-07,2.4800000000000003e-12,9.6484e-07,497116.72300656186
bot2,0.5,3,1.1558e-06,-5.78e-11,-1.1553000000000002e-06,5.78e-11,1.1558e-06,550266.8794365263
bot2,0.6,3,1.3283e-06,-5.656e-11,-1.3289e-06,5.656e-11,1.3283e-06,608272.506082725
bot2,0.7,3,1.4846000000000002e-06,2.557e-11,-1.4851000000000002e-06,2.557e-11,1.4846000000000002e-06,677736.3605557437
bot2,0.8,3,1.6234000000000002e-06,2.37e-12,-1.6241000000000005e-06,2.37e-12,1.6234000000000002e-06,762485.7033930611
bot2,0.9,3,1.7469000000000002e-06,-4.4000000000000004e-13,-1.7475000000000002e-06,4.4000000000000004e-13,1.7469000000000002e-06,863557.8583765109
bot2,1.0,3,1.855e-06,6.027e-11,-1.8555000000000005e-06,6.027e-11,1.855e-06,988630.7464162132
bot2,1.1,3,1.9492000000000003e-06,-1.262e-11,-1.9500000000000004e-06,1.262e-11,1.9492000000000003e-06,1138952.1640091124
bot2,1.2,3,2.0306e-06,-1.5400000000000001e-12,-2.031e-06,1.5400000000000001e-12,2.0306e-06,1326259.9469496028
bot2,1.3,3,2.1e-06,3.685e-11,-2.1001e-06,3.685e-11,2.1e-06,1569858.712715854
bot2,1.4,3,2.1580000000000003e-06,-4.487e-11,-2.1584000000000004e-06,4.487e-11,2.1580000000000003e-06,1892147.5875118235
bot2,1.5,3,2.2057000000000003e-06,-1.0600000000000001e-12,-2.2065000000000004e-06,1.0600000000000001e-12,2.2057000000000003e-06,2325581.395348845
bot2,1.6,3,2.244e-06,1.0000000000000002e-14,-2.2446e-06,1.0000000000000002e-14,2.244e-06,2928257.686676434
bot2,1.7,3,2.274e-06,-6.088e-11,-2.2751e-06,6.088e-11,2.274e-06,3745318.35205991
bot2,1.8,3,2.2974e-06,-1.32e-12,-2.2979e-06,1.32e-12,2.2974e-06,4999999.999999999
bot2,1.9,3,2.314e-06,1.64e-12,-2.3148000000000003e-06,1.64e-12,2.314e-06,6896551.724137915
bot2,2.0,3,2.3264000000000003e-06,-4.8960000000000005e-11,-2.3271e-06,4.8960000000000005e-11,2.3264000000000003e-06,9661835.748792231
bot2,2.1,3,2.3347000000000003e-06,3.136e-11,-2.335e-06,3.136e-11,2.3347000000000003e-06,14492753.623188663
bot2,2.2,3,2.3402e-06,2.6000000000000002e-12,-2.3407000000000003e-06,2.6000000000000002e-12,2.3402e-06,22222222.222222663
bot2,2.3000000000000003,3,2.3437e-06,-1.6430000000000002e-11,-2.3439e-06,1.6430000000000002e-11,2.3437e-06,31746031.746030387
bot2,2.4,3,2.3465000000000003e-06,3.4030000000000004e-11,-2.3466e-06,3.4030000000000004e-11,2.3465000000000003e-06,45454545.45454198
bot2,2.5,3,2.3481000000000004e-06,1.9200000000000003e-12,-2.3483e-06,1.9200000000000003e-12,2.3481000000000004e-06,50000000.00000158
bot2,2.6,3,2.3505e-06,-1.21e-12,-2.3505e-06,1.21e-12,2.3505e-06,58823529.41176767
bot2,2.7,3,2.3515000000000003e-06,4.972e-11,-2.3523000000000003e-06,4.972e-11,2.3515000000000003e-06,74074074.0740744
bot2,2.8000000000000003,3,2.3532e-06,-5.2970000000000006e-11,-2.3538e-06,5.2970000000000006e-11,2.3532e-06,54054054.054053016
bot2,2.9,3,2.3552000000000003e-06,-1.4700000000000002e-12,-2.3548000000000003e-06,1.4700000000000002e-12,2.3552000000000003e-06,62499999.99999522
bot2,3.0,3,2.3564000000000004e-06,1.7100000000000002e-12,-2.3562000000000004e-06,1.7100000000000002e-12,2.3564000000000004e-06,111111111.111129
bot2,3.1,3,2.357e-06,-4.801e-11,-2.3573000000000003e-06,4.801e-11,2.357e-06,100000000.00001375
bot2,3.2,3,2.3584e-06,3.5190000000000003e-11,-2.3583000000000004e-06,3.5190000000000003e-11,2.3584e-06,95238095.23807856
bot2,3.3000000000000003,3,2.3591000000000004e-06,2.8600000000000003e-12,-2.3595000000000004e-06,2.8600000000000003e-12,2.3591000000000004e-06,153846153.84616715
bot2,3.4,3,2.3597e-06,-2.397e-11,-2.3601e-06,2.397e-11,2.3597e-06,153846153.84616715
bot2,3.5,3,2.3604000000000003e-06,1.577e-11,-2.3605e-06,1.577e-11,2.3604000000000003e-06,111111111.11110286
bot2,3.6,3,2.3615e-06,1.3300000000000002e-12,-2.3614000000000004e-06,1.3300000000000002e-12,2.3615e-06,117647058.82353534
bot2,3.7,3,2.3621e-06,-1.956e-11,-2.3629000000000003e-06,1.956e-11,2.3621e-06,99999999.99999258
bot2,3.8,3,2.3635000000000003e-06,5.4500000000000006e-11,-2.3635000000000003e-06,5.4500000000000006e-11,2.3635000000000003e-06,111111111.1111026
bot2,3.9,3,2.3639000000000004e-06,-1.21e-12,-2.3642e-06,1.21e-12,2.3639000000000004e-06,181818181.81820288
bot2,4.0,3,2.3646e-06,-8.600000000000002e-13,-2.3655e-06,8.600000000000002e-13,2.3646e-06,142857142.85717514
bot2,4.1,3,2.3653e-06,4.038e-11,-2.3661e-06,4.038e-11,2.3653e-06,83333333.33332713
bot2,4.2,3,2.3670000000000004e-06,-4.0850000000000006e-11,-2.3672000000000004e-06,4.0850000000000006e-11,2.3670000000000004e-06,99999999.99999258
bot2,4.3,3,2.3673e-06,-2.350000000000001e-12,-2.3673e-06,2.350000000000001e-12,2.3673e-06,222222222.222258
bot2,4.4,3,2.3679e-06,1.3500000000000001e-12,-2.3689000000000003e-06,1.3500000000000001e-12,2.3679e-06,133333333.33334224
bot2,4.5,3,2.3688e-06,-5.733e-11,-2.3691000000000003e-06,5.733e-11,2.3688e-06,111111111.11110286
bot2,4.6000000000000005,3,2.3697000000000004e-06,4.490000000000001e-12,-2.3699000000000004e-06,4.490000000000001e-12,2.3697000000000004e-06,124999999.99999072
bot2,4.7,3,2.3704e-06,2.34e-12,-2.3709e-06,2.34e-12,2.3704e-06,153846153.8461668
bot2,4.8,3,2.3710000000000003e-06,-4.586e-11,-2.3710000000000003e-06,4.586e-11,2.3710000000000003e-06,117647058.82353534
bot2,4.9,3,2.3721e-06,3.762e-11,-2.3727e-06,3.762e-11,2.3721e-06,124999999.99999072
bot2,5.0,3,2.3726000000000004e-06,1.79e-12,-2.3733e-06,1.79e-12,2.3726000000000004e-06,199999999.9998996
bot2,0.0,4,1.4232e-10,1.7e-13,-1.7728e-10,1.7e-13,1.4232e-10,202832.48259981268
bot2,0.1,4,4.9316e-07,5.415e-11,-4.9288e-07,5.415e-11,4.9316e-07,207827.256644466
bot2,0.2,4,9.6248e-07,-1.6910000000000003e-11,-9.6254e-07,1.6910000000000003e-11,9.6248e-07,219192.49484897632
bot2,0.3,4,1.4056e-06,-1.12e-12,-1.4054e-06,1.12e-12,1.4056e-06,231529.71683915623
bot2,0.4,4,1.8263e-06,-7.700000000000002e-13,-1.8265e-06,7.700000000000002e-13,1.8263e-06,243991.70428205444
bot2,0.5,4,2.2253e-06,3.707e-11,-2.2250000000000003e-06,3.707e-11,2.2253e-06,258164.45075513097
bot2,0.6,4,2.601e-06,-4.644e-11,-2.6013000000000004e-06,4.644e-11,2.601e-06,273897.5623116954
bot2,0.7,4,2.9555000000000003e-06,-2.42e-12,-2.9553000000000003e-06,2.42e-12,2.9555000000000003e-06,291417.7473408131
bot2,0.8,4,3.2873000000000003e-06,8.800000000000002e-13,-3.2871000000000003e-06,8.800000000000002e-13,3.2873000000000003e-06,310800.3108003108
bot2,0.9,4,3.599e-06,-5.2830000000000007e-11,-3.5991000000000004e-06,5.2830000000000007e-11,3.599e-06,332005.31208499335
bot2,1.0,4,3.8897e-06,-6.700000000000003e-13,-3.8896e-06,6.700000000000003e-13,3.8897e-06,356442.70183568
bot2,1.1,4,4.1601e-06,1.95e-12,-4.1597e-06,1.95e-12,4.1601e-06,383950.8542906504
bot2,1.2,4,4.410600000000001e-06,-3.8370000000000006e-11,-4.410600000000001e-06,3.8370000000000006e-11,4.410600000000001e-06,415023.86387217214
bot2,1.3,4,4.642000000000001e-06,4.512e-11,-4.642400000000001e-06,4.512e-11,4.642000000000001e-06,447427.2930648772
bot2,1.4,4,4.857600000000001e-06,2.19e-12,-4.856400000000001e-06,2.19e-12,4.857600000000001e-06,487448.20862783305
bot2,1.5,4,5.052300000000001e-06,-5e-13,-5.052700000000001e-06,5e-13,5.052300000000001e-06,534188.0341880338
bot2,1.6,4,5.232000000000001e-06,5.327000000000001e-11,-5.2314e-06,5.327000000000001e-11,5.232000000000001e-06,583260.4257801112
bot2,1.7,4,5.3952000000000005e-06,-3.211e-11,-5.3956000000000005e-06,3.211e-11,5.3952000000000005e-06,643915.0032195748
bot2,1.8,4,5.542600000000001e-06,-2.28e-12,-5.5427e-06,2.28e-12,5.542600000000001e-06,715819.6134574087
bot2,1.9,4,5.674600000000001e-06,1.86e-12,-5.675500000000001e-06,1.86e-12,5.674600000000001e-06,796812.7490039845
bot2,2.0,4,5.793600000000001e-06,-6.175000000000001e-11,-5.794300000000001e-06,6.175000000000001e-11,5.793600000000001e-06,893255.9178204567
bot2,2.1,4,5.8985e-06,1.259e-11,-5.8992e-06,1.259e-11,5.8985e-06,1006036.2173038254
bot2,2.2,4,5.9924e-06,1.7600000000000002e-12,-5.992100000000001e-06,1.7600000000000002e-12,5.9924e-06,1140250.855188142
bot2,2.3000000000000003,4,6.0739e-06,-1.043e-11,-6.0735e-06,1.043e-11,6.0739e-06,1323626.7372600895
bot2,2.4,4,6.1435000000000006e-06,5.8180000000000006e-11,-6.144700000000001e-06,5.8180000000000006e-11,6.1435000000000006e-06,1537279.0161414298
bot2,2.5,4,6.204e-06,-7.3e-12,-6.205000000000001e-06,7.3e-12,6.204e-06,1808318.264014464
bot2,2.6,4,6.254100000000001e-06,-1.7000000000000002e-12,-6.254100000000001e-06,1.7000000000000002e-12,6.254100000000001e-06,2212389.380530975
bot2,2.7,4,6.2944e-06,5.722e-11,-6.2949000000000005e-06,5.722e-11,6.2944e-06,2699055.3306342857
bot2,2.8000000000000003,4,6.328200000000001e-06,2.8e-13,-6.3285000000000005e-06,2.8e-13,6.328200000000001e-06,3361344.53781512
bot2,2.9,4,6.3539e-06,-1.51e-12,-6.3536000000000005e-06,1.51e-12,6.3539e-06,4357298.474945542
bot2,3.0,4,6.3741000000000005e-06,4.528e-11,-6.374600000000001e-06,4.528e-11,6.3741000000000005e-06,5524861.878452952
bot2,3.1,4,6.390100000000001e-06,-4.497e-11,-6.389700000000001e-06,4.497e-11,6.390100000000001e-06,7117437.72241999
bot2,3.2,4,6.4022e-06,-3.25e-12,-6.4027000000000005e-06,3.25e-12,6.4022e-06,8928571.42857144
bot2,3.3000000000000003,4,6.412500000000001e-06,2.75e-11,-6.4126e-06,2.75e-11,6.412500000000001e-06,12195121.95121921
bot2,3.4,4,6.418600000000001e-06,-3.056e-11,-6.419800000000001e-06,3.056e-11,6.418600000000001e-06,14084507.042253705
bot2,3.5,4,6.426700000000001e-06,-2e-12,-6.426400000000001e-06,2e-12,6.426700000000001e-06,15999999.999999626
bot2,3.6,4,6.431100000000001e-06,5.077e-11,-6.431300000000001e-06,5.077e-11,6.431100000000001e-06,24096385.5421675
bot2,3.7,4,6.435000000000001e-06,-2.7510000000000004e-11,-6.436100000000001e-06,2.7510000000000004e-11,6.435000000000001e-06,24096385.54216996
bot2,3.8,4,6.4394000000000006e-06,-9.200000000000001e-13,-6.4393e-06,9.200000000000001e-13,6.4394000000000006e-06,25641025.641027857
bot2,3.9,4,6.4428e-06,6.200000000000001e-13,-6.442900000000001e-06,6.200000000000001e-13,6.4428e-06,26666666.66666537
bot2,4.0,4,6.446900000000001e-06,-6.001000000000001e-11,-6.4482e-06,6.001000000000001e-11,6.446900000000001e-06,26315789.4736822
bot2,4.1,4,6.450400000000001e-06,4.505e-11,-6.4505e-06,4.505e-11,6.450400000000001e-06,28571428.57142818
bot2,4.2,4,6.453900000000001e-06,-4.03e-12,-6.4551e-06,4.03e-12,6.453900000000001e-06,27397260.273972955
bot2,4.3,4,6.457700000000001e-06,-2.79e-12,-6.457300000000001e-06,2.79e-12,6.457700000000001e-06,33898305.084749326
bot2,4.4,4,6.4598e-06,6.8e-13,-6.4606000000000005e-06,6.8e-13,6.4598e-06,37735849.056605496
bot2,4.5,4,6.463000000000001e-06,-6.06e-11,-6.462800000000001e-06,6.06e-11,6.463000000000001e-06,33898305.08474446
bot2,4.6000000000000005,4,6.465700000000001e-06,4.488e-11,-6.465400000000001e-06,4.488e-11,6.465700000000001e-06,37037037.0370372
bot2,4.7,4,6.468400000000001e-06,1.65e-12,-6.468200000000001e-06,1.65e-12,6.468400000000001e-06,33898305.08474431
bot2,4.8,4,6.471600000000001e-06,-1.1600000000000001e-12,-6.471300000000001e-06,1.1600000000000001e-12,6.471600000000001e-06,46511627.90697558
bot2,4.9,4,6.472700000000001e-06,5.4640000000000005e-11,-6.474200000000001e-06,5.4640000000000005e-11,6.472700000000001e-06,50000000.00000688
bot2,5.0,4,6.4756e-06,-3.2030000000000005e-11,-6.476e-06,3.2030000000000005e-11,6.4756e-06,34482758.620694496
bot2,0.0,5,2.2080000000000003e-10,-2.8890000000000003e-11,-2.2456e-10,2.8890000000000003e-11,2.2080000000000003e-10,135976.86870291122
bot2,0.1,5,7.356399999999999e-07,5.651000000000001e-11,-7.35e-07,5.651000000000001e-11,7.356399999999999e-07,138784.87733359833
bot2,0.2,5,1.4413e-06,2.21e-12,-1.4399000000000002e-06,2.21e-12,1.4413e-06,144554.6271936164
bot2,0.3,5,2.1192000000000004e-06,-1.6700000000000006e-12,-2.1196000000000004e-06,1.6700000000000006e-12,2.1192000000000004e-06,150150.15015015015
bot2,0.4,5,2.7733e-06,-1.85e-12,-2.7729e-06,1.85e-12,2.7733e-06,155969.7418700772
bot2,0.5,5,3.4015000000000004e-06,3.4400000000000005e-11,-3.4005000000000003e-06,3.4400000000000005e-11,3.4015000000000004e-06,162747.17226788178
bot2,0.6,5,4.0022e-06,-4.9150000000000006e-11,-4.0018e-06,4.9150000000000006e-11,4.0022e-06,169721.65648336726
bot2,0.7,5,4.579900000000001e-06,-1.9900000000000002e-12,-4.579900000000001e-06,1.9900000000000002e-12,4.579900000000001e-06,176725.28055138286
bot2,0.8,5,5.133900000000001e-06,2.1880000000000003e-11,-5.1316e-06,2.1880000000000003e-11,5.133900000000001e-06,184842.88354898329
bot2,0.9,5,5.661900000000001e-06,-5.573e-11,-5.661600000000001e-06,5.573e-11,5.661900000000001e-06,193854.8027527382
bot2,1.0,5,6.165600000000001e-06,-2.36e-12,-6.1651000000000005e-06,2.36e-12,6.165600000000001e-06,203128.1738777169
bot2,1.1,5,6.646500000000001e-06,9.73e-12,-6.6453000000000006e-06,9.73e-12,6.646500000000001e-06,213789.4174238376
bot2,1.2,5,7.1011000000000005e-06,-5.812e-11,-7.101300000000001e-06,5.812e-11,7.1011000000000005e-06,224643.3786364147
bot2,1.3,5,7.5368e-06,-1.59e-12,-7.535100000000002e-06,1.59e-12,7.5368e-06,235626.7672007539
bot2,1.4,5,7.949900000000002e-06,1.69e-12,-7.948800000000001e-06,1.69e-12,7.949900000000002e-06,249097.0232905715
bot2,1.5,5,8.3397e-06,-5.910000000000001e-11,-8.339100000000001e-06,5.910000000000001e-11,8.3397e-06,263192.5253322808
bot2,1.6,5,8.709800000000001e-06,1.3580000000000002e-11,-8.708400000000001e-06,1.3580000000000002e-11,8.709800000000001e-06,278901.12954957446
bot2,1.7,5,9.0568e-06,1.31e-12,-9.0561e-06,1.31e-12,9.0568e-06,296428.0420927817
bot2,1.8,5,9.3845e-06,-4.003e-11,-9.3829e-06,4.003e-11,9.3845e-06,315159.1553734635
bot2,1.9,5,9.6914e-06,3.679e-11,-9.6901e-06,3.679e-11,9.6914e-06,336813.742000674
bot2,2.0,5,9.9783e-06,8e-13,-9.9785e-06,8e-13,9.9783e-06,358808.75493362086
bot2,2.1,5,1.02488e-05,-3.7530000000000005e-11,-1.0248e-05,3.7530000000000005e-11,1.02488e-05,383509.1083413234
bot2,2.2,5,1.04998e-05,4.68e-11,-1.0499e-05,4.68e-11,1.04998e-05,413650.46535677416
bot2,2.3000000000000003,5,1.07323e-05,2.2200000000000002e-12,-1.07322e-05,2.2200000000000002e-12,1.07323e-05,446927.374301675
bot2,2.4,5,1.09473e-05,-8.9e-13,-1.09481e-05,8.9e-13,1.09473e-05,482160.0771456119
bot2,2.5,5,1.11471e-05,5.19e-11,-1.11467e-05,5.19e-11,1.11471e-05,530926.4666843656
bot2,2.6,5,1.1324e-05,2.8100000000000003e-12,-1.1323800000000002e-05,2.8100000000000003e-12,1.1324e-05,579878.225572629
bot2,2.7,5,1.1492e-05,7.100000000000001e-13,-1.14925e-05,7.100000000000001e-13,1.1492e-05,621118.0124223615
bot2,2.8000000000000003,5,1.1646e-05,9.17e-12,-1.1644500000000002e-05,9.17e-12,1.1646e-05,694444.4444444445
bot2,2.9,5,1.178e-05,-1.921e-11,-1.1774e-05,1.921e-11,1.178e-05,787401.5748031444
bot2,3.0,5,1.19e-05,-1.6300000000000001e-12,-1.19e-05,1.6300000000000001e-12,1.19e-05,869565.217391307
bot2,3.1,5,1.201e-05,3.110000000000001e-12,-1.201e-05,3.110000000000001e-12,1.201e-05,952380.9523809544
bot2,3.2,5,1.211e-05,-1.4800000000000006e-12,-1.2112e-05,1.4800000000000006e-12,1.211e-05,1063829.7872340402
bot2,3.3000000000000003,5,1.2198e-05,9.15e-12,-1.2198e-05,9.15e-12,1.2198e-05,1204819.277108434
bot2,3.4,5,1.2276e-05,-4.68e-11,-1.2278e-05,4.68e-11,1.2276e-05,1351351.3513513564
bot2,3.5,5,1.2346e-05,4.9070000000000005e-11,-1.2344e-05,4.9070000000000005e-11,1.2346e-05,1587301.5873015868
bot2,3.6,5,1.2402e-05,-1.373e-11,-1.2402e-05,1.373e-11,1.2402e-05,1923076.9230769053
bot2,3.7,5,1.245e-05,-2.14e-12,-1.2452e-05,2.14e-12,1.245e-05,2222222.2222222453
bot2,3.8,5,1.2492e-05,9.100000000000002e-13,-1.2494e-05,9.100000000000002e-13,1.2492e-05,2631578.9473684547
bot2,3.9,5,1.2526e-05,-1.808e-11,-1.253e-05,1.808e-11,1.2526e-05,3225806.4516128767
bot2,4.0,5,1.2554e-05,5.7200000000000007e-11,-1.2556e-05,5.7200000000000007e-11,1.2554e-05,3999999.9999998976
bot2,4.1,5,1.2576e-05,-5.2210000000000006e-11,-1.2576e-05,5.2210000000000006e-11,1.2576e-05,4761904.761904697
bot2,4.2,5,1.2596e-05,1.279e-11,-1.2596e-05,1.279e-11,1.2596e-05,5263157.894737038
bot2,4.3,5,1.2614e-05,1.8400000000000002e-12,-1.2612e-05,1.8400000000000002e-12,1.2614e-05,7142857.142857477
bot2,4.4,5,1.2624e-05,-2.6100000000000004e-12,-1.2624e-05,2.6100000000000004e-12,1.2624e-05,9090909.090908764
bot2,4.5,5,1.2636e-05,8.7e-13,-1.2634e-05,8.7e-13,1.2636e-05,9090909.090908764
bot2,4.6000000000000005,5,1.2646e-05,-3.318e-11,-1.2646e-05,3.318e-11,1.2646e-05,9090909.090909466
bot2,4.7,5,1.2658e-05,6.049e-11,-1.2656e-05,6.049e-11,1.2658e-05,10000000.00000006
bot2,4.8,5,1.2666e-05,-5.004e-11,-1.2666e-05,5.004e-11,1.2666e-05,12499999.999999072
bot2,4.9,5,1.2674e-05,1.387e-11,-1.2672e-05,1.387e-11,1.2674e-05,14285714.28571409
bot2,5.0,5,1.268e-05,1.36e-12,-1.2678e-05,1.36e-12,1.268e-05,16666666.666667707
top1,0.0,-5,2.3426e-12,-2.982e-11,4.1680000000000005e-11,2.982e-11,2.3426e-12,-15819781054.230207
top1,0.1,-5,-3.9786e-12,1.5600000000000002e-12,1.6030000000000002e-11,1.5600000000000002e-12,3.9786e-12,-200000000000.0
top1,0.2,-5,1.3426e-12,-1.8700000000000003e-12,9.4e-13,1.8700000000000003e-12,1.3426e-12,49120738775.9112
top1,0.3,-5,9.3e-14,-6.700000000000003e-13,2.1500000000000003e-12,6.700000000000003e-13,9.3e-14,-81799591002.04498
top1,0.4,-5,-1.1024e-12,4.36e-12,2.9800000000000002e-12,4.36e-12,1.1024e-12,-91082976591.675
top1,0.5,-5,-2.1028e-12,1.239e-11,5.04e-12,1.239e-11,2.1028e-12,-114586914174.40126
top1,0.6,-5,-2.8478e-12,2.602e-11,7.34e-12,2.602e-11,2.8478e-12,-137287204832.50966
top1,0.7,-5,-3.5596e-12,3.9210000000000006e-11,1.093e-11,3.9210000000000006e-11,3.5596e-12,-192381685263.56305
top1,0.8,-5,-3.8874e-12,4.549e-11,1.54e-11,4.549e-11,3.8874e-12,-361925443358.6679
top1,0.9,-5,-4.1122e-12,5.051e-11,2.218e-11,5.051e-11,4.1122e-12,-516795865633.075
top1,1.0,-5,-4.2744e-12,4.793e-11,2.969e-11,4.793e-11,4.2744e-12,22405449005.198067
top1,1.1,-5,4.8142e-12,-1.066e-11,-4.333e-11,1.066e-11,4.8142e-12,24860779634.04932
top1,1.2,-5,3.7704e-12,-2.1000000000000003e-12,-1.25e-11,2.1000000000000003e-12,3.7704e-12,-34686090877.55809
top1,1.3,-5,-9.518e-13,1.5200000000000002e-12,-1.9700000000000003e-12,1.5200000000000002e-12,9.518e-13,-55060015416.80437
top1,1.4,-5,1.38e-13,5.1e-13,-2.3800000000000004e-12,5.1e-13,1.38e-13,91041514930.8084
top1,1.5,-5,1.245e-12,-4.400000000000001e-12,-3.51e-12,4.400000000000001e-12,1.245e-12,103616205574.55183
top1,1.6,-5,2.0682e-12,-1.1970000000000002e-11,-4.97e-12,1.1970000000000002e-11,2.0682e-12,123016361176.0364
top1,1.7,-5,2.8708e-12,-2.6830000000000003e-11,-7.6e-12,2.6830000000000003e-11,2.8708e-12,154273372415.921
top1,1.8,-5,3.3646e-12,-3.8440000000000005e-11,-1.038e-11,3.8440000000000005e-11,3.3646e-12,226654578422.4844
top1,1.9,-5,3.7532e-12,-4.45e-11,-1.468e-11,4.45e-11,3.7532e-12,287191269385.4107
top1,2.0,-5,4.061e-12,-4.974e-11,-1.956e-11,4.974e-11,4.061e-12,457875457875.4578
top1,2.1,-5,4.19e-12,-5.127e-11,-2.553e-11,5.127e-11,4.19e-12,-22604489251.56538
top1,2.2,-5,-4.7868e-12,2.245e-11,4.153e-11,2.245e-11,4.7868e-12,-23669759515.243347
top1,2.3000000000000003,-5,-4.2596e-12,1.6800000000000001e-12,2.078e-11,1.6800000000000001e-12,4.2596e-12,29500265502.389484
top1,2.4,-5,1.9928e-12,-1.4800000000000006e-12,-6.700000000000003e-13,1.4800000000000006e-12,1.9928e-12,39605528931.83882
top1,2.5,-5,7.902e-13,-2.37e-12,1.4200000000000002e-12,2.37e-12,7.902e-13,-90834771550.54962
top1,2.6,-5,-2.09e-13,6.6e-13,2.3200000000000002e-12,6.6e-13,2.09e-13,-98000784006.27214
top1,2.7,-5,-1.2506e-12,5.620000000000001e-12,4.03e-12,5.620000000000001e-12,1.2506e-12,-101832993890.02045
top1,2.8000000000000003,-5,-2.173e-12,1.584e-11,5.64e-12,1.584e-11,2.173e-12,-118511495615.07452
top1,2.9,-5,-2.9382e-12,2.7580000000000003e-11,7.33e-12,2.7580000000000003e-11,2.9382e-12,-155690487311.22513
top1,3.0,-5,-3.4576e-12,3.6330000000000005e-11,1.026e-11,3.6330000000000005e-11,3.4576e-12,-216216216216.2164
top1,3.1,-5,-3.8632e-12,4.491e-11,1.443e-11,4.491e-11,3.8632e-12,-372023809523.80975
top1,3.2,-5,-3.9952e-12,4.8960000000000005e-11,2.0060000000000003e-11,4.8960000000000005e-11,3.9952e-12,-713266761768.9015
top1,3.3000000000000003,-5,-4.1436e-12,4.99e-11,2.6250000000000003e-11,4.99e-11,4.1436e-12,22668026748.27153
top1,3.4,-5,4.8278e-12,-1.646e-11,-4.266e-11,1.646e-11,4.8278e-12,24044819543.629288
top1,3.5,-5,4.1742e-12,-1.7600000000000002e-12,-1.5780000000000003e-11,1.7600000000000002e-12,4.1742e-12,-32831018746.51173
top1,3.6,-5,-1.264e-12,2.1700000000000002e-12,-1.3300000000000002e-12,2.1700000000000002e-12,1.264e-12,-49297510475.72103
top1,3.7,-5,1.172e-13,-1.2000000000000002e-13,-2.0200000000000007e-12,1.2000000000000002e-13,1.172e-13,78628715206.7936
top1,3.8,-5,1.2796e-12,-3.8800000000000004e-12,-3.15e-12,3.8800000000000004e-12,1.2796e-12,89070989578.69409
top1,3.9,-5,2.3626e-12,-1.4100000000000002e-11,-5.4500000000000004e-12,1.4100000000000002e-11,2.3626e-12,108248538644.72816
top1,4.0,-5,3.1272e-12,-2.6360000000000003e-11,-7.580000000000001e-12,2.6360000000000003e-11,3.1272e-12,145116819039.3265
top1,4.1,-5,3.7408e-12,-3.725e-11,-1.058e-11,3.725e-11,3.7408e-12,169635284139.10114
top1,4.2,-5,4.3062e-12,-4.6350000000000007e-11,-1.4760000000000003e-11,4.6350000000000007e-11,4.3062e-12,245037980887.0376
top1,4.3,-5,4.557e-12,-4.934e-11,-1.9950000000000003e-11,4.934e-11,4.557e-12,434782608695.65247
top1,4.4,-5,4.7662e-12,-5.045e-11,-2.493e-11,5.045e-11,4.7662e-12,-22899539719.251663
top1,4.5,-5,-4.1768e-12,1.9350000000000003e-11,4.188e-11,1.9350000000000003e-11,4.1768e-12,-24303108367.56024
top1,4.6000000000000005,-5,-3.4632e-12,6.500000000000003e-13,1.773e-11,6.500000000000003e-13,3.4632e-12,30881353838.55231
top1,4.7,-5,2.2996e-12,-3.110000000000001e-12,4.9e-13,3.110000000000001e-12,2.2996e-12,44052863436.12319
top1,4.8,-5,1.0768e-12,-1.73e-12,1.91e-12,1.73e-12,1.0768e-12,-89798850574.71272
top1,4.9,-5,7.24e-14,2.97e-12,2.960000000000001e-12,2.97e-12,7.24e-14,-92429984286.90274
top1,5.0,-5,-1.087e-12,1.271e-11,4.7500000000000006e-12,1.271e-11,1.087e-12,-86251509401.41423
top1,0.0,-4,-3.9228e-12,4.9690000000000005e-11,2.1860000000000003e-11,4.9690000000000005e-11,3.9228e-12,11640901471.409945
top1,0.1,-4,4.6676e-12,-2.269e-11,-4.177e-11,2.269e-11,4.6676e-12,24598430620.12644
top1,0.2,-4,4.2078e-12,-1.4200000000000002e-12,-2.007e-11,1.4200000000000002e-12,4.2078e-12,-30668261416.26031
top1,0.3,-4,-1.8538e-12,1.6100000000000002e-12,-6.500000000000003e-13,1.6100000000000002e-12,1.8538e-12,-41504108906.78178
top1,0.4,-4,-6.11e-13,1.46e-12,-2.23e-12,1.46e-12,6.11e-13,81639317495.30574
top1,0.5,-4,5.96e-13,-2.64e-12,-2.8e-12,2.64e-12,5.96e-13,87229588276.3433
top1,0.6,-4,1.6818e-12,-8.25e-12,-4.190000000000001e-12,8.25e-12,1.6818e-12,100877635428.2256
top1,0.7,-4,2.5786e-12,-2.081e-11,-6.330000000000001e-12,2.081e-11,2.5786e-12,129971406290.61612
top1,0.8,-4,3.2206e-12,-3.222e-11,-8.92e-12,3.222e-11,3.2206e-12,169865806013.2495
top1,0.9,-4,3.756e-12,-4.262e-11,-1.334e-11,4.262e-11,3.756e-12,235793444942.23056
top1,1.0,-4,4.0688e-12,-4.8270000000000005e-11,-1.838e-11,4.8270000000000005e-11,4.0688e-12,506329113924.051
top1,1.1,-4,4.151e-12,-5.041e-11,-2.462e-11,5.041e-11,4.151e-12,-22871780796.85284
top1,1.2,-4,-4.6756e-12,2.546e-11,4.08e-11,2.546e-11,4.6756e-12,259538022320.26987
top1,1.3,-4,4.9216e-12,-8.9e-13,-3.667e-11,8.9e-13,4.9216e-12,29747739171.822968
top1,1.4,-4,2.0476e-12,-1.91e-12,3.0000000000000014e-13,1.91e-12,2.0476e-12,-47641734159.123375
top1,1.5,-4,7.236e-13,-7.800000000000002e-13,1.4800000000000006e-12,7.800000000000002e-13,7.236e-13,-74305245950.36406
top1,1.6,-4,-6.44e-13,7.200000000000003e-13,2.5300000000000003e-12,7.200000000000003e-13,6.44e-13,-84738581476.14606
top1,1.7,-4,-1.6366e-12,7.570000000000003e-12,4.050000000000001e-12,7.570000000000003e-12,1.6366e-12,-108742931709.43887
top1,1.8,-4,-2.4832e-12,1.881e-11,5.84e-12,1.881e-11,2.4832e-12,-139236981342.24463
top1,1.9,-4,-3.073e-12,3.0460000000000004e-11,8.180000000000003e-12,3.0460000000000004e-11,3.073e-12,-184399778720.26547
top1,2.0,-4,-3.5678e-12,4.022e-11,1.153e-11,4.022e-11,3.5678e-12,-244917952485.9172
top1,2.1,-4,-3.8896e-12,4.6820000000000006e-11,1.6290000000000003e-11,4.6820000000000006e-11,3.8896e-12,-345303867403.3151
top1,2.2,-4,-4.147e-12,5.001e-11,2.192e-11,5.001e-11,4.147e-12,-397140587768.07
top1,2.3000000000000003,-4,-4.3932e-12,4.914e-11,2.956e-11,4.914e-11,4.3932e-12,22180818028.568867
top1,2.4,-4,4.8698e-12,-1.147e-11,-4.3280000000000005e-11,1.147e-11,4.8698e-12,24508602519.48431
top1,2.5,-4,3.7672e-12,-2.59e-12,-1.3690000000000002e-11,2.59e-12,3.7672e-12,-34397358282.8839
top1,2.6,-4,-9.446e-13,1.09e-12,-1.45e-12,1.09e-12,9.446e-13,-58520599250.9364
top1,2.7,-4,3.496e-13,-1.09e-12,-2.8900000000000004e-12,1.09e-12,3.496e-13,77567483710.82849
top1,2.8000000000000003,-4,1.6338e-12,-9.43e-12,-4.5900000000000004e-12,9.43e-12,1.6338e-12,88841506751.95439
top1,2.9,-4,2.6008e-12,-2.171e-11,-6.86e-12,2.171e-11,2.6008e-12,122279285888.97026
top1,3.0,-4,3.2694e-12,-3.508e-11,-9.82e-12,3.508e-11,3.2694e-12,162628069604.8139
top1,3.1,-4,3.8306e-12,-4.4810000000000005e-11,-1.394e-11,4.4810000000000005e-11,3.8306e-12,241779497098.6461
top1,3.2,-4,4.0966e-12,-4.953e-11,-2.1060000000000003e-11,4.953e-11,4.0966e-12,422119037568.5949
top1,3.3000000000000003,-4,4.3044e-12,-5.063e-11,-2.835e-11,5.063e-11,4.3044e-12,-22476961114.857243
top1,3.4,-4,-4.8014e-12,1.378e-11,4.305e-11,1.378e-11,4.8014e-12,-24149339515.564217
top1,3.5,-4,-3.9774e-12,1.7500000000000002e-12,1.3900000000000002e-11,1.7500000000000002e-12,3.9774e-12,33519927596.95642
top1,3.6,-4,1.1652e-12,-1.7100000000000002e-12,1.3300000000000002e-12,1.7100000000000002e-12,1.1652e-12,51321529381.57563
top1,3.7,-4,-8.04e-14,4.4000000000000004e-13,1.73e-12,4.4000000000000004e-13,8.04e-14,-81347108110.30673
top1,3.8,-4,-1.2934e-12,5.44e-12,3.13e-12,5.44e-12,1.2934e-12,-91049804242.92072
top1,3.9,-4,-2.277e-12,1.4210000000000002e-11,4.89e-12,1.4210000000000002e-11,2.277e-12,-125281884239.5388
top1,4.0,-4,-2.8898e-12,2.6050000000000003e-11,7.660000000000002e-12,2.6050000000000003e-11,2.8898e-12,-168435236651.50726
top1,4.1,-4,-3.4644e-12,3.801e-11,1.102e-11,3.801e-11,3.4644e-12,-202593192868.71985
top1,4.2,-4,-3.877e-12,4.5320000000000005e-11,1.5780000000000003e-11,4.5320000000000005e-11,3.877e-12,-312597686777.11804
top1,4.3,-4,-4.1042e-12,4.9040000000000006e-11,2.1700000000000003e-11,4.9040000000000006e-11,4.1042e-12,-436490615451.7684
top1,4.4,-4,-4.3352e-12,4.9980000000000005e-11,2.8200000000000003e-11,4.9980000000000005e-11,4.3352e-12,22333891680.62537
top1,4.5,-4,4.8508e-12,-1.535e-11,-4.283e-11,1.535e-11,4.8508e-12,24196085073.43513
top1,4.6000000000000005,-4,3.9306e-12,-2.2200000000000002e-12,-1.4760000000000003e-11,2.2200000000000002e-12,3.9306e-12,-33818058843.422417
top1,4.7,-4,-1.0632e-12,1.5200000000000002e-12,-1.79e-12,1.5200000000000002e-12,1.0632e-12,-52232958997.127
top1,4.8,-4,1.016e-13,-3.800000000000001e-13,-2.7600000000000004e-12,3.800000000000001e-13,1.016e-13,87054931661.87872
top1,4.9,-4,1.2342e-12,-6.280000000000001e-12,-3.790000000000001e-12,6.280000000000001e-12,1.2342e-12,95776266641.12642
top1,5.0,-4,2.1898e-12,-1.613e-11,-5.89e-12,1.613e-11,2.1898e-12,104646295521.1382
top1,0.0,-3,-4.928e-12,8.400000000000002e-13,3.636e-11,8.400000000000002e-13,4.928e-12,28296547821.165817
top1,0.1,-3,-1.394e-12,1.5700000000000002e-12,-1.02e-12,1.5700000000000002e-12,1.394e-12,42582183614.37576
top1,0.2,-3,-2.312e-13,8.500000000000002e-13,-1.9900000000000002e-12,8.500000000000002e-13,2.312e-13,87958483595.74281
top1,0.3,-3,8.797999999999999e-13,-3.0900000000000004e-12,-3.3200000000000004e-12,3.0900000000000004e-12,8.797999999999999e-13,90678273485.67284
top1,0.4,-3,1.9744e-12,-1.285e-11,-4.98e-12,1.285e-11,1.9744e-12,110144289018.6144
top1,0.5,-3,2.6956e-12,-2.3430000000000003e-11,-6.9300000000000006e-12,2.3430000000000003e-11,2.6956e-12,146864444118.079
top1,0.6,-3,3.3362e-12,-3.5630000000000004e-11,-1.012e-11,3.5630000000000004e-11,3.3362e-12,176647235470.7649
top1,0.7,-3,3.8278e-12,-4.4930000000000007e-11,-1.413e-11,4.4930000000000007e-11,3.8278e-12,269034167339.25223
top1,0.8,-3,4.0796e-12,-4.894e-11,-2.0640000000000003e-11,4.894e-11,4.0796e-12,463606861381.5484
top1,0.9,-3,4.2592e-12,-5.0530000000000005e-11,-2.606e-11,5.0530000000000005e-11,4.2592e-12,-22757788853.235016
top1,1.0,-3,-4.7086e-12,2.1770000000000003e-11,4.188e-11,2.1770000000000003e-11,4.7086e-12,-23667518697.33977
top1,1.1,-3,-4.1912e-12,1.6700000000000006e-12,1.7850000000000002e-11,1.6700000000000006e-12,4.1912e-12,31239261503.858044
top1,1.2,-3,1.6936e-12,-1.3500000000000001e-12,1.13e-12,1.3500000000000001e-12,1.6936e-12,44865180133.69824
top1,1.3,-3,2.666e-13,-8.7e-13,1.9200000000000003e-12,8.7e-13,2.666e-13,-86199465563.3136
top1,1.4,-3,-6.266e-13,1.0100000000000001e-12,2.9900000000000004e-12,1.0100000000000001e-12,6.266e-13,-94741828517.29036
top1,1.5,-3,-1.8444e-12,1.17e-11,4.6900000000000004e-12,1.17e-11,1.8444e-12,-99068753715.07825
top1,1.6,-3,-2.6454e-12,2.282e-11,6.790000000000001e-12,2.282e-11,2.6454e-12,-127129417747.26672
top1,1.7,-3,-3.4176e-12,3.676e-11,1.041e-11,3.676e-11,3.4176e-12,-160875160875.16083
top1,1.8,-3,-3.8886e-12,4.4090000000000006e-11,1.5580000000000003e-11,4.4090000000000006e-11,3.8886e-12,-299580587177.9513
top1,1.9,-3,-4.0852e-12,4.935e-11,2.141e-11,4.935e-11,4.0852e-12,-516262261228.7044
top1,2.0,-3,-4.276e-12,4.989e-11,2.763e-11,4.989e-11,4.276e-12,22590701667.19377
top1,2.1,-3,4.768e-12,-1.357e-11,-4.335e-11,1.357e-11,4.768e-12,24894819388.08536
top1,2.2,-3,3.7578e-12,-1.46e-12,-1.3190000000000002e-11,1.46e-12,3.7578e-12,-34384348244.679054
top1,2.3000000000000003,-3,-1.0486e-12,1.32e-12,-1.6700000000000006e-12,1.32e-12,1.0486e-12,-54914881933.00377
top1,2.4,-3,1.158e-13,-4.800000000000001e-13,-2.23e-12,4.800000000000001e-13,1.158e-13,88020420737.61101
top1,2.5,-3,1.2236e-12,-4.760000000000001e-12,-3.730000000000001e-12,4.760000000000001e-12,1.2236e-12,93685591156.08028
top1,2.6,-3,2.2506e-12,-1.562e-11,-5.75e-12,1.562e-11,2.2506e-12,120365912373.61592
top1,2.7,-3,2.8852e-12,-2.7710000000000004e-11,-7.660000000000002e-12,2.7710000000000004e-11,2.8852e-12,160410651267.2443
top1,2.8000000000000003,-3,3.4974e-12,-3.886e-11,-1.059e-11,3.886e-11,3.4974e-12,195963158926.12164
top1,2.9,-3,3.9058e-12,-4.6090000000000006e-11,-1.6250000000000002e-11,4.6090000000000006e-11,3.9058e-12,317965023847.37646
top1,3.0,-3,4.1264e-12,-4.932e-11,-2.182e-11,4.932e-11,4.1264e-12,525486074619.0228
top1,3.1,-3,4.2864e-12,-5.0130000000000006e-11,-2.7710000000000004e-11,5.0130000000000006e-11,4.2864e-12,-22362359676.19305
top1,3.2,-3,-4.8172e-12,1.892e-11,4.29e-11,1.892e-11,4.8172e-12,-23927451965.6402
top1,3.3000000000000003,-3,-4.0722e-12,2.2000000000000003e-12,1.784e-11,2.2000000000000003e-12,4.0722e-12,31614555341.279083
top1,3.4,-3,1.509e-12,-1.59e-12,1.13e-12,1.59e-12,1.509e-12,46313449425.713165
top1,3.5,-3,2.462e-13,-4.800000000000001e-13,1.73e-12,4.800000000000001e-13,2.462e-13,-82678792889.62387
top1,3.6,-3,-9.1e-13,4.07e-12,3.13e-12,4.07e-12,9.1e-13,-95868085514.33238
top1,3.7,-3,-1.84e-12,1.055e-11,4.500000000000001e-12,1.055e-11,1.84e-12,-114455762847.65948
top1,3.8,-3,-2.6574e-12,2.2170000000000003e-11,6.440000000000001e-12,2.2170000000000003e-11,2.6574e-12,-142633005277.421
top1,3.9,-3,-3.2422e-12,3.434e-11,9.41e-12,3.434e-11,3.2422e-12,-188750471876.1795
top1,4.0,-3,-3.717e-12,4.2560000000000006e-11,1.313e-11,4.2560000000000006e-11,3.717e-12,-237925291458.48187
top1,4.1,-3,-4.0828e-12,4.858e-11,1.898e-11,4.858e-11,4.0828e-12,-443066016836.5088
top1,4.2,-3,-4.1684e-12,4.972e-11,2.425e-11,4.972e-11,4.1684e-12,22711271604.097134
top1,4.3,-3,4.7234e-12,-2.276e-11,-4.204e-11,2.276e-11,4.7234e-12,23591025973.71962
top1,4.4,-3,4.3094e-12,-1.83e-12,-1.9970000000000003e-11,1.83e-12,4.3094e-12,-31202221598.17781
top1,4.5,-3,-1.6864e-12,2.11e-12,-8e-13,2.11e-12,1.6864e-12,-41133643206.77886
top1,4.6000000000000005,-3,-5.528e-13,9.100000000000002e-13,-1.78e-12,9.100000000000002e-13,5.528e-13,82081589099.56506
top1,4.7,-3,7.502e-13,-2.64e-12,-3.2700000000000004e-12,2.64e-12,7.502e-13,83153168135.70566
top1,4.8,-3,1.8524e-12,-1.037e-11,-4.46e-12,1.037e-11,1.8524e-12,104307916970.8982
top1,4.9,-3,2.6676e-12,-2.3190000000000003e-11,-6.670000000000001e-12,2.3190000000000003e-11,2.6676e-12,134752728742.7572
top1,5.0,-3,3.3366e-12,-3.514e-11,-1.003e-11,3.514e-11,3.3366e-12,149476831091.18042
top1,0.0,-2,-4.8428e-12,1.73e-12,3.118e-11,1.73e-12,4.8428e-12,13369341426.241346
top1,0.1,-2,2.637e-12,-1.9900000000000002e-12,-2.82e-12,1.9900000000000002e-12,2.637e-12,36499014526.60778
top1,0.2,-2,6.368e-13,-2.37e-12,-3e-12,2.37e-12,6.368e-13,-224668613794.6529
top1,0.3,-2,1.7468e-12,-8.390000000000001e-12,-4.350000000000001e-12,8.390000000000001e-12,1.7468e-12,104134124752.68146
top1,0.4,-2,2.5574e-12,-2.102e-11,-6.36e-12,2.102e-11,2.5574e-12,133475707421.24934
top1,0.5,-2,3.2452e-12,-3.3410000000000004e-11,-9.42e-12,3.3410000000000004e-11,3.2452e-12,175839634253.56073
top1,0.6,-2,3.6948e-12,-4.2780000000000006e-11,-1.381e-11,4.2780000000000006e-11,3.6948e-12,264830508474.5764
top1,0.7,-2,4.0004e-12,-4.902e-11,-1.9e-11,4.902e-11,4.0004e-12,374391613627.85486
top1,0.8,-2,4.229e-12,-4.9580000000000005e-11,-2.5870000000000003e-11,4.9580000000000005e-11,4.229e-12,-22825838849.57772
top1,0.9,-2,-4.7616e-12,2.264e-11,4.1610000000000005e-11,2.264e-11,4.7616e-12,-23668639053.25444
top1,1.0,-2,-4.221e-12,7e-13,1.8640000000000003e-11,7e-13,4.221e-12,30981813675.372566
top1,1.1,-2,1.6938e-12,-1.37e-12,2.1000000000000001e-13,1.37e-12,1.6938e-12,41661458984.293625
top1,1.2,-2,5.796e-13,-1.14e-12,1.1000000000000002e-12,1.14e-12,5.796e-13,-91785222579.16472
top1,1.3,-2,-4.852e-13,2.7e-13,2.97e-12,2.7e-13,4.852e-13,-89533530307.10008
top1,1.4,-2,-1.6542e-12,9.35e-12,4.83e-12,9.35e-12,1.6542e-12,-100462125778.58144
top1,1.5,-2,-2.476e-12,2.081e-11,6.2e-12,2.081e-11,2.476e-12,-130992926381.97536
top1,1.6,-2,-3.181e-12,3.344e-11,9.2e-12,3.344e-11,3.181e-12,-152625152625.1526
top1,1.7,-2,-3.7864e-12,4.418e-11,1.382e-11,4.418e-11,3.7864e-12,-225377507324.7689
top1,1.8,-2,-4.0684e-12,4.814e-11,1.903e-11,4.814e-11,4.0684e-12,-482160077145.61255
top1,1.9,-2,-4.2012e-12,5.076e-11,2.635e-11,5.076e-11,4.2012e-12,22733989587.832764
top1,2.0,-2,4.729e-12,-1.971e-11,-4.224e-11,1.971e-11,4.729e-12,24301336573.511536
top1,2.1,-2,4.0288e-12,-1.5400000000000001e-12,-1.631e-11,1.5400000000000001e-12,4.0288e-12,-32497075263.22634
top1,2.2,-2,-1.4254e-12,2.37e-12,-1.1100000000000001e-12,2.37e-12,1.4254e-12,-49041243685.93992
top1,2.3000000000000003,-2,-4.9399999999999997e-14,-4.9e-13,-2.24e-12,4.9e-13,4.9399999999999997e-14,81532816958.82582
top1,2.4,-2,1.0276e-12,-4.190000000000001e-12,-3.290000000000001e-12,4.190000000000001e-12,1.0276e-12,95219958103.21828
top1,2.5,-2,2.051e-12,-1.255e-11,-4.6000000000000006e-12,1.255e-11,2.051e-12,116238521446.00732
top1,2.6,-2,2.7482e-12,-2.235e-11,-7.050000000000001e-12,2.235e-11,2.7482e-12,162919517758.2276
top1,2.7,-2,3.2786e-12,-3.587e-11,-1.056e-11,3.587e-11,3.2786e-12,206143063285.92056
top1,2.8000000000000003,-2,3.7184e-12,-4.483e-11,-1.4110000000000002e-11,4.483e-11,3.7184e-12,266382525306.3396
top1,2.9,-2,4.0294e-12,-4.862e-11,-2.022e-11,4.862e-11,4.0294e-12,364963503649.6348
top1,3.0,-2,4.2664e-12,-4.9770000000000006e-11,-2.641e-11,4.9770000000000006e-11,4.2664e-12,-22724690376.093647
top1,3.1,-2,-4.7716e-12,2.1170000000000003e-11,4.193e-11,2.1170000000000003e-11,4.7716e-12,-23576564894.494896
top1,3.2,-2,-4.2166e-12,2.09e-12,1.683e-11,2.09e-12,4.2166e-12,31852205765.249275
top1,3.3000000000000003,-2,1.5074e-12,-1.73e-12,7e-13,1.73e-12,1.5074e-12,44438519308.536575
top1,3.4,-2,2.84e-13,-7.400000000000002e-13,1.5300000000000001e-12,7.400000000000002e-13,2.84e-13,-87904360056.25868
top1,3.5,-2,-7.678e-13,1.83e-12,2.7000000000000002e-12,1.83e-12,7.678e-13,-97637180238.2348
top1,3.6,-2,-1.7644e-12,1.056e-11,4.27e-12,1.056e-11,1.7644e-12,-105943426210.40372
top1,3.7,-2,-2.6556e-12,2.307e-11,6.670000000000001e-12,2.307e-11,2.6556e-12,-132819763580.82095
top1,3.8,-2,-3.2702e-12,3.588e-11,9.73e-12,3.588e-11,3.2702e-12,-164527805199.07846
top1,3.9,-2,-3.8712e-12,4.479e-11,1.3990000000000002e-11,4.479e-11,3.8712e-12,-242895312120.47565
top1,4.0,-2,-4.0936e-12,4.887e-11,2.008e-11,4.887e-11,4.0936e-12,-563063063063.0624
top1,4.1,-2,-4.2264e-12,5.076e-11,2.7000000000000004e-11,5.076e-11,4.2264e-12,22728822419.710453
top1,4.2,-2,4.7058e-12,-1.797e-11,-4.2780000000000006e-11,1.797e-11,4.7058e-12,23930314922.94441
top1,4.3,-2,4.1312e-12,-2.8400000000000004e-12,-1.86e-11,2.8400000000000004e-12,4.1312e-12,-30769230769.2308
top1,4.4,-2,-1.7942e-12,1.8700000000000003e-12,-7.200000000000003e-13,1.8700000000000003e-12,1.7942e-12,-43148084225.06044
top1,4.5,-2,-5.04e-13,6.400000000000001e-13,-1.79e-12,6.400000000000001e-13,5.04e-13,89629828807.02705
top1,4.6000000000000005,-2,4.372e-13,-9.600000000000002e-13,-2.41e-12,9.600000000000002e-13,4.372e-13,99740674246.958
top1,4.7,-2,1.5012e-12,-7.860000000000001e-12,-3.95e-12,7.860000000000001e-12,1.5012e-12,107434464976.36404
top1,4.8,-2,2.2988e-12,-1.7650000000000002e-11,-5.6e-12,1.7650000000000002e-11,2.2988e-12,133850890108.41934
top1,4.9,-2,2.9954e-12,-2.884e-11,-7.85e-12,2.884e-11,2.9954e-12,166002656042.49686
top1,5.0,-2,3.5036e-12,-3.738e-11,-1.063e-11,3.738e-11,3.5036e-12,196772924045.6507
top1,0.0,-1,-4.713e-12,1.2500000000000001e-12,2.3630000000000003e-11,1.2500000000000001e-12,4.713e-12,15182800923.114298
top1,0.1,-1,1.8734e-12,-1.46e-12,6.000000000000001e-14,1.46e-12,1.8734e-12,36288420365.06152
top1,0.2,-1,7.984e-13,-2.31e-12,1.3000000000000001e-12,2.31e-12,7.984e-13,-90522313750.33946
top1,0.3,-1,-3.36e-13,1.26e-12,2.49e-12,1.26e-12,3.36e-13,-89182199233.03308
top1,0.4,-1,-1.4442e-12,6.890000000000001e-12,3.4000000000000005e-12,6.890000000000001e-12,1.4442e-12,-98222178567.92064
top1,0.5,-1,-2.3722e-12,1.703e-11,5.53e-12,1.703e-11,2.3722e-12,-119047619047.61903
top1,0.6,-1,-3.1242e-12,2.976e-11,8.180000000000003e-12,2.976e-11,3.1242e-12,-171408981830.648
top1,0.7,-1,-3.539e-12,4.002e-11,1.1050000000000002e-11,4.002e-11,3.539e-12,-279485746226.94257
top1,0.8,-1,-3.8398e-12,4.56e-11,1.5250000000000002e-11,4.56e-11,3.8398e-12,-341296928327.64465
top1,0.9,-1,-4.125e-12,4.983e-11,2.169e-11,4.983e-11,4.125e-12,-458926112895.82336
top1,1.0,-1,-4.2756e-12,4.9400000000000005e-11,2.9590000000000005e-11,4.9400000000000005e-11,4.2756e-12,22452232874.55938
top1,1.1,-1,4.7828e-12,-1.307e-11,-4.32e-11,1.307e-11,4.7828e-12,25123734391.880005
top1,1.2,-1,3.685e-12,-2.120000000000001e-12,-1.245e-11,2.120000000000001e-12,3.685e-12,-34413930759.1713
top1,1.3,-1,-1.0288e-12,1.3300000000000002e-12,-1.4700000000000002e-12,1.3300000000000002e-12,1.0288e-12,-59105148058.395935
top1,1.4,-1,3.012e-13,-4.600000000000003e-13,-2.79e-12,4.600000000000003e-13,3.012e-13,81752779594.50621
top1,1.5,-1,1.4176e-12,-7.32e-12,-3.9900000000000006e-12,7.32e-12,1.4176e-12,93826233814.97464
top1,1.6,-1,2.4328e-12,-1.7800000000000003e-11,-6.14e-12,1.7800000000000003e-11,2.4328e-12,130276185513.28812
top1,1.7,-1,2.9528e-12,-2.8890000000000003e-11,-8.16e-12,2.8890000000000003e-11,2.9528e-12,167364016736.40164
top1,1.8,-1,3.6278e-12,-4.142e-11,-1.201e-11,4.142e-11,3.6278e-12,200000000000.0002
top1,1.9,-1,3.9528e-12,-4.7070000000000005e-11,-1.73e-11,4.7070000000000005e-11,3.9528e-12,376222723852.5204
top1,2.0,-1,4.1594e-12,-5.011e-11,-2.373e-11,5.011e-11,4.1594e-12,-23145469274.38953
top1,2.1,-1,-4.6882e-12,2.511e-11,4.148e-11,2.511e-11,4.6882e-12,-23773297831.875256
top1,2.2,-1,-4.2534e-12,1.4800000000000006e-12,2.054e-11,1.4800000000000006e-12,4.2534e-12,29948189631.93677
top1,2.3000000000000003,-1,1.99e-12,-1.7000000000000002e-12,-1.4e-13,1.7000000000000002e-12,1.99e-12,39793076004.77512
top1,2.4,-1,7.726e-13,-1.55e-12,1.3500000000000001e-12,1.55e-12,7.726e-13,-85055711491.02652
top1,2.5,-1,-3.614e-13,1.5400000000000001e-12,2.1700000000000002e-12,1.5400000000000001e-12,3.614e-13,-89517500671.38133
top1,2.6,-1,-1.4616e-12,7.4e-12,3.730000000000001e-12,7.4e-12,1.4616e-12,-106168383055.52615
top1,2.7,-1,-2.2452e-12,1.579e-11,5.2600000000000014e-12,1.579e-11,2.2452e-12,-130208333333.33344
top1,2.8000000000000003,-1,-2.9976e-12,2.99e-11,7.970000000000001e-12,2.99e-11,2.9976e-12,-159033078880.4069
top1,2.9,-1,-3.5028e-12,3.967e-11,1.128e-11,3.967e-11,3.5028e-12,-222172850477.67136
top1,3.0,-1,-3.8978e-12,4.6230000000000005e-11,1.6380000000000003e-11,4.6230000000000005e-11,3.8978e-12,-326583932070.5424
top1,3.1,-1,-4.1152e-12,5.0170000000000006e-11,2.3120000000000003e-11,5.0170000000000006e-11,4.1152e-12,-464684014869.8886
top1,3.2,-1,-4.3282e-12,4.997e-11,2.852e-11,4.997e-11,4.3282e-12,22375369193.59172
top1,3.3000000000000003,-1,4.8232e-12,-1.5580000000000003e-11,-4.295e-11,1.5580000000000003e-11,4.8232e-12,24318474745.263947
top1,3.4,-1,3.896e-12,-8.400000000000002e-13,-1.488e-11,8.400000000000002e-13,3.896e-12,-33055665741.107983
top1,3.5,-1,-1.2272e-12,1.1900000000000002e-12,-1.21e-12,1.1900000000000002e-12,1.2272e-12,-51242633871.38104
top1,3.6,-1,-7e-15,3.900000000000001e-13,-2.42e-12,3.900000000000001e-13,7e-15,92242413061.52576
top1,3.7,-1,9.41e-13,-3.110000000000001e-12,-3.160000000000001e-12,3.110000000000001e-12,9.41e-13,108448107580.52284
top1,3.8,-1,1.8372e-12,-1.149e-11,-4.8000000000000005e-12,1.149e-11,1.8372e-12,118385225523.85448
top1,3.9,-1,2.6304e-12,-2.234e-11,-6.540000000000001e-12,2.234e-11,2.6304e-12,135685210312.0758
top1,4.0,-1,3.3112e-12,-3.485e-11,-9.91e-12,3.485e-11,3.3112e-12,171350239890.3356
top1,4.1,-1,3.7976e-12,-4.3500000000000005e-11,-1.386e-11,4.3500000000000005e-11,3.7976e-12,259942812581.23224
top1,4.2,-1,4.0806e-12,-4.8460000000000006e-11,-1.95e-11,4.8460000000000006e-11,4.0806e-12,482392667631.4521
top1,4.3,-1,4.2122e-12,-5.056e-11,-2.5520000000000003e-11,5.056e-11,4.2122e-12,-22713334998.97792
top1,4.4,-1,-4.7248e-12,2.056e-11,4.17e-11,2.056e-11,4.7248e-12,-23803856224.708427
top1,4.5,-1,-4.1898e-12,1.5600000000000002e-12,1.7420000000000003e-11,1.5600000000000002e-12,4.1898e-12,32300784909.07332
top1,4.6000000000000005,-1,1.467e-12,-1.5400000000000001e-12,1.04e-12,1.5400000000000001e-12,1.467e-12,44470138302.13016
top1,4.7,-1,3.076e-13,-1.4400000000000001e-12,2.1000000000000003e-12,1.4400000000000001e-12,3.076e-13,-82596844800.52832
top1,4.8,-1,-9.544e-13,3.2700000000000004e-12,3.060000000000001e-12,3.2700000000000004e-12,9.544e-13,-92293493308.7218
top1,4.9,-1,-1.8594e-12,1.084e-11,4e-12,1.084e-11,1.8594e-12,-121109361753.66368
top1,5.0,-1,-2.6058e-12,1.9640000000000003e-11,6.35e-12,1.9640000000000003e-11,2.6058e-12,-133976420150.05309
top1,0.0,0,-1.8124e-12,1.7050000000000002e-11,4.047e-11,1.7050000000000002e-11,1.8124e-12,16016368.985364947
top1,0.1,0,6.2418e-09,-2.350000000000001e-12,-6.1919e-09,2.350000000000001e-12,6.2418e-09,24632627.75798601
top1,0.2,0,8.1175e-09,-3.2430000000000005e-11,-8.1153e-09,3.2430000000000005e-11,8.1175e-09,87977829.5869441
top1,0.3,0,8.5151e-09,-2.18e-11,-8.5546e-09,2.18e-11,8.5151e-09,413393964.4481188
top1,0.4,0,8.6013e-09,-2.120000000000001e-12,-8.567e-09,2.120000000000001e-12,8.6013e-09,2469135802.46911
top1,0.5,0,8.5961e-09,2.9020000000000004e-11,-8.5787e-09,2.9020000000000004e-11,8.5961e-09,-32258064516.13204
top1,0.6,0,8.5951e-09,2.225e-11,-8.5503e-09,2.225e-11,8.5951e-09,-3992015968.063802
top1,0.7,0,8.546e-09,2.72e-12,-8.5787e-09,2.72e-12,8.546e-09,-19607843137.253662
top1,0.8,0,8.5849e-09,-2.967e-11,-8.5828e-09,2.967e-11,8.5849e-09,4914004914.004854
top1,0.9,0,8.5867e-09,-2.3390000000000003e-11,-8.62e-09,2.3390000000000003e-11,8.5867e-09,11764705882.353336
top1,1.0,0,8.6019e-09,-2.120000000000001e-12,-8.5733e-09,2.120000000000001e-12,8.6019e-09,-31746031746.03244
top1,1.1,0,8.5804e-09,2.897e-11,-8.5595e-09,2.897e-11,8.5804e-09,-7905138339.920978
top1,1.2,0,8.5766e-09,2.553e-11,-8.5437e-09,2.553e-11,8.5766e-09,-4555808656.036465
top1,1.3,0,8.5365e-09,1.4700000000000002e-12,-8.5462e-09,1.4700000000000002e-12,8.5365e-09,-6410256410.256489
top1,1.4,0,8.5454e-09,-2.5470000000000004e-11,-8.5682e-09,2.5470000000000004e-11,8.5454e-09,-142857142857.1834
top1,1.5,0,8.5351e-09,-2.731e-11,-8.5686e-09,2.731e-11,8.5351e-09,10928961748.633736
top1,1.6,0,8.5637e-09,-1.37e-12,-8.5421e-09,1.37e-12,8.5637e-09,22222222222.221527
top1,1.7,0,8.5441e-09,2.181e-11,-8.5364e-09,2.181e-11,8.5441e-09,-6535947712.418238
top1,1.8,0,8.5331e-09,3.0680000000000004e-11,-8.496e-09,3.0680000000000004e-11,8.5331e-09,-18691588785.044624
top1,1.9,0,8.5334e-09,2.23e-12,-8.5059e-09,2.23e-12,8.5334e-09,-21739130434.783752
top1,2.0,0,8.5239e-09,-1.8000000000000007e-13,-8.5666e-09,1.8000000000000007e-13,8.5239e-09,
top1,2.1,0,8.5334e-09,-4.981000000000001e-11,-8.5355e-09,4.981000000000001e-11,8.5334e-09,8733624454.148798
top1,2.2,0,8.5468e-09,-1.37e-12,-8.5724e-09,1.37e-12,8.5468e-09,9132420091.32434
top1,2.3000000000000003,0,8.5553e-09,-1.65e-12,-8.5089e-09,1.65e-12,8.5553e-09,-24691358024.692577
top1,2.4,0,8.5387e-09,4.76e-11,-8.5188e-09,4.76e-11,8.5387e-09,-11363636363.637136
top1,2.5,0,8.5377e-09,1.08e-12,-8.5126e-09,1.08e-12,8.5377e-09,-4415011037.527656
top1,2.6,0,8.4934e-09,1.55e-12,-8.5279e-09,1.55e-12,8.4934e-09,-8264462809.91737
top1,2.7,0,8.5135e-09,-4.698e-11,-8.53e-09,4.698e-11,8.5135e-09,3478260869.5652795
top1,2.8000000000000003,0,8.5509e-09,-1.7000000000000002e-12,-8.5832e-09,1.7000000000000002e-12,8.5509e-09,3960396039.604005
top1,2.9,0,8.564e-09,-1.3800000000000002e-12,-8.5312e-09,1.3800000000000002e-12,8.564e-09,-7246376811.594142
top1,3.0,0,8.5233e-09,4.031e-11,-8.5101e-09,4.031e-11,8.5233e-09,-3105590062.111809
top1,3.1,0,8.4996e-09,1.191e-11,-8.4693e-09,1.191e-11,8.4996e-09,-5076142131.979741
top1,3.2,0,8.4839e-09,2.51e-12,-8.5057e-09,2.51e-12,8.4839e-09,64516129032.24694
top1,3.3000000000000003,0,8.5027e-09,-3.879e-11,-8.5141e-09,3.879e-11,8.5027e-09,8196721311.475107
top1,3.4,0,8.5083e-09,-1.415e-11,-8.5272e-09,1.415e-11,8.5083e-09,32786885245.9071
top1,3.5,0,8.5088e-09,-1.7700000000000001e-12,-8.5003e-09,1.7700000000000001e-12,8.5088e-09,-6968641114.982556
top1,3.6,0,8.4796e-09,3.645e-11,-8.4728e-09,3.645e-11,8.4796e-09,-30769230769.235065
top1,3.7,0,8.5023e-09,1.702e-11,-8.4627e-09,1.702e-11,8.5023e-09,-16129032258.063889
top1,3.8,0,8.4672e-09,2.24e-12,-8.4772e-09,2.24e-12,8.4672e-09,-6493506493.506586
top1,3.9,0,8.4715e-09,-3.4280000000000003e-11,-8.5048e-09,3.4280000000000003e-11,8.4715e-09,8333333333.333064
top1,4.0,0,8.4912e-09,-1.7600000000000003e-11,-8.5284e-09,1.7600000000000003e-11,8.4912e-09,4210526315.7895327
top1,4.1,0,8.519e-09,-2.4800000000000003e-12,-8.4976e-09,2.4800000000000003e-12,8.519e-09,71428571428.59178
top1,4.2,0,8.494e-09,3.048e-11,-8.4721e-09,3.048e-11,8.494e-09,-5797101449.275466
top1,4.3,0,8.4845e-09,2.2e-11,-8.4663e-09,2.2e-11,8.4845e-09,-9756097560.975578
top1,4.4,0,8.4735e-09,1.5600000000000002e-12,-8.4838e-09,1.5600000000000002e-12,8.4735e-09,14598540145.985785
top1,4.5,0,8.4982e-09,-2.9020000000000004e-11,-8.5019e-09,2.9020000000000004e-11,8.4982e-09,6153846153.846073
top1,4.6000000000000005,0,8.506e-09,-2.544e-11,-8.5358e-09,2.544e-11,8.506e-09,9259259259.259264
top1,4.7,0,8.5198e-09,-1.7100000000000002e-12,-8.5151e-09,1.7100000000000002e-12,8.5198e-09,14084507042.253254
top1,4.8,0,8.5202e-09,2.453e-11,-8.5015e-09,2.453e-11,8.5202e-09,-4926108374.384235
top1,4.9,0,8.4792e-09,3.031e-11,-8.4543e-09,3.031e-11,8.4792e-09,-4048582995.951331
top1,5.0,0,8.4708e-09,1.1600000000000001e-12,-8.4765e-09,1.1600000000000001e-12,8.4708e-09,-11904761904.760555
top1,0.0,1,3.63372e-11,-4.2700000000000005e-11,-2.801e-11,4.2700000000000005e-11,3.63372e-11,849591.2329416481
top1,0.1,1,1.1774e-07,3.0530000000000003e-11,-1.1766e-07,3.0530000000000003e-11,1.1774e-07,912310.2745640286
top1,0.2,1,2.1926e-07,-4.9660000000000006e-11,-2.1914e-07,4.9660000000000006e-11,2.1926e-07,1067235.8591248663
top1,0.3,1,3.0514e-07,2.8780000000000003e-11,-3.054e-07,2.8780000000000003e-11,3.0514e-07,1262307.4981065388
top1,0.4,1,3.777e-07,-2.16e-12,-3.7772e-07,2.16e-12,3.777e-07,1506704.8365225252
top1,0.5,1,4.3788e-07,-1.8100000000000002e-12,-4.3774e-07,1.8100000000000002e-12,4.3788e-07,1823154.056517776
top1,0.6,1,4.874e-07,2.0500000000000004e-12,-4.8676e-07,2.0500000000000004e-12,4.874e-07,2240645.3058480867
top1,0.7,1,5.2714e-07,-4.909e-11,-5.2666e-07,4.909e-11,5.2714e-07,2795638.8034665924
top1,0.8,1,5.5894e-07,4.29e-11,-5.5804e-07,4.29e-11,5.5894e-07,3607503.607503602
top1,0.9,1,5.8258e-07,-1.548e-11,-5.8324e-07,1.548e-11,5.8258e-07,4712535.344015085
top1,1.0,1,6.0138e-07,-1.8200000000000003e-12,-6.0102e-07,1.8200000000000003e-12,6.0138e-07,6497725.795971421
top1,1.1,1,6.1336e-07,2.1000000000000003e-12,-6.13e-07,2.1000000000000003e-12,6.1336e-07,10245901.639344256
top1,1.2,1,6.209e-07,-1.8000000000000002e-12,-6.2032e-07,1.8000000000000002e-12,6.209e-07,16260162.601626052
top1,1.3,1,6.2566e-07,4.876e-11,-6.252e-07,4.876e-11,6.2566e-07,26455026.45502649
top1,1.4,1,6.2846e-07,-4.174e-11,-6.285e-07,4.174e-11,6.2846e-07,36630036.63003629
top1,1.5,1,6.3112e-07,1.17e-11,-6.3066e-07,1.17e-11,6.3112e-07,49999999.99999888
top1,1.6,1,6.3246e-07,2.08e-12,-6.3224e-07,2.08e-12,6.3246e-07,62893081.76100616
top1,1.7,1,6.343e-07,-1.65e-12,-6.3408e-07,1.65e-12,6.343e-07,94339622.6415108
top1,1.8,1,6.3458e-07,7.100000000000001e-13,-6.3486e-07,7.100000000000001e-13,6.3458e-07,142857142.85714304
top1,1.9,1,6.357e-07,-1.825e-11,-6.3622e-07,1.825e-11,6.357e-07,75757575.75757492
top1,2.0,1,6.3722e-07,4.967e-11,-6.3678e-07,4.967e-11,6.3722e-07,90909090.9090928
top1,2.1,1,6.379e-07,-4.2770000000000005e-11,-6.3796e-07,4.2770000000000005e-11,6.379e-07,119047619.0476192
top1,2.2,1,6.389e-07,1.311e-11,-6.3868e-07,1.311e-11,6.389e-07,181818181.8181858
top1,2.3000000000000003,1,6.39e-07,8.100000000000002e-13,-6.3886e-07,8.100000000000002e-13,6.39e-07,909090909.0911896
top1,2.4,1,6.3912e-07,-1.8200000000000003e-12,-6.3906e-07,1.8200000000000003e-12,6.3912e-07,166666666.66665393
top1,2.5,1,6.402e-07,4.759e-11,-6.405e-07,4.759e-11,6.402e-07,72463768.11594054
top1,2.6,1,6.4188e-07,-7.560000000000003e-12,-6.415e-07,7.560000000000003e-12,6.4188e-07,142857142.85714304
top1,2.7,1,6.416e-07,-8.400000000000002e-13,-6.4242e-07,8.400000000000002e-13,6.416e-07,-1111111111.111159
top1,2.8000000000000003,1,6.417e-07,1.6700000000000006e-12,-6.4244e-07,1.6700000000000006e-12,6.417e-07,277777777.77778924
top1,2.9,1,6.4232e-07,-2.377e-11,-6.4194e-07,2.377e-11,6.4232e-07,344827586.20694566
top1,3.0,1,6.4228e-07,3.129e-11,-6.4292e-07,3.129e-11,6.4228e-07,625000000.0001191
top1,3.1,1,6.4264e-07,7.900000000000002e-13,-6.4348e-07,7.900000000000002e-13,6.4264e-07,243902439.02436584
top1,3.2,1,6.431e-07,-1.3300000000000002e-12,-6.435e-07,1.3300000000000002e-12,6.431e-07,149253731.34327957
top1,3.3000000000000003,1,6.4398e-07,3.210000000000001e-12,-6.4366e-07,3.210000000000001e-12,6.4398e-07,126582278.48101316
top1,3.4,1,6.4468e-07,-4.035e-11,-6.4396e-07,4.035e-11,6.4468e-07,322580645.16130966
top1,3.5,1,6.446e-07,4.727e-11,-6.4432e-07,4.727e-11,6.446e-07,3333333333.3354387
top1,3.6,1,6.4474e-07,-1.1600000000000001e-12,-6.4494e-07,1.1600000000000001e-12,6.4474e-07,384615384.6153404
top1,3.7,1,6.4512e-07,-5.800000000000003e-13,-6.4482e-07,5.800000000000003e-13,6.4512e-07,454545454.5454865
top1,3.8,1,6.4518e-07,4.32e-12,-6.4488e-07,4.32e-12,6.4518e-07,-714285714.2857137
top1,3.9,1,6.4484e-07,-4.488e-11,-6.4454e-07,4.488e-11,6.4484e-07,-526315789.4736733
top1,4.0,1,6.448e-07,-8.9e-13,-6.448e-07,8.9e-13,6.448e-07,285714285.71430707
top1,4.1,1,6.4554e-07,1.78e-12,-6.455e-07,1.78e-12,6.4554e-07,263157894.73683724
top1,4.2,1,6.4556e-07,-9.600000000000002e-13,-6.4564e-07,9.600000000000002e-13,6.4556e-07,454545454.545377
top1,4.3,1,6.4598e-07,2.9300000000000005e-11,-6.4682e-07,2.9300000000000005e-11,6.4598e-07,222222222.22220573
top1,4.4,1,6.4646e-07,-2.8930000000000004e-11,-6.468e-07,2.8930000000000004e-11,6.4646e-07,113636363.63636476
top1,4.5,1,6.4774e-07,2.21e-12,-6.4696e-07,2.21e-12,6.4774e-07,138888888.88889492
top1,4.6000000000000005,1,6.479e-07,2.2200000000000002e-12,-6.4724e-07,2.2200000000000002e-12,6.479e-07,-833333333.3331244
top1,4.7,1,6.475e-07,-1.03e-12,-6.4764e-07,1.03e-12,6.475e-07,-526315789.47367215
top1,4.8,1,6.4752e-07,3.829e-11,-6.472e-07,3.829e-11,6.4752e-07,-500000000.0000953
top1,4.9,1,6.471e-07,-4.901e-11,-6.4778e-07,4.901e-11,6.471e-07,1666666666.6662488
top1,5.0,1,6.4764e-07,1.8000000000000007e-13,-6.4854e-07,1.8000000000000007e-13,6.4764e-07,185185185.1851924
top1,0.0,2,1.2219000000000002e-10,4.042e-11,-1.3201000000000002e-10,4.042e-11,1.2219000000000002e-10,329426.5431681696
top1,0.1,2,3.0368e-07,3.6840000000000005e-11,-3.0364e-07,3.6840000000000005e-11,3.0368e-07,340172.03282095434
top1,0.2,2,5.8806e-07,-4.74e-12,-5.8818e-07,4.74e-12,5.8806e-07,364166.0597232338
top1,0.3,2,8.5288e-07,-1.04e-12,-8.5276e-07,1.04e-12,8.5288e-07,391113.8923654569
top1,0.4,2,1.09942e-06,6.900000000000001e-13,-1.09924e-06,6.900000000000001e-13,1.09942e-06,421656.26581210975
top1,0.5,2,1.3272000000000002e-06,-4.7760000000000005e-11,-1.3274000000000002e-06,4.7760000000000005e-11,1.3272000000000002e-06,455913.19412783766
top1,0.6,2,1.5381e-06,-4.575e-11,-1.5385000000000002e-06,4.575e-11,1.5381e-06,492610.8374384238
top1,0.7,2,1.7332000000000002e-06,2.53e-11,-1.7334000000000002e-06,2.53e-11,1.7332000000000002e-06,534902.3803155927
top1,0.8,2,1.912e-06,1.96e-12,-1.9125000000000003e-06,1.96e-12,1.912e-06,582580.8330905909
top1,0.9,2,2.0765000000000004e-06,-2.08e-12,-2.0772e-06,2.08e-12,2.0765000000000004e-06,634316.5239454481
top1,1.0,2,2.2273000000000003e-06,5.029e-11,-2.2277000000000003e-06,5.029e-11,2.2273000000000003e-06,694685.6547412303
top1,1.1,2,2.3644e-06,-1.1050000000000002e-11,-2.3649000000000004e-06,1.1050000000000002e-11,2.3644e-06,765110.941086457
top1,1.2,2,2.4887000000000004e-06,-2.01e-12,-2.4894000000000003e-06,2.01e-12,2.4887000000000004e-06,846023.6886632824
top1,1.3,2,2.6008e-06,1.179e-11,-2.6008e-06,1.179e-11,2.6008e-06,939408.172851106
top1,1.4,2,2.7016e-06,-4.697000000000001e-11,-2.7016e-06,4.697000000000001e-11,2.7016e-06,1056524.0359218167
top1,1.5,2,2.7901e-06,2.2500000000000003e-12,-2.7900000000000004e-06,2.2500000000000003e-12,2.7901e-06,1200480.1920768288
top1,1.6,2,2.8682000000000003e-06,2.11e-12,-2.8683e-06,2.11e-12,2.8682000000000003e-06,1375515.8184319125
top1,1.7,2,2.9355e-06,-5.069e-11,-2.9357e-06,5.069e-11,2.9355e-06,1631321.3703099522
top1,1.8,2,2.9908e-06,-7e-14,-2.9914000000000003e-06,7e-14,2.9908e-06,1968503.937007876
top1,1.9,2,3.0371e-06,5.910000000000001e-12,-3.0379e-06,5.910000000000001e-12,3.0371e-06,2418379.685610638
top1,2.0,2,3.0735000000000003e-06,-4.4930000000000007e-11,-3.0743000000000004e-06,4.4930000000000007e-11,3.0735000000000003e-06,3105590.062111792
top1,2.1,2,3.1015000000000003e-06,2.5e-13,-3.1016000000000005e-06,2.5e-13,3.1015000000000003e-06,4040404.0404040334
top1,2.2,2,3.1230000000000004e-06,1.64e-12,-3.1234000000000005e-06,1.64e-12,3.1230000000000004e-06,5376344.086021535
top1,2.3000000000000003,2,3.1387e-06,-4.974e-11,-3.1397e-06,4.974e-11,3.1387e-06,6944444.4444444245
top1,2.4,2,3.1518000000000005e-06,7.660000000000002e-12,-3.1527000000000003e-06,7.660000000000002e-12,3.1518000000000005e-06,8438818.565400727
top1,2.5,2,3.1624000000000004e-06,7.100000000000001e-13,-3.1627e-06,7.100000000000001e-13,3.1624000000000004e-06,10152284.2639594
top1,2.6,2,3.1715000000000005e-06,-1.602e-11,-3.1720000000000003e-06,1.602e-11,3.1715000000000005e-06,11363636.36363634
top1,2.7,2,3.1800000000000005e-06,4.6160000000000005e-11,-3.1801000000000003e-06,4.6160000000000005e-11,3.1800000000000005e-06,13245033.1125831
top1,2.8000000000000003,2,3.1866e-06,-1.3500000000000001e-12,-3.187e-06,1.3500000000000001e-12,3.1866e-06,15503875.968992336
top1,2.9,2,3.1929000000000004e-06,-1.7600000000000002e-12,-3.193e-06,1.7600000000000002e-12,3.1929000000000004e-06,17241379.310344767
top1,3.0,2,3.1982e-06,2.1190000000000003e-11,-3.2001000000000005e-06,2.1190000000000003e-11,3.1982e-06,16949152.54237284
top1,3.1,2,3.2047000000000004e-06,-4.443e-11,-3.2049000000000004e-06,4.443e-11,3.2047000000000004e-06,17857142.85714288
top1,3.2,2,3.2094e-06,3.0000000000000014e-13,-3.2097000000000004e-06,3.0000000000000014e-13,3.2094e-06,22988505.747126408
top1,3.3000000000000003,2,3.2134000000000004e-06,1.249e-11,-3.2140000000000005e-06,1.249e-11,3.2134000000000004e-06,22727272.72727208
top1,3.4,2,3.2182000000000004e-06,-4.618e-11,-3.2188000000000004e-06,4.618e-11,3.2182000000000004e-06,22222222.22222261
top1,3.5,2,3.2224000000000003e-06,2.04e-12,-3.2232000000000003e-06,2.04e-12,3.2224000000000003e-06,25000000.00000079
top1,3.6,2,3.2262e-06,1.3900000000000001e-12,-3.2266e-06,1.3900000000000001e-12,3.2262e-06,24390243.90243848
top1,3.7,2,3.2306000000000005e-06,-4.7540000000000005e-11,-3.2304000000000004e-06,4.7540000000000005e-11,3.2306000000000005e-06,25974025.97402476
top1,3.8,2,3.2339000000000005e-06,2.2720000000000003e-11,-3.2345e-06,2.2720000000000003e-11,3.2339000000000005e-06,30769230.769231424
top1,3.9,2,3.2371000000000003e-06,1.9700000000000003e-12,-3.2378e-06,1.9700000000000003e-12,3.2371000000000003e-06,28571428.571429845
top1,4.0,2,3.2409e-06,-1.814e-11,-3.2418000000000005e-06,1.814e-11,3.2409e-06,29850746.268657263
top1,4.1,2,3.2438e-06,4.5290000000000006e-11,-3.2449000000000005e-06,4.5290000000000006e-11,3.2438e-06,30303030.30303
top1,4.2,2,3.2475e-06,-6.200000000000001e-13,-3.2479000000000003e-06,6.200000000000001e-13,3.2475e-06,32786885.245900344
top1,4.3,2,3.2499000000000004e-06,-1.7200000000000001e-12,-3.2508000000000003e-06,1.7200000000000001e-12,3.2499000000000004e-06,35087719.29824431
top1,4.4,2,3.2532000000000005e-06,2.388e-11,-3.2534000000000005e-06,2.388e-11,3.2532000000000005e-06,34482758.620689616
top1,4.5,2,3.2557000000000004e-06,-9.94e-12,-3.2563000000000005e-06,9.94e-12,3.2557000000000004e-06,35714285.71428576
top1,4.6000000000000005,2,3.2588000000000005e-06,-2.19e-12,-3.2595000000000003e-06,2.19e-12,3.2588000000000005e-06,32786885.24590262
top1,4.7,2,3.2618000000000003e-06,1.344e-11,-3.2620000000000003e-06,1.344e-11,3.2618000000000003e-06,38461538.46153857
top1,4.8,2,3.2640000000000004e-06,-4.8350000000000006e-11,-3.2646000000000005e-06,4.8350000000000006e-11,3.2640000000000004e-06,40816326.53061098
top1,4.9,2,3.2667000000000004e-06,1.3900000000000001e-12,-3.2676000000000003e-06,1.3900000000000001e-12,3.2667000000000004e-06,36363636.363637865
top1,5.0,2,3.2695e-06,1.4e-12,-3.2698000000000004e-06,1.4e-12,3.2695e-06,35714285.71428831
top1,0.0,3,1.3436e-10,-1.69e-12,-1.459e-10,1.69e-12,1.3436e-10,191774.54432258752
top1,0.1,3,5.2158e-07,-4.52e-11,-5.2162e-07,4.52e-11,5.2158e-07,195954.3960820721
top1,0.2,3,1.02078e-06,1.5430000000000002e-11,-1.02084e-06,1.5430000000000002e-11,1.02078e-06,205208.183702366
top1,0.3,3,1.4962000000000002e-06,1.4400000000000001e-12,-1.4964000000000002e-06,1.4400000000000001e-12,1.4962000000000002e-06,215280.61828593563
top1,0.4,3,1.9498000000000004e-06,1.3800000000000002e-12,-1.9503e-06,1.3800000000000002e-12,1.9498000000000004e-06,225708.1593499605
top1,0.5,3,2.3823e-06,-2.2880000000000003e-11,-2.3825e-06,2.2880000000000003e-11,2.3823e-06,237416.9040835708
top1,0.6,3,2.7922e-06,4.202e-11,-2.7925000000000004e-06,4.202e-11,2.7922e-06,250062.5156289072
top1,0.7,3,3.1821000000000004e-06,-3.0000000000000014e-13,-3.1823000000000004e-06,3.0000000000000014e-13,3.1821000000000004e-06,263817.43833267374
top1,0.8,3,3.550300000000001e-06,-1.4800000000000006e-12,-3.5510000000000004e-06,1.4800000000000006e-12,3.550300000000001e-06,278629.1446085259
top1,0.9,3,3.8999000000000006e-06,4.04e-11,-3.900000000000001e-06,4.04e-11,3.8999000000000006e-06,294724.4326554672
top1,1.0,3,4.2289e-06,-3.027e-11,-4.2292e-06,3.027e-11,4.2289e-06,312744.33150899166
top1,1.1,3,4.5394e-06,-1.78e-12,-4.5402e-06,1.78e-12,4.5394e-06,331729.971802952
top1,1.2,3,4.831800000000001e-06,8.73e-12,-4.831700000000001e-06,8.73e-12,4.831800000000001e-06,353356.89045936376
top1,1.3,3,5.1054e-06,-4.557e-11,-5.1061e-06,4.557e-11,5.1054e-06,375939.84962406097
top1,1.4,3,5.3638e-06,-1.5300000000000001e-12,-5.364100000000001e-06,1.5300000000000001e-12,5.3638e-06,400641.0256410253
top1,1.5,3,5.6046000000000005e-06,1.08e-12,-5.6050000000000005e-06,1.08e-12,5.6046000000000005e-06,429368.8278230993
top1,1.6,3,5.829600000000001e-06,-4.925e-11,-5.8301e-06,4.925e-11,5.829600000000001e-06,459981.60073597
top1,1.7,3,6.039400000000001e-06,1.14e-11,-6.040100000000001e-06,1.14e-11,6.039400000000001e-06,495049.5049504952
top1,1.8,3,6.233600000000001e-06,1.13e-12,-6.234300000000001e-06,1.13e-12,6.233600000000001e-06,532765.0506126805
top1,1.9,3,6.414800000000001e-06,-5.100000000000001e-12,-6.4154e-06,5.100000000000001e-12,6.414800000000001e-06,575373.9930955122
top1,2.0,3,6.581200000000001e-06,4.446e-11,-6.5822e-06,4.446e-11,6.581200000000001e-06,624804.7485160892
top1,2.1,3,6.7349000000000005e-06,1.45e-12,-6.735700000000001e-06,1.45e-12,6.7349000000000005e-06,678426.0515603803
top1,2.2,3,6.876000000000001e-06,-9.4e-13,-6.8758e-06,9.4e-13,6.876000000000001e-06,745156.482861402
top1,2.3000000000000003,3,7.0033e-06,4.874e-11,-7.0034000000000006e-06,4.874e-11,7.0033e-06,824742.2680412368
top1,2.4,3,7.1185000000000005e-06,-1.641e-11,-7.118000000000001e-06,1.641e-11,7.1185000000000005e-06,917852.225791646
top1,2.5,3,7.2212e-06,-2.29e-12,-7.2208e-06,2.29e-12,7.2212e-06,1031991.7440660452
top1,2.6,3,7.312300000000002e-06,3.4000000000000005e-12,-7.312e-06,3.4000000000000005e-12,7.312300000000002e-06,1173708.920187794
top1,2.7,3,7.3916e-06,-4.8710000000000006e-11,-7.3919e-06,4.8710000000000006e-11,7.3916e-06,1361470.3880190677
top1,2.8000000000000003,3,7.4592e-06,4.240000000000001e-12,-7.4597e-06,4.240000000000001e-12,7.4592e-06,1597444.0894568658
top1,2.9,3,7.5168e-06,1.31e-12,-7.5172e-06,1.31e-12,7.5168e-06,1895734.597156394
top1,3.0,3,7.5647e-06,-1.835e-11,-7.5658e-06,1.835e-11,7.5647e-06,2283105.0228310567
top1,3.1,3,7.6044e-06,1.063e-11,-7.6049e-06,1.063e-11,7.6044e-06,2766251.7289072955
top1,3.2,3,7.637000000000002e-06,1.17e-12,-7.6381e-06,1.17e-12,7.637000000000002e-06,3284072.249589464
top1,3.3000000000000003,3,7.665300000000001e-06,-4.32e-12,-7.6652e-06,4.32e-12,7.665300000000001e-06,4008016.032064179
top1,3.4,3,7.686900000000001e-06,4.462e-11,-7.687800000000001e-06,4.462e-11,7.686900000000001e-06,4773269.689737419
top1,3.5,3,7.707200000000001e-06,-7.900000000000002e-13,-7.7077e-06,7.900000000000002e-13,7.707200000000001e-06,5194805.194805237
top1,3.6,3,7.7254e-06,-1.98e-12,-7.725800000000001e-06,1.98e-12,7.7254e-06,5952380.952381111
top1,3.7,3,7.7408e-06,4.997e-11,-7.741300000000002e-06,4.997e-11,7.7408e-06,6734006.73400657
top1,3.8,3,7.755100000000001e-06,-2.6120000000000003e-11,-7.7553e-06,2.6120000000000003e-11,7.755100000000001e-06,7326007.326007165
top1,3.9,3,7.768100000000001e-06,-1.65e-12,-7.768800000000001e-06,1.65e-12,7.768100000000001e-06,7782101.167315543
top1,4.0,3,7.7808e-06,1.561e-11,-7.780500000000001e-06,1.561e-11,7.7808e-06,8368200.836820111
top1,4.1,3,7.792000000000001e-06,-4.483e-11,-7.792300000000002e-06,4.483e-11,7.792000000000001e-06,9345794.392522857
top1,4.2,3,7.802200000000001e-06,1.6000000000000005e-13,-7.802900000000001e-06,1.6000000000000005e-13,7.802200000000001e-06,9523809.523809394
top1,4.3,3,7.813000000000001e-06,1.4900000000000001e-12,-7.8133e-06,1.4900000000000001e-12,7.813000000000001e-06,9803921.568627944
top1,4.4,3,7.8226e-06,-3.3600000000000005e-11,-7.822e-06,3.3600000000000005e-11,7.8226e-06,10989010.989011452
top1,4.5,3,7.8312e-06,7.81e-12,-7.831600000000001e-06,7.81e-12,7.8312e-06,11627906.976743896
top1,4.6000000000000005,3,7.8398e-06,8.600000000000002e-13,-7.8412e-06,8.600000000000002e-13,7.8398e-06,11049723.756905643
top1,4.7,3,7.849300000000001e-06,-4.986e-11,-7.8495e-06,4.986e-11,7.849300000000001e-06,11363636.363636564
top1,4.8,3,7.8574e-06,3.738e-11,-7.857000000000001e-06,3.738e-11,7.8574e-06,12987012.987013094
top1,4.9,3,7.864700000000001e-06,2.2000000000000003e-12,-7.8661e-06,2.2000000000000003e-12,7.864700000000001e-06,12820512.820512565
top1,5.0,3,7.873e-06,-1.619e-11,-7.873e-06,1.619e-11,7.873e-06,12048192.771084929
top1,0.0,4,2.0415e-10,2.7e-13,-2.3046e-10,2.7e-13,2.0415e-10,129675.47351161248
top1,0.1,4,7.7136e-07,4.2080000000000005e-11,-7.7118e-07,4.2080000000000005e-11,7.7136e-07,131839.51689782145
top1,0.2,4,1.5172e-06,1.41e-12,-1.5174e-06,1.41e-12,1.5172e-06,136570.975936194
top1,0.3,4,2.2358000000000003e-06,1.86e-12,-2.2365e-06,1.86e-12,2.2358000000000003e-06,141572.8746372195
top1,0.4,4,2.9299e-06,-2.1500000000000003e-12,-2.9305e-06,2.1500000000000003e-12,2.9299e-06,146659.8225416147
top1,0.5,4,3.5995000000000004e-06,4.967e-11,-3.5999000000000005e-06,4.967e-11,3.5995000000000004e-06,152288.12914033345
top1,0.6,4,4.2432e-06,-1.639e-11,-4.2437000000000006e-06,1.639e-11,4.2432e-06,158290.4629996043
top1,0.7,4,4.863000000000001e-06,-1.02e-12,-4.8636e-06,1.02e-12,4.863000000000001e-06,164568.41932033247
top1,0.8,4,5.4585e-06,2.37e-12,-5.458700000000001e-06,2.37e-12,5.4585e-06,171232.87671232878
top1,0.9,4,6.031e-06,-4.8750000000000006e-11,-6.032000000000001e-06,4.8750000000000006e-11,6.031e-06,178364.39846606605
top1,1.0,4,6.579800000000001e-06,-4.800000000000001e-13,-6.5800000000000005e-06,4.800000000000001e-13,6.579800000000001e-06,185977.31076808623
top1,1.1,4,7.106400000000001e-06,7.100000000000001e-13,-7.106700000000001e-06,7.100000000000001e-13,7.106400000000001e-06,194137.0607649
top1,1.2,4,7.61e-06,-2.6120000000000003e-11,-7.6102e-06,2.6120000000000003e-11,7.61e-06,203169.4433157254
top1,1.3,4,8.0908e-06,1.5870000000000002e-11,-8.0917e-06,1.5870000000000002e-11,8.0908e-06,212179.0791427969
top1,1.4,4,8.5526e-06,1.41e-12,-8.5528e-06,1.41e-12,8.5526e-06,222049.5170423005
top1,1.5,4,8.9915e-06,-2.151e-11,-8.992800000000001e-06,2.151e-11,8.9915e-06,233018.7580100193
top1,1.6,4,9.4109e-06,4.6240000000000007e-11,-9.4105e-06,4.6240000000000007e-11,9.4109e-06,244319.56999755648
top1,1.7,4,9.8101e-06,-2.8800000000000002e-12,-9.8101e-06,2.8800000000000002e-12,9.8101e-06,257135.51041398823
top1,1.8,4,1.01887e-05,-9.100000000000002e-13,-1.01891e-05,9.100000000000002e-13,1.01887e-05,270635.9945872807
top1,1.9,4,1.05491e-05,4.305e-11,-1.05506e-05,4.305e-11,1.05491e-05,284656.9883290631
top1,2.0,4,1.0891300000000002e-05,1.8000000000000002e-12,-1.08917e-05,1.8000000000000002e-12,1.0891300000000002e-05,300751.8796992475
top1,2.1,4,1.1214100000000002e-05,-8.470000000000002e-12,-1.12137e-05,8.470000000000002e-12,1.1214100000000002e-05,319131.96106590173
top1,2.2,4,1.1518e-05,-1.4900000000000001e-12,-1.1520000000000002e-05,1.4900000000000001e-12,1.1518e-05,336757.02980299765
top1,2.3000000000000003,4,1.1808e-05,2.5230000000000003e-11,-1.1806e-05,2.5230000000000003e-11,1.1808e-05,355871.8861209955
top1,2.4,4,1.208e-05,-1.04e-12,-1.208e-05,1.04e-12,1.208e-05,378787.878787879
top1,2.5,4,1.2336e-05,-1.6100000000000002e-12,-1.2338e-05,1.6100000000000002e-12,1.2336e-05,400000.0000000015
top1,2.6,4,1.258e-05,1.3500000000000001e-12,-1.2578e-05,1.3500000000000001e-12,1.258e-05,427350.4273504281
top1,2.7,4,1.2804e-05,-1.5600000000000002e-12,-1.2804e-05,1.5600000000000002e-12,1.2804e-05,462962.9629629631
top1,2.8000000000000003,4,1.3012e-05,4.84e-11,-1.3014e-05,4.84e-11,1.3012e-05,492610.837438422
top1,2.9,4,1.321e-05,-3.4070000000000005e-11,-1.3214e-05,3.4070000000000005e-11,1.321e-05,523560.2094240821
top1,3.0,4,1.3394e-05,-1.7100000000000002e-12,-1.3392e-05,1.7100000000000002e-12,1.3394e-05,571428.5714285718
top1,3.1,4,1.356e-05,1.96e-12,-1.356e-05,1.96e-12,1.356e-05,621118.0124223615
top1,3.2,4,1.3716e-05,-2.557e-11,-1.3714e-05,2.557e-11,1.3716e-05,680272.1088435398
top1,3.3000000000000003,4,1.3854e-05,5.041e-11,-1.3856e-05,5.041e-11,1.3854e-05,746268.6567164174
top1,3.4,4,1.3984e-05,-4.21e-11,-1.3984e-05,4.21e-11,1.3984e-05,819672.131147535
top1,3.5,4,1.4098e-05,-2.7e-13,-1.4102e-05,2.7e-13,1.4098e-05,909090.9090909116
top1,3.6,4,1.4204e-05,1.1600000000000001e-12,-1.4204e-05,1.1600000000000001e-12,1.4204e-05,1010101.0101010172
top1,3.7,4,1.4296e-05,-1.22e-12,-1.4296e-05,1.22e-12,1.4296e-05,1190476.190476186
top1,3.8,4,1.4372e-05,4.97e-12,-1.4376e-05,4.97e-12,1.4372e-05,1351351.3513513408
top1,3.9,4,1.4444e-05,-3.89e-11,-1.4444e-05,3.89e-11,1.4444e-05,1492537.3134328444
top1,4.0,4,1.4506e-05,4.803e-11,-1.4508e-05,4.803e-11,1.4506e-05,1754385.96491229
top1,4.1,4,1.4558e-05,-3.2210000000000004e-11,-1.456e-05,3.2210000000000004e-11,1.4558e-05,1999999.999999987
top1,4.2,4,1.4606e-05,-1.85e-12,-1.4608e-05,1.85e-12,1.4606e-05,2325581.395348825
top1,4.3,4,1.4644e-05,8.100000000000002e-13,-1.4646e-05,8.100000000000002e-13,1.4644e-05,2631578.9473684016
top1,4.4,4,1.4682e-05,-1.546e-11,-1.4684e-05,1.546e-11,1.4682e-05,3030303.030303078
top1,4.5,4,1.471e-05,4.8970000000000006e-11,-1.4712e-05,4.8970000000000006e-11,1.471e-05,3448275.8620689614
top1,4.6000000000000005,4,1.474e-05,-4.6640000000000006e-11,-1.4742e-05,4.6640000000000006e-11,1.474e-05,3448275.8620689614
top1,4.7,4,1.4768e-05,2.3000000000000003e-12,-1.4768e-05,2.3000000000000003e-12,1.4768e-05,4000000.000000024
top1,4.8,4,1.479e-05,6.900000000000001e-13,-1.4794e-05,6.900000000000001e-13,1.479e-05,4166666.666666652
top1,4.9,4,1.4816e-05,-2.2700000000000002e-12,-1.4814e-05,2.2700000000000002e-12,1.4816e-05,4545454.545454558
top1,5.0,4,1.4834e-05,2.914e-11,-1.4836e-05,2.914e-11,1.4834e-05,5555555.55555538
top1,0.0,5,2.5718000000000004e-10,-2.672e-11,-2.8112e-10,2.672e-11,2.5718000000000004e-10,95303.19003984072
top1,0.1,5,1.04954e-06,-1.5200000000000002e-12,-1.0498e-06,1.5200000000000002e-12,1.04954e-06,96541.73879259746
top1,0.2,5,2.0719e-06,5.052e-11,-2.072e-06,5.052e-11,2.0719e-06,99326.56588331112
top1,0.3,5,3.0631000000000004e-06,2.529e-11,-3.0631000000000004e-06,2.529e-11,3.0631000000000004e-06,102280.86325048584
top1,0.4,5,4.0273e-06,-4.0990000000000005e-11,-4.027800000000001e-06,4.0990000000000005e-11,4.0273e-06,105218.8552188552
top1,0.5,5,4.963900000000001e-06,-1.98e-12,-4.9644e-06,1.98e-12,4.963900000000001e-06,108436.34786380388
top1,0.6,5,5.871700000000001e-06,1.8000000000000002e-12,-5.8722e-06,1.8000000000000002e-12,5.871700000000001e-06,111738.08592658814
top1,0.7,5,6.7538000000000005e-06,-3.9e-11,-6.7538000000000005e-06,3.9e-11,6.7538000000000005e-06,115267.13157743076
top1,0.8,5,7.6068e-06,3.1040000000000003e-11,-7.607800000000002e-06,3.1040000000000003e-11,7.6068e-06,118906.06420927455
top1,0.9,5,8.435800000000001e-06,1.95e-12,-8.435600000000001e-06,1.95e-12,8.435800000000001e-06,122699.38650306742
top1,1.0,5,9.2368e-06,-2.13e-12,-9.2368e-06,2.13e-12,9.2368e-06,126831.12435791746
top1,1.1,5,1.0012700000000002e-05,4.949e-11,-1.0012800000000002e-05,4.949e-11,1.0012700000000002e-05,131121.74654166386
top1,1.2,5,1.0762100000000002e-05,-8.36e-12,-1.07626e-05,8.36e-12,1.0762100000000002e-05,135722.0412595006
top1,1.3,5,1.14863e-05,-1.18e-12,-1.1487700000000002e-05,1.18e-12,1.14863e-05,140459.30191726977
top1,1.4,5,1.2186e-05,-1.36e-12,-1.2186e-05,1.36e-12,1.2186e-05,145380.53354655817
top1,1.5,5,1.2862e-05,4.7260000000000007e-11,-1.2862e-05,4.7260000000000007e-11,1.2862e-05,150829.56259426838
top1,1.6,5,1.3512e-05,-4.4050000000000006e-11,-1.3514e-05,4.4050000000000006e-11,1.3512e-05,155763.23987538938
top1,1.7,5,1.4146e-05,2.0370000000000003e-11,-1.4144e-05,2.0370000000000003e-11,1.4146e-05,161812.29773462785
top1,1.8,5,1.4748e-05,1.3300000000000002e-12,-1.4748e-05,1.3300000000000002e-12,1.4748e-05,168918.9189189189
top1,1.9,5,1.533e-05,-1.7100000000000002e-12,-1.5332e-05,1.7100000000000002e-12,1.533e-05,175131.3485113832
top1,2.0,5,1.5890000000000002e-05,1.3300000000000002e-12,-1.5892e-05,1.3300000000000002e-12,1.5890000000000002e-05,182149.3624772315
top1,2.1,5,1.6428e-05,-7.480000000000001e-12,-1.6428e-05,7.480000000000001e-12,1.6428e-05,189393.93939393992
top1,2.2,5,1.6946e-05,4.433e-11,-1.6946e-05,4.433e-11,1.6946e-05,197238.65877712035
top1,2.3000000000000003,5,1.7442e-05,-4.22e-11,-1.744e-05,4.22e-11,1.7442e-05,206185.5670103092
top1,2.4,5,1.7916e-05,1.437e-11,-1.7916e-05,1.437e-11,1.7916e-05,215517.2413793096
top1,2.5,5,1.837e-05,8.400000000000002e-13,-1.837e-05,8.400000000000002e-13,1.837e-05,225733.6343115123
top1,2.6,5,1.8802e-05,-1.3400000000000006e-12,-1.8804e-05,1.3400000000000006e-12,1.8802e-05,236406.61938534345
top1,2.7,5,1.9216e-05,1.45e-12,-1.922e-05,1.45e-12,1.9216e-05,245700.24570024613
top1,2.8000000000000003,5,1.9616e-05,-2.46e-12,-1.9616e-05,2.46e-12,1.9616e-05,257069.40874035892
top1,2.9,5,1.9994e-05,2.746e-11,-1.9996e-05,2.746e-11,1.9994e-05,271739.13043478184
top1,3.0,5,2.0352e-05,-4.084e-11,-2.0354e-05,4.084e-11,2.0352e-05,284900.28490028606
top1,3.1,5,2.0696e-05,1.114e-11,-2.0694e-05,1.114e-11,2.0696e-05,299401.1976047902
top1,3.2,5,2.102e-05,1.3000000000000001e-12,-2.102e-05,1.3000000000000001e-12,2.102e-05,315457.4132492111
top1,3.3000000000000003,5,2.133e-05,-1.6700000000000006e-12,-2.133e-05,1.6700000000000006e-12,2.133e-05,333333.3333333342
top1,3.4,5,2.162e-05,1.437e-11,-2.1622e-05,1.437e-11,2.162e-05,353356.8904593628
top1,3.5,5,2.1896e-05,-2.3230000000000003e-11,-2.1896e-05,2.3230000000000003e-11,2.1896e-05,373134.3283582096
top1,3.6,5,2.2156e-05,4.9510000000000005e-11,-2.2156e-05,4.9510000000000005e-11,2.2156e-05,398406.3745019927
top1,3.7,5,2.2398e-05,-4.396e-11,-2.2398e-05,4.396e-11,2.2398e-05,425531.91489361686
top1,3.8,5,2.2626e-05,1.557e-11,-2.263e-05,1.557e-11,2.2626e-05,452488.6877828047
top1,3.9,5,2.284e-05,4e-13,-2.2842e-05,4e-13,2.284e-05,483091.78743961314
top1,4.0,5,2.304e-05,-1.5300000000000001e-12,-2.3042e-05,1.5300000000000001e-12,2.304e-05,520833.3333333349
top1,4.1,5,2.3224e-05,1.8000000000000002e-12,-2.3226e-05,1.8000000000000002e-12,2.3224e-05,561797.7528089872
top1,4.2,5,2.3396e-05,-1.0500000000000002e-12,-2.3398e-05,1.0500000000000002e-12,2.3396e-05,606060.606060603
top1,4.3,5,2.3554e-05,2.7090000000000004e-11,-2.3558e-05,2.7090000000000004e-11,2.3554e-05,662251.6556291364
top1,4.4,5,2.3698e-05,-4.9950000000000006e-11,-2.3702e-05,4.9950000000000006e-11,2.3698e-05,719424.4604316561
top1,4.5,5,2.3832e-05,4.144e-11,-2.3832e-05,4.144e-11,2.3832e-05,800000.0000000029
top1,4.6000000000000005,5,2.3948e-05,-1.4870000000000003e-11,-2.3948e-05,1.4870000000000003e-11,2.3948e-05,900900.900900906
top1,4.7,5,2.4054e-05,-4.3000000000000004e-13,-2.4058e-05,4.3000000000000004e-13,2.4054e-05,980392.1568627412
top1,4.8,5,2.4152e-05,2.2500000000000003e-12,-2.4156e-05,2.2500000000000003e-12,2.4152e-05,1063829.7872340498
top1,4.9,5,2.4242e-05,-2.777e-11,-2.424e-05,2.777e-11,2.4242e-05,1219512.1951219488
top1,5.0,5,2.4316e-05,5.015e-11,-2.4318e-05,5.015e-11,2.4316e-05,1351351.3513512914
