device,VD,VG,ID,IG,IS,absIg,absId,r
bot1,0.0,-5,1.573e-12,-2.0770000000000003e-11,2.9920000000000005e-11,2.0770000000000003e-11,1.573e-12,29140925515.794384
bot1,0.1,-5,5.0046e-12,-2.8600000000000003e-12,-3.532e-11,2.8600000000000003e-12,5.0046e-12,123517786561.26485
bot1,0.2,-5,3.1922e-12,-3.160000000000001e-12,-5.010000000000001e-12,3.160000000000001e-12,3.1922e-12,-38043064749.2962
bot1,0.3,-5,-2.526e-13,1.08e-12,-1.4900000000000001e-12,1.08e-12,2.526e-13,-86311065078.54308
bot1,0.4,-5,8.75e-13,-2.44e-12,-2.7000000000000002e-12,2.44e-12,8.75e-13,116618075801.74928
bot1,0.5,-5,1.4624e-12,-8.11e-12,-3.7e-12,8.11e-12,1.4624e-12,147994672191.8011
bot1,0.6,-5,2.2264e-12,-1.719e-11,-5.07e-12,1.719e-11,2.2264e-12,127534753220.25256
bot1,0.7,-5,3.0306e-12,-3.2360000000000005e-11,-6.9800000000000006e-12,3.2360000000000005e-11,3.0306e-12,143926309729.41858
bot1,0.8,-5,3.616e-12,-4.7180000000000005e-11,-9.68e-12,4.7180000000000005e-11,3.616e-12,206996481059.822
bot1,0.9,-5,3.9968e-12,-5.7080000000000005e-11,-1.279e-11,5.7080000000000005e-11,3.9968e-12,361663652802.8934
bot1,1.0,-5,4.169e-12,-6.018e-11,-1.652e-11,6.018e-11,4.169e-12,981354268891.072
bot1,1.1,-5,4.2006e-12,-6.179e-11,-2.045e-11,6.179e-11,4.2006e-12,-22644414755.100647
bot1,1.2,-5,-4.6632e-12,3.1260000000000004e-11,3.4390000000000004e-11,3.1260000000000004e-11,4.6632e-12,261917234154.0071
bot1,1.3,-5,4.9642e-12,-3.6000000000000013e-13,-3.3080000000000004e-11,3.6000000000000013e-13,4.9642e-12,26924423144.23416
bot1,1.4,-5,2.765e-12,-2.8400000000000004e-12,-2.95e-12,2.8400000000000004e-12,2.765e-12,-41533413631.266335
bot1,1.5,-5,1.488e-13,6.700000000000003e-13,-2.39e-12,6.700000000000003e-13,1.488e-13,-123001230012.30008
bot1,1.6,-5,1.139e-12,-4.200000000000001e-12,-3.43e-12,4.200000000000001e-12,1.139e-12,109086942293.00752
bot1,1.7,-5,1.9822e-12,-1.2170000000000002e-11,-4.17e-12,1.2170000000000002e-11,1.9822e-12,116849731245.6181
bot1,1.8,-5,2.8506e-12,-2.799e-11,-6.0100000000000004e-12,2.799e-11,2.8506e-12,141843971631.20578
bot1,1.9,-5,3.3922e-12,-4.3180000000000006e-11,-8.63e-12,4.3180000000000006e-11,3.3922e-12,204123290467.44223
bot1,2.0,-5,3.8304e-12,-5.2790000000000006e-11,-1.133e-11,5.2790000000000006e-11,3.8304e-12,344115622849.2773
bot1,2.1,-5,3.9734e-12,-5.844000000000001e-11,-1.433e-11,5.844000000000001e-11,3.9734e-12,671140939597.3168
bot1,2.2,-5,4.1284e-12,-6.079e-11,-1.886e-11,6.079e-11,4.1284e-12,557724484104.8531
bot1,2.3000000000000003,-5,4.332e-12,-6.109e-11,-2.353e-11,6.109e-11,4.332e-12,-22288592698.257004
bot1,2.4,-5,-4.8448e-12,2.03e-11,3.628e-11,2.03e-11,4.8448e-12,-23687701345.461407
bot1,2.5,-5,-4.1112e-12,2.34e-12,1.296e-11,2.34e-12,4.1112e-12,32367697038.35575
bot1,2.6,-5,1.3342e-12,-2.42e-12,8e-13,2.42e-12,1.3342e-12,44134522023.126526
bot1,2.7,-5,4.204e-13,-2.2500000000000003e-12,1.36e-12,2.2500000000000003e-12,4.204e-13,-104014978156.85468
bot1,2.8000000000000003,-5,-5.886e-13,5.300000000000003e-13,2.69e-12,5.300000000000003e-13,5.886e-13,-109337415263.50304
bot1,2.9,-5,-1.4088e-12,6.15e-12,2.8900000000000004e-12,6.15e-12,1.4088e-12,-123456790123.45663
bot1,3.0,-5,-2.2086e-12,1.761e-11,4.43e-12,1.761e-11,2.2086e-12,-129249062944.29378
bot1,3.1,-5,-2.9562e-12,3.171e-11,6.66e-12,3.171e-11,2.9562e-12,-150511739915.7136
bot1,3.2,-5,-3.5374e-12,4.661e-11,8.36e-12,4.661e-11,3.5374e-12,-222271615914.64792
bot1,3.3000000000000003,-5,-3.856e-12,5.4750000000000005e-11,1.21e-11,5.4750000000000005e-11,3.856e-12,-352609308885.754
bot1,3.4,-5,-4.1046e-12,5.991e-11,1.5470000000000003e-11,5.991e-11,4.1046e-12,-634920634920.6337
bot1,3.5,-5,-4.171e-12,6.232000000000001e-11,2.008e-11,6.232000000000001e-11,4.171e-12,-941619585687.3824
bot1,3.6,-5,-4.317e-12,5.951000000000001e-11,2.5e-11,5.951000000000001e-11,4.317e-12,22057039504.15777
bot1,3.7,-5,4.8964e-12,-1.5230000000000002e-11,-3.667e-11,1.5230000000000002e-11,4.8964e-12,23645133831.457508
bot1,3.8,-5,4.1414e-12,-1.0500000000000002e-12,-1.332e-11,1.0500000000000002e-12,4.1414e-12,-31055900621.11797
bot1,3.9,-5,-1.5436e-12,1.7500000000000002e-12,-1.1500000000000001e-12,1.7500000000000002e-12,1.5436e-12,-44867193108.39908
bot1,4.0,-5,-3.162e-13,1.04e-12,-1.65e-12,1.04e-12,3.162e-13,79624173899.1957
bot1,4.1,-5,9.682e-13,-2.2000000000000003e-12,-3.060000000000001e-12,2.2000000000000003e-12,9.682e-13,96006144393.24124
bot1,4.2,-5,1.767e-12,-7.580000000000001e-12,-3.390000000000001e-12,7.580000000000001e-12,1.767e-12,136705399863.29472
bot1,4.3,-5,2.4312e-12,-1.977e-11,-4.910000000000001e-12,1.977e-11,2.4312e-12,145116819039.32678
bot1,4.4,-5,3.1452e-12,-3.427e-11,-6.7800000000000006e-12,3.427e-11,3.1452e-12,156103652825.47623
bot1,4.5,-5,3.7124e-12,-5.045e-11,-9.690000000000004e-12,5.045e-11,3.7124e-12,222717149220.49023
bot1,4.6000000000000005,-5,4.0432e-12,-5.8100000000000005e-11,-1.312e-11,5.8100000000000005e-11,4.0432e-12,337154416722.8596
bot1,4.7,-5,4.3056e-12,-6.113e-11,-1.8130000000000003e-11,6.113e-11,4.3056e-12,401284109149.276
bot1,4.8,-5,4.5416e-12,-6.109e-11,-2.2900000000000003e-11,6.109e-11,4.5416e-12,-22339878917.856285
bot1,4.9,-5,-4.647e-12,2.3300000000000003e-11,3.6000000000000005e-11,2.3300000000000003e-11,4.647e-12,-23771602443.72076
bot1,5.0,-5,-3.8718e-12,6.000000000000003e-13,1.5180000000000003e-11,6.000000000000003e-13,3.8718e-12,128998968008.25545
bot1,0.0,-4,4.1314e-12,-6.117000000000001e-11,-2.24e-11,6.117000000000001e-11,4.1314e-12,-11126193284.229734
bot1,0.1,-4,-4.8564e-12,1.7960000000000002e-11,3.6800000000000005e-11,1.7960000000000002e-11,4.8564e-12,-24073762006.788803
bot1,0.2,-4,-4.1764e-12,1.37e-12,1.272e-11,1.37e-12,4.1764e-12,31633556877.135265
bot1,0.3,-4,1.466e-12,-2.5800000000000003e-12,8.400000000000002e-13,2.5800000000000003e-12,1.466e-12,45128390270.31905
bot1,0.4,-4,2.554e-13,-4.800000000000001e-13,1.55e-12,4.800000000000001e-13,2.554e-13,-82712985938.7924
bot1,0.5,-4,-9.52e-13,2.97e-12,2.2000000000000003e-12,2.97e-12,9.52e-13,-95712098009.18834
bot1,0.6,-4,-1.8342e-12,1.164e-11,3.570000000000001e-12,1.164e-11,1.8342e-12,-124734938256.2056
bot1,0.7,-4,-2.5554e-12,2.358e-11,5.470000000000001e-12,2.358e-11,2.5554e-12,-154583397743.08246
bot1,0.8,-4,-3.128e-12,3.613e-11,7.27e-12,3.613e-11,3.128e-12,-209205020920.50204
bot1,0.9,-4,-3.5114e-12,4.698e-11,8.890000000000003e-12,4.698e-11,3.5114e-12,-255167134473.08
bot1,1.0,-4,-3.9118e-12,5.6970000000000005e-11,1.301e-11,5.6970000000000005e-11,3.9118e-12,-278318953520.73486
bot1,1.1,-4,-4.23e-12,6.045000000000001e-11,1.7380000000000002e-11,6.045000000000001e-11,4.23e-12,-408830744071.95416
bot1,1.2,-4,-4.401e-12,6.158000000000001e-11,2.242e-11,6.158000000000001e-11,4.401e-12,22142509189.14131
bot1,1.3,-4,4.8024e-12,-2.2700000000000003e-11,-3.678e-11,2.2700000000000003e-11,4.8024e-12,23471423541.83784
bot1,1.4,-4,4.12e-12,-1.27e-12,-1.3800000000000002e-11,1.27e-12,4.12e-12,-31790437436.41912
bot1,1.5,-4,-1.4888e-12,2.26e-12,-1.09e-12,2.26e-12,1.4888e-12,-43146222548.21589
bot1,1.6,-4,-5.154e-13,9.8e-13,-2e-12,9.8e-13,5.154e-13,94073377234.2427
bot1,1.7,-4,6.372e-13,-1.9700000000000003e-12,-2.87e-12,1.9700000000000003e-12,6.372e-13,88794175102.11328
bot1,1.8,-4,1.737e-12,-1.017e-11,-3.640000000000001e-12,1.017e-11,1.737e-12,96993210475.2668
bot1,1.9,-4,2.6992e-12,-2.247e-11,-5.160000000000001e-12,2.247e-11,2.6992e-12,123228589032.65556
bot1,2.0,-4,3.36e-12,-3.847e-11,-8e-12,3.847e-11,3.36e-12,192381685263.56284
bot1,2.1,-4,3.7388e-12,-5.055e-11,-1.066e-11,5.055e-11,3.7388e-12,303398058252.4275
bot1,2.2,-4,4.0192e-12,-5.907000000000001e-11,-1.4870000000000003e-11,5.907000000000001e-11,4.0192e-12,400320256204.9642
bot1,2.3000000000000003,-4,4.2384e-12,-6.08e-11,-2.018e-11,6.08e-11,4.2384e-12,-22790464469.66585
bot1,2.4,-4,-4.7564e-12,3.193e-11,3.5050000000000004e-11,3.193e-11,4.7564e-12,-22620851901.282574
bot1,2.5,-4,-4.603e-12,7.100000000000001e-13,2.104e-11,7.100000000000001e-13,4.603e-12,27720796141.2652
bot1,2.6,-4,2.4584e-12,-2.6000000000000002e-12,-1.4700000000000002e-12,2.6000000000000002e-12,2.4584e-12,37373397615.57726
bot1,2.7,-4,7.484e-13,-2.5500000000000002e-12,-2.6000000000000002e-12,2.5500000000000002e-12,7.484e-13,-235404896421.84573
bot1,2.8000000000000003,-4,1.6088e-12,-7.380000000000001e-12,-3.51e-12,7.380000000000001e-12,1.6088e-12,129668049792.53096
bot1,2.9,-4,2.2908e-12,-1.814e-11,-5.060000000000001e-12,1.814e-11,2.2908e-12,144112984579.91046
bot1,3.0,-4,2.9966e-12,-3.1230000000000005e-11,-6.290000000000001e-12,3.1230000000000005e-11,2.9966e-12,180212650928.09528
bot1,3.1,-4,3.4006e-12,-4.3760000000000006e-11,-8.65e-12,4.3760000000000006e-11,3.4006e-12,258598396689.94064
bot1,3.2,-4,3.77e-12,-5.292e-11,-1.128e-11,5.292e-11,3.77e-12,264900662251.65588
bot1,3.3000000000000003,-4,4.1556e-12,-5.821e-11,-1.557e-11,5.821e-11,4.1556e-12,355618776671.4082
bot1,3.4,-4,4.3324e-12,-6.186000000000001e-11,-2.01e-11,6.186000000000001e-11,4.3324e-12,-22424038569.34631
bot1,3.5,-4,-4.7634e-12,3.186e-11,3.434e-11,3.186e-11,4.7634e-12,-22547914317.925613
bot1,3.6,-4,-4.5376e-12,7.800000000000002e-13,2.099e-11,7.800000000000002e-13,4.5376e-12,27015344715.798595
bot1,3.7,-4,2.6398e-12,-2.44e-12,-2.4300000000000003e-12,2.44e-12,2.6398e-12,38235069205.475296
bot1,3.8,-4,6.932e-13,-1.74e-12,-2.9e-12,1.74e-12,6.932e-13,-223264121455.68176
bot1,3.9,-4,1.744e-12,-1.127e-11,-3.690000000000001e-12,1.127e-11,1.744e-12,106940434178.16264
bot1,4.0,-4,2.5634e-12,-2.225e-11,-5.64e-12,2.225e-11,2.5634e-12,135171668018.38316
bot1,4.1,-4,3.2236e-12,-3.778e-11,-7.74e-12,3.778e-11,3.2236e-12,174581005586.59235
bot1,4.2,-4,3.709e-12,-4.945e-11,-9.92e-12,4.945e-11,3.709e-12,245821042281.2196
bot1,4.3,-4,4.0372e-12,-5.6360000000000006e-11,-1.345e-11,5.6360000000000006e-11,4.0372e-12,424448217317.4871
bot1,4.4,-4,4.1802e-12,-6.095000000000001e-11,-1.817e-11,6.095000000000001e-11,4.1802e-12,677506775067.7517
bot1,4.5,-4,4.3324e-12,-6.148e-11,-2.235e-11,6.148e-11,4.3324e-12,-22249911000.35601
bot1,4.6000000000000005,-4,-4.8086e-12,2.7160000000000003e-11,3.5560000000000004e-11,2.7160000000000003e-11,4.8086e-12,-22755199563.10019
bot1,4.7,-4,-4.4568e-12,2.350000000000001e-12,1.657e-11,2.350000000000001e-12,4.4568e-12,28932673668.373592
bot1,4.8,-4,2.104e-12,-2.830000000000001e-12,-2.8e-13,2.830000000000001e-12,2.104e-12,35651894898.213875
bot1,4.9,-4,1.153e-12,-1.4e-12,7.700000000000002e-13,1.4e-12,1.153e-12,-88432967810.3998
bot1,5.0,-4,-1.576e-13,-6.3e-13,1.2800000000000002e-12,6.3e-13,1.576e-13,-76300930871.35635
bot1,0.0,-3,4.0396e-12,-6.091e-11,-1.7910000000000003e-11,6.091e-11,4.0396e-12,-11464734476.74952
bot1,0.1,-3,-4.6828e-12,3.193e-11,3.413e-11,3.193e-11,4.6828e-12,196811651249.7541
bot1,0.2,-3,5.0558e-12,-1.2400000000000002e-12,-3.2610000000000004e-11,1.2400000000000002e-12,5.0558e-12,27952480782.66946
bot1,0.3,-3,2.4722e-12,-3.1400000000000004e-12,-1e-12,3.1400000000000004e-12,2.4722e-12,-52402662055.232414
bot1,0.4,-3,1.2392e-12,-1.86e-12,1.13e-12,1.86e-12,1.2392e-12,-84997875053.12367
bot1,0.5,-3,1.192e-13,-4.500000000000001e-13,1.6800000000000001e-12,4.500000000000001e-13,1.192e-13,-93379400504.24872
bot1,0.6,-3,-9.026e-13,3.18e-12,2.87e-12,3.18e-12,9.026e-13,-99710838568.15236
bot1,0.7,-3,-1.8866e-12,1.063e-11,3.730000000000001e-12,1.063e-11,1.8866e-12,-119531436767.87
bot1,0.8,-3,-2.5758e-12,2.3190000000000003e-11,5.120000000000001e-12,2.3190000000000003e-11,2.5758e-12,-142328494164.53174
bot1,0.9,-3,-3.2918e-12,4.0120000000000006e-11,7.35e-12,4.0120000000000006e-11,3.2918e-12,-169176112332.93857
bot1,1.0,-3,-3.758e-12,5.263e-11,1.104e-11,5.263e-11,3.758e-12,-253164556962.02536
bot1,1.1,-3,-4.0818e-12,5.895e-11,1.48e-11,5.895e-11,4.0818e-12,-349895031490.55286
bot1,1.2,-3,-4.3296e-12,6.241000000000001e-11,1.947e-11,6.241000000000001e-11,4.3296e-12,-530503978779.8411
bot1,1.3,-3,-4.4588e-12,5.990000000000001e-11,2.431e-11,5.990000000000001e-11,4.4588e-12,21605738484.141407
bot1,1.4,-3,4.9272e-12,-1.855e-11,-3.711e-11,1.855e-11,4.9272e-12,23629489603.02457
bot1,1.5,-3,4.0052e-12,-1.0600000000000001e-12,-1.3290000000000002e-11,1.0600000000000001e-12,4.0052e-12,-30826140567.200977
bot1,1.6,-3,-1.5608e-12,2.72e-12,-1.2800000000000002e-12,2.72e-12,1.5608e-12,-46221400508.4354
bot1,1.7,-3,-3.218e-13,2.01e-12,-2.070000000000001e-12,2.01e-12,3.218e-13,86206896551.72412
bot1,1.8,-3,7.591999999999999e-13,-1.85e-12,-2.6000000000000002e-12,1.85e-12,7.591999999999999e-13,98357430903.90488
bot1,1.9,-3,1.7116e-12,-9.52e-12,-3.46e-12,9.52e-12,1.7116e-12,109098843552.2583
bot1,2.0,-3,2.5924e-12,-2.2080000000000003e-11,-5.4000000000000004e-12,2.2080000000000003e-11,2.5924e-12,134030290845.73112
bot1,2.1,-3,3.2038e-12,-3.562e-11,-7.21e-12,3.562e-11,3.2038e-12,185942729639.27127
bot1,2.2,-3,3.668e-12,-4.934e-11,-9.71e-12,4.934e-11,3.668e-12,246852628980.49887
bot1,2.3000000000000003,-3,4.014e-12,-5.7370000000000005e-11,-1.396e-11,5.7370000000000005e-11,4.014e-12,346500346500.34625
bot1,2.4,-3,4.2452e-12,-6.162e-11,-1.957e-11,6.162e-11,4.2452e-12,-22889580662.88223
bot1,2.5,-3,-4.7236e-12,3.3080000000000004e-11,3.423e-11,3.3080000000000004e-11,4.7236e-12,242600679281.9021
bot1,2.6,-3,5.0696e-12,-1.4800000000000006e-12,-3.336e-11,1.4800000000000006e-12,5.0696e-12,27450657443.24579
bot1,2.7,-3,2.5622e-12,-3.25e-12,-2.23e-12,3.25e-12,2.5622e-12,-44871219599.74877
bot1,2.8000000000000003,-3,6.124e-13,-1.9700000000000003e-12,-2.6100000000000004e-12,1.9700000000000003e-12,6.124e-13,-207770621234.1572
bot1,2.9,-3,1.5996e-12,-8.570000000000001e-12,-3.75e-12,8.570000000000001e-12,1.5996e-12,100150225338.0069
bot1,3.0,-3,2.6094e-12,-2.333e-11,-5.43e-12,2.333e-11,2.6094e-12,113584734211.72205
bot1,3.1,-3,3.3604e-12,-4.185e-11,-8.62e-12,4.185e-11,3.3604e-12,174489617867.737
bot1,3.2,-3,3.7556e-12,-5.247000000000001e-11,-1.143e-11,5.247000000000001e-11,3.7556e-12,281531531531.5318
bot1,3.3000000000000003,-3,4.0708e-12,-5.932000000000001e-11,-1.5050000000000002e-11,5.932000000000001e-11,4.0708e-12,359453630481.6672
bot1,3.4,-3,4.312e-12,-6.161000000000001e-11,-2.0370000000000003e-11,6.161000000000001e-11,4.312e-12,-22537242793.71659
bot1,3.5,-3,-4.8034e-12,3.284e-11,3.4680000000000003e-11,3.284e-11,4.8034e-12,-22488081316.90206
bot1,3.6,-3,-4.5816e-12,9.600000000000002e-13,2.155e-11,9.600000000000002e-13,4.5816e-12,27676298018.377087
bot1,3.7,-3,2.423e-12,-1.8200000000000003e-12,-1.22e-12,1.8200000000000003e-12,2.423e-12,35505059470.97465
bot1,3.8,-3,1.0514e-12,-3.0300000000000002e-12,1.3500000000000001e-12,3.0300000000000002e-12,1.0514e-12,-81004455245.03836
bot1,3.9,-3,-4.6e-14,-2.5e-13,2.01e-12,2.5e-13,4.6e-14,-89936145336.81073
bot1,4.0,-3,-1.1724e-12,4.23e-12,2.6600000000000004e-12,4.23e-12,1.1724e-12,-100857286938.98122
bot1,4.1,-3,-2.029e-12,1.58e-11,4.21e-12,1.58e-11,2.029e-12,-116373792621.90164
bot1,4.2,-3,-2.891e-12,2.927e-11,6.21e-12,2.927e-11,2.891e-12,-128435653737.47765
bot1,4.3,-3,-3.5862e-12,4.537e-11,9.11e-12,4.537e-11,3.5862e-12,-195045835771.4065
bot1,4.4,-3,-3.9164e-12,5.51e-11,1.188e-11,5.51e-11,3.9164e-12,-364697301239.9712
bot1,4.5,-3,-4.1346e-12,6.064000000000001e-11,1.542e-11,6.064000000000001e-11,4.1346e-12,-556792873051.225
bot1,4.6000000000000005,-3,-4.2756e-12,6.131e-11,2.079e-11,6.131e-11,4.2756e-12,22610622470.43664
bot1,4.7,-3,4.7108e-12,-2.863e-11,-3.61e-11,2.863e-11,4.7108e-12,22880677268.04705
bot1,4.8,-3,4.4654e-12,-1.78e-12,-1.886e-11,1.78e-12,4.4654e-12,-28631964725.419483
bot1,4.9,-3,-2.2744e-12,2.2700000000000002e-12,5.7e-13,2.2700000000000002e-12,2.2744e-12,-36209581055.14722
bot1,5.0,-3,-1.058e-12,1.9e-12,-1.08e-12,1.9e-12,1.058e-12,82209799408.08914
bot1,0.0,-2,4.7866e-12,-6.015000000000001e-11,-2.498e-11,6.015000000000001e-11,4.7866e-12,-10311829731.06748
bot1,0.1,-2,-4.911e-12,1.168e-11,3.654e-11,1.168e-11,4.911e-12,-23351937043.17773
bot1,0.2,-2,-3.778e-12,1.7700000000000001e-12,1.052e-11,1.7700000000000001e-12,3.778e-12,33923604043.6936
bot1,0.3,-2,9.846e-13,-1.65e-12,1.04e-12,1.65e-12,9.846e-13,61218243036.42485
bot1,0.4,-2,-5.11e-13,1.6600000000000002e-12,2.36e-12,1.6600000000000002e-12,5.11e-13,-70601524992.93985
bot1,0.5,-2,-1.8482e-12,1.173e-11,3.77e-12,1.173e-11,1.8482e-12,-85215168299.95734
bot1,0.6,-2,-2.858e-12,2.641e-11,5.53e-12,2.641e-11,2.858e-12,-127129417747.26675
bot1,0.7,-2,-3.4214e-12,4.2700000000000005e-11,8.02e-12,4.2700000000000005e-11,3.4214e-12,-184128153194.6236
bot1,0.8,-2,-3.9442e-12,5.5920000000000006e-11,1.26e-11,5.5920000000000006e-11,3.9442e-12,-278009452321.3787
bot1,0.9,-2,-4.1408e-12,6.09e-11,1.7000000000000003e-11,6.09e-11,4.1408e-12,-598086124401.914
bot1,1.0,-2,-4.2786e-12,6.116e-11,2.258e-11,6.116e-11,4.2786e-12,22237046920.16901
bot1,1.1,-2,4.8532e-12,-2.058e-11,-3.675e-11,2.058e-11,4.8532e-12,23843586075.34573
bot1,1.2,-2,4.1094e-12,-2.19e-12,-1.226e-11,2.19e-12,4.1094e-12,-32213381438.64961
bot1,1.3,-2,-1.3554e-12,3.0300000000000002e-12,-1.2800000000000002e-12,3.0300000000000002e-12,1.3554e-12,-50758844728.694016
bot1,1.4,-2,1.692e-13,-5.500000000000001e-13,-2.5500000000000002e-12,5.500000000000001e-13,1.692e-13,76740081344.4862
bot1,1.5,-2,1.2508e-12,-5.010000000000001e-12,-3.1700000000000004e-12,5.010000000000001e-12,1.2508e-12,99078569305.4592
bot1,1.6,-2,2.1878e-12,-1.7380000000000002e-11,-4.550000000000001e-12,1.7380000000000002e-11,2.1878e-12,117109731818.71413
bot1,1.7,-2,2.9586e-12,-3.0680000000000004e-11,-6.65e-12,3.0680000000000004e-11,2.9586e-12,139918847068.70013
bot1,1.8,-2,3.6172e-12,-4.9180000000000005e-11,-9.7e-12,4.9180000000000005e-11,3.6172e-12,188786105342.6469
bot1,1.9,-2,4.018e-12,-5.758e-11,-1.437e-11,5.758e-11,4.018e-12,300300300300.3002
bot1,2.0,-2,4.2832e-12,-6.231e-11,-1.9040000000000003e-11,6.231e-11,4.2832e-12,485908649173.9557
bot1,2.1,-2,4.4296e-12,-6.032e-11,-2.522e-11,6.032e-11,4.4296e-12,-21629104122.507267
bot1,2.2,-2,-4.9636e-12,1.256e-11,3.698e-11,1.256e-11,4.9636e-12,-24891101431.23836
bot1,2.3000000000000003,-2,-3.6054e-12,1.51e-12,8.700000000000001e-12,1.51e-12,3.6054e-12,35764099996.423546
bot1,2.4,-2,6.286e-13,-1.8400000000000002e-12,1.04e-12,1.8400000000000002e-12,6.286e-13,67727734507.28064
bot1,2.5,-2,-6.524e-13,1.13e-12,2.57e-12,1.13e-12,6.524e-13,-83097889313.61151
bot1,2.6,-2,-1.7782e-12,1.11e-11,3.780000000000001e-12,1.11e-11,1.7782e-12,-93976130062.96408
bot1,2.7,-2,-2.7806e-12,2.7740000000000003e-11,5.4500000000000004e-12,2.7740000000000003e-11,2.7806e-12,-123380629241.20924
bot1,2.8000000000000003,-2,-3.3992e-12,4.251e-11,8.41e-12,4.251e-11,3.3992e-12,-166694449074.84555
bot1,2.9,-2,-3.9804e-12,5.608e-11,1.22e-11,5.608e-11,3.9804e-12,-245700245700.24536
bot1,3.0,-2,-4.2132e-12,6.169000000000001e-11,1.7090000000000003e-11,6.169000000000001e-11,4.2132e-12,-545256270447.1112
bot1,3.1,-2,-4.3472e-12,6.117000000000001e-11,2.234e-11,6.117000000000001e-11,4.3472e-12,22169016582.424423
bot1,3.2,-2,4.8084e-12,-2.2060000000000003e-11,-3.685e-11,2.2060000000000003e-11,4.8084e-12,23904572944.804363
bot1,3.3000000000000003,-2,4.0194e-12,-1.86e-12,-1.25e-11,1.86e-12,4.0194e-12,-33189512114.17188
bot1,3.4,-2,-1.2176e-12,2.680000000000001e-12,-1.31e-12,2.680000000000001e-12,1.2176e-12,-51274162949.28979
bot1,3.5,-2,1.188e-13,4.2000000000000003e-13,-2.450000000000001e-12,4.2000000000000003e-13,1.188e-13,75884049172.86394
bot1,3.6,-2,1.418e-12,-6.8300000000000006e-12,-3.3100000000000002e-12,6.8300000000000006e-12,1.418e-12,89174246477.61734
bot1,3.7,-2,2.3616e-12,-1.817e-11,-4.5400000000000004e-12,1.817e-11,2.3616e-12,114534417592.48666
bot1,3.8,-2,3.1642e-12,-3.5350000000000006e-11,-7.44e-12,3.5350000000000006e-11,3.1642e-12,145942790426.15277
bot1,3.9,-2,3.732e-12,-5.16e-11,-1.053e-11,5.16e-11,3.732e-12,204624514016.77887
bot1,4.0,-2,4.1416e-12,-5.863000000000001e-11,-1.531e-11,5.863000000000001e-11,4.1416e-12,394011032308.90405
bot1,4.1,-2,4.2396e-12,-6.059000000000001e-11,-2.063e-11,6.059000000000001e-11,4.2396e-12,-22527088824.311253
bot1,4.2,-2,-4.7366e-12,2.717e-11,3.5740000000000004e-11,2.717e-11,4.7366e-12,-23404952487.94647
bot1,4.3,-2,-4.3056e-12,1.0500000000000002e-12,1.59e-11,1.0500000000000002e-12,4.3056e-12,31587592393.70777
bot1,4.4,-2,1.595e-12,-2.3300000000000004e-12,6.200000000000001e-13,2.3300000000000004e-12,1.595e-12,43700563737.272255
bot1,4.5,-2,2.71e-13,-1.18e-12,1.5200000000000002e-12,1.18e-12,2.71e-13,-76887590342.91873
bot1,4.6000000000000005,-2,-1.0062e-12,3.690000000000001e-12,2.5500000000000002e-12,3.690000000000001e-12,1.0062e-12,-89613764674.25406
bot1,4.7,-2,-1.9608e-12,1.1150000000000002e-11,3.75e-12,1.1150000000000002e-11,1.9608e-12,-110011001100.10962
bot1,4.8,-2,-2.8242e-12,2.68e-11,5.63e-12,2.68e-11,2.8242e-12,-140390284992.27863
bot1,4.9,-2,-3.3854e-12,4.2780000000000006e-11,7.9e-12,4.2780000000000006e-11,3.3854e-12,-186776242062.00992
bot1,5.0,-2,-3.895e-12,5.604e-11,1.188e-11,5.604e-11,3.895e-12,-196232339089.4813
bot1,0.0,-1,-4.3278e-12,5.4170000000000005e-11,2.7690000000000003e-11,5.4170000000000005e-11,4.3278e-12,10685130572.295595
bot1,0.1,-1,5.031e-12,-2.4800000000000003e-12,-3.5640000000000006e-11,2.4800000000000003e-12,5.031e-12,27293321324.27195
bot1,0.2,-1,3e-12,-2.9400000000000004e-12,-4.21e-12,2.9400000000000004e-12,3e-12,-43183486634.71088
bot1,0.3,-1,3.996e-13,-1.14e-12,-2.5300000000000003e-12,1.14e-12,3.996e-13,-147623265426.63126
bot1,0.4,-1,1.6452e-12,-9.52e-12,-3.76e-12,9.52e-12,1.6452e-12,93031909945.11118
bot1,0.5,-1,2.5494e-12,-2.252e-11,-4.92e-12,2.252e-11,2.5494e-12,121432908318.15416
bot1,0.6,-1,3.2922e-12,-3.795e-11,-7.580000000000001e-12,3.795e-11,3.2922e-12,153444836581.2491
bot1,0.7,-1,3.8528e-12,-5.3480000000000006e-11,-1.14e-11,5.3480000000000006e-11,3.8528e-12,218483722962.63937
bot1,0.8,-1,4.2076e-12,-6.081000000000001e-11,-1.619e-11,6.081000000000001e-11,4.2076e-12,387897595034.9108
bot1,0.9,-1,4.3684e-12,-6.210000000000001e-11,-2.189e-11,6.210000000000001e-11,4.3684e-12,-22117043393.639133
bot1,1.0,-1,-4.8352e-12,2.258e-11,3.6510000000000005e-11,2.258e-11,4.8352e-12,-23348120476.301662
bot1,1.1,-1,-4.1976e-12,1.31e-12,1.4210000000000002e-11,1.31e-12,4.1976e-12,31059758976.270336
bot1,1.2,-1,1.604e-12,-3.2400000000000007e-12,1.07e-12,3.2400000000000007e-12,1.604e-12,47072114479.38241
bot1,1.3,-1,5.12e-14,-8.9e-13,1.45e-12,8.9e-13,5.12e-14,-71500071500.07156
bot1,1.4,-1,-1.1932e-12,5.4000000000000004e-12,2.49e-12,5.4000000000000004e-12,1.1932e-12,-85557837097.87814
bot1,1.5,-1,-2.2864e-12,1.7820000000000003e-11,4.390000000000001e-12,1.7820000000000003e-11,2.2864e-12,-100836946657.2552
bot1,1.6,-1,-3.1766e-12,3.387e-11,6.76e-12,3.387e-11,3.1766e-12,-139178844815.58798
bot1,1.7,-1,-3.7234e-12,4.852e-11,9.37e-12,4.852e-11,3.7234e-12,-264270613107.8223
bot1,1.8,-1,-3.9334e-12,5.6610000000000005e-11,1.2570000000000002e-11,5.6610000000000005e-11,3.9334e-12,-485201358563.8042
bot1,1.9,-1,-4.1356e-12,6.042000000000001e-11,1.7110000000000003e-11,6.042000000000001e-11,4.1356e-12,-481695568400.7705
bot1,2.0,-1,-4.3486e-12,5.909e-11,2.4630000000000003e-11,5.909e-11,4.3486e-12,22112152839.20042
bot1,2.1,-1,4.9092e-12,-1.848e-11,-3.7060000000000006e-11,1.848e-11,4.9092e-12,23773863015.001328
bot1,2.2,-1,4.064e-12,-2.070000000000001e-12,-1.16e-11,2.070000000000001e-12,4.064e-12,-35100035100.03513
bot1,2.3000000000000003,-1,-7.888e-13,2.39e-12,-1.5300000000000001e-12,2.39e-12,7.888e-13,-59449497651.74477
bot1,2.4,-1,6.998e-13,-1.6100000000000002e-12,-2.7600000000000004e-12,1.6100000000000002e-12,6.998e-13,79624173899.1957
bot1,2.5,-1,1.723e-12,-8.780000000000001e-12,-3.58e-12,8.780000000000001e-12,1.723e-12,100603621730.3824
bot1,2.6,-1,2.6878e-12,-2.349e-11,-5.49e-12,2.349e-11,2.6878e-12,122534003185.8842
bot1,2.7,-1,3.3552e-12,-4.1970000000000005e-11,-8.43e-12,4.1970000000000005e-11,3.3552e-12,169750466813.7839
bot1,2.8000000000000003,-1,3.866e-12,-5.47e-11,-1.213e-11,5.47e-11,3.866e-12,263435194942.0441
bot1,2.9,-1,4.1144e-12,-6.165e-11,-1.7360000000000002e-11,6.165e-11,4.1144e-12,378357926598.56177
bot1,3.0,-1,4.3946e-12,-6.115e-11,-2.303e-11,6.115e-11,4.3946e-12,-22118021764.13344
bot1,3.1,-1,-4.928e-12,1.94e-11,3.664e-11,1.94e-11,4.928e-12,-23786869647.95436
bot1,3.2,-1,-4.0134e-12,2.8900000000000004e-12,1.193e-11,2.8900000000000004e-12,4.0134e-12,34221963656.274624
bot1,3.3000000000000003,-1,9.162e-13,-2.28e-12,1.0100000000000001e-12,2.28e-12,9.162e-13,52820621170.50489
bot1,3.4,-1,-2.27e-13,1.12e-12,1.78e-12,1.12e-12,2.27e-13,-87726993595.92934
bot1,3.5,-1,-1.3636e-12,6.750000000000001e-12,3.060000000000001e-12,6.750000000000001e-12,1.3636e-12,-92097992263.76874
bot1,3.6,-1,-2.3986e-12,2.145e-11,4.84e-12,2.145e-11,2.3986e-12,-105853710172.54164
bot1,3.7,-1,-3.253e-12,3.687e-11,7.29e-12,3.687e-11,3.253e-12,-137797988149.37314
bot1,3.8,-1,-3.85e-12,5.316000000000001e-11,1.086e-11,5.316000000000001e-11,3.85e-12,-219202104340.20132
bot1,3.9,-1,-4.1654e-12,5.970000000000001e-11,1.55e-11,5.970000000000001e-11,4.1654e-12,-394632991318.0736
bot1,4.0,-1,-4.3568e-12,6.138e-11,2.134e-11,6.138e-11,4.3568e-12,22291573785.1092
bot1,4.1,-1,4.8066e-12,-2.6120000000000003e-11,-3.577e-11,2.6120000000000003e-11,4.8066e-12,22955787153.94153
bot1,4.2,-1,4.3556e-12,-2.1700000000000002e-12,-1.763e-11,2.1700000000000002e-12,4.3556e-12,-30154087386.54527
bot1,4.3,-1,-1.826e-12,2.9100000000000003e-12,-6.6e-13,2.9100000000000003e-12,1.826e-12,-40749796251.01878
bot1,4.4,-1,-5.524e-13,1.6600000000000002e-12,-1.86e-12,1.6600000000000002e-12,5.524e-13,73319158296.06282
bot1,4.5,-1,9.018e-13,-3.38e-12,-2.5800000000000003e-12,3.38e-12,9.018e-13,79365079365.07942
bot1,4.6000000000000005,-1,1.9676e-12,-1.303e-11,-4.350000000000001e-12,1.303e-11,1.9676e-12,103712922630.15982
bot1,4.7,-1,2.8302e-12,-2.8420000000000004e-11,-5.770000000000001e-12,2.8420000000000004e-11,2.8302e-12,131337010769.6344
bot1,4.8,-1,3.4904e-12,-4.566e-11,-9.07e-12,4.566e-11,3.4904e-12,176584849019.9542
bot1,4.9,-1,3.9628e-12,-5.649e-11,-1.25e-11,5.649e-11,3.9628e-12,289603243556.32794
bot1,5.0,-1,4.181e-12,-6.111000000000001e-11,-1.932e-11,6.111000000000001e-11,4.181e-12,458295142071.4924
bot1,0.0,0,-4.1366e-12,2.3800000000000004e-12,1.6650000000000002e-11,2.3800000000000004e-12,4.1366e-12,295642291.74809146
bot1,0.1,0,3.3411000000000005e-10,2.400000000000001e-12,-3.1613e-10,2.400000000000001e-12,3.3411000000000005e-10,577506247.1738288
bot1,0.2,0,3.4218e-10,1.5800000000000001e-12,-3.7906e-10,1.5800000000000001e-12,3.4218e-10,4364906154.517676
bot1,0.3,0,3.7993000000000005e-10,-5.782000000000001e-11,-3.9397e-10,5.782000000000001e-11,3.7993000000000005e-10,4280821917.8082175
bot1,0.4,0,3.889e-10,-4.0900000000000005e-12,-4.1554000000000005e-10,4.0900000000000005e-12,3.889e-10,5701254275.940708
bot1,0.5,0,4.1501000000000005e-10,-2.6600000000000004e-12,-3.7905000000000005e-10,2.6600000000000004e-12,4.1501000000000005e-10,-49140049140.04954
bot1,0.6,0,3.8483000000000006e-10,4.5540000000000005e-11,-3.7091e-10,4.5540000000000005e-11,3.8483000000000006e-10,-4811161895.597783
bot1,0.7,0,3.7344e-10,2.226e-11,-3.4169000000000004e-10,2.226e-11,3.7344e-10,-5282620179.609086
bot1,0.8,0,3.4697000000000004e-10,1.93e-12,-3.7238e-10,1.93e-12,3.4697000000000004e-10,-21436227224.00867
bot1,0.9,0,3.6411000000000005e-10,-2.672e-11,-3.8365e-10,2.672e-11,3.6411000000000005e-10,5763688760.806916
bot1,1.0,0,3.8167e-10,-4.5180000000000006e-11,-4.093e-10,4.5180000000000006e-11,3.8167e-10,5295207836.907605
bot1,1.1,0,4.0188e-10,-2.2200000000000002e-12,-3.9531000000000005e-10,2.2200000000000002e-12,4.0188e-10,8984725965.858046
bot1,1.2,0,4.0393e-10,7.870000000000001e-12,-3.7764000000000005e-10,7.870000000000001e-12,4.0393e-10,-9367681498.829042
bot1,1.3,0,3.8053e-10,5.284e-11,-3.6712e-10,5.284e-11,3.8053e-10,-6015037593.984964
bot1,1.4,0,3.7068e-10,9.82e-12,-3.4138e-10,9.82e-12,3.7068e-10,-5442176870.748298
bot1,1.5,0,3.4378000000000003e-10,2.6300000000000007e-12,-3.7584e-10,2.6300000000000007e-12,3.4378000000000003e-10,-69686411149.82674
bot1,1.6,0,3.6781000000000005e-10,-3.7750000000000005e-11,-3.8519e-10,3.7750000000000005e-11,3.6781000000000005e-10,5271481286.241428
bot1,1.7,0,3.8172000000000005e-10,-3.4030000000000004e-11,-4.1282e-10,3.4030000000000004e-11,3.8172000000000005e-10,5312084993.359897
bot1,1.8,0,4.0546e-10,-2.59e-12,-3.8695e-10,2.59e-12,4.0546e-10,14903129657.22804
bot1,1.9,0,3.9514e-10,1.916e-11,-3.7274000000000005e-10,1.916e-11,3.9514e-10,-6363347120.585434
bot1,2.0,0,3.7403000000000005e-10,5.3520000000000006e-11,-3.4965000000000003e-10,5.3520000000000006e-11,3.7403000000000005e-10,-5227391531.625712
bot1,2.1,0,3.5688e-10,2.1500000000000003e-12,-3.5684000000000003e-10,2.1500000000000003e-12,3.5688e-10,-7748934521.503289
bot1,2.2,0,3.4822e-10,-3.02e-12,-3.8039e-10,3.02e-12,3.4822e-10,9191176470.588226
bot1,2.3000000000000003,0,3.7864000000000005e-10,-6.131e-11,-3.98e-10,6.131e-11,3.7864000000000005e-10,4671805652.88483
bot1,2.4,0,3.9103e-10,-1.03e-12,-4.065e-10,1.03e-12,3.9103e-10,6216972334.473104
bot1,2.5,0,4.1081000000000005e-10,-2.41e-12,-3.7566e-10,2.41e-12,4.1081000000000005e-10,-14245014245.01422
bot1,2.6,0,3.7699e-10,5.962000000000001e-11,-3.6229000000000005e-10,5.962000000000001e-11,3.7699e-10,-4699248120.300756
bot1,2.7,0,3.6825000000000005e-10,2.36e-12,-3.4144e-10,2.36e-12,3.6825000000000005e-10,-5567928730.51226
bot1,2.8000000000000003,0,3.4107000000000004e-10,2.51e-12,-3.7807e-10,2.51e-12,3.4107000000000004e-10,48076923076.92344
bot1,2.9,0,3.7241e-10,-4.7510000000000006e-11,-3.8652e-10,4.7510000000000006e-11,3.7241e-10,4808848280.836732
bot1,3.0,0,3.8266000000000005e-10,-1.891e-11,-4.1414e-10,1.891e-11,3.8266000000000005e-10,5483959418.700302
bot1,3.1,0,4.0888e-10,-2.42e-12,-3.8223e-10,2.42e-12,4.0888e-10,23752969121.140285
bot1,3.2,0,3.9108e-10,2.6120000000000003e-11,-3.7127000000000005e-10,2.6120000000000003e-11,3.9108e-10,-5758710048.949041
bot1,3.3000000000000003,0,3.7415000000000005e-10,4.309e-11,-3.4642000000000003e-10,4.309e-11,3.7415000000000005e-10,-5095541401.273879
bot1,3.4,0,3.5183e-10,1.5700000000000002e-12,-3.6220000000000005e-10,1.5700000000000002e-12,3.5183e-10,-8932559178.204538
bot1,3.5,0,3.5176000000000003e-10,-9.65e-12,-3.8025e-10,9.65e-12,3.5176000000000003e-10,7358351729.212661
bot1,3.6,0,3.7901e-10,-5.987000000000001e-11,-4.0096e-10,5.987000000000001e-11,3.7901e-10,4868549172.346648
bot1,3.7,0,3.9284e-10,-1.5700000000000002e-12,-4.0501e-10,1.5700000000000002e-12,3.9284e-10,6193868070.610102
bot1,3.8,0,4.113e-10,-1.8100000000000002e-12,-3.7577e-10,1.8100000000000002e-12,4.113e-10,-12360939431.396778
bot1,3.9,0,3.7666e-10,5.972e-11,-3.6105e-10,5.972e-11,3.7666e-10,-4530011325.028307
bot1,4.0,0,3.6715e-10,1.74e-12,-3.4243000000000003e-10,1.74e-12,3.6715e-10,-5625879043.600555
bot1,4.1,0,3.4111e-10,2.830000000000001e-12,-3.7827e-10,2.830000000000001e-12,3.4111e-10,32051282051.281967
bot1,4.2,0,3.7339e-10,-5.058e-11,-3.8725e-10,5.058e-11,3.7339e-10,4719207173.194905
bot1,4.3,0,3.8349e-10,-1.852e-11,-4.1460000000000005e-10,1.852e-11,3.8349e-10,5366246310.705671
bot1,4.4,0,4.1066e-10,-1.6200000000000004e-12,-3.8126e-10,1.6200000000000004e-12,4.1066e-10,39370078740.15754
bot1,4.5,0,3.8857e-10,3.2350000000000003e-11,-3.7099e-10,3.2350000000000003e-11,3.8857e-10,-5336179295.624344
bot1,4.6000000000000005,0,3.7318000000000005e-10,3.683e-11,-3.4354000000000004e-10,3.683e-11,3.7318000000000005e-10,-5137426149.499107
bot1,4.7,0,3.4964000000000005e-10,1.1600000000000001e-12,-3.6613e-10,1.1600000000000001e-12,3.4964000000000005e-10,-13192612137.203096
bot1,4.8,0,3.5802e-10,-1.5980000000000003e-11,-3.8190000000000005e-10,1.5980000000000003e-11,3.5802e-10,6542361792.6071415
bot1,4.9,0,3.8021e-10,-5.336e-11,-4.0526000000000006e-10,5.336e-11,3.8021e-10,4948045522.018807
bot1,5.0,0,3.9844e-10,-1.45e-12,-3.9783e-10,1.45e-12,3.9844e-10,5485463521.6675625
bot1,0.0,1,1.1664e-10,1.23e-12,-6.964e-11,1.23e-12,1.1664e-10,1317166.259047615
bot1,0.1,1,7.603719999999999e-08,1.025e-11,-7.602519999999999e-08,1.025e-11,7.603719999999999e-08,1426092.4723994064
bot1,0.2,1,1.4036e-07,-1.072e-11,-1.4028e-07,1.072e-11,1.4036e-07,1699483.696852896
bot1,0.3,1,1.9372e-07,-2.57e-12,-1.9368e-07,2.57e-12,1.9372e-07,2063131.8341242007
bot1,0.4,1,2.373e-07,1.7200000000000001e-12,-2.374e-07,1.7200000000000001e-12,2.373e-07,2545824.8472505086
bot1,0.5,1,2.7228e-07,-2.2000000000000002e-13,-2.7254e-07,2.2000000000000002e-13,2.7228e-07,3210272.8731942195
bot1,0.6,1,2.996e-07,3.547e-11,-2.9966e-07,3.547e-11,2.996e-07,4132231.40495868
bot1,0.7,1,3.2068e-07,-6.211e-11,-3.2056e-07,6.211e-11,3.2068e-07,5515719.801434091
bot1,0.8,1,3.3586e-07,4.62e-12,-3.3598e-07,4.62e-12,3.3586e-07,7745933.384972886
bot1,0.9,1,3.465e-07,2.42e-12,-3.4656e-07,2.42e-12,3.465e-07,11286681.715575634
bot1,1.0,1,3.5358e-07,-3.3480000000000004e-11,-3.5354e-07,3.3480000000000004e-11,3.5358e-07,18450184.50184501
bot1,1.1,1,3.5734e-07,6.150000000000001e-11,-3.5766e-07,6.150000000000001e-11,3.5734e-07,33444816.05351167
bot1,1.2,1,3.5956e-07,-1.198e-11,-3.5962e-07,1.198e-11,3.5956e-07,58139534.8837212
bot1,1.3,1,3.6078e-07,-2.16e-12,-3.6044e-07,2.16e-12,3.6078e-07,149253731.34327957
bot1,1.4,1,3.609e-07,2.09e-12,-3.6104e-07,2.09e-12,3.609e-07,416666666.6666536
bot1,1.5,1,3.6126e-07,-3.226e-11,-3.617e-07,3.226e-11,3.6126e-07,204081632.65306127
bot1,1.6,1,3.6188e-07,5.946000000000001e-11,-3.6156e-07,5.946000000000001e-11,3.6188e-07,588235294.1176211
bot1,1.7,1,3.616e-07,-3.136e-11,-3.6142e-07,3.136e-11,3.616e-07,-555555555.5554974
bot1,1.8,1,3.6152e-07,-2.8400000000000004e-12,-3.6182e-07,2.8400000000000004e-12,3.6152e-07,476190476.1904768
bot1,1.9,1,3.6202e-07,1.9e-12,-3.6218e-07,1.9e-12,3.6202e-07,322580645.16128254
bot1,2.0,1,3.6214e-07,-2.09e-12,-3.6182e-07,2.09e-12,3.6214e-07,666666666.6667341
bot1,2.1,1,3.6232e-07,2.717e-11,-3.6194e-07,2.717e-11,3.6232e-07,714285714.2857152
bot1,2.2,1,3.6242e-07,-6.159e-11,-3.6214e-07,6.159e-11,3.6242e-07,-1999999999.999852
bot1,2.3000000000000003,1,3.6222e-07,4.164e-11,-3.622e-07,4.164e-11,3.6222e-07,-714285714.2857137
bot1,2.4,1,3.6214e-07,-3.680000000000001e-12,-3.6198e-07,3.680000000000001e-12,3.6214e-07,1249999999.9998217
bot1,2.5,1,3.6238e-07,-1.51e-12,-3.6244e-07,1.51e-12,3.6238e-07,1666666666.6662488
bot1,2.6,1,3.6226e-07,1.8400000000000002e-12,-3.6208e-07,1.8400000000000002e-12,3.6226e-07,-9999999999.98867
bot1,2.7,1,3.6236e-07,-1.896e-11,-3.6236e-07,1.896e-11,3.6236e-07,666666666.6667348
bot1,2.8000000000000003,1,3.6256e-07,5.877000000000001e-11,-3.6254e-07,5.877000000000001e-11,3.6256e-07,434782608.69560885
bot1,2.9,1,3.6282e-07,-5.218e-11,-3.6324e-07,5.218e-11,3.6282e-07,-10000000000.015118
bot1,3.0,1,3.6254e-07,-2.2000000000000003e-12,-3.6274e-07,2.2000000000000003e-12,3.6254e-07,-3333333333.3324976
bot1,3.1,1,3.6276e-07,1.85e-12,-3.627e-07,1.85e-12,3.6276e-07,3333333333.3354387
bot1,3.2,1,3.626e-07,-1.4400000000000001e-12,-3.629e-07,1.4400000000000001e-12,3.626e-07,-714285714.2857152
bot1,3.3000000000000003,1,3.6248e-07,5.967e-11,-3.6266e-07,5.967e-11,3.6248e-07,5000000000.000941
bot1,3.4,1,3.6264e-07,-2.792e-11,-3.6228e-07,2.792e-11,3.6264e-07,1250000000.0002353
bot1,3.5,1,3.6264e-07,-2.730000000000001e-12,-3.6254e-07,2.730000000000001e-12,3.6264e-07,-2000000000.0009103
bot1,3.6,1,3.6254e-07,8.800000000000002e-13,-3.6248e-07,8.800000000000002e-13,3.6254e-07,1666666666.6662488
bot1,3.7,1,3.6276e-07,-5.6570000000000005e-11,-3.6276e-07,5.6570000000000005e-11,3.6276e-07,1111111111.111159
bot1,3.8,1,3.6272e-07,5.532e-11,-3.6292e-07,5.532e-11,3.6272e-07,1999999999.9998472
bot1,3.9,1,3.6286e-07,-1.8310000000000003e-11,-3.6276e-07,1.8310000000000003e-11,3.6286e-07,625000000.0000143
bot1,4.0,1,3.6304e-07,-1.51e-12,-3.6276e-07,1.51e-12,3.6304e-07,-999999999.9999236
bot1,4.1,1,3.6266e-07,1.73e-12,-3.6306e-07,1.73e-12,3.6266e-07,-714285714.2857152
bot1,4.2,1,3.6276e-07,-1.7760000000000002e-11,-3.6266e-07,1.7760000000000002e-11,3.6276e-07,
bot1,4.3,1,3.6266e-07,5.899000000000001e-11,-3.622e-07,5.899000000000001e-11,3.6266e-07,-909090909.0909728
bot1,4.4,1,3.6254e-07,-5.576e-11,-3.6214e-07,5.576e-11,3.6254e-07,-1249999999.9998243
bot1,4.5,1,3.625e-07,4.450000000000001e-12,-3.628e-07,4.450000000000001e-12,3.625e-07,1111111111.111159
bot1,4.6000000000000005,1,3.6272e-07,1.9400000000000002e-12,-3.6262e-07,1.9400000000000002e-12,3.6272e-07,454545454.5454317
bot1,4.7,1,3.6294e-07,-2.9900000000000004e-12,-3.6274e-07,2.9900000000000004e-12,3.6294e-07,-3333333333.332483
bot1,4.8,1,3.6266e-07,1.982e-11,-3.6314e-07,1.982e-11,3.6266e-07,5000000000.000953
bot1,4.9,1,3.6298e-07,-5.025e-11,-3.6266e-07,5.025e-11,3.6298e-07,500000000.000029
bot1,5.0,1,3.6306e-07,5.751e-11,-3.63e-07,5.751e-11,3.6306e-07,1250000000.0002325
bot1,0.0,2,1.1843e-10,5.892e-11,-9.052e-11,5.892e-11,1.1843e-10,469436.0294124206
bot1,0.1,2,2.1314e-07,-1.1000000000000001e-13,-2.1322e-07,1.1000000000000001e-13,2.1314e-07,485364.3595057895
bot1,0.2,2,4.1218e-07,3.25e-12,-4.1222e-07,3.25e-12,4.1218e-07,521485.189820609
bot1,0.3,2,5.9666e-07,-2.04e-12,-5.968e-07,2.04e-12,5.9666e-07,562524.6104517073
bot1,0.4,2,7.6772e-07,4.881e-11,-7.676e-07,4.881e-11,7.6772e-07,608642.7267194157
bot1,0.5,2,9.2526e-07,-5.804000000000001e-11,-9.2582e-07,5.804000000000001e-11,9.2526e-07,662295.516259355
bot1,0.6,2,1.0697e-06,2.2100000000000003e-11,-1.06966e-06,2.2100000000000003e-11,1.0697e-06,724270.2976750925
bot1,0.7,2,1.2014e-06,1.7700000000000001e-12,-1.2015e-06,1.7700000000000001e-12,1.2014e-06,794596.7421533564
bot1,0.8,2,1.3214000000000002e-06,1.9900000000000002e-12,-1.3218000000000002e-06,1.9900000000000002e-12,1.3214000000000002e-06,869943.4536755104
bot1,0.9,2,1.4313000000000002e-06,-2.473e-11,-1.4317000000000002e-06,2.473e-11,1.4313000000000002e-06,956022.9445506688
bot1,1.0,2,1.5306000000000002e-06,5.478e-11,-1.5308000000000002e-06,5.478e-11,1.5306000000000002e-06,1059883.4128245898
bot1,1.1,2,1.6200000000000002e-06,1.5e-12,-1.6203000000000002e-06,1.5e-12,1.6200000000000002e-06,1177163.0370806365
bot1,1.2,2,1.7005e-06,-2.5500000000000002e-12,-1.7009e-06,2.5500000000000002e-12,1.7005e-06,1316655.6945358787
bot1,1.3,2,1.7719e-06,4.214e-11,-1.7724000000000002e-06,4.214e-11,1.7719e-06,1484780.994803266
bot1,1.4,2,1.8352e-06,-4.428e-11,-1.8358000000000005e-06,4.428e-11,1.8352e-06,1690617.0752324597
bot1,1.5,2,1.8902e-06,-1.7200000000000001e-12,-1.8905e-06,1.7200000000000001e-12,1.8902e-06,1966568.3382497567
bot1,1.6,2,1.9369e-06,1.59e-12,-1.9375e-06,1.59e-12,1.9369e-06,2317497.1031286228
bot1,1.7,2,1.9765e-06,-5.974e-11,-1.9768000000000003e-06,5.974e-11,1.9765e-06,2777777.7777777645
bot1,1.8,2,2.0089000000000004e-06,-2.7000000000000002e-12,-2.0094e-06,2.7000000000000002e-12,2.0089000000000004e-06,3454231.4335060283
bot1,1.9,2,2.0344000000000004e-06,1.83e-12,-2.0349e-06,1.83e-12,2.0344000000000004e-06,4444444.444444444
bot1,2.0,2,2.0539000000000004e-06,-5.994e-11,-2.0542e-06,5.994e-11,2.0539000000000004e-06,5917159.763313608
bot1,2.1,2,2.0682000000000004e-06,-1.5400000000000001e-12,-2.0685e-06,1.5400000000000001e-12,2.0682000000000004e-06,8368200.836820129
bot1,2.2,2,2.0778e-06,2.77e-12,-2.0779e-06,2.77e-12,2.0778e-06,12422360.248447426
bot1,2.3000000000000003,2,2.0843e-06,-6.237e-11,-2.0844000000000003e-06,6.237e-11,2.0843e-06,18181818.18181819
bot1,2.4,2,2.0888e-06,-2.830000000000001e-12,-2.0891e-06,2.830000000000001e-12,2.0888e-06,25641025.64102508
bot1,2.5,2,2.0921000000000003e-06,2.1350000000000003e-11,-2.0925000000000003e-06,2.1350000000000003e-11,2.0921000000000003e-06,32258064.51612884
bot1,2.6,2,2.0950000000000003e-06,-4.772e-11,-2.0950000000000003e-06,4.772e-11,2.0950000000000003e-06,44444444.44444323
bot1,2.7,2,2.0966000000000004e-06,-1.79e-12,-2.0971e-06,1.79e-12,2.0966000000000004e-06,55555555.555557966
bot1,2.8000000000000003,2,2.0986e-06,1.365e-11,-2.0991000000000004e-06,1.365e-11,2.0986e-06,54054054.0540592
bot1,2.9,2,2.1003e-06,-2.353e-11,-2.1007e-06,2.353e-11,2.1003e-06,60606060.60605986
bot1,3.0,2,2.1019e-06,-2.21e-12,-2.1021e-06,2.21e-12,2.1019e-06,76923076.9230712
bot1,3.1,2,2.1029e-06,2.04e-12,-2.1035000000000003e-06,2.04e-12,2.1029e-06,80000000.00000083
bot1,3.2,2,2.1044e-06,-6.115e-11,-2.1047000000000004e-06,6.115e-11,2.1044e-06,95238095.23809776
bot1,3.3000000000000003,2,2.105e-06,9.85e-12,-2.1056e-06,9.85e-12,2.105e-06,95238095.23809756
bot1,3.4,2,2.1065e-06,1.86e-12,-2.1069e-06,1.86e-12,2.1065e-06,71428571.42856596
bot1,3.5,2,2.1078000000000004e-06,-2.8900000000000004e-12,-2.1082000000000004e-06,2.8900000000000004e-12,2.1078000000000004e-06,86956521.73913199
bot1,3.6,2,2.1088e-06,5.7810000000000005e-11,-2.1092e-06,5.7810000000000005e-11,2.1088e-06,133333333.33334224
bot1,3.7,2,2.1093000000000003e-06,3.0400000000000004e-12,-2.1099000000000003e-06,3.0400000000000004e-12,2.1093000000000003e-06,111111111.11110286
bot1,3.8,2,2.1106e-06,-1.6200000000000004e-12,-2.1113e-06,1.6200000000000004e-12,2.1106e-06,86956521.7391318
bot1,3.9,2,2.1116e-06,5.963e-11,-2.1116e-06,5.963e-11,2.1116e-06,142857142.85713193
bot1,4.0,2,2.1120000000000003e-06,2.1500000000000003e-12,-2.1131e-06,2.1500000000000003e-12,2.1120000000000003e-06,142857142.85713193
bot1,4.1,2,2.1130000000000004e-06,-4.1e-13,-2.1139e-06,4.1e-13,2.1130000000000004e-06,90909090.90910168
bot1,4.2,2,2.1142e-06,6.106000000000001e-11,-2.1145000000000003e-06,6.106000000000001e-11,2.1142e-06,125000000.0000238
bot1,4.3,2,2.1146e-06,-1.3280000000000002e-11,-2.115e-06,1.3280000000000002e-11,2.1146e-06,166666666.6666543
bot1,4.4,2,2.1154e-06,-9.700000000000001e-13,-2.1161000000000004e-06,9.700000000000001e-13,2.1154e-06,117647058.82350604
bot1,4.5,2,2.1163000000000004e-06,2.0480000000000003e-11,-2.1163000000000004e-06,2.0480000000000003e-11,2.1163000000000004e-06,181818181.8181333
bot1,4.6000000000000005,2,2.1165000000000004e-06,-1.899e-11,-2.1173e-06,1.899e-11,2.1165000000000004e-06,181818181.81820333
bot1,4.7,2,2.1174000000000003e-06,-1.86e-12,-2.1181e-06,1.86e-12,2.1174000000000003e-06,111111111.11112852
bot1,4.8,2,2.1183e-06,4.486e-11,-2.1187e-06,4.486e-11,2.1183e-06,142857142.85713226
bot1,4.9,2,2.1188000000000004e-06,-8.180000000000003e-12,-2.1193e-06,8.180000000000003e-12,2.1188000000000004e-06,181818181.8181333
bot1,5.0,2,2.1194000000000004e-06,-1.13e-12,-2.1203000000000003e-06,1.13e-12,2.1194000000000004e-06,166666666.66665354
bot1,0.0,3,1.863e-10,1.548e-11,-1.9289e-10,1.548e-11,1.863e-10,269895.55311989813
bot1,0.1,3,3.707e-07,-2.908e-11,-3.7054e-07,2.908e-11,3.707e-07,275887.29838328663
bot1,0.2,3,7.2512e-07,6.159e-11,-7.2508e-07,6.159e-11,7.2512e-07,289142.69191846176
bot1,0.3,3,1.0624e-06,-4.363e-11,-1.06244e-06,4.363e-11,1.0624e-06,303683.6830757083
bot1,0.4,3,1.3837000000000002e-06,-1.6200000000000004e-12,-1.3840000000000002e-06,1.6200000000000004e-12,1.3837000000000002e-06,318979.26634768734
bot1,0.5,3,1.6894e-06,-2.6600000000000004e-12,-1.6899e-06,2.6600000000000004e-12,1.6894e-06,335739.4661742488
bot1,0.6,3,1.9794e-06,3.8e-12,-1.9796e-06,3.8e-12,1.9794e-06,353857.04175513086
bot1,0.7,3,2.2546000000000004e-06,-6.136000000000001e-11,-2.2548000000000004e-06,6.136000000000001e-11,2.2546000000000004e-06,374181.4780168382
bot1,0.8,3,2.5139e-06,-3.3200000000000004e-12,-2.5144000000000004e-06,3.3200000000000004e-12,2.5139e-06,396196.5134706815
bot1,0.9,3,2.7594e-06,1.8900000000000002e-12,-2.7597000000000004e-06,1.8900000000000002e-12,2.7594e-06,420344.6826397644
bot1,1.0,3,2.9897000000000004e-06,-6.102e-11,-2.9905000000000004e-06,6.102e-11,2.9897000000000004e-06,446727.7194549924
bot1,1.1,3,3.2071e-06,-1.98e-12,-3.2074000000000004e-06,1.98e-12,3.2071e-06,476077.1244941679
bot1,1.2,3,3.4098000000000004e-06,1.331e-11,-3.4100000000000004e-06,1.331e-11,3.4098000000000004e-06,510073.9607243049
bot1,1.3,3,3.5992e-06,-5.82e-11,-3.5998e-06,5.82e-11,3.5992e-06,545404.9631851658
bot1,1.4,3,3.7765e-06,-3.46e-12,-3.7766e-06,3.46e-12,3.7765e-06,585137.507314219
bot1,1.5,3,3.941e-06,8.22e-12,-3.9411e-06,8.22e-12,3.941e-06,629128.6568103177
bot1,1.6,3,4.0944e-06,-5.987000000000001e-11,-4.094700000000001e-06,5.987000000000001e-11,4.0944e-06,677048.0704129979
bot1,1.7,3,4.236400000000001e-06,-4.600000000000003e-13,-4.2366e-06,4.600000000000003e-13,4.236400000000001e-06,733406.6740007334
bot1,1.8,3,4.3671e-06,5.9e-12,-4.367400000000001e-06,5.9e-12,4.3671e-06,793335.9777865944
bot1,1.9,3,4.4885e-06,-3.809e-11,-4.4889e-06,3.809e-11,4.4885e-06,859845.2278589846
bot1,2.0,3,4.5997e-06,-2.79e-12,-4.5998e-06,2.79e-12,4.5997e-06,943841.4346389784
bot1,2.1,3,4.700400000000001e-06,7e-13,-4.700800000000001e-06,7e-13,4.700400000000001e-06,1037344.3983402494
bot1,2.2,3,4.7925e-06,-5.693e-11,-4.7930000000000005e-06,5.693e-11,4.7925e-06,1138952.164009115
bot1,2.3000000000000003,3,4.876e-06,-1.55e-12,-4.876e-06,1.55e-12,4.876e-06,1265822.784810125
bot1,2.4,3,4.9505e-06,1.9700000000000003e-12,-4.9505e-06,1.9700000000000003e-12,4.9505e-06,1432664.7564469862
bot1,2.5,3,5.015600000000001e-06,-5.845e-11,-5.016000000000001e-06,5.845e-11,5.015600000000001e-06,1627339.3002441006
bot1,2.6,3,5.0734e-06,1.9400000000000002e-12,-5.0733e-06,1.9400000000000002e-12,5.0734e-06,1869158.8785046749
bot1,2.7,3,5.122600000000001e-06,2.1700000000000002e-12,-5.1227e-06,2.1700000000000002e-12,5.122600000000001e-06,2205071.6648291126
bot1,2.8000000000000003,3,5.1641e-06,-6.189e-11,-5.164300000000001e-06,6.189e-11,5.1641e-06,2656042.4966799454
bot1,2.9,3,5.197900000000001e-06,9.890000000000002e-12,-5.198700000000001e-06,9.890000000000002e-12,5.197900000000001e-06,3236245.9546925533
bot1,3.0,3,5.2259e-06,2.11e-12,-5.2259e-06,2.11e-12,5.2259e-06,4081632.653061239
bot1,3.1,3,5.2469000000000005e-06,-1.7180000000000002e-11,-5.2472e-06,1.7180000000000002e-11,5.2469000000000005e-06,5361930.294906103
bot1,3.2,3,5.263200000000001e-06,5.836e-11,-5.2635000000000005e-06,5.836e-11,5.263200000000001e-06,6944444.444444542
bot1,3.3000000000000003,3,5.2757e-06,2.18e-12,-5.275900000000001e-06,2.18e-12,5.2757e-06,9009009.009009177
bot1,3.4,3,5.2854e-06,-3.8900000000000006e-12,-5.2862e-06,3.8900000000000006e-12,5.2854e-06,11235955.05617972
bot1,3.5,3,5.2935e-06,5.982e-11,-5.2935e-06,5.982e-11,5.2935e-06,14492753.623187777
bot1,3.6,3,5.299200000000001e-06,-1.5e-12,-5.299900000000001e-06,1.5e-12,5.299200000000001e-06,17241379.310344808
bot1,3.7,3,5.3051e-06,-2.47e-12,-5.3056000000000005e-06,2.47e-12,5.3051e-06,18518518.5185186
bot1,3.8,3,5.310000000000001e-06,6.212e-11,-5.310300000000001e-06,6.212e-11,5.310000000000001e-06,22222222.22222157
bot1,3.9,3,5.3141000000000005e-06,-6.9300000000000006e-12,-5.3149000000000006e-06,6.9300000000000006e-12,5.3141000000000005e-06,22471910.11235944
bot1,4.0,3,5.318900000000001e-06,-3.0900000000000004e-12,-5.3195000000000005e-06,3.0900000000000004e-12,5.318900000000001e-06,25316455.69620128
bot1,4.1,3,5.322000000000001e-06,1.8950000000000003e-11,-5.322400000000001e-06,1.8950000000000003e-11,5.322000000000001e-06,29850746.26865921
bot1,4.2,3,5.3256e-06,-5.6430000000000006e-11,-5.326e-06,5.6430000000000006e-11,5.3256e-06,27777777.777778983
bot1,4.3,3,5.329200000000001e-06,-2.75e-12,-5.3288000000000005e-06,2.75e-12,5.329200000000001e-06,30303030.30303
bot1,4.4,3,5.3322e-06,1.315e-11,-5.3319000000000006e-06,1.315e-11,5.3322e-06,34482758.620689616
bot1,4.5,3,5.335000000000001e-06,-5.824000000000001e-11,-5.335100000000001e-06,5.824000000000001e-11,5.335000000000001e-06,35087719.29824692
bot1,4.6000000000000005,3,5.3379e-06,-2.44e-12,-5.3383e-06,2.44e-12,5.3379e-06,37037037.0370372
bot1,4.7,3,5.3404000000000006e-06,3.1000000000000004e-13,-5.341e-06,3.1000000000000004e-13,5.3404000000000006e-06,37735849.0565993
bot1,4.8,3,5.343200000000001e-06,-6.025e-11,-5.343900000000001e-06,6.025e-11,5.343200000000001e-06,37037037.0370372
bot1,4.9,3,5.3458000000000006e-06,1.879e-11,-5.3461e-06,1.879e-11,5.3458000000000006e-06,39215686.27450852
bot1,5.0,3,5.348300000000001e-06,1.27e-12,-5.3484e-06,1.27e-12,5.348300000000001e-06,39999999.999993466
bot1,0.0,4,1.7556e-10,2.6630000000000003e-11,-1.994e-10,2.6630000000000003e-11,1.7556e-10,183034.717073354
bot1,0.1,4,5.4652e-07,-1.78e-12,-5.4664e-07,1.78e-12,5.4652e-07,185990.3788664936
bot1,0.2,4,1.0755e-06,9.100000000000002e-13,-1.07526e-06,9.100000000000002e-13,1.0755e-06,192756.22120703937
bot1,0.3,4,1.5841000000000002e-06,-3.1480000000000004e-11,-1.5839000000000002e-06,3.1480000000000004e-11,1.5841000000000002e-06,200000.0
bot1,0.4,4,2.0755000000000003e-06,-5.861e-11,-2.0758e-06,5.861e-11,2.0755000000000003e-06,207125.10356255173
bot1,0.5,4,2.5497000000000003e-06,1.83e-12,-2.5501000000000004e-06,1.83e-12,2.5497000000000003e-06,215076.88998817067
bot1,0.6,4,3.0054000000000005e-06,2.92e-12,-3.0058000000000005e-06,2.92e-12,3.0054000000000005e-06,223538.6162959652
bot1,0.7,4,3.4444000000000004e-06,-3.033e-11,-3.4446000000000004e-06,3.033e-11,3.4444000000000004e-06,232585.1843237588
bot1,0.8,4,3.8653e-06,5.0780000000000005e-11,-3.865600000000001e-06,5.0780000000000005e-11,3.8653e-06,242160.0678048189
bot1,0.9,4,4.2703e-06,7.800000000000002e-13,-4.2706e-06,7.800000000000002e-13,4.2703e-06,252397.77889954555
bot1,1.0,4,4.6577e-06,-5.07e-12,-4.658e-06,5.07e-12,4.6577e-06,263227.1650434326
bot1,1.1,4,5.0301e-06,6.084000000000001e-11,-5.0298000000000005e-06,6.084000000000001e-11,5.0301e-06,275330.39647577074
bot1,1.2,4,5.384100000000001e-06,4.3000000000000004e-13,-5.384600000000001e-06,4.3000000000000004e-13,5.384100000000001e-06,288558.64954552
bot1,1.3,4,5.7232000000000005e-06,-2.09e-12,-5.723300000000001e-06,2.09e-12,5.7232000000000005e-06,301659.1251885371
bot1,1.4,4,6.047100000000001e-06,5.852000000000001e-11,-6.0468e-06,5.852000000000001e-11,6.047100000000001e-06,316756.41431738966
bot1,1.5,4,6.354600000000001e-06,-2.7380000000000003e-11,-6.354500000000001e-06,2.7380000000000003e-11,6.354600000000001e-06,333222.25924691773
bot1,1.6,4,6.647300000000001e-06,-2.5300000000000003e-12,-6.6476000000000005e-06,2.5300000000000003e-12,6.647300000000001e-06,350201.3657853268
bot1,1.7,4,6.9257000000000005e-06,2.817e-11,-6.9264e-06,2.817e-11,6.9257000000000005e-06,368867.57654002233
bot1,1.8,4,7.1895e-06,-5.3e-11,-7.1891e-06,5.3e-11,7.1895e-06,389939.55936829775
bot1,1.9,4,7.438600000000002e-06,-8.800000000000002e-13,-7.438900000000002e-06,8.800000000000002e-13,7.438600000000002e-06,412201.1541632308
bot1,2.0,4,7.674700000000001e-06,1.3000000000000001e-12,-7.675300000000001e-06,1.3000000000000001e-12,7.674700000000001e-06,436014.82450403273
bot1,2.1,4,7.897300000000001e-06,-4.1860000000000005e-11,-7.897200000000001e-06,4.1860000000000005e-11,7.897300000000001e-06,463070.1551285024
bot1,2.2,4,8.106600000000001e-06,4.242e-11,-8.107400000000001e-06,4.242e-11,8.106600000000001e-06,491642.08456244
bot1,2.3000000000000003,4,8.3041e-06,2.1700000000000002e-12,-8.3049e-06,2.1700000000000002e-12,8.3041e-06,522193.2114882506
bot1,2.4,4,8.4896e-06,-6.500000000000003e-13,-8.489800000000001e-06,6.500000000000003e-13,8.4896e-06,557258.28921705
bot1,2.5,4,8.663000000000002e-06,5.579e-11,-8.663000000000002e-06,5.579e-11,8.663000000000002e-06,596480.7634953778
bot1,2.6,4,8.8249e-06,-2.986e-11,-8.825000000000001e-06,2.986e-11,8.8249e-06,637145.5877668078
bot1,2.7,4,8.9769e-06,-2.39e-12,-8.976600000000001e-06,2.39e-12,8.9769e-06,684228.5323297974
bot1,2.8000000000000003,4,9.1172e-06,9.4e-13,-9.1168e-06,9.4e-13,9.1172e-06,740192.4500370051
bot1,2.9,4,9.2471e-06,-6.047e-11,-9.2474e-06,6.047e-11,9.2471e-06,799680.1279488209
bot1,3.0,4,9.3673e-06,1.726e-11,-9.3672e-06,1.726e-11,9.3673e-06,867678.9587852544
bot1,3.1,4,9.4776e-06,1.9400000000000002e-12,-9.4779e-06,1.9400000000000002e-12,9.4776e-06,946969.696969695
bot1,3.2,4,9.5785e-06,-2.0500000000000004e-12,-9.579e-06,2.0500000000000004e-12,9.5785e-06,1037344.3983402448
bot1,3.3000000000000003,4,9.6704e-06,6.11e-11,-9.6704e-06,6.11e-11,9.6704e-06,1144164.7597254072
bot1,3.4,4,9.7533e-06,-6.1700000000000006e-12,-9.7535e-06,6.1700000000000006e-12,9.7533e-06,1279590.5310300782
bot1,3.5,4,9.8267e-06,-1.4700000000000002e-12,-9.827e-06,1.4700000000000002e-12,9.8267e-06,1436781.6091954005
bot1,3.6,4,9.8925e-06,2.074e-11,-9.8925e-06,2.074e-11,9.8925e-06,1620745.5429497422
bot1,3.7,4,9.9501e-06,-5.641e-11,-9.95e-06,5.641e-11,9.9501e-06,1879699.248120281
bot1,3.8,4,9.9989e-06,-8.2e-13,-9.9995e-06,8.2e-13,9.9989e-06,2205071.664829129
bot1,3.9,4,1.00408e-05,1.73e-12,-1.00403e-05,1.73e-12,1.00408e-05,2631578.9473684547
bot1,4.0,4,1.00749e-05,-3.536e-11,-1.0075300000000002e-05,3.536e-11,1.00749e-05,3225806.4516128767
bot1,4.1,4,1.01028e-05,5.256e-11,-1.01033e-05,5.256e-11,1.01028e-05,3968253.96825394
bot1,4.2,4,1.01253e-05,1.6300000000000001e-12,-1.0126300000000002e-05,1.6300000000000001e-12,1.01253e-05,4750593.8242279375
bot1,4.3,4,1.0144900000000002e-05,-1.897e-11,-1.01452e-05,1.897e-11,1.0144900000000002e-05,5633802.816901427
bot1,4.4,4,1.01608e-05,2.7890000000000003e-11,-1.01613e-05,2.7890000000000003e-11,1.01608e-05,6734006.734006953
bot1,4.5,4,1.01746e-05,2.41e-12,-1.01748e-05,2.41e-12,1.01746e-05,7692307.692307872
bot1,4.6000000000000005,4,1.01868e-05,-6.71e-12,-1.01868e-05,6.71e-12,1.01868e-05,8888888.888888814
bot1,4.7,4,1.01971e-05,6.042000000000001e-11,-1.0196600000000002e-05,6.042000000000001e-11,1.01971e-05,11049723.756905597
bot1,4.8,4,1.02049e-05,-6.14e-12,-1.02056e-05,6.14e-12,1.02049e-05,12048192.77108375
bot1,4.9,4,1.0213700000000002e-05,-1.9e-12,-1.02146e-05,1.9e-12,1.0213700000000002e-05,11494252.873563765
bot1,5.0,4,1.02223e-05,7.65e-12,-1.02218e-05,7.65e-12,1.02223e-05,11627906.976746136
bot1,0.0,5,2.0497e-10,-3.009e-11,-2.0519e-10,3.009e-11,2.0497e-10,135697.1726530628
bot1,0.1,5,7.371399999999999e-07,1.6600000000000002e-12,-7.3708e-07,1.6600000000000002e-12,7.371399999999999e-07,137589.90356481887
bot1,0.2,5,1.4538000000000002e-06,-5.696e-11,-1.4534e-06,5.696e-11,1.4538000000000002e-06,141677.17439043394
bot1,0.3,5,2.1488e-06,-5.837e-11,-2.1491000000000003e-06,5.837e-11,2.1488e-06,145815.10644502772
bot1,0.4,5,2.8254e-06,2.3120000000000003e-11,-2.8255000000000003e-06,2.3120000000000003e-11,2.8254e-06,149947.51836857098
bot1,0.5,5,3.4826000000000003e-06,1.4200000000000002e-12,-3.4829e-06,1.4200000000000002e-12,3.4826000000000003e-06,154607.2974644402
bot1,0.6,5,4.119000000000001e-06,-2.8600000000000003e-12,-4.1192e-06,2.8600000000000003e-12,4.119000000000001e-06,159400.65354267956
bot1,0.7,5,4.7373e-06,3.809e-11,-4.737400000000001e-06,3.809e-11,4.7373e-06,164419.59881617894
bot1,0.8,5,5.335400000000001e-06,2.21e-12,-5.3357e-06,2.21e-12,5.335400000000001e-06,169707.2549851506
bot1,0.9,5,5.9158e-06,-6.19e-12,-5.9158e-06,6.19e-12,5.9158e-06,175269.47682061166
bot1,1.0,5,6.476500000000001e-06,4.2990000000000005e-11,-6.4761000000000006e-06,4.2990000000000005e-11,6.476500000000001e-06,181175.8311441253
bot1,1.1,5,7.019700000000001e-06,1.7600000000000002e-12,-7.019800000000001e-06,1.7600000000000002e-12,7.019700000000001e-06,187458.9933452057
bot1,1.2,5,7.5434e-06,-9.8e-13,-7.5435e-06,9.8e-13,7.5434e-06,194193.6110301972
bot1,1.3,5,8.0496e-06,4.7140000000000005e-11,-8.049500000000001e-06,4.7140000000000005e-11,8.0496e-06,200944.4388626548
bot1,1.4,5,8.5387e-06,2.4300000000000003e-12,-8.538500000000001e-06,2.4300000000000003e-12,8.5387e-06,208441.89682126069
bot1,1.5,5,9.0091e-06,-1.6850000000000002e-11,-9.0095e-06,1.6850000000000002e-11,9.0091e-06,216286.36314480333
bot1,1.6,5,9.4634e-06,4.388e-11,-9.4636e-06,4.388e-11,9.4634e-06,224290.68072221588
bot1,1.7,5,9.9008e-06,2.2200000000000002e-12,-9.9004e-06,2.2200000000000002e-12,9.9008e-06,233399.46318123452
bot1,1.8,5,1.0320300000000002e-05,-1.069e-11,-1.03206e-05,1.069e-11,1.0320300000000002e-05,242718.44660194212
bot1,1.9,5,1.07248e-05,5.944e-11,-1.07249e-05,5.944e-11,1.07248e-05,252620.9422761148
bot1,2.0,5,1.1112e-05,-3.2200000000000004e-12,-1.11124e-05,3.2200000000000004e-12,1.1112e-05,264830.50847457646
bot1,2.1,5,1.148e-05,-1.4760000000000003e-11,-1.1480600000000002e-05,1.4760000000000003e-11,1.148e-05,275482.09366391227
bot1,2.2,5,1.1838e-05,-1.4900000000000001e-12,-1.1834e-05,1.4900000000000001e-12,1.1838e-05,289017.3410404629
bot1,2.3000000000000003,5,1.2172e-05,3.3920000000000004e-11,-1.2174e-05,3.3920000000000004e-11,1.2172e-05,301204.8192771085
bot1,2.4,5,1.2502e-05,-4.5220000000000006e-11,-1.25e-05,4.5220000000000006e-11,1.2502e-05,314465.40880503086
bot1,2.5,5,1.2808e-05,9.91e-12,-1.2812e-05,9.91e-12,1.2808e-05,332225.9136212626
bot1,2.6,5,1.3104e-05,2.06e-12,-1.3106e-05,2.06e-12,1.3104e-05,346020.76124567486
bot1,2.7,5,1.3386e-05,-1.857e-11,-1.3386e-05,1.857e-11,1.3386e-05,362318.8405797099
bot1,2.8000000000000003,5,1.3656e-05,6.097000000000001e-11,-1.3656e-05,6.097000000000001e-11,1.3656e-05,381679.3893129762
bot1,2.9,5,1.391e-05,-4.148e-11,-1.391e-05,4.148e-11,1.391e-05,403225.8064516124
bot1,3.0,5,1.4152e-05,1.201e-11,-1.415e-05,1.201e-11,1.4152e-05,427350.4273504281
bot1,3.1,5,1.4378e-05,1.91e-12,-1.4378e-05,1.91e-12,1.4378e-05,452488.6877828057
bot1,3.2,5,1.4594e-05,-1.8700000000000003e-12,-1.4596e-05,1.8700000000000003e-12,1.4594e-05,476190.4761904754
bot1,3.3000000000000003,5,1.4798e-05,7e-13,-1.4798e-05,7e-13,1.4798e-05,502512.5628140714
bot1,3.4,5,1.4992e-05,-2.5120000000000003e-11,-1.4992e-05,2.5120000000000003e-11,1.4992e-05,531914.8936170214
bot1,3.5,5,1.5174e-05,5.978e-11,-1.5172e-05,5.978e-11,1.5174e-05,574712.6436781575
bot1,3.6,5,1.5340000000000002e-05,-4.038e-11,-1.5340000000000002e-05,4.038e-11,1.5340000000000002e-05,617283.9506172865
bot1,3.7,5,1.5498e-05,5.370000000000001e-12,-1.55e-05,5.370000000000001e-12,1.5498e-05,649350.6493506547
bot1,3.8,5,1.5648e-05,1.74e-12,-1.565e-05,1.74e-12,1.5648e-05,704225.3521126768
bot1,3.9,5,1.5782e-05,-8.7e-13,-1.5786e-05,8.7e-13,1.5782e-05,763358.7786259475
bot1,4.0,5,1.5910000000000002e-05,4.309e-11,-1.5910000000000002e-05,4.309e-11,1.5910000000000002e-05,813008.1300812976
bot1,4.1,5,1.6028e-05,-6.152000000000001e-11,-1.6028e-05,6.152000000000001e-11,1.6028e-05,892857.1428571441
bot1,4.2,5,1.6134000000000002e-05,1.04e-11,-1.6138e-05,1.04e-11,1.6134000000000002e-05,970873.786407763
bot1,4.3,5,1.6234e-05,2.0500000000000004e-12,-1.6236000000000002e-05,2.0500000000000004e-12,1.6234e-05,1041666.6666666812
bot1,4.4,5,1.6326e-05,-9e-14,-1.6324e-05,9e-14,1.6326e-05,1176470.588235295
bot1,4.5,5,1.6404e-05,1.588e-11,-1.6404e-05,1.588e-11,1.6404e-05,1333333.3333333323
bot1,4.6000000000000005,5,1.6476e-05,-5.602e-11,-1.6474000000000002e-05,5.602e-11,1.6476e-05,1492537.3134328476
bot1,4.7,5,1.6538e-05,2.4940000000000003e-11,-1.6542000000000002e-05,2.4940000000000003e-11,1.6538e-05,1694915.2542372642
bot1,4.8,5,1.6594e-05,-1.1000000000000001e-13,-1.6594e-05,1.1000000000000001e-13,1.6594e-05,1886792.4528301544
bot1,4.9,5,1.6644000000000002e-05,-3.2e-12,-1.6644000000000002e-05,3.2e-12,1.6644000000000002e-05,2173913.0434782994
bot1,5.0,5,1.6686e-05,7.600000000000002e-13,-1.6684e-05,7.600000000000002e-13,1.6686e-05,2380952.3809525296
bot2,0.0,-5,-4.6798e-12,6.56e-12,4.0000000000000006e-14,6.56e-12,4.6798e-12,20283152813.2733
bot2,0.1,-5,2.504e-13,-6.200000000000001e-13,1.7100000000000002e-12,6.200000000000001e-13,2.504e-13,53058842256.06198
bot2,0.2,-5,-9.104e-13,2.5800000000000003e-12,2.5500000000000002e-12,2.5800000000000003e-12,9.104e-13,-92148912642.8308
bot2,0.3,-5,-1.92e-12,1.185e-11,3.6200000000000003e-12,1.185e-11,1.92e-12,-98125797272.10284
bot2,0.4,-5,-2.9486e-12,3.045e-11,5.970000000000002e-12,3.045e-11,2.9486e-12,-124424536518.60146
bot2,0.5,-5,-3.5274e-12,4.528e-11,8.790000000000003e-12,4.528e-11,3.5274e-12,-201207243460.76456
bot2,0.6,-5,-3.9426e-12,5.511e-11,1.304e-11,5.511e-11,3.9426e-12,-339213025780.1904
bot2,0.7,-5,-4.117e-12,6.004000000000001e-11,1.759e-11,6.004000000000001e-11,4.117e-12,-572409845449.3418
bot2,0.8,-5,-4.292e-12,5.874000000000001e-11,2.3810000000000003e-11,5.874000000000001e-11,4.292e-12,22413483951.945488
bot2,0.9,-5,4.8062e-12,-1.7620000000000003e-11,-3.63e-11,1.7620000000000003e-11,4.8062e-12,24433747892.58924
bot2,1.0,-5,3.8934e-12,-1.74e-12,-1.165e-11,1.74e-12,3.8934e-12,-33822634106.744244
bot2,1.1,-5,-1.107e-12,1.59e-12,-1.5800000000000001e-12,1.59e-12,1.107e-12,-52402662055.2324
bot2,1.2,-5,7.68e-14,4.9e-13,-2.070000000000001e-12,4.9e-13,7.68e-14,87153564580.79132
bot2,1.3,-5,1.1878e-12,-4.910000000000001e-12,-3.2400000000000007e-12,4.910000000000001e-12,1.1878e-12,95147478591.8174
bot2,1.4,-5,2.1788e-12,-1.713e-11,-4.350000000000001e-12,1.713e-11,2.1788e-12,118623962040.33212
bot2,1.5,-5,2.8738e-12,-3.0930000000000003e-11,-6.3e-12,3.0930000000000003e-11,2.8738e-12,151240169388.9897
bot2,1.6,-5,3.5012e-12,-4.6090000000000006e-11,-8.97e-12,4.6090000000000006e-11,3.5012e-12,190041809198.0236
bot2,1.7,-5,3.9262e-12,-5.561e-11,-1.2770000000000002e-11,5.561e-11,3.9262e-12,277392510402.2193
bot2,1.8,-5,4.2222e-12,-6.021e-11,-1.855e-11,6.021e-11,4.2222e-12,439753737906.7726
bot2,1.9,-5,4.381e-12,-6.079e-11,-2.382e-11,6.079e-11,4.381e-12,-22060445621.00154
bot2,2.0,-5,-4.8438e-12,1.682e-11,3.5640000000000006e-11,1.682e-11,4.8438e-12,-24309607156.748344
bot2,2.1,-5,-3.8462e-12,2.9000000000000013e-13,1.075e-11,2.9000000000000013e-13,3.8462e-12,34877232142.85717
bot2,2.2,-5,8.906e-13,-2.6300000000000007e-12,1.5400000000000001e-12,2.6300000000000007e-12,8.906e-13,57900526894.79479
bot2,2.3000000000000003,-5,-3.92e-13,1.0000000000000002e-14,1.65e-12,1.0000000000000002e-14,3.92e-13,-83808246731.47827
bot2,2.4,-5,-1.4958e-12,8.580000000000001e-12,3.110000000000001e-12,8.580000000000001e-12,1.4958e-12,-104036620890.55336
bot2,2.5,-5,-2.3144e-12,1.8640000000000003e-11,4.43e-12,1.8640000000000003e-11,2.3144e-12,-128600823045.2676
bot2,2.6,-5,-3.051e-12,3.459e-11,6.800000000000001e-12,3.459e-11,3.051e-12,-145243282498.18457
bot2,2.7,-5,-3.6914e-12,4.9260000000000006e-11,9.62e-12,4.9260000000000006e-11,3.6914e-12,-203583061889.2509
bot2,2.8000000000000003,-5,-4.0334e-12,5.702000000000001e-11,1.383e-11,5.702000000000001e-11,4.0334e-12,-366166239472.72046
bot2,2.9,-5,-4.2376e-12,5.964e-11,1.952e-11,5.964e-11,4.2376e-12,23030330945.855656
bot2,3.0,-5,4.6508e-12,-2.956e-11,-3.533e-11,2.956e-11,4.6508e-12,23832789151.3144
bot2,3.1,-5,4.1542e-12,-1.9900000000000002e-12,-1.55e-11,1.9900000000000002e-12,4.1542e-12,-31583601793.94861
bot2,3.2,-5,-1.6816e-12,3.18e-12,-1.14e-12,3.18e-12,1.6816e-12,-44074220988.14407
bot2,3.3000000000000003,-5,-3.836e-13,1.7200000000000001e-12,-2.070000000000001e-12,1.7200000000000001e-12,3.836e-13,83570115326.75903
bot2,3.4,-5,7.116e-13,-2.79e-12,-2.960000000000001e-12,2.79e-12,7.116e-13,90163195383.64429
bot2,3.5,-5,1.8346e-12,-1.081e-11,-3.9e-12,1.081e-11,1.8346e-12,101337657073.36856
bot2,3.6,-5,2.6852e-12,-2.48e-11,-5.3500000000000004e-12,2.48e-11,2.6852e-12,131492439184.747
bot2,3.7,-5,3.3556e-12,-3.933e-11,-7.480000000000001e-12,3.933e-11,3.3556e-12,196347928529.35425
bot2,3.8,-5,3.7038e-12,-5.2030000000000007e-11,-1.0640000000000002e-11,5.2030000000000007e-11,3.7038e-12,289435600578.8708
bot2,3.9,-5,4.0466e-12,-5.84e-11,-1.566e-11,5.84e-11,4.0466e-12,397930760047.7512
bot2,4.0,-5,4.2064e-12,-6.025e-11,-2.215e-11,6.025e-11,4.2064e-12,-22799817601.45916
bot2,4.1,-5,-4.7254e-12,2.249e-11,3.569e-11,2.249e-11,4.7254e-12,-24190231984.32476
bot2,4.2,-5,-4.0614e-12,2.16e-12,1.388e-11,2.16e-12,4.0614e-12,32822398004.39823
bot2,4.3,-5,1.368e-12,-1.65e-12,6.8e-13,1.65e-12,1.368e-12,46983649689.90796
bot2,4.4,-5,1.954e-13,-9.600000000000002e-13,1.6700000000000006e-12,9.600000000000002e-13,1.954e-13,-78492935635.79283
bot2,4.5,-5,-1.18e-12,4.07e-12,2.780000000000001e-12,4.07e-12,1.18e-12,-88198976891.86813
bot2,4.6000000000000005,-5,-2.0722e-12,1.513e-11,4.16e-12,1.513e-11,2.0722e-12,-119645848289.06448
bot2,4.7,-5,-2.8516e-12,3.066e-11,6.21e-12,3.066e-11,2.8516e-12,-138274336283.18536
bot2,4.8,-5,-3.5186e-12,4.7040000000000006e-11,9.29e-12,4.7040000000000006e-11,3.5186e-12,-178986933953.8216
bot2,4.9,-5,-3.969e-12,5.594e-11,1.32e-11,5.594e-11,3.969e-12,-309501702259.3626
bot2,5.0,-5,-4.1648e-12,6.011e-11,1.876e-11,6.011e-11,4.1648e-12,-510725229826.35046
bot2,0.0,-4,3.5758e-12,-1.86e-12,-2.6300000000000007e-12,1.86e-12,3.5758e-12,-39506953223.7674
bot2,0.1,-4,1.0446e-12,-1.64e-12,7.400000000000002e-13,1.64e-12,1.0446e-12,-51983157456.98394
bot2,0.2,-4,-2.716e-13,1.69e-12,1.8700000000000003e-12,1.69e-12,2.716e-13,-81459758879.1137
bot2,0.3,-4,-1.4106e-12,7.33e-12,3.07e-12,7.33e-12,1.4106e-12,-98833761612.967
bot2,0.4,-4,-2.2952e-12,1.7650000000000002e-11,4.5900000000000004e-12,1.7650000000000002e-11,2.2952e-12,-123946455131.38326
bot2,0.5,-4,-3.0242e-12,3.281e-11,6.730000000000002e-12,3.281e-11,3.0242e-12,-144175317185.69778
bot2,0.6,-4,-3.6824e-12,4.965e-11,9.91e-12,4.965e-11,3.6824e-12,-194024058983.314
bot2,0.7,-4,-4.055e-12,5.729e-11,1.346e-11,5.729e-11,4.055e-12,-404203718674.212
bot2,0.8,-4,-4.1772e-12,6.039000000000001e-11,1.959e-11,6.039000000000001e-11,4.1772e-12,23052097740.894413
bot2,0.9,-4,4.621e-12,-3.2100000000000004e-11,-3.4510000000000005e-11,3.2100000000000004e-11,4.621e-12,23451607607.701504
bot2,1.0,-4,4.351e-12,-1.18e-12,-1.783e-11,1.18e-12,4.351e-12,-29584923522.972706
bot2,1.1,-4,-2.1392e-12,1.1100000000000001e-12,2.0000000000000003e-14,1.1100000000000001e-12,2.1392e-12,-40531776913.09985
bot2,1.2,-4,-5.834e-13,1.03e-12,-1.7100000000000002e-12,1.03e-12,5.834e-13,70616481886.87238
bot2,1.3,-4,6.93e-13,-2.730000000000001e-12,-2.47e-12,2.730000000000001e-12,6.93e-13,79789356099.89633
bot2,1.4,-4,1.9232e-12,-1.142e-11,-4.12e-12,1.142e-11,1.9232e-12,98775187672.85657
bot2,1.5,-4,2.7178e-12,-2.4700000000000003e-11,-5.370000000000001e-12,2.4700000000000003e-11,2.7178e-12,129516901955.7052
bot2,1.6,-4,3.4674e-12,-4.33e-11,-8.780000000000001e-12,4.33e-11,3.4674e-12,187828700225.39447
bot2,1.7,-4,3.7826e-12,-5.383e-11,-1.203e-11,5.383e-11,3.7826e-12,325520833333.33325
bot2,1.8,-4,4.0818e-12,-5.936e-11,-1.748e-11,5.936e-11,4.0818e-12,381679389312.977
bot2,1.9,-4,4.3066e-12,-6.128000000000001e-11,-2.3280000000000003e-11,6.128000000000001e-11,4.3066e-12,-22321926828.72385
bot2,2.0,-4,-4.878e-12,1.721e-11,3.561e-11,1.721e-11,4.878e-12,-24170936865.512897
bot2,2.1,-4,-3.9678e-12,1.2500000000000001e-12,1.2070000000000002e-11,1.2500000000000001e-12,3.9678e-12,34261828896.42652
bot2,2.2,-4,9.594e-13,-2.26e-12,1.14e-12,2.26e-12,9.594e-13,53599185292.383606
bot2,2.3000000000000003,-4,-2.364e-13,-1.17e-12,1.8400000000000002e-12,1.17e-12,2.364e-13,-82596844800.5285
bot2,2.4,-4,-1.462e-12,7.380000000000001e-12,2.9300000000000002e-12,7.380000000000001e-12,1.462e-12,-97172286463.90034
bot2,2.5,-4,-2.2946e-12,1.898e-11,4.87e-12,1.898e-11,2.2946e-12,-111408199643.49388
bot2,2.6,-4,-3.2572e-12,4.053e-11,8.290000000000001e-12,4.053e-11,3.2572e-12,-134825401105.56836
bot2,2.7,-4,-3.778e-12,5.172e-11,1.164e-11,5.172e-11,3.778e-12,-222370469201.6901
bot2,2.8000000000000003,-4,-4.1566e-12,5.959000000000001e-11,1.662e-11,5.959000000000001e-11,4.1566e-12,-386398763523.9567
bot2,2.9,-4,-4.2956e-12,6.038e-11,2.242e-11,6.038e-11,4.2956e-12,22462319459.10732
bot2,3.0,-4,4.7472e-12,-1.9330000000000003e-11,-3.6260000000000006e-11,1.9330000000000003e-11,4.7472e-12,24719434419.340508
bot2,3.1,-4,3.7952e-12,-2.26e-12,-1.205e-11,2.26e-12,3.7952e-12,-35464765755.22222
bot2,3.2,-4,-8.922e-13,8.600000000000002e-13,-1.64e-12,8.600000000000002e-13,8.922e-13,-58058522991.17516
bot2,3.3000000000000003,-4,3.504e-13,-2.06e-12,-2.64e-12,2.06e-12,3.504e-13,78443677439.59825
bot2,3.4,-4,1.6574e-12,-9.11e-12,-4.02e-12,9.11e-12,1.6574e-12,81307423367.75337
bot2,3.5,-4,2.8102e-12,-2.875e-11,-6.080000000000001e-12,2.875e-11,2.8102e-12,108471634667.53456
bot2,3.6,-4,3.5012e-12,-4.63e-11,-9.21e-12,4.63e-11,3.5012e-12,181917409496.08887
bot2,3.7,-4,3.9096e-12,-5.5590000000000005e-11,-1.2980000000000002e-11,5.5590000000000005e-11,3.9096e-12,341880341880.34216
bot2,3.8,-4,4.0862e-12,-6.020000000000001e-11,-1.925e-11,6.020000000000001e-11,4.0862e-12,-23354118498.79723
bot2,3.9,-4,-4.6542e-12,3.049e-11,3.456e-11,3.049e-11,4.6542e-12,-24000384006.144066
bot2,4.0,-4,-4.247e-12,1.5e-12,1.557e-11,1.5e-12,4.247e-12,32530904359.14114
bot2,4.1,-4,1.4938e-12,-2.75e-12,9.200000000000001e-13,2.75e-12,1.4938e-12,45353530772.37067
bot2,4.2,-4,1.628e-13,2.2000000000000002e-13,1.8100000000000002e-12,2.2000000000000002e-13,1.628e-13,-72108451110.4702
bot2,4.3,-4,-1.2798e-12,5.49e-12,3.060000000000001e-12,5.49e-12,1.2798e-12,-78727759407.96732
bot2,4.4,-4,-2.3776e-12,1.896e-11,4.43e-12,1.896e-11,2.3776e-12,-118119536971.4152
bot2,4.5,-4,-2.973e-12,3.183e-11,6.26e-12,3.183e-11,2.973e-12,-172473266643.67038
bot2,4.6000000000000005,-4,-3.5372e-12,4.7140000000000005e-11,9.41e-12,4.7140000000000005e-11,3.5372e-12,-192752505782.5753
bot2,4.7,-4,-4.0106e-12,5.6940000000000006e-11,1.401e-11,5.6940000000000006e-11,4.0106e-12,-310945273631.83954
bot2,4.8,-4,-4.1804e-12,6.006000000000001e-11,1.942e-11,6.006000000000001e-11,4.1804e-12,-512295081967.21405
bot2,4.9,-4,-4.401e-12,5.823e-11,2.54e-11,5.823e-11,4.401e-12,22062392445.83685
bot2,5.0,-4,4.8848e-12,-8.42e-12,-3.631e-11,8.42e-12,4.8848e-12,10769131361.864311
bot2,0.0,-3,3.2738e-12,-2.3300000000000004e-12,-1.5300000000000001e-12,2.3300000000000004e-12,3.2738e-12,-38959015116.09787
bot2,0.1,-3,7.07e-13,-2.51e-12,1.3300000000000002e-12,2.51e-12,7.07e-13,-53250971830.23591
bot2,0.2,-3,-4.82e-13,4.500000000000001e-13,2.28e-12,4.500000000000001e-13,4.82e-13,-77453334366.04446
bot2,0.3,-3,-1.8752e-12,1.246e-11,3.9400000000000006e-12,1.246e-11,1.8752e-12,-87336244541.48471
bot2,0.4,-3,-2.772e-12,2.697e-11,5.710000000000001e-12,2.697e-11,2.772e-12,-132432790358.89284
bot2,0.5,-3,-3.3854e-12,4.446e-11,8.680000000000001e-12,4.446e-11,3.3854e-12,-173611111111.11108
bot2,0.6,-3,-3.924e-12,5.546e-11,1.246e-11,5.546e-11,3.924e-12,-258732212160.41412
bot2,0.7,-3,-4.1584e-12,5.98e-11,1.759e-11,5.98e-11,4.1584e-12,-448631673396.1416
bot2,0.8,-3,-4.3698e-12,5.888000000000001e-11,2.318e-11,5.888000000000001e-11,4.3698e-12,22397921472.88732
bot2,0.9,-3,4.771e-12,-1.666e-11,-3.631e-11,1.666e-11,4.771e-12,24510404666.781044
bot2,1.0,-3,3.79e-12,-1.45e-12,-1.11e-11,1.45e-12,3.79e-12,-35161744022.503525
bot2,1.1,-3,-9.17e-13,1.2000000000000001e-12,-1.95e-12,1.2000000000000001e-12,9.17e-13,-59973611610.8912
bot2,1.2,-3,4.552e-13,-1.5700000000000002e-12,-2.19e-12,1.5700000000000002e-12,4.552e-13,85704490915.32393
bot2,1.3,-3,1.4166e-12,-7.190000000000002e-12,-3.3600000000000002e-12,7.190000000000002e-12,1.4166e-12,97751710654.93655
bot2,1.4,-3,2.5012e-12,-2.198e-11,-5.100000000000001e-12,2.198e-11,2.5012e-12,107758620689.65514
bot2,1.5,-3,3.2726e-12,-3.752e-11,-7.4e-12,3.752e-11,3.2726e-12,155666251556.66245
bot2,1.6,-3,3.786e-12,-5.121e-11,-1.065e-11,5.121e-11,3.786e-12,264061262212.83347
bot2,1.7,-3,4.03e-12,-5.7880000000000005e-11,-1.56e-11,5.7880000000000005e-11,4.03e-12,478468899521.5309
bot2,1.8,-3,4.204e-12,-6.106000000000001e-11,-2.1700000000000003e-11,6.106000000000001e-11,4.204e-12,-22674194499.24044
bot2,1.9,-3,-4.7906e-12,2.1060000000000003e-11,3.558e-11,2.1060000000000003e-11,4.7906e-12,-24274790629.930813
bot2,2.0,-3,-4.035e-12,1.5600000000000002e-12,1.214e-11,1.5600000000000002e-12,4.035e-12,34467307758.590965
bot2,2.1,-3,1.012e-12,-1.9200000000000003e-12,9.5e-13,1.9200000000000003e-12,1.012e-12,58261477511.06974
bot2,2.2,-3,-6.022e-13,1.8200000000000003e-12,1.9700000000000003e-12,1.8200000000000003e-12,6.022e-13,-72139662386.3801
bot2,2.3000000000000003,-3,-1.7604e-12,9.35e-12,3.75e-12,9.35e-12,1.7604e-12,-89750493627.71481
bot2,2.4,-3,-2.8306e-12,2.799e-11,5.910000000000001e-12,2.799e-11,2.8306e-12,-116090085906.66342
bot2,2.5,-3,-3.4832e-12,4.4710000000000006e-11,8.84e-12,4.4710000000000006e-11,3.4832e-12,-186880956830.4992
bot2,2.6,-3,-3.9008e-12,5.47e-11,1.2990000000000002e-11,5.47e-11,3.9008e-12,-297353553374.9632
bot2,2.7,-3,-4.1558e-12,5.957000000000001e-11,1.892e-11,5.957000000000001e-11,4.1558e-12,-411861614497.529
bot2,2.8000000000000003,-3,-4.3864e-12,5.910000000000001e-11,2.487e-11,5.910000000000001e-11,4.3864e-12,22208403659.944893
bot2,2.9,-3,4.8498e-12,-1.5650000000000002e-11,-3.654e-11,1.5650000000000002e-11,4.8498e-12,24645110410.094604
bot2,3.0,-3,3.7288e-12,-1.37e-12,-9.28e-12,1.37e-12,3.7288e-12,-35821750967.18731
bot2,3.1,-3,-7.334e-13,2.0200000000000007e-12,-1.73e-12,2.0200000000000007e-12,7.334e-13,-61267001592.942085
bot2,3.2,-3,4.644e-13,-1.02e-12,-2.5600000000000004e-12,1.02e-12,4.644e-13,84260195483.6536
bot2,3.3000000000000003,-3,1.6402e-12,-8.910000000000001e-12,-4.17e-12,8.910000000000001e-12,1.6402e-12,86692674469.00723
bot2,3.4,-3,2.7714e-12,-2.8220000000000004e-11,-6.230000000000001e-12,2.8220000000000004e-11,2.7714e-12,107215610592.9022
bot2,3.5,-3,3.5056e-12,-4.435e-11,-8.86e-12,4.435e-11,3.5056e-12,170357751277.68335
bot2,3.6,-3,3.9454e-12,-5.473e-11,-1.236e-11,5.473e-11,3.9454e-12,314465408805.0317
bot2,3.7,-3,4.1416e-12,-5.836e-11,-1.6630000000000002e-11,5.836e-11,4.1416e-12,662690523525.5138
bot2,3.8,-3,4.2472e-12,-6.181e-11,-2.2370000000000003e-11,6.181e-11,4.2472e-12,-22662889518.41357
bot2,3.9,-3,-4.6834e-12,2.1460000000000003e-11,3.543e-11,2.1460000000000003e-11,4.6834e-12,-24105098228.27525
bot2,4.0,-3,-4.0498e-12,1.5200000000000002e-12,1.26e-11,1.5200000000000002e-12,4.0498e-12,33530042918.454887
bot2,4.1,-3,1.2814e-12,-2.06e-12,1.21e-12,2.06e-12,1.2814e-12,48847205939.82028
bot2,4.2,-3,4.46e-14,-3.0000000000000014e-13,1.74e-12,3.0000000000000014e-13,4.46e-14,-81953778069.16905
bot2,4.3,-3,-1.159e-12,4.68e-12,2.24e-12,4.68e-12,1.159e-12,-92635479388.60593
bot2,4.4,-3,-2.1144e-12,1.5670000000000002e-11,4.28e-12,1.5670000000000002e-11,2.1144e-12,-110472823685.37352
bot2,4.5,-3,-2.9694e-12,3.0720000000000005e-11,5.9e-12,3.0720000000000005e-11,2.9694e-12,-143430866322.43274
bot2,4.6000000000000005,-3,-3.5088e-12,4.677e-11,8.96e-12,4.677e-11,3.5088e-12,-227427791676.14288
bot2,4.7,-3,-3.8488e-12,5.3990000000000006e-11,1.282e-11,5.3990000000000006e-11,3.8488e-12,-324675324675.3236
bot2,4.8,-3,-4.1248e-12,6.058e-11,1.8330000000000003e-11,6.058e-11,4.1248e-12,-393855848759.3545
bot2,4.9,-3,-4.3566e-12,5.905e-11,2.4540000000000003e-11,5.905e-11,4.3566e-12,22198051011.121243
bot2,5.0,-3,4.885e-12,-1.374e-11,-3.634e-11,1.374e-11,4.885e-12,10820637119.113531
bot2,0.0,-2,3.779e-12,-1.74e-12,-4.51e-12,1.74e-12,3.779e-12,-32849352867.74851
bot2,0.1,-2,7.348e-13,-1.8200000000000003e-12,-2.85e-12,1.8200000000000003e-12,7.348e-13,-95785440613.0268
bot2,0.2,-2,1.691e-12,-8.87e-12,-3.540000000000001e-12,8.87e-12,1.691e-12,113122171945.70135
bot2,0.3,-2,2.5028e-12,-2.172e-11,-5.3500000000000004e-12,2.172e-11,2.5028e-12,147297098247.16452
bot2,0.4,-2,3.0488e-12,-3.656e-11,-7.280000000000001e-12,3.656e-11,3.0488e-12,173130193905.81717
bot2,0.5,-2,3.658e-12,-4.986e-11,-1.035e-11,4.986e-11,3.658e-12,198530871550.5261
bot2,0.6,-2,4.0562e-12,-5.675e-11,-1.466e-11,5.675e-11,4.0562e-12,400320256204.96405
bot2,0.7,-2,4.1576e-12,-6.057e-11,-1.896e-11,6.057e-11,4.1576e-12,644329896907.2168
bot2,0.8,-2,4.3666e-12,-5.937000000000001e-11,-2.6050000000000003e-11,5.937000000000001e-11,4.3666e-12,-22263781280.612694
bot2,0.9,-2,-4.8256e-12,1.2980000000000002e-11,3.602e-11,1.2980000000000002e-11,4.8256e-12,-24451671271.73141
bot2,1.0,-2,-3.8128e-12,2.01e-12,1.08e-11,2.01e-12,3.8128e-12,33345560038.68085
bot2,1.1,-2,1.1722e-12,-2.28e-12,1.08e-12,2.28e-12,1.1722e-12,54893780534.665405
bot2,1.2,-2,-1.694e-13,8.7e-13,1.7600000000000002e-12,8.7e-13,1.694e-13,-85888516705.31648
bot2,1.3,-2,-1.1564e-12,4.87e-12,2.97e-12,4.87e-12,1.1564e-12,-105318588730.9111
bot2,1.4,-2,-2.0684e-12,1.4100000000000002e-11,3.8800000000000004e-12,1.4100000000000002e-11,2.0684e-12,-121743364986.6082
bot2,1.5,-2,-2.7992e-12,2.833e-11,5.6100000000000005e-12,2.833e-11,2.7992e-12,-157480314960.62988
bot2,1.6,-2,-3.3384e-12,4.166e-11,8.200000000000001e-12,4.166e-11,3.3384e-12,-204582651391.162
bot2,1.7,-2,-3.7768e-12,5.2830000000000007e-11,1.178e-11,5.2830000000000007e-11,3.7768e-12,-272257010618.0233
bot2,1.8,-2,-4.073e-12,6.021e-11,1.6270000000000002e-11,6.021e-11,4.073e-12,-379075056861.25867
bot2,1.9,-2,-4.3044e-12,5.989e-11,2.138e-11,5.989e-11,4.3044e-12,22706630336.05813
bot2,2.0,-2,4.735e-12,-2.61e-11,-3.5380000000000005e-11,2.61e-11,4.735e-12,23278009264.64768
bot2,2.1,-2,4.2874e-12,-6.500000000000003e-13,-1.692e-11,6.500000000000003e-13,4.2874e-12,-29914146399.832508
bot2,2.2,-2,-1.9508e-12,2.87e-12,-2.4000000000000004e-13,2.87e-12,1.9508e-12,-40097838726.49268
bot2,2.3000000000000003,-2,-7.004e-13,1.98e-12,-1.7600000000000002e-12,1.98e-12,7.004e-13,84947332653.75455
bot2,2.4,-2,4.036e-13,-1.9200000000000003e-12,-2.1700000000000002e-12,1.9200000000000003e-12,4.036e-13,91818933063.99768
bot2,2.5,-2,1.4778e-12,-7.190000000000002e-12,-3.6000000000000004e-12,7.190000000000002e-12,1.4778e-12,107886503398.42496
bot2,2.6,-2,2.2574e-12,-1.849e-11,-4.98e-12,1.849e-11,2.2574e-12,119976004799.0403
bot2,2.7,-2,3.1448e-12,-3.485e-11,-7.0900000000000015e-12,3.485e-11,3.1448e-12,146049364685.26376
bot2,2.8000000000000003,-2,3.6268e-12,-4.8530000000000006e-11,-1.012e-11,4.8530000000000006e-11,3.6268e-12,216543958423.5597
bot2,2.9,-2,4.0684e-12,-5.6650000000000006e-11,-1.366e-11,5.6650000000000006e-11,4.0684e-12,356760613628.25507
bot2,3.0,-2,4.1874e-12,-6.118e-11,-1.826e-11,6.118e-11,4.1874e-12,856898029134.5331
bot2,3.1,-2,4.3018e-12,-5.958e-11,-2.317e-11,5.958e-11,4.3018e-12,-22452736988.63893
bot2,3.2,-2,-4.7202e-12,2.3920000000000003e-11,3.576e-11,2.3920000000000003e-11,4.7202e-12,-23676484515.579147
bot2,3.3000000000000003,-2,-4.1454e-12,1.46e-12,1.473e-11,1.46e-12,4.1454e-12,31512936060.252693
bot2,3.4,-2,1.6264e-12,-2.03e-12,1.0100000000000001e-12,2.03e-12,1.6264e-12,43116457551.84749
bot2,3.5,-2,4.932e-13,-2.350000000000001e-12,1.6e-12,2.350000000000001e-12,4.932e-13,-86692674469.00746
bot2,3.6,-2,-6.806e-13,1.8900000000000002e-12,2.01e-12,1.8900000000000002e-12,6.806e-13,-90637179370.97804
bot2,3.7,-2,-1.7134e-12,1.036e-11,3.81e-12,1.036e-11,1.7134e-12,-104920784807.47044
bot2,3.8,-2,-2.5868e-12,2.3230000000000003e-11,5.18e-12,2.3230000000000003e-11,2.5868e-12,-125156445556.94604
bot2,3.9,-2,-3.3114e-12,3.955e-11,7.8e-12,3.955e-11,3.3114e-12,-177116542685.08655
bot2,4.0,-2,-3.716e-12,5.034e-11,9.86e-12,5.034e-11,3.716e-12,-324254215304.79834
bot2,4.1,-2,-3.9282e-12,5.6210000000000005e-11,1.387e-11,5.6210000000000005e-11,3.9282e-12,-507356671740.23376
bot2,4.2,-2,-4.1102e-12,6.029e-11,1.826e-11,6.029e-11,4.1102e-12,-463606861381.5489
bot2,4.3,-2,-4.3596e-12,6.01e-11,2.3940000000000003e-11,6.01e-11,4.3596e-12,22256348623.44485
bot2,4.4,-2,4.876e-12,-1.7310000000000003e-11,-3.643e-11,1.7310000000000003e-11,4.876e-12,24724323789.744373
bot2,4.5,-2,3.7296e-12,-1.8900000000000002e-12,-1e-11,1.8900000000000002e-12,3.7296e-12,-34181022696.1991
bot2,4.6000000000000005,-2,-9.752e-13,4.500000000000001e-13,-1.45e-12,4.500000000000001e-13,9.752e-13,-55370985603.54379
bot2,4.7,-2,1.176e-13,-8.100000000000002e-13,-2.3200000000000002e-12,8.100000000000002e-13,1.176e-13,97570494682.40771
bot2,4.8,-2,1.0746e-12,-4.0900000000000005e-12,-3.0800000000000002e-12,4.0900000000000005e-12,1.0746e-12,106202209005.9474
bot2,4.9,-2,2.0008e-12,-1.511e-11,-4.46e-12,1.511e-11,2.0008e-12,117343346632.24606
bot2,5.0,-2,2.779e-12,-2.633e-11,-6.130000000000001e-12,2.633e-11,2.779e-12,128501670521.7164
bot2,0.0,-1,-4.9286e-12,2.0660000000000003e-11,3.59e-11,2.0660000000000003e-11,4.9286e-12,85280573085.45113
bot2,0.1,-1,-3.756e-12,1.7600000000000002e-12,9.28e-12,1.7600000000000002e-12,3.756e-12,34676468548.44303
bot2,0.2,-1,8.39e-13,-1.7500000000000002e-12,1.4300000000000002e-12,1.7500000000000002e-12,8.39e-13,54809536859.413536
bot2,0.3,-1,-1.07e-13,-6.000000000000001e-14,1.74e-12,6.000000000000001e-14,1.07e-13,-94135366657.25311
bot2,0.4,-1,-1.2856e-12,5.6100000000000005e-12,3.25e-12,5.6100000000000005e-12,1.2856e-12,-96190842631.78143
bot2,0.5,-1,-2.1862e-12,1.652e-11,4.250000000000001e-12,1.652e-11,2.1862e-12,-120380402070.54288
bot2,0.6,-1,-2.947e-12,3.074e-11,5.8e-12,3.074e-11,2.947e-12,-164989275697.0798
bot2,0.7,-1,-3.3984e-12,4.142e-11,8.44e-12,4.142e-11,3.3984e-12,-224719101123.5956
bot2,0.8,-1,-3.837e-12,5.2540000000000007e-11,1.084e-11,5.2540000000000007e-11,3.837e-12,-296912114014.2518
bot2,0.9,-1,-4.072e-12,5.797000000000001e-11,1.5320000000000002e-11,5.797000000000001e-11,4.072e-12,-606796116504.8547
bot2,1.0,-1,-4.1666e-12,6.025e-11,1.932e-11,6.025e-11,4.1666e-12,-899280575539.5673
bot2,1.1,-1,-4.2944e-12,5.744e-11,2.604e-11,5.744e-11,4.2944e-12,22163120567.37588
bot2,1.2,-1,4.8574e-12,-1.378e-11,-3.6110000000000005e-11,1.378e-11,4.8574e-12,24588148512.417007
bot2,1.3,-1,3.8396e-12,-8.7e-13,-1.063e-11,8.7e-13,3.8396e-12,-34350096180.269337
bot2,1.4,-1,-9.65e-13,1.78e-12,-1.9900000000000002e-12,1.78e-12,9.65e-13,-53358945627.2344
bot2,1.5,-1,9.14e-14,3.900000000000001e-13,-2.42e-12,3.900000000000001e-13,9.14e-14,95904862376.52248
bot2,1.6,-1,1.1204e-12,-4.660000000000001e-12,-3.48e-12,4.660000000000001e-12,1.1204e-12,104155817102.38516
bot2,1.7,-1,2.0116e-12,-1.33e-11,-4.42e-12,1.33e-11,2.0116e-12,125125125125.12508
bot2,1.8,-1,2.7188e-12,-2.7740000000000003e-11,-5.680000000000001e-12,2.7740000000000003e-11,2.7188e-12,165535507366.33023
bot2,1.9,-1,3.2198e-12,-3.933e-11,-8.080000000000003e-12,3.933e-11,3.2198e-12,191864927091.32773
bot2,2.0,-1,3.7612e-12,-5.037e-11,-1.048e-11,5.037e-11,3.7612e-12,239291696578.12875
bot2,2.1,-1,4.0556e-12,-5.7740000000000006e-11,-1.4200000000000002e-11,5.7740000000000006e-11,4.0556e-12,427533133817.8712
bot2,2.2,-1,4.229e-12,-5.967e-11,-1.883e-11,5.967e-11,4.229e-12,681663258350.3748
bot2,2.3000000000000003,-1,4.349e-12,-5.957000000000001e-11,-2.4500000000000003e-11,5.957000000000001e-11,4.349e-12,-22185739006.966293
bot2,2.4,-1,-4.7858e-12,1.891e-11,3.5670000000000005e-11,1.891e-11,4.7858e-12,-23916006983.47401
bot2,2.5,-1,-4.0136e-12,1.78e-12,1.314e-11,1.78e-12,4.0136e-12,31378455552.417736
bot2,2.6,-1,1.588e-12,-2.03e-12,3.6000000000000013e-13,2.03e-12,1.588e-12,42504356696.56144
bot2,2.7,-1,6.918e-13,-2.070000000000001e-12,1.8200000000000003e-12,2.070000000000001e-12,6.918e-13,-113610543058.39594
bot2,2.8000000000000003,-1,-1.724e-13,-2.7e-13,2e-12,2.7e-13,1.724e-13,-97210070963.35168
bot2,2.9,-1,-1.3656e-12,5.69e-12,3.05e-12,5.69e-12,1.3656e-12,-99108027750.24763
bot2,3.0,-1,-2.1904e-12,1.664e-11,4.27e-12,1.664e-11,2.1904e-12,-132450331125.82793
bot2,3.1,-1,-2.8756e-12,2.8250000000000003e-11,5.79e-12,2.8250000000000003e-11,2.8756e-12,-171144959780.9346
bot2,3.2,-1,-3.359e-12,4e-11,7.970000000000001e-12,4e-11,3.359e-12,-228206298493.83856
bot2,3.3000000000000003,-1,-3.752e-12,5.163000000000001e-11,1.059e-11,5.163000000000001e-11,3.752e-12,-309789343246.5919
bot2,3.4,-1,-4.0046e-12,5.6610000000000005e-11,1.4810000000000002e-11,5.6610000000000005e-11,4.0046e-12,-487329434697.8552
bot2,3.5,-1,-4.1624e-12,6.135e-11,2.023e-11,6.135e-11,4.1624e-12,22960530847.473217
bot2,3.6,-1,4.706e-12,-2.9120000000000005e-11,-3.442e-11,2.9120000000000005e-11,4.706e-12,23356845891.53083
bot2,3.7,-1,4.4004e-12,-1.79e-12,-1.907e-11,1.79e-12,4.4004e-12,-28677124257.97944
bot2,3.8,-1,-2.2682e-12,2.92e-12,1.13e-12,2.92e-12,2.2682e-12,-34780189204.229225
bot2,3.9,-1,-1.35e-12,1.8100000000000002e-12,-1.46e-12,1.8100000000000002e-12,1.35e-12,102774922918.80768
bot2,4.0,-1,-3.222e-13,1.2400000000000002e-12,-1.9900000000000002e-12,1.2400000000000002e-12,3.222e-13,94939713282.06577
bot2,4.1,-1,7.566e-13,-2.52e-12,-2.5300000000000003e-12,2.52e-12,7.566e-13,103156591706.21011
bot2,4.2,-1,1.6166e-12,-8.83e-12,-3.570000000000001e-12,8.83e-12,1.6166e-12,114064104026.46298
bot2,4.3,-1,2.51e-12,-2.201e-11,-5.520000000000001e-12,2.201e-11,2.51e-12,121595330739.29971
bot2,4.4,-1,3.2614e-12,-4.003e-11,-8.06e-12,4.003e-11,3.2614e-12,161030595813.20462
bot2,4.5,-1,3.752e-12,-5.07e-11,-1.099e-11,5.07e-11,3.752e-12,252143217347.4535
bot2,4.6000000000000005,-1,4.0546e-12,-5.787e-11,-1.5340000000000002e-11,5.787e-11,4.0546e-12,407830342577.48846
bot2,4.7,-1,4.2424e-12,-6.095000000000001e-11,-2.18e-11,6.095000000000001e-11,4.2424e-12,-22743813682.67823
bot2,4.8,-1,-4.739e-12,2.622e-11,3.54e-11,2.622e-11,4.739e-12,-23918867202.449314
bot2,4.9,-1,-4.1192e-12,5.300000000000003e-13,1.4610000000000002e-11,5.300000000000003e-13,4.1192e-12,31793469621.33981
bot2,5.0,-1,1.5516e-12,-2.3300000000000004e-12,9.5e-13,2.3300000000000004e-12,1.5516e-12,17634196233.335625
bot2,0.0,0,-3.818e-12,5.754e-11,1.495e-11,5.754e-11,3.818e-12,-205002050020.5004
bot2,0.1,0,-4.3058e-12,6.127e-11,2.152e-11,6.127e-11,4.3058e-12,23374316301.248188
bot2,0.2,0,4.7384e-12,-2.411e-11,-3.613e-11,2.411e-11,4.7384e-12,23953817040.74544
bot2,0.3,0,4.0436e-12,-1.5e-12,-1.398e-11,1.5e-12,4.0436e-12,-31894874493.66887
bot2,0.4,0,-1.5322e-12,3.3700000000000004e-12,-1.36e-12,3.3700000000000004e-12,1.5322e-12,-45716375605.74197
bot2,0.5,0,-3.312e-13,1.31e-12,-2.29e-12,1.31e-12,3.312e-13,86355785837.65111
bot2,0.6,0,7.838e-13,-2.08e-12,-2.77e-12,2.08e-12,7.838e-13,95165588123.33464
bot2,0.7,0,1.7704e-12,-1.18e-11,-3.9300000000000004e-12,1.18e-11,1.7704e-12,103092783505.15468
bot2,0.8,0,2.7238e-12,-2.475e-11,-5.760000000000001e-12,2.475e-11,2.7238e-12,126246686024.49184
bot2,0.9,0,3.3546e-12,-4.127e-11,-8.25e-12,4.127e-11,3.3546e-12,188040616773.22296
bot2,1.0,0,3.7874e-12,-5.218e-11,-1.178e-11,5.218e-11,3.7874e-12,295159386068.4771
bot2,1.1,0,4.0322e-12,-5.872e-11,-1.677e-11,5.872e-11,4.0322e-12,484027105517.909
bot2,1.2,0,4.2006e-12,-6.06e-11,-2.214e-11,6.06e-11,4.2006e-12,-22773855613.755405
bot2,1.3,0,-4.7498e-12,2.314e-11,3.5450000000000004e-11,2.314e-11,4.7498e-12,-24160425223.48396
bot2,1.4,0,-4.0774e-12,1.5200000000000002e-12,1.29e-11,1.5200000000000002e-12,4.0774e-12,33110390040.39467
bot2,1.5,0,1.2906e-12,-1.83e-12,1.04e-12,1.83e-12,1.2906e-12,51190171487.07448
bot2,1.6,0,-1.704e-13,-1e-12,1.9e-12,1e-12,1.704e-13,-83465487021.11676
bot2,1.7,0,-1.1056e-12,3.790000000000001e-12,2.82e-12,3.790000000000001e-12,1.1056e-12,-99423344601.31236
bot2,1.8,0,-2.182e-12,1.639e-11,4.100000000000001e-12,1.639e-11,2.182e-12,-114876507754.16438
bot2,1.9,0,-2.8466e-12,3.146e-11,6.61e-12,3.146e-11,2.8466e-12,-141803743618.83148
bot2,2.0,0,-3.5924e-12,4.905e-11,1.01e-11,4.905e-11,3.5924e-12,-174703004891.68408
bot2,2.1,0,-3.9914e-12,5.6070000000000006e-11,1.3580000000000002e-11,5.6070000000000006e-11,3.9914e-12,-306372549019.6082
bot2,2.2,0,-4.2452e-12,6.019e-11,1.903e-11,6.019e-11,4.2452e-12,-444444444444.44495
bot2,2.3000000000000003,0,-4.4414e-12,5.937000000000001e-11,2.476e-11,5.937000000000001e-11,4.4414e-12,22138097451.90496
bot2,2.4,0,4.789e-12,-1.672e-11,-3.634e-11,1.672e-11,4.789e-12,24395003903.200592
bot2,2.5,0,3.757e-12,-1.96e-12,-1.131e-11,1.96e-12,3.757e-12,-34782608695.65221
bot2,2.6,0,-9.61e-13,1.07e-12,-1.74e-12,1.07e-12,9.61e-13,-56091541395.5576
bot2,2.7,0,1.914e-13,-8.800000000000002e-13,-2.42e-12,8.800000000000002e-13,1.914e-13,88873089228.58165
bot2,2.8000000000000003,0,1.2894e-12,-5.94e-12,-2.97e-12,5.94e-12,1.2894e-12,97665787674.57748
bot2,2.9,0,2.2392e-12,-1.8110000000000003e-11,-5.3600000000000006e-12,1.8110000000000003e-11,2.2392e-12,112688753662.38435
bot2,3.0,0,3.0642e-12,-3.253e-11,-6.46e-12,3.253e-11,3.0642e-12,154392465647.67654
bot2,3.1,0,3.5346e-12,-4.55e-11,-9.33e-12,4.55e-11,3.5346e-12,221680336954.1124
bot2,3.2,0,3.9664e-12,-5.6060000000000005e-11,-1.321e-11,5.6060000000000005e-11,3.9664e-12,336587007741.50146
bot2,3.3000000000000003,0,4.1288e-12,-5.986e-11,-1.826e-11,5.986e-11,4.1288e-12,805801772763.8973
bot2,3.4,0,4.2146e-12,-5.938e-11,-2.417e-11,5.938e-11,4.2146e-12,-22441651705.565502
bot2,3.5,0,-4.7832e-12,1.9330000000000003e-11,3.583e-11,1.9330000000000003e-11,4.7832e-12,-24473214067.20347
bot2,3.6,0,-3.9576e-12,2.44e-12,1.209e-11,2.44e-12,3.9576e-12,33871896487.484367
bot2,3.7,0,1.1214e-12,-2.5600000000000004e-12,1.04e-12,2.5600000000000004e-12,1.1214e-12,53740326741.18664
bot2,3.8,0,-2.36e-13,4.3000000000000004e-13,1.9e-12,4.3000000000000004e-13,2.36e-13,-80489375402.44675
bot2,3.9,0,-1.3634e-12,6.86e-12,2.960000000000001e-12,6.86e-12,1.3634e-12,-91886428374.52896
bot2,4.0,0,-2.4126e-12,1.983e-11,4.58e-12,1.983e-11,2.4126e-12,-113211819313.93623
bot2,4.1,0,-3.13e-12,3.598e-11,6.9800000000000006e-12,3.598e-11,3.13e-12,-167168171180.20743
bot2,4.2,0,-3.609e-12,5.012e-11,1.025e-11,5.012e-11,3.609e-12,-227946204695.692
bot2,4.3,0,-4.0074e-12,5.7560000000000006e-11,1.4560000000000003e-11,5.7560000000000006e-11,4.0074e-12,-328623069339.4679
bot2,4.4,0,-4.2176e-12,6.099e-11,2.013e-11,6.099e-11,4.2176e-12,22836263987.21171
bot2,4.5,0,4.7506e-12,-2.9230000000000005e-11,-3.5200000000000005e-11,2.9230000000000005e-11,4.7506e-12,23594365665.479107
bot2,4.6000000000000005,0,4.259e-12,-2.16e-12,-1.639e-11,2.16e-12,4.259e-12,-31045295085.529816
bot2,4.7,0,-1.6916e-12,2.400000000000001e-12,-1.08e-12,2.400000000000001e-12,1.6916e-12,-43064467507.85912
bot2,4.8,0,-3.852e-13,1.6000000000000005e-13,-1.74e-12,1.6000000000000005e-13,3.852e-13,77351485148.51491
bot2,4.9,0,8.94e-13,-2.95e-12,-2.9900000000000004e-12,2.95e-12,8.94e-13,90301607368.61124
bot2,5.0,0,1.8296e-12,-1.2470000000000002e-11,-4.400000000000001e-12,1.2470000000000002e-11,1.8296e-12,106883283454.46736
bot2,0.0,1,-9.538e-13,5.3450000000000007e-11,3.02e-11,5.3450000000000007e-11,9.538e-13,8283663.245961065
bot2,0.1,1,1.2071e-08,-1.5400000000000001e-12,-1.20252e-08,1.5400000000000001e-12,1.2071e-08,12471196.36897626
bot2,0.2,1,1.6036e-08,5.1e-13,-1.6072199999999998e-08,5.1e-13,1.6036e-08,40246307.401295945
bot2,0.3,1,1.7040399999999998e-08,2.47e-12,-1.7051599999999998e-08,2.47e-12,1.7040399999999998e-08,147167034.58425322
bot2,0.4,1,1.7394999999999998e-08,1.69e-12,-1.7420399999999998e-08,1.69e-12,1.7394999999999998e-08,318471337.5796175
bot2,0.5,1,1.7668399999999998e-08,1.5400000000000001e-12,-1.76664e-08,1.5400000000000001e-12,1.7668399999999998e-08,419463087.24832153
bot2,0.6,1,1.78718e-08,1.4400000000000001e-12,-1.7869399999999998e-08,1.4400000000000001e-12,1.78718e-08,507356671.7402322
bot2,0.7,1,1.80626e-08,1.8900000000000002e-12,-1.8086e-08,1.8900000000000002e-12,1.80626e-08,476644423.26025033
bot2,0.8,1,1.82914e-08,1.8000000000000002e-12,-1.82826e-08,1.8000000000000002e-12,1.82914e-08,486854917.2346656
bot2,0.9,1,1.84734e-08,2.2000000000000003e-12,-1.84812e-08,2.2000000000000003e-12,1.84734e-08,544959128.0653912
bot2,1.0,1,1.86584e-08,1.6670000000000002e-11,-1.86466e-08,1.6670000000000002e-11,1.86584e-08,654450261.7801026
bot2,1.1,1,1.8779e-08,3.292e-11,-1.88128e-08,3.292e-11,1.8779e-08,691085003.4554281
bot2,1.2,1,1.89478e-08,4.99e-11,-1.89926e-08,4.99e-11,1.89478e-08,612369871.4023298
bot2,1.3,1,1.91056e-08,5.998000000000001e-11,-1.91184e-08,5.998000000000001e-11,1.91056e-08,725163161.711383
bot2,1.4,1,1.92236e-08,5.964e-11,-1.92456e-08,5.964e-11,1.92236e-08,755287009.0634388
bot2,1.5,1,1.93704e-08,5.663e-11,-1.94018e-08,5.663e-11,1.93704e-08,600240096.0384189
bot2,1.6,1,1.95568e-08,5.227e-11,-1.95346e-08,5.227e-11,1.95568e-08,645161290.3225857
bot2,1.7,1,1.96804e-08,4.16e-11,-1.97014e-08,4.16e-11,1.96804e-08,747384155.4559011
bot2,1.8,1,1.98244e-08,2.9920000000000005e-11,-1.98308e-08,2.9920000000000005e-11,1.98244e-08,728862973.7609297
bot2,1.9,1,1.99548e-08,1.284e-11,-1.99428e-08,1.284e-11,1.99548e-08,788643533.1230229
bot2,2.0,1,2.0078e-08,4.13e-12,-2.00736e-08,4.13e-12,2.0078e-08,793650793.6507897
bot2,2.1,1,2.02068e-08,-3.6000000000000013e-13,-2.0235e-08,3.6000000000000013e-13,2.02068e-08,763941940.412534
bot2,2.2,1,2.03398e-08,-2.8e-12,-2.03222e-08,2.8e-12,2.03398e-08,856898029.1345412
bot2,2.3000000000000003,1,2.04402e-08,-1.7100000000000002e-12,-2.04342e-08,1.7100000000000002e-12,2.04402e-08,872600349.0401415
bot2,2.4,1,2.0569e-08,-8.9e-13,-2.05606e-08,8.9e-13,2.0569e-08,906618313.6899323
bot2,2.5,1,2.06608e-08,-1.55e-12,-2.06636e-08,1.55e-12,2.06608e-08,1010101010.1010134
bot2,2.6,1,2.0767e-08,-1.396e-11,-2.0747e-08,1.396e-11,2.0767e-08,1071811361.2004384
bot2,2.7,1,2.08474e-08,-6.091e-11,-2.08454e-08,6.091e-11,2.08474e-08,1162790697.6744208
bot2,2.8000000000000003,1,2.0939e-08,-5.6280000000000005e-11,-2.095e-08,5.6280000000000005e-11,2.0939e-08,952380952.3809516
bot2,2.9,1,2.10574e-08,-4.903e-11,-2.1096e-08,4.903e-11,2.10574e-08,856164383.5616349
bot2,3.0,1,2.11726e-08,-5.5600000000000005e-12,-2.11804e-08,5.5600000000000005e-12,2.11726e-08,881834215.1675427
bot2,3.1,1,2.12842e-08,1.1600000000000001e-12,-2.12948e-08,1.1600000000000001e-12,2.12842e-08,872600349.0401437
bot2,3.2,1,2.14018e-08,1.12e-12,-2.14036e-08,1.12e-12,2.14018e-08,1061571125.2653944
bot2,3.3000000000000003,1,2.14726e-08,1.8100000000000002e-12,-2.14796e-08,1.8100000000000002e-12,2.14726e-08,1107419712.0708635
bot2,3.4,1,2.15824e-08,1.3000000000000001e-12,-2.16044e-08,1.3000000000000001e-12,2.15824e-08,819672131.1475441
bot2,3.5,1,2.17166e-08,7.600000000000002e-13,-2.1697e-08,7.600000000000002e-13,2.17166e-08,809716599.190288
bot2,3.6,1,2.18294e-08,1.2900000000000002e-12,-2.18402e-08,1.2900000000000002e-12,2.18294e-08,932835820.895525
bot2,3.7,1,2.1931e-08,1.0640000000000002e-11,-2.1938e-08,1.0640000000000002e-11,2.1931e-08,1000000000.0000083
bot2,3.8,1,2.20294e-08,2.4540000000000003e-11,-2.20458e-08,2.4540000000000003e-11,2.20294e-08,921658986.1751088
bot2,3.9,1,2.2148e-08,5.1150000000000006e-11,-2.21398e-08,5.1150000000000006e-11,2.2148e-08,970873786.4077564
bot2,4.0,1,2.22354e-08,6.025e-11,-2.2247e-08,6.025e-11,2.22354e-08,1164144353.8998892
bot2,4.1,1,2.23198e-08,2.735e-11,-2.23394e-08,2.735e-11,2.23198e-08,961538461.5384732
bot2,4.2,1,2.24434e-08,1.27e-12,-2.24674e-08,1.27e-12,2.24434e-08,865800865.8008647
bot2,4.3,1,2.25508e-08,-2.3200000000000002e-12,-2.25562e-08,2.3200000000000002e-12,2.25508e-08,1129943502.8248458
bot2,4.4,1,2.26204e-08,-2.26e-12,-2.26426e-08,2.26e-12,2.26204e-08,1261034047.9192965
bot2,4.5,1,2.27094e-08,-1.6200000000000004e-12,-2.27088e-08,1.6200000000000004e-12,2.27094e-08,1175088131.6098826
bot2,4.6000000000000005,1,2.27906e-08,-5.09e-12,-2.27898e-08,5.09e-12,2.27906e-08,1297016861.2191958
bot2,4.7,1,2.28636e-08,-2.163e-11,-2.28872e-08,2.163e-11,2.28636e-08,1172332942.5556805
bot2,4.8,1,2.29612e-08,-3.9790000000000006e-11,-2.29676e-08,3.9790000000000006e-11,2.29612e-08,1029866117.4047426
bot2,4.9,1,2.30578e-08,-5.342e-11,-2.30434e-08,5.342e-11,2.30578e-08,1212121212.1212
bot2,5.0,1,2.31262e-08,-6.031000000000001e-11,-2.31536e-08,6.031000000000001e-11,2.31262e-08,1461988304.0935023
bot2,0.0,2,4.37238e-11,3.5050000000000004e-11,-8.198000000000001e-11,3.5050000000000004e-11,4.37238e-11,671157.7131348469
bot2,0.1,2,1.4904e-07,7e-14,-1.4972e-07,7e-14,1.4904e-07,707973.9339941078
bot2,0.2,2,2.8254e-07,1.65e-12,-2.8282e-07,1.65e-12,2.8254e-07,795102.1706289259
bot2,0.3,2,4.0058e-07,-7.3e-13,-4.0068e-07,7.3e-13,4.0058e-07,910249.4083378843
bot2,0.4,2,5.0226e-07,1.6290000000000003e-11,-5.0164e-07,1.6290000000000003e-11,5.0226e-07,1062925.1700680272
bot2,0.5,2,5.8874e-07,-5.793000000000001e-11,-5.8864e-07,5.793000000000001e-11,5.8874e-07,1268069.9974638596
bot2,0.6,2,6.5998e-07,5.383e-11,-6.598e-07,5.383e-11,6.5998e-07,1562011.8712902232
bot2,0.7,2,7.1678e-07,-2.266e-11,-7.1658e-07,2.266e-11,7.1678e-07,2011263.0732099763
bot2,0.8,2,7.5942e-07,-2.23e-12,-7.599199999999999e-07,2.23e-12,7.5942e-07,2706359.9458727986
bot2,0.9,2,7.9068e-07,3.85e-12,-7.906e-07,3.85e-12,7.9068e-07,3885003.8850038894
bot2,1.0,2,8.108999999999999e-07,-6.168e-11,-8.1104e-07,6.168e-11,8.108999999999999e-07,6289308.176100641
bot2,1.1,2,8.224799999999999e-07,3.2400000000000006e-11,-8.233e-07,3.2400000000000006e-11,8.224799999999999e-07,10141987.829614593
bot2,1.2,2,8.3062e-07,-2.47e-12,-8.305999999999999e-07,2.47e-12,8.3062e-07,16129032.258064402
bot2,1.3,2,8.3488e-07,-1.3400000000000006e-12,-8.3512e-07,1.3400000000000006e-12,8.3488e-07,26109660.574412543
bot2,1.4,2,8.3828e-07,1.13e-12,-8.3816e-07,1.13e-12,8.3828e-07,35211267.60563391
bot2,1.5,2,8.4056e-07,-6.052e-11,-8.4064e-07,6.052e-11,8.4056e-07,43668122.2707423
bot2,1.6,2,8.4286e-07,3.288e-11,-8.4272e-07,3.288e-11,8.4286e-07,49019607.84313762
bot2,1.7,2,8.4464e-07,-2.120000000000001e-12,-8.4428e-07,2.120000000000001e-12,8.4464e-07,62893081.76100616
bot2,1.8,2,8.4604e-07,-3.6000000000000013e-13,-8.4612e-07,3.6000000000000013e-13,8.4604e-07,65789473.68420931
bot2,1.9,2,8.4768e-07,4.108e-11,-8.4766e-07,4.108e-11,8.4768e-07,69930069.93007088
bot2,2.0,2,8.488999999999999e-07,-5.885000000000001e-11,-8.488999999999999e-07,5.885000000000001e-11,8.488999999999999e-07,68027210.88435498
bot2,2.1,2,8.5062e-07,3.088e-11,-8.5044e-07,3.088e-11,8.5062e-07,71942446.04316342
bot2,2.2,2,8.5168e-07,1.46e-12,-8.5184e-07,1.46e-12,8.5168e-07,77519379.84496246
bot2,2.3000000000000003,2,8.531999999999999e-07,-9.8e-13,-8.535799999999999e-07,9.8e-13,8.531999999999999e-07,71942446.043166
bot2,2.4,2,8.5446e-07,8.15e-12,-8.5416e-07,8.15e-12,8.5446e-07,89285714.28571422
bot2,2.5,2,8.554399999999999e-07,-6.09e-11,-8.5546e-07,6.09e-11,8.554399999999999e-07,88495575.22123817
bot2,2.6,2,8.5672e-07,2.46e-12,-8.5678e-07,2.46e-12,8.5672e-07,109890109.89010684
bot2,2.7,2,8.5726e-07,1.8700000000000003e-12,-8.5752e-07,1.8700000000000003e-12,8.5726e-07,98039215.68627536
bot2,2.8000000000000003,2,8.5876e-07,-1.3500000000000001e-12,-8.5774e-07,1.3500000000000001e-12,8.5876e-07,80000000.00000066
bot2,2.9,2,8.5976e-07,4.100000000000001e-12,-8.5884e-07,4.100000000000001e-12,8.5976e-07,83333333.3333343
bot2,3.0,2,8.6116e-07,-4.9880000000000006e-11,-8.6126e-07,4.9880000000000006e-11,8.6116e-07,117647058.823528
bot2,3.1,2,8.6146e-07,5.649e-11,-8.6212e-07,5.649e-11,8.6146e-07,120481927.7108452
bot2,3.2,2,8.628199999999999e-07,-2.675e-11,-8.6276e-07,2.675e-11,8.628199999999999e-07,91743119.2660536
bot2,3.3000000000000003,2,8.6364e-07,-1.17e-12,-8.6344e-07,1.17e-12,8.6364e-07,113636363.63635768
bot2,3.4,2,8.6458e-07,2.41e-12,-8.6494e-07,2.41e-12,8.6458e-07,97087378.64077626
bot2,3.5,2,8.657e-07,-1.3500000000000001e-12,-8.656e-07,1.3500000000000001e-12,8.657e-07,105263157.89474076
bot2,3.6,2,8.6648e-07,1.117e-11,-8.6652e-07,1.117e-11,8.6648e-07,107526881.72043069
bot2,3.7,2,8.6756e-07,-5.5300000000000005e-11,-8.676799999999999e-07,5.5300000000000005e-11,8.6756e-07,99009900.99009582
bot2,3.8,2,8.685e-07,5.531000000000001e-11,-8.6844e-07,5.531000000000001e-11,8.685e-07,97087378.64077626
bot2,3.9,2,8.6962e-07,-2.021e-11,-8.6944e-07,2.021e-11,8.6962e-07,107526881.72043043
bot2,4.0,2,8.7036e-07,-2.070000000000001e-12,-8.7042e-07,2.070000000000001e-12,8.7036e-07,144927536.23188633
bot2,4.1,2,8.71e-07,2.01e-12,-8.7108e-07,2.01e-12,8.71e-07,109890109.89011323
bot2,4.2,2,8.7218e-07,-6.8e-13,-8.7208e-07,6.8e-13,8.7218e-07,99009900.990101
bot2,4.3,2,8.7302e-07,1.365e-11,-8.7276e-07,1.365e-11,8.7302e-07,128205128.20513088
bot2,4.4,2,8.737399999999999e-07,-5.609e-11,-8.738e-07,5.609e-11,8.737399999999999e-07,158730158.73015228
bot2,4.5,2,8.7428e-07,5.3810000000000006e-11,-8.7456e-07,5.3810000000000006e-11,8.7428e-07,140845070.42253315
bot2,4.6000000000000005,2,8.7516e-07,-1.876e-11,-8.7544e-07,1.876e-11,8.7516e-07,140845070.42254364
bot2,4.7,2,8.756999999999999e-07,-1.17e-12,-8.7596e-07,1.17e-12,8.756999999999999e-07,133333333.33333226
bot2,4.8,2,8.7666e-07,9.100000000000002e-13,-8.7568e-07,9.100000000000002e-13,8.7666e-07,99999999.99999788
bot2,4.9,2,8.777e-07,-3.583e-11,-8.765e-07,3.583e-11,8.777e-07,117647058.823528
bot2,5.0,2,8.7836e-07,4.961e-11,-8.7828e-07,4.961e-11,8.7836e-07,151515151.51514933
bot2,0.0,3,1.6245000000000002e-10,5.943000000000001e-11,-7.441e-11,5.943000000000001e-11,1.6245000000000002e-10,323710.9707752117
bot2,0.1,3,3.0908e-07,-4.9990000000000007e-11,-3.0914e-07,4.9990000000000007e-11,3.0908e-07,332492.37698883435
bot2,0.2,3,6.0168e-07,5.689e-11,-6.0152e-07,5.689e-11,6.0168e-07,352460.1720005639
bot2,0.3,3,8.7652e-07,-2.571e-11,-8.7668e-07,2.571e-11,8.7652e-07,374953.1308586426
bot2,0.4,3,1.13508e-06,-6.400000000000001e-13,-1.13506e-06,6.400000000000001e-13,1.13508e-06,400336.28247728094
bot2,0.5,3,1.3761e-06,2.256e-11,-1.3764e-06,2.256e-11,1.3761e-06,429442.5835265822
bot2,0.6,3,1.6008000000000002e-06,4.600000000000003e-13,-1.6009000000000002e-06,4.600000000000003e-13,1.6008000000000002e-06,462107.2088724584
bot2,0.7,3,1.8089e-06,-5.991e-11,-1.8095e-06,5.991e-11,1.8089e-06,501002.004008016
bot2,0.8,3,2.0000000000000003e-06,3.05e-12,-2.0009e-06,3.05e-12,2.0000000000000003e-06,544217.68707483
bot2,0.9,3,2.1764e-06,1.27e-12,-2.1760000000000004e-06,1.27e-12,2.1764e-06,595947.556615018
bot2,1.0,3,2.3356e-06,-6.002e-11,-2.3362e-06,6.002e-11,2.3356e-06,660283.9220864972
bot2,1.1,3,2.4793e-06,1.209e-11,-2.4801e-06,1.209e-11,2.4793e-06,735294.1176470582
bot2,1.2,3,2.6076e-06,3.2000000000000005e-13,-2.6078000000000003e-06,3.2000000000000005e-13,2.6076e-06,828500.4142502057
bot2,1.3,3,2.7207000000000005e-06,-5.6470000000000006e-11,-2.7217e-06,5.6470000000000006e-11,2.7207000000000005e-06,941619.5856873835
bot2,1.4,3,2.82e-06,2.5100000000000003e-11,-2.8202e-06,2.5100000000000003e-11,2.82e-06,1088731.6276537853
bot2,1.5,3,2.9044e-06,2.69e-12,-2.9049000000000003e-06,2.69e-12,2.9044e-06,1284521.5157353878
bot2,1.6,3,2.9757e-06,-4.326e-11,-2.9763e-06,4.326e-11,2.9757e-06,1542020.0462605986
bot2,1.7,3,3.0341000000000003e-06,4.022e-11,-3.0348e-06,4.022e-11,3.0341000000000003e-06,1904761.9047618995
bot2,1.8,3,3.0807000000000004e-06,2.1700000000000002e-12,-3.0813000000000005e-06,2.1700000000000002e-12,3.0807000000000004e-06,2433090.0243309075
bot2,1.9,3,3.1163e-06,-8.2e-13,-3.1172000000000004e-06,8.2e-13,3.1163e-06,3220611.9162641
bot2,2.0,3,3.1428e-06,5.855000000000001e-11,-3.1433000000000005e-06,5.855000000000001e-11,3.1428e-06,4405286.343612332
bot2,2.1,3,3.1617e-06,-2.418e-11,-3.1624000000000004e-06,2.418e-11,3.1617e-06,6153846.153846137
bot2,2.2,3,3.1753000000000003e-06,-4.500000000000001e-13,-3.1767000000000004e-06,4.500000000000001e-13,3.1753000000000003e-06,8368200.836819981
bot2,2.3000000000000003,3,3.1856000000000005e-06,4.468e-11,-3.1858000000000005e-06,4.468e-11,3.1856000000000005e-06,11173184.357541973
bot2,2.4,3,3.1932e-06,-6.65e-12,-3.1941000000000005e-06,6.65e-12,3.1932e-06,14184397.163120547
bot2,2.5,3,3.1997000000000005e-06,-1.2500000000000001e-12,-3.1999000000000005e-06,1.2500000000000001e-12,3.1997000000000005e-06,17543859.649122808
bot2,2.6,3,3.2046e-06,6.046e-11,-3.2052e-06,6.046e-11,3.2046e-06,21052631.57894815
bot2,2.7,3,3.2092e-06,-1.013e-11,-3.2099000000000004e-06,1.013e-11,3.2092e-06,22727272.72727213
bot2,2.8000000000000003,3,3.2134000000000004e-06,-1.07e-12,-3.2142000000000005e-06,1.07e-12,3.2134000000000004e-06,24390243.90243842
bot2,2.9,3,3.2174000000000003e-06,5.996e-11,-3.2181e-06,5.996e-11,3.2174000000000003e-06,25000000.00000073
bot2,3.0,3,3.2214e-06,-3.23e-12,-3.2223000000000005e-06,3.23e-12,3.2214e-06,26315789.47368372
bot2,3.1,3,3.2250000000000005e-06,-6.3e-13,-3.2254000000000005e-06,6.3e-13,3.2250000000000005e-06,30303030.30303
bot2,3.2,3,3.2280000000000003e-06,5.922e-11,-3.2284000000000003e-06,5.922e-11,3.2280000000000003e-06,34482758.620689616
bot2,3.3000000000000003,3,3.2308000000000005e-06,5.1e-13,-3.2314000000000005e-06,5.1e-13,3.2308000000000005e-06,34482758.62068953
bot2,3.4,3,3.2338000000000003e-06,-1.6300000000000001e-12,-3.2344000000000003e-06,1.6300000000000001e-12,3.2338000000000003e-06,36363636.363637775
bot2,3.5,3,3.2363000000000003e-06,5.241e-11,-3.2363000000000003e-06,5.241e-11,3.2363000000000003e-06,42553191.48936046
bot2,3.6,3,3.2385000000000004e-06,-3.136e-11,-3.2393000000000005e-06,3.136e-11,3.2385000000000004e-06,40000000.00000042
bot2,3.7,3,3.2413e-06,-2.75e-12,-3.2415e-06,2.75e-12,3.2413e-06,37735849.056605496
bot2,3.8,3,3.2438e-06,2.395e-11,-3.2444e-06,2.395e-11,3.2438e-06,38461538.46153865
bot2,3.9,3,3.2465e-06,-3.579e-11,-3.2466000000000004e-06,3.579e-11,3.2465e-06,38461538.46153865
bot2,4.0,3,3.249e-06,-3.0300000000000002e-12,-3.2491000000000004e-06,3.0300000000000002e-12,3.249e-06,42553191.48936036
bot2,4.1,3,3.2512000000000003e-06,1.6800000000000001e-12,-3.2515e-06,1.6800000000000001e-12,3.2512000000000003e-06,49999999.99999629
bot2,4.2,3,3.2530000000000004e-06,-5.942e-11,-3.2538000000000005e-06,5.942e-11,3.2530000000000004e-06,44444444.44444323
bot2,4.3,3,3.2557000000000004e-06,2.235e-11,-3.2563000000000005e-06,2.235e-11,3.2557000000000004e-06,48780487.80488198
bot2,4.4,3,3.2571e-06,1.9e-12,-3.2580000000000004e-06,1.9e-12,3.2571e-06,48780487.80487695
bot2,4.5,3,3.2598000000000005e-06,-4.8530000000000006e-11,-3.2602e-06,4.8530000000000006e-11,3.2598000000000005e-06,45454545.45454208
bot2,4.6000000000000005,3,3.2615000000000005e-06,3.4980000000000005e-11,-3.2623000000000005e-06,3.4980000000000005e-11,3.2615000000000005e-06,44444444.44444742
bot2,4.7,3,3.2643e-06,2.450000000000001e-12,-3.2647000000000003e-06,2.450000000000001e-12,3.2643e-06,41666666.66666707
bot2,4.8,3,3.2663000000000004e-06,-8.800000000000002e-13,-3.2669000000000004e-06,8.800000000000002e-13,3.2663000000000004e-06,49999999.99999629
bot2,4.9,3,3.2683000000000005e-06,5.7780000000000006e-11,-3.2681000000000005e-06,5.7780000000000006e-11,3.2683000000000005e-06,50000000.00000158
bot2,5.0,3,3.2703000000000003e-06,-6.620000000000001e-12,-3.2703000000000003e-06,6.620000000000001e-12,3.2703000000000003e-06,50000000.000006646
bot2,0.0,4,1.3734e-10,-8.7e-13,-9.124e-11,8.7e-13,1.3734e-10,208575.51557885983
bot2,0.1,4,4.7958e-07,1.4800000000000006e-12,-4.7976e-07,1.4800000000000006e-12,4.7958e-07,212471.5126163566
bot2,0.2,4,9.4144e-07,-1.86e-12,-9.4162e-07,1.86e-12,9.4144e-07,221234.04349461288
bot2,0.3,4,1.3836000000000002e-06,5.722e-11,-1.3836000000000002e-06,5.722e-11,1.3836000000000002e-06,230744.3813743135
bot2,0.4,4,1.8082e-06,5.8110000000000007e-11,-1.8084e-06,5.8110000000000007e-11,1.8082e-06,240500.24050024044
bot2,0.5,4,2.2152000000000004e-06,-2.316e-11,-2.2157e-06,2.316e-11,2.2152000000000004e-06,251414.2049025769
bot2,0.6,4,2.6037e-06,-2.7600000000000004e-12,-2.6041e-06,2.7600000000000004e-12,2.6037e-06,263088.6608787162
bot2,0.7,4,2.9754000000000003e-06,1.1000000000000002e-12,-2.9755e-06,1.1000000000000002e-12,2.9754000000000003e-06,276014.35274634283
bot2,0.8,4,3.3283000000000004e-06,-6.083e-11,-3.3287000000000004e-06,6.083e-11,3.3283000000000004e-06,290107.3397156947
bot2,0.9,4,3.664800000000001e-06,1.59e-12,-3.6649e-06,1.59e-12,3.664800000000001e-06,305390.13589861046
bot2,1.0,4,3.9832e-06,1.9700000000000003e-12,-3.9833000000000005e-06,1.9700000000000003e-12,3.9832e-06,322476.6204450178
bot2,1.1,4,4.2850000000000005e-06,-3.037e-11,-4.2852e-06,3.037e-11,4.2850000000000005e-06,341413.4516899963
bot2,1.2,4,4.569000000000001e-06,2.5740000000000003e-11,-4.5693e-06,2.5740000000000003e-11,4.569000000000001e-06,363042.2944273006
bot2,1.3,4,4.8359000000000006e-06,2.5600000000000004e-12,-4.8365e-06,2.5600000000000004e-12,4.8359000000000006e-06,386100.3861003865
bot2,1.4,4,5.087000000000001e-06,-2.65e-11,-5.0872e-06,2.65e-11,5.087000000000001e-06,412456.17653124325
bot2,1.5,4,5.320800000000001e-06,4.4420000000000007e-11,-5.321e-06,4.4420000000000007e-11,5.320800000000001e-06,443458.9800443462
bot2,1.6,4,5.538e-06,5.800000000000003e-13,-5.5385e-06,5.800000000000003e-13,5.538e-06,477783.0864787389
bot2,1.7,4,5.7394000000000005e-06,-8.300000000000001e-13,-5.740300000000001e-06,8.300000000000001e-13,5.7394000000000005e-06,516395.5589981919
bot2,1.8,4,5.925300000000001e-06,6.111000000000001e-11,-5.9255e-06,6.111000000000001e-11,5.925300000000001e-06,562271.5771717747
bot2,1.9,4,6.0951e-06,-6.36e-12,-6.095400000000001e-06,6.36e-12,6.0951e-06,616522.81134402
bot2,2.0,4,6.2497000000000005e-06,-7.600000000000002e-13,-6.2504e-06,7.600000000000002e-13,6.2497000000000005e-06,679347.8260869562
bot2,2.1,4,6.3895e-06,2.5740000000000003e-11,-6.389300000000001e-06,2.5740000000000003e-11,6.3895e-06,752445.4477050417
bot2,2.2,4,6.5155000000000006e-06,-5.175e-11,-6.5155000000000006e-06,5.175e-11,6.5155000000000006e-06,841750.8417508424
bot2,2.3000000000000003,4,6.6271000000000005e-06,-1.0100000000000001e-12,-6.627200000000001e-06,1.0100000000000001e-12,6.6271000000000005e-06,955109.837631326
bot2,2.4,4,6.724900000000001e-06,2.26e-12,-6.7260000000000005e-06,2.26e-12,6.724900000000001e-06,1089918.2561307887
bot2,2.5,4,6.8106000000000005e-06,-5.962000000000001e-11,-6.811100000000001e-06,5.962000000000001e-11,6.8106000000000005e-06,1261034.0479192913
bot2,2.6,4,6.883500000000001e-06,-2.8100000000000003e-12,-6.884500000000001e-06,2.8100000000000003e-12,6.883500000000001e-06,1484780.9948032612
bot2,2.7,4,6.945300000000001e-06,5.6e-13,-6.9461e-06,5.6e-13,6.945300000000001e-06,1784121.3202497894
bot2,2.8000000000000003,4,6.9956e-06,-5.969e-11,-6.996100000000001e-06,5.969e-11,6.9956e-06,2200220.022002212
bot2,2.9,4,7.0362000000000005e-06,1.701e-11,-7.0362000000000005e-06,1.701e-11,7.0362000000000005e-06,2713704.206241492
bot2,3.0,4,7.069300000000001e-06,1.95e-12,-7.069100000000001e-06,1.95e-12,7.069300000000001e-06,3395585.738539878
bot2,3.1,4,7.095100000000001e-06,-4.193e-11,-7.0953000000000005e-06,4.193e-11,7.095100000000001e-06,4338394.793926304
bot2,3.2,4,7.1154000000000005e-06,4.0810000000000006e-11,-7.1157e-06,4.0810000000000006e-11,7.1154000000000005e-06,5319148.936170297
bot2,3.3000000000000003,4,7.1327e-06,2.5600000000000004e-12,-7.132500000000001e-06,2.5600000000000004e-12,7.1327e-06,6622516.556291348
bot2,3.4,4,7.145600000000001e-06,-1.45e-12,-7.1463000000000005e-06,1.45e-12,7.145600000000001e-06,8438818.565400727
bot2,3.5,4,7.156400000000001e-06,6.043e-11,-7.156900000000001e-06,6.043e-11,7.156400000000001e-06,9803921.568627538
bot2,3.6,4,7.1660000000000005e-06,-1.733e-11,-7.166600000000001e-06,1.733e-11,7.1660000000000005e-06,11428571.428571273
bot2,3.7,4,7.173900000000001e-06,-2.04e-12,-7.1749000000000005e-06,2.04e-12,7.173900000000001e-06,12903225.806451537
bot2,3.8,4,7.181500000000001e-06,6.012000000000001e-11,-7.182000000000001e-06,6.012000000000001e-11,7.181500000000001e-06,14084507.042253705
bot2,3.9,4,7.188100000000001e-06,-5.38e-12,-7.1884000000000005e-06,5.38e-12,7.188100000000001e-06,14492753.623188632
bot2,4.0,4,7.1953e-06,-1.18e-12,-7.195500000000001e-06,1.18e-12,7.1953e-06,14492753.623188632
bot2,4.1,4,7.2019000000000005e-06,2.2480000000000003e-11,-7.201600000000001e-06,2.2480000000000003e-11,7.2019000000000005e-06,17241379.310344808
bot2,4.2,4,7.2069e-06,-4.5220000000000006e-11,-7.2067e-06,4.5220000000000006e-11,7.2069e-06,20202020.202019133
bot2,4.3,4,7.211800000000001e-06,-1.7000000000000002e-12,-7.2125e-06,1.7000000000000002e-12,7.211800000000001e-06,19801980.19801957
bot2,4.4,4,7.217e-06,1.2500000000000001e-12,-7.2174e-06,1.2500000000000001e-12,7.217e-06,20618556.701030742
bot2,4.5,4,7.221500000000002e-06,-3.836e-11,-7.2216e-06,3.836e-11,7.221500000000002e-06,20618556.701030742
bot2,4.6000000000000005,4,7.2267e-06,-3.900000000000001e-13,-7.2266e-06,3.900000000000001e-13,7.2267e-06,21739130.434783
bot2,4.7,4,7.230700000000002e-06,1.3800000000000002e-12,-7.2309e-06,1.3800000000000002e-12,7.230700000000002e-06,21978021.97802076
bot2,4.8,4,7.235800000000002e-06,-4.7070000000000005e-11,-7.2363e-06,4.7070000000000005e-11,7.235800000000002e-06,20000000.00000021
bot2,4.9,4,7.2407e-06,3.718e-11,-7.241100000000002e-06,3.718e-11,7.2407e-06,21276595.744682148
bot2,5.0,4,7.2452e-06,2.7100000000000004e-12,-7.2457e-06,2.7100000000000004e-12,7.2452e-06,22222222.22222361
bot2,0.0,5,2.0322e-10,2.6000000000000002e-12,-2.1558e-10,2.6000000000000002e-12,2.0322e-10,150898.57536353206
bot2,0.1,5,6.628999999999999e-07,-2.2200000000000002e-12,-6.6302e-07,2.2200000000000002e-12,6.628999999999999e-07,153163.18975759766
bot2,0.2,5,1.306e-06,6.099e-11,-1.3057e-06,6.099e-11,1.306e-06,158102.76679841895
bot2,0.3,5,1.9279e-06,3.379e-11,-1.9278e-06,3.379e-11,1.9279e-06,163238.65491348348
bot2,0.4,5,2.5312000000000004e-06,-4.965e-11,-2.5315e-06,4.965e-11,2.5312000000000004e-06,168406.87100033677
bot2,0.5,5,3.1155000000000005e-06,-1.59e-12,-3.1158000000000003e-06,1.59e-12,3.1155000000000005e-06,174170.51293216052
bot2,0.6,5,3.679500000000001e-06,5.2e-13,-3.6796e-06,5.2e-13,3.679500000000001e-06,180228.89069117783
bot2,0.7,5,4.225200000000001e-06,-4.659e-11,-4.2254e-06,4.659e-11,4.225200000000001e-06,186706.4973861092
bot2,0.8,5,4.7507e-06,2.75e-12,-4.7509000000000005e-06,2.75e-12,4.7507e-06,193479.73299796844
bot2,0.9,5,5.258900000000001e-06,1.09e-12,-5.2588e-06,1.09e-12,5.258900000000001e-06,200722.6013649136
bot2,1.0,5,5.7471e-06,-2.761e-11,-5.747600000000001e-06,2.761e-11,5.7471e-06,208485.35390388823
bot2,1.1,5,6.218200000000001e-06,5.193e-11,-6.218100000000001e-06,5.193e-11,6.218200000000001e-06,216896.21516104537
bot2,1.2,5,6.6692000000000005e-06,-1.8000000000000007e-13,-6.6696000000000005e-06,1.8000000000000007e-13,6.6692000000000005e-06,226321.1497114405
bot2,1.3,5,7.1019000000000006e-06,-2.4000000000000004e-13,-7.102400000000001e-06,2.4000000000000004e-13,7.1019000000000006e-06,235626.7672007541
bot2,1.4,5,7.518e-06,4.628e-11,-7.517700000000002e-06,4.628e-11,7.518e-06,246093.2693490833
bot2,1.5,5,7.9146e-06,-3.437e-11,-7.914800000000001e-06,3.437e-11,7.9146e-06,257665.55011594933
bot2,1.6,5,8.294200000000001e-06,-3.1200000000000004e-12,-8.294200000000001e-06,3.1200000000000004e-12,8.294200000000001e-06,269578.1102574469
bot2,1.7,5,8.656500000000001e-06,1.5400000000000001e-12,-8.657e-06,1.5400000000000001e-12,8.656500000000001e-06,283245.999150262
bot2,1.8,5,9.000300000000001e-06,-5.979000000000001e-11,-9.001e-06,5.979000000000001e-11,9.000300000000001e-06,297929.3907343963
bot2,1.9,5,9.3278e-06,1.8310000000000003e-11,-9.328e-06,1.8310000000000003e-11,9.3278e-06,313627.09738121333
bot2,2.0,5,9.638e-06,2.37e-12,-9.6378e-06,2.37e-12,9.638e-06,331950.20746887976
bot2,2.1,5,9.9303e-06,-1.95e-12,-9.9298e-06,1.95e-12,9.9303e-06,351988.7363604373
bot2,2.2,5,1.02062e-05,6.071e-11,-1.0205900000000002e-05,6.071e-11,1.02062e-05,374111.48522259673
bot2,2.3000000000000003,5,1.04649e-05,-1.088e-11,-1.04652e-05,1.088e-11,1.04649e-05,398485.7541342882
bot2,2.4,5,1.0708100000000002e-05,-2.3200000000000002e-12,-1.07086e-05,2.3200000000000002e-12,1.0708100000000002e-05,425713.0693912296
bot2,2.5,5,1.09347e-05,1.019e-11,-1.0935300000000002e-05,1.019e-11,1.09347e-05,456933.9730408968
bot2,2.6,5,1.11458e-05,-5.2540000000000007e-11,-1.11463e-05,5.2540000000000007e-11,1.11458e-05,493461.6333580077
bot2,2.7,5,1.134e-05,-1.27e-12,-1.1340200000000002e-05,1.27e-12,1.134e-05,534473.5435595958
bot2,2.8000000000000003,5,1.152e-05,4.619e-11,-1.15199e-05,4.619e-11,1.152e-05,578034.6820809245
bot2,2.9,5,1.1686e-05,-5.2320000000000006e-11,-1.16858e-05,5.2320000000000006e-11,1.1686e-05,628930.81761006
bot2,3.0,5,1.1838e-05,-1.91e-12,-1.1838e-05,1.91e-12,1.1838e-05,699300.6993006992
bot2,3.1,5,1.1972e-05,2.04e-12,-1.1972e-05,2.04e-12,1.1972e-05,769230.7692307722
bot2,3.2,5,1.2098e-05,-4.364e-11,-1.2098e-05,4.364e-11,1.2098e-05,847457.627118642
bot2,3.3000000000000003,5,1.2208e-05,5.947e-11,-1.221e-05,5.947e-11,1.2208e-05,961538.4615384586
bot2,3.4,5,1.2306e-05,-4.153e-11,-1.2306e-05,4.153e-11,1.2306e-05,1086956.521739127
bot2,3.5,5,1.2392e-05,-2.01e-12,-1.2394e-05,2.01e-12,1.2392e-05,1249999.9999999998
bot2,3.6,5,1.2466e-05,1.9700000000000003e-12,-1.247e-05,1.9700000000000003e-12,1.2466e-05,1449275.3623188487
bot2,3.7,5,1.253e-05,-8.100000000000002e-13,-1.253e-05,8.100000000000002e-13,1.253e-05,1666666.6666666607
bot2,3.8,5,1.2586e-05,6.112e-11,-1.2588e-05,6.112e-11,1.2586e-05,1999999.9999999823
bot2,3.9,5,1.263e-05,-5.289e-11,-1.2634e-05,5.289e-11,1.263e-05,2439024.390243943
bot2,4.0,5,1.2668e-05,2.345e-11,-1.2672e-05,2.345e-11,1.2668e-05,2857142.857142881
bot2,4.1,5,1.27e-05,-7.400000000000002e-13,-1.2704e-05,7.400000000000002e-13,1.27e-05,3225806.451612884
bot2,4.2,5,1.273e-05,-1.51e-12,-1.2728e-05,1.51e-12,1.273e-05,3846153.846153811
bot2,4.3,5,1.2752e-05,1.118e-11,-1.275e-05,1.118e-11,1.2752e-05,5000000.000000052
bot2,4.4,5,1.277e-05,-5.829e-11,-1.277e-05,5.829e-11,1.277e-05,5882352.941176473
bot2,4.5,5,1.2786e-05,5.357e-11,-1.2788e-05,5.357e-11,1.2786e-05,6249999.999999867
bot2,4.6000000000000005,5,1.2802e-05,1.6100000000000002e-12,-1.2802e-05,1.6100000000000002e-12,1.2802e-05,7142857.142857477
bot2,4.7,5,1.2814e-05,-2.69e-12,-1.2816e-05,2.69e-12,1.2814e-05,8333333.333333266
bot2,4.8,5,1.2826e-05,1.3900000000000001e-12,-1.283e-05,1.3900000000000001e-12,1.2826e-05,9999999.999999257
bot2,4.9,5,1.2834e-05,-9.05e-12,-1.2838e-05,9.05e-12,1.2834e-05,8333333.333333302
bot2,5.0,5,1.285e-05,5.4640000000000005e-11,-1.285e-05,5.4640000000000005e-11,1.285e-05,6250000.00000017
