device,VD,VG,ID,IG,IS,absIg,absId,r
bot1,0.0,-5,-4.0802e-12,5.536e-11,-1.7200000000000003e-11,5.536e-11,4.0802e-12,37136066547.83126
bot1,0.1,-5,-1.3874e-12,2.6300000000000007e-12,-1.4700000000000002e-12,2.6300000000000007e-12,1.3874e-12,53256643766.30986
bot1,0.2,-5,-3.248e-13,9.8e-13,-2.400000000000001e-12,9.8e-13,3.248e-13,89758549501.84004
bot1,0.3,-5,8.408e-13,-2.6100000000000004e-12,-2.780000000000001e-12,2.6100000000000004e-12,8.408e-13,87481410200.33241
bot1,0.4,-5,1.9614e-12,-1.2670000000000002e-11,-4.18e-12,1.2670000000000002e-11,1.9614e-12,93127211771.27956
bot1,0.5,-5,2.9884e-12,-2.854e-11,-5.820000000000001e-12,2.854e-11,2.9884e-12,134120171673.81972
bot1,0.6,-5,3.4526e-12,-4.214e-11,-8.35e-12,4.214e-11,3.4526e-12,226860254083.48456
bot1,0.7,-5,3.87e-12,-5.449e-11,-1.219e-11,5.449e-11,3.87e-12,281135788585.88727
bot1,0.8,-5,4.164e-12,-6.03e-11,-1.672e-11,6.03e-11,4.164e-12,479386385426.6544
bot1,0.9,-5,4.2872e-12,-6.174000000000001e-11,-2.3120000000000003e-11,6.174000000000001e-11,4.2872e-12,-22279654219.766502
bot1,1.0,-5,-4.8128e-12,2.1990000000000003e-11,3.568e-11,2.1990000000000003e-11,4.8128e-12,-23634515846.942886
bot1,1.1,-5,-4.175e-12,1.1000000000000002e-12,1.342e-11,1.1000000000000002e-12,4.175e-12,32296612085.392235
bot1,1.2,-5,1.3798e-12,-1.6e-12,9.700000000000001e-13,1.6e-12,1.3798e-12,46433878157.5037
bot1,1.3,-5,1.322e-13,-1.6200000000000004e-12,1.93e-12,1.6200000000000004e-12,1.322e-13,-83486391718.15001
bot1,1.4,-5,-1.0158e-12,3.680000000000001e-12,2.95e-12,3.680000000000001e-12,1.0158e-12,-97885669537.9796
bot1,1.5,-5,-1.911e-12,1.073e-11,3.8900000000000006e-12,1.073e-11,1.911e-12,-133636242148.87073
bot1,1.6,-5,-2.5124e-12,2.091e-11,4.8000000000000005e-12,2.091e-11,2.5124e-12,-159974404095.3447
bot1,1.7,-5,-3.1612e-12,3.5190000000000003e-11,6.890000000000001e-12,3.5190000000000003e-11,3.1612e-12,-169434090138.93597
bot1,1.8,-5,-3.6928e-12,5.0130000000000006e-11,9.86e-12,5.0130000000000006e-11,3.6928e-12,-223164472216.02332
bot1,1.9,-5,-4.0574e-12,5.7340000000000006e-11,1.438e-11,5.7340000000000006e-11,4.0574e-12,-338294993234.1
bot1,2.0,-5,-4.284e-12,6.291e-11,1.88e-11,6.291e-11,4.284e-12,-620732464307.884
bot1,2.1,-5,-4.3796e-12,6.051e-11,2.453e-11,6.051e-11,4.3796e-12,22101401228.837925
bot1,2.2,-5,4.7652e-12,-1.9040000000000003e-11,-3.6840000000000005e-11,1.9040000000000003e-11,4.7652e-12,23761999809.904022
bot1,2.3000000000000003,-5,4.0372e-12,-2.400000000000001e-12,-1.351e-11,2.400000000000001e-12,4.0372e-12,-31536787662.808628
bot1,2.4,-5,-1.5766e-12,1.8700000000000003e-12,-1.1600000000000001e-12,1.8700000000000003e-12,1.5766e-12,-45118209709.43868
bot1,2.5,-5,-3.956e-13,1.4700000000000002e-12,-1.74e-12,1.4700000000000002e-12,3.956e-13,91979396615.1583
bot1,2.6,-5,5.978e-13,-8.500000000000002e-13,-2.830000000000001e-12,8.500000000000002e-13,5.978e-13,97627648149.95616
bot1,2.7,-5,1.653e-12,-8.890000000000003e-12,-3.75e-12,8.890000000000003e-12,1.653e-12,106746370623.39893
bot1,2.8000000000000003,-5,2.4714e-12,-1.917e-11,-5.310000000000002e-12,1.917e-11,2.4714e-12,134066228716.986
bot1,2.9,-5,3.1448e-12,-3.51e-11,-6.9300000000000006e-12,3.51e-11,3.1448e-12,173460537727.66672
bot1,3.0,-5,3.6244e-12,-4.589e-11,-9.09e-12,4.589e-11,3.6244e-12,247770069375.61963
bot1,3.1,-5,3.952e-12,-5.634e-11,-1.2680000000000002e-11,5.634e-11,3.952e-12,373552484124.01953
bot1,3.2,-5,4.1598e-12,-6.055e-11,-1.692e-11,6.055e-11,4.1598e-12,474608448030.3756
bot1,3.3000000000000003,-5,4.3734e-12,-6.087e-11,-2.24e-11,6.087e-11,4.3734e-12,-22592232790.36665
bot1,3.4,-5,-4.6928e-12,2.3300000000000003e-11,3.583e-11,2.3300000000000003e-11,4.6928e-12,-23799890520.50357
bot1,3.5,-5,-4.03e-12,1.8900000000000002e-12,1.4760000000000003e-11,1.8900000000000002e-12,4.03e-12,30888030888.03092
bot1,3.6,-5,1.7822e-12,-2.19e-12,7e-13,2.19e-12,1.7822e-12,42301184433.16417
bot1,3.7,-5,6.98e-13,-1.8400000000000002e-12,1.36e-12,1.8400000000000002e-12,6.98e-13,-101770812131.08089
bot1,3.8,-5,-1.83e-13,1.2000000000000001e-12,2.21e-12,1.2000000000000001e-12,1.83e-13,-101708706265.25618
bot1,3.9,-5,-1.2684e-12,6.5e-12,3.2600000000000002e-12,6.5e-12,1.2684e-12,-112854079674.9801
bot1,4.0,-5,-1.9552e-12,1.7140000000000002e-11,4.16e-12,1.7140000000000002e-11,1.9552e-12,-142938822184.105
bot1,4.1,-5,-2.6676e-12,3.153e-11,6.340000000000001e-12,3.153e-11,2.6676e-12,-167336010709.50482
bot1,4.2,-5,-3.1504e-12,4.767e-11,9.22e-12,4.767e-11,3.1504e-12,-249563264287.4972
bot1,4.3,-5,-3.469e-12,5.5560000000000006e-11,1.304e-11,5.5560000000000006e-11,3.469e-12,-388500388500.38873
bot1,4.4,-5,-3.6652e-12,6.09e-11,1.809e-11,6.09e-11,3.6652e-12,-751879699248.1213
bot1,4.5,-5,-3.735e-12,5.917e-11,2.457e-11,5.917e-11,3.735e-12,21490125287.430447
bot1,4.6000000000000005,-5,5.6414e-12,-1.5140000000000002e-11,-3.6880000000000006e-11,1.5140000000000002e-11,5.6414e-12,23371038608.955803
bot1,4.7,-5,4.8226e-12,-2.47e-12,-1.14e-11,2.47e-12,4.8226e-12,-35222429643.19666
bot1,4.8,-5,-3.68e-14,1.3400000000000006e-12,-1.5400000000000001e-12,1.3400000000000006e-12,3.68e-14,-54330109746.82173
bot1,4.9,-5,1.1414e-12,-1.79e-12,-2.2200000000000002e-12,1.79e-12,1.1414e-12,77255871446.22998
bot1,5.0,-5,2.552e-12,-6.61e-12,-3.25e-12,6.61e-12,2.552e-12,70891819084.07744
bot1,0.0,-4,-4.7612e-12,9.39e-12,3.6440000000000005e-11,9.39e-12,4.7612e-12,64951935567.67994
bot1,0.1,-4,-3.2216e-12,1.6e-12,5.4500000000000004e-12,1.6e-12,3.2216e-12,40763084950.26904
bot1,0.2,-4,1.452e-13,-1.12e-12,1.7700000000000001e-12,1.12e-12,1.452e-13,89365504915.10275
bot1,0.3,-4,-9.836e-13,4.07e-12,2.59e-12,4.07e-12,9.836e-13,-95174645474.4456
bot1,0.4,-4,-1.9562e-12,1.225e-11,3.780000000000001e-12,1.225e-11,1.9562e-12,-113700966458.21487
bot1,0.5,-4,-2.7426e-12,2.631e-11,5.780000000000001e-12,2.631e-11,2.7426e-12,-134264232008.59288
bot1,0.6,-4,-3.4458e-12,4.069e-11,8.25e-12,4.069e-11,3.4458e-12,-172532781228.43344
bot1,0.7,-4,-3.9018e-12,5.3480000000000006e-11,1.154e-11,5.3480000000000006e-11,3.9018e-12,-289855072463.7682
bot1,0.8,-4,-4.1358e-12,6.04e-11,1.613e-11,6.04e-11,4.1358e-12,-481000481000.481
bot1,0.9,-4,-4.3176e-12,6.104e-11,2.1990000000000003e-11,6.104e-11,4.3176e-12,22629042112.64737
bot1,1.0,-4,4.7024e-12,-2.364e-11,-3.643e-11,2.364e-11,4.7024e-12,23456008256.51491
bot1,1.1,-4,4.209e-12,-1.51e-12,-1.436e-11,1.51e-12,4.209e-12,-32662660047.034225
bot1,1.2,-4,-1.4208e-12,2.46e-12,-1.36e-12,2.46e-12,1.4208e-12,-45512470416.89423
bot1,1.3,-4,-1.854e-13,4.0000000000000006e-14,-2.37e-12,4.0000000000000006e-14,1.854e-13,81913499344.69206
bot1,1.4,-4,1.0208e-12,-4.490000000000001e-12,-2.9400000000000004e-12,4.490000000000001e-12,1.0208e-12,88090204369.27411
bot1,1.5,-4,2.085e-12,-1.433e-11,-4.07e-12,1.433e-11,2.085e-12,107979699816.43452
bot1,1.6,-4,2.873e-12,-2.8890000000000003e-11,-6.330000000000001e-12,2.8890000000000003e-11,2.873e-12,136873802354.2294
bot1,1.7,-4,3.5462e-12,-4.5110000000000006e-11,-9.05e-12,4.5110000000000006e-11,3.5462e-12,196889151407.75732
bot1,1.8,-4,3.8888e-12,-5.659e-11,-1.25e-11,5.659e-11,3.8888e-12,664451827242.5254
bot1,1.9,-4,3.8472e-12,-6.14e-11,-1.6980000000000002e-11,6.14e-11,3.8472e-12,490436488474.7425
bot1,2.0,-4,4.2966e-12,-6.126e-11,-2.2300000000000003e-11,6.126e-11,4.2966e-12,-22802417056.207954
bot1,2.1,-4,-4.9238e-12,1.98e-11,3.602e-11,1.98e-11,4.9238e-12,-24081298463.61317
bot1,2.2,-4,-4.0086e-12,1.26e-12,1.141e-11,1.26e-12,4.0086e-12,34862641193.69687
bot1,2.3000000000000003,-4,8.13e-13,-1.65e-12,9.3e-13,1.65e-12,8.13e-13,52762095710.44155
bot1,2.4,-4,-2.18e-13,-9.4e-13,1.85e-12,9.4e-13,2.18e-13,-92910898448.38788
bot1,2.5,-4,-1.3396e-12,6.940000000000001e-12,2.9900000000000004e-12,6.940000000000001e-12,1.3396e-12,-91928663357.2349
bot1,2.6,-4,-2.3936e-12,1.7650000000000002e-11,4.52e-12,1.7650000000000002e-11,2.3936e-12,-122624156958.92104
bot1,2.7,-4,-2.9706e-12,3.0140000000000005e-11,6.19e-12,3.0140000000000005e-11,2.9706e-12,-172771250863.85638
bot1,2.8000000000000003,-4,-3.5512e-12,4.672e-11,9.47e-12,4.672e-11,3.5512e-12,-197745699031.04584
bot1,2.9,-4,-3.982e-12,5.6940000000000006e-11,1.2990000000000002e-11,5.6940000000000006e-11,3.982e-12,-288766965059.1968
bot1,3.0,-4,-4.2438e-12,6.094e-11,1.781e-11,6.094e-11,4.2438e-12,-558659217877.0957
bot1,3.1,-4,-4.34e-12,6.165e-11,2.26e-11,6.165e-11,4.34e-12,22234080398.434746
bot1,3.2,-4,4.7514e-12,-2.311e-11,-3.6330000000000005e-11,2.311e-11,4.7514e-12,23507287259.050323
bot1,3.3000000000000003,-4,4.168e-12,-1.4700000000000002e-12,-1.417e-11,1.4700000000000002e-12,4.168e-12,-31739986034.406105
bot1,3.4,-4,-1.5498e-12,2.42e-12,-1.2800000000000002e-12,2.42e-12,1.5498e-12,-43630017452.00693
bot1,3.5,-4,-4.16e-13,1.3300000000000002e-12,-1.6300000000000001e-12,1.3300000000000002e-12,4.16e-13,86520159197.093
bot1,3.6,-4,7.617999999999999e-13,-2.51e-12,-2.54e-12,2.51e-12,7.617999999999999e-13,91474570069.52077
bot1,3.7,-4,1.7704e-12,-1.063e-11,-3.72e-12,1.063e-11,1.7704e-12,108236822166.90126
bot1,3.8,-4,2.6096e-12,-2.345e-11,-5.4000000000000004e-12,2.345e-11,2.6096e-12,129954515919.42802
bot1,3.9,-4,3.3094e-12,-3.773e-11,-7.44e-12,3.773e-11,3.3094e-12,179211469534.04993
bot1,4.0,-4,3.7256e-12,-4.982e-11,-9.93e-12,4.982e-11,3.7256e-12,285877644368.2102
bot1,4.1,-4,4.009e-12,-5.726e-11,-1.402e-11,5.726e-11,4.009e-12,388500388500.3893
bot1,4.2,-4,4.2404e-12,-6.239e-11,-1.825e-11,6.239e-11,4.2404e-12,608642726719.4161
bot1,4.3,-4,4.3376e-12,-6.137e-11,-2.395e-11,6.137e-11,4.3376e-12,-21967400377.839306
bot1,4.4,-4,-4.864e-12,1.5960000000000002e-11,3.658e-11,1.5960000000000002e-11,4.864e-12,-24249478636.209343
bot1,4.5,-4,-3.91e-12,2.3800000000000004e-12,1.018e-11,2.3800000000000004e-12,3.91e-12,34799554565.701584
bot1,4.6000000000000005,-4,8.832e-13,-2.06e-12,1.23e-12,2.06e-12,8.832e-13,56924916035.7489
bot1,4.7,-4,-3.966e-13,1e-13,1.8900000000000002e-12,1e-13,3.966e-13,-82760903749.06865
bot1,4.8,-4,-1.5334e-12,8.02e-12,3.3200000000000004e-12,8.02e-12,1.5334e-12,-98570724494.82512
bot1,4.9,-4,-2.4256e-12,2.009e-11,5.03e-12,2.009e-11,2.4256e-12,-130821559392.98808
bot1,5.0,-4,-3.0622e-12,3.475e-11,6.990000000000001e-12,3.475e-11,3.0622e-12,-157084511467.1688
bot1,0.0,-3,-4.896e-12,3.690000000000001e-12,3.554e-11,3.690000000000001e-12,4.896e-12,46589638464.40552
bot1,0.1,-3,-2.7496e-12,1.5700000000000002e-12,2.69e-12,1.5700000000000002e-12,2.7496e-12,47321597577.13421
bot1,0.2,-3,-6.696e-13,2.59e-12,2.03e-12,2.59e-12,6.696e-13,191901746305.89136
bot1,0.3,-3,-1.7074e-12,8.24e-12,3.5500000000000004e-12,8.24e-12,1.7074e-12,-111271837098.0305
bot1,0.4,-3,-2.467e-12,2.081e-11,4.900000000000001e-12,2.081e-11,2.467e-12,-140232786425.46628
bot1,0.5,-3,-3.1336e-12,3.5090000000000005e-11,7.3e-12,3.5090000000000005e-11,3.1336e-12,-161342368505.96967
bot1,0.6,-3,-3.7066e-12,4.9770000000000006e-11,1.005e-11,4.9770000000000006e-11,3.7066e-12,-231964741359.3136
bot1,0.7,-3,-3.9958e-12,5.681e-11,1.324e-11,5.681e-11,3.9958e-12,-401767778224.1861
bot1,0.8,-3,-4.2044e-12,6.086000000000001e-11,1.6870000000000002e-11,6.086000000000001e-11,4.2044e-12,-499001996007.98334
bot1,0.9,-3,-4.3966e-12,6.147000000000001e-11,2.295e-11,6.147000000000001e-11,4.3966e-12,22066287126.528088
bot1,1.0,-3,4.8592e-12,-2.3610000000000003e-11,-3.616e-11,2.3610000000000003e-11,4.8592e-12,23252569408.919697
bot1,1.1,-3,4.2046e-12,-1.07e-12,-1.561e-11,1.07e-12,4.2046e-12,-30157724901.233444
bot1,1.2,-3,-1.7726e-12,2.5600000000000004e-12,-5.300000000000003e-13,2.5600000000000004e-12,1.7726e-12,-40392616229.75319
bot1,1.3,-3,-7.468e-13,1.4800000000000006e-12,-1.88e-12,1.4800000000000006e-12,7.468e-13,82440230832.6464
bot1,1.4,-3,6.534e-13,-1.95e-12,-2.8800000000000002e-12,1.95e-12,6.534e-13,85609108809.17729
bot1,1.5,-3,1.5894e-12,-7.81e-12,-3.53e-12,7.81e-12,1.5894e-12,113571834185.12209
bot1,1.6,-3,2.4144e-12,-2.0060000000000003e-11,-5.170000000000001e-12,2.0060000000000003e-11,2.4144e-12,114508187335.39444
bot1,1.7,-3,3.336e-12,-3.5520000000000004e-11,-7.200000000000001e-12,3.5520000000000004e-11,3.336e-12,149857635246.51575
bot1,1.8,-3,3.749e-12,-4.9260000000000006e-11,-9.82e-12,4.9260000000000006e-11,3.749e-12,274348422496.5708
bot1,1.9,-3,4.065e-12,-5.856e-11,-1.446e-11,5.856e-11,4.065e-12,485908649173.9557
bot1,2.0,-3,4.1606e-12,-6.227000000000001e-11,-1.919e-11,6.227000000000001e-11,4.1606e-12,832639467110.7417
bot1,2.1,-3,4.3052e-12,-6.012000000000001e-11,-2.4430000000000003e-11,6.012000000000001e-11,4.3052e-12,-22151337940.81165
bot1,2.2,-3,-4.8682e-12,1.932e-11,3.636e-11,1.932e-11,4.8682e-12,-23673681967.75647
bot1,2.3000000000000003,-3,-4.143e-12,1.8200000000000003e-12,1.34e-11,1.8200000000000003e-12,4.143e-12,31532809888.68914
bot1,2.4,-3,1.4744e-12,-2.69e-12,1.04e-12,2.69e-12,1.4744e-12,45069406886.60532
bot1,2.5,-3,2.946e-13,-5e-13,1.3300000000000002e-12,5e-13,2.946e-13,-94153092929.1028
bot1,2.6,-3,-6.498e-13,1.18e-12,2.18e-12,1.18e-12,6.498e-13,-103423311614.438
bot1,2.7,-3,-1.6392e-12,7.65e-12,3.25e-12,7.65e-12,1.6392e-12,-123487280810.07666
bot1,2.8000000000000003,-3,-2.2694e-12,1.702e-11,4.550000000000001e-12,1.702e-11,2.2694e-12,-146842878120.41098
bot1,2.9,-3,-3.0012e-12,3.213e-11,6.45e-12,3.213e-11,3.0012e-12,-158027812895.06934
bot1,3.0,-3,-3.535e-12,4.639e-11,9.33e-12,4.639e-11,3.535e-12,-199401794616.15164
bot1,3.1,-3,-4.0042e-12,5.626e-11,1.251e-11,5.626e-11,4.0042e-12,-331016219794.77014
bot1,3.2,-3,-4.1392e-12,5.990000000000001e-11,1.622e-11,5.990000000000001e-11,4.1392e-12,-611995104039.1687
bot1,3.3000000000000003,-3,-4.331e-12,6.176e-11,2.1190000000000003e-11,6.176e-11,4.331e-12,22483025315.88648
bot1,3.4,-3,4.7564e-12,-2.833e-11,-3.543e-11,2.833e-11,4.7564e-12,23120852697.04744
bot1,3.5,-3,4.3192e-12,-4.500000000000001e-13,-1.6380000000000003e-11,4.500000000000001e-13,4.3192e-12,-30446034404.0189
bot1,3.6,-3,-1.8126e-12,2.59e-12,-4.9e-13,2.59e-12,1.8126e-12,-41226912928.759926
bot1,3.7,-3,-5.32e-13,1.9900000000000002e-12,-1.79e-12,1.9900000000000002e-12,5.32e-13,80057641501.88142
bot1,3.8,-3,6.856e-13,-2.47e-12,-3.0800000000000002e-12,2.47e-12,6.856e-13,-9009009009008.98
bot1,3.9,-3,-5.542e-13,5.2e-13,1.88e-12,5.2e-13,5.542e-13,-91844232182.21884
bot1,4.0,-3,-1.492e-12,6.8300000000000006e-12,3.060000000000001e-12,6.8300000000000006e-12,1.492e-12,-109793588054.45746
bot1,4.1,-3,-2.3758e-12,1.824e-11,4.910000000000001e-12,1.824e-11,2.3758e-12,-131717597471.02226
bot1,4.2,-3,-3.0104e-12,3.2760000000000005e-11,6.470000000000001e-12,3.2760000000000005e-11,3.0104e-12,-179083094555.8741
bot1,4.3,-3,-3.4926e-12,4.462e-11,8.74e-12,4.462e-11,3.4926e-12,-234301780693.5335
bot1,4.4,-3,-3.864e-12,5.529e-11,1.2070000000000002e-11,5.529e-11,3.864e-12,-302480338777.97986
bot1,4.5,-3,-4.1538e-12,5.981e-11,1.65e-11,5.981e-11,4.1538e-12,-373692077727.95215
bot1,4.6000000000000005,-3,-4.3992e-12,6.180000000000001e-11,2.245e-11,6.180000000000001e-11,4.3992e-12,22255853289.41513
bot1,4.7,-3,4.8326e-12,-2.6340000000000003e-11,-3.598e-11,2.6340000000000003e-11,4.8326e-12,23079763663.220005
bot1,4.8,-3,4.2664e-12,-1.4900000000000001e-12,-1.766e-11,1.4900000000000001e-12,4.2664e-12,-29378929431.811527
bot1,4.9,-3,-1.975e-12,1.9700000000000003e-12,-2.9000000000000013e-13,1.9700000000000003e-12,1.975e-12,-38889320992.45551
bot1,5.0,-3,-8.764e-13,2.72e-12,-1.78e-12,2.72e-12,8.764e-13,91024940833.78812
bot1,0.0,-2,4.826e-12,-5.411e-11,-2.773e-11,5.411e-11,4.826e-12,-10162601626.01626
bot1,0.1,-2,-5.014e-12,4.52e-12,3.587e-11,4.52e-12,5.014e-12,-24535060601.59969
bot1,0.2,-2,-3.3256e-12,1.85e-12,6.0700000000000006e-12,1.85e-12,3.3256e-12,37331541419.3452
bot1,0.3,-2,3.434e-13,-1.41e-12,1.23e-12,1.41e-12,3.434e-13,79258143774.27281
bot1,0.4,-2,-8.022e-13,2.680000000000001e-12,2.47e-12,2.680000000000001e-12,8.022e-13,-97238428626.9934
bot1,0.5,-2,-1.7134e-12,1.012e-11,3.440000000000001e-12,1.012e-11,1.7134e-12,-119075970469.1593
bot1,0.6,-2,-2.4818e-12,2.13e-11,4.92e-12,2.13e-11,2.4818e-12,-134916351861.84572
bot1,0.7,-2,-3.1958e-12,3.602e-11,6.900000000000001e-12,3.602e-11,3.1958e-12,-167196121049.99164
bot1,0.8,-2,-3.678e-12,4.972e-11,9.67e-12,4.972e-11,3.678e-12,-251193167545.84265
bot1,0.9,-2,-3.992e-12,5.71e-11,1.276e-11,5.71e-11,3.992e-12,-379794910748.196
bot1,1.0,-2,-4.2046e-12,6.168e-11,1.702e-11,6.168e-11,4.2046e-12,-515729757607.0146
bot1,1.1,-2,-4.3798e-12,6.084000000000001e-11,2.15e-11,6.084000000000001e-11,4.3798e-12,22156736755.8106
bot1,1.2,-2,4.822e-12,-2.4700000000000003e-11,-3.594e-11,2.4700000000000003e-11,4.822e-12,22970024118.52532
bot1,1.3,-2,4.3272e-12,-1.9900000000000002e-12,-1.7140000000000002e-11,1.9900000000000002e-12,4.3272e-12,-29002320185.61488
bot1,1.4,-2,-2.074e-12,3.18e-12,-2.1000000000000001e-13,3.18e-12,2.074e-12,-36659579148.03136
bot1,1.5,-2,-1.1284e-12,5.1e-13,-1.5700000000000002e-12,5.1e-13,1.1284e-12,96964995636.5752
bot1,1.6,-2,-1.1399999999999999e-14,5.1e-13,-2.3300000000000004e-12,5.1e-13,1.1399999999999999e-14,88825723929.65001
bot1,1.7,-2,1.1232e-12,-3.8300000000000004e-12,-2.82e-12,3.8300000000000004e-12,1.1232e-12,103114044132.81088
bot1,1.8,-2,1.9282e-12,-9.96e-12,-3.92e-12,9.96e-12,1.9282e-12,136986301369.86311
bot1,1.9,-2,2.5832e-12,-2.169e-11,-5.120000000000001e-12,2.169e-11,2.5832e-12,154559505409.58267
bot1,2.0,-2,3.2222e-12,-3.641e-11,-7.33e-12,3.641e-11,3.2222e-12,179629962277.70786
bot1,2.1,-2,3.6966e-12,-5.04e-11,-1.021e-11,5.04e-11,3.6966e-12,250941028858.21857
bot1,2.2,-2,4.0192e-12,-5.832e-11,-1.405e-11,5.832e-11,4.0192e-12,392310710082.3861
bot1,2.3000000000000003,-2,4.2064e-12,-6.248e-11,-1.809e-11,6.248e-11,4.2064e-12,610500610500.609
bot1,2.4,-2,4.3468e-12,-6.084000000000001e-11,-2.249e-11,6.084000000000001e-11,4.3468e-12,-22269730981.649715
bot1,2.5,-2,-4.7744e-12,2.608e-11,3.5850000000000004e-11,2.608e-11,4.7744e-12,-22977413202.821644
bot1,2.6,-2,-4.3574e-12,1.9700000000000003e-12,1.6090000000000003e-11,1.9700000000000003e-12,4.3574e-12,29070612517.80577
bot1,2.7,-2,2.1054e-12,-2.62e-12,-3.4e-13,2.62e-12,2.1054e-12,36258158085.56928
bot1,2.8000000000000003,-2,1.1586e-12,-1.2500000000000001e-12,9.600000000000002e-13,1.2500000000000001e-12,1.1586e-12,-108885017421.60265
bot1,2.9,-2,2.686e-13,-2.36e-12,1.59e-12,2.36e-12,2.686e-13,-122204570450.93472
bot1,3.0,-2,-4.78e-13,7.700000000000002e-13,1.93e-12,7.700000000000002e-13,4.78e-13,-117757889778.61528
bot1,3.1,-2,-1.4298e-12,7.32e-12,3.1900000000000003e-12,7.32e-12,1.4298e-12,-115513457317.77763
bot1,3.2,-2,-2.2094e-12,1.5450000000000002e-11,4.240000000000001e-12,1.5450000000000002e-11,2.2094e-12,-149053510210.1656
bot1,3.3000000000000003,-2,-2.7716e-12,2.692e-11,5.520000000000001e-12,2.692e-11,2.7716e-12,-175777816839.5146
bot1,3.4,-2,-3.3472e-12,3.823e-11,7.29e-12,3.823e-11,3.3472e-12,-210748155953.6351
bot1,3.5,-2,-3.7206e-12,5.095e-11,1.007e-11,5.095e-11,3.7206e-12,-335232986925.91376
bot1,3.6,-2,-3.9438e-12,5.747e-11,1.25e-11,5.747e-11,3.9438e-12,-561167227833.8956
bot1,3.7,-2,-4.077e-12,6e-11,1.6140000000000002e-11,6e-11,4.077e-12,-653594771241.8313
bot1,3.8,-2,-4.2498e-12,6.143e-11,2.0350000000000003e-11,6.143e-11,4.2498e-12,22626482034.57324
bot1,3.9,-2,4.7622e-12,-2.863e-11,-3.555e-11,2.863e-11,4.7622e-12,23113905325.44376
bot1,4.0,-2,4.403e-12,-2.03e-12,-1.7090000000000003e-11,2.03e-12,4.403e-12,-28998956037.582607
bot1,4.1,-2,-2.1346e-12,2.57e-12,1.8000000000000007e-13,2.57e-12,2.1346e-12,-36271309394.269165
bot1,4.2,-2,-1.111e-12,2.13e-12,-1.2800000000000002e-12,2.13e-12,1.111e-12,101419878296.14616
bot1,4.3,-2,-1.626e-13,6.3e-13,-2.09e-12,6.3e-13,1.626e-13,103167234086.45424
bot1,4.4,-2,8.276e-13,-2.31e-12,-2.5600000000000004e-12,2.31e-12,8.276e-13,110582771204.24648
bot1,4.5,-2,1.646e-12,-8.790000000000003e-12,-4.050000000000001e-12,8.790000000000003e-12,1.646e-12,118301194842.06802
bot1,4.6000000000000005,-2,2.5182e-12,-2.0680000000000003e-11,-5.5600000000000005e-12,2.0680000000000003e-11,2.5182e-12,130106687483.7368
bot1,4.7,-2,3.1832e-12,-3.6620000000000005e-11,-7.280000000000001e-12,3.6620000000000005e-11,3.1832e-12,172087420409.5675
bot1,4.8,-2,3.6804e-12,-4.833e-11,-9.68e-12,4.833e-11,3.6804e-12,225326723749.4369
bot1,4.9,-2,4.0708e-12,-5.7450000000000006e-11,-1.326e-11,5.7450000000000006e-11,4.0708e-12,360880548538.434
bot1,5.0,-2,4.2346e-12,-6.09e-11,-1.7780000000000002e-11,6.09e-11,4.2346e-12,610500610500.6093
bot1,0.0,-1,4.9754e-12,-1.69e-12,-2.686e-11,1.69e-12,4.9754e-12,-12671380420.182976
bot1,0.1,-1,-2.9164e-12,2.28e-12,2.79e-12,2.28e-12,2.9164e-12,-37988147697.91825
bot1,0.2,-1,-2.894e-13,6.6e-13,2.1700000000000002e-12,6.6e-13,2.894e-13,116414435389.98836
bot1,0.3,-1,-1.1984e-12,4.74e-12,2.59e-12,4.74e-12,1.1984e-12,-111185234600.84502
bot1,0.4,-1,-2.0882e-12,1.426e-11,3.81e-12,1.426e-11,2.0882e-12,-122279285888.97044
bot1,0.5,-1,-2.834e-12,2.6560000000000003e-11,5.43e-12,2.6560000000000003e-11,2.834e-12,-154798761609.90707
bot1,0.6,-1,-3.3802e-12,3.865e-11,7.43e-12,3.865e-11,3.3802e-12,-231213872832.3699
bot1,0.7,-1,-3.699e-12,4.946e-11,1.001e-11,4.946e-11,3.699e-12,-352360817477.09686
bot1,0.8,-1,-3.9478e-12,5.794e-11,1.396e-11,5.794e-11,3.9478e-12,-429737859905.4576
bot1,0.9,-1,-4.1644e-12,6.098e-11,1.834e-11,6.098e-11,4.1644e-12,-549148819330.03766
bot1,1.0,-1,-4.312e-12,6.136000000000001e-11,2.331e-11,6.136000000000001e-11,4.312e-12,22164103018.75084
bot1,1.1,-1,4.8592e-12,-2.1190000000000003e-11,-3.683e-11,2.1190000000000003e-11,4.8592e-12,23233121137.493607
bot1,1.2,-1,4.2964e-12,-1.69e-12,-1.5830000000000002e-11,1.69e-12,4.2964e-12,-30225177572.918232
bot1,1.3,-1,-1.7578e-12,3e-12,-8.400000000000002e-13,3e-12,1.7578e-12,-40708324852.43235
bot1,1.4,-1,-6.166e-13,1.4700000000000002e-12,-1.6800000000000001e-12,1.4700000000000002e-12,6.166e-13,100120144173.0076
bot1,1.5,-1,2.398e-13,4.2000000000000003e-13,-2.51e-12,4.2000000000000003e-13,2.398e-13,100040016006.40254
bot1,1.6,-1,1.3826e-12,-6.7e-12,-3.48e-12,6.7e-12,1.3826e-12,96739866498.9842
bot1,1.7,-1,2.3072e-12,-1.8420000000000003e-11,-4.6900000000000004e-12,1.8420000000000003e-11,2.3072e-12,124890720619.45796
bot1,1.8,-1,2.984e-12,-3.099e-11,-6.520000000000001e-12,3.099e-11,2.984e-12,166777851901.26767
bot1,1.9,-1,3.5064e-12,-4.4310000000000006e-11,-8.93e-12,4.4310000000000006e-11,3.5064e-12,200481154771.45145
bot1,2.0,-1,3.9816e-12,-5.6280000000000005e-11,-1.235e-11,5.6280000000000005e-11,3.9816e-12,309501702259.3624
bot1,2.1,-1,4.1526e-12,-6.092000000000001e-11,-1.586e-11,6.092000000000001e-11,4.1526e-12,884173297966.4022
bot1,2.2,-1,4.2078e-12,-6.115e-11,-2.0440000000000003e-11,6.115e-11,4.2078e-12,-22528103809.502377
bot1,2.3000000000000003,-1,-4.7252e-12,3.009e-11,3.5160000000000004e-11,3.009e-11,4.7252e-12,-23009134626.44667
bot1,2.4,-1,-4.4844e-12,1.23e-12,1.9640000000000003e-11,1.23e-12,4.4844e-12,27236082361.91303
bot1,2.5,-1,2.618e-12,-2.62e-12,-2e-12,2.62e-12,2.618e-12,33344448149.38316
bot1,2.6,-1,1.5136e-12,-2.85e-12,9.100000000000002e-13,2.85e-12,1.5136e-12,-87351502445.84215
bot1,2.7,-1,3.284e-13,-1.4700000000000002e-12,1.3400000000000006e-12,1.4700000000000002e-12,3.284e-13,-83970106642.03552
bot1,2.8000000000000003,-1,-8.682e-13,2.74e-12,2.92e-12,2.74e-12,8.682e-13,-93668040464.59335
bot1,2.9,-1,-1.8068e-12,9.21e-12,3.590000000000001e-12,9.21e-12,1.8068e-12,-119545726240.28671
bot1,3.0,-1,-2.5412e-12,2.295e-11,5.29e-12,2.295e-11,2.5412e-12,-139062717285.49588
bot1,3.1,-1,-3.245e-12,4.054e-11,7.7e-12,4.054e-11,3.245e-12,-164419598816.17905
bot1,3.2,-1,-3.7576e-12,5.2200000000000005e-11,1.06e-11,5.2200000000000005e-11,3.7576e-12,-232234091964.7008
bot1,3.3000000000000003,-1,-4.1062e-12,5.893000000000001e-11,1.408e-11,5.893000000000001e-11,4.1062e-12,-410509031198.6861
bot1,3.4,-1,-4.2448e-12,6.271000000000001e-11,1.827e-11,6.271000000000001e-11,4.2448e-12,-621504039776.2567
bot1,3.5,-1,-4.428e-12,5.967e-11,2.4810000000000003e-11,5.967e-11,4.428e-12,22109708372.946583
bot1,3.6,-1,4.801e-12,-1.65e-11,-3.6880000000000006e-11,1.65e-11,4.801e-12,23847566355.853405
bot1,3.7,-1,3.9586e-12,-1.73e-12,-1.106e-11,1.73e-12,3.9586e-12,-32424370156.609734
bot1,3.8,-1,-1.3672e-12,1.8200000000000003e-12,-1.32e-12,1.8200000000000003e-12,1.3672e-12,-44835007173.60109
bot1,3.9,-1,-5.022e-13,1.13e-12,-1.7000000000000002e-12,1.13e-12,5.022e-13,102030405060.70796
bot1,4.0,-1,5.93e-13,-1.37e-12,-2.5800000000000003e-12,1.37e-12,5.93e-13,105064089094.3474
bot1,4.1,-1,1.4014e-12,-6.890000000000001e-12,-3.290000000000001e-12,6.890000000000001e-12,1.4014e-12,113211819313.93648
bot1,4.2,-1,2.3596e-12,-1.752e-11,-4.82e-12,1.752e-11,2.3596e-12,128899200824.955
bot1,4.3,-1,2.953e-12,-3.0060000000000004e-11,-6.5e-12,3.0060000000000004e-11,2.953e-12,182282172803.5
bot1,4.4,-1,3.4568e-12,-4.2e-11,-7.95e-12,4.2e-11,3.4568e-12,233754090696.58743
bot1,4.5,-1,3.8086e-12,-5.265000000000001e-11,-1.097e-11,5.265000000000001e-11,3.8086e-12,320718409236.6903
bot1,4.6000000000000005,-1,4.0804e-12,-5.868000000000001e-11,-1.513e-11,5.868000000000001e-11,4.0804e-12,537923614846.6915
bot1,4.7,-1,4.1804e-12,-6.129e-11,-2.0170000000000003e-11,6.129e-11,4.1804e-12,-22735023303.398808
bot1,4.8,-1,-4.7166e-12,2.8560000000000003e-11,3.537e-11,2.8560000000000003e-11,4.7166e-12,-23141184365.81586
bot1,4.9,-1,-4.4622e-12,1.6700000000000006e-12,1.6980000000000002e-11,1.6700000000000006e-12,4.4622e-12,29767220336.96497
bot1,5.0,-1,2.0022e-12,-2.82e-12,2.5e-13,2.82e-12,2.0022e-12,15469339768.578625
bot1,0.0,0,1.18648e-11,-1.4920000000000002e-11,-3.11e-11,1.4920000000000002e-11,1.18648e-11,5137232.114407886
bot1,0.1,0,1.94776e-08,3.7790000000000006e-11,-1.94692e-08,3.7790000000000006e-11,1.94776e-08,7489196.310078971
bot1,0.2,0,2.6717e-08,-1.1000000000000002e-12,-2.6707e-08,1.1000000000000002e-12,2.6717e-08,20059778.13885379
bot1,0.3,0,2.94478e-08,-1.4700000000000002e-12,-2.9535e-08,1.4700000000000002e-12,2.94478e-08,54635852.04611271
bot1,0.4,0,3.0377599999999994e-08,-1.244e-11,-3.05004e-08,1.244e-11,3.0377599999999994e-08,134030290.84573098
bot1,0.5,0,3.094e-08,-3.121e-11,-3.09582e-08,3.121e-11,3.094e-08,263365815.11719692
bot1,0.6,0,3.1137e-08,-4.472e-11,-3.1179e-08,4.472e-11,3.1137e-08,458085203.84791857
bot1,0.7,0,3.1376599999999995e-08,-5.746000000000001e-11,-3.1357999999999995e-08,5.746000000000001e-11,3.1376599999999995e-08,517063081.69596994
bot1,0.8,0,3.1523799999999994e-08,-6.207e-11,-3.1589399999999994e-08,6.207e-11,3.1523799999999994e-08,679809653.2970765
bot1,0.9,0,3.1670799999999995e-08,-6.034000000000001e-11,-3.1705e-08,6.034000000000001e-11,3.1670799999999995e-08,1689189189.1891427
bot1,1.0,0,3.16422e-08,-5.554e-11,-3.16564e-08,5.554e-11,3.16422e-08,1526717557.2518744
bot1,1.1,0,3.18018e-08,-1.9460000000000003e-11,-3.17492e-08,1.9460000000000003e-11,3.18018e-08,995024875.621876
bot1,1.2,0,3.18432e-08,-7.74e-12,-3.17252e-08,7.74e-12,3.18432e-08,-2288329519.45077
bot1,1.3,0,3.17144e-08,3.2200000000000004e-12,-3.17948e-08,3.2200000000000004e-12,3.17144e-08,28571428571.45021
bot1,1.4,0,3.1850199999999995e-08,2.9300000000000002e-12,-3.18414e-08,2.9300000000000002e-12,3.1850199999999995e-08,1037344398.3402332
bot1,1.5,0,3.19072e-08,1.8400000000000002e-12,-3.1975999999999995e-08,1.8400000000000002e-12,3.19072e-08,1175088131.6098356
bot1,1.6,0,3.20204e-08,1.7000000000000002e-12,-3.19504e-08,1.7000000000000002e-12,3.20204e-08,1811594202.898646
bot1,1.7,0,3.2017599999999994e-08,1.4400000000000001e-12,-3.20768e-08,1.4400000000000001e-12,3.2017599999999994e-08,3311258278.145858
bot1,1.8,0,3.20808e-08,1.1000000000000002e-12,-3.20934e-08,1.1000000000000002e-12,3.20808e-08,2087682672.2337048
bot1,1.9,0,3.21134e-08,8.810000000000001e-12,-3.20344e-08,8.810000000000001e-12,3.21134e-08,7299270072.992883
bot1,2.0,0,3.21082e-08,2.7180000000000003e-11,-3.21068e-08,2.7180000000000003e-11,3.21082e-08,-1801801801.8017995
bot1,2.1,0,3.20024e-08,4.3430000000000005e-11,-3.21086e-08,4.3430000000000005e-11,3.20024e-08,1345895020.1884108
bot1,2.2,0,3.22568e-08,5.642e-11,-3.2089e-08,5.642e-11,3.22568e-08,739098300.0739255
bot1,2.3000000000000003,0,3.2272999999999994e-08,6.156e-11,-3.2195799999999995e-08,6.156e-11,3.2272999999999994e-08,-1321003963.011879
bot1,2.4,0,3.21054e-08,5.95e-11,-3.2164e-08,5.95e-11,3.21054e-08,-7812500000.001631
bot1,2.5,0,3.22474e-08,5.4530000000000005e-11,-3.2270199999999995e-08,5.4530000000000005e-11,3.22474e-08,2320185614.849124
bot1,2.6,0,3.21916e-08,4.462e-11,-3.23696e-08,4.462e-11,3.21916e-08,2976190476.190445
bot1,2.7,0,3.23146e-08,3.069e-11,-3.23808e-08,3.069e-11,3.23146e-08,941619585.687395
bot1,2.8000000000000003,0,3.2404e-08,1.824e-11,-3.24522e-08,1.824e-11,3.2404e-08,1036269430.0518452
bot1,2.9,0,3.2507599999999994e-08,-2.21e-12,-3.2451799999999994e-08,2.21e-12,3.2507599999999994e-08,5917159763.313379
bot1,3.0,0,3.24378e-08,-2.9e-12,-3.2412999999999994e-08,2.9e-12,3.24378e-08,7462686567.1642
bot1,3.1,0,3.2534399999999994e-08,-1.9e-12,-3.2439799999999994e-08,1.9e-12,3.2534399999999994e-08,10000000000.001904
bot1,3.2,0,3.2457799999999994e-08,-1.4800000000000006e-12,-3.2497199999999994e-08,1.4800000000000006e-12,3.2457799999999994e-08,-12820512820.515696
bot1,3.3000000000000003,0,3.25188e-08,-9.8e-13,-3.24402e-08,9.8e-13,3.25188e-08,-2105263157.89484
bot1,3.4,0,3.23628e-08,-1.2000000000000001e-12,-3.2391599999999995e-08,1.2000000000000001e-12,3.23628e-08,-1497005988.023973
bot1,3.5,0,3.23852e-08,-1.1000000000000002e-12,-3.24092e-08,1.1000000000000002e-12,3.23852e-08,5649717514.125073
bot1,3.6,0,3.2398199999999994e-08,-8.72e-12,-3.23278e-08,8.72e-12,3.2398199999999994e-08,-7812499999.99963
bot1,3.7,0,3.23596e-08,-2.187e-11,-3.23568e-08,2.187e-11,3.23596e-08,2688172043.0107675
bot1,3.8,0,3.2472599999999994e-08,-6.081000000000001e-11,-3.23242e-08,6.081000000000001e-11,3.2472599999999994e-08,-7142857142.857473
bot1,3.9,0,3.23316e-08,-3.045e-11,-3.24596e-08,3.045e-11,3.23316e-08,-1697792869.2699864
bot1,4.0,0,3.23548e-08,-1.699e-11,-3.23442e-08,1.699e-11,3.23548e-08,3095975232.19818
bot1,4.1,0,3.23962e-08,2.67e-12,-3.24198e-08,2.67e-12,3.23962e-08,-1945525291.8287933
bot1,4.2,0,3.2252e-08,2.5600000000000004e-12,-3.2270199999999995e-08,2.5600000000000004e-12,3.2252e-08,-890471950.1335641
bot1,4.3,0,3.21716e-08,2.5600000000000004e-12,-3.22404e-08,2.5600000000000004e-12,3.21716e-08,2500000000.0000625
bot1,4.4,0,3.2331999999999995e-08,1.3500000000000001e-12,-3.22908e-08,1.3500000000000001e-12,3.2331999999999995e-08,1709401709.4017062
bot1,4.5,0,3.22886e-08,7.7e-12,-3.22638e-08,7.7e-12,3.22886e-08,-5076142131.979741
bot1,4.6000000000000005,0,3.2292599999999995e-08,2.502e-11,-3.2270199999999995e-08,2.502e-11,3.2292599999999995e-08,5208333333.333535
bot1,4.7,0,3.2327e-08,4.098e-11,-3.23538e-08,4.098e-11,3.2327e-08,1602564102.5640302
bot1,4.8,0,3.24174e-08,5.5880000000000005e-11,-3.2464e-08,5.5880000000000005e-11,3.24174e-08,5025125628.140524
bot1,4.9,0,3.23668e-08,6.183000000000001e-11,-3.23126e-08,6.183000000000001e-11,3.23668e-08,-2070393374.7411523
bot1,5.0,0,3.23208e-08,3.4800000000000005e-11,-3.23918e-08,3.4800000000000005e-11,3.23208e-08,-2173913043.47829
bot1,0.0,1,1.7608e-10,-2.780000000000001e-12,-2.5962000000000003e-10,2.780000000000001e-12,1.7608e-10,178883.22202742237
bot1,0.1,1,5.592e-07,-2.04e-12,-5.5946e-07,2.04e-12,5.592e-07,193501.46236795167
bot1,0.2,1,1.03376e-06,2.13e-12,-1.03278e-06,2.13e-12,1.03376e-06,231696.0148285449
bot1,0.3,1,1.4224e-06,-6.154e-11,-1.4219e-06,6.154e-11,1.4224e-06,283270.069684437
bot1,0.4,1,1.7398000000000005e-06,-3.951e-11,-1.741e-06,3.951e-11,1.7398000000000005e-06,348310.6931382794
bot1,0.5,1,1.9966e-06,4.7140000000000005e-11,-1.9973000000000003e-06,4.7140000000000005e-11,1.9966e-06,435255.7127312296
bot1,0.6,1,2.1993000000000003e-06,1.36e-12,-2.2001000000000003e-06,1.36e-12,2.1993000000000003e-06,555555.5555555552
bot1,0.7,1,2.3566000000000004e-06,-3.690000000000001e-12,-2.357e-06,3.690000000000001e-12,2.3566000000000004e-06,717875.089734386
bot1,0.8,1,2.4779000000000004e-06,5.965000000000001e-11,-2.4793e-06,5.965000000000001e-11,2.4779000000000004e-06,954198.473282444
bot1,0.9,1,2.5662e-06,-2.450000000000001e-12,-2.5684000000000003e-06,2.450000000000001e-12,2.5662e-06,1316655.6945358806
bot1,1.0,1,2.6298e-06,-1.36e-12,-2.6313e-06,1.36e-12,2.6298e-06,1865671.6417910447
bot1,1.1,1,2.6734e-06,6.117000000000001e-11,-2.6728000000000005e-06,6.117000000000001e-11,2.6734e-06,2832861.18980169
bot1,1.2,1,2.7004000000000004e-06,-1.086e-11,-2.7001e-06,1.086e-11,2.7004000000000004e-06,4329004.32900432
bot1,1.3,1,2.7196e-06,-8.7e-13,-2.7191000000000004e-06,8.7e-13,2.7196e-06,7194244.604316561
bot1,1.4,1,2.7282000000000004e-06,3.197e-11,-2.7295000000000003e-06,3.197e-11,2.7282000000000004e-06,10752688.172042934
bot1,1.5,1,2.7382000000000003e-06,-5.0970000000000006e-11,-2.7380000000000003e-06,5.0970000000000006e-11,2.7382000000000003e-06,11627906.976744168
bot1,1.6,1,2.7454000000000004e-06,-9.600000000000002e-13,-2.7459000000000003e-06,9.600000000000002e-13,2.7454000000000004e-06,16806722.689075857
bot1,1.7,1,2.7501e-06,4.2000000000000003e-13,-2.7514000000000005e-06,4.2000000000000003e-13,2.7501e-06,18018018.01801838
bot1,1.8,1,2.7565e-06,-6.116e-11,-2.7560000000000004e-06,6.116e-11,2.7565e-06,18018018.01801772
bot1,1.9,1,2.7612000000000003e-06,-2.24e-12,-2.7645000000000004e-06,2.24e-12,2.7612000000000003e-06,18691588.78504643
bot1,2.0,1,2.7672000000000004e-06,5.300000000000003e-13,-2.7675e-06,5.300000000000003e-13,2.7672000000000004e-06,21739130.434782967
bot1,2.1,1,2.7704e-06,-5.664e-11,-2.7712000000000003e-06,5.664e-11,2.7704e-06,30303030.30303
bot1,2.2,1,2.7738000000000004e-06,1.7e-13,-2.7785e-06,1.7e-13,2.7738000000000004e-06,19230769.23076937
bot1,2.3000000000000003,1,2.7808e-06,1.273e-11,-2.7822e-06,1.273e-11,2.7808e-06,17543859.64912277
bot1,2.4,1,2.7852000000000005e-06,-5.958e-11,-2.7813000000000004e-06,5.958e-11,2.7852000000000005e-06,66666666.66666157
bot1,2.5,1,2.7838000000000004e-06,-2.4300000000000003e-12,-2.7841e-06,2.4300000000000003e-12,2.7838000000000004e-06,60606060.60606
bot1,2.6,1,2.7885000000000005e-06,1.4e-12,-2.7874e-06,1.4e-12,2.7885000000000005e-06,36363636.363637865
bot1,2.7,1,2.7893e-06,-5.724000000000001e-11,-2.7911000000000003e-06,5.724000000000001e-11,2.7893e-06,60606060.60606778
bot1,2.8000000000000003,1,2.7918e-06,2.178e-11,-2.7941000000000005e-06,2.178e-11,2.7918e-06,28169014.08450573
bot1,2.9,1,2.7964000000000004e-06,1.59e-12,-2.7950000000000003e-06,1.59e-12,2.7964000000000004e-06,32258064.516128767
bot1,3.0,1,2.798e-06,-1.4400000000000001e-12,-2.7988e-06,1.4400000000000001e-12,2.798e-06,41666666.666667245
bot1,3.1,1,2.8012000000000004e-06,5.273e-11,-2.8003e-06,5.273e-11,2.8012000000000004e-06,62499999.99999536
bot1,3.2,1,2.8012000000000004e-06,2.11e-12,-2.8033000000000003e-06,2.11e-12,2.8012000000000004e-06,90909090.90910168
bot1,3.3000000000000003,1,2.8034e-06,-1.51e-12,-2.8066000000000004e-06,1.51e-12,2.8034e-06,43478260.8695659
bot1,3.4,1,2.8058000000000003e-06,6.065e-11,-2.8059e-06,6.065e-11,2.8058000000000003e-06,46511627.90697548
bot1,3.5,1,2.8077e-06,-4.92e-12,-2.8093000000000004e-06,4.92e-12,2.8077e-06,66666666.66667113
bot1,3.6,1,2.8088e-06,-1.5700000000000002e-12,-2.8107000000000005e-06,1.5700000000000002e-12,2.8088e-06,36363636.363635056
bot1,3.7,1,2.8132000000000004e-06,2.085e-11,-2.8131e-06,2.085e-11,2.8132000000000004e-06,20202020.20202
bot1,3.8,1,2.8187e-06,-5.509000000000001e-11,-2.8183e-06,5.509000000000001e-11,2.8187e-06,23809523.80952439
bot1,3.9,1,2.8216e-06,-7.900000000000002e-13,-2.8193000000000003e-06,7.900000000000002e-13,2.8216e-06,117647058.82353508
bot1,4.0,1,2.8204e-06,1.4e-12,-2.8195000000000003e-06,1.4e-12,2.8204e-06,74074074.07407422
bot1,4.1,1,2.8243e-06,-6.155000000000001e-11,-2.8208e-06,6.155000000000001e-11,2.8243e-06,45454545.45454208
bot1,4.2,1,2.8248000000000005e-06,7.01e-12,-2.8291e-06,7.01e-12,2.8248000000000005e-06,31746031.746030457
bot1,4.3,1,2.8306000000000005e-06,1.45e-12,-2.8303e-06,1.45e-12,2.8306000000000005e-06,71428571.42857693
bot1,4.4,1,2.8276000000000003e-06,-5.7890000000000006e-11,-2.8293e-06,5.7890000000000006e-11,2.8276000000000003e-06,54054054.05405932
bot1,4.5,1,2.8343e-06,2.324e-11,-2.8334000000000003e-06,2.324e-11,2.8343e-06,21276595.744681187
bot1,4.6000000000000005,1,2.837e-06,7.400000000000002e-13,-2.8375000000000004e-06,7.400000000000002e-13,2.837e-06,95238095.23807856
bot1,4.7,1,2.8364000000000005e-06,-6.072000000000001e-11,-2.8349e-06,6.072000000000001e-11,2.8364000000000005e-06,74074074.07407406
bot1,4.8,1,2.8397e-06,3.7e-12,-2.8395e-06,3.7e-12,2.8397e-06,38461538.46153874
bot1,4.9,1,2.8416000000000005e-06,2.070000000000001e-12,-2.8421000000000003e-06,2.070000000000001e-12,2.8416000000000005e-06,133333333.3333046
bot1,5.0,1,2.8412000000000004e-06,-6.022e-11,-2.8414000000000004e-06,6.022e-11,2.8412000000000004e-06,-249999999.9999804
bot1,0.0,2,8.789e-10,3.6260000000000006e-11,-5.465300000000001e-10,3.6260000000000006e-11,8.789e-10,70302.6691603492
bot1,0.1,2,1.4233000000000002e-06,-6.51e-12,-1.4238000000000002e-06,6.51e-12,1.4233000000000002e-06,72552.58983543294
bot1,0.2,2,2.7575000000000003e-06,-1.22e-12,-2.7577000000000003e-06,1.22e-12,2.7575000000000003e-06,77546.43092551667
bot1,0.3,2,4.0024e-06,5.251e-11,-4.0015000000000006e-06,5.251e-11,4.0024e-06,83239.68868356435
bot1,0.4,2,5.1602e-06,-3.4510000000000005e-11,-5.161300000000001e-06,3.4510000000000005e-11,5.1602e-06,89521.507542187
bot1,0.5,2,6.2365e-06,-2.64e-12,-6.2362000000000005e-06,2.64e-12,6.2365e-06,96651.0414149712
bot1,0.6,2,7.2295e-06,8.7e-13,-7.2298e-06,8.7e-13,7.2295e-06,104668.20180029309
bot1,0.7,2,8.1473e-06,-6.068e-11,-8.1478e-06,6.068e-11,8.1473e-06,113804.4838966656
bot1,0.8,2,8.9869e-06,2.089e-11,-8.9876e-06,2.089e-11,8.9869e-06,124054.08758218584
bot1,0.9,2,9.7595e-06,2.64e-12,-9.7587e-06,2.64e-12,9.7595e-06,135630.00135629988
bot1,1.0,2,1.04615e-05,3.0000000000000005e-14,-1.04605e-05,3.0000000000000005e-14,1.04615e-05,149790.29358897544
bot1,1.1,2,1.10947e-05,6.154e-11,-1.10971e-05,6.154e-11,1.10947e-05,166320.1663201664
bot1,1.2,2,1.1664e-05,5.747e-11,-1.16652e-05,5.747e-11,1.1664e-05,184280.8440062656
bot1,1.3,2,1.218e-05,1.55e-12,-1.2176e-05,1.55e-12,1.218e-05,207039.3374741201
bot1,1.4,2,1.263e-05,-1.08e-12,-1.2634e-05,1.08e-12,1.263e-05,234741.7840375588
bot1,1.5,2,1.3032e-05,1.69e-12,-1.3032e-05,1.69e-12,1.3032e-05,266666.66666666674
bot1,1.6,2,1.338e-05,-3.864e-11,-1.3384e-05,3.864e-11,1.338e-05,309597.52321981406
bot1,1.7,2,1.3678e-05,6.193e-11,-1.3682e-05,6.193e-11,1.3678e-05,361010.8303249096
bot1,1.8,2,1.3934e-05,-7.580000000000001e-12,-1.3932e-05,7.580000000000001e-12,1.3934e-05,431034.4827586202
bot1,1.9,2,1.4142e-05,-2.79e-12,-1.414e-05,2.79e-12,1.4142e-05,537634.4086021517
bot1,2.0,2,1.4306e-05,2.3000000000000003e-12,-1.431e-05,2.3000000000000003e-12,1.4306e-05,662251.6556291393
bot1,2.1,2,1.4444e-05,-9.5e-13,-1.4438e-05,9.5e-13,1.4444e-05,833333.3333333302
bot1,2.2,2,1.4546e-05,5.466e-11,-1.4548e-05,5.466e-11,1.4546e-05,1063829.7872340498
bot1,2.3000000000000003,2,1.4632e-05,-5.517e-11,-1.463e-05,5.517e-11,1.4632e-05,1315789.473684213
bot1,2.4,2,1.4698e-05,2.826e-11,-1.4702e-05,2.826e-11,1.4698e-05,1639344.2622950592
bot1,2.5,2,1.4754e-05,2.14e-12,-1.4758e-05,2.14e-12,1.4754e-05,1999999.999999987
bot1,2.6,2,1.4798e-05,-2e-12,-1.48e-05,2e-12,1.4798e-05,2222222.2222222453
bot1,2.7,2,1.4844e-05,1.0600000000000001e-12,-1.4844e-05,1.0600000000000001e-12,1.4844e-05,2500000.000000026
bot1,2.8000000000000003,2,1.4878e-05,-2.9300000000000002e-12,-1.4878e-05,2.9300000000000002e-12,1.4878e-05,3030303.030302993
bot1,2.9,2,1.491e-05,5.757e-11,-1.491e-05,5.757e-11,1.491e-05,3125000.0000000093
bot1,3.0,2,1.4942e-05,-5.663e-11,-1.4944e-05,5.663e-11,1.4942e-05,3703703.703703719
bot1,3.1,2,1.4964e-05,2.307e-11,-1.4972e-05,2.307e-11,1.4964e-05,4000000.0000000414
bot1,3.2,2,1.4992e-05,-7.800000000000002e-13,-1.4996e-05,7.800000000000002e-13,1.4992e-05,3571428.5714286305
bot1,3.3000000000000003,2,1.502e-05,-2.51e-12,-1.5022e-05,2.51e-12,1.502e-05,3846153.846153802
bot1,3.4,2,1.5044e-05,6.6e-13,-1.5044e-05,6.6e-13,1.5044e-05,4761904.761904686
bot1,3.5,2,1.5062e-05,-1.27e-12,-1.5064e-05,1.27e-12,1.5062e-05,4545454.545454558
bot1,3.6,2,1.5088e-05,2.2720000000000003e-11,-1.509e-05,2.2720000000000003e-11,1.5088e-05,4545454.545454558
bot1,3.7,2,1.5106e-05,-5.277e-11,-1.5108e-05,5.277e-11,1.5106e-05,5555555.555555404
bot1,3.8,2,1.5124e-05,1.121e-11,-1.5128e-05,1.121e-11,1.5124e-05,5263157.894736792
bot1,3.9,2,1.5144e-05,1.22e-12,-1.515e-05,1.22e-12,1.5144e-05,5263157.894737027
bot1,4.0,2,1.5162e-05,-7.100000000000001e-13,-1.5164e-05,7.100000000000001e-13,1.5162e-05,5000000.000000041
bot1,4.1,2,1.5184e-05,8.12e-12,-1.5186e-05,8.12e-12,1.5184e-05,4999999.999999841
bot1,4.2,2,1.5202e-05,-5.077e-11,-1.5202e-05,5.077e-11,1.5202e-05,5555555.555555666
bot1,4.3,2,1.522e-05,6.14e-11,-1.522e-05,6.14e-11,1.522e-05,5882352.941176473
bot1,4.4,2,1.5236e-05,-3.776e-11,-1.524e-05,3.776e-11,1.5236e-05,5882352.941176473
bot1,4.5,2,1.5254e-05,6.91e-12,-1.525e-05,6.91e-12,1.5254e-05,5263157.894737038
bot1,4.6000000000000005,2,1.5274e-05,1.8000000000000002e-12,-1.5274e-05,1.8000000000000002e-12,1.5274e-05,5882352.941176473
bot1,4.7,2,1.5288e-05,0.0,-1.5286e-05,0.0,1.5288e-05,6249999.999999508
bot1,4.8,2,1.5306000000000002e-05,2.019e-11,-1.5304e-05,2.019e-11,1.5306000000000002e-05,6666666.66666636
bot1,4.9,2,1.5318e-05,-5.805e-11,-1.5318e-05,5.805e-11,1.5318e-05,7142857.142857909
bot1,5.0,2,1.5334e-05,3.143e-11,-1.5338e-05,3.143e-11,1.5334e-05,6250000.000000832
bot1,0.0,3,1.0059e-09,3.2e-12,-5.837000000000001e-10,3.2e-12,1.0059e-09,42199.539594583104
bot1,0.1,3,2.3707000000000004e-06,2.16e-12,-2.3706e-06,2.16e-12,2.3707000000000004e-06,43047.83770603583
bot1,0.2,3,4.6470000000000006e-06,4.4000000000000004e-13,-4.6484e-06,4.4000000000000004e-13,4.6470000000000006e-06,44898.41733078909
bot1,0.3,3,6.8252e-06,-1.0000000000000002e-14,-6.827400000000001e-06,1.0000000000000002e-14,6.8252e-06,46858.16034862471
bot1,0.4,3,8.9152e-06,4.4380000000000006e-11,-8.915400000000001e-06,4.4380000000000006e-11,8.9152e-06,48947.62604013704
bot1,0.5,3,1.0911200000000002e-05,-3.8410000000000006e-11,-1.0909700000000002e-05,3.8410000000000006e-11,1.0911200000000002e-05,51376.90094533496
bot1,0.6,3,1.2808e-05,-7.16e-12,-1.2806e-05,7.16e-12,1.2808e-05,53867.700926524485
bot1,0.7,3,1.4624e-05,-2.2200000000000002e-12,-1.462e-05,2.2200000000000002e-12,1.4624e-05,56657.223796033984
bot1,0.8,3,1.6338000000000002e-05,1.6200000000000004e-12,-1.634e-05,1.6200000000000004e-12,1.6338000000000002e-05,59488.3997620464
bot1,0.9,3,1.7986e-05,-7.100000000000001e-13,-1.7976000000000002e-05,7.100000000000001e-13,1.7986e-05,62617.40763932371
bot1,1.0,3,1.9532e-05,5.82e-11,-1.9534e-05,5.82e-11,1.9532e-05,66006.60066006603
bot1,1.1,3,2.1016e-05,-5.0460000000000006e-11,-2.102e-05,5.0460000000000006e-11,2.1016e-05,69589.422407794
bot1,1.2,3,2.2406e-05,1.991e-11,-2.2406e-05,1.991e-11,2.2406e-05,73855.24372230422
bot1,1.3,3,2.3724e-05,2.59e-12,-2.372e-05,2.59e-12,2.3724e-05,78125.00000000007
bot1,1.4,3,2.4966e-05,-1.2800000000000002e-12,-2.4964e-05,1.2800000000000002e-12,2.4966e-05,83333.33333333328
bot1,1.5,3,2.6124000000000003e-05,1.291e-11,-2.6122e-05,1.291e-11,2.6124000000000003e-05,88573.95925597868
bot1,1.6,3,2.7224e-05,-5.1700000000000006e-11,-2.722e-05,5.1700000000000006e-11,2.7224e-05,94428.70632672336
bot1,1.7,3,2.8242e-05,5.998000000000001e-11,-2.8256e-05,5.998000000000001e-11,2.8242e-05,100908.17356205855
bot1,1.8,3,2.9206e-05,-4.600000000000003e-13,-2.9208e-05,4.600000000000003e-13,2.9206e-05,107874.86515641867
bot1,1.9,3,3.0096e-05,-2.03e-12,-3.0098e-05,2.03e-12,3.0096e-05,116686.11435239196
bot1,2.0,3,3.092e-05,1.59e-12,-3.0918000000000005e-05,1.59e-12,3.092e-05,126422.25031605538
bot1,2.1,3,3.1678000000000004e-05,-2.19e-12,-3.168e-05,2.19e-12,3.1678000000000004e-05,137174.21124828557
bot1,2.2,3,3.2378e-05,6.104e-11,-3.2382e-05,6.104e-11,3.2378e-05,148588.41010401235
bot1,2.3000000000000003,3,3.3024e-05,-2.834e-11,-3.302e-05,2.834e-11,3.3024e-05,163132.13703099513
bot1,2.4,3,3.3604e-05,3.7000000000000004e-13,-3.3608e-05,3.7000000000000004e-13,3.3604e-05,181488.20326678787
bot1,2.5,3,3.4126e-05,2.29e-12,-3.4128e-05,2.29e-12,3.4126e-05,202020.2020202017
bot1,2.6,3,3.4594e-05,-9.4e-13,-3.4596e-05,9.4e-13,3.4594e-05,223713.6465324382
bot1,2.7,3,3.502e-05,3.475e-11,-3.5022000000000005e-05,3.475e-11,3.502e-05,250626.56641603983
bot1,2.8000000000000003,3,3.5392e-05,-6.173e-11,-3.5398e-05,6.173e-11,3.5392e-05,287356.3218390795
bot1,2.9,3,3.5716e-05,5.109e-11,-3.5716e-05,5.109e-11,3.5716e-05,332225.9136212628
bot1,3.0,3,3.5994e-05,-1.537e-11,-3.5992000000000004e-05,1.537e-11,3.5994e-05,383141.762452108
bot1,3.1,3,3.6238e-05,-7.700000000000002e-13,-3.6236e-05,7.700000000000002e-13,3.6238e-05,444444.44444444735
bot1,3.2,3,3.6444e-05,1.5600000000000002e-12,-3.6444e-05,1.5600000000000002e-12,3.6444e-05,531914.8936170249
bot1,3.3000000000000003,3,3.6614e-05,-9.58e-12,-3.6612e-05,9.58e-12,3.6614e-05,609756.097560973
bot1,3.4,3,3.6772e-05,5.7810000000000005e-11,-3.6774e-05,5.7810000000000005e-11,3.6772e-05,666666.6666666648
bot1,3.5,3,3.6914e-05,-3.004e-11,-3.691e-05,3.004e-11,3.6914e-05,793650.7936507827
bot1,3.6,3,3.7024e-05,7.150000000000001e-12,-3.703e-05,7.150000000000001e-12,3.7024e-05,925925.9259259298
bot1,3.7,3,3.713e-05,2.23e-12,-3.7132e-05,2.23e-12,3.713e-05,970873.7864077789
bot1,3.8,3,3.723e-05,-8.700000000000001e-12,-3.7232e-05,8.700000000000001e-12,3.723e-05,1086956.521739107
bot1,3.9,3,3.7314e-05,5.7300000000000005e-11,-3.732e-05,5.7300000000000005e-11,3.7314e-05,1190476.1904761714
bot1,4.0,3,3.7398e-05,-5.947e-11,-3.7396e-05,5.947e-11,3.7398e-05,1265822.784810118
bot1,4.1,3,3.7472e-05,1.8310000000000003e-11,-3.747e-05,1.8310000000000003e-11,3.7472e-05,1388888.8888889165
bot1,4.2,3,3.7542e-05,2.11e-12,-3.7546e-05,2.11e-12,3.7542e-05,1470588.2352941183
bot1,4.3,3,3.7608e-05,-4.600000000000003e-13,-3.7614e-05,4.600000000000003e-13,3.7608e-05,1515151.515151539
bot1,4.4,3,3.7674e-05,1.225e-11,-3.7676e-05,1.225e-11,3.7674e-05,1587301.5873016082
bot1,4.5,3,3.7734e-05,-5.099e-11,-3.773e-05,5.099e-11,3.7734e-05,1694915.254237272
bot1,4.6000000000000005,3,3.7792e-05,3.383e-11,-3.779e-05,3.383e-11,3.7792e-05,1754385.964912294
bot1,4.7,3,3.7848e-05,8.100000000000002e-13,-3.785e-05,8.100000000000002e-13,3.7848e-05,1754385.964912286
bot1,4.8,3,3.7906e-05,-1.8900000000000002e-12,-3.7902e-05,1.8900000000000002e-12,3.7906e-05,1886792.4528301544
bot1,4.9,3,3.7954e-05,5.3600000000000006e-12,-3.7954e-05,5.3600000000000006e-12,3.7954e-05,2083333.3333333256
bot1,5.0,3,3.8002e-05,-6.09e-11,-3.8006e-05,6.09e-11,3.8002e-05,2083333.333333464
bot1,0.0,4,1.0348e-09,-6.570000000000001e-12,-9.8555e-10,6.570000000000001e-12,1.0348e-09,29601.867901546084
bot1,0.1,4,3.3792e-06,-1.65e-12,-3.3793000000000004e-06,1.65e-12,3.3792e-06,30036.50095669259
bot1,0.2,4,6.659600000000001e-06,-1.8100000000000002e-12,-6.660100000000001e-06,1.8100000000000002e-12,6.659600000000001e-06,31005.348422602885
bot1,0.3,4,9.8297e-06,3.0000000000000014e-13,-9.8307e-06,3.0000000000000014e-13,9.8297e-06,31987.71671678076
bot1,0.4,4,1.2912e-05,2.9660000000000004e-11,-1.2906e-05,2.9660000000000004e-11,1.2912e-05,32979.89875171084
bot1,0.5,4,1.5894e-05,-6.241000000000001e-11,-1.5894e-05,6.241000000000001e-11,1.5894e-05,34164.6737273659
bot1,0.6,4,1.8766e-05,4.535e-11,-1.8778e-05,4.535e-11,1.8766e-05,35236.08174770966
bot1,0.7,4,2.157e-05,1.78e-12,-2.1566e-05,1.78e-12,2.157e-05,36310.82062454611
bot1,0.8,4,2.4274e-05,-6.500000000000003e-13,-2.4266e-05,6.500000000000003e-13,2.4274e-05,37707.39064856712
bot1,0.9,4,2.6874e-05,9.67e-12,-2.687e-05,9.67e-12,2.6874e-05,39077.76475185618
bot1,1.0,4,2.9392000000000003e-05,-5.353e-11,-2.939e-05,5.353e-11,2.9392000000000003e-05,40420.37186742119
bot1,1.1,4,3.1822e-05,5.861e-11,-3.181e-05,5.861e-11,3.1822e-05,41928.721174004175
bot1,1.2,4,3.4162e-05,-1.221e-11,-3.416e-05,1.221e-11,3.4162e-05,43706.29370629371
bot1,1.3,4,3.6398e-05,-1.6300000000000001e-12,-3.6412e-05,1.6300000000000001e-12,3.6398e-05,45392.646391284674
bot1,1.4,4,3.8568e-05,2.14e-12,-3.8582e-05,2.14e-12,3.8568e-05,46992.4812030075
bot1,1.5,4,4.0654e-05,-4.32e-12,-4.0648e-05,4.32e-12,4.0654e-05,49019.607843137215
bot1,1.6,4,4.2648e-05,5.991e-11,-4.2664e-05,5.991e-11,4.2648e-05,50916.49694501017
bot1,1.7,4,4.4582e-05,-3.114e-11,-4.4568e-05,3.114e-11,4.4582e-05,53163.211057947854
bot1,1.8,4,4.641000000000001e-05,3.0000000000000014e-13,-4.6416e-05,3.0000000000000014e-13,4.641000000000001e-05,55741.36008918622
bot1,1.9,4,4.817e-05,2.09e-12,-4.8168e-05,2.09e-12,4.817e-05,57971.01449275368
bot1,2.0,4,4.986e-05,-2.01e-12,-4.985e-05,2.01e-12,4.986e-05,61050.06105006104
bot1,2.1,4,5.1446e-05,3.4840000000000006e-11,-5.1452e-05,3.4840000000000006e-11,5.1446e-05,64308.68167202573
bot1,2.2,4,5.297e-05,-6.199000000000001e-11,-5.2964e-05,6.199000000000001e-11,5.297e-05,67114.09395973156
bot1,2.3000000000000003,4,5.4426e-05,7.11e-12,-5.4422e-05,7.11e-12,5.4426e-05,70422.53521126752
bot1,2.4,4,5.581e-05,2.4800000000000003e-12,-5.5812e-05,2.4800000000000003e-12,5.581e-05,74128.98443291317
bot1,2.5,4,5.7124e-05,-1.36e-12,-5.713e-05,1.36e-12,5.7124e-05,78492.93563579295
bot1,2.6,4,5.8358e-05,7e-13,-5.8368e-05,7e-13,5.8358e-05,82576.38315441797
bot1,2.7,4,5.9546e-05,-6.141000000000001e-11,-5.9546e-05,6.141000000000001e-11,5.9546e-05,86956.52173913043
bot1,2.8000000000000003,4,6.0658e-05,3.4690000000000005e-11,-6.0654e-05,3.4690000000000005e-11,6.0658e-05,92850.51067780831
bot1,2.9,4,6.170000000000001e-05,-3.56e-12,-6.1692e-05,3.56e-12,6.170000000000001e-05,99502.4875621888
bot1,3.0,4,6.2668e-05,-2.21e-12,-6.268e-05,2.21e-12,6.2668e-05,106382.978723405
bot1,3.1,4,6.358e-05,1.3900000000000001e-12,-6.358e-05,1.3900000000000001e-12,6.358e-05,111731.84357541942
bot1,3.2,4,6.4458e-05,-9.200000000000001e-13,-6.4452e-05,9.200000000000001e-13,6.4458e-05,119474.3130226994
bot1,3.3000000000000003,4,6.525400000000001e-05,1.9040000000000003e-11,-6.5248e-05,1.9040000000000003e-11,6.525400000000001e-05,132275.13227513136
bot1,3.4,4,6.597000000000001e-05,-6.043e-11,-6.598e-05,6.043e-11,6.597000000000001e-05,143678.16091954114
bot1,3.5,4,6.6646e-05,1.144e-11,-6.6646e-05,1.144e-11,6.6646e-05,153846.15384615507
bot1,3.6,4,6.727e-05,1.07e-12,-6.7272e-05,1.07e-12,6.727e-05,166666.66666666654
bot1,3.7,4,6.7846e-05,-3.15e-12,-6.7852e-05,3.15e-12,6.7846e-05,184162.06261509983
bot1,3.8,4,6.835600000000001e-05,1.1050000000000002e-11,-6.836200000000001e-05,1.1050000000000002e-11,6.835600000000001e-05,202839.7565922904
bot1,3.9,4,6.883200000000001e-05,-5.638e-11,-6.8824e-05,5.638e-11,6.883200000000001e-05,222717.14922049208
bot1,4.0,4,6.9254e-05,2.46e-11,-6.9258e-05,2.46e-11,6.9254e-05,249376.55860349195
bot1,4.1,4,6.9634e-05,-1.4800000000000006e-12,-6.964200000000001e-05,1.4800000000000006e-12,6.9634e-05,273224.04371584504
bot1,4.2,4,6.9986e-05,-2.9900000000000004e-12,-6.998800000000001e-05,2.9900000000000004e-12,6.9986e-05,302114.80362537724
bot1,4.3,4,7.0296e-05,1.5400000000000001e-12,-7.0298e-05,1.5400000000000001e-12,7.0296e-05,333333.3333333331
bot1,4.4,4,7.0586e-05,-1.04e-12,-7.0586e-05,1.04e-12,7.0586e-05,366300.36630037264
bot1,4.5,4,7.0842e-05,2.118e-11,-7.0848e-05,2.118e-11,7.0842e-05,408163.2653061197
bot1,4.6000000000000005,4,7.107600000000001e-05,-6.054e-11,-7.1078e-05,6.054e-11,7.107600000000001e-05,452488.6877827987
bot1,4.7,4,7.1284e-05,5.594e-11,-7.129200000000001e-05,5.594e-11,7.1284e-05,483091.7874396121
bot1,4.8,4,7.149000000000001e-05,-2.466e-11,-7.1486e-05,2.466e-11,7.149000000000001e-05,526315.7894736944
bot1,4.9,4,7.1664e-05,9.3e-13,-7.1668e-05,9.3e-13,7.1664e-05,571428.5714285802
bot1,5.0,4,7.184e-05,2.8900000000000004e-12,-7.1834e-05,2.8900000000000004e-12,7.184e-05,568181.8181817953
bot1,0.0,5,1.1448e-09,-3.453e-11,-1.0215e-09,3.453e-11,1.1448e-09,22691.40380641945
bot1,0.1,5,4.4081e-06,-1.93e-12,-4.4081e-06,1.93e-12,4.4081e-06,22946.95013921456
bot1,0.2,5,8.716900000000001e-06,-1.1600000000000001e-12,-8.716100000000001e-06,1.1600000000000001e-12,8.716900000000001e-06,23485.48010192698
bot1,0.3,5,1.2924e-05,-3.1900000000000003e-12,-1.2918e-05,3.1900000000000003e-12,1.2924e-05,24139.720703431463
bot1,0.4,5,1.7002e-05,1.17e-12,-1.7012e-05,1.17e-12,1.7002e-05,24685.262898049863
bot1,0.5,5,2.1026e-05,-9.27e-12,-2.1014e-05,9.27e-12,2.1026e-05,25290.84471421345
bot1,0.6,5,2.491e-05,4.8750000000000006e-11,-2.492e-05,4.8750000000000006e-11,2.491e-05,25940.33722438393
bot1,0.7,5,2.8736e-05,-4.957e-11,-2.8708e-05,4.957e-11,2.8736e-05,26595.74468085108
bot1,0.8,5,3.243e-05,1.469e-11,-3.2416e-05,1.469e-11,3.243e-05,27300.02730002729
bot1,0.9,5,3.6062e-05,1.69e-12,-3.6074e-05,1.69e-12,3.6062e-05,27901.785714285696
bot1,1.0,5,3.9598e-05,-1.2800000000000002e-12,-3.9564e-05,1.2800000000000002e-12,3.9598e-05,28620.492272467087
bot1,1.1,5,4.305e-05,6.070000000000001e-11,-4.304e-05,6.070000000000001e-11,4.305e-05,29542.09748892172
bot1,1.2,5,4.6368e-05,-5.6500000000000005e-11,-4.6396e-05,5.6500000000000005e-11,4.6368e-05,30275.507114744178
bot1,1.3,5,4.9656e-05,-2.34e-12,-4.9668e-05,2.34e-12,4.9656e-05,31055.90062111804
bot1,1.4,5,5.2808e-05,1.9700000000000003e-12,-5.2768e-05,1.9700000000000003e-12,5.2808e-05,32362.45954692557
bot1,1.5,5,5.5836e-05,-1.4e-12,-5.5872e-05,1.4e-12,5.5836e-05,33244.68085106379
bot1,1.6,5,5.8824000000000005e-05,2.2000000000000003e-12,-5.8868e-05,2.2000000000000003e-12,5.8824000000000005e-05,33818.05884342239
bot1,1.7,5,6.175e-05,-6.206e-11,-6.178000000000001e-05,6.206e-11,6.175e-05,34578.14661134164
bot1,1.8,5,6.4608e-05,2.522e-11,-6.459800000000001e-05,2.522e-11,6.4608e-05,35765.379113018564
bot1,1.9,5,6.734200000000001e-05,2.18e-12,-6.7338e-05,2.18e-12,6.734200000000001e-05,37299.51510630365
bot1,2.0,5,6.997e-05,-4.9e-13,-7.0014e-05,4.9e-13,6.997e-05,38314.176245210765
bot1,2.1,5,7.2562e-05,1.86e-12,-7.2554e-05,1.86e-12,7.2562e-05,39339.103068450015
bot1,2.2,5,7.5054e-05,-6.078000000000001e-11,-7.5034e-05,6.078000000000001e-11,7.5054e-05,40866.36697997554
bot1,2.3000000000000003,5,7.7456e-05,2.932e-11,-7.7474e-05,2.932e-11,7.7456e-05,42319.08590774438
bot1,2.4,5,7.978e-05,-3.2700000000000004e-12,-7.9794e-05,3.2700000000000004e-12,7.978e-05,43383.947939262434
bot1,2.5,5,8.2066e-05,-1.7600000000000002e-12,-8.2056e-05,1.7600000000000002e-12,8.2066e-05,45045.04504504504
bot1,2.6,5,8.422e-05,2.2200000000000002e-12,-8.4226e-05,2.2200000000000002e-12,8.422e-05,46970.408642555085
bot1,2.7,5,8.632400000000002e-05,-4.3000000000000004e-13,-8.6314e-05,4.3000000000000004e-13,8.632400000000002e-05,48923.67906066534
bot1,2.8000000000000003,5,8.830800000000002e-05,1.91e-11,-8.8328e-05,1.91e-11,8.830800000000002e-05,50761.42131979698
bot1,2.9,5,9.0264e-05,-5.731000000000001e-11,-9.0308e-05,5.731000000000001e-11,9.0264e-05,52002.08008320339
bot1,3.0,5,9.2154e-05,1.17e-11,-9.2134e-05,1.17e-11,9.2154e-05,53966.54074473818
bot1,3.1,5,9.397e-05,2.67e-12,-9.398200000000002e-05,2.67e-12,9.397e-05,56369.785794814015
bot1,3.2,5,9.5702e-05,-8.800000000000002e-13,-9.5722e-05,8.800000000000002e-13,9.5702e-05,58892.81507656085
bot1,3.3000000000000003,5,9.7366e-05,1.872e-11,-9.7358e-05,1.872e-11,9.7366e-05,61652.28113440193
bot1,3.4,5,9.8946e-05,-5.539e-11,-9.8958e-05,5.539e-11,9.8946e-05,64516.12903225782
bot1,3.5,5,0.000100466,2.355e-11,-0.00010048,2.355e-11,0.000100466,67069.08115358811
bot1,3.6,5,0.000101928,5.6e-13,-0.000101916,5.6e-13,0.000101928,70274.06886858774
bot1,3.7,5,0.000103312,-2.3200000000000002e-12,-0.000103308,2.3200000000000002e-12,0.000103312,73367.57153338227
bot1,3.8,5,0.000104654,-1.7e-13,-0.000104676,1.7e-13,0.000104654,76687.1165644171
bot1,3.9,5,0.00010592,-2.9800000000000002e-12,-0.000105932,2.9800000000000002e-12,0.00010592,81699.34640522861
bot1,4.0,5,0.000107102,3.427e-11,-0.000107094,3.427e-11,0.000107102,86355.78583765117
bot1,4.1,5,0.000108236,-3.364e-11,-0.000108246,3.364e-11,0.000108236,91240.87591240904
bot1,4.2,5,0.000109294,-2.28e-12,-0.000109282,2.28e-12,0.000109294,98425.19685039327
bot1,4.3,5,0.000110268,1.5600000000000002e-12,-0.000110266,1.5600000000000002e-12,0.000110268,104821.80293501006
bot1,4.4,5,0.000111202,-1.88e-12,-0.00011123,1.88e-12,0.000111202,109170.30567685649
bot1,4.5,5,0.0001121,4.4300000000000005e-11,-0.000112112,4.4300000000000005e-11,0.0001121,115473.44110854584
bot1,4.6000000000000005,5,0.000112934,-2.733e-11,-0.000112944,2.733e-11,0.000112934,124688.2793017452
bot1,4.7,5,0.000113704,1.09e-12,-0.000113716,1.09e-12,0.000113704,132978.72340425444
bot1,4.8,5,0.000114438,2.28e-12,-0.000114428,2.28e-12,0.000114438,145348.837209303
bot1,4.9,5,0.00011508,-1.4900000000000001e-12,-0.000115118,1.4900000000000001e-12,0.00011508,156006.24024960943
bot1,5.0,5,0.00011572,1.6e-12,-0.000115704,1.6e-12,0.00011572,156249.99999999764
bot2,0.0,-5,-4.788e-12,8.300000000000001e-13,2.31e-12,8.300000000000001e-13,4.788e-12,35365681143.018814
bot2,0.1,-5,-1.9604e-12,1.415e-11,3.8e-12,1.415e-11,1.9604e-12,97059108997.3794
bot2,0.2,-5,-2.7274e-12,2.828e-11,5.55e-12,2.828e-11,2.7274e-12,-150195253829.97894
bot2,0.3,-5,-3.292e-12,4.115e-11,8.390000000000001e-12,4.115e-11,3.292e-12,-176865935620.79944
bot2,0.4,-5,-3.8582e-12,5.466e-11,1.15e-11,5.466e-11,3.8582e-12,-224921277552.8565
bot2,0.5,-5,-4.1812e-12,5.841000000000001e-11,1.6430000000000002e-11,5.841000000000001e-11,4.1812e-12,-467726847521.0472
bot2,0.6,-5,-4.2858e-12,5.981e-11,2.131e-11,5.981e-11,4.2858e-12,22516436999.009285
bot2,0.7,-5,4.7012e-12,-2.428e-11,-3.5890000000000005e-11,2.428e-11,4.7012e-12,23698367182.501133
bot2,0.8,-5,4.1536e-12,-1.7000000000000002e-12,-1.513e-11,1.7000000000000002e-12,4.1536e-12,-32314354036.06281
bot2,0.9,-5,-1.488e-12,2.4300000000000003e-12,-1.3500000000000001e-12,2.4300000000000003e-12,1.488e-12,-45493835585.27819
bot2,1.0,-5,-2.426e-13,1.37e-12,-2.06e-12,1.37e-12,2.426e-13,76242756938.09091
bot2,1.1,-5,1.1352e-12,-3.95e-12,-3.2200000000000004e-12,3.95e-12,1.1352e-12,82122033341.5455
bot2,1.2,-5,2.1928e-12,-1.719e-11,-4.53e-12,1.719e-11,2.1928e-12,109565026843.43156
bot2,1.3,-5,2.9606e-12,-3.169e-11,-6.46e-12,3.169e-11,2.9606e-12,147405660377.35867
bot2,1.4,-5,3.5496e-12,-4.676e-11,-8.97e-12,4.676e-11,3.5496e-12,225275963054.74213
bot2,1.5,-5,3.8484e-12,-5.4460000000000005e-11,-1.2880000000000002e-11,5.4460000000000005e-11,3.8484e-12,385653682992.6723
bot2,1.6,-5,4.0682e-12,-6.042000000000001e-11,-1.781e-11,6.042000000000001e-11,4.0682e-12,437254044599.9124
bot2,1.7,-5,4.3058e-12,-5.944e-11,-2.338e-11,5.944e-11,4.3058e-12,-22383883603.805256
bot2,1.8,-5,-4.8668e-12,2.063e-11,3.5860000000000006e-11,2.063e-11,4.8668e-12,-24108585067.14244
bot2,1.9,-5,-3.99e-12,1.7200000000000001e-12,1.107e-11,1.7200000000000001e-12,3.99e-12,34281796366.129574
bot2,2.0,-5,9.672e-13,-1.55e-12,9.700000000000001e-13,1.55e-12,9.672e-13,56135623666.77893
bot2,2.1,-5,-4.272e-13,9.3e-13,2.1700000000000002e-12,9.3e-13,4.272e-13,-78455986191.7465
bot2,2.2,-5,-1.582e-12,8.97e-12,3.4100000000000002e-12,8.97e-12,1.582e-12,-98658247829.51865
bot2,2.3000000000000003,-5,-2.4544e-12,2.1680000000000003e-11,5.370000000000001e-12,2.1680000000000003e-11,2.4544e-12,-130242250586.08997
bot2,2.4,-5,-3.1176e-12,3.854e-11,7.53e-12,3.854e-11,3.1176e-12,-155207201614.15475
bot2,2.5,-5,-3.743e-12,5.183e-11,1.087e-11,5.183e-11,3.743e-12,-195656427313.63745
bot2,2.6,-5,-4.1398e-12,5.868000000000001e-11,1.5980000000000003e-11,5.868000000000001e-11,4.1398e-12,-352485019386.6763
bot2,2.7,-5,-4.3104e-12,6.123e-11,2.133e-11,6.123e-11,4.3104e-12,22373867322.9668
bot2,2.8000000000000003,-5,4.7992e-12,-2.271e-11,-3.639e-11,2.271e-11,4.7992e-12,24369440721.335407
bot2,2.9,-5,3.8966e-12,-1.78e-12,-1.241e-11,1.78e-12,3.8966e-12,-33696128314.85657
bot2,3.0,-5,-1.1362e-12,2.400000000000001e-12,-1.55e-12,2.400000000000001e-12,1.1362e-12,-55269993920.30071
bot2,3.1,-5,2.78e-13,-2.5e-13,-2.24e-12,2.5e-13,2.78e-13,79522862823.0617
bot2,3.2,-5,1.3788e-12,-6.940000000000001e-12,-3.43e-12,6.940000000000001e-12,1.3788e-12,87229588276.34341
bot2,3.3000000000000003,-5,2.5708e-12,-2.205e-11,-5.520000000000001e-12,2.205e-11,2.5708e-12,109409190371.9911
bot2,3.4,-5,3.2068e-12,-3.867e-11,-7.360000000000001e-12,3.867e-11,3.2068e-12,160436386972.56512
bot2,3.5,-5,3.8174e-12,-5.134000000000001e-11,-1.1e-11,5.134000000000001e-11,3.8174e-12,235682300259.2508
bot2,3.6,-5,4.0554e-12,-5.823e-11,-1.522e-11,5.823e-11,4.0554e-12,414593698175.7884
bot2,3.7,-5,4.2998e-12,-6.054e-11,-2.0750000000000003e-11,6.054e-11,4.2998e-12,-22681908909.45384
bot2,3.8,-5,-4.7622e-12,2.7470000000000003e-11,3.515e-11,2.7470000000000003e-11,4.7622e-12,-23251488095.238064
bot2,3.9,-5,-4.3018e-12,1.98e-12,1.537e-11,1.98e-12,4.3018e-12,30620368669.23873
bot2,4.0,-5,1.7694e-12,-2.8800000000000002e-12,3.3e-13,2.8800000000000002e-12,1.7694e-12,42975632816.19316
bot2,4.1,-5,3.52e-13,-1.23e-12,1.5200000000000002e-12,1.23e-12,3.52e-13,-73686537469.60437
bot2,4.2,-5,-9.448e-13,3.13e-12,2.03e-12,3.13e-12,9.448e-13,-82973780285.42989
bot2,4.3,-5,-2.0584e-12,1.442e-11,3.86e-12,1.442e-11,2.0584e-12,-109039363210.11896
bot2,4.4,-5,-2.779e-12,2.708e-11,5.3500000000000004e-12,2.708e-11,2.779e-12,-144320969836.91742
bot2,4.5,-5,-3.4442e-12,4.5840000000000007e-11,8.55e-12,4.5840000000000007e-11,3.4442e-12,-178348492955.23468
bot2,4.6000000000000005,-5,-3.9004e-12,5.46e-11,1.199e-11,5.46e-11,3.9004e-12,-297619047619.0479
bot2,4.7,-5,-4.1162e-12,5.924000000000001e-11,1.7780000000000002e-11,5.924000000000001e-11,4.1162e-12,-495294700346.7041
bot2,4.8,-5,-4.3042e-12,5.998000000000001e-11,2.4410000000000003e-11,5.998000000000001e-11,4.3042e-12,22176391014.12638
bot2,4.9,-5,4.9024e-12,-1.457e-11,-3.6510000000000005e-11,1.457e-11,4.9024e-12,24514610707.981976
bot2,5.0,-5,3.8542e-12,-1.3300000000000002e-12,-9.88e-12,1.3300000000000002e-12,3.8542e-12,-95401640908.22331
bot2,0.0,-4,3.967e-12,-5.998000000000001e-11,-1.7310000000000003e-11,5.998000000000001e-11,3.967e-12,278862242052.42566
bot2,0.1,-4,4.3256e-12,-5.945e-11,-2.4960000000000004e-11,5.945e-11,4.3256e-12,-22558595952.98789
bot2,0.2,-4,-4.8988e-12,1.584e-11,3.628e-11,1.584e-11,4.8988e-12,-24301336573.511536
bot2,0.3,-4,-3.9044e-12,1.9900000000000002e-12,1.029e-11,1.9900000000000002e-12,3.9044e-12,35226151895.16698
bot2,0.4,-4,7.788e-13,-2.09e-12,9.8e-13,2.09e-12,7.788e-13,58726802912.84942
bot2,0.5,-4,-4.988e-13,2.6100000000000004e-12,2.51e-12,2.6100000000000004e-12,4.988e-13,-77748406157.67374
bot2,0.6,-4,-1.7936e-12,1.093e-11,3.5000000000000004e-12,1.093e-11,1.7936e-12,-96404126096.59695
bot2,0.7,-4,-2.5734e-12,2.349e-11,5.07e-12,2.349e-11,2.5734e-12,-130924325739.72247
bot2,0.8,-4,-3.3212e-12,4.0370000000000005e-11,8.470000000000002e-12,4.0370000000000005e-11,3.3212e-12,-165535507366.33005
bot2,0.9,-4,-3.7816e-12,5.2030000000000007e-11,1.167e-11,5.2030000000000007e-11,3.7816e-12,-255885363357.216
bot2,1.0,-4,-4.1028e-12,5.958e-11,1.6380000000000003e-11,5.958e-11,4.1028e-12,-354735721887.19434
bot2,1.1,-4,-4.3454e-12,5.958e-11,2.252e-11,5.958e-11,4.3454e-12,22269730981.64973
bot2,1.2,-4,4.878e-12,-2.051e-11,-3.652e-11,2.051e-11,4.878e-12,23877745940.783188
bot2,1.3,-4,4.0306e-12,-3.060000000000001e-12,-1.148e-11,3.060000000000001e-12,4.0306e-12,-34879665155.21455
bot2,1.4,-4,-8.56e-13,2.6300000000000007e-12,-1.78e-12,2.6300000000000007e-12,8.56e-13,-52427388067.52646
bot2,1.5,-4,2.158e-13,-6.400000000000001e-13,-2.34e-12,6.400000000000001e-13,2.158e-13,86296168450.1208
bot2,1.6,-4,1.4616e-12,-8.44e-12,-3.63e-12,8.44e-12,1.4616e-12,93475415965.60104
bot2,1.7,-4,2.3554e-12,-1.837e-11,-5.060000000000001e-12,1.837e-11,2.3554e-12,119175306876.41518
bot2,1.8,-4,3.1398e-12,-3.723e-11,-7.460000000000003e-12,3.723e-11,3.1398e-12,143492610130.57837
bot2,1.9,-4,3.7492e-12,-4.985e-11,-1.055e-11,4.985e-11,3.7492e-12,204331834899.87732
bot2,2.0,-4,4.1186e-12,-5.775000000000001e-11,-1.5540000000000002e-11,5.775000000000001e-11,4.1186e-12,361402240693.89246
bot2,2.1,-4,4.3026e-12,-6.103000000000001e-11,-2.092e-11,6.103000000000001e-11,4.3026e-12,-22725206799.381897
bot2,2.2,-4,-4.6822e-12,2.608e-11,3.5230000000000004e-11,2.608e-11,4.6822e-12,-23241220628.907448
bot2,2.3000000000000003,-4,-4.3028e-12,1.93e-12,1.7820000000000003e-11,1.93e-12,4.3028e-12,30540878966.49662
bot2,2.4,-4,1.8664e-12,-2.5800000000000003e-12,4.2000000000000003e-13,2.5800000000000003e-12,1.8664e-12,40319329086.36395
bot2,2.5,-4,6.576e-13,-1.95e-12,1.6200000000000004e-12,1.95e-12,6.576e-13,-82760903749.06902
bot2,2.6,-4,-5.502e-13,1.5700000000000002e-12,2.6000000000000002e-12,1.5700000000000002e-12,5.502e-13,-84245998315.08011
bot2,2.7,-4,-1.7164e-12,9.790000000000004e-12,3.92e-12,9.790000000000004e-12,1.7164e-12,-91911764705.88245
bot2,2.8000000000000003,-4,-2.7262e-12,2.549e-11,5.670000000000001e-12,2.549e-11,2.7262e-12,-119588615163.83626
bot2,2.9,-4,-3.3888e-12,4.022e-11,7.81e-12,4.022e-11,3.3888e-12,-194401244167.9624
bot2,3.0,-4,-3.755e-12,5.208e-11,1.1050000000000002e-11,5.208e-11,3.755e-12,-295420974889.2174
bot2,3.1,-4,-4.0658e-12,6.005e-11,1.615e-11,6.005e-11,4.0658e-12,-434593654932.6384
bot2,3.2,-4,-4.2152e-12,6.085e-11,2.163e-11,6.085e-11,4.2152e-12,22623410705.397964
bot2,3.3000000000000003,-4,4.7746e-12,-2.595e-11,-3.59e-11,2.595e-11,4.7746e-12,24007298218.65844
bot2,3.4,-4,4.1156e-12,-2.36e-12,-1.4090000000000002e-11,2.36e-12,4.1156e-12,-32410708498.087723
bot2,3.5,-4,-1.3962e-12,1.8200000000000003e-12,-1.4300000000000002e-12,1.8200000000000003e-12,1.3962e-12,-48393341076.26794
bot2,3.6,-4,-1.72e-14,3.1000000000000004e-13,-2e-12,3.1000000000000004e-13,1.72e-14,83500334001.33606
bot2,3.7,-4,9.99e-13,-2.69e-12,-2.6600000000000004e-12,2.69e-12,9.99e-13,103273778787.56592
bot2,3.8,-4,1.9194e-12,-1.314e-11,-4.33e-12,1.314e-11,1.9194e-12,120105693009.84853
bot2,3.9,-4,2.6642e-12,-2.761e-11,-6.04e-12,2.761e-11,2.6642e-12,136948781155.84756
bot2,4.0,-4,3.3798e-12,-4.304e-11,-8.52e-12,4.304e-11,3.3798e-12,162416761409.7773
bot2,4.1,-4,3.8956e-12,-5.5520000000000006e-11,-1.193e-11,5.5520000000000006e-11,3.8956e-12,252270433905.1464
bot2,4.2,-4,4.1726e-12,-5.958e-11,-1.6540000000000002e-11,5.958e-11,4.1726e-12,503778337531.4866
bot2,4.3,-4,4.2926e-12,-6.157e-11,-2.222e-11,6.157e-11,4.2926e-12,-22464842521.453945
bot2,4.4,-4,-4.7302e-12,2.362e-11,3.54e-11,2.362e-11,4.7302e-12,-24119051638.88958
bot2,4.5,-4,-3.9996e-12,1.08e-12,1.249e-11,1.08e-12,3.9996e-12,32251822227.95591
bot2,4.6000000000000005,-4,1.471e-12,-3.590000000000001e-12,7.200000000000003e-13,3.590000000000001e-12,1.471e-12,48631036327.38418
bot2,4.7,-4,1.13e-13,-8.800000000000002e-13,1.8400000000000002e-12,8.800000000000002e-13,1.13e-13,-86475268073.33072
bot2,4.8,-4,-8.418e-13,3.15e-12,2.5800000000000003e-12,3.15e-12,8.418e-13,-92945441026.11772
bot2,4.9,-4,-2.0388e-12,1.3900000000000002e-11,4.340000000000001e-12,1.3900000000000002e-11,2.0388e-12,-97981579463.06102
bot2,5.0,-4,-2.883e-12,2.975e-11,5.820000000000001e-12,2.975e-11,2.883e-12,-118455342335.93892
bot2,0.0,-3,-4.7626e-12,4.43e-12,3.518e-11,4.43e-12,4.7626e-12,52609427609.427605
bot2,0.1,-3,-2.8618e-12,1.83e-12,3.2700000000000004e-12,1.83e-12,2.8618e-12,45541488295.83751
bot2,0.2,-3,-3.71e-13,-2.1000000000000001e-13,2.1500000000000003e-12,2.1000000000000001e-13,3.71e-13,130208333333.33334
bot2,0.3,-3,-1.3258e-12,7.35e-12,3.290000000000001e-12,7.35e-12,1.3258e-12,-106281220108.40686
bot2,0.4,-3,-2.2528e-12,1.735e-11,4.450000000000001e-12,1.735e-11,2.2528e-12,-123731749566.93887
bot2,0.5,-3,-2.9422e-12,3.197e-11,6.630000000000002e-12,3.197e-11,2.9422e-12,-151929504709.81464
bot2,0.6,-3,-3.5692e-12,4.472e-11,9.09e-12,4.472e-11,3.5692e-12,-187511719482.4678
bot2,0.7,-3,-4.0088e-12,5.695000000000001e-11,1.313e-11,5.695000000000001e-11,4.0088e-12,-359712230215.82715
bot2,0.8,-3,-4.1252e-12,6.021e-11,1.7360000000000002e-11,6.021e-11,4.1252e-12,-616903146206.0444
bot2,0.9,-3,-4.333e-12,5.974e-11,2.284e-11,5.974e-11,4.333e-12,22491621870.8531
bot2,1.0,-3,4.767e-12,-1.8730000000000003e-11,-3.631e-11,1.8730000000000003e-11,4.767e-12,24274790629.930824
bot2,1.1,-3,3.906e-12,-1.9400000000000002e-12,-1.145e-11,1.9400000000000002e-12,3.906e-12,-33858134416.793625
bot2,1.2,-3,-1.14e-12,2.52e-12,-1.7000000000000002e-12,2.52e-12,1.14e-12,-52637119696.81017
bot2,1.3,-3,1.064e-13,-7.700000000000002e-13,-2.09e-12,7.700000000000002e-13,1.064e-13,83920778784.82721
bot2,1.4,-3,1.2432e-12,-5.470000000000001e-12,-3.4000000000000005e-12,5.470000000000001e-12,1.2432e-12,94616330778.6924
bot2,1.5,-3,2.2202e-12,-1.673e-11,-4.290000000000001e-12,1.673e-11,2.2202e-12,116009280742.45937
bot2,1.6,-3,2.9672e-12,-3.2720000000000004e-11,-6.71e-12,3.2720000000000004e-11,2.9672e-12,149454491107.45773
bot2,1.7,-3,3.5584e-12,-4.7370000000000007e-11,-8.87e-12,4.7370000000000007e-11,3.5584e-12,214178624973.2277
bot2,1.8,-3,3.901e-12,-5.6320000000000006e-11,-1.3080000000000002e-11,5.6320000000000006e-11,3.901e-12,345065562456.8673
bot2,1.9,-3,4.138e-12,-6.033e-11,-1.7450000000000002e-11,6.033e-11,4.138e-12,488281249999.9996
bot2,2.0,-3,4.3106e-12,-5.940000000000001e-11,-2.318e-11,5.940000000000001e-11,4.3106e-12,-22244466688.911133
bot2,2.1,-3,-4.853e-12,2.074e-11,3.623e-11,2.074e-11,4.853e-12,-24036728120.56825
bot2,2.2,-3,-4.01e-12,2.01e-12,1.331e-11,2.01e-12,4.01e-12,33300033300.03333
bot2,2.3000000000000003,-3,1.153e-12,-2.74e-12,8.600000000000002e-13,2.74e-12,1.153e-12,50223494550.75078
bot2,2.4,-3,-2.78e-14,-5.7e-13,1.22e-12,5.7e-13,2.78e-14,-83899656011.41023
bot2,2.5,-3,-1.2308e-12,6.3e-12,2.64e-12,6.3e-12,1.2308e-12,-95147478591.8174
bot2,2.6,-3,-2.1298e-12,1.542e-11,4.33e-12,1.542e-11,2.1298e-12,-117827265229.17412
bot2,2.7,-3,-2.9282e-12,3.3410000000000004e-11,6.3700000000000005e-12,3.3410000000000004e-11,2.9282e-12,-145306596919.5003
bot2,2.8000000000000003,-3,-3.5062e-12,4.619e-11,8.95e-12,4.619e-11,3.5062e-12,-185356811862.8357
bot2,2.9,-3,-4.0072e-12,5.633000000000001e-11,1.325e-11,5.633000000000001e-11,4.0072e-12,-296120817293.45526
bot2,3.0,-3,-4.1816e-12,5.919e-11,1.923e-11,5.919e-11,4.1816e-12,23152971683.91565
bot2,3.1,-3,4.631e-12,-3.0130000000000003e-11,-3.477e-11,3.0130000000000003e-11,4.631e-12,23368853991.400284
bot2,3.2,-3,4.3768e-12,-1.0600000000000001e-12,-1.7910000000000003e-11,1.0600000000000001e-12,4.3768e-12,-30870867162.65863
bot2,3.3000000000000003,-3,-1.8476e-12,2.24e-12,-7.800000000000002e-13,2.24e-12,1.8476e-12,-39328273095.52833
bot2,3.4,-3,-7.086e-13,1.4300000000000002e-12,-2e-12,1.4300000000000002e-12,7.086e-13,81459758879.11362
bot2,3.5,-3,6.076e-13,-2.5300000000000003e-12,-2.47e-12,2.5300000000000003e-12,6.076e-13,85338795016.21443
bot2,3.6,-3,1.635e-12,-9.07e-12,-3.7e-12,9.07e-12,1.635e-12,99068753715.07835
bot2,3.7,-3,2.6264e-12,-2.4320000000000003e-11,-5.7e-12,2.4320000000000003e-11,2.6264e-12,129382843834.9076
bot2,3.8,-3,3.1808e-12,-3.8510000000000005e-11,-7.770000000000001e-12,3.8510000000000005e-11,3.1808e-12,170183798502.38226
bot2,3.9,-3,3.8016e-12,-5.343e-11,-1.202e-11,5.343e-11,3.8016e-12,215238915195.8671
bot2,4.0,-3,4.11e-12,-5.941e-11,-1.6940000000000002e-11,5.941e-11,4.11e-12,372717107715.24365
bot2,4.1,-3,4.3382e-12,-6.019e-11,-2.3790000000000003e-11,6.019e-11,4.3382e-12,-22317941393.08592
bot2,4.2,-3,-4.8514e-12,1.773e-11,3.568e-11,1.773e-11,4.8514e-12,-24853982850.75185
bot2,4.3,-3,-3.7088e-12,2.08e-12,9.11e-12,2.08e-12,3.7088e-12,36856848002.35887
bot2,4.4,-3,5.75e-13,-1.1100000000000001e-12,8.100000000000002e-13,1.1100000000000001e-12,5.75e-13,67723147771.9085
bot2,4.5,-3,-7.556e-13,1.46e-12,2.46e-12,1.46e-12,7.556e-13,-82980665504.93742
bot2,4.6000000000000005,-3,-1.8352e-12,1.337e-11,4.18e-12,1.337e-11,1.8352e-12,-97465886939.57124
bot2,4.7,-3,-2.8076e-12,2.928e-11,6.080000000000001e-12,2.928e-11,2.8076e-12,-121050720251.78508
bot2,4.8,-3,-3.4874e-12,4.803e-11,9.4e-12,4.803e-11,3.4874e-12,-171174255391.98917
bot2,4.9,-3,-3.976e-12,5.6280000000000005e-11,1.3480000000000002e-11,5.6280000000000005e-11,3.976e-12,-247892910262.76663
bot2,5.0,-3,-4.2942e-12,6.024e-11,1.918e-11,6.024e-11,4.2942e-12,-314267756128.2201
bot2,0.0,-2,3.4362e-12,-2.01e-12,-2.9e-12,2.01e-12,3.4362e-12,-43444261013.12017
bot2,0.1,-2,1.1344e-12,-1.86e-12,1.21e-12,1.86e-12,1.1344e-12,-55694792536.897804
bot2,0.2,-2,-1.548e-13,9e-14,1.95e-12,9e-14,1.548e-13,-81665986116.78236
bot2,0.3,-2,-1.3146e-12,5.65e-12,2.85e-12,5.65e-12,1.3146e-12,-96181590843.51256
bot2,0.4,-2,-2.2342e-12,1.806e-11,4.960000000000001e-12,1.806e-11,2.2342e-12,-118539592223.80276
bot2,0.5,-2,-3.0018e-12,3.3050000000000005e-11,6.630000000000002e-12,3.3050000000000005e-11,3.0018e-12,-145348837209.30228
bot2,0.6,-2,-3.6102e-12,4.7540000000000005e-11,9.22e-12,4.7540000000000005e-11,3.6102e-12,-198098256735.34085
bot2,0.7,-2,-4.0114e-12,5.5770000000000005e-11,1.3190000000000002e-11,5.5770000000000005e-11,4.0114e-12,-352236703064.4594
bot2,0.8,-2,-4.178e-12,6.046e-11,1.7580000000000002e-11,6.046e-11,4.178e-12,-699790062981.1049
bot2,0.9,-2,-4.2972e-12,6.075000000000001e-11,2.313e-11,6.075000000000001e-11,4.2972e-12,22407959307.145897
bot2,1.0,-2,4.7474e-12,-2.1480000000000003e-11,-3.619e-11,2.1480000000000003e-11,4.7474e-12,23986567522.187584
bot2,1.1,-2,4.0408e-12,-1.7500000000000002e-12,-1.261e-11,1.7500000000000002e-12,4.0408e-12,-32965221691.115868
bot2,1.2,-2,-1.3196e-12,1.83e-12,-1.1600000000000001e-12,1.83e-12,1.3196e-12,-50332192470.30399
bot2,1.3,-2,6.72e-14,-1.3e-13,-2.26e-12,1.3e-13,6.72e-14,77387401331.06337
bot2,1.4,-2,1.2648e-12,-5.310000000000002e-12,-3.3100000000000002e-12,5.310000000000002e-12,1.2648e-12,88636766530.75694
bot2,1.5,-2,2.3236e-12,-1.735e-11,-4.72e-12,1.735e-11,2.3236e-12,115101289134.43828
bot2,1.6,-2,3.0024e-12,-3.213e-11,-7.040000000000001e-12,3.213e-11,3.0024e-12,155400155400.15536
bot2,1.7,-2,3.6106e-12,-4.964e-11,-1.04e-11,4.964e-11,3.6106e-12,198570293884.0348
bot2,1.8,-2,4.0096e-12,-5.704e-11,-1.5180000000000003e-11,5.704e-11,4.0096e-12,300751879699.24835
bot2,1.9,-2,4.2756e-12,-6.101e-11,-2.1900000000000003e-11,6.101e-11,4.2756e-12,-22748987670.04868
bot2,2.0,-2,-4.782e-12,2.691e-11,3.47e-11,2.691e-11,4.782e-12,-23847566355.853382
bot2,2.1,-2,-4.111e-12,1.85e-12,1.331e-11,1.85e-12,4.111e-12,32902313032.606224
bot2,2.2,-2,1.2966e-12,-1.93e-12,1.1000000000000002e-12,1.93e-12,1.2966e-12,50022510129.55835
bot2,2.3000000000000003,-2,-1.128e-13,-3.6000000000000013e-13,1.7500000000000002e-12,3.6000000000000013e-13,1.128e-13,-80703736583.0037
bot2,2.4,-2,-1.1816e-12,5.53e-12,3.2200000000000004e-12,5.53e-12,1.1816e-12,-95914061001.34264
bot2,2.5,-2,-2.198e-12,1.653e-11,4.62e-12,1.653e-11,2.198e-12,-113417262107.29282
bot2,2.6,-2,-2.945e-12,3.222e-11,6.840000000000001e-12,3.222e-11,2.945e-12,-144592249855.40793
bot2,2.7,-2,-3.5812e-12,4.7950000000000006e-11,9.78e-12,4.7950000000000006e-11,3.5812e-12,-182581705313.12787
bot2,2.8000000000000003,-2,-4.0404e-12,5.6430000000000006e-11,1.315e-11,5.6430000000000006e-11,4.0404e-12,-330797221303.34033
bot2,2.9,-2,-4.1858e-12,5.977e-11,1.8110000000000003e-11,5.977e-11,4.1858e-12,-754147812971.341
bot2,3.0,-2,-4.3056e-12,5.978e-11,2.4430000000000003e-11,5.978e-11,4.3056e-12,22256843979.52372
bot2,3.1,-2,4.8002e-12,-1.557e-11,-3.65e-11,1.557e-11,4.8002e-12,24450475561.749702
bot2,3.2,-2,3.8742e-12,-1.7100000000000002e-12,-1.138e-11,1.7100000000000002e-12,3.8742e-12,-33879929529.746613
bot2,3.3000000000000003,-2,-1.103e-12,1.86e-12,-1.3800000000000002e-12,1.86e-12,1.103e-12,-50543340914.83441
bot2,3.4,-2,-8.28e-14,1e-13,-2.09e-12,1e-13,8.28e-14,84139671855.27965
bot2,3.5,-2,1.274e-12,-6.31e-12,-3.15e-12,6.31e-12,1.274e-12,87481410200.3325
bot2,3.6,-2,2.2034e-12,-1.6760000000000002e-11,-4.450000000000001e-12,1.6760000000000002e-11,2.2034e-12,110035211267.60574
bot2,3.7,-2,3.0916e-12,-3.4220000000000006e-11,-7.12e-12,3.4220000000000006e-11,3.0916e-12,141163184641.44565
bot2,3.8,-2,3.6202e-12,-4.8090000000000005e-11,-1.03e-11,4.8090000000000005e-11,3.6202e-12,227686703096.5388
bot2,3.9,-2,3.97e-12,-5.725e-11,-1.364e-11,5.725e-11,3.97e-12,358422939068.09973
bot2,4.0,-2,4.1782e-12,-6.117000000000001e-11,-1.9930000000000003e-11,6.117000000000001e-11,4.1782e-12,-23044660552.150032
bot2,4.1,-2,-4.7088e-12,2.9880000000000004e-11,3.466e-11,2.9880000000000004e-11,4.7088e-12,-23237440163.5916
bot2,4.2,-2,-4.4286e-12,7.900000000000002e-13,1.7760000000000002e-11,7.900000000000002e-13,4.4286e-12,29560436312.04
bot2,4.3,-2,2.057e-12,-1.8000000000000002e-12,-6.400000000000001e-13,1.8000000000000002e-12,2.057e-12,37165049986.99227
bot2,4.4,-2,9.528e-13,-2.04e-12,1.13e-12,2.04e-12,9.528e-13,-80205325633.62215
bot2,4.5,-2,-4.366e-13,9.5e-13,1.9e-12,9.5e-13,4.366e-13,-77790742901.59479
bot2,4.6000000000000005,-2,-1.6182e-12,8.53e-12,3.0900000000000004e-12,8.53e-12,1.6182e-12,-97866510080.25064
bot2,4.7,-2,-2.4802e-12,2.112e-11,4.87e-12,2.112e-11,2.4802e-12,-126582278481.0122
bot2,4.8,-2,-3.1982e-12,3.985e-11,7.360000000000001e-12,3.985e-11,3.1982e-12,-167364016736.4019
bot2,4.9,-2,-3.6752e-12,5.158e-11,1.132e-11,5.158e-11,3.6752e-12,-224668613794.65292
bot2,5.0,-2,-4.0884e-12,5.961e-11,1.559e-11,5.961e-11,4.0884e-12,-242013552758.9532
bot2,0.0,-1,4.2216e-12,-2.16e-12,-8.76e-12,2.16e-12,4.2216e-12,-23329600597.237778
bot2,0.1,-1,-6.48e-14,3.6000000000000013e-13,-1.8400000000000002e-12,3.6000000000000013e-13,6.48e-14,-66711140760.50701
bot2,0.2,-1,1.2236e-12,-5.75e-12,-3.0900000000000004e-12,5.75e-12,1.2236e-12,90179457119.66817
bot2,0.3,-1,2.153e-12,-1.661e-11,-4.340000000000001e-12,1.661e-11,2.153e-12,116211504938.98898
bot2,0.4,-1,2.9446e-12,-3.292e-11,-6.850000000000001e-12,3.292e-11,2.9446e-12,148544266191.325
bot2,0.5,-1,3.4994e-12,-4.85e-11,-9.55e-12,4.85e-11,3.4994e-12,194401244167.96252
bot2,0.6,-1,3.9734e-12,-5.631e-11,-1.3e-11,5.631e-11,3.9734e-12,297353553374.963
bot2,0.7,-1,4.172e-12,-6.042000000000001e-11,-1.825e-11,6.042000000000001e-11,4.172e-12,514403292181.07
bot2,0.8,-1,4.3622e-12,-5.962000000000001e-11,-2.477e-11,5.962000000000001e-11,4.3622e-12,-22132707715.461903
bot2,0.9,-1,-4.8644e-12,1.6890000000000003e-11,3.634e-11,1.6890000000000003e-11,4.8644e-12,-24081298463.61315
bot2,1.0,-1,-3.943e-12,1.36e-12,1.141e-11,1.36e-12,3.943e-12,33174097664.543533
bot2,1.1,-1,1.1644e-12,-2.8400000000000004e-12,1.03e-12,2.8400000000000004e-12,1.1644e-12,50586806960.74463
bot2,1.2,-1,1.06e-14,-5.500000000000001e-13,1.6800000000000001e-12,5.500000000000001e-13,1.06e-14,-80205325633.62206
bot2,1.3,-1,-1.3292e-12,6.6e-12,3.1200000000000004e-12,6.6e-12,1.3292e-12,-84423807513.71893
bot2,1.4,-1,-2.3584e-12,1.6760000000000002e-11,4.62e-12,1.6760000000000002e-11,2.3584e-12,-113058224985.86772
bot2,1.5,-1,-3.0982e-12,3.307e-11,6.490000000000001e-12,3.307e-11,3.0982e-12,-157828282828.28284
bot2,1.6,-1,-3.6256e-12,4.785e-11,9.72e-12,4.785e-11,3.6256e-12,-226449275362.3188
bot2,1.7,-1,-3.9814e-12,5.793000000000001e-11,1.374e-11,5.793000000000001e-11,3.9814e-12,-388953714507.9735
bot2,1.8,-1,-4.1398e-12,6.029e-11,1.9130000000000003e-11,6.029e-11,4.1398e-12,22963167080.003696
bot2,1.9,-1,4.7282e-12,-3.038e-11,-3.504e-11,3.038e-11,4.7282e-12,23417010116.148365
bot2,2.0,-1,4.401e-12,-1.6300000000000001e-12,-1.659e-11,1.6300000000000001e-12,4.401e-12,-31612556507.444748
bot2,2.1,-1,-1.5984e-12,2.52e-12,-6.1e-13,2.52e-12,1.5984e-12,-42881646655.231606
bot2,2.2,-1,-2.63e-13,2.1000000000000001e-13,-1.5700000000000002e-12,2.1000000000000001e-13,2.63e-13,75602933393.81575
bot2,2.3000000000000003,-1,1.047e-12,-3.1400000000000004e-12,-3.02e-12,3.1400000000000004e-12,1.047e-12,81552764638.72113
bot2,2.4,-1,2.1894e-12,-1.499e-11,-4.5400000000000004e-12,1.499e-11,2.1894e-12,112549240292.62788
bot2,2.5,-1,2.824e-12,-2.965e-11,-6.1200000000000006e-12,2.965e-11,2.824e-12,159821000479.46313
bot2,2.6,-1,3.4408e-12,-4.432e-11,-8.900000000000001e-12,4.432e-11,3.4408e-12,184128153194.62363
bot2,2.7,-1,3.9102e-12,-5.5190000000000005e-11,-1.29e-11,5.5190000000000005e-11,3.9102e-12,263852242744.06348
bot2,2.8000000000000003,-1,4.1988e-12,-6.089000000000001e-11,-1.775e-11,6.089000000000001e-11,4.1988e-12,417188151856.4869
bot2,2.9,-1,4.3896e-12,-6.057e-11,-2.4340000000000003e-11,6.057e-11,4.3896e-12,-22048771883.406063
bot2,3.0,-1,-4.872e-12,1.876e-11,3.5920000000000004e-11,1.876e-11,4.872e-12,-24292481476.98289
bot2,3.1,-1,-3.8434e-12,2e-12,1.168e-11,2e-12,3.8434e-12,33476164970.541004
bot2,3.2,-1,1.1024e-12,-1.8400000000000002e-12,8.7e-13,1.8400000000000002e-12,1.1024e-12,52545846250.85392
bot2,3.3000000000000003,-1,-3.72e-14,-3.6000000000000013e-13,1.9200000000000003e-12,3.6000000000000013e-13,3.72e-14,-94188565508.1472
bot2,3.4,-1,-1.021e-12,4.33e-12,2.6500000000000002e-12,4.33e-12,1.021e-12,-94250706880.30148
bot2,3.5,-1,-2.1592e-12,1.712e-11,4.5400000000000004e-12,1.712e-11,2.1592e-12,-98765432098.76552
bot2,3.6,-1,-3.046e-12,3.197e-11,6.490000000000001e-12,3.197e-11,3.046e-12,-138792505204.71906
bot2,3.7,-1,-3.6002e-12,4.697000000000001e-11,9.46e-12,4.697000000000001e-11,3.6002e-12,-206782464846.9812
bot2,3.8,-1,-4.0132e-12,5.653e-11,1.335e-11,5.653e-11,4.0132e-12,-363372093023.2554
bot2,3.9,-1,-4.1506e-12,6.020000000000001e-11,1.7800000000000003e-11,6.020000000000001e-11,4.1506e-12,-712758374910.9037
bot2,4.0,-1,-4.2938e-12,5.8070000000000006e-11,2.478e-11,5.8070000000000006e-11,4.2938e-12,22400430088.257668
bot2,4.1,-1,4.7778e-12,-1.425e-11,-3.643e-11,1.425e-11,4.7778e-12,24735331948.15476
bot2,4.2,-1,3.7918e-12,-2.42e-12,-9.4e-12,2.42e-12,3.7918e-12,-36643459142.54308
bot2,4.3,-1,-6.802e-13,2.8e-13,-2.26e-12,2.8e-13,6.802e-13,-66827051590.48389
bot2,4.4,-1,7.99e-13,-3.4100000000000002e-12,-2.9e-12,3.4100000000000002e-12,7.99e-13,73926221630.81252
bot2,4.5,-1,2.0252e-12,-1.212e-11,-3.96e-12,1.212e-11,2.0252e-12,95020904599.01189
bot2,4.6000000000000005,-1,2.9038e-12,-2.916e-11,-6.2200000000000006e-12,2.916e-11,2.9038e-12,140508641281.4389
bot2,4.7,-1,3.4486e-12,-4.516e-11,-8.65e-12,4.516e-11,3.4486e-12,202388180530.2563
bot2,4.8,-1,3.892e-12,-5.5740000000000006e-11,-1.302e-11,5.5740000000000006e-11,3.892e-12,308166409861.3255
bot2,4.9,-1,4.0976e-12,-6.024e-11,-1.803e-11,6.024e-11,4.0976e-12,439367311072.0567
bot2,5.0,-1,4.3472e-12,-5.910000000000001e-11,-2.457e-11,5.910000000000001e-11,4.3472e-12,400641025641.0241
bot2,0.0,0,4.6144e-12,-1.5400000000000001e-12,-1.286e-11,1.5400000000000001e-12,4.6144e-12,-18854406274.74641
bot2,0.1,0,-6.894e-13,2.08e-12,-1.73e-12,2.08e-12,6.894e-13,-49855419284.07618
bot2,0.2,0,6.028e-13,-1.6600000000000002e-12,-2.7100000000000004e-12,1.6600000000000002e-12,6.028e-13,82808877111.62637
bot2,0.3,0,1.7258e-12,-1.015e-11,-4.23e-12,1.015e-11,1.7258e-12,94197437829.69104
bot2,0.4,0,2.726e-12,-2.692e-11,-6.2200000000000006e-12,2.692e-11,2.726e-12,112803158488.43768
bot2,0.5,0,3.4988e-12,-4.355e-11,-8.65e-12,4.355e-11,3.4988e-12,166195778627.22284
bot2,0.6,0,3.9294e-12,-5.529e-11,-1.239e-11,5.529e-11,3.9294e-12,297088532382.6503
bot2,0.7,0,4.172e-12,-5.963e-11,-1.703e-11,5.963e-11,4.172e-12,440917107583.774
bot2,0.8,0,4.383e-12,-6.122000000000001e-11,-2.377e-11,6.122000000000001e-11,4.383e-12,-22331896647.98231
bot2,0.9,0,-4.7838e-12,2.082e-11,3.597e-11,2.082e-11,4.7838e-12,-24159841511.43968
bot2,1.0,0,-3.8952e-12,1.5600000000000002e-12,1.093e-11,1.5600000000000002e-12,3.8952e-12,34544700842.89071
bot2,1.1,0,1.0058e-12,-2.450000000000001e-12,1.2500000000000001e-12,2.450000000000001e-12,1.0058e-12,60024009603.84152
bot2,1.2,0,-5.632e-13,1.83e-12,2.1000000000000003e-12,1.83e-12,5.632e-13,-74654721911.16086
bot2,1.3,0,-1.6732e-12,1.086e-11,3.58e-12,1.086e-11,1.6732e-12,-93484154435.8232
bot2,1.4,0,-2.7026e-12,2.6340000000000003e-11,5.5100000000000006e-12,2.6340000000000003e-11,2.7026e-12,-107411385606.87431
bot2,1.5,0,-3.5352e-12,4.596e-11,8.590000000000001e-12,4.596e-11,3.5352e-12,-156739811912.22565
bot2,1.6,0,-3.9786e-12,5.641e-11,1.2980000000000002e-11,5.641e-11,3.9786e-12,-321750321750.32166
bot2,1.7,0,-4.1568e-12,6.063e-11,1.8220000000000003e-11,6.063e-11,4.1568e-12,-545553737043.0991
bot2,1.8,0,-4.3452e-12,5.765e-11,2.584e-11,5.765e-11,4.3452e-12,22141528651.13809
bot2,1.9,0,4.876e-12,-9.01e-12,-3.631e-11,9.01e-12,4.876e-12,25945048387.51524
bot2,2.0,0,3.3634e-12,-2.4300000000000003e-12,-5.5e-12,2.4300000000000003e-12,3.3634e-12,-41912904983.4444
bot2,2.1,0,1.042e-13,-6.000000000000001e-14,-2.11e-12,6.000000000000001e-14,1.042e-13,-102322725877.41748
bot2,2.2,0,1.4088e-12,-6.15e-12,-3.4100000000000002e-12,6.15e-12,1.4088e-12,85653104925.0536
bot2,2.3000000000000003,0,2.4392e-12,-1.859e-11,-4.6900000000000004e-12,1.859e-11,2.4392e-12,109134562916.07536
bot2,2.4,0,3.2414e-12,-3.698e-11,-7.83e-12,3.698e-11,3.2414e-12,151308821304.28186
bot2,2.5,0,3.761e-12,-5.15e-11,-1.108e-11,5.15e-11,3.761e-12,255950857435.37253
bot2,2.6,0,4.0228e-12,-5.867e-11,-1.502e-11,5.867e-11,4.0228e-12,491159135559.9217
bot2,2.7,0,4.1682e-12,-6.03e-11,-2.0240000000000003e-11,6.03e-11,4.1682e-12,-22634164007.15242
bot2,2.8000000000000003,0,-4.8134e-12,2.621e-11,3.4730000000000006e-11,2.621e-11,4.8134e-12,-23646252069.047024
bot2,2.9,0,-4.2898e-12,9.100000000000002e-13,1.584e-11,9.100000000000002e-13,4.2898e-12,32303915234.526382
bot2,3.0,0,1.3778e-12,-1.8700000000000003e-12,1.21e-12,1.8700000000000003e-12,1.3778e-12,47684898192.7424
bot2,3.1,0,-9.56e-14,1.4e-13,2.0200000000000007e-12,1.4e-13,9.56e-14,-75210589651.02293
bot2,3.2,0,-1.2814e-12,6.92e-12,2.8100000000000003e-12,6.92e-12,1.2814e-12,-88691796008.86926
bot2,3.3000000000000003,0,-2.3506e-12,1.921e-11,4.28e-12,1.921e-11,2.3506e-12,-121403423576.54472
bot2,3.4,0,-2.9288e-12,3.2720000000000004e-11,6.470000000000001e-12,3.2720000000000004e-11,2.9288e-12,-153940886699.5072
bot2,3.5,0,-3.6498e-12,5.0750000000000006e-11,1.002e-11,5.0750000000000006e-11,3.6498e-12,-183755972069.09232
bot2,3.6,0,-4.0172e-12,5.711e-11,1.405e-11,5.711e-11,4.0172e-12,-323834196891.192
bot2,3.7,0,-4.2674e-12,6.073e-11,2.092e-11,6.073e-11,4.2674e-12,22686025408.34848
bot2,3.8,0,4.7988e-12,-2.437e-11,-3.645e-11,2.437e-11,4.7988e-12,24369440721.335407
bot2,3.9,0,3.9396e-12,-1.5200000000000002e-12,-1.23e-11,1.5200000000000002e-12,3.9396e-12,-34036759700.47647
bot2,4.0,0,-1.0772e-12,2.77e-12,-1.6100000000000002e-12,2.77e-12,1.0772e-12,-58055152394.77496
bot2,4.1,0,4.946e-13,-1.04e-12,-2.41e-12,1.04e-12,4.946e-13,73378338714.41158
bot2,4.2,0,1.6484e-12,-9.45e-12,-3.97e-12,9.45e-12,1.6484e-12,92755774046.93452
bot2,4.3,0,2.6508e-12,-2.579e-11,-5.780000000000001e-12,2.579e-11,2.6508e-12,104525974704.7142
bot2,4.4,0,3.5618e-12,-4.6930000000000006e-11,-9.37e-12,4.6930000000000006e-11,3.5618e-12,157282164202.57962
bot2,4.5,0,3.9224e-12,-5.59e-11,-1.307e-11,5.59e-11,3.9224e-12,310462589257.9949
bot2,4.6000000000000005,0,4.206e-12,-6.136000000000001e-11,-1.872e-11,6.136000000000001e-11,4.206e-12,464684014869.8886
bot2,4.7,0,4.3528e-12,-5.891000000000001e-11,-2.4450000000000003e-11,5.891000000000001e-11,4.3528e-12,-22160664819.944523
bot2,4.8,0,-4.819e-12,1.406e-11,3.5960000000000004e-11,1.406e-11,4.819e-12,-24855218353.093258
bot2,4.9,0,-3.6938e-12,2.04e-12,9.57e-12,2.04e-12,3.6938e-12,37404151860.85659
bot2,5.0,0,5.28e-13,-1.04e-12,1.32e-12,1.04e-12,5.28e-13,23686579184.234127
bot2,0.0,1,1.3735e-11,-1.91e-12,-1.5200000000000002e-12,1.91e-12,1.3735e-11,3983799.481030442
bot2,0.1,1,2.51154e-08,-6.019e-11,-2.50182e-08,6.019e-11,2.51154e-08,5506628.397434848
bot2,0.2,1,3.63336e-08,2.837e-11,-3.64404e-08,2.837e-11,3.63336e-08,12619888.944977283
bot2,0.3,1,4.09634e-08,4.436e-11,-4.1083e-08,4.436e-11,4.09634e-08,31725888.324873123
bot2,0.4,1,4.263759999999999e-08,5.6680000000000005e-11,-4.2786e-08,5.6680000000000005e-11,4.263759999999999e-08,84409555.16164425
bot2,0.5,1,4.33328e-08,5.888000000000001e-11,-4.34612e-08,5.888000000000001e-11,4.33328e-08,214638334.40652487
bot2,0.6,1,4.356939999999999e-08,5.744e-11,-4.36736e-08,5.744e-11,4.356939999999999e-08,549148819.3300385
bot2,0.7,1,4.3697e-08,5.142e-11,-4.36114e-08,5.142e-11,4.3697e-08,2531645569.62014
bot2,0.8,1,4.36484e-08,4.301e-11,-4.37262e-08,4.301e-11,4.36484e-08,6493506493.506942
bot2,0.9,1,4.37278e-08,2.976e-11,-4.3703e-08,2.976e-11,4.37278e-08,1464128843.338199
bot2,1.0,1,4.3785e-08,1.5180000000000003e-11,-4.38074e-08,1.5180000000000003e-11,4.3785e-08,3105590062.111727
bot2,1.1,1,4.37922e-08,4.77e-12,-4.38296e-08,4.77e-12,4.37922e-08,6134969325.154138
bot2,1.2,1,4.38176e-08,-3.0000000000000014e-13,-4.37618e-08,3.0000000000000014e-13,4.38176e-08,4716981132.075864
bot2,1.3,1,4.3834599999999993e-08,-1.93e-12,-4.38172e-08,1.93e-12,4.3834599999999993e-08,-5076142131.979741
bot2,1.4,1,4.37782e-08,-1.83e-12,-4.38536e-08,1.83e-12,4.37782e-08,-47619047619.09865
bot2,1.5,1,4.38304e-08,-2.01e-12,-4.38652e-08,2.01e-12,4.38304e-08,1400560224.089644
bot2,1.6,1,4.3920999999999993e-08,-2e-12,-4.3859e-08,2e-12,4.3920999999999993e-08,4807692307.692362
bot2,1.7,1,4.3872e-08,-6.500000000000003e-13,-4.38808e-08,6.500000000000003e-13,4.3872e-08,-6944444444.445504
bot2,1.8,1,4.38922e-08,-4.11e-12,-4.39222e-08,4.11e-12,4.38922e-08,22727272727.274323
bot2,1.9,1,4.38808e-08,-1.628e-11,-4.39056e-08,1.628e-11,4.38808e-08,12048192771.086042
bot2,2.0,1,4.39088e-08,-3.871e-11,-4.3861399999999993e-08,3.871e-11,4.39088e-08,3460207612.456625
bot2,2.1,1,4.39386e-08,-5.156e-11,-4.380839999999999e-08,5.156e-11,4.39386e-08,-7194244604.316273
bot2,2.2,1,4.3881e-08,-5.957000000000001e-11,-4.3901e-08,5.957000000000001e-11,4.3881e-08,-6451612903.225383
bot2,2.3000000000000003,1,4.39076e-08,-5.934e-11,-4.386419999999999e-08,5.934e-11,4.39076e-08,-58823529411.78952
bot2,2.4,1,4.38776e-08,-5.15e-11,-4.38378e-08,5.15e-11,4.38776e-08,1733102253.0329292
bot2,2.5,1,4.4023e-08,-4.333e-11,-4.39124e-08,4.333e-11,4.4023e-08,-18518518518.51569
bot2,2.6,1,4.38668e-08,-2.77e-11,-4.382859999999999e-08,2.77e-11,4.38668e-08,-935453695.0420952
bot2,2.7,1,4.38092e-08,2.08e-12,-4.38034e-08,2.08e-12,4.38092e-08,-5376344086.021535
bot2,2.8000000000000003,1,4.38296e-08,2.0200000000000007e-12,-4.38372e-08,2.0200000000000007e-12,4.38296e-08,6134969325.1528845
bot2,2.9,1,4.38418e-08,2.04e-12,-4.38348e-08,2.04e-12,4.38418e-08,3891050583.6575785
bot2,3.0,1,4.3881e-08,2.6600000000000004e-12,-4.3838e-08,2.6600000000000004e-12,4.3881e-08,5235602094.241617
bot2,3.1,1,4.387999999999999e-08,2.2000000000000002e-13,-4.3916e-08,2.2000000000000002e-13,4.387999999999999e-08,2785515320.334084
bot2,3.2,1,4.39528e-08,7.140000000000002e-12,-4.3947799999999993e-08,7.140000000000002e-12,4.39528e-08,1196172248.803817
bot2,3.3000000000000003,1,4.40472e-08,5.664e-11,-4.39552e-08,5.664e-11,4.40472e-08,2710027100.271231
bot2,3.4,1,4.402659999999999e-08,6.041e-11,-4.40416e-08,6.041e-11,4.402659999999999e-08,-15873015873.016191
bot2,3.5,1,4.40346e-08,5.843e-11,-4.40338e-08,5.843e-11,4.40346e-08,5347593582.88713
bot2,3.6,1,4.4064e-08,5.3220000000000005e-11,-4.40164e-08,5.3220000000000005e-11,4.4064e-08,-1730103806.228414
bot2,3.7,1,4.3919e-08,4.428e-11,-4.399379999999999e-08,4.428e-11,4.3919e-08,-9803921568.62843
bot2,3.8,1,4.40436e-08,1.4400000000000001e-12,-4.4112399999999993e-08,1.4400000000000001e-12,4.40436e-08,2380952380.952492
bot2,3.9,1,4.4003e-08,-1.18e-12,-4.40414e-08,1.18e-12,4.4003e-08,-1956947162.4265976
bot2,4.0,1,4.39414e-08,-2.31e-12,-4.398939999999999e-08,2.31e-12,4.39414e-08,1972386587.7711265
bot2,4.1,1,4.41044e-08,-1.51e-12,-4.4108e-08,1.51e-12,4.41044e-08,2012072434.6077504
bot2,4.2,1,4.404079999999999e-08,-2.6e-13,-4.4056e-08,2.6e-13,4.404079999999999e-08,-2923976608.1871595
bot2,4.3,1,4.4036e-08,-2.903e-11,-4.413159999999999e-08,2.903e-11,4.4036e-08,6097560975.609736
bot2,4.4,1,4.407359999999999e-08,-4.75e-11,-4.40794e-08,4.75e-11,4.407359999999999e-08,1960784313.7255583
bot2,4.5,1,4.4138e-08,-6.019e-11,-4.41526e-08,6.019e-11,4.4138e-08,4149377593.36051
bot2,4.6000000000000005,1,4.41218e-08,-6.002e-11,-4.40488e-08,6.002e-11,4.41218e-08,-2277904328.018321
bot2,4.7,1,4.40502e-08,-5.6720000000000005e-11,-4.40276e-08,5.6720000000000005e-11,4.40502e-08,10869565217.393797
bot2,4.8,1,4.41402e-08,-4.9870000000000005e-11,-4.40958e-08,4.9870000000000005e-11,4.41402e-08,2493765586.0350504
bot2,4.9,1,4.41304e-08,-3.769e-11,-4.40242e-08,3.769e-11,4.41304e-08,-1686340640.8094337
bot2,5.0,1,4.40216e-08,-1.3400000000000006e-12,-4.40684e-08,1.3400000000000006e-12,4.40216e-08,-919117647.0588176
bot2,0.0,2,2.2038e-10,8.100000000000001e-12,-1.1627e-10,8.100000000000001e-12,2.2038e-10,222985.5165109403
bot2,0.1,2,4.4868e-07,3.23e-12,-4.4818e-07,3.23e-12,4.4868e-07,239343.350985464
bot2,0.2,2,8.358399999999999e-07,-1.6700000000000006e-12,-8.3562e-07,1.6700000000000006e-12,8.358399999999999e-07,280143.43343792006
bot2,0.3,2,1.1626e-06,3.2600000000000002e-12,-1.1619e-06,3.2600000000000002e-12,1.1626e-06,332800.8519701809
bot2,0.4,2,1.4368000000000002e-06,1.8000000000000002e-12,-1.4377000000000002e-06,1.8000000000000002e-12,1.4368000000000002e-06,397851.6013526954
bot2,0.5,2,1.6653000000000002e-06,-1.5800000000000001e-12,-1.6658000000000002e-06,1.5800000000000001e-12,1.6653000000000002e-06,482975.1267809707
bot2,0.6,2,1.8509e-06,4.2960000000000006e-11,-1.8497000000000005e-06,4.2960000000000006e-11,1.8509e-06,600961.5384615383
bot2,0.7,2,1.9981000000000004e-06,-3.934e-11,-1.9989e-06,3.934e-11,1.9981000000000004e-06,759878.4194528877
bot2,0.8,2,2.1141e-06,-2.42e-12,-2.1142e-06,2.42e-12,2.1141e-06,997506.2344139648
bot2,0.9,2,2.1986000000000004e-06,6.45e-12,-2.2021e-06,6.45e-12,2.1986000000000004e-06,1314924.3918474668
bot2,1.0,2,2.2662000000000004e-06,-5.953e-11,-2.2656000000000004e-06,5.953e-11,2.2662000000000004e-06,1737619.461337968
bot2,1.1,2,2.3137000000000004e-06,4.72e-12,-2.3157e-06,4.72e-12,2.3137000000000004e-06,2386634.8448687363
bot2,1.2,2,2.3500000000000004e-06,1.6e-12,-2.3491e-06,1.6e-12,2.3500000000000004e-06,3508771.9298245576
bot2,1.3,2,2.3707000000000004e-06,-5.945e-11,-2.3736000000000004e-06,5.945e-11,2.3707000000000004e-06,4938271.604938292
bot2,1.4,2,2.3905e-06,2.156e-11,-2.3872e-06,2.156e-11,2.3905e-06,8196721.311475502
bot2,1.5,2,2.3951e-06,1.74e-12,-2.3981000000000004e-06,1.74e-12,2.3951e-06,13245033.112582712
bot2,1.6,2,2.4056000000000003e-06,-1.18e-12,-2.4053e-06,1.18e-12,2.4056000000000003e-06,31746031.74603042
bot2,1.7,2,2.4014000000000004e-06,4.923e-11,-2.4031000000000003e-06,4.923e-11,2.4014000000000004e-06,-181818181.81820312
bot2,1.8,2,2.4045000000000004e-06,2.120000000000001e-12,-2.4084e-06,2.120000000000001e-12,2.4045000000000004e-06,29411764.705883835
bot2,1.9,2,2.4082e-06,-3.1e-12,-2.4082e-06,3.1e-12,2.4082e-06,40816326.53061446
bot2,2.0,2,2.4094e-06,5.229e-11,-2.4113e-06,5.229e-11,2.4094e-06,86956521.73913187
bot2,2.1,2,2.4105e-06,4.800000000000001e-13,-2.4088e-06,4.800000000000001e-13,2.4105e-06,40816326.53061098
bot2,2.2,2,2.4143000000000003e-06,-1.9700000000000003e-12,-2.4136e-06,1.9700000000000003e-12,2.4143000000000003e-06,68965517.24137923
bot2,2.3000000000000003,2,2.4134e-06,5.976000000000001e-11,-2.4124000000000004e-06,5.976000000000001e-11,2.4134e-06,-142857142.85713193
bot2,2.4,2,2.4129e-06,-1.735e-11,-2.4121e-06,1.735e-11,2.4129e-06,57142857.14285623
bot2,2.5,2,2.4169e-06,-1.69e-12,-2.4171e-06,1.69e-12,2.4169e-06,27777777.777777348
bot2,2.6,2,2.4201000000000003e-06,1.466e-11,-2.4180000000000004e-06,1.466e-11,2.4201000000000003e-06,-66666666.66667113
bot2,2.7,2,2.4139000000000003e-06,-5.971e-11,-2.4132e-06,5.971e-11,2.4139000000000003e-06,-35714285.71428576
bot2,2.8000000000000003,2,2.4145000000000003e-06,-2.08e-12,-2.4141000000000003e-06,2.08e-12,2.4145000000000003e-06,-166666666.66665393
bot2,2.9,2,2.4127e-06,1.1000000000000002e-12,-2.414e-06,1.1000000000000002e-12,2.4127e-06,199999999.9999847
bot2,3.0,2,2.4155000000000004e-06,-5.560000000000001e-11,-2.4184000000000004e-06,5.560000000000001e-11,2.4155000000000004e-06,57142857.14285636
bot2,3.1,2,2.4162000000000003e-06,-6.000000000000003e-13,-2.4159000000000005e-06,6.000000000000003e-13,2.4162000000000003e-06,-105263157.89471728
bot2,3.2,2,2.4136e-06,7.200000000000003e-13,-2.4170000000000003e-06,7.200000000000003e-13,2.4136e-06,-66666666.66666172
bot2,3.3000000000000003,2,2.4132e-06,-4.086e-11,-2.4166000000000003e-06,4.086e-11,2.4132e-06,47619047.619043976
bot2,3.4,2,2.4178000000000004e-06,4.537e-11,-2.4142e-06,4.537e-11,2.4178000000000004e-06,27027027.027026508
bot2,3.5,2,2.4206e-06,1.64e-12,-2.4180000000000004e-06,1.64e-12,2.4206e-06,
bot2,3.6,2,2.4178000000000004e-06,-1.6e-12,-2.4205000000000004e-06,1.6e-12,2.4178000000000004e-06,-333333333.3333086
bot2,3.7,2,2.42e-06,6.068e-11,-2.4194e-06,6.068e-11,2.42e-06,999999999.9999256
bot2,3.8,2,2.4180000000000004e-06,-9.4e-12,-2.4170000000000003e-06,9.4e-12,2.4180000000000004e-06,-153846153.84616715
bot2,3.9,2,2.4187e-06,-2.8e-12,-2.4217e-06,2.8e-12,2.4187e-06,153846153.84616715
bot2,4.0,2,2.4193000000000003e-06,3.981e-11,-2.4182000000000004e-06,3.981e-11,2.4193000000000003e-06,124999999.99999043
bot2,4.1,2,2.4203000000000004e-06,-4.5110000000000006e-11,-2.4205000000000004e-06,4.5110000000000006e-11,2.4203000000000004e-06,153846153.84616747
bot2,4.2,2,2.4206e-06,-2.3000000000000003e-12,-2.4167e-06,2.3000000000000003e-12,2.4206e-06,55555555.555557966
bot2,4.3,2,2.4239e-06,9.8e-13,-2.4197000000000003e-06,9.8e-13,2.4239e-06,-333333333.3333086
bot2,4.4,2,2.42e-06,-3.8840000000000005e-11,-2.4211000000000004e-06,3.8840000000000005e-11,2.42e-06,-71428571.42857693
bot2,4.5,2,2.4211000000000004e-06,2.814e-11,-2.4202e-06,2.814e-11,2.4211000000000004e-06,
bot2,4.6000000000000005,2,2.42e-06,2.09e-12,-2.4195000000000003e-06,2.09e-12,2.42e-06,-249999999.99998143
bot2,4.7,2,2.4203000000000004e-06,-5.800000000000003e-13,-2.4215000000000004e-06,5.800000000000003e-13,2.4203000000000004e-06,30303030.303029865
bot2,4.8,2,2.4266e-06,6.055e-11,-2.4243e-06,6.055e-11,2.4266e-06,
bot2,4.9,2,2.4203000000000004e-06,-4.149e-11,-2.4235e-06,4.149e-11,2.4203000000000004e-06,-90909090.90910168
bot2,5.0,2,2.4244000000000005e-06,-2.75e-12,-2.4237e-06,2.75e-12,2.4244000000000005e-06,24390243.902438365
bot2,0.0,3,3.1639000000000003e-10,-2.36e-12,-3.3193e-10,2.36e-12,3.1639000000000003e-10,100795.92392572788
bot2,0.1,3,9.9242e-07,5.6760000000000006e-11,-9.9378e-07,5.6760000000000006e-11,9.9242e-07,103622.45395161925
bot2,0.2,3,1.9304e-06,2.75e-12,-1.9236e-06,2.75e-12,1.9304e-06,110406.96005476182
bot2,0.3,3,2.8039000000000004e-06,1.07e-12,-2.8116000000000003e-06,1.07e-12,2.8039000000000004e-06,117178.34544176234
bot2,0.4,3,3.637200000000001e-06,-1.69e-12,-3.631200000000001e-06,1.69e-12,3.637200000000001e-06,124890.72061945796
bot2,0.5,3,4.405300000000001e-06,5.3990000000000006e-11,-4.4081e-06,5.3990000000000006e-11,4.405300000000001e-06,133931.5609723431
bot2,0.6,3,5.1305e-06,-2.24e-11,-5.124600000000001e-06,2.24e-11,5.1305e-06,143554.40712029868
bot2,0.7,3,5.7985000000000005e-06,-1.2500000000000001e-12,-5.7938e-06,1.2500000000000001e-12,5.7985000000000005e-06,156408.85274106517
bot2,0.8,3,6.4092e-06,1.04e-12,-6.406200000000001e-06,1.04e-12,6.4092e-06,173325.24482190827
bot2,0.9,3,6.9524000000000006e-06,-6.096e-11,-6.946300000000001e-06,6.096e-11,6.9524000000000006e-06,190059.86885869043
bot2,1.0,3,7.4615e-06,1.011e-11,-7.472500000000002e-06,1.011e-11,7.4615e-06,204813.1080389144
bot2,1.1,3,7.928900000000001e-06,2.14e-12,-7.9324e-06,2.14e-12,7.928900000000001e-06,229121.31973880148
bot2,1.2,3,8.334400000000001e-06,-3.355e-11,-8.3378e-06,3.355e-11,8.334400000000001e-06,253164.5569620256
bot2,1.3,3,8.7189e-06,2.2480000000000003e-11,-8.716900000000001e-06,2.2480000000000003e-11,8.7189e-06,273972.6027397264
bot2,1.4,3,9.0644e-06,2.06e-12,-9.0582e-06,2.06e-12,9.0644e-06,316255.5344718527
bot2,1.5,3,9.3513e-06,-8.800000000000002e-13,-9.3482e-06,8.800000000000002e-13,9.3513e-06,378931.4134141718
bot2,1.6,3,9.5922e-06,5.772e-11,-9.5921e-06,5.772e-11,9.5922e-06,439463.8540980002
bot2,1.7,3,9.8064e-06,-2.16e-12,-9.8182e-06,2.16e-12,9.8064e-06,500625.7822277844
bot2,1.8,3,9.9917e-06,-1.0100000000000001e-12,-1.0010400000000002e-05,1.0100000000000001e-12,9.9917e-06,564652.7385657841
bot2,1.9,3,1.01606e-05,2.739e-11,-1.01659e-05,2.739e-11,1.01606e-05,670465.9738518265
bot2,2.0,3,1.029e-05,-5.3660000000000005e-11,-1.03015e-05,5.3660000000000005e-11,1.029e-05,796178.3439490435
bot2,2.1,3,1.04118e-05,-1.27e-12,-1.04062e-05,1.27e-12,1.04118e-05,926354.7938860632
bot2,2.2,3,1.05059e-05,3.87e-12,-1.04937e-05,3.87e-12,1.05059e-05,1196888.0909634924
bot2,2.3000000000000003,3,1.05789e-05,-6.108000000000001e-11,-1.0561300000000002e-05,6.108000000000001e-11,1.05789e-05,1696352.8413909925
bot2,2.4,3,1.0623800000000002e-05,-2.4300000000000003e-12,-1.06175e-05,2.4300000000000003e-12,1.0623800000000002e-05,2538071.0659898445
bot2,2.5,3,1.06577e-05,1.635e-11,-1.06736e-05,1.635e-11,1.06577e-05,2805049.088359096
bot2,2.6,3,1.06951e-05,-5.587e-11,-1.06948e-05,5.587e-11,1.06951e-05,3378378.378378418
bot2,2.7,3,1.07169e-05,1.152e-11,-1.07175e-05,1.152e-11,1.07169e-05,7092198.581560077
bot2,2.8000000000000003,3,1.07233e-05,2.51e-12,-1.07392e-05,2.51e-12,1.07233e-05,5899705.01474929
bot2,2.9,3,1.07508e-05,-8.23e-12,-1.0752900000000002e-05,8.23e-12,1.07508e-05,6578947.368420917
bot2,3.0,3,1.0753700000000002e-05,5.5550000000000005e-11,-1.07609e-05,5.5550000000000005e-11,1.0753700000000002e-05,3853564.547206147
bot2,3.1,3,1.08027e-05,-1.478e-11,-1.07793e-05,1.478e-11,1.08027e-05,7812500.000000453
bot2,3.2,3,1.07793e-05,-7.600000000000002e-13,-1.07703e-05,7.600000000000002e-13,1.07793e-05,-7604562.737642573
bot2,3.3000000000000003,3,1.07764e-05,6.028000000000001e-11,-1.07829e-05,6.028000000000001e-11,1.07764e-05,19417475.728154253
bot2,3.4,3,1.07896e-05,-1.697e-11,-1.07863e-05,1.697e-11,1.07896e-05,2547770.700636906
bot2,3.5,3,1.0854900000000002e-05,-2.500000000000001e-12,-1.07953e-05,2.500000000000001e-12,1.0854900000000002e-05,24691358.02468888
bot2,3.6,3,1.0797700000000002e-05,3.96e-12,-1.0800800000000002e-05,3.96e-12,1.0797700000000002e-05,-4555808.656036305
bot2,3.7,3,1.0811e-05,-6.01e-11,-1.08017e-05,6.01e-11,1.0811e-05,14285714.28571409
bot2,3.8,3,1.0811700000000002e-05,7.370000000000001e-12,-1.08172e-05,7.370000000000001e-12,1.0811700000000002e-05,13422818.791945854
bot2,3.9,3,1.08259e-05,2.16e-12,-1.08226e-05,2.16e-12,1.08259e-05,11904761.904762195
bot2,4.0,3,1.08285e-05,-1.337e-11,-1.0826300000000002e-05,1.337e-11,1.08285e-05,333333333.3335431
bot2,4.1,3,1.08265e-05,4.528e-11,-1.08307e-05,4.528e-11,1.08265e-05,55555555.5555645
bot2,4.2,3,1.08321e-05,2.7600000000000004e-12,-1.08422e-05,2.7600000000000004e-12,1.08321e-05,35087719.298241705
bot2,4.3,3,1.08322e-05,-1.6100000000000002e-12,-1.0836e-05,1.6100000000000002e-12,1.08322e-05,64516129.03225768
bot2,4.4,3,1.08352e-05,5.2540000000000007e-11,-1.08462e-05,5.2540000000000007e-11,1.08352e-05,7751937.98449593
bot2,4.5,3,1.0858000000000002e-05,-4.3000000000000004e-13,-1.0830900000000002e-05,4.3000000000000004e-13,1.0858000000000002e-05,-11904761.904762222
bot2,4.6000000000000005,3,1.08184e-05,-1.45e-12,-1.08272e-05,1.45e-12,1.08184e-05,-8474576.271186115
bot2,4.7,3,1.08344e-05,4.158e-11,-1.0877e-05,4.158e-11,1.08344e-05,6006006.006005954
bot2,4.8,3,1.08517e-05,-4.062e-11,-1.0864200000000002e-05,4.062e-11,1.08517e-05,4210526.315789405
bot2,4.9,3,1.0881900000000002e-05,-3.4700000000000004e-12,-1.0893e-05,3.4700000000000004e-12,1.0881900000000002e-05,3795066.4136622166
bot2,5.0,3,1.0904400000000002e-05,1.4200000000000002e-12,-1.09e-05,1.4200000000000002e-12,1.0904400000000002e-05,4444444.444444387
bot2,0.0,4,6.275e-10,6.071e-11,-5.2813e-10,6.071e-11,6.275e-10,67885.32132668284
bot2,0.1,4,1.4737000000000002e-06,-1.91e-12,-1.4787e-06,1.91e-12,1.4737000000000002e-06,68696.12184631132
bot2,0.2,4,2.912e-06,-2.18e-12,-2.9113000000000004e-06,2.18e-12,2.912e-06,70131.14524160179
bot2,0.3,4,4.3255e-06,1.9400000000000002e-12,-4.3229000000000006e-06,1.9400000000000002e-12,4.3255e-06,72270.00072270002
bot2,0.4,4,5.6794e-06,-6.038e-11,-5.682700000000001e-06,6.038e-11,5.6794e-06,73800.73800738006
bot2,0.5,4,7.035500000000001e-06,1.584e-11,-7.024400000000001e-06,1.584e-11,7.035500000000001e-06,75849.51456310679
bot2,0.6,4,8.3162e-06,5.4e-13,-8.3111e-06,5.4e-13,8.3162e-06,79327.30445819451
bot2,0.7,4,9.5567e-06,-5.572e-11,-9.5588e-06,5.572e-11,9.5567e-06,82396.07794668972
bot2,0.8,4,1.07435e-05,1.3590000000000002e-11,-1.07534e-05,1.3590000000000002e-11,1.07435e-05,86010.40725927836
bot2,0.9,4,1.1882e-05,-1.91e-12,-1.1936e-05,1.91e-12,1.1882e-05,89186.17614269789
bot2,1.0,4,1.2986e-05,1.1000000000000002e-12,-1.2986e-05,1.1000000000000002e-12,1.2986e-05,92850.51067780876
bot2,1.1,4,1.4036e-05,-1.1500000000000001e-12,-1.4026e-05,1.1500000000000001e-12,1.4036e-05,98814.22924901184
bot2,1.2,4,1.501e-05,8.77e-12,-1.5072e-05,8.77e-12,1.501e-05,105374.07797681772
bot2,1.3,4,1.5934e-05,-4.843e-11,-1.593e-05,4.843e-11,1.5934e-05,108459.8698481562
bot2,1.4,4,1.6854e-05,5.88e-11,-1.6818e-05,5.88e-11,1.6854e-05,115473.44110854504
bot2,1.5,4,1.7666e-05,-3.737e-11,-1.7628e-05,3.737e-11,1.7666e-05,125786.16352201256
bot2,1.6,4,1.8444e-05,-1.2000000000000001e-12,-1.8404e-05,1.2000000000000001e-12,1.8444e-05,137931.03448275846
bot2,1.7,4,1.9116e-05,1.5600000000000002e-12,-1.9138e-05,1.5600000000000002e-12,1.9116e-05,146198.83040935695
bot2,1.8,4,1.9812e-05,-3.2390000000000004e-11,-1.9862e-05,3.2390000000000004e-11,1.9812e-05,146842.87812041148
bot2,1.9,4,2.0478e-05,5.914e-11,-2.0462e-05,5.914e-11,2.0478e-05,171821.30584192422
bot2,2.0,4,2.0976e-05,-1.8330000000000003e-11,-2.0992e-05,1.8330000000000003e-11,2.0976e-05,188679.24528301883
bot2,2.1,4,2.1538e-05,-1.3900000000000001e-12,-2.154e-05,1.3900000000000001e-12,2.1538e-05,182815.3564899453
bot2,2.2,4,2.207e-05,1.46e-12,-2.2114e-05,1.46e-12,2.207e-05,195694.7162426613
bot2,2.3000000000000003,4,2.256e-05,-1.03e-12,-2.2504e-05,1.03e-12,2.256e-05,246305.41871921092
bot2,2.4,4,2.2882e-05,8.44e-12,-2.2946e-05,8.44e-12,2.2882e-05,267379.6791443846
bot2,2.5,4,2.3308e-05,-4.63e-11,-2.3298e-05,4.63e-11,2.3308e-05,261780.10471204275
bot2,2.6,4,2.3646e-05,3.3590000000000004e-11,-2.3666e-05,3.3590000000000004e-11,2.3646e-05,302114.8036253788
bot2,2.7,4,2.397e-05,-4.84e-12,-2.392e-05,4.84e-12,2.397e-05,383141.762452108
bot2,2.8000000000000003,4,2.4168e-05,-3.1e-12,-2.4168e-05,3.1e-12,2.4168e-05,515463.91752577206
bot2,2.9,4,2.4358e-05,7.400000000000002e-13,-2.4358e-05,7.400000000000002e-13,2.4358e-05,523560.2094240821
bot2,3.0,4,2.455e-05,-1.306e-11,-2.4576e-05,1.306e-11,2.455e-05,568181.8181818143
bot2,3.1,4,2.471e-05,5.8180000000000006e-11,-2.4726e-05,5.8180000000000006e-11,2.471e-05,746268.6567164144
bot2,3.2,4,2.4818e-05,-3.613e-11,-2.4794e-05,3.613e-11,2.4818e-05,813008.1300813104
bot2,3.3000000000000003,4,2.4956e-05,6.21e-12,-2.4992e-05,6.21e-12,2.4956e-05,751879.6992481177
bot2,3.4,4,2.5084e-05,1.8400000000000002e-12,-2.5030000000000003e-05,1.8400000000000002e-12,2.5084e-05,1098901.0989010814
bot2,3.5,4,2.5138e-05,-9.5e-13,-2.5162e-05,9.5e-13,2.5138e-05,1250000.000000013
bot2,3.6,4,2.5244e-05,3.2360000000000005e-11,-2.5252e-05,3.2360000000000005e-11,2.5244e-05,1098901.0989011042
bot2,3.7,4,2.532e-05,-5.934e-11,-2.5312e-05,5.934e-11,2.532e-05,6250000.0000001965
bot2,3.8,4,2.5276e-05,1.515e-11,-2.5322000000000003e-05,1.515e-11,2.5276e-05,1428571.4285714405
bot2,3.9,4,2.546e-05,1.8900000000000002e-12,-2.5434e-05,1.8900000000000002e-12,2.546e-05,1492537.3134328066
bot2,4.0,4,2.541e-05,-2.51e-12,-2.5418e-05,2.51e-12,2.541e-05,-12500000.000001691
bot2,4.1,4,2.5444e-05,1.03e-12,-2.543e-05,1.03e-12,2.5444e-05,2631578.947368519
bot2,4.2,4,2.5486e-05,-4.3210000000000005e-11,-2.547e-05,4.3210000000000005e-11,2.5486e-05,3448275.862069062
bot2,4.3,4,2.5502e-05,5.932000000000001e-11,-2.5478e-05,5.932000000000001e-11,2.5502e-05,49999999.99997512
bot2,4.4,4,2.549e-05,-1.143e-11,-2.5534e-05,1.143e-11,2.549e-05,3225806.451612884
bot2,4.5,4,2.5564e-05,-2.400000000000001e-12,-2.554e-05,2.400000000000001e-12,2.5564e-05,1162790.697674435
bot2,4.6000000000000005,4,2.5662e-05,1.8100000000000002e-12,-2.5664e-05,1.8100000000000002e-12,2.5662e-05,1265822.7848101207
bot2,4.7,4,2.5722e-05,-4.2450000000000006e-11,-2.5668e-05,4.2450000000000006e-11,2.5722e-05,7142857.142857012
bot2,4.8,4,2.569e-05,5.75e-11,-2.5696e-05,5.75e-11,2.569e-05,7142857.142857045
bot2,4.9,4,2.575e-05,-5.473e-11,-2.5762e-05,5.473e-11,2.575e-05,1612903.225806442
bot2,5.0,4,2.5814e-05,2.318e-11,-2.5822e-05,2.318e-11,2.5814e-05,1562500.0000000426
bot2,0.0,5,8.335e-10,3.0400000000000004e-12,-6.015e-10,3.0400000000000004e-12,8.335e-10,52466.81932762197
bot2,0.1,5,1.9068e-06,-1.152e-11,-1.8927e-06,1.152e-11,1.9068e-06,52850.40046730324
bot2,0.2,5,3.7851e-06,-1.55e-12,-3.771e-06,1.55e-12,3.7851e-06,53127.90543232833
bot2,0.3,5,5.6713e-06,5.932000000000001e-11,-5.661600000000001e-06,5.932000000000001e-11,5.6713e-06,53454.49685954832
bot2,0.4,5,7.526600000000002e-06,-1.907e-11,-7.512400000000002e-06,1.907e-11,7.526600000000002e-06,53866.250100999205
bot2,0.5,5,9.3842e-06,-2.03e-12,-9.3901e-06,2.03e-12,9.3842e-06,53883.66516690465
bot2,0.6,5,1.12383e-05,9.700000000000001e-13,-1.12446e-05,9.700000000000001e-13,1.12383e-05,55190.68381257248
bot2,0.7,5,1.3008e-05,2.5230000000000003e-11,-1.2992e-05,2.5230000000000003e-11,1.3008e-05,56438.18607669952
bot2,0.8,5,1.4782e-05,-6.039000000000001e-11,-1.4812e-05,6.039000000000001e-11,1.4782e-05,56465.273856578206
bot2,0.9,5,1.655e-05,4.476e-11,-1.655e-05,4.476e-11,1.655e-05,58038.30528148573
bot2,1.0,5,1.8228e-05,-1.133e-11,-1.8214e-05,1.133e-11,1.8228e-05,60096.153846153815
bot2,1.1,5,1.9878e-05,-1.6300000000000001e-12,-1.9832e-05,1.6300000000000001e-12,1.9878e-05,62266.50062266501
bot2,1.2,5,2.144e-05,2.52e-12,-2.1448e-05,2.52e-12,2.144e-05,64020.48655569783
bot2,1.3,5,2.3002e-05,-3.1000000000000004e-13,-2.2908e-05,3.1000000000000004e-13,2.3002e-05,67385.44474393538
bot2,1.4,5,2.4408e-05,4.760000000000001e-12,-2.4416e-05,4.760000000000001e-12,2.4408e-05,68728.52233676972
bot2,1.5,5,2.5912e-05,-4.1830000000000006e-11,-2.5904e-05,4.1830000000000006e-11,2.5912e-05,70077.08479327259
bot2,1.6,5,2.7262e-05,5.997e-11,-2.7206e-05,5.997e-11,2.7262e-05,74850.29940119766
bot2,1.7,5,2.8584e-05,-1.219e-11,-2.8454e-05,1.219e-11,2.8584e-05,79999.99999999999
bot2,1.8,5,2.9762e-05,-1.6e-12,-2.9652e-05,1.6e-12,2.9762e-05,84745.76271186445
bot2,1.9,5,3.0944e-05,1.83e-12,-3.096e-05,1.83e-12,3.0944e-05,85763.2933104631
bot2,2.0,5,3.2094e-05,-2.67e-11,-3.215e-05,2.67e-11,3.2094e-05,88809.94671403203
bot2,2.1,5,3.3196e-05,5.117e-11,-3.3164e-05,5.117e-11,3.3196e-05,93984.96240601524
bot2,2.2,5,3.4222e-05,-1.499e-11,-3.4224e-05,1.499e-11,3.4222e-05,97751.71065493653
bot2,2.3000000000000003,5,3.5242e-05,-1.41e-12,-3.5202e-05,1.41e-12,3.5242e-05,103519.66873705984
bot2,2.4,5,3.6154e-05,2.5300000000000003e-12,-3.6098e-05,2.5300000000000003e-12,3.6154e-05,112612.61261261217
bot2,2.5,5,3.7018e-05,-3.25e-12,-3.7014e-05,3.25e-12,3.7018e-05,119047.61904761883
bot2,2.6,5,3.7834e-05,3.2360000000000005e-11,-3.7844e-05,3.2360000000000005e-11,3.7834e-05,129701.68612191972
bot2,2.7,5,3.856e-05,-6.039000000000001e-11,-3.8652e-05,6.039000000000001e-11,3.856e-05,122100.1221001222
bot2,2.8000000000000003,5,3.9472e-05,5.336e-11,-3.9578e-05,5.336e-11,3.9472e-05,120772.94685990328
bot2,2.9,5,4.0216e-05,-1.6430000000000002e-11,-4.0136e-05,1.6430000000000002e-11,4.0216e-05,137362.63736263773
bot2,3.0,5,4.0928e-05,-6.900000000000001e-13,-4.0922e-05,6.900000000000001e-13,4.0928e-05,154798.7616099072
bot2,3.1,5,4.1508e-05,1.18e-12,-4.1492e-05,1.18e-12,4.1508e-05,165289.25619834676
bot2,3.2,5,4.2138e-05,-2.01e-12,-4.2012e-05,2.01e-12,4.2138e-05,174825.1748251748
bot2,3.3000000000000003,5,4.2652e-05,5.1370000000000006e-11,-4.264e-05,5.1370000000000006e-11,4.2652e-05,293255.1319648099
bot2,3.4,5,4.282e-05,-5.897e-11,-4.2956e-05,5.897e-11,4.282e-05,290697.67441860534
bot2,3.5,5,4.334e-05,3.431e-11,-4.326e-05,3.431e-11,4.334e-05,403225.80645161046
bot2,3.6,5,4.3316e-05,1.0600000000000001e-12,-4.4136e-05,1.0600000000000001e-12,4.3316e-05,176056.3380281696
bot2,3.7,5,4.4476e-05,-1.41e-12,-4.4484e-05,1.41e-12,4.4476e-05,120918.98428053204
bot2,3.8,5,4.4970000000000005e-05,9.9e-13,-4.4862e-05,9.9e-13,4.4970000000000005e-05,370370.3703703664
bot2,3.9,5,4.5016e-05,-8.16e-12,-4.5026e-05,8.16e-12,4.5016e-05,568181.8181818185
bot2,4.0,5,4.5322e-05,5.005e-11,-4.5278e-05,5.005e-11,4.5322e-05,320512.8205128204
bot2,4.1,5,4.564e-05,-5.936e-11,-4.5684e-05,5.936e-11,4.564e-05,374531.8352059937
bot2,4.2,5,4.5856e-05,4.16e-11,-4.5786e-05,4.16e-11,4.5856e-05,564971.7514124347
bot2,4.3,5,4.5994e-05,-1.07e-12,-4.5934e-05,1.07e-12,4.5994e-05,833333.3333333421
bot2,4.4,5,4.6096e-05,-2.24e-12,-4.6030000000000005e-05,2.24e-12,4.6096e-05,833333.3333333184
bot2,4.5,5,4.6234000000000005e-05,1.8000000000000007e-13,-4.5814e-05,1.8000000000000007e-13,4.6234000000000005e-05,1724137.9310344304
bot2,4.6000000000000005,5,4.6212e-05,-8.800000000000001e-12,-4.6116e-05,8.800000000000001e-12,4.6212e-05,-24999999.99998756
bot2,4.7,5,4.6226e-05,5.0500000000000007e-11,-4.6128e-05,5.0500000000000007e-11,4.6226e-05,-2564102.5641025016
bot2,4.8,5,4.6134e-05,-3.409e-11,-4.622e-05,3.409e-11,4.6134e-05,6249999.999999536
bot2,4.9,5,4.6258e-05,-2.39e-12,-4.5948e-05,2.39e-12,4.6258e-05,-11111111.111111855
bot2,5.0,5,4.6116e-05,1.4800000000000006e-12,-4.6136e-05,1.4800000000000006e-12,4.6116e-05,-704225.3521126752
top1,0.0,-5,-4.2002e-12,3.8370000000000006e-11,-1.808e-11,3.8370000000000006e-11,4.2002e-12,37741545893.71981
top1,0.1,-5,-1.5506e-12,1.85e-12,-8.2e-13,1.85e-12,1.5506e-12,61595318755.77457
top1,0.2,-5,-9.532e-13,1.51e-12,-1.4300000000000002e-12,1.51e-12,9.532e-13,157381177211.20557
top1,0.3,-5,-2.798e-13,4.500000000000001e-13,-1.78e-12,4.500000000000001e-13,2.798e-13,139353400222.96545
top1,0.4,-5,4.82e-13,-5.1e-13,-2.62e-12,5.1e-13,4.82e-13,137532664007.70184
top1,0.5,-5,1.1744e-12,-4.240000000000001e-12,-2.69e-12,4.240000000000001e-12,1.1744e-12,149409831166.89072
top1,0.6,-5,1.8206e-12,-9.590000000000004e-12,-4.610000000000001e-12,9.590000000000004e-12,1.8206e-12,178126113288.2081
top1,0.7,-5,2.2972e-12,-1.611e-11,-5.63e-12,1.611e-11,2.2972e-12,198059021588.4334
top1,0.8,-5,2.8304e-12,-2.4340000000000003e-11,-7.27e-12,2.4340000000000003e-11,2.8304e-12,220994475138.12152
top1,0.9,-5,3.2022e-12,-3.4400000000000005e-11,-9.26e-12,3.4400000000000005e-11,3.2022e-12,261369576581.286
top1,1.0,-5,3.5956e-12,-4.155e-11,-1.226e-11,4.155e-11,3.5956e-12,298062593144.5604
top1,1.1,-5,3.8732e-12,-4.661e-11,-1.5e-11,4.661e-11,3.8732e-12,509683995922.52814
top1,1.2,-5,3.988e-12,-4.739e-11,-1.763e-11,4.739e-11,3.988e-12,888888888888.8905
top1,1.3,-5,4.0982e-12,-4.9260000000000006e-11,-2.123e-11,4.9260000000000006e-11,4.0982e-12,857632933104.631
top1,1.4,-5,4.2212e-12,-5.0600000000000005e-11,-2.529e-11,5.0600000000000005e-11,4.2212e-12,-22934201775.10721
top1,1.5,-5,-4.6224e-12,2.672e-11,4.124e-11,2.672e-11,4.6224e-12,298685782556.75006
top1,1.6,-5,4.8908e-12,-3.5e-13,-3.9100000000000006e-11,3.5e-13,4.8908e-12,27128207910.58541
top1,1.7,-5,2.75e-12,-1.93e-12,-3.4500000000000004e-12,1.93e-12,2.75e-12,-42789901583.22633
top1,1.8,-5,2.168e-13,-7.700000000000002e-13,-2.4300000000000003e-12,7.700000000000002e-13,2.168e-13,-106734977051.98004
top1,1.9,-5,8.761999999999999e-13,-3.02e-12,-3.13e-12,3.02e-12,8.761999999999999e-13,129718510831.49564
top1,2.0,-5,1.7586e-12,-9.77e-12,-4.660000000000001e-12,9.77e-12,1.7586e-12,123885034687.80968
top1,2.1,-5,2.4906e-12,-1.75e-11,-6.25e-12,1.75e-11,2.4906e-12,174489617867.73703
top1,2.2,-5,2.9048e-12,-2.7400000000000004e-11,-7.690000000000001e-12,2.7400000000000004e-11,2.9048e-12,249687890137.32852
top1,2.3000000000000003,-5,3.2916e-12,-3.517e-11,-9.52e-12,3.517e-11,3.2916e-12,306091215182.12384
top1,2.4,-5,3.5582e-12,-4.108e-11,-1.222e-11,4.108e-11,3.5582e-12,386249517188.10266
top1,2.5,-5,3.8094e-12,-4.523e-11,-1.506e-11,4.523e-11,3.8094e-12,424448217317.4877
top1,2.6,-5,4.0294e-12,-4.9510000000000005e-11,-2.0640000000000003e-11,4.9510000000000005e-11,4.0294e-12,523012552301.25616
top1,2.7,-5,4.1918e-12,-5.0460000000000006e-11,-2.3940000000000003e-11,5.0460000000000006e-11,4.1918e-12,721500721500.721
top1,2.8000000000000003,-5,4.3066e-12,-4.891e-11,-2.997e-11,4.891e-11,4.3066e-12,-22350364310.93824
top1,2.9,-5,-4.7566e-12,1.773e-11,4.2590000000000005e-11,1.773e-11,4.7566e-12,-23504524620.98951
top1,3.0,-5,-4.2024e-12,1.4200000000000002e-12,1.823e-11,1.4200000000000002e-12,4.2024e-12,30250778957.558186
top1,3.1,-5,1.8548e-12,-2.44e-12,4.800000000000001e-13,2.44e-12,1.8548e-12,37880222735.70972
top1,3.2,-5,1.0774e-12,-1.8100000000000002e-12,1.2400000000000002e-12,1.8100000000000002e-12,1.0774e-12,-114534417592.48663
top1,3.3000000000000003,-5,1.086e-13,-2.3000000000000013e-13,1.83e-12,2.3000000000000013e-13,1.086e-13,-120177863237.59146
top1,3.4,-5,-5.868e-13,9.8e-13,2.87e-12,9.8e-13,5.868e-13,-156568028808.5171
top1,3.5,-5,-1.1688e-12,4.73e-12,3.4100000000000002e-12,4.73e-12,1.1688e-12,-177872643187.47794
top1,3.6,-5,-1.7112e-12,8.600000000000001e-12,4.050000000000001e-12,8.600000000000001e-12,1.7112e-12,-224769611148.57288
top1,3.7,-5,-2.0586e-12,1.499e-11,5.55e-12,1.499e-11,2.0586e-12,-242718446601.942
top1,3.8,-5,-2.5352e-12,2.484e-11,7.1300000000000005e-12,2.484e-11,2.5352e-12,-217296827466.3187
top1,3.9,-5,-2.979e-12,3.278e-11,9.16e-12,3.278e-11,2.979e-12,-259875259875.2596
top1,4.0,-5,-3.3048e-12,4.0150000000000005e-11,1.122e-11,4.0150000000000005e-11,3.3048e-12,-342935528120.7129
top1,4.1,-5,-3.5622e-12,4.548e-11,1.434e-11,4.548e-11,3.5622e-12,-459136822773.18695
top1,4.2,-5,-3.7404e-12,4.8020000000000006e-11,1.8310000000000003e-11,4.8020000000000006e-11,3.7404e-12,-664893617021.277
top1,4.3,-5,-3.863e-12,5.003e-11,2.367e-11,5.003e-11,3.863e-12,-1189060642092.7476
top1,4.4,-5,-3.9086e-12,5.0350000000000006e-11,2.835e-11,5.0350000000000006e-11,3.9086e-12,22278165170.3166
top1,4.5,-5,5.1144e-12,-2.144e-11,-4.268e-11,2.144e-11,5.1144e-12,-422654268808.1153
top1,4.6000000000000005,-5,-4.3818e-12,5.7e-13,3.689e-11,5.7e-13,4.3818e-12,-28054425585.63616
top1,4.7,-5,-2.0146e-12,1.3500000000000001e-12,1.98e-12,1.3500000000000001e-12,2.0146e-12,43685291162.46544
top1,4.8,-5,1.964e-13,6.000000000000001e-14,2.120000000000001e-12,6.000000000000001e-14,1.964e-13,116658889407.37294
top1,4.9,-5,-3.002e-13,3.110000000000001e-12,2.9100000000000003e-12,3.110000000000001e-12,3.002e-13,-172681747539.28525
top1,5.0,-5,-9.618e-13,7.580000000000001e-12,4.140000000000001e-12,7.580000000000001e-12,9.618e-13,-151148730350.66452
top1,0.0,-4,-4.3952e-12,3.522e-11,3.729e-11,3.522e-11,4.3952e-12,10803802938.6344
top1,0.1,-4,4.8608e-12,-1.4800000000000006e-12,-4.04e-11,1.4800000000000006e-12,4.8608e-12,26906312220.84701
top1,0.2,-4,3.038e-12,-1.5e-12,-5.780000000000001e-12,1.5e-12,3.038e-12,-38896884359.5628
top1,0.3,-4,-2.81e-13,1.3400000000000006e-12,-2.28e-12,1.3400000000000006e-12,2.81e-13,-77285725326.5322
top1,0.4,-4,4.502e-13,-1.9200000000000003e-12,-2.960000000000001e-12,1.9200000000000003e-12,4.502e-13,146778218112.43213
top1,0.5,-4,1.0816e-12,-5.120000000000001e-12,-3.540000000000001e-12,5.120000000000001e-12,1.0816e-12,155134967421.6568
top1,0.6,-4,1.7394e-12,-9.9e-12,-4.810000000000001e-12,9.9e-12,1.7394e-12,153280196198.65118
top1,0.7,-4,2.3864e-12,-1.7050000000000002e-11,-5.710000000000001e-12,1.7050000000000002e-11,2.3864e-12,193986420950.5336
top1,0.8,-4,2.7704e-12,-2.4100000000000003e-11,-6.76e-12,2.4100000000000003e-11,2.7704e-12,253356979984.79852
top1,0.9,-4,3.1758e-12,-3.0240000000000004e-11,-8.41e-12,3.0240000000000004e-11,3.1758e-12,265463233342.18204
top1,1.0,-4,3.5238e-12,-3.883e-11,-1.107e-11,3.883e-11,3.5238e-12,322061191626.409
top1,1.1,-4,3.7968e-12,-4.362e-11,-1.408e-11,4.362e-11,3.7968e-12,501002004008.01575
top1,1.2,-4,3.923e-12,-4.7550000000000006e-11,-1.772e-11,4.7550000000000006e-11,3.923e-12,659195781147.0012
top1,1.3,-4,4.1002e-12,-4.9220000000000006e-11,-2.165e-11,4.9220000000000006e-11,4.1002e-12,634517766497.4623
top1,1.4,-4,4.2382e-12,-4.9220000000000006e-11,-2.6320000000000003e-11,4.9220000000000006e-11,4.2382e-12,-22884342532.83903
top1,1.5,-4,-4.6394e-12,2.555e-11,4.1e-11,2.555e-11,4.6394e-12,320821302534.4882
top1,1.6,-4,4.8616e-12,-6.200000000000001e-13,-3.778e-11,6.200000000000001e-13,4.8616e-12,27821054974.40462
top1,1.7,-4,2.5494e-12,-2.120000000000001e-12,-3.2400000000000007e-12,2.120000000000001e-12,2.5494e-12,-41101520756.26797
top1,1.8,-4,-4.4e-15,3.6000000000000013e-13,-2.59e-12,3.6000000000000013e-13,4.4e-15,-101132686084.14249
top1,1.9,-4,5.718e-13,-2.54e-12,-2.8800000000000002e-12,2.54e-12,5.718e-13,161498708010.33588
top1,2.0,-4,1.234e-12,-5.89e-12,-3.96e-12,5.89e-12,1.234e-12,148632580261.59332
top1,2.1,-4,1.9174e-12,-1.118e-11,-4.74e-12,1.118e-11,1.9174e-12,159083678014.63583
top1,2.2,-4,2.4912e-12,-1.916e-11,-6.080000000000001e-12,1.916e-11,2.4912e-12,197394393999.21057
top1,2.3000000000000003,-4,2.9306e-12,-2.61e-11,-7.42e-12,2.61e-11,2.9306e-12,257334019557.3852
top1,2.4,-4,3.2684e-12,-3.445e-11,-9.65e-12,3.445e-11,3.2684e-12,281928390188.89166
top1,2.5,-4,3.64e-12,-4.271e-11,-1.334e-11,4.271e-11,3.64e-12,315457413249.2117
top1,2.6,-4,3.9024e-12,-4.721e-11,-1.65e-11,4.721e-11,3.9024e-12,457665903890.1608
top1,2.7,-4,4.077e-12,-4.775e-11,-2.007e-11,4.775e-11,4.077e-12,580383052814.8584
top1,2.8000000000000003,-4,4.247e-12,-4.978e-11,-2.4900000000000003e-11,4.978e-11,4.247e-12,-22692717906.82367
top1,2.9,-4,-4.7364e-12,2.779e-11,4.0080000000000005e-11,2.779e-11,4.7364e-12,302571860816.9437
top1,3.0,-4,4.908e-12,-1.22e-12,-3.989e-11,1.22e-12,4.908e-12,26333807341.86551
top1,3.1,-4,2.8584e-12,-2.21e-12,-5.3600000000000006e-12,2.21e-12,2.8584e-12,-39712481632.97728
top1,3.2,-4,-1.282e-13,4.1e-13,-2.4300000000000003e-12,4.1e-13,1.282e-13,-91041514930.80852
top1,3.3000000000000003,-4,6.616e-13,-2.1700000000000002e-12,-3.210000000000001e-12,2.1700000000000002e-12,6.616e-13,123716441915.13036
top1,3.4,-4,1.4884e-12,-7.83e-12,-4.340000000000001e-12,7.83e-12,1.4884e-12,129903871135.35968
top1,3.5,-4,2.2012e-12,-1.593e-11,-5.620000000000001e-12,1.593e-11,2.2012e-12,141743444365.6982
top1,3.6,-4,2.8994e-12,-2.559e-11,-7.63e-12,2.559e-11,2.8994e-12,175039383861.36896
top1,3.7,-4,3.3438e-12,-3.499e-11,-1.009e-11,3.499e-11,3.3438e-12,237135404315.86465
top1,3.8,-4,3.7428e-12,-4.3870000000000006e-11,-1.361e-11,4.3870000000000006e-11,3.7428e-12,339213025780.18933
top1,3.9,-4,3.9334e-12,-4.698e-11,-1.6690000000000003e-11,4.698e-11,3.9334e-12,758725341426.4032
top1,4.0,-4,4.0064e-12,-4.9360000000000005e-11,-2.124e-11,4.9360000000000005e-11,4.0064e-12,665335994677.3118
top1,4.1,-4,4.234e-12,-4.9800000000000005e-11,-2.6850000000000003e-11,4.9800000000000005e-11,4.234e-12,-22953152615.51176
top1,4.2,-4,-4.707e-12,2.4940000000000003e-11,4.1500000000000005e-11,2.4940000000000003e-11,4.707e-12,272776868521.5496
top1,4.3,-4,4.9672e-12,-6.500000000000003e-13,-3.8950000000000005e-11,6.500000000000003e-13,4.9672e-12,27557319223.98592
top1,4.4,-4,2.5506e-12,-2.1500000000000003e-12,-2.780000000000001e-12,2.1500000000000003e-12,2.5506e-12,-46044755502.34832
top1,4.5,-4,6.236e-13,-1.3500000000000001e-12,-2.8900000000000004e-12,1.3500000000000001e-12,6.236e-13,-164311534669.73395
top1,4.6000000000000005,-4,1.3334e-12,-3.58e-12,-3.840000000000001e-12,3.58e-12,1.3334e-12,144341801385.68143
top1,4.7,-4,2.0092e-12,-1.2870000000000002e-11,-5.04e-12,1.2870000000000002e-11,2.0092e-12,161264312207.7079
top1,4.8,-4,2.5736e-12,-2.127e-11,-6.5e-12,2.127e-11,2.5736e-12,201612903225.80667
top1,4.9,-4,3.0012e-12,-3.029e-11,-8.370000000000003e-12,3.029e-11,3.0012e-12,230680507497.11664
top1,5.0,-4,3.4406e-12,-3.809e-11,-1.048e-11,3.809e-11,3.4406e-12,227583067819.75323
top1,0.0,-3,-4.911e-12,9.9e-13,3.0640000000000004e-11,9.9e-13,4.911e-12,12815583749.839806
top1,0.1,-3,2.892e-12,-2.3800000000000004e-12,-5.24e-12,2.3800000000000004e-12,2.892e-12,41933995890.46841
top1,0.2,-3,-1.416e-13,7.200000000000003e-13,-2.01e-12,7.200000000000003e-13,1.416e-13,-87070091423.596
top1,0.3,-3,5.95e-13,-1.9e-12,-2.74e-12,1.9e-12,5.95e-13,123122383649.34747
top1,0.4,-3,1.4828e-12,-6.570000000000001e-12,-4.340000000000001e-12,6.570000000000001e-12,1.4828e-12,129567245400.3628
top1,0.5,-3,2.1386e-12,-1.553e-11,-5.43e-12,1.553e-11,2.1386e-12,170183798502.38254
top1,0.6,-3,2.658e-12,-2.0880000000000003e-11,-6.51e-12,2.0880000000000003e-11,2.658e-12,228832951945.0801
top1,0.7,-3,3.0126e-12,-3.012e-11,-8.22e-12,3.012e-11,3.0126e-12,233644859813.0842
top1,0.8,-3,3.514e-12,-3.909e-11,-1.109e-11,3.909e-11,3.514e-12,247035573122.5297
top1,0.9,-3,3.8222e-12,-4.568e-11,-1.484e-11,4.568e-11,3.8222e-12,378787878787.8786
top1,1.0,-3,4.042e-12,-4.91e-11,-1.988e-11,4.91e-11,4.042e-12,513347022587.26825
top1,1.1,-3,4.2118e-12,-5.054e-11,-2.526e-11,5.054e-11,4.2118e-12,-22903735599.27624
top1,1.2,-3,-4.6902e-12,2.4430000000000003e-11,4.109e-11,2.4430000000000003e-11,4.6902e-12,-23159942563.34244
top1,1.3,-3,-4.4238e-12,1.7200000000000001e-12,2.2880000000000003e-11,1.7200000000000001e-12,4.4238e-12,28542885685.74285
top1,1.4,-3,2.3168e-12,-9.9e-13,-1.3800000000000002e-12,9.9e-13,2.3168e-12,33326667999.733376
top1,1.5,-3,1.5774e-12,-1.95e-12,9.000000000000001e-13,1.95e-12,1.5774e-12,-110840168477.05608
top1,1.6,-3,5.124e-13,-1.78e-12,1.5700000000000002e-12,1.78e-12,5.124e-13,-114573785517.87347
top1,1.7,-3,-1.682e-13,1.7200000000000001e-12,2.01e-12,1.7200000000000001e-12,1.682e-13,-126678489992.39926
top1,1.8,-3,-1.0664e-12,2.9300000000000002e-12,3.5200000000000003e-12,2.9300000000000002e-12,1.0664e-12,-138715494520.7381
top1,1.9,-3,-1.61e-12,8.63e-12,3.9300000000000004e-12,8.63e-12,1.61e-12,-177022481855.1956
top1,2.0,-3,-2.1962e-12,1.5380000000000003e-11,5.150000000000001e-12,1.5380000000000003e-11,2.1962e-12,-183654729109.27448
top1,2.1,-3,-2.699e-12,2.362e-11,7.12e-12,2.362e-11,2.699e-12,-212449543233.48224
top1,2.2,-3,-3.1376e-12,3.1840000000000003e-11,8.46e-12,3.1840000000000003e-11,3.1376e-12,-237135404315.86465
top1,2.3000000000000003,-3,-3.5424e-12,4.061e-11,1.13e-11,4.061e-11,3.5424e-12,-278318953520.7345
top1,2.4,-3,-3.8562e-12,4.53e-11,1.445e-11,4.53e-11,3.8562e-12,-422119037568.59393
top1,2.5,-3,-4.0162e-12,4.7840000000000006e-11,1.739e-11,4.7840000000000006e-11,4.0162e-12,-900090009000.8994
top1,2.6,-3,-4.0784e-12,4.8600000000000005e-11,2.107e-11,4.8600000000000005e-11,4.0784e-12,-1468428781204.111
top1,2.7,-3,-4.1524e-12,5.045e-11,2.4830000000000003e-11,5.045e-11,4.1524e-12,22978997196.562363
top1,2.8000000000000003,-3,4.6252e-12,-2.619e-11,-4.1760000000000006e-11,2.619e-11,4.6252e-12,-264340470526.0371
top1,2.9,-3,-4.909e-12,1.37e-12,3.891e-11,1.37e-12,4.909e-12,-26626903823.62336
top1,3.0,-3,-2.886e-12,1.6100000000000002e-12,3.35e-12,1.6100000000000002e-12,2.886e-12,40330711837.06396
top1,3.1,-3,5e-14,-2.4000000000000004e-13,1.85e-12,2.4000000000000004e-13,5e-14,86051114361.93106
top1,3.2,-3,-5.618e-13,2.1000000000000003e-12,2.11e-12,2.1000000000000003e-12,5.618e-13,-176553672316.38434
top1,3.3000000000000003,-3,-1.0828e-12,4.290000000000001e-12,2.9300000000000002e-12,4.290000000000001e-12,1.0828e-12,-173973556019.48483
top1,3.4,-3,-1.7114e-12,9.54e-12,4.07e-12,9.54e-12,1.7114e-12,-181455271275.6303
top1,3.5,-3,-2.185e-12,1.5430000000000002e-11,5.680000000000001e-12,1.5430000000000002e-11,2.185e-12,-206270627062.70645
top1,3.6,-3,-2.681e-12,2.255e-11,6.530000000000002e-12,2.255e-11,2.681e-12,-222074172773.7066
top1,3.7,-3,-3.0856e-12,3.1230000000000005e-11,8.36e-12,3.1230000000000005e-11,3.0856e-12,-255558395093.27908
top1,3.8,-3,-3.4636e-12,3.8370000000000006e-11,1.04e-11,3.8370000000000006e-11,3.4636e-12,-273597811217.51004
top1,3.9,-3,-3.8166e-12,4.462e-11,1.437e-11,4.462e-11,3.8166e-12,-384467512495.1936
top1,4.0,-3,-3.9838e-12,4.8090000000000005e-11,1.703e-11,4.8090000000000005e-11,3.9838e-12,-761614623000.7601
top1,4.1,-3,-4.0792e-12,4.9400000000000005e-11,2.06e-11,4.9400000000000005e-11,4.0792e-12,-961538461538.4628
top1,4.2,-3,-4.1918e-12,5.001e-11,2.439e-11,5.001e-11,4.1918e-12,-1075268817204.3008
top1,4.3,-3,-4.2652e-12,5.004e-11,2.8000000000000003e-11,5.004e-11,4.2652e-12,22487069934.78752
top1,4.4,-3,4.7022e-12,-2.289e-11,-4.199e-11,2.289e-11,4.7022e-12,-300210147102.9725
top1,4.5,-3,-4.9314e-12,1.88e-12,3.834e-11,1.88e-12,4.9314e-12,-27428822206.374485
top1,4.6000000000000005,-3,-2.5894e-12,1.6700000000000006e-12,3.3e-12,1.6700000000000006e-12,2.5894e-12,41567942802.510735
top1,4.7,-3,-1.2e-13,2.7e-13,1.7000000000000002e-12,2.7e-13,1.2e-13,112866817155.75584
top1,4.8,-3,-8.174e-13,3.160000000000001e-12,2.72e-12,3.160000000000001e-12,8.174e-13,-152230172020.0945
top1,4.9,-3,-1.4338e-12,6.470000000000001e-12,3.76e-12,6.470000000000001e-12,1.4338e-12,-157183275699.46576
top1,5.0,-3,-2.0898e-12,1.5210000000000002e-11,4.950000000000001e-12,1.5210000000000002e-11,2.0898e-12,-152439024390.2434
top1,0.0,-2,-4.3656e-12,3.9790000000000006e-11,3.547e-11,3.9790000000000006e-11,4.3656e-12,10808707494.757778
top1,0.1,-2,4.8862e-12,-4.150000000000001e-12,-4.2120000000000006e-11,4.150000000000001e-12,4.8862e-12,25055749041.617603
top1,0.2,-2,3.6166e-12,-1.7500000000000002e-12,-1.138e-11,1.7500000000000002e-12,3.6166e-12,-32654127481.713688
top1,0.3,-2,-1.2386e-12,9.000000000000001e-13,-1.4900000000000001e-12,9.000000000000001e-13,1.2386e-12,-49590875278.948685
top1,0.4,-2,-4.164e-13,1.22e-12,-1.9e-12,1.22e-12,4.164e-13,159591445898.49985
top1,0.5,-2,1.46e-14,7.400000000000002e-13,-2.3300000000000004e-12,7.400000000000002e-13,1.46e-14,188714851858.84125
top1,0.6,-2,6.434e-13,-1.65e-12,-2.780000000000001e-12,1.65e-12,6.434e-13,157803376992.26767
top1,0.7,-2,1.282e-12,-5.75e-12,-3.640000000000001e-12,5.75e-12,1.282e-12,153988296889.43643
top1,0.8,-2,1.9422e-12,-1.1150000000000002e-11,-4.810000000000001e-12,1.1150000000000002e-11,1.9422e-12,183318056828.5976
top1,0.9,-2,2.373e-12,-1.7870000000000002e-11,-5.55e-12,1.7870000000000002e-11,2.373e-12,233154581487.52625
top1,1.0,-2,2.8e-12,-2.307e-11,-7.240000000000001e-12,2.307e-11,2.8e-12,271812992661.04932
top1,1.1,-2,3.1088e-12,-3.1370000000000004e-11,-9.01e-12,3.1370000000000004e-11,3.1088e-12,326690623979.0916
top1,1.2,-2,3.4122e-12,-3.776e-11,-1.1150000000000002e-11,3.776e-11,3.4122e-12,363372093023.2559
top1,1.3,-2,3.6592e-12,-4.2810000000000005e-11,-1.347e-11,4.2810000000000005e-11,3.6592e-12,424989375265.6192
top1,1.4,-2,3.8828e-12,-4.7150000000000006e-11,-1.621e-11,4.7150000000000006e-11,3.8828e-12,449842555105.71295
top1,1.5,-2,4.1038e-12,-4.858e-11,-2.016e-11,4.858e-11,4.1038e-12,578703703703.7028
top1,1.6,-2,4.2284e-12,-5.0090000000000005e-11,-2.3430000000000003e-11,5.0090000000000005e-11,4.2284e-12,1024590163934.4229
top1,1.7,-2,4.299e-12,-4.954e-11,-2.6340000000000003e-11,4.954e-11,4.299e-12,-22495669583.605152
top1,1.8,-2,-4.6622e-12,2.555e-11,4.079e-11,2.555e-11,4.6622e-12,340599455040.8724
top1,1.9,-2,4.8862e-12,-7.900000000000002e-13,-3.923e-11,7.900000000000002e-13,4.8862e-12,26376872757.96581
top1,2.0,-2,2.9202e-12,-1.69e-12,-4.500000000000001e-12,1.69e-12,2.9202e-12,-38966605618.98452
top1,2.1,-2,-2.464e-13,1.4200000000000002e-12,-2.29e-12,1.4200000000000002e-12,2.464e-13,-85236958745.31203
top1,2.2,-2,5.738e-13,-1.2400000000000002e-12,-2.8100000000000003e-12,1.2400000000000002e-12,5.738e-13,126119308866.18752
top1,2.3000000000000003,-2,1.3394e-12,-5.75e-12,-3.66e-12,5.75e-12,1.3394e-12,156641604010.02487
top1,2.4,-2,1.8506e-12,-9.01e-12,-4.12e-12,9.01e-12,1.8506e-12,207039337474.1198
top1,2.5,-2,2.3054e-12,-1.739e-11,-5.980000000000001e-12,1.739e-11,2.3054e-12,221483942414.1752
top1,2.6,-2,2.7536e-12,-2.2300000000000003e-11,-7.33e-12,2.2300000000000003e-11,2.7536e-12,268024658268.56088
top1,2.7,-2,3.0516e-12,-3.069e-11,-8.500000000000001e-12,3.069e-11,3.0516e-12,360750360750.36096
top1,2.8000000000000003,-2,3.308e-12,-3.686e-11,-1.073e-11,3.686e-11,3.308e-12,351617440225.03485
top1,2.9,-2,3.6204e-12,-4.21e-11,-1.29e-11,4.21e-11,3.6204e-12,335683115139.3083
top1,3.0,-2,3.9038e-12,-4.732e-11,-1.624e-11,4.732e-11,3.9038e-12,419639110365.08624
top1,3.1,-2,4.097e-12,-4.9180000000000005e-11,-1.96e-11,4.9180000000000005e-11,4.097e-12,786782061369.0006
top1,3.2,-2,4.158e-12,-4.957e-11,-2.289e-11,4.957e-11,4.158e-12,1148105625717.5684
top1,3.3000000000000003,-2,4.2712e-12,-5.016e-11,-2.626e-11,5.016e-11,4.2712e-12,-22613690328.12461
top1,3.4,-2,-4.6862e-12,2.626e-11,4.086e-11,2.626e-11,4.6862e-12,312499999999.99976
top1,3.5,-2,4.9112e-12,-2.03e-12,-3.9170000000000005e-11,2.03e-12,4.9112e-12,26010508245.33113
top1,3.6,-2,3.003e-12,-1.41e-12,-4.56e-12,1.41e-12,3.003e-12,-40048057669.20309
top1,3.7,-2,-8.28e-14,8.100000000000002e-13,-2.3800000000000004e-12,8.100000000000002e-13,8.28e-14,-82196284727.93037
top1,3.8,-2,5.698e-13,-1.9e-12,-2.9900000000000004e-12,1.9e-12,5.698e-13,151194436044.75336
top1,3.9,-2,1.24e-12,-4.500000000000001e-12,-3.61e-12,4.500000000000001e-12,1.24e-12,160642570281.12427
top1,4.0,-2,1.8148e-12,-1.023e-11,-4.550000000000001e-12,1.023e-11,1.8148e-12,175162024873.00732
top1,4.1,-2,2.3818e-12,-1.695e-11,-6e-12,1.695e-11,2.3818e-12,168095478231.6357
top1,4.2,-2,3.0046e-12,-2.5810000000000003e-11,-7.680000000000001e-12,2.5810000000000003e-11,3.0046e-12,240615976900.8665
top1,4.3,-2,3.213e-12,-3.307e-11,-8.990000000000003e-12,3.307e-11,3.213e-12,373273609555.8049
top1,4.4,-2,3.5404e-12,-3.805e-11,-1.1150000000000002e-11,3.805e-11,3.5404e-12,375234521575.9854
top1,4.5,-2,3.746e-12,-4.326e-11,-1.332e-11,4.326e-11,3.746e-12,583771161704.6113
top1,4.6000000000000005,-2,3.883e-12,-4.716e-11,-1.6430000000000002e-11,4.716e-11,3.883e-12,585480093676.8153
top1,4.7,-2,4.0876e-12,-4.7540000000000005e-11,-1.992e-11,4.7540000000000005e-11,4.0876e-12,801282051282.0509
top1,4.8,-2,4.1326e-12,-4.997e-11,-2.318e-11,4.997e-11,4.1326e-12,1522070015220.7012
top1,4.9,-2,4.219e-12,-4.954e-11,-2.662e-11,4.954e-11,4.219e-12,-22600402287.16073
top1,5.0,-2,-4.7168e-12,2.331e-11,4.1350000000000005e-11,2.331e-11,4.7168e-12,-11190939815.125635
top1,0.0,-1,4.1368e-12,-1.09e-12,-1.061e-11,1.09e-12,4.1368e-12,-21279312252.628
top1,0.1,-1,-5.626e-13,1.1600000000000001e-12,-1.91e-12,1.1600000000000001e-12,5.626e-13,-49549103161.23278
top1,0.2,-1,1.004e-13,-6.500000000000003e-13,-2.2500000000000003e-12,6.500000000000003e-13,1.004e-13,128238009746.08871
top1,0.3,-1,9.97e-13,-4.140000000000001e-12,-3.33e-12,4.140000000000001e-12,9.97e-13,124641655241.18164
top1,0.4,-1,1.705e-12,-7.95e-12,-4.250000000000001e-12,7.95e-12,1.705e-12,144487790781.67896
top1,0.5,-1,2.3812e-12,-1.717e-11,-5.880000000000001e-12,1.717e-11,2.3812e-12,186497575531.51807
top1,0.6,-1,2.7774e-12,-2.513e-11,-7.39e-12,2.513e-11,2.7774e-12,260892251500.1305
top1,0.7,-1,3.1478e-12,-3.2690000000000006e-11,-8.95e-12,3.2690000000000006e-11,3.1478e-12,273972602739.72614
top1,0.8,-1,3.5074e-12,-4.086e-11,-1.168e-11,4.086e-11,3.5074e-12,305903946160.9053
top1,0.9,-1,3.8016e-12,-4.3680000000000005e-11,-1.413e-11,4.3680000000000005e-11,3.8016e-12,417188151856.4871
top1,1.0,-1,3.9868e-12,-4.7140000000000005e-11,-1.722e-11,4.7140000000000005e-11,3.9868e-12,580720092915.215
top1,1.1,-1,4.146e-12,-5.003e-11,-2.1170000000000003e-11,5.003e-11,4.146e-12,962463907603.4648
top1,1.2,-1,4.1946e-12,-5.014e-11,-2.659e-11,5.014e-11,4.1946e-12,-22811259637.75719
top1,1.3,-1,-4.6216e-12,2.48e-11,4.12e-11,2.48e-11,4.6216e-12,296120817293.45593
top1,1.4,-1,4.87e-12,-1.2500000000000001e-12,-3.8880000000000006e-11,1.2500000000000001e-12,4.87e-12,27415286763.899544
top1,1.5,-1,2.6736e-12,-2.2500000000000003e-12,-2.680000000000001e-12,2.2500000000000003e-12,2.6736e-12,-44216483905.19984
top1,1.6,-1,3.468e-13,-6.3e-13,-2.780000000000001e-12,6.3e-13,3.468e-13,-134643866971.8594
top1,1.7,-1,1.1882e-12,-4.83e-12,-3.3700000000000004e-12,4.83e-12,1.1882e-12,132467876539.93904
top1,1.8,-1,1.8566e-12,-1.1150000000000002e-11,-4.43e-12,1.1150000000000002e-11,1.8566e-12,153657037492.3173
top1,1.9,-1,2.4898e-12,-1.889e-11,-6.04e-12,1.889e-11,2.4898e-12,168067226890.75626
top1,2.0,-1,3.0466e-12,-3.033e-11,-8.100000000000001e-12,3.033e-11,3.0466e-12,241779497098.64587
top1,2.1,-1,3.317e-12,-3.705e-11,-1.056e-11,3.705e-11,3.317e-12,348675034867.50385
top1,2.2,-1,3.6202e-12,-4.301e-11,-1.3e-11,4.301e-11,3.6202e-12,371057513914.65735
top1,2.3000000000000003,-1,3.856e-12,-4.6710000000000006e-11,-1.604e-11,4.6710000000000006e-11,3.856e-12,421585160202.36017
top1,2.4,-1,4.0946e-12,-4.8280000000000007e-11,-1.988e-11,4.8280000000000007e-11,4.0946e-12,556483027267.6672
top1,2.5,-1,4.2154e-12,-4.9370000000000006e-11,-2.4830000000000003e-11,4.9370000000000006e-11,4.2154e-12,-22768151909.10956
top1,2.6,-1,-4.6896e-12,2.7540000000000003e-11,4.0700000000000006e-11,2.7540000000000003e-11,4.6896e-12,304414003044.14026
top1,2.7,-1,4.8724e-12,-1.6200000000000004e-12,-3.8700000000000006e-11,1.6200000000000004e-12,4.8724e-12,27187950300.42688
top1,2.8000000000000003,-1,2.6666e-12,-1.69e-12,-3.210000000000001e-12,1.69e-12,2.6666e-12,-42176296921.13027
top1,2.9,-1,1.304e-13,-9e-14,-1.9400000000000002e-12,9e-14,1.304e-13,-109409190371.9911
top1,3.0,-1,8.386e-13,-2.2200000000000002e-12,-2.85e-12,2.2200000000000002e-12,8.386e-13,152765047357.1648
top1,3.1,-1,1.4396e-12,-7.22e-12,-4.43e-12,7.22e-12,1.4396e-12,159311773140.03522
top1,3.2,-1,2.094e-12,-1.424e-11,-5.58e-12,1.424e-11,2.094e-12,145412243710.9206
top1,3.3000000000000003,-1,2.815e-12,-2.466e-11,-7.100000000000001e-12,2.466e-11,2.815e-12,173160173160.17288
top1,3.4,-1,3.249e-12,-3.244e-11,-8.56e-12,3.244e-11,3.249e-12,286204922724.67053
top1,3.5,-1,3.5138e-12,-3.843e-11,-1.088e-11,3.843e-11,3.5138e-12,421585160202.3612
top1,3.6,-1,3.7234e-12,-4.3540000000000006e-11,-1.402e-11,4.3540000000000006e-11,3.7234e-12,470588235294.11774
top1,3.7,-1,3.9388e-12,-4.5830000000000005e-11,-1.7050000000000002e-11,4.5830000000000005e-11,3.9388e-12,598802395209.5814
top1,3.8,-1,4.0574e-12,-4.8600000000000005e-11,-2.089e-11,4.8600000000000005e-11,4.0574e-12,927643784786.6406
top1,3.9,-1,4.1544e-12,-4.9910000000000005e-11,-2.54e-11,4.9910000000000005e-11,4.1544e-12,-23007017140.227737
top1,4.0,-1,-4.6356e-12,2.719e-11,4.0590000000000005e-11,2.719e-11,4.6356e-12,263365815117.1977
top1,4.1,-1,4.9138e-12,-9.700000000000001e-13,-3.989e-11,9.700000000000001e-13,4.9138e-12,26499191774.65089
top1,4.2,-1,2.9118e-12,-7.100000000000001e-13,-4.440000000000001e-12,7.100000000000001e-13,2.9118e-12,-39788326105.1208
top1,4.3,-1,-1.128e-13,1.3000000000000001e-12,-1.73e-12,1.3000000000000001e-12,1.128e-13,-83166999334.6641
top1,4.4,-1,5.07e-13,-1.32e-12,-2.6000000000000002e-12,1.32e-12,5.07e-13,160694198939.41843
top1,4.5,-1,1.1318e-12,-4.37e-12,-3.590000000000001e-12,4.37e-12,1.1318e-12,173280194073.8175
top1,4.6000000000000005,-1,1.6612e-12,-8.85e-12,-4.140000000000001e-12,8.85e-12,1.6612e-12,193873594416.44067
top1,4.7,-1,2.1634e-12,-1.444e-11,-5.760000000000001e-12,1.444e-11,2.1634e-12,198925800676.34705
top1,4.8,-1,2.6666e-12,-2.155e-11,-6.7e-12,2.155e-11,2.6666e-12,241254523522.31616
top1,4.9,-1,2.9924e-12,-2.8380000000000003e-11,-8.23e-12,2.8380000000000003e-11,2.9924e-12,282485875706.215
top1,5.0,-1,3.3746e-12,-3.649e-11,-1.04e-11,3.649e-11,3.3746e-12,261643118785.9752
top1,0.0,0,1.0604e-11,-4.6890000000000006e-11,-2.482e-11,4.6890000000000006e-11,1.0604e-11,6401886.354225591
top1,0.1,0,1.5631e-08,1.22e-12,-1.56862e-08,1.22e-12,1.5631e-08,10559664.320942836
top1,0.2,0,1.89506e-08,-1.51e-12,-1.9003e-08,1.51e-12,1.89506e-08,46268449.54425577
top1,0.3,0,1.99536e-08,-9.100000000000002e-13,-1.99786e-08,9.100000000000002e-13,1.99536e-08,125156445.55694602
top1,0.4,0,2.05486e-08,-7.5e-13,-2.05726e-08,7.5e-13,2.05486e-08,200964630.22508088
top1,0.5,0,2.09488e-08,-1.0100000000000001e-12,-2.09386e-08,1.0100000000000001e-12,2.09488e-08,247463499.13387853
top1,0.6,0,2.13568e-08,-1.83e-12,-2.13292e-08,1.83e-12,2.13568e-08,292141396.4358748
top1,0.7,0,2.16334e-08,-4.08e-12,-2.1624e-08,4.08e-12,2.16334e-08,348432055.7491276
top1,0.8,0,2.19308e-08,-1.546e-11,-2.1969e-08,1.546e-11,2.19308e-08,360360360.3603599
top1,0.9,0,2.21884e-08,-4.73e-11,-2.21922e-08,4.73e-11,2.21884e-08,507356671.7402362
top1,1.0,0,2.2325e-08,-4.9590000000000007e-11,-2.23662e-08,4.9590000000000007e-11,2.2325e-08,492125984.25197
top1,1.1,0,2.25948e-08,-2.6e-11,-2.25554e-08,2.6e-11,2.25948e-08,488042947.7794035
top1,1.2,0,2.27348e-08,-1.3590000000000002e-11,-2.27128e-08,1.3590000000000002e-11,2.27348e-08,851788756.3884121
top1,1.3,0,2.28296e-08,-1.3900000000000001e-12,-2.28356e-08,1.3900000000000001e-12,2.28296e-08,836120401.3377913
top1,1.4,0,2.2974e-08,1.46e-12,-2.30286e-08,1.46e-12,2.2974e-08,686341798.215509
top1,1.5,0,2.3121e-08,1.2500000000000001e-12,-2.30832e-08,1.2500000000000001e-12,2.3121e-08,837520938.0234545
top1,1.6,0,2.32128e-08,1.6300000000000001e-12,-2.32346e-08,1.6300000000000001e-12,2.32128e-08,1131221719.4570262
top1,1.7,0,2.32978e-08,1.6800000000000001e-12,-2.33244e-08,1.6800000000000001e-12,2.32978e-08,983284169.1248752
top1,1.8,0,2.34162e-08,1.5200000000000002e-12,-2.34026e-08,1.5200000000000002e-12,2.34162e-08,970873786.4077586
top1,1.9,0,2.35038e-08,7.100000000000001e-12,-2.35394e-08,7.100000000000001e-12,2.35038e-08,939849624.0601397
top1,2.0,0,2.3629e-08,4.859e-11,-2.36634e-08,4.859e-11,2.3629e-08,752445447.7050422
top1,2.1,0,2.37696e-08,5.019e-11,-2.37866e-08,5.019e-11,2.37696e-08,1364256480.2182872
top1,2.2,0,2.37756e-08,4.7290000000000005e-11,-2.3808e-08,4.7290000000000005e-11,2.37756e-08,1187648456.0570056
top1,2.3000000000000003,0,2.3938e-08,4.053e-11,-2.38786e-08,4.053e-11,2.3938e-08,1089324618.7363913
top1,2.4,0,2.39592e-08,3.048e-11,-2.39748e-08,3.048e-11,2.39592e-08,3174603174.6032386
top1,2.5,0,2.4001e-08,1.737e-11,-2.40736e-08,1.737e-11,2.4001e-08,1582278481.0126712
top1,2.6,0,2.40856e-08,6.730000000000002e-12,-2.40884e-08,6.730000000000002e-12,2.40856e-08,947867298.5781952
top1,2.7,0,2.4212e-08,1.1000000000000002e-12,-2.41184e-08,1.1000000000000002e-12,2.4212e-08,1828153564.899404
top1,2.8000000000000003,0,2.4195e-08,-1.3400000000000006e-12,-2.41416e-08,1.3400000000000006e-12,2.4195e-08,10526315789.474566
top1,2.9,0,2.4231e-08,-1.6300000000000001e-12,-2.42626e-08,1.6300000000000001e-12,2.4231e-08,1798561151.0791712
top1,3.0,0,2.43062e-08,-5.770000000000001e-12,-2.43028e-08,5.770000000000001e-12,2.43062e-08,3012048192.771064
top1,3.1,0,2.42974e-08,-1.8510000000000003e-11,-2.43096e-08,1.8510000000000003e-11,2.42974e-08,2159827213.8228703
top1,3.2,0,2.43988e-08,-3.3270000000000005e-11,-2.43098e-08,3.3270000000000005e-11,2.43988e-08,1941747572.8155167
top1,3.3000000000000003,0,2.44004e-08,-5.048e-11,-2.43482e-08,5.048e-11,2.44004e-08,-4347826086.95659
top1,3.4,0,2.43528e-08,-4.7180000000000005e-11,-2.43798e-08,4.7180000000000005e-11,2.43528e-08,4098360655.737832
top1,3.5,0,2.44492e-08,-4.312e-11,-2.44632e-08,4.312e-11,2.44492e-08,1862197392.923697
top1,3.6,0,2.44602e-08,-3.339e-11,-2.444e-08,3.339e-11,2.44602e-08,5102040816.326263
top1,3.7,0,2.44884e-08,-2.2060000000000003e-11,-2.45338e-08,2.2060000000000003e-11,2.44884e-08,4566210045.661825
top1,3.8,0,2.4504e-08,-8.46e-12,-2.45614e-08,8.46e-12,2.4504e-08,1353179972.9364154
top1,3.9,0,2.46362e-08,-2.1000000000000003e-12,-2.46204e-08,2.1000000000000003e-12,2.46362e-08,1862197392.9236927
top1,4.0,0,2.46114e-08,1.5400000000000001e-12,-2.45906e-08,1.5400000000000001e-12,2.46114e-08,52631578947.36366
top1,4.1,0,2.464e-08,1.86e-12,-2.45754e-08,1.86e-12,2.464e-08,58823529411.73241
top1,4.2,0,2.46148e-08,5.9e-13,-2.46246e-08,5.9e-13,2.46148e-08,9259259259.259264
top1,4.3,0,2.46616e-08,1.7700000000000001e-12,-2.46184e-08,1.7700000000000001e-12,2.46616e-08,16949152542.373638
top1,4.4,0,2.46266e-08,2.14e-12,-2.46532e-08,2.14e-12,2.46266e-08,3816793893.129688
top1,4.5,0,2.4714e-08,4.960000000000001e-12,-2.46736e-08,4.960000000000001e-12,2.4714e-08,4878048780.487789
top1,4.6000000000000005,0,2.46676e-08,1.755e-11,-2.46548e-08,1.755e-11,2.46676e-08,4310344827.586426
top1,4.7,0,2.47604e-08,3.4470000000000005e-11,-2.47508e-08,3.4470000000000005e-11,2.47604e-08,2469135802.4691515
top1,4.8,0,2.47486e-08,4.581e-11,-2.4667e-08,4.581e-11,2.47486e-08,13333333333.332932
top1,4.9,0,2.47754e-08,4.843e-11,-2.48138e-08,4.843e-11,2.47754e-08,6711409395.973151
top1,5.0,0,2.47784e-08,4.916e-11,-2.48028e-08,4.916e-11,2.47784e-08,33333333333.33218
top1,0.0,1,1.2026e-10,-2.2000000000000003e-12,-1.2018000000000002e-10,2.2000000000000003e-12,1.2026e-10,226839.8035077328
top1,0.1,1,4.4096e-07,3.1440000000000003e-11,-4.4058e-07,3.1440000000000003e-11,4.4096e-07,247757.8717816841
top1,0.2,1,8.073599999999999e-07,-4.993e-11,-8.0716e-07,4.993e-11,8.073599999999999e-07,301823.01098635764
top1,0.3,1,1.1036e-06,2.782e-11,-1.10426e-06,2.782e-11,1.1036e-06,375558.6434821797
top1,0.4,1,1.3399e-06,1.07e-12,-1.3392000000000002e-06,1.07e-12,1.3399e-06,467508.1813931742
top1,0.5,1,1.5314e-06,1.5400000000000001e-12,-1.5311000000000005e-06,1.5400000000000001e-12,1.5314e-06,577533.930118394
top1,0.6,1,1.6862000000000005e-06,-1.486e-11,-1.6859000000000002e-06,1.486e-11,1.6862000000000005e-06,714030.7033202428
top1,0.7,1,1.8115e-06,4.5980000000000006e-11,-1.8108e-06,4.5980000000000006e-11,1.8115e-06,906207.5215224297
top1,0.8,1,1.9069e-06,-1.26e-12,-1.9069e-06,1.26e-12,1.9069e-06,1214329.0831815412
top1,0.9,1,1.9762e-06,-1.3900000000000001e-12,-1.976e-06,1.3900000000000001e-12,1.9762e-06,1719690.4557179664
top1,1.0,1,2.0232000000000004e-06,4.8200000000000005e-11,-2.0222000000000003e-06,4.8200000000000005e-11,2.0232000000000004e-06,2728512.960436571
top1,1.1,1,2.0495e-06,-4.07e-12,-2.0511e-06,4.07e-12,2.0495e-06,4228329.809725162
top1,1.2,1,2.0705000000000003e-06,-1.73e-12,-2.0704e-06,1.73e-12,2.0705000000000003e-06,5882352.941176467
top1,1.3,1,2.0835e-06,3.135e-11,-2.0827000000000004e-06,3.135e-11,2.0835e-06,8810572.687224755
top1,1.4,1,2.0932e-06,-3.81e-11,-2.0914e-06,3.81e-11,2.0932e-06,11363636.363636328
top1,1.5,1,2.1011e-06,-1.7600000000000002e-12,-2.1017e-06,1.7600000000000002e-12,2.1011e-06,12422360.248447089
top1,1.6,1,2.1093000000000003e-06,1.0600000000000001e-12,-2.1127e-06,1.0600000000000001e-12,2.1093000000000003e-06,12269938.650306622
top1,1.7,1,2.1174000000000003e-06,-4.078e-11,-2.1191e-06,4.078e-11,2.1174000000000003e-06,15037593.984962473
top1,1.8,1,2.1226e-06,-2.1500000000000003e-12,-2.1254e-06,2.1500000000000003e-12,2.1226e-06,15503875.968992367
top1,1.9,1,2.1303e-06,1.45e-12,-2.1289e-06,1.45e-12,2.1303e-06,15151515.151514985
top1,2.0,1,2.1358000000000004e-06,-4.3790000000000005e-11,-2.1364000000000004e-06,4.3790000000000005e-11,2.1358000000000004e-06,15503875.968992352
top1,2.1,1,2.1432e-06,-2.2700000000000002e-12,-2.1427000000000003e-06,2.2700000000000002e-12,2.1432e-06,20202020.20202086
top1,2.2,1,2.1457e-06,1.1000000000000002e-12,-2.1444e-06,1.1000000000000002e-12,2.1457e-06,28169014.0845058
top1,2.3000000000000003,1,2.1503000000000004e-06,-4.5360000000000005e-11,-2.1499000000000004e-06,4.5360000000000005e-11,2.1503000000000004e-06,18518518.51851856
top1,2.4,1,2.1565e-06,-2.03e-12,-2.1564e-06,2.03e-12,2.1565e-06,17857142.857142843
top1,2.5,1,2.1615000000000004e-06,1.017e-11,-2.1607000000000003e-06,1.017e-11,2.1615000000000004e-06,30303030.30303
top1,2.6,1,2.1631e-06,-4.719e-11,-2.166e-06,4.719e-11,2.1631e-06,39215686.27451178
top1,2.7,1,2.1666e-06,2.97e-12,-2.1689e-06,2.97e-12,2.1666e-06,22727272.72727213
top1,2.8000000000000003,1,2.1719000000000003e-06,3.1000000000000004e-13,-2.1741e-06,3.1000000000000004e-13,2.1719000000000003e-06,19801980.19801953
top1,2.9,1,2.1767000000000003e-06,-4.597e-11,-2.1763e-06,4.597e-11,2.1767000000000003e-06,22988505.74712636
top1,3.0,1,2.1806000000000003e-06,1.8100000000000002e-12,-2.1824e-06,1.8100000000000002e-12,2.1806000000000003e-06,24691358.024691463
top1,3.1,1,2.1848e-06,2.0200000000000007e-12,-2.1855e-06,2.0200000000000007e-12,2.1848e-06,26315789.47368519
top1,3.2,1,2.1882e-06,-3.3990000000000004e-11,-2.1887000000000003e-06,3.3990000000000004e-11,2.1882e-06,26315789.47368372
top1,3.3000000000000003,1,2.1924000000000004e-06,2.9300000000000002e-12,-2.1906000000000003e-06,2.9300000000000002e-12,2.1924000000000004e-06,26315789.473683663
top1,3.4,1,2.1958e-06,1.6200000000000004e-12,-2.1977e-06,1.6200000000000004e-12,2.1958e-06,27777777.777778924
top1,3.5,1,2.1996e-06,-4.946e-11,-2.2013000000000004e-06,4.946e-11,2.1996e-06,28985507.246377327
top1,3.6,1,2.2027e-06,2.09e-12,-2.2057000000000003e-06,2.09e-12,2.2027e-06,24999999.999999467
top1,3.7,1,2.2076000000000003e-06,1.37e-12,-2.2095e-06,1.37e-12,2.2076000000000003e-06,19607843.13725508
top1,3.8,1,2.2129e-06,-4.9080000000000007e-11,-2.211e-06,4.9080000000000007e-11,2.2129e-06,33333333.33333313
top1,3.9,1,2.2136000000000003e-06,1.345e-11,-2.2128e-06,1.345e-11,2.2136000000000003e-06,64516129.032257535
top1,4.0,1,2.216e-06,1.07e-12,-2.2157e-06,1.07e-12,2.216e-06,48780487.80487684
top1,4.1,1,2.2177000000000004e-06,-4.395e-11,-2.2183000000000004e-06,4.395e-11,2.2177000000000004e-06,36363636.363635056
top1,4.2,1,2.2215e-06,2.8e-13,-2.2195e-06,2.8e-13,2.2215e-06,55555555.555557966
top1,4.3,1,2.2213e-06,9.8e-13,-2.223e-06,9.8e-13,2.2213e-06,42553191.48936046
top1,4.4,1,2.2262000000000004e-06,-4.5580000000000006e-11,-2.2276e-06,4.5580000000000006e-11,2.2262000000000004e-06,21505376.34408589
top1,4.5,1,2.2306000000000003e-06,-1.32e-12,-2.2284e-06,1.32e-12,2.2306000000000003e-06,33898305.0847469
top1,4.6000000000000005,1,2.2321e-06,9.9e-13,-2.2310000000000003e-06,9.9e-13,2.2321e-06,62500000.00000362
top1,4.7,1,2.2338e-06,-4.669e-11,-2.2348e-06,4.669e-11,2.2338e-06,57142857.142856106
top1,4.8,1,2.2356e-06,5e-14,-2.2370000000000004e-06,5e-14,2.2356e-06,32786885.245900344
top1,4.9,1,2.2399000000000004e-06,2.08e-12,-2.2397000000000003e-06,2.08e-12,2.2399000000000004e-06,31746031.746032592
top1,5.0,1,2.2419e-06,-2.54e-11,-2.2417e-06,2.54e-11,2.2419e-06,50000000.000006646
top1,0.0,2,3.4715000000000004e-10,1.5600000000000002e-12,-3.2186e-10,1.5600000000000002e-12,3.4715000000000004e-10,84334.60649072021
top1,0.1,2,1.1861000000000002e-06,-1.07e-12,-1.1866000000000002e-06,1.07e-12,1.1861000000000002e-06,87166.75088790776
top1,0.2,2,2.2948e-06,5.960000000000001e-12,-2.2953000000000003e-06,5.960000000000001e-12,2.2948e-06,93436.11305769678
top1,0.3,2,3.3266000000000005e-06,5e-13,-3.3265000000000003e-06,5e-13,3.3266000000000005e-06,100452.0341536916
top1,0.4,2,4.2858000000000005e-06,-2.5120000000000003e-11,-4.285900000000001e-06,2.5120000000000003e-11,4.2858000000000005e-06,108195.83446037328
top1,0.5,2,5.175100000000001e-06,4.156e-11,-5.175500000000001e-06,4.156e-11,5.175100000000001e-06,116931.71188026192
top1,0.6,2,5.9962e-06,1.3000000000000001e-12,-5.995200000000001e-06,1.3000000000000001e-12,5.9962e-06,126662.44458518056
top1,0.7,2,6.7541e-06,-2.5800000000000003e-12,-6.7550000000000005e-06,2.5800000000000003e-12,6.7541e-06,137428.70885728032
top1,0.8,2,7.4515e-06,3.907e-11,-7.4508e-06,3.907e-11,7.4515e-06,149644.59408903852
top1,0.9,2,8.0906e-06,-3.0140000000000005e-11,-8.0901e-06,3.0140000000000005e-11,8.0906e-06,163934.426229508
top1,1.0,2,8.671500000000002e-06,-2.26e-12,-8.6727e-06,2.26e-12,8.671500000000002e-06,179839.94245121835
top1,1.1,2,9.2027e-06,1.3500000000000001e-12,-9.2029e-06,1.3500000000000001e-12,9.2027e-06,198550.5807604488
top1,1.2,2,9.6788e-06,-4.859e-11,-9.6787e-06,4.859e-11,9.6788e-06,222049.5170423005
top1,1.3,2,1.01034e-05,1.2900000000000002e-12,-1.01038e-05,1.2900000000000002e-12,1.01034e-05,249500.99800399248
top1,1.4,2,1.04804e-05,1.86e-12,-1.04822e-05,1.86e-12,1.04804e-05,284131.2686461144
top1,1.5,2,1.08073e-05,-4.993e-11,-1.08068e-05,4.993e-11,1.08073e-05,330578.51239669404
top1,1.6,2,1.10854e-05,1.031e-11,-1.10873e-05,1.031e-11,1.10854e-05,387071.8018192377
top1,1.7,2,1.1324e-05,4.728e-11,-1.1320800000000002e-05,4.728e-11,1.1324e-05,471031.55911446136
top1,1.8,2,1.151e-05,-1.591e-11,-1.15114e-05,1.591e-11,1.151e-05,581395.348837209
top1,1.9,2,1.1668e-05,-1.2900000000000002e-12,-1.1666900000000002e-05,1.2900000000000002e-12,1.1668e-05,724637.681159419
top1,2.0,2,1.1786e-05,2.954e-11,-1.1786e-05,2.954e-11,1.1786e-05,952380.9523809536
top1,2.1,2,1.1878e-05,-4.945e-11,-1.188e-05,4.945e-11,1.1878e-05,1162790.697674424
top1,2.2,2,1.1958e-05,3.2580000000000005e-11,-1.196e-05,3.2580000000000005e-11,1.1958e-05,1369863.0136986317
top1,2.3000000000000003,2,1.2024e-05,1.65e-12,-1.2022e-05,1.65e-12,1.2024e-05,1694915.254237268
top1,2.4,2,1.2076e-05,-1.69e-12,-1.208e-05,1.69e-12,1.2076e-05,1886792.45283018
top1,2.5,2,1.213e-05,1.13e-12,-1.2132e-05,1.13e-12,1.213e-05,2000000.000000021
top1,2.6,2,1.2176e-05,-2.435e-11,-1.218e-05,2.435e-11,1.2176e-05,2439024.3902438977
top1,2.7,2,1.2212e-05,4.3680000000000005e-11,-1.2214e-05,4.3680000000000005e-11,1.2212e-05,2702702.702702719
top1,2.8000000000000003,2,1.225e-05,-1.074e-11,-1.2256e-05,1.074e-11,1.225e-05,2702702.7027027127
top1,2.9,2,1.2286e-05,-1.9200000000000003e-12,-1.2286e-05,1.9200000000000003e-12,1.2286e-05,2857142.857142812
top1,3.0,2,1.232e-05,6.8e-13,-1.2322e-05,6.8e-13,1.232e-05,3030303.030303078
top1,3.1,2,1.2352e-05,-4.779e-11,-1.235e-05,4.779e-11,1.2352e-05,3333333.3333333684
top1,3.2,2,1.238e-05,3.5230000000000004e-11,-1.2382e-05,3.5230000000000004e-11,1.238e-05,3333333.3333332734
top1,3.3000000000000003,2,1.2412e-05,9.4e-13,-1.2412e-05,9.4e-13,1.2412e-05,3571428.5714285146
top1,3.4,2,1.2436e-05,-2.19e-12,-1.2436e-05,2.19e-12,1.2436e-05,4166666.666666642
top1,3.5,2,1.246e-05,1.86e-12,-1.2462e-05,1.86e-12,1.246e-05,3703703.703703719
top1,3.6,2,1.249e-05,-3.8900000000000006e-12,-1.2488e-05,3.8900000000000006e-12,1.249e-05,3846153.846153936
top1,3.7,2,1.2512e-05,4.982e-11,-1.2512e-05,4.982e-11,1.2512e-05,4166666.666666652
top1,3.8,2,1.2538e-05,-3.413e-11,-1.254e-05,3.413e-11,1.2538e-05,3846153.846153802
top1,3.9,2,1.2564e-05,-1.74e-12,-1.2568e-05,1.74e-12,1.2564e-05,3703703.7037037113
top1,4.0,2,1.2592e-05,1.4400000000000001e-12,-1.2592e-05,1.4400000000000001e-12,1.2592e-05,4166666.666666642
top1,4.1,2,1.2612e-05,-7.360000000000001e-12,-1.2614e-05,7.360000000000001e-12,1.2612e-05,5000000.000000052
top1,4.2,2,1.2632e-05,3.3920000000000004e-11,-1.2632e-05,3.3920000000000004e-11,1.2632e-05,4347826.086956599
top1,4.3,2,1.2658e-05,-2.924e-11,-1.2658e-05,2.924e-11,1.2658e-05,4347826.08695644
top1,4.4,2,1.2678e-05,-1.7600000000000002e-12,-1.2678e-05,1.7600000000000002e-12,1.2678e-05,4545454.545454558
top1,4.5,2,1.2702e-05,1.88e-12,-1.27e-05,1.88e-12,1.2702e-05,4347826.086956599
top1,4.6000000000000005,2,1.2724e-05,-1.3300000000000002e-12,-1.2726e-05,1.3300000000000002e-12,1.2724e-05,4545454.545454383
top1,4.7,2,1.2746e-05,2.364e-11,-1.2744e-05,2.364e-11,1.2746e-05,5263157.89473678
top1,4.8,2,1.2762e-05,-4.118e-11,-1.2758e-05,4.118e-11,1.2762e-05,5555555.555555666
top1,4.9,2,1.2782e-05,1.526e-11,-1.2782e-05,1.526e-11,1.2782e-05,5263157.894736803
top1,5.0,2,1.28e-05,-1.6000000000000005e-13,-1.2804e-05,1.6000000000000005e-13,1.28e-05,5555555.55555538
top1,0.0,3,7.556e-10,-4.8460000000000006e-11,-4.940400000000001e-10,4.8460000000000006e-11,7.556e-10,48708.152634205086
top1,0.1,3,2.0538e-06,4.337e-11,-2.0538e-06,4.337e-11,2.0538e-06,49769.2647118693
top1,0.2,3,4.019300000000001e-06,4.997e-11,-4.0191e-06,4.997e-11,4.019300000000001e-06,52095.543226276975
top1,0.3,3,5.892900000000001e-06,-1.17e-11,-5.8927e-06,1.17e-11,5.892900000000001e-06,54611.98186882202
top1,0.4,3,7.681500000000001e-06,-1.96e-12,-7.6819e-06,1.96e-12,7.681500000000001e-06,57247.5383558507
top1,0.5,3,9.3865e-06,7.73e-12,-9.3866e-06,7.73e-12,9.3865e-06,60163.04184339559
top1,0.6,3,1.10058e-05,-4.8200000000000005e-11,-1.10073e-05,4.8200000000000005e-11,1.10058e-05,63261.1102324846
top1,0.7,3,1.2548e-05,-3.346e-11,-1.2546e-05,3.346e-11,1.2548e-05,66706.69068107534
top1,0.8,3,1.4004e-05,3.1e-12,-1.4006e-05,3.1e-12,1.4004e-05,70224.71910112361
top1,0.9,3,1.5396e-05,1.83e-12,-1.5396e-05,1.83e-12,1.5396e-05,73964.49704142011
top1,1.0,3,1.6708e-05,-3.800000000000001e-13,-1.671e-05,3.800000000000001e-13,1.6708e-05,78247.26134585291
top1,1.1,3,1.7952e-05,1.12e-12,-1.7952e-05,1.12e-12,1.7952e-05,82918.73963515753
top1,1.2,3,1.912e-05,-2.243e-11,-1.9118e-05,2.243e-11,1.912e-05,88105.72687224667
top1,1.3,3,2.0222e-05,4.863e-11,-2.0222e-05,4.863e-11,2.0222e-05,93109.86964618256
top1,1.4,3,2.1268e-05,-4.5910000000000006e-11,-2.1268e-05,4.5910000000000006e-11,2.1268e-05,99009.90099009892
top1,1.5,3,2.2242e-05,1.093e-11,-2.2242e-05,1.093e-11,2.2242e-05,106157.1125265392
top1,1.6,3,2.3152e-05,2.2700000000000002e-12,-2.3154e-05,2.2700000000000002e-12,2.3152e-05,113507.3779795688
top1,1.7,3,2.4004e-05,-9.4e-13,-2.4004e-05,9.4e-13,2.4004e-05,121654.501216545
top1,1.8,3,2.4796e-05,7.41e-12,-2.4796e-05,7.41e-12,2.4796e-05,131061.59895150716
top1,1.9,3,2.553e-05,-4.826e-11,-2.5528e-05,4.826e-11,2.553e-05,141843.97163120582
top1,2.0,3,2.6206e-05,4.41e-12,-2.621e-05,4.41e-12,2.6206e-05,154320.98765432107
top1,2.1,3,2.6826e-05,2.0500000000000004e-12,-2.6824e-05,2.0500000000000004e-12,2.6826e-05,169204.73773265668
top1,2.2,3,2.7388e-05,-1.3400000000000006e-12,-2.739e-05,1.3400000000000006e-12,2.7388e-05,186219.73929236512
top1,2.3000000000000003,3,2.79e-05,2.602e-11,-2.7898e-05,2.602e-11,2.79e-05,206611.57024793327
top1,2.4,3,2.8356e-05,-3.853e-11,-2.8356e-05,3.853e-11,2.8356e-05,232018.5614849186
top1,2.5,3,2.8762e-05,1.015e-11,-2.876e-05,1.015e-11,2.8762e-05,261096.60574412587
top1,2.6,3,2.9122e-05,1.64e-12,-2.9126e-05,1.64e-12,2.9122e-05,298507.46268656646
top1,2.7,3,2.9432e-05,-1.7200000000000001e-12,-2.9436e-05,1.7200000000000001e-12,2.9432e-05,343642.61168384773
top1,2.8000000000000003,3,2.9704e-05,6.26e-12,-2.9704e-05,6.26e-12,2.9704e-05,396825.3968253958
top1,2.9,3,2.9936000000000003e-05,-4.8530000000000006e-11,-2.994e-05,4.8530000000000006e-11,2.9936000000000003e-05,462962.9629629639
top1,3.0,3,3.0136e-05,2.53e-11,-3.0138e-05,2.53e-11,3.0136e-05,529100.5291005314
top1,3.1,3,3.0314e-05,-2.5500000000000002e-12,-3.0316e-05,2.5500000000000002e-12,3.0314e-05,606060.606060603
top1,3.2,3,3.0466000000000003e-05,-1.5700000000000002e-12,-3.0466000000000003e-05,1.5700000000000002e-12,3.0466000000000003e-05,699300.6993007073
top1,3.3000000000000003,3,3.06e-05,1.27e-12,-3.0602e-05,1.27e-12,3.06e-05,793650.7936508022
top1,3.4,3,3.0718e-05,-1.02e-12,-3.0720000000000004e-05,1.02e-12,3.0718e-05,884955.7522123846
top1,3.5,3,3.0826e-05,2.052e-11,-3.083e-05,2.052e-11,3.0826e-05,952380.9523809544
top1,3.6,3,3.0928e-05,-4.8130000000000006e-11,-3.0928e-05,4.8130000000000006e-11,3.0928e-05,1030927.8350515554
top1,3.7,3,3.102e-05,3.903e-11,-3.1026000000000004e-05,3.903e-11,3.102e-05,1075268.8172042947
top1,3.8,3,3.1114e-05,-8.52e-12,-3.1114e-05,8.52e-12,3.1114e-05,1162790.697674387
top1,3.9,3,3.1192e-05,3.1700000000000004e-12,-3.1196000000000004e-05,3.1700000000000004e-12,3.1192e-05,1298701.2987013066
top1,4.0,3,3.1268e-05,2.46e-12,-3.1276000000000003e-05,2.46e-12,3.1268e-05,1298701.2987013066
top1,4.1,3,3.1346e-05,-1.41e-12,-3.1348e-05,1.41e-12,3.1346e-05,1351351.3513513594
top1,4.2,3,3.1416e-05,1.2500000000000001e-12,-3.142e-05,1.2500000000000001e-12,3.1416e-05,1428571.4285714088
top1,4.3,3,3.1486e-05,-3.7e-11,-3.1486e-05,3.7e-11,3.1486e-05,1492537.31343281
top1,4.4,3,3.155e-05,4.257e-11,-3.1556e-05,4.257e-11,3.155e-05,1449275.3623188664
top1,4.5,3,3.1624e-05,-1.32e-11,-3.1622e-05,1.32e-11,3.1624e-05,1449275.3623188664
top1,4.6000000000000005,3,3.1688e-05,-4.500000000000001e-13,-3.1688e-05,4.500000000000001e-13,3.1688e-05,1666666.6666666842
top1,4.7,3,3.1744e-05,1.3800000000000002e-12,-3.1746000000000004e-05,1.3800000000000002e-12,3.1744e-05,1754385.964912286
top1,4.8,3,3.1802e-05,-2.7e-13,-3.1802e-05,2.7e-13,3.1802e-05,1724137.9310344304
top1,4.9,3,3.186e-05,1.3000000000000001e-12,-3.1858e-05,1.3000000000000001e-12,3.186e-05,1754385.9649121896
top1,5.0,3,3.1916000000000004e-05,-1.7820000000000003e-11,-3.1922000000000004e-05,1.7820000000000003e-11,3.1916000000000004e-05,1785714.285714253
top1,0.0,4,1.0685e-09,2.722e-11,-6.075900000000001e-10,2.722e-11,1.0685e-09,32921.46929175878
top1,0.1,4,3.0386000000000004e-06,1.85e-12,-3.0386000000000004e-06,1.85e-12,3.0386000000000004e-06,33453.590628244216
top1,0.2,4,5.979500000000001e-06,-3.590000000000001e-12,-5.980500000000001e-06,3.590000000000001e-12,5.979500000000001e-06,34624.24043072554
top1,0.3,4,8.814900000000001e-06,-1.6200000000000004e-12,-8.815100000000001e-06,1.6200000000000004e-12,8.814900000000001e-06,35877.65718898557
top1,0.4,4,1.1554e-05,1.6700000000000006e-12,-1.1552e-05,1.6700000000000006e-12,1.1554e-05,37139.51458654436
top1,0.5,4,1.42e-05,1.8900000000000002e-12,-1.4202e-05,1.8900000000000002e-12,1.42e-05,38520.80123266562
top1,0.6,4,1.6746000000000002e-05,-2e-13,-1.675e-05,2e-13,1.6746000000000002e-05,39952.05753096285
top1,0.7,4,1.9206e-05,3.540000000000001e-12,-1.9206e-05,3.540000000000001e-12,1.9206e-05,41476.56574035672
top1,0.8,4,2.1568e-05,-3.507e-11,-2.157e-05,3.507e-11,2.1568e-05,43047.78303917348
top1,0.9,4,2.3852e-05,4.9220000000000006e-11,-2.385e-05,4.9220000000000006e-11,2.3852e-05,44742.72930648769
top1,1.0,4,2.6038e-05,-3.803e-11,-2.6036e-05,3.803e-11,2.6038e-05,46598.32246039146
top1,1.1,4,2.8144e-05,-1.0500000000000002e-12,-2.815e-05,1.0500000000000002e-12,2.8144e-05,48473.097430925816
top1,1.2,4,3.0164e-05,1.74e-12,-3.0164e-05,1.74e-12,3.0164e-05,50479.55577990912
top1,1.3,4,3.2106e-05,-1.6600000000000002e-12,-3.2106e-05,1.6600000000000002e-12,3.2106e-05,52521.00840336142
top1,1.4,4,3.3972e-05,4.899e-11,-3.3972e-05,4.899e-11,3.3972e-05,54764.51259583792
top1,1.5,4,3.5758e-05,-3.212e-11,-3.5756e-05,3.212e-11,3.5758e-05,57372.34652897302
top1,1.6,4,3.7458e-05,4.8000000000000005e-12,-3.7462e-05,4.8000000000000005e-12,3.7458e-05,59916.11743559015
top1,1.7,4,3.9096e-05,1.14e-12,-3.9096e-05,1.14e-12,3.9096e-05,62578.22277847305
top1,1.8,4,4.0654e-05,-2.2700000000000002e-12,-4.0656e-05,2.2700000000000002e-12,4.0654e-05,65616.79790026248
top1,1.9,4,4.2144e-05,8.180000000000003e-12,-4.2148e-05,8.180000000000003e-12,4.2144e-05,68823.1245698554
top1,2.0,4,4.356e-05,-3.769e-11,-4.3562e-05,3.769e-11,4.356e-05,72411.29616220134
top1,2.1,4,4.4906e-05,3.769e-11,-4.4908e-05,3.769e-11,4.4906e-05,76161.46230007628
top1,2.2,4,4.6186e-05,-8.880000000000003e-12,-4.6188e-05,8.880000000000003e-12,4.6186e-05,80192.46190858066
top1,2.3000000000000003,4,4.74e-05,-1.6e-12,-4.7406e-05,1.6e-12,4.74e-05,84388.18565400835
top1,2.4,4,4.8556e-05,1.5e-12,-4.8552e-05,1.5e-12,4.8556e-05,89605.7347670249
top1,2.5,4,4.9632e-05,-2.375e-11,-4.9636e-05,2.375e-11,4.9632e-05,95147.47859181734
top1,2.6,4,5.0658e-05,3.998e-11,-5.0658e-05,3.998e-11,5.0658e-05,100704.93454179275
top1,2.7,4,5.1618e-05,-5.720000000000001e-12,-5.1616e-05,5.720000000000001e-12,5.1618e-05,107758.62068965544
top1,2.8000000000000003,4,5.2514e-05,-1.2500000000000001e-12,-5.2512e-05,1.2500000000000001e-12,5.2514e-05,115606.93641618446
top1,2.9,4,5.3348000000000005e-05,1.8700000000000003e-12,-5.3352e-05,1.8700000000000003e-12,5.3348000000000005e-05,123915.73729863662
top1,3.0,4,5.4128e-05,-3.3050000000000005e-11,-5.4136000000000005e-05,3.3050000000000005e-11,5.4128e-05,133333.33333333384
top1,3.1,4,5.4848e-05,4.9510000000000005e-11,-5.4856000000000005e-05,4.9510000000000005e-11,5.4848e-05,143884.8920863312
top1,3.2,4,5.5518e-05,-1.7850000000000002e-11,-5.5522e-05,1.7850000000000002e-11,5.5518e-05,156006.24024961024
top1,3.3000000000000003,4,5.613e-05,-6.000000000000001e-14,-5.6132e-05,6.000000000000001e-14,5.613e-05,170068.0272108836
top1,3.4,4,5.6694e-05,1.41e-12,-5.6696e-05,1.41e-12,5.6694e-05,186219.73929236413
top1,3.5,4,5.7204e-05,-3.9e-12,-5.7204e-05,3.9e-12,5.7204e-05,207039.33747412087
top1,3.6,4,5.766e-05,4.883e-11,-5.7664e-05,4.883e-11,5.766e-05,228310.50228310612
top1,3.7,4,5.808e-05,-2.3590000000000003e-11,-5.808e-05,2.3590000000000003e-11,5.808e-05,253164.55696202416
top1,3.8,4,5.845000000000001e-05,1.4e-12,-5.8458e-05,1.4e-12,5.845000000000001e-05,277777.77777777746
top1,3.9,4,5.88e-05,2.69e-12,-5.8796e-05,2.69e-12,5.88e-05,305810.3975535176
top1,4.0,4,5.9104e-05,-1.73e-12,-5.9106e-05,1.73e-12,5.9104e-05,343642.61168384703
top1,4.1,4,5.9382e-05,2.3520000000000003e-11,-5.9388e-05,2.3520000000000003e-11,5.9382e-05,371747.2118959106
top1,4.2,4,5.9642e-05,-4.33e-11,-5.9640000000000005e-05,4.33e-11,5.9642e-05,408163.2653061197
top1,4.3,4,5.9872000000000005e-05,6.4200000000000005e-12,-5.9876e-05,6.4200000000000005e-12,5.9872000000000005e-05,446428.57142857206
top1,4.4,4,6.009e-05,2.450000000000001e-12,-6.0086e-05,2.450000000000001e-12,6.009e-05,480769.23076923424
top1,4.5,4,6.0288e-05,-1.86e-12,-6.0286000000000005e-05,1.86e-12,6.0288e-05,526315.789473685
top1,4.6000000000000005,4,6.047e-05,1.7100000000000002e-12,-6.0476e-05,1.7100000000000002e-12,6.047e-05,558659.2178770971
top1,4.7,4,6.0646e-05,-3.7390000000000006e-11,-6.0652e-05,3.7390000000000006e-11,6.0646e-05,581395.3488372037
top1,4.8,4,6.0814e-05,4.5210000000000005e-11,-6.0818e-05,4.5210000000000005e-11,6.0814e-05,617283.9506172865
top1,4.9,4,6.097e-05,-4.184e-11,-6.0972000000000005e-05,4.184e-11,6.097e-05,649350.6493506547
top1,5.0,4,6.1122e-05,2.36e-12,-6.113e-05,2.36e-12,6.1122e-05,657894.7368420975
top1,0.0,5,1.0178e-09,1.2000000000000001e-12,-9.0402e-10,1.2000000000000001e-12,1.0178e-09,24210.248382138045
top1,0.1,5,4.1315e-06,-1.982e-11,-4.1326e-06,1.982e-11,4.1315e-06,24524.8849224956
top1,0.2,5,8.156000000000001e-06,-1.69e-12,-8.1565e-06,1.69e-12,8.156000000000001e-06,25206.377213435
top1,0.3,5,1.2066e-05,-2.6320000000000003e-11,-1.2064e-05,2.6320000000000003e-11,1.2066e-05,25933.609958506226
top1,0.4,5,1.5868e-05,4.909e-11,-1.5866e-05,4.909e-11,1.5868e-05,26652.45202558636
top1,0.5,5,1.957e-05,-3.379e-11,-1.957e-05,3.379e-11,1.957e-05,27442.3710208562
top1,0.6,5,2.3156e-05,7.21e-12,-2.316e-05,7.21e-12,2.3156e-05,28232.636928289103
top1,0.7,5,2.6654000000000003e-05,2.04e-12,-2.6654000000000003e-05,2.04e-12,2.6654000000000003e-05,29044.43799012489
top1,0.8,5,3.0042e-05,-1.55e-12,-3.0042e-05,1.55e-12,3.0042e-05,29913.2515704457
top1,0.9,5,3.334e-05,1.6100000000000002e-12,-3.334e-05,1.6100000000000002e-12,3.334e-05,30797.659377887263
top1,1.0,5,3.6536e-05,-1.175e-11,-3.6536e-05,1.175e-11,3.6536e-05,31725.88832487311
top1,1.1,5,3.9644e-05,4.211e-11,-3.9644e-05,4.211e-11,3.9644e-05,32711.80896303567
top1,1.2,5,4.265e-05,-4.9110000000000005e-11,-4.2646000000000005e-05,4.9110000000000005e-11,4.265e-05,33795.20108144643
top1,1.3,5,4.5562e-05,4.06e-12,-4.5566e-05,4.06e-12,4.5562e-05,34794.71120389704
top1,1.4,5,4.8398e-05,1.9700000000000003e-12,-4.8398e-05,1.9700000000000003e-12,4.8398e-05,35880.875493362044
top1,1.5,5,5.1136e-05,-8.400000000000002e-13,-5.1138e-05,8.400000000000002e-13,5.1136e-05,37091.98813056376
top1,1.6,5,5.3790000000000005e-05,4.162e-11,-5.3792e-05,4.162e-11,5.3790000000000005e-05,38226.29969418959
top1,1.7,5,5.6368e-05,-4.209e-11,-5.637e-05,4.209e-11,5.6368e-05,39572.61574990109
top1,1.8,5,5.8844e-05,7.6e-12,-5.8848e-05,7.6e-12,5.8844e-05,40916.53027823246
top1,1.9,5,6.1256e-05,2.16e-12,-6.126e-05,2.16e-12,6.1256e-05,42211.90375685941
top1,2.0,5,6.3582e-05,-2.3000000000000013e-13,-6.3584e-05,2.3000000000000013e-13,6.3582e-05,43802.01489268496
top1,2.1,5,6.582200000000001e-05,2.204e-11,-6.582200000000001e-05,2.204e-11,6.582200000000001e-05,45330.91568449689
top1,2.2,5,6.7994e-05,-4.851e-11,-6.7996e-05,4.851e-11,6.7994e-05,46970.408642555245
top1,2.3000000000000003,5,7.008e-05,4.4930000000000007e-11,-7.0086e-05,4.4930000000000007e-11,7.008e-05,48709.20603994143
top1,2.4,5,7.21e-05,1.0600000000000001e-12,-7.210200000000002e-05,1.0600000000000001e-12,7.21e-05,50556.11729019204
top1,2.5,5,7.4036e-05,-8.2e-13,-7.4036e-05,8.2e-13,7.4036e-05,52714.812862414416
top1,2.6,5,7.5894e-05,1.9660000000000003e-11,-7.59e-05,1.9660000000000003e-11,7.5894e-05,54704.59518599577
top1,2.7,5,7.7692e-05,-4.651e-11,-7.770200000000001e-05,4.651e-11,7.7692e-05,56850.483229107456
top1,2.8000000000000003,5,7.9412e-05,1.204e-11,-7.9418e-05,1.204e-11,7.9412e-05,59276.82276229989
top1,2.9,5,8.1066e-05,2.2000000000000002e-13,-8.107e-05,2.2000000000000002e-13,8.1066e-05,61766.52254478067
top1,3.0,5,8.265e-05,-1.7200000000000001e-12,-8.2658e-05,1.7200000000000001e-12,8.265e-05,64599.48320413445
top1,3.1,5,8.4162e-05,4.03e-12,-8.4166e-05,4.03e-12,8.4162e-05,67567.56756756766
top1,3.2,5,8.561e-05,-4.9330000000000006e-11,-8.562e-05,4.9330000000000006e-11,8.561e-05,70871.72218284891
top1,3.3000000000000003,5,8.6984e-05,1.037e-11,-8.6992e-05,1.037e-11,8.6984e-05,74460.16381236006
top1,3.4,5,8.829600000000001e-05,9.8e-13,-8.8306e-05,9.8e-13,8.829600000000001e-05,78124.99999999981
top1,3.5,5,8.954400000000002e-05,-2.3800000000000004e-12,-8.9548e-05,2.3800000000000004e-12,8.954400000000002e-05,82169.26869350878
top1,3.6,5,9.073e-05,1.2500000000000001e-12,-9.0734e-05,1.2500000000000001e-12,9.073e-05,86956.52173913094
top1,3.7,5,9.1844e-05,-3.2180000000000005e-11,-9.1856e-05,3.2180000000000005e-11,9.1844e-05,91743.11926605528
top1,3.8,5,9.291e-05,3.869e-11,-9.2916e-05,3.869e-11,9.291e-05,97087.37864077638
top1,3.9,5,9.3904e-05,-3.4100000000000002e-12,-9.391e-05,3.4100000000000002e-12,9.3904e-05,103199.17440660491
top1,4.0,5,9.4848e-05,-1.46e-12,-9.4864e-05,1.46e-12,9.4848e-05,109409.1903719913
top1,4.1,5,9.5732e-05,4.3000000000000004e-13,-9.5738e-05,4.3000000000000004e-13,9.5732e-05,117233.29425556866
top1,4.2,5,9.6554e-05,-2.688e-11,-9.6562e-05,2.688e-11,9.6554e-05,125470.51442910833
top1,4.3,5,9.7326e-05,4.8930000000000006e-11,-9.7332e-05,4.8930000000000006e-11,9.7326e-05,133511.34846461916
top1,4.4,5,9.8052e-05,-3.3520000000000004e-11,-9.8058e-05,3.3520000000000004e-11,9.8052e-05,143266.47564469944
top1,4.5,5,9.8722e-05,-2.2700000000000002e-12,-9.8736e-05,2.2700000000000002e-12,9.8722e-05,155520.99533437018
top1,4.6000000000000005,5,9.9338e-05,2.2200000000000002e-12,-9.9354e-05,2.2200000000000002e-12,9.9338e-05,167504.1876046899
top1,4.7,5,9.9916e-05,-6.55e-12,-9.993400000000002e-05,6.55e-12,9.9916e-05,176678.44522968103
top1,4.8,5,0.00010047,4.29e-11,-0.000100474,4.29e-11,0.00010047,187617.260787994
top1,4.9,5,0.000100982,-2.433e-11,-0.000100976,2.433e-11,0.000100982,204918.03278688568
top1,5.0,5,0.000101446,-1.65e-12,-0.000101456,1.65e-12,0.000101446,215517.24137930915
