device,VD,VG,ID,IG,IS,absIg,absId,r
bot1,0.0,-5,3.7754e-12,-2.3000000000000003e-12,-7.07e-12,2.3000000000000003e-12,3.7754e-12,1121076233183.8557
bot1,0.1,-5,3.8646e-12,-5.6210000000000005e-11,-1.184e-11,5.6210000000000005e-11,3.8646e-12,576368876080.6917
bot1,0.2,-5,4.1224e-12,-6.039000000000001e-11,-1.635e-11,6.039000000000001e-11,4.1224e-12,442282176028.3068
bot1,0.3,-5,4.3168e-12,-6.127e-11,-2.1570000000000003e-11,6.127e-11,4.3168e-12,-22272707024.8118
bot1,0.4,-5,-4.8572e-12,2.376e-11,3.6220000000000005e-11,2.376e-11,4.8572e-12,-23674802907.2658
bot1,0.5,-5,-4.131e-12,2.120000000000001e-12,1.2870000000000002e-11,2.120000000000001e-12,4.131e-12,33634926507.685574
bot1,0.6,-5,1.089e-12,-2.49e-12,1.4800000000000006e-12,2.49e-12,1.089e-12,50243681857.006485
bot1,0.7,-5,-1.504e-13,-1.1000000000000001e-13,1.6300000000000001e-12,1.1000000000000001e-13,1.504e-13,-80321285140.56227
bot1,0.8,-5,-1.401e-12,6.180000000000001e-12,3.35e-12,6.180000000000001e-12,1.401e-12,-85470085470.08545
bot1,0.9,-5,-2.4904e-12,2.096e-11,5.04e-12,2.096e-11,2.4904e-12,-105797714769.36096
bot1,1.0,-5,-3.2914e-12,3.8410000000000006e-11,7.760000000000002e-12,3.8410000000000006e-11,3.2914e-12,-164934850733.96014
bot1,1.1,-5,-3.703e-12,5.1120000000000007e-11,9.6e-12,5.1120000000000007e-11,3.703e-12,-239348970799.4256
bot1,1.2,-5,-4.127e-12,5.816e-11,1.365e-11,5.816e-11,4.127e-12,-347705146036.16113
bot1,1.3,-5,-4.2782e-12,6.148e-11,1.8950000000000003e-11,6.148e-11,4.2782e-12,22661862351.84809
bot1,1.4,-5,4.6984e-12,-3.1560000000000005e-11,-3.528e-11,3.1560000000000005e-11,4.6984e-12,22873350259.61252
bot1,1.5,-5,4.4656e-12,-1.5e-12,-1.985e-11,1.5e-12,4.4656e-12,-28634424304.899345
bot1,1.6,-5,-2.2862e-12,2.1500000000000003e-12,5e-14,2.1500000000000003e-12,2.2862e-12,-35373187124.15988
bot1,1.7,-5,-1.1884e-12,2.9100000000000003e-12,-1.27e-12,2.9100000000000003e-12,1.1884e-12,90440444966.9892
bot1,1.8,-5,-7.48e-14,-4.2000000000000003e-13,-2.28e-12,4.2000000000000003e-13,7.48e-14,83368070029.17891
bot1,1.9,-5,1.2106e-12,-4.46e-12,-3.2e-12,4.46e-12,1.2106e-12,85579803166.4527
bot1,2.0,-5,2.2622e-12,-1.5850000000000002e-11,-4.46e-12,1.5850000000000002e-11,2.2622e-12,112032265292.4042
bot1,2.1,-5,2.9958e-12,-2.99e-11,-6.09e-12,2.99e-11,2.9958e-12,148964695367.19812
bot1,2.2,-5,3.6048e-12,-4.564e-11,-8.690000000000003e-12,4.564e-11,3.6048e-12,204290091930.5416
bot1,2.3000000000000003,-5,3.9748e-12,-5.5150000000000005e-11,-1.221e-11,5.5150000000000005e-11,3.9748e-12,364298724954.4624
bot1,2.4,-5,4.1538e-12,-6.141000000000001e-11,-1.827e-11,6.141000000000001e-11,4.1538e-12,568181818181.8173
bot1,2.5,-5,4.3268e-12,-5.98e-11,-2.459e-11,5.98e-11,4.3268e-12,-22146432209.771027
bot1,2.6,-5,-4.877e-12,1.6160000000000002e-11,3.679e-11,1.6160000000000002e-11,4.877e-12,-23902858781.910343
bot1,2.7,-5,-4.0404e-12,1.1500000000000001e-12,1.25e-11,1.1500000000000001e-12,4.0404e-12,33615705257.49633
bot1,2.8000000000000003,-5,1.0726e-12,-2.7600000000000004e-12,1.3400000000000006e-12,2.7600000000000004e-12,1.0726e-12,52430136842.6571
bot1,2.9,-5,-2.258e-13,-4.600000000000003e-13,1.8700000000000003e-12,4.600000000000003e-13,2.258e-13,-79365079365.07928
bot1,3.0,-5,-1.4474e-12,5.8700000000000014e-12,2.960000000000001e-12,5.8700000000000014e-12,1.4474e-12,-95011876484.56064
bot1,3.1,-5,-2.3308e-12,1.581e-11,4.18e-12,1.581e-11,2.3308e-12,-118273211117.68196
bot1,3.2,-5,-3.1384e-12,3.485e-11,6.7800000000000006e-12,3.485e-11,3.1384e-12,-155062800434.17603
bot1,3.3000000000000003,-5,-3.6206e-12,5.0790000000000006e-11,9.88e-12,5.0790000000000006e-11,3.6206e-12,-233590282644.2417
bot1,3.4,-5,-3.9946e-12,5.92e-11,1.491e-11,5.92e-11,3.9946e-12,-294811320754.71643
bot1,3.5,-5,-4.299e-12,6.052e-11,1.991e-11,6.052e-11,4.299e-12,22510354763.19109
bot1,3.6,-5,4.8902e-12,-2.91e-11,-3.621e-11,2.91e-11,4.8902e-12,22587129853.409546
bot1,3.7,-5,4.5556e-12,-1.1600000000000001e-12,-1.753e-11,1.1600000000000001e-12,4.5556e-12,-30538080986.990807
bot1,3.8,-5,-1.659e-12,2.46e-12,-5.2e-13,2.46e-12,1.659e-12,-39138943248.53224
bot1,3.9,-5,-5.544e-13,1.4e-12,-1.6700000000000006e-12,1.4e-12,5.544e-13,83437630371.29735
bot1,4.0,-5,7.38e-13,-1.7500000000000002e-12,-2.69e-12,1.7500000000000002e-12,7.38e-13,81786210844.85144
bot1,4.1,-5,1.891e-12,-1.049e-11,-3.8300000000000004e-12,1.049e-11,1.891e-12,94768764215.31471
bot1,4.2,-5,2.8484e-12,-2.578e-11,-5.58e-12,2.578e-11,2.8484e-12,126278570526.58174
bot1,4.3,-5,3.4748e-12,-3.937e-11,-8.01e-12,3.937e-11,3.4748e-12,167644593461.86096
bot1,4.4,-5,4.0414e-12,-5.3620000000000005e-11,-1.096e-11,5.3620000000000005e-11,4.0414e-12,229779411764.70612
bot1,4.5,-5,4.3452e-12,-6.072000000000001e-11,-1.4870000000000003e-11,6.072000000000001e-11,4.3452e-12,404530744336.57
bot1,4.6000000000000005,-5,4.5358e-12,-6.210000000000001e-11,-2.0970000000000003e-11,6.210000000000001e-11,4.5358e-12,-22496681739.443447
bot1,4.7,-5,-4.545e-12,2.875e-11,3.587e-11,2.875e-11,4.545e-12,-23367215796.2378
bot1,4.8,-5,-4.0232e-12,2.37e-12,1.5690000000000003e-11,2.37e-12,4.0232e-12,29747739171.822968
bot1,4.9,-5,2.1782e-12,-3.13e-12,3.2000000000000005e-13,3.13e-12,2.1782e-12,39384033712.732895
bot1,5.0,-5,1.055e-12,-1.4400000000000001e-12,1.4300000000000002e-12,1.4400000000000001e-12,1.055e-12,-89031339031.3387
bot1,0.0,-4,-4.1946e-12,6.185e-11,1.9240000000000003e-11,6.185e-11,4.1946e-12,11048747072.082026
bot1,0.1,-4,4.8562e-12,-2.3500000000000003e-11,-3.664e-11,2.3500000000000003e-11,4.8562e-12,23955538520.505936
bot1,0.2,-4,4.1542e-12,-1.2400000000000002e-12,-1.403e-11,1.2400000000000002e-12,4.1542e-12,-31800546969.40787
bot1,0.3,-4,-1.433e-12,2.03e-12,-1.4700000000000002e-12,2.03e-12,1.433e-12,-47920260686.21814
bot1,0.4,-4,-1.9399999999999998e-14,1.1500000000000001e-12,-2.11e-12,1.1500000000000001e-12,1.9399999999999998e-14,77393390604.44238
bot1,0.5,-4,1.1512e-12,-5.660000000000001e-12,-3.4000000000000005e-12,5.660000000000001e-12,1.1512e-12,90211998195.76
bot1,0.6,-4,2.1976e-12,-1.58e-11,-4.5400000000000004e-12,1.58e-11,2.1976e-12,109051254089.42207
bot1,0.7,-4,2.9852e-12,-3.0210000000000005e-11,-5.89e-12,3.0210000000000005e-11,2.9852e-12,137931034482.75867
bot1,0.8,-4,3.6476e-12,-4.748000000000001e-11,-9.43e-12,4.748000000000001e-11,3.6476e-12,193423597678.9168
bot1,0.9,-4,4.0192e-12,-5.7490000000000006e-11,-1.386e-11,5.7490000000000006e-11,4.0192e-12,366568914956.0119
bot1,1.0,-4,4.1932e-12,-6.062e-11,-1.8110000000000003e-11,6.062e-11,4.1932e-12,640614990390.7749
bot1,1.1,-4,4.3314e-12,-5.956e-11,-2.4520000000000003e-11,5.956e-11,4.3314e-12,-21998812064.148533
bot1,1.2,-4,-4.8982e-12,1.764e-11,3.665e-11,1.764e-11,4.8982e-12,-23783475241.402267
bot1,1.3,-4,-4.0778e-12,2.13e-12,1.251e-11,2.13e-12,4.0778e-12,33489618218.35234
bot1,1.4,-4,1.0738e-12,-2.31e-12,1.1100000000000001e-12,2.31e-12,1.0738e-12,50658561296.85915
bot1,1.5,-4,-1.298e-13,4.800000000000001e-13,1.7600000000000002e-12,4.800000000000001e-13,1.298e-13,-90155066714.74936
bot1,1.6,-4,-1.1446e-12,2.8900000000000004e-12,2.8900000000000004e-12,2.8900000000000004e-12,1.1446e-12,-101978380583.31631
bot1,1.7,-4,-2.091e-12,1.445e-11,3.92e-12,1.445e-11,2.091e-12,-108459869848.15616
bot1,1.8,-4,-2.9886e-12,3.071e-11,6.1100000000000004e-12,3.071e-11,2.9886e-12,-139879703455.02878
bot1,1.9,-4,-3.5208e-12,4.53e-11,9.22e-12,4.53e-11,3.5208e-12,-201328769881.21603
bot1,2.0,-4,-3.982e-12,5.6390000000000005e-11,1.264e-11,5.6390000000000005e-11,3.982e-12,-292654375182.9089
bot1,2.1,-4,-4.2042e-12,6.111000000000001e-11,1.6180000000000003e-11,6.111000000000001e-11,4.2042e-12,-485201358563.8042
bot1,2.2,-4,-4.3942e-12,6.14e-11,2.2e-11,6.14e-11,4.3942e-12,22035168128.33284
bot1,2.3000000000000003,-4,4.8722e-12,-2.5010000000000003e-11,-3.675e-11,2.5010000000000003e-11,4.8722e-12,23184104977.62731
bot1,2.4,-4,4.2324e-12,-1.21e-12,-1.475e-11,1.21e-12,4.2324e-12,-31505986137.36605
bot1,2.5,-4,-1.4758e-12,1.3000000000000001e-12,-1.1900000000000002e-12,1.3000000000000001e-12,1.4758e-12,-44480028467.218254
bot1,2.6,-4,-2.64e-13,7.100000000000001e-13,-1.7000000000000002e-12,7.100000000000001e-13,2.64e-13,92038656235.61903
bot1,2.7,-4,6.972e-13,-1.3000000000000001e-12,-2.9e-12,1.3000000000000001e-12,6.972e-13,103476821192.05309
bot1,2.8000000000000003,-4,1.6688e-12,-9.26e-12,-3.730000000000001e-12,9.26e-12,1.6688e-12,108837614279.49484
bot1,2.9,-4,2.5348e-12,-2.173e-11,-5.320000000000001e-12,2.173e-11,2.5348e-12,123900384091.19052
bot1,3.0,-4,3.283e-12,-3.96e-11,-7.670000000000001e-12,3.96e-11,3.283e-12,161004669135.40512
bot1,3.1,-4,3.777e-12,-5.1730000000000005e-11,-1.06e-11,5.1730000000000005e-11,3.777e-12,253678335870.117
bot1,3.2,-4,4.0714e-12,-5.947e-11,-1.4510000000000002e-11,5.947e-11,4.0714e-12,396196513470.68176
bot1,3.3000000000000003,-4,4.2818e-12,-6.027e-11,-2.018e-11,6.027e-11,4.2818e-12,-22611133722.24481
bot1,3.4,-4,-4.7738e-12,3.1450000000000005e-11,3.495e-11,3.1450000000000005e-11,4.7738e-12,-22713850906.282623
bot1,3.5,-4,-4.5234e-12,1.93e-12,1.91e-11,1.93e-12,4.5234e-12,28515212866.06407
bot1,3.6,-4,2.24e-12,-2.3200000000000002e-12,-1.2400000000000002e-12,2.3200000000000002e-12,2.24e-12,34947927587.89407
bot1,3.7,-4,1.1994e-12,-2.120000000000001e-12,1.0100000000000001e-12,2.120000000000001e-12,1.1994e-12,-82973780285.42987
bot1,3.8,-4,-1.704e-13,-3.800000000000001e-13,1.9200000000000003e-12,3.800000000000001e-13,1.704e-13,-74710496824.80377
bot1,3.9,-4,-1.4776e-12,6.740000000000001e-12,2.960000000000001e-12,6.740000000000001e-12,1.4776e-12,-83934866543.56207
bot1,4.0,-4,-2.5532e-12,2.192e-11,5.24e-12,2.192e-11,2.5532e-12,-116795141322.12083
bot1,4.1,-4,-3.19e-12,3.7600000000000005e-11,6.76e-12,3.7600000000000005e-11,3.19e-12,-170068027210.88452
bot1,4.2,-4,-3.7292e-12,5.247000000000001e-11,1.028e-11,5.247000000000001e-11,3.7292e-12,-210526315789.4739
bot1,4.3,-4,-4.14e-12,5.96e-11,1.436e-11,5.96e-11,4.14e-12,-343288705801.5792
bot1,4.4,-4,-4.3118e-12,6.146e-11,1.942e-11,6.146e-11,4.3118e-12,22498200143.988503
bot1,4.5,-4,4.7496e-12,-3.0210000000000005e-11,-3.568e-11,3.0210000000000005e-11,4.7496e-12,22863936712.6232
bot1,4.6000000000000005,-4,4.4356e-12,-1.2500000000000001e-12,-1.797e-11,1.2500000000000001e-12,4.4356e-12,-29181743901.01556
bot1,4.7,-4,-2.104e-12,2.500000000000001e-12,5e-13,2.500000000000001e-12,2.104e-12,-36650174088.32679
bot1,4.8,-4,-1.0214e-12,2.7100000000000004e-12,-1.5600000000000002e-12,2.7100000000000004e-12,1.0214e-12,79484937604.32405
bot1,4.9,-4,4.122e-13,-1.3900000000000001e-12,-2.31e-12,1.3900000000000001e-12,4.122e-13,80664676937.96893
bot1,5.0,-4,1.458e-12,-6.96e-12,-3.640000000000001e-12,6.96e-12,1.458e-12,95620577548.28804
bot1,0.0,-3,4.0984e-12,-6.071e-11,-1.759e-11,6.071e-11,4.0984e-12,-11211767871.557987
bot1,0.1,-3,-4.8208e-12,3.067e-11,3.537e-11,3.067e-11,4.8208e-12,-23318176518.59625
bot1,0.2,-3,-4.4786e-12,1.7000000000000002e-12,1.786e-11,1.7000000000000002e-12,4.4786e-12,29436006122.68927
bot1,0.3,-3,1.9736e-12,-3.05e-12,-1.1000000000000001e-13,3.05e-12,1.9736e-12,37973722184.248505
bot1,0.4,-3,7.882e-13,-1.5700000000000002e-12,1.21e-12,1.5700000000000002e-12,7.882e-13,-86610081413.47653
bot1,0.5,-3,-3.356e-13,-8.100000000000002e-13,2.2000000000000003e-12,8.100000000000002e-13,3.356e-13,-94903672772.13628
bot1,0.6,-3,-1.3192e-12,6.330000000000001e-12,2.8900000000000004e-12,6.330000000000001e-12,1.3192e-12,-101781170483.4606
bot1,0.7,-3,-2.3006e-12,1.661e-11,4.56e-12,1.661e-11,2.3006e-12,-115486776764.06056
bot1,0.8,-3,-3.051e-12,3.216e-11,6.590000000000001e-12,3.216e-11,3.051e-12,-144801621778.1639
bot1,0.9,-3,-3.6818e-12,4.8e-11,9.38e-12,4.8e-11,3.6818e-12,-201247735962.9704
bot1,1.0,-3,-4.0448e-12,5.835000000000001e-11,1.346e-11,5.835000000000001e-11,4.0448e-12,-342700479780.6717
bot1,1.1,-3,-4.2654e-12,6.144000000000001e-11,1.7580000000000002e-11,6.144000000000001e-11,4.2654e-12,-580383052814.8578
bot1,1.2,-3,-4.3894e-12,6.070000000000001e-11,2.355e-11,6.070000000000001e-11,4.3894e-12,21936078267.927254
bot1,1.3,-3,4.852e-12,-1.644e-11,-3.759e-11,1.644e-11,4.852e-12,23686018143.48992
bot1,1.4,-3,4.0544e-12,-1.7700000000000001e-12,-1.289e-11,1.7700000000000001e-12,4.0544e-12,-32451728054.51889
bot1,1.5,-3,-1.311e-12,1.95e-12,-1.5700000000000002e-12,1.95e-12,1.311e-12,-49487801256.99014
bot1,1.6,-3,1.3e-14,5.6e-13,-2.26e-12,5.6e-13,1.3e-14,77948398160.41777
bot1,1.7,-3,1.2548e-12,-4.27e-12,-3.15e-12,4.27e-12,1.2548e-12,93423019431.98802
bot1,1.8,-3,2.1538e-12,-1.5180000000000003e-11,-4.5900000000000004e-12,1.5180000000000003e-11,2.1538e-12,114233493260.224
bot1,1.9,-3,3.0056e-12,-3.0280000000000004e-11,-6.4800000000000015e-12,3.0280000000000004e-11,3.0056e-12,139997200055.99887
bot1,2.0,-3,3.5824e-12,-4.7220000000000006e-11,-9.38e-12,4.7220000000000006e-11,3.5824e-12,211282484682.0198
bot1,2.1,-3,3.9522e-12,-5.776e-11,-1.321e-11,5.776e-11,3.9522e-12,312891113892.3658
bot1,2.2,-3,4.2216e-12,-6.171e-11,-1.8930000000000003e-11,6.171e-11,4.2216e-12,411861614497.52966
bot1,2.3000000000000003,-3,4.4378e-12,-6.084000000000001e-11,-2.457e-11,6.084000000000001e-11,4.4378e-12,-21794089442.943047
bot1,2.4,-3,-4.9552e-12,1.783e-11,3.6950000000000006e-11,1.783e-11,4.9552e-12,-23711291316.925087
bot1,2.5,-3,-3.997e-12,1.91e-12,1.138e-11,1.91e-12,3.997e-12,34160005465.600903
bot1,2.6,-3,8.996e-13,-2.9400000000000004e-12,9.200000000000001e-13,2.9400000000000004e-12,8.996e-13,51717004551.09644
bot1,2.7,-3,-1.298e-13,2.9000000000000013e-13,1.5300000000000001e-12,2.9000000000000013e-13,1.298e-13,-93843843843.84392
bot1,2.8000000000000003,-3,-1.2316e-12,5.9e-12,3.15e-12,5.9e-12,1.2316e-12,-94732853353.5429
bot1,2.9,-3,-2.241e-12,1.824e-11,4.51e-12,1.824e-11,2.241e-12,-111111111111.11096
bot1,3.0,-3,-3.0316e-12,3.368e-11,6.8800000000000006e-12,3.368e-11,3.0316e-12,-135098621994.05576
bot1,3.1,-3,-3.7214e-12,4.963e-11,9.54e-12,4.963e-11,3.7214e-12,-185908161368.28424
bot1,3.2,-3,-4.1074e-12,5.845e-11,1.381e-11,5.845e-11,4.1074e-12,-374672161858.3743
bot1,3.3000000000000003,-3,-4.2552e-12,6.185e-11,1.868e-11,6.185e-11,4.2552e-12,-739098300073.9084
bot1,3.4,-3,-4.378e-12,5.98e-11,2.4320000000000003e-11,5.98e-11,4.378e-12,22010917415.037827
bot1,3.5,-3,4.8312e-12,-1.9750000000000003e-11,-3.685e-11,1.9750000000000003e-11,4.8312e-12,23534949399.85881
bot1,3.6,-3,4.12e-12,-1.4800000000000006e-12,-1.231e-11,1.4800000000000006e-12,4.12e-12,-33935116058.09695
bot1,3.7,-3,-1.0624e-12,2.400000000000001e-12,-1.32e-12,2.400000000000001e-12,1.0624e-12,-49664762850.75742
bot1,3.8,-3,9.3e-14,2.9000000000000013e-13,-2.19e-12,2.9000000000000013e-13,9.3e-14,87221979938.9445
bot1,3.9,-3,1.2306e-12,-4.240000000000001e-12,-3.15e-12,4.240000000000001e-12,1.2306e-12,94966761633.4282
bot1,4.0,-3,2.199e-12,-1.4310000000000002e-11,-4.17e-12,1.4310000000000002e-11,2.199e-12,119274809160.3052
bot1,4.1,-3,2.9074e-12,-2.946e-11,-6.3700000000000005e-12,2.946e-11,2.9074e-12,156519017060.573
bot1,4.2,-3,3.4768e-12,-4.6e-11,-9.12e-12,4.6e-11,3.4768e-12,193162062970.8328
bot1,4.3,-3,3.9428e-12,-5.7010000000000005e-11,-1.3280000000000002e-11,5.7010000000000005e-11,3.9428e-12,293772032902.4679
bot1,4.4,-3,4.1576e-12,-6.196e-11,-1.797e-11,6.196e-11,4.1576e-12,457456541628.5459
bot1,4.5,-3,4.38e-12,-6.142e-11,-2.428e-11,6.142e-11,4.38e-12,-22024976323.15047
bot1,4.6000000000000005,-3,-4.923e-12,2.155e-11,3.679e-11,2.155e-11,4.923e-12,-23604947597.01636
bot1,4.7,-3,-4.0928e-12,2.350000000000001e-12,1.221e-11,2.350000000000001e-12,4.0928e-12,32104790034.673058
bot1,4.8,-3,1.3066e-12,-1.6200000000000004e-12,1.1900000000000002e-12,1.6200000000000004e-12,1.3066e-12,51310995946.431366
bot1,4.9,-3,-1.95e-13,-7.800000000000002e-13,1.85e-12,7.800000000000002e-13,1.95e-13,-73937153419.59341
bot1,5.0,-3,-1.3984e-12,5.520000000000001e-12,3.13e-12,5.520000000000001e-12,1.3984e-12,-83097889313.61113
bot1,0.0,-2,-4.3994e-12,4.742e-11,3.1370000000000004e-11,4.742e-11,4.3994e-12,10525429437.521051
bot1,0.1,-2,5.1014e-12,-1.3500000000000001e-12,-3.415e-11,1.3500000000000001e-12,5.1014e-12,27693159789.53199
bot1,0.2,-2,2.8226e-12,-1.6e-12,-3.010000000000001e-12,1.6e-12,2.8226e-12,-43086733594.72617
bot1,0.3,-2,4.596e-13,-1.5600000000000002e-12,-2.01e-12,1.5600000000000002e-12,4.596e-13,-157977883096.36652
bot1,0.4,-2,1.5566e-12,-5.570000000000001e-12,-3.3700000000000004e-12,5.570000000000001e-12,1.5566e-12,111037086386.85324
bot1,0.5,-2,2.2608e-12,-1.733e-11,-4.98e-12,1.733e-11,2.2608e-12,130072840790.84288
bot1,0.6,-2,3.0942e-12,-3.4580000000000005e-11,-6.61e-12,3.4580000000000005e-11,3.0942e-12,144759698899.82632
bot1,0.7,-2,3.6424e-12,-4.9470000000000005e-11,-9.77e-12,4.9470000000000005e-11,3.6424e-12,213492741246.79764
bot1,0.8,-2,4.031e-12,-5.747e-11,-1.3500000000000002e-11,5.747e-11,4.031e-12,388802488335.92505
bot1,0.9,-2,4.1568e-12,-6.217e-11,-1.7760000000000002e-11,6.217e-11,4.1568e-12,551876379690.9489
bot1,1.0,-2,4.3934e-12,-6.114000000000001e-11,-2.377e-11,6.114000000000001e-11,4.3934e-12,-21992038881.92475
bot1,1.1,-2,-4.9374e-12,1.834e-11,3.6770000000000006e-11,1.834e-11,4.9374e-12,-24277147920.66228
bot1,1.2,-2,-3.8448e-12,1.41e-12,1.091e-11,1.41e-12,3.8448e-12,33846674564.224056
bot1,1.3,-2,9.716e-13,-1.51e-12,9.9e-13,1.51e-12,9.716e-13,56094687833.062256
bot1,1.4,-2,-2.794e-13,-1e-13,1.8100000000000002e-12,1e-13,2.794e-13,-90252707581.2274
bot1,1.5,-2,-1.2444e-12,4.450000000000001e-12,2.85e-12,4.450000000000001e-12,1.2444e-12,-111919418019.02628
bot1,1.6,-2,-2.0664e-12,1.422e-11,4.32e-12,1.422e-11,2.0664e-12,-114272654553.76527
bot1,1.7,-2,-2.9946e-12,3.1670000000000005e-11,6.56e-12,3.1670000000000005e-11,2.9946e-12,-132065504490.22713
bot1,1.8,-2,-3.5808e-12,4.745e-11,8.94e-12,4.745e-11,3.5808e-12,-195886385896.1804
bot1,1.9,-2,-4.0156e-12,5.812e-11,1.2370000000000002e-11,5.812e-11,4.0156e-12,-313087038196.6188
bot1,2.0,-2,-4.2196e-12,6.099e-11,1.682e-11,6.099e-11,4.2196e-12,-564652738565.7815
bot1,2.1,-2,-4.3698e-12,6.166000000000001e-11,2.313e-11,6.166000000000001e-11,4.3698e-12,22033711578.71545
bot1,2.2,-2,4.8574e-12,-2.2810000000000003e-11,-3.699e-11,2.2810000000000003e-11,4.8574e-12,23409883652.878265
bot1,2.3000000000000003,-2,4.1736e-12,-1.18e-12,-1.336e-11,1.18e-12,4.1736e-12,-32883919763.235733
bot1,2.4,-2,-1.2246e-12,2.23e-12,-1.6700000000000006e-12,2.23e-12,1.2246e-12,-46659201194.47549
bot1,2.5,-2,-1.128e-13,4.800000000000001e-13,-2.03e-12,4.800000000000001e-13,1.128e-13,91357573542.8468
bot1,2.6,-2,9.646e-13,-2.39e-12,-2.9300000000000002e-12,2.39e-12,9.646e-13,101719051978.43564
bot1,2.7,-2,1.8534e-12,-1.019e-11,-3.8e-12,1.019e-11,1.8534e-12,108932461873.63844
bot1,2.8000000000000003,-2,2.8006e-12,-2.5850000000000003e-11,-5.760000000000001e-12,2.5850000000000003e-11,2.8006e-12,127437237160.6982
bot1,2.9,-2,3.4228e-12,-4.239e-11,-7.7e-12,4.239e-11,3.4228e-12,197199763360.2837
bot1,3.0,-2,3.8148e-12,-5.336e-11,-1.153e-11,5.336e-11,3.8148e-12,312402374258.0446
bot1,3.1,-2,4.063e-12,-6.007e-11,-1.61e-11,6.007e-11,4.063e-12,405679513184.5848
bot1,3.2,-2,4.3078e-12,-6.093e-11,-2.1770000000000003e-11,6.093e-11,4.3078e-12,-22515423064.799408
bot1,3.3000000000000003,-2,-4.8198e-12,2.7690000000000003e-11,3.539e-11,2.7690000000000003e-11,4.8198e-12,-22893248780.93447
bot1,3.4,-2,-4.4284e-12,9.700000000000001e-13,1.777e-11,9.700000000000001e-13,4.4284e-12,30328763799.587486
bot1,3.5,-2,1.7746e-12,-1.79e-12,6.200000000000001e-13,1.79e-12,1.7746e-12,40956749672.34604
bot1,3.6,-2,4.548e-13,-1.3800000000000002e-12,1.26e-12,1.3800000000000002e-12,4.548e-13,-83084081090.06323
bot1,3.7,-2,-6.326e-13,1.7600000000000002e-12,2.19e-12,1.7600000000000002e-12,6.326e-13,-97040271712.7609
bot1,3.8,-2,-1.6062e-12,8.76e-12,3.33e-12,8.76e-12,1.6062e-12,-112892300745.08904
bot1,3.9,-2,-2.4042e-12,1.91e-11,4.84e-12,1.91e-11,2.4042e-12,-130208333333.33316
bot1,4.0,-2,-3.1422e-12,3.482e-11,6.850000000000001e-12,3.482e-11,3.1422e-12,-159337157425.11136
bot1,4.1,-2,-3.6594e-12,5.0860000000000006e-11,9.96e-12,5.0860000000000006e-11,3.6594e-12,-192529842125.52963
bot1,4.2,-2,-4.181e-12,5.938e-11,1.459e-11,5.938e-11,4.181e-12,-298329355608.5921
bot1,4.3,-2,-4.3298e-12,6.203e-11,2.002e-11,6.203e-11,4.3298e-12,22324418448.89943
bot1,4.4,-2,4.7778e-12,-3.0570000000000004e-11,-3.5860000000000006e-11,3.0570000000000004e-11,4.7778e-12,22902686485.124725
bot1,4.5,-2,4.4028e-12,-1.17e-12,-1.7600000000000003e-11,1.17e-12,4.4028e-12,-30234315948.60169
bot1,4.6000000000000005,-2,-1.8372e-12,2.19e-12,-4.2000000000000003e-13,2.19e-12,1.8372e-12,-39815257206.56159
bot1,4.7,-2,-6.204e-13,1.03e-12,-1.59e-12,1.03e-12,6.204e-13,78431372549.01933
bot1,4.8,-2,7.128e-13,-1.95e-12,-2.5600000000000004e-12,1.95e-12,7.128e-13,83619031691.61308
bot1,4.9,-2,1.7714e-12,-1.0440000000000002e-11,-4.17e-12,1.0440000000000002e-11,1.7714e-12,97551458394.30309
bot1,5.0,-2,2.763e-12,-2.599e-11,-5.820000000000001e-12,2.599e-11,2.763e-12,100847115772.48856
bot1,0.0,-1,-4.908e-12,2.4000000000000004e-13,3.3450000000000005e-11,2.4000000000000004e-13,4.908e-12,35308240943.4362
bot1,0.1,-1,-2.0758e-12,2.51e-12,-1.6000000000000005e-13,2.51e-12,2.0758e-12,48433186419.334526
bot1,0.2,-1,-7.785999999999999e-13,1.14e-12,-1.69e-12,1.14e-12,7.785999999999999e-13,81586032471.2409
bot1,0.3,-1,3.756e-13,-5.1e-13,-2.39e-12,5.1e-13,3.756e-13,81779522407.58914
bot1,0.4,-1,1.667e-12,-8.92e-12,-3.5500000000000004e-12,8.92e-12,1.667e-12,89063056644.10405
bot1,0.5,-1,2.6212e-12,-2.1570000000000003e-11,-5.050000000000001e-12,2.1570000000000003e-11,2.6212e-12,122354092744.40228
bot1,0.6,-1,3.3016e-12,-3.67e-11,-7.040000000000001e-12,3.67e-11,3.3016e-12,188928773852.25772
bot1,0.7,-1,3.6798e-12,-5.03e-11,-1.022e-11,5.03e-11,3.6798e-12,271002710027.1004
bot1,0.8,-1,4.0396e-12,-5.872e-11,-1.416e-11,5.872e-11,4.0396e-12,377500943752.359
bot1,0.9,-1,4.2096e-12,-5.998000000000001e-11,-1.971e-11,5.998000000000001e-11,4.2096e-12,538213132400.4308
bot1,1.0,-1,4.4112e-12,-5.87e-11,-2.5740000000000003e-11,5.87e-11,4.4112e-12,-21822625698.32403
bot1,1.1,-1,-4.9552e-12,1.139e-11,3.678e-11,1.139e-11,4.9552e-12,-24324390065.91909
bot1,1.2,-1,-3.811e-12,2e-12,9.890000000000002e-12,2e-12,3.811e-12,34996850283.47448
bot1,1.3,-1,7.596e-13,-2.28e-12,1.1100000000000001e-12,2.28e-12,7.596e-13,58920575064.81269
bot1,1.4,-1,-4.166e-13,9.3e-13,1.83e-12,9.3e-13,4.166e-13,-89007565643.07964
bot1,1.5,-1,-1.4874e-12,5.99e-12,3.1200000000000004e-12,5.99e-12,1.4874e-12,-105163529288.04288
bot1,1.6,-1,-2.3184e-12,1.699e-11,4.7000000000000006e-12,1.699e-11,2.3184e-12,-130736043927.31071
bot1,1.7,-1,-3.0172e-12,3.38e-11,6.540000000000001e-12,3.38e-11,3.0172e-12,-141023833027.78165
bot1,1.8,-1,-3.7366e-12,5.212e-11,9.63e-12,5.212e-11,3.7366e-12,-176335743255.15796
bot1,1.9,-1,-4.1514e-12,5.931e-11,1.433e-11,5.931e-11,4.1514e-12,-329055610398.1573
bot1,2.0,-1,-4.3444e-12,6.198e-11,2.0170000000000003e-11,6.198e-11,4.3444e-12,22334390494.4834
bot1,2.1,-1,4.8034e-12,-3.019e-11,-3.5520000000000004e-11,3.019e-11,4.8034e-12,22692717906.823723
bot1,2.2,-1,4.469e-12,-1.23e-12,-1.726e-11,1.23e-12,4.469e-12,-29285149500.68823
bot1,2.3000000000000003,-1,-2.026e-12,1.74e-12,-3.3e-13,1.74e-12,2.026e-12,-39007645498.51766
bot1,2.4,-1,-6.582e-13,1.86e-12,-1.9900000000000002e-12,1.86e-12,6.582e-13,83139341536.41492
bot1,2.5,-1,3.796e-13,-1.1100000000000001e-12,-2.2500000000000003e-12,1.1100000000000001e-12,3.796e-13,106860440265.01398
bot1,2.6,-1,1.2134e-12,-5.100000000000001e-12,-3.1200000000000004e-12,5.100000000000001e-12,1.2134e-12,109733347964.4465
bot1,2.7,-1,2.2022e-12,-1.6580000000000002e-11,-4.83e-12,1.6580000000000002e-11,2.2022e-12,106484932382.06804
bot1,2.8000000000000003,-1,3.0916e-12,-3.2580000000000005e-11,-6.690000000000001e-12,3.2580000000000005e-11,3.0916e-12,144320969836.9171
bot1,2.9,-1,3.588e-12,-4.775e-11,-8.92e-12,4.775e-11,3.588e-12,238322211630.1236
bot1,3.0,-1,3.9308e-12,-5.7230000000000006e-11,-1.279e-11,5.7230000000000006e-11,3.9308e-12,372439478584.73016
bot1,3.1,-1,4.125e-12,-6.106000000000001e-11,-1.664e-11,6.106000000000001e-11,4.125e-12,587544065804.9365
bot1,3.2,-1,4.2712e-12,-6.213000000000001e-11,-2.2170000000000003e-11,6.213000000000001e-11,4.2712e-12,-22282136411.23913
bot1,3.3000000000000003,-1,-4.8508e-12,2.515e-11,3.614e-11,2.515e-11,4.8508e-12,-23254191568.03011
bot1,3.4,-1,-4.3294e-12,2.39e-12,1.5210000000000002e-11,2.39e-12,4.3294e-12,30454379339.74901
bot1,3.5,-1,1.7164e-12,-2.57e-12,6.900000000000001e-13,2.57e-12,1.7164e-12,42938726437.37391
bot1,3.6,-1,3.284e-13,-1.93e-12,1.51e-12,1.93e-12,3.284e-13,-83001328021.24841
bot1,3.7,-1,-6.932e-13,1.13e-12,2.36e-12,1.13e-12,6.932e-13,-91962479308.44225
bot1,3.8,-1,-1.8464e-12,9.42e-12,3.4500000000000004e-12,9.42e-12,1.8464e-12,-113739763421.29196
bot1,3.9,-1,-2.4516e-12,2.138e-11,5.160000000000001e-12,2.138e-11,2.4516e-12,-156201187129.02197
bot1,4.0,-1,-3.1268e-12,3.4870000000000005e-11,6.7200000000000004e-12,3.4870000000000005e-11,3.1268e-12,-167504187604.6899
bot1,4.1,-1,-3.6456e-12,4.9110000000000005e-11,9.87e-12,4.9110000000000005e-11,3.6456e-12,-232991612301.95743
bot1,4.2,-1,-3.9852e-12,5.652e-11,1.2670000000000002e-11,5.652e-11,3.9852e-12,-352485019386.6763
bot1,4.3,-1,-4.213e-12,6.095000000000001e-11,1.668e-11,6.095000000000001e-11,4.213e-12,-473709142586.4519
bot1,4.4,-1,-4.4074e-12,6.078000000000001e-11,2.2080000000000003e-11,6.078000000000001e-11,4.4074e-12,22032255221.64451
bot1,4.5,-1,4.8646e-12,-2.428e-11,-3.7170000000000006e-11,2.428e-11,4.8646e-12,22872303927.174606
bot1,4.6000000000000005,-1,4.3368e-12,-1.55e-12,-1.639e-11,1.55e-12,4.3368e-12,-29547334830.398323
bot1,4.7,-1,-1.9042e-12,1.8000000000000002e-12,-3.0000000000000014e-13,1.8000000000000002e-12,1.9042e-12,-39859693877.55088
bot1,4.8,-1,-6.808e-13,1.3300000000000002e-12,-1.8100000000000002e-12,1.3300000000000002e-12,6.808e-13,83998320033.59941
bot1,4.9,-1,4.768e-13,-1.41e-12,-2.67e-12,1.41e-12,4.768e-13,99235883695.5444
bot1,5.0,-1,1.3346e-12,-5.59e-12,-3.2600000000000002e-12,5.59e-12,1.3346e-12,116577290743.7627
bot1,0.0,0,-3.3412e-12,2.839e-11,3.51e-11,2.839e-11,3.3412e-12,93840215.63730831
bot1,0.1,0,1.0623e-09,-2.6100000000000004e-12,-1.02667e-09,2.6100000000000004e-12,1.0623e-09,179962733.3171847
bot1,0.2,0,1.1079999999999999e-09,1.23e-12,-1.1622e-09,1.23e-12,1.1079999999999999e-09,1819836214.7406728
bot1,0.3,0,1.1722e-09,-2.87e-12,-1.1357e-09,2.87e-12,1.1722e-09,6666666666.666644
bot1,0.4,0,1.138e-09,6.071e-11,-1.124e-09,6.071e-11,1.138e-09,-4273504273.504285
bot1,0.5,0,1.1254e-09,6.900000000000001e-13,-1.1022e-09,6.900000000000001e-13,1.1254e-09,-5376344086.021499
bot1,0.6,0,1.1008e-09,1.59e-12,-1.1378e-09,1.59e-12,1.1008e-09,16949152542.373035
bot1,0.7,0,1.1372e-09,-5.830000000000001e-11,-1.1485e-09,5.830000000000001e-11,1.1372e-09,4319654427.645796
bot1,0.8,0,1.1470999999999999e-09,-2.34e-12,-1.1738e-09,2.34e-12,1.1470999999999999e-09,5681818181.818172
bot1,0.9,0,1.1724e-09,-1.9700000000000003e-12,-1.1374e-09,1.9700000000000003e-12,1.1724e-09,-20202020202.02033
bot1,1.0,0,1.1372e-09,5.627e-11,-1.1245e-09,5.627e-11,1.1372e-09,-4474272930.648765
bot1,1.1,0,1.1277e-09,3.3200000000000004e-12,-1.098e-09,3.3200000000000004e-12,1.1277e-09,-5263157894.736859
bot1,1.2,0,1.0992e-09,2.41e-12,-1.1356e-09,2.41e-12,1.0992e-09,35087719298.245026
bot1,1.3,0,1.1334e-09,-5.511e-11,-1.1452e-09,5.511e-11,1.1334e-09,4376367614.879658
bot1,1.4,0,1.1449e-09,-4.100000000000001e-12,-1.1744e-09,4.100000000000001e-12,1.1449e-09,5376344086.021499
bot1,1.5,0,1.1706e-09,-2.3800000000000004e-12,-1.1358e-09,2.3800000000000004e-12,1.1706e-09,-30303030303.03049
bot1,1.6,0,1.1383e-09,5.092e-11,-1.1261e-09,5.092e-11,1.1383e-09,-4761904761.904754
bot1,1.7,0,1.1286e-09,1.4850000000000002e-11,-1.1003e-09,1.4850000000000002e-11,1.1286e-09,-5221932114.882483
bot1,1.8,0,1.1e-09,1.7200000000000001e-12,-1.1301e-09,1.7200000000000001e-12,1.1e-09,-133333333333.32932
bot1,1.9,0,1.1271e-09,-4.436e-11,-1.1426e-09,4.436e-11,1.1271e-09,4926108374.38423
bot1,2.0,0,1.1406e-09,-2.081e-11,-1.1716e-09,2.081e-11,1.1406e-09,4662004662.004646
bot1,2.1,0,1.17e-09,-1.83e-12,-1.1433e-09,1.83e-12,1.17e-09,57142857142.856544
bot1,2.2,0,1.1441e-09,4.093e-11,-1.1297e-09,4.093e-11,1.1441e-09,-4807692307.692295
bot1,2.3000000000000003,0,1.1284e-09,2.209e-11,-1.0987e-09,2.209e-11,1.1284e-09,-4728132387.706856
bot1,2.4,0,1.1018e-09,2.62e-12,-1.1301e-09,2.62e-12,1.1018e-09,-333333333333.3455
bot1,2.5,0,1.1278e-09,-3.889e-11,-1.1415e-09,3.889e-11,1.1278e-09,5037783375.314869
bot1,2.6,0,1.1415e-09,-2.367e-11,-1.1721e-09,2.367e-11,1.1415e-09,4716981132.07548
bot1,2.7,0,1.1702e-09,-2.730000000000001e-12,-1.1436e-09,2.730000000000001e-12,1.1702e-09,166666666666.67313
bot1,2.8000000000000003,0,1.1427e-09,3.9e-11,-1.1296e-09,3.9e-11,1.1427e-09,-5063291139.24051
bot1,2.9,0,1.1307e-09,2.772e-11,-1.101e-09,2.772e-11,1.1307e-09,-4987531172.069832
bot1,3.0,0,1.1026e-09,1.5600000000000002e-12,-1.1188e-09,1.5600000000000002e-12,1.1026e-09,-15999999999.99987
bot1,3.1,0,1.1182e-09,-1.764e-11,-1.142e-09,1.764e-11,1.1182e-09,5291005291.005322
bot1,3.2,0,1.1404e-09,-5.072000000000001e-11,-1.1631e-09,5.072000000000001e-11,1.1404e-09,4535147392.290245
bot1,3.3000000000000003,0,1.1623e-09,-1.51e-12,-1.1581e-09,1.51e-12,1.1623e-09,11173184357.541813
bot1,3.4,0,1.1583e-09,1.2880000000000002e-11,-1.1337e-09,1.2880000000000002e-11,1.1583e-09,-7246376811.594195
bot1,3.5,0,1.1347e-09,5.4870000000000007e-11,-1.1127e-09,5.4870000000000007e-11,1.1347e-09,-4385964912.280713
bot1,3.6,0,1.1127e-09,2.0200000000000007e-12,-1.1129e-09,2.0200000000000007e-12,1.1127e-09,-9478672985.781973
bot1,3.7,0,1.1136e-09,-1.139e-11,-1.1412e-09,1.139e-11,1.1136e-09,7462686567.1642
bot1,3.8,0,1.1395e-09,-5.589000000000001e-11,-1.1614e-09,5.589000000000001e-11,1.1395e-09,4784688995.215304
bot1,3.9,0,1.1554e-09,-1.7700000000000001e-12,-1.1643e-09,1.7700000000000001e-12,1.1554e-09,7092198581.560283
bot1,4.0,0,1.1677e-09,2.37e-12,-1.1371e-09,2.37e-12,1.1677e-09,-8097165991.902848
bot1,4.1,0,1.1307e-09,6.049e-11,-1.116e-09,6.049e-11,1.1307e-09,-3968253968.253976
bot1,4.2,0,1.1173e-09,1.4e-12,-1.1075e-09,1.4e-12,1.1173e-09,-9009009009.009024
bot1,4.3,0,1.1085e-09,-2.67e-12,-1.1396e-09,2.67e-12,1.1085e-09,8583690987.124505
bot1,4.4,0,1.1406e-09,-6.194000000000001e-11,-1.1575e-09,6.194000000000001e-11,1.1406e-09,4237288135.593224
bot1,4.5,0,1.1557e-09,-5.300000000000003e-13,-1.1696e-09,5.300000000000003e-13,1.1557e-09,6944444444.444465
bot1,4.6000000000000005,0,1.1694e-09,8.500000000000002e-13,-1.1372e-09,8.500000000000002e-13,1.1694e-09,-12195121951.219473
bot1,4.7,0,1.1393e-09,6.122000000000001e-11,-1.123e-09,6.122000000000001e-11,1.1393e-09,-4545454545.454545
bot1,4.8,0,1.1254e-09,1.88e-12,-1.1099e-09,1.88e-12,1.1254e-09,-6472491909.385126
bot1,4.9,0,1.1084e-09,-1.27e-12,-1.142e-09,1.27e-12,1.1084e-09,12820512820.512808
bot1,5.0,0,1.141e-09,-6.145e-11,-1.1576e-09,6.145e-11,1.141e-09,3067484662.5766687
bot1,0.0,1,4.7473e-11,-2.258e-11,-5.3440000000000005e-11,2.258e-11,4.7473e-11,636891.8576796105
bot1,0.1,1,1.5706e-07,6.24e-11,-1.5694e-07,6.24e-11,1.5706e-07,690387.1565868871
bot1,0.2,1,2.8974e-07,-4.661e-11,-2.8984e-07,4.661e-11,2.8974e-07,822842.096601662
bot1,0.3,1,4.0012e-07,6.21e-12,-4.0024e-07,6.21e-12,4.0012e-07,996909.580301067
bot1,0.4,1,4.9036e-07,1.96e-12,-4.9054e-07,1.96e-12,4.9036e-07,1233197.6815883587
bot1,0.5,1,5.623e-07,-1.7500000000000002e-12,-5.6268e-07,1.7500000000000002e-12,5.623e-07,1558360.6046439137
bot1,0.6,1,6.187e-07,1.5700000000000002e-12,-6.1906e-07,1.5700000000000002e-12,6.187e-07,2001200.72043226
bot1,0.7,1,6.6224e-07,-6.216000000000001e-11,-6.6218e-07,6.216000000000001e-11,6.6224e-07,2658867.3225206085
bot1,0.8,1,6.9392e-07,3.962e-11,-6.9352e-07,3.962e-11,6.9392e-07,3702332.46945576
bot1,0.9,1,7.1626e-07,-4.22e-12,-7.167e-07,4.22e-12,7.1626e-07,5373455.13164964
bot1,1.0,1,7.3114e-07,-1.7700000000000001e-12,-7.315e-07,1.7700000000000001e-12,7.3114e-07,8116883.116883123
bot1,1.1,1,7.409e-07,2.12e-11,-7.4088e-07,2.12e-11,7.409e-07,13679890.560875552
bot1,1.2,1,7.4576e-07,-6.159e-11,-7.4634e-07,6.159e-11,7.4576e-07,26246719.16010476
bot1,1.3,1,7.4852e-07,4.8200000000000005e-11,-7.4754e-07,4.8200000000000005e-11,7.4852e-07,69930069.93007095
bot1,1.4,1,7.486199999999999e-07,-3.7000000000000004e-13,-7.485e-07,3.7000000000000004e-13,7.486199999999999e-07,172413793.1034573
bot1,1.5,1,7.4968e-07,-1.9e-12,-7.4982e-07,1.9e-12,7.4968e-07,114942528.73562773
bot1,1.6,1,7.5036e-07,2.350000000000001e-12,-7.5034e-07,2.350000000000001e-12,7.5036e-07,188679245.28301212
bot1,1.7,1,7.5074e-07,-8.400000000000002e-13,-7.5018e-07,8.400000000000002e-13,7.5074e-07,1111111111.111158
bot1,1.8,1,7.5054e-07,4.604e-11,-7.5062e-07,4.604e-11,7.5054e-07,-476190476.1904168
bot1,1.9,1,7.5032e-07,-5.958e-11,-7.5054e-07,5.958e-11,7.5032e-07,1250000000.0002367
bot1,2.0,1,7.507e-07,3.06e-11,-7.5104e-07,3.06e-11,7.507e-07,185185185.18517485
bot1,2.1,1,7.514e-07,4.4000000000000004e-13,-7.515199999999999e-07,4.4000000000000004e-13,7.514e-07,217391304.34783
bot1,2.2,1,7.5162e-07,-2.14e-12,-7.5138e-07,2.14e-12,7.5162e-07,-3333333333.3295565
bot1,2.3000000000000003,1,7.5134e-07,2.070000000000001e-12,-7.5136e-07,2.070000000000001e-12,7.5134e-07,-256410256.41027856
bot1,2.4,1,7.5084e-07,-1.354e-11,-7.5092e-07,1.354e-11,7.5084e-07,476190476.1904158
bot1,2.5,1,7.5176e-07,5.364e-11,-7.5164e-07,5.364e-11,7.5176e-07,357142857.1428576
bot1,2.6,1,7.514e-07,-5.859e-11,-7.509e-07,5.859e-11,7.514e-07,-243902439.0243973
bot1,2.7,1,7.5094e-07,2.3210000000000003e-11,-7.515199999999999e-07,2.3210000000000003e-11,7.5094e-07,999999999.9999256
bot1,2.8000000000000003,1,7.516e-07,4.9e-13,-7.5132e-07,4.9e-13,7.516e-07,200000000.00000587
bot1,2.9,1,7.5194e-07,-1.3400000000000006e-12,-7.5222e-07,1.3400000000000006e-12,7.5194e-07,2500000000.0004706
bot1,3.0,1,7.5168e-07,4.545e-11,-7.5216e-07,4.545e-11,7.5168e-07,499999999.99996287
bot1,3.1,1,7.5234e-07,-4.848e-11,-7.5168e-07,4.848e-11,7.5234e-07,416666666.66665405
bot1,3.2,1,7.5216e-07,6.900000000000001e-12,-7.5218e-07,6.900000000000001e-12,7.5216e-07,555555555.5555797
bot1,3.3000000000000003,1,7.527e-07,3.35e-12,-7.5218e-07,3.35e-12,7.527e-07,-243902439.02436528
bot1,3.4,1,7.5134e-07,-1.269e-11,-7.5148e-07,1.269e-11,7.5134e-07,-243902439.0243968
bot1,3.5,1,7.5188e-07,6.079e-11,-7.5164e-07,6.079e-11,7.5188e-07,384615384.6153404
bot1,3.6,1,7.5186e-07,-6.147000000000001e-11,-7.5216e-07,6.147000000000001e-11,7.5186e-07,222222222.2222319
bot1,3.7,1,7.5278e-07,5.397e-11,-7.5242e-07,5.397e-11,7.5278e-07,200000000.00000632
bot1,3.8,1,7.5286e-07,-7.660000000000002e-12,-7.5206e-07,7.660000000000002e-12,7.5286e-07,-833333333.3331226
bot1,3.9,1,7.525399999999999e-07,-2.37e-12,-7.5234e-07,2.37e-12,7.525399999999999e-07,-399999999.9999694
bot1,4.0,1,7.523599999999999e-07,2.44e-12,-7.5242e-07,2.44e-12,7.523599999999999e-07,2499999999.9971614
bot1,4.1,1,7.5262e-07,-1.3000000000000001e-12,-7.5258e-07,1.3000000000000001e-12,7.5262e-07,1666666666.6662488
bot1,4.2,1,7.5248e-07,3.3600000000000005e-11,-7.5228e-07,3.3600000000000005e-11,7.5248e-07,384615384.61541873
bot1,4.3,1,7.5314e-07,-6.184e-11,-7.528e-07,6.184e-11,7.5314e-07,999999999.9999256
bot1,4.4,1,7.5268e-07,4.046e-11,-7.5242e-07,4.046e-11,7.5268e-07,1250000000.0002382
bot1,4.5,1,7.533e-07,-3.63e-12,-7.534799999999999e-07,3.63e-12,7.533e-07,344827586.20688355
bot1,4.6000000000000005,1,7.5326e-07,-1.7700000000000001e-12,-7.5346e-07,1.7700000000000001e-12,7.5326e-07,-400000000.000055
bot1,4.7,1,7.528e-07,1.88e-12,-7.526e-07,1.88e-12,7.528e-07,-3333333333.3295417
bot1,4.8,1,7.531999999999999e-07,-3.2600000000000002e-12,-7.529199999999999e-07,3.2600000000000002e-12,7.531999999999999e-07,312500000.0000078
bot1,4.9,1,7.5344e-07,5.893000000000001e-11,-7.533e-07,5.893000000000001e-11,7.5344e-07,256410256.41024435
bot1,5.0,1,7.5398e-07,-2.9220000000000004e-11,-7.5302e-07,2.9220000000000004e-11,7.5398e-07,185185185.1851924
bot1,0.0,2,1.0411e-10,1.23e-12,-1.1251e-10,1.23e-12,1.0411e-10,232344.22614955733
bot1,0.1,2,4.305e-07,2.5500000000000002e-12,-4.3064e-07,2.5500000000000002e-12,4.305e-07,240154.88356937017
bot1,0.2,2,8.329e-07,-7.900000000000002e-13,-8.329e-07,7.900000000000002e-13,8.329e-07,257997.93601651173
bot1,0.3,2,1.2057000000000002e-06,3.6770000000000006e-11,-1.2062000000000002e-06,3.6770000000000006e-11,1.2057000000000002e-06,278086.7630700778
bot1,0.4,2,1.5521e-06,5.973000000000001e-11,-1.5524000000000002e-06,5.973000000000001e-11,1.5521e-06,300075.0187546886
bot1,0.5,2,1.8722000000000005e-06,1.27e-12,-1.8726000000000005e-06,1.27e-12,1.8722000000000005e-06,325998.37000814994
bot1,0.6,2,2.1656e-06,-3.6000000000000004e-12,-2.1663000000000003e-06,3.6000000000000004e-12,2.1656e-06,354924.57852706313
bot1,0.7,2,2.4357e-06,6.087e-11,-2.4359000000000003e-06,6.087e-11,2.4357e-06,387672.0294630744
bot1,0.8,2,2.6815e-06,-9.000000000000001e-13,-2.6819e-06,9.000000000000001e-13,2.6815e-06,425441.395447777
bot1,0.9,2,2.9058e-06,-1.9900000000000002e-12,-2.9065000000000005e-06,1.9900000000000002e-12,2.9058e-06,466962.4095260328
bot1,1.0,2,3.1098000000000003e-06,5.731000000000001e-11,-3.1097000000000005e-06,5.731000000000001e-11,3.1098000000000003e-06,515198.3513652759
bot1,1.1,2,3.294e-06,-3.0030000000000005e-11,-3.2943000000000004e-06,3.0030000000000005e-11,3.294e-06,571265.3527563547
bot1,1.2,2,3.4599000000000005e-06,-1.8900000000000002e-12,-3.4600000000000003e-06,1.8900000000000002e-12,3.4599000000000005e-06,637145.5877668044
bot1,1.3,2,3.6079e-06,3.0790000000000004e-11,-3.608200000000001e-06,3.0790000000000004e-11,3.6079e-06,714796.2830593291
bot1,1.4,2,3.7397e-06,-6.167e-11,-3.7404e-06,6.167e-11,3.7397e-06,810701.256586947
bot1,1.5,2,3.8546e-06,3.640000000000001e-12,-3.8549e-06,3.640000000000001e-12,3.8546e-06,934579.4392523344
bot1,1.6,2,3.953700000000001e-06,9.700000000000001e-13,-3.9543e-06,9.700000000000001e-13,3.953700000000001e-06,1089324.618736382
bot1,1.7,2,4.0382000000000006e-06,-4.477e-11,-4.038700000000001e-06,4.477e-11,4.0382000000000006e-06,1298701.2987013008
bot1,1.8,2,4.1077000000000005e-06,3.732e-11,-4.107800000000001e-06,3.732e-11,4.1077000000000005e-06,1581027.667984197
bot1,1.9,2,4.1647e-06,1.3300000000000002e-12,-4.1652e-06,1.3300000000000002e-12,4.1647e-06,1990049.7512437776
bot1,2.0,2,4.208200000000001e-06,-5.500000000000001e-13,-4.208600000000001e-06,5.500000000000001e-13,4.208200000000001e-06,2631578.947368399
bot1,2.1,2,4.240700000000001e-06,5.3620000000000005e-11,-4.2410000000000006e-06,5.3620000000000005e-11,4.240700000000001e-06,3616636.528028928
bot1,2.2,2,4.263500000000001e-06,7.900000000000002e-13,-4.2637e-06,7.900000000000002e-13,4.263500000000001e-06,5208333.333333408
bot1,2.3000000000000003,2,4.2791e-06,-4.440000000000001e-12,-4.2796000000000005e-06,4.440000000000001e-12,4.2791e-06,7722007.7220077
bot1,2.4,2,4.289400000000001e-06,6.141000000000001e-11,-4.2899e-06,6.141000000000001e-11,4.289400000000001e-06,11299435.02824867
bot1,2.5,2,4.2968e-06,-3.224e-11,-4.2976e-06,3.224e-11,4.2968e-06,14388489.20863312
bot1,2.6,2,4.303300000000001e-06,-2.04e-12,-4.3035e-06,2.04e-12,4.303300000000001e-06,17543859.649122156
bot1,2.7,2,4.3082000000000005e-06,5.5080000000000005e-11,-4.3085e-06,5.5080000000000005e-11,4.3082000000000005e-06,24096385.54216996
bot1,2.8000000000000003,2,4.3116e-06,-2.679e-11,-4.3123e-06,2.679e-11,4.3116e-06,29411764.705883767
bot1,2.9,2,4.315e-06,-2.6100000000000004e-12,-4.315300000000001e-06,2.6100000000000004e-12,4.315e-06,29411764.705883767
bot1,3.0,2,4.3184e-06,2.59e-12,-4.3188e-06,2.59e-12,4.3184e-06,32258064.51612884
bot1,3.1,2,4.3212e-06,-6.116e-11,-4.3217000000000005e-06,6.116e-11,4.3212e-06,36363636.363635056
bot1,3.2,2,4.3239e-06,9.21e-12,-4.3247e-06,9.21e-12,4.3239e-06,38461538.4615356
bot1,3.3000000000000003,2,4.326400000000001e-06,1.7600000000000002e-12,-4.326800000000001e-06,1.7600000000000002e-12,4.326400000000001e-06,41666666.66666348
bot1,3.4,2,4.328700000000001e-06,-4.225e-11,-4.3293e-06,4.225e-11,4.328700000000001e-06,47619047.61904878
bot1,3.5,2,4.3306000000000005e-06,1.4650000000000002e-11,-4.3314000000000006e-06,1.4650000000000002e-11,4.3306000000000005e-06,45454545.45455083
bot1,3.6,2,4.3331e-06,1.93e-12,-4.3331e-06,1.93e-12,4.3331e-06,44444444.44444742
bot1,3.7,2,4.3351e-06,-1.36e-12,-4.3356000000000005e-06,1.36e-12,4.3351e-06,47619047.61903928
bot1,3.8,2,4.337300000000001e-06,6.076e-11,-4.3379e-06,6.076e-11,4.337300000000001e-06,60606060.606052086
bot1,3.9,2,4.338400000000001e-06,-3.25e-12,-4.3393e-06,3.25e-12,4.338400000000001e-06,62500000.00001176
bot1,4.0,2,4.3405e-06,-1.0100000000000001e-12,-4.3409e-06,1.0100000000000001e-12,4.3405e-06,54054054.0540592
bot1,4.1,2,4.3421e-06,2.991e-11,-4.3425e-06,2.991e-11,4.3421e-06,60606060.60605222
bot1,4.2,2,4.343800000000001e-06,-5.178e-11,-4.3441000000000005e-06,5.178e-11,4.343800000000001e-06,57142857.14285636
bot1,4.3,2,4.3456e-06,-1.5700000000000002e-12,-4.345700000000001e-06,1.5700000000000002e-12,4.3456e-06,66666666.66667113
bot1,4.4,2,4.3468000000000005e-06,8.77e-12,-4.3472000000000005e-06,8.77e-12,4.3468000000000005e-06,71428571.42856613
bot1,4.5,2,4.348400000000001e-06,-6.089000000000001e-11,-4.349300000000001e-06,6.089000000000001e-11,4.348400000000001e-06,58823529.41176767
bot1,4.6000000000000005,2,4.3502e-06,2.8e-12,-4.3507000000000005e-06,2.8e-12,4.3502e-06,55555555.55555143
bot1,4.7,2,4.352000000000001e-06,2.72e-12,-4.3521e-06,2.72e-12,4.352000000000001e-06,68965517.24136885
bot1,4.8,2,4.353100000000001e-06,-2.4100000000000003e-11,-4.3538000000000006e-06,2.4100000000000003e-11,4.353100000000001e-06,71428571.42858773
bot1,4.9,2,4.3548e-06,5.6290000000000007e-11,-4.3548e-06,5.6290000000000007e-11,4.3548e-06,74074074.0740744
bot1,5.0,2,4.355800000000001e-06,7e-14,-4.3567e-06,7e-14,4.355800000000001e-06,99999999.99994978
bot1,0.0,3,3.0537e-10,8.73e-12,-3.5343000000000004e-10,8.73e-12,3.0537e-10,135176.3036264166
bot1,0.1,3,7.4008e-07,-4.16e-11,-7.4014e-07,4.16e-11,7.4008e-07,138179.3160307635
bot1,0.2,3,1.4477e-06,-1.5700000000000002e-12,-1.4483000000000002e-06,1.5700000000000002e-12,1.4477e-06,144684.2988598877
bot1,0.3,3,2.1224e-06,1.49e-11,-2.1230000000000003e-06,1.49e-11,2.1224e-06,151676.02002123467
bot1,0.4,3,2.7663e-06,2.070000000000001e-12,-2.7668000000000003e-06,2.070000000000001e-12,2.7663e-06,159121.64850027845
bot1,0.5,3,3.3793000000000004e-06,-8.92e-12,-3.3798e-06,8.92e-12,3.3793000000000004e-06,167462.1116972284
bot1,0.6,3,3.960600000000001e-06,6.033e-11,-3.9603e-06,6.033e-11,3.960600000000001e-06,176569.25929195737
bot1,0.7,3,4.512e-06,-5.520000000000001e-12,-4.512600000000001e-06,5.520000000000001e-12,4.512e-06,186428.03877703208
bot1,0.8,3,5.033400000000001e-06,-1.7000000000000002e-12,-5.033400000000001e-06,1.7000000000000002e-12,5.033400000000001e-06,197199.76336028383
bot1,0.9,3,5.5262000000000006e-06,5.685e-11,-5.5264e-06,5.685e-11,5.5262000000000006e-06,209139.39140437104
bot1,1.0,3,5.9897e-06,-2.5650000000000003e-11,-5.991400000000001e-06,2.5650000000000003e-11,5.9897e-06,222098.8339811217
bot1,1.1,3,6.426700000000001e-06,-2.6100000000000004e-12,-6.427200000000001e-06,2.6100000000000004e-12,6.426700000000001e-06,236462.5206904704
bot1,1.2,3,6.835500000000001e-06,1.31e-12,-6.835400000000001e-06,1.31e-12,6.835500000000001e-06,252589.03763576664
bot1,1.3,3,7.2185e-06,-5.343e-11,-7.2186e-06,5.343e-11,7.2185e-06,269832.70372369164
bot1,1.4,3,7.5767e-06,-2.6100000000000004e-12,-7.577200000000002e-06,2.6100000000000004e-12,7.5767e-06,289142.69191846147
bot1,1.5,3,7.910200000000001e-06,4.350000000000001e-12,-7.9108e-06,4.350000000000001e-12,7.910200000000001e-06,310269.93484331376
bot1,1.6,3,8.2213e-06,-6.118e-11,-8.2212e-06,6.118e-11,8.2213e-06,333611.34278565465
bot1,1.7,3,8.509700000000001e-06,5.370000000000001e-12,-8.5096e-06,5.370000000000001e-12,8.509700000000001e-06,360230.5475504315
bot1,1.8,3,8.776500000000001e-06,1.5700000000000002e-12,-8.7761e-06,1.5700000000000002e-12,8.776500000000001e-06,389483.933787732
bot1,1.9,3,9.0232e-06,-5.977e-11,-9.0242e-06,5.977e-11,9.0232e-06,421762.9692113035
bot1,2.0,3,9.2507e-06,2.780000000000001e-12,-9.2504e-06,2.780000000000001e-12,9.2507e-06,459875.83352494834
bot1,2.1,3,9.4581e-06,1.3400000000000006e-12,-9.4583e-06,1.3400000000000006e-12,9.4581e-06,503905.2658100288
bot1,2.2,3,9.6476e-06,-2.843e-11,-9.6478e-06,2.843e-11,9.6476e-06,554016.6204986147
bot1,2.3000000000000003,3,9.8191e-06,5.437e-11,-9.8195e-06,5.437e-11,9.8191e-06,611995.1040391669
bot1,2.4,3,9.9744e-06,1.74e-12,-9.9735e-06,1.74e-12,9.9744e-06,685400.9595613397
bot1,2.5,3,1.0110900000000002e-05,-2.1480000000000003e-11,-1.01123e-05,2.1480000000000003e-11,1.0110900000000002e-05,773993.808049534
bot1,2.6,3,1.02328e-05,5.6680000000000005e-11,-1.02327e-05,5.6680000000000005e-11,1.02328e-05,881445.5707360097
bot1,2.7,3,1.03378e-05,2.16e-12,-1.03378e-05,2.16e-12,1.03378e-05,1029866.117404744
bot1,2.8000000000000003,3,1.0427e-05,-1.83e-12,-1.0426900000000002e-05,1.83e-12,1.0427e-05,1221747.098350641
bot1,2.9,3,1.05015e-05,5.278e-11,-1.0501800000000002e-05,5.278e-11,1.05015e-05,1480384.9000740012
bot1,3.0,3,1.0562100000000002e-05,-3.245e-11,-1.05624e-05,3.245e-11,1.0562100000000002e-05,1846722.0683287128
bot1,3.1,3,1.06098e-05,-2.8900000000000004e-12,-1.0610700000000002e-05,2.8900000000000004e-12,1.06098e-05,2339181.2865497246
bot1,3.2,3,1.06476e-05,2.3480000000000003e-11,-1.06475e-05,2.3480000000000003e-11,1.06476e-05,3039513.67781154
bot1,3.3000000000000003,3,1.0675600000000002e-05,-3.1260000000000004e-11,-1.06755e-05,3.1260000000000004e-11,1.0675600000000002e-05,4008016.032064179
bot1,3.4,3,1.06975e-05,-2.46e-12,-1.06977e-05,2.46e-12,1.06975e-05,5115089.514066576
bot1,3.5,3,1.07147e-05,1.5800000000000001e-12,-1.0715800000000002e-05,1.5800000000000001e-12,1.07147e-05,6269592.476488938
bot1,3.6,3,1.07294e-05,-4.637e-11,-1.07294e-05,4.637e-11,1.07294e-05,7547169.811320618
bot1,3.7,3,1.07412e-05,-2.24e-12,-1.07416e-05,2.24e-12,1.07412e-05,9090909.090908764
bot1,3.8,3,1.0751400000000002e-05,3.281e-11,-1.07527e-05,3.281e-11,1.0751400000000002e-05,9569377.99043057
bot1,3.9,3,1.0762100000000002e-05,-2.802e-11,-1.0762900000000002e-05,2.802e-11,1.0762100000000002e-05,9900990.099010596
bot1,4.0,3,1.07716e-05,-1.4200000000000002e-12,-1.07724e-05,1.4200000000000002e-12,1.07716e-05,11560693.64161917
bot1,4.1,3,1.07794e-05,2.499e-11,-1.07803e-05,2.499e-11,1.07794e-05,12903225.806451537
bot1,4.2,3,1.07871e-05,-5.557e-11,-1.07867e-05,5.557e-11,1.07871e-05,14084507.042252896
bot1,4.3,3,1.07936e-05,-4.7e-13,-1.0793900000000002e-05,4.7e-13,1.07936e-05,14814814.814813947
bot1,4.4,3,1.08006e-05,1.3000000000000001e-12,-1.08002e-05,1.3000000000000001e-12,1.08006e-05,15151515.151515
bot1,4.5,3,1.08068e-05,-5.977e-11,-1.0807000000000002e-05,5.977e-11,1.08068e-05,16528925.619835507
bot1,4.6000000000000005,3,1.08127e-05,-1.5200000000000002e-12,-1.0813e-05,1.5200000000000002e-12,1.08127e-05,17699115.044248797
bot1,4.7,3,1.08181e-05,2.18e-12,-1.08183e-05,2.18e-12,1.08181e-05,19047619.047617164
bot1,4.8,3,1.0823200000000002e-05,-6.019e-11,-1.08234e-05,6.019e-11,1.0823200000000002e-05,17543859.649120852
bot1,4.9,3,1.0829500000000002e-05,1.8000000000000007e-13,-1.0829300000000002e-05,1.8000000000000007e-13,1.0829500000000002e-05,18348623.85321072
bot1,5.0,3,1.0834100000000002e-05,1.27e-12,-1.0834800000000002e-05,1.27e-12,1.0834100000000002e-05,21739130.4347829
bot1,0.0,4,3.3124000000000004e-10,-5.758e-11,-2.8457000000000003e-10,5.758e-11,3.3124000000000004e-10,92083.68019720938
bot1,0.1,4,1.0863e-06,1.46e-12,-1.0858e-06,1.46e-12,1.0863e-06,93634.32824738504
bot1,0.2,4,2.1363e-06,-4.029e-11,-2.1358000000000004e-06,4.029e-11,2.1363e-06,96997.91454483724
bot1,0.3,4,3.1482e-06,-6.091e-11,-3.1485000000000004e-06,6.091e-11,3.1482e-06,100507.56319413036
bot1,0.4,4,4.1262e-06,3.0800000000000002e-12,-4.1264e-06,3.0800000000000002e-12,4.1262e-06,104090.76714895388
bot1,0.5,4,5.0696000000000006e-06,1.13e-12,-5.0695e-06,1.13e-12,5.0696000000000006e-06,108108.10810810808
bot1,0.6,4,5.9762000000000005e-06,-2.931e-11,-5.976300000000001e-06,2.931e-11,5.9762000000000005e-06,112277.55010385676
bot1,0.7,4,6.850900000000001e-06,5.2350000000000005e-11,-6.850500000000001e-06,5.2350000000000005e-11,6.850900000000001e-06,116774.68324867176
bot1,0.8,4,7.6889e-06,1.4400000000000001e-12,-7.6896e-06,1.4400000000000001e-12,7.6889e-06,121565.7670799902
bot1,0.9,4,8.496100000000002e-06,-1.18e-12,-8.496000000000001e-06,1.18e-12,8.496100000000002e-06,126590.29052471674
bot1,1.0,4,9.2688e-06,5.404e-11,-9.269e-06,5.404e-11,9.2688e-06,132056.78441729958
bot1,1.1,4,1.00106e-05,-3.052e-11,-1.00103e-05,3.052e-11,1.00106e-05,137988.13302056002
bot1,1.2,4,1.0718200000000002e-05,-3.5500000000000004e-12,-1.07187e-05,3.5500000000000004e-12,1.0718200000000002e-05,144383.4825295984
bot1,1.3,4,1.1395800000000002e-05,7.31e-12,-1.13947e-05,7.31e-12,1.1395800000000002e-05,151080.22359873116
bot1,1.4,4,1.2042e-05,5.241e-11,-1.204e-05,5.241e-11,1.2042e-05,158957.24050230495
bot1,1.5,4,1.2654e-05,-5.7090000000000007e-11,-1.2656e-05,5.7090000000000007e-11,1.2654e-05,166944.90818030055
bot1,1.6,4,1.324e-05,2.551e-11,-1.3242e-05,2.551e-11,1.324e-05,174825.17482517485
bot1,1.7,4,1.3798e-05,1.83e-12,-1.38e-05,1.83e-12,1.3798e-05,183823.52941176452
bot1,1.8,4,1.4328e-05,-2.09e-12,-1.4328e-05,2.09e-12,1.4328e-05,194174.75728155352
bot1,1.9,4,1.4828e-05,2.73e-11,-1.483e-05,2.73e-11,1.4828e-05,204918.0327868851
bot1,2.0,4,1.5304e-05,-6.147000000000001e-11,-1.5304e-05,6.147000000000001e-11,1.5304e-05,216450.2164502164
bot1,2.1,4,1.5752e-05,3.6180000000000005e-11,-1.5752e-05,3.6180000000000005e-11,1.5752e-05,229885.05747126453
bot1,2.2,4,1.6174e-05,-5.09e-12,-1.6178e-05,5.09e-12,1.6174e-05,243902.4390243908
bot1,2.3000000000000003,4,1.6572e-05,-2.9800000000000002e-12,-1.6574e-05,2.9800000000000002e-12,1.6572e-05,258397.9328165372
bot1,2.4,4,1.6948e-05,1.4300000000000002e-12,-1.6948e-05,1.4300000000000002e-12,1.6948e-05,274725.2747252742
bot1,2.5,4,1.73e-05,-1.6630000000000002e-11,-1.7302e-05,1.6630000000000002e-11,1.73e-05,294117.64705882367
bot1,2.6,4,1.7628e-05,5.721e-11,-1.7630000000000002e-05,5.721e-11,1.7628e-05,313479.6238244519
bot1,2.7,4,1.7938e-05,-6.004000000000001e-11,-1.7936e-05,6.004000000000001e-11,1.7938e-05,334448.16053511726
bot1,2.8000000000000003,4,1.8226e-05,3.041e-11,-1.8226e-05,3.041e-11,1.8226e-05,361010.8303249081
bot1,2.9,4,1.8492e-05,-2.7600000000000004e-12,-1.8492e-05,2.7600000000000004e-12,1.8492e-05,389105.0583657592
bot1,3.0,4,1.874e-05,-1.7500000000000002e-12,-1.874e-05,1.7500000000000002e-12,1.874e-05,421940.9282700433
bot1,3.1,4,1.8966e-05,1.96e-12,-1.8966e-05,1.96e-12,1.8966e-05,458715.5963302751
bot1,3.2,4,1.9176e-05,-1.6800000000000001e-12,-1.9174e-05,1.6800000000000001e-12,1.9176e-05,500000.000000001
bot1,3.3000000000000003,4,1.9366e-05,6.125000000000001e-11,-1.9368e-05,6.125000000000001e-11,1.9366e-05,552486.1878453017
bot1,3.4,4,1.9538e-05,-4.058e-11,-1.954e-05,4.058e-11,1.9538e-05,609756.097560973
bot1,3.5,4,1.9694e-05,4.79e-12,-1.9694e-05,4.79e-12,1.9694e-05,671140.9395973171
bot1,3.6,4,1.9836e-05,2.120000000000001e-12,-1.9834e-05,2.120000000000001e-12,1.9836e-05,775193.7984496134
bot1,3.7,4,1.9952e-05,-1.22e-12,-1.9954e-05,1.22e-12,1.9952e-05,892857.1428571441
bot1,3.8,4,2.006e-05,1.5830000000000002e-11,-2.006e-05,1.5830000000000002e-11,2.006e-05,1010101.0101010064
bot1,3.9,4,2.015e-05,-2.568e-11,-2.015e-05,2.568e-11,2.015e-05,1204819.2771084462
bot1,4.0,4,2.0226e-05,4.258e-11,-2.0228e-05,4.258e-11,2.0226e-05,1428571.4285714405
bot1,4.1,4,2.029e-05,-7.07e-12,-2.029e-05,7.07e-12,2.029e-05,1754385.9649122418
bot1,4.2,4,2.034e-05,-2.67e-12,-2.0342e-05,2.67e-12,2.034e-05,2127659.5744680995
bot1,4.3,4,2.0384e-05,2.5600000000000004e-12,-2.0384e-05,2.5600000000000004e-12,2.0384e-05,2564102.5641026245
bot1,4.4,4,2.0418e-05,-1.13e-12,-2.0418e-05,1.13e-12,2.0418e-05,3124999.9999999334
bot1,4.5,4,2.0448e-05,4.553e-11,-2.0446e-05,4.553e-11,2.0448e-05,3571428.5714285225
bot1,4.6000000000000005,4,2.0474e-05,-3.3260000000000003e-11,-2.0472e-05,3.3260000000000003e-11,2.0474e-05,4347826.086956599
bot1,4.7,4,2.0494e-05,1.8000000000000007e-13,-2.0498e-05,1.8000000000000007e-13,2.0494e-05,4761904.761904676
bot1,4.8,4,2.0516e-05,3.2600000000000002e-12,-2.0516e-05,3.2600000000000002e-12,2.0516e-05,5263157.894737038
bot1,4.9,4,2.0532e-05,-1.7000000000000002e-12,-2.0534e-05,1.7000000000000002e-12,2.0532e-05,5263157.894737038
bot1,5.0,4,2.0554e-05,9.91e-12,-2.0552e-05,9.91e-12,2.0554e-05,4545454.5454543615
bot1,0.0,5,4.4215e-10,-1.0600000000000001e-12,-3.5603e-10,1.0600000000000001e-12,4.4215e-10,68509.20577037967
bot1,0.1,5,1.4601000000000002e-06,4.397e-11,-1.4597000000000002e-06,4.397e-11,1.4601000000000002e-06,69426.17547670657
bot1,0.2,5,2.8812000000000005e-06,6.167e-11,-2.8806000000000004e-06,6.167e-11,2.8812000000000005e-06,71436.22530985462
bot1,0.3,5,4.2598e-06,-3.840000000000001e-12,-4.2602e-06,3.840000000000001e-12,4.2598e-06,73532.11515129232
bot1,0.4,5,5.6011000000000005e-06,-8.7e-13,-5.601e-06,8.7e-13,5.6011000000000005e-06,75611.50807152849
bot1,0.5,5,6.904900000000001e-06,2.602e-11,-6.904e-06,2.602e-11,6.904900000000001e-06,77942.3226812159
bot1,0.6,5,8.1671e-06,-5.5160000000000006e-11,-8.166800000000001e-06,5.5160000000000006e-11,8.1671e-06,80360.01285760207
bot1,0.7,5,9.3937e-06,-4.3000000000000004e-13,-9.3935e-06,4.3000000000000004e-13,9.3937e-06,82853.47363188202
bot1,0.8,5,1.0581e-05,9.000000000000001e-13,-1.05802e-05,9.000000000000001e-13,1.0581e-05,85678.7902154822
bot1,0.9,5,1.1728e-05,2.0500000000000004e-12,-1.1724e-05,2.0500000000000004e-12,1.1728e-05,88613.20336730176
bot1,1.0,5,1.2838e-05,-4.8570000000000007e-11,-1.2838e-05,4.8570000000000007e-11,1.2838e-05,91491.30832570906
bot1,1.1,5,1.3914e-05,6.113e-11,-1.3916e-05,6.113e-11,1.3914e-05,94428.70632672327
bot1,1.2,5,1.4956e-05,-3.8370000000000006e-11,-1.4956e-05,3.8370000000000006e-11,1.4956e-05,97656.25
bot1,1.3,5,1.5962e-05,5.54e-12,-1.5964e-05,5.54e-12,1.5962e-05,101010.10101010105
bot1,1.4,5,1.6936000000000002e-05,1.5600000000000002e-12,-1.6936000000000002e-05,1.5600000000000002e-12,1.6936000000000002e-05,104602.51046025095
bot1,1.5,5,1.7874000000000002e-05,-1.27e-12,-1.7874000000000002e-05,1.27e-12,1.7874000000000002e-05,108577.6330076004
bot1,1.6,5,1.8778e-05,1.417e-11,-1.8776e-05,1.417e-11,1.8778e-05,112739.57158962791
bot1,1.7,5,1.9648e-05,-5.974e-11,-1.9648e-05,5.974e-11,1.9648e-05,117096.01873536312
bot1,1.8,5,2.0486e-05,1.362e-11,-2.0488e-05,1.362e-11,2.0486e-05,121654.50121654512
bot1,1.9,5,2.1292e-05,1.4400000000000001e-12,-2.1292e-05,1.4400000000000001e-12,2.1292e-05,126582.27848101249
bot1,2.0,5,2.2066e-05,-2.72e-12,-2.2066e-05,2.72e-12,2.2066e-05,131926.1213720319
bot1,2.1,5,2.2808e-05,6.740000000000001e-12,-2.281e-05,6.740000000000001e-12,2.2808e-05,137362.6373626377
bot1,2.2,5,2.3522e-05,-4.5540000000000005e-11,-2.3522e-05,4.5540000000000005e-11,2.3522e-05,143472.02295552375
bot1,2.3000000000000003,5,2.4202e-05,5.978e-11,-2.4202e-05,5.978e-11,2.4202e-05,150150.15015014994
bot1,2.4,5,2.4854e-05,-3.689e-11,-2.4854e-05,3.689e-11,2.4854e-05,156985.87127158514
bot1,2.5,5,2.5476e-05,-1.5800000000000001e-12,-2.5478e-05,1.5800000000000001e-12,2.5476e-05,164473.68421052647
bot1,2.6,5,2.607e-05,1.3300000000000002e-12,-2.607e-05,1.3300000000000002e-12,2.607e-05,172117.03958691924
bot1,2.7,5,2.6638e-05,-1.37e-12,-2.664e-05,1.37e-12,2.6638e-05,180505.415162455
bot1,2.8000000000000003,5,2.7178e-05,2.695e-11,-2.7176e-05,2.695e-11,2.7178e-05,190114.0684410645
bot1,2.9,5,2.769e-05,-5.933e-11,-2.7686e-05,5.933e-11,2.769e-05,200400.8016032056
bot1,3.0,5,2.8176000000000003e-05,5.582000000000001e-11,-2.8176000000000003e-05,5.582000000000001e-11,2.8176000000000003e-05,211416.490486258
bot1,3.1,5,2.8636e-05,-2.824e-11,-2.8634e-05,2.824e-11,2.8636e-05,222717.1492204909
bot1,3.2,5,2.9074e-05,-1.8000000000000002e-12,-2.9074e-05,1.8000000000000002e-12,2.9074e-05,234741.78403755947
bot1,3.3000000000000003,5,2.9488e-05,9.700000000000001e-13,-2.9488e-05,9.700000000000001e-13,2.9488e-05,249376.55860349088
bot1,3.4,5,2.9876e-05,-6.164e-11,-2.9878e-05,6.164e-11,2.9876e-05,263852.2427440624
bot1,3.5,5,3.0246e-05,5.2940000000000007e-11,-3.0246e-05,5.2940000000000007e-11,3.0246e-05,278551.53203342686
bot1,3.6,5,3.0594e-05,-3.619e-11,-3.0590000000000004e-05,3.619e-11,3.0594e-05,298507.46268656803
bot1,3.7,5,3.0916e-05,-5.4e-13,-3.092e-05,5.4e-13,3.0916e-05,317460.3174603182
bot1,3.8,5,3.1224e-05,3.640000000000001e-12,-3.1222e-05,3.640000000000001e-12,3.1224e-05,338983.0508474575
bot1,3.9,5,3.1506e-05,-1.2900000000000002e-12,-3.1508000000000004e-05,1.2900000000000002e-12,3.1506e-05,364963.503649633
bot1,4.0,5,3.1772e-05,5.9e-12,-3.177e-05,5.9e-12,3.1772e-05,395256.916996043
bot1,4.1,5,3.2012000000000005e-05,-4.5250000000000005e-11,-3.2014e-05,4.5250000000000005e-11,3.2012000000000005e-05,429184.5493562248
bot1,4.2,5,3.2238e-05,3.306e-11,-3.2236e-05,3.306e-11,3.2238e-05,462962.9629629649
bot1,4.3,5,3.2444e-05,-4.12e-12,-3.2444e-05,4.12e-12,3.2444e-05,505050.5050505042
bot1,4.4,5,3.2634e-05,-1.6300000000000001e-12,-3.2636000000000004e-05,1.6300000000000001e-12,3.2634e-05,555555.5555555613
bot1,4.5,5,3.2804e-05,1.4800000000000006e-12,-3.2806000000000004e-05,1.4800000000000006e-12,3.2804e-05,621118.0124223583
bot1,4.6000000000000005,5,3.2956e-05,-4.404e-11,-3.296e-05,4.404e-11,3.2956e-05,689655.1724137963
bot1,4.7,5,3.3094e-05,6.138e-11,-3.3092e-05,6.138e-11,3.3094e-05,769230.769230764
bot1,4.8,5,3.3216e-05,-7.1800000000000005e-12,-3.3214000000000004e-05,7.1800000000000005e-12,3.3216e-05,884955.7522123867
bot1,4.9,5,3.332e-05,-2.74e-12,-3.332e-05,2.74e-12,3.332e-05,1030927.8350515554
bot1,5.0,5,3.341e-05,1.4400000000000001e-12,-3.3412e-05,1.4400000000000001e-12,3.341e-05,1111111.1111110968
bot2,0.0,-5,2.096e-12,-2.504e-11,3.191e-11,2.504e-11,2.096e-12,35534077180.01564
bot2,0.1,-5,4.9102e-12,-2.34e-12,-3.4170000000000003e-11,2.34e-12,4.9102e-12,197238658777.1204
bot2,0.2,-5,3.11e-12,-2.2000000000000003e-12,-4.89e-12,2.2000000000000003e-12,3.11e-12,-37780044580.4526
bot2,0.3,-5,-3.836e-13,1.26e-12,-1.5400000000000001e-12,1.26e-12,3.836e-13,-73860698722.2099
bot2,0.4,-5,4.022e-13,-8.100000000000002e-13,-2.75e-12,8.100000000000002e-13,4.022e-13,131960939561.88968
bot2,0.5,-5,1.132e-12,-3.76e-12,-3.110000000000001e-12,3.76e-12,1.132e-12,131630906936.9488
bot2,0.6,-5,1.9216e-12,-1.109e-11,-3.570000000000001e-12,1.109e-11,1.9216e-12,169434090138.936
bot2,0.7,-5,2.3124e-12,-1.815e-11,-4.97e-12,1.815e-11,2.3124e-12,265322366675.5108
bot2,0.8,-5,2.6754e-12,-2.538e-11,-5.820000000000001e-12,2.538e-11,2.6754e-12,243072435585.8046
bot2,0.9,-5,3.1352e-12,-3.616e-11,-6.9300000000000006e-12,3.616e-11,3.1352e-12,252908447142.1345
bot2,1.0,-5,3.4662e-12,-4.6090000000000006e-11,-9.06e-12,4.6090000000000006e-11,3.4662e-12,318066157760.8144
bot2,1.1,-5,3.764e-12,-5.1440000000000005e-11,-1.082e-11,5.1440000000000005e-11,3.764e-12,348310693138.2794
bot2,1.2,-5,4.0404e-12,-5.649e-11,-1.402e-11,5.649e-11,4.0404e-12,546746856205.5768
bot2,1.3,-5,4.1298e-12,-6e-11,-1.6540000000000002e-11,6e-11,4.1298e-12,1322751322751.3203
bot2,1.4,-5,4.1916e-12,-6.027e-11,-2.036e-11,6.027e-11,4.1916e-12,1328021248339.968
bot2,1.5,-5,4.2804e-12,-5.998000000000001e-11,-2.437e-11,5.998000000000001e-11,4.2804e-12,-22546897546.897545
bot2,1.6,-5,-4.6788e-12,2.486e-11,3.518e-11,2.486e-11,4.6788e-12,-22972134800.487003
bot2,1.7,-5,-4.4258e-12,1.6200000000000004e-12,1.931e-11,1.6200000000000004e-12,4.4258e-12,27169483236.42884
bot2,1.8,-5,2.6824e-12,-2.9400000000000004e-12,-2.070000000000001e-12,2.9400000000000004e-12,2.6824e-12,42861429000.0429
bot2,1.9,-5,2.404e-13,-5.2e-13,-2.47e-12,5.2e-13,2.404e-13,-115406809001.73108
bot2,2.0,-5,9.494e-13,-3.13e-12,-3.13e-12,3.13e-12,9.494e-13,141663125088.53943
bot2,2.1,-5,1.6522e-12,-9.09e-12,-3.53e-12,9.09e-12,1.6522e-12,177053824362.60638
bot2,2.2,-5,2.079e-12,-1.508e-11,-4.13e-12,1.508e-11,2.079e-12,240500240500.24072
bot2,2.3000000000000003,-5,2.4838e-12,-2.1460000000000003e-11,-5.14e-12,2.1460000000000003e-11,2.4838e-12,283045570336.8239
bot2,2.4,-5,2.7856e-12,-2.872e-11,-6.280000000000001e-12,2.872e-11,2.7856e-12,274122807017.5435
bot2,2.5,-5,3.2134e-12,-3.973e-11,-7.8e-12,3.973e-11,3.2134e-12,242718446601.942
bot2,2.6,-5,3.6096e-12,-4.691e-11,-1.01e-11,4.691e-11,3.6096e-12,262398320650.748
bot2,2.7,-5,3.9756e-12,-5.389000000000001e-11,-1.188e-11,5.389000000000001e-11,3.9756e-12,420698359276.39935
bot2,2.8000000000000003,-5,4.085e-12,-5.6980000000000006e-11,-1.498e-11,5.6980000000000006e-11,4.085e-12,1338688085676.0344
bot2,2.9,-5,4.125e-12,-5.983e-11,-1.909e-11,5.983e-11,4.125e-12,1519756838905.7734
bot2,3.0,-5,4.2166e-12,-6.197000000000001e-11,-2.285e-11,6.197000000000001e-11,4.2166e-12,-22760896779.33313
bot2,3.1,-5,-4.662e-12,2.6630000000000003e-11,3.464e-11,2.6630000000000003e-11,4.662e-12,268600590921.30032
bot2,3.2,-5,4.9612e-12,-5e-14,-3.262e-11,5e-14,4.9612e-12,26789541363.051884
bot2,3.3000000000000003,-5,2.8036e-12,-2.8900000000000004e-12,-2.5500000000000002e-12,2.8900000000000004e-12,2.8036e-12,-42242216871.54137
bot2,3.4,-5,2.266e-13,-7.100000000000001e-13,-2.16e-12,7.100000000000001e-13,2.266e-13,-110963160230.80324
bot2,3.5,-5,1.0012e-12,-2.79e-12,-2.6300000000000007e-12,2.79e-12,1.0012e-12,136295488619.32684
bot2,3.6,-5,1.694e-12,-9.45e-12,-3.390000000000001e-12,9.45e-12,1.694e-12,168662506324.84415
bot2,3.7,-5,2.187e-12,-1.495e-11,-4.63e-12,1.495e-11,2.187e-12,226603217765.69257
bot2,3.8,-5,2.5766e-12,-2.3590000000000003e-11,-5.34e-12,2.3590000000000003e-11,2.5766e-12,259000259000.2587
bot2,3.9,-5,2.9592e-12,-2.996e-11,-6.61e-12,2.996e-11,2.9592e-12,246913580246.91315
bot2,4.0,-5,3.3866e-12,-4.265e-11,-8.06e-12,4.265e-11,3.3866e-12,254129606099.1103
bot2,4.1,-5,3.7462e-12,-4.793e-11,-9.91e-12,4.793e-11,3.7462e-12,340831629175.1878
bot2,4.2,-5,3.9734e-12,-5.433e-11,-1.191e-11,5.433e-11,3.9734e-12,496277915632.754
bot2,4.3,-5,4.1492e-12,-5.853e-11,-1.529e-11,5.853e-11,4.1492e-12,998003992015.9696
bot2,4.4,-5,4.1738e-12,-6.132e-11,-1.852e-11,6.132e-11,4.1738e-12,2024291497975.72
bot2,4.5,-5,4.248e-12,-6.119000000000001e-11,-2.08e-11,6.119000000000001e-11,4.248e-12,873362445414.8481
bot2,4.6000000000000005,-5,4.4028e-12,-6.114000000000001e-11,-2.326e-11,6.114000000000001e-11,4.4028e-12,-22340877102.83508
bot2,4.7,-5,-4.7042e-12,2.7980000000000003e-11,3.481e-11,2.7980000000000003e-11,4.7042e-12,-22370864186.483444
bot2,4.8,-5,-4.5374e-12,1.79e-12,2.24e-11,1.79e-12,4.5374e-12,25434290510.466232
bot2,4.9,-5,3.1592e-12,-2.09e-12,-4.5400000000000004e-12,2.09e-12,3.1592e-12,45620437956.204414
bot2,5.0,-5,-1.534e-13,5.6e-13,-1.8100000000000002e-12,5.6e-13,1.534e-13,-30187767916.440147
bot2,0.0,-4,-4.357e-12,4.4670000000000006e-11,3.067e-11,4.4670000000000006e-11,4.357e-12,10703658510.478882
bot2,0.1,-4,4.9856e-12,-2.1500000000000003e-12,-3.482e-11,2.1500000000000003e-12,4.9856e-12,25877908029.914864
bot2,0.2,-4,3.3716e-12,-1.9700000000000003e-12,-6.640000000000001e-12,1.9700000000000003e-12,3.3716e-12,-35687520074.23004
bot2,0.3,-4,-6.186e-13,9.600000000000002e-13,-1.79e-12,9.600000000000002e-13,6.186e-13,-63621325868.4311
bot2,0.4,-4,2.28e-13,-1.6100000000000002e-12,-2.26e-12,1.6100000000000002e-12,2.28e-13,126470216264.06982
bot2,0.5,-4,9.628e-13,-3.56e-12,-3.4500000000000004e-12,3.56e-12,9.628e-13,137080191912.26865
bot2,0.6,-4,1.687e-12,-8.490000000000001e-12,-3.7e-12,8.490000000000001e-12,1.687e-12,168747890651.36688
bot2,0.7,-4,2.148e-12,-1.524e-11,-4.48e-12,1.524e-11,2.148e-12,225428313796.2129
bot2,0.8,-4,2.5742e-12,-2.466e-11,-5.58e-12,2.466e-11,2.5742e-12,208333333333.33328
bot2,0.9,-4,3.108e-12,-3.5930000000000005e-11,-7.52e-12,3.5930000000000005e-11,3.108e-12,206100577081.61572
bot2,1.0,-4,3.5446e-12,-4.6640000000000006e-11,-9.09e-12,4.6640000000000006e-11,3.5446e-12,259067357512.9536
bot2,1.1,-4,3.88e-12,-5.46e-11,-1.2060000000000002e-11,5.46e-11,3.88e-12,365497076023.3918
bot2,1.2,-4,4.0918e-12,-5.837e-11,-1.5070000000000003e-11,5.837e-11,4.0918e-12,713775874375.4451
bot2,1.3,-4,4.1602e-12,-6.027e-11,-1.752e-11,6.027e-11,4.1602e-12,1164144353899.8865
bot2,1.4,-4,4.2636e-12,-6.058e-11,-2.118e-11,6.058e-11,4.2636e-12,1428571428571.4302
bot2,1.5,-4,4.3002e-12,-5.92e-11,-2.495e-11,5.92e-11,4.3002e-12,-22124872781.9815
bot2,1.6,-4,-4.776e-12,2.233e-11,3.557e-11,2.233e-11,4.776e-12,-23057412958.26608
bot2,1.7,-4,-4.3738e-12,1.8100000000000002e-12,1.7870000000000002e-11,1.8100000000000002e-12,4.3738e-12,27765437583.296307
bot2,1.8,-4,2.4272e-12,-2.16e-12,-1.1100000000000001e-12,2.16e-12,2.4272e-12,41718815185.648766
bot2,1.9,-4,4.202e-13,-1.0600000000000001e-12,-2.5500000000000002e-12,1.0600000000000001e-12,4.202e-13,-142653352353.78027
bot2,2.0,-4,1.0252e-12,-3.5000000000000004e-12,-3.07e-12,3.5000000000000004e-12,1.0252e-12,150920615756.11224
bot2,2.1,-4,1.7454e-12,-1.06e-11,-3.6000000000000004e-12,1.06e-11,1.7454e-12,168010752688.17218
bot2,2.2,-4,2.2156e-12,-1.7380000000000002e-11,-4.84e-12,1.7380000000000002e-11,2.2156e-12,212269157291.4457
bot2,2.3000000000000003,-4,2.6876e-12,-2.5030000000000003e-11,-5.620000000000001e-12,2.5030000000000003e-11,2.6876e-12,241662638956.01712
bot2,2.4,-4,3.0432e-12,-3.444e-11,-6.71e-12,3.444e-11,3.0432e-12,296120817293.45526
bot2,2.5,-4,3.363e-12,-4.2880000000000005e-11,-8.24e-12,4.2880000000000005e-11,3.363e-12,313479623824.45154
bot2,2.6,-4,3.6812e-12,-4.876e-11,-9.690000000000004e-12,4.876e-11,3.6812e-12,402090872537.19385
bot2,2.7,-4,3.8604e-12,-5.324e-11,-1.2160000000000002e-11,5.324e-11,3.8604e-12,610128126906.652
bot2,2.8000000000000003,-4,4.009e-12,-5.634e-11,-1.4510000000000002e-11,5.634e-11,4.009e-12,781860828772.478
bot2,2.9,-4,4.1162e-12,-5.944e-11,-1.77e-11,5.944e-11,4.1162e-12,832639467110.738
bot2,3.0,-4,4.2492e-12,-6.084000000000001e-11,-2.111e-11,6.084000000000001e-11,4.2492e-12,1319261213720.3154
bot2,3.1,-4,4.2678e-12,-6.067000000000001e-11,-2.3610000000000003e-11,6.067000000000001e-11,4.2678e-12,-22231114668.08948
bot2,3.2,-4,-4.7472e-12,2.757e-11,3.5270000000000005e-11,2.757e-11,4.7472e-12,-22794620469.5692
bot2,3.3000000000000003,-4,-4.5062e-12,1.1100000000000001e-12,1.983e-11,1.1100000000000001e-12,4.5062e-12,26713682748.30365
bot2,3.4,-4,2.7396e-12,-2.16e-12,-2.5500000000000002e-12,2.16e-12,2.7396e-12,43288169343.31842
bot2,3.5,-4,1.14e-13,3.900000000000001e-13,-2.13e-12,3.900000000000001e-13,1.14e-13,-92772984506.91168
bot2,3.6,-4,5.838e-13,-1.7500000000000002e-12,-2.74e-12,1.7500000000000002e-12,5.838e-13,184808722971.72443
bot2,3.7,-4,1.1962e-12,-5.670000000000001e-12,-3.25e-12,5.670000000000001e-12,1.1962e-12,178699070764.83218
bot2,3.8,-4,1.703e-12,-9.25e-12,-3.9e-12,9.25e-12,1.703e-12,229673863114.3773
bot2,3.9,-4,2.067e-12,-1.317e-11,-4.62e-12,1.317e-11,2.067e-12,272108843537.4146
bot2,4.0,-4,2.438e-12,-2.113e-11,-5.43e-12,2.113e-11,2.438e-12,260484501172.1799
bot2,4.1,-4,2.8348e-12,-2.777e-11,-5.970000000000002e-12,2.777e-11,2.8348e-12,255819902788.4371
bot2,4.2,-4,3.2198e-12,-3.681e-11,-7.280000000000001e-12,3.681e-11,3.2198e-12,321336760925.45026
bot2,4.3,-4,3.4572e-12,-4.501e-11,-9.01e-12,4.501e-11,3.4572e-12,397614314115.3084
bot2,4.4,-4,3.7228e-12,-4.978e-11,-1.017e-11,4.978e-11,3.7228e-12,527148128624.1436
bot2,4.5,-4,3.8366e-12,-5.4250000000000007e-11,-1.162e-11,5.4250000000000007e-11,3.8366e-12,714285714285.716
bot2,4.6000000000000005,-4,4.0028e-12,-5.6290000000000007e-11,-1.385e-11,5.6290000000000007e-11,4.0028e-12,808407437348.4244
bot2,4.7,-4,4.084e-12,-5.809e-11,-1.646e-11,5.809e-11,4.084e-12,877192982456.1364
bot2,4.8,-4,4.2308e-12,-5.989e-11,-1.835e-11,5.989e-11,4.2308e-12,673400673400.674
bot2,4.9,-4,4.381e-12,-6.112e-11,-2.079e-11,6.112e-11,4.381e-12,865051903114.1875
bot2,5.0,-4,4.462e-12,-6.008e-11,-2.517e-11,6.008e-11,4.462e-12,1234567901234.561
bot2,0.0,-3,-4.8586e-12,1e-12,3.038e-11,1e-12,4.8586e-12,34862641193.696846
bot2,0.1,-3,-1.9902e-12,3.61e-12,-5.500000000000001e-13,3.61e-12,1.9902e-12,58448769653.3988
bot2,0.2,-3,-1.4368e-12,2.1500000000000003e-12,-6.400000000000001e-13,2.1500000000000003e-12,1.4368e-12,211104074308.6341
bot2,0.3,-3,-1.0428e-12,2.26e-12,-1.6e-12,2.26e-12,1.0428e-12,150353330326.26675
bot2,0.4,-3,-1.066e-13,3.5e-13,-1.6800000000000001e-12,3.5e-13,1.066e-13,117910623747.19965
bot2,0.5,-3,6.534e-13,-1.5400000000000001e-12,-2.5300000000000003e-12,1.5400000000000001e-12,6.534e-13,146821318455.4397
bot2,0.6,-3,1.2556e-12,-5.320000000000001e-12,-3.13e-12,5.320000000000001e-12,1.2556e-12,184331797235.0231
bot2,0.7,-3,1.7384e-12,-1.103e-11,-3.5000000000000004e-12,1.103e-11,1.7384e-12,198728139904.6106
bot2,0.8,-3,2.262e-12,-1.918e-11,-4.400000000000001e-12,1.918e-11,2.262e-12,221238938053.0973
bot2,0.9,-3,2.6424e-12,-2.628e-11,-6.030000000000001e-12,2.628e-11,2.6424e-12,281610813855.252
bot2,1.0,-3,2.9722e-12,-3.3260000000000003e-11,-6.730000000000002e-12,3.3260000000000003e-11,2.9722e-12,320615581917.2814
bot2,1.1,-3,3.2662e-12,-3.701e-11,-7.51e-12,3.701e-11,3.2662e-12,465549348230.9122
bot2,1.2,-3,3.4018e-12,-4.446e-11,-8.500000000000001e-12,4.446e-11,3.4018e-12,488042947779.4043
bot2,1.3,-3,3.676e-12,-4.881e-11,-9.77e-12,4.881e-11,3.676e-12,491159135559.9222
bot2,1.4,-3,3.809e-12,-5.303e-11,-1.1150000000000002e-11,5.303e-11,3.809e-12,1075268817204.2996
bot2,1.5,-3,3.862e-12,-5.528e-11,-1.3090000000000002e-11,5.528e-11,3.862e-12,970873786407.7642
bot2,1.6,-3,4.015e-12,-5.857000000000001e-11,-1.533e-11,5.857000000000001e-11,4.015e-12,837520938023.4526
bot2,1.7,-3,4.1008e-12,-6.093e-11,-1.699e-11,6.093e-11,4.1008e-12,1072961373390.5573
bot2,1.8,-3,4.2014e-12,-5.997e-11,-1.846e-11,5.997e-11,4.2014e-12,1187648456057.0083
bot2,1.9,-3,4.2692e-12,-6.103000000000001e-11,-2.289e-11,6.103000000000001e-11,4.2692e-12,-22469385462.3076
bot2,2.0,-3,-4.6996e-12,3.335e-11,3.4540000000000004e-11,3.335e-11,4.6996e-12,309789343246.59204
bot2,2.1,-3,4.9148e-12,-1.2500000000000001e-12,-3.4180000000000005e-11,1.2500000000000001e-12,4.9148e-12,25241052047.049343
bot2,2.2,-3,3.224e-12,-1.73e-12,-6.14e-12,1.73e-12,3.224e-12,-36782285651.2304
bot2,2.3000000000000003,-3,-5.226e-13,1.2900000000000002e-12,-1.5e-12,1.2900000000000002e-12,5.226e-13,-61618091071.53852
bot2,2.4,-3,-2.18e-14,1.9000000000000002e-13,-2.3800000000000004e-12,1.9000000000000002e-13,2.18e-14,171174255391.9888
bot2,2.5,-3,6.458e-13,-2.5800000000000003e-12,-2.5800000000000003e-12,2.5800000000000003e-12,6.458e-13,182648401826.48416
bot2,2.6,-3,1.0732e-12,-3.290000000000001e-12,-2.85e-12,3.290000000000001e-12,1.0732e-12,193087468623.2865
bot2,2.7,-3,1.6816e-12,-8.15e-12,-3.71e-12,8.15e-12,1.6816e-12,183992640294.3884
bot2,2.8000000000000003,-3,2.1602e-12,-1.424e-11,-4.38e-12,1.424e-11,2.1602e-12,241312741312.74103
bot2,2.9,-3,2.5104e-12,-2.187e-11,-5.4000000000000004e-12,2.187e-11,2.5104e-12,331564986737.4
bot2,3.0,-3,2.7634e-12,-2.8110000000000004e-11,-5.980000000000001e-12,2.8110000000000004e-11,2.7634e-12,338524035206.50006
bot2,3.1,-3,3.1012e-12,-3.6550000000000006e-11,-7.33e-12,3.6550000000000006e-11,3.1012e-12,362844702467.3444
bot2,3.2,-3,3.3146e-12,-4.006e-11,-8.200000000000001e-12,4.006e-11,3.3146e-12,404694455685.9574
bot2,3.3000000000000003,-3,3.5954e-12,-4.742e-11,-9.62e-12,4.742e-11,3.5954e-12,410509031198.68567
bot2,3.4,-3,3.8018e-12,-5.134000000000001e-11,-1.093e-11,5.134000000000001e-11,3.8018e-12,630517023959.6455
bot2,3.5,-3,3.9126e-12,-5.3990000000000006e-11,-1.239e-11,5.3990000000000006e-11,3.9126e-12,836820083682.0088
bot2,3.6,-3,4.0408e-12,-5.860000000000001e-11,-1.5050000000000002e-11,5.860000000000001e-11,4.0408e-12,924214417744.9188
bot2,3.7,-3,4.129e-12,-6.096e-11,-1.735e-11,6.096e-11,4.129e-12,1426533523537.807
bot2,3.8,-3,4.181e-12,-6.213000000000001e-11,-2.029e-11,6.213000000000001e-11,4.181e-12,1379310344827.5857
bot2,3.9,-3,4.274e-12,-6.096e-11,-2.3410000000000003e-11,6.096e-11,4.274e-12,-22444673878.888508
bot2,4.0,-3,-4.7298e-12,2.8470000000000003e-11,3.5050000000000004e-11,2.8470000000000003e-11,4.7298e-12,283205890682.5257
bot2,4.1,-3,4.9802e-12,-1.4e-12,-3.38e-11,1.4e-12,4.9802e-12,25072710861.498367
bot2,4.2,-3,3.247e-12,-2.6000000000000002e-12,-5.730000000000001e-12,2.6000000000000002e-12,3.247e-12,-34857780256.55329
bot2,4.3,-3,-7.574e-13,1.59e-12,-1.5600000000000002e-12,1.59e-12,7.574e-13,-59955632831.70459
bot2,4.4,-3,-8.88e-14,1.31e-12,-2.2500000000000003e-12,1.31e-12,8.88e-14,168123739071.95712
bot2,4.5,-3,4.322e-13,-1.36e-12,-2.4800000000000003e-12,1.36e-12,4.322e-13,197199763360.2841
bot2,4.6000000000000005,-3,9.254e-13,-3.4100000000000002e-12,-2.960000000000001e-12,3.4100000000000002e-12,9.254e-13,200481154771.45163
bot2,4.7,-3,1.4298e-12,-7.43e-12,-3.590000000000001e-12,7.43e-12,1.4298e-12,177179305457.122
bot2,4.8,-3,2.0542e-12,-1.4110000000000002e-11,-4.32e-12,1.4110000000000002e-11,2.0542e-12,194325689856.1992
bot2,4.9,-3,2.459e-12,-2.161e-11,-5.07e-12,2.161e-11,2.459e-12,224517287831.16315
bot2,5.0,-3,2.945e-12,-2.9550000000000004e-11,-6.19e-12,2.9550000000000004e-11,2.945e-12,205761316872.4272
bot2,0.0,-2,4.4558e-12,-1.6600000000000002e-12,-1.233e-11,1.6600000000000002e-12,4.4558e-12,-17395539783.599487
bot2,0.1,-2,-1.2928e-12,1.7000000000000002e-12,-1.5200000000000002e-12,1.7000000000000002e-12,1.2928e-12,-39269585705.87081
bot2,0.2,-2,-6.372e-13,1.6600000000000002e-12,-1.6700000000000006e-12,1.6600000000000002e-12,6.372e-13,153233220962.30463
bot2,0.3,-2,1.24e-14,3.2000000000000005e-13,-2.1000000000000003e-12,3.2000000000000005e-13,1.24e-14,158302991926.54742
bot2,0.4,-2,6.262e-13,-2.2000000000000003e-12,-2.6100000000000004e-12,2.2000000000000003e-12,6.262e-13,188857412653.44662
bot2,0.5,-2,1.0714e-12,-3.730000000000001e-12,-2.95e-12,3.730000000000001e-12,1.0714e-12,213720880530.02768
bot2,0.6,-2,1.562e-12,-7.680000000000001e-12,-3.51e-12,7.680000000000001e-12,1.562e-12,190150218672.7516
bot2,0.7,-2,2.1232e-12,-1.31e-11,-4.38e-12,1.31e-11,2.1232e-12,211014982063.72656
bot2,0.8,-2,2.5098e-12,-2.212e-11,-5.170000000000001e-12,2.212e-11,2.5098e-12,281214848143.98193
bot2,0.9,-2,2.8344e-12,-2.7650000000000003e-11,-6.0700000000000006e-12,2.7650000000000003e-11,2.8344e-12,348918353105.3732
bot2,1.0,-2,3.083e-12,-3.607e-11,-7.140000000000002e-12,3.607e-11,3.083e-12,375375375375.3756
bot2,1.1,-2,3.3672e-12,-4.4230000000000005e-11,-8.780000000000001e-12,4.4230000000000005e-11,3.3672e-12,328191663931.73615
bot2,1.2,-2,3.6924e-12,-5.138e-11,-1.073e-11,5.138e-11,3.6924e-12,365363536719.0352
bot2,1.3,-2,3.9146e-12,-5.641e-11,-1.302e-11,5.641e-11,3.9146e-12,518672199170.1246
bot2,1.4,-2,4.078e-12,-5.843e-11,-1.5450000000000002e-11,5.843e-11,4.078e-12,699300699300.7007
bot2,1.5,-2,4.2006e-12,-6.062e-11,-1.88e-11,6.062e-11,4.2006e-12,1111111111111.113
bot2,1.6,-2,4.258e-12,-6.174000000000001e-11,-2.173e-11,6.174000000000001e-11,4.258e-12,-22561649707.82664
bot2,1.7,-2,-4.664e-12,3.4430000000000004e-11,3.39e-11,3.4430000000000004e-11,4.664e-12,289100896212.7782
bot2,1.8,-2,4.9498e-12,-1.07e-12,-3.475e-11,1.07e-12,4.9498e-12,25005001000.200066
bot2,1.9,-2,3.3344e-12,-2.2000000000000003e-12,-6.280000000000001e-12,2.2000000000000003e-12,3.3344e-12,-34596090641.75748
bot2,2.0,-2,-8.312e-13,2.1000000000000003e-12,-1.6200000000000004e-12,2.1000000000000003e-12,8.312e-13,-58826989822.93074
bot2,2.1,-2,-6.54e-14,-5.4e-13,-2.2500000000000003e-12,5.4e-13,6.54e-14,129584035246.8577
bot2,2.2,-2,7.122e-13,-1.0600000000000001e-12,-2.8400000000000004e-12,1.0600000000000001e-12,7.122e-13,152462265589.2668
bot2,2.3000000000000003,-2,1.2464e-12,-5.980000000000001e-12,-2.8900000000000004e-12,5.980000000000001e-12,1.2464e-12,179759122775.48062
bot2,2.4,-2,1.8248e-12,-1.104e-11,-4.0400000000000006e-12,1.104e-11,1.8248e-12,207039337474.11972
bot2,2.5,-2,2.2124e-12,-1.757e-11,-4.47e-12,1.757e-11,2.2124e-12,241837968561.0643
bot2,2.6,-2,2.6518e-12,-2.528e-11,-5.880000000000001e-12,2.528e-11,2.6518e-12,230414746543.77905
bot2,2.7,-2,3.0804e-12,-3.369e-11,-7.16e-12,3.369e-11,3.0804e-12,228519195612.4317
bot2,2.8000000000000003,-2,3.527e-12,-4.5250000000000005e-11,-9.47e-12,4.5250000000000005e-11,3.527e-12,266808964781.2165
bot2,2.9,-2,3.83e-12,-5.266e-11,-1.116e-11,5.266e-11,3.83e-12,424088210347.752
bot2,3.0,-2,3.9986e-12,-5.659e-11,-1.343e-11,5.659e-11,3.9986e-12,824402308326.462
bot2,3.1,-2,4.0726e-12,-5.9e-11,-1.57e-11,5.9e-11,4.0726e-12,1972386587771.198
bot2,3.2,-2,4.1e-12,-6.158000000000001e-11,-1.888e-11,6.158000000000001e-11,4.1e-12,1234567901234.5728
bot2,3.3000000000000003,-2,4.2346e-12,-6.084000000000001e-11,-2.2190000000000003e-11,6.084000000000001e-11,4.2346e-12,-22626994003.84656
bot2,3.4,-2,-4.739e-12,3.376e-11,3.4390000000000004e-11,3.376e-11,4.739e-12,-22566741136.912388
bot2,3.5,-2,-4.628e-12,2.42e-12,2.109e-11,2.42e-12,4.628e-12,26038276266.11121
bot2,3.6,-2,2.942e-12,-2.6600000000000004e-12,-3.740000000000001e-12,2.6600000000000004e-12,2.942e-12,43267566632.05265
bot2,3.7,-2,-5.6e-15,1.41e-12,-2.14e-12,1.41e-12,5.6e-15,-83284750562.17215
bot2,3.8,-2,5.406e-13,-1.7500000000000002e-12,-2.5500000000000002e-12,1.7500000000000002e-12,5.406e-13,142653352353.78012
bot2,3.9,-2,1.3964e-12,-5.930000000000001e-12,-3.290000000000001e-12,5.930000000000001e-12,1.3964e-12,145243282498.18427
bot2,4.0,-2,1.9176e-12,-1.403e-11,-4.31e-12,1.403e-11,1.9176e-12,178603322021.78934
bot2,4.1,-2,2.5162e-12,-2.313e-11,-5.2600000000000014e-12,2.313e-11,2.5162e-12,195045835771.40643
bot2,4.2,-2,2.943e-12,-3.2680000000000004e-11,-6.630000000000002e-12,3.2680000000000004e-11,2.943e-12,206185567010.3095
bot2,4.3,-2,3.4862e-12,-4.3580000000000006e-11,-8.710000000000001e-12,4.3580000000000006e-11,3.4862e-12,234796900680.9112
bot2,4.4,-2,3.7948e-12,-5.125e-11,-1.075e-11,5.125e-11,3.7948e-12,432713111207.2701
bot2,4.5,-2,3.9484e-12,-5.573e-11,-1.333e-11,5.573e-11,3.9484e-12,853970964987.1914
bot2,4.6000000000000005,-2,4.029e-12,-5.856e-11,-1.582e-11,5.856e-11,4.029e-12,862068965517.2399
bot2,4.7,-2,4.1804e-12,-6.094e-11,-1.937e-11,6.094e-11,4.1804e-12,717360114777.6158
bot2,4.8,-2,4.3078e-12,-6.056000000000001e-11,-2.324e-11,6.056000000000001e-11,4.3078e-12,-22271218903.810627
bot2,4.9,-2,-4.7998e-12,2.617e-11,3.546e-11,2.617e-11,4.7998e-12,-22728305832.083298
bot2,5.0,-2,-4.4918e-12,1.18e-12,1.981e-11,1.18e-12,4.4918e-12,324675324675.3236
bot2,0.0,-1,4.0062e-12,-6.021e-11,-1.803e-11,6.021e-11,4.0062e-12,309214594928.8806
bot2,0.1,-1,4.3296e-12,-6.064000000000001e-11,-2.4900000000000003e-11,6.064000000000001e-11,4.3296e-12,-22960003673.60059
bot2,0.2,-1,-4.7046e-12,2.601e-11,3.5450000000000004e-11,2.601e-11,4.7046e-12,-22836263987.211693
bot2,0.3,-1,-4.4284e-12,1.31e-12,1.8620000000000003e-11,1.31e-12,4.4284e-12,27516372241.483685
bot2,0.4,-1,2.5638e-12,-2.37e-12,-2.1700000000000002e-12,2.37e-12,2.5638e-12,42744176106.00556
bot2,0.5,-1,2.506e-13,5e-13,-2.37e-12,5e-13,2.506e-13,-117605550982.00632
bot2,0.6,-1,8.632e-13,-3.48e-12,-2.57e-12,3.48e-12,8.632e-13,179436569172.7975
bot2,0.7,-1,1.3652e-12,-5.920000000000002e-12,-3.2e-12,5.920000000000002e-12,1.3652e-12,183385292499.5416
bot2,0.8,-1,1.9538e-12,-1.315e-11,-3.67e-12,1.315e-11,1.9538e-12,220070422535.21124
bot2,0.9,-1,2.274e-12,-1.732e-11,-4.6500000000000006e-12,1.732e-11,2.274e-12,239635753654.4452
bot2,1.0,-1,2.7884e-12,-2.8070000000000003e-11,-6.230000000000001e-12,2.8070000000000003e-11,2.7884e-12,240963855421.6868
bot2,1.1,-1,3.104e-12,-3.5740000000000004e-11,-7.380000000000001e-12,3.5740000000000004e-11,3.104e-12,274197970935.0152
bot2,1.2,-1,3.5178e-12,-4.6240000000000007e-11,-9.180000000000002e-12,4.6240000000000007e-11,3.5178e-12,277315585135.88446
bot2,1.3,-1,3.8252e-12,-5.277e-11,-1.2e-11,5.277e-11,3.8252e-12,418060200668.8963
bot2,1.4,-1,3.9962e-12,-5.5550000000000005e-11,-1.3180000000000002e-11,5.5550000000000005e-11,3.9962e-12,609384521633.1516
bot2,1.5,-1,4.1534e-12,-6.087e-11,-1.761e-11,6.087e-11,4.1534e-12,945179584120.9844
bot2,1.6,-1,4.2078e-12,-6.03e-11,-2.141e-11,6.03e-11,4.2078e-12,-22670082292.39872
bot2,1.7,-1,-4.6688e-12,3.0720000000000005e-11,3.4790000000000003e-11,3.0720000000000005e-11,4.6688e-12,267308206361.93512
bot2,1.8,-1,4.956e-12,-9.200000000000001e-13,-3.393e-11,9.200000000000001e-13,4.956e-12,25929575273.557045
bot2,1.9,-1,3.0444e-12,-2.23e-12,-3.8e-12,2.23e-12,3.0444e-12,-38875714341.25101
bot2,2.0,-1,-1.886e-13,7.400000000000002e-13,-2.0500000000000004e-12,7.400000000000002e-13,1.886e-13,-87588683542.08635
bot2,2.1,-1,7.61e-13,-2.01e-12,-2.8400000000000004e-12,2.01e-12,7.61e-13,135299688810.71588
bot2,2.2,-1,1.2896e-12,-4.89e-12,-3.4000000000000005e-12,4.89e-12,1.2896e-12,164880461665.29285
bot2,2.3000000000000003,-1,1.974e-12,-1.2370000000000002e-11,-4.18e-12,1.2370000000000002e-11,1.974e-12,173882802990.784
bot2,2.4,-1,2.4398e-12,-1.957e-11,-4.89e-12,1.957e-11,2.4398e-12,254323499491.35263
bot2,2.5,-1,2.7604e-12,-2.843e-11,-6.2700000000000005e-12,2.843e-11,2.7604e-12,289603243556.32794
bot2,2.6,-1,3.1304e-12,-3.5380000000000005e-11,-6.890000000000001e-12,3.5380000000000005e-11,3.1304e-12,278706800445.9311
bot2,2.7,-1,3.478e-12,-4.48e-11,-8.74e-12,4.48e-11,3.478e-12,327118089630.3569
bot2,2.8000000000000003,-1,3.7418e-12,-5.0460000000000006e-11,-1.096e-11,5.0460000000000006e-11,3.7418e-12,354735721887.19354
bot2,2.9,-1,4.0418e-12,-5.718e-11,-1.351e-11,5.718e-11,4.0418e-12,444247001332.7406
bot2,3.0,-1,4.192e-12,-5.944e-11,-1.662e-11,5.944e-11,4.192e-12,998003992015.9696
bot2,3.1,-1,4.2422e-12,-6.167e-11,-2.0480000000000003e-11,6.167e-11,4.2422e-12,1992031872509.9648
bot2,3.2,-1,4.2924e-12,-6.099e-11,-2.3080000000000003e-11,6.099e-11,4.2924e-12,-22530134054.29765
bot2,3.3000000000000003,-1,-4.6348e-12,2.7180000000000003e-11,3.517e-11,2.7180000000000003e-11,4.6348e-12,-22706114756.70396
bot2,3.4,-1,-4.5158e-12,2.36e-12,2.018e-11,2.36e-12,4.5158e-12,27190168035.238422
bot2,3.5,-1,2.7208e-12,-2.7600000000000004e-12,-2.39e-12,2.7600000000000004e-12,2.7208e-12,43258208245.01453
bot2,3.6,-1,1.076e-13,9.8e-13,-2.19e-12,9.8e-13,1.076e-13,-109805644010.10222
bot2,3.7,-1,8.994e-13,-2.3000000000000003e-12,-2.8600000000000003e-12,2.3000000000000003e-12,8.994e-13,149723012427.0102
bot2,3.8,-1,1.4434e-12,-7.21e-12,-3.3e-12,7.21e-12,1.4434e-12,146113383985.97293
bot2,3.9,-1,2.2682e-12,-1.85e-11,-4.46e-12,1.85e-11,2.2682e-12,165700082850.04117
bot2,4.0,-1,2.6504e-12,-2.439e-11,-5.710000000000001e-12,2.439e-11,2.6504e-12,237755587256.30017
bot2,4.1,-1,3.1094e-12,-3.7170000000000006e-11,-7.21e-12,3.7170000000000006e-11,3.1094e-12,261643118785.97623
bot2,4.2,-1,3.4148e-12,-4.563e-11,-9.41e-12,4.563e-11,3.4148e-12,278396436525.6126
bot2,4.3,-1,3.8278e-12,-5.438e-11,-1.223e-11,5.438e-11,3.8278e-12,285225328009.1275
bot2,4.4,-1,4.116e-12,-5.847e-11,-1.5120000000000002e-11,5.847e-11,4.116e-12,511247443762.7825
bot2,4.5,-1,4.219e-12,-6.026000000000001e-11,-1.887e-11,6.026000000000001e-11,4.219e-12,1280409731113.9602
bot2,4.6000000000000005,-1,4.2722e-12,-6.11e-11,-2.218e-11,6.11e-11,4.2722e-12,-22456266421.144844
bot2,4.7,-1,-4.6872e-12,3.107e-11,3.518e-11,3.107e-11,4.6872e-12,308071472581.6378
bot2,4.8,-1,4.9214e-12,-1.45e-12,-3.281e-11,1.45e-12,4.9214e-12,26627612834.50941
bot2,4.9,-1,2.8238e-12,-1.8400000000000002e-12,-3.340000000000001e-12,1.8400000000000002e-12,2.8238e-12,-40260890570.89947
bot2,5.0,-1,-4.62e-14,8.300000000000001e-13,-1.93e-12,8.300000000000001e-13,4.62e-14,-34843205574.91277
bot2,0.0,0,4.6952e-12,-5.987000000000001e-11,-2.368e-11,5.987000000000001e-11,4.6952e-12,-10542517974.993153
bot2,0.1,0,-4.7902e-12,1.84e-11,3.624e-11,1.84e-11,4.7902e-12,-22447192978.51804
bot2,0.2,0,-4.2146e-12,2.42e-12,1.6890000000000003e-11,2.42e-12,4.2146e-12,27757730527.95204
bot2,0.3,0,2.415e-12,-1.8200000000000003e-12,-1.02e-12,1.8200000000000003e-12,2.415e-12,43399010502.56054
bot2,0.4,0,3.938e-13,-1.5800000000000001e-12,-2.5500000000000002e-12,1.5800000000000001e-12,3.938e-13,-149097957357.9842
bot2,0.5,0,1.0736e-12,-4.0400000000000006e-12,-2.780000000000001e-12,4.0400000000000006e-12,1.0736e-12,155545185876.49707
bot2,0.6,0,1.6796e-12,-1.016e-11,-3.4000000000000005e-12,1.016e-11,1.6796e-12,174641983932.93756
bot2,0.7,0,2.2188e-12,-1.635e-11,-4.94e-12,1.635e-11,2.2188e-12,194741966893.8657
bot2,0.8,0,2.7066e-12,-2.717e-11,-5.920000000000002e-12,2.717e-11,2.7066e-12,229673863114.37747
bot2,0.9,0,3.0896e-12,-3.595e-11,-7.3e-12,3.595e-11,3.0896e-12,265886732252.06052
bot2,1.0,0,3.4588e-12,-4.6020000000000006e-11,-8.85e-12,4.6020000000000006e-11,3.4588e-12,311526479750.779
bot2,1.1,0,3.7316e-12,-5.207e-11,-1.13e-11,5.207e-11,3.7316e-12,391849529780.56415
bot2,1.2,0,3.9692e-12,-5.631e-11,-1.395e-11,5.631e-11,3.9692e-12,502260170768.4584
bot2,1.3,0,4.1298e-12,-6.069e-11,-1.6340000000000002e-11,6.069e-11,4.1298e-12,648088139987.0377
bot2,1.4,0,4.2778e-12,-6.115e-11,-2.025e-11,6.115e-11,4.2778e-12,877963125548.7256
bot2,1.5,0,4.3576e-12,-6.168e-11,-2.349e-11,6.168e-11,4.3576e-12,-22190169754.79861
bot2,1.6,0,-4.7352e-12,2.677e-11,3.5310000000000005e-11,2.677e-11,4.7352e-12,-22524044417.41559
bot2,1.7,0,-4.5218e-12,1.73e-12,2.085e-11,1.73e-12,4.5218e-12,26406126221.283333
bot2,1.8,0,2.8388e-12,-2.37e-12,-3.71e-12,2.37e-12,2.8388e-12,46410173109.94576
bot2,1.9,0,-2.124e-13,3.7000000000000004e-13,-2.070000000000001e-12,3.7000000000000004e-13,2.124e-13,-85346078347.6999
bot2,2.0,0,4.954e-13,-1.7200000000000001e-12,-2.69e-12,1.7200000000000001e-12,4.954e-13,138178803371.56277
bot2,2.1,0,1.235e-12,-5.270000000000001e-12,-3.290000000000001e-12,5.270000000000001e-12,1.235e-12,147536146355.85733
bot2,2.2,0,1.851e-12,-1.026e-11,-4.08e-12,1.026e-11,1.851e-12,179759122775.48102
bot2,2.3000000000000003,0,2.3476e-12,-1.6340000000000002e-11,-4.77e-12,1.6340000000000002e-11,2.3476e-12,203169443315.7251
bot2,2.4,0,2.8354e-12,-2.9190000000000005e-11,-6.1e-12,2.9190000000000005e-11,2.8354e-12,212089077412.513
bot2,2.5,0,3.2906e-12,-3.923e-11,-7.890000000000001e-12,3.923e-11,3.2906e-12,258531540847.9836
bot2,2.6,0,3.609e-12,-5.0570000000000006e-11,-1.0240000000000002e-11,5.0570000000000006e-11,3.609e-12,307597662257.7672
bot2,2.7,0,3.9408e-12,-5.4860000000000005e-11,-1.321e-11,5.4860000000000005e-11,3.9408e-12,389408099688.47375
bot2,2.8000000000000003,0,4.1226e-12,-5.93e-11,-1.622e-11,5.93e-11,4.1226e-12,663129973474.7997
bot2,2.9,0,4.2424e-12,-6.189e-11,-1.977e-11,6.189e-11,4.2424e-12,821692686935.0865
bot2,3.0,0,4.366e-12,-5.986e-11,-2.435e-11,5.986e-11,4.366e-12,-22178850248.403145
bot2,3.1,0,-4.7752e-12,2.655e-11,3.518e-11,2.655e-11,4.7752e-12,-22748987670.048702
bot2,3.2,0,-4.4256e-12,1.4800000000000006e-12,1.9840000000000003e-11,1.4800000000000006e-12,4.4256e-12,26740112843.27621
bot2,3.3000000000000003,0,2.7042e-12,-3.0300000000000002e-12,-1.74e-12,3.0300000000000002e-12,2.7042e-12,41123493852.03761
bot2,3.4,0,4.378e-13,-8.2e-13,-2.3200000000000002e-12,8.2e-13,4.378e-13,-130174433741.21304
bot2,3.5,0,1.1678e-12,-4.92e-12,-3.3e-12,4.92e-12,1.1678e-12,142207053469.8522
bot2,3.6,0,1.8442e-12,-1.214e-11,-4.07e-12,1.214e-11,1.8442e-12,154368632293.91803
bot2,3.7,0,2.4634e-12,-2.1390000000000003e-11,-5.220000000000001e-12,2.1390000000000003e-11,2.4634e-12,173310225303.2931
bot2,3.8,0,2.9982e-12,-3.026e-11,-6.630000000000002e-12,3.026e-11,2.9982e-12,200561572402.72733
bot2,3.9,0,3.4606e-12,-4.3140000000000006e-11,-8.55e-12,4.3140000000000006e-11,3.4606e-12,272108843537.4145
bot2,4.0,0,3.7332e-12,-5.1510000000000005e-11,-1.059e-11,5.1510000000000005e-11,3.7332e-12,409836065573.7703
bot2,4.1,0,3.9486e-12,-5.525e-11,-1.345e-11,5.525e-11,3.9486e-12,474158368895.2117
bot2,4.2,0,4.155e-12,-5.966e-11,-1.7620000000000003e-11,5.966e-11,4.155e-12,614250614250.6145
bot2,4.3,0,4.2742e-12,-5.974e-11,-2.1370000000000003e-11,5.974e-11,4.2742e-12,-22600913076.888325
bot2,4.4,0,-4.6942e-12,3.3560000000000005e-11,3.386e-11,3.3560000000000005e-11,4.6942e-12,283045570336.8244
bot2,4.5,0,4.9808e-12,-8.100000000000002e-13,-3.277e-11,8.100000000000002e-13,4.9808e-12,26381743833.267403
bot2,4.6000000000000005,0,2.8868e-12,-3.290000000000001e-12,-3.33e-12,3.290000000000001e-12,2.8868e-12,-42589437819.420815
bot2,4.7,0,2.848e-13,2.7e-13,-2.13e-12,2.7e-13,2.848e-13,-105786522796.99529
bot2,4.8,0,9.962e-13,-4.97e-12,-2.7600000000000004e-12,4.97e-12,9.962e-13,132013201320.13214
bot2,4.9,0,1.7998e-12,-9.77e-12,-3.6200000000000003e-12,9.77e-12,1.7998e-12,142005112184.03873
bot2,5.0,0,2.4046e-12,-1.948e-11,-4.8500000000000005e-12,1.948e-11,2.4046e-12,165343915343.9147
bot2,0.0,1,1.24432e-11,-2.4000000000000004e-13,-2.284e-11,2.4000000000000004e-13,1.24432e-11,2609197.7434989964
bot2,0.1,1,3.83384e-08,6.198e-11,-3.83132e-08,6.198e-11,3.83384e-08,3093420.2011920908
bot2,0.2,1,6.46658e-08,-1.954e-11,-6.46598e-08,1.954e-11,6.46658e-08,4692192.192192193
bot2,0.3,1,8.09624e-08,-4.102e-11,-8.105619999999999e-08,4.102e-11,8.09624e-08,8002304.66374316
bot2,0.4,1,8.96586e-08,-5.3950000000000005e-11,-8.97808e-08,5.3950000000000005e-11,8.96586e-08,15878812.899947606
bot2,0.5,1,9.355780000000001e-08,-6.118e-11,-9.37062e-08,6.118e-11,9.355780000000001e-08,35258444.397433124
bot2,0.6,1,9.5331e-08,-6.048000000000001e-11,-9.541600000000001e-08,6.048000000000001e-11,9.5331e-08,75380672.39559774
bot2,0.7,1,9.621100000000001e-08,-5.554e-11,-9.62322e-08,5.554e-11,9.621100000000001e-08,150511739.9157134
bot2,0.8,1,9.66598e-08,-4.6270000000000005e-11,-9.673160000000001e-08,4.6270000000000005e-11,9.66598e-08,320924261.8741963
bot2,0.9,1,9.68342e-08,-3.42e-11,-9.69836e-08,3.42e-11,9.68342e-08,391849529.780571
bot2,1.0,1,9.717020000000001e-08,-1.752e-11,-9.71854e-08,1.752e-11,9.717020000000001e-08,434216239.6873662
bot2,1.1,1,9.72948e-08,-6.3700000000000005e-12,-9.73186e-08,6.3700000000000005e-12,9.72948e-08,662251655.6291425
bot2,1.2,1,9.747220000000001e-08,-1.4400000000000001e-12,-9.74038e-08,1.4400000000000001e-12,9.747220000000001e-08,740740740.7407357
bot2,1.3,1,9.75648e-08,1.03e-12,-9.756840000000001e-08,1.03e-12,9.75648e-08,841042893.1875263
bot2,1.4,1,9.771e-08,1.14e-12,-9.76848e-08,1.14e-12,9.771e-08,645994832.0413456
bot2,1.5,1,9.78744e-08,1.1000000000000001e-13,-9.78676e-08,1.1000000000000001e-13,9.78744e-08,785545954.4383258
bot2,1.6,1,9.79646e-08,1.2000000000000001e-12,-9.7964e-08,1.2000000000000001e-12,9.79646e-08,1013171225.9371485
bot2,1.7,1,9.80718e-08,3.554e-11,-9.80854e-08,3.554e-11,9.80718e-08,1242236024.844741
bot2,1.8,1,9.81256e-08,5.327000000000001e-11,-9.815e-08,5.327000000000001e-11,9.81256e-08,963391136.801592
bot2,1.9,1,9.827939999999998e-08,6.047e-11,-9.82222e-08,6.047e-11,9.827939999999998e-08,1063829787.2340344
bot2,2.0,1,9.83136e-08,5.183e-11,-9.818e-08,5.183e-11,9.83136e-08,1390820584.1445785
bot2,2.1,1,9.84232e-08,4.385e-11,-9.8348e-08,4.385e-11,9.84232e-08,1102535832.4145432
bot2,2.2,1,9.8495e-08,2.9950000000000004e-11,-9.84262e-08,2.9950000000000004e-11,9.8495e-08,2583979328.1652746
bot2,2.3000000000000003,1,9.85006e-08,1.508e-11,-9.84778e-08,1.508e-11,9.85006e-08,2645502645.502699
bot2,2.4,1,9.85706e-08,6.640000000000001e-12,-9.85446e-08,6.640000000000001e-12,9.85706e-08,1242236024.84474
bot2,2.5,1,9.86616e-08,-6.000000000000003e-13,-9.86562e-08,6.000000000000003e-13,9.86616e-08,1560062402.496136
bot2,2.6,1,9.86988e-08,-2.75e-12,-9.872660000000001e-08,2.75e-12,9.86988e-08,1587301587.3016229
bot2,2.7,1,9.87876e-08,-2.72e-12,-9.87864e-08,2.72e-12,9.87876e-08,1808318264.0144951
bot2,2.8000000000000003,1,9.88094e-08,-2.2500000000000003e-12,-9.88736e-08,2.2500000000000003e-12,9.88094e-08,1672240802.6756485
bot2,2.9,1,9.890719999999998e-08,-1.64e-12,-9.88794e-08,1.64e-12,9.890719999999998e-08,1824817518.248219
bot2,3.0,1,9.891900000000001e-08,-1.3400000000000006e-12,-9.8933e-08,1.3400000000000006e-12,9.891900000000001e-08,3484320557.490876
bot2,3.1,1,9.89646e-08,-8.600000000000002e-13,-9.896299999999998e-08,8.600000000000002e-13,9.89646e-08,2369668246.4455624
bot2,3.2,1,9.900340000000001e-08,-1.45e-12,-9.8997e-08,1.45e-12,9.900340000000001e-08,1890359168.241905
bot2,3.3000000000000003,1,9.90704e-08,-1.02e-11,-9.90224e-08,1.02e-11,9.90704e-08,3690036900.3686
bot2,3.4,1,9.90576e-08,-2.641e-11,-9.90764e-08,2.641e-11,9.90576e-08,28571428571.45016
bot2,3.5,1,9.90774e-08,-6.072000000000001e-11,-9.907760000000001e-08,6.072000000000001e-11,9.90774e-08,-10309278350.51363
bot2,3.6,1,9.903820000000001e-08,-6.049e-11,-9.9112e-08,6.049e-11,9.903820000000001e-08,1838235294.117532
bot2,3.7,1,9.91862e-08,-5.6460000000000005e-11,-9.91732e-08,5.6460000000000005e-11,9.91862e-08,915750915.7508992
bot2,3.8,1,9.92566e-08,-1.6580000000000002e-11,-9.92226e-08,1.6580000000000002e-11,9.92566e-08,2314814814.8148108
bot2,3.9,1,9.92726e-08,-6.65e-12,-9.92606e-08,6.65e-12,9.92726e-08,3731343283.582092
bot2,4.0,1,9.93102e-08,-1.1000000000000002e-12,-9.93022e-08,1.1000000000000002e-12,9.93102e-08,4694835680.752553
bot2,4.1,1,9.931519999999998e-08,1.95e-12,-9.9273e-08,1.95e-12,9.931519999999998e-08,2624671916.010351
bot2,4.2,1,9.93864e-08,1.18e-12,-9.93356e-08,1.18e-12,9.93864e-08,3546099290.7797847
bot2,4.3,1,9.93716e-08,1.73e-12,-9.93724e-08,1.73e-12,9.93716e-08,3663003663.003597
bot2,4.4,1,9.9441e-08,1.9000000000000002e-13,-9.94456e-08,1.9000000000000002e-13,9.9441e-08,1461988304.0935798
bot2,4.5,1,9.95084e-08,1.83e-12,-9.949000000000001e-08,1.83e-12,9.95084e-08,1779359430.6051452
bot2,4.6000000000000005,1,9.955340000000001e-08,1.761e-11,-9.95166e-08,1.761e-11,9.955340000000001e-08,4385964912.280315
bot2,4.7,1,9.9554e-08,3.758e-11,-9.95434e-08,3.758e-11,9.9554e-08,8620689655.173428
bot2,4.8,1,9.957659999999998e-08,5.342e-11,-9.96196e-08,5.342e-11,9.957659999999998e-08,1742160278.745639
bot2,4.9,1,9.96688e-08,6.036e-11,-9.96134e-08,6.036e-11,9.96688e-08,2777777777.777694
bot2,5.0,1,9.964860000000001e-08,4.027e-11,-9.9588e-08,4.027e-11,9.964860000000001e-08,-4950495049.503212
bot2,0.0,2,6.67018e-11,-1.7600000000000002e-12,-1.0761e-10,1.7600000000000002e-12,6.67018e-11,463535.30416659627
bot2,0.1,2,2.158e-07,1.02e-12,-2.1576e-07,1.02e-12,2.158e-07,488909.9358966667
bot2,0.2,2,4.0914e-07,1.46e-12,-4.0926e-07,1.46e-12,4.0914e-07,548215.5583575461
bot2,0.3,2,5.8062e-07,-1.95e-12,-5.8072e-07,1.95e-12,5.8062e-07,619770.6848466068
bot2,0.4,2,7.3184e-07,7.860000000000001e-12,-7.3168e-07,7.860000000000001e-12,7.3184e-07,706663.8400113067
bot2,0.5,2,8.6364e-07,-5.15e-11,-8.6376e-07,5.15e-11,8.6364e-07,815128.7903488751
bot2,0.6,2,9.772e-07,5.634e-11,-9.7696e-07,5.634e-11,9.772e-07,953016.296578672
bot2,0.7,2,1.0735e-06,-2.582e-11,-1.0735e-06,2.582e-11,1.0735e-06,1135073.7797956865
bot2,0.8,2,1.1534e-06,3.5380000000000005e-11,-1.1534e-06,3.5380000000000005e-11,1.1534e-06,1375515.8184319106
bot2,0.9,2,1.2189e-06,5.991e-11,-1.2182e-06,5.991e-11,1.2189e-06,1709401.7094017074
bot2,1.0,2,1.2704000000000002e-06,5.2e-11,-1.2711000000000002e-06,5.2e-11,1.2704000000000002e-06,2169197.396963126
bot2,1.1,2,1.3111e-06,-3.3490000000000005e-11,-1.3117e-06,3.3490000000000005e-11,1.3111e-06,2801120.4481792683
bot2,1.2,2,1.3418000000000002e-06,-2.44e-12,-1.3425e-06,2.44e-12,1.3418000000000002e-06,3809523.809523799
bot2,1.3,2,1.3636000000000002e-06,1.5800000000000001e-12,-1.3643000000000002e-06,1.5800000000000001e-12,1.3636000000000002e-06,5434782.608695655
bot2,1.4,2,1.3786000000000002e-06,-6.123e-11,-1.3795e-06,6.123e-11,1.3786000000000002e-06,7843137.254901955
bot2,1.5,2,1.3891000000000002e-06,-7e-13,-1.3891000000000002e-06,7e-13,1.3891000000000002e-06,11764705.882352931
bot2,1.6,2,1.3956000000000002e-06,1.8200000000000003e-12,-1.3962e-06,1.8200000000000003e-12,1.3956000000000002e-06,17857142.857142862
bot2,1.7,2,1.4003000000000002e-06,-4.879000000000001e-11,-1.4005000000000002e-06,4.879000000000001e-11,1.4003000000000002e-06,25641025.6410258
bot2,1.8,2,1.4034000000000002e-06,3.561e-11,-1.4028e-06,3.561e-11,1.4034000000000002e-06,37037037.0370372
bot2,1.9,2,1.4057000000000002e-06,3.2200000000000004e-12,-1.4066000000000002e-06,3.2200000000000004e-12,1.4057000000000002e-06,50000000.00000153
bot2,2.0,2,1.4074e-06,-1.2900000000000002e-12,-1.4078e-06,1.2900000000000002e-12,1.4074e-06,64516129.03225761
bot2,2.1,2,1.4088000000000002e-06,5.642e-11,-1.4089000000000002e-06,5.642e-11,1.4088000000000002e-06,68965517.24137923
bot2,2.2,2,1.4103e-06,-1.51e-12,-1.4103e-06,1.51e-12,1.4103e-06,95238095.23809776
bot2,2.3000000000000003,2,1.4109e-06,-1.3000000000000001e-12,-1.4117000000000002e-06,1.3000000000000001e-12,1.4109e-06,117647058.82352042
bot2,2.4,2,1.4120000000000002e-06,3.099e-11,-1.4128e-06,3.099e-11,1.4120000000000002e-06,83333333.3333343
bot2,2.5,2,1.4133e-06,-4.924e-11,-1.4135e-06,4.924e-11,1.4133e-06,105263157.89474076
bot2,2.6,2,1.4139e-06,-1.55e-12,-1.4143000000000002e-06,1.55e-12,1.4139e-06,153846153.8461424
bot2,2.7,2,1.4146000000000002e-06,1.09e-12,-1.4149000000000002e-06,1.09e-12,1.4146000000000002e-06,133333333.33332343
bot2,2.8000000000000003,2,1.4154000000000005e-06,-5.776e-11,-1.4158e-06,5.776e-11,1.4154000000000005e-06,181818181.81820288
bot2,2.9,2,1.4157e-06,2.624e-11,-1.4161e-06,2.624e-11,1.4157e-06,285714285.7143503
bot2,3.0,2,1.4161e-06,1.64e-12,-1.4167e-06,1.64e-12,1.4161e-06,124999999.99999072
bot2,3.1,2,1.4173000000000002e-06,-4.3100000000000005e-11,-1.4173000000000002e-06,4.3100000000000005e-11,1.4173000000000002e-06,153846153.8461424
bot2,3.2,2,1.4174000000000002e-06,1.246e-11,-1.4178000000000002e-06,1.246e-11,1.4174000000000002e-06,181818181.81820333
bot2,3.3000000000000003,2,1.4184e-06,1.26e-12,-1.4187e-06,1.26e-12,1.4184e-06,153846153.84616715
bot2,3.4,2,1.4187e-06,-4.921e-11,-1.4191e-06,4.921e-11,1.4187e-06,249999999.9999809
bot2,3.5,2,1.4192e-06,3.678e-11,-1.4196e-06,3.678e-11,1.4192e-06,249999999.99998143
bot2,3.6,2,1.4195e-06,2.2000000000000003e-12,-1.4199000000000002e-06,2.2000000000000003e-12,1.4195e-06,333333333.3333086
bot2,3.7,2,1.4198000000000002e-06,-1.2800000000000002e-12,-1.4203000000000002e-06,1.2800000000000002e-12,1.4198000000000002e-06,181818181.8181683
bot2,3.8,2,1.4206000000000002e-06,6.050000000000001e-11,-1.4208000000000002e-06,6.050000000000001e-11,1.4206000000000002e-06,166666666.66665393
bot2,3.9,2,1.4210000000000002e-06,1.5000000000000004e-13,-1.4211e-06,1.5000000000000004e-13,1.4210000000000002e-06,285714285.7143503
bot2,4.0,2,1.4213e-06,-1.4e-13,-1.4216e-06,1.4e-13,1.4213e-06,333333333.33342546
bot2,4.1,2,1.4216e-06,5.963e-11,-1.4218e-06,5.963e-11,1.4216e-06,333333333.3333086
bot2,4.2,2,1.4219e-06,-1.0640000000000002e-11,-1.4227000000000002e-06,1.0640000000000002e-11,1.4219e-06,333333333.3333086
bot2,4.3,2,1.4222e-06,-1.2500000000000001e-12,-1.4226000000000002e-06,1.2500000000000001e-12,1.4222e-06,399999999.9999703
bot2,4.4,2,1.4224e-06,4.5100000000000005e-11,-1.4227000000000002e-06,4.5100000000000005e-11,1.4224e-06,249999999.99998143
bot2,4.5,2,1.4230000000000002e-06,-8.700000000000001e-12,-1.4233000000000002e-06,8.700000000000001e-12,1.4230000000000002e-06,249999999.99998143
bot2,4.6000000000000005,2,1.4232000000000002e-06,-2.6300000000000007e-12,-1.4237000000000002e-06,2.6300000000000007e-12,1.4232000000000002e-06,249999999.99998143
bot2,4.7,2,1.4238000000000002e-06,2.092e-11,-1.4237000000000002e-06,2.092e-11,1.4238000000000002e-06,499999999.9999607
bot2,4.8,2,1.4236000000000002e-06,-1.406e-11,-1.4243e-06,1.406e-11,1.4236000000000002e-06,666666666.6670878
bot2,4.9,2,1.4241e-06,-2.6000000000000002e-12,-1.4245e-06,2.6000000000000002e-12,1.4241e-06,222222222.222258
bot2,5.0,2,1.4245e-06,2.1700000000000002e-12,-1.4249e-06,2.1700000000000002e-12,1.4245e-06,249999999.9999804
bot2,0.0,3,1.1378e-10,-3.173e-11,-1.1559e-10,3.173e-11,1.1378e-10,211960.40867832047
bot2,0.1,3,4.719e-07,1.91e-12,-4.7188e-07,1.91e-12,4.719e-07,218711.60449435728
bot2,0.2,3,9.1456e-07,-2.18e-12,-9.1464e-07,2.18e-12,9.1456e-07,234549.07939486328
bot2,0.3,3,1.3246000000000002e-06,1.7820000000000003e-11,-1.3237e-06,1.7820000000000003e-11,1.3246000000000002e-06,252480.62211225284
bot2,0.4,3,1.7067e-06,5.0350000000000006e-11,-1.7069e-06,5.0350000000000006e-11,1.7067e-06,271002.7100271002
bot2,0.5,3,2.0626000000000004e-06,7.5e-13,-2.0632e-06,7.5e-13,2.0626000000000004e-06,292312.1894182986
bot2,0.6,3,2.3909000000000003e-06,-1.21e-12,-2.3911000000000003e-06,1.21e-12,2.3909000000000003e-06,316856.78073510784
bot2,0.7,3,2.6938000000000004e-06,4.786e-11,-2.6940000000000004e-06,4.786e-11,2.6938000000000004e-06,344708.7211306448
bot2,0.8,3,2.9711e-06,-3.647e-11,-2.9712000000000005e-06,3.647e-11,2.9711e-06,376860.7499528924
bot2,0.9,3,3.2245e-06,-2.09e-12,-3.2247e-06,2.09e-12,3.2245e-06,413393.9644481191
bot2,1.0,3,3.4549e-06,1.27e-12,-3.4549e-06,1.27e-12,3.4549e-06,456725.27974423394
bot2,1.1,3,3.6624e-06,-6.098e-11,-3.663e-06,6.098e-11,3.6624e-06,506842.37202230096
bot2,1.2,3,3.8495e-06,1.546e-11,-3.8492e-06,1.546e-11,3.8495e-06,565930.9564233158
bot2,1.3,3,4.015800000000001e-06,1.03e-12,-4.0161e-06,1.03e-12,4.015800000000001e-06,635930.0476947539
bot2,1.4,3,4.164e-06,-4.738e-11,-4.1645000000000005e-06,4.738e-11,4.164e-06,716075.9040458286
bot2,1.5,3,4.295100000000001e-06,4.067e-11,-4.2953e-06,4.067e-11,4.295100000000001e-06,814995.925020374
bot2,1.6,3,4.4094000000000005e-06,1.4700000000000002e-12,-4.4102000000000006e-06,1.4700000000000002e-12,4.4094000000000005e-06,932835.820895522
bot2,1.7,3,4.509500000000001e-06,-5.726e-11,-4.509600000000001e-06,5.726e-11,4.509500000000001e-06,1075268.817204303
bot2,1.8,3,4.5954e-06,2.6740000000000003e-11,-4.594900000000001e-06,2.6740000000000003e-11,4.5954e-06,1265822.7848101277
bot2,1.9,3,4.667500000000001e-06,2.350000000000001e-12,-4.667900000000001e-06,2.350000000000001e-12,4.667500000000001e-06,1506024.0963855344
bot2,2.0,3,4.728200000000001e-06,-8.9e-13,-4.7285000000000006e-06,8.9e-13,4.728200000000001e-06,1818181.818181821
bot2,2.1,3,4.7775e-06,5.212e-11,-4.7775e-06,5.212e-11,4.7775e-06,2227171.492204913
bot2,2.2,3,4.818e-06,1.45e-12,-4.8187e-06,1.45e-12,4.818e-06,2781641.168289289
bot2,2.3000000000000003,3,4.8494000000000005e-06,-4.440000000000001e-12,-4.849900000000001e-06,4.440000000000001e-12,4.8494000000000005e-06,3577817.5313058603
bot2,2.4,3,4.873900000000001e-06,5.969e-11,-4.874e-06,5.969e-11,4.873900000000001e-06,4662004.662004651
bot2,2.5,3,4.8923000000000006e-06,-4.74e-12,-4.892700000000001e-06,4.74e-12,4.8923000000000006e-06,6134969.325153477
bot2,2.6,3,4.9065e-06,-1.7700000000000001e-12,-4.9064e-06,1.7700000000000001e-12,4.9065e-06,8032128.51405638
bot2,2.7,3,4.9172e-06,2.357e-11,-4.917800000000001e-06,2.357e-11,4.9172e-06,10638297.872340592
bot2,2.8000000000000003,3,4.9253e-06,-2.8780000000000003e-11,-4.925600000000001e-06,2.8780000000000003e-11,4.9253e-06,12987012.987012353
bot2,2.9,3,4.932600000000001e-06,-1.3300000000000002e-12,-4.9323e-06,1.3300000000000002e-12,4.932600000000001e-06,16666666.666666567
bot2,3.0,3,4.9373e-06,3.745e-11,-4.9378e-06,3.745e-11,4.9373e-06,21978021.978022903
bot2,3.1,3,4.9417000000000005e-06,-4.374e-11,-4.9423e-06,4.374e-11,4.9417000000000005e-06,25316455.69620133
bot2,3.2,3,4.9452000000000005e-06,-2.04e-12,-4.946000000000001e-06,2.04e-12,4.9452000000000005e-06,31746031.746030457
bot2,3.3000000000000003,3,4.948000000000001e-06,6.115e-11,-4.9479000000000005e-06,6.115e-11,4.948000000000001e-06,36363636.363634974
bot2,3.4,3,4.950700000000001e-06,-1.928e-11,-4.9509e-06,1.928e-11,4.950700000000001e-06,40816326.530614406
bot2,3.5,3,4.9529000000000005e-06,-1.0500000000000002e-12,-4.9532e-06,1.0500000000000002e-12,4.9529000000000005e-06,50000000.00000688
bot2,3.6,3,4.9547e-06,5.931e-11,-4.954500000000001e-06,5.931e-11,4.9547e-06,66666666.66667113
bot2,3.7,3,4.9559e-06,-1.138e-11,-4.9564000000000005e-06,1.138e-11,4.9559e-06,64516129.03225768
bot2,3.8,3,4.9578e-06,-2.3300000000000004e-12,-4.957600000000001e-06,2.3300000000000004e-12,4.9578e-06,55555555.555551305
bot2,3.9,3,4.9595000000000005e-06,5.8110000000000007e-11,-4.9595000000000005e-06,5.8110000000000007e-11,4.9595000000000005e-06,60606060.606052086
bot2,4.0,3,4.961100000000001e-06,-1.3500000000000001e-12,-4.961500000000001e-06,1.3500000000000001e-12,4.961100000000001e-06,66666666.66667098
bot2,4.1,3,4.9625e-06,-1.37e-12,-4.962700000000001e-06,1.37e-12,4.9625e-06,71428571.42856613
bot2,4.2,3,4.963900000000001e-06,5.6580000000000006e-11,-4.964300000000001e-06,5.6580000000000006e-11,4.963900000000001e-06,68965517.24136916
bot2,4.3,3,4.965400000000001e-06,-1.228e-11,-4.9651e-06,1.228e-11,4.965400000000001e-06,68965517.2413893
bot2,4.4,3,4.9668000000000005e-06,-2.4300000000000003e-12,-4.966500000000001e-06,2.4300000000000003e-12,4.9668000000000005e-06,99999999.99999258
bot2,4.5,3,4.967400000000001e-06,2.04e-12,-4.967400000000001e-06,2.04e-12,4.967400000000001e-06,79999999.99998729
bot2,4.6000000000000005,3,4.969300000000001e-06,-5.722e-11,-4.968900000000001e-06,5.722e-11,4.969300000000001e-06,76923076.92308372
bot2,4.7,3,4.970000000000001e-06,-4.500000000000001e-13,-4.969600000000001e-06,4.500000000000001e-13,4.970000000000001e-06,166666666.6667712
bot2,4.8,3,4.9705e-06,1.03e-12,-4.971200000000001e-06,1.03e-12,4.9705e-06,111111111.111129
bot2,4.9,3,4.9718e-06,-4.3800000000000006e-11,-4.9718e-06,4.3800000000000006e-11,4.9718e-06,249999999.99998143
bot2,5.0,3,4.9713e-06,4.313e-11,-4.9722e-06,4.313e-11,4.9713e-06,-199999999.9998996
bot2,0.0,4,2.077e-10,-4.5900000000000004e-12,-1.6987e-10,4.5900000000000004e-12,2.077e-10,129253.69048368411
bot2,0.1,4,7.7388e-07,2.2500000000000003e-12,-7.7368e-07,2.2500000000000003e-12,7.7388e-07,132415.9292920124
bot2,0.2,4,1.5106000000000002e-06,-6.091e-11,-1.5088e-06,6.091e-11,1.5106000000000002e-06,139138.17812469558
bot2,0.3,4,2.2113000000000003e-06,-3.671e-11,-2.2114e-06,3.671e-11,2.2113000000000003e-06,145932.1415541773
bot2,0.4,4,2.8811e-06,4.858e-11,-2.8805e-06,4.858e-11,2.8811e-06,153033.8970081873
bot2,0.5,4,3.5182000000000005e-06,8.500000000000002e-13,-3.5186000000000005e-06,8.500000000000002e-13,3.5182000000000005e-06,161199.32296284355
bot2,0.6,4,4.1218e-06,-1.8100000000000002e-12,-4.1222e-06,1.8100000000000002e-12,4.1218e-06,169836.95652173914
bot2,0.7,4,4.695800000000001e-06,5.389000000000001e-11,-4.6951e-06,5.389000000000001e-11,4.695800000000001e-06,179500.9872554299
bot2,0.8,4,5.236e-06,-3.1050000000000005e-11,-5.2357000000000005e-06,3.1050000000000005e-11,5.236e-06,190240.6544278513
bot2,0.9,4,5.7471e-06,-3.6000000000000004e-12,-5.7460000000000006e-06,3.6000000000000004e-12,5.7471e-06,202122.28398180887
bot2,1.0,4,6.225500000000001e-06,1.18e-12,-6.2250000000000005e-06,1.18e-12,6.225500000000001e-06,214938.20526598595
bot2,1.1,4,6.677600000000001e-06,-6.131e-11,-6.676700000000001e-06,6.131e-11,6.677600000000001e-06,229042.601923958
bot2,1.2,4,7.0987e-06,1.7470000000000002e-11,-7.0988000000000005e-06,1.7470000000000002e-11,7.0987e-06,245821.04228121944
bot2,1.3,4,7.4912e-06,2.680000000000001e-12,-7.490700000000001e-06,2.680000000000001e-12,7.4912e-06,263539.3332454869
bot2,1.4,4,7.8576e-06,-4.36e-12,-7.8568e-06,4.36e-12,7.8576e-06,283045.57033682376
bot2,1.5,4,8.197800000000001e-06,6.067000000000001e-11,-8.1972e-06,6.067000000000001e-11,8.197800000000001e-06,304831.5805517449
bot2,1.6,4,8.513700000000001e-06,-7.980000000000001e-12,-8.5133e-06,7.980000000000001e-12,8.513700000000001e-06,330087.47318039346
bot2,1.7,4,8.8037e-06,-2.08e-12,-8.803400000000001e-06,2.08e-12,8.8037e-06,359066.42728904844
bot2,1.8,4,9.0707e-06,1.684e-11,-9.0708e-06,1.684e-11,9.0707e-06,389256.5200467112
bot2,1.9,4,9.3175e-06,-5.707e-11,-9.3173e-06,5.707e-11,9.3175e-06,426075.8414997875
bot2,2.0,4,9.5401e-06,4.7e-13,-9.5418e-06,4.7e-13,9.5401e-06,467071.4619336753
bot2,2.1,4,9.7457e-06,1.8900000000000002e-12,-9.7453e-06,1.8900000000000002e-12,9.7457e-06,512557.66273705824
bot2,2.2,4,9.9303e-06,-3.3600000000000005e-11,-9.9301e-06,3.3600000000000005e-11,9.9303e-06,568181.8181818171
bot2,2.3000000000000003,4,1.0097700000000002e-05,4.943e-11,-1.00975e-05,4.943e-11,1.0097700000000002e-05,631512.4723713289
bot2,2.4,4,1.0247e-05,8.2e-13,-1.0247700000000002e-05,8.2e-13,1.0247e-05,704970.0387733545
bot2,2.5,4,1.03814e-05,-1.3300000000000002e-12,-1.03815e-05,1.3300000000000002e-12,1.03814e-05,788332.6763894351
bot2,2.6,4,1.05007e-05,4.8280000000000007e-11,-1.0500300000000002e-05,4.8280000000000007e-11,1.05007e-05,887705.2818464236
bot2,2.7,4,1.06067e-05,-1.087e-11,-1.06064e-05,1.087e-11,1.06067e-05,1011633.78856854
bot2,2.8000000000000003,4,1.06984e-05,-1.95e-12,-1.07001e-05,1.95e-12,1.06984e-05,1160766.105629714
bot2,2.9,4,1.0779e-05,1.2980000000000002e-11,-1.07797e-05,1.2980000000000002e-11,1.0779e-05,1329787.2340425414
bot2,3.0,4,1.0848800000000002e-05,-5.794e-11,-1.0849500000000002e-05,5.794e-11,1.0848800000000002e-05,1556420.2334630298
bot2,3.1,4,1.0907500000000002e-05,-2.070000000000001e-12,-1.09071e-05,2.070000000000001e-12,1.0907500000000002e-05,1845018.450184524
bot2,3.2,4,1.09572e-05,1.37e-12,-1.09581e-05,1.37e-12,1.09572e-05,2190580.5038335514
bot2,3.3000000000000003,4,1.09988e-05,-6.111000000000001e-11,-1.09989e-05,6.111000000000001e-11,1.09988e-05,2659574.4680850827
bot2,3.4,4,1.10324e-05,8.680000000000001e-12,-1.1032600000000002e-05,8.680000000000001e-12,1.10324e-05,3231017.770597724
bot2,3.5,4,1.10607e-05,2.37e-12,-1.1060500000000002e-05,2.37e-12,1.10607e-05,3984063.745019927
bot2,3.6,4,1.10826e-05,-1.367e-11,-1.1083500000000002e-05,1.367e-11,1.10826e-05,4784688.995215295
bot2,3.7,4,1.11025e-05,1.994e-11,-1.1102100000000002e-05,1.994e-11,1.11025e-05,5730659.025787923
bot2,3.8,4,1.1117500000000002e-05,2.2500000000000003e-12,-1.11187e-05,2.2500000000000003e-12,1.1117500000000002e-05,6825938.566552921
bot2,3.9,4,1.11318e-05,-4.072e-11,-1.1131e-05,4.072e-11,1.11318e-05,8658008.65800871
bot2,4.0,4,1.11406e-05,4.4300000000000005e-11,-1.11413e-05,4.4300000000000005e-11,1.11406e-05,11494252.87356262
bot2,4.1,4,1.1149200000000002e-05,2.03e-12,-1.1150100000000002e-05,2.03e-12,1.1149200000000002e-05,12269938.650306636
bot2,4.2,4,1.1156900000000002e-05,-1.2500000000000001e-12,-1.11573e-05,1.2500000000000001e-12,1.1156900000000002e-05,14285714.28571409
bot2,4.3,4,1.1163200000000002e-05,5.249e-11,-1.1164800000000002e-05,5.249e-11,1.1163200000000002e-05,15873015.87301736
bot2,4.4,4,1.11695e-05,-3.204e-11,-1.11689e-05,3.204e-11,1.11695e-05,29411764.70589116
bot2,4.5,4,1.117e-05,-1.989e-11,-1.11714e-05,1.989e-11,1.117e-05,30769230.76922748
bot2,4.6000000000000005,4,1.1176e-05,6.095000000000001e-11,-1.11749e-05,6.095000000000001e-11,1.1176e-05,33333333.33332616
bot2,4.7,4,1.1176e-05,-1.83e-12,-1.11788e-05,1.83e-12,1.1176e-05,25000000.000003327
bot2,4.8,4,1.1184e-05,-1.22e-12,-1.1180900000000002e-05,1.22e-12,1.1184e-05,20000000.00000021
bot2,4.9,4,1.1186e-05,9.5e-13,-1.1184900000000002e-05,9.5e-13,1.1186e-05,33333333.333335564
bot2,5.0,4,1.119e-05,-6.081000000000001e-11,-1.1188e-05,6.081000000000001e-11,1.119e-05,25000000.00000862
bot2,0.0,5,3.3561000000000004e-10,3.2940000000000005e-11,-3.0046e-10,3.2940000000000005e-11,3.3561000000000004e-10,91660.33988808953
bot2,0.1,5,1.09132e-06,-1.1100000000000001e-12,-1.091e-06,1.1100000000000001e-12,1.09132e-06,93555.6794451048
bot2,0.2,5,2.1381000000000003e-06,5.589000000000001e-11,-2.1341e-06,5.589000000000001e-11,2.1381000000000003e-06,97414.61608899798
bot2,0.3,5,3.1444000000000003e-06,5.944e-11,-3.1433000000000005e-06,5.944e-11,3.1444000000000003e-06,101056.03557172454
bot2,0.4,5,4.1172e-06,-2.019e-11,-4.1165e-06,2.019e-11,4.1172e-06,104744.94605635275
bot2,0.5,5,5.053800000000001e-06,-1.8100000000000002e-12,-5.053800000000001e-06,1.8100000000000002e-12,5.053800000000001e-06,108926.5290561516
bot2,0.6,5,5.9533e-06,2.64e-12,-5.951700000000001e-06,2.64e-12,5.9533e-06,113340.13374135786
bot2,0.7,5,6.818400000000001e-06,-6.113e-11,-6.817600000000001e-06,6.113e-11,6.818400000000001e-06,118301.19484206784
bot2,0.8,5,7.643900000000001e-06,8.73e-12,-7.6436e-06,8.73e-12,7.643900000000001e-06,123327.37251032864
bot2,0.9,5,8.4401e-06,2.39e-12,-8.4376e-06,2.39e-12,8.4401e-06,128609.09266285124
bot2,1.0,5,9.199e-06,-1.5670000000000002e-11,-9.1991e-06,1.5670000000000002e-11,9.199e-06,134580.44546127444
bot2,1.1,5,9.9262e-06,5.631e-11,-9.9253e-06,5.631e-11,9.9262e-06,140884.75626937172
bot2,1.2,5,1.06186e-05,-1.46e-12,-1.0617800000000002e-05,1.46e-12,1.06186e-05,148126.2035254037
bot2,1.3,5,1.12764e-05,-5.2e-13,-1.12754e-05,5.2e-13,1.12764e-05,157554.75027572093
bot2,1.4,5,1.1888e-05,-1.36e-12,-1.187e-05,1.36e-12,1.1888e-05,167841.55756965437
bot2,1.5,5,1.2468e-05,4.079e-11,-1.2468e-05,4.079e-11,1.2468e-05,175746.92442882247
bot2,1.6,5,1.3026e-05,-5.96e-11,-1.3024e-05,5.96e-11,1.3026e-05,183823.52941176452
bot2,1.7,5,1.3556e-05,4.2260000000000005e-11,-1.3556e-05,4.2260000000000005e-11,1.3556e-05,193423.59767891667
bot2,1.8,5,1.406e-05,-6.96e-12,-1.4062e-05,6.96e-12,1.406e-05,204918.0327868853
bot2,1.9,5,1.4532e-05,-2.400000000000001e-12,-1.4536e-05,2.400000000000001e-12,1.4532e-05,217864.92374727657
bot2,2.0,5,1.4978e-05,2.01e-12,-1.498e-05,2.01e-12,1.4978e-05,231481.4814814817
bot2,2.1,5,1.5396e-05,-1.226e-11,-1.5394000000000002e-05,1.226e-11,1.5396e-05,247524.75247524783
bot2,2.2,5,1.5786e-05,5.163000000000001e-11,-1.5786e-05,5.163000000000001e-11,1.5786e-05,265251.9893899207
bot2,2.3000000000000003,5,1.615e-05,-3.495e-11,-1.6154e-05,3.495e-11,1.615e-05,283286.1189801697
bot2,2.4,5,1.6492e-05,-2.3800000000000004e-12,-1.649e-05,2.3800000000000004e-12,1.6492e-05,303951.36778115487
bot2,2.5,5,1.6808e-05,1.5200000000000002e-12,-1.6806e-05,1.5200000000000002e-12,1.6808e-05,327868.8524590171
bot2,2.6,5,1.7102e-05,-1.18e-12,-1.7104e-05,1.18e-12,1.7102e-05,353356.89045936364
bot2,2.7,5,1.7374e-05,2.4410000000000003e-11,-1.7378000000000002e-05,2.4410000000000003e-11,1.7374e-05,378787.8787878774
bot2,2.8000000000000003,5,1.7630000000000002e-05,-4.7140000000000005e-11,-1.7628e-05,4.7140000000000005e-11,1.7630000000000002e-05,414937.7593360992
bot2,2.9,5,1.7856e-05,2.09e-12,-1.7862e-05,2.09e-12,1.7856e-05,452488.6877828081
bot2,3.0,5,1.8072e-05,3.440000000000001e-12,-1.807e-05,3.440000000000001e-12,1.8072e-05,485436.8932038813
bot2,3.1,5,1.8268e-05,-1.3500000000000001e-12,-1.827e-05,1.3500000000000001e-12,1.8268e-05,537634.4086021474
bot2,3.2,5,1.8444e-05,1.3800000000000002e-12,-1.8448e-05,1.3800000000000002e-12,1.8444e-05,591715.976331363
bot2,3.3000000000000003,5,1.8606e-05,-2.83e-11,-1.8608e-05,2.83e-11,1.8606e-05,641025.6410256408
bot2,3.4,5,1.8756e-05,5.987000000000001e-11,-1.8758e-05,5.987000000000001e-11,1.8756e-05,704225.3521126768
bot2,3.5,5,1.889e-05,-5.3550000000000005e-11,-1.889e-05,5.3550000000000005e-11,1.889e-05,800000.0000000029
bot2,3.6,5,1.9006e-05,2.4810000000000003e-11,-1.9008e-05,2.4810000000000003e-11,1.9006e-05,900900.900900906
bot2,3.7,5,1.9112e-05,-1.59e-12,-1.9114e-05,1.59e-12,1.9112e-05,999999.9999999936
bot2,3.8,5,1.9206e-05,-2.42e-12,-1.921e-05,2.42e-12,1.9206e-05,1111111.1111110994
bot2,3.9,5,1.9292e-05,5.9e-13,-1.9294e-05,5.9e-13,1.9292e-05,1282051.2820512815
bot2,4.0,5,1.9362e-05,-3.599e-11,-1.9366e-05,3.599e-11,1.9362e-05,1449275.3623188275
bot2,4.1,5,1.943e-05,6.185e-11,-1.9428e-05,6.185e-11,1.943e-05,1612903.225806486
bot2,4.2,5,1.9486e-05,-4.422e-11,-1.9484e-05,4.422e-11,1.9486e-05,1960784.3137254915
bot2,4.3,5,1.9532e-05,-2.72e-12,-1.9534e-05,2.72e-12,1.9532e-05,2222222.222222204
bot2,4.4,5,1.9576e-05,2.47e-12,-1.9576e-05,2.47e-12,1.9576e-05,2564102.5641026245
bot2,4.5,5,1.961e-05,-6.92e-12,-1.9614e-05,6.92e-12,1.961e-05,3030303.030303078
bot2,4.6000000000000005,5,1.9642e-05,4.8490000000000005e-11,-1.964e-05,4.8490000000000005e-11,1.9642e-05,3448275.862068861
bot2,4.7,5,1.9668e-05,-2.0660000000000003e-11,-1.967e-05,2.0660000000000003e-11,1.9668e-05,3999999.9999998887
bot2,4.8,5,1.9692e-05,-5e-13,-1.9692e-05,5e-13,1.9692e-05,4545454.545454733
bot2,4.9,5,1.9712e-05,8.800000000000002e-13,-1.971e-05,8.800000000000002e-13,1.9712e-05,5882352.941176473
bot2,5.0,5,1.9726e-05,-1.8900000000000002e-12,-1.9726e-05,1.8900000000000002e-12,1.9726e-05,7142857.142857012
