device,VD,VG,ID,IG,IS,absIg,absId,r
bot1,0.0,-5,-4.8996e-12,2.045e-11,-2.960000000000001e-12,2.045e-11,4.8996e-12,16074069311.386871
bot1,0.1,-5,1.3216e-12,-2.8e-12,1.1100000000000001e-12,2.8e-12,1.3216e-12,38996997231.2132
bot1,0.2,-5,2.29e-13,-7.900000000000002e-13,2.1500000000000003e-12,7.900000000000002e-13,2.29e-13,-95120327213.9256
bot1,0.3,-5,-7.81e-13,2.3300000000000004e-12,2.3300000000000004e-12,2.3300000000000004e-12,7.81e-13,-91390970572.10748
bot1,0.4,-5,-1.9594e-12,1.279e-11,4.300000000000001e-12,1.279e-11,1.9594e-12,-92267946115.51949
bot1,0.5,-5,-2.9486e-12,2.895e-11,5.670000000000001e-12,2.895e-11,2.9486e-12,-131665569453.58786
bot1,0.6,-5,-3.4784e-12,4.363e-11,8.470000000000002e-12,4.363e-11,3.4784e-12,-209380234505.8628
bot1,0.7,-5,-3.9038e-12,5.375e-11,1.189e-11,5.375e-11,3.9038e-12,-283205890682.5263
bot1,0.8,-5,-4.1846e-12,6.215e-11,1.7360000000000002e-11,6.215e-11,4.1846e-12,-475963826749.1668
bot1,0.9,-5,-4.324e-12,6.133000000000001e-11,2.182e-11,6.133000000000001e-11,4.324e-12,22362859762.506424
bot1,1.0,-5,4.7588e-12,-2.9190000000000005e-11,-3.5700000000000003e-11,2.9190000000000005e-11,4.7588e-12,22957895220.166225
bot1,1.1,-5,4.3876e-12,-1.7100000000000002e-12,-1.7600000000000003e-11,1.7100000000000002e-12,4.3876e-12,-28943560057.88711
bot1,1.2,-5,-2.1512e-12,2.680000000000001e-12,1e-13,2.680000000000001e-12,2.1512e-12,-38541586371.695045
bot1,1.3,-5,-8.015999999999999e-13,1.95e-12,-1.9900000000000002e-12,1.95e-12,8.015999999999999e-13,82760903749.06902
bot1,1.4,-5,2.654e-13,-7.800000000000002e-13,-2.54e-12,7.800000000000002e-13,2.654e-13,85814811636.48846
bot1,1.5,-5,1.529e-12,-6.800000000000001e-12,-4.08e-12,6.800000000000001e-12,1.529e-12,92055601583.35632
bot1,1.6,-5,2.438e-12,-2.134e-11,-5.120000000000001e-12,2.134e-11,2.438e-12,123487280810.07652
bot1,1.7,-5,3.1486e-12,-3.3810000000000004e-11,-7.27e-12,3.3810000000000004e-11,3.1486e-12,148787382829.936
bot1,1.8,-5,3.7822e-12,-5.1950000000000005e-11,-1.157e-11,5.1950000000000005e-11,3.7822e-12,210570646451.8849
bot1,1.9,-5,4.0984e-12,-5.991e-11,-1.588e-11,5.991e-11,4.0984e-12,337952010814.4643
bot1,2.0,-5,4.374e-12,-6.178e-11,-2.209e-11,6.178e-11,4.374e-12,-22407457201.75674
bot1,2.1,-5,-4.8272e-12,2.391e-11,3.6660000000000006e-11,2.391e-11,4.8272e-12,-24069126531.3982
bot1,2.2,-5,-3.9354e-12,1.4300000000000002e-12,1.246e-11,1.4300000000000002e-12,3.9354e-12,33106005429.38492
bot1,2.3000000000000003,-5,1.214e-12,-1.07e-12,1.04e-12,1.07e-12,1.214e-12,51488003295.23216
bot1,2.4,-5,-5.1e-14,-2.1000000000000001e-13,1.79e-12,2.1000000000000001e-13,5.1e-14,-76622481035.93582
bot1,2.5,-5,-1.3962e-12,5.830000000000001e-12,3.1900000000000003e-12,5.830000000000001e-12,1.3962e-12,-86956521739.13052
bot1,2.6,-5,-2.351e-12,1.809e-11,4.6500000000000006e-12,1.809e-11,2.351e-12,-112170499158.72136
bot1,2.7,-5,-3.1792e-12,3.5350000000000006e-11,6.56e-12,3.5350000000000006e-11,3.1792e-12,-138197899391.92938
bot1,2.8000000000000003,-5,-3.7982e-12,5.1330000000000005e-11,9.9e-12,5.1330000000000005e-11,3.7982e-12,-198886237072.3944
bot1,2.9,-5,-4.1848e-12,5.983e-11,1.493e-11,5.983e-11,4.1848e-12,-422654268808.1144
bot1,3.0,-5,-4.2714e-12,6.214e-11,2.104e-11,6.214e-11,4.2714e-12,22359859580.08186
bot1,3.1,-5,4.7598e-12,-2.489e-11,-3.632e-11,2.489e-11,4.7598e-12,23491824844.953976
bot1,3.2,-5,4.2422e-12,-1.07e-12,-1.478e-11,1.07e-12,4.2422e-12,-32350943029.98936
bot1,3.3000000000000003,-5,-1.4224e-12,3.6000000000000004e-12,-1.5600000000000002e-12,3.6000000000000004e-12,1.4224e-12,-47993856786.33129
bot1,3.4,-5,7.5e-14,1.6000000000000005e-13,-2.24e-12,1.6000000000000005e-13,7.5e-14,78622533218.02017
bot1,3.5,-5,1.1214e-12,-3.81e-12,-3.3600000000000002e-12,3.81e-12,1.1214e-12,99492587802.2088
bot1,3.6,-5,2.0852e-12,-1.245e-11,-3.9900000000000006e-12,1.245e-11,2.0852e-12,105218855218.85532
bot1,3.7,-5,3.0222e-12,-3.103e-11,-6.8200000000000004e-12,3.103e-11,3.0222e-12,123762376237.6239
bot1,3.8,-5,3.7012e-12,-4.874e-11,-9.5e-12,4.874e-11,3.7012e-12,188821752265.86075
bot1,3.9,-5,4.0814e-12,-5.766e-11,-1.353e-11,5.766e-11,4.0814e-12,358294518093.8723
bot1,4.0,-5,4.2594e-12,-6.217e-11,-1.801e-11,6.217e-11,4.2594e-12,505305709954.5224
bot1,4.1,-5,4.4772e-12,-5.995000000000001e-11,-2.388e-11,5.995000000000001e-11,4.4772e-12,-22342374547.566936
bot1,4.2,-5,-4.6922e-12,1.907e-11,3.687e-11,1.907e-11,4.6922e-12,-24797897138.322693
bot1,4.3,-5,-3.588e-12,2.06e-12,1.062e-11,2.06e-12,3.588e-12,33095048980.67252
bot1,4.4,-5,1.351e-12,-2.8800000000000002e-12,8.300000000000001e-13,2.8800000000000002e-12,1.351e-12,51023011378.13158
bot1,4.5,-5,3.318e-13,1.1000000000000001e-13,1.88e-12,1.1000000000000001e-13,3.318e-13,-88841506751.95459
bot1,4.6000000000000005,-5,-9.001999999999999e-13,5.94e-12,2.9e-12,5.94e-12,9.001999999999999e-13,-109170305676.856
bot1,4.7,-5,-1.5002e-12,1.885e-11,4.450000000000001e-12,1.885e-11,1.5002e-12,-176273576590.86844
bot1,4.8,-5,-2.0348e-12,3.307e-11,7.050000000000001e-12,3.307e-11,2.0348e-12,-218914185639.2296
bot1,4.9,-5,-2.4138e-12,4.855e-11,1.008e-11,4.855e-11,2.4138e-12,-437636761487.9652
bot1,5.0,-5,-2.4918e-12,5.495e-11,1.307e-11,5.495e-11,2.4918e-12,-1282051282051.2795
bot1,0.0,-4,-4.8268e-12,6.55e-12,3.643e-11,6.55e-12,4.8268e-12,58065265358.2627
bot1,0.1,-4,-3.1046e-12,2.09e-12,5.02e-12,2.09e-12,3.1046e-12,41416442327.60407
bot1,0.2,-4,2.2e-15,-1.14e-12,1.85e-12,1.14e-12,2.2e-15,97087378640.7767
bot1,0.3,-4,-1.0446e-12,4.900000000000001e-12,2.780000000000001e-12,4.900000000000001e-12,1.0446e-12,-88833614639.7797
bot1,0.4,-4,-2.2492e-12,1.498e-11,4.38e-12,1.498e-11,2.2492e-12,-102343670044.00778
bot1,0.5,-4,-2.9988e-12,3.1050000000000005e-11,6.19e-12,3.1050000000000005e-11,2.9988e-12,-148038490007.40192
bot1,0.6,-4,-3.6002e-12,4.7940000000000005e-11,9.73e-12,4.7940000000000005e-11,3.6002e-12,-189933523266.85663
bot1,0.7,-4,-4.0518e-12,5.843e-11,1.401e-11,5.843e-11,4.0518e-12,-320512820512.82074
bot1,0.8,-4,-4.2242e-12,6.068e-11,2.0370000000000003e-11,6.068e-11,4.2242e-12,22818546914.932453
bot1,0.9,-4,4.713e-12,-3.0940000000000005e-11,-3.573e-11,3.0940000000000005e-11,4.713e-12,23462061845.995026
bot1,1.0,-4,4.3002e-12,-1.6800000000000001e-12,-1.5560000000000002e-11,1.6800000000000001e-12,4.3002e-12,-31209038137.44461
bot1,1.1,-4,-1.6954e-12,2.67e-12,-1.07e-12,2.67e-12,1.6954e-12,-41497219686.281006
bot1,1.2,-4,-5.194e-13,6.3e-13,-1.4800000000000006e-12,6.3e-13,5.194e-13,77190274025.47276
bot1,1.3,-4,8.955999999999999e-13,-3.25e-12,-2.72e-12,3.25e-12,8.955999999999999e-13,81759463657.9185
bot1,1.4,-4,1.9268e-12,-1.133e-11,-3.9e-12,1.133e-11,1.9268e-12,110387459984.54572
bot1,1.5,-4,2.7074e-12,-2.578e-11,-6.020000000000002e-12,2.578e-11,2.7074e-12,125093820365.27393
bot1,1.6,-4,3.5256e-12,-4.571e-11,-9.38e-12,4.571e-11,3.5256e-12,148279952550.4152
bot1,1.7,-4,4.0562e-12,-5.844000000000001e-11,-1.439e-11,5.844000000000001e-11,4.0562e-12,301750150875.0752
bot1,1.8,-4,4.1884e-12,-5.969e-11,-2.042e-11,5.969e-11,4.1884e-12,-22770225652.936245
bot1,1.9,-4,-4.7272e-12,2.5540000000000003e-11,3.573e-11,2.5540000000000003e-11,4.7272e-12,-23687701345.46143
bot1,2.0,-4,-4.2548e-12,4.4000000000000004e-13,1.541e-11,4.4000000000000004e-13,4.2548e-12,31303803412.114563
bot1,2.1,-4,1.6618e-12,-2.18e-12,9.8e-13,2.18e-12,1.6618e-12,45545636728.001495
bot1,2.2,-4,1.364e-13,-1.41e-12,1.8900000000000002e-12,1.41e-12,1.364e-13,-67553874214.68627
bot1,2.3000000000000003,-4,-1.2988e-12,4.84e-12,2.7000000000000002e-12,4.84e-12,1.2988e-12,-85360648740.9303
bot1,2.4,-4,-2.2066e-12,1.548e-11,4.53e-12,1.548e-11,2.2066e-12,-113778586869.95091
bot1,2.5,-4,-3.0566e-12,3.22e-11,6.45e-12,3.22e-11,3.0566e-12,-141262890238.7344
bot1,2.6,-4,-3.6224e-12,4.930000000000001e-11,9.94e-12,4.930000000000001e-11,3.6224e-12,-200440970134.2956
bot1,2.7,-4,-4.0544e-12,6.081000000000001e-11,1.493e-11,6.081000000000001e-11,4.0544e-12,-303766707168.89453
bot1,2.8000000000000003,-4,-4.2808e-12,6.207e-11,2.074e-11,6.207e-11,4.2808e-12,22295549808.25824
bot1,2.9,-4,4.916e-12,-2.334e-11,-3.636e-11,2.334e-11,4.916e-12,23816895705.813675
bot1,3.0,-4,4.1166e-12,-1.07e-12,-1.398e-11,1.07e-12,4.1166e-12,-33472803347.280365
bot1,3.1,-4,-1.059e-12,1.7500000000000002e-12,-1.7600000000000002e-12,1.7500000000000002e-12,1.059e-12,-55900273911.342224
bot1,3.2,-4,5.388e-13,-1.4800000000000006e-12,-2.47e-12,1.4800000000000006e-12,5.388e-13,70013302527.48029
bot1,3.3000000000000003,-4,1.7976e-12,-1.025e-11,-3.95e-12,1.025e-11,1.7976e-12,95238095238.09512
bot1,3.4,-4,2.6388e-12,-2.2210000000000003e-11,-5.55e-12,2.2210000000000003e-11,2.6388e-12,127665007021.57524
bot1,3.5,-4,3.3642e-12,-4.3540000000000006e-11,-8.62e-12,4.3540000000000006e-11,3.3642e-12,159897665494.08395
bot1,3.6,-4,3.8896e-12,-5.498000000000001e-11,-1.168e-11,5.498000000000001e-11,3.8896e-12,246669955599.40805
bot1,3.7,-4,4.175e-12,-6.142e-11,-1.7850000000000002e-11,6.142e-11,4.175e-12,369412633912.0801
bot1,3.8,-4,4.431e-12,-6.03e-11,-2.427e-11,6.03e-11,4.431e-12,-22108730737.768314
bot1,3.9,-4,-4.8712e-12,1.808e-11,3.665e-11,1.808e-11,4.8712e-12,-24186721489.902016
bot1,4.0,-4,-3.838e-12,1.7500000000000002e-12,1.017e-11,1.7500000000000002e-12,3.838e-12,35349429106.71988
bot1,4.1,-4,7.866e-13,-1.6e-12,1.14e-12,1.6e-12,7.866e-13,63395460885.0007
bot1,4.2,-4,-6.832e-13,-4.4000000000000004e-13,2.4800000000000003e-12,4.4000000000000004e-13,6.832e-13,-80808080808.08089
bot1,4.3,-4,-1.6884e-12,9.46e-12,3.61e-12,9.46e-12,1.6884e-12,-101895251681.27176
bot1,4.4,-4,-2.646e-12,2.626e-11,5.54e-12,2.626e-11,2.646e-12,-113533151680.29074
bot1,4.5,-4,-3.45e-12,4.5510000000000006e-11,8.64e-12,4.5510000000000006e-11,3.45e-12,-145964092833.16318
bot1,4.6000000000000005,-4,-4.0162e-12,5.7850000000000006e-11,1.313e-11,5.7850000000000006e-11,4.0162e-12,-238720458343.2804
bot1,4.7,-4,-4.2878e-12,6.050000000000001e-11,1.809e-11,6.050000000000001e-11,4.2878e-12,-550660792951.54
bot1,4.8,-4,-4.3794e-12,5.963e-11,2.569e-11,5.963e-11,4.3794e-12,21714583514.288216
bot1,4.9,-4,4.9226e-12,-1.192e-11,-3.6950000000000006e-11,1.192e-11,4.9226e-12,25420066600.57452
bot1,5.0,-4,3.4884e-12,-1.65e-12,-7.22e-12,1.65e-12,3.4884e-12,-69725282387.39342
bot1,0.0,-3,-3.6794e-12,5.7450000000000006e-11,1.347e-11,5.7450000000000006e-11,3.6794e-12,-169033130493.57675
bot1,0.1,-3,-4.271e-12,6.151e-11,2.114e-11,6.151e-11,4.271e-12,23549914042.813747
bot1,0.2,-3,4.8132e-12,-2.63e-11,-3.6290000000000005e-11,2.63e-11,4.8132e-12,23468118560.934967
bot1,0.3,-3,4.2512e-12,-2.14e-12,-1.56e-11,2.14e-12,4.2512e-12,-32232070910.556007
bot1,0.4,-3,-1.3918e-12,1.45e-12,-1.7100000000000002e-12,1.45e-12,1.3918e-12,-45605874036.57591
bot1,0.5,-3,-1.342e-13,2.0000000000000003e-14,-2.16e-12,2.0000000000000003e-14,1.342e-13,78082298742.87497
bot1,0.6,-3,1.1696e-12,-4.8500000000000005e-12,-3.060000000000001e-12,4.8500000000000005e-12,1.1696e-12,82671957671.9577
bot1,0.7,-3,2.285e-12,-1.5740000000000002e-11,-4.610000000000001e-12,1.5740000000000002e-11,2.285e-12,109625082218.81168
bot1,0.8,-3,2.994e-12,-3.161e-11,-6.890000000000001e-12,3.161e-11,2.994e-12,143864192202.5608
bot1,0.9,-3,3.6752e-12,-5.0280000000000006e-11,-9.71e-12,5.0280000000000006e-11,3.6752e-12,196270853778.2139
bot1,1.0,-3,4.013e-12,-5.7670000000000006e-11,-1.4210000000000002e-11,5.7670000000000006e-11,4.013e-12,395726157499.0103
bot1,1.1,-3,4.1806e-12,-6.16e-11,-1.9730000000000003e-11,6.16e-11,4.1806e-12,-22797218739.3138
bot1,1.2,-3,-4.76e-12,2.786e-11,3.5670000000000005e-11,2.786e-11,4.76e-12,-23465365121.08128
bot1,1.3,-3,-4.3426e-12,1.3000000000000001e-12,1.508e-11,1.3000000000000001e-12,4.3426e-12,31439620209.387897
bot1,1.4,-3,1.6014e-12,-2.5500000000000002e-12,7.5e-13,2.5500000000000002e-12,1.6014e-12,44754744002.864296
bot1,1.5,-3,1.262e-13,-1.2800000000000002e-12,1.93e-12,1.2800000000000002e-12,1.262e-13,-71454090746.69524
bot1,1.6,-3,-1.1976e-12,4.12e-12,2.4800000000000003e-12,4.12e-12,1.1976e-12,-79789356099.89626
bot1,1.7,-3,-2.3804e-12,1.8930000000000003e-11,4.37e-12,1.8930000000000003e-11,2.3804e-12,-96181590843.51254
bot1,1.8,-3,-3.277e-12,3.656e-11,7.140000000000002e-12,3.656e-11,3.277e-12,-158553987632.78906
bot1,1.9,-3,-3.6418e-12,5.087e-11,9.66e-12,5.087e-11,3.6418e-12,-294637595757.2186
bot1,2.0,-3,-3.9558e-12,5.813e-11,1.386e-11,5.813e-11,3.9558e-12,-311526479750.7788
bot1,2.1,-3,-4.2838e-12,6.100000000000001e-11,2.076e-11,6.100000000000001e-11,4.2838e-12,22872827081.427288
bot1,2.2,-3,4.7882e-12,-2.8070000000000003e-11,-3.606e-11,2.8070000000000003e-11,4.7882e-12,23405500292.56877
bot1,2.3000000000000003,-3,4.2612e-12,-1.55e-12,-1.531e-11,1.55e-12,4.2612e-12,-32116131933.06993
bot1,2.4,-3,-1.4392e-12,1.8900000000000002e-12,-1.1100000000000001e-12,1.8900000000000002e-12,1.4392e-12,-45574696928.265366
bot1,2.5,-3,-1.272e-13,9.700000000000001e-13,-2.23e-12,9.700000000000001e-13,1.272e-13,76534517067.19737
bot1,2.6,-3,1.174e-12,-3.25e-12,-3.340000000000001e-12,3.25e-12,1.174e-12,80276149955.84819
bot1,2.7,-3,2.3642e-12,-1.8730000000000003e-11,-4.77e-12,1.8730000000000003e-11,2.3642e-12,104536901526.23886
bot1,2.8000000000000003,-3,3.0872e-12,-3.51e-11,-7.480000000000001e-12,3.51e-11,3.0872e-12,144948543267.13995
bot1,2.9,-3,3.744e-12,-5.176e-11,-1.048e-11,5.176e-11,3.744e-12,197472353870.4579
bot1,3.0,-3,4.1e-12,-5.824000000000001e-11,-1.4610000000000002e-11,5.824000000000001e-11,4.1e-12,379650721336.3711
bot1,3.1,-3,4.2708e-12,-6.165e-11,-2.0750000000000003e-11,6.165e-11,4.2708e-12,-22442659006.23908
bot1,3.2,-3,-4.8116e-12,2.793e-11,3.529e-11,2.793e-11,4.8116e-12,-23213705371.651443
bot1,3.3000000000000003,-3,-4.3448e-12,2.26e-12,1.7670000000000002e-11,2.26e-12,4.3448e-12,29910567403.463604
bot1,3.4,-3,1.875e-12,-3.4200000000000004e-12,4.7e-13,3.4200000000000004e-12,1.875e-12,42461041993.97048
bot1,3.5,-3,3.654e-13,-1.3300000000000002e-12,1.93e-12,1.3300000000000002e-12,3.654e-13,-73849789528.0999
bot1,3.6,-3,-8.332e-13,1.55e-12,2.6300000000000007e-12,1.55e-12,8.332e-13,-87001914042.10901
bot1,3.7,-3,-1.9334e-12,1.266e-11,3.75e-12,1.266e-11,1.9334e-12,-96079938508.83945
bot1,3.8,-3,-2.9148e-12,2.964e-11,6.180000000000001e-12,2.964e-11,2.9148e-12,-123334977799.7038
bot1,3.9,-3,-3.555e-12,4.7040000000000006e-11,8.84e-12,4.7040000000000006e-11,3.555e-12,-201572263656.52057
bot1,4.0,-3,-3.907e-12,5.4860000000000005e-11,1.21e-11,5.4860000000000005e-11,3.907e-12,-316055625790.13885
bot1,4.1,-3,-4.1878e-12,6.137e-11,1.808e-11,6.137e-11,4.1878e-12,-419463087248.3228
bot1,4.2,-3,-4.3838e-12,6.075000000000001e-11,2.4430000000000003e-11,6.075000000000001e-11,4.3838e-12,22110686094.58953
bot1,4.3,-3,4.8576e-12,-1.584e-11,-3.71e-11,1.584e-11,4.8576e-12,24210730195.622726
bot1,4.4,-3,3.877e-12,-1.78e-12,-9.41e-12,1.78e-12,3.877e-12,-35141973573.23591
bot1,4.5,-3,-8.336e-13,1.32e-12,-1.8900000000000002e-12,1.32e-12,8.336e-13,-62774639045.825554
bot1,4.6000000000000005,-3,6.91e-13,-1.2500000000000001e-12,-2.77e-12,1.2500000000000001e-12,6.91e-13,75125835774.92305
bot1,4.7,-3,1.8286e-12,-1.011e-11,-4.02e-12,1.011e-11,1.8286e-12,95877277085.33044
bot1,4.8,-3,2.777e-12,-2.6630000000000003e-11,-5.89e-12,2.6630000000000003e-11,2.777e-12,113173381620.64291
bot1,4.9,-3,3.5958e-12,-4.399e-11,-9.000000000000001e-12,4.399e-11,3.5958e-12,174581005586.5923
bot1,5.0,-3,3.9226e-12,-5.651000000000001e-11,-1.282e-11,5.651000000000001e-11,3.9226e-12,305997552019.5826
bot1,0.0,-2,5.0864e-12,-4.500000000000001e-13,-2.8780000000000003e-11,4.500000000000001e-13,5.0864e-12,-12298307752.853209
bot1,0.1,-2,-3.0448e-12,2.4800000000000003e-12,4.100000000000001e-12,2.4800000000000003e-12,3.0448e-12,-37629350893.69709
bot1,0.2,-2,-2.286e-13,3.900000000000001e-13,1.9200000000000003e-12,3.900000000000001e-13,2.286e-13,118455342335.93932
bot1,0.3,-2,-1.3564e-12,4.94e-12,2.92e-12,4.94e-12,1.3564e-12,-93870271285.08405
bot1,0.4,-2,-2.3592e-12,1.7690000000000002e-11,4.5900000000000004e-12,1.7690000000000002e-11,2.3592e-12,-124517494708.00648
bot1,0.5,-2,-2.9626e-12,3.682e-11,6.790000000000001e-12,3.682e-11,2.9626e-12,-168548794876.11658
bot1,0.6,-2,-3.5458e-12,5.121e-11,1.049e-11,5.121e-11,3.5458e-12,-200803212851.40573
bot1,0.7,-2,-3.9586e-12,5.989e-11,1.52e-11,5.989e-11,3.9586e-12,-302571860816.9441
bot1,0.8,-2,-4.2068e-12,6.14e-11,2.165e-11,6.14e-11,4.2068e-12,22726756210.08613
bot1,0.9,-2,4.8416e-12,-2.7250000000000003e-11,-3.6370000000000006e-11,2.7250000000000003e-11,4.8416e-12,23691629747.210304
bot1,1.0,-2,4.235e-12,-2.62e-12,-1.6290000000000003e-11,2.62e-12,4.235e-12,-31530821377.896904
bot1,1.1,-2,-1.5014e-12,2e-12,-1.1600000000000001e-12,2e-12,1.5014e-12,-47003525264.39481
bot1,1.2,-2,-2e-14,8.9e-13,-1.9e-12,8.9e-13,2e-14,73276177914.55995
bot1,1.3,-2,1.228e-12,-4.47e-12,-3.1400000000000004e-12,4.47e-12,1.228e-12,93457943925.23372
bot1,1.4,-2,2.12e-12,-1.5120000000000002e-11,-4.6400000000000004e-12,1.5120000000000002e-11,2.12e-12,121817517358.99622
bot1,1.5,-2,2.8698e-12,-3.0570000000000004e-11,-6.490000000000001e-12,3.0570000000000004e-11,2.8698e-12,139489468545.1248
bot1,1.6,-2,3.5538e-12,-4.931e-11,-9.83e-12,4.931e-11,3.5538e-12,165125495376.48605
bot1,1.7,-2,4.081e-12,-5.864e-11,-1.392e-11,5.864e-11,4.081e-12,277085065114.99023
bot1,1.8,-2,4.2756e-12,-6.105e-11,-1.854e-11,6.105e-11,4.2756e-12,-22775930396.75673
bot1,1.9,-2,-4.7002e-12,3.1040000000000003e-11,3.5300000000000003e-11,3.1040000000000003e-11,4.7002e-12,-23365031893.268528
bot1,2.0,-2,-4.2842e-12,1.9400000000000002e-12,1.688e-11,1.9400000000000002e-12,4.2842e-12,30029128254.406765
bot1,2.1,-2,1.96e-12,-2e-12,2.1000000000000001e-13,2e-12,1.96e-12,40265753976.24324
bot1,2.2,-2,6.828e-13,-2.5500000000000002e-12,1.1600000000000001e-12,2.5500000000000002e-12,6.828e-13,-71994240460.7632
bot1,2.3000000000000003,-2,-8.179999999999999e-13,1.3800000000000002e-12,2.29e-12,1.3800000000000002e-12,8.179999999999999e-13,-80729797368.2085
bot1,2.4,-2,-1.7946e-12,1.0540000000000002e-11,4.18e-12,1.0540000000000002e-11,1.7946e-12,-99542106310.9694
bot1,2.5,-2,-2.8272e-12,2.7450000000000003e-11,5.49e-12,2.7450000000000003e-11,2.8272e-12,-119918455450.29391
bot1,2.6,-2,-3.4624e-12,4.279e-11,8.180000000000003e-12,4.279e-11,3.4624e-12,-195083886071.01068
bot1,2.7,-2,-3.8524e-12,5.39e-11,1.1150000000000002e-11,5.39e-11,3.8524e-12,-296559905100.8306
bot1,2.8000000000000003,-2,-4.1368e-12,6.051e-11,1.7090000000000003e-11,6.051e-11,4.1368e-12,-397298371076.6784
bot1,2.9,-2,-4.3558e-12,6.029e-11,2.2990000000000003e-11,6.029e-11,4.3558e-12,22250406069.910748
bot1,3.0,-2,4.8518e-12,-1.906e-11,-3.7090000000000005e-11,1.906e-11,4.8518e-12,23946933595.153164
bot1,3.1,-2,3.996e-12,-1.14e-12,-1.074e-11,1.14e-12,3.996e-12,-34785028523.72342
bot1,3.2,-2,-8.978e-13,1.41e-12,-1.51e-12,1.41e-12,8.978e-13,-55300558535.64127
bot1,3.3000000000000003,-2,3.794e-13,-1.5e-12,-2.21e-12,1.5e-12,3.794e-13,89039266316.44542
bot1,3.4,-2,1.3484e-12,-4.98e-12,-3.3e-12,4.98e-12,1.3484e-12,99750623441.3964
bot1,3.5,-2,2.3844e-12,-1.868e-11,-5.29e-12,1.868e-11,2.3844e-12,112968820605.513
bot1,3.6,-2,3.1188e-12,-3.705e-11,-6.8700000000000004e-12,3.705e-11,3.1188e-12,153798831128.88354
bot1,3.7,-2,3.6848e-12,-4.9880000000000006e-11,-1.009e-11,4.9880000000000006e-11,3.6848e-12,200440970134.2957
bot1,3.8,-2,4.1166e-12,-5.976000000000001e-11,-1.4740000000000002e-11,5.976000000000001e-11,4.1166e-12,326477309826.9665
bot1,3.9,-2,4.2974e-12,-6.109e-11,-2.098e-11,6.109e-11,4.2974e-12,-22363359871.187016
bot1,4.0,-2,-4.8266e-12,2.7510000000000004e-11,3.543e-11,2.7510000000000004e-11,4.8266e-12,-23346485186.65512
bot1,4.1,-2,-4.2692e-12,1.7100000000000002e-12,1.577e-11,1.7100000000000002e-12,4.2692e-12,30087856541.10004
bot1,4.2,-2,1.8206e-12,-1.6700000000000006e-12,2.3000000000000013e-13,1.6700000000000006e-12,1.8206e-12,42918454935.62235
bot1,4.3,-2,3.908e-13,-1.1600000000000001e-12,1.51e-12,1.1600000000000001e-12,3.908e-13,-71285999429.71207
bot1,4.4,-2,-9.85e-13,2.680000000000001e-12,2.6500000000000002e-12,2.680000000000001e-12,9.85e-13,-82406262875.97865
bot1,4.5,-2,-2.0362e-12,1.3290000000000002e-11,3.82e-12,1.3290000000000002e-11,2.0362e-12,-102753801890.67006
bot1,4.6000000000000005,-2,-2.9314e-12,2.9550000000000004e-11,6.15e-12,2.9550000000000004e-11,2.9314e-12,-123946455131.38336
bot1,4.7,-2,-3.6498e-12,4.7800000000000006e-11,9.11e-12,4.7800000000000006e-11,3.6498e-12,-183418928833.455
bot1,4.8,-2,-4.0218e-12,5.7200000000000007e-11,1.223e-11,5.7200000000000007e-11,4.0218e-12,-352360817477.0968
bot1,4.9,-2,-4.2174e-12,6.100000000000001e-11,1.7200000000000003e-11,6.100000000000001e-11,4.2174e-12,-585480093676.8153
bot1,5.0,-2,-4.3634e-12,6.048000000000001e-11,2.442e-11,6.048000000000001e-11,4.3634e-12,-684931506849.3146
bot1,0.0,-1,2.7622e-12,-2.0200000000000007e-12,4.3000000000000004e-13,2.0200000000000007e-12,2.7622e-12,-36759300102.92604
bot1,0.1,-1,4.1799999999999996e-14,-6.000000000000003e-13,1.7600000000000002e-12,6.000000000000003e-13,4.1799999999999996e-14,-51980455348.78886
bot1,0.2,-1,-1.0854e-12,3.82e-12,2.730000000000001e-12,3.82e-12,1.0854e-12,-97751710654.93646
bot1,0.3,-1,-2.0042e-12,1.223e-11,3.8800000000000004e-12,1.223e-11,2.0042e-12,-113314447592.068
bot1,0.4,-1,-2.8504e-12,2.87e-11,6.0700000000000006e-12,2.87e-11,2.8504e-12,-132502981317.07964
bot1,0.5,-1,-3.5136e-12,4.497e-11,8.84e-12,4.497e-11,3.5136e-12,-182415176942.7216
bot1,0.6,-1,-3.9468e-12,5.662000000000001e-11,1.2870000000000002e-11,5.662000000000001e-11,3.9468e-12,-306654400490.6472
bot1,0.7,-1,-4.1658e-12,6.072000000000001e-11,1.6710000000000003e-11,6.072000000000001e-11,4.1658e-12,-519210799584.6321
bot1,0.8,-1,-4.332e-12,6.048000000000001e-11,2.3720000000000003e-11,6.048000000000001e-11,4.332e-12,22031284423.88191
bot1,0.9,-1,4.9122e-12,-1.7070000000000002e-11,-3.744e-11,1.7070000000000002e-11,4.9122e-12,24162176528.86172
bot1,1.0,-1,3.9454e-12,-2.0500000000000004e-12,-1.068e-11,2.0500000000000004e-12,3.9454e-12,-35588455105.163895
bot1,1.1,-1,-7.076e-13,1.9e-12,-1.85e-12,1.9e-12,7.076e-13,-59283851078.96608
bot1,1.2,-1,5.718e-13,-7.900000000000002e-13,-2.67e-12,7.900000000000002e-13,5.718e-13,83857442348.00835
bot1,1.3,-1,1.6774e-12,-8.52e-12,-3.730000000000001e-12,8.52e-12,1.6774e-12,106382978723.40434
bot1,1.4,-1,2.4518e-12,-2.314e-11,-5.620000000000001e-12,2.314e-11,2.4518e-12,120192307692.30766
bot1,1.5,-1,3.3414e-12,-4.098e-11,-8.270000000000003e-12,4.098e-11,3.3414e-12,140056022408.9636
bot1,1.6,-1,3.8798e-12,-5.3700000000000006e-11,-1.107e-11,5.3700000000000006e-11,3.8798e-12,299760191846.5228
bot1,1.7,-1,4.0086e-12,-5.970000000000001e-11,-1.5870000000000002e-11,5.970000000000001e-11,4.0086e-12,457456541628.54456
bot1,1.8,-1,4.317e-12,-6.102e-11,-2.2900000000000003e-11,6.102e-11,4.317e-12,-22645953168.16887
bot1,1.9,-1,-4.823e-12,2.003e-11,3.6290000000000005e-11,2.003e-11,4.823e-12,-24045397710.878128
bot1,2.0,-1,-4.0006e-12,1.9e-12,1.162e-11,1.9e-12,4.0006e-12,34132022663.663044
bot1,2.1,-1,1.0366e-12,-2.18e-12,1.4300000000000002e-12,2.18e-12,1.0366e-12,56271453491.64375
bot1,2.2,-1,-4.464e-13,3.7000000000000004e-13,1.86e-12,3.7000000000000004e-13,4.464e-13,-76161462300.07622
bot1,2.3000000000000003,-1,-1.5894e-12,8.56e-12,3.6000000000000004e-12,8.56e-12,1.5894e-12,-91709464416.72768
bot1,2.4,-1,-2.6272e-12,2.2900000000000003e-11,5.09e-12,2.2900000000000003e-11,2.6272e-12,-113442994895.06508
bot1,2.5,-1,-3.3524e-12,4.203e-11,8.080000000000003e-12,4.203e-11,3.3524e-12,-149655791679.13812
bot1,2.6,-1,-3.9636e-12,5.5270000000000007e-11,1.259e-11,5.5270000000000007e-11,3.9636e-12,-235294117647.05896
bot1,2.7,-1,-4.2024e-12,6.130000000000001e-11,1.664e-11,6.130000000000001e-11,4.2024e-12,-458295142071.4944
bot1,2.8000000000000003,-1,-4.4e-12,6.014e-11,2.439e-11,6.014e-11,4.4e-12,22134177383.29752
bot1,2.9,-1,4.8334e-12,-1.717e-11,-3.711e-11,1.717e-11,4.8334e-12,24424796052.952927
bot1,3.0,-1,3.7884e-12,-1.85e-12,-1.061e-11,1.85e-12,3.7884e-12,-35604927721.99676
bot1,3.1,-1,-7.838e-13,2.7000000000000002e-12,-1.88e-12,2.7000000000000002e-12,7.838e-13,-60488749092.66881
bot1,3.2,-1,4.82e-13,-1.3900000000000001e-12,-2.6300000000000007e-12,1.3900000000000001e-12,4.82e-13,81926921186.3019
bot1,3.3000000000000003,-1,1.6574e-12,-9.19e-12,-4.11e-12,9.19e-12,1.6574e-12,93835038003.19028
bot1,3.4,-1,2.6134e-12,-2.3230000000000003e-11,-4.960000000000001e-12,2.3230000000000003e-11,2.6134e-12,113546042920.40408
bot1,3.5,-1,3.4188e-12,-4.061e-11,-8.52e-12,4.061e-11,3.4188e-12,162946064852.534
bot1,3.6,-1,3.8408e-12,-5.681e-11,-1.209e-11,5.681e-11,3.8408e-12,287604256542.99725
bot1,3.7,-1,4.1142e-12,-6.039000000000001e-11,-1.814e-11,6.039000000000001e-11,4.1142e-12,441306266548.98486
bot1,3.8,-1,4.294e-12,-6.004000000000001e-11,-2.438e-11,6.004000000000001e-11,4.294e-12,-22303008675.870342
bot1,3.9,-1,-4.8532e-12,1.753e-11,3.657e-11,1.753e-11,4.8532e-12,-24351044659.81588
bot1,4.0,-1,-3.9192e-12,1.36e-12,1.05e-11,1.36e-12,3.9192e-12,35871865695.73479
bot1,4.1,-1,7.222e-13,-1.7100000000000002e-12,1.5300000000000001e-12,1.7100000000000002e-12,7.222e-13,65150824157.92566
bot1,4.2,-1,-8.494e-13,2.2700000000000002e-12,2.16e-12,2.2700000000000002e-12,8.494e-13,-70348223707.35146
bot1,4.3,-1,-2.1208e-12,1.422e-11,3.95e-12,1.422e-11,2.1208e-12,-98116169544.74107
bot1,4.4,-1,-2.8878e-12,2.866e-11,5.55e-12,2.866e-11,2.8878e-12,-148257968865.82666
bot1,4.5,-1,-3.4698e-12,4.385e-11,8.670000000000001e-12,4.385e-11,3.4698e-12,-198965380023.87607
bot1,4.6000000000000005,-1,-3.893e-12,5.7670000000000006e-11,1.3590000000000002e-11,5.7670000000000006e-11,3.893e-12,-273822562979.18985
bot1,4.7,-1,-4.2002e-12,6.24e-11,1.888e-11,6.24e-11,4.2002e-12,-378644452858.76416
bot1,4.8,-1,-4.4212e-12,5.863000000000001e-11,2.5160000000000003e-11,5.863000000000001e-11,4.4212e-12,21845031347.620003
bot1,4.9,-1,4.9552e-12,-1.414e-11,-3.703e-11,1.414e-11,4.9552e-12,24758603614.75616
bot1,5.0,-1,3.6568e-12,-2.9e-12,-9.32e-12,2.9e-12,3.6568e-12,-77017868145.40945
bot1,0.0,0,6.6122e-12,-8.800000000000002e-13,-1.17e-11,8.800000000000002e-13,6.6122e-12,4423371.933062811
bot1,0.1,0,2.26138e-08,6.022e-11,-2.26106e-08,6.022e-11,2.26138e-08,6959187.337836583
bot1,0.2,0,2.87456e-08,-7.0900000000000015e-12,-2.87708e-08,7.0900000000000015e-12,2.87456e-08,27560357.18222909
bot1,0.3,0,2.9870599999999995e-08,-2.1990000000000003e-11,-2.98948e-08,2.1990000000000003e-11,2.9870599999999995e-08,153115908.74291807
bot1,0.4,0,3.00518e-08,-3.7130000000000005e-11,-3.00688e-08,3.7130000000000005e-11,3.00518e-08,888888888.8888744
bot1,0.5,0,3.00956e-08,-5.174000000000001e-11,-3.0111199999999995e-08,5.174000000000001e-11,3.00956e-08,3021148036.253793
bot1,0.6,0,3.0118e-08,-5.914e-11,-3.01218e-08,5.914e-11,3.0118e-08,7575757575.758102
bot1,0.7,0,3.0122e-08,-6.058e-11,-3.0100799999999995e-08,6.058e-11,3.0122e-08,-14925373134.324709
bot1,0.8,0,3.0104599999999995e-08,-4.17e-11,-3.01066e-08,4.17e-11,3.0104599999999995e-08,-13157894736.840933
bot1,0.9,0,3.0106799999999995e-08,-2.7760000000000003e-11,-3.00946e-08,2.7760000000000003e-11,3.0106799999999995e-08,-199999999999.7732
bot1,1.0,0,3.0103599999999994e-08,-1.5250000000000002e-11,-3.01092e-08,1.5250000000000002e-11,3.0103599999999994e-08,-11363636363.637154
bot1,1.1,0,3.00892e-08,-4.050000000000001e-12,-3.00572e-08,4.050000000000001e-12,3.00892e-08,-4464285714.285664
bot1,1.2,0,3.0058799999999994e-08,1.0600000000000001e-12,-3.0055e-08,1.0600000000000001e-12,3.0058799999999994e-08,-4784688995.215641
bot1,1.3,0,3.00474e-08,2.75e-12,-3.0064799999999994e-08,2.75e-12,3.00474e-08,12048192771.081251
bot1,1.4,0,3.00754e-08,2.08e-12,-3.00786e-08,2.08e-12,3.00754e-08,8403361344.539032
bot1,1.5,0,3.00712e-08,1.1900000000000002e-12,-3.00476e-08,1.1900000000000002e-12,3.00712e-08,20408163265.305027
bot1,1.6,0,3.00852e-08,1.4300000000000002e-12,-3.00722e-08,1.4300000000000002e-12,3.00852e-08,-27777777777.782017
bot1,1.7,0,3.0064e-08,8.22e-12,-3.0072999999999994e-08,8.22e-12,3.0064e-08,-71428571428.5917
bot1,1.8,0,3.00824e-08,2.3100000000000003e-11,-3.00972e-08,2.3100000000000003e-11,3.00824e-08,9708737864.07665
bot1,1.9,0,3.00846e-08,3.9060000000000005e-11,-3.00772e-08,3.9060000000000005e-11,3.00846e-08,-52631578947.36373
bot1,2.0,0,3.00786e-08,6.12e-11,-3.0075e-08,6.12e-11,3.00786e-08,-25641025641.009613
bot1,2.1,0,3.0076799999999994e-08,5.193e-11,-3.0099199999999995e-08,5.193e-11,3.0076799999999994e-08,7194244604.316273
bot1,2.2,0,3.01064e-08,3.798e-11,-3.00824e-08,3.798e-11,3.01064e-08,8547008547.008048
bot1,2.3000000000000003,0,3.01002e-08,2.506e-11,-3.0086599999999995e-08,2.506e-11,3.01002e-08,47619047619.0986
bot1,2.4,0,3.01106e-08,-4.7e-13,-3.01056e-08,4.7e-13,3.01106e-08,8849557522.122139
bot1,2.5,0,3.01228e-08,-2.9800000000000002e-12,-3.0108999999999995e-08,2.9800000000000002e-12,3.01228e-08,-12987012987.0139
bot1,2.6,0,3.00952e-08,-2.03e-12,-3.0117799999999995e-08,2.03e-12,3.00952e-08,-39999999999.95468
bot1,2.7,0,3.0117799999999995e-08,-2.34e-12,-3.0101399999999995e-08,2.34e-12,3.0117799999999995e-08,-499999999997.7791
bot1,2.8000000000000003,0,3.0094799999999995e-08,-1.31e-12,-3.01072e-08,1.31e-12,3.0094799999999995e-08,-5649717514.125062
bot1,2.9,0,3.00824e-08,-9.61e-12,-3.01012e-08,9.61e-12,3.00824e-08,-22222222222.22967
bot1,3.0,0,3.00858e-08,-2.954e-11,-3.0066e-08,2.954e-11,3.00858e-08,-16949152542.368883
bot1,3.1,0,3.00706e-08,-4.469e-11,-3.00848e-08,4.469e-11,3.00706e-08,-14705882352.940256
bot1,3.2,0,3.00722e-08,-5.6140000000000006e-11,-3.00786e-08,5.6140000000000006e-11,3.00722e-08,21276595744.683704
bot1,3.3000000000000003,0,3.0079999999999995e-08,-6.139000000000001e-11,-3.0101399999999995e-08,6.139000000000001e-11,3.0079999999999995e-08,9803921568.628408
bot1,3.4,0,3.0092599999999995e-08,-6.057e-11,-3.00818e-08,6.057e-11,3.0092599999999995e-08,-16666666666.666128
bot1,3.5,0,3.0067999999999995e-08,-1.12e-11,-3.0072e-08,1.12e-11,3.0067999999999995e-08,-7936507936.508115
bot1,3.6,0,3.00674e-08,-2.74e-12,-3.0058199999999994e-08,2.74e-12,3.00674e-08,-7518796992.48241
bot1,3.7,0,3.00414e-08,1.55e-12,-3.00496e-08,1.55e-12,3.00414e-08,-9345794392.523758
bot1,3.8,0,3.0046e-08,2.2200000000000002e-12,-3.00306e-08,2.2200000000000002e-12,3.0046e-08,13513513513.513882
bot1,3.9,0,3.00562e-08,2.2700000000000002e-12,-3.00416e-08,2.2700000000000002e-12,3.00562e-08,14492753623.190022
bot1,4.0,0,3.0059799999999995e-08,2.16e-12,-3.0033599999999994e-08,2.16e-12,3.0059799999999995e-08,-99999999999.88647
bot1,4.1,0,3.00542e-08,1e-12,-3.00748e-08,1e-12,3.00542e-08,4566210045.662169
bot1,4.2,0,3.0103599999999994e-08,4.12e-12,-3.00518e-08,4.12e-12,3.0103599999999994e-08,-38461538461.56341
bot1,4.3,0,3.0049e-08,1.544e-11,-3.00492e-08,1.544e-11,3.0049e-08,-10101010101.010809
bot1,4.4,0,3.00838e-08,3.262e-11,-3.00852e-08,3.262e-11,3.00838e-08,8695652173.913198
bot1,4.5,0,3.0072e-08,4.5110000000000006e-11,-3.0054399999999994e-08,4.5110000000000006e-11,3.0072e-08,-11111111111.110777
bot1,4.6000000000000005,0,3.0065799999999995e-08,5.62e-11,-3.00816e-08,5.62e-11,3.0065799999999995e-08,8928571428.571335
bot1,4.7,0,3.00944e-08,6.098e-11,-3.01012e-08,6.098e-11,3.00944e-08,6849315068.492188
bot1,4.8,0,3.0095e-08,6.012000000000001e-11,-3.01032e-08,6.012000000000001e-11,3.0095e-08,5319148936.170926
bot1,4.9,0,3.0131999999999995e-08,5.591e-11,-3.01154e-08,5.591e-11,3.0131999999999995e-08,12048192771.086056
bot1,5.0,0,3.01116e-08,4.6560000000000005e-11,-3.0093799999999994e-08,4.6560000000000005e-11,3.01116e-08,-4901960784.314192
bot1,0.0,1,1.4202000000000002e-10,-1.2500000000000001e-12,-1.2895e-10,1.2500000000000001e-12,1.4202000000000002e-10,219877.8455436412
bot1,0.1,1,4.5494e-07,6.165e-11,-4.5448e-07,6.165e-11,4.5494e-07,240506.6088931312
bot1,0.2,1,8.317199999999999e-07,-4.727e-11,-8.3206e-07,4.727e-11,8.317199999999999e-07,296762.32305546483
bot1,0.3,1,1.12888e-06,8.31e-12,-1.12836e-06,8.31e-12,1.12888e-06,380170.3163017031
bot1,0.4,1,1.3578000000000002e-06,3.2600000000000002e-12,-1.3574e-06,3.2600000000000002e-12,1.3578000000000002e-06,488615.2643408578
bot1,0.5,1,1.5382000000000002e-06,1.22e-12,-1.5388000000000002e-06,1.22e-12,1.5382000000000002e-06,606980.2731411228
bot1,0.6,1,1.6873e-06,-4.509e-11,-1.6882000000000002e-06,4.509e-11,1.6873e-06,733406.6740007338
bot1,0.7,1,1.8109e-06,3.9280000000000005e-11,-1.8127e-06,3.9280000000000005e-11,1.8109e-06,888099.4671403194
bot1,0.8,1,1.9125000000000003e-06,2.95e-12,-1.9141e-06,2.95e-12,1.9125000000000003e-06,1097694.8408342483
bot1,0.9,1,1.9931e-06,-5.1e-13,-1.9926e-06,5.1e-13,1.9931e-06,1423487.544483988
bot1,1.0,1,2.053e-06,5.977e-11,-2.0532e-06,5.977e-11,2.053e-06,1972386.587771204
bot1,1.1,1,2.0945e-06,-5.110000000000001e-12,-2.0956000000000003e-06,5.110000000000001e-12,2.0945e-06,2902757.619738738
bot1,1.2,1,2.1219000000000004e-06,-2.2200000000000002e-12,-2.1226e-06,2.2200000000000002e-12,2.1219000000000004e-06,4524886.877828017
bot1,1.3,1,2.1387000000000004e-06,3.77e-11,-2.1372e-06,3.77e-11,2.1387000000000004e-06,7968127.490039854
bot1,1.4,1,2.1470000000000004e-06,-4.756e-11,-2.1462000000000003e-06,4.756e-11,2.1470000000000004e-06,16528925.619834911
bot1,1.5,1,2.1508e-06,-3.38e-12,-2.1518000000000003e-06,3.38e-12,2.1508e-06,34482758.62068958
bot1,1.6,1,2.1528000000000004e-06,1.5800000000000001e-12,-2.1543000000000003e-06,1.5800000000000001e-12,2.1528000000000004e-06,37037037.03703714
bot1,1.7,1,2.1562e-06,-6.205000000000001e-11,-2.1583e-06,6.205000000000001e-11,2.1562e-06,35087719.29824688
bot1,1.8,1,2.1585e-06,1.139e-11,-2.1584000000000004e-06,1.139e-11,2.1585e-06,46511627.90697558
bot1,1.9,1,2.1605000000000003e-06,2.1700000000000002e-12,-2.1603000000000003e-06,2.1700000000000002e-12,2.1605000000000003e-06,95238095.23809768
bot1,2.0,1,2.1606e-06,-5.418000000000001e-11,-2.1608e-06,5.418000000000001e-11,2.1606e-06,199999999.9999849
bot1,2.1,1,2.1615000000000004e-06,3.1740000000000005e-11,-2.1629e-06,3.1740000000000005e-11,2.1615000000000004e-06,71428571.42856613
bot1,2.2,1,2.1634000000000003e-06,2.01e-12,-2.1637e-06,2.01e-12,2.1634000000000003e-06,68965517.24137923
bot1,2.3000000000000003,1,2.1644000000000004e-06,-4.866e-11,-2.1628000000000003e-06,4.866e-11,2.1644000000000004e-06,-666666666.6661451
bot1,2.4,1,2.1631e-06,3.1410000000000004e-11,-2.1656e-06,3.1410000000000004e-11,2.1631e-06,133333333.33334196
bot1,2.5,1,2.1659000000000003e-06,2.3800000000000004e-12,-2.1659000000000003e-06,2.3800000000000004e-12,2.1659000000000003e-06,133333333.3333046
bot1,2.6,1,2.1646000000000004e-06,-5.800000000000003e-13,-2.1648e-06,5.800000000000003e-13,2.1646000000000004e-06,-166666666.6666543
bot1,2.7,1,2.1647e-06,6.217e-11,-2.1648e-06,6.217e-11,2.1647e-06,-1999999999.9956164
bot1,2.8000000000000003,1,2.1645e-06,-1.199e-11,-2.1647e-06,1.199e-11,2.1645e-06,-499999999.9999617
bot1,2.9,1,2.1643e-06,-9.4e-13,-2.1663000000000003e-06,9.4e-13,2.1643e-06,66666666.66666157
bot1,3.0,1,2.1675000000000004e-06,5.0460000000000006e-11,-2.1678e-06,5.0460000000000006e-11,2.1675000000000004e-06,90909090.90908416
bot1,3.1,1,2.1665000000000003e-06,-1.019e-11,-2.1683e-06,1.019e-11,2.1665000000000003e-06,-222222222.22215343
bot1,3.2,1,2.1666e-06,-2.18e-12,-2.1682000000000003e-06,2.18e-12,2.1666e-06,999999999.9999256
bot1,3.3000000000000003,1,2.1667000000000004e-06,1.355e-11,-2.1681e-06,1.355e-11,2.1667000000000004e-06,99999999.99999236
bot1,3.4,1,2.1686000000000003e-06,-6.012000000000001e-11,-2.1672e-06,6.012000000000001e-11,2.1686000000000003e-06,117647058.82353508
bot1,3.5,1,2.1684000000000003e-06,-2.9100000000000003e-12,-2.1709000000000003e-06,2.9100000000000003e-12,2.1684000000000003e-06,249999999.99998143
bot1,3.6,1,2.1694000000000004e-06,5.1e-13,-2.1685e-06,5.1e-13,2.1694000000000004e-06,
bot1,3.7,1,2.1684000000000003e-06,-5.751e-11,-2.1689e-06,5.751e-11,2.1684000000000003e-06,181818181.81820333
bot1,3.8,1,2.1705e-06,4.2000000000000003e-13,-2.1684000000000003e-06,4.2000000000000003e-13,2.1705e-06,333333333.33330786
bot1,3.9,1,2.1690000000000003e-06,1.9700000000000003e-12,-2.1683e-06,1.9700000000000003e-12,2.1690000000000003e-06,-111111111.1111026
bot1,4.0,1,2.1687e-06,-6.083e-11,-2.1686000000000003e-06,6.083e-11,2.1687e-06,166666666.66665393
bot1,4.1,1,2.1702000000000004e-06,1.8400000000000002e-12,-2.1675000000000004e-06,1.8400000000000002e-12,2.1702000000000004e-06,-86956521.73913199
bot1,4.2,1,2.1664e-06,1.2400000000000002e-12,-2.1686000000000003e-06,1.2400000000000002e-12,2.1664e-06,-60606060.60606
bot1,4.3,1,2.1669000000000004e-06,-4.182e-11,-2.1690000000000003e-06,4.182e-11,2.1669000000000004e-06,285714285.7141781
bot1,4.4,1,2.1671000000000004e-06,2.57e-12,-2.1662e-06,2.57e-12,2.1671000000000004e-06,-222222222.22215343
bot1,4.5,1,2.166e-06,1.07e-12,-2.1663000000000003e-06,1.07e-12,2.166e-06,-153846153.84611738
bot1,4.6000000000000005,1,2.1658e-06,-6.217e-11,-2.1673000000000004e-06,6.217e-11,2.1658e-06,74074074.0740744
bot1,4.7,1,2.1687e-06,6.900000000000001e-13,-2.1683e-06,6.900000000000001e-13,2.1687e-06,105263157.8947403
bot1,4.8,1,2.1677e-06,1.3000000000000001e-12,-2.1687e-06,1.3000000000000001e-12,2.1677e-06,-999999999.9999256
bot1,4.9,1,2.1685e-06,-3.35e-11,-2.1691e-06,3.35e-11,2.1685e-06,124999999.99999072
bot1,5.0,1,2.1693e-06,4.961e-11,-2.1678e-06,4.961e-11,2.1693e-06,124999999.99999017
bot1,0.0,2,3.8906000000000005e-10,-1.8310000000000003e-11,-3.2711e-10,1.8310000000000003e-11,3.8906000000000005e-10,88960.77393880604
bot1,0.1,2,1.12448e-06,1.86e-12,-1.1278e-06,1.86e-12,1.12448e-06,90698.38454477032
bot1,0.2,2,2.2055000000000003e-06,-6.138e-11,-2.1986000000000004e-06,6.138e-11,2.2055000000000003e-06,95405.28163639136
bot1,0.3,2,3.2208e-06,-4.4890000000000006e-11,-3.2214e-06,4.4890000000000006e-11,3.2208e-06,100215.46324597886
bot1,0.4,2,4.2012000000000005e-06,4.0080000000000005e-11,-4.202000000000001e-06,4.0080000000000005e-11,4.2012000000000005e-06,104476.8322624458
bot1,0.5,2,5.1351e-06,2.2500000000000003e-12,-5.1397e-06,2.2500000000000003e-12,5.1351e-06,110308.31173128888
bot1,0.6,2,6.014300000000001e-06,-5.2e-13,-6.004200000000001e-06,5.2e-13,6.014300000000001e-06,117075.45513083183
bot1,0.7,2,6.8434e-06,5.742000000000001e-11,-6.832000000000001e-06,5.742000000000001e-11,6.8434e-06,125865.32410320964
bot1,0.8,2,7.6033e-06,-2.821e-11,-7.609700000000001e-06,2.821e-11,7.6033e-06,133058.34608475817
bot1,0.9,2,8.3465e-06,-2.5600000000000004e-12,-8.347800000000002e-06,2.5600000000000004e-12,8.3465e-06,140419.85536754885
bot1,1.0,2,9.0276e-06,1.2800000000000002e-12,-9.0154e-06,1.2800000000000002e-12,9.0276e-06,153468.3855125843
bot1,1.1,2,9.6497e-06,-6.279000000000001e-11,-9.6588e-06,6.279000000000001e-11,9.6497e-06,164176.65407978988
bot1,1.2,2,1.02458e-05,-1.79e-12,-1.0247e-05,1.79e-12,1.02458e-05,176195.92987402008
bot1,1.3,2,1.07848e-05,1.0100000000000001e-12,-1.07879e-05,1.0100000000000001e-12,1.07848e-05,191938.57965451083
bot1,1.4,2,1.12878e-05,-6.070000000000001e-11,-1.1282200000000002e-05,6.070000000000001e-11,1.12878e-05,209380.2345058625
bot1,1.5,2,1.174e-05,-5.5630000000000006e-11,-1.1736e-05,5.5630000000000006e-11,1.174e-05,232504.06882120413
bot1,1.6,2,1.2148e-05,1.13e-11,-1.2142e-05,1.13e-11,1.2148e-05,260416.66666666657
bot1,1.7,2,1.2508e-05,1.5400000000000001e-12,-1.2512e-05,1.5400000000000001e-12,1.2508e-05,293255.1319648095
bot1,1.8,2,1.283e-05,-2.0500000000000004e-12,-1.2832e-05,2.0500000000000004e-12,1.283e-05,328947.36842105293
bot1,1.9,2,1.3116e-05,2.070000000000001e-12,-1.3118e-05,2.070000000000001e-12,1.3116e-05,384615.3846153845
bot1,2.0,2,1.335e-05,-4.469e-11,-1.3354e-05,4.469e-11,1.335e-05,458715.5963302762
bot1,2.1,2,1.3552e-05,6.109e-11,-1.3554e-05,6.109e-11,1.3552e-05,552486.1878453057
bot1,2.2,2,1.3712e-05,-3.9060000000000005e-11,-1.3708e-05,3.9060000000000005e-11,1.3712e-05,724637.6811594198
bot1,2.3000000000000003,2,1.3828e-05,-2.54e-12,-1.3834e-05,2.54e-12,1.3828e-05,943396.22641509
bot1,2.4,2,1.3924e-05,1.4300000000000002e-12,-1.3926e-05,1.4300000000000002e-12,1.3924e-05,1219512.195121946
bot1,2.5,2,1.3992e-05,-5.6e-13,-1.399e-05,5.6e-13,1.3992e-05,1639344.2622950857
bot1,2.6,2,1.4046e-05,2.755e-11,-1.4042e-05,2.755e-11,1.4046e-05,2173913.04347826
bot1,2.7,2,1.4084e-05,-5.976000000000001e-11,-1.4084e-05,5.976000000000001e-11,1.4084e-05,2777777.777777768
bot1,2.8000000000000003,2,1.4118e-05,5.389000000000001e-11,-1.4118e-05,5.389000000000001e-11,1.4118e-05,3225806.4516129647
bot1,2.9,2,1.4146e-05,-1.977e-11,-1.415e-05,1.977e-11,1.4146e-05,3703703.7037037113
bot1,3.0,2,1.4172e-05,-2.3000000000000013e-13,-1.4178e-05,2.3000000000000013e-13,1.4172e-05,3846153.846153811
bot1,3.1,2,1.4198e-05,1.78e-12,-1.4198e-05,1.78e-12,1.4198e-05,4761904.761904889
bot1,3.2,2,1.4214e-05,-1.8000000000000002e-12,-1.4216e-05,1.8000000000000002e-12,1.4214e-05,5000000.000000052
bot1,3.3000000000000003,2,1.4238e-05,8.580000000000001e-12,-1.4238e-05,8.580000000000001e-12,1.4238e-05,4761904.761904686
bot1,3.4,2,1.4256e-05,-4.646000000000001e-11,-1.426e-05,4.646000000000001e-11,1.4256e-05,5555555.555555392
bot1,3.5,2,1.4274e-05,6.028000000000001e-11,-1.4274e-05,6.028000000000001e-11,1.4274e-05,5882352.941176473
bot1,3.6,2,1.429e-05,-3.019e-11,-1.4288e-05,3.019e-11,1.429e-05,6250000.0000001965
bot1,3.7,2,1.4306e-05,-2.18e-12,-1.4308e-05,2.18e-12,1.4306e-05,7142857.142857045
bot1,3.8,2,1.4318e-05,1.9400000000000002e-12,-1.432e-05,1.9400000000000002e-12,1.4318e-05,8333333.333333284
bot1,3.9,2,1.433e-05,-1.18e-12,-1.4328e-05,1.18e-12,1.433e-05,7692307.692307856
bot1,4.0,2,1.4344e-05,1.02e-12,-1.4344e-05,1.02e-12,1.4344e-05,7692307.692307355
bot1,4.1,2,1.4356e-05,-3.525e-11,-1.4358e-05,3.525e-11,1.4356e-05,8333333.333333302
bot1,4.2,2,1.4368e-05,5.88e-11,-1.437e-05,5.88e-11,1.4368e-05,8333333.333333302
bot1,4.3,2,1.438e-05,-5.667e-11,-1.4378e-05,5.667e-11,1.438e-05,9090909.090908764
bot1,4.4,2,1.439e-05,4.6000000000000006e-12,-1.4392e-05,4.6000000000000006e-12,1.439e-05,7692307.692307872
bot1,4.5,2,1.4406e-05,2.09e-12,-1.4404e-05,2.09e-12,1.4406e-05,9090909.090909466
bot1,4.6000000000000005,2,1.4412e-05,-2.59e-12,-1.4414e-05,2.59e-12,1.4412e-05,12500000.000000397
bot1,4.7,2,1.4422e-05,6.380000000000001e-12,-1.4422e-05,6.380000000000001e-12,1.4422e-05,9090909.090908725
bot1,4.8,2,1.4434e-05,-4.7770000000000007e-11,-1.4436e-05,4.7770000000000007e-11,1.4434e-05,9090909.090908764
bot1,4.9,2,1.4444e-05,5.970000000000001e-11,-1.4444e-05,5.970000000000001e-11,1.4444e-05,10000000.000000104
bot1,5.0,2,1.4454e-05,-3.687e-11,-1.4454e-05,3.687e-11,1.4454e-05,10000000.00000006
bot1,0.0,3,8.871e-10,-2.49e-12,-4.9232e-10,2.49e-12,8.871e-10,58369.86167918768
bot1,0.1,3,1.7141000000000002e-06,1.13e-12,-1.7101000000000002e-06,1.13e-12,1.7141000000000002e-06,58759.36245974212
bot1,0.2,3,3.4046000000000004e-06,2.23e-12,-3.4041e-06,2.23e-12,3.4046000000000004e-06,60020.40693835904
bot1,0.3,3,5.0463e-06,-2.739e-11,-5.0691e-06,2.739e-11,5.0463e-06,60585.86531762139
bot1,0.4,3,6.705700000000001e-06,5.387e-11,-6.706400000000001e-06,5.387e-11,6.705700000000001e-06,61646.58015596583
bot1,0.5,3,8.290600000000002e-06,1.5300000000000001e-12,-8.3126e-06,1.5300000000000001e-12,8.290600000000002e-06,62956.43414756988
bot1,0.6,3,9.8825e-06,-8.800000000000002e-13,-9.8605e-06,8.800000000000002e-13,9.8825e-06,63914.09945033879
bot1,0.7,3,1.14198e-05,5.914e-11,-1.1407300000000002e-05,5.914e-11,1.14198e-05,66456.22196378137
bot1,0.8,3,1.2892e-05,3.212e-11,-1.2898e-05,3.212e-11,1.2892e-05,68394.77463921755
bot1,0.9,3,1.4344e-05,-5.4e-13,-1.4352e-05,5.4e-13,1.4344e-05,70521.86177715096
bot1,1.0,3,1.5728e-05,-1.8400000000000002e-12,-1.5736e-05,1.8400000000000002e-12,1.5728e-05,72516.31617113853
bot1,1.1,3,1.7102e-05,1.7700000000000001e-12,-1.7104e-05,1.7700000000000001e-12,1.7102e-05,75075.07507507504
bot1,1.2,3,1.8392e-05,-4.0000000000000006e-14,-1.8396e-05,4.0000000000000006e-14,1.8392e-05,78926.59826361481
bot1,1.3,3,1.9636e-05,3.117e-11,-1.9616e-05,3.117e-11,1.9636e-05,83194.67554076537
bot1,1.4,3,2.0796e-05,-6.292e-11,-2.0808e-05,6.292e-11,2.0796e-05,86206.89655172406
bot1,1.5,3,2.1956e-05,4.6930000000000006e-11,-2.1944e-05,4.6930000000000006e-11,2.1956e-05,90090.0900900901
bot1,1.6,3,2.3016e-05,-9.87e-12,-2.3014e-05,9.87e-12,2.3016e-05,96246.39076034648
bot1,1.7,3,2.4034e-05,-2.64e-12,-2.4056e-05,2.64e-12,2.4034e-05,99403.578528827
bot1,1.8,3,2.5028e-05,2.31e-12,-2.5016e-05,2.31e-12,2.5028e-05,104602.51046025108
bot1,1.9,3,2.5946e-05,-1.21e-12,-2.5958e-05,1.21e-12,2.5946e-05,111482.72017837231
bot1,2.0,3,2.6822e-05,5.370000000000001e-12,-2.6846e-05,5.370000000000001e-12,2.6822e-05,118063.75442739092
bot1,2.1,3,2.764e-05,-6.095000000000001e-11,-2.7632e-05,6.095000000000001e-11,2.764e-05,126422.25031605578
bot1,2.2,3,2.8404e-05,5.553000000000001e-11,-2.8400000000000003e-05,5.553000000000001e-11,2.8404e-05,133511.34846461948
bot1,2.3000000000000003,3,2.9138e-05,-2.924e-11,-2.9154e-05,2.924e-11,2.9138e-05,142247.51066856313
bot1,2.4,3,2.981e-05,-1.31e-12,-2.9800000000000003e-05,1.31e-12,2.981e-05,154320.9876543209
bot1,2.5,3,3.0434e-05,-2.3000000000000013e-13,-3.0438e-05,2.3000000000000013e-13,3.0434e-05,165016.50165016498
bot1,2.6,3,3.1022e-05,-4.767e-11,-3.1018e-05,4.767e-11,3.1022e-05,180505.41516245445
bot1,2.7,3,3.1542000000000004e-05,6.017000000000001e-11,-3.1546e-05,6.017000000000001e-11,3.1542000000000004e-05,201612.90322580663
bot1,2.8000000000000003,3,3.2014e-05,-1.191e-11,-3.2008e-05,1.191e-11,3.2014e-05,222717.1492204904
bot1,2.9,3,3.244e-05,-2.1000000000000003e-12,-3.245e-05,2.1000000000000003e-12,3.244e-05,248138.9578163772
bot1,3.0,3,3.282e-05,1.1600000000000001e-12,-3.2826e-05,1.1600000000000001e-12,3.282e-05,278551.5320334255
bot1,3.1,3,3.3158000000000003e-05,-3.172e-11,-3.316e-05,3.172e-11,3.3158000000000003e-05,322580.64516129193
bot1,3.2,3,3.344e-05,6.057e-11,-3.3446e-05,6.057e-11,3.344e-05,375939.84962405975
bot1,3.3000000000000003,3,3.3690000000000004e-05,-5.343e-11,-3.3694e-05,5.343e-11,3.3690000000000004e-05,442477.8761061924
bot1,3.4,3,3.3892e-05,-1.2000000000000001e-12,-3.389e-05,1.2000000000000001e-12,3.3892e-05,534759.3582887691
bot1,3.5,3,3.4064000000000005e-05,1.5600000000000002e-12,-3.406e-05,1.5600000000000002e-12,3.4064000000000005e-05,657894.7368421004
bot1,3.6,3,3.4196e-05,-1.3900000000000001e-12,-3.4198e-05,1.3900000000000001e-12,3.4196e-05,819672.1311475427
bot1,3.7,3,3.4308000000000004e-05,1.8700000000000003e-12,-3.431e-05,1.8700000000000003e-12,3.4308000000000004e-05,934579.43925233
bot1,3.8,3,3.4410000000000004e-05,-6.188000000000001e-11,-3.4408e-05,6.188000000000001e-11,3.4410000000000004e-05,1123595.5056179932
bot1,3.9,3,3.4486e-05,5.5080000000000005e-11,-3.4488e-05,5.5080000000000005e-11,3.4486e-05,1315789.473684257
bot1,4.0,3,3.4562e-05,-1.1600000000000001e-12,-3.4564e-05,1.1600000000000001e-12,3.4562e-05,1408450.7042253537
bot1,4.1,3,3.4628e-05,-1.5300000000000001e-12,-3.463e-05,1.5300000000000001e-12,3.4628e-05,1587301.5873015227
bot1,4.2,3,3.4688000000000004e-05,2.6300000000000007e-12,-3.469e-05,2.6300000000000007e-12,3.4688000000000004e-05,1724137.931034531
bot1,4.3,3,3.4744e-05,-2.350000000000001e-12,-3.4744e-05,2.350000000000001e-12,3.4744e-05,1886792.4528302748
bot1,4.4,3,3.4794e-05,5.0350000000000006e-11,-3.4794e-05,5.0350000000000006e-11,3.4794e-05,2040816.3265305136
bot1,4.5,3,3.4842e-05,-5.989e-11,-3.4842e-05,5.989e-11,3.4842e-05,2173913.04347814
bot1,4.6000000000000005,3,3.4886000000000004e-05,1.355e-11,-3.4886000000000004e-05,1.355e-11,3.4886000000000004e-05,2325581.3953488707
bot1,4.7,3,3.4928e-05,-6.65e-12,-3.493e-05,6.65e-12,3.4928e-05,2439024.390243988
bot1,4.8,3,3.4968e-05,-2.36e-12,-3.4966000000000004e-05,2.36e-12,3.4968e-05,2631578.947368519
bot1,4.9,3,3.5004e-05,3.1000000000000004e-13,-3.5006e-05,3.1000000000000004e-13,3.5004e-05,2631578.947368519
bot1,5.0,3,3.5044e-05,-1.7930000000000003e-11,-3.5044e-05,1.7930000000000003e-11,3.5044e-05,2500000.000000015
bot1,0.0,4,8.328e-10,-2.1770000000000003e-11,-6.5618e-10,2.1770000000000003e-11,8.328e-10,44611.64492414056
bot1,0.1,4,2.2424000000000003e-06,5.558e-11,-2.2438000000000004e-06,5.558e-11,2.2424000000000003e-06,44562.61260972206
bot1,0.2,4,4.4889e-06,5.951000000000001e-11,-4.481700000000001e-06,5.951000000000001e-11,4.4889e-06,44774.7828423032
bot1,0.3,4,6.709200000000001e-06,-2.052e-11,-6.7078e-06,2.052e-11,6.709200000000001e-06,44643.8536574477
bot1,0.4,4,8.968800000000001e-06,-2.74e-12,-8.9692e-06,2.74e-12,8.968800000000001e-06,43949.282527962736
bot1,0.5,4,1.12599e-05,6.8e-13,-1.12708e-05,6.8e-13,1.12599e-05,44138.41807909604
bot1,0.6,4,1.35e-05,3.518e-11,-1.3486e-05,3.518e-11,1.35e-05,44364.58818571016
bot1,0.7,4,1.5768000000000002e-05,-6.12e-11,-1.5774000000000002e-05,6.12e-11,1.5768000000000002e-05,44863.16733961421
bot1,0.8,4,1.7958e-05,3.949e-11,-1.802e-05,3.949e-11,1.7958e-05,45351.473922902485
bot1,0.9,4,2.0178e-05,-7.82e-12,-2.019e-05,7.82e-12,2.0178e-05,45558.08656036445
bot1,1.0,4,2.2348e-05,-2.070000000000001e-12,-2.2366e-05,2.070000000000001e-12,2.2348e-05,45703.8391224863
bot1,1.1,4,2.4554e-05,2.67e-12,-2.449e-05,2.67e-12,2.4554e-05,46970.40864255516
bot1,1.2,4,2.6606e-05,-3.6200000000000003e-12,-2.6628e-05,3.6200000000000003e-12,2.6606e-05,48685.49172346641
bot1,1.3,4,2.8662e-05,3.783e-11,-2.8594e-05,3.783e-11,2.8662e-05,50709.93914807305
bot1,1.4,4,3.0550000000000004e-05,-6.227000000000001e-11,-3.0536e-05,6.227000000000001e-11,3.0550000000000004e-05,51759.83436853001
bot1,1.5,4,3.2526e-05,2.7670000000000003e-11,-3.2544e-05,2.7670000000000003e-11,3.2526e-05,52631.57894736844
bot1,1.6,4,3.435e-05,-1.9000000000000002e-13,-3.4358e-05,1.9000000000000002e-13,3.435e-05,54466.230936819135
bot1,1.7,4,3.6198e-05,-2.28e-12,-3.6222e-05,2.28e-12,3.6198e-05,55309.73451327432
bot1,1.8,4,3.7966e-05,7.3e-13,-3.7896e-05,7.3e-13,3.7966e-05,58072.009291521485
bot1,1.9,4,3.9642e-05,-7.400000000000002e-13,-3.9632e-05,7.400000000000002e-13,3.9642e-05,60642.81382656151
bot1,2.0,4,4.1264e-05,3.605e-11,-4.1318e-05,3.605e-11,4.1264e-05,61842.918985776174
bot1,2.1,4,4.2876e-05,-5.914e-11,-4.29e-05,5.914e-11,4.2876e-05,63613.23155216299
bot1,2.2,4,4.4408e-05,4.924e-11,-4.4436e-05,4.924e-11,4.4408e-05,66622.25183211193
bot1,2.3000000000000003,4,4.5878e-05,2.8400000000000004e-12,-4.5892e-05,2.8400000000000004e-12,4.5878e-05,68917.98759476213
bot1,2.4,4,4.731e-05,-1.3800000000000002e-12,-4.7262e-05,1.3800000000000002e-12,4.731e-05,73800.73800737999
bot1,2.5,4,4.8588e-05,4.3000000000000004e-13,-4.8602e-05,4.3000000000000004e-13,4.8588e-05,76335.87786259533
bot1,2.6,4,4.9930000000000005e-05,-2.453e-11,-4.9934e-05,2.453e-11,4.9930000000000005e-05,78492.93563579295
bot1,2.7,4,5.1136e-05,5.838000000000001e-11,-5.1120000000000005e-05,5.838000000000001e-11,5.1136e-05,84961.767204758
bot1,2.8000000000000003,4,5.2284e-05,-2.098e-11,-5.2268e-05,2.098e-11,5.2284e-05,88888.88888888873
bot1,2.9,4,5.3386e-05,7.94e-12,-5.339e-05,7.94e-12,5.3386e-05,92592.59259259248
bot1,3.0,4,5.4444e-05,2.24e-12,-5.4468e-05,2.24e-12,5.4444e-05,98619.32938856016
bot1,3.1,4,5.5414e-05,-1.79e-12,-5.5432e-05,1.79e-12,5.5414e-05,106496.27263045816
bot1,3.2,4,5.6322e-05,6.3200000000000005e-12,-5.6318000000000005e-05,6.3200000000000005e-12,5.6322e-05,110497.237569061
bot1,3.3000000000000003,4,5.7224e-05,-5.225000000000001e-11,-5.7242000000000005e-05,5.225000000000001e-11,5.7224e-05,115874.85515643068
bot1,3.4,4,5.8048e-05,5.649e-11,-5.8042e-05,5.649e-11,5.8048e-05,123915.73729863662
bot1,3.5,4,5.8838e-05,-7.84e-12,-5.8794e-05,7.84e-12,5.8838e-05,132100.39630118906
bot1,3.6,4,5.9562e-05,5.720000000000001e-12,-5.9524e-05,5.720000000000001e-12,5.9562e-05,146842.87812041148
bot1,3.7,4,6.02e-05,1.9200000000000003e-12,-6.0188e-05,1.9200000000000003e-12,6.02e-05,159235.66878980954
bot1,3.8,4,6.0818e-05,-9.200000000000001e-13,-6.0830000000000005e-05,9.200000000000001e-13,6.0818e-05,168350.16835016772
bot1,3.9,4,6.1388e-05,4.017e-11,-6.1426e-05,4.017e-11,6.1388e-05,179856.11510791362
bot1,4.0,4,6.193e-05,-6.257000000000001e-11,-6.1926e-05,6.257000000000001e-11,6.193e-05,199203.18725099447
bot1,4.1,4,6.239200000000001e-05,4.863e-11,-6.240400000000001e-05,4.863e-11,6.239200000000001e-05,227272.72727272616
bot1,4.2,4,6.281e-05,-1.259e-11,-6.280600000000001e-05,1.259e-11,6.281e-05,259740.25974026188
bot1,4.3,4,6.3162e-05,-2.2000000000000003e-12,-6.3174e-05,2.2000000000000003e-12,6.3162e-05,290697.6744186032
bot1,4.4,4,6.349800000000001e-05,1.59e-12,-6.3514e-05,1.59e-12,6.349800000000001e-05,318471.3375796208
bot1,4.5,4,6.379e-05,-1.2500000000000001e-12,-6.3792e-05,1.2500000000000001e-12,6.379e-05,373134.3283582119
bot1,4.6000000000000005,4,6.4034e-05,5.43e-12,-6.4038e-05,5.43e-12,6.4034e-05,438596.4912280605
bot1,4.7,4,6.424600000000001e-05,-4.068e-11,-6.4256e-05,4.068e-11,6.424600000000001e-05,485436.8932038872
bot1,4.8,4,6.4446e-05,3.683e-11,-6.4458e-05,3.683e-11,6.4446e-05,552486.1878453132
bot1,4.9,4,6.4608e-05,-5.760000000000001e-12,-6.4612e-05,5.760000000000001e-12,6.4608e-05,641025.6410256282
bot1,5.0,4,6.4758e-05,-2.3200000000000002e-12,-6.4764e-05,2.3200000000000002e-12,6.4758e-05,666666.6666666481
bot1,0.0,5,1.0842e-09,5.208e-11,-7.2811e-10,5.208e-11,1.0842e-09,38880.00999060737
bot1,0.1,5,2.5731000000000004e-06,-5.940000000000001e-11,-2.5762000000000004e-06,5.940000000000001e-11,2.5731000000000004e-06,38507.33404908198
bot1,0.2,5,5.194900000000001e-06,-2.285e-11,-5.207200000000001e-06,2.285e-11,5.194900000000001e-06,37234.93381490514
bot1,0.3,5,7.944400000000001e-06,5.5850000000000006e-11,-7.949700000000001e-06,5.5850000000000006e-11,7.944400000000001e-06,36317.41420010895
bot1,0.4,5,1.0701900000000002e-05,-5.2e-13,-1.07099e-05,5.2e-13,1.0701900000000002e-05,35300.762496469935
bot1,0.5,5,1.361e-05,1.6600000000000002e-12,-1.3638e-05,1.6600000000000002e-12,1.361e-05,33943.75519763751
bot1,0.6,5,1.6594e-05,-2.42e-12,-1.6524e-05,2.42e-12,1.6594e-05,33967.391304347824
bot1,0.7,5,1.9498e-05,4.050000000000001e-12,-1.951e-05,4.050000000000001e-12,1.9498e-05,33670.03367003368
bot1,0.8,5,2.2534e-05,-4.047e-11,-2.259e-05,4.047e-11,2.2534e-05,33145.50878355982
bot1,0.9,5,2.5532e-05,6.169000000000001e-11,-2.553e-05,6.169000000000001e-11,2.5532e-05,33568.31151393084
bot1,1.0,5,2.8492e-05,-4.7800000000000006e-11,-2.8534e-05,4.7800000000000006e-11,2.8492e-05,33692.722371967655
bot1,1.1,5,3.1468000000000004e-05,1.5960000000000002e-11,-3.1452e-05,1.5960000000000002e-11,3.1468000000000004e-05,33990.482664853815
bot1,1.2,5,3.4376000000000004e-05,2.31e-12,-3.4338e-05,2.31e-12,3.4376000000000004e-05,34614.0533056421
bot1,1.3,5,3.7246e-05,-5.4e-13,-3.7236e-05,5.4e-13,3.7246e-05,35075.412136092666
bot1,1.4,5,4.0078e-05,1.9200000000000003e-12,-4.0074e-05,1.9200000000000003e-12,4.0078e-05,35739.814152966406
bot1,1.5,5,4.2842e-05,-3.840000000000001e-12,-4.2852e-05,3.840000000000001e-12,4.2842e-05,36101.08303249094
bot1,1.6,5,4.5618e-05,6.013e-11,-4.5666e-05,6.013e-11,4.5618e-05,36616.62394727203
bot1,1.7,5,4.8304e-05,-4.526e-11,-4.8386e-05,4.526e-11,4.8304e-05,37764.35045317221
bot1,1.8,5,5.0914e-05,-1.31e-12,-5.0946e-05,1.31e-12,5.0914e-05,39001.56006240256
bot1,1.9,5,5.3432e-05,-1.5600000000000002e-12,-5.3604e-05,1.5600000000000002e-12,5.3432e-05,39062.5
bot1,2.0,5,5.6034e-05,-1.8200000000000003e-12,-5.5994e-05,1.8200000000000003e-12,5.6034e-05,40338.846308995526
bot1,2.1,5,5.839e-05,1.082e-11,-5.8434e-05,1.082e-11,5.839e-05,41718.815185648746
bot1,2.2,5,6.0828e-05,-5.2200000000000005e-11,-6.0916e-05,5.2200000000000005e-11,6.0828e-05,42301.18443316417
bot1,2.3000000000000003,5,6.3118e-05,5.682e-11,-6.3234e-05,5.682e-11,6.3118e-05,43271.31112072686
bot1,2.4,5,6.545e-05,-2.648e-11,-6.5444e-05,2.648e-11,6.545e-05,44033.4654337296
bot1,2.5,5,6.766e-05,-1.0100000000000001e-12,-6.7432e-05,1.0100000000000001e-12,6.766e-05,50761.42131979709
bot1,2.6,5,6.939e-05,-1.3e-13,-6.961e-05,1.3e-13,6.939e-05,51975.05197505192
bot1,2.7,5,7.150800000000001e-05,-1.2470000000000002e-11,-7.143e-05,1.2470000000000002e-11,7.150800000000001e-05,51706.30816959658
bot1,2.8000000000000003,5,7.325800000000002e-05,6.079e-11,-7.302e-05,6.079e-11,7.325800000000002e-05,58207.21769499412
bot1,2.9,5,7.4944e-05,-4.611e-11,-7.5234e-05,4.611e-11,7.4944e-05,53937.43257820922
bot1,3.0,5,7.6966e-05,-9.100000000000002e-13,-7.6808e-05,9.100000000000002e-13,7.6966e-05,46838.40749414526
bot1,3.1,5,7.9214e-05,5.49e-12,-7.9368e-05,5.49e-12,7.9214e-05,49677.09885742687
bot1,3.2,5,8.0992e-05,-3.897e-11,-8.1078e-05,3.897e-11,8.0992e-05,53134.96280552608
bot1,3.3000000000000003,5,8.2978e-05,6.114000000000001e-11,-8.262800000000002e-05,6.114000000000001e-11,8.2978e-05,66181.33686300456
bot1,3.4,5,8.4014e-05,-3.222e-11,-8.4778e-05,3.222e-11,8.4014e-05,64808.813998703656
bot1,3.5,5,8.6064e-05,-4.600000000000003e-13,-8.5906e-05,4.600000000000003e-13,8.6064e-05,54288.816503800255
bot1,3.6,5,8.7698e-05,4.37e-12,-8.7686e-05,4.37e-12,8.7698e-05,72833.21194464708
bot1,3.7,5,8.881e-05,-1.932e-11,-8.9026e-05,1.932e-11,8.881e-05,72463.7681159419
bot1,3.8,5,9.0458e-05,5.2130000000000005e-11,-9.037e-05,5.2130000000000005e-11,9.0458e-05,75414.7812971341
bot1,3.9,5,9.1462e-05,-6.253e-11,-9.1566e-05,6.253e-11,9.1462e-05,88731.1446317658
bot1,4.0,5,9.2712e-05,5.160000000000001e-12,-9.2782e-05,5.160000000000001e-12,9.2712e-05,82372.32289950574
bot1,4.1,5,9.389e-05,1.5630000000000002e-11,-9.4016e-05,1.5630000000000002e-11,9.389e-05,83612.04013377933
bot1,4.2,5,9.5104e-05,3.61e-12,-9.462e-05,3.61e-12,9.5104e-05,89365.50491510278
bot1,4.3,5,9.6128e-05,2.435e-11,-9.6308e-05,2.435e-11,9.6128e-05,92592.5925925924
bot1,4.4,5,9.7264e-05,-5.2060000000000006e-11,-9.7222e-05,5.2060000000000006e-11,9.7264e-05,94786.72985781977
bot1,4.5,5,9.8238e-05,2.5520000000000003e-11,-9.815e-05,2.5520000000000003e-11,9.8238e-05,110132.15859030862
bot1,4.6000000000000005,5,9.908e-05,2.28e-12,-9.8832e-05,2.28e-12,9.908e-05,127226.46310432543
bot1,4.7,5,9.981e-05,-2.01e-12,-9.9724e-05,2.01e-12,9.981e-05,108813.92818280752
bot1,4.8,5,0.000100918,3.3700000000000004e-12,-0.000101008,3.3700000000000004e-12,0.000100918,111731.84357541942
bot1,4.9,5,0.0001016,-4.5940000000000005e-11,-0.000101662,4.5940000000000005e-11,0.0001016,138888.88888888902
bot1,5.0,5,0.000102358,6.305e-11,-0.000102252,6.305e-11,0.000102358,131926.12137203204
bot2,0.0,-5,5.0246e-12,-7.800000000000002e-13,-2.46e-12,7.800000000000002e-13,5.0246e-12,-29719448407.037563
bot2,0.1,-5,1.6598e-12,-7.43e-12,-3.5200000000000003e-12,7.43e-12,1.6598e-12,-66773504273.504265
bot2,0.2,-5,2.0294e-12,-1.462e-11,-4.7500000000000006e-12,1.462e-11,2.0294e-12,233317778814.74573
bot2,0.3,-5,2.517e-12,-2.061e-11,-5.14e-12,2.061e-11,2.517e-12,215982721382.28937
bot2,0.4,-5,2.9554e-12,-2.936e-11,-6.1e-12,2.936e-11,2.9554e-12,250438266967.1925
bot2,0.5,-5,3.3156e-12,-4.0040000000000005e-11,-7.51e-12,4.0040000000000005e-11,3.3156e-12,343406593406.5936
bot2,0.6,-5,3.5378e-12,-4.8490000000000005e-11,-9.03e-12,4.8490000000000005e-11,3.5378e-12,399361022364.21765
bot2,0.7,-5,3.8164e-12,-5.351e-11,-1.18e-11,5.351e-11,3.8164e-12,354358610914.2451
bot2,0.8,-5,4.1022e-12,-5.8070000000000006e-11,-1.489e-11,5.8070000000000006e-11,4.1022e-12,578034682080.9242
bot2,0.9,-5,4.1624e-12,-6.028000000000001e-11,-1.7650000000000002e-11,6.028000000000001e-11,4.1624e-12,920810313075.5084
bot2,1.0,-5,4.3194e-12,-6.152000000000001e-11,-2.161e-11,6.152000000000001e-11,4.3194e-12,-22704568159.11362
bot2,1.1,-5,-4.6464e-12,3.353e-11,3.426e-11,3.353e-11,4.6464e-12,341064120054.5702
bot2,1.2,-5,4.9058e-12,-2.3000000000000013e-13,-3.431e-11,2.3000000000000013e-13,4.9058e-12,25697031992.80483
bot2,1.3,-5,3.1366e-12,-1.6800000000000001e-12,-5.2500000000000004e-12,1.6800000000000001e-12,3.1366e-12,-37850113550.34068
bot2,1.4,-5,-3.782e-13,7.3e-13,-2e-12,7.3e-13,3.782e-13,-71027771858.79678
bot2,1.5,-5,3.208e-13,-8.000000000000001e-14,-1.8200000000000003e-12,8.000000000000001e-14,3.208e-13,152975370965.27457
bot2,1.6,-5,9.292e-13,-3.340000000000001e-12,-2.72e-12,3.340000000000001e-12,9.292e-13,170706725844.99826
bot2,1.7,-5,1.4924e-12,-6.25e-12,-3.43e-12,6.25e-12,1.4924e-12,192901234567.9012
bot2,1.8,-5,1.966e-12,-1.28e-11,-4.0400000000000006e-12,1.28e-11,1.966e-12,202552157180.4741
bot2,1.9,-5,2.4798e-12,-1.985e-11,-5.4000000000000004e-12,1.985e-11,2.4798e-12,198688654877.8064
bot2,2.0,-5,2.9726e-12,-3.262e-11,-6.490000000000001e-12,3.262e-11,2.9726e-12,235515779557.23026
bot2,2.1,-5,3.329e-12,-4.199e-11,-8.490000000000001e-12,4.199e-11,3.329e-12,299490865528.6018
bot2,2.2,-5,3.6404e-12,-5.08e-11,-1.032e-11,5.08e-11,3.6404e-12,323939099449.30365
bot2,2.3000000000000003,-5,3.9464e-12,-5.613e-11,-1.3190000000000002e-11,5.613e-11,3.9464e-12,428632661808.82886
bot2,2.4,-5,4.107e-12,-5.776e-11,-1.4760000000000003e-11,5.776e-11,4.107e-12,667556742323.0964
bot2,2.5,-5,4.246e-12,-6.024e-11,-1.7340000000000002e-11,6.024e-11,4.246e-12,1447178002894.362
bot2,2.6,-5,4.2452e-12,-6.158000000000001e-11,-2.092e-11,6.158000000000001e-11,4.2452e-12,1712328767123.2942
bot2,2.7,-5,4.3628e-12,-6.059000000000001e-11,-2.456e-11,6.059000000000001e-11,4.3628e-12,-22384384653.2659
bot2,2.8000000000000003,-5,-4.6896e-12,2.701e-11,3.572e-11,2.701e-11,4.6896e-12,-22721076070.162647
bot2,2.9,-5,-4.4396e-12,5.9e-13,1.9460000000000003e-11,5.9e-13,4.4396e-12,27514858023.33256
bot2,3.0,-5,2.5792e-12,-3.07e-12,-1.9900000000000002e-12,3.07e-12,2.5792e-12,41839253587.71604
bot2,3.1,-5,3.406e-13,-5.7e-13,-2.6500000000000002e-12,5.7e-13,3.406e-13,-127975428717.68634
bot2,3.2,-5,1.0164e-12,-4.21e-12,-3.0400000000000004e-12,4.21e-12,1.0164e-12,148720999405.11615
bot2,3.3000000000000003,-5,1.6854e-12,-9.63e-12,-3.97e-12,9.63e-12,1.6854e-12,160875160875.16068
bot2,3.4,-5,2.2596e-12,-1.7110000000000003e-11,-4.84e-12,1.7110000000000003e-11,2.2596e-12,184740439682.24612
bot2,3.5,-5,2.768e-12,-2.7000000000000004e-11,-5.860000000000001e-12,2.7000000000000004e-11,2.768e-12,230096640589.0476
bot2,3.6,-5,3.1288e-12,-3.641e-11,-7.45e-12,3.641e-11,3.1288e-12,263088660878.7164
bot2,3.7,-5,3.5282e-12,-4.435e-11,-8.95e-12,4.435e-11,3.5282e-12,297619047619.0479
bot2,3.8,-5,3.8008e-12,-5.196000000000001e-11,-1.1e-11,5.196000000000001e-11,3.8008e-12,369003690036.89966
bot2,3.9,-5,4.0702e-12,-5.522e-11,-1.3290000000000002e-11,5.522e-11,4.0702e-12,446627958910.22656
bot2,4.0,-5,4.2486e-12,-5.859e-11,-1.5960000000000002e-11,5.859e-11,4.2486e-12,686341798215.512
bot2,4.1,-5,4.3616e-12,-6.098e-11,-1.968e-11,6.098e-11,4.3616e-12,1240694789081.889
bot2,4.2,-5,4.4098e-12,-6.194000000000001e-11,-2.253e-11,6.194000000000001e-11,4.4098e-12,-22778005557.833378
bot2,4.3,-5,-4.4188e-12,3.2030000000000005e-11,3.464e-11,3.2030000000000005e-11,4.4188e-12,237981913374.58383
bot2,4.4,-5,5.2502e-12,-8.000000000000001e-14,-3.317e-11,8.000000000000001e-14,5.2502e-12,25677896466.72147
bot2,4.5,-5,3.37e-12,-3.56e-12,-4.48e-12,3.56e-12,3.37e-12,-37663364845.01529
bot2,4.6000000000000005,-5,-6e-14,1.5300000000000001e-12,-1.93e-12,1.5300000000000001e-12,6e-14,-71602463124.73155
bot2,4.7,-5,5.768e-13,-7.900000000000002e-13,-2.4300000000000003e-12,7.900000000000002e-13,5.768e-13,154320987654.32043
bot2,4.8,-5,1.236e-12,-2.67e-12,-2.1500000000000003e-12,2.67e-12,1.236e-12,164392569455.86075
bot2,4.9,-5,1.7934e-12,-6.26e-12,-3.1200000000000004e-12,6.26e-12,1.7934e-12,180864532465.1837
bot2,5.0,-5,2.3418e-12,-1.043e-11,-4.300000000000001e-12,1.043e-11,2.3418e-12,182348650619.9848
bot2,0.0,-4,-4.6158e-12,6.077e-11,2.1860000000000003e-11,6.077e-11,4.6158e-12,10589182091.575249
bot2,0.1,-4,4.8278e-12,-2.232e-11,-3.602e-11,2.232e-11,4.8278e-12,22510861490.66925
bot2,0.2,-4,4.2688e-12,-1.5200000000000002e-12,-1.693e-11,1.5200000000000002e-12,4.2688e-12,-28719951750.481056
bot2,0.3,-4,-2.136e-12,2.08e-12,2.0000000000000003e-14,2.08e-12,2.136e-12,-35389461018.50869
bot2,0.4,-4,-1.3826e-12,2.070000000000001e-12,-1.4300000000000002e-12,2.070000000000001e-12,1.3826e-12,133600534402.13763
bot2,0.5,-4,-6.39e-13,8.600000000000002e-13,-1.7600000000000002e-12,8.600000000000002e-13,6.39e-13,137627305257.36304
bot2,0.6,-4,7.06e-14,3.0000000000000005e-14,-2.08e-12,3.0000000000000005e-14,7.06e-14,111656989727.557
bot2,0.7,-4,1.1522e-12,-5.210000000000001e-12,-3.0900000000000004e-12,5.210000000000001e-12,1.1522e-12,104580631667.01532
bot2,0.8,-4,1.983e-12,-1.4830000000000002e-11,-4.46e-12,1.4830000000000002e-11,1.983e-12,140449438202.24716
bot2,0.9,-4,2.5762e-12,-2.289e-11,-5.28e-12,2.289e-11,2.5762e-12,174550532379.12375
bot2,1.0,-4,3.1288e-12,-3.5410000000000004e-11,-7.150000000000001e-12,3.5410000000000004e-11,3.1288e-12,218627022299.9564
bot2,1.1,-4,3.491e-12,-4.455e-11,-8.590000000000001e-12,4.455e-11,3.491e-12,316957210776.54486
bot2,1.2,-4,3.7598e-12,-5.163000000000001e-11,-1.098e-11,5.163000000000001e-11,3.7598e-12,513610683102.208
bot2,1.3,-4,3.8804e-12,-5.804000000000001e-11,-1.3280000000000002e-11,5.804000000000001e-11,3.8804e-12,663129973474.8029
bot2,1.4,-4,4.0614e-12,-5.941e-11,-1.693e-11,5.941e-11,4.0614e-12,590318772136.955
bot2,1.5,-4,4.2192e-12,-6.14e-11,-2.013e-11,6.14e-11,4.2192e-12,-23021847733.49909
bot2,1.6,-4,-4.626e-12,3.481e-11,3.379e-11,3.481e-11,4.626e-12,268168409761.33
bot2,1.7,-4,4.965e-12,-1.7200000000000001e-12,-3.467e-11,1.7200000000000001e-12,4.965e-12,25425883549.453342
bot2,1.8,-4,3.24e-12,-1.83e-12,-5.75e-12,1.83e-12,3.24e-12,-36705329613.85996
bot2,1.9,-4,-4.838e-13,1.17e-12,-1.5e-12,1.17e-12,4.838e-13,-65565171780.750046
bot2,2.0,-4,1.896e-13,5.9e-13,-2.09e-12,5.9e-13,1.896e-13,142267747901.5507
bot2,2.1,-4,9.22e-13,-3.010000000000001e-12,-2.830000000000001e-12,3.010000000000001e-12,9.22e-13,153444836581.24918
bot2,2.2,-4,1.493e-12,-7.75e-12,-3.38e-12,7.75e-12,1.493e-12,183992640294.3884
bot2,2.3000000000000003,-4,2.009e-12,-1.462e-11,-4.37e-12,1.462e-11,2.009e-12,182581705313.1274
bot2,2.4,-4,2.5884e-12,-2.193e-11,-5.5600000000000005e-12,2.193e-11,2.5884e-12,192492781520.69272
bot2,2.5,-4,3.048e-12,-3.406e-11,-7.000000000000001e-12,3.406e-11,3.048e-12,216684723726.97745
bot2,2.6,-4,3.5114e-12,-4.6050000000000005e-11,-9.25e-12,4.6050000000000005e-11,3.5114e-12,269832703723.6915
bot2,2.7,-4,3.7892e-12,-5.3370000000000005e-11,-1.162e-11,5.3370000000000005e-11,3.7892e-12,395100750691.42633
bot2,2.8000000000000003,-4,4.0176e-12,-5.8000000000000007e-11,-1.4650000000000002e-11,5.8000000000000007e-11,4.0176e-12,562113546936.4808
bot2,2.9,-4,4.145e-12,-5.988e-11,-1.863e-11,5.988e-11,4.145e-12,892857142857.1422
bot2,3.0,-4,4.2416e-12,-6.101e-11,-2.2680000000000003e-11,6.101e-11,4.2416e-12,-22574382590.63617
bot2,3.1,-4,-4.7146e-12,2.918e-11,3.514e-11,2.918e-11,4.7146e-12,-22927366104.181976
bot2,3.2,-4,-4.4816e-12,1.4300000000000002e-12,2.081e-11,1.4300000000000002e-12,4.4816e-12,27797081306.462845
bot2,3.3000000000000003,-4,2.4804e-12,-2.18e-12,-1.7000000000000002e-12,2.18e-12,2.4804e-12,40307952759.07932
bot2,3.4,-4,4.802e-13,-1.69e-12,-2.6500000000000002e-12,1.69e-12,4.802e-13,-166611129623.45865
bot2,3.5,-4,1.28e-12,-5.3600000000000006e-12,-2.95e-12,5.3600000000000006e-12,1.28e-12,148126203525.40378
bot2,3.6,-4,1.8304e-12,-1.061e-11,-4.150000000000001e-12,1.061e-11,1.8304e-12,203376042302.217
bot2,3.7,-4,2.2634e-12,-1.867e-11,-4.74e-12,1.867e-11,2.2634e-12,201897839693.1155
bot2,3.8,-4,2.821e-12,-2.753e-11,-5.99e-12,2.753e-11,2.821e-12,212675457252.2328
bot2,3.9,-4,3.2038e-12,-3.876e-11,-7.660000000000002e-12,3.876e-11,3.2038e-12,246123554024.11972
bot2,4.0,-4,3.6336e-12,-4.818e-11,-9.66e-12,4.818e-11,3.6336e-12,306842589751.45703
bot2,4.1,-4,3.8556e-12,-5.3950000000000005e-11,-1.172e-11,5.3950000000000005e-11,3.8556e-12,485908649173.95575
bot2,4.2,-4,4.0452e-12,-5.7590000000000005e-11,-1.519e-11,5.7590000000000005e-11,4.0452e-12,692520775623.2689
bot2,4.3,-4,4.1444e-12,-5.981e-11,-1.872e-11,5.981e-11,4.1444e-12,1225490196078.4329
bot2,4.4,-4,4.2084e-12,-6.121e-11,-2.231e-11,6.121e-11,4.2084e-12,-22653648370.07001
bot2,4.5,-4,-4.6842e-12,2.921e-11,3.4940000000000004e-11,2.921e-11,4.6842e-12,-22966331358.22885
bot2,4.6000000000000005,-4,-4.5e-12,1.4400000000000001e-12,2.0370000000000003e-11,1.4400000000000001e-12,4.5e-12,27067262146.433914
bot2,4.7,-4,2.7048e-12,-2.120000000000001e-12,-2.4300000000000003e-12,2.120000000000001e-12,2.7048e-12,40366528074.920135
bot2,4.8,-4,4.546e-13,-3.2000000000000005e-13,-2.5500000000000002e-12,3.2000000000000005e-13,4.546e-13,-140528386734.12042
bot2,4.9,-4,1.2816e-12,-6.04e-12,-3.340000000000001e-12,6.04e-12,1.2816e-12,132467876539.9392
bot2,5.0,-4,1.9644e-12,-1.189e-11,-4.13e-12,1.189e-11,1.9644e-12,146455770357.35153
bot2,0.0,-3,-4.7936e-12,1.91e-12,3.508e-11,1.91e-12,4.7936e-12,60584030049.6789
bot2,0.1,-3,-3.143e-12,2.16e-12,3.9900000000000006e-12,2.16e-12,3.143e-12,40400775694.89334
bot2,0.2,-3,1.568e-13,-9.200000000000001e-13,1.46e-12,9.200000000000001e-13,1.568e-13,77006006468.50455
bot2,0.3,-3,-5.458e-13,1.55e-12,1.9e-12,1.55e-12,5.458e-13,-143616257360.3332
bot2,0.4,-3,-1.2358e-12,4.240000000000001e-12,2.62e-12,4.240000000000001e-12,1.2358e-12,-170852554245.68597
bot2,0.5,-3,-1.7164e-12,9.37e-12,3.67e-12,9.37e-12,1.7164e-12,-172562553925.7981
bot2,0.6,-3,-2.3948e-12,1.99e-11,4.660000000000001e-12,1.99e-11,2.3948e-12,-176491351923.75583
bot2,0.7,-3,-2.8496e-12,2.958e-11,5.94e-12,2.958e-11,2.8496e-12,-222123500666.3705
bot2,0.8,-3,-3.2952e-12,4.116e-11,8.200000000000001e-12,4.116e-11,3.2952e-12,-257599175682.6377
bot2,0.9,-3,-3.626e-12,4.884e-11,9.58e-12,4.884e-11,3.626e-12,-356379187455.4528
bot2,1.0,-3,-3.8564e-12,5.229e-11,1.099e-11,5.229e-11,3.8564e-12,-502008032128.5147
bot2,1.1,-3,-4.0244e-12,5.822000000000001e-11,1.393e-11,5.822000000000001e-11,4.0244e-12,-820344544708.7766
bot2,1.2,-3,-4.1002e-12,5.963e-11,1.6890000000000003e-11,5.963e-11,4.1002e-12,-1631321370309.9463
bot2,1.3,-3,-4.147e-12,6.062e-11,2.001e-11,6.062e-11,4.147e-12,-1277139208173.6892
bot2,1.4,-3,-4.2568e-12,6.098e-11,2.315e-11,6.098e-11,4.2568e-12,22590701667.19377
bot2,1.5,-3,4.7062e-12,-2.8620000000000004e-11,-3.526e-11,2.8620000000000004e-11,4.7062e-12,-282485875706.2147
bot2,1.6,-3,-4.9648e-12,1.7100000000000002e-12,3.282e-11,1.7100000000000002e-12,4.9648e-12,-26735108544.540688
bot2,1.7,-3,-2.7746e-12,2.31e-12,2.95e-12,2.31e-12,2.7746e-12,40655364475.342514
bot2,1.8,-3,-4.54e-14,-9.8e-13,1.69e-12,9.8e-13,4.54e-14,94348523445.60815
bot2,1.9,-3,-6.548e-13,7.100000000000001e-13,2.14e-12,7.100000000000001e-13,6.548e-13,-148301942755.45007
bot2,2.0,-3,-1.394e-12,7.140000000000002e-12,3.060000000000001e-12,7.140000000000002e-12,1.394e-12,-156128024980.48398
bot2,2.1,-3,-1.9358e-12,1.255e-11,3.570000000000001e-12,1.255e-11,1.9358e-12,-210128178188.69528
bot2,2.2,-3,-2.3458e-12,1.799e-11,4.8500000000000005e-12,1.799e-11,2.3458e-12,-230308613542.14664
bot2,2.3000000000000003,-3,-2.8042e-12,2.688e-11,5.620000000000001e-12,2.688e-11,2.8042e-12,-242424242424.24216
bot2,2.4,-3,-3.1708e-12,3.533e-11,6.8800000000000006e-12,3.533e-11,3.1708e-12,-300932891965.0915
bot2,2.5,-3,-3.4688e-12,4.4410000000000005e-11,8.15e-12,4.4410000000000005e-11,3.4688e-12,-392927308447.9375
bot2,2.6,-3,-3.6798e-12,4.932e-11,9.790000000000004e-12,4.932e-11,3.6798e-12,-565610859728.5079
bot2,2.7,-3,-3.8224e-12,5.3220000000000005e-11,1.188e-11,5.3220000000000005e-11,3.8224e-12,-750750750750.7498
bot2,2.8000000000000003,-3,-3.9462e-12,5.757e-11,1.436e-11,5.757e-11,3.9462e-12,-796812749003.9814
bot2,2.9,-3,-4.0734e-12,6.072000000000001e-11,1.717e-11,6.072000000000001e-11,4.0734e-12,-797448165869.2183
bot2,3.0,-3,-4.197e-12,6.035e-11,2.021e-11,6.035e-11,4.197e-12,-779423226812.1611
bot2,3.1,-3,-4.33e-12,5.98e-11,2.436e-11,5.98e-11,4.33e-12,22312961599.393112
bot2,3.2,-3,4.7664e-12,-2.3920000000000003e-11,-3.616e-11,2.3920000000000003e-11,4.7664e-12,22856098006.94828
bot2,3.3000000000000003,-3,4.4204e-12,-1.03e-12,-1.89e-11,1.03e-12,4.4204e-12,-27233115468.40956
bot2,3.4,-3,-2.5776e-12,1.7700000000000001e-12,1.8700000000000003e-12,1.7700000000000001e-12,2.5776e-12,-43923222207.581085
bot2,3.5,-3,-1.33e-13,-6.900000000000001e-13,1.59e-12,6.900000000000001e-13,1.33e-13,113960113960.11407
bot2,3.6,-3,-8.225999999999999e-13,1.6800000000000001e-12,2.3000000000000003e-12,1.6800000000000001e-12,8.225999999999999e-13,-164500740253.33127
bot2,3.7,-3,-1.3488e-12,6.530000000000002e-12,3.1e-12,6.530000000000002e-12,1.3488e-12,-226963231956.42328
bot2,3.8,-3,-1.7038e-12,9.75e-12,3.2e-12,9.75e-12,1.7038e-12,-230043708304.5776
bot2,3.9,-3,-2.2182e-12,1.595e-11,4.42e-12,1.595e-11,2.2182e-12,-185116623472.78763
bot2,4.0,-3,-2.7842e-12,2.6e-11,5.63e-12,2.6e-11,2.7842e-12,-228206298493.8382
bot2,4.1,-3,-3.0946e-12,3.424e-11,6.530000000000002e-12,3.424e-11,3.0946e-12,-331895121141.71936
bot2,4.2,-3,-3.3868e-12,4.151e-11,7.890000000000001e-12,4.151e-11,3.3868e-12,-396039603960.3964
bot2,4.3,-3,-3.5996e-12,4.782e-11,9.36e-12,4.782e-11,3.5996e-12,-451671183378.5012
bot2,4.4,-3,-3.8296e-12,5.329e-11,1.082e-11,5.329e-11,3.8296e-12,-665335994677.3123
bot2,4.5,-3,-3.9002e-12,5.554e-11,1.2870000000000002e-11,5.554e-11,3.9002e-12,-746268656716.4182
bot2,4.6000000000000005,-3,-4.0976e-12,5.927e-11,1.5920000000000002e-11,5.927e-11,4.0976e-12,-623830318153.4626
bot2,4.7,-3,-4.2208e-12,6.101e-11,1.834e-11,6.101e-11,4.2208e-12,-993048659384.3048
bot2,4.8,-3,-4.299e-12,6.021e-11,2.209e-11,6.021e-11,4.299e-12,22447696866.301537
bot2,4.9,-3,4.6888e-12,-3.162e-11,-3.478e-11,3.162e-11,4.6888e-12,-317359568390.98755
bot2,5.0,-3,-4.9292e-12,9e-14,3.2760000000000005e-11,9e-14,4.9292e-12,-10397171969.224333
bot2,0.0,-2,2.8196e-12,-3.8950000000000005e-11,-7.95e-12,3.8950000000000005e-11,2.8196e-12,118203309692.67136
bot2,0.1,-2,3.6656e-12,-5.065e-11,-1.089e-11,5.065e-11,3.6656e-12,184501845018.45023
bot2,0.2,-2,3.9036e-12,-5.573e-11,-1.3690000000000002e-11,5.573e-11,3.9036e-12,516528925619.8349
bot2,0.3,-2,4.0528e-12,-5.877000000000001e-11,-1.5630000000000002e-11,5.877000000000001e-11,4.0528e-12,677048070412.9982
bot2,0.4,-2,4.199e-12,-6.058e-11,-1.987e-11,6.058e-11,4.199e-12,778210116731.5168
bot2,0.5,-2,4.3098e-12,-6.166000000000001e-11,-2.3120000000000003e-11,6.166000000000001e-11,4.3098e-12,-22306988779.58464
bot2,0.6,-2,-4.7668e-12,2.7140000000000003e-11,3.511e-11,2.7140000000000003e-11,4.7668e-12,-22599891520.52071
bot2,0.7,-2,-4.5398e-12,5.7e-13,1.9970000000000003e-11,5.7e-13,4.5398e-12,26422173487.991127
bot2,0.8,-2,2.8026e-12,-1.86e-12,-2.92e-12,1.86e-12,2.8026e-12,44712720769.058784
bot2,0.9,-2,-6.68e-14,3.0000000000000014e-13,-2.0200000000000007e-12,3.0000000000000014e-13,6.68e-14,-85866391894.2126
bot2,1.0,-2,4.734e-13,-1.5700000000000002e-12,-2.5600000000000004e-12,1.5700000000000002e-12,4.734e-13,166944908180.30054
bot2,1.1,-2,1.1312e-12,-3.490000000000001e-12,-3.07e-12,3.490000000000001e-12,1.1312e-12,181356546971.34564
bot2,1.2,-2,1.5762e-12,-6.91e-12,-3.590000000000001e-12,6.91e-12,1.5762e-12,220167327168.64816
bot2,1.3,-2,2.0396e-12,-1.365e-11,-4.050000000000001e-12,1.365e-11,2.0396e-12,297353553374.9631
bot2,1.4,-2,2.2488e-12,-1.733e-11,-4.98e-12,1.733e-11,2.2488e-12,258933195235.6291
bot2,1.5,-2,2.812e-12,-2.835e-11,-5.570000000000001e-12,2.835e-11,2.812e-12,244558571777.9408
bot2,1.6,-2,3.0666e-12,-3.456e-11,-6.91e-12,3.456e-11,3.0666e-12,348432055749.12897
bot2,1.7,-2,3.386e-12,-4.107e-11,-8.16e-12,4.107e-11,3.386e-12,354484225451.96735
bot2,1.8,-2,3.6308e-12,-4.6960000000000005e-11,-9.22e-12,4.6960000000000005e-11,3.6308e-12,531632110579.4789
bot2,1.9,-2,3.7622e-12,-5.0200000000000005e-11,-1.109e-11,5.0200000000000005e-11,3.7622e-12,665778961384.8196
bot2,2.0,-2,3.9312e-12,-5.4970000000000005e-11,-1.213e-11,5.4970000000000005e-11,3.9312e-12,744047619047.6195
bot2,2.1,-2,4.031e-12,-5.794e-11,-1.5580000000000003e-11,5.794e-11,4.031e-12,1479289940828.4072
bot2,2.2,-2,4.0664e-12,-6.025e-11,-1.763e-11,6.025e-11,4.0664e-12,1169590643274.855
bot2,2.3000000000000003,-2,4.202e-12,-6e-11,-2.138e-11,6e-11,4.202e-12,790513833992.0942
bot2,2.4,-2,4.3194e-12,-5.961e-11,-2.431e-11,5.961e-11,4.3194e-12,-22267251553.140766
bot2,2.5,-2,-4.7798e-12,2.875e-11,3.495e-11,2.875e-11,4.7798e-12,-22713334998.97792
bot2,2.6,-2,-4.486e-12,8.400000000000002e-13,2.122e-11,8.400000000000002e-13,4.486e-12,26239143554.35441
bot2,2.7,-2,2.8424e-12,-1.9400000000000002e-12,-4.050000000000001e-12,1.9400000000000002e-12,2.8424e-12,46283439785.24488
bot2,2.8000000000000003,-2,-1.648e-13,1.3900000000000001e-12,-2.46e-12,1.3900000000000001e-12,1.648e-13,-79001422025.59633
bot2,2.9,-2,3.108e-13,6.000000000000001e-14,-2.44e-12,6.000000000000001e-14,3.108e-13,189393939393.93915
bot2,3.0,-2,8.912e-13,-4.240000000000001e-12,-2.6500000000000002e-12,4.240000000000001e-12,8.912e-13,180050414115.95264
bot2,3.1,-2,1.4216e-12,-6.92e-12,-3.46e-12,6.92e-12,1.4216e-12,180929980097.7024
bot2,3.2,-2,1.9966e-12,-1.4200000000000002e-11,-4.660000000000001e-12,1.4200000000000002e-11,1.9966e-12,176335743255.15796
bot2,3.3000000000000003,-2,2.5558e-12,-2.354e-11,-5.49e-12,2.354e-11,2.5558e-12,184128153194.62323
bot2,3.4,-2,3.0828e-12,-3.2570000000000004e-11,-6.66e-12,3.2570000000000004e-11,3.0828e-12,237473284255.521
bot2,3.5,-2,3.398e-12,-4.262e-11,-7.95e-12,4.262e-11,3.398e-12,355998576005.6961
bot2,3.6,-2,3.6446e-12,-4.9000000000000005e-11,-1.003e-11,4.9000000000000005e-11,3.6446e-12,474158368895.2117
bot2,3.7,-2,3.8198e-12,-5.477e-11,-1.1970000000000002e-11,5.477e-11,3.8198e-12,588928150765.6073
bot2,3.8,-2,3.9842e-12,-5.7670000000000006e-11,-1.437e-11,5.7670000000000006e-11,3.9842e-12,689655172413.7908
bot2,3.9,-2,4.1098e-12,-5.993000000000001e-11,-1.693e-11,5.993000000000001e-11,4.1098e-12,772200772200.7723
bot2,4.0,-2,4.2432e-12,-6.074e-11,-1.974e-11,6.074e-11,4.2432e-12,715819613457.4083
bot2,4.1,-2,4.3892e-12,-6.003e-11,-2.484e-11,6.003e-11,4.3892e-12,-22293064627.594376
bot2,4.2,-2,-4.7282e-12,2.626e-11,3.525e-11,2.626e-11,4.7282e-12,-22807097568.76342
bot2,4.3,-2,-4.38e-12,1.6700000000000006e-12,1.9550000000000003e-11,1.6700000000000006e-12,4.38e-12,26993467580.84545
bot2,4.4,-2,2.681e-12,-2.5600000000000004e-12,-2.2200000000000002e-12,2.5600000000000004e-12,2.681e-12,43053343092.09113
bot2,4.5,-2,2.654e-13,-7.900000000000002e-13,-2.5600000000000004e-12,7.900000000000002e-13,2.654e-13,-114731528223.95604
bot2,4.6000000000000005,-2,9.378e-13,-3.91e-12,-2.59e-12,3.91e-12,9.378e-13,155327741534.63824
bot2,4.7,-2,1.553e-12,-7.140000000000002e-12,-3.56e-12,7.140000000000002e-12,1.553e-12,160901045856.79752
bot2,4.8,-2,2.1808e-12,-1.5160000000000002e-11,-4.450000000000001e-12,1.5160000000000002e-11,2.1808e-12,178571428571.4287
bot2,4.9,-2,2.673e-12,-2.582e-11,-5.860000000000001e-12,2.582e-11,2.673e-12,206185567010.30945
bot2,5.0,-2,3.1508e-12,-3.616e-11,-7.02e-12,3.616e-11,3.1508e-12,209292591042.27643
bot2,0.0,-1,-4.903e-12,1.1600000000000001e-12,3.1810000000000004e-11,1.1600000000000001e-12,4.903e-12,36905816356.65781
bot2,0.1,-1,-2.1934e-12,3.010000000000001e-12,3.1000000000000004e-13,3.010000000000001e-12,2.1934e-12,57362473469.856026
bot2,0.2,-1,-1.4164e-12,2.4300000000000003e-12,-1.0500000000000002e-12,2.4300000000000003e-12,1.4164e-12,130718954248.366
bot2,0.3,-1,-6.634e-13,1.4300000000000002e-12,-1.65e-12,1.4300000000000002e-12,6.634e-13,140134529147.9821
bot2,0.4,-1,1.08e-14,-5.4e-13,-2.070000000000001e-12,5.4e-13,1.08e-14,155038759689.9225
bot2,0.5,-1,6.266e-13,-1.6100000000000002e-12,-2.77e-12,1.6100000000000002e-12,6.266e-13,154368632293.91785
bot2,0.6,-1,1.3064e-12,-5.64e-12,-3.570000000000001e-12,5.64e-12,1.3064e-12,159846547314.57806
bot2,0.7,-1,1.8778e-12,-1.126e-11,-4.01e-12,1.126e-11,1.8778e-12,195579894386.85712
bot2,0.8,-1,2.329e-12,-1.992e-11,-4.810000000000001e-12,1.992e-11,2.329e-12,209336403600.5861
bot2,0.9,-1,2.8332e-12,-2.983e-11,-6.380000000000001e-12,2.983e-11,2.8332e-12,219154065307.9114
bot2,1.0,-1,3.2416e-12,-3.875e-11,-7.83e-12,3.875e-11,3.2416e-12,255754475703.32492
bot2,1.1,-1,3.6152e-12,-4.807e-11,-9.24e-12,4.807e-11,3.6152e-12,366032210834.5535
bot2,1.2,-1,3.788e-12,-5.3520000000000006e-11,-1.165e-11,5.3520000000000006e-11,3.788e-12,506329113924.05023
bot2,1.3,-1,4.0102e-12,-5.7560000000000006e-11,-1.434e-11,5.7560000000000006e-11,4.0102e-12,611246943765.2809
bot2,1.4,-1,4.1152e-12,-5.95e-11,-1.91e-11,5.95e-11,4.1152e-12,1016260162601.6252
bot2,1.5,-1,4.207e-12,-6.095000000000001e-11,-2.255e-11,6.095000000000001e-11,4.207e-12,-22729855665.416523
bot2,1.6,-1,-4.6838e-12,2.7200000000000004e-11,3.485e-11,2.7200000000000004e-11,4.6838e-12,-23100556723.41703
bot2,1.7,-1,-4.4508e-12,1.36e-12,1.9730000000000003e-11,1.36e-12,4.4508e-12,27219772442.702374
bot2,1.8,-1,2.6638e-12,-2.400000000000001e-12,-2.79e-12,2.400000000000001e-12,2.6638e-12,41442188147.53423
bot2,1.9,-1,3.752e-13,1.1500000000000001e-12,-2.4800000000000003e-12,1.1500000000000001e-12,3.752e-13,-128567755206.99406
bot2,2.0,-1,1.1082e-12,-4.23e-12,-3.010000000000001e-12,4.23e-12,1.1082e-12,159769931298.9295
bot2,2.1,-1,1.627e-12,-8.200000000000001e-12,-3.8e-12,8.200000000000001e-12,1.627e-12,199004975124.3784
bot2,2.2,-1,2.1132e-12,-1.4210000000000002e-11,-4.450000000000001e-12,1.4210000000000002e-11,2.1132e-12,191094974202.17868
bot2,2.3000000000000003,-1,2.6736e-12,-2.4960000000000004e-11,-5.74e-12,2.4960000000000004e-11,2.6736e-12,216076058772.68768
bot2,2.4,-1,3.0388e-12,-3.43e-11,-6.8200000000000004e-12,3.43e-11,3.0388e-12,297796307325.7887
bot2,2.5,-1,3.3452e-12,-4.257e-11,-8.600000000000001e-12,4.257e-11,3.3452e-12,319795330988.168
bot2,2.6,-1,3.6642e-12,-4.8780000000000005e-11,-1.004e-11,4.8780000000000005e-11,3.6642e-12,318979266347.68787
bot2,2.7,-1,3.9722e-12,-5.5040000000000005e-11,-1.31e-11,5.5040000000000005e-11,3.9722e-12,446827524575.5136
bot2,2.8000000000000003,-1,4.1118e-12,-5.813e-11,-1.5740000000000002e-11,5.813e-11,4.1118e-12,1156069364161.8467
bot2,2.9,-1,4.1452e-12,-6.088e-11,-1.929e-11,6.088e-11,4.1452e-12,1298701298701.3008
bot2,3.0,-1,4.2658e-12,-6.123e-11,-2.337e-11,6.123e-11,4.2658e-12,-22641851197.753952
bot2,3.1,-1,-4.688e-12,2.8620000000000004e-11,3.492e-11,2.8620000000000004e-11,4.688e-12,306748466257.66895
bot2,3.2,-1,4.9178e-12,-7.200000000000003e-13,-3.288e-11,7.200000000000003e-13,4.9178e-12,26250853152.72749
bot2,3.3000000000000003,-1,2.9308e-12,-2.09e-12,-3.0900000000000004e-12,2.09e-12,2.9308e-12,-40635539843.14676
bot2,3.4,-1,-4e-15,6.900000000000001e-13,-2.4300000000000003e-12,6.900000000000001e-13,4e-15,-98619329388.56004
bot2,3.5,-1,9.028e-13,-3.3100000000000002e-12,-2.400000000000001e-12,3.3100000000000002e-12,9.028e-13,126151129052.60516
bot2,3.6,-1,1.5814e-12,-8.500000000000001e-12,-3.540000000000001e-12,8.500000000000001e-12,1.5814e-12,151768098345.72784
bot2,3.7,-1,2.2206e-12,-1.7050000000000002e-11,-4.89e-12,1.7050000000000002e-11,2.2206e-12,175685172171.4689
bot2,3.8,-1,2.7198e-12,-2.8110000000000004e-11,-6.340000000000001e-12,2.8110000000000004e-11,2.7198e-12,198216055500.4953
bot2,3.9,-1,3.2296e-12,-3.9350000000000005e-11,-7.93e-12,3.9350000000000005e-11,3.2296e-12,223363859727.49576
bot2,4.0,-1,3.6152e-12,-4.9370000000000006e-11,-1.047e-11,4.9370000000000006e-11,3.6152e-12,300480769230.76886
bot2,4.1,-1,3.8952e-12,-5.5950000000000005e-11,-1.293e-11,5.5950000000000005e-11,3.8952e-12,386847195357.8341
bot2,4.2,-1,4.1322e-12,-5.851e-11,-1.6400000000000003e-11,5.851e-11,4.1322e-12,560852495793.6063
bot2,4.3,-1,4.2518e-12,-6.072000000000001e-11,-1.9840000000000003e-11,6.072000000000001e-11,4.2518e-12,1335113484646.1958
bot2,4.4,-1,4.282e-12,-5.986e-11,-2.333e-11,5.986e-11,4.282e-12,-22336385972.749622
bot2,4.5,-1,-4.7022e-12,2.473e-11,3.5340000000000004e-11,2.473e-11,4.7022e-12,-22970551752.65312
bot2,4.6000000000000005,-1,-4.4248e-12,1.2900000000000002e-12,1.963e-11,1.2900000000000002e-12,4.4248e-12,27101739931.70364
bot2,4.7,-1,2.6774e-12,-2.46e-12,-1.8100000000000002e-12,2.46e-12,2.6774e-12,41385589537.72282
bot2,4.8,-1,4.078e-13,-5e-13,-2.46e-12,5e-13,4.078e-13,-124766063630.69257
bot2,4.9,-1,1.0744e-12,-3.8800000000000004e-12,-3.2700000000000004e-12,3.8800000000000004e-12,1.0744e-12,126023944549.46452
bot2,5.0,-1,1.9948e-12,-1.26e-11,-3.9800000000000004e-12,1.26e-11,1.9948e-12,108648413733.1591
bot2,0.0,0,-4.5282e-12,5.967e-11,2.3610000000000003e-11,5.967e-11,4.5282e-12,10745524489.05031
bot2,0.1,0,4.778e-12,-1.945e-11,-3.6440000000000005e-11,1.945e-11,4.778e-12,22812820805.292576
bot2,0.2,0,4.2388e-12,-1.27e-12,-1.478e-11,1.27e-12,4.2388e-12,-29253451907.325066
bot2,0.3,0,-2.0588e-12,2.2200000000000002e-12,-2.2000000000000002e-13,2.2200000000000002e-12,2.0588e-12,-37415347775.65758
bot2,0.4,0,-1.1066e-12,1.85e-12,-1.83e-12,1.85e-12,1.1066e-12,107712193020.24992
bot2,0.5,0,-2.02e-13,4.2000000000000003e-13,-2.08e-12,4.2000000000000003e-13,2.02e-13,129617627997.40762
bot2,0.6,0,4.364e-13,-4.1e-13,-2.6300000000000007e-12,4.1e-13,4.364e-13,135851107186.52362
bot2,0.7,0,1.2702e-12,-6.76e-12,-3.2200000000000004e-12,6.76e-12,1.2702e-12,145011600928.07428
bot2,0.8,0,1.8156e-12,-1.051e-11,-3.91e-12,1.051e-11,1.8156e-12,193124758594.0517
bot2,0.9,0,2.3058e-12,-1.891e-11,-4.810000000000001e-12,1.891e-11,2.3058e-12,196232339089.4819
bot2,1.0,0,2.8348e-12,-2.905e-11,-5.930000000000001e-12,2.905e-11,2.8348e-12,208986415882.9677
bot2,1.1,0,3.2628e-12,-3.7130000000000005e-11,-7.84e-12,3.7130000000000005e-11,3.2628e-12,258598396689.9405
bot2,1.2,0,3.6082e-12,-4.55e-11,-9.06e-12,4.55e-11,3.6082e-12,371333085777.9429
bot2,1.3,0,3.8014e-12,-5.1370000000000006e-11,-1.109e-11,5.1370000000000006e-11,3.8014e-12,518134715025.907
bot2,1.4,0,3.9942e-12,-5.7270000000000006e-11,-1.4100000000000002e-11,5.7270000000000006e-11,3.9942e-12,692041522491.3491
bot2,1.5,0,4.0904e-12,-5.859e-11,-1.728e-11,5.859e-11,4.0904e-12,850340136054.4227
bot2,1.6,0,4.2294e-12,-6.109e-11,-2.183e-11,6.109e-11,4.2294e-12,-22970551752.65309
bot2,1.7,0,-4.6164e-12,3.365e-11,3.4180000000000005e-11,3.365e-11,4.6164e-12,263574064312.0715
bot2,1.8,0,4.9882e-12,-1.7500000000000002e-12,-3.369e-11,1.7500000000000002e-12,4.9882e-12,26288117770.76764
bot2,1.9,0,2.9916e-12,-2.680000000000001e-12,-4.400000000000001e-12,2.680000000000001e-12,2.9916e-12,-38386242370.73432
bot2,2.0,0,-2.22e-13,1.5600000000000002e-12,-2.09e-12,1.5600000000000002e-12,2.22e-13,-76341705473.70027
bot2,2.1,0,3.718e-13,-1.07e-12,-2.16e-12,1.07e-12,3.718e-13,161238310222.509
bot2,2.2,0,1.0184e-12,-3.91e-12,-2.77e-12,3.91e-12,1.0184e-12,173882802990.78436
bot2,2.3000000000000003,0,1.522e-12,-7.54e-12,-3.81e-12,7.54e-12,1.522e-12,180929980097.702
bot2,2.4,0,2.1238e-12,-1.531e-11,-4.68e-12,1.531e-11,2.1238e-12,172741406115.04556
bot2,2.5,0,2.6798e-12,-2.628e-11,-5.810000000000001e-12,2.628e-11,2.6798e-12,191131498470.94812
bot2,2.6,0,3.1702e-12,-3.561e-11,-7.33e-12,3.561e-11,3.1702e-12,243131534159.9807
bot2,2.7,0,3.5024e-12,-4.753e-11,-9.44e-12,4.753e-11,3.5024e-12,297530496875.93005
bot2,2.8000000000000003,0,3.8424e-12,-5.214000000000001e-11,-1.133e-11,5.214000000000001e-11,3.8424e-12,405022276225.19165
bot2,2.9,0,3.9962e-12,-5.6250000000000006e-11,-1.4000000000000002e-11,5.6250000000000006e-11,3.9962e-12,721500721500.7214
bot2,3.0,0,4.1196e-12,-5.965000000000001e-11,-1.6960000000000002e-11,5.965000000000001e-11,4.1196e-12,1298701298701.3037
bot2,3.1,0,4.1502e-12,-6.04e-11,-2.018e-11,6.04e-11,4.1502e-12,1132502831257.0747
bot2,3.2,0,4.2962e-12,-6.092000000000001e-11,-2.282e-11,6.092000000000001e-11,4.2962e-12,-22569797097.52412
bot2,3.3000000000000003,0,-4.7112e-12,3.066e-11,3.497e-11,3.066e-11,4.7112e-12,311332503113.3247
bot2,3.4,0,4.9386e-12,-2.59e-12,-3.219e-11,2.59e-12,4.9386e-12,26849241508.92734
bot2,3.5,0,2.7378e-12,-2.1700000000000002e-12,-3.1400000000000004e-12,2.1700000000000002e-12,2.7378e-12,-41583499667.33204
bot2,3.6,0,1.29e-13,-4.800000000000001e-13,-2.23e-12,4.800000000000001e-13,1.29e-13,-102627257799.67168
bot2,3.7,0,7.89e-13,-2.87e-12,-3.0900000000000004e-12,2.87e-12,7.89e-13,145412243710.9206
bot2,3.8,0,1.5044e-12,-9.000000000000001e-12,-3.71e-12,9.000000000000001e-12,1.5044e-12,153893505694.05954
bot2,3.9,0,2.0886e-12,-1.522e-11,-4.28e-12,1.522e-11,2.0886e-12,183250870441.6344
bot2,4.0,0,2.5958e-12,-2.477e-11,-5.79e-12,2.477e-11,2.5958e-12,206100577081.6156
bot2,4.1,0,3.059e-12,-3.467e-11,-6.76e-12,3.467e-11,3.059e-12,232396002788.7522
bot2,4.2,0,3.4564e-12,-4.515e-11,-8.86e-12,4.515e-11,3.4564e-12,267737617135.20776
bot2,4.3,0,3.806e-12,-5.156e-11,-1.142e-11,5.156e-11,3.806e-12,365630712979.89087
bot2,4.4,0,4.0034e-12,-5.713000000000001e-11,-1.367e-11,5.713000000000001e-11,4.0034e-12,803858520900.3214
bot2,4.5,0,4.0548e-12,-5.902000000000001e-11,-1.63e-11,5.902000000000001e-11,4.0548e-12,1023541453428.8618
bot2,4.6000000000000005,0,4.1988e-12,-6.081000000000001e-11,-1.974e-11,6.081000000000001e-11,4.1988e-12,1016260162601.6262
bot2,4.7,0,4.2516e-12,-5.993000000000001e-11,-2.295e-11,5.993000000000001e-11,4.2516e-12,-22412981598.942024
bot2,4.8,0,-4.7246e-12,2.615e-11,3.493e-11,2.615e-11,4.7246e-12,-22939988988.805305
bot2,4.9,0,-4.4668e-12,1.4e-12,2.011e-11,1.4e-12,4.4668e-12,27591534917.08746
bot2,5.0,0,2.524e-12,-1.21e-12,-2e-12,1.21e-12,2.524e-12,14304514504.77766
bot2,0.0,1,2.36454e-11,1.9200000000000003e-12,-4.1900000000000005e-11,1.9200000000000003e-12,2.36454e-11,1575866.4350827986
bot2,0.1,1,6.34808e-08,4.632e-11,-6.33118e-08,4.632e-11,6.34808e-08,1976765.9900052384
bot2,0.2,1,1.01199e-07,-5.786000000000001e-11,-1.0129259999999998e-07,5.786000000000001e-11,1.01199e-07,3397939.489493571
bot2,0.3,1,1.2234e-07,-3.103e-11,-1.2232e-07,3.103e-11,1.2234e-07,6349004.79349862
bot2,0.4,1,1.327e-07,1e-13,-1.3282e-07,1e-13,1.327e-07,13140604.46780552
bot2,0.5,1,1.3756e-07,1.14e-12,-1.3774e-07,1.14e-12,1.3756e-07,29154518.95043733
bot2,0.6,1,1.3956e-07,-1.4200000000000002e-12,-1.3976e-07,1.4200000000000002e-12,1.3956e-07,71428571.42857149
bot2,0.7,1,1.4036e-07,5.376e-11,-1.4042e-07,5.376e-11,1.4036e-07,178571428.57142872
bot2,0.8,1,1.4068e-07,-5.5550000000000005e-11,-1.406e-07,5.5550000000000005e-11,1.4068e-07,434782608.69565946
bot2,0.9,1,1.4082e-07,2.5600000000000004e-12,-1.4066e-07,2.5600000000000004e-12,1.4082e-07,3333333333.332494
bot2,1.0,1,1.4074e-07,2.62e-12,-1.4078e-07,2.62e-12,1.4074e-07,-2000000000.00038
bot2,1.1,1,1.4072e-07,-1.32e-12,-1.4076e-07,1.32e-12,1.4072e-07,-1999999999.999849
bot2,1.2,1,1.4064e-07,6.86e-12,-1.4062e-07,6.86e-12,1.4064e-07,-2499999999.999646
bot2,1.3,1,1.4064e-07,-4.957e-11,-1.4058e-07,4.957e-11,1.4064e-07,10000000000.001904
bot2,1.4,1,1.4066e-07,5.6290000000000007e-11,-1.407e-07,5.6290000000000007e-11,1.4066e-07,-3333333333.3339643
bot2,1.5,1,1.4058e-07,-2.278e-11,-1.4056e-07,2.278e-11,1.4058e-07,
bot2,1.6,1,1.4066e-07,-1.3400000000000006e-12,-1.4046e-07,1.3400000000000006e-12,1.4066e-07,-3333333333.332494
bot2,1.7,1,1.4052e-07,2.5300000000000003e-12,-1.4044e-07,2.5300000000000003e-12,1.4052e-07,-909090909.0909718
bot2,1.8,1,1.4044e-07,-1.2000000000000002e-13,-1.405e-07,1.2000000000000002e-13,1.4044e-07,-2000000000.000381
bot2,1.9,1,1.4042e-07,9.49e-12,-1.4032e-07,9.49e-12,1.4042e-07,10000000000.001894
bot2,2.0,1,1.4046e-07,-5.6720000000000005e-11,-1.404e-07,5.6720000000000005e-11,1.4046e-07,10000000000.001894
bot2,2.1,1,1.4044e-07,5.383e-11,-1.4026e-07,5.383e-11,1.4044e-07,-714285714.2857152
bot2,2.2,1,1.4018e-07,-1.96e-11,-1.403e-07,1.96e-11,1.4018e-07,-1250000000.0000312
bot2,2.3000000000000003,1,1.4028e-07,-2.350000000000001e-12,-1.402e-07,2.350000000000001e-12,1.4028e-07,-1666666666.6666129
bot2,2.4,1,1.4006e-07,1.4e-12,-1.4006e-07,1.4e-12,1.4006e-07,-9999999999.988647
bot2,2.5,1,1.4026e-07,-1.09e-12,-1.4012e-07,1.09e-12,1.4026e-07,-10000000000.001904
bot2,2.6,1,1.4004e-07,3.4000000000000005e-11,-1.3996e-07,3.4000000000000005e-11,1.4004e-07,-909090909.0909728
bot2,2.7,1,1.4004e-07,-5.958e-11,-1.399e-07,5.958e-11,1.4004e-07,-2499999999.999649
bot2,2.8000000000000003,1,1.3996e-07,2.8650000000000003e-11,-1.399e-07,2.8650000000000003e-11,1.3996e-07,-1250000000.0000286
bot2,2.9,1,1.3988e-07,2.11e-12,-1.3992e-07,2.11e-12,1.3988e-07,-270270270.2702728
bot2,3.0,1,1.3922e-07,-1.51e-12,-1.398e-07,1.51e-12,1.3922e-07,-4999999999.997644
bot2,3.1,1,1.3984e-07,9.8e-13,-1.3978e-07,9.8e-13,1.3984e-07,370370370.3703683
bot2,3.2,1,1.3976e-07,-3.092e-11,-1.3978e-07,3.092e-11,1.3976e-07,-833333333.3334001
bot2,3.3000000000000003,1,1.396e-07,5.997e-11,-1.3958e-07,5.997e-11,1.396e-07,-1428571428.571427
bot2,3.4,1,1.3962e-07,-4.156e-11,-1.3946e-07,4.156e-11,1.3962e-07,2500000000.0004706
bot2,3.5,1,1.3968e-07,4.43e-12,-1.394e-07,4.43e-12,1.3968e-07,-999999999.9999256
bot2,3.6,1,1.3942e-07,2.16e-12,-1.3938e-07,2.16e-12,1.3942e-07,-526315789.47371113
bot2,3.7,1,1.393e-07,-1.23e-12,-1.393e-07,1.23e-12,1.393e-07,-3333333333.333968
bot2,3.8,1,1.3936e-07,5.987000000000001e-11,-1.393e-07,5.987000000000001e-11,1.3936e-07,-9999999999.988647
bot2,3.9,1,1.3928e-07,-4.834e-11,-1.3926e-07,4.834e-11,1.3928e-07,-1666666666.6666129
bot2,4.0,1,1.3924e-07,8.990000000000003e-12,-1.3912e-07,8.990000000000003e-12,1.3924e-07,-1000000000.000056
bot2,4.1,1,1.3908e-07,2.62e-12,-1.3908e-07,2.62e-12,1.3908e-07,-833333333.3333081
bot2,4.2,1,1.39e-07,-8.600000000000002e-13,-1.3902e-07,8.600000000000002e-13,1.39e-07,-2499999999.999649
bot2,4.3,1,1.39e-07,1.2000000000000001e-12,-1.3884e-07,1.2000000000000001e-12,1.39e-07,-1666666666.666984
bot2,4.4,1,1.3888e-07,-5.883e-11,-1.3892e-07,5.883e-11,1.3888e-07,-1000000000.000058
bot2,4.5,1,1.388e-07,3.896e-11,-1.387e-07,3.896e-11,1.388e-07,-1428571428.5714304
bot2,4.6000000000000005,1,1.3874e-07,-3.66e-12,-1.3864e-07,3.66e-12,1.3874e-07,-1666666666.6666164
bot2,4.7,1,1.3868e-07,-1.4300000000000002e-12,-1.3862e-07,1.4300000000000002e-12,1.3868e-07,-1428571428.5714245
bot2,4.8,1,1.386e-07,2.11e-12,-1.385e-07,2.11e-12,1.386e-07,-3333333333.333968
bot2,4.9,1,1.3862e-07,-3.4500000000000004e-12,-1.3854e-07,3.4500000000000004e-12,1.3862e-07,
bot2,5.0,1,1.386e-07,5.862e-11,-1.3852e-07,5.862e-11,1.386e-07,-5000000000.00093
bot2,0.0,2,1.83e-10,-6.105e-11,-2.7795e-10,6.105e-11,1.83e-10,168311.34906595616
bot2,0.1,2,5.9432e-07,-5.36e-11,-5.9408e-07,5.36e-11,5.9432e-07,178250.41866567085
bot2,0.2,2,1.1222e-06,5.5560000000000006e-11,-1.12164e-06,5.5560000000000006e-11,1.1222e-06,202987.98311139972
bot2,0.3,2,1.5796e-06,2.400000000000001e-12,-1.577e-06,2.400000000000001e-12,1.5796e-06,233590.2826442419
bot2,0.4,2,1.9784000000000004e-06,2.0500000000000004e-12,-1.9788e-06,2.0500000000000004e-12,1.9784000000000004e-06,268744.96103198064
bot2,0.5,2,2.3238e-06,-2.7090000000000004e-11,-2.3239000000000003e-06,2.7090000000000004e-11,2.3238e-06,313479.6238244516
bot2,0.6,2,2.6164e-06,2.1990000000000003e-11,-2.6169000000000003e-06,2.1990000000000003e-11,2.6164e-06,370713.623725672
bot2,0.7,2,2.8633e-06,1.5800000000000001e-12,-2.8632000000000004e-06,1.5800000000000001e-12,2.8633e-06,443951.1653718091
bot2,0.8,2,3.0669e-06,-1.253e-11,-3.0671e-06,1.253e-11,3.0669e-06,540248.5143165851
bot2,0.9,2,3.2335000000000005e-06,5.812e-11,-3.2340000000000003e-06,5.812e-11,3.2335000000000005e-06,666666.6666666663
bot2,1.0,2,3.3669000000000003e-06,-1.55e-12,-3.3664000000000005e-06,1.55e-12,3.3669000000000003e-06,846381.718154889
bot2,1.1,2,3.4698e-06,-1.5600000000000002e-12,-3.4706000000000003e-06,1.5600000000000002e-12,3.4698e-06,1092896.174863387
bot2,1.2,2,3.5499000000000005e-06,6.038e-11,-3.5489000000000004e-06,6.038e-11,3.5499000000000005e-06,1451378.8098693737
bot2,1.3,2,3.6076e-06,-4.050000000000001e-12,-3.608400000000001e-06,4.050000000000001e-12,3.6076e-06,2016129.0322580696
bot2,1.4,2,3.6491e-06,-4.800000000000001e-13,-3.6491e-06,4.800000000000001e-13,3.6491e-06,2894356.005788716
bot2,1.5,2,3.6767e-06,5.947e-11,-3.676800000000001e-06,5.947e-11,3.6767e-06,4395604.395604412
bot2,1.6,2,3.6946e-06,-3.77e-12,-3.695700000000001e-06,3.77e-12,3.6946e-06,6734006.734006755
bot2,1.7,2,3.7064e-06,-1.8000000000000002e-12,-3.7066e-06,1.8000000000000002e-12,3.7064e-06,10582010.582010375
bot2,1.8,2,3.713500000000001e-06,2.322e-11,-3.7132e-06,2.322e-11,3.713500000000001e-06,16806722.68907528
bot2,1.9,2,3.718300000000001e-06,-5.3880000000000005e-11,-3.718300000000001e-06,5.3880000000000005e-11,3.718300000000001e-06,26315789.47368516
bot2,2.0,2,3.7211e-06,-3.6000000000000013e-13,-3.7206e-06,3.6000000000000013e-13,3.7211e-06,55555555.55555792
bot2,2.1,2,3.7219e-06,2.6e-13,-3.721800000000001e-06,2.6e-13,3.7219e-06,74074074.0740744
bot2,2.2,2,3.7238e-06,-3.996e-11,-3.7228e-06,3.996e-11,3.7238e-06,99999999.99999258
bot2,2.3000000000000003,2,3.723900000000001e-06,4.264e-11,-3.7236e-06,4.264e-11,3.723900000000001e-06,399999999.9998
bot2,2.4,2,3.724300000000001e-06,2.1500000000000003e-12,-3.7242e-06,2.1500000000000003e-12,3.724300000000001e-06,-181818181.81813288
bot2,2.5,2,3.7228e-06,-1.02e-12,-3.724300000000001e-06,1.02e-12,3.7228e-06,400000000.00013965
bot2,2.6,2,3.7248e-06,5.4720000000000006e-11,-3.724900000000001e-06,5.4720000000000006e-11,3.7248e-06,76923076.9230712
bot2,2.7,2,3.7254e-06,-2.668e-11,-3.7252e-06,2.668e-11,3.7254e-06,999999999.9999256
bot2,2.8000000000000003,2,3.725e-06,-2.5800000000000003e-12,-3.7252e-06,2.5800000000000003e-12,3.725e-06,1999999999.995612
bot2,2.9,2,3.725500000000001e-06,2.18e-12,-3.7254e-06,2.18e-12,3.725500000000001e-06,399999999.9998
bot2,3.0,2,3.725500000000001e-06,-6.047e-11,-3.7252e-06,6.047e-11,3.725500000000001e-06,666666666.6670878
bot2,3.1,2,3.7258e-06,1.045e-11,-3.7256e-06,1.045e-11,3.7258e-06,285714285.71435094
bot2,3.2,2,3.7262e-06,1.64e-12,-3.7256e-06,1.64e-12,3.7262e-06,-333333333.3333086
bot2,3.3000000000000003,2,3.7252e-06,-1.3090000000000002e-11,-3.7254e-06,1.3090000000000002e-11,3.7252e-06,2000000000.0040824
bot2,3.4,2,3.7263e-06,2.4140000000000003e-11,-3.7254e-06,2.4140000000000003e-11,3.7263e-06,333333333.33330786
bot2,3.5,2,3.7258e-06,3.02e-12,-3.725100000000001e-06,3.02e-12,3.7258e-06,-200000000.00006983
bot2,3.6,2,3.725300000000001e-06,-5.84e-12,-3.725100000000001e-06,5.84e-12,3.725300000000001e-06,-333333333.3333086
bot2,3.7,2,3.7252e-06,3.508e-11,-3.7254e-06,3.508e-11,3.7252e-06,-1999999999.9956164
bot2,3.8,2,3.7252e-06,1.4300000000000002e-12,-3.7252e-06,1.4300000000000002e-12,3.7252e-06,999999999.9999236
bot2,3.9,2,3.7254e-06,-6.6e-12,-3.7256e-06,6.6e-12,3.7254e-06,-2000000000.0040824
bot2,4.0,2,3.725100000000001e-06,3.5230000000000004e-11,-3.724900000000001e-06,3.5230000000000004e-11,3.725100000000001e-06,-999999999.9999236
bot2,4.1,2,3.7252e-06,1.0600000000000001e-12,-3.724500000000001e-06,1.0600000000000001e-12,3.7252e-06,-249999999.99998143
bot2,4.2,2,3.724300000000001e-06,-4.323e-11,-3.724500000000001e-06,4.323e-11,3.724300000000001e-06,-666666666.6670878
bot2,4.3,2,3.724900000000001e-06,4.757e-11,-3.724300000000001e-06,4.757e-11,3.724900000000001e-06,999999999.9999256
bot2,4.4,2,3.724500000000001e-06,1.4700000000000002e-12,-3.724e-06,1.4700000000000002e-12,3.724500000000001e-06,-142857142.85713226
bot2,4.5,2,3.7235e-06,-3.63e-11,-3.7228e-06,3.63e-11,3.7235e-06,-153846153.84611738
bot2,4.6000000000000005,2,3.7232e-06,8.500000000000001e-12,-3.7231e-06,8.500000000000001e-12,3.7232e-06,-285714285.7141781
bot2,4.7,2,3.7228e-06,7.100000000000001e-13,-3.7225e-06,7.100000000000001e-13,3.7228e-06,-333333333.3335424
bot2,4.8,2,3.722600000000001e-06,-6.079e-11,-3.722400000000001e-06,6.079e-11,3.722600000000001e-06,-1000000000.0020434
bot2,4.9,2,3.722600000000001e-06,7.760000000000002e-12,-3.7227e-06,7.760000000000002e-12,3.722600000000001e-06,-285714285.7141781
bot2,5.0,2,3.7219e-06,1.7600000000000002e-12,-3.721400000000001e-06,1.7600000000000002e-12,3.7219e-06,-142857142.8570884
bot2,0.0,3,5.1003e-10,3.35e-11,-4.1107e-10,3.35e-11,5.1003e-10,74146.0248273367
bot2,0.1,3,1.3492e-06,-4.1100000000000005e-11,-1.3485e-06,4.1100000000000005e-11,1.3492e-06,76581.70015103862
bot2,0.2,3,2.6121000000000004e-06,-6.71e-12,-2.6125000000000004e-06,6.71e-12,2.6121000000000004e-06,81903.43584913385
bot2,0.3,3,3.7911e-06,5.9e-11,-3.7907e-06,5.9e-11,3.7911e-06,87819.44322472996
bot2,0.4,3,4.8895e-06,-2.5500000000000002e-12,-4.890000000000001e-06,2.5500000000000002e-12,4.8895e-06,94428.70632672332
bot2,0.5,3,5.909100000000001e-06,-1.9900000000000002e-12,-5.909500000000001e-06,1.9900000000000002e-12,5.909100000000001e-06,101926.40913260622
bot2,0.6,3,6.851700000000001e-06,2.542e-11,-6.8507e-06,2.542e-11,6.851700000000001e-06,110393.55301650388
bot2,0.7,3,7.7208e-06,-5.267e-11,-7.7199e-06,5.267e-11,7.7208e-06,120156.20306398316
bot2,0.8,3,8.516200000000002e-06,-8.100000000000002e-13,-8.5158e-06,8.100000000000002e-13,8.516200000000002e-06,131156.1413863204
bot2,0.9,3,9.2457e-06,3.800000000000001e-13,-9.2445e-06,3.800000000000001e-13,9.2457e-06,143895.2442621771
bot2,1.0,3,9.9061e-06,-5.367000000000001e-11,-9.9057e-06,5.367000000000001e-11,9.9061e-06,158818.3911696975
bot2,1.1,3,1.0505e-05,-2.500000000000001e-12,-1.05039e-05,2.500000000000001e-12,1.0505e-05,176226.98035069165
bot2,1.2,3,1.1041000000000002e-05,1.85e-12,-1.10402e-05,1.85e-12,1.1041000000000002e-05,197433.36623889423
bot2,1.3,3,1.1518e-05,4.290000000000001e-12,-1.1516200000000002e-05,4.290000000000001e-12,1.1518e-05,222469.41045606264
bot2,1.4,3,1.194e-05,-1.9840000000000003e-11,-1.1936e-05,1.9840000000000003e-11,1.194e-05,252525.2525252524
bot2,1.5,3,1.231e-05,-2.06e-12,-1.2312e-05,2.06e-12,1.231e-05,284900.28490028507
bot2,1.6,3,1.2642e-05,6.8e-13,-1.2642e-05,6.8e-13,1.2642e-05,322580.6451612907
bot2,1.7,3,1.293e-05,-1.407e-11,-1.2932e-05,1.407e-11,1.293e-05,373134.3283582092
bot2,1.8,3,1.3178e-05,5.3920000000000006e-11,-1.3176e-05,5.3920000000000006e-11,1.3178e-05,434782.6086956519
bot2,1.9,3,1.339e-05,-5.743e-11,-1.3392e-05,5.743e-11,1.339e-05,512820.51282051095
bot2,2.0,3,1.3568e-05,8.500000000000001e-12,-1.357e-05,8.500000000000001e-12,1.3568e-05,609756.0975609769
bot2,2.1,3,1.3718e-05,2.75e-12,-1.372e-05,2.75e-12,1.3718e-05,729927.0072992723
bot2,2.2,3,1.3842e-05,-2.14e-12,-1.384e-05,2.14e-12,1.3842e-05,900900.9009008992
bot2,2.3000000000000003,3,1.394e-05,1.6540000000000002e-11,-1.3938e-05,1.6540000000000002e-11,1.394e-05,1149425.287356318
bot2,2.4,3,1.4016e-05,-5.520000000000001e-11,-1.4016e-05,5.520000000000001e-11,1.4016e-05,1492537.3134328255
bot2,2.5,3,1.4074e-05,2.646e-11,-1.4076e-05,2.646e-11,1.4074e-05,1923076.923076937
bot2,2.6,3,1.412e-05,-1.08e-12,-1.4122e-05,1.08e-12,1.412e-05,2439024.3902438977
bot2,2.7,3,1.4156e-05,-1.6100000000000002e-12,-1.4156e-05,1.6100000000000002e-12,1.4156e-05,3333333.3333333684
bot2,2.8000000000000003,3,1.418e-05,2.2570000000000003e-11,-1.4182e-05,2.2570000000000003e-11,1.418e-05,5000000.000000041
bot2,2.9,3,1.4196e-05,-5.93e-11,-1.4198e-05,5.93e-11,1.4196e-05,5882352.94117646
bot2,3.0,3,1.4214e-05,5.969e-11,-1.4214e-05,5.969e-11,1.4214e-05,7142857.142857477
bot2,3.1,3,1.4224e-05,-5.2750000000000005e-11,-1.4226e-05,5.2750000000000005e-11,1.4224e-05,7692307.692307372
bot2,3.2,3,1.424e-05,1.584e-11,-1.4234e-05,1.584e-11,1.424e-05,11111111.111110808
bot2,3.3000000000000003,3,1.4242e-05,2.09e-12,-1.4244e-05,2.09e-12,1.4242e-05,16666666.666667745
bot2,3.4,3,1.4252e-05,-1.27e-12,-1.425e-05,1.27e-12,1.4252e-05,14285714.285714058
bot2,3.5,3,1.4256e-05,1.5200000000000002e-12,-1.4256e-05,1.5200000000000002e-12,1.4256e-05,16666666.666665427
bot2,3.6,3,1.4264e-05,-2.1860000000000003e-11,-1.4264e-05,2.1860000000000003e-11,1.4264e-05,16666666.666665427
bot2,3.7,3,1.4268e-05,5.925e-11,-1.4268e-05,5.925e-11,1.4268e-05,16666666.666667782
bot2,3.8,3,1.4276e-05,-5.616e-11,-1.4274e-05,5.616e-11,1.4276e-05,20000000.000000164
bot2,3.9,3,1.4278e-05,2.6320000000000003e-11,-1.4278e-05,2.6320000000000003e-11,1.4278e-05,24999999.99999809
bot2,4.0,3,1.4284e-05,-1.59e-12,-1.4284e-05,1.59e-12,1.4284e-05,20000000.000000164
bot2,4.1,3,1.4288e-05,-2.72e-12,-1.4286e-05,2.72e-12,1.4288e-05,33333333.333335564
bot2,4.2,3,1.429e-05,1.5300000000000001e-12,-1.429e-05,1.5300000000000001e-12,1.429e-05,33333333.333335564
bot2,4.3,3,1.4294e-05,-2.7000000000000002e-12,-1.4294e-05,2.7000000000000002e-12,1.4294e-05,16666666.666665427
bot2,4.4,3,1.4302e-05,5.711e-11,-1.4298e-05,5.711e-11,1.4302e-05,24999999.999998145
bot2,4.5,3,1.4302e-05,-5.582000000000001e-11,-1.4304e-05,5.582000000000001e-11,1.4302e-05,50000000.00001746
bot2,4.6000000000000005,3,1.4306e-05,3.031e-11,-1.4304e-05,3.031e-11,1.4306e-05,33333333.333335564
bot2,4.7,3,1.4308e-05,-1.5700000000000002e-12,-1.4308e-05,1.5700000000000002e-12,1.4308e-05,33333333.333326004
bot2,4.8,3,1.4312e-05,-2.24e-12,-1.4314e-05,2.24e-12,1.4312e-05,33333333.333335564
bot2,4.9,3,1.4314e-05,1.2400000000000002e-12,-1.4318e-05,1.2400000000000002e-12,1.4314e-05,33333333.333335564
bot2,5.0,3,1.4318e-05,-1.3900000000000001e-12,-1.432e-05,1.3900000000000001e-12,1.4318e-05,24999999.99999804
bot2,0.0,4,1.0178e-09,3.457e-11,-7.1951e-10,3.457e-11,1.0178e-09,44512.0592516045
bot2,0.1,4,2.2476000000000003e-06,-5.4900000000000006e-11,-2.2453000000000003e-06,5.4900000000000006e-11,2.2476000000000003e-06,45544.78416349557
bot2,0.2,4,4.3923e-06,-1.706e-11,-4.392100000000001e-06,1.706e-11,4.3923e-06,47733.83612974056
bot2,0.3,4,6.437500000000001e-06,5.685e-11,-6.4362e-06,5.685e-11,6.437500000000001e-06,50061.325123276016
bot2,0.4,4,8.3874e-06,-2.500000000000001e-12,-8.3867e-06,2.500000000000001e-12,8.3874e-06,52552.74982263448
bot2,0.5,4,1.02432e-05,1.4e-13,-1.0242e-05,1.4e-13,1.02432e-05,55546.29783924898
bot2,0.6,4,1.1988e-05,-1.744e-11,-1.1976e-05,1.744e-11,1.1988e-05,58740.60150375942
bot2,0.7,4,1.3648e-05,5.883e-11,-1.3646e-05,5.883e-11,1.3648e-05,61881.18811881192
bot2,0.8,4,1.522e-05,-3.033e-11,-1.5222e-05,3.033e-11,1.522e-05,65231.57208088716
bot2,0.9,4,1.6714e-05,9.3e-13,-1.6714e-05,9.3e-13,1.6714e-05,68965.5172413793
bot2,1.0,4,1.812e-05,2.51e-12,-1.812e-05,2.51e-12,1.812e-05,73260.07326007322
bot2,1.1,4,1.9444e-05,-1.8100000000000002e-12,-1.9446e-05,1.8100000000000002e-12,1.9444e-05,77881.61993769469
bot2,1.2,4,2.0688e-05,8.400000000000002e-13,-2.068e-05,8.400000000000002e-13,2.0688e-05,83333.3333333334
bot2,1.3,4,2.1844e-05,-5.915000000000001e-11,-2.1844e-05,5.915000000000001e-11,2.1844e-05,89206.0660124888
bot2,1.4,4,2.293e-05,5.247000000000001e-11,-2.293e-05,5.247000000000001e-11,2.293e-05,95238.0952380952
bot2,1.5,4,2.3944e-05,1.6100000000000002e-12,-2.3944e-05,1.6100000000000002e-12,2.3944e-05,102354.14534288643
bot2,1.6,4,2.4884e-05,-8.7e-13,-2.4882e-05,8.7e-13,2.4884e-05,110253.58324145532
bot2,1.7,4,2.5758e-05,1.4200000000000002e-12,-2.5752e-05,1.4200000000000002e-12,2.5758e-05,119189.51132300356
bot2,1.8,4,2.6562e-05,-8.34e-12,-2.656e-05,8.34e-12,2.6562e-05,129533.67875647671
bot2,1.9,4,2.7302e-05,4.3250000000000006e-11,-2.7298e-05,4.3250000000000006e-11,2.7302e-05,141242.93785310717
bot2,2.0,4,2.7978e-05,-5.995000000000001e-11,-2.7978e-05,5.995000000000001e-11,2.7978e-05,154320.98765432107
bot2,2.1,4,2.8598e-05,4.359e-11,-2.8598e-05,4.359e-11,2.8598e-05,168918.91891891943
bot2,2.2,4,2.9162e-05,-1.168e-11,-2.9164e-05,1.168e-11,2.9162e-05,185873.6059479553
bot2,2.3000000000000003,4,2.9674e-05,-2.9400000000000004e-12,-2.9674e-05,2.9400000000000004e-12,2.9674e-05,205338.80903490708
bot2,2.4,4,3.0136e-05,1.95e-12,-3.0134e-05,1.95e-12,3.0136e-05,228310.5022831039
bot2,2.5,4,3.0550000000000004e-05,-7.600000000000002e-13,-3.0548e-05,7.600000000000002e-13,3.0550000000000004e-05,255102.0408163264
bot2,2.6,4,3.092e-05,4.8640000000000006e-11,-3.0918000000000005e-05,4.8640000000000006e-11,3.092e-05,286532.9512893989
bot2,2.7,4,3.1248e-05,-5.331e-11,-3.1248e-05,5.331e-11,3.1248e-05,324675.32467532373
bot2,2.8000000000000003,4,3.1536000000000004e-05,2.133e-11,-3.1538e-05,2.133e-11,3.1536000000000004e-05,371747.21189590986
bot2,2.9,4,3.1786000000000004e-05,2.120000000000001e-12,-3.1786000000000004e-05,2.120000000000001e-12,3.1786000000000004e-05,427350.4273504302
bot2,3.0,4,3.2004e-05,8.000000000000001e-14,-3.2006e-05,8.000000000000001e-14,3.2004e-05,490196.0784313728
bot2,3.1,4,3.2194000000000004e-05,3.602e-11,-3.2194000000000004e-05,3.602e-11,3.2194000000000004e-05,574712.6436781659
bot2,3.2,4,3.2352e-05,-6.067000000000001e-11,-3.2348e-05,6.067000000000001e-11,3.2352e-05,699300.6993007073
bot2,3.3000000000000003,4,3.248e-05,7.370000000000001e-12,-3.2484e-05,7.370000000000001e-12,3.248e-05,833333.3333333166
bot2,3.4,4,3.2592e-05,1.51e-12,-3.2594e-05,1.51e-12,3.2592e-05,990099.0099009768
bot2,3.5,4,3.2682e-05,-1.3300000000000002e-12,-3.2684e-05,1.3300000000000002e-12,3.2682e-05,1204819.2771084488
bot2,3.6,4,3.2758e-05,2.6630000000000003e-11,-3.2758e-05,2.6630000000000003e-11,3.2758e-05,1470588.2352941183
bot2,3.7,4,3.2818e-05,-5.1260000000000006e-11,-3.2822e-05,5.1260000000000006e-11,3.2818e-05,1785714.2857142612
bot2,3.8,4,3.287e-05,1.914e-11,-3.287e-05,1.914e-11,3.287e-05,2127659.574468172
bot2,3.9,4,3.2912e-05,2.18e-12,-3.2914000000000004e-05,2.18e-12,3.2912e-05,2631578.9473685133
bot2,4.0,4,3.2946e-05,-1.3300000000000002e-12,-3.2944e-05,1.3300000000000002e-12,3.2946e-05,3333333.3333331724
bot2,4.1,4,3.2972e-05,2.335e-11,-3.2972e-05,2.335e-11,3.2972e-05,3703703.7037034873
bot2,4.2,4,3.3e-05,-5.143e-11,-3.2994e-05,5.143e-11,3.3e-05,4347826.086956599
bot2,4.3,4,3.3018e-05,1.602e-11,-3.3016000000000004e-05,1.602e-11,3.3018e-05,5000000.000000052
bot2,4.4,4,3.304e-05,-6.1200000000000006e-12,-3.3038000000000005e-05,6.1200000000000006e-12,3.304e-05,5000000.000000052
bot2,4.5,4,3.3058e-05,-7.5e-13,-3.3054e-05,7.5e-13,3.3058e-05,5882352.941176473
bot2,4.6000000000000005,4,3.3074e-05,2.26e-12,-3.307e-05,2.26e-12,3.3074e-05,6666666.666667113
bot2,4.7,4,3.3088e-05,-7.200000000000003e-13,-3.3088e-05,7.200000000000003e-13,3.3088e-05,6666666.666667083
bot2,4.8,4,3.3104e-05,1.5400000000000001e-12,-3.3102e-05,1.5400000000000001e-12,3.3104e-05,5882352.941176473
bot2,4.9,4,3.3122e-05,-5.327000000000001e-11,-3.3114e-05,5.327000000000001e-11,3.3122e-05,7692307.692306871
bot2,5.0,4,3.313e-05,2.181e-11,-3.313e-05,2.181e-11,3.313e-05,12499999.999993725
bot2,0.0,5,1.201e-09,4.4300000000000005e-11,-9.6772e-10,4.4300000000000005e-11,1.201e-09,31105.17624348385
bot2,0.1,5,3.2161000000000004e-06,-5.407000000000001e-11,-3.2094e-06,5.407000000000001e-11,3.2161000000000004e-06,31695.726100748987
bot2,0.2,5,6.311200000000001e-06,-6.062e-11,-6.3100000000000006e-06,6.062e-11,6.311200000000001e-06,32906.10243669688
bot2,0.3,5,9.294e-06,1.392e-11,-9.2912e-06,1.392e-11,9.294e-06,34324.157341937265
bot2,0.4,5,1.2138e-05,-1.37e-12,-1.2124e-05,1.37e-12,1.2138e-05,35752.59206292457
bot2,0.5,5,1.4888e-05,1.3400000000000006e-12,-1.4884e-05,1.3400000000000006e-12,1.4888e-05,37037.03703703702
bot2,0.6,5,1.7538e-05,-1.052e-11,-1.7538e-05,1.052e-11,1.7538e-05,38446.75124951944
bot2,0.7,5,2.009e-05,4.961e-11,-2.0084e-05,4.961e-11,2.009e-05,40064.10256410258
bot2,0.8,5,2.253e-05,-5.940000000000001e-11,-2.2524e-05,5.940000000000001e-11,2.253e-05,41806.020066889614
bot2,0.9,5,2.4874e-05,3.812e-11,-2.4874e-05,3.812e-11,2.4874e-05,43591.97907585002
bot2,1.0,5,2.7118e-05,1.9700000000000003e-12,-2.7116000000000003e-05,1.9700000000000003e-12,2.7118e-05,45516.61356395084
bot2,1.1,5,2.9268e-05,-1.9700000000000003e-12,-2.9268e-05,1.9700000000000003e-12,2.9268e-05,47573.73929590862
bot2,1.2,5,3.1322e-05,1.21e-12,-3.1316e-05,1.21e-12,3.1322e-05,49925.11233150275
bot2,1.3,5,3.3274e-05,-4.69e-11,-3.3274e-05,4.69e-11,3.3274e-05,52328.62375719526
bot2,1.4,5,3.5144e-05,3.478e-11,-3.514e-05,3.478e-11,3.5144e-05,54854.635216675815
bot2,1.5,5,3.692e-05,-3.02e-12,-3.6918e-05,3.02e-12,3.692e-05,57670.126874279085
bot2,1.6,5,3.8612e-05,-2.9e-12,-3.8608e-05,2.9e-12,3.8612e-05,60716.45415907711
bot2,1.7,5,4.0214e-05,1.78e-12,-4.0214e-05,1.78e-12,4.0214e-05,64102.56410256415
bot2,1.8,5,4.1732e-05,-2.273e-11,-4.1728e-05,2.273e-11,4.1732e-05,67567.5675675675
bot2,1.9,5,4.3174e-05,5.863000000000001e-11,-4.3166e-05,5.863000000000001e-11,4.3174e-05,71479.62830593273
bot2,2.0,5,4.453e-05,-4.6450000000000005e-11,-4.4526e-05,4.6450000000000005e-11,4.453e-05,75987.8419452888
bot2,2.1,5,4.5806e-05,-2.28e-12,-4.58e-05,2.28e-12,4.5806e-05,80710.25020177572
bot2,2.2,5,4.7008e-05,1.7200000000000001e-12,-4.701e-05,1.7200000000000001e-12,4.7008e-05,85763.2933104633
bot2,2.3000000000000003,5,4.8138e-05,-9.5e-13,-4.8134e-05,9.5e-13,4.8138e-05,91324.200913242
bot2,2.4,5,4.9198e-05,1.5540000000000002e-11,-4.9192e-05,1.5540000000000002e-11,4.9198e-05,97751.71065493632
bot2,2.5,5,5.0184e-05,-5.54e-11,-5.0182e-05,5.54e-11,5.0184e-05,104931.79433368292
bot2,2.6,5,5.1104e-05,5.653e-11,-5.11e-05,5.653e-11,5.1104e-05,112612.6126126124
bot2,2.7,5,5.196e-05,-3.193e-11,-5.1954e-05,3.193e-11,5.196e-05,121506.68286755802
bot2,2.8000000000000003,5,5.275e-05,2.69e-12,-5.275e-05,2.69e-12,5.275e-05,131233.5958005247
bot2,2.9,5,5.3484000000000005e-05,1.9e-12,-5.3474e-05,1.9e-12,5.3484000000000005e-05,142247.51066856313
bot2,3.0,5,5.4156e-05,-1.2e-11,-5.4152e-05,1.2e-11,5.4156e-05,154798.76160990802
bot2,3.1,5,5.4776e-05,5.306e-11,-5.4774e-05,5.306e-11,5.4776e-05,168634.06408094472
bot2,3.2,5,5.5342e-05,-3.506e-11,-5.534e-05,3.506e-11,5.5342e-05,183823.5294117648
bot2,3.3000000000000003,5,5.5864e-05,5.160000000000001e-12,-5.5864e-05,5.160000000000001e-12,5.5864e-05,201207.24346076345
bot2,3.4,5,5.6336e-05,2.59e-12,-5.633e-05,2.59e-12,5.6336e-05,224215.2466367699
bot2,3.5,5,5.6756e-05,-2.5500000000000002e-12,-5.6758e-05,2.5500000000000002e-12,5.6756e-05,246913.5802469136
bot2,3.6,5,5.7146000000000005e-05,1.18e-12,-5.7142e-05,1.18e-12,5.7146000000000005e-05,273224.0437158476
bot2,3.7,5,5.7488e-05,-1.6740000000000002e-11,-5.7488e-05,1.6740000000000002e-11,5.7488e-05,307692.30769231013
bot2,3.8,5,5.7796e-05,5.935000000000001e-11,-5.779e-05,5.935000000000001e-11,5.7796e-05,350877.192982458
bot2,3.9,5,5.8058e-05,-4.4010000000000005e-11,-5.8054e-05,4.4010000000000005e-11,5.8058e-05,401606.42570280994
bot2,4.0,5,5.8294e-05,-2.780000000000001e-12,-5.8294e-05,2.780000000000001e-12,5.8294e-05,452488.6877828047
bot2,4.1,5,5.85e-05,1.4800000000000006e-12,-5.85e-05,1.4800000000000006e-12,5.85e-05,515463.9175257688
bot2,4.2,5,5.8682000000000005e-05,-2.8710000000000003e-11,-5.8682000000000005e-05,2.8710000000000003e-11,5.8682000000000005e-05,584795.3216374198
bot2,4.3,5,5.8842e-05,5.988e-11,-5.8838e-05,5.988e-11,5.8842e-05,680272.1088435516
bot2,4.4,5,5.8976e-05,-1.6960000000000002e-11,-5.8972e-05,1.6960000000000002e-11,5.8976e-05,793650.7936508042
bot2,4.5,5,5.9094e-05,-1.23e-12,-5.9088e-05,1.23e-12,5.9094e-05,943396.2264150772
bot2,4.6000000000000005,5,5.9188e-05,1.5600000000000002e-12,-5.9184e-05,1.5600000000000002e-12,5.9188e-05,1123595.505617953
bot2,4.7,5,5.9272e-05,-1.74e-12,-5.9272e-05,1.74e-12,5.9272e-05,1250000.0000000077
bot2,4.8,5,5.9348e-05,5.582000000000001e-11,-5.9342e-05,5.582000000000001e-11,5.9348e-05,1515151.515151539
bot2,4.9,5,5.9404e-05,-1.7070000000000002e-11,-5.9404e-05,1.7070000000000002e-11,5.9404e-05,1785714.2857142612
bot2,5.0,5,5.946e-05,-6.200000000000001e-13,-5.9458e-05,6.200000000000001e-13,5.946e-05,1785714.285714253
top1,0.0,-5,3.7946e-12,-4.7440000000000006e-11,4.016e-11,4.7440000000000006e-11,3.7946e-12,-15887137773.25877
top1,0.1,-5,-2.4998e-12,2.0200000000000007e-12,2.16e-12,2.0200000000000007e-12,2.4998e-12,-46403712296.983765
top1,0.2,-5,-5.154e-13,1.46e-12,2.6100000000000004e-12,1.46e-12,5.154e-13,179726815240.83395
top1,0.3,-5,-1.387e-12,6.36e-12,3.590000000000001e-12,6.36e-12,1.387e-12,-135135135135.13516
top1,0.4,-5,-1.9954e-12,1.304e-11,5.060000000000001e-12,1.304e-11,1.9954e-12,-153657037492.31714
top1,0.5,-5,-2.6886e-12,2.207e-11,6.7e-12,2.207e-11,2.6886e-12,-142755174875.08917
top1,0.6,-5,-3.3964e-12,3.601e-11,9.96e-12,3.601e-11,3.3964e-12,-180962721679.33408
top1,0.7,-5,-3.7938e-12,4.297e-11,1.301e-11,4.297e-11,3.7938e-12,-319795330988.1678
top1,0.8,-5,-4.0218e-12,4.7360000000000005e-11,1.7400000000000003e-11,4.7360000000000005e-11,4.0218e-12,-559910414333.7075
top1,0.9,-5,-4.151e-12,5.032000000000001e-11,2.404e-11,5.032000000000001e-11,4.151e-12,23045191620.76833
top1,1.0,-5,4.6568e-12,-2.475e-11,-4.1060000000000005e-11,2.475e-11,4.6568e-12,-265111346765.64163
top1,1.1,-5,-4.9054e-12,1.1500000000000001e-12,3.685e-11,1.1500000000000001e-12,4.9054e-12,-28865027133.1255
top1,1.2,-5,-2.272e-12,1.59e-12,1.9000000000000002e-13,1.59e-12,2.272e-12,52086046148.23688
top1,1.3,-5,-1.0656e-12,1e-12,-1.7100000000000002e-12,1e-12,1.0656e-12,90098207045.67989
top1,1.4,-5,-5.22e-14,-1.5000000000000004e-13,-2.11e-12,1.5000000000000004e-13,5.22e-14,99482690011.9379
top1,1.5,-5,9.448e-13,-3.97e-12,-3.66e-12,3.97e-12,9.448e-13,102176356391.13106
top1,1.6,-5,1.9052e-12,-1.126e-11,-4.92e-12,1.126e-11,1.9052e-12,112007168458.78136
top1,1.7,-5,2.7304e-12,-2.334e-11,-6.91e-12,2.334e-11,2.7304e-12,149120190873.8443
top1,1.8,-5,3.2464e-12,-3.2280000000000004e-11,-9.05e-12,3.2280000000000004e-11,3.2464e-12,234082397003.7455
top1,1.9,-5,3.5848e-12,-4.072e-11,-1.1560000000000002e-11,4.072e-11,3.5848e-12,272628135223.55515
top1,2.0,-5,3.98e-12,-4.6450000000000005e-11,-1.6760000000000002e-11,4.6450000000000005e-11,3.98e-12,360490266762.7973
top1,2.1,-5,4.1396e-12,-4.917e-11,-2.033e-11,4.917e-11,4.1396e-12,677506775067.7499
top1,2.2,-5,4.2752e-12,-4.9620000000000005e-11,-2.713e-11,4.9620000000000005e-11,4.2752e-12,-22771262666.51488
top1,2.3000000000000003,-5,-4.6434e-12,2.178e-11,4.1720000000000006e-11,2.178e-11,4.6434e-12,-23366669782.222603
top1,2.4,-5,-4.284e-12,1.3500000000000001e-12,2.0170000000000003e-11,1.3500000000000001e-12,4.284e-12,29980512666.76656
top1,2.5,-5,2.0276e-12,-1.5200000000000002e-12,-7.600000000000002e-13,1.5200000000000002e-12,2.0276e-12,37138824927.57932
top1,2.6,-5,1.1012e-12,-1.5300000000000001e-12,1.2900000000000002e-12,1.5300000000000001e-12,1.1012e-12,-111123458162.0181
top1,2.7,-5,2.278e-13,5e-14,1.7600000000000002e-12,5e-14,2.278e-13,-114298777003.08617
top1,2.8000000000000003,-5,-6.486e-13,1.96e-12,2.9400000000000004e-12,1.96e-12,6.486e-13,-108318890814.55792
top1,2.9,-5,-1.6186e-12,8.41e-12,3.65e-12,8.41e-12,1.6186e-12,-112372176649.06154
top1,3.0,-5,-2.4284e-12,1.9840000000000003e-11,6.1700000000000006e-12,1.9840000000000003e-11,2.4284e-12,-143369175627.24026
top1,3.1,-5,-3.0136e-12,3.011e-11,8.400000000000001e-12,3.011e-11,3.0136e-12,-203873598369.0114
top1,3.2,-5,-3.4094e-12,4.069e-11,1.144e-11,4.069e-11,3.4094e-12,-289184499710.81573
top1,3.3000000000000003,-5,-3.7052e-12,4.588e-11,1.5520000000000002e-11,4.588e-11,3.7052e-12,-458505272810.637
top1,3.4,-5,-3.8456e-12,4.883e-11,2.04e-11,4.883e-11,3.8456e-12,-987166831194.4708
top1,3.5,-5,-3.9078e-12,5.011e-11,2.726e-11,5.011e-11,3.9078e-12,21992522542.335625
top1,3.6,-5,5.2484e-12,-1.976e-11,-4.195e-11,1.976e-11,5.2484e-12,23124595319.58193
top1,3.7,-5,4.741e-12,-1.93e-12,-1.841e-11,1.93e-12,4.741e-12,-31494079113.12676
top1,3.8,-5,-1.102e-12,7.3e-13,-3.4e-13,7.3e-13,1.102e-12,-42331625957.752975
top1,3.9,-5,1.6399999999999998e-14,4.7e-13,-1.6800000000000001e-12,4.7e-13,1.6399999999999998e-14,83864475008.38634
top1,4.0,-5,1.2828e-12,-2.400000000000001e-12,-2.6000000000000002e-12,2.400000000000001e-12,1.2828e-12,81786210844.85144
top1,4.1,-5,2.4618e-12,-8.980000000000003e-12,-4.01e-12,8.980000000000003e-12,2.4618e-12,100240577385.7258
top1,4.2,-5,3.278e-12,-1.454e-11,-4.88e-12,1.454e-11,3.278e-12,112561909049.97755
top1,4.3,-5,4.2386e-12,-2.553e-11,-7.52e-12,2.553e-11,4.2386e-12,107898144151.9207
top1,4.4,-5,5.1316e-12,-3.9530000000000005e-11,-1.078e-11,3.9530000000000005e-11,5.1316e-12,131891321551.0421
top1,4.5,-5,5.755e-12,-4.6490000000000006e-11,-1.4650000000000002e-11,4.6490000000000006e-11,5.755e-12,176553672316.3843
top1,4.6000000000000005,-5,6.2644e-12,-5.1840000000000005e-11,-2.081e-11,5.1840000000000005e-11,6.2644e-12,216590859865.7139
top1,4.7,-5,6.6784e-12,-5.278e-11,-2.6340000000000003e-11,5.278e-11,6.6784e-12,-24501996912.748302
top1,4.8,-5,-1.8982e-12,1.939e-11,4.181e-11,1.939e-11,1.8982e-12,-25267200646.840363
top1,4.9,-5,-1.237e-12,-1.8400000000000002e-12,1.94e-11,1.8400000000000002e-12,1.237e-12,28167427187.200745
top1,5.0,-5,5.2022e-12,-4.68e-12,1.3e-13,4.68e-12,5.2022e-12,15529879488.13512
top1,0.0,-4,-3.8612e-12,4.8460000000000006e-11,1.998e-11,4.8460000000000006e-11,3.8612e-12,-215703192407.2473
top1,0.1,-4,-4.3248e-12,4.9080000000000007e-11,2.883e-11,4.9080000000000007e-11,4.3248e-12,23371584827.167133
top1,0.2,-4,4.6962e-12,-1.497e-11,-4.265e-11,1.497e-11,4.6962e-12,24163928088.150005
top1,0.3,-4,3.952e-12,-1.6300000000000001e-12,-1.684e-11,1.6300000000000001e-12,3.952e-12,-32180209171.35961
top1,0.4,-4,-1.5188e-12,2.120000000000001e-12,-1.3300000000000002e-12,2.120000000000001e-12,1.5188e-12,-47680350927.38283
top1,0.5,-4,-2.426e-13,7e-13,-1.85e-12,7e-13,2.426e-13,90900827197.52748
top1,0.6,-4,6.814e-13,-2.1700000000000002e-12,-3.010000000000001e-12,2.1700000000000002e-12,6.814e-13,109890109890.10992
top1,0.7,-4,1.5774e-12,-7.21e-12,-4.200000000000001e-12,7.21e-12,1.5774e-12,119175306876.41524
top1,0.8,-4,2.3596e-12,-1.748e-11,-5.54e-12,1.748e-11,2.3596e-12,146649068778.4132
top1,0.9,-4,2.9412e-12,-2.814e-11,-7.85e-12,2.814e-11,2.9412e-12,184911242603.55023
top1,1.0,-4,3.4412e-12,-3.821e-11,-1.159e-11,3.821e-11,3.4412e-12,230043708304.578
top1,1.1,-4,3.8106e-12,-4.3870000000000006e-11,-1.488e-11,4.3870000000000006e-11,3.8106e-12,317561130517.6246
top1,1.2,-4,4.071e-12,-4.863e-11,-2.005e-11,4.863e-11,4.071e-12,426803243704.65216
top1,1.3,-4,4.2792e-12,-4.949e-11,-2.5230000000000003e-11,4.949e-11,4.2792e-12,-22921059869.8084
top1,1.4,-4,-4.6546e-12,2.5160000000000003e-11,4.082e-11,2.5160000000000003e-11,4.6546e-12,-23156188491.37432
top1,1.5,-4,-4.3578e-12,7.700000000000002e-13,2.2480000000000003e-11,7.700000000000002e-13,4.3578e-12,29251740478.558468
top1,1.6,-4,2.1826e-12,-2.2500000000000003e-12,-9.200000000000001e-13,2.2500000000000003e-12,2.1826e-12,36135000361.35
top1,1.7,-4,1.177e-12,-2.42e-12,1.6100000000000002e-12,2.42e-12,1.177e-12,-96581031485.41624
top1,1.8,-4,1.118e-13,1.5000000000000004e-13,2.28e-12,1.5000000000000004e-13,1.118e-13,-91617040769.58322
top1,1.9,-4,-1.006e-12,3.9900000000000006e-12,3.590000000000001e-12,3.9900000000000006e-12,1.006e-12,-99960015993.60252
top1,2.0,-4,-1.889e-12,1.062e-11,4.84e-12,1.062e-11,1.889e-12,-122189638318.67056
top1,2.1,-4,-2.6428e-12,2.0680000000000003e-11,6.230000000000001e-12,2.0680000000000003e-11,2.6428e-12,-152718387293.83032
top1,2.2,-4,-3.1986e-12,3.237e-11,8.61e-12,3.237e-11,3.1986e-12,-198019801980.1982
top1,2.3000000000000003,-4,-3.6528e-12,4.072e-11,1.215e-11,4.072e-11,3.6528e-12,-263713080168.776
top1,2.4,-4,-3.957e-12,4.5360000000000005e-11,1.5980000000000003e-11,4.5360000000000005e-11,3.957e-12,-506072874493.9268
top1,2.5,-4,-4.048e-12,4.941000000000001e-11,2.02e-11,4.941000000000001e-11,4.048e-12,-1326259946949.6057
top1,2.6,-4,-4.1078e-12,4.9440000000000006e-11,2.524e-11,4.9440000000000006e-11,4.1078e-12,22827923115.55497
top1,2.7,-4,4.7132e-12,-2.2920000000000003e-11,-4.175e-11,2.2920000000000003e-11,4.7132e-12,23961852730.453136
top1,2.8000000000000003,-4,4.2388e-12,-1.18e-12,-1.888e-11,1.18e-12,4.2388e-12,-30076092514.060528
top1,2.9,-4,-1.9366e-12,1.7700000000000001e-12,1.6000000000000005e-13,1.7700000000000001e-12,1.9366e-12,-38616002471.4241
top1,3.0,-4,-9.404e-13,3.6000000000000013e-13,-1.6100000000000002e-12,3.6000000000000013e-13,9.404e-13,104144969797.95885
top1,3.1,-4,-1.62e-14,1e-13,-1.91e-12,1e-13,1.62e-14,111061750333.18536
top1,3.2,-4,8.603999999999999e-13,-3.0900000000000004e-12,-3.13e-12,3.0900000000000004e-12,8.603999999999999e-13,110204981265.15327
top1,3.3000000000000003,-4,1.7986e-12,-1.124e-11,-4.6500000000000006e-12,1.124e-11,1.7986e-12,127877237851.66222
top1,3.4,-4,2.4244e-12,-2.009e-11,-6.2200000000000006e-12,2.009e-11,2.4244e-12,165453342157.51138
top1,3.5,-4,3.0074e-12,-2.9230000000000005e-11,-8.590000000000001e-12,2.9230000000000005e-11,3.0074e-12,170415814587.5939
top1,3.6,-4,3.598e-12,-4.0950000000000005e-11,-1.168e-11,4.0950000000000005e-11,3.598e-12,224064530584.80865
top1,3.7,-4,3.9e-12,-4.5430000000000005e-11,-1.56e-11,4.5430000000000005e-11,3.9e-12,384319754035.35767
top1,3.8,-4,4.1184e-12,-4.956e-11,-2.123e-11,4.956e-11,4.1184e-12,685871056241.4257
top1,3.9,-4,4.1916e-12,-5.0820000000000005e-11,-2.673e-11,5.0820000000000005e-11,4.1916e-12,-22719011268.62956
top1,4.0,-4,-4.6848e-12,1.88e-11,4.2300000000000005e-11,1.88e-11,4.6848e-12,-24158090544.523327
top1,4.1,-4,-4.0872e-12,8.7e-13,1.6760000000000002e-11,8.7e-13,4.0872e-12,31307723615.41595
top1,4.2,-4,1.7034e-12,-1.73e-12,6.400000000000001e-13,1.73e-12,1.7034e-12,41900611748.931564
top1,4.3,-4,6.86e-13,-2.67e-12,1.26e-12,2.67e-12,6.86e-13,-91717875813.99625
top1,4.4,-4,-4.772e-13,1.08e-12,2.500000000000001e-12,1.08e-12,4.772e-13,-95730423128.4703
top1,4.5,-4,-1.4032e-12,5.23e-12,3.5000000000000004e-12,5.23e-12,1.4032e-12,-124054087582.18594
top1,4.6000000000000005,-4,-2.0894e-12,1.464e-11,5.19e-12,1.464e-11,2.0894e-12,-147623265426.63138
top1,4.7,-4,-2.758e-12,2.568e-11,6.8700000000000004e-12,2.568e-11,2.758e-12,-173190162798.75244
top1,4.8,-4,-3.2442e-12,3.303e-11,9.74e-12,3.303e-11,3.2442e-12,-236406619385.34293
top1,4.9,-4,-3.604e-12,4.254e-11,1.306e-11,4.254e-11,3.604e-12,-324464633354.96454
top1,5.0,-4,-3.8606e-12,4.633e-11,1.666e-11,4.633e-11,3.8606e-12,-389711613406.0782
top1,0.0,-3,-4.8566e-12,1.3400000000000006e-12,3.1960000000000005e-11,1.3400000000000006e-12,4.8566e-12,12886265817.891293
top1,0.1,-3,2.9036e-12,-1.6800000000000001e-12,-3.9300000000000004e-12,1.6800000000000001e-12,2.9036e-12,39171138705.00215
top1,0.2,-3,2.492e-13,-5.800000000000003e-13,-2.7100000000000004e-12,5.800000000000003e-13,2.492e-13,-117564072419.4686
top1,0.3,-3,1.2024e-12,-4.93e-12,-3.63e-12,4.93e-12,1.2024e-12,117605550982.00636
top1,0.4,-3,1.9498e-12,-1.209e-11,-4.78e-12,1.209e-11,1.9498e-12,145454545454.54547
top1,0.5,-3,2.5774e-12,-2.058e-11,-6.61e-12,2.058e-11,2.5774e-12,158052789631.737
top1,0.6,-3,3.2152e-12,-3.2720000000000004e-11,-8.97e-12,3.2720000000000004e-11,3.2152e-12,178890876565.29526
top1,0.7,-3,3.6954e-12,-4.171e-11,-1.307e-11,4.171e-11,3.6954e-12,246366100024.63675
top1,0.8,-3,4.027e-12,-4.783e-11,-1.835e-11,4.783e-11,4.027e-12,473260766682.44165
top1,0.9,-3,4.118e-12,-5.012e-11,-2.256e-11,5.012e-11,4.118e-12,946969696969.6945
top1,1.0,-3,4.2382e-12,-4.9880000000000006e-11,-2.864e-11,4.9880000000000006e-11,4.2382e-12,-22574892204.88973
top1,1.1,-3,-4.7414e-12,1.646e-11,4.2160000000000006e-11,1.646e-11,4.7414e-12,-24023446884.158928
top1,1.2,-3,-4.087e-12,1.4800000000000006e-12,1.5470000000000003e-11,1.4800000000000006e-12,4.087e-12,33127940104.684284
top1,1.3,-3,1.2958e-12,-1.17e-12,1.07e-12,1.17e-12,1.2958e-12,46208585555.1962
top1,1.4,-3,2.412e-13,-4.9e-13,1.88e-12,4.9e-13,2.412e-13,-87466106883.5826
top1,1.5,-3,-9.908e-13,4.33e-12,3e-12,4.33e-12,9.908e-13,-82932492950.73808
top1,1.6,-3,-2.1704e-12,1.343e-11,4.7500000000000006e-12,1.343e-11,2.1704e-12,-107020547945.20544
top1,1.7,-3,-2.8596e-12,2.491e-11,6.8800000000000006e-12,2.491e-11,2.8596e-12,-167280026764.80426
top1,1.8,-3,-3.366e-12,3.671e-11,1.023e-11,3.671e-11,3.366e-12,-215842866393.26587
top1,1.9,-3,-3.7862e-12,4.443e-11,1.515e-11,4.443e-11,3.7862e-12,-303214069132.8076
top1,2.0,-3,-4.0256e-12,4.8020000000000006e-11,1.921e-11,4.8020000000000006e-11,4.0256e-12,-461893764434.1806
top1,2.1,-3,-4.2192e-12,4.914e-11,2.404e-11,4.914e-11,4.2192e-12,22793061791.99054
top1,2.2,-3,4.749e-12,-2.211e-11,-4.1280000000000005e-11,2.211e-11,4.749e-12,23757483607.33633
top1,2.3000000000000003,-3,4.1992e-12,-1.2400000000000002e-12,-1.9220000000000003e-11,1.2400000000000002e-12,4.1992e-12,-30259932822.949093
top1,2.4,-3,-1.8604e-12,2.11e-12,-4.1e-13,2.11e-12,1.8604e-12,-40891433244.735176
top1,2.5,-3,-6.918e-13,1.0600000000000001e-12,-1.5800000000000001e-12,1.0600000000000001e-12,6.918e-13,94029149036.2013
top1,2.6,-3,2.666e-13,-8e-13,-2.4300000000000003e-12,8e-13,2.666e-13,98357430903.90488
top1,2.7,-3,1.3416e-12,-6.080000000000001e-12,-3.9900000000000006e-12,6.080000000000001e-12,1.3416e-12,106621174965.34822
top1,2.8000000000000003,-3,2.1424e-12,-1.504e-11,-5.44e-12,1.504e-11,2.1424e-12,136184120931.49922
top1,2.9,-3,2.8102e-12,-2.544e-11,-7.71e-12,2.544e-11,2.8102e-12,154870682979.71173
top1,3.0,-3,3.4338e-12,-3.719e-11,-1.031e-11,3.719e-11,3.4338e-12,190985485103.1323
top1,3.1,-3,3.8574e-12,-4.494e-11,-1.48e-11,4.494e-11,3.8574e-12,298062593144.5605
top1,3.2,-3,4.1048e-12,-4.921e-11,-2.059e-11,4.921e-11,4.1048e-12,598802395209.5814
top1,3.3000000000000003,-3,4.1914e-12,-5.0020000000000005e-11,-2.717e-11,5.0020000000000005e-11,4.1914e-12,-22727272727.272697
top1,3.4,-3,-4.6952e-12,1.876e-11,4.185e-11,1.876e-11,4.6952e-12,-24185551551.503098
top1,3.5,-3,-4.078e-12,1.3300000000000002e-12,1.524e-11,1.3300000000000002e-12,4.078e-12,33559299281.831028
top1,3.6,-3,1.2644e-12,-1.74e-12,1.4400000000000001e-12,1.74e-12,1.2644e-12,49677098857.426765
top1,3.7,-3,-5.2e-14,1.1000000000000001e-13,2.070000000000001e-12,1.1000000000000001e-13,5.2e-14,-88370448921.8806
top1,3.8,-3,-9.988e-13,3.5200000000000003e-12,2.82e-12,3.5200000000000003e-12,9.988e-13,-105329681904.3605
top1,3.9,-3,-1.9508e-12,1.16e-11,5.02e-12,1.16e-11,1.9508e-12,-110217127741.65088
top1,4.0,-3,-2.8134e-12,2.471e-11,6.86e-12,2.471e-11,2.8134e-12,-133404482390.60815
top1,4.1,-3,-3.45e-12,3.723e-11,1.038e-11,3.723e-11,3.45e-12,-203293352307.37976
top1,4.2,-3,-3.7972e-12,4.305e-11,1.4630000000000002e-11,4.305e-11,3.7972e-12,-357909806728.70496
top1,4.3,-3,-4.0088e-12,4.7910000000000006e-11,1.937e-11,4.7910000000000006e-11,4.0088e-12,-460193281178.09546
top1,4.4,-3,-4.2318e-12,4.923e-11,2.757e-11,4.923e-11,4.2318e-12,22664430442.862995
top1,4.5,-3,4.8156e-12,-1.5320000000000002e-11,-4.247e-11,1.5320000000000002e-11,4.8156e-12,24484599187.11133
top1,4.6000000000000005,-3,3.9366e-12,-1.5300000000000001e-12,-1.6070000000000002e-11,1.5300000000000001e-12,3.9366e-12,-33238050920.69404
top1,4.7,-3,-1.2016e-12,2.1000000000000003e-12,-1.4300000000000002e-12,2.1000000000000003e-12,1.2016e-12,-49103854652.59005
top1,4.8,-3,-1.364e-13,3.6000000000000013e-13,-2.3300000000000004e-12,3.6000000000000013e-13,1.364e-13,89903802930.86406
top1,4.9,-3,1.023e-12,-4.350000000000001e-12,-3.290000000000001e-12,4.350000000000001e-12,1.023e-12,91466203237.90369
top1,5.0,-3,2.0502e-12,-1.353e-11,-5.4100000000000006e-12,1.353e-11,2.0502e-12,97352024922.11804
top1,0.0,-2,-4.8438e-12,1.32e-12,3.991e-11,1.32e-12,4.8438e-12,40773057163.82615
top1,0.1,-2,-2.3912e-12,2.2200000000000002e-12,2.13e-12,2.2200000000000002e-12,2.3912e-12,58851224105.4614
top1,0.2,-2,-1.4454e-12,9.8e-13,-1.17e-12,9.8e-13,1.4454e-12,101071356377.6026
top1,0.3,-2,-4.124e-13,4.9e-13,-1.5800000000000001e-12,4.9e-13,4.124e-13,105552037154.31708
top1,0.4,-2,4.494e-13,-2e-12,-3.060000000000001e-12,2e-12,4.494e-13,107365256602.96329
top1,0.5,-2,1.4504e-12,-7.100000000000001e-12,-4.02e-12,7.100000000000001e-12,1.4504e-12,98222178567.92062
top1,0.6,-2,2.4856e-12,-1.898e-11,-6.470000000000001e-12,1.898e-11,2.4856e-12,113791533909.87714
top1,0.7,-2,3.208e-12,-3.154e-11,-9.06e-12,3.154e-11,3.208e-12,165590329524.75583
top1,0.8,-2,3.6934e-12,-4.109e-11,-1.221e-11,4.109e-11,3.6934e-12,287026406429.3914
top1,0.9,-2,3.9048e-12,-4.657e-11,-1.6960000000000002e-11,4.657e-11,3.9048e-12,506329113924.0497
top1,1.0,-2,4.0884e-12,-4.989e-11,-2.264e-11,4.989e-11,4.0884e-12,505561172901.92175
top1,1.1,-2,4.3004e-12,-4.839000000000001e-11,-3.049e-11,4.839000000000001e-11,4.3004e-12,-22605511223.63632
top1,1.2,-2,-4.759e-12,1.164e-11,4.232e-11,1.164e-11,4.759e-12,-24928331048.23632
top1,1.3,-2,-3.7226e-12,1.32e-12,1.121e-11,1.32e-12,3.7226e-12,37411148522.25968
top1,1.4,-2,5.87e-13,-3.0000000000000014e-13,1.64e-12,3.0000000000000014e-13,5.87e-13,67581266472.93368
top1,1.5,-2,-7.632e-13,3.53e-12,3.0400000000000004e-12,3.53e-12,7.632e-13,-85426277122.84297
top1,1.6,-2,-1.7542e-12,9.4e-12,4.500000000000001e-12,9.4e-12,1.7542e-12,-112511251125.1125
top1,1.7,-2,-2.5408e-12,1.9440000000000003e-11,5.960000000000001e-12,1.9440000000000003e-11,2.5408e-12,-145730107840.27975
top1,1.8,-2,-3.1266e-12,3.135e-11,9.09e-12,3.135e-11,3.1266e-12,-191644308164.04767
top1,1.9,-2,-3.5844e-12,4.1790000000000005e-11,1.252e-11,4.1790000000000005e-11,3.5844e-12,-270562770562.7705
top1,2.0,-2,-3.8658e-12,4.677e-11,1.7000000000000003e-11,4.677e-11,3.8658e-12,-376647834274.9528
top1,2.1,-2,-4.1154e-12,4.923e-11,2.2410000000000003e-11,4.923e-11,4.1154e-12,-523012552301.25616
top1,2.2,-2,-4.2482e-12,4.8960000000000005e-11,2.9620000000000003e-11,4.8960000000000005e-11,4.2482e-12,22459292532.285248
top1,2.3000000000000003,-2,4.7896e-12,-1.333e-11,-4.244e-11,1.333e-11,4.7896e-12,24554338751.657383
top1,2.4,-2,3.897e-12,-1.08e-12,-1.436e-11,1.08e-12,3.897e-12,-32654127481.71365
top1,2.5,-2,-1.3352e-12,2.37e-12,-1.17e-12,2.37e-12,1.3352e-12,-48381634331.607765
top1,2.6,-2,-2.368e-13,2.9000000000000013e-13,-2.37e-12,2.9000000000000013e-13,2.368e-13,85258760337.62477
top1,2.7,-2,1.0106e-12,-4.46e-12,-3.75e-12,4.46e-12,1.0106e-12,90473174703.70049
top1,2.8000000000000003,-2,1.9738e-12,-1.224e-11,-5.000000000000001e-12,1.224e-11,1.9738e-12,120554550934.29762
top1,2.9,-2,2.6696e-12,-2.396e-11,-7.470000000000003e-12,2.396e-11,2.6696e-12,155836060464.39127
top1,3.0,-2,3.2572e-12,-3.324e-11,-9.2e-12,3.324e-11,3.2572e-12,201857085183.6901
top1,3.1,-2,3.6604e-12,-4.151e-11,-1.2270000000000002e-11,4.151e-11,3.6604e-12,282805429864.2538
top1,3.2,-2,3.9644e-12,-4.666e-11,-1.7270000000000002e-11,4.666e-11,3.9644e-12,415110004151.1006
top1,3.3000000000000003,-2,4.1422e-12,-4.964e-11,-2.36e-11,4.964e-11,4.1422e-12,673854447439.3519
top1,3.4,-2,4.2612e-12,-4.865e-11,-2.969e-11,4.865e-11,4.2612e-12,-22604489251.565327
top1,3.5,-2,-4.7056e-12,1.24e-11,4.2160000000000006e-11,1.24e-11,4.7056e-12,-24919013207.077023
top1,3.6,-2,-3.7648e-12,1.8900000000000002e-12,1.3180000000000002e-11,1.8900000000000002e-12,3.7648e-12,35582123541.132965
top1,3.7,-2,9.152e-13,-1.69e-12,1.1600000000000001e-12,1.69e-12,9.152e-13,57110222729.86869
top1,3.8,-2,-2.628e-13,-2.3000000000000013e-13,2.16e-12,2.3000000000000013e-13,2.628e-13,-94304036212.74976
top1,3.9,-2,-1.2056e-12,4.950000000000001e-12,3e-12,4.950000000000001e-12,1.2056e-12,-107365256602.96312
top1,4.0,-2,-2.1256e-12,1.452e-11,4.8000000000000005e-12,1.452e-11,2.1256e-12,-119360229171.63986
top1,4.1,-2,-2.8812e-12,2.744e-11,7.74e-12,2.744e-11,2.8812e-12,-145053669857.84756
top1,4.2,-2,-3.5044e-12,4.051e-11,1.122e-11,4.051e-11,3.5044e-12,-203998368013.0561
top1,4.3,-2,-3.8616e-12,4.53e-11,1.602e-11,4.53e-11,3.8616e-12,-343524562006.18365
top1,4.4,-2,-4.0866e-12,4.874e-11,2.158e-11,4.874e-11,4.0866e-12,-538213132400.43024
top1,4.5,-2,-4.2332e-12,4.912e-11,2.813e-11,4.912e-11,4.2332e-12,22584069197.588043
top1,4.6000000000000005,-2,4.7692e-12,-1.868e-11,-4.2120000000000006e-11,1.868e-11,4.7692e-12,24116143346.35607
top1,4.7,-2,4.06e-12,-1.4200000000000002e-12,-1.735e-11,1.4200000000000002e-12,4.06e-12,-31454453950.67931
top1,4.8,-2,-1.5892e-12,2.1000000000000003e-12,-9.200000000000001e-13,2.1000000000000003e-12,1.5892e-12,-42970092815.40052
top1,4.9,-2,-5.944e-13,8.2e-13,-1.8000000000000002e-12,8.2e-13,5.944e-13,93703148425.7872
top1,5.0,-2,5.452e-13,-7.5e-13,-2.8400000000000004e-12,7.5e-13,5.452e-13,87750087750.08746
top1,0.0,-1,-4.5138e-12,2.6030000000000003e-11,4.0550000000000005e-11,2.6030000000000003e-11,4.5138e-12,234852043212.776
top1,0.1,-1,-4.088e-12,1.7700000000000001e-12,1.8440000000000003e-11,1.7700000000000001e-12,4.088e-12,31805604147.450783
top1,0.2,-1,1.7744e-12,-1.1500000000000001e-12,-2.5e-13,1.1500000000000001e-12,1.7744e-12,41449059106.35829
top1,0.3,-1,7.372e-13,-8.400000000000002e-13,1.2800000000000002e-12,8.400000000000002e-13,7.372e-13,-97866510080.25056
top1,0.4,-1,-2.692e-13,3.5e-13,2.03e-12,3.5e-13,2.692e-13,-99423344601.3124
top1,0.5,-1,-1.2744e-12,6.730000000000002e-12,3.4200000000000004e-12,6.730000000000002e-12,1.2744e-12,-106157112526.53925
top1,0.6,-1,-2.1532e-12,1.533e-11,5.53e-12,1.533e-11,2.1532e-12,-128122998078.15508
top1,0.7,-1,-2.8354e-12,2.63e-11,7.29e-12,2.63e-11,2.8354e-12,-157828282828.28293
top1,0.8,-1,-3.4204e-12,3.5750000000000006e-11,9.61e-12,3.5750000000000006e-11,3.4204e-12,-204290091930.54132
top1,0.9,-1,-3.8144e-12,4.29e-11,1.316e-11,4.29e-11,3.8144e-12,-342817963661.296
top1,1.0,-1,-4.0038e-12,4.702e-11,1.8130000000000003e-11,4.702e-11,4.0038e-12,-677966101694.914
top1,1.1,-1,-4.1094e-12,4.873e-11,2.293e-11,4.873e-11,4.1094e-12,-817661488143.9083
top1,1.2,-1,-4.2484e-12,4.7800000000000006e-11,3.045e-11,4.7800000000000006e-11,4.2484e-12,22588150256.3755
top1,1.3,-1,4.7448e-12,-1.1050000000000002e-11,-4.254e-11,1.1050000000000002e-11,4.7448e-12,24735331948.15477
top1,1.4,-1,3.8372e-12,-2.01e-12,-1.1860000000000002e-11,2.01e-12,3.8372e-12,-35018910211.514206
top1,1.5,-1,-9.664e-13,1.59e-12,-1.6e-12,1.59e-12,9.664e-13,-55639014076.67056
top1,1.6,-1,2.426e-13,-5.500000000000001e-13,-2.57e-12,5.500000000000001e-13,2.426e-13,91709464416.7278
top1,1.7,-1,1.2144e-12,-4.84e-12,-3.23e-12,4.84e-12,1.2144e-12,99453008453.50568
top1,1.8,-1,2.2536e-12,-1.613e-11,-5.59e-12,1.613e-11,2.2536e-12,118722545411.37372
top1,1.9,-1,2.899e-12,-2.8510000000000004e-11,-7.93e-12,2.8510000000000004e-11,2.899e-12,166333998669.328
top1,2.0,-1,3.456e-12,-3.763e-11,-1.151e-11,3.763e-11,3.456e-12,217202432667.246
top1,2.1,-1,3.8198e-12,-4.5580000000000006e-11,-1.5140000000000002e-11,4.5580000000000006e-11,3.8198e-12,339789330615.01886
top1,2.2,-1,4.0446e-12,-4.9220000000000006e-11,-2.052e-11,4.9220000000000006e-11,4.0446e-12,464037122969.8378
top1,2.3000000000000003,-1,4.2508e-12,-4.9770000000000006e-11,-2.69e-11,4.9770000000000006e-11,4.2508e-12,-22766078542.970943
top1,2.4,-1,-4.7404e-12,1.7820000000000003e-11,4.166e-11,1.7820000000000003e-11,4.7404e-12,-24191402375.595684
top1,2.5,-1,-4.0166e-12,1.7700000000000001e-12,1.5760000000000002e-11,1.7700000000000001e-12,4.0166e-12,31965221838.639587
top1,2.6,-1,1.5164e-12,-1.73e-12,6.400000000000001e-13,1.73e-12,1.5164e-12,45867351619.11755
top1,2.7,-1,3.438e-13,-3.4e-13,1.59e-12,3.4e-13,3.438e-13,-87496718873.04234
top1,2.8000000000000003,-1,-7.694e-13,2.34e-12,2.9900000000000004e-12,2.34e-12,7.694e-13,-96366965404.2593
top1,2.9,-1,-1.7316e-12,1.005e-11,4.01e-12,1.005e-11,1.7316e-12,-108459869848.15604
top1,3.0,-1,-2.6134e-12,2.1660000000000003e-11,6.41e-12,2.1660000000000003e-11,2.6134e-12,-127681307456.58849
top1,3.1,-1,-3.298e-12,3.486e-11,9.65e-12,3.486e-11,3.298e-12,-165152766308.83582
top1,3.2,-1,-3.8244e-12,4.362e-11,1.4090000000000002e-11,4.362e-11,3.8244e-12,-252716704574.17252
top1,3.3000000000000003,-1,-4.0894e-12,4.912e-11,2.012e-11,4.912e-11,4.0894e-12,-514668039114.77
top1,3.4,-1,-4.213e-12,4.9730000000000006e-11,2.6870000000000003e-11,4.9730000000000006e-11,4.213e-12,22704052673.40217
top1,3.5,-1,4.7196e-12,-1.795e-11,-4.242e-11,1.795e-11,4.7196e-12,23881167311.4582
top1,3.6,-1,4.1618e-12,-1.93e-12,-1.775e-11,1.93e-12,4.1618e-12,-31146826138.416523
top1,3.7,-1,-1.7016e-12,3.010000000000001e-12,-7.5e-13,3.010000000000001e-12,1.7016e-12,-42453831458.28915
top1,3.8,-1,-5.492e-13,7.3e-13,-1.4700000000000002e-12,7.3e-13,5.492e-13,86214328821.45001
top1,3.9,-1,6.182e-13,-3.1400000000000004e-12,-2.8900000000000004e-12,3.1400000000000004e-12,6.182e-13,83633018315.63089
top1,4.0,-1,1.8422e-12,-1.147e-11,-4.51e-12,1.147e-11,1.8422e-12,86994345367.55098
top1,4.1,-1,2.9172e-12,-2.812e-11,-8.14e-12,2.812e-11,2.9172e-12,115553501271.08862
top1,4.2,-1,3.573e-12,-4.116e-11,-1.236e-11,4.116e-11,3.573e-12,190114068441.06488
top1,4.3,-1,3.9692e-12,-4.8680000000000007e-11,-1.938e-11,4.8680000000000007e-11,3.9692e-12,303766707168.89453
top1,4.4,-1,4.2314e-12,-5.041e-11,-2.653e-11,5.041e-11,4.2314e-12,-22801377203.18309
top1,4.5,-1,-4.8022e-12,1.5430000000000002e-11,4.2850000000000006e-11,1.5430000000000002e-11,4.8022e-12,-25324790437.35916
top1,4.6000000000000005,-1,-3.666e-12,1.4300000000000002e-12,1.101e-11,1.4300000000000002e-12,3.666e-12,38151920949.21983
top1,4.7,-1,4.4e-13,-1.0100000000000001e-12,1.5400000000000001e-12,1.0100000000000001e-12,4.4e-13,68488459694.54122
top1,4.8,-1,-7.458e-13,1.8200000000000003e-12,2.3800000000000004e-12,1.8200000000000003e-12,7.458e-13,-92404361485.8622
top1,4.9,-1,-1.7244e-12,8.980000000000003e-12,4.26e-12,8.980000000000003e-12,1.7244e-12,-111894371713.10294
top1,5.0,-1,-2.5332e-12,2.096e-11,6.890000000000001e-12,2.096e-11,2.5332e-12,-123639960435.21228
top1,0.0,0,8.7914e-12,4.5220000000000006e-11,9.71e-12,4.5220000000000006e-11,8.7914e-12,4173029.040618204
top1,0.1,0,2.39722e-08,-1.1100000000000001e-12,-2.38972e-08,1.1100000000000001e-12,2.39722e-08,6853443.8929074565
top1,0.2,0,2.91912e-08,1.21e-12,-2.9205e-08,1.21e-12,2.91912e-08,31326357.997619204
top1,0.3,0,3.03566e-08,2.120000000000001e-12,-3.03696e-08,2.120000000000001e-12,3.03566e-08,105019953.79122052
top1,0.4,0,3.1095599999999994e-08,1.88e-12,-3.1084e-08,1.88e-12,3.1095599999999994e-08,153633430.63450572
top1,0.5,0,3.16584e-08,1.45e-12,-3.16458e-08,1.45e-12,3.16584e-08,192641109.6127907
top1,0.6,0,3.21338e-08,1.5300000000000001e-12,-3.21518e-08,1.5300000000000001e-12,3.21338e-08,205888408.48260292
top1,0.7,0,3.26298e-08,3.2400000000000007e-12,-3.26086e-08,3.2400000000000007e-12,3.26298e-08,220701831.8252044
top1,0.8,0,3.304e-08,1.861e-11,-3.30258e-08,1.861e-11,3.304e-08,260010400.41601792
top1,0.9,0,3.3398999999999994e-08,3.204e-11,-3.34174e-08,3.204e-11,3.3398999999999994e-08,269106566.20021534
top1,1.0,0,3.37832e-08,4.4490000000000006e-11,-3.377e-08,4.4490000000000006e-11,3.37832e-08,284252416.1455364
top1,1.1,0,3.41026e-08,4.761e-11,-3.4116e-08,4.761e-11,3.41026e-08,308166409.8613244
top1,1.2,0,3.44322e-08,2.9730000000000004e-11,-3.44398e-08,2.9730000000000004e-11,3.44322e-08,313676286.0727726
top1,1.3,0,3.47402e-08,1.6940000000000002e-11,-3.4772599999999995e-08,1.6940000000000002e-11,3.47402e-08,323729362.25315577
top1,1.4,0,3.505e-08,9.02e-12,-3.5054199999999995e-08,9.02e-12,3.505e-08,333667000.3336673
top1,1.5,0,3.53396e-08,-1.45e-12,-3.53882e-08,1.45e-12,3.53396e-08,349772647.7789461
top1,1.6,0,3.5621799999999995e-08,-1.7200000000000001e-12,-3.56446e-08,1.7200000000000001e-12,3.5621799999999995e-08,368731563.42182815
top1,1.7,0,3.5882e-08,-1.9e-12,-3.5877e-08,1.9e-12,3.5882e-08,391696043.86995536
top1,1.8,0,3.61324e-08,-1.2000000000000001e-12,-3.61134e-08,1.2000000000000001e-12,3.61324e-08,433839479.3926252
top1,1.9,0,3.6343e-08,-9.5e-13,-3.63724e-08,9.5e-13,3.6343e-08,467726847.5210471
top1,2.0,0,3.656e-08,-8.400000000000002e-13,-3.65544e-08,8.400000000000002e-13,3.656e-08,439174352.21782887
top1,2.1,0,3.67984e-08,-7.900000000000002e-13,-3.68132e-08,7.900000000000002e-13,3.67984e-08,416666666.6666656
top1,2.2,0,3.704e-08,-3.7e-12,-3.7031e-08,3.7e-12,3.704e-08,460193281.1781004
top1,2.3000000000000003,0,3.7232999999999993e-08,-4.946e-11,-3.72218e-08,4.946e-11,3.7232999999999993e-08,525486074.61902165
top1,2.4,0,3.74206e-08,-4.77e-11,-3.7425e-08,4.77e-11,3.74206e-08,498504486.54037535
top1,2.5,0,3.76342e-08,-4.5030000000000005e-11,-3.76526e-08,4.5030000000000005e-11,3.76342e-08,500500500.500507
top1,2.6,0,3.78202e-08,-3.918e-11,-3.78398e-08,3.918e-11,3.78202e-08,523012552.3012583
top1,2.7,0,3.80166e-08,-2.722e-11,-3.802e-08,2.722e-11,3.80166e-08,560224089.635853
top1,2.8000000000000003,0,3.81772e-08,-1.539e-11,-3.81798e-08,1.539e-11,3.81772e-08,584453535.943889
top1,2.9,0,3.83588e-08,-5.9e-12,-3.834e-08,5.9e-12,3.83588e-08,542005420.0541975
top1,3.0,0,3.85462e-08,-5.500000000000001e-13,-3.853179999999999e-08,5.500000000000001e-13,3.85462e-08,592066311.426877
top1,3.1,0,3.86966e-08,1.78e-12,-3.868599999999999e-08,1.78e-12,3.86966e-08,636132315.521628
top1,3.2,0,3.88606e-08,1.91e-12,-3.88722e-08,1.91e-12,3.88606e-08,608642726.719415
top1,3.3000000000000003,0,3.90252e-08,1.1000000000000002e-12,-3.90094e-08,1.1000000000000002e-12,3.90252e-08,613873542.050334
top1,3.4,0,3.91864e-08,1.02e-12,-3.916339999999999e-08,1.02e-12,3.91864e-08,670241286.8632798
top1,3.5,0,3.93236e-08,1.12e-12,-3.93206e-08,1.12e-12,3.93236e-08,656167979.0026306
top1,3.6,0,3.94912e-08,1.1900000000000002e-12,-3.9498e-08,1.1900000000000002e-12,3.94912e-08,614250614.2506074
top1,3.7,0,3.96492e-08,1.0500000000000002e-12,-3.9641e-08,1.0500000000000002e-12,3.96492e-08,676132521.9743062
top1,3.8,0,3.9787e-08,1.7110000000000003e-11,-3.98214e-08,1.7110000000000003e-11,3.9787e-08,709219858.1560388
top1,3.9,0,3.993119999999999e-08,3.325e-11,-3.99518e-08,3.325e-11,3.993119999999999e-08,658761528.3267474
top1,4.0,0,4.00906e-08,4.548e-11,-4.00808e-08,4.548e-11,4.00906e-08,643915003.2195739
top1,4.1,0,4.024179999999999e-08,4.964e-11,-4.02304e-08,4.964e-11,4.024179999999999e-08,837520938.0234438
top1,4.2,0,4.03294e-08,4.8490000000000005e-11,-4.03366e-08,4.8490000000000005e-11,4.03294e-08,900090009.0008827
top1,4.3,0,4.0464e-08,4.608e-11,-4.04946e-08,4.608e-11,4.0464e-08,783085356.3038386
top1,4.4,0,4.05848e-08,4.1250000000000006e-11,-4.06218e-08,4.1250000000000006e-11,4.05848e-08,904977375.5656154
top1,4.5,0,4.0685e-08,3.446e-11,-4.07136e-08,3.446e-11,4.0685e-08,771010023.1303082
top1,4.6000000000000005,0,4.08442e-08,2.151e-11,-4.08458e-08,2.151e-11,4.08442e-08,693000693.0006896
top1,4.7,0,4.09736e-08,1.1870000000000002e-11,-4.09684e-08,1.1870000000000002e-11,4.09736e-08,822368421.0526226
top1,4.8,0,4.10874e-08,1.09e-12,-4.11134e-08,1.09e-12,4.10874e-08,975609756.0975578
top1,4.9,0,4.11786e-08,-2.350000000000001e-12,-4.11818e-08,2.350000000000001e-12,4.11786e-08,906618313.6899482
top1,5.0,0,4.1308e-08,-2.04e-12,-4.13308e-08,2.04e-12,4.1308e-08,772797527.0479355
top1,0.0,1,1.4644e-10,-6.470000000000001e-12,-1.8553e-10,6.470000000000001e-12,1.4644e-10,206708.2789725012
top1,0.1,1,4.8392e-07,1.1000000000000001e-13,-4.838e-07,1.1000000000000001e-13,4.8392e-07,219801.0984691777
top1,0.2,1,9.1006e-07,1.74e-12,-9.1016e-07,1.74e-12,9.1006e-07,251673.62963708656
top1,0.3,1,1.2786e-06,-4.865e-11,-1.2790000000000002e-06,4.865e-11,1.2786e-06,291019.14906000806
top1,0.4,1,1.5973e-06,-2.815e-11,-1.5974000000000002e-06,2.815e-11,1.5973e-06,339097.999321804
top1,0.5,1,1.8684e-06,3.85e-11,-1.8689e-06,3.85e-11,1.8684e-06,402657.53976243193
top1,0.6,1,2.094e-06,5.300000000000003e-13,-2.0946e-06,5.300000000000003e-13,2.094e-06,488878.0249327794
top1,0.7,1,2.2775e-06,-2.16e-12,-2.2781000000000003e-06,2.16e-12,2.2775e-06,615006.1500615011
top1,0.8,1,2.4192e-06,4.4630000000000005e-11,-2.4194e-06,4.4630000000000005e-11,2.4192e-06,815993.4720522234
top1,0.9,1,2.5226e-06,-1.7600000000000002e-12,-2.5224e-06,1.7600000000000002e-12,2.5226e-06,1168907.0718877823
top1,1.0,1,2.5903000000000004e-06,-1.41e-12,-2.5910000000000003e-06,1.41e-12,2.5903000000000004e-06,1865671.6417910447
top1,1.1,1,2.6298e-06,4.91e-11,-2.6303000000000005e-06,4.91e-11,2.6298e-06,3205128.2051282027
top1,1.2,1,2.6527000000000005e-06,-1.031e-11,-2.6533e-06,1.031e-11,2.6527000000000005e-06,5361930.294906158
top1,1.3,1,2.6671000000000003e-06,-7.400000000000002e-13,-2.6673000000000003e-06,7.400000000000002e-13,2.6671000000000003e-06,8097165.991902858
top1,1.4,1,2.6774000000000004e-06,4.666e-11,-2.6781e-06,4.666e-11,2.6774000000000004e-06,10638297.872340342
top1,1.5,1,2.6859000000000004e-06,-2.2e-11,-2.6867000000000005e-06,2.2e-11,2.6859000000000004e-06,11976047.904191775
top1,1.6,1,2.6941e-06,-2.18e-12,-2.6946000000000004e-06,2.18e-12,2.6941e-06,13793103.448275832
top1,1.7,1,2.7004000000000004e-06,3.208e-11,-2.7002000000000004e-06,3.208e-11,2.7004000000000004e-06,16949152.54237282
top1,1.8,1,2.7059e-06,-3.244e-11,-2.7063e-06,3.244e-11,2.7059e-06,16949152.54237284
top1,1.9,1,2.7122000000000005e-06,-1.9900000000000002e-12,-2.7125000000000003e-06,1.9900000000000002e-12,2.7122000000000005e-06,18181818.181818213
top1,2.0,1,2.7169e-06,3.747e-11,-2.7177000000000003e-06,3.747e-11,2.7169e-06,20000000.000000183
top1,2.1,1,2.7222000000000004e-06,-3.365e-11,-2.7228000000000004e-06,3.365e-11,2.7222000000000004e-06,17857142.85714288
top1,2.2,1,2.7281e-06,-4.3000000000000004e-13,-2.7286000000000004e-06,4.3000000000000004e-13,2.7281e-06,18867924.528301995
top1,2.3000000000000003,1,2.7328000000000003e-06,1.981e-11,-2.7336000000000004e-06,1.981e-11,2.7328000000000003e-06,21276595.74468018
top1,2.4,1,2.7375000000000005e-06,-4.397e-11,-2.7380000000000003e-06,4.397e-11,2.7375000000000005e-06,22222222.22222261
top1,2.5,1,2.7418e-06,4.9e-13,-2.7424e-06,4.9e-13,2.7418e-06,23255813.95348893
top1,2.6,1,2.7461000000000003e-06,1.79e-12,-2.7467000000000003e-06,1.79e-12,2.7461000000000003e-06,21978021.97802188
top1,2.7,1,2.7509e-06,-4.148e-11,-2.7511e-06,4.148e-11,2.7509e-06,24096385.54216873
top1,2.8000000000000003,1,2.7544000000000003e-06,-8.600000000000002e-13,-2.7551e-06,8.600000000000002e-13,2.7544000000000003e-06,25316455.696202632
top1,2.9,1,2.7588e-06,1.18e-12,-2.7592e-06,1.18e-12,2.7588e-06,24390243.90243842
top1,3.0,1,2.7626000000000005e-06,-4.191e-11,-2.7638e-06,4.191e-11,2.7626000000000005e-06,24999999.999999467
top1,3.1,1,2.7668000000000003e-06,-1.46e-12,-2.7669e-06,1.46e-12,2.7668000000000003e-06,28571428.57142991
top1,3.2,1,2.7696e-06,1e-12,-2.7707000000000004e-06,1e-12,2.7696e-06,30303030.30303
top1,3.3000000000000003,1,2.7734000000000004e-06,-4.527e-11,-2.7740000000000005e-06,4.527e-11,2.7734000000000004e-06,26666666.66666537
top1,3.4,1,2.7771000000000005e-06,8.990000000000003e-12,-2.7776000000000003e-06,8.990000000000003e-12,2.7771000000000005e-06,28169014.08450741
top1,3.5,1,2.7805000000000003e-06,7.600000000000002e-13,-2.7808e-06,7.600000000000002e-13,2.7805000000000003e-06,30769230.769231487
top1,3.6,1,2.7836000000000003e-06,-4.472e-11,-2.7845e-06,4.472e-11,2.7836000000000003e-06,30769230.769231487
top1,3.7,1,2.787e-06,2.3900000000000003e-11,-2.788e-06,2.3900000000000003e-11,2.787e-06,27777777.777777348
top1,3.8,1,2.7908000000000005e-06,1.2400000000000002e-12,-2.7911000000000003e-06,1.2400000000000002e-12,2.7908000000000005e-06,26666666.666666888
top1,3.9,1,2.7945e-06,-3.654e-11,-2.7945e-06,3.654e-11,2.7945e-06,29411764.705883767
top1,4.0,1,2.7976e-06,3.2800000000000006e-11,-2.7981000000000004e-06,3.2800000000000006e-11,2.7976e-06,34482758.62068953
top1,4.1,1,2.8003e-06,2.16e-12,-2.8017e-06,2.16e-12,2.8003e-06,29850746.268655445
top1,4.2,1,2.8043000000000004e-06,-4.046e-11,-2.805e-06,4.046e-11,2.8043000000000004e-06,28985507.24637555
top1,4.3,1,2.8072000000000004e-06,7.660000000000002e-12,-2.8077e-06,7.660000000000002e-12,2.8072000000000004e-06,33333333.333333213
top1,4.4,1,2.8103000000000004e-06,1.7600000000000002e-12,-2.8108000000000003e-06,1.7600000000000002e-12,2.8103000000000004e-06,34482758.620689616
top1,4.5,1,2.8130000000000004e-06,-2.2610000000000003e-11,-2.8137000000000003e-06,2.2610000000000003e-11,2.8130000000000004e-06,34482758.620689616
top1,4.6000000000000005,1,2.8161000000000004e-06,1.179e-11,-2.8165000000000005e-06,1.179e-11,2.8161000000000004e-06,32786885.24590262
top1,4.7,1,2.8191e-06,4.7e-13,-2.8199000000000003e-06,4.7e-13,2.8191e-06,29850746.2686572
top1,4.8,1,2.8228000000000003e-06,-4.276e-11,-2.8229e-06,4.276e-11,2.8228000000000003e-06,33333333.333333213
top1,4.9,1,2.8251000000000003e-06,3.005e-11,-2.8259000000000003e-06,3.005e-11,2.8251000000000003e-06,39215686.27450852
top1,5.0,1,2.8279000000000005e-06,1.8700000000000003e-12,-2.8284000000000003e-06,1.8700000000000003e-12,2.8279000000000005e-06,35714285.71428291
top1,0.0,2,4.726200000000001e-10,1.28e-11,-3.7873000000000005e-10,1.28e-11,4.726200000000001e-10,85982.49853756667
top1,0.1,2,1.1635000000000002e-06,-2.16e-12,-1.1645e-06,2.16e-12,1.1635000000000002e-06,88659.2661181371
top1,0.2,2,2.2563000000000003e-06,-1.37e-12,-2.2569000000000004e-06,1.37e-12,2.2563000000000003e-06,94661.1132146914
top1,0.3,2,3.2763000000000003e-06,3.0130000000000003e-11,-3.2775000000000004e-06,3.0130000000000003e-11,3.2763000000000003e-06,101337.65707336843
top1,0.4,2,4.229900000000001e-06,-3.966e-11,-4.2301e-06,3.966e-11,4.229900000000001e-06,108890.94571786352
top1,0.5,2,5.113000000000001e-06,-1.5400000000000001e-12,-5.114100000000001e-06,1.5400000000000001e-12,5.113000000000001e-06,117529.52929423514
top1,0.6,2,5.931600000000001e-06,7.54e-12,-5.931200000000001e-06,7.54e-12,5.931600000000001e-06,127234.5569056556
top1,0.7,2,6.684900000000001e-06,-4.8020000000000006e-11,-6.6865e-06,4.8020000000000006e-11,6.684900000000001e-06,138188.3507220342
top1,0.8,2,7.3789e-06,3.92e-12,-7.3788e-06,3.92e-12,7.3789e-06,150647.78547755338
top1,0.9,2,8.012500000000002e-06,5.1e-13,-8.0098e-06,5.1e-13,8.012500000000002e-06,166195.7786272228
top1,1.0,2,8.5823e-06,-1.934e-11,-8.584900000000001e-06,1.934e-11,8.5823e-06,183032.85439736457
top1,1.1,2,9.1052e-06,4.479e-11,-9.1054e-06,4.479e-11,9.1052e-06,201938.61066235864
top1,1.2,2,9.5727e-06,-2.4000000000000004e-13,-9.5746e-06,2.4000000000000004e-13,9.5727e-06,226244.34389140256
top1,1.3,2,9.9892e-06,-1.9700000000000003e-12,-9.9887e-06,1.9700000000000003e-12,9.9892e-06,255036.9803621527
top1,1.4,2,1.03569e-05,3.438e-11,-1.03563e-05,3.438e-11,1.03569e-05,290909.09090909094
top1,1.5,2,1.06767e-05,-3.668e-11,-1.06776e-05,3.668e-11,1.06767e-05,336643.6626830499
top1,1.6,2,1.0951e-05,-2.28e-12,-1.09509e-05,2.28e-12,1.0951e-05,397693.3784052496
top1,1.7,2,1.11796e-05,1.65e-12,-1.11806e-05,1.65e-12,1.11796e-05,484261.5012106545
top1,1.8,2,1.1364e-05,-3.0390000000000004e-11,-1.1364000000000002e-05,3.0390000000000004e-11,1.1364e-05,609013.3982947628
top1,1.9,2,1.1508e-05,2.6180000000000004e-11,-1.15079e-05,2.6180000000000004e-11,1.1508e-05,781249.999999998
top1,2.0,2,1.162e-05,8.800000000000002e-13,-1.16179e-05,8.800000000000002e-13,1.162e-05,1041666.6666666708
top1,2.1,2,1.17e-05,-8.800000000000002e-13,-1.1698e-05,8.800000000000002e-13,1.17e-05,1470588.2352941183
top1,2.2,2,1.1756e-05,4.901e-11,-1.1758e-05,4.901e-11,1.1756e-05,1999999.999999987
top1,2.3000000000000003,2,1.18e-05,-2.735e-11,-1.18e-05,2.735e-11,1.18e-05,2631578.947368396
top1,2.4,2,1.1832e-05,3.23e-12,-1.1832e-05,3.23e-12,1.1832e-05,3225806.4516128767
top1,2.5,2,1.1862e-05,7e-14,-1.1864e-05,7e-14,1.1862e-05,3448275.862069062
top1,2.6,2,1.189e-05,-8.300000000000001e-13,-1.1886e-05,8.300000000000001e-13,1.189e-05,4000000.0000000414
top1,2.7,2,1.1912e-05,1.834e-11,-1.191e-05,1.834e-11,1.1912e-05,4545454.545454383
top1,2.8000000000000003,2,1.1934e-05,-5.0200000000000005e-11,-1.1932e-05,5.0200000000000005e-11,1.1934e-05,5263157.894736792
top1,2.9,2,1.195e-05,8.84e-12,-1.195e-05,8.84e-12,1.195e-05,5555555.555555654
top1,3.0,2,1.197e-05,1.4800000000000006e-12,-1.1966e-05,1.4800000000000006e-12,1.197e-05,5555555.555555666
top1,3.1,2,1.1986e-05,-9.100000000000002e-13,-1.1986e-05,9.100000000000002e-13,1.1986e-05,5882352.941176473
top1,3.2,2,1.2004e-05,8.600000000000002e-13,-1.2004e-05,8.600000000000002e-13,1.2004e-05,6666666.666666737
top1,3.3000000000000003,2,1.2016e-05,-1.564e-11,-1.2018e-05,1.564e-11,1.2016e-05,7692307.692307856
top1,3.4,2,1.203e-05,4.579e-11,-1.203e-05,4.579e-11,1.203e-05,7142857.142857029
top1,3.5,2,1.2044e-05,-2.6070000000000003e-11,-1.2046e-05,2.6070000000000003e-11,1.2044e-05,7142857.142857045
top1,3.6,2,1.2058e-05,6.6e-13,-1.2058e-05,6.6e-13,1.2058e-05,7142857.142857045
top1,3.7,2,1.2072e-05,1.7200000000000001e-12,-1.2072e-05,1.7200000000000001e-12,1.2072e-05,7142857.142857045
top1,3.8,2,1.2086e-05,-5.960000000000001e-12,-1.2088e-05,5.960000000000001e-12,1.2086e-05,7692307.692307856
top1,3.9,2,1.2098e-05,4.41e-11,-1.2102e-05,4.41e-11,1.2098e-05,8333333.333333284
top1,4.0,2,1.211e-05,-4.633e-11,-1.2112e-05,4.633e-11,1.211e-05,8333333.333333284
top1,4.1,2,1.2122e-05,2.5740000000000003e-11,-1.2124e-05,2.5740000000000003e-11,1.2122e-05,7692307.692307872
top1,4.2,2,1.2136e-05,1.3500000000000001e-12,-1.2132e-05,1.3500000000000001e-12,1.2136e-05,8333333.333333302
top1,4.3,2,1.2146e-05,-1.1900000000000002e-12,-1.2146e-05,1.1900000000000002e-12,1.2146e-05,8333333.333333302
top1,4.4,2,1.216e-05,1.0100000000000001e-12,-1.2158e-05,1.0100000000000001e-12,1.216e-05,7692307.692307872
top1,4.5,2,1.2172e-05,-4.839000000000001e-11,-1.2172e-05,4.839000000000001e-11,1.2172e-05,10000000.000000104
top1,4.6000000000000005,2,1.218e-05,2.04e-12,-1.2182e-05,2.04e-12,1.218e-05,8333333.333333302
top1,4.7,2,1.2196e-05,1.3900000000000001e-12,-1.2194e-05,1.3900000000000001e-12,1.2196e-05,8333333.333333266
top1,4.8,2,1.2204e-05,-1.36e-12,-1.2206e-05,1.36e-12,1.2204e-05,11111111.111110808
top1,4.9,2,1.2214e-05,4.6350000000000007e-11,-1.2218e-05,4.6350000000000007e-11,1.2214e-05,9090909.090908764
top1,5.0,2,1.2226e-05,-1.688e-11,-1.2224e-05,1.688e-11,1.2226e-05,8333333.333332676
top1,0.0,3,7.879e-10,-1.0500000000000002e-12,-5.6059e-10,1.0500000000000002e-12,7.879e-10,51124.42811575654
top1,0.1,3,1.9568e-06,5.14e-12,-1.959e-06,5.14e-12,1.9568e-06,52122.53246393296
top1,0.2,3,3.8379e-06,1.04e-12,-3.838500000000001e-06,1.04e-12,3.8379e-06,54408.444190538365
top1,0.3,3,5.6327e-06,-4.486e-11,-5.634500000000001e-06,4.486e-11,5.6327e-06,56881.2036062683
top1,0.4,3,7.354000000000002e-06,2.666e-11,-7.3545e-06,2.666e-11,7.354000000000002e-06,59483.09193111856
top1,0.5,3,8.995000000000001e-06,1.2800000000000002e-12,-8.997400000000001e-06,1.2800000000000002e-12,8.995000000000001e-06,62533.220773535926
top1,0.6,3,1.05523e-05,-7.400000000000002e-13,-1.05608e-05,7.400000000000002e-13,1.05523e-05,65552.2779416585
top1,0.7,3,1.2046e-05,-1.7160000000000002e-11,-1.2042e-05,1.7160000000000002e-11,1.2046e-05,69020.2574455603
top1,0.8,3,1.345e-05,5.011e-11,-1.346e-05,5.011e-11,1.345e-05,73046.01899196493
top1,0.9,3,1.4784e-05,-3.97e-11,-1.479e-05,3.97e-11,1.4784e-05,77399.38080495357
top1,1.0,3,1.6034e-05,1.286e-11,-1.6032e-05,1.286e-11,1.6034e-05,82034.45447087774
top1,1.1,3,1.7222000000000002e-05,1.4e-12,-1.721e-05,1.4e-12,1.7222000000000002e-05,87260.0349040139
top1,1.2,3,1.8326e-05,-1.7000000000000002e-12,-1.8326e-05,1.7000000000000002e-12,1.8326e-05,92678.40593141802
top1,1.3,3,1.938e-05,8.800000000000002e-13,-1.937e-05,8.800000000000002e-13,1.938e-05,98716.68311944725
top1,1.4,3,2.0352e-05,-3.9060000000000005e-11,-2.0352e-05,3.9060000000000005e-11,2.0352e-05,105263.15789473688
top1,1.5,3,2.128e-05,4.8130000000000006e-11,-2.1278e-05,4.8130000000000006e-11,2.128e-05,112359.55056179772
top1,1.6,3,2.2132e-05,-2.5500000000000002e-12,-2.213e-05,2.5500000000000002e-12,2.2132e-05,121359.22330097073
top1,1.7,3,2.2928e-05,-1.6e-12,-2.2926e-05,1.6e-12,2.2928e-05,130548.3028720625
top1,1.8,3,2.3664e-05,6.8e-13,-2.3666e-05,6.8e-13,2.3664e-05,140646.9760900141
top1,1.9,3,2.435e-05,-2.7710000000000004e-11,-2.4362e-05,2.7710000000000004e-11,2.435e-05,151745.0682852807
top1,2.0,3,2.4982e-05,4.879000000000001e-11,-2.497e-05,4.879000000000001e-11,2.4982e-05,165837.4792703153
top1,2.1,3,2.5556e-05,-4.89e-12,-2.5558e-05,4.89e-12,2.5556e-05,182815.3564899453
top1,2.2,3,2.6076e-05,-1.6200000000000004e-12,-2.607e-05,1.6200000000000004e-12,2.6076e-05,203665.9877800405
top1,2.3000000000000003,3,2.6538e-05,1.1600000000000001e-12,-2.6534e-05,1.1600000000000001e-12,2.6538e-05,227790.4328018227
top1,2.4,3,2.6954e-05,-1.5800000000000001e-12,-2.6956e-05,1.5800000000000001e-12,2.6954e-05,253164.55696202576
top1,2.5,3,2.7328e-05,5.1370000000000006e-11,-2.733e-05,5.1370000000000006e-11,2.7328e-05,286532.95128939755
top1,2.6,3,2.7652e-05,-3.4720000000000004e-11,-2.7652e-05,3.4720000000000004e-11,2.7652e-05,334448.16053511726
top1,2.7,3,2.7926e-05,4.87e-12,-2.7926e-05,4.87e-12,2.7926e-05,400000.0000000015
top1,2.8000000000000003,3,2.8152e-05,1.8000000000000002e-12,-2.8156e-05,1.8000000000000002e-12,2.8152e-05,462962.9629629602
top1,2.9,3,2.8358e-05,-1.4800000000000006e-12,-2.8362e-05,1.4800000000000006e-12,2.8358e-05,552486.1878453017
top1,3.0,3,2.8514e-05,1.265e-11,-2.8522e-05,1.265e-11,2.8514e-05,689655.1724137963
top1,3.1,3,2.8648e-05,-4.8670000000000005e-11,-2.865e-05,4.8670000000000005e-11,2.8648e-05,833333.3333333421
top1,3.2,3,2.8754e-05,4.6520000000000005e-11,-2.8748e-05,4.6520000000000005e-11,2.8754e-05,1052631.57894737
top1,3.3000000000000003,3,2.8838e-05,-1.283e-11,-2.8832e-05,1.283e-11,2.8838e-05,1265822.784810118
top1,3.4,3,2.8912e-05,-1.6300000000000001e-12,-2.8916e-05,1.6300000000000001e-12,2.8912e-05,1515151.5151514965
top1,3.5,3,2.897e-05,1.83e-12,-2.896e-05,1.83e-12,2.897e-05,2083333.3333333256
top1,3.6,3,2.9008e-05,-1.09e-12,-2.902e-05,1.09e-12,2.9008e-05,2173913.0434782994
top1,3.7,3,2.9062e-05,2.9620000000000003e-11,-2.907e-05,2.9620000000000003e-11,2.9062e-05,1923076.9230769053
top1,3.8,3,2.9112e-05,-3.4730000000000006e-11,-2.9126e-05,3.4730000000000006e-11,2.9112e-05,2127659.574468095
top1,3.9,3,2.9156e-05,7.760000000000002e-12,-2.9158e-05,7.760000000000002e-12,2.9156e-05,2173913.0434782947
top1,4.0,3,2.9204e-05,5.1e-13,-2.9194e-05,5.1e-13,2.9204e-05,2631578.947368396
top1,4.1,3,2.9232e-05,-2.1500000000000003e-12,-2.9232e-05,2.1500000000000003e-12,2.9232e-05,3225806.451612884
top1,4.2,3,2.9266e-05,1.26e-12,-2.9258e-05,1.26e-12,2.9266e-05,3030303.030303078
top1,4.3,3,2.9298e-05,-2.8160000000000003e-11,-2.9306e-05,2.8160000000000003e-11,2.9298e-05,2941176.4705882366
top1,4.4,3,2.9334e-05,4.930000000000001e-11,-2.9352e-05,4.930000000000001e-11,2.9334e-05,2127659.574468023
top1,4.5,3,2.9392000000000003e-05,-3.4610000000000004e-11,-2.9388e-05,3.4610000000000004e-11,2.9392000000000003e-05,2325581.3953488707
top1,4.6000000000000005,3,2.942e-05,1.5700000000000002e-12,-2.9426000000000003e-05,1.5700000000000002e-12,2.942e-05,3846153.846153936
top1,4.7,3,2.9444e-05,1.5800000000000001e-12,-2.9442e-05,1.5800000000000001e-12,2.9444e-05,3999999.9999998887
top1,4.8,3,2.947e-05,-1.3000000000000001e-12,-2.9476e-05,1.3000000000000001e-12,2.947e-05,3703703.703703719
top1,4.9,3,2.9498e-05,1.6300000000000001e-12,-2.9506e-05,1.6300000000000001e-12,2.9498e-05,3448275.862068861
top1,5.0,3,2.9528000000000003e-05,-4.942e-11,-2.9532e-05,4.942e-11,2.9528000000000003e-05,3333333.3333331654
top1,0.0,4,1.2123e-09,3.176e-11,-7.9685e-10,3.176e-11,1.2123e-09,35140.89054817927
top1,0.1,4,2.8469e-06,1.07e-12,-2.8484e-06,1.07e-12,2.8469e-06,35651.33754816518
top1,0.2,4,5.6111e-06,-5.5e-12,-5.607000000000001e-06,5.5e-12,5.6111e-06,36856.84800235883
top1,0.3,4,8.273300000000001e-06,-1.83e-12,-8.275700000000001e-06,1.83e-12,8.273300000000001e-06,38095.96373264252
top1,0.4,4,1.0861000000000002e-05,1.6800000000000003e-11,-1.0851800000000002e-05,1.6800000000000003e-11,1.0861000000000002e-05,39364.65447674533
top1,0.5,4,1.3354e-05,4.63e-11,-1.334e-05,4.63e-11,1.3354e-05,40874.71898630696
top1,0.6,4,1.5754000000000002e-05,-4.3690000000000006e-11,-1.5748e-05,4.3690000000000006e-11,1.5754000000000002e-05,42105.26315789475
top1,0.7,4,1.8104e-05,2.005e-11,-1.8102e-05,2.005e-11,1.8104e-05,43725.404459991296
top1,0.8,4,2.0328e-05,-7.900000000000002e-13,-2.0318e-05,7.900000000000002e-13,2.0328e-05,45641.25969876768
top1,0.9,4,2.2486e-05,-2.21e-12,-2.2464e-05,2.21e-12,2.2486e-05,47281.32387706853
top1,1.0,4,2.4558e-05,2.28e-12,-2.455e-05,2.28e-12,2.4558e-05,49309.664694280094
top1,1.1,4,2.6542e-05,-1.96e-12,-2.6562e-05,1.96e-12,2.6542e-05,50994.390617032106
top1,1.2,4,2.848e-05,2.8380000000000003e-11,-2.8478e-05,2.8380000000000003e-11,2.848e-05,52966.10169491525
top1,1.3,4,3.0318e-05,-4.9980000000000005e-11,-3.0304e-05,4.9980000000000005e-11,3.0318e-05,55959.7090095132
top1,1.4,4,3.2054e-05,4.014e-11,-3.2066e-05,4.014e-11,3.2054e-05,58173.356602675965
top1,1.5,4,3.3756e-05,-8.93e-12,-3.3752e-05,8.93e-12,3.3756e-05,60240.96385542164
top1,1.6,4,3.5374000000000004e-05,-1.17e-12,-3.5384e-05,1.17e-12,3.5374000000000004e-05,63613.23155216279
top1,1.7,4,3.69e-05,1.65e-12,-3.6886e-05,1.65e-12,3.69e-05,66269.0523525514
top1,1.8,4,3.8392e-05,-2e-11,-3.8382e-05,2e-11,3.8392e-05,69832.40223463697
top1,1.9,4,3.9764e-05,4.91e-11,-3.9778e-05,4.91e-11,3.9764e-05,73691.9675755342
top1,2.0,4,4.1106e-05,-3.9860000000000005e-11,-4.108e-05,3.9860000000000005e-11,4.1106e-05,77399.3808049535
top1,2.1,4,4.2348e-05,1.7e-13,-4.2334e-05,1.7e-13,4.2348e-05,82781.45695364251
top1,2.2,4,4.3522e-05,1.6300000000000001e-12,-4.3522e-05,1.6300000000000001e-12,4.3522e-05,87108.0139372823
top1,2.3000000000000003,4,4.4644e-05,-1.5000000000000004e-13,-4.4648e-05,1.5000000000000004e-13,4.4644e-05,91575.09157509152
top1,2.4,4,4.5706e-05,4.859e-11,-4.5708e-05,4.859e-11,4.5706e-05,97370.9834469328
top1,2.5,4,4.6698e-05,-4.625e-11,-4.669e-05,4.625e-11,4.6698e-05,105042.01680672274
top1,2.6,4,4.761e-05,2.0860000000000003e-11,-4.7622e-05,2.0860000000000003e-11,4.761e-05,112866.81715575614
top1,2.7,4,4.847e-05,7e-14,-4.8484e-05,7e-14,4.847e-05,120192.3076923076
top1,2.8000000000000003,4,4.9274e-05,-1.07e-12,-4.926e-05,1.07e-12,4.9274e-05,128369.7047496788
top1,2.9,4,5.0028e-05,1.46e-12,-5.0028e-05,1.46e-12,5.0028e-05,138696.25520110963
top1,3.0,4,5.0716e-05,-3.3810000000000004e-11,-5.0718000000000005e-05,3.3810000000000004e-11,5.0716e-05,149031.29657228012
top1,3.1,4,5.137000000000001e-05,4.9290000000000005e-11,-5.1362e-05,4.9290000000000005e-11,5.137000000000001e-05,163398.6928104576
top1,3.2,4,5.194e-05,-2.338e-11,-5.1944e-05,2.338e-11,5.194e-05,180831.8264014469
top1,3.3000000000000003,4,5.2476e-05,-2.2000000000000002e-13,-5.247e-05,2.2000000000000002e-13,5.2476e-05,198019.801980198
top1,3.4,4,5.295e-05,1.4200000000000002e-12,-5.2952e-05,1.4200000000000002e-12,5.295e-05,218818.38074398256
top1,3.5,4,5.339e-05,-1.36e-12,-5.338800000000001e-05,1.36e-12,5.339e-05,246913.5802469136
top1,3.6,4,5.376e-05,1.04e-12,-5.378e-05,1.04e-12,5.376e-05,271739.1304347825
top1,3.7,4,5.4126e-05,-3.4210000000000004e-11,-5.4116e-05,3.4210000000000004e-11,5.4126e-05,314465.4088050324
top1,3.8,4,5.4396e-05,4.96e-11,-5.4412e-05,4.96e-11,5.4396e-05,370370.3703703711
top1,3.9,4,5.4666e-05,-3.426e-11,-5.4668e-05,3.426e-11,5.4666e-05,411522.6337448539
top1,4.0,4,5.4882e-05,6.3e-12,-5.4886e-05,6.3e-12,5.4882e-05,480769.23076923314
top1,4.1,4,5.5082e-05,1.17e-12,-5.5074e-05,1.17e-12,5.5082e-05,540540.5405405437
top1,4.2,4,5.5252e-05,-1.07e-12,-5.5256e-05,1.07e-12,5.5252e-05,617283.9506172736
top1,4.3,4,5.540600000000001e-05,7.600000000000002e-13,-5.5412e-05,7.600000000000002e-13,5.540600000000001e-05,729927.0072992587
top1,4.4,4,5.5526e-05,-2.44e-12,-5.5556e-05,2.44e-12,5.5526e-05,854700.8547008624
top1,4.5,4,5.564e-05,2.7510000000000004e-11,-5.5648e-05,2.7510000000000004e-11,5.564e-05,925925.9259259298
top1,4.6000000000000005,4,5.5742e-05,-4.517e-11,-5.5756e-05,4.517e-11,5.5742e-05,1075268.8172042947
top1,4.7,4,5.5826e-05,6.04e-12,-5.5838e-05,6.04e-12,5.5826e-05,1176470.5882352896
top1,4.8,4,5.5912e-05,1.36e-12,-5.5928e-05,1.36e-12,5.5912e-05,1149425.287356354
top1,4.9,4,5.6e-05,-6.6e-13,-5.601e-05,6.6e-13,5.6e-05,1176470.588235295
top1,5.0,4,5.6082e-05,7.400000000000002e-13,-5.607e-05,7.400000000000002e-13,5.6082e-05,1219512.195121893
top1,0.0,5,1.1953e-09,-1.5700000000000002e-12,-9.835e-10,1.5700000000000002e-12,1.1953e-09,26529.38804899352
top1,0.1,5,3.7706e-06,-2.11e-12,-3.7706e-06,2.11e-12,3.7706e-06,26812.509918115
top1,0.2,5,7.4604e-06,-2.5500000000000002e-12,-7.4697e-06,2.5500000000000002e-12,7.4604e-06,27487.63056624518
top1,0.3,5,1.1046600000000002e-05,1.8700000000000003e-12,-1.10394e-05,1.8700000000000003e-12,1.1046600000000002e-05,27997.088302816508
top1,0.4,5,1.4604e-05,3.15e-11,-1.4584e-05,3.15e-11,1.4604e-05,28771.182783324235
top1,0.5,5,1.7998e-05,-4.7770000000000007e-11,-1.8026e-05,4.7770000000000007e-11,1.7998e-05,29664.787896766527
top1,0.6,5,2.1346e-05,2.9630000000000005e-11,-2.1326e-05,2.9630000000000005e-11,2.1346e-05,30339.805825242725
top1,0.7,5,2.459e-05,-2.47e-12,-2.4598e-05,2.47e-12,2.459e-05,31308.70381966188
top1,0.8,5,2.7734e-05,-9.3e-13,-2.774e-05,9.3e-13,2.7734e-05,32071.840923669017
top1,0.9,5,3.0826e-05,9.3e-13,-3.0822000000000004e-05,9.3e-13,3.0826e-05,32765.39973787679
top1,1.0,5,3.3838000000000004e-05,-2.23e-12,-3.385e-05,2.23e-12,3.3838000000000004e-05,34013.60544217686
top1,1.1,5,3.6706e-05,1.816e-11,-3.6718e-05,1.816e-11,3.6706e-05,35063.113604488084
top1,1.2,5,3.9542e-05,-4.7540000000000005e-11,-3.9554e-05,4.7540000000000005e-11,3.9542e-05,36010.08282319052
top1,1.3,5,4.226e-05,4.392e-11,-4.2256e-05,4.392e-11,4.226e-05,37285.60775540646
top1,1.4,5,4.4906e-05,-2.114e-11,-4.4894e-05,2.114e-11,4.4906e-05,38387.71593090206
top1,1.5,5,4.747000000000001e-05,1.8000000000000002e-12,-4.750400000000001e-05,1.8000000000000002e-12,4.747000000000001e-05,39215.686274509775
top1,1.6,5,5.0006e-05,1.4700000000000002e-12,-4.999e-05,1.4700000000000002e-12,5.0006e-05,40733.19755600816
top1,1.7,5,5.238e-05,-1.3800000000000002e-12,-5.2482e-05,1.3800000000000002e-12,5.238e-05,41806.020066889614
top1,1.8,5,5.479e-05,3.7000000000000004e-13,-5.4824e-05,3.7000000000000004e-13,5.479e-05,42735.042735042814
top1,1.9,5,5.706e-05,-2.3100000000000003e-11,-5.7082e-05,2.3100000000000003e-11,5.706e-05,45167.11833785004
top1,2.0,5,5.9218e-05,4.843e-11,-5.9242e-05,4.843e-11,5.9218e-05,47058.82352941166
top1,2.1,5,6.131000000000001e-05,-1.32e-11,-6.1294e-05,1.32e-11,6.131000000000001e-05,49043.64884747433
top1,2.2,5,6.3296e-05,-1.5200000000000002e-12,-6.3304e-05,1.5200000000000002e-12,6.3296e-05,51440.32921810704
top1,2.3000000000000003,5,6.519800000000001e-05,1.3400000000000006e-12,-6.5194e-05,1.3400000000000006e-12,6.519800000000001e-05,52910.05291005273
top1,2.4,5,6.7076e-05,-4.202e-11,-6.708e-05,4.202e-11,6.7076e-05,55126.7916207276
top1,2.5,5,6.882600000000001e-05,4.8350000000000006e-11,-6.8842e-05,4.8350000000000006e-11,6.882600000000001e-05,58173.3566026762
top1,2.6,5,7.0514e-05,-2.9120000000000005e-11,-7.0424e-05,2.9120000000000005e-11,7.0514e-05,61996.28022318668
top1,2.7,5,7.205200000000001e-05,2.1000000000000003e-12,-7.2068e-05,2.1000000000000003e-12,7.205200000000001e-05,63816.2093171666
top1,2.8000000000000003,5,7.3648e-05,1.5800000000000001e-12,-7.3658e-05,1.5800000000000001e-12,7.3648e-05,64808.81399870394
top1,2.9,5,7.5138e-05,-8.100000000000002e-13,-7.5126e-05,8.100000000000002e-13,7.5138e-05,70077.08479327225
top1,3.0,5,7.6502e-05,3.073e-11,-7.6526e-05,3.073e-11,7.6502e-05,73313.78299120227
top1,3.1,5,7.7866e-05,-4.9990000000000007e-11,-7.7866e-05,4.9990000000000007e-11,7.7866e-05,76103.5007610354
top1,3.2,5,7.913e-05,3.989e-11,-7.913600000000001e-05,3.989e-11,7.913e-05,80385.85209003242
top1,3.3000000000000003,5,8.0354e-05,-1.27e-11,-8.0342e-05,1.27e-11,8.0354e-05,85324.23208191102
top1,3.4,5,8.1474e-05,1.13e-12,-8.1452e-05,1.13e-12,8.1474e-05,92336.10341643544
top1,3.5,5,8.252e-05,1.0600000000000001e-12,-8.252e-05,1.0600000000000001e-12,8.252e-05,96246.39076034645
top1,3.6,5,8.3552e-05,-2.16e-12,-8.355e-05,2.16e-12,8.3552e-05,99900.09990010005
top1,3.7,5,8.4522e-05,3.638e-11,-8.4526e-05,3.638e-11,8.4522e-05,108225.10822510831
top1,3.8,5,8.54e-05,-4.33e-11,-8.5416e-05,4.33e-11,8.54e-05,114810.5625717566
top1,3.9,5,8.6264e-05,5.034e-11,-8.625600000000002e-05,5.034e-11,8.6264e-05,121212.12121212108
top1,4.0,5,8.705e-05,-4.083e-11,-8.7052e-05,4.083e-11,8.705e-05,133511.34846461887
top1,4.1,5,8.7762e-05,1.65e-11,-8.778e-05,1.65e-11,8.7762e-05,146842.87812041075
top1,4.2,5,8.8412e-05,7.800000000000002e-13,-8.841e-05,7.800000000000002e-13,8.8412e-05,156006.2402496111
top1,4.3,5,8.9044e-05,-1.4400000000000001e-12,-8.9048e-05,1.4400000000000001e-12,8.9044e-05,165562.91390728595
top1,4.4,5,8.962e-05,6.86e-12,-8.963e-05,6.86e-12,8.962e-05,178571.4285714283
top1,4.5,5,9.0164e-05,-3.903e-11,-9.0168e-05,3.903e-11,9.0164e-05,193798.4496124033
top1,4.6000000000000005,5,9.0652e-05,3.2580000000000005e-11,-9.0668e-05,3.2580000000000005e-11,9.0652e-05,217391.30434782675
top1,4.7,5,9.1084e-05,1.6300000000000001e-12,-9.1066e-05,1.6300000000000001e-12,9.1084e-05,300300.30030029465
top1,4.8,5,9.131800000000002e-05,-3.9e-12,-9.1292e-05,3.9e-12,9.131800000000002e-05,367647.0588235296
top1,4.9,5,9.1628e-05,7.93e-12,-9.1646e-05,7.93e-12,9.1628e-05,319488.81789137906
top1,5.0,5,9.1944e-05,-3.7e-11,-9.1964e-05,3.7e-11,9.1944e-05,316455.6962025288
top2,0.0,-5,-3.7998e-12,4.9910000000000005e-11,-3.846e-11,4.9910000000000005e-11,3.7998e-12,16740884588.34165
top2,0.1,-5,2.1736e-12,-2.34e-12,-4.600000000000003e-13,2.34e-12,2.1736e-12,39269585705.8708
top2,0.2,-5,1.2932e-12,-1.9900000000000002e-12,1.08e-12,1.9900000000000002e-12,1.2932e-12,-108154877784.9881
top2,0.3,-5,3.244e-13,-1.85e-12,1.46e-12,1.85e-12,3.244e-13,-92021717125.24156
top2,0.4,-5,-8.802e-13,3.3200000000000004e-12,2.9100000000000003e-12,3.3200000000000004e-12,8.802e-13,-93118539901.29434
top2,0.5,-5,-1.8234e-12,9.15e-12,4.21e-12,9.15e-12,1.8234e-12,-123334977799.70396
top2,0.6,-5,-2.5018e-12,2.034e-11,6.45e-12,2.034e-11,2.5018e-12,-145985401459.85406
top2,0.7,-5,-3.1934e-12,3.256e-11,9.37e-12,3.256e-11,3.1934e-12,-177179305457.1227
top2,0.8,-5,-3.6306e-12,4.311e-11,1.285e-11,4.311e-11,3.6306e-12,-269034167339.25208
top2,0.9,-5,-3.9368e-12,4.887e-11,1.7090000000000003e-11,4.887e-11,3.9368e-12,-355239786856.1276
top2,1.0,-5,-4.1936e-12,5.2020000000000005e-11,2.344e-11,5.2020000000000005e-11,4.1936e-12,22982694031.394367
top2,1.1,-5,4.7654e-12,-2.5430000000000003e-11,-4.1900000000000005e-11,2.5430000000000003e-11,4.7654e-12,22877536546.864628
top2,1.2,-5,4.5486e-12,-1.1100000000000001e-12,-2.315e-11,1.1100000000000001e-12,4.5486e-12,-27617443177.11066
top2,1.3,-5,-2.4764e-12,1.6e-12,1.2500000000000001e-12,1.6e-12,2.4764e-12,-34653636899.1926
top2,1.4,-5,-1.2228e-12,1.8400000000000002e-12,-1.27e-12,1.8400000000000002e-12,1.2228e-12,84090144635.04877
top2,1.5,-5,-9.8e-14,-8.7e-13,-2.2200000000000002e-12,8.7e-13,9.8e-14,92216894135.00552
top2,1.6,-5,9.46e-13,-3.28e-12,-3.3200000000000004e-12,3.28e-12,9.46e-13,103135313531.3531
top2,1.7,-5,1.8412e-12,-1.101e-11,-4.5900000000000004e-12,1.101e-11,1.8412e-12,126566257435.7676
top2,1.8,-5,2.5262e-12,-1.763e-11,-6.05e-12,1.763e-11,2.5262e-12,157381177211.20566
top2,1.9,-5,3.112e-12,-3.029e-11,-8.51e-12,3.029e-11,3.112e-12,197355437142.2932
top2,2.0,-5,3.5396e-12,-4.009e-11,-1.094e-11,4.009e-11,3.5396e-12,255950857435.37253
top2,2.1,-5,3.8934e-12,-4.6340000000000005e-11,-1.458e-11,4.6340000000000005e-11,3.8934e-12,378787878787.879
top2,2.2,-5,4.0676e-12,-4.965e-11,-1.919e-11,4.965e-11,4.0676e-12,575705238917.6735
top2,2.3000000000000003,-5,4.2408e-12,-5.081e-11,-2.493e-11,5.081e-11,4.2408e-12,-22975301550.83282
top2,2.4,-5,-4.6374e-12,2.5430000000000003e-11,4.151e-11,2.5430000000000003e-11,4.6374e-12,264550264550.2644
top2,2.5,-5,4.9968e-12,-1.2900000000000002e-12,-3.922e-11,1.2900000000000002e-12,4.9968e-12,27579359607.269947
top2,2.6,-5,2.6144e-12,-1.0600000000000001e-12,-2.8800000000000002e-12,1.0600000000000001e-12,2.6144e-12,-45394706977.1665
top2,2.7,-5,5.91e-13,-1.7100000000000002e-12,-3.060000000000001e-12,1.7100000000000002e-12,5.91e-13,-180115273775.21634
top2,2.8000000000000003,-5,1.504e-12,-7.680000000000001e-12,-4.0400000000000006e-12,7.680000000000001e-12,1.504e-12,111856823266.2191
top2,2.9,-5,2.379e-12,-1.648e-11,-5.84e-12,1.648e-11,2.379e-12,134156157767.64134
top2,3.0,-5,2.9948e-12,-2.595e-11,-7.580000000000001e-12,2.595e-11,2.9948e-12,174581005586.59235
top2,3.1,-5,3.5246e-12,-3.6400000000000005e-11,-1.029e-11,3.6400000000000005e-11,3.5246e-12,206654267410.62225
top2,3.2,-5,3.9626e-12,-4.528e-11,-1.4400000000000002e-11,4.528e-11,3.9626e-12,310366232153.942
top2,3.3000000000000003,-5,4.169e-12,-4.9290000000000005e-11,-1.8820000000000003e-11,4.9290000000000005e-11,4.169e-12,398247710075.6665
top2,3.4,-5,4.4648e-12,-5.163000000000001e-11,-2.4430000000000003e-11,5.163000000000001e-11,4.4648e-12,-23264470500.65137
top2,3.5,-5,-4.4278e-12,2.529e-11,4.222e-11,2.529e-11,4.4278e-12,-23507839864.594864
top2,3.6,-5,-4.043e-12,2.03e-12,2.0550000000000003e-11,2.03e-12,4.043e-12,28988868274.582584
top2,3.7,-5,2.4714e-12,-2.36e-12,-2.6e-13,2.36e-12,2.4714e-12,35453449620.648125
top2,3.8,-5,1.5982e-12,-2.39e-12,1.23e-12,2.39e-12,1.5982e-12,-98019996079.20004
top2,3.9,-5,4.31e-13,8.300000000000001e-13,2.46e-12,8.300000000000001e-13,4.31e-13,-94517958412.09816
top2,4.0,-5,-5.178e-13,5.320000000000001e-12,3.43e-12,5.320000000000001e-12,5.178e-13,-114220445459.73714
top2,4.1,-5,-1.32e-12,1.416e-11,5.5e-12,1.416e-11,1.32e-12,-171850833476.5425
top2,4.2,-5,-1.6816e-12,2.617e-11,7.190000000000002e-12,2.617e-11,1.6816e-12,-236183278223.90195
top2,4.3,-5,-2.1668e-12,3.745e-11,1.043e-11,3.745e-11,2.1668e-12,-314169022934.339
top2,4.4,-5,-2.3182e-12,4.345e-11,1.343e-11,4.345e-11,2.3182e-12,-1358695652173.914
top2,4.5,-5,-2.314e-12,4.861e-11,1.887e-11,4.861e-11,2.314e-12,924214417744.9167
top2,4.6000000000000005,-5,-2.1018e-12,4.885e-11,2.4900000000000003e-11,4.885e-11,2.1018e-12,21496130696.47465
top2,4.7,-5,6.99e-12,-2.557e-11,-4.275e-11,2.557e-11,6.99e-12,21940891239.00205
top2,4.8,-5,7.0136e-12,-4.610000000000001e-12,-2.255e-11,4.610000000000001e-12,7.0136e-12,-30369290573.372234
top2,4.9,-5,4.044e-13,-9.000000000000001e-13,2.3000000000000003e-12,9.000000000000001e-13,4.044e-13,-38607057370.08729
top2,5.0,-5,1.8332e-12,-1.5200000000000002e-12,-1.2800000000000002e-12,1.5200000000000002e-12,1.8332e-12,69988801791.71307
top2,0.0,-4,4.5872e-12,-2.264e-11,-4.275e-11,2.264e-11,4.5872e-12,-190476190476.19067
top2,0.1,-4,4.0622e-12,-1.6600000000000002e-12,-1.733e-11,1.6600000000000002e-12,4.0622e-12,-31099362463.06951
top2,0.2,-4,-1.8438e-12,1.36e-12,-4.500000000000001e-13,1.36e-12,1.8438e-12,-40609137055.83756
top2,0.3,-4,-8.628e-13,1.5400000000000001e-12,-1.6800000000000001e-12,1.5400000000000001e-12,8.628e-13,92370219841.12325
top2,0.4,-4,3.214e-13,-9.5e-13,-2.6000000000000002e-12,9.5e-13,3.214e-13,96348395799.20992
top2,0.5,-4,1.213e-12,-4.33e-12,-3.6000000000000004e-12,4.33e-12,1.213e-12,104986876640.41992
top2,0.6,-4,2.2264e-12,-1.452e-11,-5.2600000000000014e-12,1.452e-11,2.2264e-12,112359550561.7978
top2,0.7,-4,2.993e-12,-2.617e-11,-7.26e-12,2.617e-11,2.993e-12,147318797878.60934
top2,0.8,-4,3.584e-12,-3.966e-11,-1.111e-11,3.966e-11,3.584e-12,231481481481.4813
top2,0.9,-4,3.857e-12,-4.734e-11,-1.5320000000000002e-11,4.734e-11,3.857e-12,420698359276.39856
top2,1.0,-4,4.0594e-12,-4.978e-11,-2.04e-11,4.978e-11,4.0594e-12,537634408602.1513
top2,1.1,-4,4.229e-12,-5.081e-11,-2.7180000000000003e-11,5.081e-11,4.229e-12,-22556560575.64342
top2,1.2,-4,-4.8072e-12,2.116e-11,4.249e-11,2.116e-11,4.8072e-12,-23539381385.0572
top2,1.3,-4,-4.2674e-12,5.4e-13,1.7450000000000002e-11,5.4e-13,4.2674e-12,29982310436.84229
top2,1.4,-4,1.8634e-12,-2.52e-12,3.1000000000000004e-13,2.52e-12,1.8634e-12,42887163871.853134
top2,1.5,-4,3.96e-13,-1.08e-12,1.1100000000000001e-12,1.08e-12,3.96e-13,-86125226078.71843
top2,1.6,-4,-4.588e-13,6.8e-13,2.28e-12,6.8e-13,4.588e-13,-123885034687.80968
top2,1.7,-4,-1.2184e-12,5.620000000000001e-12,3.4100000000000002e-12,5.620000000000001e-12,1.2184e-12,-146156094709.14932
top2,1.8,-4,-1.8272e-12,1.029e-11,4.38e-12,1.029e-11,1.8272e-12,-143102461362.33557
top2,1.9,-4,-2.616e-12,2.141e-11,6.630000000000002e-12,2.141e-11,2.616e-12,-147557916482.21927
top2,2.0,-4,-3.1826e-12,3.27e-11,8.86e-12,3.27e-11,3.1826e-12,-187828700225.39432
top2,2.1,-4,-3.6808e-12,4.115e-11,1.182e-11,4.115e-11,3.6808e-12,-271076172404.44577
top2,2.2,-4,-3.9204e-12,4.6530000000000006e-11,1.531e-11,4.6530000000000006e-11,3.9204e-12,-477783086478.73926
top2,2.3000000000000003,-4,-4.0994e-12,5.0200000000000005e-11,2.0480000000000003e-11,5.0200000000000005e-11,4.0994e-12,-616142945163.2777
top2,2.4,-4,-4.245e-12,5.15e-11,2.5410000000000003e-11,5.15e-11,4.245e-12,22787348464.132683
top2,2.5,-4,4.6774e-12,-2.2790000000000003e-11,-4.301e-11,2.2790000000000003e-11,4.6774e-12,23265011748.83096
top2,2.6,-4,4.3516e-12,-2.0200000000000007e-12,-2.014e-11,2.0200000000000007e-12,4.3516e-12,-30322326328.875977
top2,2.7,-4,-1.9184e-12,2.780000000000001e-12,-5.9e-13,2.780000000000001e-12,1.9184e-12,-38744672607.5165
top2,2.8000000000000003,-4,-8.104e-13,1.7500000000000002e-12,-1.1900000000000002e-12,1.7500000000000002e-12,8.104e-13,92421441774.49156
top2,2.9,-4,2.456e-13,4.1e-13,-2.57e-12,4.1e-13,2.456e-13,105999576001.69585
top2,3.0,-4,1.0764e-12,-3.91e-12,-2.8900000000000004e-12,3.91e-12,1.0764e-12,124115675809.85492
top2,3.1,-4,1.857e-12,-9.2e-12,-4.550000000000001e-12,9.2e-12,1.857e-12,127926314442.881
top2,3.2,-4,2.6398e-12,-2.229e-11,-6.900000000000001e-12,2.229e-11,2.6398e-12,145964092833.16318
top2,3.3000000000000003,-4,3.2272e-12,-3.456e-11,-9.71e-12,3.456e-11,3.2272e-12,189393939393.9392
top2,3.4,-4,3.6958e-12,-4.414e-11,-1.312e-11,4.414e-11,3.6958e-12,247892910262.76608
top2,3.5,-4,4.034e-12,-4.931e-11,-1.7820000000000003e-11,4.931e-11,4.034e-12,342583076396.0264
top2,3.6,-4,4.2796e-12,-5.07e-11,-2.4140000000000003e-11,5.07e-11,4.2796e-12,-22757270948.06793
top2,3.7,-4,-4.7544e-12,2.71e-11,4.1500000000000005e-11,2.71e-11,4.7544e-12,301932367149.75867
top2,3.8,-4,4.942e-12,-8.500000000000002e-13,-3.861e-11,8.500000000000002e-13,4.942e-12,28003360403.248352
top2,3.9,-4,2.3876e-12,-1.4800000000000006e-12,-1.1500000000000001e-12,1.4800000000000006e-12,2.3876e-12,-55540127742.29374
top2,4.0,-4,1.341e-12,-1.5800000000000001e-12,9.200000000000001e-13,1.5800000000000001e-12,1.341e-12,-92524056254.62608
top2,4.1,-4,2.26e-13,-1.6000000000000005e-13,2.11e-12,1.6000000000000005e-13,2.26e-13,-92635479388.60593
top2,4.2,-4,-8.179999999999999e-13,2.1700000000000002e-12,2.8900000000000004e-12,2.1700000000000002e-12,8.179999999999999e-13,-97077953596.73824
top2,4.3,-4,-1.8342e-12,1.0240000000000002e-11,4.17e-12,1.0240000000000002e-11,1.8342e-12,-103018440300.81392
top2,4.4,-4,-2.7594e-12,2.326e-11,6.130000000000001e-12,2.326e-11,2.7594e-12,-129651238169.32465
top2,4.5,-4,-3.3768e-12,3.653e-11,9.62e-12,3.653e-11,3.3768e-12,-206996481059.8221
top2,4.6000000000000005,-4,-3.7256e-12,4.291e-11,1.265e-11,4.291e-11,3.7256e-12,-325203252032.52057
top2,4.7,-4,-3.9918e-12,4.9950000000000006e-11,1.9e-11,4.9950000000000006e-11,3.9918e-12,-521376433785.19086
top2,4.8,-4,-4.1092e-12,5.1150000000000006e-11,2.437e-11,5.1150000000000006e-11,4.1092e-12,22889056741.971684
top2,4.9,-4,4.746e-12,-2.589e-11,-4.1790000000000005e-11,2.589e-11,4.746e-12,23127269363.306293
top2,5.0,-4,4.5386e-12,-2.31e-12,-2.2680000000000003e-11,2.31e-12,4.5386e-12,-482160077145.6104
top2,0.0,-3,3.5014e-12,-4.461e-11,-1.4210000000000002e-11,4.461e-11,3.5014e-12,158077774264.9384
top2,0.1,-3,4.134e-12,-5.048e-11,-2.194e-11,5.048e-11,4.134e-12,242718446601.94168
top2,0.2,-3,4.3254e-12,-4.997e-11,-2.8310000000000004e-11,4.997e-11,4.3254e-12,-22461814914.6451
top2,0.3,-3,-4.77e-12,1.815e-11,4.2880000000000005e-11,1.815e-11,4.77e-12,-23687701345.46144
top2,0.4,-3,-4.1178e-12,1.6e-12,1.6450000000000002e-11,1.6e-12,4.1178e-12,31417889346.19372
top2,0.5,-3,1.5958e-12,-2.9e-12,1.1000000000000002e-12,2.9e-12,1.5958e-12,43346337234.50367
top2,0.6,-3,4.962e-13,-5e-13,1.74e-12,5e-13,4.962e-13,-90057636887.6081
top2,0.7,-3,-6.25e-13,2.09e-12,2.6600000000000004e-12,2.09e-12,6.25e-13,-86169754416.19995
top2,0.8,-3,-1.8248e-12,1.021e-11,4.41e-12,1.021e-11,1.8248e-12,-101874490627.54684
top2,0.9,-3,-2.5882e-12,2.01e-11,6.31e-12,2.01e-11,2.5882e-12,-145412243710.92044
top2,1.0,-3,-3.2002e-12,3.249e-11,8.93e-12,3.249e-11,3.2002e-12,-187441424554.82663
top2,1.1,-3,-3.6552e-12,4.2810000000000005e-11,1.211e-11,4.2810000000000005e-11,3.6552e-12,-273149412728.7627
top2,1.2,-3,-3.9324e-12,4.7690000000000005e-11,1.5670000000000002e-11,4.7690000000000005e-11,3.9324e-12,-478697941598.8509
top2,1.3,-3,-4.073e-12,4.9770000000000006e-11,2.081e-11,4.9770000000000006e-11,4.073e-12,-613873542050.338
top2,1.4,-3,-4.2582e-12,5.067e-11,2.715e-11,5.067e-11,4.2582e-12,22601423889.705048
top2,1.5,-3,4.776e-12,-1.979e-11,-4.279e-11,1.979e-11,4.776e-12,23736055067.64775
top2,1.6,-3,4.1678e-12,-2.03e-12,-1.7490000000000002e-11,2.03e-12,4.1678e-12,-31561671506.122955
top2,1.7,-3,-1.5608e-12,1.4900000000000001e-12,-1.2000000000000001e-12,1.4900000000000001e-12,1.5608e-12,-44122837980.93892
top2,1.8,-3,-3.65e-13,1.08e-12,-1.7000000000000002e-12,1.08e-12,3.65e-13,84317032040.47224
top2,1.9,-3,8.112e-13,-3.1e-12,-3.1e-12,3.1e-12,8.112e-13,83542188805.34668
top2,2.0,-3,2.029e-12,-1.282e-11,-5.02e-12,1.282e-11,2.029e-12,100979501161.26424
top2,2.1,-3,2.7918e-12,-2.437e-11,-7.150000000000001e-12,2.437e-11,2.7918e-12,138831042621.1302
top2,2.2,-3,3.4696e-12,-3.8220000000000005e-11,-1.042e-11,3.8220000000000005e-11,3.4696e-12,184979652238.2539
top2,2.3000000000000003,-3,3.873e-12,-4.5290000000000006e-11,-1.426e-11,4.5290000000000006e-11,3.873e-12,307125307125.3068
top2,2.4,-3,4.1208e-12,-4.997e-11,-1.845e-11,4.997e-11,4.1208e-12,502512562814.07007
top2,2.5,-3,4.271e-12,-5.029e-11,-2.5560000000000003e-11,5.029e-11,4.271e-12,-22783195115.28299
top2,2.6,-3,-4.6576e-12,2.369e-11,4.239e-11,2.369e-11,4.6576e-12,-23222869882.26007
top2,2.7,-3,-4.3412e-12,2.21e-12,2.178e-11,2.21e-12,4.3412e-12,29161320424.58885
top2,2.8000000000000003,-3,2.2008e-12,-2.18e-12,-8.500000000000002e-13,2.18e-12,2.2008e-12,38012696240.54429
top2,2.9,-3,9.202e-13,-2.2200000000000002e-12,1.13e-12,2.2200000000000002e-12,9.202e-13,-83948959032.90787
top2,3.0,-3,-1.816e-13,-8.9e-13,1.96e-12,8.9e-13,1.816e-13,-97770825185.76463
top2,3.1,-3,-1.1254e-12,3.440000000000001e-12,3.2600000000000002e-12,3.440000000000001e-12,1.1254e-12,-105174589819.0998
top2,3.2,-3,-2.0832e-12,1.284e-11,4.710000000000001e-12,1.284e-11,2.0832e-12,-121906619529.44057
top2,3.3000000000000003,-3,-2.766e-12,2.311e-11,6.7700000000000004e-12,2.311e-11,2.766e-12,-163478829491.5806
top2,3.4,-3,-3.3066e-12,3.5890000000000005e-11,9.77e-12,3.5890000000000005e-11,3.3066e-12,-219973603167.6197
top2,3.5,-3,-3.6752e-12,4.388e-11,1.332e-11,4.388e-11,3.6752e-12,-289603243556.32806
top2,3.6,-3,-3.9972e-12,4.9260000000000006e-11,1.83e-11,4.9260000000000006e-11,3.9972e-12,-371333085777.9431
top2,3.7,-3,-4.2138e-12,5.033e-11,2.252e-11,5.033e-11,4.2138e-12,-527148128624.14417
top2,3.8,-3,-4.3766e-12,5.0530000000000005e-11,2.844e-11,5.0530000000000005e-11,4.3766e-12,22156245845.70388
top2,3.9,-3,4.813e-12,-1.7960000000000002e-11,-4.36e-11,1.7960000000000002e-11,4.813e-12,23521110196.40124
top2,4.0,-3,4.1264e-12,-1.1100000000000001e-12,-1.755e-11,1.1100000000000001e-12,4.1264e-12,-30151359826.32813
top2,4.1,-3,-1.8202e-12,2.0200000000000007e-12,-5.7e-13,2.0200000000000007e-12,1.8202e-12,-41260934147.54913
top2,4.2,-3,-7.208e-13,4.3000000000000004e-13,-1.8200000000000003e-12,4.3000000000000004e-13,7.208e-13,104569695702.1856
top2,4.3,-3,9.24e-14,-2.9000000000000013e-13,-2.13e-12,2.9000000000000013e-13,9.24e-14,109421162052.7411
top2,4.4,-3,1.107e-12,-3.67e-12,-3.4200000000000004e-12,3.67e-12,1.107e-12,110472823685.37352
top2,4.5,-3,1.9028e-12,-9.67e-12,-4.6000000000000006e-12,9.67e-12,1.9028e-12,118008024545.6692
top2,4.6000000000000005,-3,2.8018e-12,-2.335e-11,-7.240000000000001e-12,2.335e-11,2.8018e-12,141904356463.74356
top2,4.7,-3,3.3122e-12,-3.3410000000000004e-11,-9.03e-12,3.3410000000000004e-11,3.3122e-12,223214285714.28497
top2,4.8,-3,3.6978e-12,-4.32e-11,-1.276e-11,4.32e-11,3.6978e-12,306936771025.1692
top2,4.9,-3,3.9638e-12,-4.822e-11,-1.7400000000000003e-11,4.822e-11,3.9638e-12,446030330062.4442
top2,5.0,-3,4.1462e-12,-5.145000000000001e-11,-2.355e-11,5.145000000000001e-11,4.1462e-12,548245614035.08417
top2,0.0,-2,4.9424e-12,-1.74e-12,-2.668e-11,1.74e-12,4.9424e-12,-13585848979.702742
top2,0.1,-2,-2.4182e-12,2.26e-12,1.3000000000000001e-12,2.26e-12,2.4182e-12,-31945819889.46747
top2,0.2,-2,-1.3182e-12,1.55e-12,-7.700000000000002e-13,1.55e-12,1.3182e-12,97475387464.66516
top2,0.3,-2,-3.664e-13,9.200000000000001e-13,-2.01e-12,9.200000000000001e-13,3.664e-13,107434464976.36444
top2,0.4,-2,5.434e-13,-1.12e-12,-2.59e-12,1.12e-12,5.434e-13,114220445459.73732
top2,0.5,-2,1.3846e-12,-5.170000000000001e-12,-4.06e-12,5.170000000000001e-12,1.3846e-12,137969094922.73724
top2,0.6,-2,1.993e-12,-1.253e-11,-4.5900000000000004e-12,1.253e-11,1.993e-12,173882802990.78427
top2,0.7,-2,2.5348e-12,-1.972e-11,-6.1600000000000004e-12,1.972e-11,2.5348e-12,169520257670.79175
top2,0.8,-2,3.1728e-12,-3.197e-11,-8.56e-12,3.197e-11,3.1728e-12,173460537727.66696
top2,0.9,-2,3.6878e-12,-4.2590000000000005e-11,-1.201e-11,4.2590000000000005e-11,3.6878e-12,260213374967.4732
top2,1.0,-2,3.9414e-12,-4.75e-11,-1.5520000000000002e-11,4.75e-11,3.9414e-12,558347292015.6342
top2,1.1,-2,4.046e-12,-4.9880000000000006e-11,-1.88e-11,4.9880000000000006e-11,4.046e-12,1036269430051.8148
top2,1.2,-2,4.1344e-12,-5.0240000000000006e-11,-2.4700000000000003e-11,5.0240000000000006e-11,4.1344e-12,771604938271.6036
top2,1.3,-2,4.3052e-12,-4.815e-11,-3.1040000000000003e-11,4.815e-11,4.3052e-12,-22270226933.61248
top2,1.4,-2,-4.8462e-12,1.424e-11,4.3280000000000005e-11,1.424e-11,4.8462e-12,-23814059820.91827
top2,1.5,-2,-4.0932e-12,2.26e-12,1.6960000000000002e-11,2.26e-12,4.0932e-12,30479441616.629578
top2,1.6,-2,1.7156e-12,-9.8e-13,6.000000000000003e-13,9.8e-13,1.7156e-12,42944258352.65825
top2,1.7,-2,5.64e-13,-8.7e-13,1.6100000000000002e-12,8.7e-13,5.64e-13,-86888522026.24033
top2,1.8,-2,-5.862e-13,1.6e-12,2.6500000000000002e-12,1.6e-12,5.862e-13,-88503407381.18425
top2,1.9,-2,-1.6958e-12,8.13e-12,3.9300000000000004e-12,8.13e-12,1.6958e-12,-115807759119.86102
top2,2.0,-2,-2.3132e-12,1.562e-11,5.64e-12,1.562e-11,2.3132e-12,-171497170296.69003
top2,2.1,-2,-2.862e-12,2.6520000000000003e-11,7.75e-12,2.6520000000000003e-11,2.862e-12,-180018001800.18018
top2,2.2,-2,-3.4242e-12,3.839e-11,1.035e-11,3.839e-11,3.4242e-12,-193685841564.9818
top2,2.3000000000000003,-2,-3.8946e-12,4.575e-11,1.418e-11,4.575e-11,3.8946e-12,-312207305650.95166
top2,2.4,-2,-4.0648e-12,4.9980000000000005e-11,1.885e-11,4.9980000000000005e-11,4.0648e-12,-569151963574.2731
top2,2.5,-2,-4.246e-12,5.114e-11,2.513e-11,5.114e-11,4.246e-12,22799817601.45921
top2,2.6,-2,4.7072e-12,-2.295e-11,-4.276e-11,2.295e-11,4.7072e-12,23276925583.66893
top2,2.7,-2,4.3462e-12,-1.27e-12,-2.083e-11,1.27e-12,4.3462e-12,-29267150550.222458
top2,2.8000000000000003,-2,-2.1264e-12,1.26e-12,4.4000000000000004e-13,1.26e-12,2.1264e-12,-35700260611.902405
top2,2.9,-2,-1.256e-12,1.3400000000000006e-12,-1.6100000000000002e-12,1.3400000000000006e-12,1.256e-12,107492206815.00575
top2,3.0,-2,-2.658e-13,9.700000000000001e-13,-1.5800000000000001e-12,9.700000000000001e-13,2.658e-13,107169649555.24606
top2,3.1,-2,6.102e-13,-2.5800000000000003e-12,-2.9800000000000002e-12,2.5800000000000003e-12,6.102e-13,107273117356.79048
top2,3.2,-2,1.5986e-12,-7.040000000000001e-12,-3.8300000000000004e-12,7.040000000000001e-12,1.5986e-12,119990400767.93866
top2,3.3000000000000003,-2,2.277e-12,-1.4310000000000002e-11,-5.2500000000000004e-12,1.4310000000000002e-11,2.277e-12,155159038013.9641
top2,3.4,-2,2.8876e-12,-2.577e-11,-7.42e-12,2.577e-11,2.8876e-12,169090294217.11176
top2,3.5,-2,3.4598e-12,-3.882e-11,-1.087e-11,3.882e-11,3.4598e-12,226963231956.42328
top2,3.6,-2,3.7688e-12,-4.5690000000000006e-11,-1.4650000000000002e-11,4.5690000000000006e-11,3.7688e-12,354735721887.1943
top2,3.7,-2,4.0236e-12,-5.007e-11,-1.978e-11,5.007e-11,4.0236e-12,464037122969.8378
top2,3.8,-2,4.1998e-12,-4.997e-11,-2.517e-11,4.997e-11,4.1998e-12,-22848264674.297955
top2,3.9,-2,-4.7298e-12,2.395e-11,4.2370000000000005e-11,2.395e-11,4.7298e-12,-23070711731.456886
top2,4.0,-2,-4.4692e-12,1.88e-12,2.324e-11,1.88e-12,4.4692e-12,28698522026.11561
top2,4.1,-2,2.2392e-12,-2.2500000000000003e-12,-8.400000000000002e-13,2.2500000000000003e-12,2.2392e-12,35856430850.87314
top2,4.2,-2,1.1086e-12,-2.49e-12,1.2900000000000002e-12,2.49e-12,1.1086e-12,-84175084175.08424
top2,4.3,-2,-1.368e-13,1e-13,2.120000000000001e-12,1e-13,1.368e-13,-94553706505.2951
top2,4.4,-2,-1.0066e-12,4.500000000000001e-12,3.110000000000001e-12,4.500000000000001e-12,1.0066e-12,-110363094581.17216
top2,4.5,-2,-1.949e-12,1.111e-11,4.99e-12,1.111e-11,1.949e-12,-113675116516.99452
top2,4.6000000000000005,-2,-2.766e-12,2.3900000000000003e-11,6.940000000000001e-12,2.3900000000000003e-11,2.766e-12,-153727901614.14307
top2,4.7,-2,-3.25e-12,3.466e-11,9.75e-12,3.466e-11,3.25e-12,-191058463889.94965
top2,4.8,-2,-3.8128e-12,4.4820000000000007e-11,1.335e-11,4.4820000000000007e-11,3.8128e-12,-237191650853.8903
top2,4.9,-2,-4.0932e-12,4.914e-11,1.7420000000000003e-11,4.914e-11,4.0932e-12,-475285171102.6621
top2,5.0,-2,-4.2336e-12,5.036e-11,2.346e-11,5.036e-11,4.2336e-12,-712250712250.7073
top2,0.0,-1,3.9268e-12,-3.3e-13,-8.490000000000001e-12,3.3e-13,3.9268e-12,-25097881738.78125
top2,0.1,-1,-5.76e-14,-5.6e-13,-2.46e-12,5.6e-13,5.76e-14,-63295145262.35838
top2,0.2,-1,7.67e-13,-1.91e-12,-3.0800000000000002e-12,1.91e-12,7.67e-13,118469375666.39024
top2,0.3,-1,1.6306e-12,-8.87e-12,-4.400000000000001e-12,8.87e-12,1.6306e-12,124393581291.20535
top2,0.4,-1,2.3748e-12,-1.715e-11,-6.390000000000001e-12,1.715e-11,2.3748e-12,151263046437.75525
top2,0.5,-1,2.9528e-12,-2.964e-11,-7.83e-12,2.964e-11,2.9528e-12,184128153194.6234
top2,0.6,-1,3.461e-12,-3.807e-11,-1.063e-11,3.807e-11,3.461e-12,260145681581.6859
top2,0.7,-1,3.7216e-12,-4.4960000000000006e-11,-1.372e-11,4.4960000000000006e-11,3.7216e-12,412371134020.619
top2,0.8,-1,3.946e-12,-4.863e-11,-1.806e-11,4.863e-11,3.946e-12,426257459505.5408
top2,0.9,-1,4.1908e-12,-5.025e-11,-2.411e-11,5.025e-11,4.1908e-12,476644423260.2474
top2,1.0,-1,4.3656e-12,-4.9440000000000006e-11,-2.9730000000000004e-11,4.9440000000000006e-11,4.3656e-12,-22202486678.508
top2,1.1,-1,-4.8172e-12,1.5560000000000002e-11,4.317e-11,1.5560000000000002e-11,4.8172e-12,-23765952895.88136
top2,1.2,-1,-4.0498e-12,1.1100000000000001e-12,1.764e-11,1.1100000000000001e-12,4.0498e-12,31076167687.000835
top2,1.3,-1,1.6186e-12,-7.700000000000002e-13,6.500000000000003e-13,7.700000000000002e-13,1.6186e-12,43101590448.68759
top2,1.4,-1,5.904e-13,-1.5300000000000001e-12,1.27e-12,1.5300000000000001e-12,5.904e-13,-108061378863.19426
top2,1.5,-1,-2.322e-13,6.000000000000003e-13,2.2000000000000003e-12,6.000000000000003e-13,2.322e-13,-108506944444.4444
top2,1.6,-1,-1.2528e-12,5.34e-12,3.690000000000001e-12,5.34e-12,1.2528e-12,-99611515091.14452
top2,1.7,-1,-2.24e-12,1.311e-11,5.160000000000001e-12,1.311e-11,2.24e-12,-117329578786.81212
top2,1.8,-1,-2.9574e-12,2.671e-11,7.360000000000001e-12,2.671e-11,2.9574e-12,-165562913907.28494
top2,1.9,-1,-3.448e-12,3.7970000000000006e-11,9.92e-12,3.7970000000000006e-11,3.448e-12,-217344055640.07828
top2,2.0,-1,-3.8776e-12,4.7440000000000006e-11,1.4400000000000002e-11,4.7440000000000006e-11,3.8776e-12,-338753387533.87506
top2,2.1,-1,-4.0384e-12,5.004e-11,1.9660000000000003e-11,5.004e-11,4.0384e-12,-718907260963.336
top2,2.2,-1,-4.1558e-12,5.022e-11,2.528e-11,5.022e-11,4.1558e-12,22961585267.846912
top2,2.3000000000000003,-1,4.6718e-12,-2.535e-11,-4.193e-11,2.535e-11,4.6718e-12,-254777070063.69376
top2,2.4,-1,-4.9408e-12,1e-12,3.889e-11,1e-12,4.9408e-12,-27486875017.17926
top2,2.5,-1,-2.6044e-12,2.08e-12,2.57e-12,2.08e-12,2.6044e-12,44324276406.187706
top2,2.6,-1,-4.286e-13,6.8e-13,2.2000000000000003e-12,6.8e-13,4.286e-13,145180023228.80383
top2,2.7,-1,-1.2268e-12,3.680000000000001e-12,2.8400000000000004e-12,3.680000000000001e-12,1.2268e-12,-125865324103.2097
top2,2.8000000000000003,-1,-2.0176e-12,1.144e-11,4.660000000000001e-12,1.144e-11,2.0176e-12,-150262960180.31537
top2,2.9,-1,-2.5578e-12,2.0770000000000003e-11,5.9e-12,2.0770000000000003e-11,2.5578e-12,-175039383861.36856
top2,3.0,-1,-3.1602e-12,3.194e-11,9.04e-12,3.194e-11,3.1602e-12,-196193839513.43948
top2,3.1,-1,-3.5772e-12,4.198e-11,1.1960000000000002e-11,4.198e-11,3.5772e-12,-262329485834.20786
top2,3.2,-1,-3.9226e-12,4.753e-11,1.6490000000000003e-11,4.753e-11,3.9226e-12,-329489291598.02325
top2,3.3000000000000003,-1,-4.1842e-12,5.0500000000000007e-11,2.0860000000000003e-11,5.0500000000000007e-11,4.1842e-12,-547045951859.9556
top2,3.4,-1,-4.2882e-12,5.0240000000000006e-11,2.5520000000000003e-11,5.0240000000000006e-11,4.2882e-12,22512381809.99547
top2,3.5,-1,4.6998e-12,-2.415e-11,-4.2590000000000005e-11,2.415e-11,4.6998e-12,23043067493.144707
top2,3.6,-1,4.3912e-12,-1.23e-12,-2.446e-11,1.23e-12,4.3912e-12,-28618854101.08182
top2,3.7,-1,-2.2886e-12,1.5700000000000002e-12,9.700000000000001e-13,1.5700000000000002e-12,2.2886e-12,-34711374917.56052
top2,3.8,-1,-1.3706e-12,1.5300000000000001e-12,-1.73e-12,1.5300000000000001e-12,1.3706e-12,116658889407.37273
top2,3.9,-1,-5.742e-13,1e-12,-1.8700000000000003e-12,1e-12,5.742e-13,119961612284.06894
top2,4.0,-1,2.966e-13,-2.4000000000000004e-13,-2.52e-12,2.4000000000000004e-13,2.966e-13,110253583241.4552
top2,4.1,-1,1.2398e-12,-5.08e-12,-3.840000000000001e-12,5.08e-12,1.2398e-12,113494495516.96751
top2,4.2,-1,2.0588e-12,-1.238e-11,-5.420000000000001e-12,1.238e-11,2.0588e-12,124455507156.19176
top2,4.3,-1,2.8468e-12,-2.4500000000000003e-11,-6.9300000000000006e-12,2.4500000000000003e-11,2.8468e-12,159718894745.24854
top2,4.4,-1,3.311e-12,-3.394e-11,-9.26e-12,3.394e-11,3.311e-12,223413762287.7571
top2,4.5,-1,3.742e-12,-4.364e-11,-1.301e-11,4.364e-11,3.742e-12,310945273631.84094
top2,4.6000000000000005,-1,3.9542e-12,-4.789e-11,-1.6430000000000002e-11,4.789e-11,3.9542e-12,534759358288.7708
top2,4.7,-1,4.116e-12,-4.989e-11,-2.149e-11,4.989e-11,4.116e-12,678886625933.4668
top2,4.8,-1,4.2488e-12,-5.0170000000000006e-11,-2.708e-11,5.0170000000000006e-11,4.2488e-12,-22616247512.21279
top2,4.9,-1,-4.7272e-12,1.9640000000000003e-11,4.2340000000000006e-11,1.9640000000000003e-11,4.7272e-12,-23306763622.80336
top2,5.0,-1,-4.3324e-12,5.6e-13,1.9840000000000003e-11,5.6e-13,4.3324e-12,253292806484.2945
top2,0.0,0,1.45232e-11,-9.8e-13,-1.028e-11,9.8e-13,1.45232e-11,4978374.736683805
top2,0.1,0,2.01014e-08,-4.934e-11,-2.00048e-08,4.934e-11,2.01014e-08,8475626.099585354
top2,0.2,0,2.36116e-08,2.969e-11,-2.36402e-08,2.969e-11,2.36116e-08,44426673.77493448
top2,0.3,0,2.46032e-08,4.2010000000000005e-11,-2.46182e-08,4.2010000000000005e-11,2.46032e-08,121698916.87963988
top2,0.4,0,2.5255e-08,5.059e-11,-2.52592e-08,5.059e-11,2.5255e-08,169692855.9307651
top2,0.5,0,2.57818e-08,5.083000000000001e-11,-2.5805e-08,5.083000000000001e-11,2.57818e-08,197706603.4005533
top2,0.6,0,2.62666e-08,4.657e-11,-2.6265e-08,4.657e-11,2.62666e-08,222766763.1989312
top2,0.7,0,2.66796e-08,4.1140000000000006e-11,-2.66998e-08,4.1140000000000006e-11,2.66796e-08,247524752.47524768
top2,0.8,0,2.70746e-08,3.5380000000000005e-11,-2.70832e-08,3.5380000000000005e-11,2.70746e-08,262605042.016806
top2,0.9,0,2.74412e-08,2.3200000000000002e-12,-2.74546e-08,2.3200000000000002e-12,2.74412e-08,285388127.85388124
top2,1.0,0,2.77754e-08,4.0000000000000006e-14,-2.7772e-08,4.0000000000000006e-14,2.77754e-08,302297460.7013312
top2,1.1,0,2.81028e-08,-1.36e-12,-2.81116e-08,1.36e-12,2.81028e-08,309597523.2198136
top2,1.2,0,2.84214e-08,-2.03e-12,-2.84146e-08,2.03e-12,2.84214e-08,320102432.7784892
top2,1.3,0,2.87276e-08,-2.03e-12,-2.87346e-08,2.03e-12,2.87276e-08,345065562.45686865
top2,1.4,0,2.9001e-08,-1.8900000000000002e-12,-2.90022e-08,1.8900000000000002e-12,2.9001e-08,355871886.1209951
top2,1.5,0,2.92896e-08,-9.87e-12,-2.92594e-08,9.87e-12,2.92896e-08,416319733.55537033
top2,1.6,0,2.94814e-08,-2.1700000000000003e-11,-2.94892e-08,2.1700000000000003e-11,2.94814e-08,412031314.3798936
top2,1.7,0,2.9775e-08,-3.767e-11,-2.97542e-08,3.767e-11,2.9775e-08,376647834.27495056
top2,1.8,0,3.00124e-08,-4.823e-11,-2.9977e-08,4.823e-11,3.00124e-08,439367311.072056
top2,1.9,0,3.02302e-08,-5.106e-11,-3.0212e-08,5.106e-11,3.02302e-08,455996352.029184
top2,2.0,0,3.0451e-08,-4.971e-11,-3.04582e-08,4.971e-11,3.0451e-08,453926463.912844
top2,2.1,0,3.06708e-08,-4.5210000000000005e-11,-3.06536e-08,4.5210000000000005e-11,3.06708e-08,468603561.3870704
top2,2.2,0,3.08778e-08,-3.3890000000000005e-11,-3.08862e-08,3.3890000000000005e-11,3.08778e-08,504795557.7990961
top2,2.3000000000000003,0,3.1067e-08,-2.127e-11,-3.10886e-08,2.127e-11,3.1067e-08,479386385.42665255
top2,2.4,0,3.1295e-08,5e-13,-3.1268399999999994e-08,5e-13,3.1295e-08,514403292.181069
top2,2.5,0,3.14558e-08,1.6600000000000002e-12,-3.1477799999999995e-08,1.6600000000000002e-12,3.14558e-08,615384615.3846198
top2,2.6,0,3.1619999999999995e-08,2.23e-12,-3.16546e-08,2.23e-12,3.1619999999999995e-08,499999999.999996
top2,2.7,0,3.18558e-08,1.4300000000000002e-12,-3.1875399999999994e-08,1.4300000000000002e-12,3.18558e-08,507356671.7402326
top2,2.8000000000000003,0,3.20142e-08,7.900000000000002e-13,-3.20396e-08,7.900000000000002e-13,3.20142e-08,547645125.9583864
top2,2.9,0,3.2220999999999995e-08,1e-12,-3.2193e-08,1e-12,3.2220999999999995e-08,559597090.0951262
top2,3.0,0,3.23716e-08,1.5400000000000001e-12,-3.2389e-08,1.5400000000000001e-12,3.23716e-08,590667454.2232634
top2,3.1,0,3.25596e-08,1.2000000000000001e-12,-3.25626e-08,1.2000000000000001e-12,3.25596e-08,549148819.3300389
top2,3.2,0,3.27358e-08,8.600000000000001e-12,-3.26778e-08,8.600000000000001e-12,3.27358e-08,675219446.3200643
top2,3.3000000000000003,0,3.28558e-08,2.194e-11,-3.29064e-08,2.194e-11,3.28558e-08,651041666.6666765
top2,3.4,0,3.3042999999999994e-08,3.4870000000000005e-11,-3.30496e-08,3.4870000000000005e-11,3.3042999999999994e-08,588581518.5403099
top2,3.5,0,3.31956e-08,4.687e-11,-3.31892e-08,4.687e-11,3.31956e-08,698812019.5667268
top2,3.6,0,3.33292e-08,5.1040000000000005e-11,-3.33238e-08,5.1040000000000005e-11,3.33292e-08,687285223.3677003
top2,3.7,0,3.34866e-08,4.0440000000000005e-11,-3.35076e-08,4.0440000000000005e-11,3.34866e-08,543478260.8695651
top2,3.8,0,3.36972e-08,-2.3000000000000013e-13,-3.3664199999999994e-08,2.3000000000000013e-13,3.36972e-08,603864734.299524
top2,3.9,0,3.3817799999999995e-08,-1.5300000000000001e-12,-3.37978e-08,1.5300000000000001e-12,3.3817799999999995e-08,844594594.594594
top2,4.0,0,3.3934e-08,-1.8700000000000003e-12,-3.3922799999999995e-08,1.8700000000000003e-12,3.3934e-08,793650793.6507888
top2,4.1,0,3.40698e-08,-2.51e-12,-3.40872e-08,2.51e-12,3.40698e-08,766871165.6441708
top2,4.2,0,3.41948e-08,-2.03e-12,-3.42046e-08,2.03e-12,3.41948e-08,817661488.1439155
top2,4.3,0,3.4314399999999994e-08,-8.2e-13,-3.4295799999999994e-08,8.2e-13,3.4314399999999994e-08,894454382.8264736
top2,4.4,0,3.44184e-08,-3.800000000000001e-13,-3.44086e-08,3.800000000000001e-13,3.44184e-08,929368029.7397642
top2,4.5,0,3.45296e-08,-1.4900000000000001e-12,-3.44966e-08,1.4900000000000001e-12,3.45296e-08,904977375.5656154
top2,4.6000000000000005,0,3.46394e-08,-6.25e-12,-3.4631599999999994e-08,6.25e-12,3.46394e-08,874890638.6701677
top2,4.7,0,3.47582e-08,-2.296e-11,-3.4758e-08,2.296e-11,3.47582e-08,854700854.7008494
top2,4.8,0,3.48734e-08,-3.672e-11,-3.48752e-08,3.672e-11,3.48734e-08,788643533.1230239
top2,4.9,0,3.50118e-08,-5.106e-11,-3.50162e-08,5.106e-11,3.50118e-08,829875518.6722158
top2,5.0,0,3.5114399999999994e-08,-5.0790000000000006e-11,-3.5115999999999995e-08,5.0790000000000006e-11,3.5114399999999994e-08,974658869.395747
top2,0.0,1,2.4227000000000003e-10,2.6600000000000004e-12,-1.657e-10,2.6600000000000004e-12,2.4227000000000003e-10,193897.0026490015
top2,0.1,1,5.1598e-07,2.11e-12,-5.1608e-07,2.11e-12,5.1598e-07,206054.34438128388
top2,0.2,1,9.7086e-07,-5.300000000000003e-13,-9.7076e-07,5.300000000000003e-13,9.7086e-07,235621.21533422865
top2,0.3,1,1.3648e-06,4.076e-11,-1.3646000000000002e-06,4.076e-11,1.3648e-06,272910.8673107364
top2,0.4,1,1.7037e-06,5.0200000000000005e-11,-1.7036e-06,5.0200000000000005e-11,1.7037e-06,320051.2081933109
top2,0.5,1,1.9897e-06,-7.43e-12,-1.9903e-06,7.43e-12,1.9897e-06,383435.58282208577
top2,0.6,1,2.2253e-06,-1.9200000000000003e-12,-2.2257e-06,1.9200000000000003e-12,2.2253e-06,473596.9689793985
top2,0.7,1,2.4120000000000004e-06,1.106e-11,-2.4124000000000004e-06,1.106e-11,2.4120000000000004e-06,613120.7847946049
top2,0.8,1,2.5515e-06,-4.905e-11,-2.5521e-06,4.905e-11,2.5515e-06,850701.8290089319
top2,0.9,1,2.6471000000000005e-06,-1.59e-12,-2.6478000000000003e-06,1.59e-12,2.6471000000000005e-06,1304631.44161774
top2,1.0,1,2.7048000000000003e-06,2.28e-12,-2.7056000000000004e-06,2.28e-12,2.7048000000000003e-06,2217294.90022173
top2,1.1,1,2.7373000000000005e-06,-4.0960000000000006e-11,-2.7378000000000003e-06,4.0960000000000006e-11,2.7373000000000005e-06,3875968.992248057
top2,1.2,1,2.7564000000000004e-06,-9.5e-13,-2.7563e-06,9.5e-13,2.7564000000000004e-06,6250000.000000025
top2,1.3,1,2.7693000000000003e-06,1.624e-11,-2.7701000000000004e-06,1.624e-11,2.7693000000000003e-06,8510638.297872398
top2,1.4,1,2.7799000000000003e-06,-4.367e-11,-2.7805000000000003e-06,4.367e-11,2.7799000000000003e-06,10256410.256410263
top2,1.5,1,2.7888000000000003e-06,-2.500000000000001e-12,-2.7891e-06,2.500000000000001e-12,2.7888000000000003e-06,12658227.848101327
top2,1.6,1,2.7957e-06,4.4670000000000006e-11,-2.7969000000000003e-06,4.4670000000000006e-11,2.7957e-06,13986013.986013968
top2,1.7,1,2.8031000000000003e-06,-7.680000000000001e-12,-2.8036e-06,7.680000000000001e-12,2.8031000000000003e-06,14184397.163120564
top2,1.8,1,2.8098e-06,-2.36e-12,-2.8109000000000005e-06,2.36e-12,2.8098e-06,15037593.984962488
top2,1.9,1,2.8164000000000003e-06,4.225e-11,-2.8168000000000003e-06,4.225e-11,2.8164000000000003e-06,16393442.622950723
top2,2.0,1,2.8220000000000003e-06,-1.942e-11,-2.8223000000000005e-06,1.942e-11,2.8220000000000003e-06,16949152.54237282
top2,2.1,1,2.8282000000000003e-06,-3.4e-13,-2.8289e-06,3.4e-13,2.8282000000000003e-06,17857142.85714288
top2,2.2,1,2.8332e-06,8.14e-12,-2.8338000000000003e-06,8.14e-12,2.8332e-06,18518518.5185186
top2,2.3000000000000003,1,2.8390000000000003e-06,-4.9770000000000006e-11,-2.8392000000000003e-06,4.9770000000000006e-11,2.8390000000000003e-06,18348623.85321068
top2,2.4,1,2.8441000000000004e-06,-1.03e-12,-2.8441000000000004e-06,1.03e-12,2.8441000000000004e-06,20000000.000000164
top2,2.5,1,2.849e-06,2.3300000000000004e-12,-2.8499000000000004e-06,2.3300000000000004e-12,2.849e-06,21052631.57894815
top2,2.6,1,2.8536e-06,-4.393e-11,-2.8548e-06,4.393e-11,2.8536e-06,21739130.434781995
top2,2.7,1,2.8582000000000004e-06,5.120000000000001e-12,-2.8593000000000003e-06,5.120000000000001e-12,2.8582000000000004e-06,23529411.764705893
top2,2.8000000000000003,1,2.8621e-06,1.18e-12,-2.8634000000000004e-06,1.18e-12,2.8621e-06,22471910.11235944
top2,2.9,1,2.8671000000000005e-06,-1.5230000000000002e-11,-2.8677e-06,1.5230000000000002e-11,2.8671000000000005e-06,19607843.137254216
top2,3.0,1,2.8723000000000004e-06,3.194e-11,-2.8724e-06,3.194e-11,2.8723000000000004e-06,22471910.112359487
top2,3.1,1,2.8760000000000005e-06,8.100000000000002e-13,-2.8764e-06,8.100000000000002e-13,2.8760000000000005e-06,26315789.47368519
top2,3.2,1,2.8799e-06,-1.852e-11,-2.8805e-06,1.852e-11,2.8799e-06,25641025.641026523
top2,3.3000000000000003,1,2.8838e-06,4.789e-11,-2.8843000000000005e-06,4.789e-11,2.8838e-06,23255813.95348773
top2,3.4,1,2.8885000000000004e-06,2.19e-12,-2.8884e-06,2.19e-12,2.8885000000000004e-06,24691358.024691407
top2,3.5,1,2.8919e-06,-1.025e-11,-2.8923e-06,1.025e-11,2.8919e-06,28985507.246377327
top2,3.6,1,2.8954000000000003e-06,4.742e-11,-2.8962000000000003e-06,4.742e-11,2.8954000000000003e-06,27027027.027026568
top2,3.7,1,2.8993000000000003e-06,-2.23e-12,-2.9006e-06,2.23e-12,2.8993000000000003e-06,22727272.72727213
top2,3.8,1,2.9042000000000005e-06,-9.4e-13,-2.9046e-06,9.4e-13,2.9042000000000005e-06,26315789.473683663
top2,3.9,1,2.9069000000000005e-06,2.633e-11,-2.9081e-06,2.633e-11,2.9069000000000005e-06,30769230.769231424
top2,4.0,1,2.9107000000000004e-06,-4.3430000000000005e-11,-2.9113000000000004e-06,4.3430000000000005e-11,2.9107000000000004e-06,28985507.246377263
top2,4.1,1,2.9138000000000004e-06,-3.900000000000001e-13,-2.9149e-06,3.900000000000001e-13,2.9138000000000004e-06,28985507.246377327
top2,4.2,1,2.9176e-06,1.4200000000000002e-12,-2.9185e-06,1.4200000000000002e-12,2.9176e-06,25000000.00000079
top2,4.3,1,2.9218e-06,-4.268e-11,-2.9228e-06,4.268e-11,2.9218e-06,23529411.764705893
top2,4.4,1,2.9261e-06,2.95e-11,-2.927e-06,2.95e-11,2.9261e-06,27027027.027026568
top2,4.5,1,2.9292000000000003e-06,2.29e-12,-2.9299e-06,2.29e-12,2.9292000000000003e-06,29411764.705882
top2,4.6000000000000005,1,2.9329000000000003e-06,-1.3300000000000002e-12,-2.9329000000000003e-06,1.3300000000000002e-12,2.9329000000000003e-06,31249999.999999747
top2,4.7,1,2.9356000000000003e-06,5.0270000000000005e-11,-2.9363e-06,5.0270000000000005e-11,2.9356000000000003e-06,35714285.714285605
top2,4.8,1,2.9385000000000003e-06,-1.356e-11,-2.939e-06,1.356e-11,2.9385000000000003e-06,29850746.26865733
top2,4.9,1,2.9423e-06,-1.4700000000000002e-12,-2.9425e-06,1.4700000000000002e-12,2.9423e-06,29850746.26865733
top2,5.0,1,2.9452e-06,4.48e-12,-2.9458e-06,4.48e-12,2.9452e-06,34482758.62068946
top2,0.0,2,4.899400000000001e-10,-4.821e-11,-4.8797e-10,4.821e-11,4.899400000000001e-10,80807.42390086106
top2,0.1,2,1.238e-06,5.083000000000001e-11,-1.2383e-06,5.083000000000001e-11,1.238e-06,83385.0994979775
top2,0.2,2,2.399e-06,3.0570000000000004e-11,-2.4000000000000003e-06,3.0570000000000004e-11,2.399e-06,89150.39671926538
top2,0.3,2,3.4814e-06,-3.701e-11,-3.4818000000000003e-06,3.701e-11,3.4814e-06,95634.2944579926
top2,0.4,2,4.490300000000001e-06,-7.700000000000002e-13,-4.4908e-06,7.700000000000002e-13,4.490300000000001e-06,102796.05263157892
top2,0.5,2,5.427000000000001e-06,8.2e-13,-5.4269000000000005e-06,8.2e-13,5.427000000000001e-06,111104.9386145214
top2,0.6,2,6.290400000000001e-06,-4.1900000000000005e-11,-6.290700000000001e-06,4.1900000000000005e-11,6.290400000000001e-06,120489.18609554796
top2,0.7,2,7.086900000000001e-06,3.063e-11,-7.0871e-06,3.063e-11,7.086900000000001e-06,131173.34557617895
top2,0.8,2,7.8151e-06,1.4e-12,-7.815200000000001e-06,1.4e-12,7.8151e-06,143533.80221042052
top2,0.9,2,8.4803e-06,-7.400000000000002e-13,-8.4809e-06,7.400000000000002e-13,8.4803e-06,157865.65632646618
top2,1.0,2,9.082e-06,4.786e-11,-9.0823e-06,4.786e-11,9.082e-06,174840.45808200008
top2,1.1,2,9.6242e-06,-1.927e-11,-9.6251e-06,1.927e-11,9.6242e-06,194855.8067030396
top2,1.2,2,1.01084e-05,-1.79e-12,-1.01087e-05,1.79e-12,1.01084e-05,219322.29411119665
top2,1.3,2,1.05361e-05,2.844e-11,-1.05363e-05,2.844e-11,1.05361e-05,249314.38544004
top2,1.4,2,1.0910600000000002e-05,-4.098e-11,-1.09099e-05,4.098e-11,1.0910600000000002e-05,288267.5122513692
top2,1.5,2,1.12299e-05,-6.1e-13,-1.12306e-05,6.1e-13,1.12299e-05,341646.73727366026
top2,1.6,2,1.1496e-05,-1.0500000000000002e-12,-1.14966e-05,1.0500000000000002e-12,1.1496e-05,414851.6905206388
top2,1.7,2,1.1712e-05,5.118e-11,-1.1714e-05,5.118e-11,1.1712e-05,515463.9175257726
top2,1.8,2,1.1884e-05,-3.4400000000000005e-11,-1.1884e-05,3.4400000000000005e-11,1.1884e-05,657894.7368421077
top2,1.9,2,1.2016e-05,5.910000000000001e-12,-1.2014e-05,5.910000000000001e-12,1.2016e-05,884955.7522123858
top2,2.0,2,1.211e-05,2.070000000000001e-12,-1.2108e-05,2.070000000000001e-12,1.211e-05,1249999.9999999984
top2,2.1,2,1.2176e-05,-1.45e-12,-1.218e-05,1.45e-12,1.2176e-05,1666666.6666666842
top2,2.2,2,1.223e-05,2.3000000000000003e-12,-1.223e-05,2.3000000000000003e-12,1.223e-05,2173913.04347826
top2,2.3000000000000003,2,1.2268e-05,-3.234e-11,-1.2268e-05,3.234e-11,1.2268e-05,2777777.7777777617
top2,2.4,2,1.2302e-05,3.942e-11,-1.2302e-05,3.942e-11,1.2302e-05,3225806.4516128767
top2,2.5,2,1.233e-05,-6.440000000000001e-12,-1.233e-05,6.440000000000001e-12,1.233e-05,3703703.703703719
top2,2.6,2,1.2356e-05,3.0000000000000005e-14,-1.2356e-05,3.0000000000000005e-14,1.2356e-05,4347826.086956599
top2,2.7,2,1.2376e-05,1.4e-12,-1.2378e-05,1.4e-12,1.2376e-05,4761904.761904697
top2,2.8000000000000003,2,1.2398e-05,-2.2000000000000003e-12,-1.24e-05,2.2000000000000003e-12,1.2398e-05,4761904.761904686
top2,2.9,2,1.2418e-05,2.3200000000000002e-12,-1.2422e-05,2.3200000000000002e-12,1.2418e-05,5555555.555555654
top2,3.0,2,1.2434e-05,-5.072000000000001e-11,-1.2436e-05,5.072000000000001e-11,1.2434e-05,5882352.941176473
top2,3.1,2,1.2452e-05,3.466e-11,-1.2456e-05,3.466e-11,1.2452e-05,5263157.894736803
top2,3.2,2,1.2472e-05,-7.3e-13,-1.2472e-05,7.3e-13,1.2472e-05,5555555.555555666
top2,3.3000000000000003,2,1.2488e-05,-1.9000000000000002e-13,-1.249e-05,1.9000000000000002e-13,1.2488e-05,6249999.999999853
top2,3.4,2,1.2504e-05,1.4800000000000006e-12,-1.2502e-05,1.4800000000000006e-12,1.2504e-05,6666666.666666345
top2,3.5,2,1.2518e-05,-1.226e-11,-1.2518e-05,1.226e-11,1.2518e-05,6666666.666666737
top2,3.6,2,1.2534e-05,4.6640000000000006e-11,-1.2532e-05,4.6640000000000006e-11,1.2534e-05,7142857.142857477
top2,3.7,2,1.2546e-05,-4.81e-11,-1.2546e-05,4.81e-11,1.2546e-05,7142857.142857045
top2,3.8,2,1.2562e-05,2.16e-11,-1.2562e-05,2.16e-11,1.2562e-05,7142857.142857029
top2,3.9,2,1.2574e-05,-1.65e-12,-1.2576e-05,1.65e-12,1.2574e-05,7142857.142857461
top2,4.0,2,1.259e-05,-2.18e-12,-1.259e-05,2.18e-12,1.259e-05,7142857.142857029
top2,4.1,2,1.2602e-05,1.02e-12,-1.2602e-05,1.02e-12,1.2602e-05,7692307.692307372
top2,4.2,2,1.2616e-05,-3.2200000000000004e-12,-1.2616e-05,3.2200000000000004e-12,1.2616e-05,7692307.692307872
top2,4.3,2,1.2628e-05,3.5670000000000005e-11,-1.263e-05,3.5670000000000005e-11,1.2628e-05,8333333.333333302
top2,4.4,2,1.264e-05,-5.0460000000000006e-11,-1.2644e-05,5.0460000000000006e-11,1.264e-05,7692307.692307372
top2,4.5,2,1.2654e-05,3.5490000000000005e-11,-1.2654e-05,3.5490000000000005e-11,1.2654e-05,9090909.090909466
top2,4.6000000000000005,2,1.2662e-05,-7.26e-12,-1.2668e-05,7.26e-12,1.2662e-05,8333333.333333302
top2,4.7,2,1.2678e-05,-2.8400000000000004e-12,-1.2682e-05,2.8400000000000004e-12,1.2678e-05,7142857.142857012
top2,4.8,2,1.269e-05,1.74e-12,-1.2692e-05,1.74e-12,1.269e-05,8333333.333333891
top2,4.9,2,1.2702e-05,-4.9730000000000006e-11,-1.27e-05,4.9730000000000006e-11,1.2702e-05,9090909.090908764
top2,5.0,2,1.2712e-05,4.495e-11,-1.2714e-05,4.495e-11,1.2712e-05,9999999.999998366
top2,0.0,3,7.8881e-10,-4.986e-11,-6.7426e-10,4.986e-11,7.8881e-10,47471.85795865627
top2,0.1,3,2.1073e-06,-1.3000000000000001e-12,-2.1081e-06,1.3000000000000001e-12,2.1073e-06,48494.121854123565
top2,0.2,3,4.125e-06,-2.5300000000000003e-12,-4.1258e-06,2.5300000000000003e-12,4.125e-06,50744.678151878805
top2,0.3,3,6.048600000000001e-06,5.4500000000000004e-12,-6.048100000000001e-06,5.4500000000000004e-12,6.048600000000001e-06,53199.97872000851
top2,0.4,3,7.8844e-06,-5.0020000000000005e-11,-7.8844e-06,5.0020000000000005e-11,7.8844e-06,55795.787418049935
top2,0.5,3,9.6331e-06,-1.4400000000000001e-12,-9.6333e-06,1.4400000000000001e-12,9.6331e-06,58687.16805070568
top2,0.6,3,1.1292300000000002e-05,2.7000000000000002e-12,-1.1292e-05,2.7000000000000002e-12,1.1292300000000002e-05,61787.51274367453
top2,0.7,3,1.287e-05,3.658e-11,-1.287e-05,3.658e-11,1.287e-05,65237.95544247649
top2,0.8,3,1.4358e-05,-4.883e-11,-1.436e-05,4.883e-11,1.4358e-05,68965.5172413793
top2,0.9,3,1.577e-05,2.617e-11,-1.5774000000000002e-05,2.617e-11,1.577e-05,72833.21194464673
top2,1.0,3,1.7104e-05,-2.2200000000000002e-12,-1.7100000000000002e-05,2.2200000000000002e-12,1.7104e-05,77399.38080495357
top2,1.1,3,1.8354e-05,-9.9e-13,-1.8356e-05,9.9e-13,1.8354e-05,82372.32289950571
top2,1.2,3,1.9532e-05,1.32e-12,-1.9528e-05,1.32e-12,1.9532e-05,87873.46221441124
top2,1.3,3,2.063e-05,-2.26e-12,-2.063e-05,2.26e-12,2.063e-05,94073.3772342428
top2,1.4,3,2.1658e-05,2.408e-11,-2.166e-05,2.408e-11,2.1658e-05,100502.51256281408
top2,1.5,3,2.262e-05,-5.0750000000000006e-11,-2.2618e-05,5.0750000000000006e-11,2.262e-05,108108.10810810822
top2,1.6,3,2.3508e-05,4.228e-11,-2.351e-05,4.228e-11,2.3508e-05,116686.11435239196
top2,1.7,3,2.4334e-05,-1.5830000000000002e-11,-2.4334e-05,1.5830000000000002e-11,2.4334e-05,126262.6262626262
top2,1.8,3,2.5092e-05,-2.08e-12,-2.5092e-05,2.08e-12,2.5092e-05,137362.63736263738
top2,1.9,3,2.579e-05,2.14e-12,-2.5786e-05,2.14e-12,2.579e-05,150375.93984962374
top2,2.0,3,2.6422e-05,-3.3260000000000003e-11,-2.6424e-05,3.3260000000000003e-11,2.6422e-05,165837.4792703153
top2,2.1,3,2.6996e-05,4.927e-11,-2.6994e-05,4.927e-11,2.6996e-05,183823.5294117648
top2,2.2,3,2.7510000000000003e-05,-3.111e-11,-2.7514e-05,3.111e-11,2.7510000000000003e-05,204918.03278688496
top2,2.3000000000000003,3,2.7972000000000003e-05,-2.2500000000000003e-12,-2.7972000000000003e-05,2.2500000000000003e-12,2.7972000000000003e-05,230946.88221709023
top2,2.4,3,2.8376e-05,2.29e-12,-2.8380000000000003e-05,2.29e-12,2.8376e-05,263852.2427440635
top2,2.5,3,2.873e-05,-3.7000000000000004e-13,-2.8732e-05,3.7000000000000004e-13,2.873e-05,304878.0487804872
top2,2.6,3,2.9032000000000003e-05,1.914e-11,-2.9032000000000003e-05,1.914e-11,2.9032000000000003e-05,359712.23021582805
top2,2.7,3,2.9286e-05,-4.994e-11,-2.929e-05,4.994e-11,2.9286e-05,431034.48275862326
top2,2.8000000000000003,3,2.9496e-05,4.484e-11,-2.9498e-05,4.484e-11,2.9496e-05,523560.2094240821
top2,2.9,3,2.9668e-05,7.400000000000002e-13,-2.9672e-05,7.400000000000002e-13,2.9668e-05,636942.6751592334
top2,3.0,3,2.981e-05,-2.0500000000000004e-12,-2.9812e-05,2.0500000000000004e-12,2.981e-05,787401.5748031463
top2,3.1,3,2.9922000000000003e-05,2.01e-12,-2.9922000000000003e-05,2.01e-12,2.9922000000000003e-05,970873.786407763
top2,3.2,3,3.0016e-05,-2.0060000000000003e-11,-3.0018e-05,2.0060000000000003e-11,3.0016e-05,1176470.588235295
top2,3.3000000000000003,3,3.0092000000000003e-05,4.7650000000000005e-11,-3.0094e-05,4.7650000000000005e-11,3.0092000000000003e-05,1388888.8888888808
top2,3.4,3,3.0160000000000003e-05,-9.790000000000004e-12,-3.0160000000000003e-05,9.790000000000004e-12,3.0160000000000003e-05,1612903.2258064826
top2,3.5,3,3.0216e-05,-1.98e-12,-3.0216e-05,1.98e-12,3.0216e-05,1785714.2857143153
top2,3.6,3,3.0272e-05,3.800000000000001e-13,-3.027e-05,3.800000000000001e-13,3.0272e-05,1999999.9999999527
top2,3.7,3,3.0316e-05,-2.400000000000001e-12,-3.0316e-05,2.400000000000001e-12,3.0316e-05,2272727.272727279
top2,3.8,3,3.036e-05,2.693e-11,-3.036e-05,2.693e-11,3.036e-05,2380952.380952439
top2,3.9,3,3.04e-05,-5.0310000000000005e-11,-3.0404e-05,5.0310000000000005e-11,3.04e-05,2380952.380952343
top2,4.0,3,3.0444e-05,3.9240000000000005e-11,-3.0446e-05,3.9240000000000005e-11,3.0444e-05,2500000.0000000205
top2,4.1,3,3.048e-05,-1.205e-11,-3.0482e-05,1.205e-11,3.048e-05,2702702.702702719
top2,4.2,3,3.0518e-05,-1.51e-12,-3.0518e-05,1.51e-12,3.0518e-05,2857142.8571426794
top2,4.3,3,3.0550000000000004e-05,7.95e-12,-3.0554e-05,7.95e-12,3.0550000000000004e-05,3030303.030302922
top2,4.4,3,3.0584000000000004e-05,-4.386e-11,-3.0586e-05,4.386e-11,3.0584000000000004e-05,3030303.0303032333
top2,4.5,3,3.0616e-05,2.7540000000000003e-11,-3.0624000000000004e-05,2.7540000000000003e-11,3.0616e-05,3125000.0000000987
top2,4.6000000000000005,3,3.0648e-05,2.5800000000000003e-12,-3.065e-05,2.5800000000000003e-12,3.0648e-05,3124999.999999768
top2,4.7,3,3.0680000000000004e-05,-1.7500000000000002e-12,-3.0680000000000004e-05,1.7500000000000002e-12,3.0680000000000004e-05,3448275.8620690466
top2,4.8,3,3.0706e-05,3.15e-11,-3.0714000000000004e-05,3.15e-11,3.0706e-05,3333333.3333335565
top2,4.9,3,3.074e-05,-5.099e-11,-3.0742e-05,5.099e-11,3.074e-05,3333333.33333318
top2,5.0,3,3.0766e-05,4.760000000000001e-12,-3.077e-05,4.760000000000001e-12,3.0766e-05,3846153.8461534176
top2,0.0,4,1.0084e-09,1.59e-12,-9.6373e-10,1.59e-12,1.0084e-09,32145.12521104882
top2,0.1,4,3.1119e-06,-1.36e-12,-3.1126000000000005e-06,1.36e-12,3.1119e-06,32673.910646917942
top2,0.2,4,6.1221e-06,-1.96e-12,-6.1226000000000005e-06,1.96e-12,6.1221e-06,33826.63847780126
top2,0.3,4,9.0244e-06,2.2790000000000003e-11,-9.0235e-06,2.2790000000000003e-11,9.0244e-06,35076.02728914923
top2,0.4,4,1.1824e-05,5.0600000000000005e-11,-1.1826e-05,5.0600000000000005e-11,1.1824e-05,36339.850279816856
top2,0.5,4,1.4528e-05,-3.5190000000000003e-11,-1.453e-05,3.5190000000000003e-11,1.4528e-05,37707.39064856712
top2,0.6,4,1.7128e-05,6.580000000000002e-12,-1.713e-05,6.580000000000002e-12,1.7128e-05,39184.95297805643
top2,0.7,4,1.9632e-05,1.14e-12,-1.9632e-05,1.14e-12,1.9632e-05,40749.79625101875
top2,0.8,4,2.2036e-05,-1.36e-12,-2.2036e-05,1.36e-12,2.2036e-05,42390.84357778718
top2,0.9,4,2.435e-05,1.7000000000000002e-12,-2.435e-05,1.7000000000000002e-12,2.435e-05,44150.11037527594
top2,1.0,4,2.6566e-05,-7.61e-12,-2.6568e-05,7.61e-12,2.6566e-05,46019.32811780951
top2,1.1,4,2.8696e-05,3.896e-11,-2.8694e-05,3.896e-11,2.8696e-05,48076.92307692302
top2,1.2,4,3.0726000000000004e-05,-4.996e-11,-3.0728e-05,4.996e-11,3.0726000000000004e-05,50327.12632108702
top2,1.3,4,3.2670000000000004e-05,1.4720000000000002e-11,-3.2672e-05,1.4720000000000002e-11,3.2670000000000004e-05,52521.008403361455
top2,1.4,4,3.4534e-05,-4.2000000000000003e-13,-3.4532e-05,4.2000000000000003e-13,3.4534e-05,55035.7732526142
top2,1.5,4,3.6304e-05,-1.69e-12,-3.6306e-05,1.69e-12,3.6304e-05,57836.89994216309
top2,1.6,4,3.7992e-05,1.6e-12,-3.7994e-05,1.6e-12,3.7992e-05,60716.45415907711
top2,1.7,4,3.9598e-05,-1.875e-11,-3.96e-05,1.875e-11,3.9598e-05,63897.76357827463
top2,1.8,4,4.1122e-05,4.9000000000000005e-11,-4.1126e-05,4.9000000000000005e-11,4.1122e-05,67340.0673400674
top2,1.9,4,4.2568e-05,-4.708e-11,-4.2572e-05,4.708e-11,4.2568e-05,71073.20540156367
top2,2.0,4,4.3936e-05,2.032e-11,-4.3936e-05,2.032e-11,4.3936e-05,75187.96992481206
top2,2.1,4,4.5228e-05,-8.75e-12,-4.5228e-05,8.75e-12,4.5228e-05,79744.8165869218
top2,2.2,4,4.644400000000001e-05,-6.900000000000001e-13,-4.6448e-05,6.900000000000001e-13,4.644400000000001e-05,84674.0050804403
top2,2.3000000000000003,4,4.759e-05,1.07e-12,-4.7594e-05,1.07e-12,4.759e-05,90090.09009009016
top2,2.4,4,4.8664e-05,-5.0930000000000005e-11,-4.8668e-05,5.0930000000000005e-11,4.8664e-05,96246.39076034656
top2,2.5,4,4.9668e-05,3.823e-11,-4.9672e-05,3.823e-11,4.9668e-05,102986.61174047369
top2,2.6,4,5.0606e-05,-8.370000000000003e-12,-5.0610000000000005e-05,8.370000000000003e-12,5.0606e-05,110375.2759381898
top2,2.7,4,5.148e-05,-1.8200000000000003e-12,-5.1482e-05,1.8200000000000003e-12,5.148e-05,119047.61904761932
top2,2.8000000000000003,4,5.2286e-05,1.55e-12,-5.2284e-05,1.55e-12,5.2286e-05,129032.2580645162
top2,2.9,4,5.303e-05,-1.26e-12,-5.3034e-05,1.26e-12,5.303e-05,140449.43820224714
top2,3.0,4,5.371e-05,7.65e-12,-5.3716e-05,7.65e-12,5.371e-05,152671.75572519028
top2,3.1,4,5.4340000000000005e-05,-4.109e-11,-5.4340000000000005e-05,4.109e-11,5.4340000000000005e-05,167504.1876046899
top2,3.2,4,5.4904e-05,4.9360000000000005e-11,-5.4906e-05,4.9360000000000005e-11,5.4904e-05,186219.7392923657
top2,3.3000000000000003,4,5.5414e-05,-3.423e-11,-5.5418e-05,3.423e-11,5.5414e-05,206611.57024793327
top2,3.4,4,5.5872e-05,6.0700000000000006e-12,-5.5878e-05,6.0700000000000006e-12,5.5872e-05,232018.5614849186
top2,3.5,4,5.6276e-05,1.2400000000000002e-12,-5.628e-05,1.2400000000000002e-12,5.6276e-05,262467.1916010511
top2,3.6,4,5.6634e-05,-9.4e-13,-5.6632e-05,9.4e-13,5.6634e-05,299401.1976047902
top2,3.7,4,5.6944e-05,1.73e-12,-5.6946e-05,1.73e-12,5.6944e-05,346020.76124567486
top2,3.8,4,5.7212e-05,-4.7550000000000006e-11,-5.7214000000000005e-05,4.7550000000000006e-11,5.7212e-05,401606.42570280994
top2,3.9,4,5.7442e-05,1.6290000000000003e-11,-5.7452000000000005e-05,1.6290000000000003e-11,5.7442e-05,462962.9629629639
top2,4.0,4,5.7644e-05,-2.9000000000000013e-13,-5.7644e-05,2.9000000000000013e-13,5.7644e-05,537634.408602156
top2,4.1,4,5.7814e-05,-1.98e-12,-5.7816e-05,1.98e-12,5.7814e-05,628930.8176100514
top2,4.2,4,5.7962000000000005e-05,1.3800000000000002e-12,-5.7962000000000005e-05,1.3800000000000002e-12,5.7962000000000005e-05,719424.4604316561
top2,4.3,4,5.8092e-05,-1.7000000000000003e-11,-5.8096e-05,1.7000000000000003e-11,5.8092e-05,806451.612903243
top2,4.4,4,5.821e-05,4.7290000000000005e-11,-5.8212e-05,4.7290000000000005e-11,5.821e-05,892857.1428571306
top2,4.5,4,5.8316e-05,-3.2980000000000005e-11,-5.8322e-05,3.2980000000000005e-11,5.8316e-05,999999.9999999766
top2,4.6000000000000005,4,5.8410000000000005e-05,5.210000000000001e-12,-5.8414e-05,5.210000000000001e-12,5.8410000000000005e-05,1075268.8172042947
top2,4.7,4,5.8502e-05,1.5600000000000002e-12,-5.8498e-05,1.5600000000000002e-12,5.8502e-05,1176470.5882352896
top2,4.8,4,5.8580000000000005e-05,-2.7100000000000004e-12,-5.8588e-05,2.7100000000000004e-12,5.8580000000000005e-05,1282051.2820513125
top2,4.9,4,5.8658e-05,3.903e-11,-5.8664e-05,3.903e-11,5.8658e-05,1298701.2987013094
top2,5.0,4,5.8734e-05,-5.0860000000000006e-11,-5.8736e-05,5.0860000000000006e-11,5.8734e-05,1315789.4736841363
top2,0.0,5,1.1232e-09,-1.69e-12,-1.0036e-09,1.69e-12,1.1232e-09,23625.153114617337
top2,0.1,5,4.2339e-06,-2.2000000000000003e-12,-4.234900000000001e-06,2.2000000000000003e-12,4.2339e-06,23934.39066535787
top2,0.2,5,8.3573e-06,-1.8200000000000003e-12,-8.358e-06,1.8200000000000003e-12,8.3573e-06,24618.111544663403
top2,0.3,5,1.2358e-05,-1.32e-12,-1.2358e-05,1.32e-12,1.2358e-05,25339.871020056504
top2,0.4,5,1.6250000000000002e-05,1.5600000000000002e-12,-1.6252e-05,1.5600000000000002e-12,1.6250000000000002e-05,26055.23710265764
top2,0.5,5,2.0034e-05,-2.269e-11,-2.0032e-05,2.269e-11,2.0034e-05,26860.05909213
top2,0.6,5,2.3696e-05,5.025e-11,-2.3698e-05,5.025e-11,2.3696e-05,27685.49280177188
top2,0.7,5,2.7258e-05,-4.3680000000000005e-11,-2.726e-05,4.3680000000000005e-11,2.7258e-05,28530.670470756075
top2,0.8,5,3.0706e-05,1.324e-11,-3.0706e-05,1.324e-11,3.0706e-05,29429.07592701588
top2,0.9,5,3.4054e-05,1.7600000000000002e-12,-3.4058e-05,1.7600000000000002e-12,3.4054e-05,30376.670716889406
top2,1.0,5,3.729e-05,-1.31e-12,-3.729e-05,1.31e-12,3.729e-05,31377.470975839373
top2,1.1,5,4.0428e-05,2e-12,-4.0434e-05,2e-12,4.0428e-05,32404.406999351933
top2,1.2,5,4.3462e-05,-4.6500000000000006e-12,-4.3462e-05,4.6500000000000006e-12,4.3462e-05,33523.29869259132
top2,1.3,5,4.6394e-05,3.778e-11,-4.6394e-05,3.778e-11,4.6394e-05,34662.04506065861
top2,1.4,5,4.9232e-05,-5.045e-11,-4.9232e-05,5.045e-11,4.9232e-05,35868.00573888094
top2,1.5,5,5.197e-05,4.06e-12,-5.1966e-05,4.06e-12,5.197e-05,37216.22627465575
top2,1.6,5,5.4606e-05,1.18e-12,-5.461e-05,1.18e-12,5.4606e-05,38565.36829926724
top2,1.7,5,5.7156e-05,-3.6200000000000003e-12,-5.7156e-05,3.6200000000000003e-12,5.7156e-05,40016.006402561
top2,1.8,5,5.9604e-05,4.0340000000000006e-11,-5.9602e-05,4.0340000000000006e-11,5.9604e-05,41597.337770382685
top2,1.9,5,6.1964e-05,-5.0460000000000006e-11,-6.1966e-05,5.0460000000000006e-11,6.1964e-05,43215.21175453755
top2,2.0,5,6.4232e-05,3.081e-11,-6.423400000000001e-05,3.081e-11,6.4232e-05,44964.028776978455
top2,2.1,5,6.6412e-05,6.200000000000001e-13,-6.6414e-05,6.200000000000001e-13,6.6412e-05,46816.47940074908
top2,2.2,5,6.850400000000001e-05,-1.07e-12,-6.8506e-05,1.07e-12,6.850400000000001e-05,48828.12500000009
top2,2.3000000000000003,5,7.0508e-05,1.3300000000000002e-12,-7.0508e-05,1.3300000000000002e-12,7.0508e-05,50942.43504839538
top2,2.4,5,7.243e-05,-1.88e-12,-7.2434e-05,1.88e-12,7.243e-05,53219.79776476842
top2,2.5,5,7.4266e-05,2.8070000000000003e-11,-7.4272e-05,2.8070000000000003e-11,7.4266e-05,55741.36008918612
top2,2.6,5,7.6018e-05,-5.047e-11,-7.602e-05,5.047e-11,7.6018e-05,58309.0379008747
top2,2.7,5,7.7696e-05,4.574e-11,-7.770200000000001e-05,4.574e-11,7.7696e-05,61087.3549175322
top2,2.8000000000000003,5,7.9292e-05,-1.713e-11,-7.9294e-05,1.713e-11,7.9292e-05,64184.85237483941
top2,2.9,5,8.0812e-05,-5.9e-13,-8.0816e-05,5.9e-13,8.0812e-05,67704.80704129985
top2,3.0,5,8.2246e-05,2.51e-12,-8.225e-05,2.51e-12,8.2246e-05,71377.58743754456
top2,3.1,5,8.3614e-05,-1.5e-12,-8.3622e-05,1.5e-12,8.3614e-05,75075.07507507513
top2,3.2,5,8.491e-05,1.0600000000000001e-12,-8.4914e-05,1.0600000000000001e-12,8.491e-05,79302.14115781133
top2,3.3000000000000003,5,8.6136e-05,-2.722e-11,-8.6138e-05,2.722e-11,8.6136e-05,84104.2893187548
top2,3.4,5,8.728800000000002e-05,5.073e-11,-8.7292e-05,5.073e-11,8.728800000000002e-05,89445.43828264758
top2,3.5,5,8.8372e-05,-4.1460000000000005e-11,-8.837600000000002e-05,4.1460000000000005e-11,8.8372e-05,95419.8473282449
top2,3.6,5,8.9384e-05,1.118e-11,-8.9392e-05,1.118e-11,8.9384e-05,101936.7991845054
top2,3.7,5,9.0334e-05,-5.4000000000000004e-12,-9.034e-05,5.4000000000000004e-12,9.0334e-05,108577.63300760053
top2,3.8,5,9.1226e-05,-1.31e-12,-9.1232e-05,1.31e-12,9.1226e-05,116822.4299065419
top2,3.9,5,9.2046e-05,2.62e-12,-9.2052e-05,2.62e-12,9.2046e-05,126262.6262626258
top2,4.0,5,9.281e-05,-7.1800000000000005e-12,-9.2824e-05,7.1800000000000005e-12,9.281e-05,135869.56521739092
top2,4.1,5,9.3518e-05,4.113e-11,-9.3526e-05,4.113e-11,9.3518e-05,147710.4874446086
top2,4.2,5,9.4164e-05,-5.001e-11,-9.4172e-05,5.001e-11,9.4164e-05,161290.32258064597
top2,4.3,5,9.4758e-05,2.901e-11,-9.4762e-05,2.901e-11,9.4758e-05,176366.84303350886
top2,4.4,5,9.5298e-05,-2.780000000000001e-12,-9.5302e-05,2.780000000000001e-12,9.5298e-05,195694.7162426607
top2,4.5,5,9.578e-05,-2.1500000000000003e-12,-9.5788e-05,2.1500000000000003e-12,9.578e-05,216450.21645021823
top2,4.6000000000000005,5,9.6222e-05,2.2500000000000003e-12,-9.6226e-05,2.2500000000000003e-12,9.6222e-05,238663.48448687533
top2,4.7,5,9.6618e-05,-1.79e-12,-9.6626e-05,1.79e-12,9.6618e-05,265957.4468085113
top2,4.8,5,9.6974e-05,2.568e-11,-9.6982e-05,2.568e-11,9.6974e-05,295857.98816567846
top2,4.9,5,9.7294e-05,-4.874e-11,-9.7298e-05,4.874e-11,9.7294e-05,333333.3333333331
top2,5.0,5,9.7574e-05,2.7670000000000003e-11,-9.7582e-05,2.7670000000000003e-11,9.7574e-05,357142.857142868
