device,VD,VG,ID,IG,IS,absIg,absId,r
bot1,0.0,-5,-3.9884e-12,6.116e-11,-3.102e-11,6.116e-11,3.9884e-12,17846944603.083954
bot1,0.1,-5,1.6148e-12,-2.9e-12,6.400000000000001e-13,2.9e-12,1.6148e-12,42027401866.01664
bot1,0.2,-5,7.704e-13,-1.5400000000000001e-12,1.3400000000000006e-12,1.5400000000000001e-12,7.704e-13,-112764997744.70004
bot1,0.3,-5,-1.588e-13,2.5e-13,2.070000000000001e-12,2.5e-13,1.588e-13,-96674400618.71616
bot1,0.4,-5,-1.2984e-12,4.8000000000000005e-12,3.0400000000000004e-12,4.8000000000000005e-12,1.2984e-12,-100300902708.1244
bot1,0.5,-5,-2.1528e-12,1.479e-11,3.8900000000000006e-12,1.479e-11,2.1528e-12,-124564025909.31738
bot1,0.6,-5,-2.904e-12,2.804e-11,5.99e-12,2.804e-11,2.904e-12,-156298843388.559
bot1,0.7,-5,-3.4324e-12,4.188e-11,8.080000000000003e-12,4.188e-11,3.4324e-12,-223813786929.27487
bot1,0.8,-5,-3.7976e-12,5.3620000000000005e-11,1.121e-11,5.3620000000000005e-11,3.7976e-12,-320718409236.6902
bot1,0.9,-5,-4.056e-12,5.992e-11,1.5340000000000002e-11,5.992e-11,4.056e-12,-496277915632.75446
bot1,1.0,-5,-4.2006e-12,6.245e-11,1.951e-11,6.245e-11,4.2006e-12,-732064421669.1069
bot1,1.1,-5,-4.3292e-12,6.028000000000001e-11,2.326e-11,6.028000000000001e-11,4.3292e-12,22147413182.14032
bot1,1.2,-5,4.8298e-12,-2.116e-11,-3.67e-11,2.116e-11,4.8298e-12,23440063756.97341
bot1,1.3,-5,4.2032e-12,-2.06e-12,-1.546e-11,2.06e-12,4.2032e-12,-30267259904.96083
bot1,1.4,-5,-1.778e-12,2.52e-12,-8.500000000000002e-13,2.52e-12,1.778e-12,-40854679903.58296
bot1,1.5,-5,-6.922e-13,1.22e-12,-1.5600000000000002e-12,1.22e-12,6.922e-13,101812258195.88676
bot1,1.6,-5,1.864e-13,4.800000000000001e-13,-2.46e-12,4.800000000000001e-13,1.864e-13,101926409132.60625
bot1,1.7,-5,1.27e-12,-4.910000000000001e-12,-3.3200000000000004e-12,4.910000000000001e-12,1.27e-12,116063138347.2609
bot1,1.8,-5,1.9096e-12,-1.119e-11,-4.22e-12,1.119e-11,1.9096e-12,158906721754.33035
bot1,1.9,-5,2.5286e-12,-2.234e-11,-5.53e-12,2.234e-11,2.5286e-12,167336010709.50464
bot1,2.0,-5,3.1048e-12,-3.449e-11,-6.620000000000001e-12,3.449e-11,3.1048e-12,187230855645.01028
bot1,2.1,-5,3.5968e-12,-4.923e-11,-9.21e-12,4.923e-11,3.5968e-12,228310502283.1052
bot1,2.2,-5,3.9808e-12,-5.640000000000001e-11,-1.213e-11,5.640000000000001e-11,3.9808e-12,381679389312.9773
bot1,2.3000000000000003,-5,4.1208e-12,-6.157e-11,-1.6630000000000002e-11,6.157e-11,4.1208e-12,766871165644.171
bot1,2.4,-5,4.2416e-12,-6.123e-11,-2.134e-11,6.123e-11,4.2416e-12,-22606022244.32585
bot1,2.5,-5,-4.7264e-12,2.6690000000000004e-11,3.5850000000000004e-11,2.6690000000000004e-11,4.7264e-12,-23004900043.709328
bot1,2.6,-5,-4.4522e-12,2.21e-12,1.7930000000000003e-11,2.21e-12,4.4522e-12,28452739998.86192
bot1,2.7,-5,2.3028e-12,-2.6100000000000004e-12,-7.800000000000002e-13,2.6100000000000004e-12,2.3028e-12,35063113604.48811
bot1,2.8000000000000003,-5,1.2518e-12,-2.8e-12,9.4e-13,2.8e-12,1.2518e-12,-95886470419.02376
bot1,2.9,-5,2.17e-13,-1.46e-12,1.5700000000000002e-12,1.46e-12,2.17e-13,-107735401853.04877
bot1,3.0,-5,-6.046e-13,1.2800000000000002e-12,1.86e-12,1.2800000000000002e-12,6.046e-13,-118329191811.62004
bot1,3.1,-5,-1.4732e-12,6.540000000000001e-12,3.060000000000001e-12,6.540000000000001e-12,1.4732e-12,-123701138050.4702
bot1,3.2,-5,-2.2214e-12,1.661e-11,4.23e-12,1.661e-11,2.2214e-12,-155038759689.92264
bot1,3.3000000000000003,-5,-2.7632e-12,2.813e-11,6e-12,2.813e-11,2.7632e-12,-194061711624.2963
bot1,3.4,-5,-3.252e-12,4.3900000000000005e-11,8.23e-12,4.3900000000000005e-11,3.252e-12,-234082397003.745
bot1,3.5,-5,-3.6176e-12,5.379e-11,1.1250000000000002e-11,5.379e-11,3.6176e-12,-307597662257.767
bot1,3.6,-5,-3.9022e-12,5.908e-11,1.464e-11,5.908e-11,3.9022e-12,-429553264604.81104
bot1,3.7,-5,-4.0832e-12,6.104e-11,1.9020000000000003e-11,6.104e-11,4.0832e-12,-679347826086.957
bot1,3.8,-5,-4.1966e-12,5.948000000000001e-11,2.478e-11,5.948000000000001e-11,4.1966e-12,21664247492.363323
bot1,3.9,-5,5.1486e-12,-1.908e-11,-3.6910000000000005e-11,1.908e-11,5.1486e-12,23010193515.72744
bot1,4.0,-5,4.4952e-12,-2.01e-12,-1.3280000000000002e-11,2.01e-12,4.4952e-12,-31097428242.684288
bot1,4.1,-5,-1.2828e-12,2.0500000000000004e-12,-6.700000000000003e-13,2.0500000000000004e-12,1.2828e-12,-43353854157.63465
bot1,4.2,-5,-1.18e-13,9e-14,-1.79e-12,9e-14,1.18e-13,91928663357.2349
bot1,4.3,-5,8.928e-13,-7.700000000000002e-13,-2.5300000000000003e-12,7.700000000000002e-13,8.928e-13,102965403624.38232
bot1,4.4,-5,1.8244e-12,-3.590000000000001e-12,-3.02e-12,3.590000000000001e-12,1.8244e-12,102511532547.41168
bot1,4.5,-5,2.8438e-12,-1.387e-11,-4.150000000000001e-12,1.387e-11,2.8438e-12,112032265292.40433
bot1,4.6000000000000005,-5,3.6096e-12,-2.4210000000000003e-11,-5.710000000000001e-12,2.4210000000000003e-11,3.6096e-12,132784490771.47804
bot1,4.7,-5,4.35e-12,-3.945e-11,-7.5e-12,3.945e-11,4.35e-12,148964695367.19745
bot1,4.8,-5,4.9522e-12,-5.343e-11,-1.038e-11,5.343e-11,4.9522e-12,184706316956.04004
bot1,4.9,-5,5.4328e-12,-5.946000000000001e-11,-1.3090000000000002e-11,5.946000000000001e-11,5.4328e-12,263019463440.2949
bot1,5.0,-5,5.7126e-12,-6.342e-11,-1.684e-11,6.342e-11,5.7126e-12,357398141529.6632
bot1,0.0,-4,5.0954e-12,-5.6e-13,-2.655e-11,5.6e-13,5.0954e-12,-12372868773.35379
bot1,0.1,-4,-2.9868e-12,2.0500000000000004e-12,3.4700000000000004e-12,2.0500000000000004e-12,2.9868e-12,-38374457960.7813
bot1,0.2,-4,-1.164e-13,-4.0000000000000006e-14,1.6700000000000006e-12,4.0000000000000006e-14,1.164e-13,95219958103.21844
bot1,0.3,-4,-8.863999999999999e-13,2.19e-12,2.51e-12,2.19e-12,8.863999999999999e-13,-133067198935.46242
bot1,0.4,-4,-1.6194e-12,8.64e-12,3.4200000000000004e-12,8.64e-12,1.6194e-12,-137211855104.281
bot1,0.5,-4,-2.344e-12,1.845e-11,4.810000000000001e-12,1.845e-11,2.344e-12,-162946064852.53378
bot1,0.6,-4,-2.8468e-12,2.957e-11,6.14e-12,2.957e-11,2.8468e-12,-175592625109.74545
bot1,0.7,-4,-3.483e-12,4.393e-11,7.970000000000001e-12,4.393e-11,3.483e-12,-209863588667.36627
bot1,0.8,-4,-3.7998e-12,5.314e-11,1.078e-11,5.314e-11,3.7998e-12,-318066157760.814
bot1,0.9,-4,-4.1118e-12,5.988e-11,1.484e-11,5.988e-11,4.1118e-12,-422832980972.5157
bot1,1.0,-4,-4.2728e-12,6.223e-11,1.885e-11,6.223e-11,4.2728e-12,-728862973760.934
bot1,1.1,-4,-4.3862e-12,6.075000000000001e-11,2.411e-11,6.075000000000001e-11,4.3862e-12,21883753501.400555
bot1,1.2,-4,4.8664e-12,-2.2280000000000003e-11,-3.693e-11,2.2280000000000003e-11,4.8664e-12,22530641672.67483
bot1,1.3,-4,4.4906e-12,-1.17e-12,-1.723e-11,1.17e-12,4.4906e-12,-28242205151.378246
bot1,1.4,-4,-2.2152e-12,2.16e-12,1.3e-13,2.16e-12,2.2152e-12,-35535339895.52609
bot1,1.5,-4,-1.1376e-12,9.4e-13,-1.4e-12,9.4e-13,1.1376e-12,94670074789.35904
bot1,1.6,-4,-1.026e-13,1.14e-12,-1.88e-12,1.14e-12,1.026e-13,100563153660.49878
bot1,1.7,-4,8.511999999999999e-13,-2.120000000000001e-12,-2.31e-12,2.120000000000001e-12,8.511999999999999e-13,124781632143.7484
bot1,1.8,-4,1.5002e-12,-6.5e-12,-3.18e-12,6.5e-12,1.5002e-12,163880694854.14633
bot1,1.9,-4,2.0716e-12,-1.453e-11,-4.12e-12,1.453e-11,2.0716e-12,167869733087.12436
bot1,2.0,-4,2.6916e-12,-2.664e-11,-5.75e-12,2.664e-11,2.6916e-12,161082474226.80405
bot1,2.1,-4,3.3132e-12,-4.202e-11,-8.080000000000003e-12,4.202e-11,3.3132e-12,178284899269.03207
bot1,2.2,-4,3.8134e-12,-5.347e-11,-1.109e-11,5.347e-11,3.8134e-12,253228665484.9332
bot1,2.3000000000000003,-4,4.103e-12,-5.895e-11,-1.388e-11,5.895e-11,4.103e-12,472366556447.80286
bot1,2.4,-4,4.2368e-12,-6.279000000000001e-11,-1.712e-11,6.279000000000001e-11,4.2368e-12,811030008110.2983
bot1,2.5,-4,4.3496e-12,-6.133000000000001e-11,-2.2100000000000003e-11,6.133000000000001e-11,4.3496e-12,-22198543775.528347
bot1,2.6,-4,-4.7728e-12,2.872e-11,3.59e-11,2.872e-11,4.7728e-12,-22319933932.99557
bot1,2.7,-4,-4.611e-12,1.37e-12,1.969e-11,1.37e-12,4.611e-12,27523945832.874622
bot1,2.8000000000000003,-4,2.4936e-12,-3.4200000000000004e-12,-1.1600000000000001e-12,3.4200000000000004e-12,2.4936e-12,33551417547.39133
bot1,2.9,-4,1.35e-12,-1.88e-12,1.0500000000000002e-12,1.88e-12,1.35e-12,-86782955827.47537
bot1,3.0,-4,1.89e-13,-2.01e-12,1.7100000000000002e-12,2.01e-12,1.89e-13,-97608589555.881
bot1,3.1,-4,-6.99e-13,1.23e-12,2.2700000000000002e-12,1.23e-12,6.99e-13,-121832358674.46408
bot1,3.2,-4,-1.4526e-12,7.35e-12,2.4800000000000003e-12,7.35e-12,1.4526e-12,-140726146918.09753
bot1,3.3000000000000003,-4,-2.1202e-12,1.504e-11,4.03e-12,1.504e-11,2.1202e-12,-163345311989.54565
bot1,3.4,-4,-2.677e-12,2.5850000000000003e-11,5.5600000000000005e-12,2.5850000000000003e-11,2.677e-12,-188323917137.4762
bot1,3.5,-4,-3.1822e-12,3.74e-11,7.41e-12,3.74e-11,3.1822e-12,-219683655536.02835
bot1,3.6,-4,-3.5874e-12,4.9700000000000007e-11,9.76e-12,4.9700000000000007e-11,3.5874e-12,-237079184447.60565
bot1,3.7,-4,-4.0258e-12,5.6870000000000006e-11,1.239e-11,5.6870000000000006e-11,4.0258e-12,-349895031490.55334
bot1,3.8,-4,-4.159e-12,6.068e-11,1.5540000000000002e-11,6.068e-11,4.159e-12,-695894224077.9398
bot1,3.9,-4,-4.3132e-12,6.231e-11,1.954e-11,6.231e-11,4.3132e-12,-863557858376.5073
bot1,4.0,-4,-4.3906e-12,5.926000000000001e-11,2.426e-11,5.926000000000001e-11,4.3906e-12,21979471173.923527
bot1,4.1,-4,4.7862e-12,-2.0370000000000003e-11,-3.7570000000000006e-11,2.0370000000000003e-11,4.7862e-12,23109632094.65707
bot1,4.2,-4,4.2638e-12,-1.6300000000000001e-12,-1.4850000000000002e-11,1.6300000000000001e-12,4.2638e-12,-29698265621.287743
bot1,4.3,-4,-1.9482e-12,3.2400000000000007e-12,-3.4e-13,3.2400000000000007e-12,1.9482e-12,-36772817533.27944
bot1,4.4,-4,-1.175e-12,1.9400000000000002e-12,-1.2900000000000002e-12,1.9400000000000002e-12,1.175e-12,113726828158.76274
bot1,4.5,-4,-1.896e-13,2.5300000000000003e-12,-1.8400000000000002e-12,2.5300000000000003e-12,1.896e-13,104931794333.6832
bot1,4.6000000000000005,-4,7.31e-13,-1.27e-12,-2.34e-12,1.27e-12,7.31e-13,117882824472.47449
bot1,4.7,-4,1.507e-12,-6.990000000000001e-12,-3.290000000000001e-12,6.990000000000001e-12,1.507e-12,139821029082.77356
bot1,4.8,-4,2.1614e-12,-1.448e-11,-4.610000000000001e-12,1.448e-11,2.1614e-12,136593361562.62816
bot1,4.9,-4,2.9712e-12,-2.9120000000000005e-11,-6.5e-12,2.9120000000000005e-11,2.9712e-12,152905198776.75858
bot1,5.0,-4,3.4694e-12,-4.407e-11,-8.34e-12,4.407e-11,3.4694e-12,200722601364.91312
bot1,0.0,-3,-5.0252e-12,1.17e-12,2.589e-11,1.17e-12,5.0252e-12,12628175986.260544
bot1,0.1,-3,2.8936e-12,-2.3300000000000004e-12,-2.3800000000000004e-12,2.3300000000000004e-12,2.8936e-12,36732295033.7937
bot1,0.2,-3,4.196e-13,-1.7e-13,-2.19e-12,1.7e-13,4.196e-13,-139082058414.4645
bot1,0.3,-3,1.4556e-12,-6.8700000000000004e-12,-3.2200000000000004e-12,6.8700000000000004e-12,1.4556e-12,106315118009.781
bot1,0.4,-3,2.3008e-12,-1.753e-11,-4.73e-12,1.753e-11,2.3008e-12,147754137115.83926
bot1,0.5,-3,2.8092e-12,-2.668e-11,-6.3e-12,2.668e-11,2.8092e-12,177525297354.87302
bot1,0.6,-3,3.4274e-12,-4.1350000000000005e-11,-8.070000000000001e-12,4.1350000000000005e-11,3.4274e-12,215842866393.2657
bot1,0.7,-3,3.7358e-12,-5.407000000000001e-11,-1.075e-11,5.407000000000001e-11,3.7358e-12,335795836131.6321
bot1,0.8,-3,4.023e-12,-5.872e-11,-1.402e-11,5.872e-11,4.023e-12,394944707740.91656
bot1,0.9,-3,4.2422e-12,-6.208000000000001e-11,-1.761e-11,6.208000000000001e-11,4.2422e-12,530503978779.8411
bot1,1.0,-3,4.4e-12,-6.070000000000001e-11,-2.262e-11,6.070000000000001e-11,4.4e-12,-22059472337.421696
bot1,1.1,-3,-4.8242e-12,2.4650000000000003e-11,3.602e-11,2.4650000000000003e-11,4.8242e-12,-22693232877.95579
bot1,1.2,-3,-4.4132e-12,1.1100000000000001e-12,1.7650000000000002e-11,1.1100000000000001e-12,4.4132e-12,28203971119.133568
bot1,1.3,-3,2.267e-12,-2.1500000000000003e-12,-1.07e-12,2.1500000000000003e-12,2.267e-12,35915670006.82401
bot1,1.4,-3,1.1554e-12,-3.0300000000000002e-12,8.7e-13,3.0300000000000002e-12,1.1554e-12,-93641726753.44131
bot1,1.5,-3,1.312e-13,-9.9e-13,1.78e-12,9.9e-13,1.312e-13,-98551295949.54172
bot1,1.6,-3,-8.74e-13,2.3200000000000002e-12,2.57e-12,2.3200000000000002e-12,8.74e-13,-99117851124.98756
bot1,1.7,-3,-1.8866e-12,1.069e-11,3.4200000000000004e-12,1.069e-11,1.8866e-12,-115513457317.77753
bot1,1.8,-3,-2.6054e-12,2.158e-11,5.04e-12,2.158e-11,2.6054e-12,-151998784009.7281
bot1,1.9,-3,-3.2024e-12,3.39e-11,6.470000000000001e-12,3.39e-11,3.2024e-12,-188821752265.86105
bot1,2.0,-3,-3.6646e-12,4.7730000000000006e-11,9.78e-12,4.7730000000000006e-11,3.6646e-12,-276472214542.4383
bot1,2.1,-3,-3.9258e-12,5.869e-11,1.293e-11,5.869e-11,3.9258e-12,-392772977219.16736
bot1,2.2,-3,-4.1738e-12,6.106000000000001e-11,1.816e-11,6.106000000000001e-11,4.1738e-12,-434216239687.3648
bot1,2.3000000000000003,-3,-4.3864e-12,5.962000000000001e-11,2.448e-11,5.962000000000001e-11,4.3864e-12,21967400377.839256
bot1,2.4,-3,4.9306e-12,-1.988e-11,-3.721e-11,1.988e-11,4.9306e-12,23134759976.865208
bot1,2.5,-3,4.2586e-12,-3.900000000000001e-13,-1.4740000000000002e-11,3.900000000000001e-13,4.2586e-12,-31053971802.99363
bot1,2.6,-3,-1.5098e-12,2.04e-12,-1.13e-12,2.04e-12,1.5098e-12,-43971506463.811485
bot1,2.7,-3,-2.898e-13,2.7e-13,-1.6700000000000006e-12,2.7e-13,2.898e-13,92738569971.25111
bot1,2.8000000000000003,-3,6.468e-13,-2.3200000000000002e-12,-2.49e-12,2.3200000000000002e-12,6.468e-13,105285323225.94218
bot1,2.9,-3,1.6098e-12,-8.41e-12,-3.02e-12,8.41e-12,1.6098e-12,122789783889.98018
bot1,3.0,-3,2.2756e-12,-1.931e-11,-5.160000000000001e-12,1.931e-11,2.2756e-12,139353400222.96555
bot1,3.1,-3,3.045e-12,-3.572e-11,-7.55e-12,3.572e-11,3.045e-12,137988133020.5604
bot1,3.2,-3,3.725e-12,-5.1440000000000005e-11,-1.059e-11,5.1440000000000005e-11,3.725e-12,186150409530.9012
bot1,3.3000000000000003,-3,4.1194e-12,-6.029e-11,-1.4920000000000002e-11,6.029e-11,4.1194e-12,316856780735.1073
bot1,3.4,-3,4.3562e-12,-6.217e-11,-2.101e-11,6.217e-11,4.3562e-12,-22483025315.88648
bot1,3.5,-3,-4.7762e-12,2.8960000000000003e-11,3.55e-11,2.8960000000000003e-11,4.7762e-12,-23016548898.65816
bot1,3.6,-3,-4.3332e-12,1.18e-12,1.6430000000000002e-11,1.18e-12,4.3332e-12,29875717017.20844
bot1,3.7,-3,1.9182e-12,-2.3300000000000004e-12,4.1e-13,2.3300000000000004e-12,1.9182e-12,39889903865.33172
bot1,3.8,-3,6.806e-13,-1.5300000000000001e-12,1.26e-12,1.5300000000000001e-12,6.806e-13,-85287846481.8762
bot1,3.9,-3,-4.268e-13,-5.300000000000003e-13,2.28e-12,5.300000000000003e-13,4.268e-13,-102827763496.14384
bot1,4.0,-3,-1.2644e-12,4.78e-12,3.23e-12,4.78e-12,1.2644e-12,-105685901500.73969
bot1,4.1,-3,-2.3192e-12,1.5540000000000002e-11,4.200000000000001e-12,1.5540000000000002e-11,2.3192e-12,-110472823685.37352
bot1,4.2,-3,-3.0748e-12,3.31e-11,6.890000000000001e-12,3.31e-11,3.0748e-12,-157232704402.51587
bot1,4.3,-3,-3.5912e-12,4.928e-11,9.67e-12,4.928e-11,3.5912e-12,-215889464594.12805
bot1,4.4,-3,-4.0012e-12,5.801e-11,1.387e-11,5.801e-11,4.0012e-12,-338524035206.50006
bot1,4.5,-3,-4.182e-12,6.125000000000001e-11,1.892e-11,6.125000000000001e-11,4.182e-12,-470588235294.11774
bot1,4.6000000000000005,-3,-4.4262e-12,5.916e-11,2.57e-11,5.916e-11,4.4262e-12,21738657855.264034
bot1,4.7,-3,5.0182e-12,-1.211e-11,-3.734e-11,1.211e-11,5.0182e-12,24196085073.43503
bot1,4.8,-3,3.8396e-12,-1.23e-12,-9.71e-12,1.23e-12,3.8396e-12,-34914982018.784294
bot1,4.9,-3,-7.1e-13,1.8100000000000002e-12,-1.8000000000000002e-12,1.8100000000000002e-12,7.1e-13,-63942707334.22858
bot1,5.0,-3,7.118e-13,-2e-12,-2.500000000000001e-12,2e-12,7.118e-13,70333380222.25323
bot1,0.0,-2,-4.417e-12,4.102e-11,3.2760000000000005e-11,4.102e-11,4.417e-12,10587836693.206844
bot1,0.1,-2,5.0278e-12,-1.22e-12,-3.224e-11,1.22e-12,5.0278e-12,29235491887.151005
bot1,0.2,-2,2.424e-12,-1.93e-12,-9.600000000000002e-13,1.93e-12,2.424e-12,-54051132371.223175
bot1,0.3,-2,1.3276e-12,-3.23e-12,4.3000000000000004e-13,3.23e-12,1.3276e-12,-91549940492.5387
bot1,0.4,-2,2.394e-13,-3.800000000000001e-13,1.8900000000000002e-12,3.800000000000001e-13,2.394e-13,-90579710144.92757
bot1,0.5,-2,-8.804e-13,1.7700000000000001e-12,2.3300000000000004e-12,1.7700000000000001e-12,8.804e-13,-95002850085.50256
bot1,0.6,-2,-1.8658e-12,1.041e-11,3.7e-12,1.041e-11,1.8658e-12,-117398450340.45557
bot1,0.7,-2,-2.584e-12,2.2100000000000003e-11,4.93e-12,2.2100000000000003e-11,2.584e-12,-160102465577.96997
bot1,0.8,-2,-3.115e-12,3.572e-11,6.8300000000000006e-12,3.572e-11,3.115e-12,-202101859337.10583
bot1,0.9,-2,-3.5736e-12,4.7550000000000006e-11,9.080000000000004e-12,4.7550000000000006e-11,3.5736e-12,-244021473889.70227
bot1,1.0,-2,-3.9346e-12,5.812e-11,1.26e-11,5.812e-11,3.9346e-12,-301932367149.75854
bot1,1.1,-2,-4.236e-12,6.104e-11,1.655e-11,6.104e-11,4.236e-12,-435161009573.54193
bot1,1.2,-2,-4.3942e-12,6.176e-11,2.318e-11,6.176e-11,4.3942e-12,21923574419.573364
bot1,1.3,-2,4.8866e-12,-2.1350000000000003e-11,-3.692e-11,2.1350000000000003e-11,4.8866e-12,23670880083.32152
bot1,1.4,-2,4.055e-12,-1.6200000000000004e-12,-1.184e-11,1.6200000000000004e-12,4.055e-12,-33917850964.96285
bot1,1.5,-2,-1.01e-12,1.7500000000000002e-12,-1.4300000000000002e-12,1.7500000000000002e-12,1.01e-12,-51059484299.208565
bot1,1.6,-2,1.38e-13,-7.600000000000002e-13,-2.23e-12,7.600000000000002e-13,1.38e-13,79923273657.28897
bot1,1.7,-2,1.4924e-12,-6.4e-12,-3.2400000000000007e-12,6.4e-12,1.4924e-12,87001914042.10892
bot1,1.8,-2,2.4368e-12,-2.027e-11,-5.010000000000001e-12,2.027e-11,2.4368e-12,116822429906.54216
bot1,1.9,-2,3.2044e-12,-3.8260000000000005e-11,-7.460000000000003e-12,3.8260000000000005e-11,3.2044e-12,140429714927.67868
bot1,2.0,-2,3.861e-12,-5.343e-11,-1.133e-11,5.343e-11,3.861e-12,218770509735.2877
bot1,2.1,-2,4.1186e-12,-5.919e-11,-1.462e-11,5.919e-11,4.1186e-12,482160077145.61255
bot1,2.2,-2,4.2758e-12,-6.227000000000001e-11,-2.08e-11,6.227000000000001e-11,4.2758e-12,-22519986488.00813
bot1,2.3000000000000003,-2,-4.7624e-12,2.679e-11,3.587e-11,2.679e-11,4.7624e-12,-23391812865.497047
bot1,2.4,-2,-4.2742e-12,8.100000000000002e-13,1.408e-11,8.100000000000002e-13,4.2742e-12,31354842755.463543
bot1,2.5,-2,1.6162e-12,-3.43e-12,8.600000000000002e-13,3.43e-12,1.6162e-12,45193654810.86459
bot1,2.6,-2,1.512e-13,-3.7000000000000004e-13,1.9700000000000003e-12,3.7000000000000004e-13,1.512e-13,-74638005672.4885
bot1,2.7,-2,-1.0634e-12,3.53e-12,2.51e-12,3.53e-12,1.0634e-12,-96366965404.2595
bot1,2.8000000000000003,-2,-1.9242e-12,1.077e-11,3.33e-12,1.077e-11,1.9242e-12,-114929318469.14133
bot1,2.9,-2,-2.8036e-12,2.526e-11,5.470000000000001e-12,2.526e-11,2.8036e-12,-137741046831.95572
bot1,3.0,-2,-3.3762e-12,4.192e-11,8.32e-12,4.192e-11,3.3762e-12,-183519911910.44247
bot1,3.1,-2,-3.8934e-12,5.4760000000000007e-11,1.163e-11,5.4760000000000007e-11,3.8934e-12,-251382604323.7812
bot1,3.2,-2,-4.1718e-12,6.155000000000001e-11,1.6180000000000003e-11,6.155000000000001e-11,4.1718e-12,-486144871171.6091
bot1,3.3000000000000003,-2,-4.3048e-12,6.125000000000001e-11,2.215e-11,6.125000000000001e-11,4.3048e-12,22204458655.29796
bot1,3.4,-2,4.8354e-12,-2.428e-11,-3.71e-11,2.428e-11,4.8354e-12,23683774246.26385
bot1,3.5,-2,4.1398e-12,-2.3200000000000002e-12,-1.304e-11,2.3200000000000002e-12,4.1398e-12,-32315398287.28392
bot1,3.6,-2,-1.3536e-12,2.3000000000000003e-12,-1.18e-12,2.3000000000000003e-12,1.3536e-12,-47165361758.32473
bot1,3.7,-2,-1.006e-13,9.200000000000001e-13,-2e-12,9.200000000000001e-13,1.006e-13,77148588180.83635
bot1,3.8,-2,1.2388e-12,-4.62e-12,-3.13e-12,4.62e-12,1.2388e-12,92404361485.862
bot1,3.9,-2,2.0638e-12,-1.4920000000000002e-11,-4.56e-12,1.4920000000000002e-11,2.0638e-12,118259224219.48895
bot1,4.0,-2,2.93e-12,-3.001e-11,-6.31e-12,3.001e-11,2.93e-12,132784490771.47774
bot1,4.1,-2,3.57e-12,-4.825e-11,-9.73e-12,4.825e-11,3.57e-12,185219485089.8316
bot1,4.2,-2,4.0098e-12,-5.89e-11,-1.3490000000000002e-11,5.89e-11,4.0098e-12,291205591147.35016
bot1,4.3,-2,4.2568e-12,-6.237e-11,-1.923e-11,6.237e-11,4.2568e-12,-22774892958.00312
bot1,4.4,-2,-4.7718e-12,3.324e-11,3.444e-11,3.324e-11,4.7718e-12,-22805017103.762848
bot1,4.5,-2,-4.5132e-12,1.36e-12,1.9240000000000003e-11,1.36e-12,4.5132e-12,28829244385.504684
bot1,4.6000000000000005,-2,2.1656e-12,-2.2000000000000003e-12,-8.000000000000001e-14,2.2000000000000003e-12,2.1656e-12,36275256647.44082
bot1,4.7,-2,1.0002e-12,-2.77e-12,1.37e-12,2.77e-12,1.0002e-12,-84810448647.27304
bot1,4.8,-2,-1.926e-13,1.3e-13,2.0200000000000007e-12,1.3e-13,1.926e-13,-88432967810.3998
bot1,4.9,-2,-1.2614e-12,5.710000000000001e-12,3.4100000000000002e-12,5.710000000000001e-12,1.2614e-12,-86896072297.53224
bot1,5.0,-2,-2.4942e-12,2.036e-11,5.000000000000001e-12,2.036e-11,2.4942e-12,-81116158338.7408
bot1,0.0,-1,-4.752e-12,5.805e-11,2.631e-11,5.805e-11,4.752e-12,10299721907.5085
bot1,0.1,-1,4.957e-12,-4.97e-12,-3.682e-11,4.97e-12,4.957e-12,24660912453.76079
bot1,0.2,-1,3.358e-12,-2.9e-12,-5.5600000000000005e-12,2.9e-12,3.358e-12,-41164121351.82974
bot1,0.3,-1,9.84e-14,2.6e-13,-2.42e-12,2.6e-13,9.84e-14,-91249201569.48624
bot1,0.4,-1,1.1662e-12,-4.01e-12,-2.8600000000000003e-12,4.01e-12,1.1662e-12,95002850085.50258
bot1,0.5,-1,2.2036e-12,-1.4500000000000002e-11,-4.500000000000001e-12,1.4500000000000002e-11,2.2036e-12,109625082218.81165
bot1,0.6,-1,2.9906e-12,-3.222e-11,-6.470000000000001e-12,3.222e-11,2.9906e-12,130718954248.36604
bot1,0.7,-1,3.7336e-12,-4.7910000000000006e-11,-9.45e-12,4.7910000000000006e-11,3.7336e-12,191497510532.3632
bot1,0.8,-1,4.035e-12,-5.829e-11,-1.362e-11,5.829e-11,4.035e-12,388953714507.97375
bot1,0.9,-1,4.2478e-12,-6.181e-11,-2.032e-11,6.181e-11,4.2478e-12,-22822713164.14095
bot1,1.0,-1,-4.7282e-12,2.828e-11,3.5240000000000006e-11,2.828e-11,4.7282e-12,-23089355806.972992
bot1,1.1,-1,-4.4142e-12,1.4800000000000006e-12,1.6740000000000002e-11,1.4800000000000006e-12,4.4142e-12,30646644192.46092
bot1,1.2,-1,1.7978e-12,-2.47e-12,6.3e-13,2.47e-12,1.7978e-12,42265426880.811485
bot1,1.3,-1,3.178e-13,-2.09e-12,1.7100000000000002e-12,2.09e-12,3.178e-13,-71700007170.00078
bot1,1.4,-1,-9.916e-13,4.53e-12,2.6100000000000004e-12,4.53e-12,9.916e-13,-85433575395.13025
bot1,1.5,-1,-2.0232e-12,1.208e-11,4.48e-12,1.208e-11,2.0232e-12,-106894708711.91872
bot1,1.6,-1,-2.8626e-12,2.763e-11,5.89e-12,2.763e-11,2.8626e-12,-136911281489.59473
bot1,1.7,-1,-3.484e-12,4.384e-11,8.65e-12,4.384e-11,3.484e-12,-194287934719.25388
bot1,1.8,-1,-3.892e-12,5.520000000000001e-11,1.2e-11,5.520000000000001e-11,3.892e-12,-328191663931.7364
bot1,1.9,-1,-4.0934e-12,6.194000000000001e-11,1.7070000000000002e-11,6.194000000000001e-11,4.0934e-12,-409332787556.283
bot1,2.0,-1,-4.3806e-12,6.180000000000001e-11,2.2990000000000003e-11,6.180000000000001e-11,4.3806e-12,22246941045.606224
bot1,2.1,-1,4.8966e-12,-1.812e-11,-3.7200000000000005e-11,1.812e-11,4.8966e-12,23328512107.497807
bot1,2.2,-1,4.1926e-12,-1.78e-12,-1.324e-11,1.78e-12,4.1926e-12,-32026646169.613144
bot1,2.3000000000000003,-1,-1.3482e-12,2.9900000000000004e-12,-1.23e-12,2.9900000000000004e-12,1.3482e-12,-47192071731.948975
bot1,2.4,-1,-4.54e-14,-4.600000000000003e-13,-1.91e-12,4.600000000000003e-13,4.54e-14,80899603591.94229
bot1,2.5,-1,1.124e-12,-4.810000000000001e-12,-3.02e-12,4.810000000000001e-12,1.124e-12,94473311289.5608
bot1,2.6,-1,2.0716e-12,-1.57e-11,-4.140000000000001e-12,1.57e-11,2.0716e-12,116550116550.11664
bot1,2.7,-1,2.84e-12,-2.721e-11,-6.25e-12,2.721e-11,2.84e-12,132240148108.96596
bot1,2.8000000000000003,-1,3.584e-12,-4.662e-11,-8.710000000000001e-12,4.662e-11,3.584e-12,166944908180.30035
bot1,2.9,-1,4.038e-12,-5.546e-11,-1.2480000000000002e-11,5.546e-11,4.038e-12,323519896473.63275
bot1,3.0,-1,4.2022e-12,-6.167e-11,-1.6290000000000003e-11,6.167e-11,4.2022e-12,702247191011.2352
bot1,3.1,-1,4.3228e-12,-6.166000000000001e-11,-2.238e-11,6.166000000000001e-11,4.3228e-12,-22079929344.22612
bot1,3.2,-1,-4.8558e-12,1.952e-11,3.631e-11,1.952e-11,4.8558e-12,-23850979082.691364
bot1,3.3000000000000003,-1,-4.0626e-12,1.3400000000000006e-12,1.327e-11,1.3400000000000006e-12,4.0626e-12,32809475376.48869
bot1,3.4,-1,1.24e-12,-1.78e-12,8.800000000000002e-13,1.78e-12,1.24e-12,49815681976.6862
bot1,3.5,-1,-4.78e-14,-1.03e-12,2.08e-12,1.03e-12,4.78e-14,-87973959707.92654
bot1,3.6,-1,-1.0334e-12,3.4200000000000004e-12,2.41e-12,3.4200000000000004e-12,1.0334e-12,-97856933163.71472
bot1,3.7,-1,-2.0916e-12,1.4100000000000002e-11,3.8e-12,1.4100000000000002e-11,2.0916e-12,-115141047783.53493
bot1,3.8,-1,-2.7704e-12,2.5230000000000003e-11,5.320000000000001e-12,2.5230000000000003e-11,2.7704e-12,-145751348199.97067
bot1,3.9,-1,-3.4638e-12,4.275e-11,8.500000000000001e-12,4.275e-11,3.4638e-12,-190331176246.6689
bot1,4.0,-1,-3.8212e-12,5.4430000000000006e-11,1.158e-11,5.4430000000000006e-11,3.8212e-12,-322580645161.28973
bot1,4.1,-1,-4.0838e-12,6.067000000000001e-11,1.5560000000000002e-11,6.067000000000001e-11,4.0838e-12,-400320256204.9642
bot1,4.2,-1,-4.3208e-12,6.180000000000001e-11,2.189e-11,6.180000000000001e-11,4.3208e-12,22286605749.944305
bot1,4.3,-1,4.8902e-12,-2.216e-11,-3.6620000000000005e-11,2.216e-11,4.8902e-12,23333955572.14861
bot1,4.4,-1,4.2504e-12,-1.79e-12,-1.457e-11,1.79e-12,4.2504e-12,-31636559207.82059
bot1,4.5,-1,-1.4316e-12,2.120000000000001e-12,-1.08e-12,2.120000000000001e-12,1.4316e-12,-47007944342.59393
bot1,4.6000000000000005,-1,-4.2e-15,-1.2500000000000001e-12,-1.9700000000000003e-12,1.2500000000000001e-12,4.2e-15,71911405148.85667
bot1,4.7,-1,1.3496e-12,-5.5e-12,-3.33e-12,5.5e-12,1.3496e-12,91903317709.769
bot1,4.8,-1,2.172e-12,-1.566e-11,-4.610000000000001e-12,1.566e-11,2.172e-12,115540150202.19536
bot1,4.9,-1,3.0806e-12,-3.3300000000000004e-11,-7.150000000000001e-12,3.3300000000000004e-11,3.0806e-12,134535180949.81853
bot1,5.0,-1,3.6586e-12,-5.0270000000000005e-11,-1.018e-11,5.0270000000000005e-11,3.6586e-12,173010380622.83682
bot1,0.0,0,7.03e-11,-2.08e-12,-4.313e-11,2.08e-12,7.03e-11,1823822.40346964
bot1,0.1,0,5.490019999999999e-08,-3.882e-11,-5.48556e-08,3.882e-11,5.490019999999999e-08,2866245.2330758967
bot1,0.2,0,6.984799999999999e-08,6.237e-11,-7.00024e-08,6.237e-11,6.984799999999999e-08,10289442.003560146
bot1,0.3,0,7.433759999999999e-08,6.050000000000001e-11,-7.44588e-08,6.050000000000001e-11,7.433759999999999e-08,36555051.90817367
bot1,0.4,0,7.53192e-08,5.5520000000000006e-11,-7.53488e-08,5.5520000000000006e-11,7.53192e-08,148104265.40284318
bot1,0.5,0,7.5688e-08,4.6750000000000007e-11,-7.56776e-08,4.6750000000000007e-11,7.5688e-08,345065562.45686626
bot1,0.6,0,7.58988e-08,3.555e-11,-7.577799999999999e-08,3.555e-11,7.58988e-08,2369668246.4455614
bot1,0.7,0,7.57724e-08,1.987e-11,-7.55634e-08,1.987e-11,7.57724e-08,-83333333332.96313
bot1,0.8,0,7.58964e-08,8.810000000000001e-12,-7.586659999999999e-08,8.810000000000001e-12,7.58964e-08,-1239157372.9863255
bot1,0.9,0,7.5611e-08,1.96e-12,-7.5775e-08,1.96e-12,7.5611e-08,-1242236024.844741
bot1,1.0,0,7.573539999999999e-08,-1.3400000000000006e-12,-7.562599999999999e-08,1.3400000000000006e-12,7.573539999999999e-08,1562500000.000006
bot1,1.1,0,7.5739e-08,-2.34e-12,-7.59326e-08,2.34e-12,7.5739e-08,912408759.1240554
bot1,1.2,0,7.59546e-08,-2.47e-12,-7.585999999999999e-08,2.47e-12,7.59546e-08,1340482573.726472
bot1,1.3,0,7.58882e-08,-1.8700000000000003e-12,-7.57476e-08,1.8700000000000003e-12,7.58882e-08,-1577287066.2460475
bot1,1.4,0,7.58278e-08,-1.41e-12,-7.578999999999999e-08,1.41e-12,7.58278e-08,-1358695652.1738625
bot1,1.5,0,7.574099999999999e-08,-3.060000000000001e-12,-7.553619999999998e-08,3.060000000000001e-12,7.574099999999999e-08,-526592943.65454125
bot1,1.6,0,7.5448e-08,-1.285e-11,-7.53946e-08,1.285e-11,7.5448e-08,-594177064.7652943
bot1,1.7,0,7.54044e-08,-6.238000000000001e-11,-7.54206e-08,6.238000000000001e-11,7.54044e-08,-1321003963.0119383
bot1,1.8,0,7.52966e-08,-6.067000000000001e-11,-7.52194e-08,6.067000000000001e-11,7.52966e-08,-701754385.964932
bot1,1.9,0,7.51194e-08,-5.8140000000000006e-11,-7.516019999999999e-08,5.8140000000000006e-11,7.51194e-08,-1814882032.667824
bot1,2.0,0,7.518639999999999e-08,-4.916e-11,-7.517759999999999e-08,4.916e-11,7.518639999999999e-08,20000000000.003788
bot1,2.1,0,7.512939999999999e-08,-3.561e-11,-7.498399999999999e-08,3.561e-11,7.512939999999999e-08,-1845018450.1845288
bot1,2.2,0,7.507799999999999e-08,-1.899e-11,-7.50654e-08,1.899e-11,7.507799999999999e-08,-769822940.7236161
bot1,2.3000000000000003,0,7.48696e-08,-8.180000000000003e-12,-7.4793e-08,8.180000000000003e-12,7.48696e-08,-643915003.2195739
bot1,2.4,0,7.476739999999999e-08,-2.51e-12,-7.48154e-08,2.51e-12,7.476739999999999e-08,-1336898395.722016
bot1,2.5,0,7.472e-08,2e-13,-7.48012e-08,2e-13,7.472e-08,2624671916.010351
bot1,2.6,0,7.48436e-08,2.8400000000000004e-12,-7.488999999999999e-08,2.8400000000000004e-12,7.48436e-08,1123595505.618041
bot1,2.7,0,7.4898e-08,9.9e-13,-7.47692e-08,9.9e-13,7.4898e-08,3787878787.8790536
bot1,2.8000000000000003,0,7.489639999999998e-08,2.1000000000000003e-12,-7.472699999999999e-08,2.1000000000000003e-12,7.489639999999998e-08,-1661129568.1063256
bot1,2.9,0,7.47776e-08,1.46e-12,-7.48152e-08,1.46e-12,7.47776e-08,-576036866.3594562
bot1,3.0,0,7.45492e-08,6.500000000000003e-13,-7.45638e-08,6.500000000000003e-13,7.45492e-08,-982318271.1198536
bot1,3.1,0,7.457399999999999e-08,7.800000000000002e-13,-7.4583e-08,7.800000000000002e-13,7.457399999999999e-08,-11904761904.75592
bot1,3.2,0,7.453239999999999e-08,9.88e-12,-7.43744e-08,9.88e-12,7.453239999999999e-08,-1189060642.092728
bot1,3.3000000000000003,0,7.44058e-08,3.4790000000000003e-11,-7.44172e-08,3.4790000000000003e-11,7.44058e-08,961538461.5384712
bot1,3.4,0,7.47404e-08,4.934e-11,-7.45144e-08,4.934e-11,7.47404e-08,1968503937.0078444
bot1,3.5,0,7.45074e-08,6.009000000000001e-11,-7.44002e-08,6.009000000000001e-11,7.45074e-08,-585480093.676823
bot1,3.6,0,7.439879999999999e-08,6.272e-11,-7.429379999999999e-08,6.272e-11,7.439879999999999e-08,-1008064516.12906
bot1,3.7,0,7.4309e-08,5.952e-11,-7.43886e-08,5.952e-11,7.4309e-08,-2173913043.4783
bot1,3.8,0,7.43068e-08,5.2540000000000007e-11,-7.42346e-08,5.2540000000000007e-11,7.43068e-08,1926782273.603057
bot1,3.9,0,7.44128e-08,1.4900000000000001e-12,-7.42324e-08,1.4900000000000001e-12,7.44128e-08,-6802721088.435001
bot1,4.0,0,7.427739999999999e-08,-1.5700000000000002e-12,-7.41968e-08,1.5700000000000002e-12,7.427739999999999e-08,-871080139.3728174
bot1,4.1,0,7.41832e-08,-1.5200000000000002e-12,-7.409279999999999e-08,1.5200000000000002e-12,7.41832e-08,-666222518.321134
bot1,4.2,0,7.39772e-08,-2.67e-12,-7.399299999999998e-08,2.67e-12,7.39772e-08,-742942050.520065
bot1,4.3,0,7.3914e-08,-1.18e-12,-7.38014e-08,1.18e-12,7.3914e-08,-1430615164.5207212
bot1,4.4,0,7.38374e-08,-1.02e-12,-7.386719999999998e-08,1.02e-12,7.38374e-08,3717472118.959285
bot1,4.5,0,7.39678e-08,-7.400000000000002e-13,-7.40672e-08,7.400000000000002e-13,7.39678e-08,1351351351.3513913
bot1,4.6000000000000005,0,7.398539999999999e-08,-2.6e-13,-7.385079999999998e-08,2.6e-13,7.398539999999999e-08,-956022944.5506868
bot1,4.7,0,7.37586e-08,-1.83e-12,-7.38406e-08,1.83e-12,7.37586e-08,-969932104.7526972
bot1,4.8,0,7.37792e-08,-5.088e-11,-7.3775e-08,5.088e-11,7.37792e-08,-2242152466.367568
bot1,4.9,0,7.366939999999999e-08,-6.025e-11,-7.367479999999999e-08,6.025e-11,7.366939999999999e-08,-1869158878.504636
bot1,5.0,0,7.36722e-08,-4.4160000000000006e-11,-7.36784e-08,4.4160000000000006e-11,7.36722e-08,35714285714.21133
bot1,0.0,1,1.025e-10,8.600000000000002e-13,-1.114e-09,8.600000000000002e-13,1.025e-10,112241.31883549632
bot1,0.1,1,8.9104e-07,-1.7310000000000003e-11,-8.911e-07,1.7310000000000003e-11,8.9104e-07,132881.75682970704
bot1,0.2,1,1.5052000000000002e-06,-1.2400000000000002e-12,-1.5044000000000002e-06,1.2400000000000002e-12,1.5052000000000002e-06,196124.57833215647
bot1,0.3,1,1.9108e-06,-1.1900000000000002e-12,-1.9118e-06,1.1900000000000002e-12,1.9108e-06,279563.8803466592
bot1,0.4,1,2.2206000000000004e-06,3.898e-11,-2.2204000000000004e-06,3.898e-11,2.2206000000000004e-06,356824.2640499552
bot1,0.5,1,2.4713000000000004e-06,-4.717e-11,-2.4714e-06,4.717e-11,2.4713000000000004e-06,433463.3723450368
bot1,0.6,1,2.6820000000000003e-06,-1.18e-12,-2.6811000000000005e-06,1.18e-12,2.6820000000000003e-06,521512.385919166
bot1,0.7,1,2.8548e-06,1.23e-12,-2.8548e-06,1.23e-12,2.8548e-06,641231.1638345628
bot1,0.8,1,2.9939000000000003e-06,-5.452e-11,-2.9914000000000003e-06,5.452e-11,2.9939000000000003e-06,793965.8594680425
bot1,0.9,1,3.1067000000000003e-06,5.28e-12,-3.1050000000000003e-06,5.28e-12,3.1067000000000003e-06,1043296.817944704
bot1,1.0,1,3.1856000000000005e-06,1.6700000000000006e-12,-3.1848000000000004e-06,1.6700000000000006e-12,3.1856000000000005e-06,1468428.7812041114
bot1,1.1,1,3.2429000000000003e-06,-4.5100000000000005e-11,-3.2442e-06,4.5100000000000005e-11,3.2429000000000003e-06,2116402.116402123
bot1,1.2,1,3.2801e-06,2.673e-11,-3.2829000000000004e-06,2.673e-11,3.2801e-06,3412969.28327644
bot1,1.3,1,3.3015000000000005e-06,1.93e-12,-3.3012000000000003e-06,1.93e-12,3.3015000000000005e-06,6097560.975609697
bot1,1.4,1,3.3129000000000005e-06,-6.700000000000003e-13,-3.3164e-06,6.700000000000003e-13,3.3129000000000005e-06,8064516.129032339
bot1,1.5,1,3.3263e-06,6.180000000000001e-11,-3.3256000000000004e-06,6.180000000000001e-11,3.3263e-06,8849557.52212389
bot1,1.6,1,3.3355000000000005e-06,-7.400000000000002e-13,-3.3351000000000005e-06,7.400000000000002e-13,3.3355000000000005e-06,21739130.43478197
bot1,1.7,1,3.3355000000000005e-06,-1.55e-12,-3.3358000000000003e-06,1.55e-12,3.3355000000000005e-06,34482758.62068958
bot1,1.8,1,3.3413000000000005e-06,6.235000000000001e-11,-3.3378000000000005e-06,6.235000000000001e-11,3.3413000000000005e-06,46511627.90698016
bot1,1.9,1,3.3398e-06,-7.16e-12,-3.3375e-06,7.16e-12,3.3398e-06,400000000.0001392
bot1,2.0,1,3.3418000000000003e-06,-2.95e-12,-3.3418000000000003e-06,2.95e-12,3.3418000000000003e-06,34482758.62068958
bot1,2.1,1,3.3456e-06,1.475e-11,-3.3456e-06,1.475e-11,3.3456e-06,30303030.30303
bot1,2.2,1,3.3484000000000004e-06,-5.795e-11,-3.3459000000000004e-06,5.795e-11,3.3484000000000004e-06,45454545.45454208
bot1,2.3000000000000003,1,3.3500000000000005e-06,1.7700000000000001e-12,-3.3512e-06,1.7700000000000001e-12,3.3500000000000005e-06,285714285.7143503
bot1,2.4,1,3.3491000000000003e-06,1.41e-12,-3.3526000000000003e-06,1.41e-12,3.3491000000000003e-06,74074074.07407422
bot1,2.5,1,3.3527000000000005e-06,-3.5190000000000003e-11,-3.3521000000000005e-06,3.5190000000000003e-11,3.3527000000000005e-06,37735849.05660248
bot1,2.6,1,3.3544000000000004e-06,7.41e-12,-3.3550000000000005e-06,7.41e-12,3.3544000000000004e-06,55555555.555557966
bot1,2.7,1,3.3563000000000004e-06,1.83e-12,-3.3571000000000004e-06,1.83e-12,3.3563000000000004e-06,499999999.99996287
bot1,2.8000000000000003,1,3.3548000000000005e-06,-5.2170000000000006e-11,-3.3567000000000004e-06,5.2170000000000006e-11,3.3548000000000005e-06,41666666.66666716
bot1,2.9,1,3.3611000000000003e-06,2.9e-12,-3.3631000000000005e-06,2.9e-12,3.3611000000000003e-06,26666666.666666888
bot1,3.0,1,3.3623000000000004e-06,1.4200000000000002e-12,-3.3626e-06,1.4200000000000002e-12,3.3623000000000004e-06,76923076.9230712
bot1,3.1,1,3.3637000000000005e-06,-3.654e-11,-3.3651e-06,3.654e-11,3.3637000000000005e-06,29411764.705882
bot1,3.2,1,3.3691000000000005e-06,3.790000000000001e-12,-3.3669000000000003e-06,3.790000000000001e-12,3.3691000000000005e-06,66666666.66667113
bot1,3.3000000000000003,1,3.3667000000000003e-06,-1.7e-13,-3.3666000000000005e-06,1.7e-13,3.3667000000000003e-06,-60606060.60605986
bot1,3.4,1,3.3658000000000005e-06,-6.199000000000001e-11,-3.3641000000000005e-06,6.199000000000001e-11,3.3658000000000005e-06,-90909090.90908396
bot1,3.5,1,3.3645e-06,8.600000000000002e-13,-3.3637000000000005e-06,8.600000000000002e-13,3.3645e-06,
bot1,3.6,1,3.3658000000000005e-06,6.200000000000001e-13,-3.3586000000000003e-06,6.200000000000001e-13,3.3658000000000005e-06,-71428571.42857693
bot1,3.7,1,3.3617000000000004e-06,-6.183000000000001e-11,-3.3619000000000004e-06,6.183000000000001e-11,3.3617000000000004e-06,105263157.89474076
bot1,3.8,1,3.3677000000000004e-06,7.200000000000001e-12,-3.3656000000000004e-06,7.200000000000001e-12,3.3677000000000004e-06,48780487.80487684
bot1,3.9,1,3.3658000000000005e-06,3.1700000000000004e-12,-3.3652000000000004e-06,3.1700000000000004e-12,3.3658000000000005e-06,-60606060.60605986
bot1,4.0,1,3.3644000000000003e-06,-1.613e-11,-3.3671000000000003e-06,1.613e-11,3.3644000000000003e-06,400000000.0001388
bot1,4.1,1,3.3663000000000003e-06,5.861e-11,-3.3645e-06,5.861e-11,3.3663000000000003e-06,34482758.620689616
bot1,4.2,1,3.3702000000000004e-06,2.11e-12,-3.3660000000000005e-06,2.11e-12,3.3702000000000004e-06,31746031.746030457
bot1,4.3,1,3.3726000000000005e-06,-1.31e-12,-3.3668000000000005e-06,1.31e-12,3.3726000000000005e-06,34482758.620689616
bot1,4.4,1,3.3760000000000004e-06,6.072000000000001e-11,-3.3687000000000005e-06,6.072000000000001e-11,3.3760000000000004e-06,-47619047.61904408
bot1,4.5,1,3.3684e-06,1.1500000000000001e-12,-3.3722000000000005e-06,1.1500000000000001e-12,3.3684e-06,-24691358.024691463
bot1,4.6000000000000005,1,3.3679000000000004e-06,-4.21e-11,-3.3696000000000003e-06,4.21e-11,3.3679000000000004e-06,-76923076.92308372
bot1,4.7,1,3.3658000000000005e-06,3.8550000000000005e-11,-3.3697000000000005e-06,3.8550000000000005e-11,3.3658000000000005e-06,111111111.11110236
bot1,4.8,1,3.3697000000000005e-06,2.36e-12,-3.3741000000000004e-06,2.36e-12,3.3697000000000005e-06,25000000.00000079
bot1,4.9,1,3.3738e-06,-2.2810000000000003e-11,-3.3732e-06,2.2810000000000003e-11,3.3738e-06,-666666666.6661465
bot1,5.0,1,3.3694000000000003e-06,5.54e-11,-3.3709e-06,5.54e-11,3.3694000000000003e-06,-22727272.727273125
bot1,0.0,2,9.674e-10,1.4300000000000002e-12,-6.6738e-10,1.4300000000000002e-12,9.674e-10,36311.70929891313
bot1,0.1,2,2.7549e-06,5.7e-13,-2.7556000000000003e-06,5.7e-13,2.7549e-06,37577.50877876366
bot1,0.2,2,5.3233e-06,2.377e-11,-5.323900000000001e-06,2.377e-11,5.3233e-06,40421.188787162224
bot1,0.3,2,7.7028e-06,2.1700000000000002e-12,-7.7059e-06,2.1700000000000002e-12,7.7028e-06,43648.10894567992
bot1,0.4,2,9.9054e-06,-1.1600000000000001e-12,-9.9055e-06,1.1600000000000001e-12,9.9054e-06,47290.267662914965
bot1,0.5,2,1.1932e-05,-3.3450000000000005e-11,-1.1932e-05,3.3450000000000005e-11,1.1932e-05,51511.87348683872
bot1,0.6,2,1.3788e-05,6.132e-11,-1.3788e-05,6.132e-11,1.3788e-05,56211.35469364816
bot1,0.7,2,1.549e-05,-4.355e-11,-1.549e-05,4.355e-11,1.549e-05,61576.35467980298
bot1,0.8,2,1.7036e-05,9.28e-12,-1.7038000000000002e-05,9.28e-12,1.7036e-05,67888.66259334685
bot1,0.9,2,1.8436e-05,2.31e-12,-1.844e-05,2.31e-12,1.8436e-05,75131.48009015777
bot1,1.0,2,1.9698e-05,-1.7600000000000002e-12,-1.97e-05,1.7600000000000002e-12,1.9698e-05,83472.45409015032
bot1,1.1,2,2.0832e-05,9.5e-13,-2.0828e-05,9.5e-13,2.0832e-05,93283.58208955212
bot1,1.2,2,2.1842e-05,-9.98e-12,-2.1836e-05,9.98e-12,2.1842e-05,104384.133611691
bot1,1.3,2,2.2748e-05,4.952e-11,-2.2748e-05,4.952e-11,2.2748e-05,117096.01873536324
bot1,1.4,2,2.355e-05,-6.046e-11,-2.3554e-05,6.046e-11,2.355e-05,132978.72340425517
bot1,1.5,2,2.4252e-05,3.7060000000000006e-11,-2.4246e-05,3.7060000000000006e-11,2.4252e-05,152439.02439024384
bot1,1.6,2,2.4862e-05,2.97e-12,-2.487e-05,2.97e-12,2.4862e-05,174825.1748251746
bot1,1.7,2,2.5396e-05,-2.6000000000000002e-12,-2.5398e-05,2.6000000000000002e-12,2.5396e-05,202020.20202020148
bot1,1.8,2,2.5852000000000003e-05,8e-13,-2.5852000000000003e-05,8e-13,2.5852000000000003e-05,240963.8554216878
bot1,1.9,2,2.6226e-05,-8.86e-12,-2.6222e-05,8.86e-12,2.6226e-05,292397.6608187139
bot1,2.0,2,2.6536e-05,4.673e-11,-2.654e-05,4.673e-11,2.6536e-05,362318.8405797095
bot1,2.1,2,2.6778e-05,-6.127e-11,-2.6782e-05,6.127e-11,2.6778e-05,450450.45045044966
bot1,2.2,2,2.6980000000000003e-05,4.173e-11,-2.6966e-05,4.173e-11,2.6980000000000003e-05,568181.8181818197
bot1,2.3000000000000003,2,2.713e-05,7.700000000000002e-13,-2.7134e-05,7.700000000000002e-13,2.713e-05,704225.3521126768
bot1,2.4,2,2.7264e-05,-1.26e-12,-2.7258e-05,1.26e-12,2.7264e-05,833333.3333333284
bot1,2.5,2,2.737e-05,-4.0000000000000006e-14,-2.7366e-05,4.0000000000000006e-14,2.737e-05,1052631.57894737
bot1,2.6,2,2.7454e-05,-5.936e-11,-2.745e-05,5.936e-11,2.7454e-05,1265822.7848101207
bot1,2.7,2,2.7528e-05,5.6430000000000006e-11,-2.753e-05,5.6430000000000006e-11,2.7528e-05,1315789.47368423
bot1,2.8000000000000003,2,2.7606e-05,-5.43e-12,-2.7596e-05,5.43e-12,2.7606e-05,1470588.235294115
bot1,2.9,2,2.7664e-05,-3.4500000000000004e-12,-2.7666e-05,3.4500000000000004e-12,2.7664e-05,1724137.9310344767
bot1,3.0,2,2.7722e-05,1.5200000000000002e-12,-2.7728e-05,1.5200000000000002e-12,2.7722e-05,1694915.254237272
bot1,3.1,2,2.7782000000000003e-05,-2.9230000000000005e-11,-2.7782000000000003e-05,2.9230000000000005e-11,2.7782000000000003e-05,1724137.9310344807
bot1,3.2,2,2.7838e-05,4.945e-11,-2.7834e-05,4.945e-11,2.7838e-05,2222222.222222287
bot1,3.3000000000000003,2,2.7872e-05,-1.31e-11,-2.7874e-05,1.31e-11,2.7872e-05,2272727.2727272734
bot1,3.4,2,2.7926e-05,-1.37e-12,-2.7932e-05,1.37e-12,2.7926e-05,1886792.45283015
bot1,3.5,2,2.7978e-05,1.41e-12,-2.7974e-05,1.41e-12,2.7978e-05,2380952.3809523485
bot1,3.6,2,2.801e-05,-3.590000000000001e-12,-2.8014e-05,3.590000000000001e-12,2.801e-05,2631578.947368519
bot1,3.7,2,2.8054e-05,4.0010000000000006e-11,-2.8052e-05,4.0010000000000006e-11,2.8054e-05,2500000.000000026
bot1,3.8,2,2.809e-05,-6.206e-11,-2.81e-05,6.206e-11,2.809e-05,2439024.390243892
bot1,3.9,2,2.8136e-05,6.6e-12,-2.8124e-05,6.6e-12,2.8136e-05,2777777.777777696
bot1,4.0,2,2.8162e-05,2.3000000000000003e-12,-2.817e-05,2.3000000000000003e-12,2.8162e-05,2564102.564102507
bot1,4.1,2,2.8214e-05,-1.5e-12,-2.8212e-05,1.5e-12,2.8214e-05,2631578.947368519
bot1,4.2,2,2.8238e-05,3.634e-11,-2.824e-05,3.634e-11,2.8238e-05,3225806.451612884
bot1,4.3,2,2.8276e-05,-5.663e-11,-2.8278000000000003e-05,5.663e-11,2.8276e-05,2564102.564102513
bot1,4.4,2,2.8316e-05,6.000000000000001e-14,-2.8322e-05,6.000000000000001e-14,2.8316e-05,2439024.3902438977
bot1,4.5,2,2.8358e-05,3.1e-12,-2.8352e-05,3.1e-12,2.8358e-05,2857142.8571428177
bot1,4.6000000000000005,2,2.8386e-05,-1.7100000000000002e-12,-2.8388e-05,1.7100000000000002e-12,2.8386e-05,3333333.3333333684
bot1,4.7,2,2.8418e-05,7.200000000000003e-13,-2.841e-05,7.200000000000003e-13,2.8418e-05,3333333.333333353
bot1,4.8,2,2.8446e-05,-6.206e-11,-2.845e-05,6.206e-11,2.8446e-05,3333333.3333333684
bot1,4.9,2,2.8478e-05,4.655e-11,-2.8484e-05,4.655e-11,2.8478e-05,2564102.5641026245
bot1,5.0,2,2.8524e-05,-2.8670000000000003e-11,-2.8528e-05,2.8670000000000003e-11,2.8524e-05,2173913.04347829
bot1,0.0,3,1.0516e-09,-2.235e-11,-1.053e-09,2.235e-11,1.0516e-09,21485.28459966597
bot1,0.1,3,4.6554e-06,2.28e-12,-4.6545e-06,2.28e-12,4.6554e-06,21937.64610198083
bot1,0.2,3,9.1178e-06,1.2800000000000002e-12,-9.119e-06,1.2800000000000002e-12,9.1178e-06,22934.201775107216
bot1,0.3,3,1.3376e-05,2.46e-12,-1.3376e-05,2.46e-12,1.3376e-05,24003.26444396438
bot1,0.4,3,1.745e-05,-2.06e-12,-1.7452e-05,2.06e-12,1.745e-05,25087.807325639744
bot1,0.5,3,2.1348e-05,8.15e-12,-2.1346e-05,8.15e-12,2.1348e-05,26274.30373095112
bot1,0.6,3,2.5062e-05,-4.647e-11,-2.506e-05,4.647e-11,2.5062e-05,27563.39581036384
bot1,0.7,3,2.8604000000000003e-05,4.2e-11,-2.8604000000000003e-05,4.2e-11,2.8604000000000003e-05,28943.560057887145
bot1,0.8,3,3.1972e-05,-1.4200000000000002e-12,-3.1976e-05,1.4200000000000002e-12,3.1972e-05,30376.67071688942
bot1,0.9,3,3.5188e-05,-2.04e-12,-3.519e-05,2.04e-12,3.5188e-05,31877.59005419189
bot1,1.0,3,3.8246e-05,2.49e-12,-3.8244e-05,2.49e-12,3.8246e-05,33523.29869259138
bot1,1.1,3,4.1154e-05,-3.835e-11,-4.1152e-05,3.835e-11,4.1154e-05,35310.73446327679
bot1,1.2,3,4.3910000000000005e-05,6.282000000000001e-11,-4.3906e-05,6.282000000000001e-11,4.3910000000000005e-05,37216.22627465575
bot1,1.3,3,4.6528e-05,-5.131e-11,-4.652e-05,5.131e-11,4.6528e-05,39261.87671770718
bot1,1.4,3,4.9004e-05,-1.7700000000000001e-12,-4.9004e-05,1.7700000000000001e-12,4.9004e-05,41493.77593360991
bot1,1.5,3,5.1348e-05,2.08e-12,-5.1352e-05,2.08e-12,5.1348e-05,43859.64912280696
bot1,1.6,3,5.3564e-05,-2.6e-13,-5.357e-05,2.6e-13,5.3564e-05,46468.401486988856
bot1,1.7,3,5.5652e-05,3.038e-11,-5.5654e-05,3.038e-11,5.5652e-05,49431.53732081073
bot1,1.8,3,5.761e-05,-5.227e-11,-5.7614e-05,5.227e-11,5.761e-05,52631.5789473685
bot1,1.9,3,5.9452e-05,1.753e-11,-5.9458e-05,1.753e-11,5.9452e-05,56116.722783389305
bot1,2.0,3,6.117400000000001e-05,1.69e-12,-6.1172e-05,1.69e-12,6.117400000000001e-05,60422.960725075376
bot1,2.1,3,6.2762e-05,-1.5200000000000002e-12,-6.2762e-05,1.5200000000000002e-12,6.2762e-05,65146.5798045604
bot1,2.2,3,6.4244e-05,1.14e-12,-6.4242e-05,1.14e-12,6.4244e-05,70422.53521126784
bot1,2.3000000000000003,3,6.5602e-05,-4.603e-11,-6.5604e-05,4.603e-11,6.5602e-05,76569.67840735073
bot1,2.4,3,6.6856e-05,5.7630000000000005e-11,-6.6862e-05,5.7630000000000005e-11,6.6856e-05,83892.61744966445
bot1,2.5,3,6.7986e-05,-2.761e-11,-6.799200000000001e-05,2.761e-11,6.7986e-05,92678.40593141796
bot1,2.6,3,6.9014e-05,-1.2500000000000001e-12,-6.901e-05,1.2500000000000001e-12,6.9014e-05,102986.61174047369
bot1,2.7,3,6.9928e-05,7.200000000000003e-13,-6.9942e-05,7.200000000000003e-13,6.9928e-05,115207.37327188962
bot1,2.8000000000000003,3,7.075e-05,-4.710000000000001e-12,-7.075400000000001e-05,4.710000000000001e-12,7.075e-05,130039.01170351106
bot1,2.9,3,7.1466e-05,4.749e-11,-7.147e-05,4.749e-11,7.1466e-05,149476.83109117995
bot1,3.0,3,7.2088e-05,-3.0020000000000003e-11,-7.209e-05,3.0020000000000003e-11,7.2088e-05,171526.5866209251
bot1,3.1,3,7.2632e-05,1.7000000000000002e-12,-7.2632e-05,1.7000000000000002e-12,7.2632e-05,197628.45849802456
bot1,3.2,3,7.31e-05,1.5800000000000001e-12,-7.311e-05,1.5800000000000001e-12,7.31e-05,230414.74654378105
bot1,3.3000000000000003,3,7.35e-05,-1.6800000000000001e-12,-7.3516e-05,1.6800000000000001e-12,7.35e-05,259067.35751295343
bot1,3.4,3,7.3872e-05,3.857e-11,-7.3878e-05,3.857e-11,7.3872e-05,290697.6744186025
bot1,3.5,3,7.4188e-05,-6.241000000000001e-11,-7.4192e-05,6.241000000000001e-11,7.4188e-05,328947.3684210502
bot1,3.6,3,7.448e-05,4.6530000000000006e-11,-7.448800000000002e-05,4.6530000000000006e-11,7.448e-05,355871.88612099737
bot1,3.7,3,7.475e-05,-4.73e-12,-7.4754e-05,4.73e-12,7.475e-05,401606.4257028162
bot1,3.8,3,7.4978e-05,-1.91e-12,-7.4988e-05,1.91e-12,7.4978e-05,438596.4912280725
bot1,3.9,3,7.5206e-05,7.600000000000002e-13,-7.5216e-05,7.600000000000002e-13,7.5206e-05,458715.59633026685
bot1,4.0,3,7.5414e-05,-1.6980000000000002e-11,-7.5422e-05,1.6980000000000002e-11,7.5414e-05,487804.8780487744
bot1,4.1,3,7.5616e-05,5.5590000000000005e-11,-7.5632e-05,5.5590000000000005e-11,7.5616e-05,500000.0000000053
bot1,4.2,3,7.5814e-05,-6.051e-11,-7.5808e-05,6.051e-11,7.5814e-05,549450.5494505521
bot1,4.3,3,7.598e-05,1.4800000000000006e-12,-7.5992e-05,1.4800000000000006e-12,7.598e-05,584795.3216374198
bot1,4.4,3,7.6156e-05,1.79e-12,-7.6168e-05,1.79e-12,7.6156e-05,574712.6436781547
bot1,4.5,3,7.6328e-05,-1.8700000000000003e-12,-7.634e-05,1.8700000000000003e-12,7.6328e-05,574712.643678177
bot1,4.6000000000000005,3,7.6504e-05,9.4e-13,-7.6512e-05,9.4e-13,7.6504e-05,588235.2941176473
bot1,4.7,3,7.6668e-05,-3.46e-11,-7.667e-05,3.46e-11,7.6668e-05,645161.290322574
bot1,4.8,3,7.6814e-05,6.235000000000001e-11,-7.6824e-05,6.235000000000001e-11,7.6814e-05,657894.7368421004
bot1,4.9,3,7.6972e-05,-4.8680000000000007e-11,-7.6976e-05,4.8680000000000007e-11,7.6972e-05,645161.2903225768
bot1,5.0,3,7.7124e-05,1.427e-11,-7.7128e-05,1.427e-11,7.7124e-05,657894.7368421268
bot1,0.0,4,1.2568e-09,5.718e-11,-1.1363e-09,5.718e-11,1.2568e-09,14989.485175938784
bot1,0.1,4,6.6726e-06,2.36e-12,-6.6708000000000006e-06,2.36e-12,6.6726e-06,15226.79179597512
bot1,0.2,4,1.3136e-05,2.9800000000000002e-12,-1.3132e-05,2.9800000000000002e-12,1.3136e-05,15738.860821253757
bot1,0.3,4,1.938e-05,2.8e-12,-1.938e-05,2.8e-12,1.938e-05,16270.745200130166
bot1,0.4,4,2.5428e-05,-3.4e-13,-2.543e-05,3.4e-13,2.5428e-05,16806.722689075636
bot1,0.5,4,3.128e-05,1.801e-11,-3.1282e-05,1.801e-11,3.128e-05,17394.329448599758
bot1,0.6,4,3.6926e-05,-5.674e-11,-3.6926e-05,5.674e-11,3.6926e-05,17995.321216483717
bot1,0.7,4,4.2394e-05,2.852e-11,-4.2392e-05,2.852e-11,4.2394e-05,18635.855385762203
bot1,0.8,4,4.7658e-05,-1.17e-12,-4.7664e-05,1.17e-12,4.7658e-05,19297.5685063682
bot1,0.9,4,5.2758e-05,-2.44e-12,-5.276e-05,2.44e-12,5.2758e-05,19988.00719568259
bot1,1.0,4,5.7664e-05,1.22e-12,-5.7668e-05,1.22e-12,5.7664e-05,20725.388601036266
bot1,1.1,4,6.2408e-05,-3.292e-11,-6.241000000000001e-05,3.292e-11,6.2408e-05,21482.277121374867
bot1,1.2,4,6.6974e-05,6.157e-11,-6.6976e-05,6.157e-11,6.6974e-05,22306.491188935983
bot1,1.3,4,7.1374e-05,-5.4430000000000006e-11,-7.1376e-05,5.4430000000000006e-11,7.1374e-05,23153.507756425097
bot1,1.4,4,7.5612e-05,1.7270000000000002e-11,-7.5618e-05,1.7270000000000002e-11,7.5612e-05,24032.684450853136
bot1,1.5,4,7.9696e-05,1.1900000000000002e-12,-7.9706e-05,1.1900000000000002e-12,7.9696e-05,24943.87627837369
bot1,1.6,4,8.363e-05,-2.3000000000000003e-12,-8.3638e-05,2.3000000000000003e-12,8.363e-05,25913.449080072565
bot1,1.7,4,8.7414e-05,1.8100000000000002e-12,-8.742e-05,1.8100000000000002e-12,8.7414e-05,27019.724398811097
bot1,1.8,4,9.1032e-05,-2.680000000000001e-12,-9.1044e-05,2.680000000000001e-12,9.1032e-05,28129.395218002817
bot1,1.9,4,9.4524e-05,3.827e-11,-9.453200000000002e-05,3.827e-11,9.4524e-05,29222.6767971946
bot1,2.0,4,9.7876e-05,-4.574e-11,-9.788e-05,4.574e-11,9.7876e-05,30534.351145038177
bot1,2.1,4,0.000101074,8.92e-12,-0.00010108,8.92e-12,0.000101074,31908.10465858337
bot1,2.2,4,0.000104144,3.1900000000000003e-12,-0.00010415,3.1900000000000003e-12,0.000104144,33300.03330003335
bot1,2.3000000000000003,4,0.00010708,-5.300000000000003e-13,-0.000107084,5.300000000000003e-13,0.00010708,34904.01396160553
bot1,2.4,4,0.000109874,1.5600000000000002e-12,-0.000109888,1.5600000000000002e-12,0.000109874,36616.623947271946
bot1,2.5,4,0.000112542,-8.11e-12,-0.000112558,8.11e-12,0.000112542,38417.21091048791
bot1,2.6,4,0.00011508,6.029e-11,-0.000115098,6.029e-11,0.00011508,40338.84630899558
bot1,2.7,4,0.0001175,-1.9950000000000003e-11,-0.00011752,1.9950000000000003e-11,0.0001175,42735.04273504274
bot1,2.8000000000000003,4,0.00011976,5.78e-11,-0.0001198,5.78e-11,0.00011976,45248.86877828046
bot1,2.9,4,0.00012192,-9.080000000000004e-12,-0.00012196,9.080000000000004e-12,0.00012192,47846.88995215301
bot1,3.0,4,0.00012394,-1.8200000000000003e-12,-0.000124,1.8200000000000003e-12,0.00012394,50761.42131979692
bot1,3.1,4,0.00012586,8.300000000000001e-13,-0.0001259,8.300000000000001e-13,0.00012586,53763.44086021512
bot1,3.2,4,0.00012766,-4e-11,-0.0001277,4e-11,0.00012766,57471.26436781636
bot1,3.3000000000000003,4,0.00012934,6.224000000000001e-11,-0.00012936,6.224000000000001e-11,0.00012934,62499.99999999999
bot1,3.4,4,0.00013086,-3.69e-11,-0.0001309,3.69e-11,0.00013086,67567.5675675672
bot1,3.5,4,0.0001323,-3.35e-12,-0.00013236,3.35e-12,0.0001323,72463.7681159419
bot1,3.6,4,0.00013362,1.14e-12,-0.00013364,1.14e-12,0.00013362,79365.07936507955
bot1,3.7,4,0.00013482,-1.7600000000000002e-12,-0.00013484,1.7600000000000002e-12,0.00013482,86206.89655172454
bot1,3.8,4,0.00013594,6.169000000000001e-11,-0.00013596,6.169000000000001e-11,0.00013594,94339.62264150992
bot1,3.9,4,0.00013694,-1.262e-11,-0.00013698,1.262e-11,0.00013694,105263.15789473565
bot1,4.0,4,0.00013784,-2.85e-12,-0.0001379,2.85e-12,0.00013784,114942.52873563068
bot1,4.1,4,0.00013868,1.27e-12,-0.00013872,1.27e-12,0.00013868,125000.00000000132
bot1,4.2,4,0.00013944,-2e-12,-0.0001395,2e-12,0.00013944,138888.88888889033
bot1,4.3,4,0.00014012,5.939e-11,-0.00014016,5.939e-11,0.00014012,151515.15151515233
bot1,4.4,4,0.00014076,-5.077e-11,-0.0001408,5.077e-11,0.00014076,166666.66666666654
bot1,4.5,4,0.00014132,7.980000000000001e-12,-0.00014138,7.980000000000001e-12,0.00014132,181818.18181818203
bot1,4.6000000000000005,4,0.00014186,1.8200000000000003e-12,-0.00014192,1.8200000000000003e-12,0.00014186,188679.24528302025
bot1,4.7,4,0.00014238,-1.21e-12,-0.00014242,1.21e-12,0.00014238,204081.63265305888
bot1,4.8,4,0.00014284,6.133000000000001e-11,-0.00014292,6.133000000000001e-11,0.00014284,222222.2222222237
bot1,4.9,4,0.00014328,-3.4620000000000006e-11,-0.00014336,3.4620000000000006e-11,0.00014328,232558.13953488707
bot1,5.0,4,0.0001437,1.8100000000000002e-12,-0.00014376,1.8100000000000002e-12,0.0001437,238095.2380952376
bot1,0.0,5,1.0612e-09,-6.0700000000000006e-12,-1.4197e-09,6.0700000000000006e-12,1.0612e-09,11357.907331924438
bot1,0.1,5,8.8055e-06,-1.8820000000000003e-11,-8.799800000000002e-06,1.8820000000000003e-11,8.8055e-06,11506.858306180791
bot1,0.2,5,1.7382e-05,6.028000000000001e-11,-1.7376e-05,6.028000000000001e-11,1.7382e-05,11825.572801182558
bot1,0.3,5,2.5718e-05,-4.356e-11,-2.5718e-05,4.356e-11,2.5718e-05,12144.765606023802
bot1,0.4,5,3.385e-05,1.035e-11,-3.3854e-05,1.035e-11,3.385e-05,12450.199203187252
bot1,0.5,5,4.1782e-05,2.5300000000000003e-12,-4.1782e-05,2.5300000000000003e-12,4.1782e-05,12797.542871768615
bot1,0.6,5,4.9478e-05,-1.4700000000000002e-12,-4.9476e-05,1.4700000000000002e-12,4.9478e-05,13147.51511964239
bot1,0.7,5,5.6994e-05,1.51e-11,-5.6984e-05,1.51e-11,5.6994e-05,13508.03728218291
bot1,0.8,5,6.4284e-05,-6.129e-11,-6.4284e-05,6.129e-11,6.4284e-05,13883.104262113007
bot1,0.9,5,7.14e-05,4.5100000000000005e-11,-7.14e-05,4.5100000000000005e-11,7.14e-05,14261.266400456358
bot1,1.0,5,7.8308e-05,-1.3590000000000002e-11,-7.8312e-05,1.3590000000000002e-11,7.8308e-05,14667.057788207689
bot1,1.1,5,8.5036e-05,-2.6600000000000004e-12,-8.5046e-05,2.6600000000000004e-12,8.5036e-05,15082.95625942684
bot1,1.2,5,9.1568e-05,1.5300000000000001e-12,-9.157e-05,1.5300000000000001e-12,9.1568e-05,15515.903801396436
bot1,1.3,5,9.7926e-05,-3.07e-12,-9.7926e-05,3.07e-12,9.7926e-05,15933.715742511173
bot1,1.4,5,0.00010412,4.304e-11,-0.000104118,4.304e-11,0.00010412,16396.13051319887
bot1,1.5,5,0.000110124,-6.175000000000001e-11,-0.00011013,6.175000000000001e-11,0.000110124,16863.406408094415
bot1,1.6,5,0.00011598,4.2630000000000006e-11,-0.000115968,4.2630000000000006e-11,0.00011598,17367.14136853073
bot1,1.7,5,0.00012164,7.700000000000002e-13,-0.00012166,7.700000000000002e-13,0.00012164,17985.611510791383
bot1,1.8,5,0.0001271,6.175000000000001e-11,-0.00012712,6.175000000000001e-11,0.0001271,18484.288354898337
bot1,1.9,5,0.00013246,-5.096e-11,-0.0001325,5.096e-11,0.00013246,19011.406844106456
bot1,2.0,5,0.00013762,1.4400000000000002e-11,-0.00013768,1.4400000000000002e-11,0.00013762,19646.36542239688
bot1,2.1,5,0.00014264,2.69e-12,-0.00014272,2.69e-12,0.00014264,20161.29032258064
bot1,2.2,5,0.00014754,-1.36e-12,-0.0001476,1.36e-12,0.00014754,20790.0207900208
bot1,2.3000000000000003,5,0.00015226,1.08e-12,-0.00015232,1.08e-12,0.00015226,21505.376344085973
bot1,2.4,5,0.00015684,-2.757e-11,-0.00015692,2.757e-11,0.00015684,22123.893805309686
bot1,2.5,5,0.0001613,6.271000000000001e-11,-0.00016134,6.271000000000001e-11,0.0001613,22883.295194508097
bot1,2.6,5,0.00016558,-8.880000000000003e-12,-0.00016564,8.880000000000003e-12,0.00016558,23640.661938534347
bot1,2.7,5,0.00016976,-2.51e-12,-0.0001698,2.51e-12,0.00016976,24509.80392156864
bot1,2.8000000000000003,5,0.00017374,1.37e-12,-0.00017376,1.37e-12,0.00017374,25445.29262086503
bot1,2.9,5,0.00017762,-7.26e-12,-0.00017764,7.26e-12,0.00017762,26385.22427440628
bot1,3.0,5,0.00018132,6.145e-11,-0.00018136,6.145e-11,0.00018132,27397.26027397267
bot1,3.1,5,0.00018492,-3.113e-11,-0.00018498,3.113e-11,0.00018492,28409.09090909088
bot1,3.2,5,0.00018836,-2.03e-12,-0.00018844,2.03e-12,0.00018836,29411.764705882368
bot1,3.3000000000000003,5,0.00019172,4.52e-12,-0.00019174,4.52e-12,0.00019172,30395.13677811555
bot1,3.4,5,0.00019494,-5.157e-11,-0.00019494,5.157e-11,0.00019494,32051.28205128204
bot1,3.5,5,0.00019796,5.949e-11,-0.00019802,5.949e-11,0.00019796,33557.04697986578
bot1,3.6,5,0.0002009,-2.804e-11,-0.00020096,2.804e-11,0.0002009,34722.222222222255
bot1,3.7,5,0.00020372,-2.18e-12,-0.00020376,2.18e-12,0.00020372,36496.35036496348
bot1,3.8,5,0.00020638,1.27e-12,-0.00020646,1.27e-12,0.00020638,38314.17624521062
bot1,3.9,5,0.00020894,-5.4830000000000006e-11,-0.000209,5.4830000000000006e-11,0.00020894,40322.58064516118
bot1,4.0,5,0.00021134,5.147e-11,-0.00021142,5.147e-11,0.00021134,42735.04273504278
bot1,4.1,5,0.00021362,1.14e-12,-0.0002137,1.14e-12,0.00021362,44444.44444444448
bot1,4.2,5,0.00021584,-1.03e-12,-0.00021588,1.03e-12,0.00021584,47169.81132075476
bot1,4.3,5,0.00021786,1.7090000000000003e-11,-0.00021796,1.7090000000000003e-11,0.00021786,50505.05050505077
bot1,4.4,5,0.0002198,-6.042000000000001e-11,-0.00021986,6.042000000000001e-11,0.0002198,53475.93582887684
bot1,4.5,5,0.0002216,4.475e-11,-0.00022166,4.475e-11,0.0002216,57142.85714285713
bot1,4.6000000000000005,5,0.0002233,1.5200000000000002e-12,-0.00022338,1.5200000000000002e-12,0.0002233,60975.60975609795
bot1,4.7,5,0.00022488,-1.6e-12,-0.00022498,1.6e-12,0.00022488,64935.064935064605
bot1,4.8,5,0.00022638,9.100000000000002e-13,-0.00022646,9.100000000000002e-13,0.00022638,68965.51724137897
bot1,4.9,5,0.00022778,-3.973e-11,-0.00022788,3.973e-11,0.00022778,74074.07407407383
bot1,5.0,5,0.00022908,2.4740000000000003e-11,-0.00022912,2.4740000000000003e-11,0.00022908,76923.07692307638
bot2,0.0,-5,2.2028e-12,-3.2060000000000004e-11,3.444e-11,3.2060000000000004e-11,2.2028e-12,-15605980211.617092
bot2,0.1,-5,-4.205e-12,1.69e-12,1.4830000000000002e-11,1.69e-12,4.205e-12,-318471337579.61786
bot2,0.2,-5,1.5748e-12,-2.87e-12,7.200000000000003e-13,2.87e-12,1.5748e-12,45195697369.610405
bot2,0.3,-5,2.202e-13,-2.3000000000000013e-13,1.6800000000000001e-12,2.3000000000000013e-13,2.202e-13,-75849514563.10681
bot2,0.4,-5,-1.062e-12,3.2600000000000002e-12,2.41e-12,3.2600000000000002e-12,1.062e-12,-89605734767.0251
bot2,0.5,-5,-2.0118e-12,1.5380000000000003e-11,3.87e-12,1.5380000000000003e-11,2.0118e-12,-115848007414.27245
bot2,0.6,-5,-2.7884e-12,2.8870000000000003e-11,5.810000000000001e-12,2.8870000000000003e-11,2.7884e-12,-143719459614.8319
bot2,0.7,-5,-3.4034e-12,4.5290000000000006e-11,8.570000000000001e-12,4.5290000000000006e-11,3.4034e-12,-164717509471.25687
bot2,0.8,-5,-4.0026e-12,5.558e-11,1.3290000000000002e-11,5.558e-11,4.0026e-12,-271444082519.00107
bot2,0.9,-5,-4.1402e-12,6.04e-11,1.818e-11,6.04e-11,4.1402e-12,-643915003219.5751
bot2,1.0,-5,-4.3132e-12,5.911e-11,2.3830000000000003e-11,5.911e-11,4.3132e-12,22444673878.88855
bot2,1.1,-5,4.7706e-12,-1.5e-11,-3.652e-11,1.5e-11,4.7706e-12,25030036043.2519
bot2,1.2,-5,3.6772e-12,-2.0500000000000004e-12,-9.88e-12,2.0500000000000004e-12,3.6772e-12,-37319002836.24421
bot2,1.3,-5,-5.886e-13,2.08e-12,-1.6600000000000002e-12,2.08e-12,5.886e-13,-64045087741.77027
bot2,1.4,-5,5.544e-13,-1.6e-12,-2.780000000000001e-12,1.6e-12,5.544e-13,81900081900.0819
bot2,1.5,-5,1.8534e-12,-1.1960000000000002e-11,-4.11e-12,1.1960000000000002e-11,1.8534e-12,93817431278.73157
bot2,1.6,-5,2.6862e-12,-2.4650000000000003e-11,-5.120000000000001e-12,2.4650000000000003e-11,2.6862e-12,141924496168.0386
bot2,1.7,-5,3.2626e-12,-3.823e-11,-7.54e-12,3.823e-11,3.2626e-12,187969924812.0301
bot2,1.8,-5,3.7502e-12,-5.2680000000000006e-11,-1.109e-11,5.2680000000000006e-11,3.7502e-12,273298715496.0373
bot2,1.9,-5,3.9944e-12,-5.956e-11,-1.5380000000000003e-11,5.956e-11,3.9944e-12,558971492453.8848
bot2,2.0,-5,4.108e-12,-5.998000000000001e-11,-2.074e-11,5.998000000000001e-11,4.108e-12,-22957895220.166206
bot2,2.1,-5,-4.7172e-12,2.7490000000000003e-11,3.453e-11,2.7490000000000003e-11,4.7172e-12,-23561011238.60237
bot2,2.2,-5,-4.3806e-12,1.22e-12,1.728e-11,1.22e-12,4.3806e-12,30082425846.82032
bot2,2.3000000000000003,-5,1.9312e-12,-2.29e-12,-2.7e-13,2.29e-12,1.9312e-12,40673554055.15328
bot2,2.4,-5,5.366e-13,-1.8200000000000003e-12,1.4700000000000002e-12,1.8200000000000003e-12,5.366e-13,-73179656055.61644
bot2,2.5,-5,-8.018e-13,2.49e-12,2.2200000000000002e-12,2.49e-12,8.018e-13,-81973932289.53201
bot2,2.6,-5,-1.9032e-12,1.128e-11,3.77e-12,1.128e-11,1.9032e-12,-110011001100.11012
bot2,2.7,-5,-2.6198e-12,2.371e-11,5.24e-12,2.371e-11,2.6198e-12,-146606069491.27704
bot2,2.8000000000000003,-5,-3.2674e-12,4.215e-11,7.81e-12,4.215e-11,3.2674e-12,-177430801987.2247
bot2,2.9,-5,-3.747e-12,5.386e-11,1.087e-11,5.386e-11,3.747e-12,-253678335870.1165
bot2,3.0,-5,-4.0558e-12,5.847e-11,1.529e-11,5.847e-11,4.0558e-12,-400320256204.9642
bot2,3.1,-5,-4.2466e-12,5.992e-11,2.114e-11,5.992e-11,4.2466e-12,22913181953.577915
bot2,3.2,-5,4.6728e-12,-2.604e-11,-3.58e-11,2.604e-11,4.6728e-12,24077239785.23104
bot2,3.3000000000000003,-5,4.06e-12,-1.5800000000000001e-12,-1.442e-11,1.5800000000000001e-12,4.06e-12,-33301142229.178417
bot2,3.4,-5,-1.333e-12,1.7200000000000001e-12,-1.32e-12,1.7200000000000001e-12,1.333e-12,-47301452154.581085
bot2,3.5,-5,-1.682e-13,9.100000000000002e-13,-1.9900000000000002e-12,9.100000000000002e-13,1.682e-13,86229197206.17409
bot2,3.6,-5,9.864e-13,-3.53e-12,-3.1e-12,3.53e-12,9.864e-13,108932461873.63844
bot2,3.7,-5,1.6678e-12,-1.026e-11,-3.76e-12,1.026e-11,1.6678e-12,120992135511.19188
bot2,3.8,-5,2.6394e-12,-2.457e-11,-5.75e-12,2.457e-11,2.6394e-12,116238521446.00703
bot2,3.9,-5,3.3884e-12,-4.0120000000000006e-11,-7.6e-12,4.0120000000000006e-11,3.3884e-12,173370319001.38675
bot2,4.0,-5,3.793e-12,-5.2610000000000006e-11,-1.1360000000000002e-11,5.2610000000000006e-11,3.793e-12,283205890682.5258
bot2,4.1,-5,4.0946e-12,-5.912e-11,-1.668e-11,5.912e-11,4.0946e-12,394477317554.2408
bot2,4.2,-5,4.3e-12,-6.112e-11,-2.232e-11,6.112e-11,4.3e-12,-22775411665.56588
bot2,4.3,-5,-4.6868e-12,2.093e-11,3.573e-11,2.093e-11,4.6868e-12,-24783147459.72741
bot2,4.4,-5,-3.77e-12,1.31e-12,1.23e-11,1.31e-12,3.77e-12,34455431898.83888
bot2,4.5,-5,1.1178e-12,-2.47e-12,1.07e-12,2.47e-12,1.1178e-12,56395217685.54032
bot2,4.6000000000000005,-5,-2.236e-13,1.3e-13,2.24e-12,1.3e-13,2.236e-13,-80612656187.02144
bot2,4.7,-5,-1.3632e-12,8.710000000000001e-12,3.51e-12,8.710000000000001e-12,1.3632e-12,-96918007365.7682
bot2,4.8,-5,-2.2872e-12,2.0880000000000003e-11,5.060000000000001e-12,2.0880000000000003e-11,2.2872e-12,-126646403242.14804
bot2,4.9,-5,-2.9424e-12,3.798e-11,7.29e-12,3.798e-11,2.9424e-12,-190876121397.21332
bot2,5.0,-5,-3.335e-12,4.941000000000001e-11,1.052e-11,4.941000000000001e-11,3.335e-12,-254712175241.97583
bot2,0.0,-4,-4.8762e-12,1.18e-12,3.0430000000000005e-11,1.18e-12,4.8762e-12,29069767441.860462
bot2,0.1,-4,-1.4362e-12,2.03e-12,-1.3800000000000002e-12,2.03e-12,1.4362e-12,42394437849.75411
bot2,0.2,-4,-1.586e-13,2.8e-13,-2.2200000000000002e-12,2.8e-13,1.586e-13,76740081344.48622
bot2,0.3,-4,1.17e-12,-3.81e-12,-2.7000000000000002e-12,3.81e-12,1.17e-12,92276460274.98384
bot2,0.4,-4,2.0088e-12,-1.531e-11,-4.18e-12,1.531e-11,2.0088e-12,118948495301.53448
bot2,0.5,-4,2.8514e-12,-3.0360000000000006e-11,-6.490000000000001e-12,3.0360000000000006e-11,2.8514e-12,155183116076.9708
bot2,0.6,-4,3.2976e-12,-4.185e-11,-8.370000000000003e-12,4.185e-11,3.2976e-12,203748981255.09384
bot2,0.7,-4,3.833e-12,-5.3740000000000006e-11,-1.2e-11,5.3740000000000006e-11,3.833e-12,247831474597.2739
bot2,0.8,-4,4.1046e-12,-6.020000000000001e-11,-1.7620000000000003e-11,6.020000000000001e-11,4.1046e-12,414078674948.2399
bot2,0.9,-4,4.316e-12,-5.907000000000001e-11,-2.371e-11,5.907000000000001e-11,4.316e-12,-22450720668.13344
bot2,1.0,-4,-4.8038e-12,1.75e-11,3.636e-11,1.75e-11,4.8038e-12,-24902258634.85819
bot2,1.1,-4,-3.7154e-12,1.5700000000000002e-12,1.097e-11,1.5700000000000002e-12,3.7154e-12,34120376688.95864
bot2,1.2,-4,1.0578e-12,-2.26e-12,1.1600000000000001e-12,2.26e-12,1.0578e-12,53798149343.66256
bot2,1.3,-4,2.2e-15,-9e-14,1.8100000000000002e-12,9e-14,2.2e-15,-101522842639.594
bot2,1.4,-4,-9.122e-13,3.840000000000001e-12,2.54e-12,3.840000000000001e-12,9.122e-13,-102249488752.5562
bot2,1.5,-4,-1.9538e-12,1.406e-11,4.21e-12,1.406e-11,1.9538e-12,-99443118536.19728
bot2,1.6,-4,-2.9234e-12,3.0140000000000005e-11,6.340000000000001e-12,3.0140000000000005e-11,2.9234e-12,-128287363694.67609
bot2,1.7,-4,-3.5128e-12,4.407e-11,8.370000000000003e-12,4.407e-11,3.5128e-12,-223813786929.27487
bot2,1.8,-4,-3.817e-12,5.3330000000000005e-11,1.154e-11,5.3330000000000005e-11,3.817e-12,-385505011565.1506
bot2,1.9,-4,-4.0316e-12,5.995000000000001e-11,1.5430000000000002e-11,5.995000000000001e-11,4.0316e-12,-550357732526.1409
bot2,2.0,-4,-4.1804e-12,6.113e-11,2.083e-11,6.113e-11,4.1804e-12,23120852697.047462
bot2,2.1,-4,4.6186e-12,-2.711e-11,-3.515e-11,2.711e-11,4.6186e-12,23803289614.624763
bot2,2.2,-4,4.2218e-12,-1.27e-12,-1.454e-11,1.27e-12,4.2218e-12,-31616554427.89848
bot2,2.3000000000000003,-4,-1.7072e-12,1.8200000000000003e-12,-1.08e-12,1.8200000000000003e-12,1.7072e-12,-47207666525.0436
bot2,2.4,-4,-1.48e-14,6.8e-13,-2.5300000000000003e-12,6.8e-13,1.48e-14,179468772433.59628
bot2,2.5,-4,-5.928e-13,1.6e-12,-1.73e-12,1.6e-12,5.928e-13,205507603781.3401
bot2,2.6,-4,9.584e-13,-2.6100000000000004e-12,-2.8e-12,2.6100000000000004e-12,9.584e-13,74371560315.33548
bot2,2.7,-4,2.0964e-12,-1.506e-11,-4.250000000000001e-12,1.506e-11,2.0964e-12,100130169219.98608
bot2,2.8000000000000003,-4,2.9558e-12,-3.238e-11,-6.570000000000001e-12,3.238e-11,2.9558e-12,140311491511.15457
bot2,2.9,-4,3.5218e-12,-4.716e-11,-9.37e-12,4.716e-11,3.5218e-12,202511138112.596
bot2,3.0,-4,3.9434e-12,-5.525e-11,-1.332e-11,5.525e-11,3.9434e-12,276701715550.6366
bot2,3.1,-4,4.2446e-12,-6.066e-11,-1.89e-11,6.066e-11,4.2446e-12,-23331233522.31635
bot2,3.2,-4,-4.6288e-12,2.874e-11,3.4680000000000003e-11,2.874e-11,4.6288e-12,-23499001292.445087
bot2,3.3000000000000003,-4,-4.2664e-12,1.2500000000000001e-12,1.73e-11,1.2500000000000001e-12,4.2664e-12,31301843678.59263
bot2,3.4,-4,1.7606e-12,-2.24e-12,7.700000000000002e-13,2.24e-12,1.7606e-12,43372657876.47462
bot2,3.5,-4,3.448e-13,-1.14e-12,1.64e-12,1.14e-12,3.448e-13,-77405371932.81221
bot2,3.6,-4,-8.232e-13,2.2700000000000002e-12,2.47e-12,2.2700000000000002e-12,8.232e-13,-85954959601.16905
bot2,3.7,-4,-1.982e-12,1.391e-11,3.96e-12,1.391e-11,1.982e-12,-95219958103.21852
bot2,3.8,-4,-2.9236e-12,3.1080000000000004e-11,6.080000000000001e-12,3.1080000000000004e-11,2.9236e-12,-132380195922.6898
bot2,3.9,-4,-3.4928e-12,4.629e-11,8.680000000000001e-12,4.629e-11,3.4928e-12,-200360649168.50305
bot2,4.0,-4,-3.9218e-12,5.58e-11,1.259e-11,5.58e-11,3.9218e-12,-352982703847.51074
bot2,4.1,-4,-4.0594e-12,5.940000000000001e-11,1.646e-11,5.940000000000001e-11,4.0594e-12,-581395348837.2096
bot2,4.2,-4,-4.2658e-12,5.951000000000001e-11,2.149e-11,5.951000000000001e-11,4.2658e-12,22803977013.59119
bot2,4.3,-4,4.711e-12,-2.018e-11,-3.6330000000000005e-11,2.018e-11,4.711e-12,24465430346.919827
bot2,4.4,-4,3.909e-12,-1.85e-12,-1.021e-11,1.85e-12,3.909e-12,-36054225555.23512
bot2,4.5,-4,-8.362e-13,2.42e-12,-1.37e-12,2.42e-12,8.362e-13,-57597051030.98728
bot2,4.6000000000000005,-4,4.366e-13,-9.600000000000002e-13,-2.5600000000000004e-12,9.600000000000002e-13,4.366e-13,82372322899.50584
bot2,4.7,-4,1.5918e-12,-7.890000000000001e-12,-3.4500000000000004e-12,7.890000000000001e-12,1.5918e-12,90801779714.8821
bot2,4.8,-4,2.6392e-12,-2.373e-11,-5.5e-12,2.373e-11,2.6392e-12,125313283208.02016
bot2,4.9,-4,3.1878e-12,-3.871e-11,-7.92e-12,3.871e-11,3.1878e-12,193836014731.5373
bot2,5.0,-4,3.671e-12,-5.1000000000000005e-11,-1.065e-11,5.1000000000000005e-11,3.671e-12,206953642384.1052
bot2,0.0,-3,-4.5788e-12,1.4400000000000001e-12,1.4190000000000002e-11,1.4400000000000001e-12,4.5788e-12,18034915596.59501
bot2,0.1,-3,9.66e-13,-2.59e-12,1.3300000000000002e-12,2.59e-12,9.66e-13,46748632602.496376
bot2,0.2,-3,-3.006e-13,-4.0000000000000006e-14,2.09e-12,4.0000000000000006e-14,3.006e-13,-75500188750.47188
bot2,0.3,-3,-1.683e-12,8.900000000000001e-12,3.4100000000000002e-12,8.900000000000001e-12,1.683e-12,-85572479890.46725
bot2,0.4,-3,-2.6378e-12,2.405e-11,5.64e-12,2.405e-11,2.6378e-12,-123137544637.35994
bot2,0.5,-3,-3.3072e-12,4.006e-11,7.380000000000001e-12,4.006e-11,3.3072e-12,-179791441927.36423
bot2,0.6,-3,-3.7502e-12,5.306e-11,1.096e-11,5.306e-11,3.7502e-12,-273897562311.6956
bot2,0.7,-3,-4.0374e-12,5.87e-11,1.5890000000000003e-11,5.87e-11,4.0374e-12,-380952380952.38086
bot2,0.8,-3,-4.2752e-12,6.020000000000001e-11,2.2390000000000003e-11,6.020000000000001e-11,4.2752e-12,22648517654.519505
bot2,0.9,-3,4.7932e-12,-2.102e-11,-3.602e-11,2.102e-11,4.7932e-12,24561575870.70785
bot2,1.0,-3,3.8676e-12,-2.14e-12,-1.035e-11,2.14e-12,3.8676e-12,-34901577551.30533
bot2,1.1,-3,-9.372e-13,2.11e-12,-1.55e-12,2.11e-12,9.372e-13,-58830450641.251884
bot2,1.2,-3,4.68e-13,6.400000000000001e-13,-2.85e-12,6.400000000000001e-13,4.68e-13,80586670964.62244
bot2,1.3,-3,1.5446e-12,-7.960000000000001e-12,-3.3600000000000002e-12,7.960000000000001e-12,1.5446e-12,105108261509.35474
bot2,1.4,-3,2.3708e-12,-1.967e-11,-4.98e-12,1.967e-11,2.3708e-12,141282848262.22095
bot2,1.5,-3,2.9602e-12,-3.256e-11,-6.81e-12,3.256e-11,2.9602e-12,175223409847.5556
bot2,1.6,-3,3.5122e-12,-4.651e-11,-9.41e-12,4.651e-11,3.5122e-12,217912399215.51523
bot2,1.7,-3,3.878e-12,-5.520000000000001e-11,-1.261e-11,5.520000000000001e-11,3.878e-12,347222222222.2219
bot2,1.8,-3,4.0882e-12,-6.008e-11,-1.6870000000000002e-11,6.008e-11,4.0882e-12,738007380073.8014
bot2,1.9,-3,4.149e-12,-6.044e-11,-2.231e-11,6.044e-11,4.149e-12,-22799817601.459183
bot2,2.0,-3,-4.6838e-12,2.355e-11,3.565e-11,2.355e-11,4.6838e-12,-24184381726.28116
bot2,2.1,-3,-4.1208e-12,1.4700000000000002e-12,1.5430000000000002e-11,1.4700000000000002e-12,4.1208e-12,30696503668.23222
bot2,2.2,-3,1.8316e-12,-2.8800000000000002e-12,4e-13,2.8800000000000002e-12,1.8316e-12,40908161178.15508
bot2,2.3000000000000003,-3,7.682e-13,-2.24e-12,1.18e-12,2.24e-12,7.682e-13,-87404947120.00688
bot2,2.4,-3,-4.566e-13,4.600000000000003e-13,2.350000000000001e-12,4.600000000000003e-13,4.566e-13,-91215908054.36456
bot2,2.5,-3,-1.4244e-12,7.100000000000001e-12,3.18e-12,7.100000000000001e-12,1.4244e-12,-106360348861.94437
bot2,2.6,-3,-2.337e-12,1.7110000000000003e-11,4.53e-12,1.7110000000000003e-11,2.337e-12,-133014099494.54654
bot2,2.7,-3,-2.928e-12,3.226e-11,6.35e-12,3.226e-11,2.928e-12,-167476134650.8124
bot2,2.8000000000000003,-3,-3.5312e-12,4.643e-11,9.05e-12,4.643e-11,3.5312e-12,-215703192407.2473
bot2,2.9,-3,-3.8552e-12,5.587e-11,1.3280000000000002e-11,5.587e-11,3.8552e-12,-410340582683.6268
bot2,3.0,-3,-4.0186e-12,5.995000000000001e-11,1.722e-11,5.995000000000001e-11,4.0186e-12,-576036866359.4475
bot2,3.1,-3,-4.2024e-12,5.989e-11,2.2570000000000003e-11,5.989e-11,4.2024e-12,22854530910.75308
bot2,3.2,-3,4.7324e-12,-2.24e-11,-3.561e-11,2.24e-11,4.7324e-12,24480403437.048664
bot2,3.3000000000000003,-3,3.9674e-12,-1.7600000000000002e-12,-1.245e-11,1.7600000000000002e-12,3.9674e-12,-33149903865.278748
bot2,3.4,-3,-1.3008e-12,1.8000000000000002e-12,-1.4700000000000002e-12,1.8000000000000002e-12,1.3008e-12,-48060748786.46603
bot2,3.5,-3,-1.94e-13,4.7e-13,-2.5800000000000003e-12,4.7e-13,1.94e-13,91583478340.50745
bot2,3.6,-3,8.83e-13,-3.35e-12,-2.780000000000001e-12,3.35e-12,8.83e-13,98473658296.4058
bot2,3.7,-3,1.837e-12,-1.218e-11,-3.92e-12,1.218e-11,1.837e-12,115101289134.43842
bot2,3.8,-3,2.6206e-12,-2.447e-11,-5.370000000000001e-12,2.447e-11,2.6206e-12,137193030594.04562
bot2,3.9,-3,3.2948e-12,-3.89e-11,-7.42e-12,3.89e-11,3.2948e-12,182548375319.45944
bot2,4.0,-3,3.7162e-12,-5.023e-11,-1.059e-11,5.023e-11,3.7162e-12,283929585462.8048
bot2,4.1,-3,3.9992e-12,-5.801e-11,-1.424e-11,5.801e-11,3.9992e-12,472366556447.8039
bot2,4.2,-3,4.1396e-12,-5.993000000000001e-11,-2.036e-11,5.993000000000001e-11,4.1396e-12,-23400570973.931786
bot2,4.3,-3,-4.5476e-12,3.129e-11,3.43e-11,3.129e-11,4.5476e-12,278862242052.4263
bot2,4.4,-3,4.8568e-12,-5.500000000000001e-13,-3.1340000000000005e-11,5.500000000000001e-13,4.8568e-12,29322933466.263992
bot2,4.5,-3,2.273e-12,-2.51e-12,1.1000000000000001e-13,2.51e-12,2.273e-12,-52388935456.83156
bot2,4.6000000000000005,-3,1.0392e-12,-1.7600000000000002e-12,1.13e-12,1.7600000000000002e-12,1.0392e-12,-86199465563.31358
bot2,4.7,-3,-4.72e-14,-3.0000000000000014e-13,1.5800000000000001e-12,3.0000000000000014e-13,4.72e-14,-96871064612.99976
bot2,4.8,-3,-1.0254e-12,3.730000000000001e-12,2.8100000000000003e-12,3.730000000000001e-12,1.0254e-12,-113882245757.88644
bot2,4.9,-3,-1.8034e-12,9.05e-12,3.2600000000000002e-12,9.05e-12,1.8034e-12,-129802699896.15794
bot2,5.0,-3,-2.5662e-12,2.2370000000000003e-11,4.92e-12,2.2370000000000003e-11,2.5662e-12,-131095962244.36238
bot2,0.0,-2,-4.5318e-12,5.982e-11,2.291e-11,5.982e-11,4.5318e-12,10722480753.147053
bot2,0.1,-2,4.7944e-12,-1.6430000000000002e-11,-3.6220000000000005e-11,1.6430000000000002e-11,4.7944e-12,23580456517.638187
bot2,0.2,-2,3.9498e-12,-4.600000000000003e-13,-1.22e-11,4.600000000000003e-13,3.9498e-12,-32485462755.41695
bot2,0.3,-2,-1.3622e-12,2.13e-12,-1.3800000000000002e-12,2.13e-12,1.3622e-12,-46788003555.88828
bot2,0.4,-2,-3.248e-13,4.500000000000001e-13,-1.6700000000000006e-12,4.500000000000001e-13,3.248e-13,106609808102.3454
bot2,0.5,-2,5.138e-13,-1.27e-12,-2.5500000000000002e-12,1.27e-12,5.138e-13,110877037365.56155
bot2,0.6,-2,1.479e-12,-7.1800000000000005e-12,-3.680000000000001e-12,7.1800000000000005e-12,1.479e-12,119674485399.71284
bot2,0.7,-2,2.185e-12,-1.628e-11,-4.450000000000001e-12,1.628e-11,2.185e-12,154631204577.08374
bot2,0.8,-2,2.7724e-12,-2.8490000000000003e-11,-6.0600000000000004e-12,2.8490000000000003e-11,2.7724e-12,177399325882.56165
bot2,0.9,-2,3.3124e-12,-4.08e-11,-7.43e-12,4.08e-11,3.3124e-12,197044334975.36945
bot2,1.0,-2,3.7874e-12,-5.1920000000000007e-11,-1.106e-11,5.1920000000000007e-11,3.7874e-12,276395798783.85846
bot2,1.1,-2,4.036e-12,-5.744e-11,-1.466e-11,5.744e-11,4.036e-12,609756097560.9751
bot2,1.2,-2,4.1154e-12,-6.146e-11,-1.834e-11,6.146e-11,4.1154e-12,868055555555.5571
bot2,1.3,-2,4.2664e-12,-5.971e-11,-2.3e-11,5.971e-11,4.2664e-12,-22678308198.208435
bot2,1.4,-2,-4.7036e-12,2.262e-11,3.573e-11,2.262e-11,4.7036e-12,-23528858144.514244
bot2,1.5,-2,-4.2338e-12,2.2700000000000002e-12,1.5740000000000002e-11,2.2700000000000002e-12,4.2338e-12,29606821411.65324
bot2,1.6,-2,2.0516e-12,-3.0400000000000004e-12,1.4e-13,3.0400000000000004e-12,2.0516e-12,37268932617.769806
bot2,1.7,-2,1.1326e-12,-2.09e-12,1.2800000000000002e-12,2.09e-12,1.1326e-12,-114613180515.75928
bot2,1.8,-2,3.066e-13,-1.8700000000000003e-12,1.7500000000000002e-12,1.8700000000000003e-12,3.066e-13,-114495076711.70148
bot2,1.9,-2,-6.142e-13,1.4200000000000002e-12,2.2200000000000002e-12,1.4200000000000002e-12,6.142e-13,-116550116550.11652
bot2,2.0,-2,-1.4094e-12,6.65e-12,3.05e-12,6.65e-12,1.4094e-12,-139664804469.2737
bot2,2.1,-2,-2.0462e-12,1.418e-11,3.96e-12,1.418e-11,2.0462e-12,-160978750804.8939
bot2,2.2,-2,-2.6518e-12,2.6890000000000004e-11,5.4100000000000006e-12,2.6890000000000004e-11,2.6518e-12,-188821752265.8612
bot2,2.3000000000000003,-2,-3.1054e-12,3.532e-11,7.16e-12,3.532e-11,3.1054e-12,-217580504786.7708
bot2,2.4,-2,-3.571e-12,4.7140000000000005e-11,9.2e-12,4.7140000000000005e-11,3.571e-12,-265463233342.1819
bot2,2.5,-2,-3.8588e-12,5.2940000000000007e-11,1.1560000000000002e-11,5.2940000000000007e-11,3.8588e-12,-395413206801.10767
bot2,2.6,-2,-4.0768e-12,5.826e-11,1.5650000000000002e-11,5.826e-11,4.0768e-12,-648929266709.9296
bot2,2.7,-2,-4.167e-12,6.037000000000001e-11,2.021e-11,6.037000000000001e-11,4.167e-12,22963694399.15496
bot2,2.8000000000000003,-2,4.6326e-12,-3.081e-11,-3.4500000000000004e-11,3.081e-11,4.6326e-12,-252844500632.11087
bot2,2.9,-2,-4.958e-12,5.2e-13,3.15e-11,5.2e-13,4.958e-12,-28683704787.310287
bot2,3.0,-2,-2.34e-12,2.3800000000000004e-12,3.5e-13,2.3800000000000004e-12,2.34e-12,54074514681.23079
bot2,3.1,-2,-1.2594e-12,1.3900000000000001e-12,-1.45e-12,1.3900000000000001e-12,1.2594e-12,102459016393.4427
bot2,3.2,-2,-3.88e-13,1.31e-12,-2.23e-12,1.31e-12,3.88e-13,106236056517.58215
bot2,3.3000000000000003,-2,6.232e-13,-9.600000000000002e-13,-2.47e-12,9.600000000000002e-13,6.232e-13,109649122807.0174
bot2,3.4,-2,1.436e-12,-6.4800000000000015e-12,-3.43e-12,6.4800000000000015e-12,1.436e-12,129215660938.10551
bot2,3.5,-2,2.171e-12,-1.568e-11,-4.5900000000000004e-12,1.568e-11,2.171e-12,175070028011.20462
bot2,3.6,-2,2.5784e-12,-2.444e-11,-6.1200000000000006e-12,2.444e-11,2.5784e-12,192938452633.61008
bot2,3.7,-2,3.2076e-12,-3.9390000000000006e-11,-7.55e-12,3.9390000000000006e-11,3.2076e-12,185494342422.5564
bot2,3.8,-2,3.6566e-12,-4.7440000000000006e-11,-9.94e-12,4.7440000000000006e-11,3.6566e-12,291885580852.30554
bot2,3.9,-2,3.8928e-12,-5.5150000000000005e-11,-1.282e-11,5.5150000000000005e-11,3.8928e-12,445831475702.18365
bot2,4.0,-2,4.1052e-12,-6.012000000000001e-11,-1.6290000000000003e-11,6.012000000000001e-11,4.1052e-12,548245614035.0867
bot2,4.1,-2,4.2576e-12,-6.04e-11,-2.045e-11,6.04e-11,4.2576e-12,1052631578947.3704
bot2,4.2,-2,4.2952e-12,-5.918000000000001e-11,-2.425e-11,5.918000000000001e-11,4.2952e-12,-22302013871.85265
bot2,4.3,-2,-4.7102e-12,1.98e-11,3.601e-11,1.98e-11,4.7102e-12,-23563787171.874287
bot2,4.4,-2,-4.1924e-12,1.46e-12,1.4850000000000002e-11,1.46e-12,4.1924e-12,30337964929.31257
bot2,4.5,-2,1.8822e-12,-2.0500000000000004e-12,1.7e-13,2.0500000000000004e-12,1.8822e-12,38099592334.36206
bot2,4.6000000000000005,-2,1.057e-12,-1.9900000000000002e-12,1.1000000000000002e-12,1.9900000000000002e-12,1.057e-12,-109926349345.93834
bot2,4.7,-2,6.28e-14,-6.8e-13,1.7600000000000002e-12,6.8e-13,6.28e-14,-107020547945.20512
bot2,4.8,-2,-8.117999999999999e-13,1.8700000000000003e-12,2.5500000000000002e-12,1.8700000000000003e-12,8.117999999999999e-13,-130174433741.21336
bot2,4.9,-2,-1.4736e-12,6.570000000000001e-12,3.160000000000001e-12,6.570000000000001e-12,1.4736e-12,-136276914690.65154
bot2,5.0,-2,-2.2794e-12,1.7560000000000002e-11,4.660000000000001e-12,1.7560000000000002e-11,2.2794e-12,-124100273020.60022
bot2,0.0,-1,-4.4106e-12,6.014e-11,2.049e-11,6.014e-11,4.4106e-12,10960826007.847952
bot2,0.1,-1,4.7128e-12,-2.721e-11,-3.532e-11,2.721e-11,4.7128e-12,22501237568.06625
bot2,0.2,-1,4.4778e-12,-9.200000000000001e-13,-1.888e-11,9.200000000000001e-13,4.4778e-12,-27905678805.636948
bot2,0.3,-1,-2.4542e-12,1.5400000000000001e-12,1.2000000000000001e-12,1.5400000000000001e-12,2.4542e-12,-39180347137.87565
bot2,0.4,-1,-6.268e-13,1.2400000000000002e-12,2.42e-12,1.2400000000000002e-12,6.268e-13,192641109612.7914
bot2,0.5,-1,-1.416e-12,6.81e-12,3e-12,6.81e-12,1.416e-12,-133333333333.33331
bot2,0.6,-1,-2.1268e-12,1.477e-11,4.11e-12,1.477e-11,2.1268e-12,-175284837861.52502
bot2,0.7,-1,-2.557e-12,2.24e-11,5.19e-12,2.24e-11,2.557e-12,-242659548653.2396
bot2,0.8,-1,-2.951e-12,3.3630000000000004e-11,6.71e-12,3.3630000000000004e-11,2.951e-12,-228362639872.11688
bot2,0.9,-1,-3.4328e-12,4.53e-11,8.900000000000001e-12,4.53e-11,3.4328e-12,-233045910044.27875
bot2,1.0,-1,-3.8092e-12,5.2170000000000006e-11,1.112e-11,5.2170000000000006e-11,3.8092e-12,-346140533056.42114
bot2,1.1,-1,-4.0106e-12,5.718e-11,1.384e-11,5.718e-11,4.0106e-12,-598086124401.9125
bot2,1.2,-1,-4.1436e-12,5.96e-11,1.7650000000000002e-11,5.96e-11,4.1436e-12,-821018062397.3715
bot2,1.3,-1,-4.2542e-12,6.17e-11,2.1700000000000003e-11,6.17e-11,4.2542e-12,22866550809.47592
bot2,1.4,-1,4.6028e-12,-3.173e-11,-3.4790000000000003e-11,3.173e-11,4.6028e-12,-295159386068.4772
bot2,1.5,-1,-4.9318e-12,6.000000000000003e-13,3.2070000000000005e-11,6.000000000000003e-13,4.9318e-12,-27130415909.275883
bot2,1.6,-1,-2.769e-12,2.500000000000001e-12,2.34e-12,2.500000000000001e-12,2.769e-12,41104899704.04472
bot2,1.7,-1,-6.62e-14,-7.3e-13,1.5700000000000002e-12,7.3e-13,6.62e-14,98980500841.33424
bot2,1.8,-1,-7.484e-13,2.03e-12,2.2500000000000003e-12,2.03e-12,7.484e-13,-158127767235.9268
bot2,1.9,-1,-1.331e-12,6e-12,3.0800000000000002e-12,6e-12,1.331e-12,-181323662737.98727
bot2,2.0,-1,-1.8514e-12,1.132e-11,3.4700000000000004e-12,1.132e-11,1.8514e-12,-226860254083.48447
bot2,2.1,-1,-2.2126e-12,1.7380000000000002e-11,4.660000000000001e-12,1.7380000000000002e-11,2.2126e-12,-243013365735.11563
bot2,2.2,-1,-2.6744e-12,2.8360000000000003e-11,5.79e-12,2.8360000000000003e-11,2.6744e-12,-202675314146.73715
bot2,2.3000000000000003,-1,-3.1994e-12,3.778e-11,7.71e-12,3.778e-11,3.1994e-12,-190222560395.66263
bot2,2.4,-1,-3.7258e-12,5.037e-11,1.016e-11,5.037e-11,3.7258e-12,-253036437246.9633
bot2,2.5,-1,-3.9898e-12,5.6460000000000005e-11,1.289e-11,5.6460000000000005e-11,3.9898e-12,-532197977647.6853
bot2,2.6,-1,-4.1016e-12,5.849000000000001e-11,1.4920000000000002e-11,5.849000000000001e-11,4.1016e-12,-1700680272108.8418
bot2,2.7,-1,-4.1074e-12,5.993000000000001e-11,1.841e-11,5.993000000000001e-11,4.1074e-12,-1730103806228.3748
bot2,2.8000000000000003,-1,-4.2172e-12,6.068e-11,2.2810000000000003e-11,6.068e-11,4.2172e-12,22666485334.78396
bot2,2.9,-1,4.7162e-12,-2.5830000000000003e-11,-3.543e-11,2.5830000000000003e-11,4.7162e-12,23434021512.43172
bot2,3.0,-1,4.3174e-12,-2.29e-12,-1.537e-11,2.29e-12,4.3174e-12,-29426477944.85481
bot2,3.1,-1,-2.0804e-12,2.500000000000001e-12,-1.1000000000000001e-13,2.500000000000001e-12,2.0804e-12,-35878300803.673965
bot2,3.2,-1,-1.257e-12,1.4900000000000001e-12,-1.2000000000000001e-12,1.4900000000000001e-12,1.257e-12,119531436767.87006
bot2,3.3000000000000003,-1,-4.072e-13,1.6800000000000001e-12,-2.070000000000001e-12,1.6800000000000001e-12,4.072e-13,115740740740.7406
bot2,3.4,-1,4.71e-13,-7.100000000000001e-13,-2.31e-12,7.100000000000001e-13,4.71e-13,124331717021.0119
bot2,3.5,-1,1.2014e-12,-6.15e-12,-3.35e-12,6.15e-12,1.2014e-12,145496871817.25604
bot2,3.6,-1,1.8456e-12,-1.154e-11,-3.81e-12,1.154e-11,1.8456e-12,177714590367.86932
bot2,3.7,-1,2.3268e-12,-1.816e-11,-4.8500000000000005e-12,1.816e-11,2.3268e-12,207253886010.3629
bot2,3.8,-1,2.8106e-12,-2.83e-11,-5.95e-12,2.83e-11,2.8106e-12,197238658777.1201
bot2,3.9,-1,3.3408e-12,-4.326e-11,-8.45e-12,4.326e-11,3.3408e-12,204876049989.7559
bot2,4.0,-1,3.7868e-12,-5.103e-11,-1.088e-11,5.103e-11,3.7868e-12,282565696524.4418
bot2,4.1,-1,4.0486e-12,-5.703e-11,-1.439e-11,5.703e-11,4.0486e-12,592768227623.0004
bot2,4.2,-1,4.1242e-12,-6.111000000000001e-11,-1.88e-11,6.111000000000001e-11,4.1242e-12,1061571125265.392
bot2,4.3,-1,4.237e-12,-6.011e-11,-2.396e-11,6.011e-11,4.237e-12,-22673166307.674885
bot2,4.4,-1,-4.6968e-12,2.479e-11,3.548e-11,2.479e-11,4.6968e-12,-23459309827.104908
bot2,4.5,-1,-4.2884e-12,1.36e-12,1.6490000000000003e-11,1.36e-12,4.2884e-12,29160470066.777504
bot2,4.6000000000000005,-1,2.1618e-12,-2.2200000000000002e-12,-7.800000000000002e-13,2.2200000000000002e-12,2.1618e-12,36833769199.60224
bot2,4.7,-1,1.1414e-12,-2.64e-12,1.21e-12,2.64e-12,1.1414e-12,-107077845593.74628
bot2,4.8,-1,2.94e-13,-2.120000000000001e-12,1.7600000000000002e-12,2.120000000000001e-12,2.94e-13,-117799505242.07808
bot2,4.9,-1,-5.564e-13,1.23e-12,1.69e-12,1.23e-12,5.564e-13,-124054087582.18594
bot2,5.0,-1,-1.3182e-12,5.150000000000001e-12,2.8900000000000004e-12,5.150000000000001e-12,1.3182e-12,-131268049356.7861
bot2,0.0,0,3.5524e-12,-5.4430000000000006e-11,-1.283e-11,5.4430000000000006e-11,3.5524e-12,170473917490.62396
bot2,0.1,0,4.139e-12,-5.945e-11,-1.8820000000000003e-11,5.945e-11,4.139e-12,301932367149.7584
bot2,0.2,0,4.2148e-12,-6.033e-11,-2.293e-11,6.033e-11,4.2148e-12,-22574892204.88972
bot2,0.3,0,-4.7204e-12,2.6850000000000003e-11,3.5420000000000005e-11,2.6850000000000003e-11,4.7204e-12,-23285597857.725
bot2,0.4,0,-4.3742e-12,2.120000000000001e-12,1.792e-11,2.120000000000001e-12,4.3742e-12,28682059371.862904
bot2,0.5,0,2.2526e-12,-1.14e-12,-8.9e-13,1.14e-12,2.2526e-12,34576951004.46042
bot2,0.6,0,1.41e-12,-2.5500000000000002e-12,1.26e-12,2.5500000000000002e-12,1.41e-12,-108613011838.81834
bot2,0.7,0,4.112e-13,-1.51e-12,1.37e-12,1.51e-12,4.112e-13,-105977108944.46802
bot2,0.8,0,-4.772e-13,8.500000000000002e-13,2.49e-12,8.500000000000002e-13,4.772e-13,-118385225523.8546
bot2,0.9,0,-1.2782e-12,4.99e-12,2.8600000000000003e-12,4.99e-12,1.2782e-12,-135722041259.5005
bot2,1.0,0,-1.9508e-12,1.165e-11,3.75e-12,1.165e-11,1.9508e-12,-146477222791.85593
bot2,1.1,0,-2.6436e-12,2.318e-11,5.14e-12,2.318e-11,2.6436e-12,-176211453744.49338
bot2,1.2,0,-3.0858e-12,3.38e-11,6.7200000000000004e-12,3.38e-11,3.0858e-12,-251762336354.4812
bot2,1.3,0,-3.438e-12,4.3140000000000006e-11,8.45e-12,4.3140000000000006e-11,3.438e-12,-333444481493.83185
bot2,1.4,0,-3.6856e-12,5.044e-11,1.001e-11,5.044e-11,3.6856e-12,-420698359276.39886
bot2,1.5,0,-3.9134e-12,5.591e-11,1.311e-11,5.591e-11,3.9134e-12,-457247370827.61707
bot2,1.6,0,-4.123e-12,5.929000000000001e-11,1.684e-11,5.929000000000001e-11,4.123e-12,-631711939355.6543
bot2,1.7,0,-4.23e-12,6.011e-11,1.969e-11,6.011e-11,4.23e-12,22803977013.591164
bot2,1.8,0,4.6474e-12,-3.4220000000000006e-11,-3.424e-11,3.4220000000000006e-11,4.6474e-12,-309119010819.16565
bot2,1.9,0,-4.877e-12,1.36e-12,3.2500000000000004e-11,1.36e-12,4.877e-12,-27429574567.29845
bot2,2.0,0,-2.644e-12,1.6800000000000001e-12,2.59e-12,1.6800000000000001e-12,2.644e-12,42966400274.98496
bot2,2.1,0,-2.222e-13,-7.5e-13,1.8400000000000002e-12,7.5e-13,2.222e-13,153209744139.72742
bot2,2.2,0,-1.3386e-12,4.57e-12,2.9100000000000003e-12,4.57e-12,1.3386e-12,-113134970019.23306
bot2,2.3000000000000003,0,-1.99e-12,1.424e-11,4.0900000000000005e-12,1.424e-11,1.99e-12,-145878920495.98813
bot2,2.4,0,-2.7096e-12,2.4900000000000003e-11,5.69e-12,2.4900000000000003e-11,2.7096e-12,-111098766803.68834
bot2,2.5,0,-3.7902e-12,4.073e-11,7.52e-12,4.073e-11,3.7902e-12,-225326723749.4369
bot2,2.6,0,-3.5972e-12,4.952e-11,1.026e-11,4.952e-11,3.5972e-12,-1103752759381.8987
bot2,2.7,0,-3.9714e-12,5.761e-11,1.315e-11,5.761e-11,3.9714e-12,-406669377795.8524
bot2,2.8000000000000003,0,-4.089e-12,5.891000000000001e-11,1.628e-11,5.891000000000001e-11,4.089e-12,-1470588235294.1133
bot2,2.9,0,-4.1074e-12,6.063e-11,2.059e-11,6.063e-11,4.1074e-12,-1047120418848.169
bot2,3.0,0,-4.28e-12,5.92e-11,2.427e-11,5.92e-11,4.28e-12,22397921472.887333
bot2,3.1,0,4.822e-12,-1.937e-11,-3.6000000000000005e-11,1.937e-11,4.822e-12,24102193299.590286
bot2,3.2,0,4.018e-12,-1.46e-12,-1.275e-11,1.46e-12,4.018e-12,-31318509238.960247
bot2,3.3000000000000003,0,-1.564e-12,2.13e-12,-9.700000000000001e-13,2.13e-12,1.564e-12,-42511584406.75079
bot2,3.4,0,-6.866e-13,2.730000000000001e-12,-1.8900000000000002e-12,2.730000000000001e-12,6.866e-13,108742931709.43874
bot2,3.5,0,2.752e-13,-3.900000000000001e-13,-2.29e-12,3.900000000000001e-13,2.752e-13,103982530934.80304
bot2,3.6,0,1.2368e-12,-5.95e-12,-3.3200000000000004e-12,5.95e-12,1.2368e-12,115700566932.77806
bot2,3.7,0,2.0038e-12,-1.504e-11,-4.240000000000001e-12,1.504e-11,2.0038e-12,140944326990.83875
bot2,3.8,0,2.6558e-12,-2.582e-11,-5.9e-12,2.582e-11,2.6558e-12,156176792128.68945
bot2,3.9,0,3.2844e-12,-4.084e-11,-7.990000000000001e-12,4.084e-11,3.2844e-12,183351668500.18307
bot2,4.0,0,3.7466e-12,-5.092e-11,-1.094e-11,5.092e-11,3.7466e-12,269541778975.7409
bot2,4.1,0,4.0264e-12,-5.822000000000001e-11,-1.491e-11,5.822000000000001e-11,4.0264e-12,523286237571.9527
bot2,4.2,0,4.1288e-12,-6.14e-11,-1.863e-11,6.14e-11,4.1288e-12,908265213442.325
bot2,4.3,0,4.2466e-12,-5.956e-11,-2.382e-11,5.956e-11,4.2466e-12,-22523029797.96844
bot2,4.4,0,-4.751e-12,2.1060000000000003e-11,3.5780000000000005e-11,2.1060000000000003e-11,4.751e-12,-23611078317.9468
bot2,4.5,0,-4.224e-12,1.3000000000000001e-12,1.553e-11,1.3000000000000001e-12,4.224e-12,29462023451.770687
bot2,4.6000000000000005,0,2.0374e-12,-2.8900000000000004e-12,-2e-13,2.8900000000000004e-12,2.0374e-12,37209302325.58143
bot2,4.7,0,1.151e-12,-2.7600000000000004e-12,1.17e-12,2.7600000000000004e-12,1.151e-12,-103519668737.05968
bot2,4.8,0,1.054e-13,-4e-13,1.6600000000000002e-12,4e-13,1.054e-13,-85822176450.39487
bot2,4.9,0,-1.1794e-12,4.07e-12,2.7000000000000002e-12,4.07e-12,1.1794e-12,-94948727687.04909
bot2,5.0,0,-2.001e-12,1.484e-11,4.400000000000001e-12,1.484e-11,2.001e-12,-121713729308.66556
bot2,0.0,1,3.76814e-11,4.56e-12,-1.611e-11,4.56e-12,3.76814e-11,805008.3199783392
bot2,0.1,1,1.2426e-07,-2.8160000000000003e-11,-1.2408e-07,2.8160000000000003e-11,1.2426e-07,1039920.9070267524
bot2,0.2,1,1.9236e-07,1.2000000000000001e-12,-1.9262e-07,1.2000000000000001e-12,1.9236e-07,1981767.736821244
bot2,0.3,1,2.2518e-07,1.85e-12,-2.2562e-07,1.85e-12,2.2518e-07,4266211.6040955605
bot2,0.4,1,2.3924e-07,-1.7100000000000002e-12,-2.3988e-07,1.7100000000000002e-12,2.3924e-07,10080645.161290323
bot2,0.5,1,2.4502e-07,1.161e-11,-2.453e-07,1.161e-11,2.4502e-07,24096385.542168703
bot2,0.6,1,2.4754e-07,-5.343e-11,-2.476e-07,5.343e-11,2.4754e-07,52910052.91005296
bot2,0.7,1,2.488e-07,5.721e-11,-2.487e-07,5.721e-11,2.488e-07,116279069.76744248
bot2,0.8,1,2.4926e-07,1.4400000000000001e-12,-2.4924e-07,1.4400000000000001e-12,2.4926e-07,277777777.77778953
bot2,0.9,1,2.4952e-07,-1.5700000000000002e-12,-2.4954e-07,1.5700000000000002e-12,2.4952e-07,212765957.44680685
bot2,1.0,1,2.502e-07,2.144e-11,-2.5008e-07,2.144e-11,2.502e-07,476190476.1904766
bot2,1.1,1,2.4994e-07,-5.861e-11,-2.5012e-07,5.861e-11,2.4994e-07,2500000000.000473
bot2,1.2,1,2.5028e-07,6.440000000000001e-12,-2.5016e-07,6.440000000000001e-12,2.5028e-07,294117647.05881053
bot2,1.3,1,2.5062e-07,2.830000000000001e-12,-2.5052e-07,2.830000000000001e-12,2.5062e-07,277777777.7777694
bot2,1.4,1,2.51e-07,-1.64e-12,-2.513e-07,1.64e-12,2.51e-07,357142857.14285725
bot2,1.5,1,2.5118e-07,5.7700000000000005e-11,-2.5106e-07,5.7700000000000005e-11,2.5118e-07,500000000.0000285
bot2,1.6,1,2.514e-07,-3.2760000000000005e-11,-2.513e-07,3.2760000000000005e-11,2.514e-07,476190476.1904763
bot2,1.7,1,2.516e-07,-2.5800000000000003e-12,-2.5156e-07,2.5800000000000003e-12,2.516e-07,1249999999.999823
bot2,1.8,1,2.5156e-07,1.65e-12,-2.5162e-07,1.65e-12,2.5156e-07,999999999.9999256
bot2,1.9,1,2.518e-07,-3.799e-11,-2.5152e-07,3.799e-11,2.518e-07,370370370.37038606
bot2,2.0,1,2.521e-07,5.824000000000001e-11,-2.5196e-07,5.824000000000001e-11,2.521e-07,277777777.77778953
bot2,2.1,1,2.5252e-07,-2.62e-11,-2.5208e-07,2.62e-11,2.5252e-07,999999999.9999256
bot2,2.2,1,2.523e-07,-2.74e-12,-2.5212e-07,2.74e-12,2.523e-07,833333333.3333081
bot2,2.3000000000000003,1,2.5276e-07,1.3300000000000002e-12,-2.525e-07,1.3300000000000002e-12,2.5276e-07,909090909.0909708
bot2,2.4,1,2.5252e-07,-1.12e-12,-2.5276e-07,1.12e-12,2.5252e-07,-833333333.3333064
bot2,2.5,1,2.5252e-07,5.594e-11,-2.526e-07,5.594e-11,2.5252e-07,400000000.00001264
bot2,2.6,1,2.5302e-07,-5.5150000000000005e-11,-2.5308e-07,5.5150000000000005e-11,2.5302e-07,303030303.0303
bot2,2.7,1,2.5318e-07,-6.000000000000003e-13,-2.5336e-07,6.000000000000003e-13,2.5318e-07,499999999.99996287
bot2,2.8000000000000003,1,2.5342e-07,1.78e-12,-2.5336e-07,1.78e-12,2.5342e-07,5000000000.000941
bot2,2.9,1,2.5322e-07,-2.1700000000000002e-12,-2.5348e-07,2.1700000000000002e-12,2.5322e-07,526315789.4736733
bot2,3.0,1,2.538e-07,6.173e-11,-2.534e-07,6.173e-11,2.538e-07,555555555.5555797
bot2,3.1,1,2.5358e-07,-5.1150000000000006e-11,-2.5356e-07,5.1150000000000006e-11,2.5358e-07,625000000.0000156
bot2,3.2,1,2.5412e-07,-1.7200000000000001e-12,-2.537e-07,1.7200000000000001e-12,2.5412e-07,344827586.20688355
bot2,3.3000000000000003,1,2.5416e-07,2.6600000000000004e-12,-2.5404e-07,2.6600000000000004e-12,2.5416e-07,-555555555.5555785
bot2,3.4,1,2.5376e-07,-2.499e-11,-2.5428e-07,2.499e-11,2.5376e-07,1999999999.9998472
bot2,3.5,1,2.5426e-07,4.9950000000000006e-11,-2.5426e-07,4.9950000000000006e-11,2.5426e-07,294117647.0588338
bot2,3.6,1,2.5444e-07,-1.1350000000000002e-11,-2.5474e-07,1.1350000000000002e-11,2.5444e-07,344827586.206915
bot2,3.7,1,2.5484e-07,-2.52e-12,-2.544e-07,2.52e-12,2.5484e-07,555555555.5555797
bot2,3.8,1,2.548e-07,3.66e-12,-2.547e-07,3.66e-12,2.548e-07,-2500000000.0004706
bot2,3.9,1,2.5476e-07,-1.014e-11,-2.55e-07,1.014e-11,2.5476e-07,322580645.1612822
bot2,4.0,1,2.5542e-07,5.23e-11,-2.5522e-07,5.23e-11,2.5542e-07,384615384.6153786
bot2,4.1,1,2.5528e-07,-5.5960000000000006e-11,-2.5504e-07,5.5960000000000006e-11,2.5528e-07,1111111111.111159
bot2,4.2,1,2.556e-07,7.280000000000001e-12,-2.5542e-07,7.280000000000001e-12,2.556e-07,999999999.9999256
bot2,4.3,1,2.5548e-07,2.23e-12,-2.5542e-07,2.23e-12,2.5548e-07,434782608.69566
bot2,4.4,1,2.5606e-07,-1.17e-12,-2.5586e-07,1.17e-12,2.5606e-07,588235294.1177133
bot2,4.5,1,2.5582e-07,1.6800000000000001e-12,-2.5578e-07,1.6800000000000001e-12,2.5582e-07,1111111111.111159
bot2,4.6000000000000005,1,2.5624e-07,-3.952e-11,-2.5624e-07,3.952e-11,2.5624e-07,312499999.999982
bot2,4.7,1,2.5646e-07,6.130000000000001e-11,-2.5618e-07,6.130000000000001e-11,2.5646e-07,1428571428.5714245
bot2,4.8,1,2.5638e-07,-2.23e-12,-2.5616e-07,2.23e-12,2.5638e-07,769230769.2308375
bot2,4.9,1,2.5672e-07,-2.8100000000000003e-12,-2.5664e-07,2.8100000000000003e-12,2.5672e-07,333333333.3333086
bot2,5.0,1,2.5698e-07,1.7200000000000001e-12,-2.5688e-07,1.7200000000000001e-12,2.5698e-07,384615384.6153386
bot2,0.0,2,3.2426000000000003e-10,-6.064000000000001e-11,-4.0475e-10,6.064000000000001e-11,3.2426000000000003e-10,88692.13111173263
bot2,0.1,2,1.12782e-06,-5.186e-11,-1.13378e-06,5.186e-11,1.12782e-06,92743.91373398896
bot2,0.2,2,2.1568000000000003e-06,-1.9900000000000002e-12,-2.1602e-06,1.9900000000000002e-12,2.1568000000000003e-06,101808.11207036972
bot2,0.3,2,3.0923000000000004e-06,1.162e-11,-3.0951e-06,1.162e-11,3.0923000000000004e-06,112764.99774470004
bot2,0.4,2,3.9304000000000005e-06,1.6e-12,-3.933600000000001e-06,1.6e-12,3.9304000000000005e-06,126342.38787113076
bot2,0.5,2,4.675300000000001e-06,-3.853e-11,-4.6581e-06,3.853e-11,4.675300000000001e-06,144675.92592592593
bot2,0.6,2,5.3128e-06,4.606e-11,-5.316500000000001e-06,4.606e-11,5.3128e-06,165617.75422325276
bot2,0.7,2,5.882900000000001e-06,9.9e-13,-5.8876e-06,9.9e-13,5.882900000000001e-06,188146.75446848536
bot2,0.8,2,6.375800000000001e-06,-9.91e-12,-6.376500000000001e-06,9.91e-12,6.375800000000001e-06,220215.81149526528
bot2,0.9,2,6.791100000000001e-06,3.664e-11,-6.7913000000000005e-06,3.664e-11,6.791100000000001e-06,263921.87912377936
bot2,1.0,2,7.133600000000001e-06,1.04e-12,-7.133700000000001e-06,1.04e-12,7.133600000000001e-06,316255.53447185335
bot2,1.1,2,7.423500000000001e-06,-1.69e-12,-7.4211e-06,1.69e-12,7.423500000000001e-06,390091.67154281295
bot2,1.2,2,7.6463e-06,5.7160000000000006e-11,-7.649800000000001e-06,5.7160000000000006e-11,7.6463e-06,495662.949194547
bot2,1.3,2,7.827000000000001e-06,-2.163e-11,-7.826200000000001e-06,2.163e-11,7.827000000000001e-06,630914.8264984222
bot2,1.4,2,7.9633e-06,-2.0500000000000004e-12,-7.9647e-06,2.0500000000000004e-12,7.9633e-06,848896.4346349747
bot2,1.5,2,8.062600000000001e-06,1.0500000000000002e-12,-8.0608e-06,1.0500000000000002e-12,8.062600000000001e-06,1152073.732718886
bot2,1.6,2,8.136900000000002e-06,-6.234e-11,-8.1348e-06,6.234e-11,8.136900000000002e-06,1629991.8500407536
bot2,1.7,2,8.185300000000001e-06,1.028e-11,-8.1887e-06,1.028e-11,8.185300000000001e-06,2304147.465437817
bot2,1.8,2,8.2237e-06,2.03e-12,-8.2251e-06,2.03e-12,8.2237e-06,3289473.684210557
bot2,1.9,2,8.2461e-06,-1.832e-11,-8.2462e-06,1.832e-11,8.2461e-06,5235602.0942407325
bot2,2.0,2,8.261900000000001e-06,5.7670000000000006e-11,-8.264200000000001e-06,5.7670000000000006e-11,8.261900000000001e-06,6849315.06849323
bot2,2.1,2,8.2753e-06,4.0000000000000006e-14,-8.275200000000002e-06,4.0000000000000006e-14,8.2753e-06,8733624.45414871
bot2,2.2,2,8.2848e-06,-8.800000000000002e-13,-8.2824e-06,8.800000000000002e-13,8.2848e-06,14285714.28571409
bot2,2.3000000000000003,2,8.2893e-06,3.346e-11,-8.2892e-06,3.346e-11,8.2893e-06,20618556.701028906
bot2,2.4,2,8.294500000000002e-06,-4.7650000000000005e-11,-8.2953e-06,4.7650000000000005e-11,8.294500000000002e-06,19047619.04761721
bot2,2.5,2,8.299800000000001e-06,-3.05e-12,-8.299700000000001e-06,3.05e-12,8.299800000000001e-06,16393442.62295131
bot2,2.6,2,8.306700000000001e-06,1.1760000000000002e-11,-8.305900000000001e-06,1.1760000000000002e-11,8.306700000000001e-06,20202020.20202086
bot2,2.7,2,8.309700000000001e-06,-5.817e-11,-8.3116e-06,5.817e-11,8.309700000000001e-06,20408163.265307248
bot2,2.8000000000000003,2,8.3165e-06,-1.91e-12,-8.3154e-06,1.91e-12,8.3165e-06,17241379.310344767
bot2,2.9,2,8.321300000000001e-06,1.59e-12,-8.3219e-06,1.59e-12,8.321300000000001e-06,24691358.024688825
bot2,3.0,2,8.324600000000002e-06,-6.09e-11,-8.3233e-06,6.09e-11,8.324600000000002e-06,25641025.64102513
bot2,3.1,2,8.329100000000001e-06,1.15e-11,-8.329100000000001e-06,1.15e-11,8.329100000000001e-06,21505376.34408589
bot2,3.2,2,8.333900000000002e-06,2.47e-12,-8.332100000000001e-06,2.47e-12,8.333900000000002e-06,21276595.74468023
bot2,3.3000000000000003,2,8.338500000000002e-06,-1.826e-11,-8.339100000000001e-06,1.826e-11,8.338500000000002e-06,21978021.97802285
bot2,3.4,2,8.343000000000001e-06,1.286e-11,-8.340600000000001e-06,1.286e-11,8.343000000000001e-06,22727272.727275364
bot2,3.5,2,8.3473e-06,2.11e-12,-8.3459e-06,2.11e-12,8.3473e-06,31250000.00000596
bot2,3.6,2,8.3494e-06,-7.6e-12,-8.350100000000002e-06,7.6e-12,8.3494e-06,33333333.333335564
bot2,3.7,2,8.3533e-06,4.81e-11,-8.353200000000002e-06,4.81e-11,8.3533e-06,39215686.27450201
bot2,3.8,2,8.354500000000001e-06,1.4200000000000002e-12,-8.356300000000002e-06,1.4200000000000002e-12,8.354500000000001e-06,25641025.64102508
bot2,3.9,2,8.3611e-06,-7.200000000000003e-13,-8.360900000000002e-06,7.200000000000003e-13,8.3611e-06,17094017.094016716
bot2,4.0,2,8.366200000000001e-06,4.87e-11,-8.3664e-06,4.87e-11,8.366200000000001e-06,19417475.728154253
bot2,4.1,2,8.371400000000001e-06,-1.2060000000000002e-11,-8.3705e-06,1.2060000000000002e-11,8.371400000000001e-06,21978021.978022903
bot2,4.2,2,8.375300000000001e-06,-2.47e-12,-8.3728e-06,2.47e-12,8.375300000000001e-06,33333333.333335564
bot2,4.3,2,8.3774e-06,5.26e-11,-8.3768e-06,5.26e-11,8.3774e-06,32258064.51612884
bot2,4.4,2,8.381500000000001e-06,-2.052e-11,-8.3834e-06,2.052e-11,8.381500000000001e-06,24390243.902435955
bot2,4.5,2,8.385600000000002e-06,-3.1e-12,-8.3837e-06,3.1e-12,8.385600000000002e-06,25974025.97402619
bot2,4.6000000000000005,2,8.389200000000001e-06,4.0010000000000006e-11,-8.388000000000002e-06,4.0010000000000006e-11,8.389200000000001e-06,33898305.084749326
bot2,4.7,2,8.391500000000001e-06,-2.588e-11,-8.388500000000001e-06,2.588e-11,8.391500000000001e-06,30769230.769227345
bot2,4.8,2,8.395700000000002e-06,-2.44e-12,-8.398700000000001e-06,2.44e-12,8.395700000000002e-06,18181818.181817528
bot2,4.9,2,8.402500000000001e-06,3.253e-11,-8.4015e-06,3.253e-11,8.402500000000001e-06,20202020.20202086
bot2,5.0,2,8.405600000000001e-06,-4.775e-11,-8.4029e-06,4.775e-11,8.405600000000001e-06,32258064.516128697
bot2,0.0,3,9.47e-10,-8.800000000000002e-13,-6.1782e-10,8.800000000000002e-13,9.47e-10,45633.90745352301
bot2,0.1,3,2.1923e-06,-6.066e-11,-2.2048e-06,6.066e-11,2.1923e-06,46154.70179101011
bot2,0.2,3,4.334200000000001e-06,-4.291e-11,-4.3158e-06,4.291e-11,4.334200000000001e-06,47331.676724647965
bot2,0.3,3,6.417800000000001e-06,4.1940000000000006e-11,-6.4092e-06,4.1940000000000006e-11,6.417800000000001e-06,48605.035481675885
bot2,0.4,3,8.449000000000002e-06,3e-12,-8.4491e-06,3e-12,8.449000000000002e-06,49670.9300881659
bot2,0.5,3,1.04443e-05,-1.23e-12,-1.04482e-05,1.23e-12,1.04443e-05,51907.60446405399
bot2,0.6,3,1.2302e-05,-1.361e-11,-1.2254e-05,1.361e-11,1.2302e-05,54029.229813329046
bot2,0.7,3,1.4146e-05,6.19e-11,-1.4104e-05,6.19e-11,1.4146e-05,56529.11249293386
bot2,0.8,3,1.584e-05,-5.0710000000000005e-11,-1.5768000000000002e-05,5.0710000000000005e-11,1.584e-05,60938.45216331504
bot2,0.9,3,1.7428e-05,-7.700000000000002e-13,-1.7402e-05,7.700000000000002e-13,1.7428e-05,63734.86297004461
bot2,1.0,3,1.8978e-05,2.1000000000000003e-12,-1.8946e-05,2.1000000000000003e-12,1.8978e-05,67567.56756756754
bot2,1.1,3,2.0388e-05,-1.22e-12,-2.038e-05,1.22e-12,2.0388e-05,73855.24372230422
bot2,1.2,3,2.1686e-05,3.321e-11,-2.1712e-05,3.321e-11,2.1686e-05,78308.5356303837
bot2,1.3,3,2.2942e-05,-4.8420000000000006e-11,-2.2942e-05,4.8420000000000006e-11,2.2942e-05,81499.59250203766
bot2,1.4,3,2.414e-05,1.6870000000000002e-11,-2.4134e-05,1.6870000000000002e-11,2.414e-05,88028.16901408457
bot2,1.5,3,2.5214e-05,1.7200000000000001e-12,-2.5196e-05,1.7200000000000001e-12,2.5214e-05,98425.19685039368
bot2,1.6,3,2.6172e-05,-2.070000000000001e-12,-2.6192e-05,2.070000000000001e-12,2.6172e-05,107181.13612004272
bot2,1.7,3,2.708e-05,5.801e-11,-2.7074e-05,5.801e-11,2.708e-05,115340.25374855816
bot2,1.8,3,2.7906e-05,-5.6470000000000006e-11,-2.7902e-05,5.6470000000000006e-11,2.7906e-05,129533.67875647671
bot2,1.9,3,2.8624e-05,3.4220000000000006e-11,-2.8614e-05,3.4220000000000006e-11,2.8624e-05,148588.41010401183
bot2,2.0,3,2.9252e-05,1.9200000000000003e-12,-2.9248e-05,1.9200000000000003e-12,2.9252e-05,165837.4792703153
bot2,2.1,3,2.983e-05,-2.0500000000000004e-12,-2.9824e-05,2.0500000000000004e-12,2.983e-05,183486.23853211
bot2,2.2,3,3.0342e-05,3.4e-13,-3.0336e-05,3.4e-13,3.0342e-05,209643.60587002084
bot2,2.3000000000000003,3,3.0784e-05,-5.710000000000001e-12,-3.0778e-05,5.710000000000001e-12,3.0784e-05,242130.750605326
bot2,2.4,3,3.1168000000000004e-05,5.6060000000000005e-11,-3.1172e-05,5.6060000000000005e-11,3.1168000000000004e-05,280112.0448179267
bot2,2.5,3,3.1498e-05,-3.0350000000000004e-11,-3.1498e-05,3.0350000000000004e-11,3.1498e-05,336700.33670034003
bot2,2.6,3,3.1762e-05,4.42e-12,-3.1756e-05,4.42e-12,3.1762e-05,408163.2653061253
bot2,2.7,3,3.1988e-05,1.78e-12,-3.1996e-05,1.78e-12,3.1988e-05,487804.8780487754
bot2,2.8000000000000003,3,3.2172e-05,-4.1e-13,-3.2174e-05,4.1e-13,3.2172e-05,581395.348837205
bot2,2.9,3,3.2332e-05,5.857000000000001e-11,-3.2322e-05,5.857000000000001e-11,3.2332e-05,709219.8581560402
bot2,3.0,3,3.2454e-05,-5.288e-11,-3.2454e-05,5.288e-11,3.2454e-05,900900.900900906
bot2,3.1,3,3.2554e-05,2.149e-11,-3.2554e-05,2.149e-11,3.2554e-05,1123595.505617953
bot2,3.2,3,3.2632e-05,-1.4400000000000001e-12,-3.2630000000000004e-05,1.4400000000000001e-12,3.2632e-05,1388888.888888851
bot2,3.3000000000000003,3,3.2698000000000004e-05,-1.9000000000000002e-13,-3.2694e-05,1.9000000000000002e-13,3.2698000000000004e-05,1754385.96491229
bot2,3.4,3,3.2746e-05,1.5400000000000001e-12,-3.2748e-05,1.5400000000000001e-12,3.2746e-05,2040816.3265306505
bot2,3.5,3,3.2796e-05,-5.196000000000001e-11,-3.2792e-05,5.196000000000001e-11,3.2796e-05,2380952.3809523485
bot2,3.6,3,3.283e-05,4.872e-11,-3.2832e-05,4.872e-11,3.283e-05,2564102.564102513
bot2,3.7,3,3.2874000000000004e-05,1.7500000000000002e-12,-3.2872e-05,1.7500000000000002e-12,3.2874000000000004e-05,2564102.564102513
bot2,3.8,3,3.2908000000000004e-05,-1.31e-12,-3.2916e-05,1.31e-12,3.2908000000000004e-05,2777777.7777779577
bot2,3.9,3,3.2946e-05,8.800000000000002e-13,-3.295e-05,8.800000000000002e-13,3.2946e-05,2777777.7777779577
bot2,4.0,3,3.298e-05,-5.982e-11,-3.2976000000000004e-05,5.982e-11,3.298e-05,3225806.4516128767
bot2,4.1,3,3.3008e-05,5.375e-11,-3.3012e-05,5.375e-11,3.3008e-05,3124999.999999768
bot2,4.2,3,3.3044000000000004e-05,-2.286e-11,-3.3044000000000004e-05,2.286e-11,3.3044000000000004e-05,3030303.030302922
bot2,4.3,3,3.3074e-05,-4.1e-13,-3.307e-05,4.1e-13,3.3074e-05,3333333.3333335565
bot2,4.4,3,3.3104e-05,1.83e-12,-3.3098e-05,1.83e-12,3.3104e-05,3703703.703703952
bot2,4.5,3,3.3128e-05,-1.5700000000000002e-12,-3.313e-05,1.5700000000000002e-12,3.3128e-05,3703703.7037034873
bot2,4.6000000000000005,3,3.3158000000000003e-05,3.5230000000000004e-11,-3.3162e-05,3.5230000000000004e-11,3.3158000000000003e-05,3333333.33333318
bot2,4.7,3,3.3188e-05,-5.992e-11,-3.3186000000000004e-05,5.992e-11,3.3188e-05,3448275.8620690466
bot2,4.8,3,3.3216e-05,4e-11,-3.321e-05,4e-11,3.3216e-05,3571428.5714285225
bot2,4.9,3,3.3244e-05,1.83e-12,-3.324e-05,1.83e-12,3.3244e-05,3846153.846153936
bot2,5.0,3,3.3268e-05,-1.59e-12,-3.327e-05,1.59e-12,3.3268e-05,4166666.6666669273
bot2,0.0,4,9.544e-10,-4.37e-12,-7.3904e-10,4.37e-12,9.544e-10,32016.95002948121
bot2,0.1,4,3.1243000000000003e-06,6.027e-11,-3.1358e-06,6.027e-11,3.1243000000000003e-06,31925.189830371248
bot2,0.2,4,6.265600000000001e-06,5.135e-11,-6.270600000000001e-06,5.135e-11,6.265600000000001e-06,31772.761211813104
bot2,0.3,4,9.419e-06,-3.19e-11,-9.385e-06,3.19e-11,9.419e-06,32090.366471985108
bot2,0.4,4,1.2498e-05,-2e-12,-1.258e-05,2e-12,1.2498e-05,32149.17215881692
bot2,0.5,4,1.564e-05,-1.9400000000000002e-12,-1.5652000000000002e-05,1.9400000000000002e-12,1.564e-05,31847.13375796177
bot2,0.6,4,1.8778e-05,9.000000000000001e-13,-1.8786e-05,9.000000000000001e-13,1.8778e-05,32164.683177870706
bot2,0.7,4,2.1858e-05,-2.8100000000000003e-12,-2.1816e-05,2.8100000000000003e-12,2.1858e-05,32071.840923669035
bot2,0.8,4,2.5014e-05,3.548e-11,-2.499e-05,3.548e-11,2.5014e-05,33101.621979476986
bot2,0.9,4,2.79e-05,-4.589e-11,-2.8018e-05,4.589e-11,2.79e-05,33886.81802778719
bot2,1.0,4,3.0916e-05,1.354e-11,-3.0804e-05,1.354e-11,3.0916e-05,34734.28273706148
bot2,1.1,4,3.3658e-05,1.3000000000000001e-12,-3.363e-05,1.3000000000000001e-12,3.3658e-05,36456.43456069994
bot2,1.2,4,3.6402e-05,-2.09e-12,-3.6368e-05,2.09e-12,3.6402e-05,36954.915003695474
bot2,1.3,4,3.907e-05,4.440000000000001e-12,-3.9172e-05,4.440000000000001e-12,3.907e-05,37369.20777279526
bot2,1.4,4,4.1754e-05,-1.041e-11,-4.172e-05,1.041e-11,4.1754e-05,39108.33007430584
bot2,1.5,4,4.4184e-05,3.683e-11,-4.4202e-05,3.683e-11,4.4184e-05,41928.72117400415
bot2,1.6,4,4.6524e-05,-6e-12,-4.6498e-05,6e-12,4.6524e-05,43668.12227074234
bot2,1.7,4,4.8764e-05,-1.95e-12,-4.8776e-05,1.95e-12,4.8764e-05,45392.64639128462
bot2,1.8,4,5.093e-05,2.8800000000000002e-12,-5.0902e-05,2.8800000000000002e-12,5.093e-05,48146.364949446346
bot2,1.9,4,5.2918e-05,-1.13e-12,-5.2856e-05,1.13e-12,5.2918e-05,51361.06831022084
bot2,2.0,4,5.4824e-05,1.712e-11,-5.4776e-05,1.712e-11,5.4824e-05,54318.30526887565
bot2,2.1,4,5.66e-05,-5.979000000000001e-11,-5.660200000000001e-05,5.979000000000001e-11,5.66e-05,57306.59025787968
bot2,2.2,4,5.8314e-05,5.582000000000001e-11,-5.8312e-05,5.582000000000001e-11,5.8314e-05,59916.11743559021
bot2,2.3000000000000003,4,5.9938e-05,-2.365e-11,-5.9914e-05,2.365e-11,5.9938e-05,66445.18272425255
bot2,2.4,4,6.1324e-05,-2.4000000000000004e-13,-6.1326e-05,2.4000000000000004e-13,6.1324e-05,72780.20378457046
bot2,2.5,4,6.2686e-05,1.79e-12,-6.276e-05,1.79e-12,6.2686e-05,72046.10951008648
bot2,2.6,4,6.41e-05,-1.9200000000000003e-12,-6.4084e-05,1.9200000000000003e-12,6.41e-05,75815.01137225184
bot2,2.7,4,6.5324e-05,1.551e-11,-6.5338e-05,1.551e-11,6.5324e-05,83822.29673093048
bot2,2.8000000000000003,4,6.6486e-05,-5.546e-11,-6.648e-05,5.546e-11,6.6486e-05,88417.32979664003
bot2,2.9,4,6.7586e-05,5.974e-11,-6.7594e-05,5.974e-11,6.7586e-05,93632.95880149765
bot2,3.0,4,6.862200000000001e-05,-4.78e-12,-6.8594e-05,4.78e-12,6.862200000000001e-05,104275.28675703844
bot2,3.1,4,6.9504e-05,-3.07e-12,-6.9474e-05,3.07e-12,6.9504e-05,118343.19526627284
bot2,3.2,4,7.0312e-05,-4.9e-13,-7.0324e-05,4.9e-13,7.0312e-05,130890.0523560208
bot2,3.3000000000000003,4,7.103200000000001e-05,-2.5140000000000003e-11,-7.106e-05,2.5140000000000003e-11,7.103200000000001e-05,144508.67052023113
bot2,3.4,4,7.1696e-05,5.895e-11,-7.168200000000001e-05,5.895e-11,7.1696e-05,155763.2398753896
bot2,3.5,4,7.2316e-05,-1.832e-11,-7.230600000000002e-05,1.832e-11,7.2316e-05,173310.2253032916
bot2,3.6,4,7.285000000000002e-05,-1.22e-12,-7.2854e-05,1.22e-12,7.285000000000002e-05,198807.15705765487
bot2,3.7,4,7.3322e-05,1.1900000000000002e-12,-7.3318e-05,1.1900000000000002e-12,7.3322e-05,222222.2222222237
bot2,3.8,4,7.375e-05,-5.8700000000000014e-12,-7.3754e-05,5.8700000000000014e-12,7.375e-05,253807.10659898227
bot2,3.9,4,7.411e-05,4.4700000000000005e-11,-7.4098e-05,4.4700000000000005e-11,7.411e-05,291545.18950437283
bot2,4.0,4,7.4436e-05,-6.039000000000001e-11,-7.444e-05,6.039000000000001e-11,7.4436e-05,332225.9136212665
bot2,4.1,4,7.4712e-05,4.323e-11,-7.4688e-05,4.323e-11,7.4712e-05,395256.9169960492
bot2,4.2,4,7.4942e-05,4.6400000000000004e-12,-7.4934e-05,4.6400000000000004e-12,7.4942e-05,473933.64928909566
bot2,4.3,4,7.5134e-05,-1.7e-13,-7.5154e-05,1.7e-13,7.5134e-05,512820.5128205114
bot2,4.4,4,7.5332e-05,8.600000000000002e-13,-7.533e-05,8.600000000000002e-13,7.5332e-05,581395.3488372177
bot2,4.5,4,7.5478e-05,-1.8310000000000003e-11,-7.5488e-05,1.8310000000000003e-11,7.5478e-05,694444.4444444582
bot2,4.6000000000000005,4,7.562e-05,5.493e-11,-7.563e-05,5.493e-11,7.562e-05,724637.6811593976
bot2,4.7,4,7.5754e-05,-1.9860000000000003e-11,-7.5752e-05,1.9860000000000003e-11,7.5754e-05,799999.9999999778
bot2,4.8,4,7.587e-05,-1.9e-12,-7.587e-05,1.9e-12,7.587e-05,840336.1344538057
bot2,4.9,4,7.5992e-05,1.13e-12,-7.5992e-05,1.13e-12,7.5992e-05,892857.1428571306
bot2,5.0,4,7.6094e-05,-1.59e-12,-7.6082e-05,1.59e-12,7.6094e-05,980392.156862676
bot2,0.0,5,1.0663e-09,2.09e-12,-1.0147e-09,2.09e-12,1.0663e-09,28048.65218232397
bot2,0.1,5,3.5663000000000005e-06,-1.5430000000000002e-11,-3.608e-06,1.5430000000000002e-11,3.5663000000000005e-06,27393.38129613071
bot2,0.2,5,7.3021e-06,-8.600000000000002e-13,-7.258900000000002e-06,8.600000000000002e-13,7.3021e-06,26214.03761714397
bot2,0.3,5,1.11958e-05,5.903e-11,-1.1163200000000002e-05,5.903e-11,1.11958e-05,24875.93129267777
bot2,0.4,5,1.5342e-05,5.466e-11,-1.5218e-05,5.466e-11,1.5342e-05,24259.47939157225
bot2,0.5,5,1.944e-05,-1.103e-11,-1.9526e-05,1.103e-11,1.944e-05,23546.032493524835
bot2,0.6,5,2.3836e-05,-1.73e-12,-2.3706e-05,1.73e-12,2.3836e-05,22988.50574712644
bot2,0.7,5,2.814e-05,2.08e-12,-2.8146e-05,2.08e-12,2.814e-05,23348.12047630167
bot2,0.8,5,3.2402e-05,-8.500000000000002e-13,-3.2292e-05,8.500000000000002e-13,3.2402e-05,23430.17806935333
bot2,0.9,5,3.6676e-05,2.133e-11,-3.6628e-05,2.133e-11,3.6676e-05,23255.813953488352
bot2,1.0,5,4.1002000000000005e-05,-5.804000000000001e-11,-4.117e-05,5.804000000000001e-11,4.1002000000000005e-05,23364.485981308422
bot2,1.1,5,4.5236e-05,5.514e-11,-4.5444e-05,5.514e-11,4.5236e-05,23769.90729736154
bot2,1.2,5,4.9416e-05,-2.843e-11,-4.949e-05,2.843e-11,4.9416e-05,23832.22116301237
bot2,1.3,5,5.3628e-05,3.110000000000001e-12,-5.3562e-05,3.110000000000001e-12,5.3628e-05,24588.14851241704
bot2,1.4,5,5.755e-05,9.5e-13,-5.7584e-05,9.5e-13,5.755e-05,25188.91687657429
bot2,1.5,5,6.1568e-05,-3.213e-11,-6.156400000000001e-05,3.213e-11,6.1568e-05,24900.39840637452
bot2,1.6,5,6.5582e-05,5.997e-11,-6.539e-05,5.997e-11,6.5582e-05,26476.03918453797
bot2,1.7,5,6.9122e-05,-4.9000000000000005e-11,-6.9146e-05,4.9000000000000005e-11,6.9122e-05,27847.39626844889
bot2,1.8,5,7.2764e-05,1.5960000000000002e-11,-7.2738e-05,1.5960000000000002e-11,7.2764e-05,28546.959748786805
bot2,1.9,5,7.6128e-05,3.4100000000000002e-12,-7.6092e-05,3.4100000000000002e-12,7.6128e-05,29274.00468384072
bot2,2.0,5,7.9596e-05,-1.3900000000000001e-12,-7.9706e-05,1.3900000000000001e-12,7.9596e-05,28735.63218390804
bot2,2.1,5,8.3088e-05,2.8800000000000003e-11,-8.304e-05,2.8800000000000003e-11,8.3088e-05,29761.90476190477
bot2,2.2,5,8.6316e-05,-6.036e-11,-8.629e-05,6.036e-11,8.6316e-05,31959.09236177692
bot2,2.3000000000000003,5,8.9346e-05,4.167e-11,-8.9474e-05,4.167e-11,8.9346e-05,32948.929159802254
bot2,2.4,5,9.2386e-05,2.31e-12,-9.2362e-05,2.31e-12,9.2386e-05,34734.28273706147
bot2,2.5,5,9.5104e-05,-1.7200000000000001e-12,-9.5056e-05,1.7200000000000001e-12,9.5104e-05,36737.69287288763
bot2,2.6,5,9.783e-05,8.000000000000001e-14,-9.7924e-05,8.000000000000001e-14,9.783e-05,38895.37145079739
bot2,2.7,5,0.000100246,-1.446e-11,-0.000100508,1.446e-11,0.000100246,39714.05877680705
bot2,2.8000000000000003,5,0.000102866,5.3230000000000006e-11,-0.000102328,5.3230000000000006e-11,0.000102866,43047.78303917345
bot2,2.9,5,0.000104892,-2.38e-11,-0.000104788,2.38e-11,0.000104892,47281.32387706843
bot2,3.0,5,0.000107096,-2.9000000000000013e-13,-0.000106822,2.9000000000000013e-13,0.000107096,44603.0330062444
bot2,3.1,5,0.000109376,9.200000000000001e-13,-0.000109228,9.200000000000001e-13,0.000109376,48426.15012106538
bot2,3.2,5,0.000111226,-1.7560000000000002e-11,-0.000111388,1.7560000000000002e-11,0.000111226,48780.48780487804
bot2,3.3000000000000003,5,0.000113476,5.875e-11,-0.000113368,5.875e-11,0.000113476,49333.991119881546
bot2,3.4,5,0.00011528,-5.434e-11,-0.000115406,5.434e-11,0.00011528,60901.339829476085
bot2,3.5,5,0.00011676,-1.549e-11,-0.00011686,1.549e-11,0.00011676,60240.9638554217
bot2,3.6,5,0.0001186,5.3110000000000005e-11,-0.00011866,5.3110000000000005e-11,0.0001186,59523.80952380967
bot2,3.7,5,0.00012012,-3.576e-11,-0.00012038,3.576e-11,0.00012012,65789.47368421062
bot2,3.8,5,0.00012164,5.54e-12,-0.00012136,5.54e-12,0.00012164,74074.07407407367
bot2,3.9,5,0.00012282,1.8400000000000002e-12,-0.00012282,1.8400000000000002e-12,0.00012282,86956.52173913027
bot2,4.0,5,0.00012394,-2.74e-12,-0.00012408,2.74e-12,0.00012394,83333.33333333401
bot2,4.1,5,0.00012522,5.735000000000001e-11,-0.00012534,5.735000000000001e-11,0.00012522,84745.76271186456
bot2,4.2,5,0.0001263,-6.420000000000001e-11,-0.00012676,6.420000000000001e-11,0.0001263,69444.44444444451
bot2,4.3,5,0.0001281,4.2890000000000006e-11,-0.0001281,4.2890000000000006e-11,0.0001281,81967.2131147538
bot2,4.4,5,0.00012874,6.900000000000001e-13,-0.0001288,6.900000000000001e-13,0.00012874,129870.12987012866
bot2,4.5,5,0.00012964,-2.8e-12,-0.00012964,2.8e-12,0.00012964,105263.15789473738
bot2,4.6000000000000005,5,0.00013064,3.160000000000001e-12,-0.00013074,3.160000000000001e-12,0.00013064,111111.11111111184
bot2,4.7,5,0.00013144,-4.860000000000001e-12,-0.00013142,4.860000000000001e-12,0.00013144,147058.8235294112
bot2,4.8,5,0.000132,5.102e-11,-0.00013202,5.102e-11,0.000132,178571.4285714261
bot2,4.9,5,0.00013256,-5.6500000000000005e-11,-0.0001327,5.6500000000000005e-11,0.00013256,181818.18181818203
bot2,5.0,5,0.0001331,2.42e-11,-0.00013308,2.42e-11,0.0001331,185185.18518518747
